code,main_net_inflow,volume_ratio,turnover,float_market_cap,amplitude,total_market_cap,pe_ttm,pb,dividend_yield
000001.SZ,10585.960000000006,0.88,0.4683,2274.346282,0.012875536480686725,2274.37361304,5.2334,0.4858,5.1025
000002.SZ,-2137.25,3.76,3.6361,305.05455448,0.0791139240506329,374.62427829999996,,0.3666,
000006.SZ,-1113.8200000000015,2.18,3.3792,96.929641,0.09090909090909087,96.929641,,1.8407,
000007.SZ,-927.2399999999998,0.83,2.7426,44.553212800000004,0.03571428571428566,44.553212800000004,,24.9613,
000008.SZ,64.89000000000033,0.88,1.297,68.72231409999999,0.01984126984126977,68.72435581,,3.2215,
000009.SZ,-644.6099999999997,1.13,0.7607,182.12464935,0.03030303030303039,182.3504298,,1.8695,0.4243
000010.SZ,714.02,1.19,3.7626,15.416044560000001,0.06874999999999992,19.31415864,,7.7183,
000011.SZ,5259.91,1.57,2.1813,53.01608285,0.0,60.01509537,,1.812,
000012.SZ,-1152.58,1.3,0.9865,73.08250918,0.023746701846965663,113.48408624,,0.8974,1.8451
000014.SZ,-1242.33,2.19,8.4252,26.23780808,0.10218340611353711,26.23780808,,1.9036,
000016.SZ,11746.620000000003,1.93,10.4817,39.276207480000004,0.008163265306122455,59.23545684,,,
000017.SZ,-3929.820000000007,1.75,27.1669,49.4161462,0.08995633187772921,77.25762729,233.1154,19.605,
000019.SZ,368.5799999999999,1.17,8.8163,29.9670408,0.04508196721311476,82.98254159999999,46.3421,1.6723,2.0833
000020.SZ,-1637.9800000000002,0.72,7.4668,22.97177272,0.06345565749235474,35.90484016,121.6831,8.0233,
000021.SZ,9595.149999999994,0.92,4.0418,598.02304398,0.039817056766209225,598.10388306,48.7327,4.4908,0.4958
000025.SZ,-3381.5600000000004,1.04,5.4126,62.058971400000004,0.06096131301289562,68.1072114,47.4488,3.5633,0.6329
000026.SZ,-1031.0,0.77,2.1538,74.01731718,0.03537618335824618,82.41068871,78.2058,2.4385,1.9695
000027.SZ,-780.5999999999995,0.79,0.513,302.56999764,0.01740506329113929,302.56999764,13.1483,0.9037,2.3585
000028.SZ,6.8700000000000045,0.8,0.3205,104.69854681000001,0.008008008008008015,121.89332055999999,11.326,0.6458,1.6712
000029.SZ,-2530.959999999999,2.45,1.2555,196.967694,0.06953223767383053,223.475694,,6.252,
000030.SZ,536.27,0.97,0.7094,67.33358658,0.009852216748768483,69.30837927,11.8143,0.8306,3.7707
000031.SZ,788.4499999999998,2.55,1.9626,94.2987034,0.08849557522123883,94.2988926,,0.9564,
000032.SZ,2476.2000000000007,0.89,2.3314,179.72501847,0.04269972451790628,179.72501847,,2.4821,0.7598
000034.SZ,-2090.8300000000017,1.49,3.0615,205.49376759999998,0.030315614617940218,246.0509832,41.5197,2.153,0.7651
000035.SZ,1191.3200000000006,1.36,1.402,111.02998079999999,0.025423728813559344,114.6255696,40.0383,1.0585,0.7333
000036.SZ,2686.1899999999996,2.0,2.9417,56.820738600000006,0.06796116504854374,56.854657350000004,59.3403,1.1051,
000037.SZ,-737.29,0.72,3.6288,32.7046413,0.02540650406504065,58.166590899999996,28.7085,3.4659,
000039.SZ,-5655.009999999998,1.82,2.3529,208.73762397000002,0.07068607068607066,489.10159121000004,,1.0668,1.9405
000042.SZ,822.02,1.35,1.8229,57.4483003,0.05868814729574221,57.50789015,,1.7315,
001914.SZ,559.2500000000005,2.76,2.0799,93.25417575,0.056369785794813984,93.25421115,14.2297,0.8518,2.7264
000045.SZ,-392.94000000000005,0.79,1.6915,50.77512198,0.020683453237410113,56.27457198,67.0254,1.872,0.6391
000048.SZ,1706.6499999999996,1.32,2.8403,121.42206232000001,0.0757780784844384,121.62852231999999,,3.4938,3.1148
000049.SZ,-1620.4599999999996,1.01,1.5436,90.21188754,0.01657458563535914,90.23621556,22.5589,1.321,1.4066
000050.SZ,-318.90999999999985,1.03,0.7197,164.413395,0.023809523809523832,164.414853,,0.6224,
000055.SZ,-113.29999999999995,1.27,1.6173,24.398343840000003,0.016620498614958464,38.76685862,,0.6988,1.385
000056.SZ,249.8599999999999,1.16,2.6229,19.61101044,0.03846153846153849,25.66086194,,,
000058.SZ,-490.4599999999998,1.59,1.1799,68.73480314,0.0389972144846797,85.93780886,120.2304,4.2231,0.1791
000059.SZ,2086.029999999999,3.32,11.7657,92.44607140000001,0.0987432675044883,92.44778228,,0.9166,0.3114
000060.SZ,-2884.670000000002,0.91,2.7646,304.2154322,0.034632034632034535,304.22031625,21.9664,1.5023,1.0689
000061.SZ,87.13999999999942,0.89,1.9552,111.78573105,0.04037267080745338,123.66308276,28.3953,1.431,0.9606
000062.SZ,-3206.100000000006,2.73,5.8005,256.48904645,0.0414486921529174,256.77073315,41.4979,3.7215,2.3625
000063.SZ,37122.17000000001,1.42,1.9636,1376.6409261600002,0.03449301219149559,1635.01222882,49.3514,2.1699,1.8051
000065.SZ,-3291.58,0.53,2.746,106.92786743999999,0.024437927663734114,116.60879687999999,15.7474,1.0474,1.3589
000066.SZ,9458.720000000001,1.39,2.4822,470.61355182,0.04417952314165503,470.64408869000005,398.6065,4.154,
000068.SZ,-738.28,1.05,1.5705,32.31415515,0.0333333333333333,32.31415515,,5.7514,
000069.SZ,-329.6400000000003,2.82,1.4668,124.86469258000001,0.07103825136612016,145.48342161000002,,0.4568,
000070.SZ,-6158.700000000001,0.6,5.2823,134.93292749999998,0.040226272784412355,136.77188174999998,,12.8922,
000078.SZ,-1714.01,0.62,1.2754,38.13191005,0.0,38.151286400000004,,3.7288,
000088.SZ,-532.3200000000002,0.7,0.6075,143.59659978,0.011037527593818946,236.05654182,15.8335,1.3042,4.8018
000089.SZ,-363.1400000000001,0.79,0.6974,133.91524835,0.01371951219512193,133.91524835,14.1001,1.1124,1.8377
000090.SZ,-110.11999999999989,1.79,1.49,65.20925050999999,0.05586592178770954,65.21223445999999,,0.5902,2.8653
000096.SZ,345.21000000000004,0.95,1.23,42.0427904,0.018115942028985553,43.4544,24.9637,1.5675,0.9113
000099.SZ,-145.19999999999982,0.79,0.6691,106.51323473000001,0.015250544662309302,106.51323473000001,37.9618,1.9214,1.3693
000100.SZ,30987.14,1.52,2.616,1023.85249218,0.0362903225806451,1117.07257949,17.3417,1.7853,0.8847
000151.SZ,43.32999999999993,0.81,1.3592,31.316958990000003,0.015625000000000014,35.68717071,8.32,4.0444,
000153.SZ,-984.1,0.57,3.5368,29.172178470000002,0.021705426356589234,29.41459215,31.1516,1.3599,1.5801
000155.SZ,-1046.7700000000004,1.22,2.3169,231.87873848,0.029149797570850157,231.87873848,25.6923,2.0731,1.3535
000156.SZ,355.95000000000005,1.49,0.8357,121.03116408,0.034632034632034535,131.92879399999998,31.2166,0.8807,2.5281
000157.SZ,-10950.980000000001,1.36,1.0343,473.01092406000004,0.02052785923753674,578.58700488,13.7894,1.0044,4.4843
000158.SZ,-51.80999999999949,0.9,1.029,200.73922231999998,0.023790642347343436,201.74542753999998,1546.5842,3.8452,
000159.SZ,-848.3899999999999,0.85,1.9732,28.743976299999996,0.024711696869851786,28.7450228,100.8342,1.3968,
000166.SZ,1896.0300000000007,0.99,0.2793,1029.8726836100002,0.01091703056768555,1144.3254636499998,10.4471,0.9952,1.7724
000301.SZ,4083.3600000000006,1.96,0.9085,964.82246136,0.04539007092198586,965.23994062,22.7241,2.5481,
000333.SZ,21164.48999999999,1.23,0.3891,6040.0829449699995,0.021570219181259415,6692.74456611,15.0813,3.1602,4.5562
000338.SZ,-10974.819999999992,0.83,1.9796,1346.6518422499998,0.024963820549927688,2347.54793702,18.0743,2.4428,2.612
000400.SZ,-1045.1099999999997,0.75,0.9621,219.05115647999997,0.021967963386727705,219.81867075999997,23.159,1.7781,2.1828
000401.SZ,349.9000000000001,1.52,0.4671,94.20249826,0.03278688524590167,95.09006260000001,,0.3662,2.7955
000402.SZ,4498.529999999999,4.05,5.125,78.00421392,0.08627450980392165,78.01107039,,0.4017,
000403.SZ,670.7500000000005,0.73,0.8285,98.01914776,0.021718602455146407,99.03140908,36.9831,1.2292,2.5838
000404.SZ,-126.13999999999987,0.78,0.8616,49.063338,0.011235955056179785,49.2765168,10.096,1.1483,4.2373
000407.SZ,501.25,1.12,1.9156,37.30832172,0.023696682464454895,37.49160396,22.3274,1.2023,0.9859
000408.SZ,-385.2999999999993,0.86,0.7147,1229.8593773700002,0.02544303797468361,1229.87231172,21.6138,7.1518,1.2757
000409.SZ,-53.400000000000034,1.01,0.7156,52.31598754,0.019362186788154892,60.040977240000004,77.3148,3.6082,
000410.SZ,-555.4700000000003,1.16,0.8945,102.88715526,0.028846153846153744,138.2816106,,3.2987,
000411.SZ,-144.05999999999997,0.82,0.4877,55.35886538,0.011122345803842207,55.46818162,12.3835,1.005,3.6057
000415.SZ,-272.21000000000004,0.83,0.8974,239.44537716000002,0.022271714922048918,274.59274572,5.7001,0.8799,
000417.SZ,-291.0,0.83,1.9261,44.94988675,0.020725388601036288,44.999318339999995,90.4938,0.9452,1.9064
000419.SZ,452.18,1.22,1.4556,27.23349327,0.017786561264822108,27.23349327,24.0438,0.8063,2.994
000420.SZ,-754.0699999999997,0.97,2.1489,91.68690993,0.026455026455026363,91.71578759,280.3981,2.0632,
000421.SZ,-113.83999999999992,0.77,1.9364,33.418905599999995,0.017301038062283676,33.43099374,33.6881,1.2001,1.0339
000422.SZ,-234.5500000000029,1.51,3.3343,138.53370981999998,0.02741812642802737,141.16849406,19.3636,2.3039,1.5336
000423.SZ,-598.54,0.86,0.8142,303.95747277000004,0.016743407283382108,304.49357412,17.0602,2.9974,5.3698
000425.SZ,4878.439999999988,1.89,1.902,709.94889861,0.03522012578616367,924.01450845,14.9618,1.4313,2.2257
000426.SZ,-6357.830000000016,0.88,4.8226,707.40743675,0.05459355459355467,707.5908663,22.3101,6.1322,0.1757
000428.SZ,1090.4499999999998,1.29,6.2545,45.7497774,0.0615384615384614,45.7497774,,3.7319,
000429.SZ,-664.6399999999999,0.91,0.5196,172.43054576999998,0.018670649738610903,276.61364703000004,17.35,2.6145,3.9531
000430.SZ,-680.9200000000001,0.9,2.7447,25.90189935,0.018518518518518504,56.59351446,,3.1097,
000488.SZ,56.81,0.68,0.4536,32.45881313,0.015544041450777216,56.18181533,,36.0589,
000498.SZ,-407.56999999999994,0.66,0.5344,71.45284654,0.016096579476861182,76.5353906,3.9664,0.4245,4.1337
000501.SZ,370.77,1.06,1.0713,54.93301385,0.02194787379972567,54.98297805,37.5796,0.4996,4.0917
000503.SZ,120.67000000000007,0.86,0.9339,68.64440855000001,0.017167381974248816,68.64560025,,6.1419,
000504.SZ,-198.0,0.97,1.2777,26.988036800000003,0.02261904761904756,27.061894199999998,70.647,9.9586,
000505.SZ,-4716.74,0.95,12.9618,46.60306112,0.06539509536784748,51.17730112,,1.7829,0.2557
000506.SZ,-9228.96,0.78,10.5423,188.527521,0.05272981801213265,188.5906134,55.3114,20.9094,
000507.SZ,494.7999999999997,0.86,0.8096,45.92984405,0.009803921568627591,46.81450641,20.3346,0.5467,1.2574
000509.SZ,-956.0600000000002,0.64,1.6052,37.344743040000004,0.02266288951841362,37.3448544,,35.3114,
000510.SZ,138.09000000000015,0.97,7.2652,108.46854116,0.05809362662154527,115.89474132000001,,11.4909,
000513.SZ,-629.0700000000002,0.59,1.1676,149.91684038,0.017563527653213708,234.49629152000003,14.0051,1.7544,4.1996
000514.SZ,2484.12,6.24,7.0713,36.7884156,0.10071942446043164,36.7884156,,1.0147,
000516.SZ,-248.78999999999996,0.99,0.6844,90.61515924,0.014423076923077042,92.01865848,,2.8289,
000517.SZ,659.1000000000001,1.26,1.7999,55.07289943999999,0.0448430493273541,70.36468725,,1.5582,
000518.SZ,-141.40000000000055,0.82,4.1503,40.35779944,0.03092783505154642,40.35860304,,13.07,
000519.SZ,-804.5899999999992,0.91,1.7215,200.528496,0.018018018018018004,200.528496,167.6537,1.9317,
000520.SZ,-434.99,0.61,1.8702,42.40629865,0.0235294117647058,42.40629865,,9.4836,
000521.SZ,-267.69000000000005,1.17,0.6163,42.27645387,0.01237113402061866,49.74531471,97.1489,0.8467,6.8323
000523.SZ,-2665.209999999999,0.75,5.1087,60.48536997,0.04519774011299439,61.85528845,50.7283,3.1006,
000524.SZ,-73.37000000000035,0.7,2.0444,68.94387465,0.018645731108930277,68.96446494,89.6097,3.0095,0.7775
000525.SZ,-2996.0999999999995,1.0,3.2533,52.919776,0.03305785123966945,62.019877359999995,,2.3654,
000526.SZ,-119.70000000000073,1.1,4.8077,43.9977017,0.04911981828506522,44.13809042,16.596,3.5675,
000528.SZ,691.0500000000011,0.92,1.4885,159.55541306,0.012706480304955482,159.77704583,11.0758,0.8507,3.3558
000529.SZ,236.13,1.07,0.8263,28.83615064,0.019920318725099532,29.53979424,36.0718,0.9277,2.3715
000530.SZ,48.61999999999989,0.75,1.8626,31.26608007,0.021317829457364403,43.931371250000005,143.3902,1.3905,0.9597
000531.SZ,-397.71000000000004,1.69,1.0112,51.1276971,0.01748251748251742,58.526753060000004,17.8013,0.8453,2.4681
000532.SZ,-45.94,0.59,0.9742,38.88982604,0.015957446808510613,39.02097956,21.7604,2.3718,0.53
000533.SZ,-2464.879999999999,0.79,8.2497,80.33905152,0.028716216216216204,81.03271679999999,71.546,7.9385,
000534.SZ,1774.5100000000002,1.39,3.9749,119.25226740000001,0.06422413793103457,120.91585905,59.567,6.4661,0.1996
000536.SZ,1091.039999999999,1.27,3.9867,99.47097,0.03954802259886996,99.5771808,,18.4501,
000537.SZ,-344.2399999999998,1.01,0.7617,153.35655534,0.019788918205804678,153.35655534,32.2282,0.7718,3.3016
000538.SZ,1885.460000000001,1.65,0.5988,899.02431636,0.011599999999999966,899.08992414,17.2182,2.1943,4.3739
000539.SZ,-1670.7300000000014,1.43,2.3099,131.85796403999998,0.03018867924528288,270.9146544,1249.216,1.1906,0.3876
000541.SZ,-184.39999999999998,0.94,0.3857,60.910725150000005,0.01014198782961457,76.0210209,53.7032,1.1226,2.4242
000543.SZ,-2095.38,1.59,1.2108,164.34758925,0.010767160161507413,164.34758925,8.8992,0.9162,4.4
000544.SZ,139.14000000000004,0.81,0.3229,71.5418423,0.009549795361527886,71.5418423,6.9542,0.7599,3.5422
000545.SZ,-1557.68,0.45,1.7638,23.84675502,0.0,23.88136102,,3.7342,
000546.SZ,-63.23000000000002,0.8,1.4274,33.581190639999996,0.014403292181070016,37.48264806,,1.0237,
000547.SZ,674.2900000000009,0.9,2.3931,225.97302042,0.03036723163841806,227.30219226000003,,6.2122,
000548.SZ,277.66,0.94,1.1052,22.91400522,0.013015184381778849,22.91400522,79.7196,1.1116,1.0893
000550.SZ,-153.87999999999988,0.79,0.6589,83.9910384,0.023255813953488528,139.840668,11.7165,1.1689,4.3951
000551.SZ,155.6300000000001,0.65,1.7727,61.3202292,0.02955271565495216,61.367210459999995,19.5776,2.0037,0.6582
000552.SZ,1105.6599999999999,1.13,2.6567,102.45987125,0.029304029304029332,147.17495925,95.0523,0.8874,2.4727
000553.SZ,-59.169999999999845,0.86,0.3601,122.5691536,0.02272727272727271,131.16840434,,0.7438,
000554.SZ,-370.3799999999999,1.07,4.6632,24.001560639999997,0.03153153153153153,31.893319319999996,18.7114,2.6325,2.201
000555.SZ,-654.5200000000004,0.98,1.6309,105.87597534000001,0.033644859813084065,105.9691107,,1.9366,
000557.SZ,141.92999999999995,0.76,0.4927,54.23448264,0.015957446808510654,54.25153884,75.033,0.8496,1.3441
000558.SZ,563.9200000000001,1.54,4.506,48.06776027,0.040760869565217364,48.0880552,,4.6899,
000559.SZ,-423.96000000000004,0.9,0.7183,372.19147661,0.02617328519855604,372.31475954999996,35.325,4.5041,1.5973
000560.SZ,10298.410000000002,0.29,2.7321,67.9379549,0.0,68.3095232,,0.7298,0.1483
000561.SZ,360.65999999999997,0.7,0.7436,60.85779616000001,0.01797175866495503,67.73903471999999,,2.3902,
000563.SZ,-263.2800000000002,0.61,0.659,154.95330312000002,0.01639344262295076,154.95330312000002,10.7992,0.8196,2.6403
000564.SZ,-6297.199999999997,1.41,2.9417,227.93268045000002,0.057692307692307744,272.67675583,,1.9008,
000565.SZ,-91.92999999999938,3.63,10.0979,28.096774560000004,0.08006042296072512,28.096774560000004,207.3448,2.1893,0.2315
000566.SZ,-1584.090000000002,0.67,6.6669,64.18444725,0.029761904761904833,64.21957245,,,
000567.SZ,2710.8999999999996,2.38,4.1467,134.07500448,0.05135520684736096,134.47594336,8.4872,1.935,
000568.SZ,-10752.64,0.94,0.7113,1132.716277,0.0363335033146355,1133.3640779999998,15.0973,2.4782,7.7285
000570.SZ,-493.28999999999996,0.91,1.799,29.062717749999997,0.013358778625954082,36.907717749999996,44.7595,1.0423,0.1912
000571.SZ,-662.3800000000001,0.96,2.5272,50.14191952,0.036741214057508055,51.69035256,,,
000572.SZ,-287.94000000000005,0.99,2.361,63.226744350000004,0.032994923857867994,63.31850525,,4.1936,
000573.SZ,892.73,2.73,6.242,24.48006426,0.03906249999999998,24.70145922,195.9245,1.5379,1.292
000576.SZ,872.3099999999995,1.7,9.2546,35.78976225,0.047794117647058675,36.00450975,46.4167,2.1353,
000581.SZ,487.75,0.51,0.8879,143.53549280000001,0.011634349030470763,174.79483648000001,14.5334,0.873,5.5474
000582.SZ,373.40999999999985,0.82,1.3385,242.21405285999998,0.026978417266186955,282.66858935,26.5411,1.3754,1.0658
000586.SZ,168.05000000000018,0.98,5.8881,26.19303,0.05301379811183723,26.501279999999998,,8.4014,
000589.SZ,831.0400000000009,2.71,3.3669,68.24969294,0.029748283752860386,68.70404242000001,9.4123,0.7458,3.8318
000590.SZ,112.18999999999997,0.48,1.2373,22.546864199999998,0.029227557411273603,22.55818704,,4.2351,
000591.SZ,-604.1400000000003,1.2,0.9048,167.06534879999998,0.023094688221708924,167.12770412,26.2427,0.6896,2.6475
000592.SZ,-6750.5,1.17,12.0337,128.3111908,0.06419400855920117,129.4293136,,7.5941,
000593.SZ,-2409.04,0.68,3.3162,81.05300629999999,0.05612019443216967,81.0864691,343.6849,9.033,
000595.SZ,3011.55,0.81,2.6208,66.15593684000001,0.07155322862129147,66.15593684000001,,12.9075,
000596.SZ,-6298.520000000002,1.63,1.3301,374.72706,0.03152289669861548,484.77905999999996,23.6258,1.9476,6.5424
000597.SZ,-83.29999999999973,0.83,1.2777,69.05098129999999,0.025742574257425724,69.9194818,32.5576,1.2635,2.041
000598.SZ,-2772.6900000000005,1.89,1.0353,219.2952174,0.02638888888888894,219.32463945,10.6926,1.0942,2.5446
000599.SZ,-59.200000000000045,1.08,1.0495,39.36696922,0.027253668763102704,117.75805142000002,,1.9025,
000600.SZ,-5024.79,2.35,3.3982,82.51685313,0.03249999999999997,136.50484408,7.7636,1.1113,1.7231
000601.SZ,-1868.9299999999998,0.6,1.9842,64.2366522,0.016181229773462726,65.12199588,36.2385,1.5343,3.2616
000603.SZ,-24579.61,0.71,9.7934,245.81833668,0.06271054677377563,254.39171778000002,29.8435,6.7731,0.2712
000605.SZ,162.32000000000002,1.16,1.2504,21.335845300000003,0.025041736227045135,21.335845300000003,243.211,1.0053,0.3306
000607.SZ,1113.19,1.51,1.9111,33.89788226,0.05135135135135133,38.97784872,,3.2528,
000608.SZ,1128.9299999999994,1.15,4.5902,41.99462904,0.0460081190798376,54.59368824,,2.6966,
000609.SZ,-1197.77,1.17,2.0073,28.4317314,0.04875621890547265,29.2681659,,,
000610.SZ,447.3100000000002,1.26,3.2216,15.89654025,0.0585651537335286,15.980483249999999,,,
000612.SZ,404.4200000000019,1.21,3.22,134.7185322,0.036649214659685854,134.7185322,7.6308,1.6641,1.1504
000615.SZ,41.46999999999997,0.89,0.4435,30.62056837,0.0212121212121213,59.16600836999999,,3.5965,
000617.SZ,-14852.120000000003,0.55,0.8124,922.8717743000001,0.025675675675675608,922.8717743000001,18.2294,0.8622,1.6027
000619.SZ,77.71,1.29,1.6722,18.216,0.013916500994035665,22.323141279999998,,0.905,
000620.SZ,-25789.819999999992,0.98,9.1901,151.36466112,0.08284023668639048,190.246806,,5.1152,
000623.SZ,-297.25,1.13,1.2307,220.57751516,0.023630504833512228,221.47982807999998,7.0006,0.6924,2.6467
000625.SZ,-2282.2199999999993,1.28,0.458,584.47840591,0.008450704225352058,700.84242592,26.9409,0.9217,4.8805
000626.SZ,105.23000000000047,2.18,7.2595,44.42995768,0.07651434643995755,44.63382989,85.1247,1.9006,
000628.SZ,4237.579999999998,0.89,7.3294,93.94700381999999,0.060058187863674166,172.15923600000002,189.5017,7.7579,0.1125
000629.SZ,395.0100000000002,0.93,0.9355,285.21664308000004,0.019292604501607736,285.23209746,87.1208,2.2731,
000630.SZ,-6859.010000000009,0.85,2.5178,743.2382133899999,0.034023668639053185,894.4117490499999,22.5384,2.3499,2.1768
000631.SZ,-210.84999999999997,1.4,0.6211,68.31000297,0.030201342281879148,68.31000297,343.4181,1.236,
000632.SZ,-1443.6800000000003,1.38,5.8598,19.782968,0.05466970387243741,19.784582999999998,,,
000633.SZ,-61.22999999999999,1.14,1.5751,21.06532008,0.02578268876611412,21.06532008,392.5392,10.5177,
000636.SZ,-28385.359999999986,1.17,11.1475,641.217412,0.06600541027953118,641.2176914,157.6295,5.0676,0.2684
000637.SZ,-21.090000000000032,1.51,3.2591,15.53150418,0.030444964871194358,22.14669204,,4.6684,
000639.SZ,-2624.38,1.07,7.1391,17.810532300000002,0.06285714285714292,17.810562,,1.0021,
000650.SZ,-263.75,0.83,1.5649,72.69366468,0.025134649910233335,76.43662572,19.3642,1.1737,2.7473
000651.SZ,21505.579999999994,0.66,0.6869,2147.2718234999998,0.01230769230769241,2181.7475590999998,7.8288,1.4691,7.6798
000652.SZ,-270.75,1.04,0.7113,51.0377875,0.01694915254237277,51.07669,,0.9425,0.8667
000655.SZ,486.94000000000005,0.94,1.7804,43.578902639999995,0.038410596026489954,43.578902639999995,18.4335,1.2313,2.8689
000656.SZ,-4126.469999999999,1.45,4.0875,96.35612682,0.07751937984496131,134.47689132,0.3648,3.2211,
000657.SZ,-24974.570000000007,0.83,4.5833,956.3714160000001,0.039095266626722684,1499.3216952,53.3323,13.292,0.2432
000659.SZ,809.3799999999999,0.65,1.7575,37.156802250000005,0.02721088435374152,37.156802250000005,,54.4607,
000661.SZ,-3046.1500000000015,1.63,2.7896,292.5245484,0.0404373024236037,298.61025,,1.3323,3.4977
000663.SZ,-481.3899999999999,2.32,4.5009,18.50059248,0.026711185308848102,20.33570756,,2.2349,
000665.SZ,1224.1700000000005,1.92,2.3047,46.28077586,0.050761421319797,46.28198465,,1.5143,
000668.SZ,2484.71,1.73,3.9956,33.78832119,0.05859030837004398,33.78832119,124.9783,4.5921,
000669.SZ,204.13000000000005,0.68,0.7171,29.121496639999997,0.02582159624413132,29.121496639999997,41.4406,39.3766,
000670.SZ,994.8199999999997,0.63,3.6311,58.629775439999996,0.028612303290414774,59.723680079999994,,184.4823,
000672.SZ,3954.09,1.08,2.0693,141.3378639,0.02710215427380129,141.3378639,8.0542,1.4196,4.2497
000676.SZ,3479.100000000002,1.48,6.3053,86.74704987,0.05547226386806598,86.79947587999999,42.8746,2.0141,
000677.SZ,-535.7600000000002,0.92,4.5506,15.637999989999999,0.03243243243243246,15.637999989999999,,2.9727,
000678.SZ,301.73,0.64,2.4038,41.5948679,0.03160270880361187,41.5948679,,5.3503,
000679.SZ,75.49000000000001,0.77,1.1522,22.702679999999997,0.017432646592709895,22.702679999999997,,18.0453,
000680.SZ,2119.119999999999,1.56,1.7111,138.16135955000001,0.026974951830443267,157.66498725999998,11.9456,2.3637,1.1849
000681.SZ,2298.9799999999996,1.96,6.1662,116.29522,0.05868118572292794,120.4993128,85.8491,3.2882,0.1393
000682.SZ,-1764.6400000000003,1.0,0.711,153.63276000000002,0.013009540329575053,153.6473142,15.1757,2.4578,0.7155
000683.SZ,6747.390000000003,1.34,2.8198,207.99264934,0.04088050314465405,231.55860868000002,22.409,1.8771,4.8179
000685.SZ,-1295.9499999999998,1.25,1.4609,142.35965298,0.026269702276707593,167.61489162,6.3789,0.8651,3.7828
000686.SZ,488.34999999999945,0.85,0.8284,190.51286606,0.015970515970516064,190.51286606,10.6724,0.9323,2.7027
000688.SZ,-2242.6500000000015,1.13,2.6879,376.8501612,0.08063492063492073,376.8515286,31.3416,11.1325,
000690.SZ,-304.85000000000036,0.52,1.6617,106.54894180000001,0.01632653061224491,106.61850220000001,9.7041,0.8209,4.0816
000691.SZ,-721.5500000000002,0.7,1.8614,33.135175,0.03254437869822486,49.7027625,,11.0584,
000692.SZ,-721.56,1.0,3.4354,22.911819,0.018390804597701167,22.911819,,58.8005,
000695.SZ,3234.8900000000003,0.94,7.2896,33.38257055,0.05985205110961672,34.87869105,,10.0374,
000697.SZ,580.8899999999999,1.77,1.6158,57.53875313,0.06549707602339186,122.99537923000001,,3.7809,
000698.SZ,414.65,1.39,0.6172,29.22857568,0.024657534246575425,30.48593568,680.8513,2.0855,
000700.SZ,2107.3600000000006,1.04,4.3402,105.84717562,0.05173951828724353,105.84717562,20.9744,2.5532,1.882
000701.SZ,-678.79,0.99,1.7281,34.0550766,0.025193798449612382,34.0839681,6.9009,,
000702.SZ,-145.98000000000002,1.2,2.0917,19.96559424,0.027826086956521764,19.96559424,,6.149,
000703.SZ,30672.190000000002,1.11,3.4921,742.22650848,0.048742945100051276,745.96894144,12.5731,2.5021,0.2212
000705.SZ,-14.890000000000015,0.84,1.7215,20.3015016,0.019417475728155296,24.0568776,,1.2412,0.8333
000707.SZ,72.36000000000001,0.85,1.0794,25.93813956,0.021141649048625717,27.54018012,,1.0152,3.0589
000708.SZ,165.26999999999953,1.28,0.2983,693.98121375,0.015759312320916822,693.9843075,11.3391,1.5828,5.1434
000709.SZ,698.6300000000001,1.11,0.8686,219.11074287999998,0.018604651162790715,219.14696732000002,21.0415,0.4222,1.4151
000710.SZ,-916.52,0.46,5.7304,29.929044079999997,0.02547065337763017,31.5341178,,2.2174,
000711.SZ,-29047.440000000002,1.49,7.6226,138.82817760999998,0.09280000000000001,173.96099096999998,,23.827,
000712.SZ,12333.059999999998,6.6,27.4353,116.26628618000001,0.09661016949152547,116.3008,67.2697,4.3363,
000713.SZ,55.030000000000655,1.31,6.1114,39.8495735,0.05082212257100147,51.80444555,82.4316,1.6748,0.2371
000715.SZ,186.8699999999999,0.58,1.9171,27.66654959,0.02272727272727271,30.75073443,27.6153,1.5186,1.3519
000716.SZ,7339.049999999996,2.23,16.6099,43.18700684,0.07407407407407406,44.19429374,,1.7485,0.8525
000717.SZ,274.39,0.84,0.9042,55.987403009999994,0.03418803418803422,55.99083336,,0.8331,
000718.SZ,437.3099999999995,2.21,2.1974,45.641861999999996,0.07070707070707077,60.692728,,0.6612,3.5
000719.SZ,159.97000000000003,1.45,1.2535,80.12441475,0.044827586206896516,122.88676437,9.1062,1.0176,4.9958
000720.SZ,-1412.8199999999997,0.53,2.0296,48.250813439999995,0.0255754475703325,48.250813439999995,,2.5858,
000721.SZ,-4.900000000000091,0.62,2.9416,35.3528607,0.03021582733812949,39.600086700000006,,38.1439,
000722.SZ,-183.4000000000001,0.86,1.8589,60.06208402,0.02380952380952385,82.78874836,54.1447,2.1854,0.2803
000723.SZ,-2277.83,0.66,2.6117,171.41186399999998,0.035443037974683574,171.7365858,,1.4245,
000725.SZ,87155.71000000002,1.22,3.8971,2125.5647594099996,0.04560810810810804,2226.3641128,28.3334,1.6722,0.8404
000726.SZ,-34.77999999999997,0.93,0.7376,35.2423227,0.014950166112956789,48.88803088,10.0324,0.4949,3.3432
000727.SZ,-513.6500000000015,0.79,1.4525,104.63299769999999,0.02164502164502176,104.63299769999999,,6.2624,
000728.SZ,-755.6299999999992,0.66,0.8779,336.44727609,0.016883116883116868,336.44727609,12.3484,0.8712,3.1128
000729.SZ,-832.27,0.84,0.7898,286.09516379999997,0.028571428571428577,321.3134916,16.2662,1.9035,2.5439
000731.SZ,967.9799999999996,2.06,3.6521,36.60668753,0.05819295558958664,36.60668753,,0.9633,4.0971
000733.SZ,366.64000000000124,0.93,1.9475,229.28000058,0.03173828124999993,229.3153391,23.8884,1.4531,0.435
000735.SZ,-1776.6000000000004,0.83,5.3041,65.48606775,0.03583617747440272,65.52112384,,1.6448,0.3515
000736.SZ,4842.569999999996,3.74,11.9457,35.41246416,0.09188034188034201,35.41246416,,2.8866,
000737.SZ,-13674.850000000006,0.72,4.3718,289.30002094,0.03708523096942097,289.32643635,17.0235,3.6608,0.7242
000738.SZ,-137.21000000000004,1.14,1.1022,249.227368,0.025160599571734606,249.227368,102.6354,1.98,0.9077
000739.SZ,723.8999999999996,0.89,1.5339,251.04999896,0.040318799812470676,251.15057248,29.5469,3.8238,3.2349
000750.SZ,-929.8299999999999,0.87,0.7958,222.5742336,0.018181818181818254,245.2291008,25.8067,1.0692,1.0937
000751.SZ,-2195.2199999999993,0.64,3.8059,83.52807617,0.03207547169811336,83.52810202,119.1003,2.2761,
000752.SZ,-298.53,1.23,0.6678,22.4722242,0.022962112514351235,22.4722242,16.0294,3.5334,
000753.SZ,-787.6400000000001,0.8,1.3187,48.28512957,0.014170040485830015,48.28512957,69.464,1.7587,0.4107
000755.SZ,-109.81999999999996,0.97,0.2883,70.72435164,0.01656314699792962,70.72435164,15.0558,1.2925,4.1494
000756.SZ,322.44000000000005,0.68,1.2167,66.39998299,0.01414743112434857,92.72856054,43.0775,1.7591,1.8524
000757.SZ,-227.57999999999993,1.0,1.68,23.705866450000002,0.024336283185840586,23.705866450000002,65.8209,1.4711,
000758.SZ,-2938.419999999999,1.09,2.2283,126.67396262999999,0.02914110429447859,127.14477368,19.868,1.9519,0.721
000759.SZ,-4005.67,0.81,8.7335,40.129207199999996,0.055555555555555504,40.1490054,,7.6462,
000761.SZ,697.72,1.39,0.6877,87.14716735,0.04149377593360999,96.54716735000001,,1.8946,
000762.SZ,3981.6499999999996,1.07,3.2185,124.05470292,0.039779940753279786,124.05913344000001,274.7093,4.1505,0.2101
000766.SZ,819.6100000000006,1.03,1.492,159.90561216,0.02769416014449111,160.05153888,650.957,6.9058,
000767.SZ,-1292.4099999999999,0.98,2.2511,99.30760224000001,0.02028985507246372,104.92372902,60.7845,1.7336,
000768.SZ,-770.7800000000025,0.9,0.978,609.7005144000001,0.029005524861878573,610.62197796,64.1372,2.7261,0.5466
000776.SZ,7757.440000000002,1.28,1.3287,1288.26355726,0.0321978534764348,1707.3812881000001,9.0416,1.2359,2.2915
000777.SZ,279.0100000000002,0.72,1.1478,66.06168084,0.014509576320371444,66.06285248,42.5197,2.6146,1.1317
000778.SZ,-1900.6499999999996,0.8,1.0772,143.27900784,0.018867924528301962,145.84510863999998,15.9418,0.5563,0.5435
000779.SZ,-807.9500000000007,0.91,13.3471,45.03715293,0.04153686396677054,45.04197855,37.4763,1.1219,0.8256
000782.SZ,-2967.8199999999997,1.25,4.337,40.98363296,0.03374999999999995,53.278724399999994,,3.3818,
000783.SZ,-3124.5999999999913,0.84,2.1432,511.53174325000003,0.029315960912052068,511.53174325000003,9.9289,1.3861,1.6216
000785.SZ,1059.6099999999997,1.07,0.9245,140.82937104,0.039301310043668256,141.97671264,,0.7376,
000786.SZ,-7878.040000000001,1.9,2.4095,284.85101507999997,0.07005649717514116,286.9969896,12.2008,1.0493,5.0921
000788.SZ,113.7800000000002,0.79,2.9226,33.792485580000005,0.024221453287197176,33.792485580000005,88.3236,2.227,1.0582
000789.SZ,-17.539999999999992,1.27,0.5819,33.0929383,0.02600472813238778,33.0929383,,0.5247,3.44
000790.SZ,-941.19,1.17,2.7802,25.90193632,0.03087885985748216,25.946722880000003,,3.5934,
000791.SZ,-1239.38,0.96,0.7474,138.78483591,0.012430939226519439,232.58331366,11.256,1.5336,2.5105
000792.SZ,2090.4400000000023,0.86,1.101,1491.67895239,0.027836504580690723,1491.69428775,12.3783,3.1239,
000793.SZ,-241.87000000000012,1.3,0.4885,55.958767200000004,0.018779342723004713,92.27274,,3.479,
000795.SZ,-1584.0900000000001,0.57,1.6041,97.6717875,0.036529680365296836,97.67193625,41.5763,3.6978,2.9437
000796.SZ,891.6200000000008,0.83,5.464,57.089981519999995,0.03703703703703707,68.80254381,166.6814,7.7717,
000797.SZ,3352.170000000001,4.2,6.2957,39.5784648,0.10358565737051785,39.58300584,,0.925,
000798.SZ,2648.300000000001,2.27,12.9979,35.19344244,0.0543478260869566,35.19560694,35.2632,6.4482,
000799.SZ,-375.8199999999997,0.83,1.4563,126.3851275,0.015302218821729186,126.39738100000001,,3.4602,1.5424
000800.SZ,-770.3799999999999,1.32,0.3638,300.6507985,0.020900321543408342,300.69026299,29.7314,1.1395,0.8183
000801.SZ,2510.9300000000003,2.82,2.6908,127.703658,0.07215619694397281,127.75202736,62.6601,4.3785,0.8006
000802.SZ,1045.8300000000017,1.56,19.8201,29.0510864,0.0579345088161209,29.065552179999997,,4.9109,
000803.SZ,-264.3299999999999,1.16,2.0938,34.959622720000006,0.03452855245683928,35.06546672,63.9533,2.3209,
000807.SZ,-799.3800000000047,0.94,1.7901,940.15319333,0.027910392948953287,940.1632511399999,8.5698,2.4637,1.8443
000809.SZ,-99.99000000000001,1.11,1.2965,28.537778980000002,0.017492711370262405,28.537778980000002,,1.0714,
000810.SZ,522.7799999999997,1.58,2.1485,112.93397819999998,0.059609455292908536,116.16975560000002,40.2867,1.766,1.2775
000811.SZ,9648.229999999996,0.88,4.7256,408.66290064,0.07780548628428921,414.4588128,67.9902,6.3708,0.4606
000812.SZ,624.4,1.1,1.7786,28.05241187,0.027173913043478284,28.05988752,,1.864,0.7671
000813.SZ,-1053.2799999999997,1.11,1.9085,69.18938399999999,0.05187319884726229,69.2044815,,1.5118,
000815.SZ,1195.8099999999977,0.81,7.4764,115.3441317,0.047794117647058786,115.3441317,145.0242,8.1374,
000816.SZ,-1761.2099999999996,0.98,4.0241,42.321567540000004,0.03921568627450969,42.54219102,,2.1475,
000818.SZ,-1401.7000000000007,0.86,2.2357,82.40806728,0.02659145850120871,82.632,,3.7719,
000819.SZ,276.09000000000015,1.07,1.1591,45.64270647,0.029197080291970757,45.64270647,,2.1777,0.81
000820.SZ,26.960000000000036,0.73,5.3372,10.80959516,0.03030303030303039,23.53460928,,29.7456,
000821.SZ,27.319999999999936,0.81,0.9656,44.294601799999995,0.021828103683492514,46.0927352,81.2283,1.1045,0.9459
000822.SZ,-173.33999999999992,0.91,1.2395,40.368644689999996,0.019780219780219748,40.368644689999996,,1.1313,
000823.SZ,75.59000000000015,1.13,7.4299,94.11827404,0.05400130123617437,94.12186518,42.5687,1.6886,1.1411
000825.SZ,168.51999999999998,0.72,0.5513,201.07754734,0.025000000000000085,201.07754734,,0.614,
000826.SZ,-176.7199999999999,0.59,0.7528,27.36294528,0.020725388601036288,27.366783360000003,,,
000828.SZ,-1020.1299999999999,0.54,0.6331,106.2386374,0.01565557729941293,106.2386374,12.6245,1.0241,4.6477
000829.SZ,644.1999999999989,1.13,2.0693,91.76202112,0.044520547945205546,91.84900479999999,161.5637,3.1357,0.1116
000830.SZ,-4028.390000000003,1.28,2.5122,246.78149471999998,0.03245749613601236,246.7997424,22.0802,1.2626,2.7089
000831.SZ,23509.649999999994,0.95,3.4789,658.59362848,0.07195081422399466,658.59362848,265.7544,13.0091,
000833.SZ,-426.5699999999997,0.77,3.7258,96.09507905999999,0.030232558139534817,169.88103114,18.7024,3.8098,0.576
000837.SZ,-7.019999999999982,0.93,1.4147,103.7619425,0.030632411067193728,105.3840277,191.4923,2.126,0.2913
000838.SZ,64.0,0.85,3.7025,31.823730180000002,0.05033557046979863,33.23395844,,,
000839.SZ,621.3499999999995,1.07,1.589,109.36315656000001,0.024911032028469695,109.36315656000001,,8.9631,
000848.SZ,348.41000000000076,2.55,3.123,83.07247902,0.047289504036908896,83.84400821999999,12.578,2.5999,3.7554
000850.SZ,481.52,1.21,1.6334,40.65943664,0.04063205417607217,40.6719615,42.4916,0.8937,2.2461
000852.SZ,-50.99000000000001,0.63,1.1302,52.16921361,0.021857923497267777,52.47178398,,1.6667,
000856.SZ,118.21999999999997,0.62,2.4557,20.1576,0.021324354657687936,20.1576,94.03,4.7826,
000858.SZ,-18490.09999999999,1.11,0.6503,2766.35460018,0.009649000139840548,2766.4220216,21.1446,2.3349,11.6781
000859.SZ,-227.7400000000007,0.99,3.6513,80.1849116,0.023204419889502854,80.18987885,,2.9842,
000860.SZ,182.52999999999997,0.83,0.7937,77.9597117,0.024436090225563888,77.9597117,,1.148,1.4272
000862.SZ,-6.3699999999996635,0.78,1.512,33.03106946,0.01890359168241976,48.284417219999995,,1.0972,
000863.SZ,123.73000000000002,1.65,2.855,49.03867361,0.06293706293706304,49.70745316,,1.146,
000868.SZ,234.62999999999997,0.78,0.7743,33.7285526,0.016759776536312863,33.728581319999996,,4.1993,
000869.SZ,-81.41999999999999,0.6,0.2285,72.99092145,0.012399256044637279,105.42131653,402.2184,1.0258,2.5055
000875.SZ,-1179.829999999999,0.98,0.9894,165.11653106,0.024193548387096794,179.18717257999998,92.4699,1.0146,1.1538
000876.SZ,200.02000000000044,1.26,0.8857,319.5005893,0.019525801952580153,319.6971812,,1.778,0.3083
000877.SZ,18.079999999999927,1.32,0.2179,265.93233348,0.036649214659685896,265.93238958,,0.3689,
000878.SZ,-10522.599999999999,0.97,3.3621,348.02893295999996,0.04089635854341739,421.2544608,24.3705,2.2095,1.1415
000880.SZ,-236.26000000000022,0.85,3.1696,53.033460479999995,0.020727580372250507,108.35507967999999,37.7945,4.8719,0.8867
000881.SZ,-89.36999999999989,1.27,0.9189,60.18847794,0.015037593984962485,62.96536494,,1.2819,
000882.SZ,-680.5300000000002,1.04,2.1343,41.034541499999996,0.03289473684210529,41.060278499999995,,0.6489,
000883.SZ,-298.6299999999992,1.52,0.5657,288.33822615,0.02838427947598251,315.03274819999996,15.3839,0.8463,2.0632
000885.SZ,-188.6099999999999,0.77,0.6194,78.01251345,0.01140994295028515,78.01251345,6.4063,0.7956,2.93
000886.SZ,145.92999999999984,1.31,2.1871,46.34946906,0.034979423868312744,46.87046142,18.6018,1.4408,
000887.SZ,2242.4399999999987,0.8,2.5921,280.88099722000004,0.04439140811455846,281.33384889,19.3677,1.9048,0.9359
000888.SZ,-292.27999999999975,1.27,2.7215,54.37743192,0.020348837209302237,54.37743192,24.5695,2.0072,3.1977
000889.SZ,-237.24000000000024,0.68,3.2355,34.965939899999995,0.024875621890547178,37.63890624,31.2845,18.8961,
000890.SZ,12650.390000000005,3.27,28.4101,37.880037300000005,0.16279069767441864,37.88120217,,2472.6739,
000892.SZ,9060.75,1.38,7.5244,30.5643484,0.06905370843989758,42.1821615,,8.3424,
000893.SZ,3788.5,1.06,2.0975,388.69747336,0.049590163934426265,442.80533504,20.4266,3.0305,
000895.SZ,-861.3899999999994,2.15,0.5503,833.48945532,0.027744270205066396,833.59748472,16.3867,3.9886,5.8188
000897.SZ,192.4000000000001,2.02,3.2036,29.9189696,0.059139784946236486,29.9195357,,0.9959,5.1351
000898.SZ,-116.59999999999991,1.3,0.6615,163.92466480000002,0.03317535545023689,193.00595878000001,,0.4636,
000899.SZ,-902.9499999999998,0.66,0.7683,92.39668766,0.02176165803108817,92.39668766,11.1043,1.5202,3.4847
000900.SZ,477.23,0.95,0.892,55.54974516,0.01617250673854449,55.552519440000005,16.709,0.5065,4.0984
000901.SZ,-630.2800000000002,1.19,1.555,111.98651998999999,0.030434782608695646,111.98765642,685.2702,2.6483,
000902.SZ,-241.96000000000004,0.72,1.2168,163.4180262,0.03221384509938306,179.42699059999998,11.0625,1.4328,2.0979
000903.SZ,-81.16000000000008,0.91,0.6333,36.4849704,0.021164021164021184,36.7620436,,7.5642,
000905.SZ,-415.96000000000004,0.84,1.4879,65.05657036999999,0.027870680044593085,135.26040282999998,73.6523,1.4563,0.6033
000906.SZ,-465.06999999999994,1.06,1.9764,40.46283625,0.019031141868512166,40.805634000000005,15.2277,0.8327,3.4729
000908.SZ,107.34999999999991,0.77,1.3693,56.7454488,0.027607361963190143,113.4908976,,5.4315,
000909.SZ,15.88000000000011,1.42,1.0077,19.65320594,0.028953229398663672,19.65337207,,3.2502,
000910.SZ,-200.74,1.03,0.7797,30.0979305,0.012704174228675189,30.1068625,,0.4738,3.4545
000911.SZ,-1459.6099999999997,1.95,4.3634,20.736565640000002,0.10861423220973784,20.736565640000002,,,
000912.SZ,-203.3299999999981,3.52,13.1437,72.7552,0.13532110091743116,72.7552,1254.1418,1.1443,
000913.SZ,148.98000000000002,1.23,0.9855,59.23969753000001,0.017361111111111206,59.95821289999999,7.411,1.1539,7.9045
000915.SZ,-630.7,0.8,1.1501,58.78826019,0.02715654952076676,58.84063965,13.9755,2.2496,9.9562
000917.SZ,9368.220000000001,5.66,7.5561,106.73469281999999,0.0950354609929078,106.74199691999999,258.1298,1.0372,0.2656
000919.SZ,-820.9299999999998,0.92,2.5659,41.7794496,0.026277372262773813,41.79333312,74.6796,1.1098,1.4924
000920.SZ,-586.8399999999999,1.04,1.3688,55.293954299999996,0.027610008628127722,55.2966804,24.1695,2.7327,1.7692
000921.SZ,-754.4499999999998,0.82,0.5935,242.30300867,0.019615239532251964,363.24906653,13.1231,2.0808,4.6855
000922.SZ,-687.7799999999997,0.9,1.0847,84.9439686,0.01149425287356312,100.4948551,32.6924,2.1292,0.7679
000923.SZ,3544.25,1.05,3.3113,105.11069436000001,0.04970059880239532,109.2668346,62.068,1.1239,2.9869
000925.SZ,2698.579999999998,1.51,13.7297,62.88698925,0.08102345415778249,63.37585026,,1.959,
000926.SZ,-1143.8199999999997,1.81,4.3467,34.76792111,0.06956521739130442,35.20451987,,1.1618,
000927.SZ,-880.31,0.76,0.653,151.25876499999998,0.01587301587301571,151.25884250000001,28.7671,1.5496,1.08
000928.SZ,-1178.0299999999997,2.19,2.7972,78.76102779,0.041431261770244775,78.76199403,17.1587,0.928,5.4463
000929.SZ,42.710000000000036,1.14,1.4157,17.36828885,0.04004329004328996,17.369121,,5.1141,
000930.SZ,-1333.42,1.24,1.7652,92.2582591,0.03891050583657591,92.26518728,,0.8947,
000931.SZ,324.60000000000036,0.76,13.6777,37.100857299999994,0.11174242424242421,37.2044738,,2.339,
000932.SZ,-2718.199999999997,1.64,2.1111,248.74971395999998,0.03978779840848804,248.74971395999998,22.8698,0.455,2.7604
000933.SZ,2103.159999999996,0.91,1.6732,617.6320986,0.03225806451612893,618.0264091199999,8.98,2.2328,1.8073
000935.SZ,2497.75,1.8,0.7842,177.80524587000002,0.03976058144506198,177.80524587000002,124.6697,2.2955,
000936.SZ,-156.39000000000033,0.59,2.1682,50.31839864,0.021015761821366042,50.32553272,,1.0258,0.7042
000937.SZ,-687.8600000000006,1.5,1.5882,203.943609,0.03795066413662243,209.892681,39.7154,1.0956,10.101
000938.SZ,102292.87,2.02,9.3369,1113.99831665,0.1284480356645305,1114.00112105,39.6219,6.2339,0.1926
000948.SZ,-3012.1099999999997,0.96,2.771,56.06838776,0.04192872117400417,56.18297608,102.6317,2.0548,0.6305
000949.SZ,-5605.240000000002,1.61,4.6495,124.40326265,0.05555555555555557,124.43318249,25.9362,1.7765,
000950.SZ,-1628.7300000000005,0.95,1.9063,93.00385083,0.025089605734766967,93.00385083,25.9135,0.7923,0.5575
000951.SZ,417.7600000000002,0.85,1.5203,250.398729,0.03884826325411341,250.398729,12.7114,1.5128,3.3613
000952.SZ,210.29000000000002,0.96,1.628,22.703637,0.01969696969696968,22.7039934,,3.7987,
000953.SZ,-180.57000000000005,0.75,1.7951,22.99247416,0.022292993630573195,22.99247416,660.8797,14.8727,
000955.SZ,67.29999999999995,0.89,1.595,23.201285990000002,0.025641025641025716,23.2048245,,3.5936,
000957.SZ,449.25999999999976,1.65,2.3028,60.06116507,0.03033268101761257,60.06116507,13.2881,1.778,1.2725
000958.SZ,-1265.3199999999997,1.36,0.2573,283.70615495000004,0.015065913370997963,965.2808622300001,31.2808,1.8976,0.9983
000959.SZ,-913.1799999999994,1.17,0.5917,280.18043824,0.035040431266846334,291.58677424,32.9421,0.5794,0.5865
000960.SZ,-10893.43,0.75,2.0984,595.4818408,0.04824924179762889,595.4818408,24.7299,2.7739,0.8015
000962.SZ,-5515.659999999996,0.89,4.9805,285.66568269000004,0.04071379071379062,299.50205508,127.0193,7.4468,0.2141
000963.SZ,-6431.000000000002,0.91,0.8601,477.87137106,0.014461315979754107,478.06867894000004,13.816,1.8791,3.4122
000965.SZ,12210.82,8.71,12.1232,40.17587858,0.07598784194528875,40.17587858,,0.732,0.2762
000966.SZ,-540.4000000000001,0.81,0.7463,139.937607,0.019704433497536856,139.937607,1170.4372,1.0333,1.791
000967.SZ,8479.669999999998,1.04,1.9984,288.42373274,0.06482593037214876,288.55432651,44.7858,1.5439,2.0743
000968.SZ,-879.1200000000008,0.85,2.5664,71.01469818,0.035182679296346386,71.01469818,23.7734,1.1102,0.4087
000969.SZ,2018.5600000000013,2.31,4.239,187.44676527,0.0421721548238013,189.19854394,44.9115,3.2394,1.1107
000970.SZ,-2304.620000000001,1.0,2.2357,148.19697502,0.026272577996715805,148.19697502,153.5112,2.2661,0.1624
000972.SZ,-837.8199999999998,0.98,1.7806,29.54016188,0.020887728459530044,29.54016188,,,
000973.SZ,-8982.54,1.06,4.7252,132.63979572,0.039940828402366804,322.27484448,33.5644,3.4004,0.1051
000975.SZ,-9191.970000000001,1.33,3.0332,664.8670998,0.044672281215672,730.5609699,19.2638,4.5889,1.3873
000977.SZ,165681.41000000003,2.32,7.9533,1249.5187932600002,0.11376549586776863,1250.84845306,27.3952,5.0983,0.1883
000978.SZ,283.49000000000024,1.96,3.0123,29.585285119999998,0.030844155844155764,29.585815999999998,322.9212,2.7427,
000980.SZ,493.5500000000002,0.66,1.4943,85.21801002,0.023529411764705903,85.21905613,,43.6799,
000981.SZ,696.6700000000001,0.73,1.6738,254.95794347999998,0.02222222222222224,267.93222012,31.8503,9.2756,
000983.SZ,-3749.9300000000076,1.4,2.1284,421.23872756000003,0.02560646900269535,421.24090162000005,29.5805,1.1328,3.4501
000985.SZ,139.49000000000007,1.07,2.3108,22.038715,0.03947368421052633,22.038715,1018.8858,3.6151,0.3824
000987.SZ,-1140.1900000000005,1.25,0.7037,383.96114616,0.02316602316602313,384.31234950000004,8.0547,1.1338,3.3819
000988.SZ,-6934.479999999981,0.83,3.4853,1052.72252075,0.037986981443699705,1053.264183,60.3367,8.8081,0.1909
000989.SZ,-1906.27,0.73,2.5595,65.3482767,0.025164113785558034,76.17884690000001,23.154,2.0712,3.3327
000990.SZ,-2499.84,1.32,2.819,114.15941074999999,0.03443113772455083,114.15941074999999,59.236,0.6335,0.5323
000993.SZ,-65.61000000000001,0.81,0.7847,45.38299365,0.012096774193548309,45.38299365,265.3471,1.7981,
000995.SZ,-273.12,0.54,3.0147,19.6568064,0.016057091882247965,19.6568064,865.4383,12.7987,
000997.SZ,-564.8199999999979,0.49,2.2637,206.42433306,0.028278888347147646,207.58375970999998,18.7813,2.6995,1.0657
000998.SZ,-2145.3099999999977,1.08,5.2128,119.14357530000001,0.048648648648648575,133.13198880000002,233.5787,2.014,0.4415
000999.SZ,1047.7700000000004,0.84,0.5086,407.327396,0.011890118901188977,407.733361,12.4441,1.7858,2.8447
001201.SZ,363.59000000000015,2.5,3.1407,26.64842796,0.05254648342764757,32.3261136,,1.173,
001202.SZ,-106.27999999999997,1.12,2.4424,16.822656,0.03621169916434538,24.003532800000002,39.3194,2.7302,
001203.SZ,289.3899999999994,0.58,1.1543,368.14972933999996,0.03005657708627998,432.17536476,66.2323,6.0039,0.6835
001205.SZ,67.08999999999992,2.29,3.3234,24.82280913,0.04857737682165158,28.03132185,22.0705,1.2917,0.7939
001206.SZ,-86.96999999999997,0.67,2.1625,17.739507,0.019417475728155355,30.6923874,22.5769,1.6717,3.6605
001207.SZ,1340.4300000000003,1.72,2.1703,51.03329424,0.04497041420118332,52.86723232,17.9093,2.189,2.3492
001208.SZ,204.95000000000005,0.74,2.4845,44.973325069999994,0.030281182408074977,90.07125555,86.697,3.0762,0.3679
001209.SZ,-353.0,1.07,2.3065,17.735357699999998,0.036772777167947406,24.26593815,95.6808,1.8825,1.0599
001210.SZ,403.1400000000003,0.76,5.3272,39.385554479999996,0.0627865961199295,64.80755856,47.8,4.5529,0.6856
001211.SZ,19.740000000000236,0.97,3.1501,22.345619940000002,0.04268032437046521,23.94,,2.7667,0.6266
001212.SZ,806.8599999999997,1.55,2.4526,63.18311472,0.06377929397804802,70.29566808,,3.6722,0.1807
001213.SZ,-214.26,1.15,0.1751,157.33333176,0.014005602240896434,157.33333176,54.5517,0.8197,2.2881
001215.SZ,300.3799999999999,1.7,2.5681,29.53560768,0.03873015873015869,29.614489919999997,49.5688,1.5858,
001216.SZ,-258.41,0.83,0.7819,36.60580846,0.010026737967914461,43.297415889999996,21.2803,1.7265,2.3269
001217.SZ,596.9,2.23,2.4533,35.65078895,0.052732502396931995,36.007895,,1.6533,0.9217
001218.SZ,-248.82000000000005,1.12,1.6458,29.551486479999998,0.02419024190241902,33.13494844,12.6816,1.3637,2.0037
001219.SZ,-3.8899999999999864,1.21,1.176,24.421359,0.016496465043204955,25.03591992,22.4026,2.3238,3.1153
001220.SZ,380.3699999999999,1.36,5.6696,7.4616465,0.0334374999999999,29.846586,23.0036,1.9321,
001221.SZ,7152.119999999999,2.94,9.5532,31.724083919999998,0.09328358208955223,165.084127,22.6024,5.4295,0.8723
001222.SZ,283.90999999999997,0.88,2.5478,16.39611137,0.02773925104022194,27.698139,33.936,1.9358,1.0202
001223.SZ,427.5799999999999,1.36,2.7291,28.68813584,0.08373509261608722,53.68860224,,2.8328,0.1863
001225.SZ,-378.01,0.61,1.5934,30.2779053,0.034578441835645776,30.8838468,110.665,2.2329,2.5587
001226.SZ,-564.6999999999998,2.24,3.848,17.2004283,0.08821607492920927,36.176016149999995,139.116,4.8193,0.8256
001227.SZ,59.61000000000013,0.55,1.0816,90.24014916,0.01395348837209314,121.88791794000001,6.8489,0.3928,4.7214
001228.SZ,38.680000000000064,0.72,2.08,23.32844966,0.022502557108762367,30.33884966,30.0669,1.7737,1.964
001229.SZ,-849.96,0.94,5.397,28.925220640000003,0.03517964071856279,56.25406962,103.0172,5.6302,1.0666
001230.SZ,-5387.9299999999985,1.02,11.7485,23.3707925,0.0611702127659574,39.90250625,22.0127,1.9759,1.4326
001231.SZ,113.44999999999993,1.36,3.9073,11.35453412,0.026256224535989057,22.20861488,30.8186,2.1255,0.6738
001232.SZ,-1596.7200000000084,0.89,15.05,76.5568167,0.052854122621564484,962.1188080000001,55.2007,11.6828,
001233.SZ,604.28,0.83,2.5579,17.351797310000002,0.019020550940096293,85.56631533,21.2566,1.7639,
001234.SZ,110.91000000000003,0.81,1.2528,21.35663195,0.025607638888888885,25.33395368,62.2831,2.746,1.2957
001236.SZ,-313.29999999999995,0.75,1.7854,60.418800659999995,0.02860696517412941,80.31989066,250.9397,4.2832,0.1255
001237.SZ,19.90000000000009,0.82,2.8392,18.093749600000002,0.012329031015218659,77.00921174,20.9041,2.2614,
001238.SZ,-175.59,1.01,0.4281,35.9340233,0.026508972267536648,38.3370708,188.3122,3.2813,
001239.SZ,96.69000000000001,0.88,1.0347,13.8624,0.015663643858202906,29.184,,2.1499,
001248.SZ,-4593.1900000000005,0.6,3.0346,130.35694626,0.005654281098546064,1634.56190283,34.6846,1.4155,
001255.SZ,-82.91000000000003,0.96,1.4886,21.0407605,0.026666666666666755,23.7097345,303.194,2.5696,0.1325
001256.SZ,830.1699999999998,1.13,3.7678,25.19929982,0.042376583660987434,33.61378982,13.8372,2.4122,0.8441
001257.SZ,-3899.499999999999,0.45,8.1042,34.730012800000004,0.025125628140703463,465.59712288,47.2484,6.0501,
001258.SZ,8022.649999999994,1.01,14.1902,123.19845120000001,0.11578947368421046,123.1999956,82.601,3.9872,0.1288
001259.SZ,321.05,0.98,2.0528,22.821360000000002,0.06543075245365322,35.322672,326.7693,4.9019,0.3293
001260.SZ,-285.98,0.72,4.4356,10.6087625,0.043046357615893906,21.1715,93.77,2.6112,0.6844
001266.SZ,-286.82000000000005,1.37,4.4661,20.049292480000002,0.05079365079365074,35.73907168,83.849,3.7092,0.8628
001267.SZ,-5552.260000000002,0.62,4.1832,239.04103248,0.05564102564102569,308.34670375999997,397.0577,18.9764,0.1272
001268.SZ,0.38999999999987267,0.56,7.1792,24.45230592,0.04261913986826817,39.06213984,,3.9963,1.2318
001269.SZ,-45.53000000000003,1.1,0.867,37.7128304,0.018974358974359024,37.7128304,,5.8951,
001270.SZ,417.4900000000016,1.02,2.9075,208.6945627,0.0691073219658977,210.0310831,153.5631,13.2761,
001277.SZ,161.44999999999982,1.17,17.446,14.59966916,0.07359307359307361,24.2288,26.0357,1.5359,1.7369
001278.SZ,1.4300000000000068,1.02,2.3499,14.184904079999999,0.04061538461538462,20.56449108,,1.8577,0.6017
001279.SZ,483.47,2.47,3.9578,10.404,0.04647499015360377,41.616,123.9983,4.14,0.7209
001280.SZ,-1391.3199999999997,0.63,3.5146,119.36802782999999,0.03764774551291403,1421.04771478,76.0785,8.2068,
001282.SZ,1.8100000000000591,1.8,2.4912,24.63489736,0.05045278137128068,35.838537280000004,46.0376,2.175,0.8768
001283.SZ,587.2700000000004,1.02,4.0345,49.1144775,0.042118975249674284,61.5980475,26.8638,1.6974,0.5798
001285.SZ,-642.2400000000001,0.62,3.8572,18.3208372,0.017078651685393215,79.7040833,21.1479,2.0575,
001286.SZ,634.4199999999992,1.01,1.8063,129.195,0.015560165975103771,358.875,11.8684,1.352,4.2842
001287.SZ,-292.1999999999989,1.0,2.1959,177.13271330999999,0.041012216404886614,177.13271330999999,28.7379,3.0462,0.4805
001288.SZ,5463.509999999998,2.83,11.2952,44.6810366,0.03794799718903731,68.77333938,42.9619,3.0167,0.6101
001289.SZ,-388.7500000000002,1.03,0.1078,764.86141814,0.018300653594771316,1268.18411754,35.7826,1.6456,2.1608
001296.SZ,129.33000000000015,2.77,7.0758,16.87681552,0.06459689534301448,31.17478524,29.5986,1.7111,2.8277
001298.SZ,9915.650000000001,5.16,7.8479,77.93933122,0.12022471910112342,82.7399282,44.0345,4.742,0.1485
001299.SZ,-69.88999999999999,0.9,1.8522,28.23377,0.04396728016359915,31.42152,34.1145,2.7995,5.8117
001300.SZ,104.96000000000004,0.86,1.5915,29.27748559,0.05826086956521739,29.27748559,,3.0894,0.0828
001301.SZ,-1347.659999999999,0.87,1.8417,151.52280842,0.02344944774851309,212.38940367,24.5175,2.952,0.9783
001306.SZ,-267.18,1.45,4.0401,8.4599,0.03040540540540549,34.3458295,,2.7329,0.2942
001308.SZ,124.08000000000004,1.06,0.3215,96.23686725,0.018242122719734567,128.49666225,29.4728,1.6448,2.9522
001309.SZ,40199.62000000005,0.92,8.1041,720.3520215,0.05085891429503763,990.1692585000001,14.5114,10.1267,0.049
001311.SZ,-28.049999999999955,1.11,2.4718,31.900296179999998,0.030582804385458812,70.80233233999999,28.8342,1.4779,2.2603
001312.SZ,150.88,0.86,2.0436,10.071644860000001,0.01135718341851217,41.11334508,18.2456,1.7501,
001313.SZ,422.1199999999999,1.15,2.241,57.399812710000006,0.021978021978021945,57.47,92.6684,2.2017,1.3702
001314.SZ,294.92999999999984,1.19,3.4611,66.03329074,0.07002967359050444,75.8742674,30.3902,3.3787,0.1678
001316.SZ,826.79,0.9,2.2095,41.3662368,0.03201787043931495,44.33555616,20.2909,3.2662,1.5808
001317.SZ,998.2300000000005,0.77,5.4609,46.786968,0.056740289413556674,46.82160576,694.5257,4.5992,0.171
001318.SZ,-505.14999999999986,1.02,1.9603,33.042953999999995,0.02721088435374152,33.042953999999995,36.3011,2.294,1.5398
001319.SZ,-113.11000000000013,1.15,3.5438,16.605020250000003,0.04181360201511326,28.6335,20.8766,2.0649,1.9259
001322.SZ,-8.960000000000036,1.46,0.8418,52.8716876,0.033082706766917255,64.98574144,,1.4017,1.9359
001323.SZ,-389.65999999999997,1.16,0.9844,60.506611199999995,0.049630411826821416,84.57968808000001,23.2786,1.9979,6.953
001324.SZ,-1044.8700000000001,0.89,4.3707,26.772,0.08927680798005001,26.772,92.3667,2.3222,0.6821
001325.SZ,166.30000000000018,0.42,5.3726,7.84,0.024843161856963662,31.36,23.0259,1.7337,
001326.SZ,1670.0400000000009,1.59,14.0429,17.7247674,0.11163199531204225,54.0216,188.4902,4.3886,0.3794
001328.SZ,-71.03999999999996,1.76,1.3058,46.056973119999995,0.041139240506329174,49.035098239999996,24.853,3.3282,2.6334
001330.SZ,24671.83,2.2,11.1084,65.23573353,0.10980392156862756,77.1105159,,2.0823,
001331.SZ,315.6999999999998,0.95,1.8332,125.19537960000001,0.06911696717521965,179.2506678,,12.387,
001332.SZ,-93.51000000000002,0.53,2.6318,19.13995552,0.03131672597864765,44.0545728,21.7692,1.6841,2.0009
001333.SZ,19.19999999999999,0.48,2.0276,15.429,0.014258555133079883,26.688,24.8085,1.5281,1.7266
001335.SZ,-28.569999999999993,0.88,2.2423,8.3324528,0.024622960911049464,30.5778249,39.0408,3.0331,0.4598
001336.SZ,553.25,2.74,6.0525,12.1524543,0.024172359432474897,19.7477784,46.6452,2.3917,0.6066
001337.SZ,-5040.769999999997,0.6,4.652,224.7,0.06365951255001819,224.7,32.576,10.9162,0.4673
001338.SZ,-563.5200000000002,0.8,2.2498,45.75784896,0.018458197611292065,45.75784896,38.4258,1.2583,3.2895
001339.SZ,65.98999999999796,1.18,5.338,131.85111568,0.08222193448141925,266.33551231999996,58.1908,9.7985,0.0752
001356.SZ,354.6399999999999,1.52,5.6273,20.0264889,0.0457018498367791,55.749672,82.547,2.8025,0.4017
001358.SZ,223.99999999999994,0.86,3.4767,13.080518580000001,0.029827315541601316,31.613120000000002,60.2455,2.1895,1.9111
001359.SZ,-565.2799999999997,0.7,4.2767,54.34009804,0.04686969319596967,217.35219032999998,94.0553,10.5294,0.3072
001360.SZ,-626.9899999999998,0.77,4.5913,22.82561236,0.05744125326370765,37.1076,97.2964,2.6383,0.8154
001365.SZ,-240.20000000000005,0.61,3.4197,20.02920048,0.016652311225954588,182.8575,29.756,2.4504,
001366.SZ,84.95999999999998,0.82,3.2646,20.759856,0.024237685691946873,20.759856,411.554,2.5764,
001367.SZ,-744.6700000000001,0.49,2.3487,24.492938759999998,0.03768115942028974,30.683531679999998,21.7891,1.9824,0.5687
001368.SZ,70.64999999999998,1.73,2.6508,25.74479892,0.057204301075268894,26.94523164,26.7461,1.9012,3.1704
001369.SZ,-305.27,0.82,1.9949,25.682730919999997,0.012048192771084223,141.9986,26.8869,2.0179,
001373.SZ,-61.869999999999976,0.92,2.8906,12.4035238,0.04740327640292795,20.30384764,,2.4445,0.203
001376.SZ,-980.3999999999996,2.24,10.7054,24.2939039,0.025906735751295398,55.2118,28.2057,4.1483,1.2489
001378.SZ,-693.57,0.61,2.9567,17.26458223,0.019042968749999854,35.481408390000006,33.374,1.892,2.4376
001379.SZ,-108.68999999999994,1.28,2.8751,10.97636904,0.02800248911014297,32.62,55.4649,2.1665,1.2262
001380.SZ,-161.00000000000003,0.68,0.5735,40.91435592,0.02524383247274821,47.616168359999996,17.9784,2.3556,1.153
001382.SZ,-542.8499999999999,0.76,2.6557,10.3824,0.018822100789314043,67.8976,75.5699,4.1705,1.517
001386.SZ,1176.27,1.2,5.7618,17.72305344,0.026380368098159492,196.92281599999998,19.9533,1.6231,1.8204
001387.SZ,-704.12,1.15,2.6737,14.295086600000001,0.02124183006535946,22.47158952,30.5833,1.7219,1.6104
001388.SZ,1995.71,2.09,6.3268,27.85140036,0.05469845722300148,52.0363116,51.5399,3.4448,1.7987
001389.SZ,-469.2999999999993,1.04,3.9209,247.93038337,0.08127004490057739,769.2396811599999,51.9829,9.7018,0.2939
001390.SZ,127.92999999999995,1.52,2.1027,20.56069683,0.025323910482921066,34.62001731,20.0252,2.0656,
001391.SZ,-455.53999999999996,0.82,1.1806,61.8377078,0.012165450121654674,496.90146484,21.9653,1.8615,1.5971
001393.SZ,74.24000000000001,0.87,2.9531,20.13364782,0.025579727468324178,104.49562794,35.0564,2.8226,
001395.SZ,524.6299999999997,1.62,5.1681,16.069903200000002,0.04934886908841677,34.3865184,13.9756,2.7097,1.573
001396.SZ,-340.5600000000002,2.93,9.6244,7.29910062,0.07309941520467836,34.347741119999995,31.0338,2.406,
001399.SZ,-7632.600000000002,0.79,4.4031,97.3080742,0.017966695880806315,1674.0502972,47.8716,4.8682,
001400.SZ,3048.930000000001,1.01,14.1825,27.2981436,0.09287148594377516,71.1816,81.7769,5.5866,0.6743
001696.SZ,-206.38999999999942,0.9,3.0551,136.31241415,0.03830911492734478,175.07461301,30.2657,3.1627,1.308
001872.SZ,-2042.7299999999996,2.63,0.3459,550.69889368,0.04405286343612335,593.7298733599999,12.4581,0.9095,3.0992
001896.SZ,-7763.4,0.7,2.4005,181.72055283,0.026359143327841866,181.72055283,51.5346,5.0286,
001965.SZ,-355.22,0.73,0.2282,667.278329,0.016393442622950834,667.278329,14.1623,0.9712,4.2507
001979.SZ,-26763.920000000013,4.41,4.3959,579.19230461,0.12430167597765358,588.74690266,567.9882,0.6041,2.9723
002001.SZ,-2837.239999999998,0.63,0.7425,820.55765358,0.02726602800294775,830.43854334,11.5795,2.3808,3.3265
002003.SZ,-4372.6,0.85,1.7147,124.13730197000001,0.023236514522821522,142.54786303999998,20.7086,3.1435,3.28
002004.SZ,809.7200000000003,0.94,1.2674,84.65209826,0.0175824175824176,88.89837208,13.8024,0.8805,4.4384
002005.SZ,-291.16999999999985,1.41,0.9414,42.9238334,0.028925619834710863,42.93441005,100.9213,14.1567,
002006.SZ,172.0999999999999,1.02,0.9538,70.4690826,0.025297619047619038,70.4690826,35.9415,2.8495,1.1062
002007.SZ,-1560.71,0.75,0.6027,205.81943748,0.011406844106463905,238.80038280000002,29.5583,2.1765,5.3569
002008.SZ,101238.52000000002,1.78,6.0529,922.09627762,0.12154759187400127,992.33175692,49.8785,4.6238,0.3631
002009.SZ,-329.99,0.76,1.8816,58.83781893,0.026108075288403143,66.81093452,152.1965,3.2407,
002010.SZ,-27.110000000000127,0.99,0.5598,130.16652216,0.021186440677966215,130.46225848,24.6608,0.723,3.178
002011.SZ,-481.9399999999996,0.72,0.6901,108.59303565,0.01576354679802957,109.91902779000002,10.8889,1.5697,
002012.SZ,608.8500000000001,0.94,2.6358,33.9496113,0.04475524475524479,33.9496113,104.9693,2.1778,0.0551
002014.SZ,102.22000000000003,1.33,0.8218,69.29489395,0.023999999999999962,69.51783065,15.8384,2.7861,7.9295
002015.SZ,-7234.539999999994,0.57,5.1104,257.13461664,0.024984384759525316,257.13461664,59.3996,2.0784,0.615
002016.SZ,-39.149999999999864,1.9,2.1601,38.10840276,0.06105263157894738,38.10840276,21.6468,0.7695,0.2123
002017.SZ,-5896.639999999998,0.55,6.4476,92.07335988,0.04694255713403345,92.11454253,54.589,5.0537,1.0334
002019.SZ,-2332.969999999999,1.37,1.6626,82.39828974,0.013958125623130665,118.96295178,39.2106,1.3446,1.0225
002020.SZ,737.9699999999998,0.91,1.3548,92.88513289,0.020673813169984654,110.47003353,15.3064,1.8411,2.5786
002021.SZ,-224.68000000000006,0.93,1.6845,32.51591088,0.01838235294117657,32.516982559999995,,5.2648,
002022.SZ,225.6,0.77,1.0672,29.7279272,0.017391304347826025,29.732152380000002,,1.2023,
002023.SZ,1302.5299999999997,1.4,2.2912,75.25143075,0.04814443329989974,75.93818075,,2.0274,
002024.SZ,-472.3000000000002,1.75,0.3297,108.46945624,0.025000000000000022,109.32425767999999,79.954,0.8947,
002025.SZ,9715.04,1.44,3.7799,297.33108863,0.08789093825180427,297.42837098,132.6451,4.4563,0.3522
002026.SZ,-2353.800000000001,0.82,4.8468,53.87240396999999,0.068450039339103,53.877051370000004,25.1799,1.3836,1.063
002027.SZ,-1988.020000000004,1.49,1.1291,717.77732509,0.02816901408450698,717.77732509,21.0516,5.1305,7.6459
002028.SZ,8228.110000000015,1.7,4.0014,855.8181555900001,0.03582902640033541,1096.5416827400002,33.0168,6.6644,0.3548
002029.SZ,8117.450000000001,3.47,7.2518,60.4188648,0.10677382319173359,64.01614288,44.1841,0.9601,1.0528
002030.SZ,-1680.4499999999994,0.74,1.464,76.6281516,0.0284191829484901,76.6281516,,1.0919,
002031.SZ,416.15999999999985,0.63,2.282,114.58812522,0.023121387283237014,114.58851597,,6.0261,
002032.SZ,-154.43999999999994,1.06,0.1982,321.35140295,0.014640198511166339,321.48226159,15.8807,6.3661,6.9637
002033.SZ,-2280.5700000000006,1.1,3.8943,49.892802159999995,0.020697167755991425,49.89375556,19.8217,1.9961,3.8546
002034.SZ,241.23999999999978,0.85,1.6783,74.76373722,0.019138755980861198,75.07668436,9.9715,0.8449,2.8324
002035.SZ,-85.32000000000016,0.83,1.8907,36.36475305,0.012820512820512928,39.41589705,19.5032,1.027,6.3253
002036.SZ,5017.439999999999,1.47,4.6408,75.36040092,0.07374631268436578,75.51250433999999,,11.2261,
002037.SZ,-17.70999999999998,0.81,0.8336,33.72668692,0.012875536480686674,33.72668692,,3.4576,
002038.SZ,-2583.300000000001,0.58,6.3621,50.96124904,0.0509554140127389,61.43553000000001,,1.2471,0.3344
002039.SZ,-921.6499999999996,0.79,1.1459,82.56146911,0.019161056447436615,82.56146911,11.6968,1.828,0.8286
002040.SZ,-31.84999999999991,0.55,2.3522,42.5315975,0.018244013683010075,42.5315975,21.5753,1.2073,1.0899
002041.SZ,-4450.550000000003,1.02,10.2998,95.04,0.08839285714285701,95.04,89.6125,2.5615,0.2685
002042.SZ,-1422.6600000000017,1.96,4.1618,68.70752856,0.06982543640897762,68.70752856,32.7549,1.1278,
002043.SZ,229.42000000000007,2.28,2.7374,102.05296896,0.06870229007633591,105.04691969999999,15.4085,3.1929,4.6856
002044.SZ,-56.95999999999913,1.55,2.089,180.53900615999999,0.03609341825902334,182.40423174,56.2453,2.2941,0.2897
002045.SZ,-623.7900000000009,0.9,6.246,51.91335996,0.027472527472527472,51.97344768,,1.2497,
002046.SZ,1484.3600000000006,0.75,1.5879,282.20176116,0.04517727792603884,285.46803516,211.5901,6.5976,0.3945
002047.SZ,-472.3499999999999,0.56,2.0339,52.30792365,0.034285714285714315,52.31058015,81.0631,167.7402,
002048.SZ,4618.619999999999,2.79,4.6,141.98814515,0.07529162248144211,162.84636065,10.7483,1.3912,2.3407
002049.SZ,6540.139999999999,1.08,1.7149,538.5006801300001,0.037432303281299796,538.57336419,34.9066,3.804,0.3288
002050.SZ,-1068.260000000002,0.78,0.8056,1339.8493349999999,0.02460602709427704,1527.5090457000001,38.2162,4.6997,0.6884
002051.SZ,653.8499999999995,1.06,2.0751,105.22614102,0.03682393555811281,105.23224998,39.3414,0.9168,1.4699
002052.SZ,-701.2900000000004,0.54,1.6661,61.07970592,0.029279279279279254,66.66615742,,23.7738,
002053.SZ,-166.83000000000004,0.93,0.5518,85.81117855999999,0.023280423280423162,85.8119894,36.9302,1.127,3.5408
002054.SZ,280.68000000000006,0.99,2.7667,28.55911451,0.021534320323014826,35.82118165,21.407,1.36,0.9227
002055.SZ,-114.80999999999995,0.67,1.2393,36.787527000000004,0.025723472668810313,37.659727000000004,,2.7102,
002056.SZ,-2670.300000000001,1.13,1.18,344.5040068,0.03427230046948342,344.86294399999997,19.3796,3.2513,3.8642
002057.SZ,-864.8499999999999,0.83,1.7591,67.64246962,0.02305159165751911,67.69875626,33.9738,2.0379,1.3808
002058.SZ,-555.99,1.24,2.4175,24.443868900000002,0.028185554903112177,24.457935149999997,72.6394,33.7634,
002059.SZ,248.08000000000015,0.98,1.1974,46.44944108,0.014957264957265019,47.48319212,,4.9877,
002060.SZ,-439.50999999999976,0.69,0.9067,50.63548788,0.01840490797546014,121.64234291999999,12.9433,0.8627,4.321
002061.SZ,38.61999999999989,0.97,0.707,90.44999892,0.02259887005649707,91.9816896,10.686,0.5763,3.6292
002062.SZ,1594.7299999999996,1.71,1.9603,92.225482,0.05576679340937901,101.4562138,40.8817,2.077,1.2072
002063.SZ,1013.2399999999998,1.34,1.2057,97.12408959,0.023941068139963148,105.15945672,35.0191,2.6325,0.5435
002064.SZ,6226.26,1.19,0.9423,588.29648328,0.03868797308662734,589.55021532,20.635,2.0486,1.6835
002065.SZ,2498.91,1.91,1.7731,207.96920164,0.04755043227665707,226.30705744,49.608,1.8045,0.7082
002066.SZ,-310.96000000000026,0.72,1.1155,51.2127,0.02241147467503362,52.0788819,,8.5784,0.6653
002067.SZ,-451.7199999999998,0.76,2.467,56.71440536,0.018867924528301903,62.533805359999995,44.7843,0.9211,
002068.SZ,-548.6800000000001,1.11,2.3937,59.31496806,0.01863354037267085,59.34235764,,2.404,
002069.SZ,280.17999999999995,1.2,2.3769,26.49106426,0.021220159151193536,26.52448506,,92.4902,
002072.SZ,855.1500000000005,1.04,8.5356,33.66591288,0.03974221267454341,33.679488,,14.8109,
002073.SZ,-447.17999999999984,0.6,1.6821,60.641078209999996,0.021959459459459443,61.261353709999995,15.5919,0.9487,2.4965
002074.SZ,-8528.2,0.79,1.3786,463.86126900000005,0.02239353891336268,484.71313885,14.245,1.6086,0.3696
002075.SZ,-1303.9499999999998,0.99,1.3028,80.95202811,0.02659574468085097,80.95215725999999,32.5202,1.2169,1.355
002076.SZ,1177.17,1.46,3.6882,22.83500298,0.03738317757009349,24.28982655,,8.2167,
002077.SZ,2036.29,1.23,3.5169,73.64622465000001,0.03790322580645152,73.64622465000001,96.9993,2.1658,
002078.SZ,-1765.1200000000008,0.82,1.2326,413.98773507,0.0387491502379334,425.55899841,12.438,1.3497,2.6267
002079.SZ,45.56999999999971,0.78,2.3976,76.32699424,0.028877005347593538,85.48876785,79.8731,2.113,0.1801
002080.SZ,7747.509999999995,0.74,2.2604,895.2789405999999,0.056286968135851996,895.2789405999999,44.1719,4.3864,0.4217
002081.SZ,43863.67,0.7,10.1812,163.39711695999998,0.09821428571428568,163.56793992000001,41.5804,1.1945,1.6234
002082.SZ,-386.1700000000001,0.84,1.5892,53.320917810000005,0.034267912772585674,57.437597100000005,,2.2293,
002083.SZ,-542.6599999999999,0.89,3.3702,99.26774067000001,0.0370370370370369,99.30243109999999,16.954,2.0535,1.3703
002084.SZ,2245.8900000000003,1.37,0.9686,41.12767472,0.0,41.2183728,,3.2474,
002085.SZ,42.56999999999971,0.93,0.6671,221.45992925,0.016299137104506225,221.45992925,24.4761,3.2232,1.9175
002086.SZ,-1496.3000000000006,0.8,3.9157,33.674688689999996,0.03211009174311939,41.72556045,,3.3884,
002088.SZ,-90.85,0.6,0.4609,41.2361149,0.024660912453760703,41.5193763,,1.7427,9.8869
002090.SZ,-724.4400000000002,0.86,1.3839,37.66865102,0.018065887353878846,37.89459366,53.7839,2.425,0.6871
002091.SZ,-1323.6799999999996,0.98,0.6677,123.70312612000001,0.024142312579415553,125.66058616,10.3166,0.8018,6.0877
002092.SZ,6276.84,2.7,5.4921,126.2062571,0.062499999999999965,126.2112355,,0.5843,
002093.SZ,-103.58999999999997,0.94,0.7464,69.81975,0.02186588921282804,69.81975,,1.8579,1.7049
002094.SZ,-2881.1399999999994,1.18,15.3057,38.32016925,0.05354058721934363,38.34481125,,2.61,
002095.SZ,661.74,1.48,1.2374,37.05147648,0.028295376121463087,37.200384,,4.2978,0.3397
002096.SZ,138.58999999999992,1.49,0.6038,120.61501627,0.025720164609053495,120.69488984,16.9651,1.4896,2.3638
002097.SZ,137.24,0.74,0.9987,78.00713635,0.01775956284153004,78.12467044,166.509,1.6918,0.2751
002098.SZ,2551.3399999999992,3.28,2.9842,29.177,0.047233468286099936,29.177,14.3446,1.8518,1.227
002099.SZ,3523.79,3.14,2.952,91.18996212,0.09778597785977848,91.29554292,,1.9063,
002100.SZ,4605.990000000002,2.57,3.8145,107.17224275,0.06300268096514754,107.17224275,,1.6898,2.8025
002101.SZ,-424.75,0.94,0.6151,58.672000919999995,0.014755959137344015,58.7261178,20.3905,0.7484,3.541
002102.SZ,-214.78999999999996,0.85,0.5517,49.072473450000004,0.025531914893617044,57.264997019999996,,1.8954,
002103.SZ,2318.2799999999997,4.02,5.9287,26.7813564,0.10407239819004531,36.864837,26.6681,2.8409,
002104.SZ,-8344.250000000002,0.59,8.864,67.81057056,0.04202401372212695,79.05187116,,3.7577,0.7212
002105.SZ,-83.85,0.9,1.864,22.743052799999997,0.029220779220779175,22.8535008,,2.8279,
002106.SZ,479.4399999999996,1.1,1.8256,74.30655732,0.03739213806327906,74.39301694,46.9553,1.3277,0.9488
002107.SZ,-1667.2600000000002,3.03,8.118,38.2835588,0.0705394190871369,38.673043199999995,32.6065,5.4692,1.791
002108.SZ,-1010.2100000000005,0.76,1.2084,72.67672062,0.024663677130044716,72.70318062,35.9326,1.4315,2.2897
002109.SZ,-482.5,1.52,0.9643,36.50131914,0.039145907473309566,36.50131914,,0.936,
002110.SZ,-128.18000000000006,0.99,0.9392,74.32973172,0.022653721682847988,74.32973172,,0.388,
002111.SZ,315.02999999999975,1.62,3.3074,48.1420326,0.023589743589743632,52.40309335,25.6208,1.7144,1.7633
002112.SZ,-57.95999999999958,0.74,2.9979,39.914784000000004,0.023087071240105516,44.796196990000006,570.7441,5.1504,0.4095
002114.SZ,-218.98999999999995,0.8,2.1453,24.99799289,0.029601029601029658,24.99844896,,3.5964,
002115.SZ,10091.789999999997,1.1,8.6676,82.53704172,0.0630291627469426,89.03712537999999,257.3955,4.2947,
002116.SZ,161.52000000000004,0.93,0.5209,39.97587459,0.01788170563961484,40.46818692,13.146,1.4485,3.563
002117.SZ,-53.02000000000021,0.73,1.1438,42.72206352,0.018518518518518563,42.7356336,26.018,3.1117,2.5735
002119.SZ,4434.76,0.9,7.4345,89.5802908,0.05505376344086011,89.5802908,74.4625,6.2267,0.1257
002120.SZ,-1417.3199999999997,1.1,1.1591,190.86580722,0.014814814814814762,196.56584813999999,11.9777,0.9296,2.9423
002121.SZ,-76.38000000000011,1.08,2.0046,71.12731999,0.030241935483871038,84.29655063999999,,43.2272,
002122.SZ,563.3900000000001,0.66,0.503,56.028366299999995,0.02142857142857145,56.4423141,,2.666,
002123.SZ,-1854.8599999999997,0.96,2.6047,58.86747257,0.03712871287128722,65.80302642,,4.4818,
002124.SZ,-1545.21,0.99,3.3789,45.75911392,0.02978723404255331,51.54886416,,6.2614,
002125.SZ,-1854.2000000000007,0.58,3.0791,81.39731097,0.02148887183422879,81.39731097,25.0894,2.3482,1.2374
002126.SZ,5795.4699999999975,0.82,1.7735,332.92825825,0.06671554252199406,354.56403644,36.6173,4.7534,0.2803
002127.SZ,474.6900000000005,1.62,2.322,60.63988310999999,0.0406779661016948,74.62806025,,1.9816,1.3158
002128.SZ,1225.2900000000009,1.24,0.6597,659.69508105,0.019580900034352467,920.12221053,12.8458,1.7412,1.9489
002129.SZ,-17900.46,1.14,2.919,384.1660551,0.03258655804480636,384.49918089,,2.0914,
002130.SZ,-3951.710000000001,0.62,1.8026,197.65072528,0.022144522144522085,239.66072288,20.7952,2.607,0.7916
002131.SZ,10590.960000000021,1.83,9.9415,278.1028575,0.06304347826086938,321.65948825,,2.4301,0.7016
002132.SZ,354.0699999999997,0.52,5.7812,62.82346936,0.046979865771812075,62.929357030000006,77.2135,1.7551,1.0552
002133.SZ,4254.209999999999,2.66,4.0479,23.8659762,0.0,23.9984702,,0.8378,1.5919
002134.SZ,1395.3899999999994,1.63,5.8367,56.890537349999995,0.06977797915722712,57.14678376,134.7632,10.0853,
002135.SZ,-1135.04,0.8,1.547,70.04383804,0.031390134529147976,74.85157988,210.6615,1.2077,1.0432
002136.SZ,-410.03,1.33,4.0753,27.7720261,0.04169944925255699,27.845090000000003,,2.4617,
002137.SZ,311.8899999999999,1.02,3.7662,31.1220315,0.03896103896103905,45.334134649999996,75.9667,2.969,
002138.SZ,-3191.8699999999953,1.23,4.0958,383.5555724,0.05818921668362156,403.5623592,41.0857,6.1473,1.1731
002139.SZ,-594.3900000000001,0.82,0.8376,102.71751182,0.013569937369519915,119.57146691000001,73.5384,1.7113,0.7194
002140.SZ,-274.9999999999999,0.91,0.7501,65.0356188,0.015086206896551595,65.13727879999999,12.0518,1.3355,1.6304
002141.SZ,42469.47,1.14,14.6388,73.3384418,0.12558139534883714,73.3384418,1087.1738,8.8985,
002142.SZ,3554.329999999998,0.87,0.3284,2251.70992316,0.014766686355581808,2253.14518096,7.2395,0.9281,3.517
002144.SZ,41.44,0.81,2.5387,15.693148800000001,0.03294746215494205,20.150925,78.0567,0.9391,0.4386
002145.SZ,-375.65999999999985,1.19,0.9809,166.34292691,0.02262443438914019,166.35157514,32.1541,1.2575,0.3515
002146.SZ,-1082.33,2.25,5.3819,46.14604052,0.08403361344537823,51.30833402,,1.0065,
002148.SZ,296.1400000000002,0.99,2.3882,29.001010379999997,0.03328050713153724,35.92770859,1560.5424,2.9248,0.2487
002149.SZ,-2438.2700000000004,0.77,2.805,175.97414555,0.031163049526989554,176.00125515000002,202.3115,2.6636,0.8322
002150.SZ,-2617.8900000000003,1.54,3.7336,79.26534495,0.06651982378854633,79.78809168,31.6181,3.6818,0.4552
002151.SZ,-2837.3400000000006,0.83,1.8551,127.90134696,0.01795580110497236,156.79266791999999,,3.211,
002152.SZ,-517.3599999999997,0.95,0.7929,241.26266664,0.026748971193415613,241.38481787999999,29.5026,1.9508,2.0576
002153.SZ,1086.6100000000001,1.16,1.3946,126.3813402,0.033462033462033434,215.6063102,,3.2842,0.1266
002154.SZ,471.0699999999997,1.39,2.7141,48.14918568,0.026763990267639978,59.54081496,13.6606,1.2715,1.2255
002155.SZ,-15122.549999999988,1.91,7.8712,425.46845047000005,0.04495159059474414,425.50994899000005,23.7764,4.9452,0.6497
002156.SZ,1652.0599999999977,1.0,5.2052,979.66714032,0.05050980392156872,979.76055864,38.8166,5.8172,0.0697
002157.SZ,974.4200000000001,1.13,1.4112,235.194429,0.01986754966887404,279.35491052000003,,2.753,
002158.SZ,1549.5900000000001,0.95,1.7447,152.0723235,0.05499999999999997,152.3963685,30.9888,3.4945,2.0351
002159.SZ,-100.63,1.55,2.7372,19.041935000000002,0.03260869565217399,24.37892875,18.7977,1.6677,1.8182
002160.SZ,-261.78999999999974,0.97,1.5893,42.4660554,0.016786570743405345,42.55058544,61.9521,1.1305,
002161.SZ,781.4899999999998,1.62,5.6573,50.95908766,0.06131386861313868,50.96929175,,3.5021,0.2177
002162.SZ,785.3200000000002,1.31,1.3718,37.651185600000005,0.022113022113022077,37.7077369,366.4447,4.5527,
002163.SZ,193.72999999999956,0.84,2.9395,68.70343095,0.033333333333333444,72.24390045,,13.5885,
002164.SZ,280.6700000000001,0.95,1.811,52.53537345,0.03700277520814064,58.2730092,26.6591,3.7817,
002165.SZ,-35730.06,1.61,31.6345,62.51504786,0.07287933094384723,63.159675820000004,,3.1672,0.4657
002166.SZ,12.509999999999991,1.03,1.3136,50.29552059,0.027456647398843986,50.50360014,31.2604,1.6221,1.4382
002167.SZ,-7434.879999999999,0.7,5.5211,129.72587834,0.03135888501742155,131.84939566,126.81,7.1908,
002168.SZ,-53.22999999999996,0.57,0.509,30.111874560000004,0.015503875968992262,30.111874560000004,,,
002169.SZ,11828.130000000001,1.72,3.075,102.0399084,0.059064807219032046,104.96061981,44.7586,3.7425,0.5966
002170.SZ,-402.0,1.31,3.6794,92.15005389000001,0.029387069689336662,113.31546311999999,10.705,2.956,3.7486
002171.SZ,-1581.4500000000007,0.92,3.1007,164.27006055,0.02131782945736423,165.05278443,37.8633,1.8406,
002172.SZ,590.5600000000013,0.64,17.6018,32.97756417,0.07111111111111118,33.003062129999996,97.3537,16.4937,
002173.SZ,531.9200000000001,0.58,4.8493,77.944198,0.026386645126548113,81.72585235999999,,4.951,
002174.SZ,501.34000000000015,1.11,2.3837,116.8255987,0.03538331929233361,116.89144036999998,,2.5053,
002175.SZ,-454.1600000000001,1.13,1.4322,33.707010479999994,0.034220532319391754,33.707010479999994,,4.3252,
002176.SZ,4815.460000000003,0.65,3.8458,157.2278555,0.04083885209713015,157.4581805,,5.3898,
002177.SZ,-3221.08,0.61,5.1598,40.579715879999995,0.03145695364238417,45.21476322,312.666,2.6322,0.1178
002178.SZ,-204.77999999999997,0.9,1.395,33.31368612,0.036480686695279145,33.3287604,,7.8153,
002179.SZ,2882.17,0.63,0.7935,738.98900175,0.02103467879476961,740.3368207499999,40.1581,3.0508,2.289
002180.SZ,-557.75,0.71,0.4553,236.04277305,0.02460456942003525,243.85223135,,2.6596,
002181.SZ,3653.83,2.76,4.4067,98.81818141,0.05938242280285036,101.12816922,,2.4501,0.7807
002182.SZ,18.48999999999978,0.65,1.3993,109.3865054,0.038651315789473735,120.99856299999999,,2.3004,0.4098
002183.SZ,-3226.46,1.01,1.5292,116.08563627,0.0175824175824176,116.08630677000001,,1.2859,0.2237
002184.SZ,-86.05999999999995,0.84,1.676,25.39999539,0.02083333333333342,36.00021909,,2.8075,
002185.SZ,3148.62000000001,0.78,4.4215,567.08751825,0.030732860520094534,567.21222195,43.718,2.9819,0.3277
002186.SZ,399.78,1.17,1.4508,29.51431392,0.014644351464435205,29.525857919999996,330.79,3.4328,
002187.SZ,-354.53,1.31,2.0524,38.899650300000005,0.03356890459363949,38.899650300000005,,0.9715,0.724
002188.SZ,577.77,2.4,7.5244,14.618218400000002,0.039145907473309566,18.57950152,66.2071,5.0362,
002189.SZ,-173.97000000000003,1.19,1.0737,50.567216480000006,0.023084994753410165,50.56818448,,12.3636,
002190.SZ,-2867.380000000001,1.17,4.2932,92.55215940000001,0.04309349749903799,92.55215940000001,,2.6457,
002191.SZ,-379.05999999999995,1.0,0.6369,51.6199304,0.01081081081081082,52.03441984,,0.8349,
002192.SZ,5780.489999999998,0.59,7.3067,191.69520048,0.03748488512696482,192.09291696,16.072,4.2242,0.2244
002193.SZ,-613.9999999999995,1.64,3.9937,13.79233307,0.04460966542750933,13.79241212,,6.7059,
002194.SZ,-198.6600000000003,0.54,3.2642,51.7220436,0.01966568338249747,68.67023295,,2.7466,0.6965
002195.SZ,1326.2900000000009,1.08,1.7102,362.78283763999997,0.03286384976525821,366.05866488,432.4276,3.6983,
002196.SZ,751.9600000000005,0.93,2.4571,52.40015648,0.035271687321258266,53.008706110000006,100.8106,3.6857,
002197.SZ,531.2799999999997,0.96,3.6785,37.2732,0.042274052478134115,42.88253042,,2.4043,
002198.SZ,26.110000000000014,0.81,0.8082,17.6602518,0.014367816091954099,17.66134452,,2.5056,
002199.SZ,-532.6700000000001,0.96,2.0496,29.393837329999997,0.030976965845909355,30.990217519999998,,18.4635,
002200.SZ,-134.74,0.91,2.0037,13.896545999999999,0.026610644257703014,32.0299176,35.9745,2.3912,
002201.SZ,-629.87,0.8,1.406,50.38935858,0.01676646706586812,54.541949939999995,61.4758,4.5599,0.1673
002202.SZ,-7019.07,0.65,1.9008,616.8668353400001,0.01738185768604021,774.64284758,24.6597,1.9667,0.763
002203.SZ,-927.8500000000058,1.21,1.6453,438.60241427999995,0.04354430379746833,446.66308848,51.2032,2.6453,1.269
002204.SZ,-1091.1800000000003,0.98,0.8721,100.817514,0.015238095238095252,100.817514,15.7127,1.2559,0.9483
002205.SZ,82.89999999999998,1.21,1.4812,20.40558336,0.035348837209302236,20.40558336,,10.7299,
002206.SZ,-98.70000000000027,1.75,1.233,56.865039800000005,0.024163568773234348,62.517063359999995,12.1706,1.5568,3.2458
002207.SZ,657.5900000000001,1.52,3.3053,15.779126000000002,0.056410256410256425,15.854351699999999,,184.4389,
002208.SZ,6614.260000000002,3.44,10.786,87.29030669,0.07863089731729876,87.31782953,,1.5173,
002209.SZ,15.91000000000031,0.63,6.2001,21.6252856,0.05108940646130727,28.0206237,18.6657,2.9686,0.3694
002210.SZ,-850.2799999999993,0.86,2.3766,61.3711329,0.037974683544303924,61.47447537,205.234,6.5203,
002211.SZ,369.1199999999999,1.18,1.4899,17.16928926,0.03617571059431528,17.16928926,,35.4754,
002212.SZ,-2724.050000000003,2.53,10.0879,75.96188292000001,0.03896103896103903,76.78244889,,0.8274,0.303
002213.SZ,-1453.67,0.54,5.0287,63.152318449999996,0.04846686449060333,73.44895155,371.5787,12.9849,0.0679
002214.SZ,912.3499999999995,1.09,1.7201,73.6803298,0.03815261044176709,92.1940558,,7.4745,
002215.SZ,-1162.880000000001,0.98,5.0044,82.90716119999999,0.060778727445394004,103.03695288,13.4354,2.2472,3.4145
002216.SZ,-311.1199999999999,1.2,1.3437,74.65148416000001,0.03685503685503679,104.09539744,17.4526,2.4011,2.5338
002217.SZ,696.1400000000003,0.78,0.9532,107.00632005,0.013513513513513526,109.94716383,789.7346,5.8825,
002218.SZ,-2085.96,0.9,1.7985,54.53573754,0.03217821782178204,55.34619393,,1.4142,0.2545
002219.SZ,-444.03999999999996,0.7,2.8125,71.33216804,0.030837004405286274,75.25189306,246.4346,3.8093,
002221.SZ,769.6799999999998,0.94,1.7082,86.34528911999999,0.025597269624573288,93.14915298,,0.9447,
002222.SZ,11303.119999999995,1.17,5.7172,330.0469485,0.05972120322817304,331.52625,100.1375,17.478,0.2837
002223.SZ,-734.2600000000002,0.76,0.676,244.80779934,0.013693419551160116,260.44349862,23.2144,1.9535,3.0793
002224.SZ,-120.52999999999997,0.54,1.2338,30.07798892,0.018617021276595702,33.64894172,,1.0487,0.8043
002225.SZ,139.8900000000001,1.07,1.7902,36.0723767,0.01612903225806453,42.8918504,130.402,1.0539,1.1625
002226.SZ,414.87999999999965,0.96,0.603,136.68417912,0.01937984496124024,136.68442164,24.4031,1.4256,1.2597
002227.SZ,188.58,0.8,0.7263,16.772889759999998,0.03278688524590174,16.90038284,,1.8753,
002228.SZ,-871.8199999999999,1.23,1.7862,38.45643006,0.02476780185758516,38.58566208,46.3748,1.2959,5.2984
002229.SZ,5534.489999999998,1.86,18.1276,60.11672817,0.05614320585842145,60.11970253,,5.7208,
002230.SZ,5408.169999999998,1.11,1.2293,882.5566768200001,0.028457314028956578,968.03817592,110.6991,4.2384,0.2379
002232.SZ,-310.26,1.17,1.0709,59.4846616,0.029065743944636676,59.4846616,176.1663,4.1908,0.0687
002233.SZ,-396.92999999999995,0.67,0.5503,85.08769649999999,0.024456521739130394,85.12591125,20.3604,0.7266,6.2069
002234.SZ,-91.98000000000002,1.11,2.1157,24.83606864,0.02548543689320377,28.75432048,,1.7171,
002235.SZ,-1917.6399999999994,0.89,5.7694,49.43454219,0.03583426651735726,51.755806390000004,,7.0668,
002236.SZ,4141.27,1.16,1.1878,392.6251059,0.020897357098955342,536.81283682,14.2567,1.373,3.918
002237.SZ,-4571.140000000003,0.99,4.2467,179.3303424,0.03907751441383725,215.06754816,21.6407,1.566,0.7527
002238.SZ,794.13,0.87,1.2465,53.85172232,0.04268292682926833,53.85172232,,2.7946,0.7452
002239.SZ,-396.7399999999998,0.76,1.3135,84.59333939,0.011538461538461635,90.99951791,40.3831,1.4419,0.1127
002240.SZ,5184.450000000001,0.61,3.2981,297.75575144000004,0.04716692189892789,298.56887018,30.9475,2.6466,
002241.SZ,25082.459999999992,0.92,3.2527,762.83476012,0.04466184602296898,861.4257606699999,21.5934,2.2666,1.2029
002242.SZ,-64.06000000000006,0.72,0.6584,65.43566504,0.027283511269276233,65.5431603,98.2834,2.0246,1.7462
002243.SZ,-1289.0500000000002,1.22,1.1252,90.04182894,0.02387267904509292,90.67425458,48.6277,1.2288,0.9346
002244.SZ,-7217.7199999999975,2.82,3.3042,233.28867078,0.10765815760266378,263.22815394,14.5084,0.8576,0.9693
002245.SZ,-3958.5099999999984,0.93,2.625,282.71864827,0.03452178834182226,300.47719826,33.8199,3.7753,0.2492
002246.SZ,874.6100000000006,1.14,1.9315,112.05800268000002,0.04017857142857154,112.05800268000002,29.3663,3.4338,0.196
002247.SZ,513.3700000000001,1.02,3.4061,16.0864525,0.03252032520325188,21.27175,53.1524,3.0966,
002248.SZ,-1525.8000000000002,0.89,8.814,31.02630604,0.039000000000000055,31.02630604,94.0165,25.8966,
002249.SZ,-1450.590000000001,0.76,1.5845,124.8730322,0.01644245142002981,165.2881357,18.3837,1.693,3.3832
002250.SZ,-1304.3700000000008,1.07,1.852,134.39500698,0.057271557271557194,135.07098233,26.6838,1.9525,0.1332
002251.SZ,-3492.3599999999997,0.97,3.8292,82.67596212000001,0.036842105263157815,100.01962884,180.5828,1.173,
002252.SZ,1289.79,0.99,0.6076,320.84825639999997,0.01622718052738338,321.06316949999996,26.5705,0.9905,0.677
002253.SZ,-585.22,1.2,2.0071,21.0158949,0.01903807615230456,22.58517261,,2.6992,
002254.SZ,1565.7700000000013,1.47,2.6789,111.68022176999999,0.0469851213782302,111.80565265999999,152.6626,1.574,0.382
002255.SZ,-786.25,0.72,1.1763,50.52522024,0.015151515151515166,65.8057752,17.0272,1.4181,0.6129
002256.SZ,-841.3800000000001,1.0,2.1409,67.88349053,0.03488372093023259,68.76943657,159.1878,5.0505,
002258.SZ,658.7299999999996,1.6,3.5049,117.22516802999999,0.03479471120389701,117.42413724,25.6526,1.4721,2.7267
002259.SZ,-539.81,0.81,2.7454,32.350116899999996,0.0343249427917621,32.350116899999996,15.6101,6.8723,
002261.SZ,-379.6999999999971,0.95,2.215,293.403008,0.02431372549019598,322.5518592,595.5637,12.3482,
002262.SZ,-1693.7600000000002,0.81,0.8095,194.69591889,0.02041742286751358,223.15759942,20.3328,2.6593,1.6393
002263.SZ,-1674.83,1.02,2.6132,60.294877709999994,0.02194357366771169,60.29535921,295.9482,2.1663,
002264.SZ,1042.5599999999995,1.68,3.4315,44.19664641,0.028315946348733294,48.87518727,29.8071,2.3297,1.4489
002265.SZ,2108.7799999999997,1.23,1.2902,197.10410832,0.03108252947481234,197.10410832,78.4497,5.0095,
002266.SZ,4350.410000000002,1.2,1.7265,236.80241628000002,0.028282828282828396,255.22237146,13.3813,1.9511,1.0118
002267.SZ,-134.39999999999964,2.31,1.9794,81.1815042,0.051136363636363556,81.1815042,16.9582,1.1844,4.7945
002268.SZ,-1115.2699999999995,1.15,1.3164,118.48432386,0.018400566171266793,118.55818122000001,196.6071,2.171,0.428
002269.SZ,-313.34000000000015,1.05,1.9031,34.45281777,0.027027027027027053,36.93375,,21.1982,
002270.SZ,1615.1100000000006,2.17,2.921,178.43847714,0.03997895844292486,178.43847714,24.4072,5.2976,3.3799
002271.SZ,-11127.220000000001,1.7,4.0194,214.96414256000003,0.06806282722513082,263.23472898,162.2727,1.2817,16.7874
002272.SZ,447.0400000000009,0.72,6.5378,71.218236,0.05775075987841941,82.429141,,5.6094,
002273.SZ,3110.510000000002,0.63,2.1257,364.8803358,0.047473200612557366,371.43786623,31.0545,3.6393,1.111
002275.SZ,-268.01,0.62,0.4592,70.48096224,0.020733652312599667,73.32856128,18.0181,2.2464,4.4071
002276.SZ,-1043.1399999999999,0.81,0.9462,103.9552176,0.015458937198067646,104.34298127999999,34.0976,1.6721,0.486
002277.SZ,-3228.84,0.69,2.5289,86.29929632,0.03276131045241809,86.29929632,,1.3337,0.0808
002278.SZ,-106.06999999999994,0.57,1.4474,29.818033409999998,0.014457831325301323,32.29414749,93.3586,2.2973,0.5612
002279.SZ,-5763.059999999998,3.64,11.0927,55.48736148,0.04822695035461003,60.09582093,63.1042,4.084,
002281.SZ,43480.119999999995,0.97,3.5637,1414.06752385,0.06912044237083116,1489.30005956,128.8176,10.3064,0.1409
002282.SZ,-36.360000000000014,1.02,1.143,30.013619309999996,0.024590163934426142,32.716658429999995,23.8635,0.911,3.2206
002283.SZ,860.77,1.55,2.3437,85.7737975,0.026963657678780825,96.8538535,21.9504,1.5818,2.8963
002284.SZ,2654.4799999999996,0.9,3.913,72.92595468,0.03658536585365866,73.61438987999999,13.199,2.0722,0.502
002285.SZ,5657.09,3.63,11.0259,47.69412654,0.0729613733905579,48.02718131,,2.2231,
002286.SZ,1103.7799999999997,2.6,5.9297,31.423616,0.10281517747858016,32.298079,23.0247,1.3888,0.7061
002287.SZ,72.80999999999999,0.76,0.251,114.99734572000001,0.01662591687041564,115.22460548000001,17.4233,2.2602,3.8474
002289.SZ,346.3900000000003,1.18,1.5483,106.0676588,0.04604051565377532,108.31805504999998,40.0729,21.8166,
002290.SZ,4029.5,1.69,3.6896,165.75842136,0.1164703984513631,166.28486346,82.0826,15.8039,
002291.SZ,3933.6100000000006,3.56,6.7741,47.45424138,0.08461538461538452,51.058119839999996,,1.7595,
002292.SZ,11449.8,2.5,8.1329,87.02903925,0.0631970260223048,126.42882435000001,60.473,4.1707,
002293.SZ,-163.32999999999993,0.58,0.6165,95.17339764,0.019064124783362276,95.97232008,16.4419,2.3411,5.2146
002294.SZ,-2873.7999999999993,0.72,0.8814,355.65791486999996,0.016469857054070888,355.73794515,52.8179,4.1525,1.5669
002295.SZ,-872.4099999999999,1.03,5.5586,24.16619585,0.03451776649746192,24.184444,,1.8667,0.3731
002296.SZ,-258.7700000000002,0.99,1.8205,31.510576779999997,0.021040974529346567,35.33494228,20.7123,1.4171,2.2051
002297.SZ,5418.149999999998,0.86,6.174,106.19631944,0.0499725425590335,106.19631944,47.4921,4.6221,
002298.SZ,2337.4199999999996,0.84,3.0963,54.290519999999994,0.032258064516129004,60.39304944,,3.233,
002299.SZ,-420.1199999999999,0.9,0.7793,202.04383026,0.02038369304556354,206.05131573999998,21.1921,1.7945,4.1987
002300.SZ,168.30000000000018,0.85,1.5571,49.40475912,0.019033674963396762,49.407625079999995,117.7583,2.5998,1.6082
002301.SZ,844.7599999999998,1.59,2.6748,57.36729713,0.053385416666666574,57.84823121,82.714,1.8475,1.7224
002302.SZ,354.44,1.04,0.5546,60.214300109999996,0.024844720496894433,60.214300109999996,,0.7758,2.6205
002303.SZ,10772.599999999999,2.02,7.8351,60.732983149999995,0.11411992263056107,87.13231853,40.5816,1.9744,3.4622
002304.SZ,-1238.1200000000003,1.04,0.3548,582.076824,0.01610017889087645,582.09038664,125.4179,1.2337,12.0264
002305.SZ,-928.77,1.59,1.6106,36.418531800000004,0.04245283018867917,36.418531800000004,,14.4589,
002306.SZ,271.9900000000001,1.01,1.7989,17.5540716,0.052132701421801105,18.78687,,32.6434,
002307.SZ,1075.1800000000003,1.35,1.7299,49.851163799999995,0.03278688524590167,50.4526374,,1.2381,
002309.SZ,-1022.9899999999998,1.07,3.5215,72.90580869,0.022875816993464,91.13226162000001,70.5504,4.6003,
002310.SZ,-315.90999999999985,0.78,1.1593,102.9368223,0.0169491525423729,140.38413948,,5.8233,
002311.SZ,4305.549999999999,1.03,0.5831,764.66158063,0.028330449826989512,765.39886453,23.5323,3.2244,2.8243
002312.SZ,-695.54,1.42,1.4862,161.51333091,0.030057803468208067,161.77668701,40.3299,1.673,1.6467
002313.SZ,1532.86,1.21,4.8688,32.87050254,0.06990521327014217,32.87232,,38.1918,
002314.SZ,734.6700000000003,1.77,2.9794,29.57716814,0.06756756756756752,59.84199325,,0.9587,
002315.SZ,-634.8200000000002,0.97,2.5289,67.61122848000001,0.03342508847817544,105.90604056,22.5783,3.8288,3.4448
002316.SZ,-196.7299999999999,1.56,4.2849,15.435295499999999,0.02857142857142855,17.808335999999997,4109.8942,23.0324,
002317.SZ,-34.55999999999949,0.6,2.0298,191.77516831,0.03713733075435206,212.22762088000002,106.4956,5.3001,0.8025
002318.SZ,794.0,1.26,1.2771,192.99927753,0.03877139979859011,197.68163666,18.3979,2.463,4.6548
002319.SZ,-564.7700000000002,0.56,2.5138,22.47639925,0.021415270018622014,22.47639925,,12.4537,
002320.SZ,1392.3199999999997,1.62,2.6894,148.07843066,0.035242290748898585,148.07843066,81.0611,3.6523,0.6021
002321.SZ,-506.43000000000006,1.16,1.5822,44.2052,0.03720930232558143,44.36411408,,4.8875,
002322.SZ,-1124.2800000000007,1.24,4.4699,44.76592666,0.04435483870967748,46.568254460000006,20.6682,1.6497,5.0104
002323.SZ,-145.66999999999996,0.48,0.7855,27.35433261,0.015503875968992262,27.359030790000002,,21.0135,
002324.SZ,-640.0200000000004,1.62,4.1262,73.04310185,0.031088082901554476,104.67084583,42.9198,2.2516,0.5241
002326.SZ,-1521.6699999999983,0.87,2.8331,152.36906007000002,0.026715557883708645,173.64646929,102.7782,5.8699,
002327.SZ,-28.399999999999977,0.6,0.9925,31.12834756,0.012578616352201269,52.86722486000001,15.2583,1.508,9.8305
002328.SZ,9750.7,1.54,8.9012,48.5083015,0.10219922380336352,65.60045,16.2993,1.8734,1.6706
002329.SZ,-1608.21,0.72,7.5739,25.79925744,0.0375939849624061,32.9631984,,7.3537,
002330.SZ,101.67999999999995,1.11,1.9354,26.291248019999998,0.021226415094339587,26.30205342,,1.1462,
002331.SZ,3729.9499999999994,4.3,6.2238,29.150698499999997,0.10616929698708755,31.059710499999998,,2.1976,0.4109
002332.SZ,-395.47,0.81,0.9886,85.95427824000001,0.009174311926605512,86.25866728,22.3511,1.4466,4.5872
002333.SZ,-444.9200000000001,0.42,1.9099,38.05730417,0.024561403508771874,38.538206079999995,91.7581,1.992,0.1751
002334.SZ,811.3400000000001,0.78,1.1821,49.90732159,0.023809523809523832,55.68197894,56.5002,1.8189,0.8666
002335.SZ,-372.65999999999804,1.35,2.8873,203.43482313,0.03233180927498373,232.50928805,40.7443,3.5429,0.2217
002337.SZ,-63.31999999999999,1.13,1.3245,28.09768128,0.0232067510548522,28.13583524,82.1969,2.0981,0.4393
002338.SZ,-844.4400000000005,1.11,1.784,104.208,0.0354127579737337,104.208,94.7514,5.3967,0.1382
002339.SZ,-548.76,0.87,2.3873,35.86164064,0.025503355704698038,37.75651327,812.6642,2.1797,0.267
002340.SZ,-18275.230000000003,1.34,2.0277,331.46161807,0.014992503748125883,333.18408841,17.9374,1.5393,1.01
002342.SZ,-671.9000000000001,0.83,2.5375,73.797537,0.01937984496124024,74.208,624.3505,3.0403,
002343.SZ,766.7399999999998,2.7,5.2786,26.0524165,0.08108108108108107,26.0524165,,2.7844,
002344.SZ,-190.40999999999997,0.78,0.6995,51.258004,0.019753086419753103,51.30468,61.7423,0.6034,0.95
002345.SZ,-3298.59,1.34,3.9847,84.38034059,0.07019230769230773,86.45228571,14.7071,2.2278,3.5971
002346.SZ,1606.53,0.74,1.9218,89.94890898,0.02663438256658599,89.94890898,15.0115,2.7962,2.2998
002347.SZ,387.51,1.28,3.2883,30.98444612,0.04071661237785017,31.69530444,,2.904,0.3185
002348.SZ,-933.6499999999996,0.88,1.2626,101.5571092,0.028545941123996454,111.62884608,,29.2311,
002349.SZ,-1488.3300000000017,4.92,12.3674,61.87774840000001,0.09885931558935354,63.165750800000005,28.1029,2.2342,1.0312
002350.SZ,924.31,1.08,1.5925,79.52966550000001,0.05894448252227549,81.29546951,486.6218,4.5316,0.1888
002351.SZ,116.50999999999976,0.99,1.3972,54.01001984,0.030815109343936255,91.0445568,20.5949,3.0374,2.4414
002352.SZ,-20732.92,3.21,1.2536,1526.1186653999998,0.044847044847044784,1674.3679757999998,15.3874,1.6296,2.8298
002353.SZ,-11080.059999999998,1.13,2.9566,900.1884333,0.061717079132294635,1333.6746953400002,50.6098,5.7278,0.6445
002354.SZ,-43722.880000000005,4.29,34.8185,130.64760214,0.10573248407643314,132.86323973999998,,7.696,
002355.SZ,45.409999999999854,0.61,1.7482,30.47561831,0.02235772357723584,32.95611823,,4.1194,
002356.SZ,74.19000000000028,1.34,1.5484,36.714915999999995,0.02447552447552442,36.715126,107.5913,6.1954,
002357.SZ,-18.88000000000011,0.94,2.7155,35.36029584,0.029702970297029712,35.36157048,9.492,1.7495,0.8865
002358.SZ,-1334.57,1.38,1.5531,49.83490552,0.027223230490018215,49.834975199999995,54.3397,1.4951,0.3731
002360.SZ,-575.1899999999999,0.88,1.1414,17.52281704,0.018900343642611738,22.82077456,,2.582,
002361.SZ,-1356.6399999999994,0.72,5.275,89.1816288,0.027566539923954463,100.429296,,4.6381,0.4735
002362.SZ,1953.7899999999997,4.1,4.9567,34.32829731,0.09766855702583507,40.40836191,,4.6743,
002363.SZ,-122.04999999999995,2.42,2.8046,28.853619079999998,0.04129793510324474,28.877360820000003,37.1011,1.3317,0.8681
002364.SZ,5257.320000000007,0.92,5.1748,215.28111633,0.06898410132039888,217.36698193,162.3598,8.7836,0.2584
002365.SZ,741.9000000000015,0.85,17.9663,37.36223946,0.06562703053931122,44.821208250000005,83.9254,2.2384,0.6451
002366.SZ,-1620.8500000000022,0.81,2.8406,113.24557548,0.019077901430842623,127.35338112000001,,2.7549,
002367.SZ,2855.1099999999997,3.67,4.8401,46.25993244,0.08743169398907111,46.42878228,18.8522,1.2939,5.1546
002368.SZ,-1251.04,1.02,1.4106,87.20681816999999,0.0248403122782116,87.43933736000001,,2.3514,0.6593
002369.SZ,-638.0300000000002,0.68,4.0949,35.831638160000004,0.023847376788553174,35.831638160000004,,25.2228,
002370.SZ,116.38000000000011,0.77,2.0937,40.48730175,0.02702702702702709,40.48974525,,3.6156,
002371.SZ,-57050.49999999997,0.91,0.928,5074.07722003,0.039583661882983776,5078.30045268,89.3432,12.5251,0.1116
002372.SZ,592.4100000000003,2.2,1.4909,128.92848037000002,0.02555168408826953,139.6217326,16.2395,2.9595,6.7548
002373.SZ,5288.8600000000015,3.06,2.9023,110.48304682,0.07470511140235915,126.73109364,162.756,1.1089,
002374.SZ,-457.24,0.84,1.0512,33.75000923,0.019108280254777087,33.75000923,,6.6086,
002375.SZ,4016.59,2.65,2.2405,54.17155755,0.056756756756756864,54.537857550000005,16.5015,0.6614,1.667
002376.SZ,806.19,1.78,2.4978,53.5475928,0.028148148148148207,55.1182568,60.4161,1.4912,2.8799
002377.SZ,-376.0500000000002,1.54,3.4698,24.51578599,0.024911032028469695,25.74873812,89.1164,6.4415,
002378.SZ,-5928.24,0.85,2.1593,306.38904198,0.03373400542846054,307.80318912,35.669,10.6721,0.281
002379.SZ,-5704.859999999993,1.55,5.0385,206.13820732,0.03675675675675674,2363.84484148,9.5815,4.0834,
002380.SZ,1266.9700000000007,1.31,3.9219,41.2818212,0.06611570247933884,69.66959050999999,42.1845,2.8191,0.1378
002381.SZ,5.949999999999989,0.93,1.263,18.1622946,0.02142857142857145,23.21299356,59.8749,1.096,3.5461
002382.SZ,127.21000000000004,1.02,1.4812,58.67018136,0.031404958677686015,59.246333160000006,,0.831,
002383.SZ,743.1799999999998,1.25,2.1552,53.379977630000006,0.059405940594059396,53.379977630000006,,3.6668,
002384.SZ,-18654.390000000014,0.71,3.1734,2744.9169660000002,0.05434004702995601,3626.58285,101.1611,14.8833,0.0328
002385.SZ,-6099.950000000003,1.09,4.4406,112.95961847000001,0.04719764011799414,140.39620045,,2.0455,0.9146
002386.SZ,-803.4599999999996,0.9,1.2897,78.21325052,0.019933554817275767,78.22899070999999,27.8962,1.0044,
002387.SZ,-1288.36,0.67,1.0053,101.41623101,0.019125683060109245,101.54706920000001,,5.7616,
002388.SZ,2867.74,0.52,6.0462,33.714485100000005,0.05230769230769242,33.73517772,,3.5778,
002389.SZ,848.0999999999995,1.5,1.5785,180.90169790000002,0.028223574986165,180.92906920000001,176.0116,2.2532,0.3266
002390.SZ,306.0499999999993,1.92,3.0802,58.412891460000004,0.03470031545741335,58.89870954,52.273,0.8724,1.9319
002391.SZ,601.5400000000002,1.17,2.4472,25.10771803,0.018382352941176405,35.142954249999995,67.3041,0.8411,
002392.SZ,-424.2800000000002,1.16,1.3592,92.60368000000001,0.01761006289308172,95.239264,16.7818,1.5455,0.4038
002393.SZ,-219.43,0.66,0.6255,42.42071862,0.01397624039133468,43.5618009,28.7185,0.9707,2.059
002394.SZ,1747.2400000000002,1.18,3.1285,35.217083880000004,0.0766246362754608,35.25093,25.3854,0.8467,0.9183
002395.SZ,11.329999999999927,0.64,1.2991,33.3651996,0.0160384923817162,33.3651996,22.4135,2.0805,1.2058
002396.SZ,4239.390000000014,1.55,18.5713,305.69273436,0.13246116107931316,305.69273436,53.6642,4.2257,0.4791
002397.SZ,-657.5299999999999,1.06,2.7798,23.661059299999998,0.024456521739130516,27.29402475,47.2911,2.1813,
002398.SZ,241.52999999999997,0.89,1.6945,25.30905332,0.018912529550827437,29.045382240000002,62.9914,0.7747,1.8957
002399.SZ,-339.41999999999985,0.9,0.6165,125.21905068000001,0.02583732057416281,147.31653848000002,72.5983,1.2344,2.49
002400.SZ,7948.690000000002,2.15,7.024,115.48041174000001,0.06182380216383313,116.62925199,181.9198,2.3236,0.4335
002401.SZ,-58.83000000000001,0.87,0.7076,45.9791343,0.0194489465153971,46.0125603,118.4506,2.7724,1.0501
002402.SZ,809.2099999999991,0.74,1.9446,157.88452194,0.02518363064008397,178.12183455000002,32.4181,2.4602,0.5172
002403.SZ,121.18,0.77,1.0281,27.7548841,0.028138528138528116,31.815645240000002,,2.4287,0.1927
002404.SZ,-845.0000000000002,1.05,2.3687,26.25333696,0.017123287671232817,32.2589664,19.0621,1.6535,5.2083
002405.SZ,-1437.1100000000006,1.0,1.391,150.53321736,0.0219092331768389,151.45167762,,1.8225,
002406.SZ,246.34000000000015,1.55,2.2745,38.34008266,0.022156573116691208,49.80135182,24.6488,1.2594,2.1994
002407.SZ,-33455.369999999995,1.01,11.4011,394.21090401,0.03654574986464541,434.15076922000003,64.4795,5.0005,0.5339
002408.SZ,-2098.260000000001,0.83,1.1962,153.27254791000001,0.017793594306049917,158.38510654,,1.418,0.5342
002409.SZ,-19033.289999999994,0.92,5.8273,453.48076799,0.051949880332253943,677.57812412,65.25,8.4695,0.4074
002410.SZ,-2231.2799999999997,0.68,1.2596,142.77008211999998,0.016666666666666705,148.50980156,40.3258,2.5315,1.6552
002412.SZ,-5708.92,0.14,3.7558,58.845279000000005,0.011424219345011451,59.47824,25.1841,2.5406,
002413.SZ,-1000.7800000000007,0.89,2.1522,104.4116983,0.02512562814070354,106.33886041999999,,3.2325,
002414.SZ,5263.029999999999,0.79,1.726,440.80002828,0.025680933852140084,553.91447217,29.8372,6.5972,
002415.SZ,-2196.479999999996,1.0,0.6291,3237.59693523,0.02849002849002849,3280.10750985,19.9596,3.8888,3.078
002416.SZ,-601.46,1.06,1.2004,116.0894618,0.021052631578947295,117.60784282,59.0134,2.2282,5.2687
002418.SZ,34380.13999999999,1.45,25.6176,61.25196,0.16326530612244894,61.25196,250.5245,4.1974,
002419.SZ,299.14999999999986,0.96,0.9482,53.181770019999995,0.019148936170212925,53.18255756,124.2761,1.3315,1.3187
002420.SZ,236.27999999999997,1.99,3.3285,25.241975,0.04950495049504948,25.705625,12.9225,3.0806,
002421.SZ,1830.4799999999996,1.23,8.3681,68.2126732,0.046012269938650284,71.03948695,,2.6179,0.1493
002422.SZ,-6839.360000000001,0.8,1.8025,526.95426828,0.030898203592814352,645.53901096,35.2931,2.6223,1.55
002423.SZ,-3254.9800000000005,0.6,1.2498,226.72399104,0.025278058645096056,226.72399104,18.8581,0.9817,1.6057
002424.SZ,-12.289999999999964,0.9,0.5608,52.9863834,0.008658008658008665,64.2895264,,2.0181,
002425.SZ,-515.4100000000003,1.48,4.4975,30.09007893,0.05660377358490557,31.2829455,,1.2653,
002426.SZ,2952.7599999999998,0.91,1.6813,88.16259168,0.03308823529411759,93.91247759999999,,6.1578,
002427.SZ,-2977.5199999999995,1.23,6.4097,49.4228036,0.04624277456647403,49.46872656,145.1684,5.0757,
002428.SZ,15061.929999999993,0.73,7.7777,657.5785525,0.0674292594822396,657.6918400000001,910.097,42.8506,0.0298
002429.SZ,7387.68,1.44,1.8744,386.8302486,0.07457212713936423,387.0534219,37.4683,2.3206,1.2515
002430.SZ,4572.669999999998,1.84,4.316,268.73727996,0.04940635771734964,268.85324556,26.0283,2.6662,1.4618
002431.SZ,-827.4999999999998,0.99,1.4065,24.873186240000003,0.03521126760563368,24.873186240000003,,15.2841,
002432.SZ,10518.54,0.98,4.6134,307.62261075,0.060123784261715274,327.8595621,7.423,1.4168,0.2619
002434.SZ,542.8700000000001,0.85,0.838,76.0577838,0.024305555555555657,76.13080579999999,224.6718,1.3002,1.7241
002436.SZ,1684.070000000007,0.95,6.4401,546.60608886,0.04779206260480698,612.05246336,282.5456,10.8548,0.0827
002437.SZ,-40090.119999999995,0.94,31.6976,91.88695431000001,0.05967078189300412,97.44523597,24.2722,3.9437,
002438.SZ,-19.950000000000045,0.52,0.7651,64.7055366,0.020363636363636316,70.040175,24.5274,1.858,1.2681
002439.SZ,424.7999999999993,1.25,2.6934,98.79254616,0.018288222384784197,164.26586712,,1.511,
002440.SZ,2714.9199999999983,1.56,7.6817,132.5843355,0.06911447084233255,157.47238599,13.7358,1.5178,1.0421
002441.SZ,167.12000000000012,1.07,1.587,32.83476189,0.014527845036319733,44.815938280000005,20.7591,1.01,6.0753
002442.SZ,176.83999999999992,1.28,3.5099,26.14837456,0.03428571428571423,26.779480839999998,100.1151,1.4331,2.2553
002443.SZ,2119.0499999999993,1.19,5.7026,53.3028352,0.05722891566265063,53.3028352,32.1756,1.5615,1.923
002444.SZ,311.12999999999965,0.74,0.6126,346.55658285,0.017428477474514998,360.85186422000004,14.1981,1.8742,0.8275
002445.SZ,-6.889999999999418,0.83,6.5327,80.92589364,0.05604719764011798,81.2799765,183.6205,3.5502,
002446.SZ,447.46000000000004,0.87,1.8149,71.89151504,0.031212484993997574,77.62725135999999,159.9651,3.1838,
002448.SZ,-1859.7399999999998,0.76,2.851,70.7060571,0.03776683087027907,71.66828928,13.7345,1.8209,1.0673
002449.SZ,-163.88999999999987,0.52,1.8849,41.19058152,0.024132730015082978,41.19058152,,1.1004,0.7508
002451.SZ,-485.55999999999995,0.64,4.6467,34.077962400000004,0.019354838709677465,34.195992,321.6314,4.4299,0.1284
002452.SZ,1746.5900000000001,1.47,3.3216,60.12589122,0.02869565217391305,72.02055681,8.7951,2.3152,0.9475
002453.SZ,129.0200000000001,0.84,1.3813,29.4540487,0.024122807017543737,37.20641318,,5.2495,
002454.SZ,-141.29000000000002,0.69,0.9362,45.27145608,0.021442495126705544,45.36019776,19.7111,1.1326,3.4514
002455.SZ,-578.6799999999985,1.01,9.47,52.7988788,0.021437578814627874,57.72475375,,2.0634,0.6177
002456.SZ,3299.3699999999953,1.0,3.1024,255.7881165,0.048620236530880434,269.53506192000003,,6.0528,
002457.SZ,739.8299999999981,1.64,7.8091,37.78405444,0.03330333033303323,37.78405444,28.9179,1.4989,1.3988
002458.SZ,-1281.3099999999995,1.15,4.3658,86.87806544,0.025358324145534777,128.66425969,27.56,2.7739,2.9596
002459.SZ,-4102.690000000002,3.02,2.3866,230.48220356000002,0.03972602739726028,230.68732369,,1.1986,
002460.SZ,850.4400000000023,0.9,3.2532,652.80691577,0.02854545454545455,1129.90861216,17.651,2.3443,0.2783
002461.SZ,-252.67000000000002,1.21,0.2161,193.66624375,0.014925373134328242,193.66624375,20.0663,1.7154,1.9429
002462.SZ,-76.03000000000003,0.79,0.6878,35.530241759999996,0.012965964343598067,35.559095490000004,39.1296,0.8011,1.3946
002463.SZ,36411.74000000005,0.94,2.5814,2401.83405847,0.05751848808545604,2403.72244785,47.4773,13.362,0.4001
002465.SZ,-1606.3899999999994,1.26,1.8366,252.74448420000002,0.02376237623762361,253.14705780000003,,2.283,0.5882
002466.SZ,13659.100000000006,0.98,3.9413,736.4548386,0.03832335329341306,854.8395447,18.5021,1.7692,
002467.SZ,-1823.25,1.15,2.2387,64.44228593999999,0.03205128205128213,64.78001649,,4.1889,0.2123
002468.SZ,1862.9299999999994,1.17,0.9776,206.23766145,0.02277580071174379,213.85306258999998,10.9656,1.8189,0.4707
002469.SZ,-750.4200000000001,0.71,3.1888,41.19851095,0.039215686274509776,42.500500300000006,41.8189,1.6606,6.1069
002470.SZ,-816.380000000001,1.21,5.6138,69.32923427,0.03703703703703707,69.33518658,,4.2476,
002471.SZ,1592.9099999999999,1.11,2.3834,73.51967383,0.02420856610800743,74.871172,,4.1472,
002472.SZ,-3631.0200000000004,1.0,1.6179,268.79930129,0.01764705882352948,301.83418327000004,23.7473,2.9045,1.1336
002474.SZ,-398.7199999999998,1.1,3.6549,34.22125798,0.034700315457413214,39.63414,,3.0469,
002475.SZ,41903.03,0.79,1.2918,4220.70982317,0.040106007067137864,4458.53320638,25.0505,4.7899,0.3426
002476.SZ,-44.49000000000001,0.74,1.1722,31.212,0.02343750000000002,31.212,87.8193,3.2098,0.1961
002478.SZ,3230.99,1.44,7.1463,49.95030753,0.04831625183016106,62.24557215,17.208,1.045,3.1606
002479.SZ,-491.0800000000004,1.01,2.7676,51.87067528,0.023529411764705976,51.9865,15.3931,1.1789,2.4958
002480.SZ,-324.9599999999999,1.31,0.8163,42.2118125,0.0349264705882352,42.304278499999995,,5.6793,
002481.SZ,288.8399999999999,1.16,1.1239,47.633300760000004,0.025345622119815538,52.5554709,459.0879,2.1467,0.6973
002482.SZ,-1960.4299999999998,1.23,2.1676,50.540082299999995,0.04477611940298495,50.6379924,,11.9223,
002483.SZ,-468.3599999999999,0.8,1.1385,48.069118440000004,0.01669758812615953,48.13523412,15.3223,1.0624,5.5249
002484.SZ,-1332.1600000000035,1.2,5.3533,520.1779799999999,0.09292763157894735,539.2321526,77.0977,8.2273,0.407
002485.SZ,26.570000000000007,0.61,0.2263,32.5312,0.016835016835016925,32.5312,,3.2377,
002486.SZ,3257.09,2.14,9.1176,24.6129,0.06101694915254227,24.728493,72.1862,2.2923,
002487.SZ,-4719.149999999998,0.96,3.6289,222.39675002,0.03048098434004484,260.88026177,22.5412,1.807,0.4709
002488.SZ,706.8000000000002,0.6,1.4787,75.90693,0.023284313725490134,82.12372574999999,147.8068,2.3589,0.1201
002489.SZ,-352.10000000000014,0.89,0.964,53.947812600000006,0.017667844522968292,61.16626248,,1.4374,1.4184
002490.SZ,73.38999999999942,0.94,10.4038,45.775509,0.038004750593824264,69.5880146,,13.8448,
002491.SZ,4387.619999999995,0.54,13.5095,261.41136736,0.05937921727395413,273.30477790000003,126.6781,10.2285,
002492.SZ,157.81999999999994,1.16,1.8327,23.11419607,0.027633851468048382,23.5305,,1.5012,0.3429
002493.SZ,6889.399999999994,1.46,0.8028,1389.3502574,0.053608247422680486,1482.43323732,27.6734,3.1109,0.6457
002494.SZ,-231.0999999999999,1.04,3.8659,14.023072560000001,0.030991735537190156,18.45049323,81.5467,1.4814,
002495.SZ,-38.190000000000055,1.18,2.9929,17.0009959,0.01632653061224491,22.9228272,132.8362,2.0786,0.3202
002496.SZ,-1468.9,1.18,3.1331,25.63419915,0.036036036036036063,32.71469649,,2.5171,
002497.SZ,5425.25,0.86,3.6901,203.22890168,0.03523316062176164,221.0614875,12.9092,1.8164,0.2069
002498.SZ,-2521.6800000000003,0.98,1.5236,210.25350720000003,0.029411764705882276,210.25350720000003,36.296,2.3798,0.6329
002500.SZ,306.4800000000005,0.75,0.63,195.2835696,0.020146520146520044,195.2835696,19.4701,1.0446,1.8382
002501.SZ,-421.51,0.55,0.4218,45.73427454,0.015267175572519097,45.795,,32.7248,
002506.SZ,-7959.02,0.85,6.157,154.877713,0.06451612903225812,155.03338459999998,,22.2073,
002507.SZ,192.69000000000005,0.93,0.7173,128.98571712,0.011555555555555624,129.0081442,17.5205,1.4487,3.7567
002508.SZ,-912.5700000000002,1.22,1.1359,148.44332013000002,0.02988792029887912,150.25387364,13.386,1.2941,6.2889
002510.SZ,-212.05999999999995,0.61,1.0058,57.251431319999995,0.014159292035398242,57.25382267999999,106.9384,2.2629,0.5319
002511.SZ,-609.24,0.64,0.5669,89.94177729,0.008403361344537761,91.08895446,23.1257,1.6452,0.8897
002512.SZ,-1253.06,1.0,2.0217,44.10640754,0.029339853300733524,44.42739301,,13.79,
002513.SZ,-48.32000000000005,1.2,3.4492,16.28848224,0.0349264705882352,20.7327888,,415.7628,
002514.SZ,708.1299999999999,1.06,7.0245,10.360361,0.09039548022598866,13.46463954,,,
002515.SZ,1252.4400000000023,0.58,6.404,89.80092985,0.035928143712574724,98.66504915,,3.8039,0.3681
002516.SZ,-202.30999999999995,0.86,0.6665,79.59717915,0.022058823529411783,80.16070915,36.5401,2.1242,1.4679
002517.SZ,10543.089999999997,1.66,4.1716,322.66579989,0.05903614457831327,366.82731461,15.4005,3.497,0.5824
002518.SZ,2694.4300000000003,0.97,3.052,202.55058432,0.06174231745136729,208.66947584,32.32,4.2803,0.6417
002519.SZ,1992.1100000000001,1.29,2.2308,63.586947380000005,0.038112522686025406,63.75598894,,2.8698,
002520.SZ,2829.8900000000012,1.36,6.5093,46.777101040000005,0.05741626794258379,48.915987040000005,77.9939,15.7249,
002521.SZ,32.49000000000001,0.89,0.8156,28.336135359999997,0.016320474777447986,37.86013036,22.1083,0.963,5.9172
002522.SZ,-1145.05,0.49,2.0641,47.88559842,0.01893939393939387,47.91573026,63.1548,2.039,0.4726
002523.SZ,-292.8199999999997,0.87,1.4474,49.82745731,0.025568181818181778,50.00742024,35.3377,1.9641,0.4249
002524.SZ,-17.370000000000005,0.72,2.563,20.82949474,0.01980198019801982,21.07706244,,18.7333,
002526.SZ,-455.48,0.65,0.8715,48.00045224,0.014652014652014666,48.31371198,158.8068,1.4981,0.369
002527.SZ,-662.74,1.07,1.1716,62.79604788,0.03613369467028007,74.52809012,,6.0393,
002528.SZ,-183.51000000000204,1.28,4.6571,76.24594296000001,0.12030075187969921,87.02381226,,,
002529.SZ,-111.01999999999998,1.47,2.2011,18.798,0.03556187766714082,18.798,,32.9633,
002530.SZ,177.47000000000025,0.94,1.7374,52.363624560000005,0.02442333785617364,57.73858662000001,76.4558,4.2604,
002531.SZ,2197.6500000000005,1.59,2.0524,112.57272180000001,0.024350649350649407,113.2033581,,1.286,0.3175
002532.SZ,1570.3999999999978,0.81,1.3578,542.5158757500001,0.037965072133637055,611.4562237499999,8.8474,1.9043,3.0096
002533.SZ,-56.279999999999745,1.68,1.5612,73.8542592,0.0347593582887701,83.88946772999999,13.5187,1.8803,2.168
002534.SZ,5291.570000000001,1.06,1.0157,136.350298,0.09454061251664447,138.09649504,57.9146,2.523,1.0646
002535.SZ,-113.43,0.99,1.9838,19.554042499999998,0.030769230769230795,21.0040946,,3.9663,
002536.SZ,3636.609999999986,0.87,10.9336,299.3821623,0.08400525032814558,315.5574591,173.1975,9.4769,0.5464
002537.SZ,-1010.4099999999999,0.49,2.5602,71.518289,0.04,71.73242312,23.3403,1.601,
002538.SZ,-2674.8500000000004,1.36,1.5816,60.90444276,0.036885245901639406,60.94388412,33.8076,1.1636,1.6807
002539.SZ,2731.750000000001,1.09,2.6618,121.27886768,0.031114327062228633,164.61274031,16.0706,1.6666,1.4674
002540.SZ,302.20000000000005,1.92,1.6893,44.88393322,0.040618955512572524,65.24812543,21.9125,1.1788,5.6798
002541.SZ,715.7399999999998,2.08,3.1688,104.34667503,0.044510385756676665,145.11101673000002,18.5689,1.4577,1.7053
002542.SZ,-1769.1400000000003,1.63,2.4234,29.379308,0.07262569832402241,30.16214889,,,
002543.SZ,-31.730000000000018,0.94,2.5098,49.05927404,0.04275862068965512,55.17511999999999,,1.192,3.4942
002544.SZ,753.2399999999998,0.93,1.1018,110.98441235,0.028395061728395114,110.99507908999999,528.6449,2.9887,0.0509
002545.SZ,2249.2700000000004,1.16,2.0582,202.2993023,0.05509641873278237,222.6871159,13.185,2.1482,1.676
002546.SZ,703.9699999999998,0.9,1.3331,64.098192,0.01886792452830182,66.723928,7.9123,1.6086,1.5
002547.SZ,783.1999999999998,0.97,2.0136,30.381958750000003,0.052434456928838996,31.021572999999997,,,
002548.SZ,-977.1600000000001,1.05,3.3488,34.5922745,0.03686635944700464,35.6114691,,4.2036,
002549.SZ,-1869.9799999999987,0.88,3.0214,99.699768,0.028551532033426193,100.1300976,289.1344,4.876,
002550.SZ,-1059.2000000000007,0.85,1.5964,62.9354154,0.023738872403560853,84.4668,28.7722,3.0847,1.7756
002551.SZ,91.78999999999996,0.82,1.8396,20.53587312,0.017751479289940846,28.408618560000004,,1.1567,0.2378
002552.SZ,-9796.390000000007,0.67,7.5624,194.68029339,0.059409663470577245,204.97263399,86.0399,12.5134,0.3786
002553.SZ,-447.1099999999999,0.8,2.029,39.91745568,0.023963730569948136,55.06121568,31.1973,3.4566,0.632
002554.SZ,-326.24000000000024,0.91,1.2785,39.204015059999996,0.03344481605351173,39.21137094,,2.1293,
002555.SZ,460.880000000001,1.07,1.9155,301.59257596,0.029556650246305567,408.37907942,12.503,2.8984,5.3864
002556.SZ,1216.4700000000003,1.69,2.4221,49.8777894,0.027777777777777842,49.92583872,25.558,1.3766,4.6025
002557.SZ,-9.899999999999636,1.13,1.4168,94.39913808,0.02289669861554844,94.69611216,19.9075,1.8894,6.8263
002558.SZ,991.5599999999977,0.94,3.2862,521.70221025,0.03739002932551331,521.7042690000001,16.7118,3.1008,1.0508
002559.SZ,-1053.3700000000008,1.04,3.3951,47.331818489999996,0.031833150384193105,59.372384569999994,73.8975,2.4626,0.6866
002560.SZ,1634.4100000000003,1.14,2.864,39.3941212,0.02610114192495924,45.73389974,36.4009,1.707,
002561.SZ,-44.450000000000045,0.81,1.0847,28.844996159999997,0.015714285714285632,28.9371048,,1.3499,0.8621
002562.SZ,-190.84999999999945,0.99,3.3357,40.51616946,0.017964071856287397,56.91253062,44.2572,1.5607,
002563.SZ,577.94,1.17,0.9163,130.596028,0.030100334448160484,158.95132180000002,15.1866,1.3867,8.4746
002564.SZ,197.35999999999996,0.69,0.8497,38.822483399999996,0.017699115044247805,38.822483399999996,,35.5146,
002565.SZ,973.4099999999999,0.97,3.7156,91.58012928000001,0.035294117647058906,91.58304960000001,159.6331,4.9311,0.4504
002566.SZ,-678.0599999999995,1.42,5.2653,16.084710180000002,0.025210084033613408,22.93494588,61.8749,1.0276,1.443
002567.SZ,-663.25,1.08,1.5977,54.83282312,0.023316062176165768,54.88586862,,1.4702,
002568.SZ,27.7800000000002,1.15,1.2455,134.96941535,0.02428006775832861,184.47155726999998,25.3664,3.6951,1.6877
002569.SZ,-22.60000000000001,0.49,0.5963,15.485106,0.023049645390070903,15.927506,273.7963,52.1037,
002570.SZ,-425.8100000000002,1.08,1.3524,49.46378474,0.021739130434782726,49.465983140000006,32.6702,2.9577,
002571.SZ,-228.7199999999999,0.69,1.0477,31.88893278,0.015917602996254675,41.899529830000006,,5.5969,
002572.SZ,-855.4700000000003,1.54,2.0437,57.610513,0.055693069306930715,76.08072879999999,11.8171,1.1366,12.6582
002573.SZ,-793.72,1.33,1.558,46.90133788,0.023880597014925394,46.98686772,,0.8515,
002574.SZ,-458.47000000000025,0.76,4.5517,26.928,0.04380952380952372,26.928,,0.9993,
002575.SZ,2163.5499999999993,1.95,7.4096,32.19633505,0.07344632768361577,33.96915,,4.2517,
002576.SZ,193.46000000000004,1.4,1.7012,23.899071,0.03174603174603168,24.35225,29.8545,1.8658,0.5423
002577.SZ,496.9000000000001,1.67,2.1352,55.5171194,0.06542553191489364,55.5200864,,4.7326,
002578.SZ,-539.4799999999996,1.9,8.4455,35.47989912,0.06004618937644337,38.67156424,,2.5877,
002579.SZ,2155.33,0.79,8.7676,85.64874244,0.05076495132127958,89.93242516,,3.9081,
002580.SZ,3753.779999999999,0.7,13.0522,97.29807588,0.05597722960151802,97.62722190000001,58.5109,3.995,0.186
002581.SZ,424.02,0.53,2.4712,21.48240832,0.06130268199233705,35.36182816,,1.9929,
002582.SZ,-1848.3599999999997,1.03,7.617,36.103915539999996,0.02987861811391209,46.96455871,2.8808,1.0448,9.2897
002583.SZ,-428.1999999999998,0.82,1.3112,109.19501827,0.024881516587677618,154.76451094,,7.4188,
002584.SZ,1350.3899999999994,1.24,5.6298,40.31947334,0.025029797377830638,49.04113432,124.9749,2.2172,
002585.SZ,710.0900000000001,0.76,4.7118,87.94990656,0.04559270516717318,113.21920192,,1.3501,0.3024
002586.SZ,-1249.6599999999999,1.64,1.5289,45.5670042,0.0625000000000001,47.94297303,17.5947,1.5048,
002587.SZ,83.06999999999994,1.11,2.3029,29.99172501,0.028880866425992646,36.848580829999996,226.6259,2.8181,0.3526
002588.SZ,-938.7700000000004,1.14,2.5426,70.4082012,0.02573529411764716,94.45514399999999,9.7302,1.2114,3.7195
002589.SZ,-2165.08,0.67,5.5139,43.4258097,0.03927492447129906,47.84979072,529.3102,0.9014,0.1241
002590.SZ,1698.0200000000002,1.76,2.0263,50.02828072,0.048106448311156486,52.528113,24.3245,1.696,0.5919
002591.SZ,226.21000000000004,1.08,5.326,14.774176250000002,0.03543913713405245,19.84318695,,3.1029,
002592.SZ,298.85000000000014,0.7,1.5943,17.794335699999998,0.04054054054054047,19.22857374,16.3172,1.9447,2.947
002593.SZ,-283.7800000000001,0.71,1.6037,25.61504651,0.013186813186813102,36.7363106,23.8359,1.4797,1.0941
002594.SZ,-129584.61999999994,2.54,1.8365,3075.5945934,0.048093587521663914,8041.368195,27.3201,3.351,1.5019
002595.SZ,-512.8400000000001,4.7,1.3423,505.43429820999995,0.0485129719468466,508.892,21.8396,4.117,0.6277
002596.SZ,274.22,0.99,1.7504,38.18079765,0.026865671641791135,38.21443065,,7.9998,
002597.SZ,781.0999999999995,1.87,1.6807,120.32656137999999,0.0345158197507192,120.82481074,45.0017,1.5174,3.7581
002598.SZ,271.1,1.7,1.383,20.229018,0.047965116279069776,22.0309418,34.9557,1.7306,1.4164
002599.SZ,192.68000000000006,2.64,3.6813,24.182209349999997,0.0436974789915966,31.6259658,,2.5941,0.3369
002600.SZ,19643.640000000007,1.36,1.5421,920.87740363,0.046511627906976605,1038.58450266,48.9554,3.2951,0.3054
002601.SZ,-3201.1600000000008,0.85,0.8922,320.92233799999997,0.028313253012048123,386.4866008,54.9659,1.6936,3.6826
002602.SZ,1785.0999999999985,1.18,1.1797,961.07163474,0.029348604151753766,1042.21447722,13.9866,3.0456,
002603.SZ,-870.6099999999997,0.91,1.2273,219.24025704000002,0.029048207663782487,266.14337022,19.3525,2.4393,1.8832
002605.SZ,1125.1499999999996,1.59,2.2309,59.05539449999999,0.027972027972027996,72.90725058000001,17.0564,1.9386,2.8539
002606.SZ,473.5,1.15,4.457,55.617143999999996,0.03302611367127494,57.9576624,18.1112,2.8296,0.2326
002607.SZ,-444.869999999999,0.9,1.8858,119.55020704,0.019047619047619063,128.89864746,213.6509,15.5213,
002608.SZ,-262.0,1.3,0.4323,268.62146667,0.018309859154929563,268.62146667,9.148,0.7183,1.4065
002609.SZ,469.46000000000004,1.12,1.4107,36.35226385,0.032175032175032175,50.89600908,78.3908,2.1354,0.8826
002611.SZ,4736.98,1.28,2.1301,152.90347352,0.03355704697986577,185.39264257,4.4416,1.9565,0.8536
002612.SZ,295.57000000000016,1.84,3.5688,39.43910328,0.03397734843437707,66.76499577,8.0173,2.3772,2.6508
002613.SZ,-134.17999999999995,0.76,2.0176,27.001149310000002,0.011396011396011407,38.40984763,,1.7351,0.8596
002614.SZ,-552.73,0.49,3.926,25.81460505,0.03242320819112619,36.488743199999995,,0.8669,1.7087
002615.SZ,-140.68,0.63,1.9351,20.097430499999998,0.02564102564102563,37.2274847,134.29,1.5565,3.1135
002616.SZ,431.07000000000016,1.47,2.1938,28.610290610000003,0.018218623481781347,41.84383868,13.3235,1.1751,2.66
002617.SZ,-2354.7299999999996,0.85,2.3077,116.22478942,0.01774193548387102,118.17786441,67.0251,1.8211,
002620.SZ,-242.75000000000006,0.38,1.2391,17.574231479999998,0.026929982046678697,20.9886664,,,
002622.SZ,-26.899999999999864,1.16,3.7826,22.6793331,0.03422053231939158,22.6800027,,8.6911,
002623.SZ,-118.23000000000008,1.01,1.3985,30.590612680000003,0.023514851485148563,30.658325,,1.1876,3.1486
002624.SZ,-462.4400000000005,1.4,2.2617,199.9539902,0.0284664830119376,212.23254296,194.3238,3.2592,2.061
002625.SZ,606.5299999999988,0.75,0.6308,615.77675248,0.02077464788732394,615.78121096,99.3182,6.2664,
002626.SZ,-982.3699999999999,0.68,0.707,100.26114840000001,0.035966981132075436,100.2734784,38.1761,2.432,2.4331
002627.SZ,-440.9499999999998,0.59,2.8835,49.848488339999996,0.02900552486187845,50.38550916,63.0966,1.6131,1.3682
002628.SZ,-998.4499999999989,1.26,6.9114,41.2414002,0.056569343065693355,41.3376873,,1.4884,
002629.SZ,-355.84000000000003,1.08,2.7827,17.748450599999998,0.024539877300613522,20.8361922,228.599,37.8538,
002630.SZ,-52.90999999999997,1.16,1.0921,17.984460459999998,0.041420118343195304,19.71936,,,
002631.SZ,5720.66,1.44,9.4637,85.40103323999999,0.08514851485148527,85.78764004,,4.2579,
002632.SZ,-1161.84,0.75,1.2761,48.77619615,0.018890200708382543,53.02846359,27.1309,2.4461,3.0624
002633.SZ,276.75,1.44,1.3596,22.55426628,0.043715846994535554,22.62,194.0079,6.377,
002634.SZ,-105.19000000000003,0.84,0.6023,18.84282328,0.014117647058823438,19.3846755,,,
002635.SZ,424.7400000000007,1.12,4.8714,63.24574268999999,0.058365758754863835,105.48391932000001,49.4383,1.7982,1.2508
002636.SZ,20448.399999999994,1.56,12.1653,549.36543675,0.058485925116151964,551.46,55.3588,12.8626,0.1122
002637.SZ,-3008.340000000001,1.19,5.4477,55.63307672999999,0.05896607431340861,56.3069997,25.083,1.5249,0.9812
002638.SZ,-1354.92,0.69,3.1589,63.305424,0.034334763948497694,67.23261324,,3.5872,
002639.SZ,-787.3899999999999,0.6,2.0909,78.75053318,0.021775544388609697,92.98545356,587.5446,3.573,
002640.SZ,-556.1799999999994,0.72,4.414,52.33124884,0.03225806451612912,52.66179932,,7.8067,
002641.SZ,407.69000000000005,0.9,0.6784,45.1315085,0.01990049751243783,48.91793324,149.564,0.898,1.2443
002642.SZ,-348.18000000000006,0.89,1.3242,48.16304584,0.022191400832177553,48.16304584,282.1548,4.0407,
002643.SZ,-1177.9699999999998,0.66,1.2972,120.17503799999999,0.029411764705882398,121.99789332,50.0514,1.7183,0.7623
002644.SZ,10.080000000000382,0.77,1.9522,44.0696991,0.030542986425339518,44.0696991,74.8962,2.3667,0.139
002645.SZ,1192.2499999999982,0.71,3.0013,132.0974617,0.0485639686684073,146.25598168,31.2959,3.3712,
002646.SZ,-174.66,0.95,0.8611,32.93928304,0.014367816091954099,32.96265188,,1.1595,0.1608
002647.SZ,-1237.5600000000013,0.62,2.5627,120.61665396000001,0.04802021903959565,134.27865396,208.1786,21.4215,
002648.SZ,6818.5,1.16,1.5068,958.774216,0.03206483439041579,959.3902953600001,10.9101,2.5216,1.7493
002649.SZ,-319.3699999999999,0.95,3.0106,57.87299652,0.042769857433808546,58.492881940000004,114.2021,1.4168,1.7112
002650.SZ,-34.31,0.61,0.1938,67.30841504,0.014876033057851217,67.31069504,,3.7089,
002651.SZ,-424.64999999999964,0.47,2.6845,48.064406,0.025730994152046858,87.8441,290.2675,3.2072,0.7059
002652.SZ,-4.519999999999982,0.76,1.8866,21.1994496,0.0315533980582524,21.1994496,,9.075,
002653.SZ,-384.96000000000004,0.92,0.874,358.7607528,0.04406073236082157,762.23026589,80.2957,15.8275,0.3967
002654.SZ,-969.8399999999965,0.77,6.0183,119.010144,0.059253840526700845,119.018592,254.5941,7.5123,
002655.SZ,-2969.230000000003,0.72,7.5244,142.29368157,0.06593406593406602,142.8134283,318.0451,16.3208,0.0756
002656.SZ,-728.3299999999999,0.94,1.5782,20.39316048,0.02739726027397263,21.161841029999998,,5.2972,
002657.SZ,-1503.2799999999997,0.64,2.8624,54.51986428,0.024539877300613407,55.03671458000001,,3.4498,
002658.SZ,-18.910000000000082,0.69,1.3556,27.15038789,0.02251655629139072,48.12710013,33.2297,1.8503,3.2441
002659.SZ,116.28999999999996,1.04,2.0139,27.76011312,0.02838427947598251,27.76021056,,1.2934,
002660.SZ,6009.6900000000005,6.26,7.5918,29.02431436,0.11154855643044627,29.88526718,,3.0009,1.1933
002661.SZ,151.22000000000003,1.33,1.6125,24.488341560000002,0.02743142144638401,25.71339622,,1.1812,3.5436
002662.SZ,-289.81999999999994,0.89,0.7843,49.34937819,0.023809523809523832,49.35,30.1265,1.1215,2.1884
002663.SZ,-505.28999999999996,0.95,1.688,29.703821879999996,0.03389830508474579,29.98627086,,1.5569,
002664.SZ,37.370000000000005,0.76,0.8335,62.57771568999999,0.02732595966167859,63.39346,47.289,1.7793,
002666.SZ,-309.73,0.77,2.5211,21.43397464,0.02112676056338025,33.72637004,79.6351,0.9468,2.112
002667.SZ,-1504.9400000000005,0.47,5.8524,44.1042904,0.0342105263157894,48.5742556,,,
002668.SZ,931.5999999999999,0.61,1.1004,101.68964932,0.022459893048128243,101.68964932,10.2051,2.6563,
002669.SZ,-532.9299999999998,0.74,2.6438,36.96184338,0.03482587064676616,37.04514,35.9857,1.3535,
002670.SZ,-8033.850000000002,1.05,2.679,195.28907718,0.029045643153527086,232.79067738,83.3437,2.0198,
002671.SZ,83.36000000000001,1.84,2.8382,21.89042517,0.034398034398034315,22.29515873,153.9542,1.3544,
002672.SZ,-16.620000000000005,1.29,0.8789,33.94193625,0.01319261213720312,41.4470925,,1.9624,
002673.SZ,-284.5599999999995,1.11,0.9874,310.18896998,0.026354319180087807,310.18896998,15.4793,1.0249,1.7267
002674.SZ,-1795.6499999999996,0.79,4.1237,72.5557976,0.0570510245078344,73.296648,64.9512,3.007,0.6048
002675.SZ,258.6300000000001,0.84,0.6622,95.5991824,0.023255813953488427,106.04300701999999,52.8322,2.4111,0.2333
002676.SZ,-144.51999999999998,1.01,1.672,38.014664159999995,0.022900763358778477,38.016,42.4618,2.7712,0.1894
002677.SZ,-139.14,0.99,0.9083,36.46493096,0.02499999999999999,43.15624688,,2.9796,4.491
002678.SZ,-161.45000000000005,0.87,0.8208,71.13689856,0.03883495145631071,71.17598371999999,,2.404,
002679.SZ,2154.3600000000006,0.86,2.1475,27.677754399999998,0.0,27.677754399999998,183.7857,3.7107,0.3118
002681.SZ,6489.409999999998,3.85,7.4979,79.38847955,0.08547008547008536,90.62993610000001,,4.2288,
002682.SZ,-1286.0600000000004,0.78,5.3319,28.23090372,0.027559055118110173,28.23090372,,5.8469,
002683.SZ,163.85000000000036,1.22,1.2479,205.15140558,0.03250164149704525,233.81664526999998,24.0191,3.3012,2.095
002685.SZ,-880.4000000000001,0.86,1.9865,56.122724010000006,0.023465703971119113,56.12836642,54.6854,3.3869,
002686.SZ,1513.2599999999993,0.6,6.6762,35.5458168,0.03432835820895529,38.5042588,,2.3856,0.1469
002687.SZ,1016.9000000000001,0.62,4.1648,26.347377419999997,0.047169811320754686,32.15445415,38.9737,2.1101,
002688.SZ,139.14,1.07,1.0807,38.54732164,0.0172413793103448,43.20868937,210.4434,1.9026,1.7407
002689.SZ,-18.67999999999995,0.64,0.4861,29.618686599999997,0.017667844522968292,29.63002388,36.5065,2.415,
002690.SZ,33.47000000000003,0.71,1.0544,68.70949707,0.023985239852398556,141.95063001,19.4105,5.5155,4.3507
002691.SZ,268.58000000000004,1.31,0.9568,15.4550938,0.039647577092510954,15.64,,1.994,
002692.SZ,121.72000000000003,0.68,0.9739,31.08341161,0.018604651162790715,31.0957218,,2.8119,0.4619
002693.SZ,-14.639999999999873,0.59,2.4447,36.700656880000004,0.025274725274725126,37.03179914,72.4161,8.6912,
002694.SZ,225.92999999999998,0.49,0.5748,18.1855388,0.06172839506172836,19.30604544,,,
002695.SZ,126.25999999999976,0.87,1.5777,55.90187848,0.03441860465116272,61.16272794,67.259,2.1875,1.0061
002696.SZ,2327.67,2.74,11.7893,22.127939180000002,0.12050078247261353,22.88892804,,1.7882,
002697.SZ,-324.7199999999998,1.3,1.725,52.69744116,0.02345415778251606,62.424,13.3451,1.2714,2.5054
002698.SZ,100.3100000000004,1.24,1.2869,105.26404601,0.034257748776508966,127.51343152000001,24.4781,3.0793,2.0048
002700.SZ,343.78000000000003,1.07,1.4003,26.73147573,0.03115264797507791,27.00992146,34.4764,1.9008,1.0107
002701.SZ,1866.83,3.95,2.8106,114.05814004,0.057731958762886657,114.16531384000001,13.1737,1.1255,2.6906
002702.SZ,-862.1000000000004,1.31,5.819,23.57943132,0.039848197343453504,28.56606914,,2.8268,
002703.SZ,3658.5800000000017,0.67,9.0263,97.16677498,0.03920386007237628,136.39245191999998,71.3349,6.2624,0.3619
002705.SZ,-239.62000000000012,0.84,0.4338,90.5075808,0.013286093888396687,90.93008959999999,15.333,1.0827,5.3152
002706.SZ,-2090.0,0.89,2.9997,85.27703072,0.015839493136219678,104.67525,60.584,2.4811,2.2796
002707.SZ,-501.4699999999998,0.77,2.476,47.8498734,0.030411449016100166,54.344139500000004,,5.856,
002708.SZ,-1586.5299999999988,1.19,4.7834,64.77402384,0.060309698451507764,71.4426558,67.8902,3.9405,
002709.SZ,-13824.61,1.11,3.6258,549.8836084,0.03768506056527606,742.8518834800001,18.7828,3.6623,0.2565
002712.SZ,950.6600000000008,2.13,4.5492,26.99092497,0.07188160676532766,27.15938238,,1.9664,
002713.SZ,-1046.16,0.56,1.736,49.68620628,0.025000000000000022,90.19321296,120.5963,8.6088,
002714.SZ,10541.960000000006,1.4,1.931,1387.97925383,0.017754318618042275,2442.55464991,,3.0852,3.4981
002715.SZ,-47.70999999999992,1.16,2.8662,19.8444,0.022853185595567874,19.8444,,4.2946,0.2225
002716.SZ,-14173.62000000001,0.68,14.0762,251.75636587999998,0.03175965665236045,306.02281508,68.5949,7.5269,
002717.SZ,149.98000000000002,0.59,2.1398,17.889419,0.029126213592233035,18.202336,,,
002718.SZ,241.98000000000002,0.77,0.7128,83.60147417,0.04873731413736129,112.47719342,8550.5971,12.2451,
002719.SZ,801.8199999999999,1.35,3.4361,11.0054668,0.06959152798789711,11.841486,,16.2467,
002721.SZ,-2154.4400000000005,0.78,6.204,76.85604154,0.03594771241830061,76.85604154,85.0221,3.5654,
002722.SZ,534.9200000000001,2.75,3.1365,29.7736023,0.05525709900230243,29.7756108,16.8289,0.9972,1.5903
002723.SZ,1146.19,1.31,3.9123,25.643199720000002,0.07198952879581139,26.820636930000003,,3.8018,
002724.SZ,-1669.8,0.63,4.2481,39.0870027,0.028860028860028888,53.233362,110.4772,1.9616,0.7209
002725.SZ,91.10000000000002,1.03,1.6542,29.07892886,0.03919860627177694,29.9008,,3.1067,
002726.SZ,-2245.67,0.64,5.4171,35.64026885,0.06593406593406582,35.661726650000006,,5.7118,
002727.SZ,-34.399999999999864,0.77,1.6077,44.31657815,0.015111111111111105,65.29485715,24.1272,0.8769,4.3964
002728.SZ,-921.4300000000003,0.91,2.5708,44.616492099999995,0.028665931642778367,45.6845722,61.0985,2.5671,0.5461
002729.SZ,-358.8799999999999,0.97,1.9152,24.31893618,0.013024602026049183,25.35962814,84.1572,4.4733,0.404
002730.SZ,594.21,0.58,1.9569,82.77035208000001,0.03422370617696161,86.60951208,147.682,5.3124,0.5435
002731.SZ,95.71,0.3,5.156,1.7683542799999998,0.0,1.9724012,0.7203,0.1054,11.6883
002732.SZ,-6.1200000000000045,1.09,1.034,22.25577042,0.018465909090909075,22.296495,60.7281,1.4733,1.0586
002733.SZ,-483.28,0.86,2.1524,68.23961800000001,0.021024258760107845,71.079775,188.5691,2.6427,0.5315
002734.SZ,-10.769999999999527,0.53,2.4897,71.03891167,0.02469135802469127,77.56185871,15.996,1.9267,1.3442
002735.SZ,274.6600000000001,0.8,3.594,34.06458635,0.03565365025466893,44.84288885,,2.8707,0.1107
002736.SZ,-287.9500000000007,0.82,0.2544,985.2740135,0.01070038910505831,1049.77866775,9.1788,1.0793,3.2048
002737.SZ,2744.2200000000007,3.81,3.0151,69.43649423,0.07473035439137139,69.4376,,1.7725,4.2052
002738.SZ,6598.229999999996,0.87,3.5591,383.52165282,0.05072056896874417,393.43021505999997,26.5872,3.0254,0.9169
002739.SZ,1535.760000000002,1.92,3.8152,180.17248392,0.03699284009546545,181.19061246,,2.5229,
002741.SZ,-955.4999999999982,0.81,4.0534,109.95780162,0.05590800951625695,119.82160811000001,84.4272,6.0389,
002742.SZ,-3973.8900000000003,0.37,4.6956,29.44436582,0.01762820512820518,38.4465324,,25.935,
002743.SZ,2195.2900000000004,0.89,5.5233,22.3804065,0.05532786885245893,22.41632775,,1.1325,
002745.SZ,4350.07,1.03,4.9477,125.54634312,0.051502145922746746,176.31896832,,1.4628,0.4209
002746.SZ,830.06,1.58,3.7086,46.41282348,0.02959501557632391,56.27923098,19.6274,1.2197,5.3517
002747.SZ,-3284.800000000003,0.68,3.9652,247.71898432,0.0323912353127977,306.4050051,153.4976,9.3485,
002748.SZ,-348.06999999999994,0.63,1.741,29.424,0.0219869706840392,29.424,25.1434,1.9982,0.4078
002749.SZ,-28.459999999999923,1.34,0.9212,47.24670692,0.020594965675057177,48.30173488,18.2126,2.5443,12.5784
002752.SZ,-219.83999999999992,1.07,1.3914,59.5071348,0.024752475247524813,59.592022400000005,14.7745,1.6253,1.6393
002753.SZ,-419.2700000000002,1.58,4.0549,20.43901299,0.046268656716417986,29.62175345,92.876,1.1103,1.8758
002755.SZ,-126.92000000000007,0.99,1.6267,105.62365208,0.03462837837837839,105.62465352000001,53.5496,3.2755,1.0545
002756.SZ,-926.6800000000003,0.58,2.1038,181.94471245,0.027253218884120085,249.11884936,20.4273,1.8509,1.6973
002757.SZ,10602.94,3.42,9.9588,49.67878928,0.08495909376966654,51.645691320000005,37.1081,2.5254,2.0023
002758.SZ,1445.0100000000002,2.12,6.9106,46.27952854,0.04610318331503841,46.32906325,7.8134,0.9209,3.2993
002759.SZ,-3010.460000000001,0.75,3.374,86.43069375,0.02921348314606739,86.48849849999999,23.9964,2.4604,
002760.SZ,-45.48000000000002,1.73,5.984,20.6258417,0.045817794352690434,20.6258417,99.7697,2.4603,
002761.SZ,-504.46000000000004,1.37,1.2472,79.72785667,0.03112313937753727,97.64305903,32.8926,1.1492,0.5539
002762.SZ,-312.75,0.75,1.7863,33.419959999999996,0.028571428571428716,33.419959999999996,,5.1295,0.5297
002763.SZ,-51.52999999999997,1.14,1.6949,23.351177160000002,0.019659239842726012,31.5231556,43.2808,1.9627,5.8518
002765.SZ,207.42000000000007,1.4,1.9584,42.24990556,0.028248587570621493,46.235882290000006,67.6568,1.7769,0.7052
002766.SZ,678.54,0.73,2.1978,36.81591381,0.038095238095238126,36.887385849999994,,3.5441,
002767.SZ,61.64999999999998,0.96,1.3986,24.15463506,0.026659412404787922,27.81,99.0965,3.1939,0.2373
002768.SZ,3461.0300000000025,1.01,3.4859,168.07970529,0.062028628597814287,290.90657999999996,25.291,4.0848,0.2839
002769.SZ,1.329999999999984,0.77,1.1692,26.632928279999998,0.015363128491620156,26.6549052,170.3641,2.2499,
002771.SZ,614.9300000000003,2.76,12.1212,25.04816588,0.08106060606060608,29.09428067,,5.0132,0.0735
002772.SZ,2356.8899999999994,2.19,10.028,43.853118800000004,0.08508845829823082,44.219615000000005,9.6805,1.2416,2.5424
002773.SZ,-88.46000000000004,1.08,0.9453,139.29103032,0.025949062950504524,186.84497364,18.7217,2.0276,2.9579
002774.SZ,-85.65999999999985,0.49,2.4053,45.3652759,0.023809523809523846,54.2067519,98.1504,4.7864,2.236
002775.SZ,-108.45999999999998,0.74,1.424,21.59430364,0.01902173913043474,23.94232204,,,
002777.SZ,-253.55999999999995,1.07,1.2553,52.1819835,0.02895148669796551,52.661799,71.4118,3.1455,1.1628
002778.SZ,5.529999999999973,1.16,1.5843,19.95969751,0.023794614902942955,20.12270729,124.1451,6.3671,
002779.SZ,440.0100000000002,1.81,2.4127,129.01543823,0.0997170192696401,143.79288,126.2486,16.4884,0.101
002780.SZ,242.57999999999993,1.9,5.4763,18.60312059,0.041666666666666685,23.20024651,25.8537,2.784,
002782.SZ,988.5999999999995,1.85,2.8485,76.86785178000001,0.06882859033752477,77.7932166,35.2468,3.5478,0.9414
002783.SZ,428.53999999999996,0.91,1.6778,37.21210962,0.01614906832298124,40.29492225,35.7981,1.5018,1.2393
002785.SZ,983.739999999998,2.09,7.1278,62.19152478,0.023896542029800433,72.54096597,,8.8661,
002786.SZ,216.49,1.15,1.9449,40.037509820000004,0.04239401496259361,40.34282494,,18.1516,
002787.SZ,1443.6800000000003,1.18,4.9382,56.31488639999999,0.09175593851886349,75.4545049,53.8738,4.1403,0.4405
002788.SZ,684.7900000000002,0.78,2.6259,41.27819039,0.02070207020702074,41.99865527,15.5919,1.2676,3.2377
002789.SZ,553.21,1.47,2.0598,17.212613,0.07919847328244276,17.558595999999998,,28.5446,
002790.SZ,269.68,1.89,2.91,16.580361,0.04051863857374392,26.57667828,,1.2973,3.1447
002791.SZ,-669.27,2.18,2.6467,31.57363457,0.06225425950196588,52.6226995,,0.9882,1.3282
002792.SZ,465.8399999999983,0.7,4.6369,105.00126251999998,0.04203039120594894,162.8082288,,5.8077,0.0801
002793.SZ,-934.8500000000004,0.78,4.0114,52.55889584,0.04150197628458498,52.639283400000004,,4.6737,
002795.SZ,-293.93000000000006,0.76,2.0837,31.376631089999997,0.03840877914951992,31.93399902,,7.2487,
002796.SZ,312.34000000000015,1.14,3.0767,69.74564331,0.06296296296296287,77.29998147,,9.2945,
002797.SZ,1556.0099999999984,1.86,2.1835,278.19888,0.05351681957186553,278.19888,26.6544,1.6091,1.1178
002798.SZ,417.53999999999996,0.85,1.5386,31.159976760000003,0.04753820033955862,35.42713641,,1.8084,
002799.SZ,-123.32000000000002,0.98,1.5066,22.402506,0.03318903318903312,22.4028,,1.7515,
002800.SZ,970.98,0.86,3.6804,23.11226512,0.064431295200526,24.04076449,,4.9602,0.19
002801.SZ,115.30999999999997,1.19,0.7937,31.9615452,0.02728613569321528,63.378432,16.2806,3.1441,1.7955
002802.SZ,311.11000000000007,0.89,2.0984,18.740249,0.03420195439739413,22.69198668,46.7353,3.4835,0.7865
002803.SZ,1564.2999999999993,1.5,3.6751,57.81672406,0.05543710021321956,88.97323424,28.1176,3.2075,1.7139
002805.SZ,-833.9500000000003,0.62,3.1216,52.27801875,0.025531914893616853,52.51171875,,5.2391,
002806.SZ,-444.3700000000001,0.79,2.5753,24.24569718,0.02712100139082062,30.894475679999996,,2.7821,
002807.SZ,799.6799999999994,0.91,1.5372,109.76235984,0.017326732673267398,109.92580326000001,5.3123,0.5416,6.7174
002809.SZ,224.50999999999988,1.52,7.4417,15.127356700000002,0.03193832599118953,21.3831578,,1.1806,2.9687
002810.SZ,-206.19000000000005,0.7,1.0244,69.19415398,0.01849283402681471,74.54350916,30.8582,3.2772,1.1652
002811.SZ,17.679999999999836,1.01,3.9576,38.15693284,0.04981132075471699,41.514356,24.7942,2.7721,3.251
002812.SZ,-7833.449999999997,0.92,2.1003,438.4516097,0.036343612334801705,523.0428138,49.5313,2.0078,
002813.SZ,8.899999999999977,0.91,1.0881,25.692877030000002,0.03428571428571423,25.716,,12.6855,
002815.SZ,-3732.040000000001,0.94,5.038,114.62785500000001,0.04356705241660986,182.03731675,71.4896,2.0484,0.7128
002816.SZ,-461.8499999999999,1.18,1.6578,24.4,0.018747506980454822,24.4,165.921,10.89,
002817.SZ,-186.60000000000002,1.1,1.8368,19.77363858,0.022058823529411818,20.36858742,34.192,2.0907,1.4391
002818.SZ,-574.0899999999999,0.86,1.469,32.073399,0.013023255813953541,80.45933175,9.3437,1.3452,9.6744
002819.SZ,398.71000000000004,1.05,1.6458,51.494808899999995,0.048113207547169794,64.89554766,,1.6608,0.1102
002820.SZ,-644.8100000000004,0.76,9.0221,20.52874026,0.040314650934119976,20.52874026,,2.4676,1.4273
002821.SZ,-7744.5199999999895,0.79,3.2602,512.3429424,0.03674063295743908,582.832216,56.2817,3.2854,0.6782
002822.SZ,-382.38,1.07,0.5357,33.5649201,0.025157232704402538,61.23,,5.7417,
002823.SZ,-128.30999999999995,0.79,1.4378,29.35202452,0.02223926380368092,43.09877628,19.1411,2.0662,2.5523
002824.SZ,35.7599999999984,0.8,7.6605,59.95928411,0.050516647531572915,82.49190928,41.325,3.5139,0.5752
002825.SZ,212.99999999999994,1.28,1.6163,24.02787336,0.037158469945355176,31.86887324,44.4547,2.0263,1.2685
002826.SZ,268.54999999999995,1.29,2.1724,32.198316989999995,0.031976744186046555,33.235123109999996,27.3083,3.8482,0.5635
002827.SZ,3329.270000000004,1.0,4.3557,160.3553609,0.06389504174476061,160.963726,99.8156,15.0988,0.3777
002828.SZ,791.1300000000001,0.96,7.1248,24.902363639999997,0.0545454545454545,24.902363639999997,,4.1281,0.4036
002829.SZ,1171.0700000000002,1.5,5.0032,31.475756819999997,0.06499999999999986,43.41138366,242.1605,2.5703,
002830.SZ,2604.39,2.24,5.9257,14.64000065,0.09902370990237098,29.315799200000004,67.5892,4.4273,1.1205
002831.SZ,-1783.7299999999996,0.96,1.7157,191.2686516,0.043939393939393945,345.01506858,21.5819,3.029,2.7105
002832.SZ,776.8700000000008,1.25,3.0465,98.20471212000001,0.0657948508377605,144.84546198,23.1025,2.6703,2.0489
002833.SZ,0.830000000000382,1.2,2.3937,55.18444078,0.03141640042598508,80.79382451,18.2412,2.7512,3.6756
002835.SZ,202.62999999999988,2.09,3.3101,16.67097012,0.055993690851734945,28.7098152,25.8019,2.3149,2.4373
002836.SZ,-332.32,1.71,1.9755,23.13216,0.03654822335025375,23.13216,64.6086,6.4152,2.4111
002837.SZ,53510.860000000044,1.03,8.0859,772.98307221,0.08948511166253095,871.13146436,177.4047,24.3023,0.1711
002838.SZ,1384.2200000000003,1.32,2.3855,109.40830793999999,0.05290581162324651,124.43142384,36.4033,3.2443,0.485
002839.SZ,871.0600000000004,0.98,1.3261,104.52114812,0.01405152224824347,104.61796600000001,5.2155,0.5438,7.0093
002840.SZ,171.11999999999898,2.24,3.9123,68.81576832,0.05939393939393942,69.30717696,,2.0625,
002841.SZ,552.1399999999994,1.31,1.8287,249.9851193,0.056374119154388225,335.25992675000003,15.6909,2.3367,1.4065
002842.SZ,4975.370000000003,1.16,15.2468,104.45860311,0.0480936954896586,127.30281975,20.9583,7.7231,
002843.SZ,1010.7099999999991,0.94,5.3519,42.44837655,0.0772081531809759,42.6695232,,3.1657,0.59
002845.SZ,1505.92,1.62,4.4829,34.882703240000005,0.06142322097378279,45.66070698,56.2005,1.8125,0.2773
002846.SZ,1612.2799999999997,1.62,2.9422,29.93451554,0.04182156133829006,46.32529408,109.0836,3.2327,
002847.SZ,-275.9899999999998,0.72,0.8115,109.86384856000001,0.015852047556142643,121.71944127,15.1963,5.7953,3.1372
002848.SZ,-98.32999999999993,1.41,4.4299,23.05967346,0.06851311953352766,23.300710000000002,,33.178,
002849.SZ,-1926.15,1.06,3.281,41.1139644,0.04271222637479982,41.479192,83.296,2.9835,0.2128
002850.SZ,-2530.199999999999,0.84,1.0701,370.84819992,0.01697687535250982,506.46439535999997,26.1377,3.3498,1.0801
002851.SZ,-8128.1600000000035,1.07,5.7328,642.1459646,0.07344184200079397,764.0234518,340.7288,8.3642,0.0358
002852.SZ,-1154.8899999999999,1.36,7.9825,24.523244459999997,0.03745743473325767,29.51248014,42.4942,1.3392,3.5431
002853.SZ,133.67000000000007,0.39,1.8479,29.138766720000003,0.03573003970004421,41.412159759999994,,4.6603,
002855.SZ,1219.8100000000013,10.65,14.4884,39.6425792,0.07718579234972682,39.673571700000004,,21.4335,
002856.SZ,1606.6599999999999,1.33,6.3413,22.93470444,0.1099227569815806,25.04639928,,,
002857.SZ,-47.30000000000001,0.63,1.4763,25.2026992,0.028925619834710863,25.604283600000002,,5.6761,0.0747
002858.SZ,193.5200000000001,1.53,3.111,17.687004,0.02971137521222408,22.401408,,2.6315,
002859.SZ,8941.770000000004,1.25,4.3945,292.02530336,0.06468344774980923,309.2931156,119.3757,8.0969,0.303
002860.SZ,1502.239999999998,1.88,7.7403,59.5023466,0.11838006230529596,60.9211023,34.203,2.5856,0.5841
002861.SZ,-1320.19,1.17,3.4289,22.99047998,0.0372670807453417,30.159379599999998,,3.0092,0.6177
002862.SZ,3994.1000000000004,7.23,13.0492,19.06792461,0.12464589235127478,25.135367000000002,,8.6106,0.1432
002863.SZ,-129.78999999999996,0.98,2.1095,28.89510952,0.023060796645702188,28.89510952,45.0203,1.0226,0.3527
002864.SZ,-471.1099999999999,0.68,2.4541,21.52366572,0.023639607493309435,29.84181258,38.0052,1.7197,1.4196
002865.SZ,-1852.2099999999996,0.87,2.7213,90.95654625,0.02785309341878224,123.72827475000001,,3.2728,
002866.SZ,-379.18000000000006,0.76,2.4219,27.675596340000002,0.024832214765100617,43.60205838,66.831,2.0787,
002867.SZ,-2623.830000000001,1.11,1.8623,116.97897112,0.03565062388591787,117.66537076,12.2657,1.8912,8.3026
002868.SZ,45.77999999999997,1.15,1.3368,23.8501704,0.031948881789137344,34.5023076,,48.6284,
002869.SZ,990.5100000000001,2.47,3.2272,26.81063676,0.06431663574520734,29.934018,,1.495,1.1596
002870.SZ,1277.5900000000001,1.98,5.3252,68.758278,0.12006414111044302,80.961952,273.0214,5.0504,0.1631
002871.SZ,1258.7399999999998,2.75,5.6854,27.7311456,0.11581422692533817,46.74406528,37.5737,4.2007,1.8742
002872.SZ,525.1199999999999,1.83,3.927,12.80911876,0.08202443280977323,18.9528,,0.9835,
002873.SZ,-103.23000000000002,0.77,2.3774,20.661321100000002,0.011481056257175618,21.04174756,256.393,1.6458,1.1182
002875.SZ,2208.46,2.56,4.9548,30.77829594,0.11465451784358388,30.77829594,,5.1414,
002876.SZ,540.1099999999997,1.62,3.4825,45.9508899,0.0657404269739072,53.64349165000001,67.5492,2.2013,0.4852
002877.SZ,23.420000000000073,0.9,1.8801,18.06265397,0.025606469002695472,26.72386187,164.0309,2.1873,0.2663
002878.SZ,-68.31000000000017,1.72,2.9103,30.057647619999997,0.041867954911433136,33.37774258,,2.6408,
002879.SZ,-242.98000000000013,0.6,3.3706,22.58679676,0.01945288753799394,31.80482831,26.3039,1.7177,1.1633
002880.SZ,163.99000000000024,0.63,2.2532,49.82796,0.027324812692816104,49.82796,27.2194,2.0663,0.9103
002881.SZ,14863.980000000003,1.79,9.6354,82.176429,0.11293483586477215,135.6299688,82.4602,4.8628,0.2886
002882.SZ,-1872.5900000000001,0.51,3.3487,53.374539,0.029051293690422177,93.54969,118.9186,4.4319,1.3882
002883.SZ,240.73999999999998,1.42,0.8527,14.705472,0.028692879914984013,14.913012599999998,,3.2476,0.2094
002884.SZ,-188.5,0.7,0.6006,43.625215999999995,0.013116801998750722,57.2292,13.2089,2.5203,6.25
002885.SZ,-1476.1900000000005,1.03,5.597,68.1642024,0.04550302168503369,77.59062879999999,67.8254,4.9281,0.0764
002886.SZ,8809.080000000002,2.61,31.3928,60.71630928,0.0696969696969697,76.43432544,104.113,4.1247,0.1446
002887.SZ,311.2900000000001,0.96,2.2265,21.46245244,0.06519453207150379,30.23159464,28.3763,1.3182,2.5304
002888.SZ,284.2599999999999,1.44,5.5119,14.864723199999998,0.04460580912863067,29.29245056,145.9206,7.9118,1.0282
002889.SZ,167.03000000000003,0.56,0.8465,31.73724498,0.013513513513513507,47.69940525,21.5219,1.7929,0.4242
002890.SZ,-97.06000000000003,0.82,0.9176,24.04388063,0.022957461174881826,25.29441728,232.5966,4.1835,0.1746
002891.SZ,-773.5,1.06,1.7741,90.71077186000001,0.029207232267037544,90.71077186000001,31.4181,2.6835,1.1706
002892.SZ,-136.55999999999995,0.81,0.8642,46.1033988,0.01752464403066814,77.6770904,,6.1767,0.3996
002893.SZ,-467.63,0.69,2.2782,20.318415719999997,0.013958125623130665,26.416728000000003,40.405,2.001,1.018
002895.SZ,310.35000000000036,1.01,1.067,201.26129346,0.034908215467950546,203.45060872,15.8403,2.7497,4.1222
002896.SZ,2283.26,0.77,3.2349,127.50392776,0.03754909662215229,127.50392776,289.0207,10.6689,0.3083
002897.SZ,4758.32,1.19,5.4686,110.61492,0.09122807017543864,116.32842,45.2429,4.1198,0.1668
002899.SZ,285.04999999999995,1.3,3.1091,28.820415,0.07096774193548389,28.820415,52.5894,1.6604,0.3813
002900.SZ,-1830.0200000000004,0.62,11.9872,25.19816936,0.03085026335590671,40.27194058,,2.3297,1.5711
002901.SZ,-532.7999999999993,1.81,1.4784,120.78702935999999,0.08322266489597178,173.3913666,24.4659,4.9307,1.1725
002902.SZ,-1435.9799999999996,2.34,18.8872,50.701410519999996,0.0439077936333699,63.8989471,,10.4403,
002903.SZ,12317.870000000003,0.76,14.735,34.25973915,0.1329879101899828,49.57818775,,6.4714,0.2514
002905.SZ,-980.0500000000006,2.48,5.8464,28.65408,0.059040590405904106,30.858240000000002,,92.9652,
002906.SZ,-1631.5900000000001,0.47,1.5114,139.99030684,0.019805680119581375,140.0483892,16.642,1.9634,1.7991
002907.SZ,-2787.6299999999997,0.6,5.1117,50.24657274,0.04639175257731951,61.887786479999995,83.4962,3.5613,0.5735
002908.SZ,-123.77999999999997,0.81,1.6971,23.64553687,0.025139664804469233,31.365113669999996,,2.9625,0.68
002909.SZ,2734.45,1.97,4.7602,22.90172948,0.12248628884826325,23.478,,2.7407,1.6446
002910.SZ,313.84000000000003,1.47,5.2196,17.4470694,0.029116465863453726,19.9450188,,1.9986,
002911.SZ,336.0899999999999,1.28,0.5607,143.5554054,0.028828828828828857,147.08331814,13.9998,3.3261,4.2343
002912.SZ,-375.5099999999999,1.31,2.0297,32.2823372,0.05437597099948217,33.979648,460.1695,2.2373,1.005
002913.SZ,6898.630000000001,1.62,2.7813,195.63363082,0.1054859464950898,203.26940281,104.3908,4.6199,0.9368
002915.SZ,-2805.2800000000007,3.24,10.4025,54.97655871999999,0.07313195548489679,63.29961792,354.9037,4.2172,
002916.SZ,11757.400000000009,0.99,1.2346,2454.46024496,0.05982339955849892,2514.04968728,60.3298,13.9436,0.306
002917.SZ,-440.13,1.4,1.292,27.305294160000003,0.01730769230769228,36.42996816,20.6683,2.023,0.9393
002918.SZ,1166.4000000000015,4.77,27.3364,24.633575,0.09973521624007067,47.0142885,43.7673,1.4432,1.7391
002919.SZ,-23.789999999999964,1.03,1.2157,46.21001418,0.04154645124062314,46.54720389,,5.8991,0.2859
002920.SZ,727.6700000000001,0.91,0.8758,526.5187384999999,0.023890784982935086,526.68420725,21.2744,3.2772,1.2644
002921.SZ,5588.26,2.58,7.532,29.89716642,0.11179535765040263,34.59085722,2261.8128,2.6362,
002922.SZ,-987.4299999999994,0.73,2.9464,94.23200034,0.025547445255474557,104.20894314,50.2285,2.7731,1.1209
002923.SZ,-162.44999999999993,0.71,2.2556,28.59350228,0.028828828828828857,37.10617764,275.4306,3.4385,1.3538
002925.SZ,373.83000000000084,0.64,1.1987,171.28944327,0.02974137931034473,180.80207013,23.2634,3.4561,1.2659
002926.SZ,-129.7599999999993,0.79,0.6515,226.0125,0.015098722415795678,226.0125,11.7119,0.8922,1.4518
002927.SZ,215.6500000000001,1.21,2.7222,36.6424748,0.06620861961274195,37.0498886,,3.644,0.3012
002928.SZ,-1801.5300000000007,1.16,1.6978,78.73928832,0.01892744479495256,78.73968255999999,18.8072,2.0229,
002929.SZ,1076.67,0.68,3.6155,115.4317034,0.053561144173545766,152.6394207,599.2644,2.3361,0.2419
002930.SZ,324.72,1.63,2.6173,40.6979502,0.03575297941495125,43.00668828,,2.1907,2.1275
002931.SZ,790.0999999999995,1.19,2.9015,93.85341446999999,0.03899782135076251,101.23378347,1888.9068,9.9153,0.1079
002932.SZ,291.32,1.73,0.734,23.9605825,0.02022178734507505,35.691973499999996,,0.6668,7.3793
002933.SZ,-191.60000000000014,1.12,1.0941,31.51470328,0.028237951807228916,31.637559999999997,78.7952,2.0274,0.0742
002935.SZ,-391.8100000000002,1.23,1.1109,66.33152582000001,0.035646085295989734,67.40958456,102.5254,4.1902,0.3164
002936.SZ,1164.7900000000009,1.03,1.2978,124.42101720000001,0.011235955056179785,160.93001778,8.277,0.3427,1.1299
002937.SZ,-699.4900000000007,0.75,2.3928,96.28892585,0.047301587301587365,96.54096335,74.5863,4.9238,1.2337
002938.SZ,26634.459999999992,1.49,1.2251,2156.0009379000003,0.09049114151154959,2162.2617410999997,57.0742,6.2887,1.072
002939.SZ,-847.96,1.07,0.6299,292.89622548,0.01599015990159911,327.99890697,13.8915,1.0158,2.0664
002940.SZ,-827.5999999999999,0.69,3.3294,45.982680599999995,0.020047169811320816,50.2303218,43.8913,3.0356,0.8784
002941.SZ,2023.1899999999996,1.45,2.4571,80.56453248,0.04470802919708031,80.56453248,20.1501,1.6516,1.202
002942.SZ,-6278.6500000000015,3.88,20.7328,30.526782,0.18364418938307028,34.205754,31.9638,2.6717,1.3669
002943.SZ,4258.41,1.37,7.8304,68.59111904,0.11180124223602467,96.9148352,,11.9262,
002945.SZ,-850.6699999999992,0.99,0.5712,393.66,0.03940217391304348,393.66,92.0157,5.3447,0.2743
002946.SZ,124.77999999999997,0.76,0.6691,129.05343516,0.02931596091205207,130.5656111,16.3304,3.6928,1.8787
002947.SZ,8042.690000000002,0.97,7.1058,132.64534493,0.07626856435643575,171.08381721,31.0406,5.2763,0.8763
002948.SZ,1430.08,1.15,1.3217,216.26276072,0.024834437086092773,357.36977858,6.2241,0.8177,2.6059
002949.SZ,853.9099999999999,1.13,16.8906,20.63149648,0.08735795454545457,26.628736820000004,29.3867,1.8248,2.5767
002950.SZ,-259.30000000000007,0.74,1.1866,39.48256507,0.01839826839826839,58.19709945,23.992,1.5758,0.6379
002951.SZ,-211.34000000000003,0.66,0.876,63.176699250000006,0.021834061135371154,63.482564249999996,,4.1748,3.1505
002952.SZ,2654.5,5.02,13.3783,28.74561568,0.042221202386415864,35.234496,177.4845,4.0037,0.2304
002953.SZ,-1933.5899999999992,0.71,6.9128,30.99802576,0.023809523809523774,54.17208294,42.2815,2.4398,0.8369
002955.SZ,-626.3000000000002,1.35,2.6292,73.1314514,0.09753196550698784,84.14914843999999,457.2402,2.6249,3.5658
002956.SZ,-205.64000000000004,0.92,0.8238,53.7518576,0.023296447291787918,53.757860400000006,22.5459,3.2669,1.7342
002957.SZ,-4915.3200000000015,0.93,3.4366,174.749435,0.045098039215686364,175.21665728,56.2731,5.2989,0.4052
002958.SZ,480.8199999999997,1.25,1.7144,159.92949672,0.01712328767123297,163.33774757999998,5.1223,0.4263,4.0816
002959.SZ,107.24000000000001,0.71,0.2645,45.9224604,0.012443095599392915,51.1913376,16.6252,1.7669,3.0259
002960.SZ,186.1099999999999,0.99,0.6531,84.255063,0.01976744186046511,91.6749189,30.5854,1.4759,1.5804
002961.SZ,704.96,1.2,2.8711,96.10163680000001,0.036964980544746985,96.10210024999999,13.1784,2.2876,1.7597
002962.SZ,381.80999999999995,1.09,3.2511,27.6164724,0.035548686244204084,38.4998196,158.2161,2.1921,1.4996
002963.SZ,3313.4799999999996,1.38,14.6951,29.688851640000003,0.12114882506527418,29.89154812,,2.5719,1.006
002965.SZ,-1279.9499999999998,0.92,4.632,74.99953904,0.061563517915309465,83.64787056,362.0789,1.997,1.3056
002966.SZ,2572.9500000000007,1.32,0.8923,390.78328785,0.020642201834862352,397.44185278,7.0782,0.7502,4.6119
002967.SZ,-178.98000000000002,1.79,1.0173,107.57871286,0.042417199302730996,113.46878314,25.27,2.3143,2.7163
002968.SZ,284.65999999999997,2.85,4.1445,20.674609099999998,0.0532359081419624,21.9489466,22.8363,1.7083,4.4517
002969.SZ,114.92000000000007,0.77,1.8924,136.48243913,0.02305246422893489,137.20211293,99.9764,4.2088,0.2074
002970.SZ,-632.2199999999993,0.81,1.9227,64.03623208,0.03282724661469022,89.83059284,30.9106,4.0756,2.1877
002971.SZ,-224.55999999999767,1.66,17.2575,74.7222098,0.04163126593033137,97.7510625,207.3439,4.5849,0.4322
002972.SZ,88.57999999999993,1.1,3.8239,17.532656760000002,0.043654001616814805,31.14471408,37.6606,2.5211,2.3584
002973.SZ,57.399999999999864,0.67,2.2385,40.15135184,0.02625298329355609,51.65534448,50.2707,2.0295,0.7911
002975.SZ,-3807.470000000001,0.74,12.4168,149.1858849,0.10624027993779167,224.5730253,75.5767,9.0906,0.0893
002976.SZ,-845.0799999999999,0.85,4.9377,31.016651120000002,0.06824683285655912,49.58683184,,3.4562,
002977.SZ,-86.29000000000002,1.38,1.7396,14.3752723,0.026227944682880342,25.88586,,3.0647,0.8353
002978.SZ,69.06999999999994,0.73,0.5707,99.5208522,0.022617723396366314,127.201305,20.526,1.417,1.8517
002979.SZ,-75.93000000000211,1.1,4.7054,127.3213989,0.04236837440170184,180.61577415,60.1939,8.8247,0.5398
002980.SZ,6606.190000000002,0.77,8.0724,102.6035284,0.05025275052036865,190.8605456,158.0418,16.1401,0.5154
002981.SZ,-307.15,1.22,1.6874,29.180376000000003,0.024873524451939286,32.774112,114.0461,3.1373,1.073
002982.SZ,434.1,1.63,3.7106,16.72972832,0.021293375394321874,26.130748399999998,174.1578,1.6579,1.6663
002983.SZ,795.21,1.81,3.5981,28.0657384,0.08945065629557607,48.2765325,44.0027,3.5706,1.1561
002984.SZ,273.23,0.75,0.976,100.87692426,0.021171489061397368,146.42733897,16.7712,1.0823,4.1731
002985.SZ,1539.9299999999994,1.32,1.6318,90.56759183999999,0.03736920777279521,90.79514496,41.3456,3.3041,0.0841
002986.SZ,1844.3999999999999,1.3,2.2454,43.0118295,0.0460100647016534,54.1672995,112.9222,1.3614,2.124
002987.SZ,-140.72000000000025,0.64,1.7144,120.04875552,0.0336700336700337,123.19012064,40.0791,4.2532,1.2578
002988.SZ,-349.37999999999965,0.5,1.9951,61.02723935,0.02487765089722673,61.02723935,56.6943,2.2352,0.645
002989.SZ,61.5,1.03,3.1171,47.480470079999996,0.05066445182724248,48.38821008,,3.5372,
002990.SZ,34.399999999999636,1.07,6.0968,67.68432144,0.07393162393162396,128.41231888,76.4844,4.9895,0.4273
002991.SZ,-913.9,0.88,2.3477,19.18452754,0.023423423423423517,35.813510359999995,16.7423,2.1059,6.047
002992.SZ,-927.8399999999999,1.64,1.1641,54.401674320000005,0.03307737743650317,62.182624679999996,1975.3133,8.5378,
002993.SZ,-708.2399999999998,1.22,2.5681,92.68431003,0.048902987047316986,107.296748,46.253,2.2973,3.8174
002995.SZ,538.3899999999999,2.76,9.0821,21.80749312,0.08558030480656512,31.799828480000002,,3.9711,
002996.SZ,345.17999999999984,1.01,2.024,29.152809,0.028346456692913344,42.57618048,18.296,1.288,0.7761
002997.SZ,32.090000000000146,0.87,1.2645,59.88682393,0.021731510690501138,59.88682393,14.7585,2.2594,1.5729
002998.SZ,346.89999999999986,1.84,5.8051,22.50519232,0.04697156983930766,29.52090752,31.3608,1.6875,7.3772
002999.SZ,-1155.8799999999999,1.16,4.8571,22.30281464,0.021472392638036762,22.4892024,33.3968,1.8296,1.9165
003000.SZ,-101.43000000000006,0.58,1.405,30.25152146,0.015212981744421943,44.27781044,18.6699,3.2068,4.0258
003001.SZ,263.6600000000002,0.62,3.4837,18.4333812,0.025109855618330106,28.13752448,,2.4309,1.2429
003002.SZ,80.41999999999996,1.51,1.7292,30.077949959999998,0.0461077844311377,32.88,24.1028,2.1082,0.9085
003003.SZ,54.29000000000002,1.68,3.7917,13.385894760000001,0.024691358024691457,20.040048000000002,35.6707,1.5469,1.741
003004.SZ,247.4300000000003,1.71,2.6608,50.57409194,0.08227396086273396,60.22723003,,9.7151,
003005.SZ,3605.58,8.37,18.7456,22.182383910000002,0.13173652694610782,38.24855211,,2.187,1.3828
003006.SZ,-193.32999999999993,0.9,1.9853,59.3573605,0.03917378917378923,59.506220299999995,29.9157,4.1349,3.9678
003007.SZ,-874.7500000000001,0.79,2.5773,28.744729200000002,0.04459251665812409,47.351502,134.453,3.1221,0.1395
003008.SZ,135.51,0.87,1.1016,16.16435015,0.0169576059850374,20.956,26.1537,2.0101,5.7072
003009.SZ,-601.21,0.84,1.3145,78.0617802,0.022562792677735255,78.0760476,,3.8517,0.1134
003010.SZ,-712.8700000000008,0.88,5.2794,69.51611228,0.04688524590163933,95.6196903,33.0189,12.0263,1.5266
003011.SZ,-471.23,1.5,3.5568,16.312708540000003,0.04019138755980861,21.449016399999998,29.8519,1.5457,2.8439
003012.SZ,41.129999999999995,1.53,1.0309,54.460128000000005,0.03131524008350738,55.5350976,34.3665,0.7554,5.0626
003013.SZ,1841.4400000000005,1.02,3.4176,62.38384138,0.1004016064257027,71.41745916,19.1979,2.1489,2.7444
003015.SZ,-186.93999999999994,0.77,1.4353,30.65801148,0.027800490596892873,34.88037747,37.2249,3.0707,1.5839
003016.SZ,109.84000000000003,1.92,1.6105,29.29594364,0.03808180535966156,29.98319008,64.0147,1.1022,
003017.SZ,-394.43000000000006,0.75,1.8047,19.40100764,0.015805211448099144,23.42592,21.9306,1.9993,2.1387
003018.SZ,34052.67000000001,0.98,7.9331,140.49180486999998,0.12430385386500346,155.02850111,105.1375,9.4246,0.5031
003019.SZ,-1412.5100000000002,1.27,3.6766,47.3822994,0.04947916666666674,48.4849302,27.7923,2.8512,1.8191
003020.SZ,-373.7900000000002,0.79,3.5621,30.25441985,0.046112600536193,40.96525665,25.1054,2.2263,3.2629
003021.SZ,4120.080000000002,1.62,3.3241,156.1597107,0.09512991622887977,200.9470226,93.1748,3.9635,0.3785
003022.SZ,-330.4100000000003,0.94,0.5238,268.48767816,0.02040816326530613,268.7162816,46.9859,3.4442,0.2982
003023.SZ,259.3799999999974,3.78,12.528,28.07763213,0.13545089448703895,28.136741360000002,98.8053,1.81,1.4976
003025.SZ,269.1300000000001,2.22,2.5554,28.36991227,0.028067361668003176,35.57937355,23.555,2.8071,1.4632
003026.SZ,-677.2200000000003,1.06,3.6829,42.34188761,0.03385772913816697,54.997130039999995,93.3798,8.051,0.3524
003027.SZ,-81.08000000000001,0.82,1.5573,17.71447314,0.032602252519265004,22.52360736,56.7738,1.3187,1.7021
003028.SZ,-329.7199999999999,1.04,1.162,16.351429680000003,0.021444201312910215,33.33497913,89.7337,1.9287,2.1537
003029.SZ,-862.4399999999999,0.82,1.6125,30.024693,0.028654970760233826,33.1090542,,3.3021,
003030.SZ,1043.12,2.23,9.407,19.76644632,0.044794690999585315,30.234194,301.3498,3.1109,0.6161
003031.SZ,-13555.259999999995,0.71,2.5755,433.66577682999997,0.04232135807343071,575.04734221,84.5366,9.0291,0.3294
003032.SZ,-312.02000000000044,1.13,25.4957,31.1507352,0.08716475095785442,44.06800125,,3.6675,
003033.SZ,-527.8299999999999,0.84,1.4159,55.23025089,0.02896007020623086,55.761675,35.6941,3.9087,0.733
003035.SZ,-2705.8999999999996,0.46,0.9884,214.0151522,0.02802101576182139,214.0151522,59.5716,3.0125,0.2301
003036.SZ,7079.380000000005,1.02,3.0173,129.11579649,0.1330503782985791,129.11913465,309.0854,9.0842,0.2075
003037.SZ,215.86,1.86,0.7073,34.62651766,0.019163763066201992,34.62651766,,1.2572,0.8611
003038.SZ,350.53999999999996,1.34,2.2947,18.0178859,0.034482758620689724,27.05555792,,0.9766,1.7634
003039.SZ,-358.1699999999999,0.78,0.4219,74.102244,0.019023986765922284,74.102244,23.9087,2.5614,1.75
003040.SZ,-6060.6700000000055,1.23,23.159,81.3193534,0.08270270270270276,82.082208,,5.9259,0.1685
003041.SZ,250.81000000000017,1.74,1.7768,54.56249996,0.050943884147918436,57.4272,105.1767,3.8682,2.006
003042.SZ,80.15000000000009,1.0,5.7652,20.4191715,0.03986710963455147,20.559864,,1.7418,
003043.SZ,3661.0300000000007,0.74,5.2035,78.269319,0.053172205438066535,119.88840825,127.3369,6.1719,0.2378
003816.SZ,-7517.320000000003,0.85,0.3212,1679.61273683,0.021226415094339587,2156.2995243299997,21.7288,1.7435,2.2248
300001.SZ,-4382.74,0.77,1.1648,359.2609338,0.02177026639931246,367.67617521,27.3656,4.1628,0.4273
300002.SZ,1408.3599999999997,1.43,1.9242,151.97113111000002,0.03237858032378589,161.50497719,23.9636,2.0505,1.2152
300003.SZ,239.23999999999978,0.79,0.9532,188.20632232,0.020729684908789386,219.73623616,28.5166,1.34,2.4979
300004.SZ,501.5600000000004,0.74,6.9401,42.76742976,0.06820809248554911,42.76742976,24517.4958,2.4163,
300005.SZ,1481.859999999997,1.41,7.6291,97.2969723,0.05609114811568804,98.09094420000001,89.0546,4.5682,0.1034
300006.SZ,-1698.3600000000006,0.44,3.9482,60.28737339,0.032590051457976055,60.29252952,,3.4828,
300007.SZ,502.1199999999999,1.02,2.1579,89.88927684,0.033996151379089116,104.09495624,62.0382,3.4761,0.1258
300008.SZ,900.7200000000003,1.1,2.1573,104.27346333,0.017488076311605774,109.38424835999999,30.7733,4.2836,
300009.SZ,-1312.6500000000015,0.46,2.8749,103.76315028,0.018779342723004713,140.84006901,20.0911,3.3064,2.9614
300010.SZ,3614.260000000002,1.46,10.9289,60.23329791999999,0.1974110032362459,76.05134736000001,,4.3234,
300011.SZ,105.49000000000001,0.7,0.8048,31.344434399999997,0.014681892332789681,37.2416571,,2.4645,
300012.SZ,414.5599999999995,0.8,1.717,215.93744172,0.02257636122177954,253.77049256,22.8042,3.1351,0.9888
300013.SZ,-790.98,0.69,3.3667,23.59169982,0.028235294117647084,23.61858147,,12.3555,
300014.SZ,-19929.25,1.09,1.7137,1114.80935596,0.03184830633284249,1146.63144444,19.6666,2.2856,1.3247
300015.SZ,-5048.929999999997,0.95,0.7272,653.34295849,0.012121212121212078,763.49426466,29.9841,3.3167,1.948
300016.SZ,-3998.09,0.54,6.4393,49.02335168,0.034368070953436664,50.72334184,35.5903,2.0332,0.4849
300017.SZ,48582.619999999995,1.48,10.4178,387.15442705000004,0.11169170476812534,408.29402952,52.6885,3.9302,1.4965
300018.SZ,-1042.9300000000003,1.09,3.0512,42.50493,0.03700516351118774,57.179128500000004,41.3263,3.9906,0.5886
300019.SZ,-468.07000000000016,0.82,1.0001,53.97299520000001,0.017088174982911822,57.55228488,26.6824,2.146,2.0492
300020.SZ,853.94,1.53,1.9259,27.220998849999997,0.046511627906976785,28.21106545,,3.3034,
300021.SZ,-980.02,0.99,2.6756,35.10397464,0.034146341463414775,41.0991735,116.7652,1.5398,1.2865
300022.SZ,376.0499999999993,1.41,2.8577,40.526532,0.035714285714285796,40.5277128,,7.8957,
300024.SZ,-431.75,0.8,1.1887,226.9503315,0.021497919556171894,227.0148855,,5.6009,
300025.SZ,-246.25,1.03,2.1447,27.929181670000002,0.03888888888888888,28.034488789999997,,6.8092,
300026.SZ,656.2300000000005,1.09,2.4326,100.24426835999999,0.04057971014492757,100.33877032,558.8638,1.1723,0.8982
300027.SZ,992.8500000000001,1.12,1.4952,46.9634181,0.044692737430167634,50.77345797,,,
300030.SZ,215.07,1.1,2.6868,18.75648164,0.01575931232091695,21.30300497,70.8241,3.2712,
300031.SZ,-1264.380000000001,0.99,3.1797,75.8708728,0.046313799621928185,88.60680172,34.1905,2.1544,0.4726
300032.SZ,-793.8300000000002,1.12,2.4393,31.08266352,0.025445292620865163,31.08266352,,5.0914,
300033.SZ,-5478.380000000005,0.88,3.0882,1004.8354908,0.03570498915401297,1725.05088,47.1902,22.4842,0.9661
300034.SZ,614.3200000000006,1.07,1.4267,124.7233056,0.02242990654205604,129.58595616,102.4291,3.3556,0.615
300035.SZ,-2058.05,0.78,2.4712,77.7878673,0.04123711340206189,90.88758042,26.3732,1.8368,1.8854
300036.SZ,-421.0499999999997,0.74,2.3436,47.665144170000005,0.03805899143672696,52.77531357,,2.1234,
300037.SZ,-947.0200000000004,0.88,2.3728,358.68738349,0.04586454670539684,494.5495768,30.9622,4.4155,0.6028
300039.SZ,-70.93000000000029,0.73,4.3363,49.9570217,0.045454545454545574,57.007,22.0475,1.3304,2.3853
300040.SZ,-1306.8499999999995,0.63,3.9202,29.764506199999996,0.019031141868512166,36.80307488,171.3557,1.416,0.9828
300041.SZ,-1220.1800000000003,0.86,2.9125,59.6144718,0.023831347387717833,61.25823105,25.0069,2.0165,1.3699
300042.SZ,-868.4400000000005,0.79,4.0373,81.07439536,0.04999999999999992,81.08188046000001,57.8805,7.1652,
300043.SZ,1789.250000000001,1.79,2.7642,56.7054012,0.04026845637583906,56.73544704,23.7376,3.282,0.2188
300044.SZ,3339.9799999999996,1.62,3.6634,40.85027073,0.08582089552238821,43.61693132,,,
300045.SZ,52.110000000000014,0.72,2.0395,65.12811476,0.02586903799514958,82.43679488000001,,5.521,
300046.SZ,-886.8800000000001,0.68,1.9105,58.80170604,0.03449675324675316,58.80170604,136.8876,5.1859,0.5833
300047.SZ,-643.94,0.98,1.9969,54.69024036,0.027777777777777755,60.07555074,209.1579,1.8135,0.1592
300048.SZ,-580.51,1.16,1.1825,57.14267108,0.03326810176125243,57.29677844,,3.2149,
300049.SZ,610.7699999999995,0.45,2.1023,95.28144258,0.022624434389140337,107.68196969000002,64.8314,5.4791,
300050.SZ,-2792.4799999999996,2.02,9.6233,34.6311222,0.12079510703363915,34.65225012,269.9277,8.3523,
300051.SZ,-891.0900000000001,0.67,2.5001,30.604853759999997,0.026190476190476264,30.951872639999998,,29.5695,
300052.SZ,657.7400000000002,1.41,4.748,28.33199688,0.06616257088846875,28.33312216,,8.6039,
300053.SZ,515.7799999999997,1.09,2.153,82.18104283000001,0.044554455445544636,86.48210063,,6.2108,
300054.SZ,-2605.420000000013,1.14,3.814,541.34731513,0.05751724137931037,694.20399302,73.9617,12.3434,0.1361
300055.SZ,-641.0300000000002,1.08,3.0039,38.35066758,0.025974025974025997,50.70702576,,1.0325,0.2475
300056.SZ,-762.02,1.79,3.1816,33.08478873,0.05300353356890472,33.11363395,,73.1476,
300057.SZ,-1283.6899999999987,1.35,4.4941,57.00495359999999,0.030172413793103443,68.8450049,,1.218,0.1292
300058.SZ,20954.0,2.09,13.336,490.3881723,0.09199700822737476,506.2211892,149.0169,6.3571,
300059.SZ,-22375.149999999965,0.93,1.5919,2596.77970923,0.02111225540679712,3067.92456061,21.0398,3.1176,0.3087
300061.SZ,360.80999999999995,0.82,3.8471,37.935469,0.04065040650406504,40.98940192,,9.4894,
300062.SZ,-372.04999999999995,0.79,2.7312,28.21117545,0.019386106623586447,38.7411501,,2.5262,
300063.SZ,6730.159999999998,2.32,10.9099,57.0266879,0.08437856328392229,69.02596609999999,73.3475,3.838,
300065.SZ,1776.1999999999998,0.93,3.4564,102.43969320000001,0.034572733202870264,112.5601152,686.5521,6.3601,
300066.SZ,-84.77999999999975,0.91,1.0259,50.59728809,0.02404809619238479,52.31366996,42.7991,2.0259,0.5964
300067.SZ,-2195.459999999999,1.76,8.1123,52.4990872,0.06509945750452086,64.64497759999999,,2.586,0.1786
300068.SZ,16.300000000000182,1.06,3.6198,34.71711628,0.036855036855036834,36.56354911,,12.598,
300069.SZ,-232.17000000000007,0.52,5.5224,31.0167,0.03903559127439723,31.0167,,11.1465,
300070.SZ,231.69000000000005,0.81,0.6786,121.0256304,0.014285714285714235,126.12248363999998,63.559,0.4603,0.1149
300071.SZ,2732.6100000000006,1.55,8.9191,39.7072536,0.07107843137254903,40.4831406,,24.6361,
300072.SZ,-2055.3199999999997,1.95,2.2486,86.02732422,0.033419023136246756,86.70467907,,1.6848,
300073.SZ,-3052.8399999999983,0.98,2.464,203.95626514,0.030694275274055983,219.40479047,26.0703,1.4578,0.4617
300074.SZ,-1213.91,1.33,3.7777,21.0660341,0.025974025974025997,21.079959979999998,,2.5344,
300075.SZ,456.71000000000004,0.95,1.8334,57.29487036,0.02971216341689882,67.82740692,,2.1449,
300076.SZ,-663.6800000000001,1.13,1.3832,19.2072,0.024229074889867912,19.2072,,2.3312,
300077.SZ,2283.9300000000003,0.86,6.8171,116.24043884999999,0.05174963035978301,141.38941695,,8.0434,
300078.SZ,74.73000000000002,0.97,1.7089,35.51641049,0.025316455696202552,35.66012318,,7.2554,
300079.SZ,4303.589999999999,2.75,4.3001,62.0247456,0.0723684210526316,68.4493488,174.7731,1.6773,0.2086
300080.SZ,404.40999999999985,1.1,0.8746,70.61690675,0.03394255874673626,70.62644485,,1.7108,
300081.SZ,180.60000000000014,1.79,2.7971,19.83254624,0.061093247588424424,19.83728912,,2.7208,
300082.SZ,-32.63999999999987,0.52,2.0729,57.85840143,0.024277456647398735,58.01237646,86.5424,2.0652,
300083.SZ,-3018.959999999992,0.76,5.3975,205.38762025,0.05609573672400898,233.98876395,110.8218,4.2004,
300084.SZ,-261.73,1.09,1.4842,49.08330615,0.03154875717017209,57.12590559,,4.4853,
300085.SZ,-2840.7400000000052,1.09,9.8825,192.08001549,0.0452545568824639,227.46757695,,53.7997,
300086.SZ,-79.3900000000001,0.85,2.7814,29.085045,0.028106508875739705,30.0382104,,3.465,
300087.SZ,-1020.0000000000009,1.51,3.9633,52.23514594,0.08631921824104224,55.60837666,,3.4114,0.8518
300088.SZ,1839.1500000000015,0.91,3.2258,177.46495704,0.0515021459227467,178.3381719,178.8766,2.0685,0.8194
300091.SZ,-114.79999999999995,1.76,0.4122,41.36407275,0.060240963855421645,72.47215005,,5.5735,
300092.SZ,277.2499999999998,0.84,1.7251,25.41390068,0.020033388981635928,33.172111629999996,62.3042,2.0126,1.9653
300093.SZ,-1259.0,0.82,3.3945,65.51221368,0.06198347107438017,126.954,33.9653,6.6243,
300094.SZ,-1650.5500000000002,1.33,7.0506,33.82871004,0.047021943573667686,34.52191938,,34.8217,
300095.SZ,587.3200000000002,3.4,4.6817,27.22433614,0.05288461538461532,33.80223107,,2.2555,1.1758
300096.SZ,-851.6100000000001,1.45,1.0059,37.41,0.04570791527313268,37.41,,11.9325,
300097.SZ,269.96000000000095,0.81,10.7669,28.309001919999996,0.10967098703888332,31.780832909999997,,17.0562,
300098.SZ,5.610000000000582,1.7,3.6564,70.76603124,0.04068522483940051,79.76420298000001,,2.9989,
300099.SZ,-347.8599999999999,1.04,1.5781,32.377450280000005,0.023411371237458286,44.38337106,25.38,1.9189,3.804
300100.SZ,-955.25,0.56,0.8028,120.43998713,0.02695167286245362,125.06333903999999,40.6737,3.8077,0.6367
300101.SZ,215.2700000000002,0.97,1.0355,82.0104485,0.027234636871508296,82.3463265,,4.6652,0.504
300102.SZ,-78.72999999999956,0.68,1.4938,166.47565985999998,0.036091060521932374,167.31668484,123.151,3.8299,0.2472
300103.SZ,938.3500000000004,2.23,4.1592,27.196089419999996,0.10401002506265665,27.218405699999998,,6.5889,
300105.SZ,444.34999999999945,1.36,3.9253,40.156795640000006,0.04855643044619412,40.18194176,,2.2485,1.2837
300106.SZ,-580.5,1.48,9.4053,23.73261729,0.04136690647482023,23.73261729,99.8077,5.8939,
300107.SZ,30.800000000000182,0.88,4.7065,24.23797287,0.03735632183908043,39.22592631,265.9205,2.5817,0.2295
300109.SZ,1333.75,0.75,4.8204,74.8501686,0.049261083743842436,82.89429342,54.485,2.4757,1.4618
300110.SZ,-304.05999999999995,0.92,2.2799,34.2613279,0.027027027027027053,34.284177,,3.957,
300111.SZ,-322.75,0.8,2.371,39.38864742,0.025559105431309927,39.38864742,,5.8808,
300112.SZ,-1029.800000000001,0.68,10.2264,23.245197779999998,0.05165692007797265,28.11507351,,3.0248,
300113.SZ,5091.060000000001,1.51,4.762,85.92262663999999,0.06572481572481574,113.79886632,27.4617,4.3416,0.5332
300115.SZ,10906.690000000002,1.44,4.0976,335.95581418,0.08158116063919264,336.93415,108.9046,4.0521,0.5232
300118.SZ,-812.9499999999994,0.93,2.3555,89.50179336,0.02540650406504065,110.12534274,,1.4095,
300119.SZ,1030.75,0.93,1.5526,58.56567269999999,0.024855491329479753,80.4025804,23.0978,1.7084,1.6983
300120.SZ,-13428.599999999995,1.55,18.6596,42.06447924,0.11558854718981981,45.8366412,,1.8565,
300121.SZ,-1299.7999999999997,1.32,2.159,41.91021826,0.018274111675126874,43.45535792,33.4414,1.2216,2.129
300122.SZ,-6229.52,0.7,3.9738,193.19423348,0.02957746478873239,326.99167944,,2.1754,
300123.SZ,1215.0900000000006,1.23,2.2502,46.22233455,0.06430155210643017,47.51528565,,31.1586,
300124.SZ,-7848.039999999994,0.89,0.839,1491.30377649,0.030298146655922686,1675.23660453,34.2504,4.5543,0.6592
300125.SZ,11.839999999999918,0.53,2.2146,34.99372,0.04127966976264194,64.58745,42.9002,5.9917,
300126.SZ,74.74000000000001,0.97,2.4982,14.38744964,0.03770739064856712,20.760304079999997,,2.1161,
300127.SZ,-32.37000000000012,0.7,1.6398,58.179537509999996,0.02871958516154762,80.81888963,38.3323,5.3781,1.3994
300128.SZ,379.9200000000001,0.69,2.4237,65.38103208,0.05122950819672131,65.47541616,,18.1675,
300129.SZ,344.73,0.7,1.4053,53.32829684,0.02459016393442619,82.27691485999999,70.9541,1.4424,0.6818
300130.SZ,-989.0500000000002,0.57,2.993,85.6052074,0.03348554033485541,111.75918349999999,24.0711,2.4719,2.538
300131.SZ,-7040.700000000004,1.29,7.3581,180.58395762,0.06357694592988714,192.83979606,,11.3437,
300132.SZ,-582.06,0.88,1.7764,32.16154629,0.017133956386292885,32.69957097,17.9515,2.1657,
300133.SZ,27782.050000000003,6.28,15.0345,133.120032,0.1823444283646888,149.981736,62.3703,2.0184,0.4125
300134.SZ,658.48,1.47,1.9669,67.0793252,0.06007067137809185,67.0793252,,1.8657,
300135.SZ,586.2199999999998,0.8,2.7263,33.6384,0.02793296089385477,33.6384,,3.8667,0.274
300136.SZ,-16682.08,0.98,4.7276,504.99015125,0.04955253563142197,592.24880127,84.925,7.3918,0.0804
300137.SZ,-1552.58,0.73,2.1533,61.28354754,0.035839160839160854,62.29719342,,3.8553,
300138.SZ,-622.31,1.17,1.9831,45.68653551,0.041666666666666685,55.41158147,16.6686,1.6298,1.1334
300139.SZ,-11608.040000000008,0.83,22.4368,121.80654095999999,0.06165878501273191,142.8362,86.7332,12.112,
300140.SZ,125.40999999999997,0.75,0.2461,169.93009791,0.014545454545454396,170.1387783,18.6218,1.1774,2.1858
300141.SZ,-68.38999999999999,1.13,2.1552,25.92497844,0.029940119760479115,26.24858028,,4.2229,
300142.SZ,-13779.400000000009,0.56,9.4988,214.30350954,0.05042016806722694,217.35147474000001,115.139,3.1135,0.0736
300143.SZ,155.40999999999985,0.65,0.8139,64.249893,0.016839378238341956,75.11033495999999,101.3507,3.1512,
300144.SZ,-476.90000000000055,0.77,0.9761,152.5724418,0.02192242833052275,154.18450068,20.3036,2.1274,3.4019
300145.SZ,5789.029999999999,1.26,6.3561,91.7237904,0.06724511930585694,92.1716208,36.216,3.0944,
300146.SZ,36.289999999999964,0.94,0.6016,109.8402326,0.013211382113821037,165.7843558,25.5541,1.5245,3.6556
300147.SZ,-1114.69,1.71,2.0211,41.233037339999996,0.06980273141122913,41.46219957,,,
300148.SZ,803.5700000000002,2.48,4.5531,28.73640625,0.04373177842565595,29.763523290000002,69.3267,2.8327,
300149.SZ,-6336.06,1.06,6.3421,44.35400613,0.03822314049586787,46.50919218,,3.6458,
300150.SZ,-573.4100000000001,1.45,1.9705,20.21571552,0.0422535211267605,25.5106216,,1.6202,
300151.SZ,-117.22000000000025,1.2,3.9546,61.5725326,0.06969508400746739,88.9290865,165.007,5.8052,0.4491
300152.SZ,-37.379999999999995,0.63,2.1076,12.33128257,0.03448275862068969,12.331439999999999,,5.885,
300153.SZ,119.10999999999967,0.77,2.1168,71.36960842,0.050274223034734986,71.744,86.9301,7.5773,
300154.SZ,1236.5900000000001,1.05,5.3419,39.48468708,0.07654320987654319,56.28431104,59.3533,3.2871,1.5974
300155.SZ,-113.1099999999999,1.52,7.5797,15.31325274,0.07359307359307375,25.98484251,,2.2138,
300157.SZ,-660.46,0.78,3.5179,30.437797350000004,0.026763990267639978,31.761825799999997,,,
300158.SZ,1032.51,0.68,1.3926,51.765967440000004,0.028409090909090974,51.7982166,,1.5905,
300159.SZ,708.0500000000002,1.26,2.655,57.07457120000001,0.02941176470588245,102.003051,42.8989,3.6746,
300160.SZ,206.46,0.89,0.6725,33.79932735,0.015801354401805936,34.24152109,28.3143,1.2959,2.2573
300161.SZ,-900.3100000000002,1.08,1.9128,52.56113008,0.04122541603630862,53.429596409999995,822.6739,3.4969,0.0372
300162.SZ,1233.1899999999996,0.98,5.0537,26.85763675,0.05111402359108789,32.931535,,3.8329,
300163.SZ,3512.550000000001,1.13,11.7756,34.92342774,0.07539682539682543,36.1188,,6.7275,
300164.SZ,8848.269999999997,1.24,22.1899,62.520176320000004,0.050049067713444535,63.082761919999996,,4.6475,
300165.SZ,-292.2000000000003,0.82,3.9444,23.25413664,0.03663003663003666,27.40179701,,2.5767,
300166.SZ,1146.3499999999985,0.97,3.8186,119.87107704,0.054718477398889735,146.55658445999998,,2.5917,
300167.SZ,-534.24,0.83,1.4428,14.340442499999998,0.050602409638554204,16.86132045,,23.2561,
300168.SZ,1410.63,1.29,1.2598,73.26752145,0.04032258064516115,73.32799573999999,,7.9889,
300169.SZ,377.74000000000024,5.5,11.8452,17.8024122,0.07789855072463764,20.0301696,32.8622,22.342,
300170.SZ,-2858.5599999999977,1.92,9.6319,168.72836568,0.05649038461538469,176.55922309000002,74.8273,3.0356,0.2676
300171.SZ,-520.75,0.69,2.9868,84.04851028,0.03493737640079099,114.7976172,43.7932,1.4401,0.7025
300172.SZ,-295.5500000000002,1.42,2.2719,24.6050828,0.01713062098501072,31.80537,34.6181,1.6499,1.0638
300173.SZ,-70.92999999999995,1.18,0.7562,24.2456379,0.024316109422492287,24.2459481,,3.1442,
300174.SZ,-3205.9700000000003,1.22,3.7755,68.87422542,0.0345360824742269,69.12711494,32.6286,1.9524,1.2024
300175.SZ,-401.78999999999996,0.97,1.4721,28.38924,0.02314049586776854,28.38924,,5.7888,
300176.SZ,-397.26999999999987,0.57,3.0584,18.24092568,0.018987341772152055,25.03147869,191.6485,2.6333,0.3094
300177.SZ,-375.30999999999995,0.8,1.3557,39.34908417,0.03271028037383177,48.29657459,,3.8673,
300179.SZ,2596.6399999999994,0.8,7.175,139.66540588,0.05374862183020956,180.59214602,152.8561,15.5494,0.5351
300180.SZ,-2477.2299999999996,0.48,2.8905,80.40648564,0.037656903765690315,82.41761267999999,331.0543,1.7506,0.1068
300181.SZ,-2661.5,0.84,2.1411,82.24103419,0.016630513376717313,95.73937123,15.116,2.8787,4.3397
300182.SZ,13871.18,4.82,13.3923,129.90570596,0.13008130081300825,143.31381728,69.72,1.676,0.0929
300183.SZ,132.5,0.92,1.0227,39.96615606,0.03289473684210523,49.82301084,,1.6152,0.9285
300184.SZ,1274.1200000000008,0.76,3.6121,130.46692076000002,0.03996737357259382,142.52753844999998,38.1772,3.0535,
300185.SZ,-66.59000000000015,0.88,1.1814,104.23903077,0.014598540145985413,109.38106336,133.0841,1.5402,0.3887
300187.SZ,554.4599999999998,0.95,1.1238,30.898381800000003,0.018907563025210055,31.054423009999997,24.281,2.6279,3.4719
300188.SZ,-620.9299999999998,0.93,1.1439,89.31509784,0.025738798856053343,89.72943012,,3.7774,
300189.SZ,-13761.87999999999,1.09,38.6095,55.745150159999994,0.12084592145015102,64.4096,59.6285,9.4007,
300190.SZ,-93.49000000000001,0.61,0.9948,35.78675664,0.01591511936339512,35.932573100000006,,1.1464,
300191.SZ,6627.940000000002,0.84,7.3388,84.2089365,0.05968971864317652,121.824,64.4934,9.9054,
300192.SZ,2211.42,0.55,4.5694,79.61087704,0.05983889528193321,80.54796236,90.4063,8.1145,1.2259
300193.SZ,437.97,1.17,1.7081,34.0797303,0.033707865168539276,38.8143587,21.6172,1.6669,2.454
300194.SZ,-262.7099999999996,1.0,2.2434,38.347796519999996,0.022113022113022077,47.11261104,78.9802,1.0706,1.7677
300195.SZ,65.74000000000001,0.9,4.2288,18.9600432,0.026845637583892492,25.59195112,349.1989,0.9507,
300196.SZ,-241.69000000000005,0.75,3.5684,42.88314693,0.03798947983635314,70.95411029,22.9495,1.4943,1.7061
300197.SZ,1016.0199999999995,0.92,2.893,60.49055124,0.02898550724637684,60.492081240000005,,,
300198.SZ,-205.62,1.1,0.756,24.792580559999998,0.029288702928870224,24.963473699999998,,5.7461,
300199.SZ,-3285.7999999999956,0.89,5.2024,170.9874824,0.05415778251599145,202.79222544,158.6776,23.8512,
300200.SZ,237.0,1.09,1.5672,37.0079991,0.02441860465116289,37.4946684,47.0652,2.3055,1.666
300201.SZ,-3495.34,0.83,2.1091,141.32340992000002,0.04002859185132228,142.07333888,40.2601,7.5233,0.2101
300203.SZ,-932.1699999999998,0.56,1.0106,58.28790825,0.01603053435114497,58.335888,,2.2602,1.9231
300204.SZ,-1470.8000000000002,0.61,2.7608,97.22030256000001,0.0275058275058275,116.01009313,,14.3722,
300205.SZ,-57.33000000000004,1.55,0.8231,21.6748224,0.024096385542168693,21.6748224,,5.6079,
300206.SZ,30.25999999999999,0.78,1.6168,39.894954840000004,0.02978723404255316,68.34231486,19.3589,3.0894,1.7557
300207.SZ,-7257.090000000004,1.39,2.8015,298.56586233999997,0.042387060791968655,321.82795809,40.0284,1.3319,1.1962
300209.SZ,20181.930000000008,0.79,8.4592,259.05233343000003,0.0885773933790637,323.81540807,,34.4616,
300210.SZ,-1117.8000000000002,1.79,2.3054,39.70604,0.04869358669833741,39.70604,,11.122,
300211.SZ,116.48000000000002,1.16,0.6532,22.95325042,0.019379844961240355,23.372193929999998,,5.3762,
300212.SZ,231.3800000000001,0.77,1.2003,54.9002766,0.03234152652005175,56.1516072,,,
300213.SZ,14.129999999999882,1.06,1.7087,35.69737214,0.026604068857590115,38.395959620000006,,1.8709,0.774
300214.SZ,-396.3700000000026,1.04,11.6227,57.740902919999996,0.045176110260336896,57.740902919999996,,2.3787,
300215.SZ,-530.8499999999999,1.35,3.8375,48.24166648,0.04484304932735423,48.24166648,80.9097,2.3984,0.0776
300217.SZ,-680.29,1.01,1.5335,52.511820660000005,0.021276595744680816,62.5184271,59.0383,1.4766,0.7565
300218.SZ,-454.5899999999999,1.75,1.1715,28.13755964,0.03424124513618687,28.2300087,39.5321,1.9053,1.8936
300219.SZ,109.93000000000029,1.01,1.9934,50.59606124,0.031249999999999965,50.688754599999996,41.0462,1.9739,1.6061
300220.SZ,15.580000000000013,1.24,1.8658,17.382321429999998,0.03911111111111107,17.40312,,29.6233,
300221.SZ,574.0499999999993,0.59,2.9578,64.68249200000001,0.05309090909090912,66.32565799999999,42.4282,4.3677,
300222.SZ,353.71000000000004,0.95,2.2548,66.9068451,0.03448275862068962,80.25589512,82.0801,4.4232,
300223.SZ,27202.25,1.13,6.1467,591.8953884700001,0.06116433308769353,720.67485797,52.5782,5.2985,0.0711
300224.SZ,2519.620000000001,1.54,2.2794,109.66122531,0.05959684487291862,110.10185732,33.2621,2.159,1.5119
300225.SZ,102.05000000000018,0.98,2.5966,34.32427993,0.0433566433566433,34.56373192,194.4377,3.964,0.2751
300226.SZ,-258.77000000000044,1.04,2.7089,62.72909114,0.035756853396901156,65.24864842,29.8017,2.8402,0.2442
300227.SZ,-2445.0300000000007,1.14,6.5298,61.92469058,0.051184110007639415,80.84482075999999,,5.0777,
300228.SZ,-2019.7200000000003,1.89,4.1727,39.95525799,0.022636484687083878,42.596438150000004,19.2923,1.7172,1.1003
300229.SZ,746.6800000000021,1.66,3.6166,118.55750116000002,0.07298720842738893,118.63771822,,3.228,
300230.SZ,431.43000000000006,1.05,1.4522,27.775172249999997,0.018223234624145802,35.86271094,20.7468,1.1269,1.4739
300231.SZ,-243.73000000000002,1.21,2.5176,37.44573554,0.04773269689737453,37.4476553,129.0097,2.3591,1.1864
300232.SZ,132.9000000000001,0.88,2.4732,50.10885072,0.04387568555758688,61.493202000000004,,1.3296,4.2389
300233.SZ,-373.07000000000016,0.7,1.9304,49.2103263,0.021771771771771708,50.74822212,36.3327,1.3546,2.9899
300234.SZ,291.73,0.69,2.2851,35.224268800000004,0.03063241106719355,51.5247104,,4.5824,0.1367
300235.SZ,-572.3399999999999,1.08,3.149,22.83509965,0.04591368227731864,28.069745899999997,131.3713,3.9704,0.402
300236.SZ,-2576.3600000000006,0.72,2.1645,246.17491503,0.03554340396445665,276.81040893,72.7305,4.0536,0.2926
300237.SZ,-681.2800000000002,2.0,2.4214,30.712499819999998,0.03167420814479631,30.71278737,,155.0328,
300238.SZ,124.69999999999993,1.07,2.0071,30.64950196,0.03416666666666668,30.65199892,178.3989,5.2566,
300239.SZ,-110.59999999999997,0.52,0.966,30.314537800000004,0.013539651837524234,30.51223248,55.7057,1.7651,0.4777
300240.SZ,-228.00999999999993,1.04,1.9821,22.56332085,0.024429967426710157,23.074056090000003,516.8079,1.5972,
300241.SZ,-746.27,1.01,2.9768,35.4271695,0.03103448275862064,42.2823677,47.6315,1.804,0.3247
300242.SZ,435.7600000000002,1.52,2.5106,26.14366188,0.02962962962962966,26.14367424,,11.1205,
300243.SZ,1567.9899999999998,1.08,12.1532,38.37815124,0.053613053613053505,47.97285636,63.018,3.0957,0.261
300244.SZ,417.60999999999876,0.82,5.132,92.56748540000001,0.03483386923901405,115.37119724000001,43.3514,1.7785,1.3242
300245.SZ,-82.58999999999992,1.14,2.3123,18.00096568,0.04658901830282866,18.699565,,1.6593,
300246.SZ,-757.6400000000001,0.6,3.3044,31.830714179999998,0.033444816053511704,39.8247536,,3.7967,0.3284
300247.SZ,225.81000000000006,0.93,1.2162,30.47312737,0.01846965699208439,30.47312737,42.6239,2.5922,
300248.SZ,-453.65999999999997,0.75,1.8656,36.375578090000005,0.046750285062713816,42.53791212,83.993,2.0179,0.8959
300249.SZ,3977.590000000002,1.7,7.4248,51.402659039999996,0.08384615384615383,62.98769118,171.7591,9.7065,
300250.SZ,-232.25,1.47,4.9139,24.8207085,0.04996712689020379,33.665546250000006,85.7923,6.0476,
300251.SZ,21417.58,4.83,3.9894,321.29162472,0.09890109890109891,342.34976628,,3.6006,1.708
300252.SZ,-28.42999999999938,0.78,3.0886,66.3796782,0.03911564625850347,81.28461132,237.7624,3.2841,
300253.SZ,3622.8999999999996,1.11,2.8348,131.12173298,0.046579330422125226,155.63013543,,2.887,0.2119
300254.SZ,-237.5999999999999,0.36,3.8919,20.27854068,0.019977802441731574,22.94300712,79.7855,5.1017,
300255.SZ,-2732.0300000000025,1.0,2.4847,217.03508035,0.03729508196721312,217.35790285,,18.3024,
300256.SZ,830.9200000000001,0.87,2.3314,65.73142662,0.062283737024221505,66.46392662,,7.3888,
300257.SZ,23.659999999999854,0.68,0.6341,181.31467797000002,0.030949839914621233,188.6912865,51.6967,2.9121,0.5266
300258.SZ,-750.8100000000001,0.85,0.9711,54.196748219999996,0.022175290390707585,55.63798872,137.4597,1.1921,0.7392
300259.SZ,-206.4699999999998,0.55,1.9925,51.274751699999996,0.024943310657596442,51.28666355,26.5807,1.7063,1.1082
300260.SZ,-5527.069999999998,0.81,3.7499,170.33812745,0.04318488529014849,241.70703109,144.7893,11.067,0.1007
300261.SZ,429.69000000000005,1.5,1.6969,46.85867585,0.03703703703703694,47.87648215,,2.8145,
300263.SZ,-1192.75,0.76,4.2039,104.28406079,0.033898305084745714,110.64217346999999,55.3204,2.635,0.4027
300264.SZ,-582.7599999999998,1.59,3.8111,24.00468048,0.039938556067588296,27.919565999999996,,2158.0838,
300265.SZ,-2378.3500000000004,1.55,5.756,63.973602729999996,0.030154277699859854,64.01461797,,2.7712,0.2864
300266.SZ,318.70000000000005,0.75,0.7986,29.507986099999997,0.020942408376963255,29.5223387,,,
300267.SZ,-330.24000000000024,0.74,2.2158,47.08071511,0.023738872403560853,68.27222219,,1.6973,
300268.SZ,-96.9699999999998,0.81,3.5927,18.130737,0.026772793053545657,23.62152,,,
300269.SZ,675.45,0.92,2.8397,26.70278124,0.03815261044176697,27.78637064,,36.7093,
300270.SZ,-162.84000000000015,0.84,3.8392,29.81583837,0.04920913884007018,35.1557766,,6.3047,
300271.SZ,-127.40999999999985,2.47,4.058,47.9327934,0.08084358523725833,48.38689772,,1.3697,
300272.SZ,390.39,0.95,1.4955,27.54319049,0.02689075630252103,36.26013969,122.8793,2.8627,2.8156
300274.SZ,-134352.38,1.85,6.9453,1452.5869304999999,0.08373426143924667,1896.9885225,17.2686,3.7834,2.1966
300275.SZ,-50.530000000000086,0.95,1.5557,24.974458,0.024229074889867717,28.3364692,74.3376,2.9524,0.3202
300276.SZ,-118.05999999999995,0.77,1.4046,68.14820068,0.020312500000000122,90.0870649,,5.0642,
300277.SZ,2583.619999999999,1.71,3.9837,95.14522369000001,0.0578373847443421,188.51265906,184.7522,1.9399,0.0355
300278.SZ,-362.04999999999984,1.03,1.1837,52.854195,0.02659574468085097,53.02074375,,3.2401,
300279.SZ,-626.0799999999999,1.41,2.2994,28.3630716,0.03130434782608691,28.4655909,76.9047,2.7064,
300281.SZ,406.3600000000001,1.47,2.2071,26.6208353,0.05076923076923078,28.0678812,,2.2597,0.597
300283.SZ,-2247.5499999999993,1.07,7.5335,51.928023950000004,0.05530642750373693,67.93691994000001,55.992,5.662,
300284.SZ,184.35000000000002,0.96,0.8427,63.5089301,0.024667931688804535,66.9298734,865.9931,0.8065,1.6981
300285.SZ,-1103.8300000000163,0.85,8.9371,596.8951781000001,0.0531204644412191,697.63469551,108.7725,9.5177,0.2842
300286.SZ,-174.09000000000015,0.8,1.3045,41.492328009999994,0.02634245187436675,50.081684620000004,26.5718,2.1919,1.9958
300287.SZ,37.76999999999998,1.11,1.7804,48.15254808,0.030640668523676848,52.24396996,,5.4409,
300288.SZ,38.19999999999993,1.05,1.4592,26.17042505,0.03096903096903102,34.3010521,,3.1888,0.1478
300289.SZ,-28.029999999999973,0.57,0.9468,32.64370565,0.01639344262295076,32.695091149999996,,2.0034,
300290.SZ,-900.6199999999994,0.85,2.7596,37.863710239999996,0.028052805280528042,37.87216992,,6.2958,
300291.SZ,6666.079999999998,3.81,9.9315,50.540191979999996,0.1299212598425197,51.14460528,,2.5279,
300292.SZ,760.3000000000011,1.1,3.7545,48.74437708,0.028103044496487147,58.50095400000001,44.4082,3.8917,
300293.SZ,-273.81999999999994,0.75,1.0333,52.153311210000005,0.014896373056994847,52.153311210000005,,7.8162,
300294.SZ,75.71000000000004,0.71,0.8907,74.07413403000001,0.022788203753351197,74.07413403000001,,0.9954,2.1103
300295.SZ,-421.66999999999985,1.27,2.4398,21.1276044,0.052464228934817184,23.891326199999998,,2.2041,
300296.SZ,-1334.1599999999999,1.02,1.5501,118.83502709999999,0.01953124999999993,138.85323377,67.8723,1.7786,1.9509
300298.SZ,-252.89999999999998,0.83,0.6467,71.50097556,0.01181592039800992,88.87260564,66.6554,3.0048,1.3689
300299.SZ,-110.20000000000027,1.81,3.2913,38.12685044,0.03710575139146571,38.17359553,,9.6246,
300300.SZ,-1130.4800000000005,0.97,5.8182,50.6775296,0.03585147247119082,50.680379599999995,47.9908,20.4027,
300301.SZ,321.91999999999985,1.49,1.397,27.32973382,0.053571428571428624,28.71346048,,56.0984,
300302.SZ,1414.25,1.04,7.4085,112.51621052000002,0.03076923076923081,145.12107864,64.8964,11.2903,
300303.SZ,-2515.5700000000006,1.18,2.8772,94.46678037000001,0.022253129346314345,100.73487105000001,37.8439,2.7153,1.816
300304.SZ,-1208.1400000000003,0.62,1.0945,96.93424143,0.023914968999114383,99.84493869,24.1978,2.8683,0.7704
300305.SZ,126.02999999999975,1.9,4.2575,20.79949073,0.046400000000000004,24.28840588,,1.2772,
300306.SZ,-24.719999999999985,0.84,1.6141,16.74254682,0.021800947867298616,28.56341394,40.6475,1.9716,4.0678
300307.SZ,-134.3499999999999,0.88,2.028,59.0740275,0.021390374331550818,60.0415275,36.3751,1.7862,1.3228
300308.SZ,-95530.60999999987,0.76,2.0202,9455.56419028,0.039098269936506024,10034.61223168,49.0611,25.1752,0.1053
300310.SZ,839.1599999999999,1.1,2.5363,35.81268036,0.036529680365296836,39.14564184,4515.6894,2.1122,
300311.SZ,-720.2699999999995,0.9,7.5732,29.50375959,0.032490974729241826,36.98229798,83.4439,5.8294,
300313.SZ,-4390.259999999998,0.93,21.6575,28.556950160000003,0.15570032573289908,34.6960213,,90.66,
300314.SZ,44.63000000000011,0.65,5.4845,16.99023348,0.027824620573355826,34.0416,56.5808,2.7629,0.736
300315.SZ,600.119999999999,1.54,2.5748,109.11550623999999,0.030150753768844248,109.1167233,,2.3742,
300316.SZ,-2819.9400000000005,0.77,0.7045,532.0319327999999,0.024054982817869514,565.7186015999999,118.3588,3.2979,0.9244
300317.SZ,-688.1000000000004,0.57,3.9117,34.23412342,0.021582733812949607,34.286780920000005,,2.4215,
300318.SZ,216.95000000000005,0.82,1.3404,40.96507635,0.036964980544746985,41.90699565,,3.2952,
300319.SZ,-11521.580000000002,1.16,15.9957,178.766742,0.05404112864658053,186.393543,58.6142,3.7722,0.5409
300320.SZ,559.5099999999999,1.05,0.925,41.16116556,0.01538461538461548,50.86441332,19.847,1.9246,0.4728
300321.SZ,-148.61999999999944,0.86,3.349,29.571009269999998,0.030077427039904858,29.597040000000003,409.4762,4.6612,0.129
300322.SZ,-272.02999999999975,0.97,3.5238,79.36563016,0.04315729699034648,82.89888364000001,146.8854,8.0358,
300323.SZ,-2914.110000000004,0.63,5.8842,107.29651884,0.04911092294665538,195.40905552,,2.9603,
300324.SZ,452.96000000000004,0.76,1.8207,61.73039713,0.042492917847025476,62.36601705,,2.6375,
300326.SZ,-486.3399999999999,0.89,0.7674,43.93478888,0.011290322580645063,43.95287851,19.5339,1.5125,
300327.SZ,719.0900000000001,1.23,3.8522,85.51571972,0.059867877786952906,86.16183848,95.6328,4.6903,0.788
300328.SZ,-7320.4499999999825,1.29,13.8275,120.38033,0.14446318156267568,120.82413000000001,,11.6817,
300329.SZ,-228.16999999999996,0.85,0.8116,30.916375439999996,0.023159636062861817,31.02944349,,5.4011,0.2608
300331.SZ,-767.8600000000006,1.0,5.6391,110.31015527999999,0.07553503986571553,128.94829818,22530.7506,8.2643,
300332.SZ,-649.71,0.66,2.1108,40.949384620000004,0.019960079840319292,42.72457216,,1.1098,
300333.SZ,-5516.790000000003,0.78,14.3885,41.37882036,0.04714064914992268,41.5296,142.156,6.755,
300334.SZ,-25.220000000000027,0.98,2.4468,24.4644138,0.024539877300613407,24.4672974,,4.5492,
300335.SZ,-531.9800000000002,0.96,3.5169,21.7050739,0.02142857142857145,26.9512006,66.8438,1.4081,1.7699
300337.SZ,628.29,1.1,2.1729,71.28354362,0.03865717192268556,82.35925744000001,92.1115,4.5658,0.0998
300338.SZ,-100.46000000000004,0.5,1.7912,11.16306048,0.03761755485893407,12.84372793,,,
300339.SZ,570.5699999999997,0.92,2.1918,281.28920705,0.03265420039073407,288.06178636,240.4241,7.8652,0.1919
300340.SZ,-119.62,0.39,1.4905,24.63750262,0.021087680355160877,24.82387447,,47.5566,
300341.SZ,202.29999999999995,0.63,0.7317,68.91206903999999,0.031626506024096515,69.12602944,36.3099,3.4613,0.524
300342.SZ,2615.220000000001,1.16,3.1402,140.7355236,0.06714108910891094,142.30175148,718.2343,9.0476,0.1941
300343.SZ,-207.13999999999987,0.82,1.4671,62.02043423999999,0.015384615384615361,62.179419180000004,111.5867,3.1397,
300345.SZ,-4455.47,0.5,9.199,38.94023978,0.03304773561811511,47.087938660000006,,13.756,
300346.SZ,-14243.840000000004,0.99,4.2531,369.85710932999996,0.03898670499461017,386.14936003,105.001,10.898,0.4713
300347.SZ,11668.850000000006,1.72,5.5148,298.90817148,0.10471414242728182,454.53562539999996,497.3394,2.3337,0.5638
300348.SZ,-201.12000000000035,0.54,2.2224,73.26435566,0.02286282306163026,81.48114229,,3.8607,0.0698
300349.SZ,88.64999999999998,0.77,1.2951,38.37879402,0.029182879377431976,43.30674054,20.3722,0.9673,4.7982
300350.SZ,-215.23000000000002,1.19,2.5267,20.7823095,0.024774774774774643,25.2905535,,2.8933,
300351.SZ,368.4200000000001,1.19,3.5141,38.353611,0.05110007097232084,56.62560365,,2.3207,0.411
300352.SZ,-419.9000000000001,1.03,2.7771,33.37935264,0.057251908396946695,37.840409009999995,,4.0084,
300353.SZ,-2278.52,0.85,1.8634,99.40905756,0.019892473118279623,113.07878592,77.7862,5.097,
300354.SZ,-160.38999999999987,0.56,2.1437,23.6542761,0.04558610709117214,39.21380505,39.4284,4.508,0.623
300355.SZ,379.9699999999999,0.56,0.9643,45.27507744,0.013840830449827002,46.20217248,,1.1108,0.1389
300357.SZ,-4500.4,0.87,2.1689,108.58715654,0.022261021388040224,117.1257408,28.0619,4.2524,0.9835
300358.SZ,-1446.0299999999997,0.53,3.3183,62.87385096,0.016574585635359153,63.786259920000006,15.4732,1.144,
300359.SZ,-36.22999999999979,1.39,2.8867,27.04198259,0.03218390804597694,27.04333618,,5.5031,
300360.SZ,-593.6799999999998,1.01,0.9011,57.93577062,0.018134715025906654,59.54286618,14.9243,1.425,6.0449
300363.SZ,-3619.7300000000005,0.65,4.291,96.12962828,0.02481012658227858,104.72131193999999,,2.1126,
300364.SZ,113126.92999999998,3.69,21.6385,180.34417896,0.18477782666080084,198.73485456,,75.4447,
300365.SZ,-327.20000000000005,0.83,1.4737,24.51160834,0.03157894736842113,28.73307845,,1.8355,
300366.SZ,108.9699999999998,1.36,1.4638,27.228792359999996,0.04182509505703434,32.74835179,,3.0171,
300368.SZ,2024.4700000000012,1.25,12.335,49.720689,0.07142857142857141,49.720689,,144.2854,
300369.SZ,1862.1100000000006,1.74,8.327,61.008220449999996,0.08298755186721986,61.20195345,,2.4082,
300370.SZ,-452.2600000000001,0.86,1.132,34.82091703,0.022123893805309658,34.907889260000005,,8.5306,
300371.SZ,-18.569999999999993,1.87,3.4917,15.04953775,0.06698564593301429,21.63085975,53.4734,1.8687,0.8248
300373.SZ,-21318.39,0.89,2.9317,505.38607748,0.03833527480673504,506.50881916,35.4683,5.0546,0.8775
300374.SZ,230.61,2.07,2.2291,27.1701157,0.048138056312443174,27.173309149999998,,3.9103,
300375.SZ,-25.540000000000077,0.9,2.0025,22.53017832,0.018957345971564,32.3232835,,1.5574,0.8413
300376.SZ,-2093.3,2.69,1.7369,101.70748488000001,0.05411255411255411,101.74410985,,1.6092,0.4754
300377.SZ,-4053.5699999999997,0.82,6.2101,106.06822953999999,0.0270448548812665,113.62675390000001,,4.7043,
300378.SZ,3338.479999999996,4.65,16.6422,103.87038728,0.09532710280373832,104.65718138,34.1021,4.2258,0.0773
300380.SZ,-263.5799999999999,1.04,2.2836,37.67467337,0.03969312875250159,48.3488424,146.417,11.944,0.1432
300381.SZ,40.13999999999987,2.36,4.2347,27.2718324,0.0731707317073171,27.369912300000003,,1.0857,1.7544
300382.SZ,1812.650000000005,1.18,4.5888,118.38655532,0.08703071672354956,118.39783999999999,,5.3173,
300383.SZ,1296.2299999999996,0.95,2.0003,222.41421573,0.028594771241830037,222.72174791999998,,1.8754,0.4843
300384.SZ,-35.16999999999996,0.64,0.9069,27.15103776,0.027093596059113306,39.301687040000004,24.9398,1.3994,1.7857
300385.SZ,968.6500000000001,1.34,2.069,39.8229365,0.05721003134796242,44.04188798,,,
300386.SZ,-1624.5200000000004,0.59,5.533,30.530553989999998,0.036065573770491764,49.6218228,,3.5424,
300387.SZ,-1127.46,1.22,4.4268,22.307449520000002,0.03022670025188908,22.3152004,41.9707,1.5416,0.9067
300388.SZ,149.21000000000004,1.08,1.0659,48.3539962,0.02407932011331444,48.3539962,12.8105,0.9877,1.831
300389.SZ,-113.67000000000007,0.88,1.7046,35.55009395,0.03054032889584969,47.79848885,17.0472,2.6749,2.7027
300390.SZ,9442.740000000005,0.81,5.0553,458.20046160000004,0.042576419213973746,535.0035151999999,19.2078,3.8985,0.9317
300393.SZ,-736.4999999999995,0.79,1.69,58.90716,0.02222222222222217,67.99274976,,3.7542,
300394.SZ,-50104.46999999997,0.62,2.6366,2862.46044,0.04139160786099085,2868.86975,123.5352,45.9124,0.2323
300395.SZ,47599.52000000002,1.52,6.5828,489.473217,0.08842855551843186,502.06938049999997,97.2547,9.5859,0.1348
300396.SZ,146.95,1.07,0.7001,19.687637040000002,0.016620498614958464,19.71622446,,1.2748,3.5961
300397.SZ,-696.4499999999998,0.73,2.6862,45.3060708,0.02450090744101646,57.457673699999994,,4.078,
300398.SZ,1201.760000000002,1.12,5.8023,206.52309073,0.0574324324324324,207.54912453,47.0944,3.9654,0.2868
300399.SZ,-658.22,0.44,2.5643,37.59960721,0.033560566334556736,37.60328,2909.427,7.4186,0.2627
300400.SZ,56.47999999999956,0.68,3.5953,74.401301,0.03910256410256418,74.65026920000001,84.759,10.1473,1.3001
300401.SZ,288.9899999999998,0.83,4.4047,79.01088096000001,0.037162162162162206,80.30596684,29.1765,2.4181,0.7715
300402.SZ,261.4,0.96,1.3891,37.4685253,0.03630363036303635,37.9563789,75.448,2.5054,0.5852
300403.SZ,-406.55999999999995,1.06,1.7532,41.14329912,0.01910828025477704,56.6217,27.2275,2.5249,1.065
300404.SZ,-9674.029999999999,0.93,16.2142,36.71730616,0.038519637462235634,49.60730854,95.1701,4.5774,0.0924
300405.SZ,-202.22000000000003,1.24,4.1351,13.063756979999999,0.029159519725557602,16.97705019,,4.151,
300406.SZ,439.9699999999999,0.97,1.1316,49.72599104,0.024722932651321475,68.6956666,30.5385,1.9972,7.6467
300407.SZ,227.51999999999992,0.52,1.8747,30.155577750000003,0.021757322175732202,40.845181679999996,62.371,1.8784,0.7721
300408.SZ,-16761.679999999993,1.11,2.6551,2150.27713,0.06423734853884527,2296.22639,69.302,10.1404,0.3295
300409.SZ,-1800.3200000000015,1.1,2.398,126.57030534,0.031096563011456645,142.2128682,25.1005,1.7604,0.9756
300410.SZ,1326.0300000000002,1.32,5.174,30.32368248,0.04844720496894395,30.32368248,72.1673,10.6592,
300411.SZ,-1050.6100000000001,1.08,2.5698,24.2346552,0.028822055137844662,31.871168,18620.8786,3.3004,
300412.SZ,-101.55000000000001,0.74,1.7925,22.03628136,0.025695931477516084,23.44433586,116.0266,2.2967,1.2739
300413.SZ,31118.769999999997,4.56,6.414,173.48466000000002,0.11166077738515902,317.64840882,47.7354,1.3761,1.2956
300414.SZ,-552.1899999999999,1.09,1.6485,34.471305959999995,0.0334883720930232,35.6013294,189.8382,3.5662,0.0916
300415.SZ,436.8599999999999,0.86,0.885,90.06745122,0.021827411167512675,92.86898839999999,13.57,2.8067,2.4744
300416.SZ,599.059999999999,0.86,2.0442,73.84928962,0.02560553633218,74.34968835999999,27.5776,2.6343,1.026
300417.SZ,-148.26,1.67,4.3876,10.33281522,0.04640980735551658,15.85154496,,3.5393,
300418.SZ,73646.18,2.05,9.4976,516.64394223,0.13440594059405941,565.28676453,161.1312,3.8193,
300419.SZ,588.3699999999999,1.09,2.5863,34.532081819999995,0.08240534521158131,34.532081819999995,,10.8164,
300420.SZ,3496.5,1.11,12.6955,97.89758937,0.12423124231242319,97.90684172,471.4901,4.1154,
300421.SZ,397.4200000000001,1.29,2.2682,39.63181242,0.054611650485436807,49.926361920000005,94.4278,3.9558,0.7067
300422.SZ,158.55000000000007,1.18,2.2297,21.7032228,0.016666666666666732,22.4229768,,3.8832,
300423.SZ,-290.29,0.92,2.0426,19.30201878,0.01724137931034492,28.80590427,,2.6777,
300424.SZ,-339.8399999999997,1.72,6.5592,35.060815999999996,0.053869499241274724,35.08062383,,4.8618,
300425.SZ,30.46999999999997,0.8,1.0884,28.04642208,0.016990291262135776,28.10766588,231.3858,1.1864,0.6311
300426.SZ,2694.05,3.68,12.013,28.32,0.14808917197452223,31.88710224,,20.723,
300427.SZ,-748.1600000000001,0.71,3.5399,32.29291458,0.021472392638036762,32.64700326,,2.744,
300428.SZ,-1632.6399999999999,1.17,1.4926,119.31881488,0.020376974019358052,135.60804048,12.7727,1.4827,1.5825
300429.SZ,286.65999999999985,0.94,4.862,48.96683027,0.036846615252784896,65.10010597,,3.4573,
300430.SZ,402.31000000000006,1.66,3.5746,12.18716198,0.05829596412556049,12.80589492,,0.9764,0.9595
300432.SZ,-3350.399999999998,1.4,2.8076,250.4836952,0.040026246719160184,253.0445096,47.2982,5.2583,0.4826
300433.SZ,16394.140000000014,0.78,1.914,1933.7267166299998,0.0578080041851949,2055.01383237,59.532,3.8939,1.2805
300434.SZ,51.26999999999998,0.64,3.4609,38.01030624,0.02613240418118473,44.47303866,27.5628,1.7011,0.6233
300435.SZ,214.89999999999964,0.82,1.6538,63.778418339999995,0.026916325336454116,66.6897777,14.9479,1.9299,1.1567
300436.SZ,-808.3000000000011,0.52,2.2175,124.84222785,0.02752492414390975,145.4266977,,69.4536,
300437.SZ,-589.3900000000001,0.79,4.8229,20.1550696,0.025929127052722465,28.4435596,,2.0572,
300438.SZ,-14903.259999999991,1.14,5.1644,239.02270787999998,0.04896483733158063,297.67722762,26.8011,4.7389,
300439.SZ,29.120000000000005,1.42,1.5742,27.83001592,0.03201707577374607,36.541939279999994,53.4888,1.2167,1.4185
300440.SZ,-1538.9000000000015,1.89,4.9251,89.83812999,0.08669046404895477,90.23939014,146.9217,5.4123,0.2786
300441.SZ,-1134.84,1.63,1.2805,43.65392554,0.024285714285714275,44.72245652,25.1805,1.7443,4.3228
300442.SZ,24419.070000000007,1.58,1.6572,1083.51044648,0.07541191381495561,1086.6980124,20.2317,7.4985,0.7931
300443.SZ,1256.6100000000001,1.46,2.7259,47.04135124,0.05942184154175586,62.202152780000006,23.0835,0.9716,0.8735
300444.SZ,-2267.100000000001,0.82,3.8984,57.91286890999999,0.021598272138228864,74.26643523,23.4979,3.6482,
300445.SZ,-54.16000000000008,0.58,1.8209,26.22229055,0.01810436634717784,39.915597,31.855,2.9988,0.479
300446.SZ,630.6300000000001,1.24,0.9169,111.1459977,0.04128440366972484,112.35501558,15.339,1.9083,2.1068
300447.SZ,54.93999999999994,1.04,2.1144,28.707024,0.03716940671908503,44.504232,131.6198,2.2197,0.3473
300448.SZ,-224.41000000000008,1.05,2.0551,36.615679830000005,0.03907637655417402,38.764429830000005,,3.2415,0.5685
300449.SZ,536.5800000000002,1.31,2.2507,28.489456800000003,0.04715672676837723,28.489456800000003,,10.6259,
300450.SZ,-2540.2599999999948,1.83,2.9876,524.27495318,0.06279904306220079,562.87323468,31.6295,3.129,0.1654
300451.SZ,392.6300000000001,1.28,1.4143,54.20247635999999,0.034090909090909,54.839014379999995,,1.4365,
300452.SZ,-380.5000000000001,0.59,2.1113,25.464327540000003,0.015467904098994532,30.05729766,16.7258,2.9918,2.3218
300453.SZ,-500.1300000000001,0.97,2.8916,34.6900218,0.015544041450777054,49.49358216,17.5549,3.3144,3.1655
300454.SZ,-308.11999999999534,1.41,9.5976,387.2178823,0.11690287452958599,580.2310755,68.129,5.2394,0.0452
300455.SZ,-39.299999999999955,0.92,0.6685,126.36060624,0.027288231949971598,128.3369184,,7.6877,0.0839
300456.SZ,-11104.5,1.36,11.3818,240.57878328,0.05321782178217818,294.78903432,7.0586,3.261,
300457.SZ,-1978.8300000000008,0.58,1.7256,134.893895,0.025292740046838368,137.10064375,22.1897,1.9263,0.5451
300458.SZ,55042.12000000001,2.6,10.4547,276.07877365,0.10483870967741936,336.94244234,56.995,9.673,0.4699
300459.SZ,5938.0599999999995,1.73,3.5963,121.2438429,0.04456824512534823,129.73342221,,16.7998,
300460.SZ,-6.759999999999991,0.94,0.8034,24.37381324,0.029205607476635514,24.37381324,,5.6694,
300461.SZ,-431.75,0.64,1.8226,47.01670137,0.019000919399325803,51.18432363,293.0627,9.1196,
300462.SZ,-6.5400000000000205,1.61,0.7379,16.2051916,0.029539530842745427,21.27545106,,1.5674,
300463.SZ,87.51999999999998,0.73,0.8564,45.47289825,0.016077170418006468,55.9316605,,0.8866,1.1315
300464.SZ,532.1799999999994,0.91,4.0445,28.51795881,0.04469987228607925,37.52416591,180.1125,25.0866,
300465.SZ,-1984.7400000000002,0.61,3.1495,53.871177159999995,0.02276422764227637,53.871177159999995,223.9163,7.7766,
300466.SZ,7.959999999999923,0.96,1.2618,34.81688448,0.028187919463087244,40.48606044,,5.782,
300467.SZ,1332.7000000000007,1.84,2.9922,60.26354412,0.048507462686567096,73.27568694,308.5542,11.2408,
300468.SZ,-16064.310000000001,0.56,6.1055,121.79429874,0.03266864658464148,121.94320914000001,182.8781,7.4127,0.4352
300469.SZ,-3849.9199999999983,0.93,3.0035,130.28534402999998,0.040955004591368166,130.35019387999998,,65.5337,
300470.SZ,-190.09000000000015,0.6,0.7855,55.43131723,0.011798355380765044,58.40888532,17.5521,1.9835,3.5604
300471.SZ,-93.03999999999996,0.72,1.0516,36.801824800000006,0.019467213114754047,46.16958434,41.6921,2.7961,
300472.SZ,406.2199999999998,3.03,2.8659,18.922334969999998,0.08534850640113793,20.28655882,,164.4271,
300473.SZ,-2024.1999999999998,0.69,5.8332,42.433153749999995,0.030324909747292416,47.84474633,27.3725,2.451,
300474.SZ,-884.289999999999,1.12,1.2444,209.25574956,0.026698076168040822,269.04436416000004,,3.9702,0.1166
300475.SZ,16275.549999999988,1.21,6.5197,798.324838,0.05787332945961655,835.784226,20.748,11.707,0.0512
300476.SZ,-51523.560000000056,0.91,3.5314,2103.6348798599997,0.061092715231788046,2389.54296272,47.547,6.3033,0.1214
300477.SZ,342.3300000000004,1.77,3.0062,26.680356760000002,0.06201550387596905,28.730101160000004,,1178.4921,
300478.SZ,1335.4199999999996,1.73,3.3179,39.825991200000004,0.09819911654774043,39.825991200000004,,73.5399,
300479.SZ,21.020000000000095,0.86,2.0301,29.834652600000002,0.027962716378162448,29.85169635,67.0945,5.6103,
300480.SZ,-696.3299999999999,0.8,4.4622,81.37726586,0.042594385285576006,116.32394092000001,130.3045,6.4858,0.151
300481.SZ,-918.6600000000005,1.02,2.6522,41.91255735,0.03354297693920326,42.17311975,34.3117,1.7373,2.7682
300482.SZ,-741.5300000000001,0.57,1.2325,70.57389624,0.015179113539769279,76.81337208000001,,1.4386,2.507
300483.SZ,-999.8499999999995,0.77,3.1327,93.47965627,0.0503342508847818,93.61968187,26.9261,2.4048,
300484.SZ,-412.78,1.19,1.6172,22.17624287,0.03294117647058823,26.744859490000003,96.709,3.9777,1.2422
300485.SZ,136.68000000000006,0.8,3.1736,23.8262028,0.03535911602209948,41.9049768,,1.3046,
300486.SZ,-2656.3699999999994,0.42,1.7987,87.05350375,0.02363050483351242,87.07967425000001,337.5808,5.1151,
300487.SZ,-214.13000000000056,0.87,1.2854,193.96304339,0.030542807406235162,320.60597813,36.7204,7.0052,1.2338
300488.SZ,191.82000000000016,1.27,3.1996,52.487130949999994,0.05632000000000005,61.85992879999999,30.8277,2.7949,0.5501
300489.SZ,47515.65000000002,1.06,11.5226,330.429204,0.13926267674825932,333.6308255,,42.8854,
300490.SZ,-1667.5299999999997,1.84,5.625,43.878496649999995,0.04090513489991287,44.53151719,,1.9757,
300491.SZ,3366.6699999999983,1.37,11.4391,54.5296692,0.1274447949526815,61.472712800000004,238.6419,5.0785,0.1933
300492.SZ,887.8600000000001,1.17,2.1557,64.55925699999999,0.041027766266058786,64.55925699999999,107.1366,31.5146,2.0772
300493.SZ,795.3600000000006,1.23,2.8441,67.32864177,0.054687499999999944,68.11405418999999,95.2342,5.702,0.2634
300494.SZ,300.8699999999999,1.4,2.9133,32.78404863,0.050568900126422296,40.368981229999996,,3.0473,
300496.SZ,14202.100000000006,2.03,4.638,219.83393241,0.07254069355980186,274.67550279,51.1253,2.5965,0.097
300497.SZ,1408.6599999999999,0.93,3.8141,78.38591468,0.032634032634032556,92.5398982,71.8316,3.9147,
300498.SZ,1775.2099999999991,1.03,0.9312,848.477076,0.018194541637508735,949.51571111,,2.7117,3.493
300499.SZ,4639.249999999996,0.88,11.1476,88.09557924,0.08473479948253561,98.96159612,317.3449,7.1564,
300500.SZ,763.3699999999999,2.06,4.3672,16.592202,0.06427818756585874,17.2235151,,1.7016,1.5152
300501.SZ,11.120000000000005,1.45,2.1805,29.108394,0.0767696909272183,29.2091835,,2.2782,2.9937
300502.SZ,-9763.20000000007,0.79,2.4878,5040.42714784,0.05270676691729317,5603.09940029,42.7105,23.0611,0.0569
300503.SZ,-633.0299999999988,0.9,4.4378,166.98873666,0.05099910527885478,213.25675525000003,73.9927,13.443,0.0761
300504.SZ,133.38999999999987,1.12,6.2013,39.59577176,0.04394366197183105,48.73022308,,2.1971,
300505.SZ,-4607.2199999999975,1.21,13.058,46.0675152,0.03627906976744191,58.27191,14.5603,1.9926,1.4151
300506.SZ,-745.8899999999999,0.65,1.7427,38.88692115,0.011673151750972686,72.84798626,,5.411,
300507.SZ,127.95000000000005,1.01,0.9039,51.3709086,0.018237082066869317,53.064151800000005,55.8284,2.4667,0.9007
300508.SZ,677.0500000000002,1.44,5.0218,34.91989404,0.09695431472081219,46.2765216,71.65,5.3473,0.4384
300509.SZ,345.91999999999985,1.16,3.5934,22.95591515,0.057239057239057214,27.535559999999997,19.9949,3.8494,1.6146
300510.SZ,-579.4799999999998,0.96,2.0754,28.616767290000002,0.022857142857142878,28.616767290000002,,1.5263,
300511.SZ,-1588.9300000000003,1.07,10.1451,31.162464189999998,0.05244755244755242,35.054330900000004,23.3383,2.1439,
300512.SZ,70.95999999999998,1.13,1.4856,24.181104870000002,0.04229195088676666,30.32449134,103.4718,1.8462,0.7978
300513.SZ,-266.73,1.26,1.966,21.73769406,0.033602150537634407,23.74642384,,4.572,
300514.SZ,-1.1500000000000057,0.84,1.6988,16.71494069,0.025415444770283457,20.86,,2.017,2.8763
300515.SZ,187.39999999999998,0.61,1.5014,32.71639582,0.026674937965260527,33.31165355,15.871,3.548,1.808
300516.SZ,2452.1600000000008,2.26,4.1136,86.9652,0.043465045592705163,86.9652,305.1029,6.6554,0.1428
300517.SZ,492.18000000000006,1.68,5.8704,14.062345060000002,0.08968177434908388,22.3265095,,2.2008,0.8863
300518.SZ,2437.8099999999995,1.84,7.7309,50.8410075,0.12547209399916082,50.849958,,8.2246,
300519.SZ,-724.7,0.6,3.9397,16.52168,0.022372881355932208,23.168,37.3582,2.7946,2.0718
300520.SZ,-802.4900000000002,0.72,1.8924,67.84549568,0.038087177316969895,70.20427644,,4.2715,
300521.SZ,958.6200000000008,3.25,5.1242,38.764352,0.10698058653448987,39.289152,,7.5245,0.1466
300522.SZ,1048.0100000000002,0.84,5.9619,38.0511885,0.06245513280689154,46.52975145,694.4194,5.98,0.2772
300523.SZ,195.97000000000025,4.67,3.1763,47.94512544,0.07355163727959683,47.946609360000004,,5.1571,
300525.SZ,86.17000000000007,1.27,2.2058,51.0777767,0.04289215686274506,62.385754799999994,37.2548,2.5715,1.4453
300527.SZ,1140.85,1.9,1.3883,86.01877584,0.028950542822677953,86.01877584,315.9711,2.9315,0.0301
300528.SZ,426.2699999999995,2.07,4.1656,49.66865973,0.07176287051482058,49.66865973,,14.5142,
300529.SZ,56.57999999999993,0.77,0.7833,80.80581117,0.012578616352201213,125.94005581,23.9855,3.7712,4.9189
300530.SZ,1032.51,0.55,2.7785,32.722351419999995,0.05197617758527347,32.722351419999995,,37.4139,
300531.SZ,-2776.15,0.74,2.9696,52.47483772,0.023214285714285746,54.06968676,40.3493,3.6278,0.294
300532.SZ,744.9300000000003,2.37,2.6899,44.315824680000006,0.043600562587904304,46.59243399,25.9314,2.5404,2.9189
300533.SZ,692.0599999999998,1.74,2.6564,33.97587823,0.04131652661064425,48.28510428,38.6261,3.7855,4.8558
300534.SZ,-2429.739999999998,0.84,21.4427,42.10710824,0.06511627906976747,42.286293,122.3741,5.9051,0.2869
300535.SZ,-284.22,0.63,2.4998,13.86230666,0.02403282532239157,18.278992600000002,141.5332,1.9216,
300536.SZ,-52.01999999999998,0.92,2.2528,26.27671424,0.02980132450331121,26.27862272,,9.831,
300537.SZ,-289.8499999999999,1.02,4.3708,31.414754700000003,0.05148514851485145,42.8923251,286.1904,4.7156,
300538.SZ,-793.26,1.46,4.8332,19.26409056,0.031520395550061794,28.61579578,,3.2213,
300539.SZ,465.49000000000024,1.18,2.2069,40.37468346,0.03400987383433905,49.67904118,108.2612,4.3198,0.6054
300540.SZ,362.0600000000004,0.65,3.6516,59.10330648000001,0.04100388829975257,65.06849562000001,77.511,5.6321,0.126
300541.SZ,-346.1,0.84,1.6724,39.1925854,0.02797202797202791,43.4344945,103.5661,2.575,0.1782
300542.SZ,53.940000000000055,0.48,4.8777,32.300182299999996,0.026792750197005506,38.27537918,,7.074,
300543.SZ,-146.41999999999996,1.13,2.4491,20.06594376,0.03176620076238882,24.57097826,,1.7804,1.2469
300545.SZ,-104.34000000000015,0.93,12.3849,38.9892808,0.09627228525121552,58.605802399999995,64.6518,2.68,0.6144
300546.SZ,-1364.2600000000002,0.51,6.8167,24.01984578,0.037309214245336356,32.66981277,286.8485,2.9032,0.2571
300547.SZ,1578.6000000000004,1.21,5.7364,49.31447012,0.08342900880214313,60.01794554,33.2477,4.4124,0.9979
300548.SZ,244.7899999999936,0.69,4.0595,619.6033116,0.04856740253640208,620.8589088,127.2087,29.7078,0.0375
300549.SZ,310.23,1.63,2.7004,15.28779406,0.04341833218470014,19.974332,300.0305,3.6478,0.3338
300550.SZ,1263.5600000000004,6.18,6.5309,35.6750304,0.18505942275042458,35.7081872,182.3336,3.2103,0.1838
300551.SZ,995.8200000000006,1.45,8.1719,37.28234028,0.07258064516129037,38.73316431,23.0236,6.0383,
300552.SZ,692.5199999999995,1.07,5.0764,30.08857437,0.05037664783427497,46.48432911,,2.6871,
300553.SZ,-1368.7399999999998,1.28,7.5949,39.15804984,0.11496949788831531,51.093705,,6.0454,
300554.SZ,-15.150000000000091,1.87,5.5326,19.65743617,0.0606773283160865,25.54913492,,5.2186,
300555.SZ,98.26999999999987,1.42,0.5987,25.447805900000002,0.03233438485804418,25.7,,6.4634,
300556.SZ,-4.7999999999999545,1.99,5.3704,18.142286799999997,0.05392156862745092,20.32571816,98.9088,5.1847,
300557.SZ,1529.4299999999994,1.96,3.7698,44.4253578,0.08843283582089556,44.70300135,95.5132,4.4128,0.4162
300558.SZ,-2024.4900000000016,0.54,2.1968,213.11614194,0.028882294757665697,213.69783459,45.7043,3.2252,0.3917
300559.SZ,445.58000000000015,0.91,1.4761,34.59841216,0.02744739249771278,44.4260124,322.7661,3.7859,1.3489
300560.SZ,-1228.4000000000005,1.0,6.2184,34.04629008,0.03276047261009664,41.83630956,,4.6565,
300561.SZ,414.3100000000013,0.72,8.7944,40.111984639999996,0.03770197486535003,54.597171200000005,,9.33,0.2103
300562.SZ,-867.0299999999988,0.92,10.7856,30.05999731,0.03503010399562107,39.34067658,39.4409,3.4971,1.5437
300563.SZ,-254.51000000000022,0.71,3.2582,31.961280780000003,0.05686433793663682,45.93522882,74.0267,4.078,0.9223
300564.SZ,424.79999999999995,2.45,5.446,15.231791099999999,0.08828250401284106,20.8096608,47.392,1.7273,3.876
300565.SZ,-61.039999999999964,0.93,2.915,23.18563816,0.02894211576846299,25.36998736,,4.9767,
300566.SZ,-11029.170000000002,1.2,10.7108,61.18103996,0.058085335245607654,70.74203154,34.9231,2.8133,0.7343
300567.SZ,-4938.059999999998,1.09,3.3613,492.51620924,0.06957328385899815,606.82675856,468.9931,10.8968,
300568.SZ,-784.6900000000023,0.8,4.315,181.76737888,0.040131578947368386,224.88320864,160.7473,2.0649,0.329
300569.SZ,-668.7700000000002,0.77,0.7437,48.12738088,0.01268498942917558,48.27267192,53.0592,0.9217,0.2077
300570.SZ,-52564.28,0.73,8.0447,383.40541672,0.04743024963289279,453.09545281,150.0707,27.1611,0.401
300571.SZ,-911.8800000000001,1.15,7.6113,35.06119904,0.08144796380090497,42.304980560000004,,3.4686,
300572.SZ,335.2399999999998,0.87,3.322,40.529422950000004,0.055606198723792105,51.1789968,,3.167,
300573.SZ,-6396.15,1.11,2.8316,104.06628176,0.023499361430395774,135.79151202,17.1577,6.2778,2.5553
300575.SZ,-394.9499999999998,0.91,3.7727,21.645107250000002,0.025276461295418523,29.911590629999996,,1.49,0.7769
300576.SZ,-509.2999999999993,0.63,3.3259,78.8575059,0.03616878767582044,121.7120526,133.9985,6.9952,0.2254
300577.SZ,234.3599999999999,1.12,2.8163,27.9437592,0.04018789144050102,47.0078952,13.2241,2.2084,1.7603
300578.SZ,1651.8200000000006,4.53,7.9788,33.20119675,0.12890365448504992,33.21017475,,2.9275,
300579.SZ,-796.3299999999997,0.67,2.3001,61.20612,0.04022491349480967,62.883,,8.3478,0.1288
300580.SZ,-1380.46,0.91,1.2787,92.62813,0.01982714794102679,98.4552688,35.7059,2.9412,0.8643
300581.SZ,-94.0,0.79,1.386,56.60626755,0.023414634146341484,56.60626755,,6.3395,
300582.SZ,1607.7099999999991,2.18,7.938,27.22546593,0.04912572855953371,35.91392892,,4.0016,0.3116
300583.SZ,1055.3599999999997,7.42,9.354,27.38250319,0.09097918272937545,27.90517891,285.7086,1.5842,0.136
300584.SZ,-327.5400000000002,0.69,2.984,25.5428965,0.019454032005020425,37.32,82.9967,3.4767,0.3215
300585.SZ,-205.43000000000075,0.9,3.4049,28.5755537,0.05198598130841125,28.5755537,,4.5733,
300586.SZ,425.7300000000005,1.0,3.234,52.19478225,0.04502617801047117,69.34362825,,3.7386,
300587.SZ,-2744.6499999999987,1.69,5.0471,52.8411475,0.056016597510373536,65.17309376,,2.8642,0.5369
300588.SZ,-1169.539999999999,3.05,5.9807,40.6513778,0.1154205607476635,44.019182900000004,,18.3169,
300589.SZ,106.62000000000035,0.6,3.9297,29.842318979999998,0.02535421327367635,50.6452788,,7.4915,0.0746
300590.SZ,1363.9499999999998,1.26,4.2603,41.184460460000004,0.03900709219858152,53.20342115,40.3753,2.8135,1.8903
300591.SZ,786.7399999999998,1.3,9.4379,26.9884769,0.09399477806788509,31.2368826,,18.5201,
300592.SZ,549.789999999999,1.69,5.2968,58.08236229,0.11283043197936815,66.07862877,24.0314,2.7793,0.303
300593.SZ,-4778.369999999999,0.82,5.284,136.51949904,0.06963696369636974,164.48554520000002,,7.0876,
300594.SZ,24.410000000000082,2.05,2.5129,13.61219376,0.05281207133058982,13.744260639999998,,1.879,
300595.SZ,619.8799999999999,0.99,1.138,74.13607332000001,0.023722627737226255,99.18414693999999,21.4957,1.9728,2.5294
300596.SZ,-1145.12,1.08,1.4455,95.93511066,0.02744630071599042,95.93511066,17.3597,1.924,0.8856
300597.SZ,100.87999999999988,1.4,1.8602,21.887107320000002,0.03030303030303033,21.969142,,2.3658,0.0485
300598.SZ,1195.6799999999967,1.29,8.833,74.14865644,0.10717475439118788,74.16434506,,5.1699,
300599.SZ,-943.3699999999999,2.15,4.3248,36.83831662,0.08753315649867376,41.61489192,,2.1361,
300600.SZ,-51.85000000000002,1.1,1.4094,30.041342450000002,0.01656920077972726,30.041342450000002,,2.54,
300601.SZ,-2480.6899999999987,0.49,2.4644,114.26040468,0.019999999999999983,141.73845507000001,170.3919,1.5521,0.7092
300602.SZ,-1242.7200000000012,1.28,12.244,185.34483659999998,0.11058823529411754,270.93694320000003,60.0648,6.2504,0.0813
300603.SZ,-216.95000000000027,1.09,3.7676,30.138878899999998,0.0455696202531646,37.46274298,,3.0139,
300604.SZ,-24980.76000000001,0.83,2.7489,1365.79097961,0.05059362707949905,1801.3679959199999,96.4312,31.998,0.035
300605.SZ,626.4300000000001,1.5,7.1461,13.3460448,0.050049067713444535,17.43922752,,4.2308,
300606.SZ,-462.2499999999982,0.93,6.0429,44.79806808,0.06197336232671906,52.115616259999996,283.9453,7.8691,0.3186
300607.SZ,9558.910000000003,1.06,13.7447,127.05987456,0.12333911034084334,175.57354044000002,117.4918,5.928,
300608.SZ,-904.91,1.0,2.7171,30.98446898,0.047283702213279745,35.42937256,,2.4522,
300609.SZ,-721.4399999999998,0.87,2.0344,30.6690131,0.025430359937402277,30.725263520000002,,3.5739,
300610.SZ,-320.23,1.35,2.4382,17.70024544,0.032227488151658754,22.67213237,32.6767,1.9159,1.8892
300611.SZ,-1509.6600000000008,2.24,5.7167,37.965568,0.058279742765273285,54.035123199999994,29.6936,4.1861,0.4621
300612.SZ,-148.94000000000005,1.72,4.0534,22.62815621,0.05369127516778514,22.7451598,,5.1718,
300613.SZ,22559.22,1.72,9.9377,175.48845187999999,0.10846310088016257,186.03660588,39.4397,5.8589,0.1484
300614.SZ,84.95000000000002,1.23,1.6337,17.66452107,0.04093023255813949,17.66452107,,2.5468,
300615.SZ,-852.289999999999,0.5,11.3494,22.93247754,0.06262626262626261,28.909782160000002,,6.4249,0.3346
300616.SZ,-232.71000000000004,1.87,4.6609,16.66859814,0.06491063029162741,24.1130184,,0.8923,7.7727
300617.SZ,-199.47000000000003,0.85,2.9508,54.07702938,0.024986985944820427,64.52653944,76.8348,2.1137,0.6101
300618.SZ,-1832.6000000000008,0.82,1.9759,93.90236282000001,0.01702610669693534,106.72162065999999,47.2443,1.9176,0.4334
300619.SZ,-399.1200000000001,0.52,1.9174,49.931375280000005,0.03699421965317923,59.309508900000004,77.6412,3.6944,
300620.SZ,32349.800000000017,1.14,4.7959,789.00184,0.07456522440551096,794.885795,290.9547,35.212,0.0313
300621.SZ,-345.11999999999995,1.19,2.623,15.189675,0.027285129604365646,15.6042525,,3.8151,0.1333
300622.SZ,3422.9400000000005,2.33,6.6224,34.70925696,0.06405933917734317,50.14615548,28.5551,5.4064,0.3845
300623.SZ,-4401.3499999999985,0.74,2.8785,230.14392836000002,0.030090270812437266,249.45755402,47.2842,4.0181,0.5003
300624.SZ,5046.639999999999,2.62,11.2813,88.8700308,0.12240576027107146,100.3415397,,10.4315,
300625.SZ,-86.56,1.08,1.1595,16.002813839999998,0.024844720496894433,27.5979028,,1.5044,3.0364
300626.SZ,-1078.5099999999998,0.46,2.4266,49.74276475,0.031441994940368534,49.77,349.6059,9.3673,
300627.SZ,-1488.96,1.01,1.056,186.75687348,0.024695652173913073,225.64646214,32.6027,5.1676,1.2371
300628.SZ,1069.9799999999996,1.05,1.9071,300.5104698,0.04999999999999995,524.5042176,18.1815,5.6959,4.3366
300629.SZ,270.7000000000003,1.37,3.8969,39.8272464,0.04013377926421418,46.16133624,44.4977,2.6108,0.5417
300631.SZ,211.01999999999992,1.07,1.2195,26.69231945,0.019724770642201822,27.4443923,37.9212,2.0119,0.8201
300632.SZ,-580.3300000000002,0.83,3.6932,41.80747472,0.04595791805094122,56.06185992,,3.3223,0.5039
300633.SZ,417.22,0.81,1.6668,51.63308555,0.033811475409836075,84.33024375,51.4127,2.7957,0.5097
300634.SZ,1328.0999999999995,1.35,2.4278,86.4204265,0.05217391304347824,89.7909691,40.0857,2.9604,0.7995
300635.SZ,-416.76,1.6,5.0253,15.38409114,0.048154093097913436,17.8937892,,5.5485,
300636.SZ,-95.53000000000009,0.87,1.2353,25.30767967,0.023021582733812843,28.93465835,73.8583,1.2193,0.5806
300637.SZ,-782.6599999999999,2.06,4.2948,23.265859,0.0440573770491803,23.2872129,,3.2614,
300638.SZ,8374.739999999998,2.63,4.4923,105.44186995999999,0.07047517351841966,178.77406092,93.617,2.9435,1.7574
300639.SZ,-762.9000000000001,0.88,1.6896,37.30796704,0.02479338842975198,38.2728399,,1.0051,
300640.SZ,109.82000000000016,1.41,4.7809,15.236234160000002,0.03160919540229881,20.80545846,,2.6173,0.299
300641.SZ,-23.699999999999818,0.94,0.9595,75.6779328,0.023464458247066933,75.6784512,23.5772,2.3767,4.1667
300642.SZ,-1424.260000000002,1.17,22.2004,23.35486976,0.06900212314225057,27.52138208,223.6574,1.9148,0.8779
300643.SZ,-44.85000000000002,0.91,1.3009,41.06634614,0.02500000000000007,41.15209546,25.3304,3.1223,0.8939
300644.SZ,-501.41999999999996,0.8,2.362,18.57767886,0.028846153846153914,23.3091027,23.3316,2.1776,1.1625
300645.SZ,173.70999999999992,1.57,3.7743,19.37946764,0.04457652303120367,19.76701415,132.2917,1.8808,0.1404
300647.SZ,3576.9799999999996,1.53,17.6211,36.75968905,0.10399999999999991,36.8143405,,8.3796,
300648.SZ,-567.5200000000002,0.96,1.6444,54.710032739999995,0.061582066477711944,70.21797606,,5.8813,
300649.SZ,-552.1300000000001,1.01,3.9479,26.12103322,0.07208650380456551,33.978099560000004,,8.0274,0.1949
300650.SZ,431.1099999999999,2.1,6.397,20.66288489,0.08260869565217385,29.28213538,86.6529,2.0542,0.3727
300651.SZ,-63.74000000000001,0.93,3.1822,17.69285215,0.01880141010575795,24.16097967,88.7388,2.2724,0.7993
300652.SZ,-187.48999999999995,0.89,1.0801,34.146355119999996,0.03580379520229144,38.123033480000004,40.0446,2.4613,0.4037
300653.SZ,144.63,0.75,0.8451,27.0,0.022561380225613912,27.0,38.8195,3.0926,3.0265
300654.SZ,437.78,1.03,2.1824,35.19430034,0.033811475409836075,36.539265019999995,165.5477,4.3789,0.5511
300655.SZ,59.55999999999949,0.94,2.7209,148.48555404,0.03179409538228614,149.16534860000002,115.8539,5.7198,0.3909
300656.SZ,-570.4300000000003,0.86,2.7318,34.60133384,0.038930397168698325,43.87645,,5.612,
300657.SZ,14527.150000000001,1.53,7.013,178.13671656,0.11085516844226899,179.78463624,82.7753,11.5109,
300658.SZ,206.06999999999994,1.3,4.2479,25.18790976,0.03044719314938157,35.00678332,58.2935,2.6093,0.5622
300659.SZ,-267.02,1.66,3.2963,19.0750652,0.031190926275992445,27.237045039999998,,2.4137,
300660.SZ,22.990000000000236,1.08,0.8527,143.14063456,0.03273932863655212,143.226776,67.1455,4.0661,1.1819
300661.SZ,-31874.789999999994,1.75,2.3766,686.073204,0.04917030567685598,781.544442,101.958,7.9963,0.1337
300662.SZ,1301.2999999999997,1.66,2.4288,40.51094533,0.03711034141514102,40.60113969,11.9953,1.6909,0.7756
300663.SZ,-2869.42,0.91,7.7731,38.810708399999996,0.04935370152761456,40.33352889,,14.6849,
300664.SZ,490.56999999999994,0.78,0.9219,34.301009269999994,0.017021276595744695,35.61029219,24.22,0.8048,2.047
300665.SZ,54.62000000000012,0.75,2.6915,21.34326711,0.021560574948665385,22.47203453,,5.1265,
300666.SZ,-1797.960000000021,0.82,5.5016,540.4995388799999,0.055833541823034,673.5900168,85.6387,9.2386,0.1201
300667.SZ,82.16000000000008,1.18,3.1527,26.50800945,0.04389574759945134,30.593082,,2.9393,
300668.SZ,-603.6600000000001,0.76,3.1215,33.2977626,0.05136044023234484,40.207354200000005,245.8517,5.065,
300669.SZ,-447.53999999999996,1.47,1.3252,45.2599752,0.036862745098039267,47.790964,362.0807,5.5161,0.4011
300670.SZ,444.42999999999984,2.26,8.162,16.0656353,0.06686478454680538,22.65981575,,5.1443,
300671.SZ,-1633.6000000000004,0.79,4.2987,126.06823500000002,0.05133728235505294,126.4116915,,7.5451,
300672.SZ,24670.86,1.44,5.2689,371.83498606,0.09269829944107505,383.79379950000003,,9.5692,0.1688
300673.SZ,70.60000000000002,1.17,2.4164,21.6622755,0.04228486646884275,33.3862965,54.8334,1.981,2.5379
300674.SZ,-2441.3500000000004,0.71,2.9106,120.25087649999999,0.025715955581531138,120.39374699999999,23.1182,2.5681,1.4844
300675.SZ,-73.5,2.36,2.8876,19.829337839999997,0.035034272658034965,19.829337839999997,,4.033,0.074
300676.SZ,-877.8400000000001,0.56,1.8486,161.7547968,0.024797570850202528,162.64168848,,1.9097,
300677.SZ,4448.189999999999,0.79,2.4318,257.34402875,0.060405156537753114,361.88209364,31.811,1.9046,0.2666
300678.SZ,765.1100000000001,1.12,1.2981,65.66084181000001,0.026696832579185512,66.47944709,411.3278,7.8781,0.2229
300679.SZ,-11972.75,0.78,6.235,179.26858666,0.03539471067806709,211.857734,90.961,4.2072,0.9432
300680.SZ,-521.3000000000002,0.9,2.2226,45.79376088,0.023152709359605856,59.49924197,26.96,2.9571,0.7629
300681.SZ,3718.5200000000013,3.03,8.1024,48.81777435,0.06445837063563122,64.73069595,24.3125,2.0717,0.1186
300682.SZ,-681.0100000000002,0.8,1.089,99.25762560000001,0.0314136125654451,103.5106368,,1.6246,2.6042
300683.SZ,431.77,0.62,3.4575,31.31975748,0.023956723338485357,33.54823472,,1.6111,0.5072
300684.SZ,12705.64,0.85,10.0839,193.32354227,0.07008733624454151,283.03621574,79.7115,13.6642,0.6844
300685.SZ,855.9200000000005,0.8,2.0386,67.51540977,0.029262802476083264,67.60523116,19.9813,3.569,1.7375
300686.SZ,-95.11000000000013,0.84,3.1751,39.3539856,0.053061224489795875,39.6148784,,5.066,
300687.SZ,470.40000000000146,1.7,8.897,100.96073012,0.14605067064083463,122.76852997,,4.5114,0.233
300688.SZ,408.0700000000006,0.61,5.0587,46.501821899999996,0.055591677503251,52.4567353,,14.8816,
300689.SZ,400.15999999999985,1.01,2.552,57.841407149999995,0.0642922374429223,65.7186,909.4666,9.4168,
300690.SZ,-1051.4199999999992,1.4,12.6253,27.560323729999997,0.08661087866108788,40.84118299,21.0459,2.4528,0.8502
300691.SZ,-47.01999999999998,1.08,2.0717,33.5521912,0.03619302949061656,40.895402399999995,109.5936,2.4973,0.5263
300692.SZ,-344.3900000000003,0.84,3.1317,47.65202042,0.038031319910514526,50.99845134,69.9527,1.5909,0.2441
300693.SZ,6365.799999999999,1.03,4.3318,109.87161699999999,0.03517086555250677,127.4642885,23.3521,5.6751,1.224
300694.SZ,55.03000000000003,1.07,1.6593,23.6320611,0.021217712177121647,23.6606736,17.3509,1.5684,0.728
300695.SZ,-174.2800000000001,1.31,0.7746,49.86046444,0.039916839916839954,49.86046444,16.9751,1.7219,0.2932
300696.SZ,-414.01999999999975,0.6,1.2003,57.84396287999999,0.03219605958673723,62.145388800000006,194.5738,3.2892,
300697.SZ,-3722.909999999999,0.67,4.8667,49.984116,0.026623376623376632,65.285376,32.4879,5.0226,0.9176
300698.SZ,369.32000000000005,0.6,2.1983,32.3658205,0.04567948229920058,36.0862,75.0299,6.5576,
300699.SZ,-503.46000000000004,0.94,1.1609,199.25803259999998,0.017924135056273438,201.187184,37.7613,3.6797,2.0503
300700.SZ,2037.71,1.29,3.152,72.61009956000001,0.06183476938672085,81.11300427,,10.4402,
300701.SZ,32.66000000000008,2.12,3.1174,26.27441554,0.07760314341846768,29.13362186,35.5817,2.9946,0.9705
300702.SZ,-104.0,0.71,0.7241,45.16415079,0.018717828731867035,74.43232308,82.2065,2.0886,0.2338
300703.SZ,231.32999999999998,1.38,2.6037,23.56599624,0.041481481481481515,25.05643491,6044.0656,3.2843,1.0799
300705.SZ,-594.2199999999998,0.59,1.9523,40.84208256,0.03265666372462498,55.23214848,16.1943,2.1605,2.7833
300706.SZ,-65.24000000000069,0.71,5.6337,59.14622388000001,0.05270349404645721,79.77746148,706.8784,11.2214,
300707.SZ,-44.12000000000006,1.55,2.8252,17.5455371,0.04489795918367338,21.25058,,1.9525,0.4928
300708.SZ,3564.5,1.4,2.5167,58.86879514,0.042606516290726794,76.97549985,46.6258,2.615,1.3373
300709.SZ,-3737.729999999996,2.21,23.2535,72.37762776000001,0.18278018278018282,90.14894622,,4.0565,0.2271
300710.SZ,-231.30999999999995,0.77,6.6926,23.276418,0.0734573947110677,31.05092263,,7.239,
300711.SZ,-100.52999999999997,0.43,2.4328,45.76021656,0.028214867064568615,51.65586912,62.175,3.4418,0.9647
300712.SZ,68.0,0.43,0.5875,38.113634000000005,0.03784860557768933,38.2781386,,3.0804,0.2404
300713.SZ,-197.12,1.13,2.5649,12.123629880000001,0.04110612855007479,21.53881248,,5.0995,
300715.SZ,1170.83,1.19,3.359,46.92375285,0.06666666666666661,55.53633826,983.3542,3.0782,
300716.SZ,-333.0899999999999,0.6,1.4924,30.931865999999996,0.07003686150605593,30.931865999999996,,,
300717.SZ,-95.39000000000001,1.0,1.7853,19.0465858,0.027173913043478264,19.218925,38.411,2.5914,1.0695
300718.SZ,1353.2800000000007,0.77,2.2025,111.6622325,0.03189189189189195,168.57116822,66.1285,9.4015,0.7104
300719.SZ,-282.6,0.92,2.1955,22.20104436,0.023349436392914584,31.422469559999996,,3.1455,0.3236
300720.SZ,-21491.43,0.92,8.8442,132.32674072,0.07649228247507184,140.03875592,768.2033,24.0618,0.2087
300721.SZ,340.2300000000005,1.01,6.6111,32.329258880000005,0.05036908380373426,38.508189120000004,,3.4575,0.1284
300722.SZ,-345.90999999999997,0.99,0.7667,60.19453874999999,0.021860465116279017,60.19453874999999,81.5079,9.3913,0.8276
300723.SZ,-1430.289999999999,0.76,1.6452,151.37077285,0.028017241379310324,163.10623396999998,73.9805,8.8385,
300724.SZ,-184.45000000000073,1.08,3.5194,163.73975578,0.04260436351142422,196.40185879999999,16.9082,1.4775,2.1194
300725.SZ,-1206.75,0.67,7.1309,91.1228198,0.03186813186813193,105.0964263,49.8838,2.3019,0.5299
300726.SZ,4860.520000000004,1.1,5.3905,117.68379391999999,0.0891164201744407,226.01768224,53.2768,4.5933,1.0933
300727.SZ,-723.4700000000003,1.6,3.4827,48.53762022,0.06456043956043953,53.93280821999999,52.5685,3.9866,0.7696
300729.SZ,-83.64999999999998,2.23,1.3434,34.94099925,0.03838771593090214,36.3818271,23.9596,1.0239,2.8144
300730.SZ,-126.60000000000002,1.1,2.4199,24.16970626,0.028301886792452834,28.189149099999998,,21.0037,
300731.SZ,718.4099999999999,1.35,7.6984,79.90235241,0.16749116607773848,84.19245654,552.8054,13.6364,0.1201
300732.SZ,-452.11000000000007,1.03,1.5651,22.4000403,0.009917355371900763,22.41888605,,0.8117,
300733.SZ,-102.74000000000001,1.05,1.5714,40.17849426,0.04059040590405896,54.493156019999994,55.1342,3.0641,0.2781
300735.SZ,681.5500000000002,0.88,1.791,159.63709412,0.0389673648319531,169.83334345,69.3803,3.0809,1.1297
300736.SZ,-392.1600000000001,0.62,2.2779,37.7161458,0.03273213092852361,38.6361888,,60.6831,
300737.SZ,2705.4099999999994,1.64,4.0958,43.38296508,0.04259634888438133,54.29153307000001,,1.3797,7.1556
300738.SZ,-7578.980000000003,1.19,4.4561,200.81991086,0.03548857559552749,200.88311170999998,83.3487,5.477,0.0638
300739.SZ,222.10999999999967,1.08,2.7074,71.32047978,0.06637362637362644,87.91135408,98.9284,3.1659,0.5086
300740.SZ,630.0,1.33,8.3601,93.36942626999999,0.07332722273143895,100.42969509000001,89.5453,4.4164,
300741.SZ,1090.17,2.77,1.2373,90.71871156,0.07127583749109052,90.71913873,50.2789,1.3302,0.6789
300743.SZ,27.710000000000036,1.0,2.5174,19.13711718,0.03663500678426058,22.71088586,20.1102,3.7401,3.2916
300745.SZ,-1765.2200000000003,1.03,4.7897,41.388639000000005,0.0482224568813797,49.0528515,,2.1935,
300746.SZ,126.91999999999962,1.29,3.5403,32.74941575,0.05189340813464237,33.0706756,45.3565,3.9753,
300747.SZ,21095.880000000005,1.9,5.9493,207.53837328,0.07211282597126134,223.29216,90.1345,6.3084,0.1265
300748.SZ,-3463.159999999996,1.21,1.9772,305.38283956,0.0288568257491675,372.85553217,43.2101,4.8808,1.1102
300749.SZ,24.2800000000002,0.83,3.0421,40.702502159999995,0.055890631282669904,53.05680684,48.892,7.8414,
300750.SZ,-116471.02000000002,1.19,0.616,15487.5244755,0.02721845318860237,16820.20388895,19.7884,4.4339,1.8584
300751.SZ,-9246.500000000007,0.82,4.0267,429.93800647999996,0.06637654603756303,621.78367292,107.2277,7.7296,0.4925
300752.SZ,51.38000000000011,1.44,4.5522,26.010547250000002,0.07219251336898384,37.61429675,93.4031,2.9458,
300753.SZ,-393.2800000000002,0.5,3.5358,19.3783502,0.02333028362305572,27.579302399999996,,4.1942,0.2971
300755.SZ,-327.53,1.75,1.0544,46.32379608,0.02659574468085097,46.34798208,,1.7289,0.8181
300756.SZ,697.4300000000003,0.87,1.9908,58.827574399999996,0.052115059221658176,67.60333,74.5065,4.5591,0.1166
300757.SZ,54044.869999999995,1.22,4.6505,926.224343,0.07244270542202347,954.9471497500001,,57.3671,0.0079
300758.SZ,-626.4399999999996,0.58,2.7933,41.58616364,0.02597402597402588,46.13776336,71.9718,2.566,
300759.SZ,-17832.230000000003,0.68,3.0113,614.8738559999999,0.03243490178163549,795.5437988,46.4498,4.8661,0.4617
300760.SZ,-12947.959999999992,1.99,1.4651,2001.82978235,0.028788800973828473,2003.7103079,25.4802,4.9406,2.8016
300761.SZ,1449.8799999999992,1.45,1.875,129.48213278,0.05589743589743589,169.43672746,47.452,1.8456,2.9365
300762.SZ,-397.3799999999992,0.87,2.8194,182.4240649,0.04233729881035692,188.9280694,,8.5395,
300763.SZ,-6677.0300000000025,0.86,3.4176,198.77774588,0.04716227018385297,245.19520158,43.4654,2.6234,0.3252
300765.SZ,-2516.6199999999953,0.56,1.4716,620.8300618,0.042567567567567584,620.8300618,60.6987,15.7708,0.0449
300766.SZ,3720.9300000000003,1.66,6.4123,78.7039692,0.05429650613786601,86.80545903000001,,5.522,
300767.SZ,1238.6200000000008,0.94,3.431,47.0188124,0.06489361702127654,54.153055599999995,,3.5385,
300768.SZ,-360.2800000000002,1.33,1.7474,63.1841834,0.03482920294708638,96.7031158,47.9919,2.7371,0.526
300769.SZ,-1863.3599999999988,0.89,4.175,114.53367573,0.035799522673031145,127.45756669000001,504.4275,2.3533,
300770.SZ,2312.0900000000006,3.35,2.0675,80.63208053999999,0.04633431085043983,80.63208053999999,13.1382,2.1736,8.0855
300771.SZ,-26.820000000000164,0.98,2.4305,22.46238324,0.018549747048903935,28.512,24.9556,1.4345,1.2363
300772.SZ,1315.949999999999,1.67,4.3658,66.58591824,0.029682702149436965,75.06527058,,1.1792,0.629
300773.SZ,-6095.139999999999,0.5,3.626,162.5204906,0.02638190954773869,171.7982822,10.6691,3.7072,1.8349
300774.SZ,-500.22,1.01,5.4351,22.87708506,0.052539404553415034,45.82240629,296.5503,3.146,1.7841
300775.SZ,130.79000000000087,2.19,4.635,118.50331408,0.06297454220634212,122.04964506,76.6714,2.08,0.8972
300776.SZ,-782.1599999999999,0.74,3.2925,207.24915634,0.07624555160142342,329.67403509999997,66.1476,6.6816,0.3224
300777.SZ,-640.7199999999998,0.92,1.1786,99.23792816,0.025032938076416194,101.26463725,178.6311,2.2858,0.9527
300778.SZ,-173.20000000000005,2.37,4.4783,21.9482956,0.09116279069767445,21.954504879999998,,1.8451,
300779.SZ,-1867.5700000000015,0.68,2.0603,145.84458257,0.03697949036668753,190.87176938,615.1956,8.6681,0.1021
300780.SZ,-997.52,1.08,4.5398,21.63866984,0.04621635347892331,29.451335999999998,,2.9595,
300781.SZ,1984.5999999999995,2.51,6.6798,33.821394559999995,0.0876052027543995,45.83777168,,8.2297,
300782.SZ,34.12999999999738,0.74,1.6781,362.1750319,0.044062540379893995,454.1247326,,3.507,0.1201
300783.SZ,1767.3899999999994,2.59,4.1801,49.638013040000004,0.042318840579709964,71.13866143999999,26.7446,2.2892,1.4083
300784.SZ,62.71999999999997,1.39,3.7722,7.15821315,0.025334608030592787,23.77163352,60.5846,2.9306,0.9463
300785.SZ,1826.6399999999994,1.64,9.432,45.4060168,0.06233303650935,69.40046480000001,83.7684,3.5886,0.4298
300786.SZ,-1673.6399999999999,1.25,6.23,22.37289375,0.045333333333333316,28.062424749999998,,2.5408,
300787.SZ,250.08,0.85,2.2048,19.8498027,0.03846153846153836,31.6567431,6127.538,2.2892,1.6502
300788.SZ,1262.5699999999993,2.53,3.6651,47.48082955,0.0740425531914893,47.48082955,55.2366,2.1157,1.9143
300789.SZ,-54.710000000000036,1.47,4.7588,23.42138976,0.061855670103092765,24.1378622,,2.3716,0.9058
300790.SZ,-3247.879999999999,1.04,4.8639,89.0124964,0.05758055995773903,101.3672968,38.8642,3.6552,0.5493
300791.SZ,10.489999999999895,0.85,0.9395,45.93794648,0.038768529076396795,54.98744704,42.8466,1.912,2.7896
300792.SZ,800.8800000000001,1.55,2.6739,50.86897336,0.04123711340206174,56.44478628,54.7218,1.8984,0.4198
300793.SZ,-133.78999999999996,1.99,2.2689,44.01804589,0.04485488126649075,45.01868644,,1.6098,1.0037
300795.SZ,2123.3499999999985,1.1,18.6143,24.05597044,0.09015777610818941,41.27724759,38.7906,7.1809,2.4062
300796.SZ,23.960000000000036,1.31,1.417,25.445517860000002,0.02575107296137335,25.49668874,,1.484,
300797.SZ,-100.0300000000002,0.85,1.4419,53.09369104,0.02090843547224219,53.23749262,30.5306,3.9331,0.8628
300798.SZ,6032.919999999998,1.88,17.9568,36.067050040000005,0.11345029239766068,43.841230579999994,,2.3249,0.1069
300800.SZ,-73.17999999999995,0.94,1.349,24.34160888,0.02524271844660192,24.5992601,50.7367,1.2033,1.5033
300801.SZ,-90.53999999999996,0.92,2.8329,31.85574068,0.0223559759243336,50.588388,31.9326,1.8975,0.4256
300802.SZ,720.0,1.43,5.6067,49.841194109999996,0.08432708688245316,69.96848529,68.5622,4.6649,0.6257
300803.SZ,-9907.5,0.87,3.1304,522.01556606,0.03898816430726386,525.8133020399999,249.7105,16.4409,
300804.SZ,1032.6100000000001,1.31,3.976,12.54,0.051608579088471745,33.744,224.8671,2.4814,
300805.SZ,-439.8899999999999,1.75,4.2682,25.45939376,0.04000000000000001,35.99269008,114.7438,2.2987,0.2357
300806.SZ,-16102.780000000006,0.95,6.1258,228.56272739,0.06545305788504797,317.18282346,390.9357,13.3929,0.0142
300807.SZ,-396.21000000000004,0.86,2.3273,20.1524096,0.020618556701030855,26.399364799999997,,5.9953,
300808.SZ,-190.21000000000004,0.69,1.3627,23.93448948,0.04066265060240957,32.208,,3.4669,
300809.SZ,900.1700000000001,1.63,3.4929,36.60344545,0.04109589041095894,61.63537952000001,26.7137,3.3025,0.4936
300810.SZ,570.6400000000003,2.5,4.291,29.230548680000002,0.08037535699714397,30.268045640000004,,4.1253,0.077
300811.SZ,-8595.879999999997,0.9,2.977,265.44991275,0.048376830044557576,323.40905123,71.4747,9.9712,0.1787
300812.SZ,657.72,1.12,2.9577,35.26764854,0.05851619644723098,38.86858578,,5.0051,
300813.SZ,494.52,0.73,3.1503,17.91904405,0.0477326968973747,25.5124316,109.4235,3.2265,0.9501
300814.SZ,-1359.8100000000013,0.77,2.8699,261.8763768,0.065578657127953,261.8763768,513.7025,16.0236,0.0731
300815.SZ,-488.38,0.9,0.9366,61.72595252,0.008186397984886698,62.738380799999995,11.5228,1.333,2.3825
300816.SZ,3592.4300000000003,1.14,14.0995,40.37711454,0.13064770932069505,55.344,61.5279,5.6675,0.2006
300817.SZ,20.610000000000014,0.91,3.3064,20.59761688,0.02039555006180459,35.64811239,45.9584,3.3827,1.7146
300818.SZ,-156.55,1.17,2.2304,27.04712967,0.028008298755186675,41.75265732,85.1604,2.3385,0.283
300819.SZ,-1023.1600000000003,1.08,2.1768,63.594329370000004,0.06281352235550698,70.40988669000001,154.9297,7.9958,0.8476
300820.SZ,791.789999999999,2.18,8.4911,66.08882912,0.13475975975975976,131.36706392000002,65.6946,5.1046,0.6706
300821.SZ,-4073.930000000004,0.76,4.3422,199.7651682,0.02800953516090577,199.80001665,54.3999,3.7413,0.0901
300822.SZ,2247.5299999999993,4.24,5.1689,34.9090256,0.15917266187050358,37.63357296,370.3759,3.0554,0.8236
300823.SZ,-70.17999999999995,1.37,5.4156,13.1432613,0.038969616908850715,19.8438942,36.2753,2.0887,2.1518
300824.SZ,134.96000000000004,1.49,1.8271,25.26228144,0.02295918367346935,25.84626264,24.5358,3.3929,2.5728
300825.SZ,1565.4699999999993,1.77,7.6351,57.6540601,0.07360861759425495,58.8907795,,2.8625,
300826.SZ,-1584.5500000000006,1.19,3.4506,32.7917532,0.03278688524590167,33.776559999999996,402.291,2.2631,0.1449
300827.SZ,-3830.620000000001,0.86,2.3994,108.74218873000001,0.039330218068535885,138.67187756,28.9738,3.2326,0.3088
300828.SZ,-52.68999999999994,0.63,3.9979,15.8801725,0.037484885126965,27.875684999999997,101.3655,3.5375,1.777
300829.SZ,441.2099999999998,1.2,2.1779,25.4719677,0.02645502645502648,34.43217765,48.599,1.4113,0.2728
300830.SZ,-394.03999999999996,1.13,3.1474,27.72973404,0.03831891223732999,37.17003784,,2.8605,0.2777
300831.SZ,-1394.35,1.25,3.8636,28.02314998,0.0347003154574133,48.608,93.825,5.022,0.3006
300832.SZ,-622.4799999999996,1.33,1.1649,341.0679794,0.06192484662576681,392.30938935,22.85,4.374,2.6036
300833.SZ,-230.6500000000001,2.34,3.2885,33.76082925,0.04574172352792525,52.556802749999996,28.4596,2.1519,3.1288
300834.SZ,674.79,1.99,1.2536,78.46968641,0.06382428940568491,79.17023867,107.8291,2.7421,0.7374
300835.SZ,4218.68,0.89,3.2223,138.1501362,0.07426456752179642,197.1161175,127.0836,13.9573,0.1176
300836.SZ,-806.7200000000003,0.94,3.3971,32.029610479999995,0.05795918367346931,46.78769088,46.1712,7.3262,0.4083
300837.SZ,139.51999999999998,0.92,1.84,17.65126905,0.024463519313304732,23.3515878,39.1765,1.687,1.2847
300838.SZ,138.01999999999998,2.1,6.491,15.0674952,0.04729266620973266,20.420744,,2.1302,1.0135
300839.SZ,1873.6500000000005,0.7,7.0021,36.33217362,0.042056074766355214,36.967579369999996,187.4086,4.7511,
300840.SZ,-428.35999999999876,2.49,9.4551,35.76933295,0.13811854268624246,48.36,124.167,3.7905,0.4963
300841.SZ,-2049.1100000000006,0.48,2.5664,62.93953281,0.021365890881343084,67.27351012999999,27.2885,1.8617,1.9316
300842.SZ,7050.879999999999,1.5,5.8715,90.7457148,0.06408564305616667,101.9863494,,6.2095,0.4139
300843.SZ,2699.8300000000017,0.84,4.3204,222.00303842000002,0.07524163568773216,226.44085442,143.6817,13.2745,0.1663
300844.SZ,243.76999999999998,2.03,2.2663,22.302883230000003,0.053138075313807515,23.08833993,,3.0029,
300845.SZ,70.73999999999978,1.12,5.8666,19.73836704,0.0842433697347894,27.92606138,85.4863,3.5427,1.809
300846.SZ,3880.0399999999972,1.3,6.2423,80.6243242,0.0850027070925824,97.8295828,,12.7825,
300847.SZ,-727.24,1.13,0.9852,41.855814,0.01558073654390927,41.855814,37.1434,2.7625,0.9618
300848.SZ,-340.53999999999996,0.65,1.3059,29.84314275,0.02226027397260272,50.44794804,73.4826,3.2815,0.5937
300849.SZ,496.78999999999996,1.86,3.5931,32.7848625,0.11719500480307403,33.93,,6.3647,
300850.SZ,3587.6299999999974,5.01,12.8694,86.37040152,0.09138911454102355,116.27532072000001,14.0111,1.5946,0.3013
300851.SZ,-299.85999999999996,1.11,2.3594,13.93355465,0.0347394540942928,21.37692306,26.3559,1.6507,1.7487
300852.SZ,-66.47000000000025,1.1,3.6489,73.41829494000001,0.0693527080581243,76.05494456,54.0981,3.352,0.26
300853.SZ,389.98,1.09,4.0333,27.90154158,0.07327905255366383,41.70415458,,8.5947,
300854.SZ,6.559999999999945,1.08,4.3604,20.710384039999997,0.04573687182382827,25.40467622,,2.8285,0.4773
300855.SZ,-1246.6399999999994,1.35,2.8461,101.21633255,0.05245998814463554,136.65613325,43.8851,6.2161,0.7236
300856.SZ,-142.79999999999995,0.67,0.7913,49.74339192,0.01571164510166358,51.46935504,50.8502,1.9391,1.9805
300857.SZ,97555.48000000004,1.58,4.7304,1278.6594129,0.07842287694974014,1290.4504947,50.1974,21.2888,0.0557
300858.SZ,4.539999999999964,0.61,1.247,28.538921159999997,0.02178352620830499,38.41760016,48.995,2.1438,1.0288
300859.SZ,1418.9899999999998,1.46,3.4814,43.6015,0.033465275278877285,43.6015,64.9469,5.8927,1.0665
300860.SZ,734.8799999999997,2.38,2.7279,30.75709059,0.07341124908692483,52.97349177,,1.72,0.7471
300861.SZ,-818.7699999999995,0.89,2.2623,70.66237075000001,0.026206075044669524,112.53328375,24.004,1.7041,2.1308
300862.SZ,-2882.0099999999948,0.56,10.6661,76.2353543,0.06285602042820657,92.91818907,,4.738,0.0298
300863.SZ,3351.0300000000025,2.04,3.4909,109.4884508,0.06254510464277126,113.97310319999998,82.6087,7.8606,0.3522
300864.SZ,-2612.8199999999997,1.07,5.4264,39.83969168,0.11679884643114631,39.83969168,26.038,3.0507,3.3388
300865.SZ,-707.5500000000002,0.98,8.3046,20.127567069999998,0.04891640866873071,30.990752,139.1714,3.4911,
300866.SZ,54.029999999998836,2.18,2.4189,388.98774449999996,0.09178082191780823,739.59589311,24.0109,6.3829,1.7331
300867.SZ,-914.8899999999999,0.78,2.9434,33.534865,0.018792710706150448,47.554675,14.4143,1.1635,0.3886
300868.SZ,409.41000000000076,0.73,3.7482,72.28675433000001,0.08636836628511965,113.83765437000001,,7.7991,0.0501
300869.SZ,-72.04000000000002,0.68,0.8884,29.722923229999996,0.016000000000000132,45.2833108,,2.7398,2.2183
300870.SZ,2149.75,0.72,2.9949,335.77873999999997,0.05510489510489507,335.8157,283.6644,12.9384,0.3251
300871.SZ,-230.8399999999997,0.88,1.7463,46.107735399999996,0.01948051948051945,46.107735399999996,13.4923,1.993,0.9024
300872.SZ,-1252.3899999999999,0.67,2.3015,65.96277321000001,0.017142857142857116,76.29332793,,2.1336,0.2986
300873.SZ,-401.55999999999995,0.75,4.6993,37.7091936,0.03924050632911399,51.94623252,34.4174,1.6388,1.7644
300875.SZ,-240.26,0.78,3.1576,29.07661104,0.027565084226646205,33.06528576,,3.8971,
300876.SZ,557.3199999999999,2.2,6.3624,18.915587040000002,0.05900060204695958,25.359871679999998,,2.5041,
300877.SZ,-948.1199999999999,0.57,1.5522,32.45959425,0.03580562659846536,32.46,31.7174,1.953,0.3584
300878.SZ,-474.6100000000001,1.15,2.94,47.027108240000004,0.07156249999999986,47.317470039999996,,5.3275,0.4203
300879.SZ,-168.02999999999997,1.12,1.7692,34.3758564,0.025906735751295498,34.610194799999995,,2.793,0.1209
300880.SZ,-1314.9500000000007,1.9,3.8521,39.98363277,0.07814761215629527,39.98363277,80.8349,3.752,2.1962
300881.SZ,163.79999999999995,0.88,2.1262,18.7144538,0.03427672955974842,35.8600326,16.0278,2.8567,3.0483
300882.SZ,-154.18,0.96,0.6516,38.084761,0.018245614035087704,40.9267716,51.5749,3.2338,0.3497
300883.SZ,-804.6300000000001,0.77,3.1565,22.254400580000002,0.045592705167173224,23.2858,,1.65,
300884.SZ,471.8199999999997,2.11,6.5594,26.360241480000003,0.08682170542635666,34.95692133,79.5804,2.7147,
300885.SZ,-20.870000000000005,0.68,1.8486,33.620683140000004,0.035605289928789564,49.95295734,72.9942,5.464,0.6006
300886.SZ,89.25,1.32,2.8134,11.75436528,0.028105906313645526,18.71943052,116.6067,3.122,0.5981
300887.SZ,128.39999999999998,0.54,1.8666,26.11798075,0.01392757660167126,39.129085710000005,,1.4386,
300888.SZ,518.5900000000001,0.97,0.5594,170.9163145,0.02944128471060552,171.6849595,21.7469,1.4696,2.3743
300889.SZ,-621.6700000000019,2.75,11.44,35.8371009,0.12777777777777785,53.00866297,,3.7557,
300890.SZ,813.1400000000003,0.73,5.3645,29.6745699,0.02864487697392586,32.46597,30.0543,1.4962,
300891.SZ,-227.79999999999995,0.94,2.1657,25.47744149,0.02470741222366715,30.560644819999997,,2.4966,0.13
300892.SZ,-184.37,0.88,3.384,15.50660825,0.035196687370600326,23.51,,2.3029,0.4211
300893.SZ,-182.39,1.07,1.7891,36.8854605,0.04335664335664342,69.53117639999999,21.122,3.2714,0.6511
300894.SZ,-692.9699999999998,1.64,4.4498,32.81923872,0.0915141430948419,45.19846872,,5.0438,
300895.SZ,1362.0200000000004,1.06,7.6621,37.252433399999994,0.07693761814744803,76.8771276,,10.5878,
300896.SZ,-1002.7299999999996,0.77,0.9108,205.12151563,0.02880221064937819,280.83572801,25.6488,3.5498,5.3666
300897.SZ,80.71000000000004,0.66,2.4549,19.6385986,0.050314465408804965,31.9229469,759.4101,3.2817,0.9335
300898.SZ,6.920000000000073,0.88,2.4346,23.64863535,0.025665399239543685,25.5564,24.9736,2.5869,2.9112
300899.SZ,288.5999999999999,1.68,3.8973,13.496640849999999,0.05152300712896954,19.8685291,338.4584,3.1337,1.252
300900.SZ,628.0900000000001,1.47,7.7734,62.848116000000005,0.08062418725617683,80.22595392,,4.1288,
300901.SZ,-904.7600000000002,2.19,7.3202,46.152,0.10661980082015234,46.152,488.0698,4.7497,
300902.SZ,-574.9900000000002,0.51,4.1195,21.49654386,0.04145077720207247,30.85202001,,3.8537,
300903.SZ,11076.48000000001,0.95,7.289,327.41560446,0.06650059568937508,405.6931407,,22.3726,
300904.SZ,-9.98999999999998,0.59,0.8288,30.83525683,0.02863905325443789,30.83525683,,5.5014,
300905.SZ,377.6700000000001,0.87,2.7378,52.3733952,0.03268503511615345,67.29200163,43.1039,3.43,1.3245
300906.SZ,-41.620000000000005,0.41,1.801,23.01981377,0.0555914673561732,25.488,46.1898,2.7429,1.5694
300907.SZ,1576.0999999999985,1.26,4.6929,51.504,0.1003184713375796,51.504,137.2299,6.4236,
300908.SZ,-446.32,0.96,1.5099,31.129401750000003,0.019538882375928098,36.9526,18.5145,2.0989,3.1608
300909.SZ,2044.0499999999993,1.51,4.4873,76.60543276,0.11487724441187254,102.6075836,1106.2743,5.1014,0.3877
300910.SZ,-1622.8599999999997,0.81,3.1226,78.39027641999999,0.03755215577190536,111.92496006,14.3303,2.949,3.1131
300911.SZ,16369.990000000002,2.37,16.9571,45.62899268,0.2289319513294276,48.82434449,,4.5838,2.8137
300912.SZ,-1020.8499999999999,1.64,7.4535,17.7914844,0.07979539641943745,23.5741536,,5.5106,
300913.SZ,-1867.1399999999999,0.79,1.8645,103.02188972,0.032383061168004275,123.53830844000001,49.8916,4.6733,0.2521
300915.SZ,118.30999999999995,2.18,5.0711,12.04996184,0.04964200477326965,26.325581559999996,,1.7647,1.3614
300916.SZ,-1282.1000000000001,0.44,3.8958,26.389248300000002,0.020705521472392605,37.173508,73.003,2.8054,1.5564
300917.SZ,3770.9900000000052,4.12,19.7461,52.7449,0.15127768313458254,52.7449,40.9539,4.3633,0.801
300918.SZ,-60.010000000000105,0.87,0.9321,53.85270016,0.01872659176029956,53.85270016,43.1163,1.382,1.5678
300919.SZ,-1139.4899999999998,0.97,1.3227,365.75062241,0.033161385408990454,417.57759156,19.5369,1.7779,1.5502
300920.SZ,-77.09999999999991,1.44,2.3295,28.7007456,0.06368437402920175,43.212,287.622,3.6736,0.2314
300921.SZ,-454.8000000000002,0.79,4.676,26.212435690000003,0.06449553001277149,41.56709645,119.2832,5.0403,0.3134
300922.SZ,-1425.4299999999998,0.67,8.0659,23.28871545,0.04297082228116704,29.677267800000003,84.8834,3.0038,0.9418
300923.SZ,316.79999999999995,1.2,1.9362,19.971238380000003,0.033048211508553714,20.32598586,83.1213,1.8187,1.7291
300925.SZ,-298.44000000000005,0.72,1.5979,51.55304168,0.03283173734610114,63.23456939,72.3355,2.8116,0.4336
300926.SZ,-245.46000000000004,1.3,1.3528,53.31096862999999,0.026091888825865054,77.70097722,10.0095,2.1129,0.8097
300927.SZ,-4596.709999999999,0.93,15.8313,40.9986699,0.12086513994910943,42.008759999999995,53.4031,4.1133,0.3093
300928.SZ,65.71999999999991,2.12,4.4751,13.919429999999998,0.04886914378029082,20.4,,2.0678,
300929.SZ,1558.2599999999998,1.03,7.808,22.21386288,0.11314984709480108,23.4139676,,3.052,
300930.SZ,163.48000000000002,1.16,3.5068,12.469275,0.0394889663182346,26.46,43.1074,2.7853,0.3779
300931.SZ,-89.51999999999998,1.72,3.7488,30.91645648,0.07585751978891823,38.4696522,,6.5048,
300932.SZ,-179.3699999999999,0.96,5.199,35.111043,0.04696132596685081,49.296015999999995,43.9387,2.7615,1.0111
300933.SZ,-685.7600000000002,0.61,1.6378,35.9985549,0.016717325227963438,35.9985549,,1.6876,0.3914
300935.SZ,-285.9799999999999,0.66,3.0879,18.77525755,0.0402618657937807,24.74266305,,3.4304,
300936.SZ,266.47999999999956,1.08,13.0519,40.91584875,0.11177382798520821,64.58928,992.6546,6.4236,0.1164
300937.SZ,-731.8800000000001,0.9,6.5767,16.21605,0.05307941653160449,23.916675,,2.948,0.4
300938.SZ,-2763.96,1.1,3.1533,81.44753253,0.04397215097105164,93.8393086,44.824,4.8791,0.688
300939.SZ,1545.1099999999997,0.94,2.3196,80.04,0.07909604519774,80.04,127.1753,5.5314,0.5926
300940.SZ,68.22000000000008,1.07,2.202,22.25216421,0.037545126353790585,31.459653720000002,139.5026,2.6786,
300941.SZ,-152.35000000000002,0.45,2.7878,19.4081808,0.02349869451697124,31.347225,134.4018,2.4617,0.8223
300942.SZ,-25.900000000000034,0.33,1.705,26.937680349999997,0.027067669172932286,26.937680349999997,,3.3152,0.2598
300943.SZ,556.7600000000002,0.75,7.1111,44.22482676,0.09102402022756002,67.097544,109.9625,6.6153,0.3645
300945.SZ,-2509.5200000000004,0.97,12.9815,30.0766788,0.06304347826086963,33.021021600000005,27.8586,1.9093,1.5873
300946.SZ,-147.29999999999995,0.95,1.4109,29.182615000000002,0.04131130063965877,60.063003,261.7927,5.0178,0.6114
300947.SZ,236.38999999999987,5.38,9.3407,22.2390496,0.13608666215301285,22.24746944,,1.8765,
300948.SZ,236.9000000000001,1.02,2.6015,33.4826989,0.04850746268656729,35.473332400000004,,3.5744,
300949.SZ,664.19,1.61,3.269,11.74278765,0.05973451327433634,20.5407,,3.7179,
300950.SZ,-25.359999999999985,0.82,1.6219,16.959512160000003,0.026775320139697373,26.6879628,49.363,3.2712,1.1277
300951.SZ,2001.869999999999,0.75,2.6124,113.81530271999999,0.03485324947589094,127.35537108,867.9838,5.8779,0.7885
300952.SZ,-403.63,0.91,2.1702,24.57483428,0.0337423312883436,39.9641961,58.6195,2.3024,0.9316
300953.SZ,-746.6199999999999,0.94,2.5542,162.26038283,0.02699784017278618,225.78468056,31.1466,4.613,0.1135
300955.SZ,-252.78,0.77,0.989,29.69568,0.02222222222222211,29.69568,,3.4496,0.9504
300956.SZ,-139.51999999999998,1.01,1.9601,24.49665936,0.04133685136323665,25.07578428,,1.9021,0.7159
300957.SZ,-437.35000000000036,0.77,1.5028,136.48391999999998,0.02922374429223725,136.48391999999998,24.7767,2.2177,1.8521
300958.SZ,-66.76999999999998,0.59,3.0136,11.62700838,0.026771653543307076,20.015263819999998,,1.6247,
300959.SZ,1870.050000000001,1.78,5.7911,58.109801329999996,0.10428711683211522,78.70418654,,7.1347,0.3345
300960.SZ,-58.91999999999996,0.82,1.7006,22.763236199999998,0.026011560693641578,25.1101542,56.6569,3.8266,1.8399
300961.SZ,108.17000000000002,0.57,2.4861,18.60241545,0.025409836065573812,21.53952,,4.1197,
300962.SZ,-159.72000000000003,0.51,1.0405,35.79865764,0.01839587932303164,35.79865764,37.9905,3.4217,1.0767
300963.SZ,-126.66000000000008,0.58,1.5802,39.781449280000004,0.0213857998289136,53.569152,88.6683,4.7404,0.3364
300964.SZ,803.1400000000003,1.17,5.073,52.41693856,0.0792387543252595,64.83171932,122.3426,6.1496,0.2355
300965.SZ,-95.45999999999998,1.26,1.5824,24.1422782,0.049708284714119075,26.3400439,1077.6758,2.1974,1.3212
300966.SZ,-538.0900000000001,1.18,4.7861,18.553341399999997,0.03646677471636947,27.8980262,,3.9964,
300967.SZ,-192.0899999999997,1.04,6.0401,21.964219200000002,0.027746319365798324,33.013182400000005,,4.8779,1.1249
300968.SZ,-476.48,1.0,2.0966,43.652928,0.060724779627815785,43.652928,,2.4934,0.4735
300969.SZ,1868.260000000002,2.88,6.6727,65.87649248000001,0.1036468330134358,138.12330784,86.0518,7.7758,0.2317
300970.SZ,-2009.0999999999985,0.92,25.4334,24.49612,0.0878962536023054,31.73756,15.1089,1.9475,
300971.SZ,-261.22,0.99,3.5386,16.882262400000002,0.020218579234972733,21.5208,29.6684,2.0314,0.9758
300972.SZ,1176.2700000000004,1.43,2.2563,323.52100556,0.07505916246527422,353.26661072,16.9599,13.1038,0.3859
300973.SZ,-222.07000000000016,1.15,2.7546,30.81473162,0.023157082207641892,44.01164793,16.9032,1.7574,2.6504
300975.SZ,6034.740000000005,1.46,10.537,133.12637228,0.08692307692307685,184.94190752,25.64,6.5254,0.0443
300976.SZ,-944.6499999999996,1.09,4.5172,71.86428275,0.06603608337712377,111.71777117,35.7428,3.0379,0.9289
300977.SZ,247.08999999999992,2.52,6.4033,16.82733725,0.055915244261330155,27.020239250000003,156.2368,1.9663,
300978.SZ,-91.91000000000003,1.01,0.9583,25.6944834,0.017997750281214864,37.831891649999996,30.1982,2.3974,3.9106
300979.SZ,988.3600000000001,1.09,0.2459,389.1945,0.021964974769961475,389.1945,15.639,2.5212,9.8951
300980.SZ,-317.8800000000001,1.6,7.0769,24.002088,0.04245283018867933,33.135647999999996,35.331,2.3061,0.7332
300981.SZ,-846.1199999999999,0.75,4.07,59.97140324,0.05624999999999991,65.444799,161.5306,1.2447,1.4843
300982.SZ,-209.26000000000002,0.88,0.829,29.123344420000002,0.020147750167897965,31.086158020000003,,1.0903,3.9027
300983.SZ,-179.00999999999988,0.82,0.5793,62.01037916,0.047100531780197505,70.12224,,2.5482,
300984.SZ,244.34000000000015,1.71,5.1818,40.81810845,0.055246913580247,63.33618357,124.6437,3.5643,0.2073
300985.SZ,-82.2199999999998,0.77,1.9232,72.36685,0.059135507822858764,72.36685,,8.5466,
300986.SZ,-688.6599999999999,1.74,8.5922,71.2817763,0.06355591311343517,71.33206731,41.3962,3.1957,0.3605
300987.SZ,1526.4899999999998,3.12,4.5158,24.5142352,0.07799852832965407,24.5142352,131.5763,3.1215,0.884
300988.SZ,65.76999999999998,1.82,2.8255,25.174378479999998,0.059139784946236486,30.587592930000003,31.2443,2.318,0.766
300989.SZ,293.90999999999985,1.41,4.3838,23.83143609,0.04907161803713529,30.80467929,,3.2581,
300990.SZ,6281.449999999997,1.07,14.1602,84.97934757,0.15030060120240482,175.61686662,68.6098,8.019,0.4823
300991.SZ,72.66000000000003,0.57,2.2496,30.480884999999997,0.055140519388118134,41.76,,6.7702,0.1034
300992.SZ,-261.9699999999999,1.29,2.3466,20.2300872,0.050497017892644123,24.720949700000002,,2.8102,0.2831
300993.SZ,-147.28999999999996,1.02,1.0914,24.4932373,0.020958083832335415,31.1212512,24.2525,1.9936,0.9707
300994.SZ,559.8399999999999,1.39,2.3123,13.629244219999999,0.038927335640138346,26.8284288,31.7136,2.4226,3.4752
300995.SZ,89.62,0.78,2.0413,16.397019,0.03394945303659004,24.869943,94.0339,2.7408,0.76
300996.SZ,-912.9000000000015,1.33,14.6577,47.50609198,0.07780979827089338,56.43976808,82.5928,4.3946,0.5332
300997.SZ,-272.0500000000002,1.13,2.273,66.05458362,0.06643757159221077,72.81454716,149.0485,7.4562,1.723
300998.SZ,-194.01000000000022,1.11,4.4639,30.635130699999998,0.081503535541496,39.024665850000005,79.8793,3.0961,
300999.SZ,-1103.5299999999988,1.68,3.7481,144.01854034,0.029845107669059415,1438.8903841,38.9767,1.4761,0.4182
301000.SZ,-310.88,0.81,1.0424,56.140280700000005,0.03021523178807949,59.4674367,42.7475,4.577,0.8152
301001.SZ,-51.400000000000006,1.64,3.0959,12.27513751,0.049607275733774256,20.024,,2.6015,1.4982
301002.SZ,-890.9900000000002,1.03,5.8894,25.36409106,0.04971590909090904,38.98321263,112.6261,3.4827,
301003.SZ,-741.25,1.58,5.2574,45.835460999999995,0.08044292460511325,59.251313,57.972,5.1265,2.9508
301004.SZ,106.82000000000005,2.45,1.026,49.1347714,0.06387283236994222,52.636074300000004,17.3815,2.7818,8.6627
301005.SZ,-7039.509999999998,0.85,3.9951,128.34286170000001,0.038601602330662656,131.0118838,2171.1426,16.422,0.0507
301006.SZ,-130.12,0.95,1.6767,12.23693097,0.039797395079594844,19.76384619,29.6976,1.5195,1.3925
301007.SZ,-461.7800000000002,0.62,1.6579,45.51859008,0.03161397670549083,46.124672,107.4788,7.0544,0.4987
301008.SZ,-6932.9299999999985,1.47,10.6295,47.58614805,0.12163588390501337,53.8913568,105.6858,3.4655,0.2092
301009.SZ,120.53000000000003,1.53,2.4118,13.880116500000002,0.05166846071044119,24.983934,,1.9193,0.7465
301010.SZ,-54.94999999999999,0.99,1.2284,19.4616,0.028169014084507043,19.4616,328.2073,2.3357,1.1099
301011.SZ,-56.870000000000005,0.85,1.5086,22.10721921,0.03295225285810358,23.27668889,,2.8108,1.2604
301012.SZ,-342.65999999999985,0.63,2.1185,46.20686292,0.03996562097120755,46.20686292,94.8628,3.87,0.4323
301013.SZ,-1111.7300000000032,0.82,8.1823,75.96157824000001,0.054289372599231694,93.8244402,,14.9001,0.1246
301015.SZ,1626.4100000000008,1.16,1.6578,129.07670096,0.05487077534791249,129.09327896,24.0748,5.6251,3.1026
301016.SZ,1171.35,3.41,3.1951,39.813152,0.10375099760574613,41.51843305,61.8615,4.0509,2.2544
301017.SZ,144.31000000000006,0.76,2.1032,34.846229969999996,0.03335804299481092,54.63527637,52.6565,2.7345,
301018.SZ,18521.910000000003,0.93,7.7734,307.7113152,0.09275952311718516,407.2180544,338.1978,14.9251,0.1045
301019.SZ,13.730000000000018,0.81,0.9753,22.57031185,0.018831168831168775,30.78217355,26.3299,2.8973,3.2154
301020.SZ,-75.82000000000005,0.93,1.1862,31.68096,0.028760018859028732,31.68096,32.5166,3.126,1.4325
301021.SZ,5309.93,0.91,5.4469,123.12703872,0.04516129032258056,123.27428736,164.3764,11.7192,0.1229
301022.SZ,-45.650000000000006,0.7,1.4665,15.78867091,0.026406926406926382,23.44840237,,1.6915,1.0844
301023.SZ,20.149999999999977,0.74,1.7405,19.66460892,0.05012182387748003,27.49224876,46.0282,3.3261,3.1927
301024.SZ,29.16999999999996,1.63,2.0883,20.517948,0.055779361636194624,21.192880499999998,,6.2984,
301025.SZ,788.1699999999992,2.23,7.8276,26.93904804,0.0903083700440529,38.91007368,286.8948,6.2119,0.3086
301026.SZ,-498.44000000000005,0.61,4.2397,33.71891096,0.027855153203342687,46.68766052,19.789,2.6971,0.9626
301027.SZ,-788.3100000000004,0.89,3.4486,26.69796477,0.04059216809933132,31.0317,,3.4914,
301028.SZ,81.8599999999999,1.46,2.8856,34.38230628,0.04701492537313425,53.003831160000004,22.0368,3.0272,1.4448
301029.SZ,-1025.0900000000006,0.77,1.7034,118.28776336,0.03593750000000007,166.06748603999998,30.2752,3.7954,1.7185
301030.SZ,-512.52,0.92,3.0349,16.188666570000002,0.03676470588235281,16.21090233,,,
301031.SZ,1617.1900000000005,0.71,2.1989,111.56663770000002,0.05840425531914888,141.9158253,27.3757,8.0607,0.3507
301032.SZ,-74.81000000000003,1.1,2.335,17.15633046,0.026011560693641574,25.24666698,22.3316,1.9911,0.9551
301033.SZ,77.46000000000004,0.62,1.3762,30.52212071,0.02904487060137768,36.31186551,29.6642,4.4747,1.0933
301035.SZ,275.5400000000001,0.48,0.3694,207.5926957,0.022727272727272766,208.02311764,20.996,2.7091,1.0167
301036.SZ,16.360000000000014,1.01,1.3017,16.01232612,0.03546099290780145,22.98,370.2505,1.4114,0.8703
301037.SZ,-55.31,1.07,3.6931,9.212184299999999,0.0576036866359447,18.83879535,,3.4759,
301038.SZ,40.66000000000008,0.98,1.4518,38.414376000000004,0.0181498829039814,38.414376000000004,59.5584,4.186,0.411
301039.SZ,369.1200000000001,0.59,0.6957,115.46720052,0.028395061728395114,149.55512712,17.9123,1.061,3.5088
301040.SZ,-345.28999999999996,2.75,4.5555,27.044779719999998,0.09407796101949017,28.660315259999997,,4.2098,
301041.SZ,-28.600000000000364,1.15,6.9675,23.28212516,0.06869409660107341,31.438596,112.6619,4.5784,0.3353
301042.SZ,-550.04,1.01,3.8706,30.691907699999998,0.05018472906403938,32.19774117,112.2302,3.0467,
301043.SZ,-80.91999999999996,1.0,1.1255,25.082527600000002,0.023885350318471273,30.0560442,52.852,3.5119,3.3032
301045.SZ,-359.60000000000036,0.78,3.4862,61.7232554,0.05292188431723311,75.07160315,253.016,7.2907,0.0735
301046.SZ,541.0799999999999,2.06,5.7262,32.80914,0.0850790936297564,42.48405,,3.8922,1.0754
301047.SZ,-11434.609999999999,0.77,5.7495,116.90199455999999,0.03689529977431072,118.91203792,71.9617,2.2722,5.1146
301048.SZ,-0.7699999999999818,0.66,0.7819,48.8000061,0.008714596949891075,48.8000061,23.4319,1.7045,0.6789
301049.SZ,21.08,0.59,2.3544,7.557170940000001,0.03055286129970897,19.80261833,,3.8924,
301050.SZ,-460.8299999999999,0.44,1.0419,62.578677,0.027294438758102942,73.60529616000001,,2.4267,1.1519
301051.SZ,-461.6199999999999,0.68,4.68,40.62809429,0.04938271604938266,51.13851792,,2.7008,0.1654
301052.SZ,661.0799999999981,4.84,14.7024,20.30869338,0.1390699695784441,25.04659883,,3.8396,0.2094
301053.SZ,144.28999999999996,1.01,3.3268,48.784223239999996,0.03926895529760443,52.21339027,184.7902,5.5191,0.4697
301055.SZ,2528.500000000001,1.73,5.928,43.3576268,0.04524590163934423,44.304,71.1706,6.4278,0.4102
301056.SZ,241.73000000000002,2.37,6.1247,24.41061746,0.10689916603487493,37.00330142,54.8457,4.8624,4.3259
301057.SZ,-474.4699999999999,1.46,4.9901,19.137778880000003,0.07126645483431684,27.113506920000003,65.8156,3.4784,0.8533
301058.SZ,-1018.48,1.18,3.0725,45.54117638,0.042391304347826154,46.2993867,19.5929,1.9994,1.6597
301059.SZ,-283.4,0.51,1.5909,25.1984412,0.026490066225165587,28.200788,31.3409,4.5063,1.3831
301060.SZ,-1711.1399999999999,0.67,5.5021,38.5378048,0.0259856630824372,42.855319,110.9365,2.7632,1.8598
301061.SZ,-338.6300000000001,3.19,3.5548,69.49300960000001,0.10763267740011925,104.6583536,14.2755,2.3995,1.8391
301062.SZ,-205.69000000000005,0.75,2.7261,20.45116416,0.04306864064602953,32.19360303,,2.3888,1.2085
301063.SZ,69.76000000000005,1.05,1.3829,17.79276793,0.02695269526952687,19.212804870000003,87.7823,1.2061,0.8148
301065.SZ,22.569999999999993,0.74,2.3226,17.47321875,0.03167420814479633,21.46905,27.1971,1.5404,0.9611
301066.SZ,152.55999999999995,0.98,1.5841,28.95309414,0.03661513425549236,29.17744902,85.8231,2.2753,1.1014
301067.SZ,422.1299999999999,1.16,4.5258,20.20771187,0.061403508771929835,29.76397021,,3.9347,0.1618
301068.SZ,175.01999999999998,1.0,1.6203,27.688734000000004,0.041983351429605506,39.0031332,101.1421,4.7311,0.8306
301069.SZ,-329.6399999999999,1.26,1.4774,72.25287206,0.03180212014134291,76.72239205999999,57.2029,3.2844,0.5483
301070.SZ,-712.25,0.49,1.6825,54.49293075,0.029430280138495395,81.067052,,10.9176,
301071.SZ,2012.760000000002,0.78,5.4499,115.31577014999999,0.044971381847914965,156.86860995,90.4304,2.9468,0.2433
301072.SZ,-408.03,0.55,2.1632,30.68724996,0.040874944763588036,47.4597828,,6.7091,
301073.SZ,418.1400000000003,1.03,6.2217,34.9944538,0.04341317365269449,38.190176400000006,144.5573,4.2983,1.1456
301075.SZ,-551.73,0.99,2.968,32.7148,0.059003969686033976,46.24,,7.0107,
301076.SZ,-2580.2799999999997,2.55,10.2091,35.27085385,0.06445993031358886,52.821216099999994,77.7498,4.3604,0.5858
301077.SZ,24.83000000000004,1.14,2.2198,20.37582248,0.027475130270014133,36.29680964,31.0844,3.0677,3.9674
301078.SZ,-1170.4100000000003,1.22,1.6244,90.790992,0.03243243243243246,91.0492488,27.918,2.0649,0.9626
301079.SZ,91.72000000000003,1.17,3.5306,21.94909902,0.03962870403427345,30.94298181,424.9095,6.4115,0.0707
301080.SZ,-8318.939999999999,0.97,11.1621,97.09399601999999,0.0877575757575757,128.3583189,71.2628,4.8297,0.6528
301081.SZ,617.6799999999998,0.91,4.1884,34.929477,0.12491178546224414,36.3658206,7209.4492,3.2608,1.8076
301082.SZ,-463.95000000000005,0.68,2.794,27.24351921,0.03036437246963552,29.3907798,66.3574,2.8274,0.77
301083.SZ,-84.38999999999999,1.0,2.1181,12.3460338,0.024251069900142645,25.2570714,136.9302,3.0422,0.8451
301085.SZ,-2134.3900000000012,1.28,8.3125,36.50934233,0.05973597359735981,53.04598541,,5.4422,0.1948
301086.SZ,4799.120000000006,0.99,8.316,93.94002794,0.12202572347266886,169.48873172,111.6264,8.5907,0.4248
301087.SZ,688.25,1.92,1.5445,97.3836326,0.049508840864440004,118.420294,29.1328,2.1427,3.4901
301088.SZ,154.78999999999996,2.89,2.3642,25.4364,0.08882082695252681,30.834870000000002,47.3161,1.2753,4.2203
301089.SZ,-245.33000000000004,0.58,2.0675,20.9779362,0.01694915254237282,29.611413,,2.0305,
301090.SZ,-557.29,0.62,0.8423,105.76010427000001,0.016736401673640183,105.76010427000001,36.7389,1.6448,
301091.SZ,-59.66000000000008,1.02,0.9937,97.441344,0.03393541324575813,97.441344,89.3054,4.02,0.2123
301092.SZ,-531.0299999999997,0.69,4.2309,27.10115628,0.03004484304932743,59.787487320000004,70.0093,3.0487,0.5811
301093.SZ,-1402.3099999999977,1.14,3.5728,150.0084048,0.05175781249999991,157.12046808,651.5166,7.1957,0.1608
301095.SZ,-10.62000000000262,1.81,4.8485,137.945412,0.04814121422840324,158.32220955,146.8925,5.0413,0.3112
301096.SZ,98.54999999999973,1.06,3.6932,38.59842024,0.061306984055692716,50.72562252,,2.0353,
301097.SZ,120.0,0.98,2.1126,13.52803968,0.03851808291678925,27.88593198,,2.7397,1.0313
301098.SZ,-623.5899999999997,0.89,4.1755,17.73547773,0.032894736842105345,21.27041123,,1.5461,0.4324
301099.SZ,-863.2399999999998,0.64,5.2935,59.6717655,0.057013217597159216,98.0523345,29.854,6.2147,0.3315
301100.SZ,77.91,0.96,1.1549,14.4447556,0.01976528721432974,32.7597556,,1.6291,
301101.SZ,266.95000000000005,0.83,1.0306,58.13387845,0.032798086778271174,60.35287395,28.9477,3.4031,1.663
301102.SZ,132.39000000000001,1.16,0.4725,38.8542,0.045161290322580636,38.8542,,1.3337,0.209
301103.SZ,73.42000000000002,1.16,1.5993,20.09387072,0.020606060606060597,26.105977799999998,106.3588,1.3666,0.8923
301105.SZ,-51.68000000000001,1.32,3.4286,9.44065625,0.039957939011566745,23.825,,3.1384,
301106.SZ,329.0799999999999,0.64,4.8594,29.0210424,0.06129685916919964,29.0210424,62.344,2.3007,1.4007
301107.SZ,371.61999999999995,0.54,2.926,18.94290738,0.03874300473525623,33.18686592,66.195,3.5032,1.5302
301108.SZ,735.8599999999999,1.56,3.8641,26.35449255,0.0900313152400834,45.754095299999996,52.987,2.3896,0.4217
301109.SZ,-136.0999999999999,1.36,0.8217,81.34483064,0.02050113895216411,102.81983423999999,13.8172,1.3855,4.9337
301110.SZ,-347.1600000000003,1.25,3.0705,32.22861345,0.03200000000000013,45.82162278,28.9792,2.9529,0.8078
301111.SZ,-1185.6299999999992,1.74,8.7854,35.999775,0.06536219816819319,36.0,607.5142,4.8265,0.2222
301112.SZ,-135.62,1.99,1.3065,34.48036582,0.06523921043827365,34.48036582,,3.0333,0.3198
301113.SZ,143.32999999999998,1.41,2.7494,12.71322908,0.04534883720930239,20.986420000000003,268.4248,3.0952,2.3348
301115.SZ,2413.4000000000005,1.12,4.2095,46.22284156,0.10741510741510735,56.40135154,,2.2947,1.1102
301116.SZ,-76.05000000000007,0.87,1.2573,43.1018208,0.019709543568464678,43.1020416,,2.7475,0.7292
301117.SZ,2459.0600000000004,0.86,13.162,16.103845,0.08639143730886856,25.136217900000002,,2.1015,0.0734
301118.SZ,-498.64999999999986,0.79,3.6353,25.40282932,0.021523178807947,26.4046178,66.9172,1.8725,0.5226
301119.SZ,-20.710000000000036,1.25,3.6975,30.203901000000002,0.04661016949152532,37.3464,38.1636,3.4682,2.562
301120.SZ,-110.31999999999994,0.9,2.3613,33.93178962,0.027572293207800833,56.08081601,114.8107,3.5718,0.1971
301121.SZ,302.01,2.06,2.6851,27.979275150000003,0.05838792366847064,36.02211345,,2.1698,0.389
301122.SZ,312.5399999999995,0.52,3.8962,29.741451400000003,0.05423728813559336,48.06696992,782.8022,2.5404,0.6358
301123.SZ,-1613.5399999999972,1.41,7.1911,132.445884,0.11400264200792615,188.2986,,6.6656,0.123
301125.SZ,547.04,3.83,6.2017,24.92558982,0.11971830985915488,29.3985432,,5.021,0.1443
301126.SZ,185.13,1.22,2.8345,14.552082019999999,0.03478260869565229,21.42355376,,1.4268,0.9952
301127.SZ,-708.8300000000017,1.39,7.2734,118.97399232000001,0.12880324543610552,122.54688954000001,73.7356,3.5671,0.528
301128.SZ,-3475.899999999994,1.32,7.8168,156.16666546,0.12344582593250437,177.53214102,102.7065,18.4978,0.2497
301129.SZ,13.690000000000055,0.65,4.8726,16.017971499999998,0.031610422896198136,32.254920760000005,25.3456,1.7696,1.029
301130.SZ,-3451.9300000000003,0.6,17.6745,17.75833566,0.04730538922155684,23.01725523,391.2723,2.6415,0.8641
301131.SZ,180.76,1.18,2.721,13.539764420000001,0.032077692760447425,18.902292499999998,126.9237,1.7628,1.5421
301132.SZ,915.0300000000007,1.25,5.5248,37.176250679999995,0.07782515991471219,58.10902487999999,57.9841,3.2262,1.0678
301133.SZ,-168.7399999999999,0.48,1.5598,34.040956800000004,0.03352864583333326,37.205250209999996,,2.7945,0.4299
301135.SZ,-171.45000000000005,0.97,1.7025,17.85763124,0.029799426934097397,22.99859308,285.8695,1.9108,1.2832
301136.SZ,274.7599999999999,1.26,1.9505,32.61194012,0.027538726333907082,32.63928928,293.2463,2.2513,
301137.SZ,29.299999999999955,0.51,1.787,58.98026696,0.035803237858032445,58.98026696,134.6354,4.2553,0.2774
301138.SZ,175.39999999999998,0.44,2.2765,19.97841314,0.02718717323109101,34.968,33.1696,2.9515,0.3432
301141.SZ,-658.21,0.66,5.3506,18.12107946,0.03825271470878571,50.49367146,246.1777,4.0083,0.2456
301148.SZ,-453.53999999999996,0.83,1.408,30.488565840000003,0.027681660899653935,60.33384809,149.3051,3.4841,0.749
301149.SZ,497.30999999999995,0.67,3.8146,29.14749556,0.021028037383177534,47.90630857,23.7928,2.1755,1.3464
301150.SZ,4434.810000000001,1.5,7.2318,122.9028755,0.06700767263427103,131.01912755,60.4859,3.5225,
301151.SZ,4843.37,3.22,5.0267,35.0050757,0.1666666666666666,35.051450339999995,63.4917,1.7024,1.5027
301152.SZ,6109.7699999999995,1.24,27.5405,16.39192428,0.08585630366018973,27.381467060000002,,2.2597,
301153.SZ,-758.5899999999999,1.22,1.3537,59.15143509,0.030821917808219332,63.41498035,47.2017,3.4998,0.9932
301155.SZ,756.8400000000001,1.52,2.5861,49.27964703,0.037157921164951146,86.02177698,178.0518,1.5254,0.2274
301156.SZ,-483.42999999999984,1.34,9.8967,14.502672760000001,0.03426294820717129,22.5715182,45.7427,3.097,1.9959
301157.SZ,72.25,1.53,5.7162,12.8904672,0.08303916624642793,37.44,115.6654,3.3775,0.3205
301158.SZ,684.6400000000001,1.11,3.0162,29.07459247,0.030585106382978663,29.81782408,28.9339,2.1305,1.6395
301159.SZ,-623.77,1.61,6.7994,17.229875,0.05131375579598157,25.13875,76.9186,4.0013,
301160.SZ,2243.659999999999,0.87,3.7172,54.82363282,0.03863542951089196,82.50820123,41.7186,4.3516,0.9372
301161.SZ,-85.05000000000018,0.61,5.0049,22.85820196,0.047357584076870365,35.532,33.0203,3.6043,0.2837
301162.SZ,-566.62,0.85,1.2853,45.335532,0.01727345203295258,69.8355988,45.2304,4.3114,1.1109
301163.SZ,99.02000000000004,1.45,3.2613,13.03563792,0.049806784027479616,19.43712,94.509,1.7087,0.5248
301165.SZ,4910.349999999977,1.39,2.2773,1417.99322812,0.14824120603015076,1417.99322812,151.1047,26.5722,0.2428
301166.SZ,-4.0499999999999545,0.55,3.6968,16.51428035,0.027100271002710053,25.221519949999998,,1.3041,0.7819
301167.SZ,-700.77,1.58,3.4722,14.82358872,0.022095509622238097,15.6912,240.2186,1.6782,0.4283
301168.SZ,-55.360000000000014,0.96,0.747,39.52642551,0.022930243784697147,49.764,,2.3435,0.1483
301169.SZ,-44.0300000000002,1.17,2.5347,39.8137761,0.06768032634897087,39.83119245,,9.4257,
301170.SZ,72.78,0.89,2.0698,8.87006358,0.02308362369337984,23.34,28.796,1.3091,1.2853
301171.SZ,40040.84,1.96,21.0643,190.71618600000002,0.1329757199322417,235.03797999999998,252.6141,6.1652,0.2325
301172.SZ,-88.65000000000009,0.85,2.7903,29.08375371,0.059649122807017514,39.31727514,137.2915,2.6409,0.3133
301173.SZ,-11.599999999999994,1.53,3.5571,10.404686250000001,0.04552352048558422,29.644245,17.3449,1.9135,0.6756
301175.SZ,-317.94000000000005,1.09,2.8594,35.44716,0.021201413427561856,83.89716,20.3031,2.2078,3.4211
301176.SZ,939.7000000000007,1.41,4.3764,79.69723888,0.10190393768931201,82.13260285999999,,5.4779,
301177.SZ,-63.43000000000029,0.92,1.652,98.60246500000001,0.032489610880241764,98.6676889,100.2774,1.62,2.0271
301178.SZ,-585.59,1.04,2.8136,23.47742168,0.04682955206515414,31.823015559999998,791.8381,4.0703,
301179.SZ,-205.88999999999987,0.58,2.6052,48.82486,0.04162633107454015,83.146182,47.9622,3.3317,1.3145
301180.SZ,-120.46000000000001,0.76,1.6615,20.0576636,0.03682008368200833,48.881221999999994,,3.7931,
301181.SZ,36.700000000000045,0.89,1.3498,28.206885359999998,0.037414965986394516,36.13891398,35.33,2.4996,2.238
301182.SZ,-3085.1899999999996,0.94,3.4853,61.88549044,0.06751412429378532,67.86092794,,10.897,
301183.SZ,-4536.390000000003,0.57,5.3081,134.82124128,0.036769164140320526,183.91947552,134.3832,17.7756,0.0544
301185.SZ,310.0200000000001,2.42,2.814,24.66660224,0.05746445497630347,26.940130560000004,50.6742,2.4845,1.7084
301186.SZ,294.49,1.37,2.3952,40.32670278,0.05106951871657745,42.8911203,46.1296,2.65,1.3999
301187.SZ,-86.31999999999996,2.04,1.2297,38.0360782,0.049896049896049816,38.0360782,205.1511,2.6251,3.185
301188.SZ,408.1999999999989,0.75,3.701,100.67364628,0.0583941605839417,100.67402258,337.2623,5.1509,0.2262
301189.SZ,2180.75,1.48,4.6103,85.52575544999999,0.07264722069345077,88.61100585,,4.2086,
301190.SZ,-1201.0600000000004,0.74,4.9773,37.189143,0.036931818181818066,43.89316425,40.1697,2.1975,0.7018
301191.SZ,-702.8500000000004,1.04,7.0109,66.38022622,0.0940374787052811,88.0406142,113.0912,5.1569,0.7825
301192.SZ,54.5,1.04,3.1183,10.18292976,0.04472361809045229,20.4610082,49.1469,3.1104,1.2206
301193.SZ,1223.2599999999993,1.62,5.1958,36.68893488,0.09339774557165872,47.9835948,,2.2354,
301195.SZ,-164.19,1.04,1.1929,23.25533496,0.025066464109380942,35.02491096,27.5911,1.4478,2.451
301196.SZ,1587.1799999999967,0.75,6.7697,102.8370978,0.07652247847805295,156.6595836,63.2805,4.7089,0.4797
301197.SZ,-46.960000000000036,1.36,3.302,28.0573194,0.05740300870942198,31.0993458,149.9372,2.3987,0.375
301198.SZ,233.55000000000007,0.93,2.6717,21.9885606,0.07919254658385089,22.8995,,2.545,
301199.SZ,-270.57,1.15,1.1078,31.87450466,0.02426636568848757,33.1163224,47.7449,1.7119,0.7972
301200.SZ,-9336.430000000004,1.13,0.7663,1190.66668,0.08693545983007893,1369.22184,90.2075,11.3655,0.1392
301201.SZ,62.01000000000022,0.48,4.3191,38.185884740000006,0.045677941601618914,54.42831483999999,,2.5959,0.5566
301202.SZ,-83.29999999999995,0.83,2.6956,29.60974825,0.06171460485897796,50.72716,86.4563,4.2167,1.6133
301203.SZ,-318.2299999999999,1.68,1.9241,15.40616,0.037210665104014155,28.16,31.1612,2.0801,4.2614
301205.SZ,-19718.570000000007,0.93,10.0839,258.54042769999995,0.050802555711391646,401.87004585,517.5253,24.5677,0.0646
301206.SZ,-514.9200000000003,1.6,1.4685,31.08554766,0.023012552301255113,48.27491202,57.2478,1.1521,7.2679
301207.SZ,-401.17999999999984,0.54,0.9812,104.3308206,0.02414373947220661,104.39847675,52.5763,1.983,4.5595
301208.SZ,-204.34000000000015,1.01,2.568,20.73192675,0.02459822892751722,36.90003075,66.5468,2.3567,0.6504
301209.SZ,340.23,0.44,0.924,79.40923536,0.02357930449533504,92.95104,376.0511,12.3996,0.1721
301210.SZ,-301.47,1.21,5.2141,15.233253750000001,0.04615384615384613,39.886877250000005,46.7943,2.1011,0.8848
301211.SZ,-1327.0,0.52,3.4565,50.654443320000006,0.04299363057324848,50.65488,108.9362,2.2234,1.4214
301212.SZ,-153.37000000000012,0.59,2.2211,23.8125,0.034618410700236135,27.432,184.6353,2.0205,0.4724
301213.SZ,86.54000000000002,0.83,1.4852,29.7545505,0.041883519206939224,46.032,452.6891,5.8457,
301215.SZ,-97.17000000000007,0.43,0.4914,71.54184000000001,0.014787430683918681,71.62299,29.0128,2.409,1.6625
301216.SZ,8825.64,1.39,10.4814,110.66491456,0.08679642293529713,117.89753407999999,17.4564,1.7968,0.6497
301217.SZ,40137.330000000016,1.66,6.0218,1027.73051535,0.11250983477576715,1027.73051535,423.6747,18.3202,0.0161
301218.SZ,9973.04,0.93,24.1655,41.688240480000005,0.178328173374613,66.302856,,7.3098,0.043
301219.SZ,-892.0,0.71,2.1421,125.00734575,0.02160293799956794,175.14531975,11.502,1.765,2.5118
301220.SZ,-243.73000000000013,1.1,2.0871,21.59293766,0.031895614353026555,31.2351055,107.2319,1.8129,0.5118
301221.SZ,366.5799999999999,0.91,2.0424,25.7301504,0.04159323228762776,37.8432864,1530.7084,1.8572,0.4895
301222.SZ,-398.47,1.38,2.3065,26.8632252,0.03320158102766798,35.365226400000005,38.7673,2.4812,0.8503
301223.SZ,-67.84,0.89,0.9602,33.160008919999996,0.028959810874704606,33.160008919999996,21.1544,1.1139,2.0257
301225.SZ,210.64999999999964,0.68,5.2857,26.3224192,0.0768431983385254,86.22477248,73.216,5.2907,0.4944
301226.SZ,-473.16999999999985,1.9,2.299,32.90112,0.0895365168539326,32.90112,595.7098,3.6196,0.3307
301227.SZ,869.3299999999997,1.09,4.175,24.73714148,0.11004784688995224,43.99929383,,2.7665,
301228.SZ,2844.6399999999994,1.56,4.5188,84.86950824,0.09433106575963711,86.79514976,,14.4095,
301229.SZ,-48.34000000000003,1.03,2.1202,16.082506640000002,0.03330625507717304,22.6134942,11055.8387,1.8334,1.3266
301230.SZ,652.2800000000007,0.78,6.7165,50.093803619999996,0.03134087237479814,55.69367058,145.556,5.5008,0.9878
301231.SZ,8649.54,3.85,19.4823,20.4668168,0.16417337936325282,26.40032,,3.272,
301232.SZ,2703.6100000000006,1.21,10.5063,66.25500805,0.11676954732510282,111.4456544,912.8157,7.9763,
301233.SZ,-825.4,1.26,2.8288,13.08861564,0.026126126126126265,23.85528432,30.492,2.411,1.0976
301234.SZ,55.36999999999989,0.65,4.6941,38.5722306,0.04758544208085491,65.0556,274.0191,8.5281,0.3136
301235.SZ,-563.8700000000026,0.74,7.6448,48.326025709999996,0.05698005698005701,64.570225,57.3823,3.3762,0.0801
301236.SZ,834.130000000001,0.93,1.72,327.91430572,0.03178879310344827,391.09451754,465.3043,2.9871,0.2437
301237.SZ,-593.3599999999997,1.09,2.5901,31.83945,0.04122952328363694,43.728,,3.7795,0.1788
301238.SZ,1.5599999999999454,0.63,1.1422,120.11999454000001,0.02743902439024386,120.11999454000001,37.3786,1.6478,1.221
301239.SZ,-1194.7000000000003,1.8,3.7222,48.1671204,0.06945228684359121,50.735802899999996,405.2802,2.3819,
301246.SZ,-2439.2400000000007,1.3,7.654,33.41245236,0.03594936708860764,77.28131376,27.4923,1.6783,0.154
301248.SZ,-2149.24,1.27,5.0268,67.11639825,0.07460595446584935,91.8387375,,6.0308,0.0334
301251.SZ,615.2000000000007,1.66,15.5842,42.0278732,0.1556765476910667,104.8416396,157.8944,6.7754,0.1721
301252.SZ,-28.19000000000051,1.0,2.6334,49.193802000000005,0.05443146195497282,61.344221999999995,67.3756,4.506,0.4727
301255.SZ,-185.44,0.92,0.9766,27.2700876,0.04740292486132112,31.07328,135.8418,2.9298,0.7003
301256.SZ,-227.93000000000006,1.1,0.7056,48.912,0.020192307692307603,48.912,70.0008,2.8628,1.5702
301257.SZ,224.29999999999927,1.92,9.3483,30.024581939999997,0.07023255813953479,31.49921376,54.2399,2.4885,0.4229
301258.SZ,124.16999999999996,0.72,0.8082,23.786496,0.014159969383849884,23.92587,362.469,1.3071,0.3453
301259.SZ,-390.5,0.82,3.2861,31.39085416,0.053605313092979084,48.94968,,5.9323,
301260.SZ,-0.4500000000000455,1.64,2.5319,25.17444825,0.018459069020866664,59.2421025,,1.467,
301261.SZ,-219.00999999999976,0.81,1.6392,58.84688465,0.050536266133430305,59.347012410000005,46.8123,3.6266,0.8886
301262.SZ,16981.789999999994,10.19,28.6468,27.25943682,0.16926383664696393,93.1161,27.2134,2.4133,2.0152
301263.SZ,509.58000000000004,0.46,0.4929,70.71127053000001,0.02465331278890603,99.1068777,,6.0073,0.8547
301265.SZ,-1273.1900000000005,1.41,3.9964,47.76210333,0.0927723840345199,59.32214904,93.1827,2.8027,0.2034
301267.SZ,952.1700000000001,1.0,0.8559,97.9151044,0.012418300653594738,126.84,28.1458,2.34,2.0346
301268.SZ,-17.339999999999918,1.45,1.2881,48.10844758,0.04887509697439882,53.192622490000005,,3.7993,
301269.SZ,891.5499999999993,1.54,1.6961,546.28409152,0.06430801248699279,546.28581152,4250.5282,10.5512,0.1491
301270.SZ,-130.93999999999983,1.24,2.7348,30.51172512,0.05006337135614708,32.29,327.987,3.3926,0.3096
301272.SZ,-139.75,1.32,2.0617,14.0886365,0.04814067454597872,20.730722,65.9371,2.0571,1.908
301273.SZ,-901.0699999999997,0.99,3.7383,29.853076679999997,0.06117225492705402,38.8957583,,4.5551,
301275.SZ,-330.99000000000024,0.65,1.177,127.23335567999999,0.025550035486160354,178.63296,31.5949,4.2374,0.3594
301276.SZ,-536.53,1.13,6.6293,13.593535560000001,0.04229934924078078,24.377760000000002,23.5184,1.1503,3.1898
301277.SZ,-136.38,0.79,0.9212,40.03120464,0.01551891367604269,40.03120464,38.4989,2.6101,2.7984
301278.SZ,332.64,1.83,3.7386,15.744434599999998,0.030398322851153074,26.11402791,112.0405,1.8268,1.7557
301279.SZ,-211.76,1.08,1.4255,28.25318505,0.0420851267336204,36.48559755,52.7948,2.6698,0.7064
301280.SZ,-805.3699999999999,0.6,1.7774,42.36857174,0.03627311522048367,81.59482642,32.2945,4.1308,1.4369
301281.SZ,1320.4499999999998,1.36,4.92,33.205535999999995,0.061618257261410764,50.67972,131.424,3.5452,0.4274
301282.SZ,5327.860000000001,1.21,12.4171,64.60985361,0.12632821723730817,77.18071401,82.3947,4.402,0.4842
301283.SZ,-213.53000000000003,0.95,1.1784,23.562054,0.031102362204724378,29.97384877,16.5244,1.8546,3.1785
301285.SZ,2005.1099999999988,1.19,1.9324,194.703807,0.10299884659746258,194.703807,,21.2697,0.053
301286.SZ,-699.82,0.63,0.8774,74.11546605,0.022362136343899285,183.84595,72.6616,9.5332,0.1726
301287.SZ,-409.6700000000001,1.12,6.3473,7.23493872,0.04798649626235838,28.32145848,54.7686,2.429,1.6008
301288.SZ,75.28,1.39,1.8393,13.77072248,0.046605293440736405,19.042163000000002,,2.439,
301289.SZ,-133.93000000000006,0.6,1.5644,34.83665455,0.01661865721249723,35.061,37.117,3.4084,0.9121
301290.SZ,-499.96000000000004,0.88,2.1339,22.9663551,0.03736341205498762,28.910014380000003,,1.3434,2.048
301291.SZ,257.7699999999995,0.92,3.9714,55.364410250000006,0.02973211657344731,104.71045855,28.3724,2.0039,2.3554
301292.SZ,-1052.329999999998,0.72,6.4116,55.2451962,0.03916768665850666,144.4830763,52.1576,4.6625,
301293.SZ,281.2300000000005,0.68,2.1375,89.633223,0.020404234841193362,107.2162335,226.979,4.514,0.2802
301295.SZ,-166.35000000000002,1.04,7.3877,11.533619999999999,0.03949044585987272,39.54384,79.8748,4.0374,0.6118
301296.SZ,163.33999999999997,1.44,1.0097,27.66130746,0.015503875968992192,27.66194152,333.2569,1.0366,0.8736
301297.SZ,504.3099999999977,0.99,3.9847,219.9009588,0.05223148602256014,289.0409874,58.4146,5.24,0.1405
301298.SZ,-222.82999999999998,0.88,1.5155,14.2072498,0.03023255813953493,19.27484,73.6408,2.1159,2.2468
301299.SZ,556.8699999999999,1.56,3.3699,21.12297782,0.04689593568557379,27.94123962,41.7263,4.7934,4.5326
301300.SZ,-242.99999999999994,1.38,2.5625,12.968913839999999,0.03577764636309878,21.7158851,29.327,2.6048,3.1831
301301.SZ,-510.82000000000016,0.77,1.5837,53.494882440000005,0.02166476624857463,192.8701152,32.5983,2.4157,3.1178
301302.SZ,-32.559999999999945,0.9,2.2718,29.924546999999997,0.04597156398104277,33.557734499999995,,2.3599,
301303.SZ,554.5,1.42,1.3108,44.727872399999995,0.06213872832369951,58.13136,18.5261,1.6857,2.4613
301305.SZ,-268.8299999999999,0.78,2.6007,30.82675024,0.02602684017893455,59.98208331000001,19.3269,1.5205,0.8043
301306.SZ,1441.4599999999973,2.15,8.8224,57.6915275,0.13016690937605024,83.57288,,9.1767,
301307.SZ,-551.1899999999987,1.0,12.2164,65.20248930000001,0.1006000705965407,125.7282,,5.4098,
301308.SZ,-626.8699999999953,0.8,3.1684,1075.9696282500001,0.04510719592443218,1640.2583535,13.6855,8.8268,
301309.SZ,517.56,2.54,6.1805,19.62516182,0.05706874189364467,32.553038719999996,26.4378,1.9415,0.9216
301310.SZ,-833.8400000000001,0.95,4.9885,51.60836109,0.042278332354668165,101.03630108,75.6453,4.2931,0.8074
301311.SZ,-348.40999999999997,0.75,0.6008,33.0,0.012363636363636358,33.0,,1.9582,0.3927
301312.SZ,-23.590000000000146,0.77,8.3525,69.60784928999999,0.07650000000000005,138.37210044,175.5037,11.2459,0.2521
301313.SZ,148.97000000000025,1.77,9.2542,27.273534749999996,0.1072196620583718,35.4585231,,5.9484,
301314.SZ,55.14999999999998,1.02,5.7587,7.97618594,0.03813280736357664,25.696775,156.2538,2.4636,0.43
301315.SZ,-819.6699999999998,1.04,3.7389,32.732079999999996,0.04857142857142855,35.6488,148.6874,3.5326,0.9874
301316.SZ,-3381.7700000000004,1.11,2.762,149.8477542,0.048245614035087654,154.579183,138.5,14.2196,0.2091
301317.SZ,1588.9799999999996,0.99,9.5319,25.18490775,0.0969251336898396,75.844175,,6.5448,1.2072
301318.SZ,-5.920000000000016,0.94,1.0423,19.96851686,0.04389312977099228,28.99455427,78.2109,1.5831,1.7443
301319.SZ,-6127.919999999998,0.71,5.2425,144.957942,0.06488146655149252,192.33295703,216.8477,15.9905,0.3537
301320.SZ,161.71999999999997,0.8,1.6005,16.000708919999997,0.03493449781659392,25.499601000000002,,2.4128,0.7033
301321.SZ,555.7599999999993,0.68,4.3356,62.35211136,0.05108617808546194,78.75014399999999,,7.4694,
301322.SZ,-217.44000000000005,0.69,2.9012,39.880164150000006,0.044553243574051236,59.130870550000004,,2.0747,1.1947
301323.SZ,391.52999999999975,1.26,2.0615,48.5425424,0.07257593457943923,75.46174812000001,48.1361,3.3409,0.8231
301325.SZ,-118.49000000000012,0.88,1.1815,44.3189516,0.02486910994764403,44.3189516,,1.7039,
301326.SZ,-474.90000000000055,1.2,3.0129,78.80669566,0.08940588348394538,79.50078598,,6.5937,
301327.SZ,384.66999999999985,1.01,1.3585,60.73567674,0.02537834691501754,74.18184756,,1.217,1.9216
301328.SZ,-649.1699999999996,0.89,2.2669,63.43238628,0.04868983460323355,87.76761156,90.8703,4.3966,0.626
301329.SZ,120.68000000000006,1.0,4.9945,13.108939999999999,0.036560247167868216,33.7847,48.4079,2.1501,1.8892
301330.SZ,617.1799999999998,2.09,3.2611,52.66123078,0.037558685446009286,60.55594094999999,30.1064,1.7694,1.6117
301331.SZ,-13.480000000000018,0.75,1.2358,22.5597609,0.032509157509157546,22.62592881,76.378,2.2142,0.8041
301332.SZ,-28.370000000000005,1.0,1.1517,21.26666806,0.020025031289111296,37.06346875,31.3025,1.2614,1.8549
301333.SZ,1334.3400000000001,1.31,3.9516,51.7982145,0.08635578583765112,51.8641581,43.1317,2.595,0.2949
301335.SZ,-429.73,0.95,2.9049,20.2679295,0.03849372384937231,29.30405847,70.6039,1.5059,0.8362
301336.SZ,-784.6100000000001,1.59,3.3275,16.37965402,0.02653562653562649,21.1666551,85.424,2.5319,0.4237
301337.SZ,-211.6099999999999,1.58,1.8302,27.12458418,0.043900543900544,27.72762,,2.5481,
301338.SZ,1483.949999999999,1.06,4.6451,112.029827,0.07891019172552971,153.75651200000001,59.8238,8.9643,0.1384
301339.SZ,2419.0199999999995,4.79,1.8337,65.57839288,0.08071748878923769,66.37687056,30.506,2.3587,3.3099
301345.SZ,3204.879999999999,1.15,3.0235,84.54273285,0.04678860059549128,263.19000285,25.9403,6.6635,1.447
301348.SZ,-6.179999999999836,0.85,3.3838,42.2750741,0.045730284647690175,52.44,,3.5425,0.2288
301349.SZ,-541.7099999999996,0.91,4.3447,38.136208,0.04697674418604642,62.699296,63.1856,2.2569,
301353.SZ,-22.96,1.02,3.1104,8.03473392,0.04201244813278002,24.99692592,38.4495,1.9394,1.4789
301355.SZ,35.289999999999964,2.0,2.9396,14.79482676,0.03779069767441866,20.36822076,,1.3949,0.9491
301356.SZ,498.2800000000002,2.26,2.66,26.748548800000002,0.08325123152709366,45.792,48.3726,1.5566,
301357.SZ,-1652.4800000000005,0.64,5.1008,55.337975,0.04889432159128783,84.728,2683.9899,7.5595,
301358.SZ,-4098.880000000005,0.85,2.3485,473.884352,0.03797267238639964,525.593654,13.5398,2.5796,0.2262
301359.SZ,120.61000000000001,1.0,2.9602,13.204888209999998,0.05530973451327434,22.3046656,60.5886,2.6667,1.9243
301360.SZ,1293.2800000000002,0.85,8.6392,19.95594169,0.060245246134707664,40.894338160000004,85.3199,3.4253,0.4565
301361.SZ,-81.33000000000001,0.8,1.318,15.419163200000002,0.026257396449704175,31.841163199999997,33.4116,2.5405,0.6138
301362.SZ,-555.2599999999993,0.95,7.7227,46.60735201,0.057651054701465886,166.12885201,125.1067,6.7764,1.177
301363.SZ,125.56999999999994,0.62,1.0813,85.24754799,0.018937080024434862,129.98137844000001,44.3467,3.5202,0.6614
301365.SZ,-1204.7400000000002,0.66,1.8015,50.443452130000004,0.030471584038694027,74.74107936,150.8342,4.204,2.088
301366.SZ,-161.61000000000058,0.96,6.2509,67.71751632,0.06448165301033126,121.27955256,135.9996,5.4999,0.4909
301367.SZ,-1738.4300000000003,1.54,4.1004,45.07797686,0.031169389509888127,58.77091204,26.6067,1.9211,0.6049
301368.SZ,-63.66999999999996,1.03,1.4407,46.92307,0.04539456320929002,55.14714872,,5.9148,0.1459
301369.SZ,67.55000000000018,0.79,3.3313,75.8564436,0.06011049723756903,141.4915491,315.5429,9.1037,0.2025
301370.SZ,-38.97999999999996,1.28,0.9263,41.50692,0.022099447513812074,41.50692,155.1004,1.6866,0.945
301371.SZ,-126.19000000000005,0.84,5.2533,16.70230926,0.023340961098398078,111.40627679999999,24.2715,2.0128,5.3868
301372.SZ,-845.63,1.76,3.4581,12.59402536,0.03621995390187678,20.97599126,,2.8234,
301373.SZ,-1980.2999999999993,0.92,10.6897,76.97618254,0.08849874596918676,119.87251771,85.685,7.065,0.6334
301376.SZ,-179.8599999999999,1.09,3.1333,41.12975196,0.03811338732729875,85.48441559999999,21.844,2.426,1.8755
301377.SZ,5195.380000000005,1.35,4.1321,415.07751749,0.07133717210492645,1780.39505989,186.8174,57.0054,0.1614
301378.SZ,-560.2400000000001,1.61,8.0385,11.7257686,0.06048387096774193,24.61368,,2.1086,
301379.SZ,-1814.17,0.92,5.5412,47.93459024,0.08419083255378862,60.823988639999996,60.0083,4.22,0.9157
301380.SZ,-741.9799999999996,1.5,6.2338,26.640613199999997,0.08468526930564554,32.8004414,83.3792,4.3674,0.7461
301381.SZ,-341.8399999999999,0.83,1.2697,96.89710634,0.03813196229648659,96.98729714000001,34.7004,3.3844,1.04
301382.SZ,411.4899999999998,1.0,5.0034,92.01362438000001,0.07165775401069518,111.07795682000001,71.4368,5.6975,0.1965
301383.SZ,-115.33999999999999,0.62,1.564,16.96150682,0.021437578814627913,39.2205766,,2.022,1.6611
301386.SZ,54.25,0.91,2.2149,9.3285,0.028265107212475726,29.022,35.6775,1.9721,2.412
301387.SZ,-718.29,1.19,5.5689,24.73029844,0.07648011517005579,62.17072086,,3.8637,0.2569
301388.SZ,262.97999999999996,4.43,5.0885,18.7469508,0.09042553191489365,26.431480800000003,96.7861,2.7137,0.3876
301389.SZ,-358.1800000000003,0.91,4.6476,174.21075,0.06989247311827967,174.21075,192.2106,7.7978,0.8426
301390.SZ,10.340000000000146,1.96,3.6864,16.65948552,0.0860081022125272,20.376,,2.2123,0.2923
301391.SZ,-1311.75,1.92,1.781,43.874199080000004,0.05947471239418281,44.90399448,187.0814,2.1462,0.2461
301392.SZ,11208.239999999998,1.17,13.264,77.11648977,0.12268399749159103,189.03,,25.6411,0.1587
301393.SZ,-393.8699999999999,0.73,4.784,24.74941833,0.027748872702046505,60.7932,55.5127,2.5325,0.7043
301395.SZ,-622.1399999999999,1.08,3.9661,15.703174979999998,0.04818258664412513,29.4820507,,2.049,0.6777
301396.SZ,14287.559999999998,1.08,9.9357,260.54232016,0.0873191489361703,395.71917352,383.2199,30.1072,0.0333
301397.SZ,-426.1400000000003,0.97,4.6615,23.669478400000003,0.047638272103350816,51.7548544,47.6314,2.6315,1.8405
301398.SZ,-169.40999999999985,1.55,4.2788,38.934285509999995,0.10419161676646697,39.93963006,,3.872,0.7511
301399.SZ,1521.2099999999991,1.98,36.7337,12.80689912,0.1132160577356789,43.331684,372.5029,3.3387,0.8834
301408.SZ,-617.6300000000001,0.87,3.7947,33.5882853,0.024193548387096853,58.681467000000005,26.2535,2.7694,0.6817
301413.SZ,-1918.6399999999999,1.08,4.4601,46.0006625,0.04047217537942662,82.75126183,158.787,6.6725,0.3567
301418.SZ,-65.27000000000004,0.74,3.4096,11.30965444,0.04264214046822745,26.89865444,1240.4705,1.6772,
301419.SZ,-2107.680000000001,0.7,7.6926,43.41760809,0.07617290458618874,58.09503872999999,98.1014,6.1738,0.8607
301421.SZ,-1181.3999999999996,0.84,4.9124,48.80802208,0.044188402127120725,93.0141284,185.6439,7.6696,0.1866
301428.SZ,483.3800000000001,1.62,4.7012,19.983092499999998,0.05884476534296026,28.3173429,,2.3256,0.345
301429.SZ,85.13,1.57,3.8716,7.8438092600000004,0.03114382785956969,21.078626,42.6829,1.5787,1.9085
301439.SZ,-131.66999999999996,0.72,1.6567,27.48681,0.01808439383791022,58.365269999999995,27.6824,1.9584,1.3333
301446.SZ,-83.36,0.51,1.527,11.692096000000001,0.03676064123825313,38.272,54.2465,3.1292,0.5435
301448.SZ,-489.1500000000001,0.73,1.9846,32.180882000000004,0.03655818100757915,47.4884,243.3029,6.8225,0.4599
301449.SZ,-57.460000000000036,0.52,11.4626,9.3965969,0.04314434154054657,41.76263256,42.568,3.6011,
301456.SZ,-30.539999999999964,1.09,1.9088,16.32218358,0.026785714285714395,36.21246233,37.8906,1.6087,0.8309
301458.SZ,-1492.2200000000003,0.8,5.4683,46.1351814,0.035191369124068776,104.72001309,76.7735,6.3724,0.5042
301459.SZ,-83.07000000000005,0.73,3.4695,8.3047018,0.01647655259822559,33.13155676,43.8864,2.5957,1.2073
301468.SZ,-732.1399999999999,1.38,7.8905,32.2248737,0.0922485586162716,55.903447050000004,226.6941,2.4609,0.6051
301469.SZ,-246.43000000000006,0.99,4.1186,13.32072622,0.026080988332189362,26.002888000000002,26.0217,1.8553,1.1902
301479.SZ,-918.3700000000001,0.97,2.7445,35.55062874,0.058336781133636745,62.101377899999996,34.927,4.7684,1.5349
301486.SZ,-416.8299999999981,0.81,5.8404,130.4517332,0.05899569583931134,230.3215848,,8.9042,0.2213
301487.SZ,1897.0300000000007,1.11,3.6122,74.41189516,0.025469981807155852,74.41189516,139.5818,3.868,
301488.SZ,-990.2500000000002,0.82,2.0954,40.82572425,0.038969072164948465,99.63797774999999,168.9124,4.1567,0.4617
301489.SZ,3350.9799999999996,0.71,9.5702,83.9144448,0.08586468760787024,140.25020220000002,221.3435,12.9041,0.1028
301491.SZ,-186.58999999999992,2.51,3.2524,15.200867920000002,0.053816300129366064,51.2646,28.0918,2.3584,
301498.SZ,-112.08000000000038,0.72,1.302,72.53963689999999,0.023237800154918633,153.26097883,31.5498,3.2742,1.3051
301499.SZ,4.439999999999998,1.29,1.0817,35.28265048,0.050765511684125623,35.28265048,63.7077,2.7046,0.4781
301500.SZ,8344.2,1.93,17.8816,37.13627046,0.15487651737128502,144.64714583999998,18.6239,2.6754,0.3614
301501.SZ,-435.71000000000004,1.46,3.5962,12.24525,0.03487104976389396,41.63385,25.9331,1.9932,1.225
301502.SZ,-134.63,1.4,4.3585,12.65914384,0.06556112610875431,30.5282558,139.1126,3.6742,0.6545
301503.SZ,-221.30999999999997,0.87,1.7302,12.8714976,0.042182485098578554,23.2128,40.1138,2.1221,3.2741
301505.SZ,-386.3799999999999,1.0,2.9907,14.6782734,0.038125000000000075,18.4184,948.2115,1.9524,1.2357
301507.SZ,-142.06,1.58,4.1989,13.80641857,0.031695721077654546,44.67626632,37.2983,2.7723,0.7957
301508.SZ,-115.73999999999995,0.61,1.4752,14.46787076,0.015873015873015896,55.59435068,34.1632,2.6759,0.8581
301509.SZ,-104.25,0.66,4.1769,16.67615051,0.020868394479973105,35.39925574,55.906,1.6645,1.361
301510.SZ,2162.460000000001,1.84,3.8693,110.89368776,0.046092906013683876,118.00940584,101.9163,7.8543,0.1322
301511.SZ,53725.580000000016,1.65,14.5462,389.03999766000004,0.12209944751381212,615.1312398,182.383,14.555,
301512.SZ,-29.379999999999995,0.76,2.3758,15.722363510000001,0.05153649167733673,24.09497636,114.6073,2.3878,0.8301
301513.SZ,-122.48999999999995,0.67,3.955,9.4196575,0.02093023255813958,46.75,55.0809,3.5933,
301515.SZ,114.89000000000001,1.12,2.1391,13.26155688,0.03288797533401853,19.63001963,,1.6243,0.5871
301516.SZ,-642.2700000000004,0.63,19.1336,12.25964238,0.02792022792022783,49.03858699,,3.9063,
301517.SZ,-381.96000000000004,0.92,2.4138,38.02288508,0.03915343915343926,58.952338520000005,,4.7123,0.1393
301518.SZ,49.960000000000036,0.59,4.5454,15.101925450000001,0.03592346739554868,37.40020845,248.8298,2.3218,0.6213
301519.SZ,-71.05000000000001,1.31,3.8321,9.39747315,0.03900414937759341,19.96289815,,1.4855,0.7971
301520.SZ,-1946.9500000000007,0.91,37.0488,20.04084936,0.10167346364786946,57.10468977,585.0266,3.8157,0.4075
301522.SZ,-234.29000000000008,0.87,0.9119,65.01602133,0.024065320154705576,87.35148783,85.4876,4.4783,0.4981
301525.SZ,25.90000000000009,1.29,1.9842,28.910573100000004,0.04620462046204621,52.8805782,111.4463,1.6308,0.8026
301526.SZ,-1484.179999999993,0.99,9.4597,435.361799,0.07913907284768214,1168.97218,171.6941,13.3543,
301528.SZ,-2.7200000000000273,0.72,1.9259,26.065425049999998,0.025645560665015967,50.5769425,73.5571,3.1861,0.1983
301529.SZ,-719.1300000000001,0.64,3.3201,72.52960470000001,0.046497373029772346,135.1215558,95.3264,9.2949,0.2598
301531.SZ,-202.75999999999976,0.84,4.5152,23.94350559,0.03492001560671087,112.21784738000001,79.7823,7.5142,
301533.SZ,-2024.17,1.92,27.8059,8.52764604,0.057729313662604254,29.36421129,91.8322,2.6462,1.3231
301535.SZ,-166.26999999999998,1.1,1.5546,24.60345489,0.030282174810736497,61.62511509,71.7348,5.2118,0.8144
301536.SZ,2888.070000000007,1.86,11.844,246.1591895,0.134529532967033,554.5556195,52.7468,14.2873,0.1519
301538.SZ,1117.2699999999998,1.03,5.7627,18.584429,0.054282267792521106,46.669952,26.5755,3.1291,0.7199
301539.SZ,43.52000000000001,1.09,1.7415,11.87536405,0.0360480640854472,22.5404,,2.9673,0.6566
301548.SZ,-328.73,1.4,6.8205,17.1939702,0.038521333563655155,51.243,36.771,3.2407,1.2038
301550.SZ,4277.200000000004,0.85,3.2218,183.40162856999999,0.050389372423270795,299.70113319,198.9458,16.3477,0.2533
301551.SZ,1232.2799999999997,3.45,7.9784,33.25995624,0.0819265143992055,86.08215200000001,33.8749,3.6758,3.1366
301552.SZ,459.4699999999998,1.14,9.5918,8.21457,0.05864197530864196,32.85828,26.5047,2.8829,3.5181
301555.SZ,992.44,1.07,7.5401,17.47271422,0.06879677605066208,33.345221519999996,32.9261,2.8346,
301556.SZ,-631.5999999999999,1.01,7.1079,18.30708,0.0388318863456984,52.95888000000001,54.2621,5.2552,1.3229
301557.SZ,13.430000000000064,0.87,2.7504,21.8068928,0.03129346314325439,54.3887808,70.1673,5.3002,0.8961
301558.SZ,697.26,1.42,3.4552,14.705287299999998,0.04153846153846161,52.8530371,154.2801,3.832,
301559.SZ,-128.76000000000002,0.75,1.1658,11.979,0.014307228915662613,79.86,83.7784,1.7712,3.3058
301560.SZ,72.38000000000002,1.17,2.6713,13.836697599999999,0.0493934142114385,28.79488,139.5642,2.9845,0.3378
301563.SZ,4173.24,1.55,10.9793,24.03635277,0.06446092413006273,106.32999549,50.4244,7.9047,
301565.SZ,-2184.0699999999997,1.08,4.1966,25.704407999999997,0.02335766423357666,80.322008,76.7881,3.2611,
301566.SZ,-2157.459999999999,1.06,9.0254,56.61154956,0.035591274397244535,104.882622,55.4749,6.5924,0.3432
301567.SZ,204.16000000000003,1.03,4.6381,7.88637487,0.04356270810210858,26.733637129999998,,3.679,0.4848
301568.SZ,-227.10000000000036,0.84,6.6208,33.9797136,0.04729922835095724,73.43737408,60.7897,7.0975,0.7822
301571.SZ,1641.6299999999992,1.88,4.5403,80.50665792000001,0.09243829586543001,121.22013804,51.062,5.7186,0.1436
301575.SZ,-206.02999999999997,1.22,6.2361,6.665742,0.027777777777777853,33.18597035,29.0027,2.3435,
301577.SZ,117.20999999999992,0.92,5.7603,11.16152688,0.05436112567732913,26.675475799999997,,3.6525,0.4978
301578.SZ,87.50999999999999,1.64,5.5087,7.3193787,0.05033840947546537,25.741232999999998,375.9928,2.7938,1.2121
301580.SZ,-198.15999999999985,0.62,4.4981,55.916879480000006,0.03947607786065117,82.74099584,39.6475,3.7806,0.598
301581.SZ,-75.88999999999999,1.06,1.2448,15.9450265,0.033026529507309124,30.16,124.5793,3.0512,1.8568
301583.SZ,-7456.960000000001,0.73,14.5709,38.19393832,0.03255999999999994,229.76481956000003,303.0573,24.4798,
301584.SZ,-116.87,0.76,3.0194,11.50023163,0.0211688909341924,90.19786785000001,32.1477,4.1553,
301585.SZ,90.24000000000004,0.97,0.9764,18.192688490000002,0.023458191449110898,27.7784,42.5278,2.8031,1.152
301586.SZ,-66.69999999999993,2.62,4.2176,16.38656767,0.06510067114093963,25.69751235,814.5412,2.0261,1.5499
301587.SZ,-15.019999999999982,0.75,2.809,16.00534333,0.020833333333333297,32.10279299,51.0898,1.6028,2.2249
301588.SZ,-553.22,1.14,6.9985,21.17146512,0.0419480981158905,34.30524708,104.7802,3.5726,0.4851
301589.SZ,-285.92999999999984,0.67,1.6825,49.7364415,0.023340321453529024,133.41170879999999,21.3275,3.2649,0.8217
301590.SZ,21.420000000000073,0.89,2.733,17.84318046,0.042121466554716,43.10194824,,2.2896,1.1693
301591.SZ,-5035.459999999999,1.14,45.3328,24.8502532,0.07617391304347818,60.801936,107.7622,6.5385,0.6226
301592.SZ,-381.5799999999999,1.8,5.0652,24.71085136,0.07906976744186042,74.053,123.9308,7.9776,0.6617
301595.SZ,-651.6100000000001,0.84,2.9131,16.141087249999998,0.04045109095366508,42.803084000000005,102.6718,4.7348,0.6324
301596.SZ,687.73,1.9,5.465,21.6797701,0.0859106529209622,53.42157674999999,53.0612,5.8854,1.1556
301598.SZ,-361.23,0.45,5.8278,9.486912420000001,0.03249516441005802,30.99170664,23.2331,3.1245,3.8008
301599.SZ,-163.70000000000027,0.52,5.8166,18.97560345,0.0195346164895145,149.72204,61.8298,6.9122,
301600.SZ,1535.1500000000003,2.72,4.7184,27.8132787,0.10254883277751327,90.1201617,76.4553,7.3326,2.5259
301601.SZ,-180.26999999999998,0.63,2.6053,12.19404,0.029932803909590834,23.24944,52.5714,1.7576,1.0876
301602.SZ,-97.5300000000002,0.75,2.0152,34.79854986,0.03345498783454992,71.48821024,66.456,5.4006,0.6111
301603.SZ,3177.1099999999988,1.13,9.3011,51.31242675,0.09790374499489686,164.221524,36.8596,6.1787,0.0735
301606.SZ,1000.6300000000001,0.69,2.3549,85.28787972,0.04230249179061241,214.46687562000002,24.912,6.0116,1.1608
301607.SZ,-2606.790000000001,1.02,7.5985,63.676450349999996,0.06722885921761548,98.2170316,32.1091,5.1825,0.0203
301608.SZ,-457.6300000000001,1.18,2.82,27.31938824,0.04417040358744392,60.87441041,24.2354,2.7014,1.2321
301609.SZ,45.33999999999992,0.73,1.4392,31.74678738,0.021408625504188577,52.675392,38.9123,4.1684,
301611.SZ,-5456.740000000003,0.66,5.0519,146.36082894999998,0.04977145759268656,435.346,202.0442,23.4627,0.1002
301613.SZ,65.83000000000004,0.91,1.0219,30.481305959999997,0.027584285316243937,52.25750796,31.8317,3.2522,1.835
301616.SZ,92.37,1.02,1.8172,10.17352476,0.025112866817155573,28.656,15.4019,1.9776,1.1167
301617.SZ,979.0,0.85,2.5158,36.103267200000005,0.054824130477500475,90.96607519999999,53.2469,5.0497,0.9719
301618.SZ,70.50999999999999,0.81,2.3736,15.832180319999999,0.034007352941176454,41.52816336,134.9239,4.3827,0.7293
301622.SZ,-109.57000000000002,0.58,1.6534,25.54692894,0.027635619242579464,45.80469369,161.3648,3.0063,1.0124
301626.SZ,-1942.0999999999985,1.06,3.3715,139.6929212,0.07552928450007731,307.107264,386.9593,19.0996,0.2109
301628.SZ,3121.210000000001,2.66,15.0587,29.830057919999998,0.15255916345624657,77.36572112,64.5827,6.4879,0.3897
301629.SZ,-2958.9300000000003,0.94,7.5848,57.5310114,0.051315152493141766,125.05671810000001,495.0317,10.6323,0.3197
301630.SZ,6041.810000000001,1.03,18.8095,33.59658356,0.08530303030303023,114.9008,63.8283,6.6086,
301631.SZ,-52.7199999999998,0.54,3.9217,28.06607472,0.04301587301587303,82.39378151999999,28.8147,3.167,0.951
301632.SZ,-145.95000000000005,1.12,2.4069,24.9617375,0.021433850702143455,56.840447999999995,48.0607,2.0706,
301633.SZ,1066.33,2.55,11.5835,15.41719014,0.13718278778962856,33.641856,113.7461,3.7601,1.6551
301636.SZ,-36.81999999999999,0.97,2.2502,15.24857304,0.033721795189685086,26.110538759999997,,2.4023,1.223
301638.SZ,-1082.0700000000006,0.89,3.3011,55.7521352,0.02310084406930267,708.42606456,86.4776,6.363,
301655.SZ,2416.1200000000026,0.98,48.9434,13.625364600000001,0.19444444444444436,138.0492846,66.2981,13.3216,
301656.SZ,-767.3499999999999,0.75,2.0717,30.7890828,0.01654533421575116,363.60438408,73.2698,3.8553,
301658.SZ,-574.7300000000002,0.63,4.0011,22.81499114,0.03465765004226544,96.57733504,,3.0775,0.538
301662.SZ,-3436.4000000000015,1.23,16.7959,33.600072,0.06892626786391791,87.406,87.3169,5.7553,0.9153
301665.SZ,178.3499999999999,1.04,3.5619,24.698707000000002,0.03738317757009353,106.695,20.3407,2.9196,2.5306
301666.SZ,-9214.770000000004,1.41,16.2862,123.66141668,0.05852561677804401,2034.3383366799999,168.5354,55.7919,
301667.SZ,-748.84,0.66,5.2432,14.311442379999999,0.02571333775713333,67.34793576,131.9224,5.3568,
301668.SZ,-220.16999999999996,1.13,5.2063,8.51501,0.025516055045871573,38.5,51.4204,3.7179,
301669.SZ,-235.12000000000012,0.76,4.5049,22.7155925,0.0267244492596606,133.152,106.1531,7.6724,
301677.SZ,-1373.23,1.01,14.1696,11.701952,0.03290058687533348,54.58,27.4008,3.768,
301678.SZ,532.19,0.99,1.3751,63.8988658,0.0442953020134229,110.1476189,155.1549,6.1196,1.0874
301680.SZ,-439.22000000000025,0.6,4.2687,16.298425,0.03295218295218297,80.316,40.8352,4.4483,
301682.SZ,-667.4000000000001,0.52,3.6406,28.661331439999998,0.030541871921182233,135.62470894,53.6824,2.7411,
301683.SZ,-202.30999999999995,0.75,3.4955,14.36698647,0.020316701523752537,63.56462715,30.2126,2.6954,
301687.SZ,-382.46000000000004,0.97,8.5757,15.9190808,0.03751488685986504,75.047504,60.6886,4.9323,
301696.SZ,1008.1800000000003,1.15,5.7744,29.614098959999996,0.060599750104123204,393.769844,74.8248,18.5634,
301707.SZ,-1724.2300000000005,0.77,14.679,21.58256428,0.048733935615218195,328.04738199999997,132.7942,21.0721,
301717.SZ,-14789.0,0.78,21.065,65.174736,0.04511476795477954,380.904788,160.4959,39.2839,
302132.SZ,-271.8600000000024,0.9,1.1422,349.8834915,0.020500000000000067,1595.2385658,49.4106,7.6356,1.067
600000.SH,9251.680000000008,1.2,0.2993,3050.8147882800004,0.01999999999999997,3050.8147882800004,5.955,0.4047,4.0677
600004.SH,-243.82999999999993,0.99,0.4949,182.00063727,0.015444015444015458,198.19010974,17.3115,0.9576,1.8748
600006.SH,-61.56000000000006,0.8,0.4316,107.0,0.02222222222222224,107.0,,1.3525,0.0935
600007.SH,1040.7,2.06,0.4244,190.27566425,0.030687830687830788,190.27566425,15.8117,2.0453,5.8232
600008.SH,-2065.029999999999,1.99,1.6409,204.06842146,0.02464788732394361,204.06842146,12.132,0.9735,6.1151
600009.SH,-5528.85,1.15,0.3865,578.63504604,0.0198731501057082,580.5234229,25.3656,1.3461,2.186
600010.SH,-8755.739999999998,0.87,1.2194,704.65976775,0.017543859649122823,1017.5857425,202.8409,1.9421,0.089
600011.SH,-8564.59,1.01,0.4817,734.64702132,0.01327433628318582,1048.63263912,8.9372,1.6257,4.0419
600012.SH,523.79,1.31,0.617,194.53864,0.03166869671132762,285.16398811,14.8185,2.2638,3.6189
600015.SH,-16324.23999999999,2.99,1.9028,958.6240551999999,0.01832061068702292,991.5000455499999,3.951,0.3095,6.5008
600016.SH,25459.42,1.8,1.0297,1251.81294896,0.03508771929824565,1545.51937305,5.3813,0.2666,5.6091
600017.SH,400.6199999999999,0.7,1.5022,87.04100537000001,0.013937282229965169,87.04100537000001,18.5546,0.6136,4.2049
600018.SH,-3049.6100000000006,1.54,0.3019,1224.43964778,0.019193857965450988,1224.5259222999998,8.7189,0.8351,2.7568
600019.SH,-2130.5300000000025,0.81,0.3698,1246.30036974,0.013722126929674111,1267.71732954,12.6291,0.6147,3.7198
600020.SH,143.5,0.81,0.7085,87.87223738,0.022784810126582355,87.87223738,13.4735,0.738,4.3478
600021.SH,-9791.45,1.98,1.3669,375.59166898,0.02407002188183808,375.59166898,20.1962,1.8748,2.0999
600022.SH,-354.0199999999995,0.73,0.5375,143.36458464,0.02189781021897812,143.36458464,129.2955,0.7544,
600023.SH,-910.0500000000002,1.01,0.2435,654.34615576,0.010121457489878506,654.34615576,11.8562,0.8885,6.9672
600025.SH,721.2399999999998,0.76,0.1245,1779.26950565,0.009414225941422579,1779.26950565,21.511,2.5444,2.0233
600026.SH,13100.510000000002,1.28,1.9574,735.7400623999999,0.051568314726209596,1051.5673692399998,15.6633,2.186,0.9093
600027.SH,-3689.210000000001,1.09,0.8354,422.99958806999996,0.021276595744680774,532.98043578,10.1109,1.0711,4.5911
600028.SH,3001.9999999999927,0.72,0.2476,5173.48515684,0.016483516483516456,6602.5330753200005,18.3643,0.7825,4.1794
600029.SH,-2237.8600000000006,1.04,0.4051,675.19632225,0.007905138339920957,907.86058698,,3.0142,
600030.SH,1028.9500000000116,0.99,0.9344,3385.08117077,0.01611170784103125,4343.5476749399995,10.9531,1.47,1.0072
600031.SH,22296.23000000001,3.1,1.7189,1695.725439,0.03193717277486908,1839.9203804400001,20.7101,1.9981,3.3282
600032.SH,-1112.9699999999998,1.16,0.6453,163.51792039999998,0.030567685589519646,163.51792039999998,44.1718,1.2626,0.7647
600033.SH,645.6500000000001,1.04,0.9723,96.60288,0.025069637883008318,96.60288,10.5993,0.7731,2.8409
600035.SH,-233.50999999999976,0.73,1.2682,58.93024194,0.01634877384196187,58.93024194,10.2577,0.6492,4.6448
600036.SH,8084.169999999984,1.66,0.5508,8276.332493279999,0.01982210927573065,10118.202054719999,6.6701,0.8837,4.9851
600037.SH,2088.7299999999996,2.42,2.3539,99.37294206,0.04761904761904773,99.37294206,38.6004,0.7733,0.3782
600038.SH,-990.1499999999996,0.71,0.8639,184.09096703999998,0.012667390517553308,225.63460863999998,40.5028,1.2839,0.7413
600039.SH,-1071.3900000000012,3.03,0.5391,787.82050836,0.045351473922902535,787.82050836,10.3551,1.5613,4.5212
600048.SH,-17815.889999999985,3.55,4.5755,594.93103698,0.09248554913294788,594.93103698,,0.3058,3.3905
600050.SH,4349.359999999997,1.03,0.3366,1332.5875956,0.016355140186915747,1344.3702922,19.4361,0.7841,4.0302
600051.SH,-66.12,1.06,1.6979,20.113936,0.02503912363067295,20.113936,29.7244,0.5891,1.8547
600052.SH,358.36,1.12,1.223,33.34569065,0.02278481012658224,33.34569065,,1.5401,0.5002
600053.SH,-168.79000000000002,0.65,0.516,34.0329528,0.03225806451612903,34.0329528,,1.5694,
600054.SH,224.31999999999994,0.89,1.3363,58.413540000000005,0.013986013986014,83.00337572,28.0226,1.6984,1.5114
600055.SH,-263.04,0.72,0.4658,77.68825155,0.019855595667869933,77.68825155,,1.7897,1.1765
600056.SH,-1416.29,0.91,0.8371,136.82466225000002,0.015086206896551595,136.8730017,31.9512,1.1431,1.1509
600057.SH,2569.1800000000003,1.11,1.1253,136.43166503999998,0.02723146747352505,185.10381712,13.9503,1.2158,5.2635
600058.SH,-1399.04,0.92,0.7615,105.90477716000001,0.033431661750245804,105.90477716000001,,2.2007,
600059.SH,-560.9999999999998,0.54,1.003,74.65532256,0.015834348355663917,74.65532256,33.3954,1.2753,0.9768
600060.SH,272.60000000000036,0.76,0.7039,364.047236,0.023005032350826765,365.392216,14.0879,1.6525,3.1429
600061.SH,-3646.5200000000004,1.21,0.6397,416.89517656,0.012288786482334882,416.89517656,11.0368,0.7749,1.9478
600062.SH,-25.829999999999927,0.78,0.5374,166.94664432000002,0.011757425742574226,167.00245800000002,10.3514,1.3635,2.9298
600063.SH,-2483.0600000000013,1.04,1.9313,121.66345632,0.021922428330522898,121.66345632,24.7593,1.4188,2.3985
600064.SH,1752.6600000000003,1.37,1.2315,132.54401336,0.03112840466926073,132.54401336,7.774,0.6661,3.9164
600066.SH,-1454.8000000000002,0.6,0.3773,659.5324876799999,0.01996007984031941,659.5324876799999,12.0213,5.0826,5.0352
600067.SH,-239.63,1.14,1.3191,40.219225429999995,0.03754266211604091,40.219225429999995,324.9843,0.7276,7.458
600071.SH,-578.5899999999999,1.06,0.716,45.69944397,0.027932960893854705,45.69944397,258.0607,8.8023,
600072.SH,-184.54000000000042,1.17,1.1705,94.46701256,0.021348314606741716,130.85665384,,1.7968,0.3454
600073.SH,1058.7300000000005,2.22,2.9768,53.54435444999999,0.03417266187050367,53.54435444999999,,1.1404,1.2259
600075.SH,616.2699999999995,1.71,2.1192,82.82816905,0.046938775510203985,82.82816905,,0.9286,0.4123
600076.SH,153.27999999999997,0.9,1.2319,43.56320616,0.030674846625766763,43.56320616,,1.2531,
600078.SH,-2146.5,0.91,3.2292,73.94313564000001,0.04166666666666657,75.85037964,70.5304,4.2146,
600079.SH,-1588.71,0.79,0.5414,287.18557468,0.00803858520900333,303.7572586,14.9618,1.5731,1.7195
600080.SH,-57.49000000000001,0.71,0.4941,18.140936579999998,0.022357723577235658,18.140936579999998,178.3482,1.1389,0.5833
600081.SH,-382.24999999999994,0.67,0.347,57.570027419999995,0.017291066282420723,57.570027419999995,88.4052,1.2331,0.4803
600082.SH,-359.78,1.05,1.0888,18.586027220000002,0.04026845637583881,18.93119294,,1.1312,
600084.SH,-70.43999999999997,0.93,0.2794,47.64601632,0.030092592592592567,47.64601632,,3.736,
600085.SH,-2394.6099999999997,1.54,0.5668,327.64425467,0.021241830065359603,327.64425467,33.7754,2.405,2.0929
600088.SH,153.9000000000001,2.98,1.8661,47.406602879999994,0.044155844155844136,47.406602879999994,,3.8913,0.2852
600089.SH,-9911.259999999998,0.67,0.9579,966.5992243799999,0.013471502590673656,966.5992243799999,18.1598,1.3641,1.2984
600094.SH,-72.41000000000008,1.18,1.2825,83.34821600000001,0.06879606879606874,91.13804,75.8955,0.886,
600095.SH,-8856.900000000001,1.14,4.2575,272.19466904,0.048167539267015794,272.19466904,31.9554,2.1229,
600096.SH,-6872.050000000003,1.2,2.8122,573.1482760800001,0.025332488917036124,573.1482760800001,10.7619,2.2561,5.0891
600097.SH,-220.09000000000003,1.49,2.4469,22.238448180000002,0.02847754654983568,22.238448180000002,139.1355,1.0063,0.8667
600098.SH,-1391.9599999999991,2.86,1.4821,209.650727,0.04159999999999996,209.650727,12.8604,0.7714,6.1879
600099.SH,-228.37,0.92,1.3983,20.860224,0.019978969505783335,20.860224,78.5187,3.7571,0.3151
600100.SH,-2421.91,1.13,0.6837,235.52592831,0.0213980028530671,235.52592831,95.5657,1.5092,
600101.SH,-813.5899999999997,1.05,1.2534,42.952420000000004,0.015189873417721532,42.952420000000004,26.2674,1.3856,1.5306
600103.SH,-4134.020000000004,2.22,26.6725,84.2897349,0.10389610389610388,85.37549727000001,219.8417,2.1432,0.3167
600104.SH,5700.57,1.36,0.3938,1195.50886,0.010638297872340371,1195.50886,12.9376,0.4002,0.841
600105.SH,-23782.90999999999,0.71,6.086,588.89150544,0.05351758793969856,588.89150544,140.6928,16.1828,0.211
600106.SH,-175.44000000000005,0.86,0.8279,58.4771044,0.020316027088036086,58.4771044,100.6082,1.1067,0.8182
600107.SH,58.54000000000002,2.26,0.8593,21.996,0.07439446366782017,21.996,,5.6519,
600108.SH,-6742.25,1.39,11.9906,72.0358587,0.06824146981627302,72.0358587,133.7727,1.6641,0.1486
600109.SH,-622.6800000000003,1.03,0.7612,320.4438723,0.02057142857142854,320.4438723,12.9255,0.883,1.3793
600110.SH,89506.5,0.58,8.2753,208.74226227,0.11151736745886645,208.74226227,,3.475,
600111.SH,-14599.129999999997,0.87,1.084,1468.43972796,0.022402757262432217,1468.43972796,43.5335,5.593,0.0862
600113.SH,-214.33000000000038,0.88,1.0312,123.67621872000001,0.03599221789883267,126.60571602,105.8662,5.085,0.3994
600114.SH,1272.930000000004,1.06,3.2106,192.37329035,0.05752794214332676,208.33118182,43.8284,5.9424,0.8876
600115.SH,-3028.659999999996,0.92,0.7751,594.1712750099999,0.016853932584269676,770.86201083,,7.7171,
600116.SH,-114.03999999999996,0.66,0.5422,119.89135983,0.01577287066246051,119.89135983,15.6518,1.0385,1.4212
600117.SH,207.23000000000002,0.83,0.4622,75.51866568,0.025423728813559344,75.51866568,,2.1829,
600118.SH,-15852.470000000001,0.84,1.696,714.3416653099999,0.03901710111240248,714.3416653099999,709.9831,11.1536,0.0166
600119.SH,-5.239999999999981,0.88,0.8615,18.15393888,0.037401574803149686,18.15393888,,26.5574,
600120.SH,-1167.2200000000003,0.94,0.8645,167.3536935,0.018218623481781528,167.3536935,11.9138,0.9988,1.68
600121.SH,14582.880000000001,1.21,10.4626,59.8240292,0.11210762331838565,59.8240292,,9.9488,
600123.SH,981.5100000000002,1.2,1.8386,108.87243600000001,0.03415300546448087,108.87243600000001,,0.7134,2.0298
600125.SH,45.440000000000055,0.56,0.6052,71.41204793,0.010948905109488979,71.41204793,13.4293,0.9023,2.5594
600126.SH,-6070.48,1.16,1.8166,221.88132387000002,0.028106508875739705,221.88132387000002,147.0636,1.1423,
600127.SH,-38273.18000000001,1.11,44.5905,77.27069728,0.07901444350042479,77.27069728,,11.6792,
600128.SH,355.72,1.67,2.3776,21.29603525,0.02930832356389215,21.721597810000002,49.5631,1.0188,1.136
600129.SH,-1391.75,0.83,2.4489,76.53684616000001,0.03641456582633051,76.53684616000001,109.9189,2.1306,
600130.SH,-869.8000000000002,1.07,2.8595,33.6,0.02428256070640164,33.6,675.6125,3.7023,
600131.SH,-1282.6799999999998,1.3,0.7129,176.39600225,0.03212851405622493,176.555376,28.3459,2.6865,1.1635
600132.SH,201.5999999999999,0.64,0.48,193.44328864,0.014895729890764682,193.44328864,16.6497,12.2126,5.5041
600133.SH,-1051.840000000001,1.17,1.8668,91.05688746,0.01720183486238536,91.05688746,43.18,1.0209,1.9321
600135.SH,209.00000000000003,0.85,0.8791,41.83001676,0.018691588785046686,41.83001676,,1.7808,
600136.SH,-300.4800000000001,1.42,0.6175,28.3691067,0.0340136054421769,29.796058140000003,,13.0867,
600137.SH,-39.35000000000001,1.12,1.2628,18.16024768,0.034445051940951286,18.16024768,59.5956,3.3343,0.9957
600138.SH,-188.83999999999992,1.02,1.32,52.188864,0.016528925619834725,52.188864,134.5471,0.8245,0.9709
600141.SH,-261.20000000000437,0.94,2.4501,375.30337077,0.045105566218809984,375.30337077,23.4445,1.5042,2.9396
600143.SH,-2678.25,1.04,0.9816,370.19305299999996,0.017009213323883787,375.59841115,30.0603,1.9126,0.6855
600148.SH,-132.7499999999999,1.9,2.0217,22.5860334,0.04974489795918352,22.5860334,112.2141,4.6707,
600149.SH,224.52999999999997,1.07,2.4689,19.426176,0.025742574257425724,19.426176,135.7676,7.7505,
600150.SH,-27757.239999999976,1.51,1.1804,2564.73173904,0.034215066129959885,2564.73173904,18.2873,1.6832,0.436
600151.SH,-121.24999999999955,0.63,1.1045,143.42523,0.02512562814070352,143.42523,,3.2484,
600152.SH,-630.48,0.51,2.1771,44.283945779999996,0.01794258373205746,44.283945779999996,,2.7212,
600153.SH,-3960.3199999999997,3.91,3.0342,238.92198064000002,0.09132420091324209,238.92198064000002,,0.5759,8.6345
600155.SH,-571.4399999999987,1.05,1.7721,137.90369775,0.04437400950871637,137.90369775,40.3457,0.6824,
600156.SH,-1004.3900000000001,0.86,2.3299,34.82278662,0.038641686182669804,34.82278662,,10.0308,0.1155
600157.SH,-8465.120000000003,1.14,1.9964,342.53889637000003,0.03125000000000003,342.53889637000003,197.702,0.7336,
600158.SH,-72.27999999999975,1.11,2.3535,69.0849432,0.020891364902507013,69.0849432,,2.8797,0.2736
600159.SH,5561.01,6.89,12.1173,22.4100864,0.09811320754716973,22.4100864,,1.5572,
600160.SH,-1191.729999999996,1.04,1.2859,1094.47706894,0.03206709422792297,1094.47706894,24.9729,4.9617,0.5673
600161.SH,-207.5899999999997,0.65,0.3992,242.03025935999997,0.01539708265802265,242.03025935999997,31.9644,2.0271,2.0425
600162.SH,-35334.139999999985,2.79,13.5219,162.44137357,0.17723880597014927,162.44137357,,2.8344,0.2201
600163.SH,-1540.7400000000002,1.68,1.2735,96.10130305,0.032380952380952364,96.10130305,19.4405,1.3369,1.6436
600165.SH,-868.8199999999998,0.6,2.6267,23.30665248,0.044303797468354465,51.38510166,,4.7779,
600166.SH,-5139.18,1.8,2.3495,229.6046116,0.04318936877076409,229.6046116,15.3854,1.4496,
600167.SH,1185.6800000000003,2.79,0.6895,126.26649990000001,0.03832752613240414,126.26649990000001,25.5062,1.0874,3.5235
600168.SH,-264.99,1.02,0.486,44.206193199999994,0.01576576576576563,44.206193199999994,41.9434,0.8146,0.6067
600169.SH,446.96000000000004,2.67,0.6919,70.32928565,0.033816425120772875,70.32928565,29.3076,1.3407,
600170.SH,-2744.6299999999974,1.94,2.3253,201.71083119000002,0.0436681222707424,201.71083119000002,21.5608,0.6426,2.6432
600171.SH,2027.2600000000002,1.11,1.4383,164.68288259,0.027959807776321406,164.68288259,76.1568,3.6161,0.7318
600172.SH,-2159.8799999999974,0.64,9.1919,185.70668555999998,0.039528432732316245,208.5398787,,61.7062,
600173.SH,97.31000000000006,1.65,1.0246,43.70597088,0.04100946372239744,43.71158688,,1.221,
600176.SH,25811.099999999977,0.93,4.6474,1744.7181691,0.04745370370370364,1758.57795231,38.806,5.3041,0.9333
600177.SH,-331.0700000000015,1.95,0.9709,361.17604038,0.024173027989821818,370.80004038,12.9863,0.8792,5.7217
600178.SH,-183.59000000000003,0.81,0.9774,45.52807712,0.01547987616099075,45.52807712,,1.7859,0.0512
600179.SH,-4353.150000000001,1.19,1.5295,175.73367175,0.04862579281183941,192.53447849999998,15.6517,1.5392,
600180.SH,-112.50999999999993,0.76,1.0872,16.2994125,0.026315789473684233,16.2994125,,0.4688,2.3149
600182.SH,-1434.49,2.64,2.383,22.304,0.023651145602365135,44.608,21.1461,4.132,6.936
600183.SH,63595.48999999999,1.34,4.3076,3699.6228126,0.11177480260899417,3726.0916758000003,71.7323,20.1391,0.652
600184.SH,-473.92999999999984,0.89,2.0362,106.34776875,0.02695269526952687,106.34776875,194.7943,3.1129,
600185.SH,837.0300000000002,2.01,1.898,86.33326564,0.052083333333333336,86.33326564,,153.2445,
600186.SH,-21666.61,1.1,12.1051,207.00330131,0.05443886097152432,207.42287579,52.999,10.2876,
600187.SH,-696.29,0.82,1.2413,21.624666740000002,0.014705882352941188,21.624666740000002,,0.7354,
600188.SH,18688.010000000002,1.18,0.9345,1408.0713424,0.04257167680278021,2370.7044424,22.1737,3.0845,3.0486
600189.SH,-30.299999999999727,1.18,1.7949,56.14302730000001,0.034351145038167996,56.14302730000001,185.0388,4.438,
600191.SH,-180.19000000000005,0.6,1.9229,52.372656,0.04787714543812099,52.372656,57.6886,3.0535,
600192.SH,-508.43000000000006,0.81,1.5652,31.1874088,0.022471910112359446,31.1874088,,4.612,
600195.SH,94.42999999999995,0.89,0.6781,69.74442889000001,0.015965166908563054,69.74442889000001,50.0318,1.2201,0.3367
600196.SH,-7972.879999999997,1.02,1.1978,473.69409568,0.022299956274595606,597.10799148,17.6135,1.2253,1.4177
600197.SH,-815.8900000000001,0.88,1.2184,44.99891397,0.021604938271605024,44.99891397,33.1672,1.1363,4.7319
600198.SH,2461.3199999999997,1.2,3.3027,104.54656894,0.09009009009009,104.67936105,,51.0453,
600199.SH,-1502.43,0.83,2.7515,46.76935248,0.031767955801104905,46.76935248,,2.4682,
600201.SH,526.79,0.9,0.9463,138.81088836,0.03475513428120059,138.81088836,96.5386,2.5653,0.2381
600202.SH,13.080000000000013,0.74,1.0796,20.01038454,0.019342359767891615,20.01038454,,2.5353,0.1916
600203.SH,549.8599999999988,1.05,4.3439,64.93219695,0.04295051353874891,64.93219695,508.8877,3.7763,0.1826
600206.SH,-2993.7400000000052,0.74,7.9813,437.83736676,0.05401742497579863,437.83736676,137.6865,10.0426,0.2108
600207.SH,58.489999999999895,0.73,0.9255,48.36547944,0.01793721973094172,48.36547944,,2.8483,
600208.SH,132.88999999999942,2.17,1.6038,248.43290796,0.057239057239057214,248.46107135999998,145.7573,0.5965,
600210.SH,-905.9300000000003,1.22,1.5402,92.82425544,0.022544283413848724,92.82425544,8.3726,1.3844,4.902
600211.SH,413.82000000000016,0.57,0.97,123.73834088000001,0.010346611484738713,123.73834088000001,12.6448,3.1619,4.8737
600212.SH,-127.04999999999995,0.56,1.8358,42.176300319999996,0.019292604501607594,43.37565232,,7.5543,
600215.SH,55.30000000000018,2.29,3.4272,30.748219170000002,0.09177215189873418,30.748219170000002,,1.266,0.2259
600216.SH,-1770.9500000000007,0.65,2.1127,123.01466235,0.02501895375284307,124.33976754000001,15.4251,1.0664,2.8329
600217.SH,-199.68000000000006,1.41,1.5382,54.53680673,0.03823529411764703,54.53680673,,1.9178,
600218.SH,-274.29999999999995,0.93,1.1561,33.49763231,0.015645371577574983,33.49763231,61.634,1.0243,0.7802
600219.SH,-9968.930000000008,1.04,1.325,555.81115744,0.022540983606557444,555.81115744,12.7552,1.1149,8.053
600221.SH,802.8600000000006,0.57,0.2851,556.9916937,0.015267175572519097,561.8032225,25.6203,10.2266,
600222.SH,674.7500000000005,0.75,2.9608,45.47622816,0.053097345132743466,45.47622816,86.3218,2.8192,
600223.SH,-128.31999999999994,0.53,0.8444,57.33448032,0.02260869565217405,57.33448032,35.4858,1.3469,1.0638
600226.SH,5626.25,1.2,4.241,185.60138688,0.06765676567656768,185.60138688,112.0818,4.9762,
600227.SH,15644.919999999998,0.73,16.5388,64.39102992,0.07860262008733632,85.11187608,,3.6806,
600228.SH,1180.8499999999985,1.59,7.3736,36.86089592,0.07942238267148016,36.9171835,,10.0348,
600229.SH,-99.69999999999999,1.86,0.9373,34.81930106,0.042145593869731754,34.81930106,,1.2829,1.3283
600230.SH,220.1800000000003,1.43,3.9495,62.34252659999999,0.03520208604954362,62.34252659999999,57.6155,1.5171,0.1394
600231.SH,-132.56000000000003,0.98,0.5928,49.35307116,0.033519553072625725,49.97390316,,1.5256,
600232.SH,-55.47000000000003,1.61,2.3269,24.1443647,0.0334855403348555,24.1443647,49.0257,2.4902,1.5106
600233.SH,3833.55,0.83,0.4764,580.0283846,0.015366430260047373,580.0283846,10.2356,1.5615,2.1228
600234.SH,-319.48,0.71,0.4411,56.652031799999996,0.03819282720074524,56.652031799999996,,12.5312,
600235.SH,35.50999999999999,1.17,1.5513,21.00774,0.022033898305084877,21.00774,263.3696,1.3891,0.2843
600236.SH,-516.1999999999998,1.19,0.1362,775.62597552,0.021212121212121297,775.62597552,20.1417,4.2872,1.7276
600237.SH,-915.3499999999995,0.92,3.12,53.84188196,0.03533568904593648,54.34822076,47.8497,2.7453,
600238.SH,-113.79000000000002,0.52,0.5532,20.7051294,0.014989293361884239,20.8413,,29.9462,
600239.SH,-69.72000000000003,1.14,1.3114,22.96132267,0.04827586206896556,22.96132267,,2.0856,
600241.SH,-116.43,0.72,0.9366,22.30809918,0.023999999999999962,22.30809918,,2.1818,
600243.SH,3.240000000000009,0.94,1.0456,16.76407,0.036842105263157926,16.76407,,3.0787,
600246.SH,28200.619999999995,1.69,7.9238,251.99198624999997,0.11221122112211217,259.00023375,,5.7313,
600248.SH,63.600000000000136,1.08,0.5223,107.46643970000001,0.027118644067796634,107.7039497,,0.3896,3.125
600249.SH,57.039999999999964,1.26,1.1946,29.15,0.022263450834879427,29.15,284.4135,1.3414,0.566
600250.SH,4648.470000000001,1.33,16.5605,31.717047960000002,0.09227683049147441,31.717047960000002,432.1547,5.0634,
600251.SH,5190.279999999999,1.91,7.1314,88.81036848000001,0.04672897196261673,88.81036848000001,15.1636,2.0731,1.5748
600252.SH,484.6700000000001,0.96,2.3012,73.55416761000001,0.045643153526971084,73.55416761000001,,1.4075,
600255.SH,-985.8600000000006,0.97,2.8185,60.8671539,0.023668639053254458,60.8671539,113.1953,4.0524,
600256.SH,8174.639999999999,1.46,2.9554,432.0994028,0.044342507645259946,432.0994028,24.4092,1.7292,9.2012
600257.SH,-729.0,1.35,4.0708,27.767386440000003,0.03583617747440272,27.767386440000003,113.2518,3.4022,
600258.SH,-5374.34,3.58,3.5265,131.20086425,0.06586345381526093,131.20086425,15.3499,1.0923,3.0638
600259.SH,-1013.4500000000007,0.73,2.22,281.63049189,0.05415814177398002,281.63049189,61.422,7.3197,
600261.SH,372.5899999999999,1.09,1.4275,43.6562331,0.03124999999999989,43.6562331,30.8725,1.2861,4.2813
600262.SH,-890.5999999999997,0.42,2.1695,36.2712,0.012353706111833517,36.2712,14.3544,1.941,1.4811
600265.SH,-50.349999999999994,0.47,0.3315,29.9838,0.02054195804195799,29.9838,,9.0825,
600266.SH,176.36000000000058,1.89,3.0992,87.5963757,0.08196721311475402,87.5963757,,0.4892,1.1848
600267.SH,-1303.8600000000006,0.62,2.1477,140.92448874,0.02377049180327862,140.92448874,16.0486,1.5673,1.7415
600268.SH,-238.76000000000022,0.91,0.7969,107.84562209999999,0.02255639097744363,107.85531816,20.94,2.885,1.3189
600269.SH,190.75,1.02,0.8212,89.9131695,0.015544041450777216,89.9131695,12.4295,0.4674,4.4156
600271.SH,-163.27999999999997,0.89,0.4834,127.66374894,0.013005780346820789,127.66374894,,0.9924,0.0581
600272.SH,-2196.2000000000007,0.55,19.4385,29.216,0.03844258255298165,47.96023694,205.2953,6.0336,0.215
600273.SH,15.4399999999996,0.98,1.5026,89.56241152999999,0.0291970802919707,89.56241152999999,14.3064,0.8986,5.9512
600276.SH,-75044.92000000001,1.2,1.3995,2938.80635961,0.027261200338123397,3057.75799393,39.5755,4.7432,0.4336
600278.SH,-555.25,1.86,1.5321,55.84766363,0.034482758620689585,55.84766363,26.6863,0.6581,1.615
600279.SH,-38.389999999999986,0.65,0.429,51.866057309999995,0.013667425968109454,51.866057309999995,76.5258,0.7666,0.9153
600280.SH,-498.74000000000024,1.08,2.6111,34.18854444,0.03846153846153849,34.18854444,,13.9973,
600281.SH,-1513.1399999999999,0.58,3.8916,24.9999372,0.028112449799196897,24.9999372,,42.6809,
600282.SH,-2646.9399999999987,0.86,0.5559,289.759277,0.0189473684210526,289.759277,10.6277,1.0409,4.3319
600283.SH,-40.56,0.79,0.4609,45.090321960000004,0.016249999999999987,45.090321960000004,20.6401,1.3744,3.1095
600284.SH,-39.200000000000045,1.25,1.1621,50.5503376,0.013435700575815794,50.5503376,19.626,0.6327,3.4549
600285.SH,-1956.1999999999998,1.17,1.4457,111.82522469999999,0.021912350597609452,111.9485997,14.3486,3.4641,4.5593
600287.SH,-71.04000000000002,1.27,1.0702,22.014523439999998,0.02008032128514049,22.014523439999998,103.9436,1.0024,
600288.SH,-502.71000000000095,0.99,5.0588,49.5768,0.03006189213085779,49.5768,26.7425,2.4705,
600289.SH,82.25,2.18,0.8932,25.74948285,0.06651376146788991,28.712870549999998,,3.4074,
600292.SH,576.1900000000005,1.42,2.858,54.11973743,0.04140127388535028,586.94759988,49.3791,3.2622,
600293.SH,-472.90000000000055,1.46,4.4123,34.6883355,0.026490066225165438,34.6883355,,2.1023,
600295.SH,291.0,1.5,0.6844,274.80266333,0.0480349344978166,389.30978333,13.9547,1.8189,4.3134
600298.SH,-406.5699999999997,1.02,0.8651,355.3745973,0.02784503631961273,359.79638922000004,22.1277,2.8901,1.3271
600299.SH,-1438.4599999999991,1.28,1.3483,266.09293152,0.030612244897959134,266.09293152,20.1708,1.3496,1.8142
600300.SH,-247.44000000000005,1.1,2.2587,51.91026462,0.02743902439024386,51.91026462,15.0347,1.4476,3.9875
600301.SH,-782.1700000000001,1.1,3.6373,131.66553174,0.04448544485444858,302.4937785,31.7486,5.9403,
600302.SH,-181.72,0.71,0.5793,22.35223308,0.02442748091603042,22.35223308,,4.7774,
600303.SH,-331.99,1.29,3.7597,20.52861966,0.029702970297029656,20.71320726,,2.358,
600305.SH,-277.71000000000004,1.09,0.7674,75.0012732,0.023357664233576665,75.1175396,48.8317,2.2498,1.473
600307.SH,32.440000000000055,0.93,0.5732,93.950361,0.020000000000000018,93.950361,,1.7693,
600308.SH,-80.07999999999998,0.68,0.4491,50.360090639999996,0.014970059880239469,50.360090639999996,,0.556,0.2364
600309.SH,694.4900000000198,1.21,1.423,2389.17592512,0.041004613018964665,2389.17592512,14.5085,2.1032,0.9593
600310.SH,-392.8099999999995,0.83,2.1253,62.87898903,0.03016241299303942,62.87898903,,2.2178,0.6993
600312.SH,270.2500000000009,0.68,1.0683,269.62026231,0.027819929185634838,269.62026231,21.1984,2.2722,1.7061
600313.SH,-6094.6500000000015,1.19,16.3291,77.70186666,0.0986666666666667,83.3866532,114.0759,3.4193,
600315.SH,-853.9500000000003,0.87,1.1809,121.336793,0.022988505747126336,121.336793,31.6974,1.7169,0.2156
600316.SH,927.9000000000015,1.64,3.0744,225.24566445,0.03443794671864843,225.24566445,475.1331,4.1867,0.0541
600318.SH,929.5900000000004,0.79,2.4214,34.91674956,0.02034883720930228,34.91674956,81.9775,3.1474,0.2937
600319.SH,225.92000000000002,0.85,1.506,25.74390416,0.041033434650455995,25.74390416,,7.9114,
600320.SH,-412.96000000000004,0.76,0.8958,136.04946249,0.016908212560386545,216.04468587000002,24.2733,1.3639,1.343
600322.SH,196.46000000000004,2.39,4.1896,30.185609999999997,0.07246376811594193,30.185609999999997,,39.5762,
600323.SH,-730.4900000000002,1.68,0.7703,248.19165723999998,0.025140588819053972,248.19165723999998,11.2181,1.6345,3.4494
600325.SH,-432.3100000000013,1.45,4.1582,66.32686561,0.08064516129032265,66.32686561,,1.125,5.1257
600326.SH,-5925.869999999999,0.87,3.0601,103.41104795999999,0.0348387096774193,103.41104795999999,,2.6876,
600327.SH,-20.59999999999991,0.83,2.1877,35.39118,0.03163017031630178,35.39118,,1.2596,0.7407
600328.SH,-290.67999999999984,1.03,1.1806,94.1370699,0.029051987767584157,94.1370699,,0.8049,1.9173
600329.SH,-472.97,1.15,0.432,204.37901976,0.01866593466922865,277.54202176,32.7234,4.6718,3.5516
600330.SH,-6165.030000000013,0.69,7.8816,350.54205648,0.04492052522460253,350.54205648,,4.6663,0.0764
600331.SH,2826.899999999998,0.92,2.2448,268.8336,0.05681818181818182,349.48368,,11.178,
600332.SH,304.94000000000005,0.74,0.4739,287.08292178000005,0.013222331047992142,331.98650178,12.9536,0.8484,3.9177
600333.SH,309.8199999999997,1.45,2.4016,41.10957225,0.0412213740458016,41.10957225,168.4147,2.1666,
600335.SH,1821.03,0.79,1.3888,78.38897863,0.043893129770992446,78.38897863,16.8118,0.6732,2.099
600336.SH,-574.5600000000001,0.87,0.6402,49.95572648,0.019047619047619067,49.95572648,,2.4217,0.1597
600337.SH,102.2800000000002,0.88,1.7771,47.13353768,0.054662379421221846,47.13353768,,52.0217,0.3654
600338.SH,1969.3300000000017,1.03,5.308,128.99505922,0.02712100139082062,128.99505922,22.7793,2.7157,0.3898
600339.SH,-188.15999999999985,0.97,0.9411,190.9436445,0.03468208092485539,190.9436445,75.9146,0.7058,1.4035
600340.SH,-1448.13,2.23,1.9707,42.8269061,0.06422018348623838,42.8269061,,,
600343.SH,926.04,0.85,1.7672,117.17467668,0.02083333333333328,117.17467668,,9.4521,
600345.SH,-1399.7299999999996,0.71,4.7053,107.36634475,0.029187071498530892,167.27814075,24.9413,3.9903,0.1084
600346.SH,7205.299999999996,1.19,0.5877,1362.0658113,0.04221770091556451,1362.0658113,12.1286,1.8933,2.739
600348.SH,1862.3200000000006,0.96,0.9777,338.74425,0.018162393162393157,338.74425,17.0917,1.2282,3.2907
600350.SH,-1852.2199999999998,0.77,0.2771,497.96079239999995,0.028653295128939726,497.96079239999995,16.1297,1.6992,4.0777
600351.SH,-183.40999999999985,1.1,4.0522,49.2704,0.03301237964236592,49.2704,15.244,1.7466,4.2622
600352.SH,-4618.93,1.35,2.4201,414.47448406,0.04555808656036444,414.47448406,21.7555,1.2917,3.5322
600353.SH,8093.539999999994,0.86,8.983,303.3448992,0.09644816632977196,303.3448992,179.5038,15.8881,0.1642
600354.SH,-11300.389999999985,1.9,36.5802,43.75479409,0.09866017052375135,43.75479409,31.829,5.1727,
600356.SH,-116.57000000000005,0.65,1.1453,26.40785576,0.02047781569965867,29.131026600000002,13.564,0.9474,1.2306
600358.SH,-129.97999999999996,1.24,0.8259,26.05473372,0.025540275049115893,60.01881864,,126.503,
600359.SH,-849.5100000000002,1.78,13.5283,28.00303952,0.07456724367509994,28.00303952,,4.1816,
600360.SH,-60.04000000000087,1.24,5.7124,101.40718368,0.054807692307692335,101.40718368,55.1972,2.8525,0.7008
600361.SH,1209.0699999999997,1.33,1.8646,139.97485874999998,0.04266666666666659,139.97485874999998,16.9273,1.2568,2.1682
600362.SH,-22384.040000000008,0.83,3.2056,1004.4197416,0.04060395837584171,1675.9610296,14.4636,1.9124,2.2613
600363.SH,-6597.57,0.6,4.874,73.81044745,0.0335349092908191,73.81044745,19.2432,1.5962,0.3317
600365.SH,-182.21000000000004,0.85,0.5331,11.96384,0.017793594306049917,12.71004,,6.2439,
600366.SH,-2688.869999999999,0.77,2.199,128.25809637,0.023076923076923044,128.25809637,25.802,1.9978,0.4196
600367.SH,-7266.100000000006,0.62,14.7211,132.23439324,0.035629453681710214,140.10246063,142.0678,5.5101,0.1217
600368.SH,-312.3799999999992,0.73,2.0835,69.85897926,0.02721088435374152,69.85897926,12.6073,0.9562,3.0184
600369.SH,-221.47000000000025,1.0,0.51,274.44300583,0.016949152542372736,274.44300583,22.0661,1.0468,2.0581
600370.SH,-542.59,0.98,0.6032,63.558072069999994,0.03703703703703707,63.558072069999994,,1.2966,
600371.SH,6225.65,0.45,4.688,37.1281482,0.0,37.1281482,,7.1395,1.182
600372.SH,-2141.1400000000003,0.88,0.3695,542.4403088600001,0.01157613535173649,542.4403088600001,52.4791,1.4218,0.8202
600373.SH,-2.230000000000018,1.62,1.1836,98.08771336,0.02063273727647861,98.08771336,35.3242,0.5516,5.6889
600375.SH,-1700.2700000000002,1.03,1.2819,56.020866139999995,0.02301790281329931,61.397634620000005,115.709,1.8057,
600376.SH,2086.7199999999993,2.31,5.7783,90.28478199999999,0.08235294117647067,90.28478199999999,,7.222,
600377.SH,324.02999999999975,1.19,0.3736,473.7520018,0.02021018593371059,627.7033385,13.4316,1.511,3.9326
600378.SH,-29615.100000000035,3.64,13.9543,568.56691854,0.064153066966798,683.82884097,40.2044,3.6617,0.5395
600379.SH,-658.4300000000007,0.81,5.5298,48.07735296,0.06276445698166436,48.07735296,91.0892,5.9507,0.6955
600380.SH,-1030.38,0.75,0.8494,168.49265814,0.01707577374599788,168.49265814,14.0614,1.107,2.1716
600381.SH,-415.95000000000005,1.82,1.8453,26.4177315,0.061965811965811975,26.4177315,,2.7543,
600382.SH,48.67000000000007,0.9,1.8927,45.20596731,0.031866464339908945,45.20596731,26.3725,1.4816,1.4341
600383.SH,2270.720000000001,2.62,4.139,102.02958935999999,0.07359307359307375,102.02958935999999,,0.2397,
600386.SH,154.75000000000006,1.17,1.0294,28.304640000000003,0.02298850574712633,28.304640000000003,,1.7275,0.2849
600388.SH,-1164.21,0.79,0.7685,230.64040808000001,0.0261153427638738,230.64040808000001,18.8472,2.1135,1.5419
600389.SH,1150.6800000000003,0.96,2.6013,81.52204499999999,0.03532467532467531,81.52204499999999,15.0015,1.8958,2.9054
600390.SH,826.9500000000007,0.83,0.9415,226.25269465,0.02750491159135571,226.25269465,22.9617,0.5307,0.1193
600391.SH,668.9999999999982,1.14,3.1709,113.89464299999999,0.030471725754468184,113.89464299999999,200.8449,6.3613,
600392.SH,3648.230000000003,0.87,2.7865,407.70746716,0.04143044047099866,407.70746716,30.2291,3.1222,0.6449
600395.SH,-2367.8600000000006,1.94,3.7995,127.50951906,0.07491289198606282,127.50951906,32.0375,1.2021,0.6734
600396.SH,-4929.9200000000055,0.76,7.8561,202.34991432,0.040931545518701484,202.34991432,426.5475,13.537,
600397.SH,-2773.1200000000026,0.88,9.6259,189.77531283,0.04116727462219902,189.77531283,,98.236,
600398.SH,165.10000000000036,1.97,0.9766,285.76483285,0.0403361344537814,285.76483285,13.7822,1.6033,3.0252
600399.SH,-155.38999999999987,0.66,1.2072,86.37798000000001,0.022573363431151364,86.37798000000001,,1.642,0.4089
600400.SH,-825.8299999999999,1.18,2.1491,66.90805947999999,0.06529209621993125,66.90805947999999,,5.2061,
600403.SH,13026.600000000006,1.26,7.3225,182.8971486,0.10784313725490191,182.8971486,,5.9283,
600405.SH,637.5299999999997,3.53,4.3552,29.78351856,0.06926406926406932,29.78351856,,77.2125,
600406.SH,-4753.549999999999,1.01,0.4363,1839.47807314,0.016949152542372906,1844.89439914,21.9644,3.5428,2.5231
600408.SH,-1155.83,0.83,5.4478,31.2108,0.02588996763754048,31.2108,,2.7551,
600409.SH,3218.1400000000003,0.96,2.015,153.38116042,0.041666666666666734,153.38116042,83.3,1.0956,0.9825
600410.SH,915.4800000000032,0.99,3.2983,151.75486648,0.04656319290465625,151.75486648,,3.6441,0.0477
600415.SH,905.5599999999995,0.62,0.6494,684.34818816,0.02327447833065818,684.34818816,15.2355,3.0963,2.6443
600416.SH,-610.1200000000001,1.1,0.9014,125.73666048000001,0.03448275862068974,125.73666048000001,263.6176,1.2968,
600418.SH,-3930.409999999996,0.65,1.9347,472.70116853999997,0.022338403041825043,472.70116853999997,,3.8082,
600419.SH,291.7599999999999,1.17,2.2577,27.765346049999998,0.028026905829596414,27.765346049999998,23.6122,1.1216,0.2385
600420.SH,-568.38,0.84,0.4404,114.13379676999999,0.017321016166281795,114.13379676999999,20.9374,0.8279,3.5253
600422.SH,-87.05999999999995,0.66,0.6377,64.87282606000001,0.016073478760045987,64.87282606000001,,1.3337,3.5006
600423.SH,96.13999999999999,0.99,0.4449,23.7212415,0.017006802721088527,23.7212415,,4.3852,
600425.SH,-99.30000000000018,1.72,1.6865,60.657799860000004,0.021333333333333235,60.657799860000004,20.8542,0.9439,2.6455
600426.SH,279.1899999999987,1.15,1.8489,589.7846955,0.04906006419073821,589.8627735,14.3883,1.6886,1.9762
600428.SH,3074.499999999998,1.24,2.3744,280.96331544,0.030514385353095,315.27645395999997,13.5523,1.8529,2.4282
600429.SH,15.3599999999999,1.13,0.9941,69.93593057999999,0.033684210526315816,69.93593057999999,,1.4308,0.259
600433.SH,-780.3999999999996,0.79,1.487,59.5094928,0.023121387283237014,59.5094928,,1.3387,1.7647
600435.SH,906.04,1.15,1.1048,164.09081045,0.027052238805970068,164.09081045,,5.7841,0.1839
600436.SH,-3846.029999999999,1.41,0.7179,736.83129636,0.027494108405341715,736.83129636,40.7247,5.0429,2.6365
600438.SH,-5161.6,1.27,0.9604,521.7807453099999,0.03260869565217396,521.7807453099999,,1.6167,
600439.SH,-176.05999999999995,0.79,1.2399,21.847318220000002,0.01546391752577321,21.847318220000002,,0.876,
600444.SH,72.27999999999997,0.9,1.8286,21.5240193,0.02900552486187845,21.5240193,36.4521,2.8188,0.7483
600446.SH,5.139999999999873,0.81,1.366,104.01005875,0.027927927927927972,104.01005875,,2.8994,
600448.SH,-191.88,1.21,2.6858,19.20950085,0.01986754966887419,19.20950085,,2.144,
600449.SH,-1114.5000000000005,0.52,2.2031,60.1073517,0.03450980392156859,60.1073517,44.7663,0.8164,1.6706
600452.SH,-390.16000000000076,1.07,1.3501,140.74721972,0.019672131147541145,140.74721972,32.4933,2.4608,0.9825
600455.SH,39.14999999999998,1.34,2.5319,15.6020084,0.036719706242350145,15.6020084,32.2159,4.3481,
600456.SH,-850.8499999999999,0.64,0.8238,129.8599245,0.01756954612005858,129.8599245,38.0713,1.8065,1.4349
600458.SH,94.24999999999955,0.73,1.4056,103.1703603,0.021222410865874366,113.01577749,20.3158,1.3923,2.1525
600459.SH,-4154.030000000001,0.96,3.2263,158.62667543999999,0.031264582361176005,171.87942024,25.8337,1.9032,1.0622
600460.SH,-15173.539999999994,0.61,6.3254,568.44692688,0.045946736903716714,568.44692688,87.4967,4.6028,0.1171
600461.SH,-503.5600000000002,0.83,0.6957,114.03312383999999,0.017777777777777597,114.03312383999999,9.7802,1.1506,5.2252
600463.SH,-5.670000000000016,1.23,1.3572,25.02,0.0370370370370371,25.02,,2.9511,
600467.SH,-187.82999999999993,1.19,2.355,35.20996263,0.02834008097166003,35.20996263,99.9533,1.0235,0.3701
600468.SH,-2448.71,0.83,3.541,69.61505919999999,0.03058103975535171,69.61505919999999,94.2697,3.4246,
600469.SH,1381.1999999999998,2.27,2.2742,45.696916800000004,0.040740740740740695,48.0618792,20.1088,1.0345,0.6071
600470.SH,-567.7900000000009,1.14,10.6426,32.49568,0.058917197452229314,32.49568,,2.2455,
600475.SH,-1031.52,0.79,0.7951,140.96141215,0.03034300791556722,142.91687215,37.2182,1.6641,2.9786
600476.SH,-8.810000000000002,1.13,0.8219,16.042572,0.04041450777202078,16.042572,,,
600477.SH,102.76000000000022,1.11,1.319,58.73831316,0.02788844621513938,58.73831316,83.5296,1.1744,2.4498
600478.SH,-987.7499999999998,0.83,1.197,82.83263421,0.024193548387096794,82.83263421,56.8668,2.8158,
600479.SH,-6255.900000000009,2.19,26.0743,50.84861265,0.10502625656414107,59.803515000000004,17.6196,1.9788,2.5193
600480.SH,-233.66999999999985,0.86,0.687,100.45172628,0.015757575757575852,101.20042044,14.3273,1.2549,3.9952
600481.SH,-1067.2499999999995,0.89,1.7179,88.55423577,0.022779043280182355,88.55423577,,2.2272,
600482.SH,12021.04,2.15,1.1162,745.34576704,0.07387613957874888,745.34576704,44.0055,1.8099,0.8089
600483.SH,-2223.09,1.12,0.7329,306.09414066,0.035283194057567226,306.09414066,10.3806,1.1102,3.4786
600486.SH,-2459.419999999999,1.43,1.6138,224.88827235,0.030617631532641246,224.88827235,17.7088,1.8803,1.6585
600487.SH,-109762.89000000013,0.83,7.7798,1653.26687694,0.03697234352256195,1661.85513174,39.6938,4.9302,0.3383
600488.SH,-5670.91,0.79,5.8595,58.08837243999999,0.046428571428571395,58.08837243999999,90.1522,1.9211,1.8421
600489.SH,-26186.689999999973,1.2,2.7044,1241.88148812,0.044227886056971505,1241.88148812,18.829,3.8217,1.5144
600490.SH,-1372.0499999999993,1.07,4.6594,154.22889636,0.056441717791411036,171.27746154,55.4885,2.6923,
600491.SH,-1154.2999999999997,0.74,5.8284,24.7820796,0.08333333333333327,24.7820796,,0.3947,
600493.SH,80.95000000000005,1.77,3.087,17.2992,0.03727714748784448,17.2992,191.0086,1.5471,0.923
600495.SH,-101.11000000000001,0.86,0.5829,49.41500781,0.01456310679611641,49.41500781,142.7166,1.5067,0.3423
600496.SH,1755.5500000000002,1.14,1.8244,66.86822016,0.03571428571428575,66.86822016,10.7315,0.7373,2.381
600497.SH,-8711.559999999998,0.78,2.5738,527.7278383500001,0.03784295175023655,527.7278383500001,31.1645,2.9697,1.5317
600498.SH,35317.17999999999,0.92,7.9987,539.9304889,0.08110733365711519,576.6779205,168.587,3.2764,0.3677
600499.SH,178.96999999999935,0.86,1.2059,269.4588242,0.023190442726633877,269.4588242,14.5794,2.033,1.379
600500.SH,314.02000000000044,0.75,2.5643,203.81579784,0.028218694885361578,203.81579784,,2.0027,
600501.SH,230.85000000000002,0.88,0.9162,62.034509,0.0362116991643455,62.034509,,4.0844,
600502.SH,-1133.6099999999997,1.82,2.5968,76.55741194,0.04319654427645792,76.55741194,4.98,0.6386,6.0538
600503.SH,770.1599999999999,2.17,3.7908,35.570838,0.06666666666666662,35.570838,,1.034,
600505.SH,6.779999999999973,0.89,1.1726,38.46187125,0.016949152542372857,38.46187125,252.3512,3.1293,0.1896
600506.SH,1291.4300000000003,0.88,5.2001,40.33933536,0.04272445820433434,40.33933536,82.5065,7.969,
600507.SH,-553.0200000000004,0.7,0.9988,98.31048575,0.018648018648018457,98.31048575,13.1864,0.9922,0.7597
600508.SH,-127.78000000000611,1.27,9.3419,120.00009672,0.08580858085808589,120.00009672,40.1987,0.9347,1.7466
600509.SH,75.13999999999987,1.09,1.1538,103.35468448,0.024096385542168756,103.35468448,45.4062,1.3007,0.7314
600510.SH,-757.3699999999999,1.22,1.183,72.75779775000001,0.06232686980609421,72.75779775000001,,0.7019,0.5816
600511.SH,-21.279999999999973,0.54,0.4533,147.68815416,0.010085917071348508,201.3768507,10.4459,1.0706,2.9974
600512.SH,144.8699999999999,0.97,1.49,32.85928764,0.023809523809523725,32.85928764,415.4931,0.5322,0.9701
600513.SH,-1087.19,0.75,3.1092,45.98700993,0.02946482260974134,45.98700993,,3.6429,0.5525
600515.SH,2562.8600000000006,2.06,1.6827,253.257945,0.03873239436619714,315.33854496,150.3843,1.3062,0.1812
600516.SH,983.880000000001,2.86,1.8985,212.57123712,0.027343749999999938,212.57123712,101.4882,1.2828,0.3553
600517.SH,-1269.87,1.11,0.4642,292.78390784,0.019493177387914333,292.78390784,11.3335,1.2242,1.8164
600518.SH,-1557.08,0.71,0.7913,190.74846036,0.02127659574468087,190.83877446,647.7589,2.6051,
600519.SH,1897.7699999999895,0.88,0.186,16245.060408320001,0.014644673963311237,16245.060408320001,19.9487,6.4656,3.981
600520.SH,6315.609999999999,3.51,12.4054,41.476974,0.11342309261525911,41.476974,361.7931,10.409,
600521.SH,-1427.420000000002,0.97,1.8358,241.20732941999998,0.02551640340218722,241.20732941999998,38.4197,2.5288,1.5446
600522.SH,9008.550000000017,0.73,5.0673,1200.6757044600001,0.03196347031963463,1200.6757044600001,32.2584,3.1231,0.848
600523.SH,51.25,1.2,1.0821,49.051014439999996,0.01669449081802999,49.08339182,23.5543,1.5072,1.0873
600525.SH,790.4000000000005,0.69,1.8631,70.02722862,0.020676691729323366,70.02722862,,2.472,
600526.SH,-149.90999999999997,0.54,0.7346,41.16592281,0.01263157894736834,41.847115980000005,13.161,0.8951,2.1261
600527.SH,-608.6299999999997,0.69,2.0883,39.31097243,0.0218340611353711,39.31097243,162.1849,1.9332,2.1833
600528.SH,18.13000000000011,0.75,0.3277,153.95352588,0.011444921316165962,153.95352588,11.9051,0.6028,1.4949
600529.SH,97.44999999999982,0.68,0.7202,127.28118437999998,0.009389671361502332,127.28118437999998,18.4639,1.4894,3.1283
600530.SH,-173.45,0.8,0.8694,30.299371999999998,0.0307692307692308,30.299371999999998,,9.7675,0.3018
600531.SH,-10049.609999999997,0.78,5.0419,165.06435855,0.03387438249823574,165.06435855,17.9328,2.3334,1.4861
600533.SH,501.96999999999997,1.75,2.605,22.995,0.05829596412556049,22.995,,3.228,
600535.SH,1576.2799999999997,1.12,1.0857,219.31186,0.018132975151108097,219.31186,17.9331,1.6772,2.7929
600536.SH,-2574.3300000000017,1.17,4.0973,285.83061892,0.048267693218833355,316.36690008,1527.5411,8.8164,
600537.SH,62.25999999999999,0.8,1.3554,25.2131295,0.023041474654377798,25.2131295,,,
600538.SH,-75.87,0.72,0.96,27.310731430000004,0.02879078694817665,27.310731430000004,,4.0373,
600539.SH,-3995.11,0.87,6.1025,34.155,0.03825857519788919,34.155,,11.3615,
600540.SH,2358.5699999999997,0.28,1.224,32.324561200000005,0.0,32.324561200000005,,6.9055,
600543.SH,20.27000000000001,1.02,0.655,13.583376000000001,0.03294117647058837,13.583376000000001,,2.0159,
600545.SH,-2571.0699999999997,0.77,2.747,77.95297192000001,0.03712296983758704,77.95297192000001,,3.1052,
600546.SH,1733.8899999999994,1.14,1.4953,282.69823986,0.04074338813438172,282.69823986,18.5868,1.6308,4.8387
600547.SH,32784.83999999997,1.61,5.3939,1368.06678905,0.12651451112989578,1744.85831575,31.8733,5.2664,0.8525
600548.SH,425.2700000000001,1.21,0.1998,141.6115876,0.012033694344163615,209.62691386,18.9142,0.9107,2.954
600549.SH,-24183.37000000001,0.84,2.7113,837.8801344,0.03425535812419852,856.02626336,24.176,4.5796,1.1202
600550.SH,-1189.62,1.01,0.9136,202.568135,0.019999999999999896,202.568135,79.3435,20.6546,
600551.SH,4842.48,6.69,6.5247,55.939554,0.15066666666666664,55.939554,13.8907,0.9338,4.8485
600552.SH,3668.4699999999975,1.15,5.8202,173.71320891,0.06208053691275165,173.71320891,123.7597,4.0129,0.2719
600556.SH,2920.3599999999997,2.21,3.5419,86.95265956,0.06304347826086958,86.95265956,,2.3281,0.1788
600557.SH,-1518.3399999999997,1.11,1.6545,71.22277704,0.03245749613601236,71.22277704,23.0704,1.4343,
600558.SH,-91.10999999999967,1.16,1.7828,43.982635200000004,0.02235772357723584,43.982635200000004,22.0203,1.8127,3.0612
600559.SH,-1086.9099999999999,1.62,1.3536,103.64088042,0.0249355116079105,103.64088042,27.9708,1.9032,4.8544
600560.SH,185.47000000000003,0.91,1.0292,26.077065299999997,0.024326672458731484,26.077065299999997,54.6549,2.6114,0.6089
600561.SH,227.96000000000004,1.92,2.6634,17.52377088,0.05210084033613453,17.52377088,108.4247,1.8537,
600562.SH,-783.4300000000003,1.99,1.8754,376.15872762000004,0.06765619606489474,376.15872762000004,65.7746,5.5724,0.8386
600563.SH,-1232.3999999999996,0.91,1.3987,290.52,0.028282041293338493,290.52,24.1116,4.7671,1.5489
600566.SH,975.8299999999999,1.92,1.0518,237.75443576000004,0.04311377245508975,238.47167407999999,12.9765,1.7293,8.0573
600567.SH,-925.73,0.9,1.0279,84.39423016,0.014705882352941188,84.39423016,,0.5792,
600568.SH,-134.35000000000002,1.21,0.3438,35.71804022,0.009259259259259267,42.64741158,,2.6761,
600569.SH,-667.6000000000001,1.16,0.8964,52.852553760000006,0.026881720430107548,52.852553760000006,,5.4755,
600570.SH,269.5500000000011,0.86,1.0546,416.602538,0.02730996813837041,416.602538,33.8335,4.2894,0.4534
600571.SH,127.30999999999995,0.6,1.4939,50.032260810000004,0.02022058823529401,50.96859019,121.7737,4.3942,0.43
600572.SH,-716.4700000000012,0.63,1.957,112.41148488,0.01555555555555562,112.71082524,22.6088,1.5952,3.3553
600573.SH,-196.69999999999993,1.24,2.0948,25.05,0.021126760563380368,25.05,28.0842,1.8134,0.7984
600575.SH,-1852.35,0.7,0.8048,129.02386852,0.017857142857142873,237.93750104,17.0926,1.1243,
600576.SH,-241.7099999999998,1.48,1.4074,36.9818456,0.03584229390680991,59.054716000000006,82.0696,2.2795,
600577.SH,-5551.399999999998,0.57,2.4751,186.57967548,0.027122641509434012,186.57967548,30.2111,2.9537,0.9215
600578.SH,-4506.940000000002,0.98,0.9013,366.1957687,0.021543985637342927,366.1957687,10.3627,1.4684,2.1938
600579.SH,-186.46,0.76,0.5445,34.65077616,0.017094017094016985,34.65077616,,2.3032,
600580.SH,-10759.940000000002,1.08,2.1818,459.190061,0.04128902316213496,460.51223899999997,48.9619,4.2234,0.4226
600581.SH,-50.48000000000002,2.1,0.875,37.862578129999996,0.06694560669456054,37.862578129999996,,,
600582.SH,-571.8399999999997,1.08,0.5855,200.72156165,0.02213279678068417,200.72156165,18.22,0.7992,6.5361
600583.SH,410.3100000000004,1.03,0.748,272.35545568,0.017886178861788525,272.35545568,13.1101,0.9438,3.263
600584.SH,-1762.140000000014,0.82,4.1274,1355.4815595,0.050980915521152984,1355.4815595,69.9027,4.683,0.198
600585.SH,-3897.739999999998,1.43,1.0034,702.02169,0.043859649122807064,931.4010900000001,14.9612,0.4871,5.3824
600586.SH,294.3700000000001,1.12,1.2262,60.095118480000004,0.027713625866050626,60.095118480000004,,1.2388,0.3488
600587.SH,-93.23000000000002,1.35,0.9032,76.92252260000001,0.01984126984126984,76.92252260000001,18.0614,0.969,3.9434
600588.SH,2440.510000000002,1.43,2.53,351.60903246,0.043902439024390345,351.60903246,,5.2319,
600589.SH,7953.010000000002,1.78,6.5956,120.64314384000001,0.08470290771175715,120.89610384,,20.6803,
600590.SH,3823.749999999999,1.43,2.5812,72.46262005,0.03460620525059655,73.26150723,168.9863,2.3197,
600592.SH,-606.73,0.96,2.0364,59.733263199999996,0.027100271002710053,59.733263199999996,38.0637,2.2923,0.9699
600593.SH,704.7699999999995,0.89,3.107,54.096,0.022634240308210877,54.7869,92.2802,25.9866,
600594.SH,565.3499999999985,0.88,10.2865,31.92483173,0.07194244604316553,31.92483173,,1.5149,
600595.SH,-3664.290000000001,0.89,1.7057,250.09327824,0.022082018927444744,250.09327824,8.9619,1.3669,
600596.SH,922.9099999999999,1.25,3.1654,149.2654282,0.03324348607367484,149.2654282,44.9609,1.1872,0.9042
600597.SH,431.119999999999,3.92,2.3576,96.21618692,0.053468208092485564,96.21747124,,0.9918,2.2923
600598.SH,-6176.190000000002,1.16,3.8553,229.3207071,0.07451564828614009,229.3207071,,3.5346,4.2636
600600.SH,380.46000000000004,1.01,0.5734,359.5268313,0.010950332420805675,691.6469157,15.0241,2.2061,4.3393
600601.SH,17078.44000000001,0.94,3.5404,533.38051307,0.06244931062449307,546.6117169099999,62.5983,10.4147,
600602.SH,-1182.800000000001,0.96,2.8049,201.6466731,0.044967880085653285,256.71231595,127.9867,5.1571,0.2397
600603.SH,833.6700000000003,0.88,1.2228,55.497780000000006,0.024844720496894433,55.497780000000006,45.9551,0.7588,
600604.SH,-431.0,0.99,4.3755,67.5578304,0.07786885245901637,89.9186304,,1.4941,0.2083
600605.SH,807.1599999999999,1.28,3.2635,55.36619616,0.08165634674922599,55.36619616,189.0815,3.8529,0.5216
600606.SH,1237.739999999998,3.04,1.7881,185.51568156000002,0.09230769230769222,185.51568156000002,,0.4824,
600609.SH,-53.879999999999995,0.68,0.9561,43.44180138,0.017857142857142873,43.44180138,19.309,2.5474,
600610.SH,-3798.709999999999,1.0,15.0719,68.25038121,0.07423117709437975,103.16374398,224.7349,66.3113,
600611.SH,6564.0,1.31,6.7626,74.10119736,0.10199556541019955,112.05942546000001,,1.1833,1.0549
600612.SH,-273.06999999999994,0.61,0.6814,104.83643375999999,0.02333825701624813,172.94274468,13.8299,1.3061,6.2008
600613.SH,-4958.46,0.07,2.0203,53.492112,0.0,59.60239056,217.5148,2.5961,1.3441
600615.SH,120.76000000000002,1.11,1.1023,22.32387051,0.05000000000000002,22.35940777,,3.1173,
600616.SH,-271.54,1.11,1.1079,28.967916499999998,0.01372997711670492,28.967916499999998,848.4201,1.5295,1.1547
600617.SH,51.32999999999993,1.05,1.5524,61.07866888,0.023121387283237014,66.36419792,,2.0842,
600618.SH,-95.36000000000013,0.99,1.0533,79.183104,0.027204502814259,122.11583999999999,15.4064,1.2979,1.9886
600619.SH,-2239.7299999999996,0.82,1.9714,112.85199639999999,0.026080988332189362,153.4882492,75.9343,2.4742,0.0909
600620.SH,14.480000000000018,1.2,0.8404,30.694466369999997,0.028761061946902634,30.694466369999997,277.9032,2.1838,0.3356
600621.SH,-676.4199999999996,0.86,0.9137,142.69095585,0.01998519615099936,142.69095585,17.5336,1.5612,0.8699
600622.SH,2800.6499999999996,4.61,5.9169,34.79270128,0.1072961373390558,34.79270128,,1.8649,
600623.SH,-1647.87,1.02,0.8987,164.34063972,0.038374717832957095,185.66739408,33.3089,0.8211,2.0679
600624.SH,315.37,1.61,0.7692,30.434741119999998,0.04555808656036431,30.434741119999998,,7.4864,
600626.SH,-140.37,1.02,0.8897,47.810958140000004,0.02702702702702705,47.810958140000004,50.3619,1.4893,
600628.SH,246.7100000000001,0.98,0.9235,40.7531502,0.015822784810126524,40.7531502,59.4255,0.9545,0.6349
600629.SH,1286.7600000000002,0.81,1.6498,187.76314017,0.02932193036041542,187.76314017,,3.5717,0.6305
600630.SH,787.1300000000001,1.35,2.9955,29.86777048,0.03735632183908043,29.86777048,53.1745,3.6407,0.5405
600633.SH,71.92999999999938,1.55,1.5493,132.64059269999998,0.03522504892367918,132.64059269999998,26.7086,1.2836,2.2945
600635.SH,-257.0100000000002,1.14,1.3303,114.40884740999999,0.01906779661016946,139.65016131,42.0961,1.5671,0.7611
600637.SH,1618.2400000000016,1.06,1.5676,286.43386296,0.03592814371257494,286.43386296,41.1861,0.9624,2.6995
600638.SH,1173.77,2.17,4.2642,34.07387808,0.059055118110236185,34.07387808,19.1623,0.7174,0.7312
600639.SH,388.6099999999999,2.01,0.8093,80.51741548999999,0.030590717299578154,106.29250163,10.4108,0.7225,3.4076
600640.SH,810.6300000000001,1.9,1.497,87.70388404,0.054511278195488726,87.70388404,375.5731,2.2311,0.0817
600641.SH,9393.320000000007,0.91,6.5561,323.20776427000004,0.03304597701149421,328.84652707000004,769.6318,3.9098,0.1198
600642.SH,-2149.4299999999985,1.27,0.6184,420.8679352,0.01650943396226401,420.8908284,11.6283,1.1462,5.2326
600643.SH,61.63999999999987,0.89,0.9997,64.72731419,0.029197080291970826,64.84205156,,0.6591,
600644.SH,-885.8599999999999,0.77,1.9548,51.06572664,0.027808676307007785,51.06572664,228.8604,2.4682,
600645.SH,-499.0300000000002,0.71,1.6663,90.23287158,0.02239185750636139,90.26734281,77.0796,2.4138,
600648.SH,-32.01999999999998,1.13,0.2913,104.56112733,0.031521739130434885,124.97593118,13.2557,0.8024,3.8085
600649.SH,-727.6200000000008,2.0,2.9356,96.18351088,0.08499999999999996,96.18351088,114.1939,0.4618,1.0416
600650.SH,618.3400000000001,1.58,1.4028,42.53199489,0.029990627928772287,60.07033989,49.4258,1.3793,1.0101
600651.SH,829.01,0.75,0.6779,141.39637919999998,0.03804347826086956,141.39637919999998,418.1616,5.6147,
600653.SH,65.68999999999994,1.02,1.0958,33.67237919,0.028735632183908073,33.67237919,,5.3516,
600654.SH,-3679.5300000000025,3.57,11.788,77.86570848,0.0578512396694216,95.60576256,96.6902,5.0832,
600655.SH,881.68,1.19,0.4579,176.59902202,0.04059829059829068,176.66086136,,0.5911,4.1633
600657.SH,1701.3999999999996,3.61,2.9249,76.43034648,0.10661764705882354,76.43034648,,0.5219,
600658.SH,492.23,2.19,1.8085,45.414551,0.04668304668304678,45.414551,,0.9149,
600660.SH,4998.25,1.33,0.5477,1133.48994717,0.027719665271966586,1476.85384665,17.4201,3.8687,4.7712
600661.SH,-296.3700000000001,1.76,3.6947,25.789392000000003,0.044217687074829995,25.789392000000003,22.4651,9.726,
600662.SH,114.15999999999997,0.8,0.4456,96.762385,0.023419203747072518,97.04633175000001,14.562,1.8516,5.6472
600663.SH,779.0899999999997,1.84,0.691,359.99921954999996,0.04788418708240531,460.71656355,30.3386,1.8061,1.6422
600664.SH,22868.819999999992,0.85,11.7518,229.68810288,0.08444444444444461,229.68810288,44.8423,3.7618,
600665.SH,-434.1300000000001,2.0,2.3106,29.98505075,0.06371191135734072,29.98505075,,2.8754,
600666.SH,1127.7600000000002,0.93,3.824,92.5864452,0.04201680672268905,99.04742639999999,137.5093,8.8902,
600667.SH,-7403.190000000002,0.84,7.5024,404.50426148,0.039426523297491016,404.50426148,92.667,4.612,0.4947
600668.SH,-361.49,0.96,1.0302,31.00883506,0.022427440633245373,31.00883506,,0.5739,1.1096
600671.SH,1173.6299999999992,5.54,8.8576,27.836736300000002,0.13089509143407116,27.838656540000002,203.5432,36.4816,
600673.SH,6527.129999999997,1.35,1.0408,994.71628806,0.06367628607277294,997.3665269999999,1914.4022,9.5184,
600674.SH,163.63000000000102,0.98,0.4563,758.0013574,0.01689408706952565,758.0013574,16.3971,1.6965,2.5723
600675.SH,656.4499999999998,2.24,1.2359,137.24727131,0.076923076923077,137.24727131,,0.9727,
600676.SH,92.5300000000002,1.5,0.9935,70.04036649,0.02215657311669134,70.04036649,,1.4341,
600678.SH,857.1200000000001,1.73,4.121,20.730006,0.04545454545454542,20.730006,,7.7179,
600679.SH,-99.06,1.09,1.1339,34.88497145,0.03045186640471518,50.27237145,53.1442,2.446,
600681.SH,-870.4899999999998,1.8,2.4536,45.82146096,0.025568181818181778,45.85723416,21.0166,1.2609,6.8713
600682.SH,407.35,0.77,0.7649,66.00221901,0.013961605584642245,76.26899574,,0.4659,0.2809
600683.SH,-6687.870000000003,2.11,12.2951,82.15223584,0.09972801450589315,82.15223584,,,
600684.SH,46.319999999999936,1.62,3.2933,31.578045899999996,0.0585106382978724,40.9247491,59.9589,3.1969,
600685.SH,-2727.6799999999994,1.17,1.1458,213.65529552,0.021268515001898927,367.65301464,27.884,1.9363,0.5767
600686.SH,-1103.13,0.75,1.7664,80.16589932000001,0.029694323144104792,80.16589932000001,12.7602,2.2159,0.9839
600688.SH,847.4200000000001,1.06,0.989,214.73423555,0.023809523809523905,308.89869275,,1.3188,0.6826
600689.SH,-427.9000000000001,3.54,8.7786,17.38170822,0.06055646481178398,22.95320646,177.238,4.789,0.1313
600690.SH,605.880000000001,0.84,0.4435,1324.39141512,0.011363636363636458,1986.18197046,11.1358,1.6596,5.7708
600691.SH,3426.100000000002,3.08,5.8137,76.7314278,0.07482993197278918,76.7442186,,2.3925,
600692.SH,32.370000000000005,1.35,4.2905,16.70318775,0.02748091603053431,23.040542000000002,52.7332,2.3318,
600693.SH,-2108.3600000000006,0.83,5.3393,80.89950568,0.04916317991631806,80.98269053,165.473,2.2473,0.8593
600694.SH,471.28999999999996,2.62,2.1756,53.750811840000004,0.021978021978021997,53.750811840000004,10.9289,0.6032,5.8818
600697.SH,-53.52999999999997,0.86,1.9432,17.339961600000002,0.021543985637342927,17.75423196,,0.79,0.8961
600698.SH,2634.4999999999995,1.03,4.1978,61.453425800000005,0.05117565698478563,79.07918980000001,,10.6778,
600699.SH,-1106.8900000000012,1.01,1.262,267.41048696,0.0252498684902683,297.12764696,21.7335,1.7922,1.3464
600702.SH,-564.0600000000004,0.94,1.4083,115.78447392,0.01893725268513289,115.83330592,,1.6627,1.2211
600703.SH,-10623.590000000004,0.77,1.7055,653.06254783,0.026676829268292658,653.06254783,,1.8826,0.1441
600704.SH,-325.65999999999985,0.92,0.6667,256.49052303999997,0.014028056112224505,256.49052303999997,7.1881,0.612,4.2339
600706.SH,-97.52000000000021,1.46,3.8857,21.28773076,0.029126213592233035,21.37401124,,4.5472,
600707.SH,4441.110000000001,0.84,2.2545,335.08834998,0.03787878787878784,335.15559798,1484.7671,1.5487,
600708.SH,451.79999999999995,1.79,1.1145,68.09350067999999,0.054662379421221846,68.19628608000001,,1.1876,
600710.SH,793.3699999999999,0.81,0.5662,138.25408652,0.022388059701492557,138.25408652,9.8848,1.6402,3.4877
600711.SH,-15067.779999999999,1.12,4.1988,366.2374746,0.04750000000000002,366.2374746,13.5005,2.0487,1.2578
600712.SH,-138.09000000000015,1.2,2.148,29.73339168,0.040998217468805775,30.06497808,,3.9727,
600713.SH,-368.4799999999999,0.94,0.6633,67.45725651000001,0.013232514177693815,68.4169772,10.8939,0.9439,3.2516
600714.SH,-5999.659999999996,1.16,17.2426,53.39906839,0.07635983263598312,53.39906839,480.0516,6.9276,0.3778
600715.SH,745.77,2.79,2.1111,48.08785296,0.05555555555555546,68.2055388,,6.3883,
600716.SH,-154.77,1.1,0.6827,34.25981796,0.045092838196286456,34.25981796,,0.8397,
600717.SH,698.9499999999998,0.95,0.6756,124.1526429,0.013824884792626639,124.1526429,10.7533,0.6071,2.4242
600718.SH,-695.97,1.64,0.9562,99.18478481,0.025270758122743785,99.18478481,,1.1399,1.7981
600719.SH,-388.79,0.74,1.57,28.969331359999998,0.030470914127423913,28.969331359999998,,8.063,
600720.SH,846.9099999999999,1.31,0.9962,53.176924459999995,0.015180265654648802,120.92518812,10.0416,0.759,4.3454
600721.SH,-7654.619999999999,0.32,12.1554,53.4521164,0.005829015544041442,53.4521164,178.383,6.676,
600722.SH,764.4599999999919,1.18,23.6803,114.29370959999999,0.07596594629993453,114.29370959999999,202.9373,8.9038,
600724.SH,467.3299999999999,2.25,1.0144,73.25859489,0.06153846153846159,73.27372377,39.5162,2.6055,2.7613
600725.SH,573.87,0.71,1.1485,42.027227,0.026392961876832932,42.027227,,16.3954,
600726.SH,-53.159999999999854,0.7,0.8907,411.14349100000004,0.03237410071942441,434.90349100000003,130.3932,8.2583,
600727.SH,-684.2800000000007,1.24,3.5812,41.28234011,0.021683673469387748,41.28234011,31.3494,1.2332,1.2804
600728.SH,315.3400000000004,1.0,1.0067,101.72498661,0.029535864978902884,101.72498661,146.7482,1.2874,
600729.SH,-71.81999999999994,0.99,1.4216,36.995194160000004,0.02251791197543489,84.6550666,11.7918,1.0654,7.0876
600730.SH,-788.71,1.0,2.0621,59.076259199999996,0.051999999999999956,59.076259199999996,,3.5376,0.0993
600731.SH,-1634.84,1.66,1.774,31.417596600000003,0.03198653198653205,32.123445000000004,17.9369,0.9853,3.4787
600732.SH,-1329.2199999999993,1.43,1.4271,242.94623081999998,0.04050632911392394,244.09345684000002,,5.4738,
600733.SH,-1004.1500000000015,1.33,1.5571,307.08324663999997,0.023346303501945546,323.45142319999997,,6.5287,
600734.SH,-294.8599999999999,0.78,1.0313,37.676858630000005,0.023121387283237014,37.684643630000004,,17.6684,
600735.SH,-178.3,1.29,0.8042,25.527108,0.016420361247947397,25.726692,,2.4201,
600736.SH,1370.0300000000007,2.02,4.4313,79.32408081,0.04347826086956519,79.32408081,13.6237,1.0084,0.2612
600737.SH,-12050.739999999998,1.26,5.1022,321.68276928,0.07610729881472243,321.68276928,28.858,2.8713,2.7261
600738.SH,-127.49000000000001,0.86,1.2548,31.719780540000002,0.019047619047619063,31.74767784,16.9152,1.4882,0.3474
600739.SH,336.9200000000001,1.0,1.169,169.12929649,0.018699910952804905,169.12929649,10.3188,0.5656,0.18
600740.SH,1725.0200000000004,0.88,1.9817,102.484848,0.02777777777777786,102.484848,70.1268,0.6768,0.5
600741.SH,-351.17999999999984,1.06,0.4566,487.095858,0.010396361273554264,487.095858,7.0026,0.732,5.178
600742.SH,-87.12,1.06,0.5339,57.58698725000001,0.016795865633074922,57.58698725000001,14.7631,0.6723,8.129
600743.SH,1311.0,2.6,2.7348,54.89876106,0.05932203389830514,54.89876106,,10.1216,
600744.SH,-119.97999999999956,0.81,3.1042,126.33593146,0.026771653543307076,126.33593146,,10.4064,
600745.SH,-10538.349999999999,0.67,3.8022,243.56379103999998,0.02678120262758975,243.56379103999998,,1.0604,
600746.SH,1141.5099999999998,1.37,1.9758,84.55182596,0.04475524475524479,84.55182596,35.2456,1.5045,0.681
600748.SH,2235.52,2.95,2.0195,71.56904052,0.09743589743589752,71.56904052,,0.7023,
600749.SH,-666.5700000000002,0.53,3.8795,33.4547147,0.017532029669588656,33.4547147,138.8748,3.147,
600750.SH,-604.89,0.52,0.4484,150.03771658,0.02059308072487644,151.65136838,17.3168,3.8306,5.0247
600751.SH,88.89999999999964,0.88,0.9873,80.54081883,0.028662420382165557,90.74927314,119.0051,1.2087,
600753.SH,-23.930000000000007,0.78,0.4325,23.353150080000002,0.029182879377431976,23.353150080000002,48.0471,27.0139,
600754.SH,1824.0,2.72,2.7504,173.59804956,0.05870129870129865,203.8774406,18.5364,1.2765,1.9863
600755.SH,573.25,1.35,0.8987,121.31981865,0.015679442508710777,121.31981865,29.4265,0.6377,5.8957
600756.SH,-418.64999999999964,1.05,3.1236,47.253605040000004,0.04368932038834957,50.97587904,,2.3391,
600757.SH,787.3400000000001,0.93,1.062,88.94933743,0.017857142857142842,88.96056699,10.956,0.8906,5.5935
600758.SH,1229.0800000000017,1.79,10.4487,50.45239788,0.0681198910081744,50.50106468,,1.0096,0.8377
600759.SH,-73.63000000000102,0.82,2.7598,107.7358308,0.023346303501945546,107.87424180000001,37.4534,1.197,
600760.SH,684.9900000000052,1.05,0.6696,1327.62612684,0.019131556319862436,1330.1489214,46.5997,5.6831,0.8287
600761.SH,-518.0600000000004,0.76,1.1396,144.2922336,0.022574740695546124,144.2922336,13.3721,1.3072,4.321
600763.SH,-2434.4700000000003,1.09,1.6253,154.3147395,0.015410958904109566,154.3147395,25.0951,3.7305,1.3043
600764.SH,-734.1400000000003,1.23,0.8163,128.12648082,0.016348773841961695,128.12648082,157.5389,1.5505,0.3272
600765.SH,-5309.32,2.75,2.2934,206.17122976,0.024602026049204043,206.17122976,36.7924,1.4005,0.9308
600768.SH,10.259999999999991,1.43,3.3713,20.75756544,0.03450520833333341,20.75756544,19.3238,4.3109,0.9665
600769.SH,-1287.0299999999993,0.65,2.2994,57.78398652,0.03192182410423454,57.78398652,413.1923,44.0216,
600770.SH,-1.4500000000000455,0.88,1.0929,66.95,0.021442495126705714,66.95,49.0987,1.9674,
600771.SH,-226.31999999999994,0.94,1.4075,67.59872091,0.02932761087267526,67.59872091,95.4196,4.0543,
600773.SH,4707.33,1.61,4.6106,102.86654388999999,0.06921029281277723,102.86654388999999,,2.4468,0.0925
600774.SH,-225.05,1.3,1.8816,22.46987124,0.036082474226804044,22.48146888,,1.5074,
600775.SH,-94.69999999999982,0.84,1.3562,65.36988604999999,0.014492753623188465,88.91648604999999,293.492,2.8783,
600776.SH,454.3699999999999,0.78,1.1692,124.75801305,0.026295436968290786,163.90801305,29.9678,4.0679,0.4674
600777.SH,-1836.6700000000005,0.79,0.3165,259.10240268,0.02195121951219509,276.78017906,47.8145,1.231,
600778.SH,218.66999999999996,0.95,2.2976,17.55252036,0.023008849557522262,17.56811496,125.1223,7.1383,
600779.SH,-689.2800000000002,1.31,0.4593,131.08961048,0.018014705882353016,131.08961048,44.5493,2.6303,3.5861
600780.SH,-1624.789999999999,6.54,3.6995,71.19780525,0.04201680672268907,71.19780525,9.8115,0.8294,
600782.SH,-974.4200000000001,0.98,1.5947,88.39282401000001,0.03448275862068969,89.47102101,,0.3566,0.3557
600783.SH,-2142.01,1.05,2.5356,119.69297544,0.03659305993690864,119.69297544,97.6059,2.6299,0.4353
600784.SH,-454.9000000000001,1.1,1.3616,52.971140319999996,0.03684879288437103,52.971140319999996,35.77,1.5715,0.8418
600785.SH,-2735.9900000000016,1.22,23.7548,36.35822538,0.15056360708534616,36.35822538,63.7072,1.5875,2.172
600787.SH,366.99,0.79,0.7069,99.82366160000001,0.01498929336188443,99.82366160000001,31.3953,0.7207,1.5252
600789.SH,-492.28999999999905,2.36,4.9281,78.39914032,0.0317880794701987,81.10672848,56.4743,1.5439,1.241
600790.SH,-8.659999999999854,1.08,0.9914,49.836890600000004,0.017492711370262405,49.836890600000004,25.3524,0.8837,3.2697
600791.SH,2743.5700000000006,2.99,8.3887,33.38075106,0.11296534017971757,33.422544,,,
600792.SH,342.1700000000001,1.13,2.6808,44.61892872,0.035353535353535276,44.61892872,,1.9515,
600793.SH,-826.8400000000001,1.08,4.5475,26.730194400000002,0.03420523138832997,26.730194400000002,,12.7688,
600794.SH,-239.57999999999993,0.86,0.8177,38.88493128,0.01538461538461533,38.88493128,,1.5549,0.9259
600795.SH,2748.66,0.74,0.4475,923.88506938,0.013487475915221463,923.88506938,14.2382,1.5334,4.0541
600796.SH,-276.09000000000003,0.93,1.5817,16.1968508,0.015384615384615398,45.0624616,32.8901,1.2914,0.5962
600797.SH,430.65999999999985,1.22,1.5645,71.00207424,0.032069970845481015,71.00207424,,2.2013,
600798.SH,78.90000000000009,0.87,1.3639,39.57432176,0.018072289156626523,39.57432176,69.1656,1.009,0.6098
600800.SH,-619.76,0.97,2.3078,38.840557000000004,0.041666666666666644,38.851582,,4.0621,
600801.SH,1268.3100000000004,2.0,1.1844,313.2863896,0.05214851898206091,485.44547259999996,14.0195,1.462,3.4233
600802.SH,35.94,1.28,1.5726,21.858448680000002,0.027027027027027008,21.858448680000002,,2.6114,
600803.SH,-1687.7299999999996,2.31,0.5148,561.81881343,0.03940066592674791,566.10935479,12.9799,2.4143,6.6064
600805.SH,3.9700000000000273,0.6,0.8175,39.027640860000005,0.015053763440860275,39.05605755,47.6408,0.9088,1.7429
600807.SH,675.77,1.91,2.8994,21.34194376,0.033457249070632085,23.97360037,,8.7882,
600808.SH,-418.2699999999995,1.08,1.249,155.16153119999998,0.026415094339622584,200.2177112,,0.8356,
600809.SH,-3735.1200000000026,1.71,0.6061,1424.43019992,0.029068302108712037,1424.43019992,13.9917,3.7395,5.1901
600810.SH,-399.91999999999985,0.99,0.9203,71.11354793,0.02702702702702712,71.76009873000001,,0.9967,0.6791
600812.SH,-583.99,0.57,0.814,82.18348616,0.024340770791075075,82.18348616,66.5967,1.4893,0.6263
600814.SH,-27.18999999999994,1.1,0.8256,50.20586838,0.01453488372093018,50.20586838,22.2203,1.3118,2.6062
600815.SH,1399.8299999999945,2.18,10.5434,80.72129975,0.12556053811659185,80.72129975,,5.726,
600816.SH,-2271.079999999998,1.3,1.5314,136.18153371,0.03162055335968365,245.12676018,21.351,1.6213,
600817.SH,-5.020000000000039,0.61,0.3173,51.0959587,0.012448132780082905,51.3444462,17.4734,2.0914,3.9428
600818.SH,-319.97,1.51,2.2634,17.91822987,0.05874673629242822,24.205026869999998,,4.8286,0.1328
600819.SH,83.86000000000001,0.85,0.9531,45.38228325,0.024561403508771874,56.16353325,67.4888,1.451,0.5764
600820.SH,-1041.3200000000002,1.03,0.6423,173.23969510999999,0.01449275362318842,173.23969510999999,8.469,0.5474,5.4446
600821.SH,-1576.2700000000004,0.67,2.0687,117.44930249999999,0.018425460636515817,117.44930249999999,,1.3457,3.3501
600822.SH,-84.29999999999998,1.13,0.8075,33.75180108,0.024418604651162683,42.25689108,170.925,3.3946,
600824.SH,529.6399999999999,0.95,1.6739,38.78819728,0.029490616621983882,38.78819728,,1.6541,0.4891
600825.SH,74.9699999999998,2.0,1.3169,54.020704429999995,0.03168316831683171,54.020704429999995,126.5853,2.1483,0.2321
600826.SH,-77.39999999999998,1.06,0.8464,55.110371959999995,0.021935483870967734,55.110371959999995,19.257,1.3006,3.6794
600827.SH,605.0999999999999,0.96,0.755,123.38219731000001,0.016709511568123378,137.20252689,11.1467,0.671,3.446
600828.SH,72.74000000000012,1.15,0.8655,68.73499994,0.03911980440097803,68.75970921999999,,1.0488,
600829.SH,-2360.25,0.55,3.3355,58.62673746,0.043646944713869956,58.62673746,41.2103,1.8936,
600830.SH,-111.36000000000001,0.75,0.8978,38.11767453,0.01187648456057003,38.11767453,44.8532,1.6681,0.1788
600831.SH,-401.57000000000016,1.47,2.9303,24.8120503,0.050746268656716526,24.8120503,,45.5401,
600833.SH,-299.9999999999999,0.82,3.1148,24.04870314,0.029304029304029332,24.04870314,34.4079,2.1459,2.0408
600834.SH,453.71,1.35,0.7908,37.18805001,0.0362694300518135,37.18805001,62.9982,2.121,0.2439
600835.SH,1972.3799999999992,2.14,1.013,147.83223819,0.04664075513603552,184.63711851,26.4784,1.3044,2.2913
600838.SH,-1599.83,1.0,7.0393,33.193029599999996,0.06046511627906972,33.193029599999996,71.2069,2.1352,0.3865
600839.SH,-1758.2799999999988,0.95,1.1059,322.12411028,0.015781922525107652,322.21384516,15.0985,1.9379,0.7163
600841.SH,-21.200000000000045,0.83,0.8103,60.286816099999996,0.018965517241379366,80.21610004,2.4665,1.2424,
600843.SH,231.60999999999999,0.71,0.8552,33.59634532,0.021097046413502157,51.0627214,,1.9218,
600844.SH,3575.2899999999972,1.38,15.0324,32.251039520000006,0.07611548556430447,39.84774864,,50.3,
600845.SH,703.2299999999996,1.28,0.617,376.6605663,0.03463940942646221,504.42007364999995,38.8235,4.5496,3.4407
600846.SH,119.28000000000003,0.57,0.3597,74.28414235000001,0.02607232968881417,74.28414235000001,29.7825,1.7166,1.6702
600847.SH,-16.870000000000005,0.8,1.0799,20.06532066,0.034775888717156055,20.06532066,,4.3912,
600848.SH,384.05999999999995,1.64,0.5053,203.48254550000001,0.049710982658959506,214.41139500000003,16.67,1.2802,2.3529
600850.SH,-1928.9299999999998,1.01,0.9172,119.8238118,0.02120383036935708,119.8238118,41.392,2.4772,2.3447
600851.SH,-1008.8599999999997,0.89,1.394,62.747518500000005,0.029411764705882353,102.5998195,51.8645,2.0384,0.4706
600853.SH,178.29999999999995,0.79,0.7626,34.16165916,0.014836795252225466,34.16165916,8.7013,0.9377,1.1873
600854.SH,56.27999999999997,0.96,1.4068,24.4145495,0.025806451612903247,24.4145495,22.7789,0.9919,2.5532
600855.SH,330.4000000000001,0.98,1.0393,58.22114265,0.030944625407166044,58.33356615,,4.2192,
600857.SH,168.0,0.6,1.3246,45.133163880000005,0.034465534465534534,45.133163880000005,170.4694,5.3151,
600858.SH,-119.82999999999993,1.11,1.6083,25.6703808,0.022044088176352592,25.79530336,87.9547,0.9379,0.7661
600859.SH,-916.8499999999995,1.44,1.4392,110.80945066,0.02967359050445111,110.8196459,,0.5701,0.8114
600860.SH,-360.2,0.44,1.0603,37.2994272,0.02023809523809523,45.988824,,5.7929,
600861.SH,137.7199999999999,3.13,1.013,71.78309036,0.031084154662623213,71.78309036,9.3612,1.0064,5.5126
600862.SH,996.1699999999992,1.35,0.8467,249.91300854000002,0.02023608768971329,249.91300854000002,28.8976,3.199,1.388
600863.SH,-4497.469999999999,0.71,1.009,325.61928711,0.01923076923076939,361.20224056,17.4935,1.8158,3.9754
600864.SH,-1015.5400000000009,0.69,2.2633,120.88114605,0.027444253859348223,120.88114605,32.5119,0.9125,0.8606
600865.SH,-163.24999999999977,1.87,3.0945,34.313115360000005,0.06580366774541525,34.313115360000005,,1.4953,1.9737
600866.SH,-1198.63,1.2,1.2519,72.77249988,0.024943310657596442,72.77249988,34.1131,0.9511,8.6758
600867.SH,-1074.1600000000003,0.64,0.7589,158.83782108,0.012224938875305581,158.83782108,12.2238,2.324,3.0589
600868.SH,-3308.51,1.09,3.127,54.47686769,0.02389078498293525,54.47686769,,2.797,
600869.SH,-25338.910000000003,1.25,13.5861,423.45249516,0.10026809651474537,423.45249516,350.6338,9.6867,
600871.SH,116.90999999999985,0.99,0.8647,310.22658396,0.038793103448275995,434.1163488199999,64.2066,4.3377,
600872.SH,19.5,1.15,1.2529,141.2450016,0.017828200972447233,141.85058751999998,20.4284,2.5448,2.2945
600873.SH,-512.75,1.21,1.1435,218.73085260000002,0.021546261089987317,218.73085260000002,10.0576,1.3958,5.4862
600874.SH,-205.82000000000005,0.82,0.5192,68.53428817,0.012500000000000051,87.47228817,9.9642,0.8395,3.0521
600875.SH,15214.600000000006,1.28,1.8859,582.8168995,0.019009900990099027,890.5277772500001,19.2141,1.931,1.565
600876.SH,-69.29,0.98,0.6786,28.409465,0.015320334261838361,46.359465,,2.0473,
600877.SH,321.3599999999999,0.92,0.7945,146.5865661,0.028712059064807192,146.5865661,651.5237,5.8821,
600879.SH,12323.589999999997,1.96,3.1824,489.28608619,0.052521008403361345,489.28608619,521.1966,2.3463,0.3372
600880.SH,373.57000000000016,1.6,1.8198,44.267723100000005,0.03553299492385779,44.279950050000004,,1.5052,0.2469
600881.SH,-1293.04,0.91,4.2982,61.734084100000004,0.05025125628140708,61.734084100000004,,58.4188,
600882.SH,29.389999999999986,0.73,0.7219,101.69072,0.03868756121449555,101.69072,74.3572,2.1501,
600883.SH,224.88999999999987,1.96,4.8095,19.0995192,0.022499999999999964,19.0995192,77.1895,1.9376,0.7417
600884.SH,-6444.719999999999,0.79,1.8173,218.74507624,0.017441860465116202,267.68019264000003,24.9455,1.1644,
600885.SH,-916.0499999999993,1.14,0.7841,536.24142495,0.030320699708454787,536.24142495,27.5091,4.0586,1.0014
600886.SH,3281.59,1.03,0.359,1021.2226326,0.015395894428152423,1096.6157191,15.3712,1.6526,3.3321
600887.SH,-3390.7899999999936,0.89,1.0732,1667.8913705,0.015636634400595744,1676.220559,16.558,3.1208,6.4151
600888.SH,-8400.84,0.7,2.7885,162.76340231999998,0.03044719314938157,162.76340231999998,20.5187,1.2552,2.3285
600889.SH,-112.57000000000005,0.95,0.4429,49.6765176,0.027550260610573418,79.54150908,4066.8425,5.036,
600892.SH,6142.719999999999,2.01,10.5111,24.7219219,0.10696517412935318,24.72831764,,,
600893.SH,3034.970000000001,1.16,1.1812,1030.33724768,0.031134564643799465,1030.51875638,149.6169,2.5655,0.2509
600894.SH,-238.98000000000002,1.04,1.014,61.88679896,0.021739130434782625,62.18493508,10.4023,0.7161,9.639
600895.SH,-1783.7000000000044,1.34,1.6314,468.63347296,0.04170771756978652,468.63347296,49.518,3.4249,0.727
600897.SH,95.69999999999999,1.1,0.4764,62.5817934,0.020174848688634884,62.5817934,12.8215,1.519,2.1319
600900.SH,10265.98999999999,1.16,0.4014,6873.12235193,0.012121212121212116,6873.12235193,18.9854,3.1801,3.3571
600901.SH,2588.8,1.11,0.5355,378.69558696,0.013761467889908235,378.78806256,11.1883,1.4701,6.1166
600903.SH,-334.2499999999991,0.83,2.1818,74.495056,0.02672955974842766,74.495056,410.8604,2.3928,0.7762
600905.SH,-811.4099999999999,1.44,0.3178,1060.60181871,0.01075268817204302,1060.60181871,94.8086,1.1944,1.8059
600906.SH,-850.54,0.97,1.7009,143.173439,0.01940298507462685,218.71300674,19.206,1.7142,1.9288
600908.SH,300.44000000000005,0.9,0.8689,111.36171739000001,0.014545454545454558,122.24377069,5.2057,0.5108,5.9246
600909.SH,-3452.409999999989,0.9,2.218,418.01421376,0.030012004801920768,418.01421376,13.1872,1.5303,1.5669
600916.SH,2127.3300000000017,1.14,5.9405,133.56,0.05399061032863849,133.56,56.5806,1.8645,4.4025
600917.SH,65.48000000000002,1.18,0.4902,76.33484621999999,0.014403292181070016,76.33484621999999,42.3528,1.3141,1.6769
600918.SH,314.8999999999978,0.67,0.9118,259.62469129,0.017421602787456383,450.5536029,18.1974,1.0013,0.3867
600919.SH,6871.5799999999945,0.92,0.4543,2218.6751320500002,0.009966777408637809,2218.6751320500002,6.1394,0.8176,4.3062
600925.SH,575.44,1.06,0.9174,70.82674326,0.018348623853211024,303.80000049,163.9341,1.9771,2.7664
600926.SH,-214.79000000000087,1.17,0.6025,1212.7581182499998,0.012658227848101103,1212.7581182499998,6.0096,0.8433,3.945
600927.SH,-150.3499999999999,1.22,0.6472,187.1073663,0.029680365296803696,187.1073663,24.2832,1.4102,0.7
600928.SH,525.2799999999997,1.23,0.8675,153.49038726999999,0.01734104046242776,154.22222415,5.7524,0.425,2.8818
600930.SH,-1876.8100000000004,0.84,0.7065,422.20757922,0.012658227848101333,1639.3714280099998,33.7153,1.478,
600933.SH,175.22999999999956,1.05,0.806,132.24056642,0.03129657228017883,138.84660851,12.9065,1.443,2.1285
600935.SH,-203.58000000000015,1.14,0.5214,81.72246194,0.012875536480686801,83.75739540000001,,1.4246,
600936.SH,2859.4800000000014,0.85,3.9793,86.55915716,0.04150197628458498,86.55915716,,8.4739,
600938.SH,17821.4,1.14,1.5265,1037.829,0.019303890026323597,16497.6470334,11.9231,1.9272,3.6623
600939.SH,-76.1099999999999,1.59,0.9456,50.03508987,0.03409090909090903,50.03508987,,0.7325,
600941.SH,-747.9799999999959,1.23,1.2007,894.1916049499999,0.017576129164111984,21481.185665099998,16.2991,1.5111,4.8401
600955.SH,80.51000000000005,1.06,0.5579,71.445,0.027820710973724842,71.445,,0.9457,0.2294
600956.SH,1.5899999999999181,0.71,0.2138,168.82757587999998,0.016713091922005586,323.56923130999996,19.0865,1.3259,2.9361
600958.SH,2822.760000000002,1.43,0.8813,686.44547851,0.011969532100108753,780.84170307,11.6736,0.9567,2.3743
600959.SH,837.0100000000002,2.13,0.9286,156.52246401,0.03246753246753249,156.52246401,97.9923,0.6925,0.7029
600960.SH,-257.6699999999999,1.02,0.8891,38.87608395,0.01719901719901727,66.2675706,,2.0596,
600961.SH,-8704.530000000002,0.65,4.7667,205.6206914,0.044254104211277734,293.43068345,11.7945,5.007,
600962.SH,1104.29,0.88,2.8614,67.020876,0.09036624203821654,67.020876,379.4539,7.1202,
600963.SH,-133.23999999999978,0.75,1.5458,60.63609255,0.028169014084507067,60.63609255,,0.797,0.8736
600965.SH,-131.10000000000002,1.06,0.9978,22.8417579,0.034843205574912925,22.8417579,57.7506,1.0397,1.362
600966.SH,-857.8900000000003,1.54,1.939,64.70326412,0.04545454545454554,64.70326412,45.396,0.8654,0.5436
600967.SH,-202.5,0.7,0.6502,188.55885275999998,0.018918918918918837,188.55885275999998,87.0049,1.5732,0.6318
600968.SH,-1682.71,1.05,0.4966,403.55463674,0.0253807106598985,403.55463674,10.2869,1.3535,3.4005
600969.SH,-2976.29,1.13,6.6424,36.30195405,0.05351833498513371,36.30195405,35.4572,0.9983,
600970.SH,-415.8899999999999,0.85,0.6196,201.35523071999998,0.01818181818181814,201.35523071999998,8.4791,0.8922,5.8999
600971.SH,994.6499999999996,1.29,2.5352,110.28045031,0.048780487804877995,110.28045031,111.7321,0.9394,5.1143
600973.SH,295.6700000000001,1.24,1.2475,86.80748046000001,0.017543859649122716,86.80748046000001,411.542,2.4224,
600975.SH,25.25,1.14,1.4547,65.10737456999999,0.022988505747126457,65.10737456999999,,4.5614,
600976.SH,645.4500000000002,0.99,1.0412,42.20310458,0.017303532804614292,42.23063458,13.3461,1.5667,3.2692
600977.SH,5708.809999999998,2.24,2.4202,235.242,0.04248366013071892,235.242,201.3071,2.1525,0.3651
600979.SH,-592.2600000000002,0.96,1.2807,48.922448100000004,0.017721518987341842,49.67653258,,1.1739,1.4477
600980.SH,-162.09,1.11,1.4251,37.7012892,0.014910536779323913,38.4980892,27.7949,2.5118,0.7128
600981.SH,144.97000000000003,1.14,0.8334,55.61234336,0.0159362549800797,55.61234336,,1.1597,0.4032
600982.SH,-234.76000000000022,1.02,1.2388,54.3166965,0.020366598778004,54.3166965,14.841,1.2204,3.0864
600983.SH,55.89,0.48,0.1909,59.015803000000005,0.01174934725848562,59.015803000000005,12.2604,2.2332,3.7662
600984.SH,-19.669999999998254,0.83,7.0792,49.77893844,0.0710659898477158,49.77893844,,3.1832,
600985.SH,2674.6399999999994,1.93,1.96,504.71668038,0.052484645449469444,504.71668038,29.4556,1.1952,4.0021
600986.SH,5636.16,2.0,5.4089,110.95810785999998,0.06433566433566433,110.95810785999998,,2.1977,
600987.SH,-48.680000000000064,0.9,0.5003,67.06780173,0.013554216867469993,67.06780173,9.3099,0.9947,6.0883
600988.SH,-20032.430000000022,1.09,5.1918,778.87692634,0.05235282134854349,889.5824827199999,23.9925,6.2096,0.3418
600989.SH,9121.809999999998,1.25,1.1326,1812.8065920000001,0.036341363821968176,1812.8065920000001,11.8018,3.2838,2.7819
600990.SH,20.430000000000064,1.38,1.7509,51.62353713,0.037037037037037,51.62353713,,3.5101,
600992.SH,-72.07,1.09,2.0505,24.607035999999997,0.02732793522267202,24.607035999999997,,1.7857,
600993.SH,837.03,0.6,0.799,99.10223540000001,0.022659256092347205,99.27171317,16.521,2.2357,2.6921
600995.SH,1211.3700000000008,1.26,0.3853,408.12994066,0.027005559968228742,408.12994066,20.7357,1.742,0.9283
600996.SH,2807.8499999999995,1.58,2.4044,89.52023282,0.06432748538011701,89.52023282,,6.9537,
600997.SH,-47.860000000000014,1.15,0.9443,93.20385413000001,0.02389078498293525,93.20385413000001,,0.6911,4.4293
600998.SH,1184.5399999999995,1.58,0.8667,244.05555768,0.02040816326530623,244.05555768,12.1428,0.9045,4.0863
600999.SH,-1184.9800000000032,0.93,0.923,1388.6571916300002,0.022982362373062518,1627.12016428,9.1473,1.2936,2.651
601000.SH,1617.3200000000006,1.35,0.8818,270.22234416,0.019693654266958585,270.22234416,12.7345,1.2674,4.386
601001.SH,1433.2300000000014,1.33,1.8029,305.95236,0.03588907014681893,305.95236,18.2247,1.5992,4.1302
601002.SH,2114.4700000000003,2.64,3.4558,53.54412327000001,0.06250000000000001,53.94860427,16.2325,1.214,1.7692
601003.SH,-1673.2299999999996,2.93,2.211,98.41125888,0.0617283950617284,101.15411712,26.6729,1.1015,
601005.SH,-1613.88,1.53,0.9089,100.59500286,0.016528925619834725,116.27300915999999,,0.7885,
601006.SH,4133.960000000001,0.65,0.3683,945.47369728,0.008403361344537823,945.47369728,15.6531,0.5743,4.688
601007.SH,-97.63,1.01,1.6989,27.144,0.012875536480686674,27.144,40.545,1.7163,1.0057
601008.SH,-237.81000000000017,0.64,0.8183,54.960263399999995,0.013392857142857054,54.960263399999995,28.8395,1.3092,1.3544
601009.SH,-9211.329999999998,0.93,0.4566,1441.59193552,0.01035375323554782,1441.59193552,6.3122,0.7462,4.2521
601010.SH,-341.8699999999999,1.21,1.1961,27.130443,0.03973509933774838,27.130443,,0.6685,6.9422
601011.SH,-2127.3900000000003,0.74,4.8283,59.0024666,0.05161290322580649,59.0024666,,1.1027,
601012.SH,-23288.259999999995,1.84,1.5653,914.6720351199999,0.032984714400643614,914.67294037,,1.8994,
601015.SH,330.6800000000003,0.97,4.5912,79.24890688,0.04712041884816758,79.24890688,,1.6656,
601016.SH,-1006.3999999999996,0.9,1.081,202.2816095,0.0176991150442478,219.24032455000003,52.2514,1.2217,3.2184
601018.SH,-605.3499999999999,0.63,0.1958,669.2309609600001,0.011560693641618507,669.2309609600001,13.0876,0.8198,4.0116
601019.SH,-1056.8600000000004,1.61,0.9842,144.83086,0.040118870728083275,144.83086,12.6784,0.9314,5.3314
601020.SH,-4765.1600000000035,0.84,4.7377,190.2318104,0.04537815126050413,190.2318104,23.4604,4.3176,0.1724
601021.SH,245.70999999999913,1.37,0.473,426.35769572,0.011343012704174229,426.35769572,19.4591,2.4095,2.8514
601022.SH,-1448.5300000000002,0.93,0.5468,108.6165639,0.02145411203814061,120.685071,19.495,1.8858,2.3205
601026.SH,-458.94000000000017,0.87,3.509,17.4404549,0.016066838046272493,103.5258,50.3243,4.0679,0.9554
601033.SH,-49.30999999999949,3.02,3.5822,35.112,0.04517025712300211,131.67,14.2864,1.2219,4.1012
601038.SH,-1451.85,1.05,2.3532,106.60946221,0.03768318213538026,163.71512021,19.8393,1.9916,2.5253
601058.SH,-4934.250000000007,3.51,2.6525,499.7912456,0.038915913829047986,499.7912456,12.9767,2.2054,2.5
601059.SH,-188.6300000000001,1.03,0.3288,545.7969,0.016109785202863935,545.7969,27.7492,2.5388,0.4397
601061.SH,-836.7800000000007,0.95,0.4571,576.73,0.039966694421315604,576.73,14.7351,2.3286,1.4274
601065.SH,-66.25999999999999,0.83,0.6157,44.41582851,0.010071942446043206,44.41582851,30.2058,0.9989,3.1838
601066.SH,96.5,0.73,0.2373,1662.891776,0.01759186864738074,1985.7138688,15.7972,2.2675,0.6445
601068.SH,202.88999999999987,1.17,0.5088,117.99713126999998,0.025531914893617044,137.69691980000002,52.5356,4.4339,
601069.SH,-11714.669999999998,0.79,4.052,265.80164464,0.05432336869173903,272.93533036,30.7658,5.3108,0.1681
601077.SH,-7176.299999999996,1.19,0.7678,601.0004832000001,0.027982326951399173,772.2760068,6.1304,0.5518,4.4794
601083.SH,-1805.16,0.45,6.8951,25.7209,0.027480916030534444,171.4709,11.7674,1.8539,3.683
601086.SH,1915.83,2.72,3.8065,61.0722,0.005995203836930541,61.0722,51.4221,3.814,0.8649
601088.SH,15896.909999999989,1.74,0.2402,8044.328336399999,0.0298131429771153,10580.10605154,19.5997,2.3463,5.9816
601089.SH,-88.48000000000002,0.7,0.5565,78.192,0.01757575757575774,78.192,20.1685,2.0955,2.9926
601096.SH,-282.7800000000002,1.02,0.9281,69.005013,0.018867924528301903,112.35651000000001,31.5248,2.3477,0.9524
601098.SH,2082.12,1.35,0.9134,180.1388,0.01718907987866531,180.1388,11.9274,1.1056,5.4835
601099.SH,-2841.8600000000006,0.83,2.2598,244.02412711999997,0.025139664804469233,244.02412711999997,104.4439,2.428,
601100.SH,643.6000000000004,0.45,0.2935,1374.341525,0.02180347277032354,1374.341525,50.1355,7.6725,0.9756
601101.SH,3735.529999999999,1.07,4.322,216.28768458,0.0594193112761648,216.28768458,26.7408,1.7394,3.0493
601106.SH,282.0199999999995,1.08,0.6314,209.84815674,0.025974025974025997,209.84815674,,4.0524,
601107.SH,-327.14,1.01,0.5441,128.68303,0.02218430034129706,181.95457,11.8903,1.0776,4.8739
601108.SH,1557.119999999999,1.24,1.6093,412.8310641,0.037585421412300694,412.8310641,11.9702,1.0594,1.8955
601111.SH,-2012.8600000000006,1.05,0.5183,678.5017823300001,0.01346801346801348,1194.71630805,,1.9956,
601112.SH,421.14999999999986,1.14,2.0236,28.635122950000003,0.019987105093488104,272.71541488,34.3108,4.1573,
601113.SH,133.5,0.83,0.8239,38.755742219999995,0.019718309859154886,47.53074222,39.9905,0.9931,
601116.SH,-479.2399999999998,1.14,2.9476,59.4231064,0.03616636528028936,59.4231064,36.729,1.801,1.8433
601117.SH,-7710.93,2.06,1.7317,452.95221456,0.019582245430809445,454.25371607999995,7.0103,0.6451,2.5005
601118.SH,-7813.980000000003,0.81,3.3086,277.73486422,0.06746626686656675,277.73486422,,2.9235,0.168
601121.SH,117.63000000000011,0.95,2.0459,59.28,0.02917771883289133,72.93238407,27.2034,1.6368,0.4113
601126.SH,-14319.379999999997,1.03,2.6624,348.76359858,0.03488372093023253,352.15369485,40.6136,7.2983,1.7037
601127.SH,-5792.240000000002,1.16,1.0166,772.3728864,0.019964419845819432,864.0246096000001,66.5131,2.3056,2.5806
601128.SH,3186.16,0.79,1.2838,225.82229248000002,0.011382113821138257,225.82229248000002,5.0989,0.688,5.5407
601133.SH,-3084.9100000000008,0.75,1.9181,134.34787254,0.03446940356312924,134.81308049999998,64.9143,4.4145,0.8215
601136.SH,16173.510000000002,3.68,1.5407,433.50674068,0.11789181692094308,433.50674068,35.021,3.1308,1.2295
601137.SH,-4286.790000000001,0.76,2.0723,196.02009315,0.0284913591779542,196.02009315,,2.0024,2.073
601138.SH,29759.309999999998,0.98,0.5492,12866.909447319998,0.039038101186758274,12866.909447319998,27.4274,7.321,0.9874
601139.SH,319.1900000000005,1.21,0.7411,184.97467135,0.018808777429467103,184.97467135,11.946,1.1174,2.4883
601155.SH,3091.7000000000007,2.06,2.164,256.91544831,0.09424520433694752,256.91544831,40.5212,0.4112,
601156.SH,-268.2999999999997,1.65,1.3596,179.85100223999999,0.04889589905362775,302.27058624,10.7278,1.5133,1.5126
601158.SH,215.40999999999997,1.0,0.1353,198.24124313000002,0.012019230769230727,198.24124313000002,23.8672,1.1561,3.8014
601162.SH,-132.0699999999997,1.16,2.4531,331.02186425,0.03141361256544505,387.84843405,118.1778,1.4168,
601163.SH,-8.980000000000018,0.78,0.4363,99.84,0.010416666666666586,99.84,11.5149,0.7148,4.2468
601166.SH,7101.560000000012,0.94,0.6124,3711.9655563,0.012048192771084182,3711.9655563,4.9192,0.4439,6.0433
601168.SH,4431.940000000002,0.83,2.2024,938.902,0.06620654396728007,938.902,15.7994,4.1878,2.5381
601169.SH,22772.059999999998,4.51,2.7982,1131.14966005,0.03732809430255393,1131.14966005,5.4037,0.3968,5.9813
601177.SH,91.2800000000002,0.59,2.1413,55.533477000000005,0.03537214443625648,56.264463,19.7512,1.8788,0.4351
601179.SH,-10291.580000000002,1.09,1.3929,648.93671184,0.020408163265306107,648.93671184,47.7314,2.7701,0.7504
601186.SH,28.1299999999992,1.08,0.2601,698.2470018500001,0.008196721311475526,824.27816905,5.0412,0.2969,4.9423
601187.SH,1549.96,1.38,1.0833,193.55343735,0.0265734265734265,193.97590065,7.1329,0.7059,4.0816
601188.SH,-454.68000000000006,1.11,1.2842,38.380815059999996,0.013559322033898317,38.380815059999996,24.2337,0.838,2.415
601198.SH,-1764.8600000000006,0.9,0.6367,454.80508185,0.01779359430604982,454.80508185,19.7092,1.4939,1.1798
601199.SH,-1102.44,1.42,1.42,56.48670212,0.030794165316045445,56.48670212,15.9812,1.2049,2.3179
601200.SH,-153.49,1.01,0.4816,94.236121,0.011363636363636248,94.236121,16.4278,0.7991,1.4286
601208.SH,14209.939999999973,1.23,7.7165,527.21445551,0.05460218408736344,527.21445551,129.5905,8.4783,0.1686
601211.SH,3578.0899999999965,0.8,0.5185,2412.7728456,0.016741071428571466,3154.0418052,9.7553,0.9527,2.3855
601212.SH,-34433.259999999995,0.65,5.0757,508.70800815,0.026212319790301464,508.70800815,,3.2984,0.0582
601216.SH,-1127.3400000000001,1.46,1.0424,404.18103346000004,0.03191489361702135,404.18103346000004,13.1897,1.4714,3.1315
601218.SH,-738.24,0.79,1.7835,44.09102425,0.01766004415011039,44.09102425,25.5188,1.4447,0.2198
601222.SH,-2727.1900000000005,2.67,3.9315,119.00313766000001,0.029556650246305372,119.00313766000001,34.2997,0.7675,6.1063
601225.SH,-1312.1500000000015,1.34,0.5147,2677.759,0.026228297007757695,2677.759,13.1271,2.6476,4.6276
601226.SH,-46.139999999999986,0.62,0.8594,76.59054183,0.028528528528528586,76.59054183,42.7843,1.7321,0.5179
601228.SH,411.6400000000001,0.91,0.2798,233.12602026,0.016077170418006374,233.12602026,28.2301,1.0792,1.2621
601229.SH,7041.860000000001,1.19,0.662,1347.01686876,0.02258064516129041,1347.01686876,5.5521,0.5239,5.4848
601231.SH,-2235.8100000000013,1.06,1.0986,647.16268113,0.03742126713597635,647.16268113,31.7628,2.8888,0.7781
601233.SH,2903.1900000000023,1.16,2.9248,656.83433052,0.04663023679417126,658.0318149,12.7571,1.5468,0.3622
601236.SH,-67.30999999999995,1.25,0.3463,325.24109541,0.02285714285714275,325.24109541,30.8845,1.3349,2.2185
601238.SH,710.7199999999993,2.08,0.9922,385.42901472,0.027985074626865735,532.28683998,,0.5301,0.3824
601279.SH,233.27999999999997,0.71,0.6825,53.916724,0.017543859649122823,53.916724,,1.3172,0.2941
601288.SH,28063.390000000014,1.21,0.1238,22091.69938736,0.02061855670103101,24218.82594588,8.1295,0.8474,5.2226
601298.SH,-448.8600000000001,1.37,0.2091,493.3748625,0.028665931642778367,593.93565,11.4395,1.2583,3.7956
601311.SH,-517.59,0.79,0.7067,87.63401367,0.014725568942436455,87.63401367,14.9642,0.8826,3.8822
601318.SH,-89.95999999996275,0.64,0.5121,5950.44833882,0.008773500447627609,10107.6857644,6.3444,0.9832,4.6041
601319.SH,8769.550000000003,2.55,0.5233,2644.5828667,0.033613445378151294,3294.6872997,5.7943,0.9686,3.4225
601326.SH,630.8500000000004,2.0,0.8654,167.4660768,0.03498542274052481,196.6769024,12.0334,0.9454,2.4148
601328.SH,11369.529999999999,1.55,0.8185,1887.6446248,0.021126760563380333,6397.53797775,6.5629,0.5478,6.0102
601330.SH,8056.450000000001,4.4,2.8094,77.24833512000001,0.04647887323943651,111.7146305,15.8493,1.3567,3.7029
601333.SH,-478.8699999999999,1.11,1.177,171.8280048,0.013245033112582794,215.33952480000002,14.2897,0.7435,2.3026
601336.SH,4.47000000000844,0.75,0.7824,1253.76610716,0.015719063545150465,1875.4714159200003,4.2357,1.5176,4.4245
601339.SH,678.76,1.93,0.9274,117.86612339999999,0.054830287206266426,117.86612339999999,14.2765,1.2798,5.2163
601360.SH,-8998.61,2.61,3.6699,645.35923838,0.0376344086021505,645.35923838,84.8618,2.2845,2.1692
601366.SH,88.13000000000011,0.77,1.4574,35.702368920000005,0.02666666666666657,35.702368920000005,,0.8457,0.4769
601368.SH,100.75999999999999,0.72,0.4091,40.52846529,0.013129102844639058,40.52846529,33.0318,0.8385,0.6536
601369.SH,1334.1500000000003,0.99,0.5772,150.99970005,0.02497162315550518,152.52749325000002,22.9209,1.6987,4.8588
601375.SH,-1245.4299999999985,0.76,1.1798,145.14057937,0.018912529550827437,195.46544587,31.7934,1.3292,0.5938
601377.SH,-3533.5699999999997,0.98,0.7336,511.25044815999996,0.011804384485666003,511.25044815999996,13.9325,0.9092,2.5338
601388.SH,-1571.5600000000004,0.57,2.2504,77.04279100000001,0.022284122562674116,77.04279100000001,21.0555,1.6352,
601390.SH,-3993.7700000000004,1.17,0.5234,890.1877091399999,0.01573033707865175,1074.47139114,5.4484,0.3327,5.9915
601398.SH,22790.52999999997,1.36,0.1495,21757.70554875,0.022900763358778588,28761.984947970002,7.6875,0.7259,5.5687
601399.SH,-2939.040000000002,1.42,0.9868,230.11243321000003,0.033950617283950574,230.11243321000003,47.6312,1.536,
601456.SH,-1054.0500000000002,1.16,0.4437,388.67596608,0.01346801346801338,504.43664063999995,21.959,0.9613,0.6306
601500.SH,-628.0800000000002,0.75,0.8136,63.161727930000005,0.014962593516209379,63.161727930000005,22.9498,1.0507,
601512.SH,138.51999999999992,1.84,0.4108,120.810534,0.02383939774153068,120.810534,12.3888,0.7795,1.5881
601515.SH,235.16999999999996,0.73,0.6459,67.3564745,0.022857142857142878,67.3564745,,1.3998,
601518.SH,2.089999999999918,0.77,0.7308,53.124544920000005,0.017667844522968136,53.124544920000005,10.9363,0.9334,3.0605
601519.SH,-3279.6099999999988,0.8,2.3475,176.239576,0.03595505617977531,176.239576,,13.6537,
601528.SH,153.29999999999973,1.09,0.9537,94.45873881,0.02385685884691851,99.87401526000001,5.0589,0.4895,3.9293
601555.SH,-5142.620000000003,2.89,2.2973,422.339738,0.03431372549019622,422.339738,10.451,0.9775,4.4118
601566.SH,-92.09000000000015,1.78,1.3809,49.18894432,0.03452380952380942,49.18894432,30.7551,1.3099,3.5047
601567.SH,739.2000000000007,2.45,1.9338,199.39921386,0.041216216216216295,199.39921386,33.7918,1.7003,9.6504
601568.SH,-255.20000000000005,0.83,0.4184,152.93055470000002,0.015544041450777216,152.93055470000002,356.109,1.3612,2.5974
601577.SH,0.030000000000654836,1.52,0.7152,389.60424084,0.02301255230125511,389.68855353000004,4.6801,0.513,6.3983
601579.SH,-660.25,0.78,3.7946,92.7761679,0.036213140196585586,92.7761679,33.2042,2.4714,2.0284
601588.SH,-335.49000000000024,1.93,2.1779,46.816,0.0738636363636363,59.259552,,1.0178,
601595.SH,10923.49,3.57,3.8145,82.15505999999999,0.0918367346938774,82.15505999999999,110.4327,4.918,0.2619
601598.SH,679.8999999999999,1.15,0.3605,351.73946764000004,0.02474526928675412,489.24983184,12.8758,1.1841,4.2553
601599.SH,2822.5200000000004,5.74,7.4272,38.7621195,0.10793650793650804,38.7621195,36.2667,2.4194,
601600.SH,-10211.18,0.89,1.1389,1289.96630823,0.02953156822810582,1676.04070578,9.591,1.9834,2.6409
601601.SH,2305.720000000001,0.76,0.5123,2190.41328,0.015108593012275745,3078.50928,5.4588,0.9645,3.375
601606.SH,-220.1999999999989,0.68,2.8214,230.81159108000003,0.03289057558507271,230.81159108000003,,10.7855,
601607.SH,129.59000000000015,1.24,0.4626,453.24621875,0.01645338208409504,602.6087924999999,12.6329,0.7691,1.7846
601608.SH,88.94999999999982,0.97,0.5865,218.44469718,0.02087682672233813,218.44469718,57.2656,2.3293,0.5996
601609.SH,1742.119999999999,0.85,3.3258,233.19329317999998,0.07550077041602454,233.19329317999998,28.3925,2.2864,0.6855
601611.SH,-3431.750000000001,0.89,0.951,323.68579308,0.01733576642335762,323.68579308,30.0213,1.437,0.9683
601615.SH,2545.209999999999,0.93,1.38,240.39709921,0.024528301886792434,240.39709921,149.1875,0.921,2.7202
601616.SH,-947.88,0.53,1.6736,33.03723411,0.02813299232736581,33.03723411,,1.4181,1.8088
601618.SH,-5765.179999999997,1.87,0.8715,457.02705152000004,0.030188679245283047,529.70545152,96.5529,0.5164,2.1875
601619.SH,-300.9499999999998,0.9,1.0078,103.35655512,0.021791767554479386,122.86252919999998,24.9868,1.5443,3.4038
601628.SH,2473.4300000000076,0.78,0.1356,8017.05905,0.01541677554220006,10881.911425,4.3943,1.6383,1.787
601633.SH,281.90999999999985,1.04,0.1568,943.16873904,0.01697127937336813,1302.21170046,21.7294,1.4958,2.955
601636.SH,-5738.150000000001,1.33,1.7844,170.41845312,0.04081632653061213,170.41845312,,1.1861,0.7019
601658.SH,38318.33,3.83,0.7515,3814.9623115599998,0.04609218436873738,6316.999814100001,7.044,0.6037,3.9347
601665.SH,-2692.510000000002,3.11,2.1372,432.61512775,0.045523520485584196,432.61512775,7.0314,0.8317,2.98
601666.SH,-5585.869999999999,1.59,2.2265,248.41812905999998,0.050658561296859174,248.41812905999998,85.5998,1.1281,5.6772
601668.SH,-21742.160000000003,2.12,1.0279,1789.17290432,0.03139013452914791,1789.17290432,5.6495,0.3615,6.2702
601669.SH,-3885.220000000001,1.08,0.5564,602.59734399,0.006451612903225859,794.12594834,9.4496,0.5378,2.7538
601677.SH,-200.83999999999833,0.95,1.7554,211.23507294,0.02751756440281024,211.23507294,8.7055,1.0388,1.5836
601678.SH,-7830.629999999997,1.37,8.4547,136.08619758,0.051395007342143854,160.43688918,35.0753,1.3537,0.7351
601686.SH,-134.75,0.79,0.2418,76.77812487,0.013358778625954252,76.77812487,11.4336,1.1128,5.4461
601688.SH,-4610.550000000003,0.9,0.7222,1418.97242302,0.01287995878413189,1753.0169499600001,8.5406,0.9802,2.6778
601689.SH,-7762.600000000002,1.08,1.0301,813.82841148,0.020598853259715413,813.82841148,32.4662,3.3604,1.1083
601696.SH,-2740.0999999999985,1.0,1.3545,333.6378,0.028145695364238398,333.6378,27.205,1.7045,0.3197
601698.SH,827.4400000000023,1.06,0.4288,1030.7500376,0.03202995008319466,1030.7500376,275.7531,6.492,0.1324
601699.SH,8155.16,1.71,1.7673,536.9579514000001,0.07192982456140352,536.9579514000001,34.7626,1.1463,2.2841
601700.SH,-27018.42,0.99,17.9645,91.32833545999999,0.05966587112171848,91.32833545999999,,4.1335,0.2443
601702.SH,-647.8500000000004,0.91,0.8691,159.96460212,0.0371517027863778,159.96460212,13.4561,2.3892,1.8727
601717.SH,-4402.550000000003,2.68,2.7097,219.45017911,0.03720930232558143,254.06240576999997,7.5131,1.0726,7.8707
601718.SH,111.28999999999996,0.56,0.2328,81.55199965,0.016042780748662996,81.55199965,,0.6836,
601727.SH,-2979.6799999999985,1.13,0.3848,838.9400334000001,0.016541353383458562,1033.4180864,76.2411,1.8671,
601728.SH,2996.850000000002,1.2,0.1326,4945.01371819,0.02539682539682528,5829.004735189999,19.5897,1.2353,4.2998
601766.SH,3474.3199999999997,0.9,0.4349,1513.1890356000001,0.011290322580645207,1785.06934702,12.8183,1.0115,5.1447
601777.SH,1085.6000000000004,1.3,0.5647,375.70341831,0.03280680437424053,375.70341831,285.5856,3.6382,
601778.SH,-2390.91,0.71,1.8687,136.2634287,0.02695417789757415,136.2634287,692.4995,0.8284,0.7159
601788.SH,-2421.4699999999975,1.14,0.6347,575.06606336,0.014905149051490438,678.70793472,15.8935,1.1041,1.4817
601789.SH,-154.46000000000004,1.15,2.7243,46.84101966,0.023364485981308327,65.70129089000001,24.125,1.0476,1.6542
601798.SH,319.07000000000005,1.13,1.6871,27.93682216,0.021711366538952736,27.93682216,34.603,2.0936,
601799.SH,-3659.090000000004,2.28,3.6465,223.94408166,0.06885125184094255,223.94408166,14.1115,1.9768,1.9043
601800.SH,-119.34000000000015,0.96,0.2134,695.16637483,0.013377926421404692,961.47752759,7.7166,0.3301,5.115
601801.SH,-386.0000000000002,0.92,0.8707,102.20400864,0.023300970873786426,102.20400864,16.6331,0.8575,1.9157
601808.SH,-1877.6899999999996,1.05,0.622,381.6043252,0.03190661478599223,615.0582088000001,15.8257,1.3,1.789
601811.SH,-180.65999999999997,1.16,0.5166,88.21809446,0.008078994614003578,137.4498874,10.0595,0.8973,5.386
601816.SH,4053.75,1.08,0.2739,2392.4657226599998,0.008230452674897125,2392.4657226599998,17.5567,1.1421,3.2045
601818.SH,-3159.5000000000073,2.2,0.849,1378.2824233200001,0.01650165016501659,1754.84086767,5.3314,0.3457,6.3636
601825.SH,1270.8200000000006,0.7,0.2056,839.4746288000001,0.022650056625141482,858.3555516000001,6.937,0.6449,4.8764
601827.SH,484.9699999999999,1.09,0.3968,138.43607724,0.025766871165644276,138.43607724,11.4126,1.1292,2.9589
601828.SH,-2194.87,2.06,2.2514,79.11160818,0.06334841628959262,95.34576501,,0.4242,
601838.SH,1264.3700000000008,1.27,0.5159,807.4219437,0.015499732763228174,807.4219437,5.9494,0.8755,4.6772
601857.SH,-7353.630000000005,1.39,0.0876,18491.50128476,0.0169189670525378,20900.99566476,11.8712,1.2759,4.1156
601858.SH,1910.0699999999997,1.73,1.8471,174.7005,0.062471500227998224,174.7005,37.0251,2.9915,1.2398
601860.SH,-1101.2599999999993,1.23,2.0368,91.63355039999999,0.02362204724409451,94.45649094,7.4091,0.4538,3.8758
601865.SH,149.52000000000044,0.97,0.8018,190.67285765,0.024654832347140037,234.99091414999998,65.9232,1.1097,
601866.SH,-863.4599999999991,1.0,0.7187,235.96339360000002,0.016528925619834725,319.1089783,19.465,1.0167,1.6945
601868.SH,-5026.4100000000035,1.17,0.628,807.47531724,0.011952191235059684,1101.58056168,20.7178,0.9309,1.441
601869.SH,-24962.00999999995,0.74,3.3278,1700.81022231,0.03759825741073964,3465.36237707,100.6631,21.1763,0.064
601872.SH,5242.199999999997,1.08,1.3517,1513.97596875,0.051633298208640696,1513.97596875,13.9575,3.2324,1.2053
601877.SH,-2735.0200000000004,0.73,0.8742,551.8552392,0.016317016317016386,551.8552392,10.8833,1.1995,2.3311
601878.SH,31.209999999999127,1.04,0.5228,425.83790849999997,0.016008537886873037,425.83790849999997,14.8147,1.1341,1.5974
601880.SH,452.14999999999964,0.93,0.3578,266.9892424,0.01360544217687076,341.7906244,27.6541,0.8437,1.6483
601881.SH,1021.7599999999984,1.14,0.3769,895.28641536,0.012185215272136358,1351.4921242799999,9.7729,1.1192,2.5971
601882.SH,6623.889999999999,2.32,1.9835,114.3702,0.05321285140562242,114.3702,24.0825,3.7194,1.6431
601886.SH,696.4399999999987,1.45,3.3849,155.33458791,0.10611928737412853,155.33458791,21.4894,2.1475,4.0117
601888.SH,-9947.520000000004,1.17,1.0361,1024.6591424,0.023430178069353328,1090.42765568,26.6422,1.8979,2.4771
601890.SH,374.78999999999905,1.0,2.0264,84.4272,0.01601830663615567,84.4272,23.7387,2.1625,1.5909
601898.SH,11179.370000000003,1.15,0.6668,1481.70886476,0.05403645833333334,2146.5776044599997,11.7093,1.2917,2.6189
601899.SH,-100854.15999999992,1.11,1.4399,6936.62373677,0.03318903318903315,8953.09360582,13.2334,4.4329,1.4815
601900.SH,-237.8699999999999,1.34,0.8722,104.16066881,0.030224525043177863,104.16066881,9.7649,1.1817,4.6571
601901.SH,-1916.9300000000003,0.98,0.6099,566.36857632,0.0144508670520232,566.36857632,12.465,1.0728,1.7485
601908.SH,-326.55999999999995,1.02,1.1574,72.92100758,0.02622950819672119,72.92100758,,1.0173,
601916.SH,791.8499999999985,1.18,0.9046,624.7886440000001,0.01730103806228383,796.4744440000001,6.0855,0.4384,5.3793
601918.SH,4006.4500000000007,1.05,2.1059,287.29108562,0.041360294117647155,287.29108562,11.8075,1.5805,1.4427
601919.SH,-8280.950000000012,0.96,0.8592,2134.61128405,0.025473933649289085,2595.58090405,9.7028,1.1104,9.3927
601921.SH,323.9599999999998,1.8,0.6118,166.22222056,0.035087719298245584,166.22222056,13.2383,1.1431,5.3476
601928.SH,-474.27,1.28,0.601,219.62487000000002,0.02715466351829993,219.62487000000002,16.8731,1.0973,6.9525
601929.SH,19754.590000000004,3.92,6.0127,89.68755674,0.11111111111111102,89.68755674,,1.9671,
601933.SH,-8125.720000000001,1.31,1.7254,275.78364948,0.03174603174603177,275.78364948,,12.7198,
601939.SH,17930.440000000002,1.36,1.5618,1053.38360448,0.02619270346117878,28723.7218887,8.2922,0.8023,5.3625
601949.SH,813.54,2.26,0.9563,101.10070611,0.030651340996168612,101.10070611,19.0843,1.0045,1.9209
601952.SH,-2409.9800000000014,1.35,3.3225,126.776,0.06702127659574476,126.776,26.4889,1.7621,2.9348
601956.SH,-202.95000000000002,0.74,0.6147,31.329476640000003,0.01397205588822361,31.329476640000003,,1.3303,1.9847
601958.SH,-3848.6500000000015,0.52,1.2681,729.85791528,0.02850971922246221,729.85791528,20.7729,3.5312,1.7683
601963.SH,812.19,0.82,0.539,227.61101187,0.015440508628519522,405.72454701,6.7821,0.6815,3.4264
601965.SH,414.17999999999984,1.49,0.9792,143.07153681,0.039716312056737625,143.67951572,13.3492,1.79,3.0719
601966.SH,-718.0500000000002,0.83,0.5265,163.47325159,0.013404825737265447,163.47325159,26.5441,0.7255,2.3187
601968.SH,-85.28999999999996,1.31,0.8906,58.81343495,0.01731601731601733,58.81343495,25.6651,1.2908,1.6515
601969.SH,-1743.0000000000005,1.01,1.0749,190.14674424,0.028600612870275727,191.30669652,28.7692,2.6897,1.144
601975.SH,6535.360000000001,1.05,4.4309,197.97858081,0.038554216867469696,197.97858081,12.7454,1.624,
601985.SH,-5505.519999999997,1.2,0.4824,1678.72402761,0.01793721973094172,1828.49538669,25.1201,1.544,1.7991
601988.SH,-3291.5,1.96,0.2361,13720.835013479998,0.046849757673667065,20976.02800818,8.4233,0.7626,4.9698
601990.SH,458.3599999999997,1.67,0.6277,287.7572864,0.01937406855439641,299.17469040000003,23.8873,1.2824,1.6018
601991.SH,-9196.549999999996,0.94,1.4463,725.17121235,0.02207130730050932,1082.64256425,13.018,2.8722,2.0017
601992.SH,820.7399999999998,2.64,1.0614,117.51163203,0.0633802816901409,150.55657251,,0.402,3.5461
601995.SH,2799.5,1.08,0.6461,1015.3462755200001,0.016709881878421155,1676.50632137,12.2735,1.608,0.5183
601996.SH,-356.99,1.24,2.0593,30.15259736,0.03396226415094335,30.15259736,,1.2876,
601997.SH,304.13000000000466,0.85,1.8312,201.45651531,0.012727272727272617,201.45651531,3.9231,0.3051,5.2632
601998.SH,6070.379999999997,0.9,0.1825,3607.5254380500005,0.025229357798165004,4924.59686355,6.8643,0.6594,4.0701
601999.SH,-751.0400000000002,2.25,1.9153,34.81780904,0.030744336569579353,34.81780904,37.1139,1.3007,0.9494
603000.SH,5452.77,2.36,2.6719,190.06830009,0.05359317904993903,190.06830009,79.4872,5.0653,0.7679
603001.SH,1062.2299999999996,1.78,4.2537,36.208494,0.11814859926918377,36.208494,,1.534,1.6611
603002.SH,-8062.889999999999,1.2,7.2313,198.9173689,0.045274476513865146,198.9173689,340.4485,5.72,0.114
603004.SH,43.700000000000045,0.74,2.9547,11.440384,0.03507853403141351,45.761536,40.0311,2.1799,1.0808
603005.SH,514.0400000000009,0.67,3.4924,201.65148964,0.04801324503311256,201.65148964,59.7543,4.3553,0.2714
603006.SH,-171.44,0.98,1.4943,28.04424929,0.022872827081427266,28.04424929,27.6773,2.1563,6.8903
603007.SH,-2645.83,2.79,12.1371,35.2410123,0.044692737430167634,44.84141727,,15.5046,
603008.SH,561.31,0.99,2.4793,31.4890002,0.060714285714285686,31.4890002,,0.8955,9.4087
603009.SH,2382.2999999999993,1.35,2.565,165.43576847999998,0.0653070080277717,165.43576847999998,129.5747,8.1194,0.1739
603010.SH,590.7900000000002,0.81,1.2442,69.46371911,0.024671052631579007,71.19818751,,2.7622,0.6435
603011.SH,-22222.829999999994,1.69,16.7228,132.5030592,0.0600361663652803,132.5030592,,7.1321,
603012.SH,-2943.2000000000007,1.58,7.2813,67.55925,0.06256206554121159,67.55925,61.992,1.7595,0.9628
603013.SH,43.22000000000003,1.73,1.3424,74.962391,0.033730158730158714,74.962391,14.0456,1.6368,2.7345
603014.SH,-1156.8799999999999,1.65,1.5911,31.988040480000002,0.027170518425983788,131.67609232,26.7733,1.8211,0.4999
603015.SH,5.710000000000036,0.85,1.1046,45.555481300000004,0.03038427167113493,45.555481300000004,114.4153,3.2897,0.4437
603016.SH,1726.6000000000004,2.7,6.8332,47.588992,0.07794256863363833,47.588992,88.653,5.8396,1.4726
603017.SH,-54.629999999999995,0.99,2.4573,28.00569642,0.03140830800405274,28.00569642,48.0286,1.871,1.9474
603018.SH,-661.3199999999999,1.8,1.3457,43.16908379,0.024344569288389493,43.16908379,15.4428,0.8028,1.5677
603019.SH,28141.389999999985,1.55,2.8922,1291.43803061,0.051386623164763424,1291.49222839,53.389,5.6023,0.3057
603020.SH,313.4200000000001,1.09,1.2531,38.6906934,0.03137254901960787,38.6906934,61.1649,1.1979,1.7476
603021.SH,-425.70000000000005,0.95,1.5701,17.34118702,0.03266787658802189,17.34118702,,,
603022.SH,-24.46999999999997,1.41,1.9737,18.62,0.03414096916299565,18.62,31.0004,2.1898,0.8378
603023.SH,-139.60000000000002,0.76,1.5417,23.887424720000002,0.023364485981308535,23.887424720000002,,3.1202,
603025.SH,-412.3399999999999,0.88,0.6266,152.84428744000002,0.01747997086671524,153.87503144000001,18.2427,5.5717,2.5229
603026.SH,-2105.1000000000004,0.83,2.2385,146.01987749999998,0.03381034753892119,146.01987749999998,27.9752,2.7003,
603027.SH,-507.96000000000004,2.29,2.094,97.67621324,0.03274215552523877,97.67621324,26.0437,2.7388,6.2993
603028.SH,-200.49999999999997,1.12,1.2604,20.404842000000002,0.030985915492957712,20.609472,,4.6879,
603029.SH,-1666.0099999999993,3.92,16.0029,20.4218586,0.09737417943107227,20.4218586,26.8878,2.1494,1.022
603030.SH,178.37000000000012,1.02,2.4412,28.31407025,0.023474178403755996,28.31407025,,4.072,
603031.SH,127.99999999999909,0.72,2.074,133.28830789999998,0.04233067729083655,152.1552813,48.166,5.2836,0.333
603032.SH,4106.100000000001,0.82,5.3398,46.8092016,0.0549618320610688,46.8787074,63.7083,3.9483,0.279
603033.SH,-45.81000000000006,0.85,0.6387,76.95235600000001,0.025099075297225826,78.368426,,3.1915,
603035.SH,-762.0799999999995,2.84,2.6575,39.5654868,0.02804557405784402,39.5654868,16.0482,0.7398,3.2268
603036.SH,-440.2499999999998,0.56,2.5186,32.8785576,0.028571428571428414,32.8785576,32.6076,2.3565,1.2531
603037.SH,-227.60999999999999,0.99,1.0489,27.86591547,0.02915451895043739,27.90654954,42.0343,2.9011,2.4015
603038.SH,974.6199999999999,1.53,5.1647,48.200671740000004,0.08293556085918857,48.200671740000004,60.6185,3.379,0.2787
603039.SH,3563.3199999999997,1.67,9.4361,129.17765809,0.07696114823063598,129.17765809,38.2464,4.8187,0.2997
603040.SH,-1102.3899999999994,1.37,1.0318,100.8459522,0.04290560766314106,100.8496825,40.0135,6.6505,1.682
603041.SH,3.4899999999999807,1.43,1.6219,21.116929810000002,0.028318584070796328,21.116929810000002,34.1612,1.3803,1.0294
603042.SH,-223.58999999999992,0.8,3.1353,29.77014568,0.03982930298719776,29.77014568,,3.4931,
603043.SH,-14.430000000000007,0.81,0.457,77.8996574,0.013620071684587778,78.3409184,16.3309,2.0916,4.2029
603045.SH,3721.609999999997,1.74,13.1067,79.66886664,0.06481183660340936,79.66886664,20.2622,5.8514,0.1037
603048.SH,420.8699999999999,1.64,2.5394,34.384608,0.09525979945305377,34.384608,124.2488,2.7548,1.1895
603049.SH,-599.0900000000001,1.12,0.4598,257.23696482,0.015283842794759745,445.46296464,10.4431,1.7706,2.552
603050.SH,-131.94000000000005,0.61,0.461,72.35546448,0.02234636871508372,72.35546448,34.0087,3.7817,0.7533
603051.SH,-452.67999999999984,0.92,2.1493,34.39548112,0.03120567375886526,34.650841119999995,,2.0082,1.2036
603052.SH,1210.5299999999997,0.7,2.5699,112.94506703000002,0.06457152670444798,112.94506703000002,,10.7781,0.2936
603053.SH,-209.28,0.88,0.1932,78.400098,0.011350737797956827,78.400098,17.2057,1.6099,3.4014
603055.SH,198.06999999999994,0.71,1.3138,84.13904691,0.02528977871443627,84.31082324,14.2979,1.536,2.6393
603057.SH,67.57,1.52,0.6979,81.9468,0.030837004405286295,82.5663735,41.5826,3.9079,2.609
603058.SH,5247.139999999999,7.06,9.2075,42.793283519999996,0.11727078891257992,42.79637952,39.7979,3.8053,1.1283
603059.SH,4.359999999999985,0.75,1.1932,25.3130724,0.03637833468067915,25.355660399999998,21.2382,2.2597,0.3169
603060.SH,-366.89,1.4,0.8215,44.86119678,0.017921146953404955,44.86119678,48.2514,2.271,2.043
603061.SH,-4796.389999999999,0.75,3.724,297.6966,0.0636519883838085,297.6966,109.5704,15.6952,0.0333
603062.SH,0.0,1.04,0.5097,14.677240289999999,0.015478304998731273,42.7572,30.9901,2.1107,4.3596
603063.SH,543.1400000000012,0.99,3.5654,148.6079738,0.058898439987265246,149.2220388,33.5541,2.7331,0.3636
603065.SH,651.880000000001,0.76,8.3366,73.27743324,0.08628841607565016,73.27743324,,3.8181,0.5669
603066.SH,185.06999999999994,1.3,2.178,27.152823229999996,0.02190580503833508,27.152823229999996,24.4079,1.775,0.5634
603067.SH,-4723.860000000004,1.09,2.899,268.9670424,0.05965012905076012,268.9670424,40.1854,6.2151,0.3563
603068.SH,13046.55,2.08,11.1925,59.66758763,0.12199216564073864,59.66758763,111.5117,3.336,
603069.SH,231.88999999999993,1.23,1.0794,41.9332,0.03012048192771074,41.9332,,5.6012,
603070.SH,-205.09999999999997,1.53,0.5412,47.3982,0.015306122448979567,47.3982,181.664,2.2244,0.6768
603071.SH,-111.31999999999994,0.81,0.6028,70.69282248,0.016574585635359042,70.69282248,10.1318,1.1901,4.7356
603072.SH,204.89999999999998,0.81,1.2006,40.784913,0.0234009360374415,85.388868,45.5296,3.8891,0.4643
603073.SH,16.939999999999998,1.27,2.9796,8.73320448,0.0315852205005958,19.9056,39.8467,1.4334,1.7483
603075.SH,124.33999999999997,0.88,3.6747,8.21305433,0.014994829369182996,77.94505433,23.9141,3.8096,3.6152
603076.SH,-250.92000000000002,0.93,1.2229,24.99723923,0.03202328966521107,24.99723923,125.8074,1.9551,1.9314
603077.SH,-2858.5699999999997,0.99,2.2329,210.19464393,0.04098360655737709,210.19464393,,1.1118,
603078.SH,5912.240000000002,0.86,5.8951,139.40784779999998,0.04207650273224041,139.40784779999998,134.4622,7.0027,0.249
603079.SH,900.44,0.56,5.8934,24.93300424,0.04661654135338353,24.93300424,55.5575,1.5706,
603080.SH,-13.099999999999909,1.86,2.1875,28.76695,0.04398382204246719,28.76695,13.4867,1.7881,2.7545
603081.SH,25.76000000000002,0.54,0.7108,41.91191072,0.026395939086294395,41.91191072,63.58,1.3006,1.3105
603082.SH,1406.8400000000001,1.42,21.0482,18.0883774,0.05043712172158709,74.29160259999999,50.8213,4.3246,1.2665
603083.SH,-32061.22,0.67,6.113,517.0038384,0.04107950704591548,690.8377504,146.8845,7.3765,0.1375
603085.SH,502.4300000000003,1.93,2.6466,40.82188,0.06432160804020107,40.82188,36.3746,4.0962,
603086.SH,2042.239999999998,6.79,16.5593,27.8280384,0.09636650868878362,27.8280384,38.0901,1.3056,
603087.SH,-3195.34,0.64,1.2178,386.98446238,0.028559249786871143,411.81001546,35.8194,3.5169,1.451
603088.SH,-226.60000000000036,1.03,3.0379,46.50198516,0.041992187500000146,53.35359498,50.799,4.8227,2.38
603089.SH,267.8299999999999,1.05,6.3634,25.107483180000003,0.10689310689310674,28.840238780000004,,1.5705,0.7866
603090.SH,4777.43,2.01,4.8089,42.13,0.11436031331592697,42.13,62.9249,6.6362,0.7121
603091.SH,-286.58000000000004,2.06,2.5234,23.043580050000003,0.05885862000397695,74.93080605,21.793,3.286,1.3099
603092.SH,548.28,1.17,5.1009,14.93843157,0.043735224586288285,172.84004321,20.4447,3.0355,
603093.SH,783.5400000000009,0.91,3.7323,117.0465753,0.045385779122541575,137.76177515,21.4142,2.3599,0.3924
603095.SH,-1124.0600000000009,0.67,5.2381,42.3561488,0.05241460541813902,42.3561488,80.4745,1.8,5.2904
603096.SH,282.43999999999994,1.21,1.251,23.84466916,0.04606141522029369,23.84466916,32.0972,1.3164,5.1746
603097.SH,-1.7700000000000387,0.89,0.8261,43.3626224,0.044420941300898985,44.3776287,222.7106,4.1837,0.7411
603098.SH,251.32999999999993,1.37,1.1557,56.951159999999994,0.03798670465337135,57.027264,61.5271,2.0069,0.4732
603099.SH,61.82000000000062,0.8,1.8535,108.42488379,0.018863179074446682,108.42488379,81.7268,7.2252,0.2004
603100.SH,-877.6399999999999,1.02,1.1419,96.62975488,0.01627296587926521,96.93841748,16.1118,1.9978,3.0446
603101.SH,163.98000000000025,1.17,2.0012,35.327040000000004,0.031290743155149965,35.327040000000004,32.7085,2.4083,0.6586
603102.SH,-693.3499999999999,0.57,4.2906,25.4528,0.02371541501976287,25.4528,21.4557,1.4853,1.835
603103.SH,957.8899999999999,2.03,1.4604,100.01334,0.07171314741035857,100.01334,,8.501,0.8878
603105.SH,-271.40999999999985,0.36,2.6176,38.100868680000005,0.015748031496063006,38.100868680000005,31.8712,1.8398,2.6246
603106.SH,-487.1199999999999,0.53,4.0996,41.38134,0.03026481715006308,41.38134,168.864,3.1383,0.3774
603107.SH,307.96,1.72,1.1505,26.529958399999998,0.028451882845188275,41.019936,30.1896,1.9551,2.4671
603108.SH,37.87999999999988,0.98,1.7479,59.674395059999995,0.024439918533604908,59.674395059999995,,1.6169,0.3035
603109.SH,-229.19,0.63,0.5036,36.9661668,0.012514220705346921,36.9661668,45.5002,1.8904,1.6696
603110.SH,1266.9499999999998,0.9,4.3598,48.39502135,0.03578859758635037,48.39502135,1231.2241,6.8862,0.2079
603111.SH,-90.12999999999988,0.79,0.9183,52.3497,0.02070063694267514,53.87691875,14.701,1.3549,3.9416
603112.SH,3031.630000000001,1.43,3.6871,90.4554198,0.06998158379373853,91.36146888,17.2655,2.0227,1.9676
603113.SH,8790.019999999999,1.8,7.7146,51.50337942,0.11775362318840588,51.50337942,,0.6832,5.8447
603115.SH,-2342.3499999999985,1.17,2.7,185.7604847,0.0610970912471775,185.7604847,76.0805,8.8866,0.7726
603116.SH,-307.6299999999999,0.85,0.9353,37.56829216,0.027906976744186,37.56829216,,1.5616,3.7653
603117.SH,75.80000000000007,1.16,1.6059,24.38734639,0.027295285359801566,24.38734639,638.0279,2.3681,
603118.SH,69.90000000000873,1.14,18.0474,146.4334104,0.081218274111675,146.4334104,157.5899,2.8747,
603119.SH,-1976.5500000000002,0.76,1.3904,242.671752,0.03175225401803223,242.671752,79.533,11.5633,0.2915
603120.SH,-80.08000000000015,1.38,4.8456,17.80921,0.046881814217182856,42.47896,50.4332,3.5,0.8512
603121.SH,-106.38999999999987,1.01,3.8691,45.60048939,0.031069364161849692,45.60048939,,4.1605,1.4848
603122.SH,-988.0700000000002,0.77,3.2928,47.68670148,0.03231017770597741,47.68670148,,4.595,1.0851
603123.SH,-1187.94,0.41,3.4067,61.900982909999996,0.041237113402061897,75.80010333999999,,4.7748,
603124.SH,-2363.4400000000005,0.94,4.9134,97.3602396,0.07411290322580644,182.8373534,66.7922,9.4121,0.2949
603125.SH,99.64999999999986,0.92,0.8409,94.61026668,0.024106758501937248,94.61026668,41.5335,3.6772,0.4427
603126.SH,359.27,1.36,1.6386,38.15625,0.03448275862068962,38.15625,98.7945,1.8757,0.08
603127.SH,-8890.04,0.93,4.88,291.69995049,0.03323517038283547,348.22210854,35.3731,3.8799,0.0642
603128.SH,91.52999999999986,0.64,0.7965,73.69931795,0.017793594306049758,73.69931795,15.2986,1.1459,3.0906
603129.SH,979.2100000000005,0.68,0.554,456.94899216,0.02261820866472013,456.94899216,26.2903,5.7068,1.2855
603130.SH,-186.13999999999987,1.1,0.8462,54.400617520000004,0.03169811320754712,54.400617520000004,49.9586,3.8073,0.2528
603131.SH,-47.93999999999994,0.92,1.379,49.82857488,0.021117166212534094,49.82857488,,3.0264,0.0766
603132.SH,-2393.3900000000003,0.78,1.1176,192.666,0.033746898263027285,192.666,27.6033,5.6823,2.132
603135.SH,348.83000000000015,1.41,1.7913,58.609997109999995,0.035010940919037226,59.049336010000005,,1.9815,0.6981
603136.SH,-11.629999999999995,0.87,1.213,25.06775776,0.012944983818770142,25.06775776,31.7571,1.8518,2.5323
603137.SH,-1941.0300000000007,1.07,10.5149,41.06852585,0.08087912087912087,41.06852585,,3.4498,0.3563
603138.SH,-145.62,1.27,1.8293,37.71525132,0.045490196078431376,38.40429264,,5.0373,
603139.SH,2152.6399999999994,4.21,6.0535,38.044292,0.11781692174415262,40.54855714,,7.5786,
603150.SH,1300.4599999999991,2.15,3.5319,48.639827000000004,0.08954944849504579,48.639827000000004,50.5098,2.7975,0.5624
603151.SH,479.30999999999995,1.79,3.3551,28.75821422,0.070580886945659,28.75821422,62.6246,2.1352,1.1816
603153.SH,12.52000000000001,0.93,0.2698,53.904656700000004,0.015071590052750512,54.71645685000001,14.6356,1.4412,1.8816
603155.SH,-121.68000000000006,0.85,1.5336,64.33367145,0.026893135173390006,64.33367145,67.6331,2.8657,2.6997
603156.SH,-1036.2400000000016,0.66,1.0651,539.90292384,0.028496794110662617,539.90292384,39.4098,6.1515,4.3417
603158.SH,1127.569999999998,1.48,6.0494,55.9477914,0.0891364902506963,55.9477914,74.159,2.4487,1.3884
603159.SH,-189.40999999999985,1.64,4.1709,34.16,0.06601466992665041,34.16,,6.8791,0.2664
603160.SH,6321.950000000001,1.96,1.861,241.42568868,0.07383923092656984,241.42568868,36.691,2.5944,1.0398
603161.SH,64.68999999999994,1.0,1.5328,30.06201088,0.0337364735837046,35.32783664,92.7097,2.3912,0.9007
603162.SH,-854.4599999999991,1.34,10.3687,52.66668699,0.08753943217665625,171.44910473,19.0163,3.5185,0.5346
603163.SH,160.8499999999999,1.03,2.2604,80.41,0.04595860029571223,80.41,49.5488,6.8771,1.1193
603165.SH,-1068.5900000000001,0.91,2.2475,45.314345159999995,0.022711631108052313,45.314345159999995,15.1486,1.8415,6.3066
603166.SH,103.34999999999945,2.21,2.4515,73.04158980000001,0.06839186691312386,73.6041798,22.4848,2.6909,0.865
603167.SH,-243.03999999999996,0.56,0.9146,38.235276750000004,0.00614250614250623,38.235276750000004,17.6651,1.1544,12.5153
603168.SH,-215.7499999999999,1.46,3.5229,21.903823199999998,0.05804311774461022,21.998638200000002,,1.6049,
603169.SH,-241.52999999999997,0.98,0.812,84.51707946,0.02878787878787885,84.51707946,,3.3825,
603170.SH,10.319999999999993,1.23,0.6307,49.321233,0.02433090024330906,49.321233,17.9733,3.3086,3.163
603171.SH,4056.630000000001,3.39,5.9181,184.43641599999998,0.110509697789806,184.643168,115.9578,7.2188,0.4406
603172.SH,-586.5999999999999,2.31,4.7232,25.142129999999998,0.033333333333333444,25.142129999999998,44.7641,2.242,0.4775
603173.SH,-194.14000000000004,0.74,0.5616,50.384,0.02896244430299173,50.384,15.6799,2.5213,1.5721
603175.SH,-839.0299999999997,1.04,3.9407,42.60477798,0.04921917070543881,409.45275117,,16.2145,
603176.SH,-55.78999999999999,0.74,1.1222,24.9842997,0.01660516605166049,25.492552970000002,,2.4226,0.4279
603177.SH,207.70999999999998,0.73,2.5225,22.563216,0.02177858439201454,22.563216,,7.5236,0.3655
603178.SH,14449.52,2.7,8.4138,42.19952415,0.1139864448552065,42.19952415,,3.7229,0.2241
603179.SH,-2118.739999999998,0.62,1.9238,282.75126532999997,0.028636594019260074,291.04932933,36.0628,3.8278,0.5023
603180.SH,37.709999999999994,1.05,0.668,24.23379041,0.0187096774193549,24.23379041,,0.9489,2.4687
603181.SH,-251.77999999999997,1.05,0.6681,77.06083000000001,0.019054878048780487,77.06083000000001,17.1246,2.133,1.5686
603182.SH,291.15999999999997,1.52,1.8528,22.87245,0.019679300291545156,22.87245,25.677,2.0265,2.8777
603183.SH,323.52,1.34,3.1663,24.01250439,0.03556485355648534,24.01250439,,1.5054,0.5176
603185.SH,-1018.5900000000001,2.43,2.4728,101.71752556,0.07222222222222222,102.32490464,,0.9054,
603186.SH,-12147.579999999987,0.92,14.6935,286.1426625,0.05702614379084967,286.1426625,70.3097,11.6157,
603187.SH,-233.35000000000002,0.86,0.9661,42.48040709,0.019660411081322667,42.92877336,13.221,1.0112,4.4534
603188.SH,254.35000000000036,1.57,6.2954,27.596228000000004,0.049309664694280074,27.596228000000004,,3.9368,
603189.SH,-88.27000000000001,0.67,0.516,25.553178839999998,0.03201707577374607,25.553178839999998,,1.7825,1.5674
603190.SH,-456.59,2.53,2.9662,28.5264,0.05648665425201739,29.6056488,22.8781,1.32,1.0631
603191.SH,-1029.23,1.14,3.9291,49.09873248,0.03457446808510636,49.09873248,145.7459,1.9698,0.3384
603192.SH,303.25000000000006,1.71,1.3542,29.26142435,0.051571709233791785,35.07649395,48.7761,1.607,1.5091
603193.SH,222.42999999999995,0.91,3.2343,21.380280470000002,0.035523114355231165,83.71035377,23.7768,3.576,2.0783
603194.SH,-212.14,0.67,0.498,53.55531641,0.015271659324522853,135.8989,16.191,2.4284,2.5966
603195.SH,-1465.8999999999996,1.69,0.3186,699.3634809,0.026578073089700973,700.63880985,16.8342,4.6115,4.4262
603196.SH,-293.29999999999995,0.68,0.5238,46.49710446,0.01875316776482519,82.1464875,211.3767,4.0483,
603197.SH,493.3599999999997,1.61,2.4717,62.817749750000004,0.029038718291054772,63.672616000000005,18.6312,1.9207,2.7791
603198.SH,695.2200000000003,0.82,0.6649,322.16,0.029128610219698835,322.16,15.9709,3.0401,3.7249
603199.SH,83.02999999999997,0.9,2.0371,37.752947999999996,0.022674418604651195,37.752947999999996,16.9202,2.1955,1.9936
603200.SH,-3374.91,0.68,6.6081,74.29827434,0.040100824931255726,74.29827434,,6.8426,0.2126
603201.SH,2395.24,3.55,4.8628,30.833664390000003,0.09206989247311834,31.09967689,15.6256,1.7475,2.436
603202.SH,-88.93,0.68,1.2097,26.3370332,0.01596351197263391,83.92,12.1998,1.2337,6.654
603203.SH,-364.75,1.26,2.8815,147.75183149999998,0.06704545454545462,149.46225364,95.227,10.1839,1.0793
603205.SH,-167.68,0.51,2.1752,9.206418,0.018741633199464442,34.7412,30.5415,2.3039,1.2124
603206.SH,-154.11999999999995,1.05,0.8535,42.972159999999995,0.031046931407942218,42.972159999999995,109.2724,1.8852,
603207.SH,-44.06,0.41,2.1649,12.60780961,0.015483870967741911,37.355810149999996,19.434,3.2673,9.4559
603208.SH,117.87,0.97,0.849,20.34923501,0.02966841186736473,20.34923501,,2.1252,1.6422
603209.SH,-471.75,0.51,1.2348,45.909000479999996,0.013296011196640974,46.41,13.3579,1.3531,1.2055
603210.SH,-238.69,0.81,0.8857,31.99315625,0.010189228529839795,46.805,21.8458,2.4005,
603211.SH,129.81999999999994,0.77,2.0309,59.7705792,0.044022242817423514,59.7705792,109.9954,4.7473,0.2729
603212.SH,-839.71,1.22,1.9365,50.83640772,0.02542372881355923,50.83640772,,2.1196,
603213.SH,86.69000000000005,2.0,0.8378,62.818976320000004,0.022857142857142878,62.818976320000004,226.4362,3.4761,1.8342
603214.SH,-323.8399999999999,1.06,1.9804,19.312476,0.02018745493871661,19.312476,25.0847,1.6267,2.7475
603215.SH,71.38,1.18,0.7303,27.39151492,0.021917808219178103,31.39526313,,1.6851,1.7783
603216.SH,4895.279999999999,2.96,3.2932,50.439285,0.10344827586206892,50.439285,82.6173,2.8226,0.883
603217.SH,431.5300000000002,0.76,2.2685,62.7384114,0.04343468092215171,62.7384114,26.9788,1.7928,1.1448
603218.SH,109.75999999999976,2.12,1.1506,95.48530720000001,0.03239289446186003,95.5697552,22.1214,0.9085,3.7321
603219.SH,-563.1100000000001,1.24,0.5871,76.68724,0.02302158273381297,76.68724,123.5729,4.79,1.461
603220.SH,-1036.2900000000009,0.94,3.1438,101.31806398,0.049649217485159096,101.31806398,244.8412,2.6615,0.4715
603221.SH,-763.2999999999993,0.89,6.4022,67.278379,0.07147766323024049,67.278379,,4.3491,0.6544
603222.SH,-993.8800000000001,0.74,1.5679,42.007248,0.02439024390243905,42.007248,,3.8603,
603223.SH,-347.00999999999976,1.25,1.0052,73.26434436,0.02588686481303944,73.26434436,20.8643,1.7739,0.9152
603225.SH,353.15999999999985,0.85,1.0777,350.89516071,0.04617604617604622,352.77694614,20.17,1.6198,0.9537
603226.SH,1717.8099999999995,1.25,2.2913,134.94468728,0.09789644012944991,134.94468728,,16.2819,
603227.SH,-566.8499999999999,1.12,0.6296,82.5203379,0.020434227330779074,82.5203379,15.6764,1.5646,2.5974
603228.SH,5411.75999999998,0.89,3.0697,947.54207522,0.07646432374866886,966.1478250800001,81.6668,7.3242,0.7742
603229.SH,-90.36999999999989,1.51,1.4039,64.18196583,0.039850560398505645,64.18196583,79.1737,2.6866,1.2905
603230.SH,-101.25999999999999,1.39,0.7957,32.6655252,0.022002200220021924,32.6655252,45.2805,1.1927,5.1948
603231.SH,320.4,1.26,3.4651,17.7251688,0.022424242424242485,31.935377879999997,19.9073,1.5936,1.7986
603232.SH,-1625.3499999999997,1.46,4.7961,35.52768,0.056383668178872394,35.71900416,,2.8163,0.3278
603233.SH,990.6100000000001,1.26,1.0175,210.11865525000002,0.04407713498622594,210.11865525000002,15.4071,2.7858,3.5022
603235.SH,103.38,2.39,0.1702,103.928972,0.019784946236559176,103.928972,18.7296,2.08,2.8473
603236.SH,20881.59000000001,2.46,5.7338,249.86710928000002,0.11491791577444678,249.86710928000002,25.8063,3.3937,1.0158
603237.SH,81.60000000000036,2.26,4.4709,29.704779849999998,0.05266538214515095,30.675831050000003,24.1217,1.7142,3.1542
603238.SH,24.21999999999997,0.87,1.7237,22.099870499999998,0.0194489465153971,22.099870499999998,21.0746,1.5097,2.4096
603239.SH,254.60000000000002,1.1,0.9382,39.091968,0.02810962754743502,39.091968,19.9916,2.9445,1.4543
603248.SH,-48.84000000000003,0.89,2.7592,12.885201,0.01980198019801977,82.892,49.97,3.6164,
603255.SH,-653.7399999999998,1.3,5.5172,19.54348192,0.04085365853658547,43.17077311,85.0272,2.6758,
603256.SH,37999.64,1.57,2.1933,1298.0379262499998,0.11784148882661498,1334.7172332,270.1721,45.255,
603257.SH,-49.190000000000055,0.83,5.8071,16.52115,0.02179104477611931,79.62,43.8908,3.1203,0.7536
603258.SH,311.39,1.97,1.5298,32.07427206,0.042352941176470524,32.26344192,,1.6921,
603259.SH,-50577.330000000075,1.05,1.9256,3828.1430935599997,0.03322744599745864,4639.35838464,21.4093,5.5672,1.0951
603260.SH,-1488.9399999999996,0.8,0.6557,410.46223568,0.01824921585400629,410.46223568,,1.3824,1.2854
603261.SH,-1968.6299999999997,1.5,5.1878,43.511307,0.08859649122807013,43.511307,,8.8829,
603262.SH,47.720000000000255,0.72,3.461,19.81564722,0.024960169941582712,75.961899,69.6457,4.8048,
603266.SH,321.9599999999998,3.19,2.4645,32.975431439999994,0.08845671267252209,32.975431439999994,34.7649,2.0229,1.0253
603267.SH,978.71,1.03,2.6041,114.36193741,0.054406288787753464,114.36193741,40.0807,2.4952,0.5445
603268.SH,16192.910000000003,1.68,4.3684,453.04108654,0.06406833956219968,1978.65383487,35.2314,15.1505,
603269.SH,-688.3099999999977,2.06,10.5495,105.394702,0.08205590622182148,105.394702,87.736,10.4252,0.6277
603270.SH,8129.130000000001,2.7,12.8119,21.39180175,0.09927272727272729,66.27977675,47.7036,2.8968,1.157
603271.SH,556.9600000000005,1.03,2.4662,39.6084288,0.013494318181818187,82.978938,11.1602,2.4475,1.1972
603272.SH,388.1700000000001,1.61,6.8346,16.6943097,0.1138482023968042,16.6943097,,3.1326,0.5939
603273.SH,22.20999999999998,1.45,5.4934,8.442395040000001,0.0420624151967435,32.44427004,137.7884,3.6359,0.3633
603275.SH,-31.710000000000008,0.67,1.3583,15.3932416,0.028914348063284297,55.091505940000005,29.6352,1.8032,0.4553
603276.SH,-590.19,1.46,4.1302,11.68390152,0.024010382868267423,32.144142599999995,41.6148,1.7951,0.799
603277.SH,-32.55000000000001,0.53,0.5186,71.8890534,0.026868178001679285,72.12106881,22.8401,2.6317,5.9224
603278.SH,249.58000000000015,1.08,2.4178,31.9545039,0.037239868565169754,31.9545039,,1.6846,
603279.SH,-1388.2199999999998,0.96,2.4916,64.9572371,0.02688638334778827,64.9572371,15.9594,1.4247,7.9863
603280.SH,559.81,1.26,2.4128,29.1614023,0.035232383808096,29.1614023,42.2343,2.1167,0.9665
603281.SH,-355.85000000000014,1.02,0.6705,102.6900864,0.030256410256410248,102.6900864,26.6062,2.0649,3.5928
603282.SH,452.46999999999997,2.33,3.4344,23.378354,0.10018214936247716,23.378354,29.0285,1.7763,1.3313
603283.SH,1732.0900000000038,0.91,5.8231,173.37238516,0.07144362486828242,173.37238516,31.8946,4.9545,0.6353
603284.SH,-762.46,1.2,11.0485,7.88461734,0.041627689429373275,31.53846936,14.9983,1.4095,
603285.SH,-621.6600000000003,0.85,8.0413,21.13730424,0.06126126126126124,54.288,39.9475,3.1586,0.5894
603286.SH,294.4399999999987,1.4,5.2409,53.766732,0.1186638635832749,54.277102,,6.756,0.0644
603288.SH,-8216.38,0.78,0.3385,1869.76766778,0.01641266119577967,1967.7064335,26.8917,5.0333,3.3247
603289.SH,-138.79999999999995,0.89,1.2004,26.171092679999997,0.023437499999999896,26.171092679999997,59.9984,1.8059,1.6814
603290.SH,-2671.2800000000007,0.65,2.5437,218.39983199999998,0.02931810695069729,218.39983199999998,112.1238,3.1745,0.6974
603291.SH,-677.1000000000001,1.05,1.0984,37.8782437,0.03247480403135489,37.8782437,40.1846,2.1583,1.676
603293.SH,-479.38999999999993,0.98,2.8826,12.5856049,0.02533407572383064,64.22188916,25.7562,2.1796,
603296.SH,16595.73999999999,1.2,3.0174,651.6544176,0.07237851662404088,1236.895248,23.9479,3.8514,0.7859
603297.SH,5436.6500000000015,2.73,2.5127,128.29073526000002,0.11924427988227478,128.29073526000002,61.9523,6.2475,0.735
603298.SH,-1334.5500000000002,0.82,0.3415,340.8130824,0.022848438690022902,340.8130824,14.8797,2.795,2.6902
603299.SH,303.25,0.86,0.7077,84.78792974000001,0.018826135105204866,85.73743902,24.3075,1.0661,4.0388
603300.SH,949.5800000000008,0.91,1.2484,96.9606277,0.018595041322314022,96.9606277,22.8733,1.4206,0.5173
603301.SH,290.8599999999997,1.11,0.6097,215.5868554,0.030911901081916472,215.5868554,77.8765,3.798,0.803
603303.SH,381.46000000000004,1.38,0.6555,121.23931732000001,0.07042253521126758,121.23931732000001,61.2767,3.9064,5.327
603305.SH,1217.4299999999998,1.36,1.3583,131.63520954,0.022084805653710248,131.63520954,32.7286,1.4164,2.7505
603306.SH,225.4300000000003,1.07,3.7082,257.96218353,0.05541136776537776,257.96218353,246.9211,7.2538,0.111
603307.SH,-295.63,0.78,1.2615,24.336075,0.021660649819494695,24.72728085,23.3076,1.7606,2.745
603308.SH,-1746.6699999999983,1.88,4.1764,322.55053092,0.09024778358717887,322.55053092,84.5206,6.2177,0.1474
603309.SH,66.13999999999999,0.67,0.8204,33.2733396,0.009632224168126044,33.2733396,58.1187,1.8707,4.4009
603310.SH,-209.05,0.92,0.7552,28.344860999999998,0.012303485987696493,50.454174,32.0533,1.252,2.0534
603311.SH,-383.8900000000003,1.23,1.5118,65.85878488,0.04980007270083609,65.85878488,107.0146,5.0085,0.4298
603312.SH,268.82000000000005,1.01,1.7179,16.35025145,0.023937007874015797,51.37583945,24.9871,2.8403,3.5719
603313.SH,4576.43,3.39,8.055,38.45755706,0.11256117455138669,38.45755706,,1.131,0.7418
603315.SH,1553.6600000000008,5.13,6.1688,39.02061534,0.09146341463414624,39.02061534,146.4932,2.2569,0.6816
603316.SH,-846.61,1.18,2.8596,37.2083712,0.03532804614275403,38.0158592,,6.8925,
603317.SH,-519.3399999999999,0.79,0.7424,142.84936995,0.014727540500736325,142.84936995,18.7839,3.3583,4.092
603318.SH,2149.019999999997,1.19,17.3828,46.18253254,0.04192229038854808,55.80012392,247.1769,2.9106,0.5594
603319.SH,6026.569999999996,1.64,8.9242,96.08111001,0.11014711429649195,96.08111001,166.8076,3.8879,0.5295
603320.SH,-164.89999999999986,0.69,2.8987,26.16024348,0.050145772594752155,26.16024348,36.8707,2.2027,0.7982
603321.SH,-119.57,1.94,1.5695,22.91353925,0.03527607361963197,23.14362925,65.5543,1.6038,2.6302
603322.SH,-286.3799999999999,1.16,2.2679,40.90953328,0.04437400950871637,40.90953328,,13.0345,
603323.SH,1139.3099999999995,0.8,1.7941,96.5872086,0.016241299303944384,96.5872086,4.6463,0.4842,5.3007
603324.SH,38.219999999999914,1.05,2.6047,39.824808659999995,0.05077096652877027,41.21844636,,2.5208,0.4469
603325.SH,361.76,1.49,2.1719,19.163101920000003,0.043253234750462034,44.8502424,16.8963,1.6285,3.0771
603326.SH,-463.98,3.3,3.5731,23.84251443,0.08563535911602212,23.84251443,18.0507,2.0665,8.7322
603327.SH,-35.48000000000047,0.97,3.272,101.82774556,0.03316062176165788,101.82774556,70.1991,4.2213,1.8775
603328.SH,503.65999999999985,0.92,1.4083,111.72572694000002,0.040145985401459965,111.72572694000002,35.7179,2.6488,1.7694
603329.SH,68.17999999999995,1.36,3.0457,21.79405536,0.03160919540229886,26.40540672,20.0487,1.7226,0.1804
603330.SH,-11293.119999999995,0.9,26.0418,42.9082426,0.07894736842105272,45.647064799999995,,3.4643,
603331.SH,122.15000000000009,1.42,2.2258,26.24239288,0.03622047244094495,26.24239288,,2.2954,0.6163
603332.SH,206.42000000000007,1.3,2.1879,26.02656816,0.031223628691983057,26.02656816,26.5586,1.9928,1.8229
603333.SH,-1943.6799999999994,0.56,3.4189,62.83644036,0.03595724003887262,75.33582765,,3.6645,0.0802
603334.SH,-312.4200000000001,0.72,3.7046,10.25452241,0.018098159509202558,46.25005,33.7798,2.6738,
603335.SH,-555.64,0.62,1.8329,28.8997605,0.02674591381872223,28.8997605,44.4647,11.1694,
603336.SH,-1307.46,0.85,2.456,56.489113919999994,0.04083769633507859,56.489113919999994,351.7911,3.9393,0.0539
603337.SH,953.3199999999999,0.7,0.5483,179.01252234,0.02857898915056889,182.59955873,20.9814,3.378,1.2469
603338.SH,-161.69000000000005,0.51,0.6479,291.55512082,0.028770706190061,291.55512082,15.8746,2.4749,1.7367
603339.SH,947.0600000000004,1.18,2.7182,46.354291759999995,0.036152796725784524,46.354291759999995,27.0474,1.6621,1.541
603341.SH,115.23000000000047,0.74,2.2028,99.87475905000001,0.03419267299864309,195.1875891,41.0605,2.6706,1.3024
603344.SH,282.73,1.25,6.6408,12.96744,0.05012531328320799,46.68744,30.9003,2.1429,1.2917
603345.SH,-6920.889999999999,1.41,3.6238,219.70668522,0.04256965944272442,249.66671499,16.5849,1.5767,4.5075
603348.SH,-45.19,0.94,0.4958,45.504850839999996,0.019594121763470914,45.504850839999996,,1.1895,1.0366
603350.SH,-98.02000000000001,1.4,1.0246,12.5754825,0.015093015093015083,33.200790000000005,38.3731,2.4562,4.3761
603351.SH,33.47000000000003,0.83,0.8083,35.56630766,0.04219409282700427,35.56630766,22.9482,1.9886,1.5232
603352.SH,38.579999999999984,0.85,1.5559,11.73679137,0.014717273431448451,58.68398274,31.3825,1.9819,
603353.SH,797.19,1.46,2.7353,57.7035348,0.060281517747857984,57.7035348,125.7565,3.4971,0.8989
603355.SH,59.58999999999992,0.55,0.3524,158.2575444,0.024294390853876375,158.2575444,26.2259,2.6945,
603356.SH,-76.46000000000004,0.91,1.6051,22.947814,0.03640634174985326,22.947814,,8.3946,
603357.SH,-136.97,0.75,0.4815,34.02497831,0.008237232289950547,34.02497831,21.4158,0.8755,5.7664
603358.SH,4793.470000000001,1.42,2.8558,229.59234232,0.12654867256637164,233.5562196,,6.835,0.9859
603359.SH,-420.57000000000016,1.78,2.3171,10.3048176,0.043859649122807064,10.3048176,,0.746,
603360.SH,-1505.6400000000003,0.77,1.8665,95.12833239,0.041877256317689536,95.12833239,54.2189,6.7792,3.1817
603363.SH,-71.71000000000049,1.01,1.273,63.53905512,0.01999999999999987,80.83943224,,2.7307,
603365.SH,-316.71999999999997,0.5,0.6511,45.15001673,0.017785427423981773,45.38561027,10.9142,1.4695,5.1361
603366.SH,-33.72999999999956,1.87,7.0233,62.76731332000001,0.12059620596205946,62.76731332000001,36.9132,1.4518,0.6995
603367.SH,-120.71000000000004,0.57,1.5831,66.32847565,0.016835016835016835,66.32847565,14.5289,1.0393,2.785
603368.SH,-151.13999999999987,1.25,1.1912,62.64023778,0.01821608040201011,62.64023778,9.6466,0.7949,4.7617
603369.SH,-2054.8100000000004,1.02,0.8779,353.09376000000003,0.02177730944854236,353.09376000000003,14.3729,2.0591,4.2373
603370.SH,-126.07000000000002,1.03,1.3621,11.469722,0.030181706190329657,57.34861,42.8182,2.9372,
603373.SH,-360.14999999999986,0.93,2.6266,27.272623359999997,0.04126611957796009,64.55056576,47.9872,3.4414,1.166
603375.SH,333.48,2.42,4.4903,25.87591113,0.09735449735449736,40.840439620000005,,2.6534,0.2465
603376.SH,-172.1,0.62,3.98,8.285007120000001,0.03026775320139688,103.56025890000001,62.34,6.0479,
603377.SH,-43.96000000000001,1.48,0.4269,21.10667688,0.034602076124567505,21.10667688,,,
603378.SH,-12.769999999999754,0.45,1.3823,27.77305968,0.06451612903225805,27.77305968,,,
603379.SH,-1468.5200000000004,1.38,1.8795,358.5343167,0.038544251447477224,358.5343167,16.7785,4.2264,1.3064
603380.SH,119.01999999999953,1.08,2.3542,57.261464280000006,0.06802325581395359,57.261464280000006,25.6626,3.6069,2.8019
603381.SH,-455.87,0.59,2.4382,21.76128187,0.02564102564102568,36.32393953,,1.0919,3.6577
603382.SH,274.55000000000007,0.49,2.4131,22.90085397,0.024353120243531222,35.94215262,35.7035,2.002,1.0086
603383.SH,-694.0200000000002,0.85,1.288,59.8672206,0.024473147518694727,59.8672206,30.3279,4.1279,2.7445
603385.SH,419.91,3.31,2.5038,22.306969,0.09075043630017444,22.306969,,0.6432,1.8771
603386.SH,151.30000000000007,0.83,1.3622,47.349409259999995,0.047316384180790955,47.349409259999995,,3.585,
603387.SH,271.4399999999998,0.66,1.4972,47.266706199999994,0.016077170418006468,47.266706199999994,15.9607,1.6079,1.9313
603389.SH,134.13000000000056,1.03,0.962,116.005008,0.069626168224299,116.005008,,58.2917,
603390.SH,1.9999999999997726,1.0,1.6393,35.914870199999996,0.026838966202783258,35.9721582,28.5258,2.1175,0.8798
603391.SH,1189.88,1.03,8.2826,16.4801,0.043042619249223785,65.9204,31.9772,3.0489,1.7256
603392.SH,1232.0299999999988,1.16,1.1127,366.54747272000003,0.0418175831412578,366.54747272000003,,3.1232,
603393.SH,-423.5199999999995,0.67,1.4912,111.32173337999998,0.01870943108056504,111.32173337999998,19.4976,1.1491,
603395.SH,-7294.91,1.23,40.373,18.915,0.1429032258064516,75.66,225.6581,5.3525,0.3965
603396.SH,340.0599999999995,1.63,9.8089,42.7495865,0.05172413793103444,42.7495865,83.7695,1.6381,0.4861
603398.SH,-83.66000000000008,0.51,0.8625,45.14208015,0.03272377285851779,45.14208015,,,
603399.SH,-5878.91,0.77,8.6666,77.81694214,0.0359477124183007,77.81694214,915.6573,4.5879,
603400.SH,-159.07999999999993,0.97,9.755,16.58613978,0.09641002483630608,59.436219779999995,69.5489,4.9975,0.673
603402.SH,786.6900000000023,2.03,21.3763,18.43024889,0.08462992583975561,73.72106889,24.2099,2.5718,
603406.SH,25.449999999999818,1.76,10.9393,18.790336,0.10049423393739705,128.0032,27.2808,2.7128,1.5625
603407.SH,-2253.9399999999996,0.65,9.1315,20.609896799999998,0.02560553633218,234.07957728,85.357,10.9206,
603408.SH,837.6999999999998,0.76,1.1382,52.8583713,0.04123711340206189,52.8583713,12.9432,1.556,4.2337
603409.SH,-317.70000000000005,0.95,3.8703,9.945878800000001,0.02182214948172407,34.66380034,22.8629,2.2578,1.8179
603416.SH,578.9299999999998,1.27,2.1078,67.47053935,0.046928327645051254,75.89775095,26.9047,2.8214,3.0175
603418.SH,866.2099999999999,1.53,2.8116,18.5520231,0.020734730673878786,86.59117739999999,16.7048,1.8771,
603421.SH,-0.9800000000000182,1.09,1.3578,39.2618681,0.02847571189279731,39.2618681,,1.7054,
603429.SH,394.4000000000001,0.96,0.8,47.4134892,0.07728337236533961,47.4134892,,3.7979,
603435.SH,-106.1899999999996,1.27,10.3694,18.61103125,0.04435098451538903,239.45585125000002,94.1271,10.8703,
603439.SH,-708.01,0.58,2.0568,48.33967194,0.03286770747740348,48.33967194,12917.6177,3.2945,2.8473
603444.SH,-3159.100000000002,1.37,1.9601,276.27041439,0.02692743764172333,276.27041439,12.3306,4.5614,4.1817
603456.SH,-1723.2700000000004,0.69,2.1099,134.813459,0.023794212218649465,134.813459,22.7866,1.5146,3.2701
603458.SH,-259.29999999999995,0.64,3.1021,28.469578499999997,0.05298013245033117,28.469578499999997,,1.1554,
603459.SH,46514.76000000001,2.16,27.2464,75.07558943000001,0.14083854528607825,715.83979392,85.3172,15.9425,
603466.SH,10824.68,2.24,17.0811,70.6656258,0.07892376681614356,70.6656258,121.0233,3.3342,1.6834
603468.SH,-1262.61,0.81,6.6674,9.45330504,0.010075566750629657,97.44920988,25.9684,3.2876,
603477.SH,1146.7699999999995,1.07,2.5174,77.7347919,0.022368421052631572,79.7020947,,3.2033,1.0734
603486.SH,-1245.8200000000006,0.47,0.683,302.37594184,0.021501320256506987,305.13885203,15.0559,3.0314,0.8484
603488.SH,152.76999999999998,0.78,1.5988,24.58559168,0.0315533980582524,24.58559168,,3.2304,0.3563
603489.SH,-11.370000000000005,1.1,1.0221,65.6226546,0.041937816341287064,65.6226546,36.8839,2.3471,0.3575
603496.SH,490.78999999999996,0.92,2.2501,76.17776868,0.0386247877758912,76.17776868,194.3716,5.4242,0.1051
603499.SH,457.3199999999997,1.99,1.6404,54.94508337,0.0670482420278005,54.94508337,45.5827,5.7635,0.7867
603500.SH,-784.0799999999999,0.95,1.637,32.13003906,0.026014568158168577,32.146866779999996,22.5694,3.0855,1.3458
603501.SH,2223.479999999996,0.64,0.9152,1005.03833991,0.03121951219512198,1047.2904538799999,32.3507,3.2249,0.7429
603505.SH,73.57999999999993,0.95,1.2349,135.0878424,0.022755227552275582,135.0878424,46.6877,7.1706,0.657
603506.SH,405.80000000000064,2.58,8.1295,21.44422476,0.11092003439380903,21.44422476,25.2295,1.6931,
603507.SH,-650.5900000000001,0.8,2.4085,55.2950892,0.033193277310924335,55.91055600000001,22.7699,2.1431,0.9753
603508.SH,-853.9199999999998,1.11,0.7986,81.63084904,0.016233766233766135,81.63084904,14.3148,1.9806,15.3586
603511.SH,28.139999999999986,1.53,0.5541,52.767802489999994,0.04065676309616885,53.29129559,30.4669,1.2214,3.0516
603515.SH,-253.63000000000005,1.45,0.3824,115.3841782,0.028325123152709304,116.09254508,14.4087,1.7485,5.7406
603516.SH,928.4300000000003,0.74,2.6917,194.12122649999998,0.07666959578207369,194.12122649999998,43.0239,10.7058,0.2604
603517.SH,458.3699999999999,1.33,0.6797,70.41742078,0.027169149868536416,70.41742078,,1.1598,2.8399
603518.SH,-319.47,0.69,1.7191,27.9732162,0.016089108910891187,28.077117599999998,10.8594,0.7373,3.8278
603519.SH,-789.3799999999997,0.53,2.8197,45.24909322,0.02958236658932724,45.24909322,25.3028,4.2584,5.8295
603520.SH,-289.0,1.02,1.6432,39.15000407,0.022099447513812074,39.15000407,186.2335,1.5803,1.6797
603527.SH,-221.61000000000013,0.98,2.0717,32.20427392,0.026812313803376498,32.20427392,106.1997,1.5235,1.5748
603528.SH,-361.17999999999995,1.03,1.1017,45.46189844,0.02354788069073789,45.46189844,,2.4398,0.7709
603529.SH,-1116.73,0.69,0.6716,184.44604712,0.022367194780987903,187.36898807999998,12.6008,1.9124,5.633
603530.SH,418.5300000000002,0.74,0.7669,199.4123292,0.05153782211138813,201.2501526,41.3934,11.0869,0.9812
603533.SH,18641.330000000005,2.89,8.7827,99.14678712,0.08471275559883147,99.14678712,,4.3551,0.4427
603535.SH,-504.53999999999996,1.18,1.1142,32.6987712,0.023255813953488427,32.6987712,,1.3184,0.9502
603536.SH,71.69999999999999,0.78,1.6375,23.18731372,0.017525773195876282,23.18731372,,6.5582,
603538.SH,-18747.23,0.77,11.9406,89.11534,0.047619047619047644,89.9110089,76.9369,3.0663,0.1222
603551.SH,-146.57,0.75,0.6473,35.91161166,0.019007391763463537,36.23719512,13.3418,2.8266,8.9273
603556.SH,-76.30000000000018,1.05,1.3899,119.8641253,0.0388821385176185,119.8641253,18.0425,1.7605,2.8179
603557.SH,-297.7800000000001,0.89,1.0084,21.38388567,0.051428571428571344,21.38388567,,50.3702,
603558.SH,167.40999999999997,0.96,1.0127,41.185087599999996,0.040066777963272154,41.185087599999996,9.4061,1.8394,4.6813
603559.SH,-1036.0699999999997,3.39,10.7738,42.294595799999996,0.11273486430062613,42.294595799999996,,5.3803,
603565.SH,104.17999999999938,0.62,1.5821,269.01808311,0.03574144486692007,269.01808311,13.3685,2.4471,9.5238
603566.SH,85.15999999999997,1.96,1.3638,36.09429789,0.02516940948693125,36.09429789,24.6991,1.4174,5.6838
603567.SH,-1846.8199999999997,0.72,3.3335,53.26416711,0.03264604810996555,53.31134151,,0.8869,2.6473
603568.SH,-765.9500000000007,2.78,0.8991,296.20694004,0.03432032301480483,296.20694004,17.2381,2.0287,2.7452
603569.SH,122.55000000000001,0.86,0.7665,35.969035080000005,0.018581081081081134,35.969035080000005,,1.4723,6.0403
603577.SH,-294.8700000000001,1.43,1.6723,35.47394986,0.07142857142857145,35.47394986,45.0784,1.7947,0.8298
603578.SH,296.7800000000001,1.05,2.321,24.1137309,0.05479452054794525,31.293888850000002,,2.2643,
603579.SH,284.47,1.13,1.1522,36.10901104,0.01572150477259953,36.10901104,20.3354,1.3087,1.6972
603580.SH,1321.5400000000009,0.91,8.6089,112.15680756,0.08246434136401767,112.15680756,278.0028,25.0648,0.0955
603583.SH,-521.69,0.88,0.9731,95.56175,0.022909967845659178,96.44025,27.1361,2.0342,1.1928
603585.SH,473.76,1.4,1.8063,28.921012800000003,0.02932828760643335,29.40799944,17.6236,1.0558,
603586.SH,-40.42999999999999,1.26,0.8694,27.07489168,0.031065088757396445,27.07489168,58.9012,1.2044,3.6206
603587.SH,-313.53,2.46,1.4321,59.985985320000005,0.034063260340632597,59.985985320000005,20.0013,1.6413,3.9056
603588.SH,5018.3299999999945,0.74,3.5898,233.66417230000002,0.029032258064516082,233.66417230000002,17.2132,2.2414,0.4563
603589.SH,63.99000000000001,1.1,0.6671,112.92496159999999,0.0193009911319771,112.92496159999999,34.9465,1.0787,6.8909
603590.SH,-1039.96,0.64,1.534,47.783497,0.025365853658536507,48.021171,28.1412,1.5079,1.9893
603595.SH,-759.5200000000002,1.33,1.0482,61.48098835,0.04785415875427262,61.48098835,51.0802,3.6448,0.0567
603596.SH,-1565.6000000000004,1.27,2.875,251.96806112000002,0.026785714285714284,251.96806112000002,17.6376,3.0617,0.84
603598.SH,4618.459999999999,3.31,11.233,48.359827779999996,0.09526627218934909,48.41361778,258.545,20.9289,
603599.SH,1714.1299999999992,1.66,2.1195,91.48206465,0.03735632183908052,91.48206465,13.7907,0.8953,2.6866
603600.SH,-822.1099999999997,1.44,2.9174,33.63809976,0.026999999999999958,33.63809976,14.188,1.467,4.5256
603601.SH,-141.14999999999873,1.02,3.5954,104.7526697,0.04198895027624318,104.7526697,257.5561,3.844,0.2942
603602.SH,166.62999999999994,1.19,1.3113,27.4958425,0.035193133047210313,27.4958425,,3.0141,0.5662
603605.SH,-599.71,0.45,1.1469,238.89232080000002,0.026079869600651902,238.89232080000002,12.7946,3.5884,3.2816
603606.SH,-2938.4699999999993,0.79,1.2477,279.03271555,0.012813046010483334,279.03271555,20.4685,3.2996,1.1055
603607.SH,181.32000000000016,0.86,2.2025,40.46975856,0.031753130590339934,40.46975856,37.9285,4.0381,2.2056
603608.SH,5282.129999999997,1.92,6.2688,83.47583308,0.050761421319796954,83.47583308,233.3519,7.0308,
603609.SH,-119.75,1.48,0.4904,58.21867548,0.026033690658499222,58.21867548,,0.9158,0.8625
603610.SH,317.9300000000003,1.1,1.7253,52.10156016,0.03701165181631248,52.10156016,184.1177,1.7131,0.6775
603611.SH,-1058.66,0.83,1.053,41.93741024,0.018237082066869345,41.93741024,12.8961,1.3547,5.5098
603612.SH,-230.78999999999905,1.3,3.0565,86.22188895000001,0.030734206033010764,86.22188895000001,13.6932,1.4251,1.2066
603613.SH,1824.2099999999991,1.71,1.5135,136.03753663999998,0.03356794802382247,136.03753663999998,10.2462,1.3901,0.3487
603615.SH,-62.09999999999991,0.77,2.2629,45.46216,0.034554973821989535,45.46216,243.5236,3.9608,
603616.SH,-220.10000000000002,1.12,2.1528,21.8662717,0.031634446397187994,22.032704199999998,,10.7685,
603617.SH,-233.82000000000005,1.93,2.6778,27.341549410000002,0.04671532846715333,27.55965891,52.9198,1.7583,1.1335
603618.SH,-20016.639999999985,1.23,17.0703,241.91232244000003,0.05902004454342997,241.91232244000003,430.0531,8.0667,0.1715
603619.SH,4411.239999999998,0.97,6.6574,113.2729325,0.03237858032378585,113.2729325,36.7416,2.5945,2.0232
603626.SH,10189.609999999993,0.89,11.1004,115.30400166,0.1114567133229652,115.30400166,444.7066,5.3439,
603628.SH,-603.7600000000002,1.59,2.1338,26.618587859999998,0.03722334004024137,26.664113760000003,,2.0264,0.6773
603629.SH,-8530.27999999997,1.09,9.7064,440.65970544,0.07269695706544392,447.9949248,47.4609,16.9994,0.075
603630.SH,-45.02999999999997,0.78,2.0897,32.13669642,0.023141654978962138,32.13669642,,1.6879,0.624
603633.SH,-27.50999999999999,0.95,1.1997,28.63900468,0.031914893617021274,28.63900468,,1.6691,0.3989
603636.SH,215.0,1.36,1.811,41.2055955,0.04741379310344829,41.2055955,,2.3817,
603637.SH,-1104.69,0.76,5.1022,36.73376001,0.04102564102564095,36.73376001,60.1058,3.5226,1.2995
603638.SH,645.7399999999998,1.53,1.0738,167.4199294,0.03778605641298568,167.4199294,33.9992,3.6747,0.7446
603639.SH,-268.34000000000003,1.63,0.9334,36.26501461,0.03082502266545783,37.30746294,35.6694,1.0453,4.5554
603648.SH,-111.25999999999999,0.86,0.6059,33.8855968,0.011714589989350311,33.8855968,27.1049,1.8677,3.2086
603650.SH,-4625.339999999998,0.79,1.8306,387.189747,0.03624118024374596,388.123848,64.6147,9.2428,0.7678
603655.SH,-695.0799999999999,1.11,1.3219,32.913,0.04181075133605779,32.913,73.4026,5.8749,0.6064
603656.SH,-345.14,1.0,0.772,32.16180132,0.014797951052931222,32.16180132,95.2856,2.4213,0.28
603657.SH,-14.88000000000011,1.16,3.3563,33.797525,0.07931893687707642,33.797525,,3.9862,0.1392
603658.SH,-372.50999999999976,1.0,0.6568,188.11304416000002,0.029331720592682155,188.11304416000002,18.9222,2.1686,3.8275
603659.SH,-5934.1500000000015,1.12,1.316,504.31212384,0.036943744752308945,504.31212384,18.3013,2.3562,0.7094
603660.SH,-881.7400000000002,0.82,2.683,62.23555503,0.05097312326227996,62.23555503,,10.5442,
603661.SH,259.27,1.33,1.9404,44.1259591,0.06316812439261417,44.1259591,42.4846,1.1792,4.0025
603662.SH,932.6499999999996,1.59,2.2817,147.1548676,0.055071315372424746,147.1548676,49.3133,5.1058,0.5321
603663.SH,-2965.6500000000015,0.81,3.415,259.92573558,0.05582468281430223,260.10241781999997,173.8044,17.972,0.1221
603665.SH,93.24000000000001,0.78,1.5004,33.250814520000006,0.02513291445142579,33.250814520000006,322.9468,5.1128,
603666.SH,-1947.7200000000012,1.09,2.8438,53.58177528,0.04891710231516052,53.58177528,,2.6145,
603667.SH,1590.0499999999993,0.94,3.5677,191.1578616,0.051812450748621015,200.005344,259.7179,5.0079,0.2198
603668.SH,72.51000000000022,1.6,1.7208,54.626043599999996,0.04091341579448142,54.626043599999996,,2.572,
603669.SH,-396.16999999999985,0.66,2.5336,38.038486080000006,0.029143897996357037,38.038486080000006,,6.5479,
603676.SH,190.42,1.02,0.4585,39.90430955,0.01300108342361855,39.90430955,20.6762,2.5898,3.5428
603677.SH,-52.440000000000026,1.47,0.9248,26.90634573,0.035404624277456664,26.90634573,205.0813,2.411,1.7895
603678.SH,-7294.73,1.08,3.6049,223.516302,0.03586587436332778,223.516302,74.2533,3.4717,0.466
603679.SH,359.2099999999991,1.26,6.3509,42.04055492,0.057628524046434516,42.04055492,,4.8528,
603680.SH,-14.96000000000015,1.03,0.4719,81.58512708,0.02129719264278806,81.58512708,12.6001,1.3601,2.8818
603681.SH,-983.6,0.99,2.1793,43.72071702,0.023458810692853233,43.72071702,23.5756,1.259,0.6353
603682.SH,-679.3799999999992,0.95,3.244,52.96725,0.05782312925170081,52.96725,,7.9768,2.9438
603683.SH,-940.5300000000007,1.73,12.5533,48.91825376,0.03126843657817116,49.4245776,49.4763,2.8748,0.5241
603685.SH,1415.0199999999995,3.34,2.409,53.24738451,0.1115272575946733,66.85481715,232.925,3.3504,0.0202
603686.SH,-452.76,1.11,2.029,53.75669376,0.02155504234026169,53.75669376,33.1855,1.5407,1.221
603687.SH,1382.25,0.94,5.1907,88.06010719,0.05408805031446537,88.06010719,106.7652,2.6773,0.362
603688.SH,-3445.4299999999967,1.04,3.1841,276.79761129999997,0.03824500097068528,276.79761129999997,200.7696,4.7249,0.3699
603689.SH,203.32000000000005,1.17,0.8331,40.56722,0.016795865633074922,40.7505385,11.8065,1.095,4.8116
603690.SH,-2461.5299999999997,0.62,3.9041,95.77937143,0.02997601918465228,95.77937143,,2.9737,0.1985
603693.SH,-81.44999999999993,0.8,0.439,100.11274357,0.016042780748663076,100.11274357,27.9896,1.4152,1.3357
603696.SH,-1416.0300000000007,0.97,6.8038,32.83392,0.04433497536945818,32.83392,103.8224,5.7934,0.6447
603697.SH,-298.18,1.32,1.1166,40.2030574,0.01987447698744783,40.2030574,19.9813,2.2156,4.6809
603698.SH,747.8399999999997,0.86,1.7587,119.204176,0.03429355281207133,119.204176,58.4614,3.3835,0.7329
603699.SH,155.42999999999984,0.61,0.5435,386.19789138000004,0.0289940828402368,394.92910926,23.2628,8.5632,3.3575
603700.SH,-611.4300000000003,1.25,4.7815,23.7954661,0.04774305555555562,23.7954661,35.3079,1.4873,1.6801
603701.SH,26.019999999999982,0.76,0.8538,50.7042086,0.030098598858328923,50.7042086,366.2958,6.2987,0.2062
603703.SH,-204.12999999999988,0.56,1.7538,42.784654509999996,0.0263929618768328,42.784654509999996,,5.3033,
603706.SH,-91.92000000000002,1.24,1.4172,33.331355200000004,0.030016675931072774,33.331355200000004,15.4935,1.966,5.1136
603707.SH,4865.61,1.36,1.1992,128.2826894,0.03457106274007689,128.2826894,26.5695,1.8485,1.2594
603708.SH,242.80999999999983,0.9,1.0138,59.42933297,0.01910828025477723,59.42933297,29.1436,2.4333,2.5007
603709.SH,35.17000000000007,1.49,3.6399,20.44411197,0.05454545454545456,20.518652069999998,,4.019,
603711.SH,-509.6600000000003,1.63,2.4257,48.80171862,0.04032921810699575,48.80171862,23.9821,1.4068,2.1151
603712.SH,-320.4399999999996,0.95,1.3746,90.6328,0.02879581151832461,90.6328,,2.3976,
603713.SH,161.15999999999985,1.16,1.0183,108.5366446,0.037978607967756865,108.5366446,16.5456,2.2388,1.0346
603716.SH,257.1700000000001,0.7,5.5769,38.63280588,0.04098360655737701,38.63280588,,3.5366,
603717.SH,-33.15999999999997,0.87,2.3368,19.20767844,0.021148036253776387,19.20767844,,5.6688,
603718.SH,224.53999999999996,1.33,1.2207,20.44286055,0.035031847133758065,20.44286055,,2.2895,2.5145
603719.SH,-119.76000000000005,1.12,1.1647,38.16660806,0.04008221993833492,38.16660806,,1.9979,2.6161
603721.SH,3269.75,1.72,4.0872,24.83,0.10080645161290323,24.83,92.3979,5.2304,
603722.SH,141.62,0.92,1.1355,29.42151997,0.03457446808510636,29.853496970000002,,3.3823,0.3206
603725.SH,133.01000000000022,0.94,6.3128,33.90017624,0.07777777777777777,33.90017624,40.9012,3.8748,0.8885
603726.SH,-959.7700000000004,1.09,2.2256,45.19358064,0.03648424543946928,45.42491664,18.0233,2.9582,1.6329
603727.SH,176.18000000000006,1.5,1.3167,51.075709090000004,0.05507559395248378,51.075709090000004,,1.6538,1.3576
603728.SH,6703.800000000001,1.74,2.3181,214.00706925,0.07322654462242555,214.00706925,299.838,7.2025,0.047
603729.SH,-108.84000000000003,1.36,1.6444,11.225709179999999,0.03119730185497479,11.225709179999999,,4.027,0.0821
603730.SH,-617.3500000000004,0.6,0.6035,225.17261976,0.033271719038817114,225.17261976,26.8473,4.8367,2.569
603733.SH,837.1299999999992,2.45,2.0466,168.92623644,0.06852444038373687,168.92623644,15.6634,1.8965,2.0896
603737.SH,-2549.620000000001,1.46,1.518,221.7879405,0.035546875000000006,221.7879405,34.6456,7.054,2.4237
603738.SH,-13073.36,0.75,9.0688,152.00108625000001,0.035057185479860684,152.00108625000001,187.9712,8.2526,0.2023
603739.SH,381.21000000000004,1.04,1.99,32.817848330000004,0.03188180404354589,32.817848330000004,40.1918,1.8275,0.771
603755.SH,194.55999999999995,2.85,2.2246,24.17021787,0.07584149978696213,24.17021787,30.8367,3.1365,1.8095
603757.SH,8047.3499999999985,0.93,7.3222,129.42651673999998,0.10447303921568617,129.42651673999998,171.7433,6.149,0.9752
603758.SH,180.70000000000027,0.46,3.6789,50.284767599999995,0.035193133047210313,50.284767599999995,42.8534,1.9204,2.5512
603759.SH,-410.99,0.75,1.396,34.909056,0.019607843137254947,34.909056,23.3945,1.2039,
603766.SH,-1883.56,0.78,0.7599,304.74561796,0.046874999999999965,304.74561796,19.4758,3.3313,2.6954
603767.SH,44.389999999999986,0.77,0.8593,43.67135725,0.016925246826516235,43.67135725,,3.1791,1.4134
603768.SH,195.46999999999997,0.87,1.0786,28.19777415,0.030068728522336892,28.19777415,,1.2809,0.4893
603773.SH,-2824.810000000005,0.67,5.3985,214.52312727999998,0.045157206161637486,214.52312727999998,,21.0972,0.0517
603776.SH,394.1300000000001,1.64,1.0957,57.8366836,0.03966286564204267,57.8366836,,1.6951,1.0334
603777.SH,-106.30999999999995,0.88,1.3928,46.284309279999995,0.03249097472924196,46.284309279999995,,3.1222,
603778.SH,-946.4599999999991,3.33,14.1242,62.9999958,0.06563706563706562,64.6841258,,27.6873,
603779.SH,679.1300000000001,0.96,4.5354,27.263997879999998,0.03406326034063274,27.263997879999998,,5.651,0.1096
603786.SH,410.73,1.31,0.6727,158.27144073,0.03209940460781781,158.27144073,22.2922,2.7889,1.6586
603787.SH,85.07999999999998,0.89,1.0962,23.750840160000003,0.02450980392156863,23.750840160000003,102.5283,1.5664,1.938
603788.SH,-134.75,1.24,0.7227,30.916822859999996,0.017505470459518484,30.916822859999996,15.0332,1.5143,5.0505
603789.SH,189.37,1.46,1.6375,16.614,0.03697749196141486,16.94721294,,29.1905,
603790.SH,681.0799999999999,1.07,1.8174,45.696768,0.03857566765578636,45.696768,50.8729,3.4993,0.5025
603797.SH,428.58000000000004,1.4,2.1021,28.08067324,0.04621848739495812,28.08067324,22.2404,0.8297,1.848
603798.SH,-153.2600000000001,1.13,1.6313,34.18474501,0.025528811086797932,34.18474501,84.0834,2.8145,0.8125
603799.SH,-16108.269999999997,0.91,2.3504,746.92616904,0.02250562640660179,749.26883175,10.8482,1.4729,1.1203
603800.SH,-478.02999999999975,0.57,1.7483,131.4352,0.062307317864676345,131.4352,4709.88,17.1299,0.1534
603801.SH,3466.55,1.2,11.3414,28.580328700000003,0.0996932515337424,28.580328700000003,,0.9808,9.1638
603803.SH,505.420000000001,0.7,5.7699,48.861614,0.06927175843694489,48.861614,,3.1987,
603806.SH,-3923.459999999999,1.26,1.1058,398.61634296,0.03479973736047271,398.61634296,35.7137,2.448,1.6998
603808.SH,-228.07,1.64,1.5402,32.44500144,0.0294784580498868,32.44500144,17.9927,1.2336,0.5605
603809.SH,133.36,0.78,0.5255,82.91802088,0.017857142857142672,82.91802088,29.4897,2.229,1.5466
603810.SH,-236.4,1.52,1.5453,20.7504461,0.028915662650602365,20.7504461,75.5969,1.3543,
603811.SH,-237.59000000000003,1.14,1.3312,32.9464494,0.015027322404371627,32.9464494,18.5549,2.3214,2.4106
603813.SH,-197.1,1.06,0.792,29.929275,0.05029079712624013,29.929275,,6.2983,
603815.SH,-372.19000000000005,0.76,1.0946,33.7313689,0.02173913043478263,33.7313689,,2.1365,1.18
603816.SH,4491.399999999999,3.13,2.0703,192.62933883,0.08818703855619354,218.56556129999998,12.8943,2.1022,5.1886
603817.SH,-419.68000000000006,0.94,1.3847,32.9508552,0.013769363166953541,32.9508552,14.1924,0.9918,1.0381
603818.SH,-425.9299999999994,0.97,3.983,27.04982966,0.05837563451776649,27.04982966,,1.4153,
603819.SH,1461.0900000000001,2.04,4.0931,32.79016812,0.08794326241134753,32.79016812,102.7006,4.0152,0.1328
603822.SH,511.40999999999985,1.64,1.5812,47.65510577,0.055591677503251,47.65510577,26.9631,10.5632,
603823.SH,-517.6100000000006,0.8,4.8105,272.38774934,0.07259528130671501,272.38774934,148.9367,10.7972,0.2293
603825.SH,284.65,1.65,1.3786,21.96428322,0.047169811320754755,21.96428322,,,
603826.SH,-1771.42,1.04,0.9911,138.496176,0.03201970443349751,138.496176,405.4279,7.0253,
603828.SH,-12.949999999999989,0.84,0.5377,30.929265240000003,0.067437379576108,30.930329190000002,,6.6732,
603829.SH,463.7300000000001,1.86,2.9563,29.82121862,0.05209656925031768,29.82121862,58.1998,1.9659,0.6707
603833.SH,999.5799999999999,1.92,0.9942,193.89327672,0.06249999999999992,193.89327672,13.6519,1.0761,7.7476
603836.SH,-4.189999999999941,1.61,1.8886,26.2193542,0.03474484256243217,26.9036742,45.3569,1.5475,1.1258
603838.SH,-1402.0400000000004,1.09,1.7633,37.281864,0.0828173374613002,37.281864,,4.3108,
603839.SH,-902.2400000000002,1.62,5.2448,26.58801294,0.04373177842565608,26.58801294,,1.5403,1.4486
603843.SH,-1725.6299999999997,1.19,2.6635,52.26185304,0.07236842105263155,52.26185304,,,
603848.SH,191.0,0.83,0.8414,56.0149848,0.017441860465116164,56.0149848,25.5448,2.166,1.4368
603855.SH,-499.08000000000015,2.52,1.403,56.36946,0.03416717510677256,56.701848,15.8001,2.4454,5.9527
603856.SH,621.2400000000001,1.16,1.2881,32.915946870000006,0.019147084421235756,32.915946870000006,13.1393,1.1903,1.8595
603858.SH,-75.08999999999969,1.32,0.705,157.34160527999998,0.02241265655899813,157.34160527999998,66.7638,1.5642,2.6139
603859.SH,2007.9900000000007,1.43,3.0779,95.13846576,0.07879273504273493,103.57597008,49.3925,2.4754,0.0472
603860.SH,-67.81,1.23,1.7534,18.07028,0.02543958099513654,18.07028,37.2403,2.1799,0.6173
603861.SH,-492.52,0.77,1.0613,61.79176185,0.018041237113402133,63.18772319999999,30.133,1.5787,1.1633
603863.SH,-1125.4600000000003,0.88,2.2618,26.502175,0.02696456086286592,26.502175,,12.1559,
603866.SH,-427.61999999999995,0.83,0.6731,67.988066,0.029885057471264347,67.988066,30.1816,1.3507,3.0588
603867.SH,-850.1199999999999,0.73,2.4372,65.78444350000001,0.03860232945091514,66.3334435,24.1654,2.1185,1.2915
603868.SH,-77.91000000000003,1.09,0.2,134.12124,0.020019373587342622,134.12124,24.3657,3.8671,1.6239
603869.SH,25.32,0.88,0.1298,42.9010116,0.014840182648401713,42.9010116,143.9179,1.1422,0.1452
603871.SH,982.24,0.44,0.586,186.59638668,0.02917578409919769,186.59638668,14.2281,2.9806,3.561
603876.SH,-2017.3599999999988,1.3,2.9195,208.6204864,0.05176071277047089,208.6204864,25.9198,2.712,0.4459
603877.SH,231.51,1.28,0.3641,59.55716483999999,0.024603174603174502,59.63091912,30.0743,1.3597,3.1599
603878.SH,-129.90000000000003,0.96,1.7411,28.73088,0.019417475728155442,28.73088,,1.1352,1.7421
603879.SH,-266.36999999999995,1.1,3.3724,19.51240092,0.04933586337760907,19.51240092,,8.2099,
603880.SH,858.8200000000002,0.96,5.1816,27.545702600000002,0.06714876033057855,27.545702600000002,,17.281,
603881.SH,2253.2800000000025,0.74,3.3841,219.65095151999998,0.042578591325109445,219.65095151999998,157.2736,6.4953,0.1957
603882.SH,698.6300000000001,0.7,1.9347,125.98485348,0.025528811086797932,126.84012254000001,124.6511,2.0088,3.214
603883.SH,550.6199999999999,0.76,1.2897,99.64228326,0.017450682852807316,99.64228326,23.1314,1.4271,1.6765
603885.SH,4066.3600000000006,3.76,1.3575,219.28643583,0.034123222748815275,219.28643583,32.0386,2.5379,0.986
603886.SH,407.9200000000001,0.56,2.1141,30.456,0.03483768804433884,30.456,40.52,2.2652,7.8802
603887.SH,-39.94999999999709,1.26,8.216,58.75806944000001,0.07247899159663879,58.75806944000001,,1.6698,
603888.SH,2490.68,2.2,1.5049,123.20719199999999,0.02955665024630545,123.20719199999999,38.4147,3.219,0.5729
603889.SH,-685.2900000000001,0.56,1.048,56.33981652000001,0.019736842105263174,56.76244105999999,10.6122,1.5105,3.8608
603890.SH,535.8299999999981,1.26,9.7389,94.93400606,0.06497797356828192,94.93400606,36.0129,2.9695,0.6793
603893.SH,104351.35000000003,2.17,4.2136,823.29005264,0.03725268513284343,823.3951312400001,60.197,16.7257,0.4593
603895.SH,-298.42999999999995,0.73,1.0272,29.008671999999997,0.025689459765772565,29.008671999999997,170.9069,13.967,
603896.SH,-122.91999999999999,0.55,0.517,29.260799640000002,0.010774410774410664,29.260799640000002,,1.3194,1.8293
603897.SH,-999.2000000000007,1.23,7.4992,64.32536411999999,0.03733248245054238,64.32536411999999,20.1059,2.7065,5.7766
603898.SH,-675.5600000000001,1.72,1.2172,34.43632365,0.03897254207263061,34.43632365,,1.1541,0.7051
603899.SH,-803.8599999999999,2.15,0.6872,212.64769188,0.024653979238754335,212.64769188,15.8806,2.4382,4.3066
603900.SH,-8021.85,1.47,12.2703,24.23057266,0.0484076433121019,24.24329866,132.9133,1.2365,1.4149
603901.SH,-494.3800000000001,1.15,1.2885,54.21608423,0.02330508474576278,54.95861418,27.16,1.5308,0.1323
603903.SH,447.59000000000015,0.77,2.6718,36.2043051,0.045161290322580705,36.2043051,,2.538,
603906.SH,-1594.7200000000003,0.82,2.6415,109.16502135,0.025012761613067813,153.39659741,46.0479,2.9605,
603908.SH,28.309999999999995,0.91,1.0824,18.4857095,0.031298101590559235,18.4857095,,3.7143,3.283
603909.SH,-101.94999999999999,0.95,0.6535,25.70236766,0.026694045174537964,25.70236766,22.1205,2.1939,1.217
603912.SH,1978.9799999999996,1.16,6.246,50.11095012,0.07303370786516858,50.11095012,,2.9949,0.865
603915.SH,1017.8000000000002,3.78,2.3413,94.9490595,0.08860759493670882,96.57580949999999,36.2475,2.5295,1.6348
603916.SH,-387.25,1.42,2.9846,48.29566422,0.04633529907329408,48.29566422,36.6525,1.1359,0.8958
603917.SH,162.05999999999995,1.57,2.2123,27.396096000000004,0.03136954858454477,27.396096000000004,173.2147,1.6594,1.1161
603918.SH,-142.55999999999995,0.78,3.9039,42.02387325,0.04097646033129894,42.02387325,,4.3314,
603919.SH,86.0,1.91,2.1376,87.045816,0.045184304399524255,87.045816,32.2193,2.5587,2.8538
603920.SH,-1130.3999999999978,0.93,2.36,278.50892395,0.05307855626326964,278.50892395,72.5462,4.4058,2.3285
603922.SH,-46.42000000000007,2.9,2.0806,26.772479999999998,0.10832137733142036,26.772479999999998,,2.8572,
603926.SH,214.31999999999994,1.23,2.3244,39.40414902,0.07933579335793352,39.77081262,40.7449,2.2604,1.537
603927.SH,-363.4000000000001,0.83,1.0393,116.927328,0.0176678445229682,116.927328,56.4179,3.8052,2.7719
603928.SH,-841.95,0.94,2.6426,41.429606400000004,0.021138211382113803,41.429606400000004,34.2633,2.5624,1.0121
603929.SH,-4787.26,0.81,1.789,352.705416,0.04159582220063149,352.705416,28.8705,14.7719,1.2098
603931.SH,-767.04,0.72,1.9868,72.89868351999999,0.04711458042932827,72.89868351999999,59.7245,3.4105,0.6022
603933.SH,81.32000000000005,1.27,1.9133,40.72025052,0.04986876640419943,40.72025052,62.5724,3.0112,0.3058
603936.SH,-5629.939999999999,0.76,6.3174,115.6149932,0.05791505791505796,118.35682320000001,,2.779,
603937.SH,-295.49,1.33,2.8348,24.858148,0.03489361702127661,24.858148,105.9337,1.5965,
603938.SH,-1186.2999999999956,1.13,5.0991,174.70634669999998,0.02477914242620122,174.70634669999998,108.5423,6.6838,0.0371
603939.SH,-1082.6399999999994,0.84,0.7956,277.395404,0.024912587412587426,277.395404,15.7413,2.3318,3.0595
603948.SH,58.53999999999999,0.99,0.7253,32.741573800000005,0.014895729890764682,32.741573800000005,20.8613,1.6046,4.9628
603949.SH,10.529999999999973,2.45,2.2346,30.500789030000004,0.056671449067431795,30.577895169999998,31.5754,2.8224,0.6905
603950.SH,8085.0999999999985,1.08,3.5305,213.23521792000003,0.13717627401837929,213.40771872,54.4816,6.7989,0.3271
603955.SH,153.53999999999996,0.68,2.2737,27.8226,0.026506024096385576,27.8226,,1.9856,0.2439
603956.SH,325.2099999999998,1.22,3.329,35.163218709999995,0.051324503311258214,35.163218709999995,,1.9791,
603958.SH,3354.0,0.85,15.6898,49.575359999999996,0.18979779411764716,49.575359999999996,,7.5339,
603959.SH,-467.8700000000001,0.51,1.6815,21.180916800000002,0.029953917050691222,21.180916800000002,,,
603960.SH,-445.8699999999999,0.93,1.7068,42.50227959,0.036477987421383654,42.50227959,11811.7511,3.8199,0.3523
603966.SH,-560.9700000000003,2.61,3.2335,38.92531279,0.04396984924623111,38.977578009999995,16.5924,1.8701,2.3527
603967.SH,33.06,0.69,0.9096,40.45600389,0.015345268542199463,40.45600389,13.8032,1.7392,5.1414
603968.SH,-176.83000000000004,1.22,1.255,22.288320000000002,0.02590194264569853,22.288320000000002,,1.262,
603969.SH,502.07000000000016,0.5,1.2448,66.08057488,0.01686121919584953,67.63102288,15.55,2.2389,1.0141
603970.SH,-498.3799999999999,1.28,2.3461,29.621771019999997,0.03765323992994744,29.621771019999997,19.1754,1.8521,4.0835
603976.SH,1190.8200000000006,1.94,4.0984,52.25661525,0.07167352537722907,52.25661525,305.5572,4.4594,0.7118
603977.SH,-474.3799999999999,0.99,1.0948,71.69130372000001,0.02389078498293525,71.69130372000001,31.3171,2.0855,0.7799
603978.SH,10476.689999999999,3.6,10.5782,44.16092756,0.12145110410094649,44.16092756,,2.6587,
603979.SH,8443.689999999999,1.54,1.9701,509.76331272,0.05494371023005378,509.76331272,17.9372,4.1767,0.5506
603980.SH,2186.529999999999,2.13,9.2859,48.7320048,0.05915492957746478,48.7320048,50.238,1.2591,0.9722
603982.SH,276.18,1.24,1.3845,21.49373655,0.030254777070063757,23.11265937,,1.1374,
603983.SH,1185.8800000000003,1.79,1.1068,114.4855,0.05545617173524153,114.4855,50.1471,3.3853,2.627
603985.SH,3614.4000000000005,1.82,3.6687,79.2221826,0.10071942446043164,79.2221826,70.9497,2.3853,
603986.SH,86855.56000000006,0.84,4.7453,2714.07725204,0.049266670026712395,2849.08483804,35.9309,7.6417,0.0831
603987.SH,-238.06000000000003,0.65,0.7297,33.06507113,0.011811023622047225,33.06507113,14.5302,1.1689,1.9815
603988.SH,-813.2300000000005,1.08,3.2392,46.0992,0.056974459724950896,46.0992,12273.1096,7.0266,0.2041
603989.SH,29438.359999999993,2.53,10.2416,125.45615654,0.12517482517482523,125.45615654,43.2699,3.158,0.4768
603990.SH,-2560.4399999999987,0.95,6.3306,67.73395426,0.09356458238247378,67.73395426,387.848,8.0485,
603991.SH,1884.1899999999987,1.36,3.0013,125.89727265,0.08145941921072224,214.72510917000002,137.4561,5.9266,
603992.SH,1557.8899999999999,1.95,1.6848,97.11476256,0.07273580478648525,97.11476256,36.3706,2.6984,1.6493
603993.SH,-52193.919999999984,0.71,1.1419,3328.03652332,0.033316248077908873,4077.75552412,14.6578,4.5475,1.3379
603995.SH,175.75999999999976,0.84,1.1906,91.81139875000001,0.024622716441620233,91.81139875000001,15.2162,1.5459,3.1683
603997.SH,568.0300000000002,0.94,0.8896,145.16542509,0.01310043668122274,145.16542509,21.8369,2.6397,
603998.SH,-448.8200000000015,2.89,8.583,48.12332144,0.04952380952380965,48.12332144,14.3734,2.708,3.7409
603999.SH,-86.73000000000002,1.74,1.4439,33.4656,0.03703703703703703,33.4656,42.2326,1.5948,0.568
605001.SH,-164.33,0.63,1.4511,22.787388,0.03826086956521735,22.787388,1401.5765,0.8642,3.4483
605003.SH,49.28,1.07,1.1224,25.63,0.03614457831325301,25.63,37.5962,1.789,1.7597
605005.SH,26.190000000000005,0.64,0.2063,64.3605,0.013116801998750722,64.3605,35.6259,3.0999,1.2461
605006.SH,-7374.919999999998,2.13,8.0489,98.88987669000001,0.03153153153153155,98.88987669000001,1399.1334,3.2016,
605007.SH,594.6600000000003,2.1,1.9972,75.97979371,0.09470198675496687,76.164373,21.5779,2.0877,1.5654
605008.SH,-302.73,0.41,0.5009,83.975112,0.030468750000000044,83.975112,,4.3745,
605009.SH,-86.88,0.71,0.8171,53.33095575,0.026264210113680974,53.33095575,22.4696,1.5812,2.4373
605011.SH,355.30999999999995,1.08,0.6206,66.65666,0.02028639618138424,66.65666,38.7841,2.6801,1.3205
605016.SH,-333.77999999999975,1.96,2.4924,89.0426076,0.06421591437878078,89.0426076,21.7493,4.2345,0.9797
605018.SH,-472.36,0.8,1.327,56.501909160000004,0.04610226320201165,56.501909160000004,70.9169,2.0447,1.2316
605020.SH,-1172.5699999999997,1.16,2.9621,173.760242,0.03377001455604066,176.48786085,21.9742,2.9227,0.6652
605028.SH,-23.180000000000007,1.73,0.7451,39.184,0.034313725490196074,39.184,34.4622,3.0609,4.4916
605033.SH,-42.340000000000146,1.65,5.9199,27.99992,0.06059113300492613,27.99992,44.0286,2.3518,0.7243
605050.SH,66.83000000000004,2.29,0.706,52.19061228,0.04347826086956515,52.19061228,13.6513,1.1664,3.2988
605055.SH,-98.61999999999989,2.15,1.5918,44.792,0.09128205128205134,44.792,,4.6505,0.5834
605056.SH,-231.47999999999996,0.94,0.9811,56.596065960000004,0.016499282639885253,57.43786596,21.9816,3.2755,2.5344
605058.SH,-107.40999999999997,1.1,1.5928,40.60502091,0.05161054172767204,40.60502091,29.4236,2.2877,2.1119
605060.SH,-46.190000000000055,1.29,2.0658,104.27286600000001,0.0588513353817065,105.01404299999999,40.7331,4.0384,0.7962
605066.SH,515.5700000000002,1.19,1.8865,36.52688637,0.04178272980501391,36.52688637,82.5003,2.1578,3.4674
605068.SH,159.73000000000025,1.62,3.7538,30.05538205,0.0638057594579333,30.05538205,,1.9891,
605069.SH,-111.32000000000005,0.88,1.9606,22.69400416,0.047125353440150806,22.69400416,,3.598,
605077.SH,-8.569999999999936,1.07,1.1071,33.266639669999996,0.016143497757847666,33.63039218,30.9791,1.1276,6.3078
605080.SH,122.78999999999996,0.56,1.5249,32.37902184,0.02794759825327498,32.50775244,19.6481,1.4099,0.8576
605086.SH,-31.459999999999923,0.76,0.9402,46.914559999999994,0.02246763137852246,46.914559999999994,40.5776,2.9326,0.7181
605088.SH,-39.15999999999997,0.77,1.378,40.862481089999996,0.019762845849802303,41.17367091,15.8931,1.4208,2.7014
605089.SH,30.930000000000003,0.93,0.6192,28.1106,0.01853658536585361,28.1106,36.0492,2.2718,1.7496
605090.SH,453.6700000000001,0.89,1.0462,247.83155387,0.01761363636363649,248.08181795000002,15.8079,2.0204,3.2094
605098.SH,560.6399999999999,1.6,1.0654,66.6613649,0.033068081343943366,66.6613649,18.5053,6.3881,4.025
605099.SH,14.840000000000032,0.6,0.3859,123.29192357999999,0.024943310657596356,123.45638382000001,17.5913,3.9055,2.0821
605100.SH,-2360.2799999999997,1.05,1.744,76.98599327999999,0.02950121654501213,77.34751920000001,270.8759,4.285,0.6638
605108.SH,7.7900000000000205,1.08,1.1568,33.54,0.02084942084942082,33.54,106.3861,1.4471,0.9267
605111.SH,-12901.489999999998,0.87,3.8236,245.83536593999997,0.050755389577321376,245.83536593999997,62.7328,5.4627,0.1097
605116.SH,-416.8,0.68,0.6076,80.74922016000001,0.018746916625554957,80.74922016000001,21.6454,3.0393,1.4539
605117.SH,3630.0899999999965,1.99,1.9396,1120.99753619,0.06998916576381359,1120.99753619,25.675,9.7599,2.3937
605118.SH,3757.4900000000002,1.91,1.4244,134.1906417,0.1186327077747989,134.96207579999998,43.8438,8.3148,1.8562
605122.SH,-117.57,1.37,1.8963,20.4584198,0.04017094017094023,20.4584198,,1.1772,
605123.SH,784.9100000000008,2.36,2.4102,97.65162831,0.05744125326370765,97.65162831,35.3968,2.0606,0.9406
605128.SH,20.18000000000029,1.29,1.5725,74.79163194,0.04204081632653066,74.79163194,36.9464,3.4253,0.7308
605133.SH,-1482.6899999999996,1.0,1.938,77.55426569,0.051024208566108044,78.42212499,43.3494,2.0484,0.4161
605136.SH,104.71000000000004,0.93,1.4863,33.358193050000004,0.018007202881152505,33.358193050000004,,1.3755,
605138.SH,571.23,2.05,1.9163,35.05657427,0.06441223832528171,35.05657427,21.9925,1.4385,0.8527
605151.SH,-64.85,0.88,0.9404,25.86131724,0.021818181818181723,25.86131724,76.1059,1.8565,0.4162
605155.SH,55.629999999999995,1.21,0.9863,27.289575040000003,0.0322807017543859,27.73962464,27.0094,2.0385,1.6983
605158.SH,-2646.25,1.31,2.5496,42.396718,0.027845036319612427,42.396718,158.6247,1.7235,1.7912
605162.SH,321.0799999999999,1.4,12.3871,46.89742317,0.07480314960629919,46.89742317,45.9485,2.8387,1.5373
605166.SH,62.370000000000005,1.07,1.3814,27.0985974,0.029550827423167846,27.0985974,27.8713,1.3569,1.5447
605167.SH,258.0799999999999,1.1,2.1243,73.12074984,0.030612244897959138,73.12074984,38.3591,2.5741,0.686
605168.SH,606.0200000000004,1.16,3.0497,101.48730379999999,0.056013527795392065,101.48730379999999,81.4557,3.8288,1.4956
605169.SH,-277.97000000000014,0.98,2.764,34.879104,0.033579033579033586,34.879104,23.6212,1.6941,1.9862
605177.SH,435.22000000000025,0.76,3.4753,24.62847508,0.04149184149184152,24.8567902,,1.5626,
605178.SH,50.11000000000058,0.82,3.0425,69.613608,0.04946081955427747,69.613608,,6.5308,
605179.SH,-676.7999999999993,0.89,5.9064,126.3952,0.11295273173726213,126.3952,217.9701,10.9042,0.1269
605180.SH,71.94999999999999,0.98,1.722,22.5108,0.0470316114109483,22.5108,3938.4226,1.9917,0.976
605183.SH,16.350000000000023,0.62,0.5023,62.070624699999996,0.01654533421575116,62.4852522,15.7111,1.6859,1.9871
605186.SH,314.15999999999985,1.52,1.9561,36.584,0.07115235885537509,36.584,111.3362,3.2957,
605188.SH,3479.4900000000007,5.62,6.553,69.1550733,0.08750934928945413,69.1550733,396.8107,5.5833,0.0717
605189.SH,-568.2599999999998,1.21,5.1068,36.16405782,0.04688546550569319,36.16405782,14.8778,1.4038,0.7351
605196.SH,1631.039999999999,0.89,2.155,177.9785554,0.0424008810572687,179.24901268,57.5734,5.2361,0.1789
605198.SH,1772.5499999999993,0.69,1.2167,183.28814,0.06450626719657596,226.41237,89.666,8.3667,0.369
605199.SH,9.780000000000001,0.97,0.1934,23.8064736,0.021630615640598986,23.8064736,,7.9592,
605208.SH,398.43000000000006,0.9,2.3295,47.808306,0.038596491228070226,47.808306,37.2967,2.1035,0.2688
605218.SH,-231.82000000000002,0.63,0.7756,32.37197535,0.029821073558648183,36.93213108,,2.1219,0.317
605222.SH,1214.8100000000004,1.54,2.0502,86.83451034000001,0.06336633663366324,86.83451034000001,42.6663,1.8155,0.1902
605228.SH,332.82000000000016,1.35,1.0255,51.10119063,0.03919694072657745,51.371082630000004,31.8618,2.2459,0.2226
605255.SH,-127.35000000000002,1.04,0.4547,88.050336,0.027736131934032897,88.050336,16843.3659,11.0407,0.3426
605258.SH,-68.24000000000024,1.11,5.861,27.06,0.0529257067718606,27.06,40.9982,2.2597,2.2764
605259.SH,-7.82,0.83,0.3216,30.770432,0.016968325791855244,30.770432,15.8999,1.6745,3.3632
605266.SH,-206.60999999999996,0.89,1.3476,24.52595823,0.011942174732872375,24.52595823,18.9499,0.9664,6.645
605268.SH,-230.10000000000002,1.16,1.1623,42.90957,0.028301886792452973,42.90957,33.778,2.4296,2.0802
605277.SH,91.03000000000065,0.9,3.5866,65.18990167999999,0.033472803347280256,65.62697552,26.2151,3.7248,0.7412
605286.SH,-21.610000000000127,0.51,2.7799,44.856,0.047973224246931914,44.856,43.7928,2.0767,0.6742
605287.SH,7157.16,3.18,6.5848,58.212,0.08148148148148145,58.212,86.8066,3.6552,
605288.SH,477.71000000000004,0.99,2.4481,67.57628079,0.06341829085457278,67.84722544,1249.0272,3.1278,0.3872
605289.SH,-1804.2599999999993,0.85,1.665,164.682612,0.06640699220976624,164.81933999999998,145.6923,12.0479,
605296.SH,55.679999999999836,1.64,1.1146,174.71613811999998,0.055521659548505194,177.49758137999999,,4.2926,1.153
605298.SH,62.110000000000014,0.74,0.3164,91.3933657,0.029835390946502116,92.177995,166.0126,8.7376,0.3057
605299.SH,-413.00999999999976,1.18,2.5191,52.995709,0.022273425499232023,52.995709,45.902,4.3499,1.55
605300.SH,80.73,1.12,0.6245,44.3038635,0.018274111675126874,44.3038635,94.2429,1.5466,0.6092
605303.SH,711.31,0.82,3.488,39.583781699999996,0.08023900981647472,39.583781699999996,,5.0309,
605305.SH,815.8800000000001,0.54,1.9376,69.217764,0.01675807434491177,69.217764,13.0182,2.2239,2.5177
605318.SH,-292.21000000000004,1.48,1.069,99.703097,0.07711673512654045,99.703097,,15.8953,0.3783
605319.SH,-137.42000000000007,0.93,1.0457,93.86175763,0.03000379794910745,94.38639923000001,20.1218,3.2812,1.7751
605333.SH,-333.8900000000001,0.62,0.6409,79.49012051999999,0.021726365237815678,79.49012051999999,30.7645,2.3792,1.2638
605336.SH,82.16000000000003,1.56,0.8535,21.037413750000002,0.04382826475849734,21.037413750000002,,1.1677,2.8335
605337.SH,-213.43,1.0,0.7613,36.16461945,0.024312896405919517,36.16461945,21.8913,2.2318,7.9
605338.SH,-70.18,1.22,0.9826,44.70314622,0.03133159268929511,44.70314622,16.1945,2.0463,4.2872
605339.SH,-79.95000000000005,0.82,0.8111,58.170241260000005,0.029475197699496775,58.170241260000005,796.693,1.7066,1.2299
605358.SH,-12213.21,0.85,4.2656,337.68279762,0.05112190608373817,337.68279762,492.5824,3.1497,
605365.SH,-636.7500000000001,0.91,1.5642,71.48663696,0.022742935906271543,71.48663696,34.1727,1.9158,2.9474
605366.SH,-843.1200000000001,0.71,1.7081,63.681002480000004,0.019300361881785303,63.681002480000004,,2.3785,
605368.SH,763.07,1.86,1.1202,49.595731459999996,0.02346041055718477,49.595731459999996,20.989,1.4622,12.2478
605369.SH,-4.149999999999999,0.91,0.4298,36.9928449,0.027092113184828376,36.9928449,66.2359,2.1764,1.7007
605376.SH,-28707.67,1.52,5.3025,390.67343999999997,0.05399369416710456,390.67343999999997,156.7302,21.4153,0.1004
605377.SH,-961.4099999999999,1.28,3.0439,46.42630302,0.05012224938875297,46.42630302,18.8342,1.1841,7.2542
605378.SH,150.38,0.7,0.5369,38.13043976,0.02957359009628609,38.13043976,225.3439,3.1702,2.4479
605388.SH,-183.27999999999997,1.23,1.6263,36.8697176,0.03514376996805108,36.8697176,,2.4061,1.2711
605389.SH,-680.8200000000002,1.5,0.644,121.87699839999999,0.0495940959409594,128.6540736,97.1463,6.0526,0.8064
605398.SH,-162.30999999999997,1.78,1.2586,34.186715639999996,0.04484088717454194,34.186715639999996,1405.2332,3.3365,0.0703
605399.SH,-105.72999999999999,0.78,0.7199,35.02358818,0.020590868397493165,35.060408380000005,,1.7187,0.8906
605488.SH,-21.970000000000027,0.75,1.393,81.60672417,0.04707903780068732,88.70654031,113.2632,3.9378,0.5537
605499.SH,-5541.540000000001,0.64,0.4707,811.08507662,0.014568330436222209,880.89233214,17.9506,4.5231,3.2057
605500.SH,-77.73999999999998,0.74,0.7361,29.96112,0.020949720670391112,29.96112,78.2401,1.1684,2.0747
605507.SH,-215.9000000000001,1.58,0.8178,117.50940557999999,0.02415143603133154,117.50940557999999,16.6303,1.399,2.851
605555.SH,-131.98000000000002,0.48,0.7703,60.6054388,0.020766773162939282,60.6054388,70.8488,2.1174,2.1504
605566.SH,6413.0700000000015,5.02,10.8749,38.86861,0.1543318133988075,38.86861,75.626,1.886,0.3412
605567.SH,411.90000000000003,1.98,3.1013,19.66,0.04512067156348371,19.66,43.0186,1.7694,1.0173
605577.SH,3641.4299999999994,2.08,2.9235,47.19999528,0.1098445595854921,47.19999528,25.8331,1.2065,1.4124
605580.SH,-425.34000000000003,0.82,1.1357,49.56,0.018384401114206233,49.56,27.2373,4.7879,1.4124
605588.SH,-164.94,0.81,1.1185,35.22669724,0.04086845466155815,35.31146345,,3.8309,
605589.SH,4548.209999999999,1.2,3.7749,344.4582168,0.05855855855855847,344.646954,36.1628,3.1914,1.2978
605598.SH,-1223.07,1.11,1.2765,64.14330818,0.023264401772525815,64.14330818,,4.0034,0.4347
605599.SH,-169.70000000000073,0.91,1.9494,119.31111451999999,0.052887537993921034,119.31111451999999,10.7375,2.6975,4.6936
688001.SH,3650.5300000000007,1.28,1.8666,258.84235784,0.0829352188037454,258.84235784,268.3569,6.0108,
688002.SH,-19261.869999999995,3.0,5.1715,861.266945,0.1382807668521955,861.266945,42.3649,10.8717,0.0837
688003.SH,-3135.1799999999985,0.72,2.1805,161.37714881,0.05827879985183355,161.37714881,85.4738,8.1076,0.5961
688004.SH,-243.07000000000005,1.12,2.7034,18.0198,0.05376838235294109,18.0198,,3.2114,
688005.SH,-3270.9199999999983,1.21,1.6506,183.6570316,0.04244031830238731,183.6570316,,2.3627,1.4196
688006.SH,-1553.0199999999995,0.77,1.5594,132.08347736,0.03608479927830404,132.08347736,54.8937,2.4262,0.8318
688007.SH,-482.30999999999995,0.75,0.8717,48.85713828,0.029495718363463416,48.85713828,,2.0719,0.2338
688008.SH,-72443.41000000003,1.16,3.9158,2346.1948427499997,0.03990610328638498,2501.492631,81.3792,11.6261,0.2856
688009.SH,-31.179999999999836,0.7,0.2295,427.60249280000005,0.014028056112224505,525.2550224,14.8404,1.1177,3.4274
688010.SH,-370.3099999999995,1.53,2.8097,45.326539679999996,0.09296198720361305,45.326539679999996,159.2327,2.6373,0.1997
688011.SH,1182.08,1.18,2.0639,79.3101675,0.04189873417721522,79.5801,,7.6676,
688012.SH,-80546.29999999999,1.12,1.8797,3410.75314,0.03536784741144419,3467.3891259999996,81.9568,11.5434,0.054
688013.SH,-201.24,1.47,2.1831,20.71090912,0.05121951219512201,20.71090912,40.8383,4.1857,5.7882
688015.SH,-176.25000000000003,1.74,1.3223,31.18891971,0.0362047440699125,31.18891971,19.5462,1.1796,1.3914
688016.SH,235.11999999999898,1.26,1.5706,109.58000689999999,0.023001216410483225,109.58000689999999,19.1895,2.5738,1.8218
688017.SH,8555.719999999987,1.03,3.8688,550.88861749,0.06356164383561645,550.88861749,390.5356,15.274,0.0333
688018.SH,6015.330000000002,2.34,3.6501,294.59762667,0.1041594753192959,294.59762667,51.611,6.2607,0.2266
688019.SH,-5449.550000000003,1.14,2.8471,545.772035,0.04173519736842108,545.772035,58.0746,11.2697,0.1064
688020.SH,-4013.1900000000023,1.41,6.9139,110.5271439,0.14443591711435144,110.5271439,,8.4831,0.1357
688021.SH,20.5,1.26,2.5526,16.14621481,0.031100478468899455,16.14621481,45.8232,1.8287,
688022.SH,68.56,0.49,0.8276,15.63558087,0.02367531003382177,15.63558087,106.3502,2.3503,
688023.SH,-670.3700000000008,1.57,3.5627,41.0743902,0.04815002534211856,41.0743902,,1.9102,
688025.SH,-8023.82,0.62,2.8546,378.29661200000004,0.0368198757763975,378.29661200000004,99.8163,14.8189,0.1052
688026.SH,826.1599999999999,2.49,8.0357,26.408148719999996,0.14960629921259835,26.416580080000003,116.2996,2.4314,0.3803
688027.SH,-4236.800000000003,0.75,1.2105,307.40796768,0.024830287206266295,393.4124667,6549.7288,12.215,
688028.SH,4131.6700000000055,1.36,4.8456,145.1223686,0.0859592711682745,145.1223686,132.745,7.1006,0.3539
688029.SH,211.51999999999998,0.66,1.0221,146.63368044,0.024583866837387988,146.63368044,28.7306,3.5021,1.9118
688030.SH,-625.47,1.43,2.5543,31.325415149999998,0.048206937095826,31.325415149999998,,4.509,
688031.SH,-6262.299999999996,2.46,8.644,135.672208,0.17815461346633416,135.672208,,18.0975,
688032.SH,587.1999999999994,2.72,2.1034,88.37755405,0.06266421439831839,88.37755405,,1.6111,4.4573
688033.SH,237.72000000000003,1.32,0.8885,34.856313199999995,0.04248366013071892,34.856313199999995,,2.7911,
688035.SH,-7786.989999999998,1.54,6.2162,99.2124,0.06724890829694309,99.2124,76.2648,4.1328,0.4958
688036.SH,-5310.130000000001,1.06,0.951,657.90194175,0.02771892655367232,657.90194175,20.944,3.1085,3.9866
688037.SH,-17978.309999999998,1.07,2.6107,746.53605,0.05658889432751401,746.53605,1169.3295,26.5219,0.0296
688038.SH,-174.62000000000006,1.06,1.6413,21.8781992,0.03856599674090154,21.8781992,,3.6667,
688039.SH,578.4199999999998,1.3,2.4893,37.162070400000005,0.08197236180904532,37.162070400000005,,3.6096,
688041.SH,32140.600000000035,0.77,0.8065,5901.4944359,0.06403519491628987,5901.4944359,187.8316,23.2587,0.0668
688045.SH,182.09000000000015,1.21,3.0963,42.748488900000005,0.07736142289759967,42.748488900000005,73.0889,2.9308,
688046.SH,-2531.9100000000008,0.66,2.128,130.89041642,0.0292307692307691,130.89041642,71.7028,5.7753,0.4375
688047.SH,-1789.9400000000023,1.12,0.882,433.08,0.04190207156308854,433.08,,18.8602,
688048.SH,-37679.74000000002,1.26,5.3355,518.7917457000001,0.05849810470238704,518.7917457000001,1202.9282,17.0621,
688049.SH,2281.0099999999984,3.03,8.9319,80.58012480000001,0.1521739130434782,80.58012480000001,36.2955,3.8142,0.6306
688050.SH,886.8799999999999,0.7,1.0565,77.58786147,0.02392225267879394,77.58786147,32.6735,2.6883,0.8718
688051.SH,43.08999999999999,1.82,2.2086,19.5577686,0.046714172604908934,19.5577686,,3.6102,
688052.SH,-155.0099999999984,0.87,1.911,363.63090312,0.04431029040404048,414.58378512,,5.3546,
688053.SH,774.3700000000001,1.74,1.2026,39.55,0.08012820512820513,39.55,,2.4752,
688055.SH,219.51999999999998,0.94,0.2899,127.00000254,0.029177718832891213,127.00000254,,3.2658,
688056.SH,-155.6300000000001,1.15,1.4875,29.22716825,0.05339003071107957,29.22716825,89.4423,3.6188,1.3709
688057.SH,755.8500000000004,1.2,1.6201,51.3912,0.08123249299719904,51.3912,139.9681,1.6234,1.3426
688058.SH,59.26999999999998,1.62,2.3755,19.01221055,0.05587748344370852,19.01221055,,3.2111,
688059.SH,503.4200000000001,1.1,3.0967,117.620778,0.06340909090909089,125.6753907,37.0688,5.7802,0.2972
688060.SH,63.6,0.96,0.564,21.668651999999998,0.031804109203490076,21.668651999999998,,2.4681,
688061.SH,3425.49,2.27,5.3862,52.19425442,0.13291433891992552,52.19425442,,2.3177,
688062.SH,1534.2599999999998,1.1,3.6511,65.22699200000001,0.05595116988809762,126.55866566000002,,14.4889,
688063.SH,851.8699999999999,1.24,2.7211,105.38177639999999,0.036272953978689675,105.38177639999999,70.2062,1.1318,1.0221
688065.SH,-1706.800000000001,1.39,0.9373,245.8354892,0.035449490268767404,303.95152171999996,48.6491,1.7113,0.9461
688066.SH,-699.6500000000001,0.79,1.7855,20.9346873,0.028255528255528305,20.9346873,,,
688067.SH,56.42999999999999,1.03,1.3391,16.252,0.042416452442159316,16.252,50.0154,3.0937,0.6375
688068.SH,-2841.8100000000004,0.85,2.4935,87.92161139,0.0401020408163266,87.92161139,,3.6008,
688069.SH,80.78999999999996,0.79,1.6516,59.0193144,0.07726638772663866,59.0193144,61.4022,4.7283,0.7393
688070.SH,-407.93000000000006,0.73,1.0827,30.947175,0.03570400230348408,30.947175,142.3073,5.2183,
688071.SH,-503.28999999999996,2.05,4.6981,30.51581303,0.07487271638215034,30.51581303,,2.9914,
688072.SH,-26433.430000000008,0.79,1.3773,1916.2627698,0.05456528560115941,1970.3966693999998,90.5859,15.4958,0.0382
688073.SH,-2035.29,0.75,4.3307,54.96597792,0.03889973958333334,54.96597792,30.2613,2.6659,1.4165
688075.SH,-131.08,0.79,0.3148,36.96838652,0.021002710027100184,36.96838652,,0.736,2.7501
688076.SH,78.5,0.53,0.3805,87.8213952,0.01451905626134309,87.8213952,36.9897,2.8412,2.0484
688077.SH,-612.3399999999999,0.75,1.8941,32.511894,0.026148409893992877,32.511894,46.7772,2.9332,0.6792
688078.SH,-8.240000000000009,1.43,1.7082,18.1284891,0.06317991631799155,18.1284891,,2.741,0.5468
688079.SH,-701.52,0.74,1.9506,65.11834712000001,0.055168040583386244,66.25586507,,5.4681,
688080.SH,288.8299999999999,1.24,1.7793,28.54173875,0.039365918097754346,28.54173875,24.0039,2.3943,0.5165
688081.SH,8.75,2.05,2.4518,28.830592,0.04634146341463409,28.830592,,7.9055,
688082.SH,4359.899999999994,0.98,0.9543,1440.355021,0.0690842787682335,1455.9942439,86.1991,9.9681,0.198
688083.SH,-710.5999999999999,0.91,1.2221,89.50533512,0.03854307188282906,89.50533512,160.1209,3.4334,0.6743
688084.SH,-44.69,0.91,1.3393,33.27487218,0.04208557400046772,33.27487218,,2.1908,
688085.SH,-180.25,0.72,0.4466,46.03582828,0.016666666666666715,48.16199544,88.7755,2.2474,0.0242
688087.SH,-91.90999999999997,0.54,0.9561,71.2575283,0.03568637666058881,73.89708569999999,25.1763,2.498,0.4135
688088.SH,-463.71000000000004,1.0,1.5083,123.359898,0.04588077695914258,123.359898,49.9414,4.5027,1.5268
688089.SH,-104.97999999999999,0.91,1.0602,13.824516000000001,0.04466501240694782,13.824516000000001,,0.9027,2.4349
688090.SH,-5701.540000000001,0.84,4.9849,110.153415,0.05612459660446191,110.153415,201.4537,11.729,0.0853
688091.SH,829.8799999999997,0.71,2.0748,80.98670904,0.04172839506172834,81.23453051999999,117.9782,5.4498,
688092.SH,-142.23000000000002,1.47,1.0781,19.012651,0.026556377884196757,19.012651,59.6316,2.9096,1.2174
688093.SH,-93.38999999999987,0.73,1.1409,62.609479240000006,0.04302059496567495,62.609479240000006,19.0747,2.2215,2.4476
688095.SH,156.21999999999935,1.94,6.7877,58.13204985,0.06304277902862648,58.13204985,118.4568,2.2275,0.4629
688096.SH,-1117.27,1.7,4.2842,21.038022,0.062499999999999896,21.038022,,2.5342,1.1665
688097.SH,1404.9199999999983,1.02,1.4512,217.9641264,0.04736952420876123,217.9641264,31.6865,4.2926,0.4789
688098.SH,-52.19,1.12,0.6508,33.7960012,0.03268765133171908,33.7960012,,2.4374,
688099.SH,2733.8199999999997,2.15,3.7598,412.69466800000004,0.10668896321070226,412.69466800000004,41.8043,5.1763,
688100.SH,1720.3600000000001,1.29,0.7352,128.87069092000002,0.03670788253477586,128.87069092000002,22.8689,3.5796,2.9209
688101.SH,106.32000000000005,0.8,0.6106,50.00102226,0.01582069874752803,50.00102226,13.6323,1.1118,
688102.SH,-1762.4000000000015,0.8,1.4338,257.00640899999996,0.05688529686042892,257.75475,152.5878,12.4785,0.2257
688103.SH,113.64000000000033,0.75,1.8048,71.5343578,0.04462854088722613,71.5343578,108.0409,6.3332,0.2798
688105.SH,-1697.63,0.6,2.0383,107.89479037,0.032181732134406046,107.89479037,,2.9889,0.5529
688106.SH,401.5799999999999,0.98,3.0086,148.60842749,0.04931605471562278,150.22488459000002,127.7241,3.7706,0.3176
688107.SH,-117.88000000000011,1.22,1.7042,125.94688148,0.05734536082474231,125.94688148,,14.4908,
688108.SH,-989.0999999999999,0.8,1.8887,69.8397792,0.017857142857142686,69.8397792,83.3696,7.0034,
688109.SH,212.51,2.09,1.4663,58.71386080999999,0.07259402654867257,58.71386080999999,340.9415,7.6118,0.9014
688110.SH,-1064.5,0.96,4.0867,530.14507616,0.07477610642552816,530.14507616,92.1297,12.7546,
688111.SH,21085.90000000001,1.32,1.7805,1158.4094530999998,0.058847907169498496,1158.4094530999998,32.1169,7.6834,0.3591
688112.SH,983.2599999999998,0.83,1.8476,113.63299280000001,0.07145938173975556,113.63299280000001,72.1452,7.1519,0.7145
688113.SH,-61.700000000000045,0.99,1.1672,23.42784688,0.028611111111111143,23.42784688,24.7006,2.2719,1.1791
688114.SH,-3117.8600000000006,0.59,2.2958,260.27226512000004,0.028553596504915048,260.82238182000003,,3.7055,
688115.SH,863.6199999999999,1.41,3.1173,61.687084199999994,0.08859581070597364,61.687084199999994,433.9705,4.8285,0.4755
688116.SH,-518.5299999999997,1.02,1.8773,123.48466449,0.03939122649955238,123.48466449,50.2446,3.2431,0.4332
688117.SH,-716.54,0.8,2.4672,52.13253864,0.026326786460509777,52.13253864,25.5349,4.5573,0.3978
688118.SH,-53.44,0.99,2.1553,19.4098736,0.047830374753451615,19.4098736,,2.4234,0.7096
688119.SH,232.0,0.76,0.745,43.875,0.015306122448979605,43.875,,1.6079,
688120.SH,-23093.87000000001,1.11,1.7094,1293.50784096,0.04913250422232452,1293.50784096,113.3144,16.3511,0.1004
688121.SH,0.0,1.42,4.8369,3.72906728,0.05681818181818174,4.2984976,,0.1961,
688122.SH,-1151.369999999999,0.81,1.0061,324.57238420000004,0.023041474654377853,324.57238420000004,50.8393,4.4923,1.5012
688123.SH,4755.209999999999,0.85,4.1009,224.10033678000002,0.07546753055514652,224.10033678000002,32.7747,7.1758,0.2117
688125.SH,179.25,0.93,1.1902,106.79878719999999,0.07409488640924773,107.08707967999999,,5.8494,
688126.SH,-7491.469999999994,0.77,1.5628,705.8316213,0.03875968992248059,816.3407798000001,,4.2102,
688127.SH,5069.529999999999,1.25,2.3727,284.08780022999997,0.09046825276557054,284.08780022999997,50.9551,11.8965,0.2839
688128.SH,-255.32,1.02,0.5255,90.40575,0.02879341864716648,90.40575,16.7423,2.5131,2.2371
688129.SH,124.38000000000001,1.13,0.8609,26.78243724,0.04398148148148161,26.78243724,26.2714,2.523,0.6227
688130.SH,202.90999999999997,1.33,3.4819,14.8301346,0.06026127265065317,29.739210600000003,,2.3979,
688131.SH,-3025.220000000001,0.78,1.9759,198.30771299999998,0.03494336396665965,198.30771299999998,76.4941,6.1581,0.2451
688132.SH,588.5600000000001,3.34,2.0733,21.81387116,0.09286775631500742,21.81387116,,1.959,
688133.SH,-2198.5699999999997,1.41,3.4588,36.7516695,0.043645699614890864,36.7516695,,1.3549,0.3132
688135.SH,1134.5200000000004,0.98,4.4012,64.68633225,0.06534727408513816,64.68633225,488.6067,4.0499,
688136.SH,-1309.2599999999998,0.4,3.8761,41.9118875,0.03751736915238531,41.9118875,20.0376,2.2806,0.3765
688137.SH,-823.539999999999,0.74,7.5457,48.08226475,0.08797054009819973,48.08226475,,2.4059,
688138.SH,2675.08,1.18,3.5033,119.52956,0.06448202959830861,119.52956,56.0593,4.1671,0.681
688139.SH,23.550000000000182,0.73,0.9977,98.71413551,0.01738305941845767,98.71413551,38.6499,2.2326,1.4923
688141.SH,-1108.0500000000175,1.11,3.5747,563.93773968,0.09424652951998659,563.93773968,,51.7383,
688143.SH,-15003.190000000002,0.75,11.0519,196.99830912,0.0671343301950649,207.31133184,2108.2856,15.184,0.0288
688146.SH,-13077.75,1.08,9.2877,376.83709752000004,0.07719791248494577,1376.15277298,266.9131,22.9051,0.0666
688147.SH,17414.340000000004,0.96,2.2579,583.3656536000001,0.07915347442092985,583.3656536000001,450.6049,19.3328,0.0345
688148.SH,307.64999999999986,0.95,2.8164,32.39599185,0.029780564263322807,32.39599185,35.7223,8.7759,
688150.SH,-387.9599999999991,1.06,1.9852,166.64941016,0.07678926441351878,166.64941016,82.2073,7.701,0.7444
688151.SH,35.42999999999995,0.9,0.5495,55.5334,0.023705552089831723,55.5334,115.2811,1.3166,0.2692
688152.SH,-1712.1499999999996,2.33,11.0064,38.26273655,0.1516824395373292,38.26273655,,3.1407,
688153.SH,582.84,0.51,0.6276,113.40640223999999,0.024814814814814748,116.70088559999999,,2.6922,
688155.SH,-1360.4900000000007,1.02,3.2814,67.06767068,0.029639175257731947,67.06767068,16.3691,2.7655,1.1206
688156.SH,-48.629999999999995,1.34,2.7629,19.97162586,0.03370786516853934,19.97162586,,2.5887,
688157.SH,-129.4699999999999,1.23,1.3731,36.43592793,0.036410256410256456,36.43592793,1265.681,2.7296,0.7118
688158.SH,404.84999999999854,1.01,4.1095,127.30683333999998,0.06611018363939901,143.09500406,,5.8136,
688159.SH,-388.89999999999964,2.55,6.8286,32.66008533,0.12416514875531269,32.66008533,85.1085,3.3023,0.2817
688160.SH,514.1400000000003,0.99,1.3247,92.127352,0.051678535096642914,92.127352,111.3917,6.889,0.2735
688161.SH,116.25999999999999,0.96,0.247,87.4,0.016848816029143943,87.4,33.7559,2.0833,1.2273
688162.SH,-24.329999999999984,0.6,0.9306,33.589696,0.024857375713121414,33.589696,39.4881,1.3883,
688163.SH,-43.27999999999997,1.07,1.0645,38.47221,0.055379290452841116,38.47221,70.6405,3.4345,0.9001
688165.SH,-233.1099999999999,0.89,0.9015,84.84142800000001,0.03195488721804521,84.84142800000001,,7.2906,
688166.SH,4553.02,1.41,3.3373,157.932108,0.04580812445980995,157.932108,164.0439,5.1742,0.2568
688167.SH,-355.84999999999127,0.86,6.012,377.3900861,0.06081355932203389,377.3900861,,16.5979,
688168.SH,-69.48999999999978,1.14,4.1505,39.657653,0.0805254140491148,39.657653,,4.1075,
688169.SH,3541.260000000002,0.61,2.6027,330.87574228,0.025349922239502373,330.87574228,19.7862,2.2794,0.5973
688170.SH,-2040.8400000000001,1.28,4.4572,57.158080000000005,0.060893854748603406,57.158080000000005,1810.9292,4.6877,
688171.SH,-86.48000000000002,1.66,1.9454,31.70162204,0.04974765681326601,31.70162204,3142.5522,3.8903,0.1096
688172.SH,5845.889999999992,3.15,3.0187,593.62303032,0.08967441860465117,706.95648312,,3.9034,
688173.SH,138.35000000000036,1.3,3.1174,58.865145770000005,0.040110650069156296,59.422345979999996,,3.9623,
688175.SH,-595.0699999999997,1.4,4.1461,33.01721644,0.09534011783610055,33.01721644,,1.9326,0.3917
688176.SH,338.52,0.94,1.459,67.86199492,0.03282828282828287,67.86199492,,5.0123,
688177.SH,-286.55999999999995,0.84,0.7632,75.403968,0.028985507246376767,75.403968,,60.8388,
688178.SH,599.6099999999997,1.99,3.5349,25.46534088,0.09843081312410835,25.46534088,,2.7711,
688179.SH,-642.7700000000004,0.59,2.0951,73.38754157,0.0449326010983524,73.38754157,51.8622,5.4408,0.7524
688180.SH,-10499.099999999999,0.83,2.2288,252.75680716,0.03039332538736579,338.60232902,,5.6968,
688181.SH,-1303.9399999999996,1.17,3.4267,51.469268310000004,0.054385497200746445,51.469268310000004,54.8164,2.4709,
688182.SH,-1073.77,1.02,1.1743,116.88,0.06600776561948468,116.88,93.7449,5.1043,0.2567
688183.SH,-11656.389999999985,1.2,3.2332,1079.48753856,0.04336890243902427,1079.48753856,52.5722,16.5764,0.4179
688184.SH,-71.52000000000001,0.64,0.513,10.75920184,0.02566452795600361,17.177377840000002,,1.5615,
688185.SH,-9021.729999999996,0.83,10.8532,86.24860389,0.0737299384578255,186.29572958,458.4354,3.7425,
688186.SH,26.980000000000018,0.65,0.7881,39.85754374,0.022001419446415933,39.85754374,120.2813,0.8667,1.9187
688187.SH,-5465.289999999999,1.71,0.8103,409.08165099999997,0.031263113722198956,626.4951607200001,15.1425,1.4774,3.0586
688188.SH,79.02999999999975,1.07,0.5192,401.501727,0.020098979901020046,401.501727,31.8758,6.333,1.5871
688189.SH,52.94999999999993,1.16,1.0992,18.38870156,0.03625377643504535,18.38870156,,2.356,
688190.SH,-422.4000000000001,1.12,0.6849,87.336,0.023052789523939403,87.336,34.8474,3.2565,1.2778
688191.SH,-839.6299999999992,1.65,3.2699,70.75018238999999,0.09484029484029499,70.75018238999999,,8.4553,1.4261
688192.SH,2491.0599999999995,0.92,1.3173,268.79557747999996,0.03545253110618712,271.09868652,,23.9908,
688193.SH,175.54999999999995,2.32,1.7603,19.91874729,0.04070131496556034,19.91874729,113.0146,2.2531,0.4864
688195.SH,3134.3800000000047,1.39,8.626,356.529992,0.11311322309509424,356.529992,423.8875,34.2123,0.0253
688196.SH,-335.53999999999996,0.71,1.5899,41.93480676,0.03999999999999998,41.93480676,78.7171,1.3495,1.4308
688197.SH,984.6700000000003,2.47,7.9079,21.377636600000002,0.07927876359473393,49.672279599999996,,8.0231,
688198.SH,-107.55999999999995,0.62,0.4614,99.53677706,0.025807323334684454,99.53677706,59.942,7.9392,1.1043
688199.SH,390.72,0.88,2.633,39.823143099999996,0.03866943866943866,39.823143099999996,49.7217,1.5265,
688200.SH,-15577.270000000004,1.25,2.4515,795.32190664,0.07983960105904431,795.32190664,105.1263,10.9202,0.1276
688201.SH,139.48000000000002,1.06,0.7048,23.88168114,0.02422611036339174,23.88168114,101.7667,1.878,
688202.SH,-3581.58,0.68,4.1741,128.2391749,0.03969309462915596,128.2391749,,6.4032,
688203.SH,1002.1200000000001,0.96,4.3874,28.618147720000003,0.09818731117824765,28.618147720000003,103.6671,1.9145,0.4223
688205.SH,12820.080000000016,1.7,11.435,294.22312875,0.0820658342792282,294.22312875,207.6119,11.9926,0.1771
688206.SH,-245.28000000000065,0.8,1.713,194.01561872,0.04716981132075475,223.99342064,,11.1618,0.0581
688207.SH,-352.9800000000005,0.83,2.9259,46.278492969999995,0.06296938186019642,46.278492969999995,,1.8751,
688208.SH,23.960000000000036,0.76,0.8867,174.85163463,0.023041474654377798,174.85163463,19.6651,4.6755,3.464
688209.SH,-8374.630000000001,1.61,7.8368,124.7129,0.05924170616113744,124.7129,54.2458,5.3771,0.307
688210.SH,42.23999999999887,1.41,5.4906,54.377405149999994,0.10961538461538467,54.377405149999994,,4.3806,0.4324
688211.SH,-307.53,2.29,1.0734,41.268044919999994,0.04964539007092197,41.268044919999994,,1.1644,
688212.SH,640.9299999999998,1.24,2.7181,40.23799164,0.09100566572237949,40.23799164,,3.2904,0.2628
688213.SH,-1168.8900000000012,0.89,1.4699,321.2449335,0.035623149943860316,399.49065240000004,35.2654,7.4029,0.2762
688215.SH,197.82999999999993,1.2,1.3456,42.05853015,0.05467881751500335,42.05853015,72.5752,8.4205,0.1233
688216.SH,605.0199999999998,1.1,3.3733,33.60424971,0.07074695623560388,36.18608009,,4.7868,
688217.SH,24.83000000000004,1.06,1.6704,14.176227420000002,0.05169628432956386,14.176227420000002,,1.7028,0.6618
688218.SH,-310.03000000000065,0.94,2.5514,49.1525766,0.04333333333333334,49.1525766,,5.5755,0.4502
688219.SH,55.80000000000018,1.4,1.2323,58.75224,0.02354048964218456,58.75224,29.8405,1.9485,1.2068
688220.SH,7207.689999999995,1.12,2.1017,430.76626682,0.0690635791184237,430.76626682,,7.371,
688221.SH,1750.5599999999995,2.57,8.5213,66.07568268,0.07537154989384279,66.07568268,,6.3911,
688222.SH,-3891.709999999999,0.96,4.2272,129.179232,0.04382227632379808,129.179232,92.1796,8.4667,0.1855
688223.SH,651.7999999999993,1.37,1.0897,422.07284393,0.038095238095238126,422.07284393,,1.8158,
688225.SH,-828.2800000000002,1.27,1.9858,50.40126,0.04337539432176662,50.40126,,3.4578,
688226.SH,-313.31999999999994,1.23,2.7489,57.2744867,0.041305796135909345,59.49240138,188.8869,2.958,0.4794
688227.SH,-291.0,0.8,1.6861,82.73386853999999,0.06381192275398828,82.73386853999999,,6.5375,
688228.SH,-485.420000000001,1.29,4.551,55.810470959999996,0.10614811962520852,55.810470959999996,,4.605,0.1791
688229.SH,-688.7,1.32,1.5914,28.9266,0.05707692307692309,28.9266,,8.4683,
688230.SH,1994.2299999999996,2.13,2.3488,71.10096,0.0847635726795097,71.10096,54.0827,3.0975,1.3232
688231.SH,103.51000000000022,1.09,2.0508,104.18285180000001,0.062282643060385674,104.18285180000001,81.2112,3.6534,0.5788
688232.SH,-152.67999999999995,1.23,0.7079,58.9871024,0.025852585258525986,58.9871024,167.8064,1.1268,1.9651
688233.SH,-11993.21,0.92,5.0613,176.01094095000002,0.05067307692307688,176.01094095000002,186.6806,9.219,0.0722
688234.SH,-8549.32,0.86,1.733,461.5525851,0.05365577177404125,520.52873085,,7.322,
688235.SH,-7805.300000000003,0.77,2.7449,310.48823258000004,0.02705189547294798,3964.99576968,92.6072,11.1922,
688236.SH,-497.2099999999999,1.91,1.205,40.2068632,0.050139275766016636,53.469448899999996,19.2315,1.7542,0.3498
688237.SH,-163.06000000000017,1.01,1.3774,50.2488246,0.03341717570966582,50.2488246,318.994,4.1267,0.5977
688238.SH,-155.5600000000004,0.57,3.1325,43.24853108,0.02769679300291551,43.35565156,,3.3145,
688239.SH,-390.8199999999997,1.18,6.8679,98.87376605,0.11172839506172838,98.87376605,46.4684,4.4118,0.3272
688244.SH,-228.92000000000002,1.63,2.0898,23.29335945,0.07289595758780647,23.29335945,,2.5382,0.2179
688246.SH,-221.40999999999985,1.6,2.12,24.421444,0.04317789291882556,24.421444,,1.995,
688247.SH,-939.44,0.95,1.4199,41.571278,0.035827186512118005,41.571278,131.5591,3.1521,0.6697
688248.SH,-544.1700000000005,1.31,0.6887,233.89874,0.03646218280364614,233.89874,58.1147,7.0568,0.6398
688249.SH,-5579.940000000002,1.14,1.3049,778.34330093,0.04450127877237857,866.3720979599999,140.3149,3.72,0.2498
688251.SH,-323.2100000000001,0.95,2.1537,20.72993475,0.051792828685258925,20.87501875,,2.5701,0.857
688252.SH,946.0400000000004,1.63,1.5651,87.28514542,0.08622398414271566,87.28514542,39.8272,3.4799,0.3352
688253.SH,654.7699999999995,1.12,1.508,78.98514738,0.05157232704402524,78.98514738,156.3464,3.8932,0.9525
688255.SH,-329.6500000000001,1.3,3.2573,29.277396850000002,0.04982752012265238,29.277396850000002,56.2192,2.7389,1.0729
688256.SH,10076.90000000014,1.02,1.9393,6993.9884172,0.09554474838290512,6993.9884172,209.9,51.5955,
688257.SH,-1260.5099999999984,0.73,3.3286,203.85008154,0.04420866489832007,203.85008154,29.5233,7.1027,0.3123
688258.SH,-1510.3999999999996,1.43,3.7199,121.62676880000001,0.10993280134397311,121.62676880000001,76.5657,12.256,0.1956
688259.SH,621.5000000000001,1.29,1.3719,35.78868,0.06611842105263152,35.78868,60.8221,2.2732,0.6045
688260.SH,-4800.4699999999975,0.92,4.7257,123.984,0.052822966507176994,123.984,,88.8646,
688261.SH,-780.8200000000006,0.65,2.8745,89.15493732,0.053882287924841,89.55559806,71.6842,2.9617,0.0539
688262.SH,-135.89000000000033,0.9,2.3933,96.56637126,0.04770380918476325,96.56637126,,5.0338,
688265.SH,-272.48,0.58,1.9357,30.75660075,0.039800995024875656,30.75660075,137.6394,1.7906,
688266.SH,-3270.3600000000006,0.74,1.3911,311.27037237999997,0.04078235538909701,311.27037237999997,56.6082,18.092,
688267.SH,684.6599999999999,2.25,1.3968,45.102546509999996,0.055036344755970856,45.102546509999996,28.4541,1.5697,2.495
688268.SH,6460.370000000003,1.59,6.6871,196.0812474,0.1242024965325936,196.0812474,130.4784,7.3711,0.366
688269.SH,-332.9999999999999,0.87,1.3662,37.4336256,0.03276450511945395,37.4336256,36.9443,3.5111,1.7458
688270.SH,-6253.530000000001,0.92,1.9728,175.54550706,0.03703703703703705,175.54550706,123.0428,7.5307,
688271.SH,525.6100000000006,1.18,0.4731,861.24511,0.024346343311860624,861.24511,48.7053,3.9098,0.1999
688272.SH,-1.5199999999999818,1.82,2.59,22.5188,0.07261987491313424,22.5188,,5.8378,
688273.SH,174.36,1.23,1.3178,29.43,0.03356831151393085,29.43,39.011,2.2042,2.3264
688275.SH,2575.5699999999997,1.46,6.6588,98.15722144,0.06141069130892502,99.78495720000001,24.3635,1.7774,
688276.SH,-985.2799999999997,0.44,0.9904,67.38482304,0.030411449016100062,67.38482304,,1.7759,1.0374
688277.SH,-344.69000000000005,0.85,0.8468,72.39224847999999,0.029163966299416675,72.39224847999999,,6.0671,
688278.SH,247.84999999999945,0.75,0.8279,231.4434465,0.033219178082191866,231.4434465,21.4325,7.4568,1.0898
688279.SH,1677.0899999999983,1.03,2.8484,184.77724750000002,0.08335530131280647,227.3503475,75.3731,4.3442,0.3891
688280.SH,-284.62,1.24,2.6371,28.05732699,0.04364326375711566,31.81294424,,5.6954,
688281.SH,712.8699999999999,0.97,1.0318,194.19568021,0.03782269361616972,194.19568021,58.3531,4.0135,0.8261
688282.SH,-177.09000000000003,0.64,0.6443,48.81476519,0.03357051632913708,48.81476519,,3.7996,
688283.SH,-103.18,1.6,1.2844,34.371959999999994,0.04634146341463409,34.371959999999994,76.7142,3.5597,0.9149
688285.SH,-255.95999999999998,1.14,0.7024,28.823806339999997,0.019736842105263205,28.823806339999997,51.9269,1.6781,0.2611
688286.SH,110.40999999999985,1.44,10.6235,40.44892275,0.1365445026178011,40.44892275,,3.9042,
688288.SH,-57.53000000000003,1.54,1.5604,19.18419314,0.06791443850267377,19.18419314,,2.6003,
688289.SH,-281.47,0.56,0.8558,89.34533412,0.022349936143039567,89.34533412,66.5589,1.2773,3.451
688290.SH,-454.3499999999999,0.77,0.6831,67.05688114,0.034620098039215653,67.05688114,,5.3001,0.1744
688291.SH,-122.76999999999953,1.59,3.5785,44.02348096,0.0984378874287131,44.02348096,60.1897,4.2957,0.3818
688292.SH,149.77999999999997,1.43,3.4479,29.469121100000002,0.0579387186629526,29.469121100000002,,3.0884,0.6378
688293.SH,498.52000000000044,1.56,4.8239,62.2149867,0.07259528130671507,75.50512020000001,58.9036,2.4037,0.6467
688295.SH,1230.1899999999996,1.06,0.4946,357.12,0.035146228835300095,357.12,231.2705,7.4995,
688296.SH,1098.0300000000002,1.0,6.7313,26.19320148,0.08265524625267665,26.19320148,,4.6822,
688297.SH,-1068.1100000000006,1.51,1.0261,263.25,0.02295918367346935,263.25,235.6185,4.7448,
688298.SH,126.24999999999997,1.01,0.7298,38.7072,0.024822695035461095,38.7072,,0.6726,
688299.SH,-267.04999999999995,0.84,1.2924,37.18864126,0.02548262548262549,37.18864126,,1.8935,
688300.SH,27631.899999999965,1.1,8.5118,466.035556,0.11047919957872558,466.035556,153.7996,26.8906,0.1993
688301.SH,-1731.9399999999987,1.33,1.5104,309.08435027999997,0.07176831201775717,309.08435027999997,42.8627,4.0048,0.4623
688302.SH,-267.55999999999995,1.11,1.6097,32.734557360000004,0.041099940863394455,32.734557360000004,,3.2492,
688303.SH,-610.380000000001,3.38,0.9871,356.75768044,0.04641833810888245,356.75768044,,0.9545,
688305.SH,1776.2399999999998,0.76,2.8571,77.4772868,0.04432036293840527,77.67933959999999,104.3888,4.0771,0.3225
688306.SH,-98.26999999999998,0.77,0.3976,107.22908844000001,0.019562715765247405,107.22908844000001,743.7477,6.2176,
688307.SH,-1007.8299999999999,0.86,2.7706,61.557667079999995,0.07141382868937035,61.557667079999995,82.8483,6.7388,0.6446
688308.SH,3028.91,0.81,5.4818,161.17930367,0.053046953046953074,161.17930367,34.0242,5.3709,0.1466
688309.SH,-190.60000000000036,1.7,3.6302,61.83773244,0.0928902206483248,61.83773244,58.2752,7.3653,0.113
688310.SH,-147.12,0.58,1.3698,25.3881507,0.03793328973185089,25.3881507,59.6895,3.2732,
688311.SH,-513.8800000000001,0.85,1.8632,41.1151236,0.04311846689895479,41.1151236,,2.3393,
688312.SH,-2007.1999999999998,0.73,2.8907,70.8193305,0.06312221986867182,70.8193305,57.6713,4.7716,1.0156
688313.SH,-19790.210000000006,0.71,3.0159,713.82196359,0.06402321083172152,713.82196359,151.7589,41.5749,0.038
688314.SH,-688.8199999999999,1.76,1.3459,26.08840468,0.026933917945505887,26.08840468,30.6567,3.4992,1.1833
688315.SH,-546.8599999999999,0.49,1.7232,61.514359999999996,0.03799098518995492,61.514359999999996,40.6464,2.2944,0.3292
688316.SH,-673.0699999999999,0.97,3.6777,22.986298190000003,0.0527322985328513,22.986298190000003,,73.7252,
688317.SH,71.63,0.81,0.9093,32.74803825,0.029069767441860465,32.74803825,,1.0043,
688318.SH,-4388.119999999995,1.25,3.2069,315.53922400000005,0.056403143781784675,315.53922400000005,105.0061,8.2376,0.2899
688319.SH,-945.31,0.74,1.0882,117.20382863,0.032057911065149935,117.20382863,,13.4822,
688320.SH,1406.3599999999997,1.79,3.8677,53.02091006999999,0.09147982062780276,53.02091006999999,,4.2724,
688321.SH,-1017.75,0.77,2.3093,103.66484444000001,0.022067363530778178,112.59567845999999,121.4002,4.6407,
688322.SH,5682.049999999996,1.0,2.873,325.09978338,0.09080411505353773,419.06850397,383.1983,10.4933,
688323.SH,-426.3299999999999,0.73,5.1724,54.64861641,0.0636704119850187,54.64861641,,4.5093,
688325.SH,1374.7000000000007,1.12,1.7496,95.04276019,0.0550200460632944,99.99842283,112.1473,5.9209,0.8415
688326.SH,-189.43000000000006,0.77,1.3557,69.61957695000001,0.03540669856459328,74.80177551,,2.0114,
688327.SH,-212.0699999999997,0.88,2.8959,87.91157934,0.0524271844660195,109.50939909,,15.1497,
688328.SH,858.9799999999996,0.69,7.0019,81.22297237,0.08240291262135929,81.22297237,124.4573,9.2543,
688329.SH,270.23,0.96,2.3384,17.740560000000002,0.06128007262823413,17.740560000000002,136.7154,2.2941,
688330.SH,-3291.8099999999995,6.89,5.7157,54.992,0.08304696449026341,54.992,6.6283,1.192,0.8575
688331.SH,2360.590000000004,0.81,1.8567,433.41039236000006,0.0586319218241042,687.4206995,11.8083,8.2682,
688332.SH,1146.4400000000005,0.96,2.351,171.86349537,0.04691280109393073,171.86349537,9.7431,3.0179,0.7
688333.SH,330.63000000000466,2.09,8.6791,321.69764394,0.17215189873417727,321.69764394,180.1017,6.1357,0.0938
688334.SH,-208.27999999999997,0.68,0.2866,57.31461396,0.007621121393576514,58.12399620000001,22.7768,1.9483,2.5654
688335.SH,-57.139999999999986,1.47,1.6253,30.376699920000004,0.041330645161290334,30.376699920000004,,2.7297,0.9638
688336.SH,-363.39999999999964,0.58,0.5569,381.7920204,0.033591731266149866,381.7920204,12.3946,4.4896,0.1987
688337.SH,-678.97,0.75,1.5231,81.52112228,0.052767354596622885,95.80226227,89.5217,3.0737,0.9125
688338.SH,-280.65,0.92,1.2957,31.853334240000002,0.04655056932350973,31.853334240000002,37.8668,1.8679,1.0771
688339.SH,121.89999999999986,1.95,2.2732,34.41937218,0.06615925058548004,42.285543180000005,,2.2537,
688343.SH,3355.369999999999,1.62,3.3496,216.33740543999997,0.10894454382826482,216.33740543999997,,6.0677,
688345.SH,276.31999999999994,1.06,1.5195,54.079345739999994,0.05755947812739831,54.33868482,58.8433,4.2865,
688347.SH,-23427.059999999998,0.99,3.9957,1043.84,0.07370670537478317,4448.579584,634.4772,9.4079,
688348.SH,402.80999999999995,2.41,1.8736,48.149066940000004,0.060129509713228474,48.149066940000004,,1.4752,1.2838
688349.SH,265.6900000000005,1.61,0.6665,209.24273015999998,0.033381712626995706,212.86972968,28.9497,1.5237,3.4379
688350.SH,-114.86999999999989,0.81,1.1822,39.99389232,0.027591085956844754,39.99389232,920.2066,2.1659,
688351.SH,-2661.56,1.43,2.0055,82.8256,0.0335349092908191,82.8256,141.5836,4.5663,
688352.SH,-1524.1799999999994,0.82,5.0569,65.8815443,0.05641592920353981,213.88502277,,3.7086,0.5539
688353.SH,-905.1000000000004,0.66,2.0192,144.0285,0.0372474057891862,144.0285,48.0854,3.9451,
688355.SH,67.87,1.36,1.1877,22.188141899999998,0.03885135135135122,22.188141899999998,42.1373,2.0933,2.5031
688356.SH,-10391.43,1.01,20.4571,55.192137,0.11911764705882348,55.192137,129.6652,4.248,0.1644
688357.SH,-208.92999999999995,1.3,0.992,27.14625087,0.03876552502822737,27.14625087,31.0175,1.5597,0.7372
688358.SH,0.18999999999999773,0.86,0.6776,32.00262648,0.028601694915254192,32.045496480000004,27.6825,2.3424,3.4911
688359.SH,-25.519999999998618,0.79,3.1929,97.60675392,0.05473574045002621,97.60675392,,13.5485,
688360.SH,43.47000000000003,0.89,0.9499,40.722336080000005,0.02843915343915342,40.722336080000005,44.1341,2.7179,0.6939
688361.SH,4584.960000000006,0.74,1.8435,1288.47401683,0.06424750454971602,1288.47401683,,25.353,
688362.SH,-6526.659999999996,0.91,3.8132,291.28700053,0.06446465613531194,291.28700053,320.9057,7.6046,
688363.SH,-358.81999999999994,0.95,0.4622,171.33293574,0.021300138312586335,171.33293574,76.4892,2.4165,0.3071
688365.SH,-3533.2900000000027,1.98,5.869,64.41252476999999,0.05641370047011416,64.41252476999999,,6.681,
688366.SH,-100.53000000000003,0.75,0.2819,58.118544050000004,0.021437994722955097,68.5352439,44.9201,1.2924,3.2727
688367.SH,-206.17000000000007,1.22,1.3918,26.48891658,0.06250000000000004,26.48891658,381.8459,4.4926,0.3639
688368.SH,15368.869999999995,1.31,6.0734,186.4883025,0.11512367491166092,307.23890175,288.792,6.1159,0.1414
688369.SH,-874.8699999999999,1.16,4.3764,23.53905783,0.05917753259779336,23.53905783,,3.2135,
688370.SH,170.79000000000002,1.02,0.3762,32.905896000000006,0.03317737133134841,32.905896000000006,82.4663,1.2528,1.5
688371.SH,2506.3399999999983,1.74,4.2079,100.67526724000001,0.10410509031198692,100.67526724000001,,5.2606,
688372.SH,-2284.5999999999985,1.91,7.1004,220.91222480000002,0.12094611070470625,220.91222480000002,61.1215,5.2251,0.1757
688373.SH,2320.68,0.68,3.2589,38.061247200000004,0.03972366148531959,38.061247200000004,,23.3581,
688375.SH,-116.14999999999964,1.38,0.563,463.46118624,0.032778355879292356,463.46118624,114.6318,7.3431,0.5144
688376.SH,-1226.9200000000005,1.23,1.4254,91.7007882,0.05210772833723657,91.7007882,86.1336,4.6024,0.2931
688377.SH,-3.220000000000006,0.76,0.8038,44.65883256,0.03868574456809734,44.65883256,44.2926,2.3685,0.608
688378.SH,3794.010000000002,1.77,5.8311,111.45277503,0.10275572162540865,116.88320692,52.8645,5.5659,0.4399
688379.SH,-95.27999999999975,0.91,5.2927,53.62789815,0.08928886536086117,56.540701049999996,36.1095,3.9534,0.6611
688380.SH,-1667.8300000000017,1.2,3.3624,165.270672,0.0516018586451455,165.270672,44.7483,5.1196,0.6033
688381.SH,3546.9699999999975,1.15,6.0472,91.50075,0.09948834565093803,91.50075,119.1819,3.4409,0.5601
688382.SH,-251.8800000000001,0.56,1.4004,115.1649304,0.027376804380288736,115.1649304,,8.1612,
688383.SH,264.78999999999905,0.74,1.4285,132.2014379,0.06804687500000006,132.2014379,,10.3165,0.1529
688385.SH,9770.68,1.7,3.6315,310.25672536,0.08934900205185599,473.80334136,53.3636,6.7838,0.1385
688386.SH,-1051.6900000000005,1.39,5.2037,53.9382735,0.11367041198501873,53.9382735,63.2447,3.6063,0.1298
688387.SH,9508.340000000004,1.79,3.2201,278.11357588,0.09800918836140897,471.445625,,7.9178,
688388.SH,7385.669999999998,1.25,6.2309,198.50011584,0.08344972067039108,198.50011584,49.3151,2.3775,
688389.SH,85.36,0.72,0.3142,47.30482128,0.01819836214740683,47.30482128,33.3324,2.2768,2.5543
688390.SH,4581.260000000002,1.43,4.5635,157.00889798,0.05923500520910845,157.00889798,35.8482,5.1291,
688391.SH,-3.2899999999999636,1.71,1.613,30.632383500000003,0.03964925657643929,30.632383500000003,161.4652,1.6596,2.2552
688392.SH,-6161.799999999999,1.15,3.6022,214.00262994,0.04564869193806733,214.00262994,131.7302,11.3112,0.29
688393.SH,-218.27999999999997,1.49,3.1414,19.25623245,0.04902451225612809,19.25623245,,1.6935,0.4859
688395.SH,-307.26,0.89,1.5497,20.0906664,0.015544041450777177,20.0906664,46.21,2.5376,0.6466
688396.SH,-735.4900000000052,0.76,1.3742,815.38854873,0.040525020508613716,815.38854873,78.0911,3.4735,0.1368
688398.SH,-37.74000000000001,1.17,1.1446,34.92213502,0.04790123456790118,34.92213502,253.6707,3.4178,0.4781
688399.SH,-292.34000000000003,0.96,1.0911,34.6322979,0.022911526260133895,34.6322979,,1.1765,8.234
688400.SH,-3186.6499999999996,1.28,2.4559,221.74831120000002,0.047401247401247425,230.59587958999998,31.9507,2.9381,0.0493
688401.SH,-868.0099999999984,0.82,2.1281,135.24802771,0.0628672150411281,143.65612474,49.5186,8.5846,0.4012
688403.SH,8091.559999999998,1.33,5.8669,252.34625262000003,0.0981193785772691,252.34625262000003,396.129,5.6003,0.311
688408.SH,1199.7999999999993,2.97,4.896,52.77297531,0.0739622641509433,52.77297531,,1.3581,4.1121
688409.SH,-23001.42,1.4,3.0999,626.59916004,0.07087872185911408,626.59916004,553.1382,13.5267,0.0729
688410.SH,-330.36999999999944,1.54,4.8171,46.71282996,0.06775067750677506,46.71282996,25.2206,2.5791,0.6843
688411.SH,-4708.620000000003,1.93,3.0003,245.5276036,0.0578268876611417,337.9064748,26.6583,6.5309,0.5863
688416.SH,-1339.1900000000005,0.87,4.886,84.48137617,0.07073656270736561,84.48137617,76.1596,5.9002,
688418.SH,-279.85000000000036,1.18,1.9504,64.13993726,0.07315541601255882,64.13993726,,8.769,
688419.SH,-604.4399999999996,0.57,3.3817,60.65512515,0.05640535372848954,60.65512515,68.993,5.8231,0.5367
688420.SH,-116.48,1.18,0.9619,20.153197,0.04135171187194307,20.153197,,1.4351,0.6372
688425.SH,-299.43000000000006,1.15,0.2629,215.47327880000003,0.014742014742014864,215.47327880000003,17.207,1.1555,2.104
688426.SH,-476.05000000000007,0.91,2.0366,23.59024152,0.05199807414540194,23.64617574,,1.7935,
688428.SH,800.7600000000002,0.78,3.1591,77.18157012,0.03787878787878793,500.48037029999995,54.4643,6.5243,
688429.SH,1.5500000000000114,1.06,0.3379,39.92007984,0.0188492063492063,39.92007984,,3.5306,
688433.SH,2898.199999999997,1.59,2.8836,463.16112375,0.18518518518518517,463.16112375,635.0606,21.6109,0.0437
688435.SH,-67.25999999999999,1.46,4.4292,17.08349136,0.06252112200067596,25.45083048,,2.3652,
688439.SH,193.1199999999999,1.22,1.058,78.82,0.03673997412677883,78.82,80.5659,1.5803,0.4136
688443.SH,468.5999999999999,0.87,2.4628,33.954752,0.04211395540875323,86.829824,,6.7754,
688448.SH,1246.5300000000007,1.45,3.7038,66.00079152,0.09055303148989517,66.00079152,988.5529,6.4334,0.325
688449.SH,8513.989999999998,1.11,3.9955,201.75374121000002,0.10595311536088829,316.526,52.2687,13.0153,
688450.SH,-323.55999999999995,1.13,4.0918,16.76855089,0.0629179331306991,22.6182,,2.4377,
688455.SH,-38.51000000000022,1.12,4.0863,28.279566810000002,0.08883405305367054,28.279566810000002,22.7626,2.7227,
688456.SH,-3464.2300000000014,1.02,6.2895,84.596926,0.05069461369729462,84.596926,94.4981,6.5915,0.2451
688458.SH,-1159.0700000000002,2.47,3.7885,34.174541360000006,0.09454333236066535,40.66624436,,2.2329,
688459.SH,-44.29,0.84,0.1408,38.352,0.014925373134328374,38.352,51.6003,1.1281,1.627
688466.SH,67.37,0.76,0.6805,17.54134312,0.028169014084507067,17.54134312,86.6471,1.5543,2.8552
688468.SH,128.65,1.08,0.6965,25.6308012,0.023510971786833913,25.6308012,73.0059,1.7968,1.9244
688469.SH,-722.3399999999965,0.99,1.6723,514.7814599999999,0.04312354312354303,735.16166744,,5.506,
688472.SH,-7298.310000000001,2.11,2.4904,331.5257491,0.08427543679342243,331.5257491,56.7321,1.4587,1.0148
688475.SH,304.5100000000002,1.04,0.421,230.65875,0.032347826086956515,230.65875,34.235,3.9195,1.1949
688478.SH,-2415.03,1.11,3.8497,65.46100191000001,0.05199161425576513,65.46100191000001,,4.3572,0.5234
688479.SH,-357.6999999999989,2.17,5.3698,29.65191188,0.12151330554664953,68.99387188,180.9723,3.7343,1.0331
688480.SH,-275.30999999999995,1.2,0.9855,71.31353022,0.03883626522327456,71.31353022,56.9543,5.8057,0.8421
688484.SH,642.9800000000005,0.78,1.4583,160.37367431,0.05459533607681761,160.37367431,225.6642,3.9863,0.5287
688485.SH,-1836.6500000000015,1.29,5.7898,133.6096769,0.18590361445783124,133.6096769,,10.8044,0.0251
688486.SH,-511.22000000000025,0.97,2.1295,80.44422014999999,0.06197453759308204,80.4480516,44.0356,5.2902,0.8824
688488.SH,376.1199999999999,1.06,2.0737,68.33512672,0.04094292803970235,68.33512672,,7.4697,
688489.SH,-258.7800000000001,1.23,1.2245,41.88424486,0.06150159744408942,42.20808865,,2.3783,0.3009
688496.SH,0.0,0.98,2.707,2.18909952,0.032967032967032996,4.14,,0.5845,
688498.SH,2452.1699999999255,0.85,2.2664,1883.935893,0.03178730457958208,1908.589599,253.8919,60.7504,0.0224
688499.SH,-1032.93,0.74,1.7897,58.80188225,0.03432494279176189,58.80188225,103.078,2.4845,
688500.SH,1139.7799999999997,2.99,5.5083,29.0679512,0.14942196531791913,29.4716264,,4.1454,
688501.SH,-285.88,0.72,1.6269,24.53960404,0.0381844380403459,24.53960404,20.6507,2.1514,1.2036
688502.SH,-3272.84,0.68,2.2244,234.90043038,0.06120042629418836,234.90043038,148181.9984,19.8225,0.0761
688503.SH,-11679.190000000002,1.01,7.8907,183.2194352,0.040205523442517606,183.2194352,120.1202,3.8084,0.5458
688505.SH,-523.72,0.72,1.0175,57.48528288999999,0.029304029304029332,83.85868289,,3.8955,0.3708
688506.SH,-2665.0999999999995,0.63,0.2851,1101.71244792,0.03526197245504564,1101.71244792,,23.8961,
688507.SH,-3395.3399999999965,1.17,9.5511,77.75301744000001,0.08746451911017228,140.72061696,,5.1882,0.2344
688508.SH,2870.1899999999987,0.81,4.7702,118.70155692,0.07235471173882843,118.70155692,46.8471,4.1013,0.4349
688509.SH,-242.10999999999999,1.21,1.2543,16.699981479999998,0.03030303030303028,33.418,,3.1572,
688510.SH,-78.94000000000005,1.13,1.5131,64.35683576,0.04662576687116552,64.35683576,69.9369,5.2949,0.803
688511.SH,-138.95,0.71,1.0172,30.19783761,0.03078982597054892,30.19783761,377.7509,3.6942,
688512.SH,-1582.07,0.88,2.9426,44.85561546,0.028328611898017025,65.35431012000001,,4.2676,
688513.SH,80.67000000000007,0.79,0.9198,77.674212,0.042221202386415864,77.674212,28.017,2.648,0.9629
688515.SH,-2732.550000000001,1.15,6.5341,78.5651938,0.08826247689463959,126.16,,8.7716,
688516.SH,421.5899999999983,0.74,2.8563,144.44359345,0.046288209606986847,144.44359345,33.2103,3.9701,4.5874
688517.SH,173.57,0.99,1.7391,21.89909596,0.03635204081632655,21.89909596,38.5509,2.9316,3.4062
688518.SH,770.0699999999997,0.63,2.6161,73.07770391000001,0.027869626830420397,73.07770391000001,35.1794,2.21,0.7006
688519.SH,8970.860000000015,1.54,3.7737,746.95646844,0.13551146082791657,746.95646844,121.6139,22.8166,0.0302
688520.SH,-990.23,0.94,0.6863,156.17922999,0.03788086741696391,164.94672999,,,
688521.SH,63679.50999999998,1.1,4.257,1053.19797978,0.10722311396468695,1053.19797978,,36.0007,
688522.SH,-66.14999999999998,0.79,1.5972,32.45677825,0.027419354838709567,79.93201125,69.8334,3.3926,0.4597
688523.SH,-303.8100000000004,1.11,0.8965,170.8896,0.05036855036855047,170.8896,1013.1222,10.1522,
688525.SH,-5737.020000000019,0.78,3.1545,1110.77536185,0.045641536396310654,1110.77536185,13.4731,8.7461,
688526.SH,86.16999999999999,0.85,0.324,58.87197903,0.021394611727416767,58.87197903,18.7163,1.4602,3.3884
688528.SH,-56.419999999999995,1.09,1.2182,17.472,0.0547808764940238,17.472,,4.0291,
688529.SH,-314.96000000000004,0.97,1.1434,26.571808,0.04749512036434616,26.571808,,4.0096,
688530.SH,-2290.739999999998,0.79,10.5381,43.4024136,0.054266100032690424,99.54792780000001,273.7484,11.3659,0.1045
688531.SH,-1289.3100000000004,0.83,2.5071,157.246956,0.04755917159763298,226.86364300000002,102.5276,6.6146,0.3003
688533.SH,133.45,1.23,0.6578,34.30081809,0.01811248808388937,34.30081809,24.9298,1.9678,2.1364
688535.SH,-1306.1699999999983,1.21,4.5661,139.30246015999998,0.054980468749999956,149.46354112,297.9611,6.6944,0.1075
688536.SH,-12167.59,0.87,2.5983,419.3588835,0.04154792746113984,426.86040825,102.8423,6.4469,
688538.SH,-1352.0000000000005,1.33,1.2137,129.42530324999998,0.0218340611353711,310.71234599999997,,4.3366,
688539.SH,-1091.9199999999998,1.4,1.7239,44.843903999999995,0.03752577319587629,44.843903999999995,,2.6369,0.8198
688543.SH,124.03000000000065,1.26,1.8825,99.54245087999999,0.02167261601223869,99.54245087999999,43.556,4.3093,1.5735
688545.SH,-8489.38,0.75,4.4993,142.5195,0.048094373865698835,281.52,124.8321,9.4787,0.2558
688548.SH,-15900.19000000001,2.08,3.4928,443.58177570000004,0.057966792892513795,443.58177570000004,104.6106,7.1772,0.2468
688549.SH,-21049.379999999997,0.85,9.3402,144.9135421,0.05215973920130404,363.2621684,,12.0391,0.0203
688550.SH,-112.44999999999982,0.82,1.7124,69.88546408,0.0480040424456796,70.77938263,25.9978,2.1317,1.4346
688551.SH,3681.670000000001,1.87,6.0712,45.03656872,0.07610744580584364,45.03656872,93.7984,3.435,0.7395
688552.SH,9.320000000000618,2.96,2.9849,104.54688,0.09614717112113848,104.54688,,4.0494,
688553.SH,-92.41999999999962,0.64,1.7525,58.50456901,0.034158838599487644,72.16637377,63.6345,1.9348,2.7051
688556.SH,-431.57000000000016,1.19,2.6264,65.71421549,0.024050632911392453,65.71421549,,1.906,1.4977
688557.SH,576.6800000000001,1.47,1.5914,31.503698999999997,0.05536668285575525,31.503698999999997,28.1334,2.5768,1.0706
688558.SH,-1329.2700000000004,2.55,2.5738,45.078,0.09279647687952185,45.078,26.7075,2.6344,1.7436
688559.SH,-1314.7300000000032,0.95,6.2753,140.8509915,0.061474702123985536,140.8509915,,5.6887,
688560.SH,-271.78999999999985,1.34,1.9746,25.10234693,0.03127506014434647,25.10234693,,0.9799,
688561.SH,-2632.4400000000005,1.84,1.9957,183.11662468,0.03243641725027641,183.11662468,,2.6017,
688562.SH,-524.27,1.1,0.6463,57.0,0.023272214386459683,57.0,,3.5052,
688563.SH,158.89999999999986,1.25,0.8979,67.69002438000001,0.019038076152304666,224.41018424,46.1452,2.1464,1.0677
688565.SH,-40.610000000000014,1.65,1.7515,17.458517999999998,0.05080213903743318,17.458517999999998,168.9385,3.517,
688566.SH,117.24000000000001,0.76,0.6338,50.979255599999995,0.015318146111547547,50.979255599999995,24.1004,2.0267,2.0342
688567.SH,306.1899999999996,2.41,1.9021,112.80018996999999,0.07270916334661341,112.80018996999999,,1.268,
688568.SH,1833.619999999999,1.42,1.5325,261.49433204,0.043914680050188164,261.49433204,,7.5652,0.2701
688569.SH,-12.550000000000011,0.79,0.5597,39.09973952,0.019365250134480875,39.09973952,20.2649,1.3115,1.8858
688570.SH,-339.12,2.31,0.7802,28.07944,0.032552083333333336,64.6036,184.6836,1.5151,2.2118
688571.SH,-332.03999999999996,0.74,1.151,37.199770390000005,0.026528258362168242,37.199770390000005,33.3192,2.2349,2.2181
688573.SH,18.010000000000005,1.04,2.7655,8.7274568,0.03839009287925692,16.031721599999997,,5.332,
688575.SH,470.34999999999945,0.89,3.5335,58.68157841000001,0.06256015399422525,58.68157841000001,87.321,2.1324,2.0413
688576.SH,-565.16,2.94,2.9526,13.09222435,0.08438919435811622,27.40226032,,1.6281,1.6491
688577.SH,-164.85000000000002,0.92,0.6703,67.70702935999999,0.04666355576294914,67.70702935999999,76.3872,6.6231,0.7044
688578.SH,-5650.550000000003,1.01,1.1283,501.165,0.043975373790677216,501.165,18.7095,5.9225,0.7183
688579.SH,13.830000000000041,0.8,0.7277,32.360809,0.035353535353535276,32.360809,250.5676,2.3476,0.8035
688580.SH,-234.16000000000008,0.65,0.9395,44.140992170000004,0.018880208333333433,44.140992170000004,26.1389,2.6102,1.7347
688581.SH,-124.44999999999999,0.81,0.8525,21.44154081,0.011024520053221923,42.04168249,19.6625,1.6499,2.6449
688582.SH,-1.640000000001237,1.19,1.2495,175.88137798,0.06473796537823107,175.88137798,94.7813,6.942,0.8656
688583.SH,489.1200000000008,1.19,7.9737,39.3298176,0.06599552572706925,112.86912,201.5216,9.5142,0.4488
688584.SH,-4546.68,1.39,4.9075,96.12405600000001,0.06551126516464473,187.374684,202.8411,4.5649,0.7103
688585.SH,445.0599999999977,0.61,0.7828,622.46777544,0.04039252928141814,622.46777544,,52.8769,0.0201
688586.SH,-275.1300000000001,0.44,0.6075,90.92487408000001,0.02085143353605547,90.92487408000001,190.081,3.6583,0.7833
688588.SH,-608.61,2.25,1.5388,37.011949,0.04094165813715459,37.011949,,3.2804,2.0872
688589.SH,-610.31,0.92,2.6941,28.9785029,0.05420753742901379,28.9785029,193.089,3.0232,1.2501
688590.SH,-811.2899999999997,1.28,3.069,35.21780172,0.06198347107438017,39.13943652,,2.2067,0.2328
688591.SH,2355.2599999999993,1.14,3.7822,60.946667520000005,0.07512864493996561,74.98143456,60.0126,2.9733,0.6466
688592.SH,-429.09000000000003,1.11,2.0152,13.3358555,0.034440344403444026,27.9913788,229.7477,2.9382,0.2615
688593.SH,-3135.6499999999996,0.78,2.4032,140.01860818,0.044736842105263144,140.01860818,1469.6407,9.0972,
688595.SH,-83.68000000000029,1.66,3.2548,43.4585996,0.0690732384588684,43.4585996,,6.6462,
688596.SH,-5643.630000000005,0.75,7.0446,214.109917,0.08115727002967367,214.109917,,6.4607,0.382
688597.SH,-664.4699999999999,1.11,1.7949,22.38161598,0.039938556067588296,22.38161598,338.3996,2.9473,1.5203
688598.SH,-4025.1699999999983,0.61,6.5525,74.2033062,0.05983146067415737,75.66039495,,1.9865,
688599.SH,-3597.1399999999994,2.12,1.8467,282.74792139,0.04120443740095084,282.74792139,,1.3878,
688600.SH,217.03000000000065,1.84,4.923,40.9783257,0.11631944444444436,40.9783257,48.1987,5.1371,0.3058
688601.SH,-8978.830000000002,2.81,12.1295,86.44569982,0.22851919561243142,86.44569982,527.388,6.9337,0.6143
688602.SH,134.47000000000003,1.5,1.3971,36.2004375,0.05177514792899416,36.2004375,,1.3468,
688603.SH,13110.229999999996,1.21,4.6977,148.62171419999999,0.0848056537102473,148.62171419999999,133.2278,11.966,0.1679
688605.SH,-561.7999999999993,1.13,3.7126,77.23309176000001,0.04208612975391506,144.25632144,104.7311,8.5781,0.2806
688606.SH,-51.589999999999975,1.52,0.5193,35.16416512,0.020968756552736424,35.16416512,25.2936,0.935,5.5485
688607.SH,-280.41999999999985,1.27,2.0457,36.3267738,0.04116222760290564,36.3267738,,4.3349,0.1467
688608.SH,-1318.4999999999982,1.82,1.9954,250.88596260000003,0.07081441406627377,250.88596260000003,54.5058,3.5662,0.5727
688609.SH,-2567.3,0.95,3.0616,46.65,0.02034261241970016,48.698205570000006,,4.9469,
688610.SH,-1253.4400000000005,0.71,2.9134,70.3631394,0.07066135650494815,116.892,120.3927,7.1219,0.1163
688611.SH,-496.6500000000001,1.33,0.8024,93.12282616,0.04520884520884529,93.12282616,,11.0351,0.2353
688612.SH,153.51999999999998,0.78,1.183,88.25325372,0.03823529411764698,144.11528729999998,25.1536,4.0087,1.0427
688613.SH,536.4800000000002,1.8,2.5615,21.41444418,0.04789272030651341,21.41444418,248.4711,1.4904,
688615.SH,4304.399999999998,1.01,4.3336,135.27063085,0.07364583333333341,195.902,42.0875,6.5984,1.0209
688616.SH,167.06,1.18,1.2693,20.35943705,0.038009049773755646,20.35943705,19.8012,2.2972,2.5974
688617.SH,2488.5,1.64,1.6185,346.97298672,0.03691315736449727,346.97298672,37.1971,11.2387,0.4905
688618.SH,-335.8299999999999,0.82,1.8756,33.98276064,0.0629999999999999,33.98276064,173.7446,4.1976,0.5196
688619.SH,390.59000000000015,1.96,3.6949,28.2051198,0.11677282377919322,28.2051198,,4.3552,
688620.SH,2752.870000000001,1.33,5.0561,65.9736,0.09323116219667937,65.9736,,5.0258,
688621.SH,-4228.3499999999985,1.83,5.9049,77.1344,0.12488114104595884,77.1344,155.4048,6.4199,0.2309
688622.SH,-1111.62,2.5,1.6065,62.62973639999999,0.1658053402239448,62.62973639999999,,22.0367,
688623.SH,-618.1399999999999,2.2,2.7323,20.956564,0.12222607489597788,50.452139,72.3861,2.3844,1.3903
688625.SH,1567.04,0.9,1.7788,148.76316701,0.07194244604316546,148.76316701,57.8232,9.0496,0.8211
688626.SH,533.2399999999998,1.02,0.8742,68.896,0.043834974214721,68.896,83.5934,3.2809,0.5371
688627.SH,30950.23999999999,1.31,6.1861,491.6315886,0.08943998373818478,491.6315886,587.0642,27.5048,0.0608
688628.SH,2205.4699999999993,0.81,3.6646,90.62117008,0.08116090920765369,90.62117008,46.9072,6.8303,1.5953
688629.SH,-17219.609999999986,2.06,5.5947,628.28708712,0.15502750611246938,638.1846032100001,179.6638,21.7158,
688630.SH,-18357.940000000002,0.66,2.8293,551.7300516,0.044627507163323775,613.5637776,142.9187,11.6838,0.088
688631.SH,-152.04999999999998,0.6,0.4388,65.404347,0.022807017543859564,65.404347,135.1376,3.534,0.9998
688633.SH,1109.4299999999998,2.67,4.6843,40.401982260000004,0.042236524537409524,40.401982260000004,16.323,1.6879,1.2411
688635.SH,-7623.039999999999,0.57,7.5779,51.9129034,0.030624744793793384,273.853612,294.3162,18.1492,
688636.SH,-125.14000000000033,0.97,3.4039,35.84210904,0.0325925925925926,35.84210904,30.4894,2.4985,0.4459
688638.SH,64.13,1.08,2.3449,8.978217299999999,0.10893440189967345,19.0008,,2.5692,
688639.SH,141.51999999999987,0.96,1.8385,42.41962272,0.0324292452830187,42.41962272,35.8341,1.5674,1.4711
688646.SH,442.3899999999999,0.57,1.7483,43.89723416,0.046343832385181125,68.06072728000001,,4.7846,
688648.SH,144.9699999999998,0.8,3.1361,23.07664191,0.04854368932038839,45.1384,,2.1206,
688651.SH,-71.38,1.67,5.2549,11.02104264,0.04441569642087111,24.0243592,,2.7049,
688652.SH,6443.140000000003,1.51,6.0157,175.172025,0.057387465721356515,243.7176,162.7266,10.7264,0.0862
688653.SH,-150.70999999999913,0.58,4.0128,45.68983504,0.044680851063829845,61.294912,711.098,4.178,
688655.SH,-3747.67,0.64,5.6748,57.891259999999996,0.10317273795534668,57.891259999999996,,8.5996,
688656.SH,-309.08000000000004,0.76,0.9941,61.257337840000005,0.041092966165012214,61.257337840000005,221.0726,7.3693,0.3049
688657.SH,250.41000000000008,1.75,2.7281,19.92005465,0.04906832298136651,31.841754109999997,68.7476,2.2752,1.4292
688658.SH,-3072.420000000001,0.7,4.7289,60.3,0.06096706377014711,60.3,,1.8783,
688659.SH,-28.749999999999996,1.23,2.0053,16.848,0.0362595419847329,16.848,,3.3975,
688660.SH,-206.81999999999994,0.79,1.0656,99.86667166000001,0.026041666666666692,99.86667166000001,,2.7651,
688661.SH,2670.16,0.71,2.0767,164.038824,0.04962476547842408,164.038824,,13.5708,0.057
688662.SH,-5404.870000000003,0.78,6.8205,103.79709744,0.07097704336253749,103.79709744,252.3072,14.4423,0.2975
688663.SH,-164.38999999999942,0.9,1.3314,108.88089599999999,0.03508771929824559,108.88089599999999,125.6324,7.7545,0.7637
688665.SH,68.59000000000003,1.44,0.6684,46.2448811,0.045961624274877336,46.2448811,35.89,3.8047,0.7576
688667.SH,-182.08000000000004,0.98,1.0127,47.6683493,0.0459796149490374,47.6683493,30.3023,2.6261,0.1087
688668.SH,875.4599999999991,0.94,2.9924,369.06709,0.08699014111734005,369.06709,119.4812,17.5829,0.2634
688669.SH,-1729.5,0.94,2.2681,92.0919747,0.06644385026737967,92.0919747,,8.8457,
688670.SH,-69.22,0.35,1.1341,20.00768,0.038697788697788636,20.00768,,1.9091,
688671.SH,-392.5099999999999,1.83,3.1212,13.6043413,0.03754541784416632,19.8652817,,2.0136,
688676.SH,-2461.1800000000003,0.75,3.1515,306.35513728,0.04205112690969598,306.35513728,43.9379,6.0043,0.7527
688677.SH,696.2099999999919,0.95,8.7369,112.68438,0.12061355109247414,112.68438,65.2871,8.4155,0.6324
688678.SH,3875.279999999999,1.61,6.3783,85.49888865,0.1069626639757821,85.49888865,60.4534,3.6607,0.3032
688679.SH,712.1099999999988,1.91,5.5972,56.24467086999999,0.15249418454380992,56.24467086999999,,5.1545,0.1171
688680.SH,221.45000000000005,1.58,2.4963,32.9985122,0.07288135593220335,32.9985122,,1.9966,
688681.SH,-525.11,2.3,2.7291,17.605494,0.02836879432624116,17.605494,39.4666,2.8775,0.5873
688682.SH,-476.98,1.08,1.6061,32.44587354,0.06662354463130656,32.44587354,,5.4488,0.4484
688683.SH,-7.669999999999845,0.89,0.6252,48.570986700000006,0.03718592964824118,48.570986700000006,103.3946,4.015,0.2088
688685.SH,-1380.96,0.76,1.4285,57.903625309999995,0.036132315521628544,57.903625309999995,,7.163,0.3943
688686.SH,2443.6399999999994,1.17,2.4485,183.53660324999998,0.12632352941176456,183.53660324999998,87.1155,5.7551,0.166
688687.SH,-239.49,0.69,1.4744,30.684519799999997,0.016420361247947494,30.684519799999997,308.0221,1.7992,1.637
688689.SH,-800.2699999999995,0.99,3.3539,58.876120400000005,0.05563909774436105,58.876120400000005,58.3266,4.2975,0.4968
688690.SH,-7496.709999999999,1.26,3.3283,147.47316496,0.04467975206611562,147.47316496,70.3891,7.088,0.1712
688691.SH,-1352.8200000000006,1.19,5.5928,48.8062885,0.0632460083707953,80.268,,6.8262,0.2541
688692.SH,688.9299999999985,1.07,1.8658,160.44049550999998,0.033823597643019496,244.972092,45.9637,6.3207,0.4325
688693.SH,-684.2200000000003,1.0,5.8305,30.150909999999996,0.06890960680989047,57.10525500000001,,7.5056,
688695.SH,-121.22999999999999,1.39,2.5088,10.66308135,0.05621454357916451,16.98476458,,2.2593,0.7011
688696.SH,389.10000000000036,4.35,2.8448,52.830090000000006,0.06968691386524309,52.830090000000006,38.2908,1.7967,
688697.SH,-190.73000000000047,1.64,2.8386,99.81757853,0.07847082494969819,99.81757853,28.1973,5.4803,1.9636
688698.SH,-392.3599999999999,0.84,1.0772,92.93734904,0.024202932278333703,92.93734904,40.0401,3.8573,0.9553
688699.SH,-277.8899999999994,1.04,3.3515,69.32969154,0.07134693877551028,69.32969154,93.8363,5.4051,
688700.SH,9028.86,1.72,5.4459,190.20105236,0.10745058286872781,190.20105236,107.122,9.8134,0.1567
688701.SH,-412.73,1.13,2.5212,12.60864786,0.03987068965517252,12.60864786,,11.4468,
688702.SH,18088.679999999993,1.17,3.7066,791.6680200000001,0.12325390304026293,1599.0,,71.0531,
688707.SH,-319.64999999999986,0.84,1.2639,53.1633509,0.03561387066541696,53.1633509,,1.3944,
688708.SH,-42.83000000000004,0.58,0.7932,58.6963328,0.03141875306823746,164.67643024,41.7895,4.8557,0.9716
688709.SH,-767.21,1.37,2.3169,57.05532299,0.057751937984496196,163.86075882999998,,5.7927,0.0777
688710.SH,-1373.1799999999998,0.62,2.3591,78.08753399999999,0.03725422559503287,121.38352169999999,509.0228,5.1294,0.3717
688711.SH,-2720.2,1.09,3.6581,55.597016249999996,0.05540592535590617,55.597016249999996,306.7842,5.2395,
688712.SH,-2040.6099999999997,0.92,4.827,14.68776,0.020024271844660307,134.3157,108.7261,7.3722,
688716.SH,-301.56999999999994,1.21,3.5255,19.81037576,0.04155027932960898,34.471944,,3.0061,0.706
688717.SH,-2706.7299999999996,0.67,6.9864,47.542944,0.03386736970188606,76.8,,1.7741,1.9531
688718.SH,-194.17,1.81,1.6545,24.9337564,0.022948539638386653,24.9337564,47.1696,3.045,0.8041
688719.SH,-115.6200000000008,1.45,6.1629,46.97859628,0.07247524752475255,60.415795440000004,,3.6339,0.31
688720.SH,-2093.0600000000004,0.85,4.6049,50.6276365,0.06331912205905582,79.408105,141.0652,7.5646,
688721.SH,-438.5999999999999,1.07,5.7184,22.800374220000002,0.045310596833130316,55.1889,145.3397,4.4746,0.9676
688722.SH,363.34000000000015,2.93,2.6773,32.786590759999996,0.052593659942363015,32.786590759999996,29.0873,2.2239,0.4575
688726.SH,-3445.1799999999994,0.53,2.3764,100.5494814,0.02697998259355966,185.31513864,34.1899,4.3135,0.8093
688727.SH,-882.7699999999995,0.75,6.8935,27.284240999999998,0.07524023717031282,226.906398,161.7617,8.7742,
688728.SH,-2195.0599999999995,0.97,0.8863,393.97682172,0.041527126590756816,394.24894372,1404.8307,4.9866,0.1435
688729.SH,2071.8199999999997,1.29,2.2437,435.3110379,0.060050041701417756,735.93444,102.4026,8.0573,
688733.SH,-652.4599999999991,0.99,2.8389,61.590694160000005,0.048740595354923075,61.590694160000005,868.5563,2.9498,0.3214
688737.SH,-131.96,1.56,1.3503,21.246611650000002,0.03182579564489114,21.246611650000002,,1.2423,
688739.SH,-428.17,0.62,0.3513,86.37173,0.020398481973434524,86.37173,201.9153,0.925,3.8127
688750.SH,-13.440000000000055,1.19,1.171,33.493651539999995,0.025280898876404456,66.5075,129.0,2.6745,0.5841
688755.SH,30.0,0.71,1.0097,21.97146672,0.02192982456140343,31.47144,41.2731,2.4489,0.2796
688757.SH,-878.2700000000004,0.92,3.6732,56.903174199999995,0.05147296859825186,126.63977960000001,269.2945,14.3068,0.6338
688758.SH,-9.090000000000146,1.19,4.0095,82.92488697,0.09121122599704576,115.81866621,63.1109,8.3449,0.2409
688759.SH,252.25,0.9,4.1179,17.784,0.03527980535279795,111.1590649,,6.9782,
688765.SH,-820.5900000000001,0.75,4.61,26.7731376,0.04415584415584423,132.99,,4.6766,
688766.SH,376.2599999999802,0.76,5.9544,617.11994,0.07719726805922535,617.11994,62.1137,18.4624,0.0734
688767.SH,1613.7899999999995,1.42,2.3673,57.65758713,0.13540540540540535,57.65758713,284.0486,2.6931,2.7728
688768.SH,31.100000000000023,0.99,0.9377,37.820000900000004,0.07038480272771555,38.13430258,125.3111,3.6744,0.9858
688772.SH,4451.889999999999,0.86,2.5236,180.64497252,0.04670505438259748,180.64497252,119.1401,2.6562,1.8632
688775.SH,-926.409999999998,0.96,1.2154,302.35978955999997,0.03487007544006715,467.4858,106.3576,8.8808,
688776.SH,-132.91999999999996,0.8,1.0275,52.85858418000001,0.030158069883527514,52.85858418000001,,3.1577,0.3793
688777.SH,-593.3799999999901,2.2,3.4466,769.95943971,0.16322986759279365,773.86244995,319.1425,7.8527,0.7209
688778.SH,174.57999999999993,1.45,1.8274,230.74477091999998,0.05636172450052576,230.74477091999998,25.3283,2.4262,1.1638
688779.SH,-388.19000000000005,0.84,0.9657,154.3376,0.019826517967781926,154.3376,24.4018,2.1096,
688781.SH,839.05,1.72,6.4346,16.76280855,0.09601449275362321,410.5,,10.1213,
688783.SH,-8887.560000000001,0.87,7.9876,83.54723,0.05379850016302583,1254.54446,,10.3282,
688785.SH,-1224.7299999999996,1.39,4.8515,37.35410076,0.09060836501901146,186.71424264,192.8005,8.4368,
688786.SH,-675.47,0.77,2.0612,48.23509515,0.045438022537259176,48.23509515,59.3718,6.0762,0.6211
688787.SH,1680.960000000001,1.51,5.1315,60.174387,0.09891512444160815,60.174387,299.5732,8.2343,0.3482
688788.SH,-98.44999999999982,2.19,2.9211,69.98367274,0.08542713567839198,69.98367274,,4.232,
688789.SH,808.6800000000003,2.93,2.5198,79.8534523,0.0946413137424374,79.8534523,20.5341,2.3473,2.0225
688790.SH,567.3199999999997,1.35,10.553,14.9194166,0.08163446197482711,117.1488109,151.6215,3.9872,
688793.SH,213.43,0.88,2.6035,16.80511287,0.07570332480818416,16.80511287,,9.0253,
688795.SH,-2320.9900000000052,0.89,2.6222,161.97543195,0.03246047801003979,2518.83412098,,20.6856,
688796.SH,-1120.7799999999997,0.75,5.3688,45.186218,0.03806346762466857,523.04988736,142.7947,21.5991,
688797.SH,-12978.669999999998,0.6,7.409,88.46847735,0.04005252790544973,470.60725415,189.8678,16.0813,
688798.SH,3016.9199999999983,2.06,7.8101,92.44136027,0.1385378339465685,158.76081495,62.1712,3.7832,0.4836
688799.SH,1649.0600000000004,1.63,2.9476,62.341660499999996,0.09332732191163212,62.341660499999996,26.8988,2.9355,0.9028
688800.SH,2230.040000000001,0.6,2.9366,189.0665172,0.04939796233405376,189.0665172,74.7368,7.8962,0.2916
688802.SH,325.31999999999243,1.34,6.5289,128.0696832,0.044199140613424275,2765.4912,31085.056,19.9376,
688805.SH,-561.51,0.69,4.9203,13.816832000000002,0.03756320732000969,69.08416,74.7188,5.6512,
688806.SH,-172.0999999999999,0.67,6.7186,12.05737291,0.022360248447204936,108.82706706,,211.8955,
688807.SH,-4567.379999999997,0.59,11.1055,51.7632,0.04462124878993223,258.816,255.3825,14.3136,
688808.SH,801.8600000000151,1.25,5.1799,471.20304356,0.12110468534721064,2507.0773053599996,366.4026,74.0059,
688809.SH,6553.230000000003,1.37,8.0593,122.22902349,0.11093495397894922,611.1441740299999,127.4681,14.6803,
688811.SH,-54.0,0.97,4.5302,20.24931678,0.040184757505773556,110.26785728,151.9808,7.0196,
688813.SH,1052.8600000000024,1.16,13.297,36.152553999999995,0.09484716157205239,192.32,102.8346,10.5433,
688816.SH,159.67000000000002,1.71,2.3784,9.8449584,0.02444535743631877,47.94,103.1854,2.6789,
688818.SH,5.690000000000509,0.97,3.9596,65.40067049999999,0.03487338960462017,799.85345595,239.7727,14.5306,
688819.SH,317.6500000000001,1.07,0.248,209.58476000000002,0.024668798538145395,209.58476000000002,20.8728,1.2448,1.8973
688820.SH,12335.459999999992,1.39,8.5937,234.36947429999998,0.09643277146217179,2524.99029255,270.062,13.0876,
688825.SH,-111552.36999999988,1.39,7.9425,2612.2129239,0.04931740614334472,39379.56588791,48.1341,29.2303,
688826.SH,-5526.569999999992,0.92,20.7026,64.6903576,0.05439065812696334,339.68,192.0481,59.3056,
688828.SH,-5676.489999999998,0.49,15.8217,26.689975,0.05493668475673613,410.01025,,59.099,
688835.SH,-7007.459999999999,,22.9706,53.53098000000001,0.14311735623211033,284.85949500000004,154.4353,33.6439,
688836.SH,-32367.179999999993,0.76,15.6836,169.96541729999998,0.026495726495726495,2284.8188307,391.0788,79.3344,
688981.SH,50198.75,1.02,1.8643,2573.4369375,0.05672068636796939,11018.0835765,152.874,6.4262,
689009.SH,-1651.9800000000014,0.7827,1.3601,237.09297716,0.034214252005663116,310.30731245,20.3501,4.2185,3.548
