date,open,high,low,close,volume,amount,outstanding_share,turnover
2000-01-27,1.18,1.63,1.16,1.5,29710700.0,524845889.0,45000000.0,0.6602377777777778
2000-01-28,1.4,1.43,1.35,1.35,11787100.0,222076603.0,45000000.0,0.26193555555555553
2000-02-14,1.32,1.47,1.28,1.46,9214600.0,174448940.0,45000000.0,0.2047688888888889
2000-02-15,1.41,1.45,1.32,1.33,6121700.0,118008208.0,45000000.0,0.13603777777777779
2000-02-16,1.32,1.36,1.25,1.27,4671800.0,83077483.0,45000000.0,0.10381777777777777
2000-02-17,1.26,1.31,1.15,1.16,4707100.0,78165147.0,45000000.0,0.10460222222222222
2000-02-18,1.16,1.28,1.16,1.23,2989100.0,50917270.0,45000000.0,0.06642444444444444
2000-02-21,1.2,1.25,1.16,1.22,2361800.0,38767307.0,45000000.0,0.052484444444444445
2000-02-22,1.22,1.26,1.18,1.19,1744900.0,29407750.0,45000000.0,0.038775555555555556
2000-02-23,1.16,1.22,1.16,1.21,1000900.0,16496789.0,45000000.0,0.022242222222222222
2000-02-24,1.21,1.25,1.2,1.23,1620300.0,27527460.0,45000000.0,0.036006666666666666
2000-02-25,1.24,1.25,1.2,1.21,1265200.0,21423426.0,45000000.0,0.028115555555555557
2000-02-28,1.21,1.23,1.2,1.22,1263500.0,21153972.0,45000000.0,0.028077777777777778
2000-02-29,1.22,1.32,1.22,1.27,3342000.0,59299075.0,45000000.0,0.07426666666666666
2000-03-01,1.26,1.28,1.24,1.25,1000500.0,17227000.0,45000000.0,0.022233333333333334
2000-03-02,1.25,1.27,1.22,1.23,831700.0,14155558.0,45000000.0,0.018482222222222223
2000-03-03,1.25,1.25,1.22,1.25,1118500.0,19081427.0,45000000.0,0.024855555555555554
2000-03-06,1.25,1.27,1.2,1.21,1293800.0,21994282.0,45000000.0,0.028751111111111113
2000-03-07,1.2,1.22,1.2,1.22,743800.0,12371431.0,45000000.0,0.016528888888888888
2000-03-08,1.23,1.23,1.2,1.23,622100.0,10403658.0,45000000.0,0.013824444444444445
2000-03-09,1.22,1.24,1.19,1.21,1433300.0,23854383.0,45000000.0,0.03185111111111111
2000-03-10,1.21,1.21,1.16,1.19,1447200.0,23542502.0,45000000.0,0.03216
2000-03-13,1.19,1.21,1.17,1.2,682300.0,11065580.0,45000000.0,0.015162222222222223
2000-03-14,1.2,1.23,1.17,1.21,1038200.0,17090566.0,45000000.0,0.02307111111111111
2000-03-15,1.22,1.29,1.22,1.23,2498300.0,43289385.0,45000000.0,0.05551777777777778
2000-03-16,1.23,1.24,1.18,1.19,941500.0,15601879.0,45000000.0,0.02092222222222222
2000-03-17,1.18,1.22,1.18,1.21,779200.0,12857477.0,45000000.0,0.017315555555555556
2000-03-20,1.21,1.3,1.19,1.28,3940700.0,68945870.0,45000000.0,0.08757111111111111
2000-03-21,1.28,1.34,1.26,1.32,4503700.0,81659519.0,45000000.0,0.10008222222222223
2000-03-22,1.35,1.36,1.28,1.28,2263500.0,40444250.0,45000000.0,0.0503
2000-03-23,1.29,1.31,1.27,1.3,1343200.0,23815042.0,45000000.0,0.02984888888888889
2000-03-24,1.31,1.33,1.26,1.27,1732800.0,31125573.0,45000000.0,0.03850666666666667
2000-03-27,1.26,1.31,1.25,1.29,1299400.0,22997482.0,45000000.0,0.028875555555555557
2000-03-28,1.31,1.35,1.29,1.33,2348800.0,42940807.0,45000000.0,0.05219555555555556
2000-03-29,1.33,1.34,1.3,1.32,1055300.0,19090674.0,45000000.0,0.02345111111111111
2000-03-30,1.33,1.34,1.31,1.34,1729600.0,31641668.0,45000000.0,0.038435555555555556
2000-03-31,1.33,1.37,1.32,1.32,1407700.0,26066751.0,45000000.0,0.031282222222222225
2000-04-03,1.34,1.34,1.29,1.3,1245200.0,22550277.0,45000000.0,0.02767111111111111
2000-04-04,1.29,1.29,1.26,1.27,803800.0,14109671.0,45000000.0,0.017862222222222224
2000-04-05,1.25,1.28,1.25,1.27,431200.0,7547070.0,45000000.0,0.009582222222222223
2000-04-06,1.27,1.29,1.27,1.29,722300.0,12747640.0,45000000.0,0.01605111111111111
2000-04-07,1.3,1.3,1.28,1.29,623600.0,11075286.0,45000000.0,0.013857777777777778
2000-04-10,1.29,1.3,1.28,1.29,712000.0,12602160.0,45000000.0,0.015822222222222224
2000-04-11,1.29,1.33,1.29,1.31,936500.0,16955784.0,45000000.0,0.02081111111111111
2000-04-12,1.31,1.34,1.29,1.31,774000.0,14034174.0,45000000.0,0.0172
2000-04-13,1.31,1.34,1.3,1.33,1390600.0,25391740.0,45000000.0,0.030902222222222223
2000-04-14,1.33,1.34,1.31,1.32,887200.0,16208119.0,45000000.0,0.019715555555555556
2000-04-17,1.32,1.32,1.27,1.28,690400.0,12248089.0,45000000.0,0.015342222222222222
2000-04-18,1.28,1.33,1.27,1.3,538500.0,9619000.0,45000000.0,0.011966666666666667
2000-04-19,1.31,1.36,1.31,1.34,2136600.0,39383618.0,45000000.0,0.04748
2000-04-20,1.35,1.35,1.32,1.33,755100.0,13941361.0,45000000.0,0.01678
2000-04-21,1.33,1.36,1.32,1.33,1199100.0,22182294.0,45000000.0,0.026646666666666666
2000-04-24,1.33,1.34,1.3,1.31,785000.0,14250887.0,45000000.0,0.017444444444444443
2000-04-25,1.31,1.32,1.3,1.31,407300.0,7332458.0,45000000.0,0.00905111111111111
2000-04-26,1.33,1.33,1.28,1.28,545600.0,9666916.0,45000000.0,0.012124444444444445
2000-04-27,1.28,1.29,1.25,1.25,836000.0,14496664.0,45000000.0,0.018577777777777776
2000-04-28,1.25,1.28,1.25,1.27,584000.0,10150521.0,45000000.0,0.012977777777777777
2000-05-08,1.27,1.29,1.25,1.27,307800.0,5397304.0,45000000.0,0.00684
2000-05-09,1.27,1.29,1.27,1.28,431600.0,7649503.0,45000000.0,0.009591111111111111
2000-05-10,1.28,1.28,1.23,1.23,465000.0,7979495.0,45000000.0,0.010333333333333333
2000-05-11,1.22,1.24,1.2,1.2,326200.0,5443221.0,45000000.0,0.007248888888888889
2000-05-12,1.2,1.24,1.2,1.23,561200.0,9457435.0,45000000.0,0.012471111111111112
2000-05-15,1.23,1.25,1.23,1.25,335400.0,5722244.0,45000000.0,0.0074533333333333335
2000-05-16,1.25,1.28,1.24,1.28,329900.0,5746680.0,45000000.0,0.007331111111111111
2000-05-17,1.27,1.28,1.24,1.25,156400.0,2721700.0,45000000.0,0.0034755555555555555
2000-05-18,1.25,1.27,1.23,1.27,258000.0,4476327.0,45000000.0,0.005733333333333333
2000-05-19,1.27,1.28,1.25,1.26,322300.0,5604811.0,45000000.0,0.007162222222222223
2000-05-22,1.26,1.39,1.25,1.39,2941400.0,54301627.0,45000000.0,0.06536444444444445
2000-05-23,1.41,1.52,1.39,1.41,8500300.0,168808726.0,45000000.0,0.18889555555555557
2000-05-24,1.41,1.44,1.37,1.4,4754000.0,92701590.0,45000000.0,0.10564444444444444
2000-05-25,1.41,1.47,1.4,1.45,3644300.0,72039673.0,45000000.0,0.08098444444444444
2000-05-29,1.49,1.52,1.44,1.45,3573400.0,72720434.0,45000000.0,0.07940888888888889
2000-05-30,1.45,1.46,1.37,1.38,2568200.0,49664023.0,45000000.0,0.057071111111111114
2000-05-31,1.38,1.4,1.36,1.39,997000.0,18994460.0,45000000.0,0.022155555555555557
2000-06-01,1.39,1.46,1.39,1.43,3380900.0,66765329.0,45000000.0,0.0751311111111111
2000-06-02,1.43,1.44,1.4,1.42,916500.0,17902435.0,45000000.0,0.02036666666666667
2000-06-05,1.43,1.45,1.37,1.38,1557400.0,30234686.0,45000000.0,0.03460888888888889
2000-06-06,1.39,1.4,1.37,1.4,871700.0,16667294.0,45000000.0,0.01937111111111111
2000-06-07,1.4,1.42,1.38,1.4,677500.0,13038789.0,45000000.0,0.015055555555555556
2000-06-08,1.4,1.41,1.38,1.41,598600.0,11563873.0,45000000.0,0.013302222222222222
2000-06-09,1.41,1.44,1.39,1.39,988400.0,19266135.0,45000000.0,0.021964444444444446
2000-06-12,1.37,1.4,1.36,1.37,740100.0,14024412.0,45000000.0,0.016446666666666665
2000-06-13,1.38,1.4,1.36,1.38,672500.0,12771848.0,45000000.0,0.014944444444444444
2000-06-14,1.38,1.41,1.38,1.4,621300.0,11903467.0,45000000.0,0.013806666666666667
2000-06-15,1.4,1.42,1.38,1.39,735300.0,14197293.0,45000000.0,0.01634
2000-06-16,1.45,1.45,1.38,1.39,648900.0,12528585.0,45000000.0,0.01442
2000-06-19,1.39,1.4,1.35,1.36,754100.0,14246267.0,45000000.0,0.016757777777777778
2000-06-20,1.35,1.36,1.32,1.32,939100.0,17243586.0,45000000.0,0.020868888888888888
2000-06-21,1.32,1.34,1.31,1.34,758100.0,13828193.0,45000000.0,0.016846666666666666
2000-06-22,1.34,1.36,1.31,1.32,1792700.0,32564505.0,50000000.0,0.035854
2000-06-23,1.32,1.35,1.32,1.34,951800.0,17602373.0,50000000.0,0.019036
2000-06-26,1.35,1.4,1.35,1.36,850500.0,16060209.0,50000000.0,0.01701
2000-06-27,1.37,1.38,1.36,1.36,450100.0,8487258.0,50000000.0,0.009002
2000-06-28,1.36,1.4,1.35,1.4,1126900.0,21426075.0,50000000.0,0.022538
2000-06-29,1.4,1.41,1.38,1.4,1208700.0,23141748.0,50000000.0,0.024174
2000-06-30,1.4,1.43,1.39,1.4,1112900.0,21652133.0,50000000.0,0.022258
2000-07-03,1.38,1.44,1.38,1.39,1013800.0,19692883.0,50000000.0,0.020276
2000-07-04,1.39,1.4,1.37,1.38,485800.0,9266548.0,50000000.0,0.009716
2000-07-05,1.4,1.4,1.37,1.37,339500.0,6456082.0,50000000.0,0.00679
2000-07-06,1.37,1.41,1.35,1.36,384500.0,7242865.0,50000000.0,0.00769
2000-07-07,1.36,1.38,1.36,1.36,496800.0,9346490.0,50000000.0,0.009936
2000-07-10,1.36,1.37,1.34,1.37,777800.0,14520406.0,50000000.0,0.015556
2000-07-11,1.38,1.4,1.37,1.38,594100.0,11375154.0,50000000.0,0.011882
2000-07-12,1.38,1.41,1.37,1.4,464300.0,8916972.0,50000000.0,0.009286
2000-07-13,1.41,1.44,1.4,1.41,915900.0,17803623.0,50000000.0,0.018318
2000-07-14,1.41,1.43,1.4,1.41,702700.0,13653406.0,50000000.0,0.014054
2000-07-17,1.41,1.44,1.41,1.42,1149100.0,22418893.0,50000000.0,0.022982
2000-07-18,1.42,1.49,1.42,1.46,2977300.0,59311530.0,50000000.0,0.059546
2000-07-19,1.46,1.48,1.44,1.46,2037000.0,40960450.0,50000000.0,0.04074
2000-07-20,1.46,1.48,1.42,1.44,799000.0,15813029.0,50000000.0,0.01598
2000-07-21,1.43,1.44,1.41,1.43,501600.0,9794016.0,50000000.0,0.010032
2000-07-24,1.43,1.43,1.4,1.41,486800.0,9386832.0,50000000.0,0.009736
2000-07-25,1.41,1.42,1.4,1.42,257700.0,4980535.0,50000000.0,0.005154
2000-07-26,1.43,1.46,1.42,1.43,1814200.0,36069149.0,50000000.0,0.036284
2000-07-27,1.42,1.46,1.42,1.45,1517500.0,30197490.0,50000000.0,0.03035
2000-07-28,1.45,1.47,1.43,1.43,975900.0,19498143.0,50000000.0,0.019518
2000-07-31,1.42,1.44,1.41,1.43,574500.0,11218087.0,50000000.0,0.01149
2000-08-01,1.43,1.44,1.42,1.42,470000.0,9198495.0,50000000.0,0.0094
2000-08-02,1.42,1.44,1.41,1.43,522900.0,10238606.0,50000000.0,0.010458
2000-08-03,1.44,1.44,1.41,1.41,656400.0,12759921.0,50000000.0,0.013128
2000-08-04,1.41,1.42,1.37,1.39,611100.0,11717372.0,50000000.0,0.012222
2000-08-07,1.38,1.4,1.36,1.37,623000.0,11733559.0,50000000.0,0.01246
2000-08-08,1.37,1.39,1.36,1.37,629400.0,11812292.0,50000000.0,0.012588
2000-08-09,1.37,1.42,1.36,1.41,806500.0,15519144.0,50000000.0,0.01613
2000-08-10,1.4,1.41,1.38,1.4,302900.0,5792583.0,50000000.0,0.006058
2000-08-11,1.4,1.41,1.39,1.4,241100.0,4611373.0,50000000.0,0.004822
2000-08-14,1.38,1.41,1.36,1.38,393500.0,7463516.0,50000000.0,0.00787
2000-08-15,1.38,1.38,1.37,1.37,558300.0,10519023.0,50000000.0,0.011166
2000-08-16,1.37,1.38,1.35,1.35,547300.0,10212409.0,50000000.0,0.010946
2000-08-17,1.36,1.38,1.36,1.37,385400.0,7247791.0,50000000.0,0.007708
2000-08-18,1.37,1.39,1.36,1.38,341100.0,6466520.0,50000000.0,0.006822
2000-08-21,1.38,1.38,1.36,1.38,379700.0,7150950.0,50000000.0,0.007594
2000-08-22,1.38,1.38,1.35,1.35,414500.0,7806483.0,50000000.0,0.00829
2000-08-23,1.35,1.37,1.31,1.34,660300.0,12068823.0,50000000.0,0.013206
2000-08-24,1.35,1.36,1.33,1.35,351900.0,6504858.0,50000000.0,0.007038
2000-08-25,1.35,1.37,1.34,1.37,253700.0,4747337.0,50000000.0,0.005074
2000-08-28,1.34,1.39,1.34,1.38,464500.0,8799655.0,50000000.0,0.00929
2000-08-29,1.38,1.39,1.37,1.39,374800.0,7122504.0,50000000.0,0.007496
2000-08-30,1.38,1.4,1.38,1.38,436900.0,8330420.0,50000000.0,0.008738
2000-08-31,1.37,1.39,1.33,1.34,410200.0,7650190.0,50000000.0,0.008204
2000-09-01,1.33,1.35,1.3,1.32,441200.0,8014402.0,50000000.0,0.008824
2000-09-04,1.33,1.33,1.32,1.33,173800.0,3161033.0,50000000.0,0.003476
2000-09-05,1.33,1.35,1.3,1.3,393700.0,7132563.0,50000000.0,0.007874
2000-09-06,1.3,1.31,1.24,1.25,422940.0,7346245.0,50000000.0,0.0084588
2000-09-07,1.26,1.29,1.26,1.28,315100.0,5516437.0,50000000.0,0.006302
2000-09-08,1.28,1.29,1.26,1.29,184100.0,3219433.0,50000000.0,0.003682
2000-09-11,1.28,1.3,1.25,1.26,321500.0,5607378.0,50000000.0,0.00643
2000-09-12,1.27,1.28,1.26,1.27,170400.0,2965610.0,50000000.0,0.003408
2000-09-13,1.28,1.29,1.27,1.28,200000.0,3514709.0,50000000.0,0.004
2000-09-14,1.28,1.31,1.28,1.3,332100.0,5938919.0,50000000.0,0.006642
2000-09-15,1.3,1.32,1.28,1.29,306900.0,5485061.0,50000000.0,0.006138
2000-09-18,1.29,1.3,1.28,1.29,179200.0,3169971.0,50000000.0,0.003584
2000-09-19,1.27,1.29,1.25,1.28,307600.0,5328225.0,50000000.0,0.006152
2000-09-20,1.27,1.28,1.25,1.28,188100.0,3260839.0,50000000.0,0.003762
2000-09-21,1.27,1.28,1.25,1.27,168800.0,2920802.0,50000000.0,0.003376
2000-09-22,1.28,1.28,1.25,1.25,147700.0,2541960.0,50000000.0,0.002954
2000-09-25,1.24,1.27,1.23,1.26,853900.0,14674311.0,50000000.0,0.017078
2000-09-26,1.28,1.28,1.26,1.28,80400.0,1400444.0,50000000.0,0.001608
2000-09-27,1.26,1.29,1.26,1.29,113700.0,1999413.0,50000000.0,0.002274
2000-09-28,1.29,1.3,1.25,1.26,99800.0,1734812.0,50000000.0,0.001996
2000-09-29,1.25,1.32,1.25,1.3,790800.0,14194457.0,50000000.0,0.015816
2000-10-09,1.3,1.31,1.28,1.31,150400.0,2672580.0,50000000.0,0.003008
2000-10-10,1.3,1.32,1.3,1.31,218200.0,3916377.0,50000000.0,0.004364
2000-10-11,1.31,1.34,1.3,1.34,408500.0,7407394.0,50000000.0,0.00817
2000-10-12,1.33,1.35,1.32,1.34,367000.0,6716608.0,50000000.0,0.00734
2000-10-13,1.33,1.35,1.31,1.32,236100.0,4289349.0,50000000.0,0.004722
2000-10-16,1.3,1.33,1.3,1.31,146300.0,2637716.0,50000000.0,0.002926
2000-10-17,1.28,1.31,1.28,1.3,129400.0,2310798.0,50000000.0,0.002588
2000-10-18,1.31,1.34,1.3,1.33,218500.0,3971109.0,50000000.0,0.00437
2000-10-19,1.33,1.35,1.32,1.34,264900.0,4859455.0,50000000.0,0.005298
2000-10-20,1.33,1.37,1.33,1.37,681700.0,12724451.0,50000000.0,0.013634
2000-10-23,1.38,1.38,1.35,1.36,673700.0,12553646.0,50000000.0,0.013474
2000-10-24,1.37,1.41,1.36,1.4,818300.0,15579648.0,50000000.0,0.016366
2000-10-25,1.4,1.41,1.38,1.39,698500.0,13371891.0,50000000.0,0.01397
2000-10-26,1.38,1.39,1.36,1.37,455700.0,8598269.0,50000000.0,0.009114
2000-10-27,1.37,1.39,1.36,1.38,188900.0,3571581.0,50000000.0,0.003778
2000-10-30,1.36,1.41,1.36,1.38,518600.0,9907840.0,50000000.0,0.010372
2000-10-31,1.39,1.39,1.37,1.37,297500.0,5640764.0,50000000.0,0.00595
2000-11-01,1.38,1.38,1.36,1.36,207400.0,3895434.0,50000000.0,0.004148
2000-11-02,1.36,1.38,1.36,1.36,287000.0,5385849.0,50000000.0,0.00574
2000-11-03,1.36,1.39,1.35,1.38,527200.0,9954012.0,50000000.0,0.010544
2000-11-06,1.39,1.41,1.39,1.41,484100.0,9331409.0,50000000.0,0.009682
2000-11-07,1.41,1.42,1.39,1.42,1140300.0,22089063.0,50000000.0,0.022806
2000-11-08,1.42,1.43,1.41,1.42,593000.0,11571135.0,50000000.0,0.01186
2000-11-09,1.42,1.43,1.41,1.43,367100.0,7144652.0,50000000.0,0.007342
2000-11-10,1.42,1.42,1.4,1.41,346500.0,6702957.0,50000000.0,0.00693
2000-11-13,1.39,1.42,1.39,1.4,703100.0,13506848.0,50000000.0,0.014062
2000-11-14,1.4,1.44,1.39,1.43,692300.0,13419516.0,50000000.0,0.013846
2000-11-15,1.43,1.44,1.41,1.42,581100.0,11394384.0,50000000.0,0.011622
2000-11-16,1.52,1.52,1.42,1.43,830800.0,16541553.0,50000000.0,0.016616
2000-11-17,1.44,1.47,1.42,1.43,1703200.0,33843887.0,50000000.0,0.034064
2000-11-20,1.42,1.44,1.39,1.43,931335.0,18048103.0,50000000.0,0.0186267
2000-11-21,1.43,1.43,1.4,1.41,604084.0,11772540.0,50000000.0,0.01208168
2000-11-22,1.41,1.46,1.4,1.45,1569057.0,30949526.0,50000000.0,0.03138114
2000-11-23,1.46,1.47,1.44,1.44,1295023.0,25953308.0,50000000.0,0.02590046
2000-11-24,1.44,1.47,1.42,1.42,1210330.0,24158046.0,50000000.0,0.0242066
2000-11-27,1.42,1.46,1.41,1.44,1018941.0,20121349.0,50000000.0,0.02037882
2000-11-28,1.45,1.51,1.45,1.49,1426572.0,29157029.0,50000000.0,0.02853144
2000-11-29,1.51,1.56,1.49,1.52,2725976.0,57233533.0,50000000.0,0.05451952
2000-11-30,1.51,1.53,1.48,1.5,820973.0,16901990.0,50000000.0,0.01641946
2000-12-01,1.51,1.56,1.47,1.51,1140125.0,23693282.0,50000000.0,0.0228025
2000-12-04,1.52,1.55,1.51,1.53,580488.0,12164909.0,50000000.0,0.01160976
2000-12-05,1.53,1.55,1.52,1.54,613492.0,12944550.0,50000000.0,0.01226984
2000-12-06,1.54,1.54,1.49,1.52,740800.0,15345950.0,50000000.0,0.014816
2000-12-07,1.51,1.51,1.47,1.47,646448.0,13150882.0,50000000.0,0.01292896
2000-12-08,1.47,1.49,1.46,1.48,460881.0,9331838.0,50000000.0,0.00921762
2000-12-11,1.47,1.48,1.43,1.44,593720.0,11828946.0,50000000.0,0.0118744
2000-12-12,1.44,1.45,1.44,1.45,552527.0,10951937.0,50000000.0,0.01105054
2000-12-13,1.45,1.49,1.44,1.45,913922.0,18329843.0,50000000.0,0.01827844
2000-12-14,1.45,1.48,1.45,1.45,274643.0,5527251.0,50000000.0,0.00549286
2000-12-15,1.46,1.47,1.45,1.46,269170.0,5396019.0,50000000.0,0.0053834
2000-12-18,1.46,1.48,1.44,1.46,389890.0,7799531.0,50000000.0,0.0077978
2000-12-19,1.46,1.5,1.46,1.47,567219.0,11573906.0,50000000.0,0.01134438
2000-12-20,1.48,1.51,1.47,1.49,429414.0,8773078.0,50000000.0,0.00858828
2000-12-21,1.5,1.52,1.49,1.49,245050.0,5039790.0,50000000.0,0.004901
2000-12-22,1.49,1.5,1.48,1.49,293401.0,5986627.0,50000000.0,0.00586802
2000-12-25,1.46,1.5,1.46,1.47,293136.0,5924999.0,50000000.0,0.00586272
2000-12-26,1.61,1.61,1.47,1.51,642709.0,13405528.0,50000000.0,0.01285418
2000-12-27,1.49,1.53,1.49,1.52,726646.0,15031164.0,50000000.0,0.01453292
2000-12-28,1.52,1.55,1.5,1.52,925124.0,19381884.0,50000000.0,0.01850248
2000-12-29,1.52,1.54,1.52,1.54,901449.0,18975405.0,50000000.0,0.01802898
2001-01-02,1.55,1.63,1.55,1.62,2669158.0,58809961.0,50000000.0,0.05338316
2001-01-03,1.63,1.65,1.6,1.62,1896491.0,42214449.0,50000000.0,0.03792982
2001-01-04,1.63,1.63,1.6,1.62,1022405.0,22662413.0,50000000.0,0.0204481
2001-01-05,1.63,1.67,1.61,1.62,1459823.0,32812002.0,50000000.0,0.02919646
2001-01-08,1.62,1.66,1.6,1.62,642986.0,14331697.0,50000000.0,0.01285972
2001-01-09,1.62,1.63,1.59,1.59,1036550.0,22807730.0,50000000.0,0.020731
2001-01-10,1.57,1.61,1.57,1.6,732274.0,16081250.0,50000000.0,0.01464548
2001-01-11,1.6,1.61,1.55,1.56,933510.0,20201973.0,50000000.0,0.0186702
2001-01-12,1.56,1.57,1.54,1.55,680844.0,14518321.0,50000000.0,0.01361688
2001-01-15,1.55,1.56,1.5,1.5,905960.0,18875868.0,50000000.0,0.0181192
2001-01-16,1.49,1.52,1.46,1.48,721653.0,14700499.0,50000000.0,0.01443306
2001-01-17,1.49,1.49,1.47,1.47,426958.0,8660504.0,50000000.0,0.00853916
2001-01-18,1.47,1.5,1.47,1.49,446108.0,9079485.0,50000000.0,0.00892216
2001-01-19,1.49,1.53,1.48,1.52,717117.0,14939677.0,50000000.0,0.01434234
2001-02-05,1.52,1.52,1.47,1.47,918700.0,18754298.0,50000000.0,0.018374
2001-02-06,1.46,1.46,1.41,1.42,704445.0,13816818.0,50000000.0,0.0140889
2001-02-07,1.42,1.43,1.38,1.4,696922.0,13462364.0,50000000.0,0.01393844
2001-02-08,1.4,1.42,1.35,1.36,1268275.0,23854907.0,50000000.0,0.0253655
2001-02-09,1.37,1.44,1.36,1.39,905970.0,17512206.0,50000000.0,0.0181194
2001-02-12,1.41,1.41,1.36,1.38,375486.0,7102877.0,50000000.0,0.00750972
2001-02-13,1.38,1.41,1.38,1.4,519600.0,9986590.0,50000000.0,0.010392
2001-02-14,1.37,1.41,1.37,1.4,273744.0,5254187.0,50000000.0,0.00547488
2001-02-15,1.41,1.42,1.34,1.35,1075420.0,20606748.0,50000000.0,0.0215084
2001-02-16,1.36,1.37,1.33,1.35,1048681.0,19324066.0,50000000.0,0.02097362
2001-02-19,1.36,1.41,1.35,1.39,627920.0,11896550.0,50000000.0,0.0125584
2001-02-20,1.39,1.42,1.37,1.37,526800.0,10157112.0,50000000.0,0.010536
2001-02-21,1.37,1.37,1.34,1.37,451520.0,8412157.0,50000000.0,0.0090304
2001-02-22,1.35,1.42,1.34,1.39,538063.0,10315063.0,50000000.0,0.01076126
2001-02-23,1.41,1.42,1.4,1.42,564915.0,10961473.0,50000000.0,0.0112983
2001-02-26,1.43,1.44,1.42,1.44,368185.0,7245208.0,50000000.0,0.0073637
2001-02-27,1.44,1.47,1.43,1.43,789800.0,15761113.0,50000000.0,0.015796
2001-02-28,1.44,1.44,1.42,1.44,231784.0,4549757.0,50000000.0,0.00463568
2001-03-01,1.42,1.44,1.42,1.43,146941.0,2893648.0,50000000.0,0.00293882
2001-03-02,1.45,1.46,1.43,1.44,193845.0,3845254.0,50000000.0,0.0038769
2001-03-05,1.46,1.47,1.42,1.42,151099.0,2970393.0,50000000.0,0.00302198
2001-03-06,1.41,1.46,1.41,1.43,149950.0,2936800.0,50000000.0,0.002999
2001-03-07,1.44,1.46,1.41,1.43,470216.0,9289885.0,50000000.0,0.00940432
2001-03-08,1.43,1.46,1.43,1.46,390412.0,7789890.0,50000000.0,0.00780824
2001-03-09,1.46,1.47,1.44,1.46,426641.0,8565231.0,50000000.0,0.00853282
2001-03-12,1.47,1.52,1.45,1.48,657395.0,13441888.0,50000000.0,0.0131479
2001-03-13,1.49,1.51,1.46,1.46,632049.0,12767913.0,50000000.0,0.01264098
2001-03-14,1.46,1.5,1.46,1.48,937205.0,19150640.0,50000000.0,0.0187441
2001-03-15,1.48,1.49,1.47,1.48,241860.0,4916254.0,50000000.0,0.0048372
2001-03-16,1.49,1.53,1.49,1.51,1070343.0,22200168.0,50000000.0,0.02140686
2001-03-19,1.52,1.52,1.5,1.51,199305.0,4122708.0,50000000.0,0.0039861
2001-03-20,1.51,1.51,1.5,1.5,224829.0,4646356.0,50000000.0,0.00449658
2001-03-21,1.52,1.52,1.49,1.5,208300.0,4289535.0,50000000.0,0.004166
2001-03-22,1.5,1.52,1.49,1.51,297614.0,6147374.0,50000000.0,0.00595228
2001-03-23,1.51,1.52,1.47,1.48,316297.0,6464968.0,50000000.0,0.00632594
2001-03-26,1.48,1.51,1.47,1.5,388567.0,7944829.0,50000000.0,0.00777134
2001-03-27,1.5,1.51,1.48,1.5,156270.0,3203217.0,50000000.0,0.0031254
2001-03-28,1.5,1.51,1.49,1.49,408700.0,8380078.0,50000000.0,0.008174
2001-03-29,1.49,1.49,1.46,1.46,398800.0,8073623.0,50000000.0,0.007976
2001-03-30,1.46,1.48,1.45,1.47,479833.0,9597158.0,50000000.0,0.00959666
2001-04-02,1.48,1.5,1.47,1.48,408700.0,8341481.0,50000000.0,0.008174
2001-04-03,1.49,1.49,1.46,1.48,201800.0,4087182.0,50000000.0,0.004036
2001-04-04,1.49,1.5,1.46,1.46,578583.0,11823037.0,50000000.0,0.01157166
2001-04-05,1.46,1.48,1.46,1.47,237924.0,4770882.0,50000000.0,0.00475848
2001-04-06,1.47,1.48,1.45,1.46,211250.0,4232336.0,50000000.0,0.004225
2001-04-09,1.46,1.46,1.43,1.46,153100.0,3048167.0,50000000.0,0.003062
2001-04-10,1.47,1.49,1.46,1.47,158242.0,3197085.0,50000000.0,0.00316484
2001-04-11,1.47,1.52,1.47,1.5,301327.0,6187846.0,50000000.0,0.00602654
2001-04-12,1.52,1.52,1.49,1.5,285600.0,5889980.0,50000000.0,0.005712
2001-04-13,1.5,1.52,1.49,1.51,380213.0,7875809.0,50000000.0,0.00760426
2001-04-16,1.52,1.54,1.51,1.52,619480.0,12966045.0,50000000.0,0.0123896
2001-04-17,1.53,1.55,1.52,1.54,762810.0,16052198.0,50000000.0,0.0152562
2001-04-18,1.54,1.55,1.51,1.51,262619.0,5494703.0,50000000.0,0.00525238
2001-04-19,1.5,1.52,1.49,1.5,162924.0,3360407.0,50000000.0,0.00325848
2001-04-20,1.5,1.52,1.49,1.49,189100.0,3909793.0,50000000.0,0.003782
2001-04-23,1.48,1.49,1.47,1.48,270400.0,5484795.0,50000000.0,0.005408
2001-04-24,1.48,1.54,1.47,1.51,1068900.0,22067000.0,50000000.0,0.021378
2001-04-25,1.48,1.53,1.48,1.48,332427.0,6802445.0,50000000.0,0.00664854
2001-04-26,1.5,1.5,1.45,1.47,595760.0,12020045.0,50000000.0,0.0119152
2001-04-27,1.48,1.49,1.46,1.48,301042.0,6089092.0,50000000.0,0.00602084
2001-04-30,1.48,1.48,1.46,1.46,229600.0,4634000.0,50000000.0,0.004592
2001-05-08,1.48,1.48,1.46,1.47,283600.0,5737748.0,50000000.0,0.005672
2001-05-09,1.47,1.48,1.46,1.48,160693.0,3242525.0,50000000.0,0.00321386
2001-05-10,1.49,1.49,1.47,1.48,119200.0,2424000.0,50000000.0,0.002384
2001-05-11,1.48,1.52,1.48,1.51,519244.0,10684807.0,50000000.0,0.01038488
2001-05-15,1.52,1.54,1.5,1.53,719279.0,15005884.0,50000000.0,0.01438558
2001-05-16,1.52,1.52,1.49,1.51,191700.0,3966627.0,50000000.0,0.003834
2001-05-17,1.51,1.54,1.5,1.53,833473.0,17425417.0,50000000.0,0.01666946
2001-05-18,1.53,1.56,1.52,1.55,544563.0,11543565.0,50000000.0,0.01089126
2001-05-21,1.55,1.61,1.55,1.59,1620157.0,35215738.0,50000000.0,0.03240314
2001-05-22,1.62,1.62,1.59,1.6,994274.0,21864784.0,50000000.0,0.01988548
2001-05-23,1.6,1.61,1.57,1.59,784780.0,17089227.0,50000000.0,0.0156956
2001-05-24,1.59,1.61,1.59,1.6,768011.0,16862705.0,50000000.0,0.01536022
2001-05-25,1.61,1.61,1.57,1.58,428780.0,9298356.0,50000000.0,0.0085756
2001-05-28,1.54,1.59,1.54,1.56,371913.0,7993037.0,50000000.0,0.00743826
2001-05-29,1.59,1.59,1.55,1.56,200100.0,4288054.0,50000000.0,0.004002
2001-05-30,1.56,1.58,1.56,1.56,223220.0,4803325.0,50000000.0,0.0044644
2001-05-31,1.57,1.6,1.56,1.59,320425.0,6954858.0,50000000.0,0.0064085
2001-06-01,1.6,1.61,1.59,1.6,470663.0,10350579.0,50000000.0,0.00941326
2001-06-04,1.63,1.63,1.6,1.6,309290.0,6811013.0,50000000.0,0.0061858
2001-06-05,1.62,1.62,1.6,1.61,421980.0,9285109.0,50000000.0,0.0084396
2001-06-06,1.6,1.65,1.6,1.65,953505.0,21355599.0,50000000.0,0.0190701
2001-06-07,1.66,1.66,1.62,1.64,427990.0,9623031.0,50000000.0,0.0085598
2001-06-08,1.65,1.65,1.62,1.63,496021.0,11092679.0,50000000.0,0.00992042
2001-06-11,1.65,1.65,1.61,1.63,304646.0,6831117.0,50000000.0,0.00609292
2001-06-12,1.64,1.64,1.61,1.62,389800.0,8673593.0,50000000.0,0.007796
2001-06-13,1.63,1.67,1.63,1.65,714770.0,16216662.0,50000000.0,0.0142954
2001-06-14,1.67,1.67,1.63,1.63,1468942.0,33546562.0,50000000.0,0.02937884
2001-06-15,1.63,1.64,1.61,1.62,498504.0,11110082.0,50000000.0,0.00997008
2001-06-18,1.64,1.65,1.58,1.58,682224.0,15027595.0,50000000.0,0.01364448
2001-06-19,1.58,1.6,1.54,1.56,496740.0,10700817.0,50000000.0,0.0099348
2001-06-20,1.57,1.6,1.57,1.57,212475.0,4620774.0,50000000.0,0.0042495
2001-06-21,1.59,1.62,1.57,1.6,371357.0,8148927.0,50000000.0,0.00742714
2001-06-22,1.6,1.62,1.57,1.57,455571.0,9978942.0,50000000.0,0.00911142
2001-06-25,1.59,1.63,1.58,1.62,407929.0,9015451.0,50000000.0,0.00815858
2001-06-26,1.62,1.64,1.6,1.63,303019.0,6744332.0,50000000.0,0.00606038
2001-06-27,1.63,1.64,1.61,1.63,179080.0,3987042.0,50000000.0,0.0035816
2001-06-28,1.63,1.64,1.61,1.61,277450.0,6180030.0,50000000.0,0.005549
2001-06-29,1.61,1.62,1.6,1.6,197350.0,4353235.0,50000000.0,0.003947
2001-07-02,1.6,1.62,1.59,1.6,190900.0,4199162.0,50000000.0,0.003818
2001-07-03,1.6,1.6,1.57,1.59,243440.0,5307848.0,50000000.0,0.0048688
2001-07-04,1.61,1.61,1.58,1.59,195300.0,4243085.0,50000000.0,0.003906
2001-07-05,1.59,1.59,1.55,1.55,456709.0,9755617.0,50000000.0,0.00913418
2001-07-06,1.55,1.57,1.54,1.54,433384.0,9173150.0,50000000.0,0.00866768
2001-07-09,1.54,1.57,1.51,1.54,699359.0,14626241.0,50000000.0,0.01398718
2001-07-10,1.54,1.58,1.54,1.56,539082.0,11518929.0,50000000.0,0.01078164
2001-07-11,1.57,1.57,1.53,1.53,833312.0,17533475.0,50000000.0,0.01666624
2001-07-12,1.54,1.54,1.52,1.54,265320.0,5522617.0,50000000.0,0.0053064
2001-07-13,1.55,1.56,1.55,1.55,152120.0,3220125.0,50000000.0,0.0030424
2001-07-16,1.57,1.57,1.53,1.54,567700.0,11879170.0,50000000.0,0.011354
2001-07-17,1.54,1.55,1.52,1.53,293640.0,6140067.0,50000000.0,0.0058728
2001-07-18,1.54,1.57,1.54,1.54,636900.0,13480954.0,50000000.0,0.012738
2001-07-19,1.55,1.55,1.53,1.53,229660.0,4813390.0,50000000.0,0.0045932
2001-07-20,1.53,1.57,1.53,1.55,424110.0,8978349.0,50000000.0,0.0084822
2001-07-23,1.55,1.63,1.55,1.6,1267331.0,27553736.0,50000000.0,0.02534662
2001-07-24,1.6,1.62,1.59,1.6,493270.0,10779568.0,50000000.0,0.0098654
2001-07-25,1.61,1.64,1.6,1.62,576503.0,12714421.0,50000000.0,0.01153006
2001-07-26,1.61,1.62,1.59,1.6,378419.0,8258365.0,50000000.0,0.00756838
2001-07-27,1.6,1.63,1.59,1.59,611175.0,13395020.0,50000000.0,0.0122235
2001-07-30,1.59,1.59,1.54,1.54,792467.0,16752651.0,50000000.0,0.01584934
2001-07-31,1.53,1.53,1.48,1.48,566500.0,11538314.0,50000000.0,0.01133
2001-08-01,1.48,1.54,1.48,1.52,382277.0,7881512.0,50000000.0,0.00764554
2001-08-02,1.52,1.56,1.5,1.52,371839.0,7693306.0,50000000.0,0.00743678
2001-08-03,1.53,1.58,1.53,1.55,109880.0,2318400.0,50000000.0,0.0021976
2001-08-06,1.55,1.55,1.51,1.52,455394.0,9517238.0,50000000.0,0.00910788
2001-08-07,1.52,1.54,1.48,1.51,346026.0,7086336.0,50000000.0,0.00692052
2001-08-08,1.52,1.54,1.5,1.52,92411.0,1923575.0,50000000.0,0.00184822
2001-08-09,1.52,1.6,1.52,1.55,215100.0,4521287.0,50000000.0,0.004302
2001-08-10,1.57,1.58,1.55,1.57,160617.0,3431976.0,50000000.0,0.00321234
2001-08-13,1.57,1.59,1.57,1.58,118761.0,2552051.0,50000000.0,0.00237522
2001-08-14,1.58,1.59,1.56,1.56,225888.0,4837884.0,50000000.0,0.00451776
2001-08-15,1.56,1.58,1.56,1.58,99300.0,2131692.0,50000000.0,0.001986
2001-08-16,1.58,1.59,1.58,1.59,182900.0,3956842.0,50000000.0,0.003658
2001-08-17,1.59,1.61,1.58,1.6,280324.0,6072527.0,50000000.0,0.00560648
2001-08-20,1.61,1.63,1.6,1.61,505980.0,11137854.0,50000000.0,0.0101196
2001-08-21,1.62,1.62,1.6,1.6,78100.0,1710374.0,50000000.0,0.001562
2001-08-22,1.59,1.61,1.59,1.6,568898.0,12386367.0,50000000.0,0.01137796
2001-08-23,1.59,1.61,1.56,1.6,163470.0,3534151.0,50000000.0,0.0032694
2001-08-24,1.6,1.62,1.57,1.58,790493.0,17145540.0,50000000.0,0.01580986
2001-08-27,1.57,1.57,1.53,1.53,472615.0,9991570.0,50000000.0,0.0094523
2001-08-28,1.53,1.56,1.52,1.54,231619.0,4833340.0,50000000.0,0.00463238
2001-08-29,1.55,1.57,1.55,1.55,106729.0,2268468.0,50000000.0,0.00213458
2001-08-30,1.57,1.57,1.52,1.54,135540.0,2854246.0,50000000.0,0.0027108
2001-08-31,1.54,1.56,1.54,1.55,63050.0,1330807.0,50000000.0,0.001261
2001-09-03,1.54,1.57,1.51,1.53,114350.0,2384348.0,50000000.0,0.002287
2001-09-04,1.54,1.58,1.52,1.57,290017.0,6133853.0,50000000.0,0.00580034
2001-09-05,1.58,1.61,1.55,1.57,486819.0,10447341.0,50000000.0,0.00973638
2001-09-06,1.58,1.61,1.56,1.6,636219.0,13801526.0,50000000.0,0.01272438
2001-09-07,1.6,1.61,1.59,1.59,1273173.0,27764119.0,50000000.0,0.02546346
2001-09-10,1.61,1.64,1.57,1.64,915839.0,20230183.0,50000000.0,0.01831678
2001-09-11,1.65,1.65,1.62,1.63,454172.0,10133552.0,50000000.0,0.00908344
2001-09-12,1.61,1.63,1.59,1.62,591248.0,13022730.0,50000000.0,0.01182496
2001-09-13,1.62,1.64,1.61,1.62,136820.0,3029847.0,50000000.0,0.0027364
2001-09-14,1.62,1.62,1.6,1.62,206326.0,4542523.0,50000000.0,0.00412652
2001-09-17,1.63,1.65,1.61,1.63,933840.0,20858679.0,50000000.0,0.0186768
2001-09-18,1.58,1.65,1.58,1.62,327077.0,7225239.0,50000000.0,0.00654154
2001-09-19,1.61,1.63,1.6,1.61,94600.0,2076749.0,50000000.0,0.001892
2001-09-20,1.62,1.64,1.61,1.62,173714.0,3828005.0,50000000.0,0.00347428
2001-09-21,1.63,1.63,1.6,1.6,83960.0,1840050.0,50000000.0,0.0016792
2001-09-24,1.61,1.61,1.59,1.6,184600.0,4023046.0,50000000.0,0.003692
2001-09-25,1.59,1.61,1.59,1.6,266358.0,5822740.0,50000000.0,0.00532716
2001-09-26,1.61,1.61,1.57,1.58,355292.0,7682299.0,50000000.0,0.00710584
2001-09-27,1.57,1.61,1.57,1.6,194232.0,4194700.0,50000000.0,0.00388464
2001-09-28,1.61,1.61,1.6,1.61,144831.0,3170715.0,50000000.0,0.00289662
2001-10-08,1.61,1.64,1.58,1.59,240700.0,5252649.0,50000000.0,0.004814
2001-10-09,1.6,1.61,1.59,1.6,218990.0,4751041.0,50000000.0,0.0043798
2001-10-10,1.61,1.61,1.54,1.54,652300.0,13850255.0,50000000.0,0.013046
2001-10-11,1.53,1.56,1.51,1.52,487664.0,10127209.0,50000000.0,0.00975328
2001-10-12,1.51,1.54,1.46,1.51,883418.0,17995266.0,50000000.0,0.01766836
2001-10-15,1.51,1.54,1.5,1.51,231241.0,4757313.0,50000000.0,0.00462482
2001-10-16,1.53,1.53,1.45,1.47,437673.0,8790051.0,50000000.0,0.00875346
2001-10-17,1.47,1.48,1.43,1.47,400890.0,7956193.0,50000000.0,0.0080178
2001-10-18,1.48,1.48,1.39,1.4,617510.0,12244827.0,50000000.0,0.0123502
2001-10-19,1.4,1.4,1.34,1.35,705762.0,13123856.0,50000000.0,0.01411524
2001-10-22,1.35,1.35,1.26,1.27,677167.0,11939561.0,50000000.0,0.01354334
2001-10-23,1.35,1.4,1.35,1.4,402764.0,7684699.0,50000000.0,0.00805528
2001-10-24,1.45,1.54,1.44,1.51,1834248.0,38018521.0,50000000.0,0.03668496
2001-10-25,1.56,1.56,1.47,1.48,323870.0,6635718.0,50000000.0,0.0064774
2001-10-26,1.48,1.5,1.48,1.5,103350.0,2098326.0,50000000.0,0.002067
2001-10-29,1.5,1.55,1.48,1.51,354590.0,7363936.0,50000000.0,0.0070918
2001-10-30,1.52,1.52,1.49,1.49,148500.0,3034711.0,50000000.0,0.00297
2001-10-31,1.49,1.49,1.4,1.47,136020.0,2718410.0,50000000.0,0.0027204
2001-11-01,1.47,1.51,1.47,1.49,246500.0,5009811.0,50000000.0,0.00493
2001-11-02,1.49,1.53,1.48,1.49,317300.0,6501092.0,50000000.0,0.006346
2001-11-05,1.49,1.49,1.46,1.46,188300.0,3769797.0,50000000.0,0.003766
2001-11-06,1.47,1.5,1.44,1.47,578034.0,11614983.0,50000000.0,0.01156068
2001-11-07,1.49,1.49,1.44,1.44,612412.0,12177839.0,50000000.0,0.01224824
2001-11-08,1.44,1.48,1.41,1.47,726112.0,14363277.0,50000000.0,0.01452224
2001-11-09,1.47,1.49,1.43,1.47,1074780.0,21496719.0,50000000.0,0.0214956
2001-11-12,1.47,1.5,1.45,1.48,381800.0,7701680.0,50000000.0,0.007636
2001-11-13,1.5,1.54,1.47,1.48,1024631.0,20769450.0,50000000.0,0.02049262
2001-11-14,1.49,1.51,1.48,1.49,1151893.0,23432913.0,50000000.0,0.02303786
2001-11-15,1.51,1.51,1.48,1.49,1247050.0,25396989.0,50000000.0,0.024941
2001-11-16,1.51,1.54,1.49,1.51,834193.0,17157130.0,50000000.0,0.01668386
2001-11-19,1.51,1.53,1.49,1.52,359270.0,7387088.0,50000000.0,0.0071854
2001-11-20,1.53,1.62,1.53,1.61,1686885.0,36438995.0,50000000.0,0.0337377
2001-11-21,1.61,1.67,1.61,1.66,1687124.0,37841340.0,50000000.0,0.03374248
2001-11-22,1.68,1.71,1.64,1.69,1735878.0,39841502.0,50000000.0,0.03471756
2001-11-23,1.69,1.73,1.67,1.71,1014607.0,23613703.0,50000000.0,0.02029214
2001-11-26,1.74,1.74,1.7,1.73,999943.0,23542375.0,50000000.0,0.01999886
2001-11-27,1.73,1.74,1.69,1.72,953596.0,22340107.0,50000000.0,0.01907192
2001-11-28,1.72,1.75,1.71,1.75,690868.0,16320047.0,50000000.0,0.01381736
2001-11-29,1.75,1.76,1.71,1.72,496735.0,11710812.0,50000000.0,0.0099347
2001-11-30,1.72,1.74,1.7,1.73,562604.0,13171383.0,50000000.0,0.01125208
2001-12-03,1.73,1.76,1.73,1.76,632557.0,15072133.0,50000000.0,0.01265114
2001-12-04,1.76,1.83,1.76,1.81,1930655.0,47632582.0,50000000.0,0.0386131
2001-12-05,1.82,1.83,1.71,1.71,3510881.0,83954725.0,50000000.0,0.07021762
2001-12-06,1.71,1.76,1.7,1.71,2385637.0,56078238.0,50000000.0,0.04771274
2001-12-07,1.75,1.75,1.67,1.67,3468988.0,81060708.0,50000000.0,0.06937976
2001-12-10,1.67,1.7,1.65,1.66,1051944.0,23944349.0,50000000.0,0.02103888
2001-12-11,1.67,1.68,1.66,1.67,763120.0,17318808.0,50000000.0,0.0152624
2001-12-12,1.67,1.68,1.67,1.68,444830.0,10135431.0,50000000.0,0.0088966
2001-12-13,1.7,1.7,1.65,1.66,594355.0,13476125.0,50000000.0,0.0118871
2001-12-14,1.65,1.67,1.65,1.66,354400.0,8026903.0,50000000.0,0.007088
2001-12-18,1.65,1.68,1.63,1.66,631015.0,14221133.0,50000000.0,0.0126203
2001-12-19,1.69,1.69,1.64,1.66,294460.0,6657696.0,50000000.0,0.0058892
2001-12-20,1.65,1.67,1.57,1.58,904260.0,20118841.0,50000000.0,0.0180852
2001-12-21,1.59,1.61,1.58,1.61,294400.0,6413655.0,50000000.0,0.005888
2001-12-24,1.61,1.61,1.53,1.54,799800.0,17023136.0,50000000.0,0.015996
2001-12-25,1.54,1.54,1.5,1.52,601366.0,12442879.0,50000000.0,0.01202732
2001-12-26,1.53,1.57,1.51,1.54,427188.0,8982945.0,50000000.0,0.00854376
2001-12-27,1.56,1.59,1.53,1.54,708323.0,15021380.0,50000000.0,0.01416646
2001-12-28,1.55,1.59,1.55,1.57,375809.0,8024302.0,50000000.0,0.00751618
2001-12-31,1.57,1.61,1.57,1.61,355275.0,7723306.0,50000000.0,0.0071055
2002-01-04,1.61,1.61,1.6,1.61,272681.0,5964178.0,50000000.0,0.00545362
2002-01-07,1.6,1.61,1.58,1.6,169786.0,3686272.0,50000000.0,0.00339572
2002-01-08,1.59,1.63,1.59,1.61,450580.0,9915434.0,50000000.0,0.0090116
2002-01-09,1.61,1.62,1.6,1.61,542150.0,11881235.0,50000000.0,0.010843
2002-01-10,1.64,1.64,1.54,1.6,694014.0,14950763.0,50000000.0,0.01388028
2002-01-11,1.61,1.62,1.59,1.6,358893.0,7860615.0,50000000.0,0.00717786
2002-01-14,1.6,1.6,1.56,1.57,420400.0,9032505.0,50000000.0,0.008408
2002-01-15,1.57,1.62,1.57,1.61,491770.0,10752955.0,50000000.0,0.0098354
2002-01-16,1.61,1.66,1.6,1.62,628377.0,13911284.0,50000000.0,0.01256754
2002-01-17,1.63,1.63,1.6,1.61,536400.0,11809132.0,50000000.0,0.010728
2002-01-18,1.6,1.67,1.58,1.64,802229.0,17749251.0,50000000.0,0.01604458
2002-01-21,1.64,1.65,1.6,1.61,435800.0,9674810.0,50000000.0,0.008716
2002-01-22,1.6,1.64,1.58,1.6,225100.0,4930613.0,50000000.0,0.004502
2002-01-23,1.6,1.64,1.58,1.6,629394.0,13788066.0,50000000.0,0.01258788
2002-01-24,1.61,1.71,1.59,1.67,952190.0,21618192.0,50000000.0,0.0190438
2002-01-25,1.66,1.72,1.66,1.68,750180.0,17242781.0,50000000.0,0.0150036
2002-01-28,1.68,1.69,1.64,1.64,674367.0,15274774.0,50000000.0,0.01348734
2002-01-29,1.63,1.73,1.63,1.73,694644.0,15997221.0,50000000.0,0.01389288
2002-01-30,1.75,1.75,1.7,1.74,770443.0,18070027.0,50000000.0,0.01540886
2002-01-31,1.74,1.87,1.74,1.86,1605077.0,39920398.0,50000000.0,0.03210154
2002-02-01,1.86,1.88,1.83,1.84,1282346.0,32355845.0,50000000.0,0.02564692
2002-02-04,1.84,1.88,1.83,1.88,770959.0,19418419.0,50000000.0,0.01541918
2002-02-05,1.88,1.91,1.85,1.87,589775.0,15056371.0,50000000.0,0.0117955
2002-02-06,1.87,1.88,1.82,1.83,709167.0,17721221.0,50000000.0,0.01418334
2002-02-07,1.82,1.86,1.81,1.84,336166.0,8440093.0,50000000.0,0.00672332
2002-02-08,1.84,1.87,1.83,1.84,189850.0,4763322.0,50000000.0,0.003797
2002-02-25,1.87,1.89,1.86,1.87,462420.0,11810766.0,50000000.0,0.0092484
2002-02-26,1.87,1.88,1.83,1.84,426850.0,10748106.0,50000000.0,0.008537
2002-02-27,1.83,1.9,1.83,1.9,1041694.0,26469298.0,50000000.0,0.02083388
2002-02-28,1.89,1.93,1.88,1.9,395745.0,10270066.0,50000000.0,0.0079149
2002-03-01,1.89,1.92,1.88,1.91,295897.0,7659409.0,50000000.0,0.00591794
2002-03-04,1.91,1.98,1.91,1.97,791568.0,21165698.0,50000000.0,0.01583136
2002-03-05,1.98,2.02,1.96,2.01,586462.0,15959156.0,50000000.0,0.01172924
2002-03-06,2.02,2.04,1.99,2.01,608235.0,16723107.0,50000000.0,0.0121647
2002-03-07,2.0,2.02,1.96,2.02,636595.0,17241095.0,50000000.0,0.0127319
2002-03-08,2.02,2.09,1.97,2.01,794410.0,21910636.0,50000000.0,0.0158882
2002-03-11,2.0,2.01,1.96,1.99,523111.0,14086505.0,50000000.0,0.01046222
2002-03-12,1.99,1.99,1.95,1.95,379183.0,10158199.0,50000000.0,0.00758366
2002-03-13,1.95,1.96,1.9,1.93,502500.0,13157455.0,50000000.0,0.01005
2002-03-14,1.92,2.01,1.92,2.0,382494.0,10246241.0,50000000.0,0.00764988
2002-03-15,2.02,2.04,2.0,2.0,415537.0,11405563.0,50000000.0,0.00831074
2002-03-18,2.04,2.07,2.01,2.06,706539.0,19634725.0,50000000.0,0.01413078
2002-03-19,2.07,2.09,2.06,2.08,342952.0,9709067.0,50000000.0,0.00685904
2002-03-20,2.08,2.15,2.06,2.13,790156.0,22792165.0,50000000.0,0.01580312
2002-03-21,2.13,2.15,2.08,2.1,448761.0,12894852.0,50000000.0,0.00897522
2002-03-22,2.09,2.1,2.04,2.05,353659.0,9904877.0,50000000.0,0.00707318
2002-03-25,2.05,2.13,2.05,2.1,347759.0,9976496.0,50000000.0,0.00695518
2002-03-26,2.1,2.14,2.07,2.1,179169.0,5145588.0,50000000.0,0.00358338
2002-03-27,2.1,2.11,2.03,2.06,490600.0,13747959.0,50000000.0,0.009812
2002-03-28,2.06,2.11,2.03,2.11,479536.0,13531855.0,50000000.0,0.00959072
2002-03-29,2.11,2.11,2.05,2.07,316907.0,8959100.0,50000000.0,0.00633814
2002-04-01,2.07,2.12,2.05,2.12,281150.0,8029370.0,50000000.0,0.005623
2002-04-02,2.12,2.16,2.11,2.15,512776.0,14953589.0,50000000.0,0.01025552
2002-04-03,2.14,2.19,2.11,2.13,528400.0,15562173.0,50000000.0,0.010568
2002-04-04,2.14,2.16,2.07,2.09,468102.0,13353604.0,50000000.0,0.00936204
2002-04-05,2.1,2.1,2.0,2.06,808599.0,22554160.0,50000000.0,0.01617198
2002-04-08,2.07,2.11,2.07,2.1,420448.0,11970960.0,50000000.0,0.00840896
2002-04-09,2.1,2.15,2.1,2.14,437020.0,12727514.0,50000000.0,0.0087404
2002-04-10,2.14,2.15,2.07,2.13,317170.0,9185196.0,50000000.0,0.0063434
2002-04-11,2.15,2.16,2.02,2.05,1297689.0,36512685.0,50000000.0,0.02595378
2002-04-12,2.03,2.08,2.02,2.05,761951.0,21271605.0,50000000.0,0.01523902
2002-04-15,2.04,2.07,2.03,2.03,228500.0,6372940.0,50000000.0,0.00457
2002-04-16,2.05,2.05,1.96,2.0,407600.0,11132310.0,50000000.0,0.008152
2002-04-17,1.97,2.0,1.95,1.96,862900.0,23187403.0,50000000.0,0.017258
2002-04-18,1.98,1.98,1.92,1.93,541420.0,14295738.0,50000000.0,0.0108284
2002-04-19,1.93,1.94,1.89,1.93,757085.0,19731712.0,50000000.0,0.0151417
2002-04-22,1.91,1.99,1.91,1.96,754580.0,20218023.0,50000000.0,0.0150916
2002-04-23,1.97,2.0,1.96,1.96,886500.0,23969293.0,50000000.0,0.01773
2002-04-24,1.96,1.98,1.91,1.92,450600.0,11989347.0,50000000.0,0.009012
2002-04-25,1.93,1.95,1.89,1.94,399350.0,10483204.0,50000000.0,0.007987
2002-04-26,1.92,1.98,1.92,1.96,543330.0,14590803.0,50000000.0,0.0108666
2002-04-29,1.97,1.98,1.96,1.98,628139.0,16946682.0,50000000.0,0.01256278
2002-04-30,1.98,2.04,1.98,2.01,992261.0,27287600.0,50000000.0,0.01984522
2002-05-08,2.01,2.03,2.0,2.0,166300.0,4566136.0,50000000.0,0.003326
2002-05-09,2.02,2.03,2.0,2.0,177000.0,4850423.0,50000000.0,0.00354
2002-05-10,2.0,2.04,1.97,2.04,571135.0,15561417.0,50000000.0,0.0114227
2002-05-13,2.04,2.04,1.99,1.99,481820.0,13207483.0,50000000.0,0.0096364
2002-05-14,1.99,1.99,1.96,1.96,548680.0,14777294.0,50000000.0,0.0109736
2002-05-15,1.97,2.01,1.9,1.9,585116.0,15376288.0,50000000.0,0.01170232
2002-05-16,1.9,1.9,1.84,1.85,809500.0,20678722.0,50000000.0,0.01619
2002-05-17,1.85,1.89,1.85,1.89,866890.0,22139046.0,50000000.0,0.0173378
2002-05-20,1.88,1.91,1.87,1.91,574912.0,14866810.0,50000000.0,0.01149824
2002-05-21,1.91,2.02,1.91,1.99,1664703.0,44935499.0,50000000.0,0.03329406
2002-05-22,2.0,2.04,1.97,2.03,766176.0,20999771.0,50000000.0,0.01532352
2002-05-23,2.03,2.07,2.03,2.05,1037465.0,29005753.0,50000000.0,0.0207493
2002-05-24,2.05,2.07,2.01,2.04,897106.0,25026137.0,50000000.0,0.01794212
2002-05-27,2.04,2.04,2.0,2.01,385305.0,10577796.0,50000000.0,0.0077061
2002-05-28,2.02,2.11,2.02,2.1,916521.0,25946939.0,50000000.0,0.01833042
2002-05-29,2.1,2.11,2.05,2.08,459974.0,13014576.0,50000000.0,0.00919948
2002-05-30,2.08,2.13,2.07,2.12,664681.0,19047132.0,50000000.0,0.01329362
2002-05-31,2.12,2.15,2.08,2.14,782030.0,22558911.0,50000000.0,0.0156406
2002-06-03,2.14,2.16,2.11,2.14,612229.0,17787549.0,50000000.0,0.01224458
2002-06-04,2.12,2.18,2.11,2.17,964701.0,28354641.0,50000000.0,0.01929402
2002-06-05,2.17,2.19,2.05,2.11,894090.0,26047585.0,50000000.0,0.0178818
2002-06-06,2.09,2.1,2.03,2.09,1110194.0,31157170.0,50000000.0,0.02220388
2002-06-07,2.08,2.12,2.06,2.09,199036.0,5687596.0,50000000.0,0.00398072
2002-06-11,2.1,2.12,2.04,2.05,723601.0,20523085.0,50000000.0,0.01447202
2002-06-12,2.04,2.05,2.01,2.04,430290.0,11884453.0,50000000.0,0.0086058
2002-06-13,2.02,2.05,2.01,2.04,409400.0,11342186.0,50000000.0,0.008188
2002-06-14,2.03,2.07,2.03,2.06,322879.0,9029481.0,50000000.0,0.00645758
2002-06-17,2.07,2.07,2.02,2.03,318268.0,8825095.0,50000000.0,0.00636536
2002-06-18,2.03,2.07,2.0,2.06,639712.0,17766461.0,50000000.0,0.01279424
2002-06-19,2.07,2.09,2.06,2.08,466398.0,13204857.0,50000000.0,0.00932796
2002-06-20,2.07,2.09,2.05,2.05,440980.0,12372494.0,50000000.0,0.0088196
2002-06-21,2.05,2.08,2.04,2.06,445416.0,12463423.0,50000000.0,0.00890832
2002-06-24,2.27,2.27,2.11,2.18,1609804.0,47200758.0,50000000.0,0.03219608
2002-06-25,2.19,2.19,2.08,2.1,1511615.0,43535228.0,50000000.0,0.0302323
2002-06-26,2.07,2.07,2.01,2.04,753129.0,20856475.0,50000000.0,0.01506258
2002-06-27,2.01,2.09,2.01,2.09,966574.0,27094222.0,50000000.0,0.01933148
2002-06-28,2.08,2.11,2.05,2.07,493018.0,13919401.0,50000000.0,0.00986036
2002-07-01,2.07,2.14,2.07,2.13,917517.0,26403589.0,50000000.0,0.01835034
2002-07-02,2.15,2.21,2.13,2.21,1672150.0,49666347.0,50000000.0,0.033443
2002-07-03,2.21,2.23,2.16,2.19,1642066.0,49319188.0,50000000.0,0.03284132
2002-07-04,2.16,2.19,2.15,2.17,934425.0,27670287.0,50000000.0,0.0186885
2002-07-05,2.16,2.2,2.16,2.2,386271.0,11520050.0,50000000.0,0.00772542
2002-07-08,2.2,2.21,2.19,2.21,569460.0,17092837.0,50000000.0,0.0113892
2002-07-09,2.21,2.21,2.19,2.2,297200.0,8910812.0,50000000.0,0.005944
2002-07-10,2.2,2.2,2.03,2.2,1701831.0,50568984.0,50000000.0,0.03403662
2002-07-11,2.15,2.2,2.12,2.14,706610.0,10293912.0,100000000.0,0.0070661
2002-07-12,2.13,2.15,2.06,2.07,1086768.0,15324250.0,100000000.0,0.01086768
2002-07-15,2.07,2.13,2.05,2.05,749125.0,10641152.0,100000000.0,0.00749125
2002-07-16,2.05,2.08,2.0,2.06,1013820.0,14201088.0,100000000.0,0.0101382
2002-07-17,2.06,2.09,2.04,2.06,1409900.0,19808596.0,100000000.0,0.014099
2002-07-18,2.05,2.09,2.01,2.07,1247123.0,17481857.0,100000000.0,0.01247123
2002-07-19,2.07,2.1,2.07,2.08,904600.0,12811046.0,100000000.0,0.009046
2002-07-22,2.07,2.09,2.05,2.06,741700.0,10483578.0,100000000.0,0.007417
2002-07-23,2.04,2.07,2.03,2.06,833880.0,11690396.0,100000000.0,0.0083388
2002-07-24,2.07,2.07,2.03,2.04,633000.0,8809420.0,100000000.0,0.00633
2002-07-25,2.05,2.05,1.91,1.99,1757855.0,23888439.0,100000000.0,0.01757855
2002-07-26,1.96,1.97,1.91,1.92,528877.0,6903913.0,100000000.0,0.00528877
2002-07-29,1.91,1.92,1.8,1.83,1332506.0,16645445.0,100000000.0,0.01332506
2002-07-30,1.79,1.87,1.79,1.82,1064618.0,13177350.0,100000000.0,0.01064618
2002-07-31,1.82,1.88,1.82,1.87,519770.0,6576643.0,100000000.0,0.0051977
2002-08-01,1.87,1.87,1.81,1.82,990795.0,12286132.0,100000000.0,0.00990795
2002-08-02,1.83,1.83,1.77,1.78,2615696.0,31780279.0,100000000.0,0.02615696
2002-08-05,1.78,1.79,1.74,1.75,1514897.0,18121992.0,100000000.0,0.01514897
2002-08-06,1.76,1.81,1.75,1.79,1121960.0,13588550.0,100000000.0,0.0112196
2002-08-07,1.8,1.8,1.73,1.76,922770.0,11048136.0,100000000.0,0.0092277
2002-08-08,1.76,1.81,1.76,1.78,853820.0,10406596.0,100000000.0,0.0085382
2002-08-09,1.78,1.78,1.72,1.74,756499.0,9021425.0,100000000.0,0.00756499
2002-08-12,1.76,1.76,1.71,1.72,584784.0,6873328.0,100000000.0,0.00584784
2002-08-13,1.72,1.73,1.69,1.69,471400.0,5507210.0,100000000.0,0.004714
2002-08-14,1.7,1.71,1.68,1.68,429770.0,4942866.0,100000000.0,0.0042977
2002-08-15,1.69,1.69,1.65,1.67,809830.0,9214006.0,100000000.0,0.0080983
2002-08-19,1.68,1.69,1.64,1.68,433680.0,4956424.0,100000000.0,0.0043368
2002-08-20,1.69,1.69,1.67,1.68,922441.0,10579517.0,100000000.0,0.00922441
2002-08-21,1.69,1.78,1.68,1.77,955708.0,11235360.0,100000000.0,0.00955708
2002-08-22,1.76,1.83,1.75,1.81,1065123.0,13082888.0,100000000.0,0.01065123
2002-08-23,1.81,1.82,1.77,1.81,457301.0,5591060.0,100000000.0,0.00457301
2002-08-26,1.84,1.84,1.76,1.79,2275007.0,27837101.0,100000000.0,0.02275007
2002-08-27,1.79,1.87,1.78,1.87,2254274.0,28275961.0,100000000.0,0.02254274
2002-08-28,1.89,1.91,1.82,1.87,2013334.0,25552506.0,100000000.0,0.02013334
2002-08-29,1.84,1.9,1.84,1.89,1884151.0,24142774.0,100000000.0,0.01884151
2002-08-30,1.9,1.96,1.88,1.95,2255902.0,29485090.0,100000000.0,0.02255902
2002-09-02,1.95,1.97,1.92,1.96,1352100.0,17990868.0,100000000.0,0.013521
2002-09-03,1.96,1.98,1.93,1.93,1354878.0,17975829.0,100000000.0,0.01354878
2002-09-04,1.93,1.96,1.92,1.94,744402.0,9837215.0,100000000.0,0.00744402
2002-09-05,1.94,1.97,1.94,1.96,875156.0,11669019.0,100000000.0,0.00875156
2002-09-06,1.95,2.01,1.95,1.99,847260.0,11396473.0,100000000.0,0.0084726
2002-09-09,2.0,2.04,1.99,2.02,764444.0,10524520.0,100000000.0,0.00764444
2002-09-10,2.01,2.02,1.95,2.01,1581531.0,21496099.0,100000000.0,0.01581531
2002-09-11,2.01,2.03,1.97,2.03,1466842.0,20013932.0,100000000.0,0.01466842
2002-09-12,2.01,2.04,2.0,2.03,1359839.0,18682067.0,100000000.0,0.01359839
2002-09-13,2.03,2.04,2.01,2.02,327708.0,4521612.0,100000000.0,0.00327708
2002-09-16,2.02,2.03,1.97,2.02,799806.0,10849652.0,100000000.0,0.00799806
2002-09-17,2.01,2.05,1.98,2.04,613590.0,8458865.0,100000000.0,0.0061359
2002-09-18,2.03,2.06,2.03,2.04,624390.0,8688497.0,100000000.0,0.0062439
2002-09-19,2.03,2.06,2.02,2.03,444567.0,6157771.0,100000000.0,0.00444567
2002-09-20,2.02,2.04,1.98,1.99,439565.0,6000676.0,100000000.0,0.00439565
2002-09-23,1.98,2.02,1.97,2.01,358150.0,4883549.0,100000000.0,0.0035815
2002-09-24,2.0,2.03,2.0,2.03,331464.0,4558571.0,100000000.0,0.00331464
2002-09-25,2.03,2.03,2.02,2.03,239890.0,3298345.0,100000000.0,0.0023989
2002-09-26,2.02,2.04,2.01,2.04,358607.0,4961003.0,100000000.0,0.00358607
2002-09-27,2.04,2.06,2.04,2.06,328810.0,4587505.0,100000000.0,0.0032881
2002-10-08,2.04,2.07,2.01,2.02,162300.0,2260122.0,100000000.0,0.001623
2002-10-09,2.0,2.01,1.96,1.96,202439.0,2716150.0,100000000.0,0.00202439
2002-10-10,1.96,1.97,1.93,1.93,180260.0,2388837.0,100000000.0,0.0018026
2002-10-11,1.94,1.97,1.94,1.96,191714.0,2550682.0,100000000.0,0.00191714
2002-10-14,1.95,2.0,1.92,1.98,290104.0,3855517.0,100000000.0,0.00290104
2002-10-15,1.97,2.04,1.97,2.01,238977.0,3285505.0,100000000.0,0.00238977
2002-10-16,2.03,2.07,2.0,2.03,303717.0,4195278.0,100000000.0,0.00303717
2002-10-17,2.01,2.03,2.0,2.01,121650.0,1662683.0,100000000.0,0.0012165
2002-10-18,2.01,2.05,2.01,2.03,320217.0,4420238.0,100000000.0,0.00320217
2002-10-21,2.05,2.07,2.04,2.06,654067.0,9127356.0,100000000.0,0.00654067
2002-10-22,2.06,2.13,2.06,2.12,1439039.0,20647653.0,100000000.0,0.01439039
2002-10-23,2.12,2.13,2.08,2.11,1319072.0,18874064.0,100000000.0,0.01319072
2002-10-24,2.12,2.12,2.02,2.06,1113120.0,15664331.0,100000000.0,0.0111312
2002-10-25,2.03,2.05,2.01,2.03,695400.0,9584041.0,100000000.0,0.006954
2002-10-28,2.0,2.03,1.96,1.98,1785149.0,24173639.0,100000000.0,0.01785149
2002-10-29,1.97,1.98,1.91,1.95,3176827.0,41768672.0,100000000.0,0.03176827
2002-10-30,1.93,1.94,1.89,1.92,2832871.0,36934787.0,100000000.0,0.02832871
2002-10-31,1.9,1.93,1.84,1.85,1825602.0,23645709.0,100000000.0,0.01825602
2002-11-01,1.82,1.85,1.8,1.84,1572172.0,19585126.0,100000000.0,0.01572172
2002-11-04,1.83,1.87,1.83,1.85,701877.0,8853129.0,100000000.0,0.00701877
2002-11-05,1.85,1.91,1.83,1.9,721309.0,9221501.0,100000000.0,0.00721309
2002-11-06,1.93,1.94,1.87,1.88,800900.0,10375593.0,100000000.0,0.008009
2002-11-07,1.88,1.91,1.87,1.89,1541530.0,19831867.0,100000000.0,0.0154153
2002-11-08,1.9,1.91,1.87,1.88,885695.0,11355752.0,100000000.0,0.00885695
2002-11-11,1.88,1.88,1.82,1.84,195500.0,2467854.0,100000000.0,0.001955
2002-11-12,1.84,1.85,1.8,1.81,365899.0,4541827.0,100000000.0,0.00365899
2002-11-13,1.81,1.81,1.78,1.81,252895.0,3093839.0,100000000.0,0.00252895
2002-11-14,1.81,1.83,1.78,1.8,164700.0,2024742.0,100000000.0,0.001647
2002-11-15,1.79,1.82,1.78,1.8,285560.0,3511296.0,100000000.0,0.0028556
2002-11-18,1.8,1.81,1.77,1.81,166200.0,2023156.0,100000000.0,0.001662
2002-11-19,1.82,1.84,1.8,1.83,189353.0,2348255.0,100000000.0,0.00189353
2002-11-20,1.83,1.83,1.76,1.79,495022.0,5983285.0,100000000.0,0.00495022
2002-11-21,1.78,1.8,1.73,1.74,1135200.0,13650741.0,100000000.0,0.011352
2002-11-22,1.71,1.86,1.64,1.72,148735.0,1748262.0,100000000.0,0.00148735
2002-11-25,1.72,1.72,1.63,1.68,159900.0,1854248.0,100000000.0,0.001599
2002-11-26,1.68,1.73,1.68,1.72,497224.0,5802675.0,100000000.0,0.00497224
2002-11-27,1.71,1.75,1.71,1.73,555240.0,6554914.0,100000000.0,0.0055524
2002-11-28,1.73,1.75,1.7,1.74,640813.0,7516014.0,100000000.0,0.00640813
2002-11-29,1.75,1.76,1.73,1.75,1453552.0,17228099.0,100000000.0,0.01453552
2002-12-02,1.75,1.76,1.71,1.74,686325.0,8107309.0,100000000.0,0.00686325
2002-12-03,1.74,1.76,1.72,1.76,268900.0,3199558.0,100000000.0,0.002689
2002-12-04,1.76,1.76,1.73,1.74,1134100.0,13491675.0,100000000.0,0.011341
2002-12-05,1.74,1.78,1.72,1.77,381911.0,4563491.0,100000000.0,0.00381911
2002-12-06,1.77,1.83,1.76,1.82,287710.0,3515787.0,100000000.0,0.0028771
2002-12-09,1.82,1.83,1.79,1.82,128700.0,1586051.0,100000000.0,0.001287
2002-12-10,1.82,1.84,1.77,1.77,948250.0,11604459.0,100000000.0,0.0094825
2002-12-11,1.77,1.78,1.76,1.76,970094.0,11684892.0,100000000.0,0.00970094
2002-12-12,1.76,1.76,1.73,1.74,160000.0,1900225.0,100000000.0,0.0016
2002-12-13,1.74,1.74,1.68,1.69,618755.0,7169731.0,100000000.0,0.00618755
2002-12-16,1.69,1.71,1.66,1.69,341280.0,3910197.0,100000000.0,0.0034128
2002-12-17,1.69,1.71,1.66,1.7,801550.0,9107428.0,100000000.0,0.0080155
2002-12-18,1.68,1.69,1.66,1.68,456150.0,5180948.0,100000000.0,0.0045615
2002-12-19,1.69,1.69,1.64,1.67,639400.0,7219204.0,100000000.0,0.006394
2002-12-20,1.68,1.68,1.63,1.65,1154872.0,12856825.0,100000000.0,0.01154872
2002-12-23,1.63,1.69,1.63,1.69,1025930.0,11581503.0,100000000.0,0.0102593
2002-12-24,1.69,1.69,1.64,1.68,1675147.0,18843469.0,100000000.0,0.01675147
2002-12-25,1.67,1.67,1.63,1.66,1912700.0,21442322.0,100000000.0,0.019127
2002-12-26,1.64,1.66,1.62,1.66,616480.0,6873636.0,100000000.0,0.0061648
2002-12-27,1.65,1.69,1.64,1.69,1102788.0,12561342.0,100000000.0,0.01102788
2002-12-30,1.69,1.84,1.67,1.8,1559727.0,18200594.0,100000000.0,0.01559727
2002-12-31,1.79,1.82,1.73,1.81,2559348.0,31146156.0,100000000.0,0.02559348
2003-01-02,1.76,1.76,1.65,1.68,334400.0,3828675.0,100000000.0,0.003344
2003-01-03,1.65,1.72,1.64,1.65,199420.0,2243946.0,100000000.0,0.0019942
2003-01-06,1.64,1.66,1.62,1.63,282500.0,3139430.0,100000000.0,0.002825
2003-01-07,1.63,1.65,1.62,1.63,358777.0,3971101.0,100000000.0,0.00358777
2003-01-08,1.62,1.65,1.6,1.63,392070.0,4302831.0,100000000.0,0.0039207
2003-01-09,1.64,1.66,1.62,1.64,556206.0,6205271.0,100000000.0,0.00556206
2003-01-10,1.66,1.67,1.64,1.65,511814.0,5768897.0,100000000.0,0.00511814
2003-01-13,1.64,1.65,1.61,1.62,393782.0,4360741.0,100000000.0,0.00393782
2003-01-14,1.62,1.7,1.62,1.68,926370.0,10497296.0,100000000.0,0.0092637
2003-01-15,1.68,1.69,1.64,1.64,684388.0,7741921.0,100000000.0,0.00684388
2003-01-16,1.63,1.66,1.62,1.65,677684.0,7527809.0,100000000.0,0.00677684
2003-01-17,1.65,1.65,1.61,1.62,1522153.0,16780291.0,100000000.0,0.01522153
2003-01-20,1.62,1.63,1.6,1.61,821330.0,9020274.0,100000000.0,0.0082133
2003-01-21,1.61,1.62,1.58,1.62,774639.0,8429396.0,100000000.0,0.00774639
2003-01-22,1.62,1.62,1.6,1.62,326775.0,3581226.0,100000000.0,0.00326775
2003-01-23,1.6,1.61,1.49,1.52,1404605.0,14665904.0,100000000.0,0.01404605
2003-01-24,1.5,1.59,1.47,1.59,1521667.0,15604462.0,100000000.0,0.01521667
2003-01-27,1.49,1.62,1.48,1.6,7303560.0,76457967.0,126277440.0,0.057837409437505226
2003-01-28,1.58,1.6,1.56,1.57,2283566.0,24499220.0,126277440.0,0.01808372105104443
2003-01-29,1.56,1.58,1.54,1.57,1181200.0,12550083.0,126277440.0,0.009354006543053137
2003-02-10,1.57,1.59,1.55,1.58,552827.0,5935160.0,126277440.0,0.004377876206549642
2003-02-11,1.59,1.61,1.58,1.58,724821.0,7846135.0,126277440.0,0.005739908886337892
2003-02-12,1.57,1.59,1.57,1.58,527731.0,5647919.0,126277440.0,0.0041791392033287975
2003-02-13,1.58,1.59,1.57,1.57,439556.0,4710993.0,126277440.0,0.0034808751270218974
2003-02-14,1.56,1.59,1.55,1.58,591436.0,6293579.0,126277440.0,0.004683623614796119
2003-02-17,1.56,1.59,1.56,1.58,958199.0,10275718.0,126277440.0,0.0075880458140424765
2003-02-18,1.58,1.61,1.58,1.6,1881648.0,20430066.0,126277440.0,0.01490090391442842
2003-02-19,1.6,1.61,1.59,1.6,615718.0,6711983.0,126277440.0,0.004875914494307138
2003-02-20,1.6,1.61,1.59,1.6,611488.0,6670830.0,126277440.0,0.004842416824414559
2003-02-21,1.6,1.61,1.58,1.59,453576.0,4914724.0,126277440.0,0.0035919005009921014
2003-02-24,1.59,1.59,1.56,1.58,306390.0,3280091.0,126277440.0,0.002426324132006477
2003-02-25,1.57,1.59,1.57,1.58,429347.0,4603281.0,126277440.0,0.003400029332238601
2003-02-26,1.58,1.59,1.57,1.57,603010.0,6454583.0,126277440.0,0.004775278941353262
2003-02-27,1.57,1.6,1.57,1.59,1771302.0,19002978.0,126277440.0,0.014027066117273205
2003-02-28,1.59,1.6,1.57,1.58,288568.0,3101367.0,126277440.0,0.0022851904504874346
2003-03-03,1.58,1.61,1.57,1.61,720201.0,7803192.0,126277440.0,0.005703322778795642
2003-03-04,1.61,1.62,1.6,1.62,1926064.0,21067854.0,126277440.0,0.0152526373673714
2003-03-05,1.63,1.66,1.61,1.66,2611130.0,29139010.0,126277440.0,0.020677723590215323
2003-03-06,1.66,1.7,1.65,1.69,2978574.0,34034237.0,126277440.0,0.023587538676742258
2003-03-07,1.68,1.69,1.66,1.66,980540.0,11127942.0,126277440.0,0.007764965776943213
2003-03-10,1.66,1.67,1.62,1.66,2040807.0,22865724.0,126277440.0,0.016161295319258927
2003-03-11,1.65,1.67,1.64,1.66,1639560.0,18464639.0,126277440.0,0.012983791879214529
2003-03-12,1.65,1.66,1.65,1.65,385980.0,4333674.0,126277440.0,0.0030566029846661445
2003-03-13,1.65,1.68,1.65,1.67,1315837.0,14902705.0,126277440.0,0.010420206491357442
2003-03-14,1.66,1.68,1.66,1.68,661029.0,7533611.0,126277440.0,0.005234735515702567
2003-03-17,1.67,1.68,1.63,1.67,490760.0,5519004.0,126277440.0,0.003886363233210936
2003-03-18,1.67,1.67,1.63,1.66,365140.0,4114073.0,126277440.0,0.002891569547181191
2003-03-19,1.63,1.66,1.63,1.65,260280.0,2918107.0,126277440.0,0.002061175772964672
2003-03-20,1.65,1.66,1.63,1.65,136600.0,1533644.0,126277440.0,0.001081745084474313
2003-03-21,1.65,1.69,1.65,1.68,1045540.0,11886231.0,126277440.0,0.00827970538522162
2003-03-24,1.68,1.68,1.66,1.67,1117800.0,12697751.0,126277440.0,0.008851937448209276
2003-03-25,1.68,1.68,1.66,1.67,844560.0,9562872.0,126277440.0,0.006688130516424786
2003-03-26,1.67,1.67,1.64,1.65,706900.0,7952672.0,126277440.0,0.0055979912168000875
2003-03-27,1.65,1.67,1.64,1.67,966713.0,10881257.0,126277440.0,0.007655468783656051
2003-03-28,1.67,1.68,1.65,1.67,1397481.0,15812324.0,126277440.0,0.011066751115638708
2003-03-31,1.67,1.67,1.63,1.65,742400.0,8332182.0,126277440.0,0.005879118233629063
2003-04-01,1.64,1.67,1.64,1.66,1401680.0,15749754.0,126277440.0,0.011100003294333492
2003-04-02,1.65,1.66,1.61,1.64,1748040.0,19478311.0,126277440.0,0.013842852690076707
2003-04-03,1.63,1.65,1.6,1.62,925218.0,10245106.0,126277440.0,0.007326866936802013
2003-04-04,1.61,1.64,1.6,1.61,1110600.0,12243954.0,126277440.0,0.008794920137753822
2003-04-07,1.6,1.63,1.59,1.61,1318408.0,14478591.0,126277440.0,0.010440566422632578
2003-04-08,1.6,1.62,1.55,1.55,1614400.0,17423304.0,126277440.0,0.012784548055456302
2003-04-09,1.55,1.56,1.5,1.52,1455232.0,15104274.0,126277440.0,0.011524085378987727
2003-04-10,1.52,1.54,1.51,1.52,849009.0,8787313.0,126277440.0,0.006723362462843719
2003-04-11,1.54,1.61,1.53,1.57,747503.0,8008444.0,126277440.0,0.005919529252414366
2003-04-14,1.58,1.59,1.53,1.55,1505749.0,15793368.0,126277440.0,0.011924133083470808
2003-04-15,1.56,1.56,1.51,1.53,2018975.0,20990825.0,126277440.0,0.015988406163444557
2003-04-16,1.54,1.55,1.5,1.54,1503317.0,15579932.0,126277440.0,0.0119048739030503
2003-04-17,1.54,1.54,1.51,1.53,1011365.0,10445756.0,126277440.0,0.008009071137330627
2003-04-18,1.53,1.6,1.52,1.56,1799087.0,19073850.0,126277440.0,0.014247097502134981
2003-04-21,1.57,1.61,1.55,1.6,2197458.0,23764575.0,126277440.0,0.017401825694280785
2003-04-22,1.6,1.61,1.54,1.55,1561351.0,16624248.0,126277440.0,0.012364449263463055
2003-04-23,1.55,1.57,1.51,1.56,2172980.0,22859785.0,126277440.0,0.017207982676874033
2003-04-24,1.56,1.58,1.51,1.53,2618900.0,27747595.0,126277440.0,0.020739254771081832
2003-04-25,1.53,1.54,1.5,1.53,648837.0,6689723.0,126277440.0,0.005138186203331331
2003-04-28,1.53,1.57,1.51,1.55,1603520.0,16833498.0,126277440.0,0.012698388564101394
2003-04-29,1.55,1.55,1.47,1.53,1121041.0,11498231.0,126277440.0,0.008877603156985128
2003-04-30,1.52,1.52,1.49,1.52,865050.0,8848514.0,126277440.0,0.006850392279095933
2003-05-12,1.52,1.53,1.48,1.49,369500.0,3778172.0,126277440.0,0.002926096696290327
2003-05-13,1.47,1.54,1.46,1.5,2468029.0,25161492.0,126277440.0,0.019544496625842272
2003-05-14,1.47,1.52,1.47,1.5,686219.0,7011629.0,126277440.0,0.005434216911587691
2003-05-15,1.48,1.52,1.48,1.51,384270.0,3915082.0,126277440.0,0.0030430613734329743
2003-05-16,1.51,1.51,1.48,1.5,485445.0,4925186.0,126277440.0,0.003844273371395556
2003-05-19,1.48,1.5,1.48,1.49,411194.0,4156117.0,126277440.0,0.003256274438252787
2003-05-20,1.48,1.5,1.48,1.5,750980.0,7649882.0,126277440.0,0.005947063861921812
2003-05-21,1.5,1.53,1.48,1.51,1133260.0,11614573.0,126277440.0,0.008974366284270572
2003-05-22,1.51,1.52,1.49,1.51,805102.0,8266555.0,126277440.0,0.006375659816987104
2003-05-23,1.51,1.52,1.48,1.5,251922.0,2564673.0,126277440.0,0.0019949881784109657
2003-05-26,1.5,1.5,1.47,1.48,468638.0,4727739.0,126277440.0,0.003711177546836553
2003-05-27,1.47,1.5,1.47,1.48,765651.0,7723085.0,126277440.0,0.0060632445510456975
2003-05-28,1.48,1.49,1.47,1.48,373256.0,3739271.0,126277440.0,0.0029558407265779223
2003-05-29,1.47,1.48,1.47,1.48,295732.0,2961511.0,126277440.0,0.0023419226743906117
2003-05-30,1.48,1.5,1.46,1.48,548201.0,5491776.0,126277440.0,0.0043412425845820125
2003-06-02,1.48,1.48,1.46,1.48,340320.0,3410309.0,126277440.0,0.0026950182075278052
2003-06-03,1.48,1.48,1.46,1.47,242600.0,2423510.0,126277440.0,0.0019211665995129456
2003-06-04,1.46,1.5,1.46,1.49,398349.0,4019905.0,126277440.0,0.0031545539725860773
2003-06-05,1.49,1.52,1.49,1.51,610521.0,6252881.0,126277440.0,0.004834759082857555
2003-06-06,1.51,1.51,1.47,1.47,306100.0,3110005.0,126277440.0,0.002424027601446466
2003-06-09,1.47,1.48,1.45,1.48,588510.0,5881039.0,126277440.0,0.004660452413352694
2003-06-10,1.47,1.49,1.46,1.49,264528.0,2657123.0,126277440.0,0.00209481598613339
2003-06-11,1.47,1.49,1.47,1.48,165900.0,1666633.0,126277440.0,0.0013137738617444257
2003-06-12,1.48,1.48,1.47,1.48,82431.0,825886.0,126277440.0,0.0006527769330768821
2003-06-13,1.49,1.49,1.47,1.48,81300.0,817660.0,126277440.0,0.0006438204638928379
2003-06-16,1.48,1.48,1.46,1.46,158950.0,1587314.0,126277440.0,0.001258736319013119
2003-06-17,1.47,1.51,1.47,1.5,2419952.0,24464254.0,126277440.0,0.019163771454346872
2003-06-18,1.5,1.51,1.49,1.49,261640.0,2673403.0,126277440.0,0.002071945709384036
2003-06-19,1.49,1.49,1.46,1.48,329837.0,3297583.0,126277440.0,0.0026120025873188433
2003-06-20,1.46,1.51,1.46,1.5,247852.0,2506119.0,126277440.0,0.001962757559861841
2003-06-23,1.5,1.5,1.46,1.49,2254477.0,22678726.0,126277440.0,0.0178533631977335
2003-06-24,1.46,1.49,1.46,1.47,323559.0,3254959.0,126277440.0,0.002562286660230046
2003-06-25,1.46,1.48,1.45,1.48,2525800.0,25108110.0,126277440.0,0.020001989270609224
2003-06-26,1.47,1.47,1.43,1.46,351800.0,3467419.0,126277440.0,0.0027859291414206685
2003-06-30,1.45,1.45,1.37,1.42,823031.0,7815309.0,126277440.0,0.006517640839092081
2003-07-01,1.39,1.42,1.39,1.41,365638.0,3509320.0,126277440.0,0.0028955132444876933
2003-07-02,1.42,1.42,1.4,1.41,338990.0,3256698.0,126277440.0,0.0026844858432353395
2003-07-03,1.42,1.42,1.4,1.41,94200.0,903720.0,126277440.0,0.0007459764784588601
2003-07-04,1.41,1.42,1.4,1.41,135580.0,1295467.0,126277440.0,0.0010736676321597904
2003-07-07,1.41,1.41,1.4,1.41,174600.0,1672066.0,126277440.0,0.0013826697785447662
2003-07-08,1.41,1.41,1.39,1.41,199800.0,1910756.0,126277440.0,0.0015822303651388562
2003-07-09,1.41,1.41,1.39,1.41,112851.0,1076335.0,126277440.0,0.0008936750697511764
2003-07-10,1.41,1.41,1.39,1.4,175806.0,1669159.0,126277440.0,0.0013922201780460547
2003-07-11,1.4,1.4,1.38,1.4,250370.0,2371354.0,126277440.0,0.0019826977803794566
2003-07-14,1.39,1.4,1.38,1.4,142226.0,1345131.0,126277440.0,0.0011262977773385332
2003-07-15,1.39,1.4,1.38,1.4,129560.0,1227607.0,126277440.0,0.0010259948253623133
2003-07-16,1.4,1.4,1.38,1.4,214900.0,2029070.0,126277440.0,0.0017018083356773782
2003-07-17,1.39,1.43,1.38,1.43,1608150.0,15456785.0,126277440.0,0.01273505386235261
2003-07-18,1.41,1.42,1.38,1.41,888300.0,8519833.0,126277440.0,0.007034510677441671
2003-07-21,1.41,1.41,1.38,1.39,91210.0,861332.0,126277440.0,0.0007222984564780534
2003-07-22,1.38,1.4,1.37,1.39,211400.0,1987161.0,126277440.0,0.0016740915875393103
2003-07-23,1.38,1.39,1.36,1.38,292170.0,2723480.0,126277440.0,0.002313714943856955
2003-07-24,1.38,1.38,1.36,1.38,124060.0,1153979.0,126277440.0,0.0009824399354310634
2003-07-25,1.36,1.37,1.35,1.37,227480.0,2111649.0,126277440.0,0.0018014302475564915
2003-07-28,1.36,1.36,1.35,1.36,87460.0,806871.0,126277440.0,0.0006926019406158377
2003-07-29,1.34,1.37,1.34,1.36,137811.0,1272908.0,126277440.0,0.0010913350793300845
2003-07-30,1.35,1.39,1.35,1.38,118091.0,1102615.0,126277440.0,0.0009351710012493127
2003-07-31,1.38,1.39,1.37,1.39,100460.0,944439.0,126277440.0,0.0007955498622715189
2003-08-01,1.38,1.38,1.37,1.38,29620.0,276918.0,126277440.0,0.00023456287995702162
2003-08-04,1.37,1.37,1.35,1.37,98400.0,909711.0,126277440.0,0.0007792365762245418
2003-08-05,1.36,1.37,1.35,1.36,45800.0,422972.0,126277440.0,0.00036269344706386193
2003-08-06,1.36,1.36,1.34,1.35,142320.0,1306739.0,126277440.0,0.0011270421700028128
2003-08-07,1.35,1.36,1.34,1.35,86700.0,794712.0,126277440.0,0.0006865834467344286
2003-08-08,1.34,1.35,1.32,1.34,317202.0,2875633.0,126277440.0,0.0025119451265404177
2003-08-11,1.33,1.34,1.32,1.34,162919.0,1473533.0,126277440.0,0.0012901671114016883
2003-08-12,1.33,1.34,1.32,1.33,72430.0,654702.0,126277440.0,0.0005735783050400768
2003-08-13,1.33,1.33,1.32,1.33,87540.0,791122.0,126277440.0,0.0006932354662875649
2003-08-14,1.33,1.33,1.33,1.33,82939.0,749796.0,126277440.0,0.0006567998210923503
2003-08-15,1.34,1.35,1.33,1.35,338711.0,3073491.0,126277440.0,0.0026822764224551906
2003-08-18,1.35,1.35,1.34,1.34,143980.0,1302075.0,126277440.0,0.0011401878276911537
2003-08-19,1.34,1.35,1.33,1.34,244473.0,2206759.0,126277440.0,0.0019359990193022602
2003-08-20,1.34,1.35,1.29,1.31,445600.0,3954596.0,126277440.0,0.0035287379915208924
2003-08-21,1.29,1.31,1.27,1.29,601760.0,5216596.0,126277440.0,0.004765380102732523
2003-08-22,1.29,1.3,1.26,1.28,230179.0,1985179.0,126277440.0,0.0018228038199063902
2003-08-25,1.26,1.27,1.23,1.26,300020.0,2539020.0,126277440.0,0.0023758796503951934
2003-08-26,1.26,1.27,1.24,1.27,140580.0,1195274.0,126277440.0,0.0011132629866427448
2003-08-27,1.27,1.27,1.25,1.27,169021.0,1441150.0,126277440.0,0.0013384892820126858
2003-08-28,1.27,1.3,1.27,1.3,141420.0,1227798.0,126277440.0,0.001119915006195881
2003-08-29,1.3,1.32,1.28,1.31,159035.0,1400940.0,126277440.0,0.0012594094400393294
2003-09-01,1.3,1.34,1.3,1.33,1090383.0,9737255.0,126277440.0,0.008634820281437444
2003-09-02,1.33,1.33,1.3,1.32,1315415.0,11646109.0,126277440.0,0.010416864643439081
2003-09-03,1.31,1.33,1.29,1.31,692740.0,6124335.0,126277440.0,0.00548585717290436
2003-09-04,1.31,1.32,1.29,1.32,395700.0,3491053.0,126277440.0,0.003133576353781008
2003-09-05,1.31,1.32,1.3,1.32,370460.0,3265952.0,126277440.0,0.0029336990043510544
2003-09-08,1.32,1.34,1.31,1.33,134870.0,1204282.0,126277440.0,0.0010680450918232108
2003-09-09,1.33,1.36,1.33,1.35,174869.0,1586311.0,126277440.0,0.0013848000086159492
2003-09-10,1.36,1.37,1.33,1.34,225100.0,2045325.0,126277440.0,0.0017825828588226053
2003-09-11,1.34,1.34,1.33,1.33,64200.0,576953.0,126277440.0,0.000508404351561134
2003-09-12,1.35,1.35,1.33,1.33,75000.0,674104.0,126277440.0,0.0005939303172443153
2003-09-15,1.33,1.36,1.33,1.35,675600.0,6126752.0,126277440.0,0.005350124297736793
2003-09-16,1.35,1.38,1.35,1.38,1122053.0,10324060.0,126277440.0,0.008885617256732477
2003-09-17,1.38,1.38,1.35,1.36,887900.0,8131658.0,126277440.0,0.007031343049083035
2003-09-18,1.35,1.36,1.32,1.33,427900.0,3882407.0,126277440.0,0.003388570436651234
2003-09-19,1.35,1.35,1.32,1.33,71700.0,646296.0,126277440.0,0.0005677973832855655
2003-09-22,1.34,1.35,1.32,1.34,82560.0,745358.0,126277440.0,0.0006537984932225424
2003-09-23,1.34,1.34,1.31,1.31,28500.0,253733.0,126277440.0,0.00022569352055283983
2003-09-24,1.31,1.32,1.28,1.3,107730.0,944397.0,126277440.0,0.0008531215076897346
2003-09-25,1.31,1.32,1.28,1.29,22900.0,200879.0,126277440.0,0.00018134672353193096
2003-09-26,1.28,1.29,1.28,1.28,23400.0,202039.0,126277440.0,0.0001853062589802264
2003-09-29,1.27,1.27,1.24,1.25,185000.0,1565204.0,126277440.0,0.0014650281158693113
2003-09-30,1.24,1.27,1.24,1.27,38100.0,324421.0,126277440.0,0.0003017166011601122
2003-10-08,1.27,1.28,1.25,1.27,25300.0,216014.0,126277440.0,0.00020035249368374904
2003-10-09,1.27,1.28,1.27,1.27,20300.0,174450.0,126277440.0,0.0001607571392007947
2003-10-10,1.27,1.28,1.26,1.27,57320.0,490190.0,126277440.0,0.00045392114379258876
2003-10-13,1.29,1.33,1.26,1.32,638462.0,5628888.0,126277440.0,0.005056025842779201
2003-10-14,1.3,1.32,1.29,1.31,580900.0,5084714.0,126277440.0,0.004600188283829638
2003-10-15,1.3,1.33,1.28,1.3,870200.0,7592445.0,126277440.0,0.006891175494213376
2003-10-16,1.28,1.29,1.27,1.28,51300.0,442702.0,126277440.0,0.0004062483369951117
2003-10-17,1.28,1.29,1.26,1.29,51760.0,447193.0,126277440.0,0.00040989110960754354
2003-10-20,1.28,1.28,1.27,1.28,68800.0,591117.0,126277440.0,0.000544832077685452
2003-10-21,1.28,1.28,1.26,1.27,40722.0,347826.0,126277440.0,0.0003224804050509735
2003-10-22,1.27,1.27,1.25,1.27,110279.0,939506.0,126277440.0,0.0008733072194051447
2003-10-23,1.27,1.28,1.23,1.25,97268.0,826106.0,126277440.0,0.0007702721879696009
2003-10-24,1.25,1.25,1.23,1.24,127300.0,1064162.0,126277440.0,0.001008097725136018
2003-10-27,1.23,1.23,1.22,1.23,57900.0,480039.0,126277440.0,0.0004585142049126115
2003-10-28,1.23,1.24,1.19,1.21,135820.0,1104059.0,126277440.0,0.001075568209174972
2003-10-29,1.2,1.2,1.16,1.17,276149.0,2190809.0,126277440.0,0.0021868435090226725
2003-10-30,1.16,1.17,1.13,1.15,252539.0,1957967.0,126277440.0,0.001999874245154162
2003-10-31,1.14,1.18,1.14,1.16,105700.0,830036.0,126277440.0,0.0008370457937696552
2003-11-03,1.16,1.19,1.16,1.17,86861.0,689659.0,126277440.0,0.0006878584171487797
2003-11-04,1.17,1.18,1.16,1.17,115000.0,909198.0,126277440.0,0.0009106931531079502
2003-11-05,1.17,1.17,1.15,1.16,80300.0,628349.0,126277440.0,0.000635901392996247
2003-11-06,1.16,1.16,1.13,1.15,121323.0,934642.0,126277440.0,0.0009607654383870943
2003-11-07,1.14,1.15,1.12,1.14,58500.0,447093.0,126277440.0,0.000463265647450566
2003-11-10,1.14,1.14,1.1,1.11,118900.0,894304.0,126277440.0,0.0009415775296046546
2003-11-11,1.1,1.14,1.1,1.13,148998.0,1130694.0,126277440.0,0.0011799257254502466
2003-11-12,1.13,1.13,1.12,1.12,106034.0,808302.0,126277440.0,0.0008396907634491165
2003-11-13,1.12,1.13,1.11,1.13,63872.0,484048.0,126277440.0,0.0005058068963070522
2003-11-14,1.13,1.13,1.12,1.13,31162.0,237058.0,126277440.0,0.00024677408727956477
2003-11-17,1.13,1.13,1.12,1.13,17820.0,135580.0,126277440.0,0.00014111784337724934
2003-11-18,1.13,1.13,1.12,1.13,39800.0,302910.0,126277440.0,0.0003151790216843167
2003-11-19,1.13,1.13,1.12,1.12,54000.0,409781.0,126277440.0,0.00042762982841590706
2003-11-20,1.13,1.16,1.12,1.16,328218.0,2542215.0,126277440.0,0.0025991816115372626
2003-11-21,1.16,1.16,1.14,1.15,111130.0,860608.0,126277440.0,0.0008800463487381436
2003-11-24,1.14,1.19,1.14,1.17,408881.0,3227886.0,126277440.0,0.003237957627268972
2003-11-25,1.18,1.19,1.16,1.18,313580.0,2467687.0,126277440.0,0.0024832622517529657
2003-11-26,1.18,1.18,1.16,1.17,157004.0,1237314.0,126277440.0,0.0012433258070483533
2003-11-27,1.17,1.17,1.15,1.16,181040.0,1415495.0,126277440.0,0.0014336685951188114
2003-11-28,1.15,1.19,1.15,1.18,914480.0,7252490.0,126277440.0,0.00724183195351442
2003-12-01,1.19,1.19,1.16,1.18,617650.0,4894213.0,126277440.0,0.004891214139279352
2003-12-02,1.17,1.19,1.15,1.19,1243405.0,9772053.0,126277440.0,0.009846612348175573
2003-12-03,1.19,1.19,1.17,1.19,389635.0,3119907.0,126277440.0,0.0030855471887931843
2003-12-04,1.19,1.19,1.17,1.18,208900.0,1663760.0,126277440.0,0.001654293910297833
2003-12-05,1.18,1.19,1.16,1.19,271595.0,2157250.0,126277440.0,0.002150780060159598
2003-12-08,1.19,1.19,1.16,1.18,456200.0,3624768.0,126277440.0,0.0036126801430247557
2003-12-09,1.16,1.2,1.16,1.19,548900.0,4384056.0,126277440.0,0.00434677801513873
2003-12-10,1.2,1.2,1.17,1.19,396350.0,3161267.0,126277440.0,0.003138723749863792
2003-12-11,1.19,1.2,1.17,1.19,308300.0,2453784.0,126277440.0,0.0024414495574189656
2003-12-12,1.19,1.2,1.18,1.19,171430.0,1375907.0,126277440.0,0.0013575663238025732
2003-12-15,1.19,1.19,1.15,1.17,805400.0,6344966.0,126277440.0,0.006378019700114288
2003-12-16,1.17,1.18,1.14,1.16,402000.0,3153756.0,126277440.0,0.0031834665004295305
2003-12-17,1.16,1.16,1.14,1.15,346216.0,2680982.0,126277440.0,0.0027417090495341053
2003-12-18,1.15,1.17,1.13,1.16,525000.0,4056090.0,126277440.0,0.004157512220710207
2003-12-19,1.15,1.17,1.12,1.16,2641547.0,20532867.0,126277440.0,0.020918597969676926
2003-12-23,1.17,1.2,1.15,1.17,2951710.0,23273073.0,126277440.0,0.02337480075617624
2003-12-24,1.18,1.18,1.14,1.16,2475570.0,19349660.0,126277440.0,0.019604214339473465
2003-12-25,1.16,1.17,1.11,1.13,2910050.0,22208394.0,126277440.0,0.023044892262624267
2003-12-26,1.11,1.14,1.1,1.12,2058351.0,15474350.0,126277440.0,0.016300227499068717
2003-12-29,1.12,1.14,1.11,1.13,2783428.0,21197087.0,126277440.0,0.022042163667556135
2003-12-30,1.12,1.15,1.1,1.12,434958.0,3270751.0,126277440.0,0.0034444632390393725
2003-12-31,1.12,1.13,1.1,1.12,2300100.0,17299214.0,126277440.0,0.018214654969248664
2004-01-02,1.11,1.12,1.11,1.12,2644900.0,19907763.0,126277440.0,0.020945150614393195
2004-01-05,1.11,1.11,1.0,1.0,345700.0,2410916.0,126277440.0,0.0027376228089514643
2004-01-06,0.9,0.96,0.9,0.96,3965877.0,24808308.0,126277440.0,0.03140606113015912
2004-01-07,0.95,1.02,0.95,1.02,1250540.0,8404795.0,126277440.0,0.009903114919022748
2004-01-08,1.02,1.09,1.02,1.06,1402443.0,10041829.0,126277440.0,0.011106045545427592
2004-01-09,1.06,1.08,1.02,1.04,1019775.0,7164802.0,126277440.0,0.008075670523570956
2004-01-12,1.04,1.05,1.03,1.04,346236.0,2418629.0,126277440.0,0.002741867430952037
2004-01-13,1.04,1.06,1.03,1.03,351000.0,2466111.0,126277440.0,0.002779593884703396
2004-01-14,1.04,1.05,1.03,1.04,585900.0,4101143.0,126277440.0,0.004639783638312592
2004-01-15,1.04,1.05,1.02,1.04,476390.0,3325663.0,126277440.0,0.0037725661844269253
2004-01-16,1.04,1.08,1.03,1.07,384062.0,2704968.0,126277440.0,0.0030414142066864836
2004-01-29,1.07,1.11,1.07,1.1,569800.0,4183146.0,126277440.0,0.004512286596877479
2004-01-30,1.09,1.12,1.08,1.1,502000.0,3730261.0,126277440.0,0.003975373590088618
2004-02-02,1.11,1.11,1.09,1.1,642400.0,4757542.0,126277440.0,0.005087211143969976
2004-02-03,1.08,1.13,1.08,1.13,965569.0,7173851.0,126277440.0,0.0076464093665503515
2004-02-04,1.15,1.19,1.13,1.19,1485962.0,11589639.0,126277440.0,0.011767438427639965
2004-02-05,1.19,1.21,1.19,1.2,1038658.0,8385792.0,126277440.0,0.008225206339311281
2004-02-06,1.21,1.21,1.17,1.17,529700.0,4215896.0,126277440.0,0.004194731853924185
2004-02-09,1.17,1.18,1.14,1.18,518023.0,4045351.0,126277440.0,0.004102260863064693
2004-02-10,1.18,1.19,1.16,1.16,555480.0,4386010.0,126277440.0,0.004398885501638298
2004-02-11,1.16,1.17,1.14,1.15,443955.0,3455964.0,126277440.0,0.0035157111198960006
2004-02-12,1.15,1.19,1.14,1.19,764013.0,6075883.0,126277440.0,0.006050273112917082
2004-02-13,1.19,1.24,1.19,1.2,1176749.0,9730953.0,126277440.0,0.009318758758492411
2004-02-16,1.2,1.24,1.2,1.23,584027.0,4816688.0,126277440.0,0.004624951218523277
2004-02-17,1.23,1.35,1.22,1.3,1580092.0,13653583.0,126277440.0,0.012512860571136064
2004-02-18,1.29,1.32,1.27,1.3,823951.0,7190864.0,126277440.0,0.006524926384316945
2004-02-19,1.3,1.31,1.27,1.28,932172.0,8075815.0,126277440.0,0.007381936155816906
2004-02-20,1.28,1.29,1.25,1.26,632532.0,5396694.0,126277440.0,0.005009065752362417
2004-02-23,1.27,1.29,1.23,1.24,1448437.0,12256729.0,126277440.0,0.011470275292245393
2004-02-24,1.24,1.24,1.18,1.2,1943667.0,15723975.0,126277440.0,0.015392036772364089
2004-02-25,1.2,1.22,1.18,1.19,439701.0,3573979.0,126277440.0,0.0034820233923019027
2004-02-26,1.2,1.2,1.16,1.17,421090.0,3314684.0,126277440.0,0.00333464156384545
2004-02-27,1.17,1.19,1.16,1.18,286520.0,2276894.0,126277440.0,0.0022689721932912165
2004-03-01,1.21,1.21,1.18,1.19,265900.0,2127380.0,126277440.0,0.002105680951403513
2004-03-02,1.19,1.21,1.17,1.19,548385.0,4399148.0,126277440.0,0.004342699693626985
2004-03-03,1.19,1.2,1.17,1.17,278320.0,2223034.0,126277440.0,0.0022040358119391713
2004-03-04,1.16,1.18,1.15,1.17,201400.0,1580169.0,126277440.0,0.0015949008785734015
2004-03-05,1.17,1.18,1.15,1.17,293500.0,2287899.0,126277440.0,0.0023242473081494207
2004-03-08,1.17,1.18,1.15,1.15,189200.0,1473984.0,126277440.0,0.001498288213634993
2004-03-09,1.14,1.15,1.12,1.13,511000.0,3916564.0,126277440.0,0.004046645228157935
2004-03-10,1.13,1.18,1.13,1.17,569340.0,4436768.0,126277440.0,0.0045086438242650465
2004-03-11,1.17,1.18,1.16,1.18,495301.0,3910855.0,126277440.0,0.003922323734152355
2004-03-12,1.19,1.19,1.16,1.17,288274.0,2277737.0,126277440.0,0.002282862243643837
2004-03-15,1.17,1.18,1.15,1.16,967300.0,7566131.0,126277440.0,0.00766011727827235
2004-03-16,1.16,1.16,1.14,1.16,1608800.0,12486601.0,126277440.0,0.012740201258435394
2004-03-17,1.17,1.17,1.14,1.16,747761.0,5801706.0,126277440.0,0.005921572372705687
2004-03-18,1.16,1.16,1.14,1.15,836700.0,6494452.0,126277440.0,0.006625886619177583
2004-03-19,1.14,1.16,1.13,1.15,798988.0,6172504.0,126277440.0,0.006327242617525347
2004-03-22,1.15,1.15,1.14,1.15,297730.0,2300125.0,126277440.0,0.0023577449780420004
2004-03-23,1.14,1.15,1.11,1.15,670710.0,5168469.0,126277440.0,0.0053114000410524635
2004-03-24,1.15,1.16,1.13,1.14,1111700.0,8577508.0,126277440.0,0.008803631115740071
2004-03-25,1.14,1.15,1.13,1.15,371646.0,2860334.0,126277440.0,0.002943091022434411
2004-03-26,1.15,1.18,1.15,1.17,602100.0,4744058.0,126277440.0,0.004768072586837364
2004-03-29,1.17,1.19,1.15,1.17,1477528.0,11587628.0,126277440.0,0.011700648983698117
2004-03-30,1.16,1.22,1.15,1.22,3587889.0,28930221.0,126277440.0,0.028412747360098526
2004-03-31,1.22,1.23,1.19,1.22,1763260.0,14356252.0,126277440.0,0.013963380949122821
2004-04-01,1.21,1.24,1.2,1.23,1840090.0,15219483.0,126277440.0,0.014571803166107898
2004-04-02,1.23,1.25,1.21,1.24,927455.0,7685541.0,126277440.0,0.007344581898397687
2004-04-05,1.23,1.25,1.21,1.23,879340.0,7242398.0,126277440.0,0.006963555802208217
2004-04-06,1.23,1.23,1.18,1.2,1634911.0,13188466.0,126277440.0,0.012946976118616279
2004-04-07,1.2,1.21,1.19,1.2,1139805.0,9179307.0,126277440.0,0.009026196603288758
2004-04-08,1.21,1.25,1.21,1.24,1370925.0,11410698.0,126277440.0,0.01085645226890884
2004-04-09,1.24,1.25,1.19,1.21,887570.0,7294408.0,126277440.0,0.00702872975568716
2004-04-12,1.19,1.21,1.19,1.21,495518.0,4011746.0,126277440.0,0.003924042172536915
2004-04-13,1.21,1.23,1.21,1.21,1281762.0,10519105.0,126277440.0,0.01015036415055611
2004-04-14,1.21,1.23,1.19,1.21,1289103.0,10451639.0,126277440.0,0.010208498050007982
2004-04-15,1.2,1.21,1.18,1.2,854752.0,6891909.0,126277440.0,0.00676884168700284
2004-04-16,1.2,1.22,1.18,1.2,1129834.0,9116788.0,126277440.0,0.00894723554737885
2004-04-19,1.2,1.21,1.19,1.2,416044.0,3361048.0,126277440.0,0.0032946819321012528
2004-04-20,1.2,1.2,1.14,1.16,653430.0,5156649.0,126277440.0,0.0051745584959593735
2004-04-21,1.16,1.16,1.14,1.15,375979.0,2913500.0,126277440.0,0.0029774043566293392
2004-04-22,1.14,1.15,1.12,1.15,578299.0,4419425.0,126277440.0,0.004579590780427604
2004-04-23,1.14,1.16,1.14,1.14,160600.0,1242813.0,126277440.0,0.001271802785992494
2004-04-26,1.15,1.15,1.1,1.12,394660.0,2973282.0,126277440.0,0.0031253405200485536
2004-04-29,1.11,1.13,1.11,1.13,282390.0,2128414.0,126277440.0,0.0022362664304882963
2004-04-30,1.13,1.13,1.11,1.13,180242.0,1371138.0,126277440.0,0.0014273491765433319
2004-05-10,1.12,1.13,1.09,1.11,234600.0,1764597.0,126277440.0,0.0018578140323402186
2004-05-11,1.1,1.12,1.09,1.1,182700.0,1352616.0,126277440.0,0.0014468142528071522
2004-05-12,1.1,1.11,1.09,1.11,138700.0,1029891.0,126277440.0,0.0010983751333571538
2004-05-13,1.11,1.12,1.1,1.12,120430.0,904141.0,126277440.0,0.0009536937080764387
2004-05-14,1.11,1.11,1.08,1.1,136600.0,1010475.0,126277440.0,0.001081745084474313
2004-05-17,1.1,1.1,1.08,1.09,81640.0,601352.0,126277440.0,0.0006465129479976787
2004-05-18,1.1,1.1,1.07,1.09,165570.0,1205486.0,126277440.0,0.0013111605683485505
2004-05-19,1.08,1.09,1.08,1.09,82749.0,606420.0,126277440.0,0.000655295197621998
2004-05-20,1.1,1.1,1.07,1.09,152711.0,1118894.0,126277440.0,0.0012093292356892887
2004-05-21,1.1,1.1,1.08,1.09,131714.0,972215.0,126277440.0,0.00104305250407357
2004-05-24,1.1,1.1,1.09,1.09,31600.0,233218.0,126277440.0,0.00025024264033227155
2004-05-25,1.1,1.11,1.09,1.11,494609.0,3639683.0,126277440.0,0.003916843737091914
2004-05-26,1.1,1.12,1.09,1.1,458800.0,3366094.0,126277440.0,0.003633269727355892
2004-05-27,1.1,1.11,1.1,1.11,156126.0,1153544.0,126277440.0,0.0012363728628011464
2004-05-28,1.11,1.13,1.11,1.13,331327.0,2485418.0,126277440.0,0.0026238020029547638
2004-05-31,1.12,1.14,1.12,1.13,90586.0,681253.0,126277440.0,0.0007173569562385807
2004-06-01,1.12,1.13,1.11,1.12,167266.0,1246578.0,126277440.0,0.0013245913125891687
2004-06-02,1.12,1.13,1.11,1.12,171546.0,1284123.0,126277440.0,0.0013584849360265777
2004-06-03,1.12,1.12,1.1,1.11,360000.0,2670520.0,126277440.0,0.0028508655227727137
2004-06-04,1.12,1.12,1.09,1.12,173300.0,1281963.0,126277440.0,0.0013723749863791981
2004-06-07,1.12,1.12,1.1,1.11,110770.0,822649.0,126277440.0,0.0008771954832153708
2004-06-08,1.1,1.12,1.09,1.11,186702.0,1380164.0,126277440.0,0.0014785063745353089
2004-06-09,1.11,1.11,1.09,1.1,122165.0,899434.0,126277440.0,0.0009674332960820239
2004-06-10,1.1,1.1,1.05,1.08,263300.0,1909720.0,126277440.0,0.0020850913670723767
2004-06-11,1.08,1.08,1.05,1.05,513268.0,3654257.0,126277440.0,0.0040646056809514036
2004-06-14,1.06,1.08,1.04,1.05,188654.0,1330612.0,126277440.0,0.0014939644009254543
2004-06-15,1.06,1.07,1.05,1.06,169900.0,1199089.0,126277440.0,0.001345450145330789
2004-06-16,1.07,1.08,1.05,1.06,537403.0,3790251.0,126277440.0,0.004255732457040624
2004-06-17,1.06,1.06,1.04,1.05,77300.0,543215.0,126277440.0,0.0006121441803064744
2004-06-18,1.05,1.05,1.03,1.04,156400.0,1084158.0,126277440.0,0.0012385426882268124
2004-06-21,1.04,1.05,1.04,1.04,91500.0,638083.0,126277440.0,0.0007245949870380647
2004-06-22,1.05,1.06,1.03,1.05,240288.0,1672659.0,126277440.0,0.0019028577076000274
2004-06-23,1.05,1.05,1.04,1.04,126278.0,878145.0,126277440.0,0.001000004434679702
2004-06-24,1.04,1.05,1.04,1.05,267992.0,1870740.0,126277440.0,0.002122247647719181
2004-06-25,1.05,1.07,1.04,1.04,230900.0,1618779.0,126277440.0,0.0018285134700228322
2004-06-28,1.04,1.04,1.02,1.03,204490.0,1417957.0,126277440.0,0.0016193708076438673
2004-06-29,1.03,1.04,1.01,1.02,190700.0,1301612.0,126277440.0,0.0015101668199798792
2004-06-30,1.02,1.03,0.99,1.0,294500.0,1984881.0,126277440.0,0.0023321663790460117
2004-07-01,1.0,1.05,1.0,1.04,583610.0,4008066.0,126277440.0,0.004621648965959398
2004-07-02,1.04,1.04,1.02,1.04,136039.0,935464.0,126277440.0,0.0010773024857013255
2004-07-05,1.03,1.04,1.02,1.04,80815.0,558136.0,126277440.0,0.0006399797145079913
2004-07-06,1.04,1.06,1.04,1.05,91850.0,642045.0,126277440.0,0.0007273666618518716
2004-07-07,1.05,1.06,1.04,1.04,585500.0,4084803.0,126277440.0,0.004636616009953956
2004-07-08,1.04,1.06,1.04,1.05,654800.0,4578802.0,126277440.0,0.0051854076230877025
2004-07-09,1.05,1.05,1.04,1.05,202900.0,1417054.0,126277440.0,0.0016067794849182878
2004-07-12,1.04,1.05,1.01,1.03,218900.0,1519229.0,126277440.0,0.0017334846192637418
2004-07-13,1.02,1.04,1.02,1.03,283900.0,1958183.0,126277440.0,0.0022482242275421484
2004-07-14,1.03,1.04,1.0,1.03,171700.0,1177836.0,126277440.0,0.0013597044729446526
2004-07-15,1.03,1.04,1.02,1.03,93897.0,645437.0,126277440.0,0.0007435769999771931
2004-07-16,1.01,1.04,1.0,1.04,445650.0,3058035.0,126277440.0,0.003529133945065722
2004-07-19,1.04,1.04,1.03,1.03,426150.0,2945324.0,126277440.0,0.0033747120625822
2004-07-20,1.03,1.03,1.0,1.02,228800.0,1557140.0,126277440.0,0.0018118834211399914
2004-07-21,1.03,1.04,1.02,1.03,113100.0,776619.0,126277440.0,0.0008956469184044275
2004-07-22,1.03,1.03,1.01,1.03,232440.0,1591543.0,126277440.0,0.0018407088392035822
2004-07-23,1.03,1.03,1.01,1.02,98402.0,669711.0,126277440.0,0.000779252414366335
2004-07-26,1.02,1.03,1.0,1.02,421600.0,2875330.0,126277440.0,0.0033386802900027116
2004-07-27,1.02,1.03,1.01,1.02,335378.0,2297869.0,126277440.0,0.0026558821591568535
2004-07-28,1.03,1.05,1.01,1.02,307100.0,2093346.0,126277440.0,0.0024319466723430566
2004-07-29,1.02,1.02,1.01,1.02,136768.0,928781.0,126277440.0,0.0010830754883849403
2004-07-30,1.02,1.02,1.0,1.02,238500.0,1617950.0,126277440.0,0.001888698408836923
2004-08-02,1.02,1.02,1.0,1.01,258335.0,1740824.0,126277440.0,0.0020457731800708027
2004-08-03,1.01,1.04,1.01,1.03,634094.0,4335981.0,126277440.0,0.005021435341102892
2004-08-04,1.03,1.05,1.02,1.03,732900.0,5052490.0,126277440.0,0.005803887060111449
2004-08-05,1.03,1.04,1.02,1.03,353582.0,2425724.0,126277440.0,0.0028000409257583937
2004-08-06,1.03,1.03,1.01,1.02,293500.0,2005977.0,126277440.0,0.0023242473081494207
2004-08-09,1.0,1.03,1.0,1.01,92200.0,622757.0,126277440.0,0.0007301383366656784
2004-08-10,1.01,1.02,0.99,1.0,104900.0,706744.0,126277440.0,0.0008307105370523824
2004-08-11,1.0,1.01,0.96,1.0,427072.0,2827324.0,126277440.0,0.003382013445948857
2004-08-12,1.0,1.01,0.99,1.01,370430.0,2481753.0,126277440.0,0.0029334614322241567
2004-08-13,1.01,1.03,1.01,1.03,285300.0,1941922.0,126277440.0,0.002259310926797376
2004-08-16,1.03,1.04,1.02,1.04,928500.0,6419525.0,126277440.0,0.0073528573274846245
2004-08-17,1.04,1.04,1.02,1.04,503730.0,3482850.0,126277440.0,0.003989073582739719
2004-08-18,1.03,1.03,1.02,1.03,99980.0,685901.0,126277440.0,0.0007917487082411554
2004-08-19,1.03,1.03,1.0,1.02,230351.0,1571622.0,126277440.0,0.0018241659001006038
2004-08-20,1.02,1.05,1.0,1.03,1595804.0,10880802.0,126277440.0,0.012637285013063299
2004-08-23,1.02,1.04,1.01,1.04,1530458.0,10530889.0,126277440.0,0.012119805406254673
2004-08-24,1.03,1.04,1.01,1.03,1198198.0,8153027.0,126277440.0,0.00948861491015339
2004-08-25,1.03,1.03,1.01,1.02,438600.0,2974000.0,126277440.0,0.003473304495244756
2004-08-26,1.02,1.02,1.01,1.02,238600.0,1621658.0,126277440.0,0.001889490315926582
2004-08-27,1.02,1.02,1.0,1.01,108203.0,731131.0,126277440.0,0.0008568672282238221
2004-08-30,1.01,1.01,0.99,1.01,62290.0,418344.0,126277440.0,0.0004932789261486454
2004-08-31,1.02,1.05,1.02,1.03,512998.0,3517536.0,126277440.0,0.004062467531809324
2004-09-01,1.03,1.04,1.02,1.03,101600.0,699365.0,126277440.0,0.0008045776030936325
2004-09-02,1.02,1.03,1.0,1.02,554500.0,3770175.0,126277440.0,0.004391124812159639
2004-09-03,1.02,1.02,1.0,1.02,203900.0,1375632.0,126277440.0,0.0016146985558148786
2004-09-06,1.02,1.02,0.99,1.01,272020.0,1815872.0,126277440.0,0.002154145665290649
2004-09-07,1.01,1.01,0.99,1.0,412698.0,2737175.0,126277440.0,0.0032681847208812596
2004-09-08,1.0,1.0,0.96,0.99,536100.0,3520450.0,126277440.0,0.004245413907662366
2004-09-09,0.98,0.99,0.96,0.98,345400.0,2241986.0,126277440.0,0.0027352470876824873
2004-09-10,0.97,0.98,0.95,0.97,250300.0,1606805.0,126277440.0,0.0019821434454166953
2004-09-13,0.96,0.96,0.91,0.94,1012699.0,6349041.0,126277440.0,0.00801963517790668
2004-09-14,0.93,0.94,0.91,0.92,2276912.0,13990565.0,126277440.0,0.018031027553298516
2004-09-15,0.91,0.97,0.91,0.96,3744243.0,23502277.0,126277440.0,0.029650925771064096
2004-09-16,0.96,0.96,0.92,0.94,3255048.0,20396216.0,126277440.0,0.025776955883806324
2004-09-17,0.94,0.97,0.93,0.96,3020701.0,19104813.0,126277440.0,0.02392114537640294
2004-09-20,0.98,1.03,0.96,1.03,3390894.0,22491914.0,126277440.0,0.026852729988824608
2004-09-21,1.03,1.03,0.99,0.99,2175202.0,14561889.0,126277440.0,0.01722557885240626
2004-09-22,0.99,1.0,0.97,0.97,1398078.0,9216429.0,126277440.0,0.011071478800963973
2004-09-23,0.97,1.0,0.96,0.99,1692700.0,11061098.0,126277440.0,0.013404611306659368
2004-09-24,0.99,1.0,0.97,0.97,2316795.0,15317544.0,126277440.0,0.018346863857867247
2004-09-27,0.97,0.99,0.92,0.94,1300750.0,8327044.0,126277440.0,0.010300731468740576
2004-09-28,0.94,0.95,0.93,0.94,1104742.0,6928563.0,126277440.0,0.008748530220441593
2004-09-29,0.95,0.95,0.9,0.91,1007721.0,6163680.0,126277440.0,0.00798021404298345
2004-09-30,0.93,0.93,0.89,0.92,1049122.0,6361659.0,126277440.0,0.008308071497173209
2004-10-08,0.91,0.92,0.9,0.91,512469.0,3101746.0,126277440.0,0.004058278343305027
2004-10-11,0.91,0.92,0.9,0.9,896840.0,5427058.0,126277440.0,0.007102139542898557
2004-10-12,0.9,0.9,0.85,0.86,1250705.0,7205214.0,126277440.0,0.009904421565720686
2004-10-13,0.86,0.88,0.84,0.86,1292669.0,7421923.0,126277440.0,0.010236737456825226
2004-10-14,0.86,0.87,0.77,0.81,2574889.0,13824255.0,126277440.0,0.020390728541851973
2004-10-15,0.79,0.8,0.73,0.76,5015023.0,25245068.0,126277440.0,0.039714322685033845
2004-10-18,0.77,0.79,0.68,0.71,8947585.0,41878701.0,126277440.0,0.07085655996827303
2004-10-19,0.71,0.71,0.67,0.68,8726838.0,39709566.0,126277440.0,0.06910844882506328
2004-10-20,0.68,0.7,0.66,0.69,6892105.0,31295424.0,126277440.0,0.05457906812174843
2004-10-21,0.69,0.69,0.63,0.66,5485544.0,24093602.0,126277440.0,0.04344041184236867
2004-10-22,0.65,0.67,0.63,0.67,3778754.0,16586732.0,126277440.0,0.029924220826776343
2004-10-25,0.67,0.68,0.64,0.68,3073119.0,13599254.0,126277440.0,0.024336247234660442
2004-10-26,0.68,0.68,0.66,0.68,1747649.0,7823933.0,126277440.0,0.01383975633335614
2004-10-27,0.67,0.69,0.65,0.69,2981554.0,13430948.0,126277440.0,0.0236111375080141
2004-10-28,0.68,0.71,0.67,0.67,3481300.0,16087303.0,126277440.0,0.027568661512301803
2004-10-29,0.64,0.66,0.61,0.65,2006198.0,8633021.0,126277440.0,0.015887224194598815
2004-11-01,0.64,0.66,0.63,0.65,1345697.0,5841260.0,126277440.0,0.010656669948329646
2004-11-02,0.65,0.65,0.64,0.65,1485493.0,6402313.0,126277440.0,0.011763724383389464
2004-11-03,0.65,0.69,0.64,0.69,3904267.0,17550019.0,126277440.0,0.03091816717222015
2004-11-04,0.69,0.7,0.66,0.67,2727342.0,12378636.0,126277440.0,0.02159801465724994
2004-11-05,0.67,0.7,0.67,0.69,5496499.0,25023506.0,126277440.0,0.04352716526404083
2004-11-08,0.69,0.7,0.68,0.69,1406172.0,6480992.0,126277440.0,0.01113557576080098
2004-11-09,0.69,0.69,0.67,0.69,1206036.0,5497210.0,126277440.0,0.009550684587840868
2004-11-10,0.68,0.71,0.68,0.7,2653090.0,12374850.0,126277440.0,0.021010007805036274
2004-11-11,0.71,0.74,0.69,0.71,4176670.0,19964041.0,126277440.0,0.033075345841664196
2004-11-12,0.71,0.74,0.71,0.74,4828119.0,23521422.0,126277440.0,0.038234216658177424
2004-11-15,0.74,0.74,0.72,0.74,3305350.0,16284245.0,126277440.0,0.026175300988046636
2004-11-16,0.76,0.76,0.73,0.74,6583662.0,32585396.0,126277440.0,0.052136486137191254
2004-11-17,0.73,0.74,0.72,0.72,1690936.0,8189223.0,126277440.0,0.013390642065597782
2004-11-18,0.72,0.73,0.71,0.72,1893463.0,9100569.0,126277440.0,0.014994467737071642
2004-11-19,0.72,0.74,0.72,0.73,3390322.0,16497535.0,126277440.0,0.026848200280271756
2004-11-22,0.73,0.74,0.72,0.74,1401813.0,6851563.0,126277440.0,0.011101056530762739
2004-11-23,0.73,0.75,0.72,0.75,4687606.0,23042575.0,126277440.0,0.03712148424928475
2004-11-24,0.75,0.77,0.74,0.76,8382368.0,42186580.0,126277440.0,0.06638056647331463
2004-11-25,0.76,0.76,0.73,0.75,2348535.0,11688066.0,126277440.0,0.018598215168125043
2004-11-26,0.76,0.76,0.74,0.74,1846695.0,9235225.0,126277440.0,0.01462410862937988
2004-11-29,0.74,0.74,0.72,0.72,1573099.0,7617478.0,126277440.0,0.012457482508356203
2004-11-30,0.72,0.72,0.71,0.71,741024.0,3543676.0,126277440.0,0.005868221592075354
2004-12-01,0.72,0.73,0.7,0.71,677200.0,3236378.0,126277440.0,0.005362794811171338
2004-12-02,0.7,0.71,0.7,0.71,978474.0,4613169.0,126277440.0,0.0077486049764708565
2004-12-03,0.71,0.75,0.7,0.73,1929455.0,9396525.0,126277440.0,0.01527949093678174
2004-12-06,0.73,0.75,0.72,0.74,1367342.0,6711854.0,126277440.0,0.010828078237886356
2004-12-07,0.74,0.78,0.74,0.74,5915536.0,30106568.0,126277440.0,0.04684554897533558
2004-12-08,0.74,0.75,0.72,0.72,2479845.0,12056354.0,126277440.0,0.01963806836755639
2004-12-09,0.73,0.73,0.71,0.73,1197754.0,5812093.0,126277440.0,0.009485098842675304
2004-12-10,0.72,0.72,0.7,0.71,1104316.0,5257881.0,126277440.0,0.008745156696239645
2004-12-13,0.7,0.7,0.67,0.7,1089165.0,5051935.0,126277440.0,0.008625174853085397
2004-12-14,0.7,0.71,0.69,0.7,281644.0,1321337.0,126277440.0,0.0022303588035994396
2004-12-15,0.7,0.7,0.66,0.68,696390.0,3159708.0,126277440.0,0.005514761781676917
2004-12-16,0.67,0.68,0.65,0.65,731899.0,3233704.0,126277440.0,0.005795960070143962
2004-12-17,0.65,0.66,0.64,0.64,1049990.0,4527022.0,126277440.0,0.008314945250711449
2004-12-20,0.64,0.7,0.64,0.66,4129142.0,18611094.0,126277440.0,0.032698968240091025
2004-12-21,0.66,0.68,0.65,0.67,847100.0,3778563.0,126277440.0,0.006708244956502127
2004-12-22,0.67,0.69,0.66,0.69,751862.0,3392280.0,126277440.0,0.005954048482452606
2004-12-23,0.69,0.69,0.66,0.67,454200.0,2034436.0,126277440.0,0.0035968420012315737
2004-12-24,0.67,0.67,0.64,0.65,592006.0,2584539.0,126277440.0,0.004688137485207176
2004-12-27,0.65,0.67,0.64,0.65,1212900.0,5320378.0,126277440.0,0.009605041090475068
2004-12-28,0.65,0.7,0.65,0.68,3686005.0,16770236.0,126277440.0,0.029189734920188434
2004-12-29,0.67,0.69,0.67,0.67,1907058.0,8587254.0,126277440.0,0.015102127505910794
2004-12-30,0.68,0.68,0.66,0.67,1691300.0,7513303.0,126277440.0,0.013393524607404141
2004-12-31,0.67,0.67,0.65,0.66,460100.0,2025849.0,126277440.0,0.00364356451952146
2005-01-04,0.65,0.66,0.63,0.64,320452.0,1370842.0,126277440.0,0.002537682106954338
2005-01-05,0.63,0.66,0.63,0.66,468300.0,2038556.0,126277440.0,0.003708500900873505
2005-01-06,0.65,0.66,0.64,0.65,276509.0,1197280.0,126277440.0,0.0021896943745454453
2005-01-07,0.65,0.67,0.64,0.65,244330.0,1066962.0,126277440.0,0.0019348665921640478
2005-01-10,0.65,0.66,0.64,0.65,710680.0,3083196.0,126277440.0,0.005627925304789201
2005-01-11,0.65,0.66,0.65,0.65,522000.0,2278203.0,126277440.0,0.004133755008020435
2005-01-12,0.65,0.65,0.64,0.64,461578.0,1986361.0,126277440.0,0.0036552689063066215
2005-01-13,0.64,0.64,0.63,0.64,673490.0,2879829.0,126277440.0,0.005333415058144986
2005-01-14,0.64,0.65,0.63,0.63,632800.0,2691807.0,126277440.0,0.005011188063362704
2005-01-17,0.62,0.63,0.61,0.61,416701.0,1733908.0,126277440.0,0.003299884761680313
2005-01-18,0.61,0.67,0.58,0.66,8850533.0,38483490.0,126277440.0,0.0700879982996171
2005-01-19,0.66,0.68,0.65,0.67,5579897.0,24874684.0,126277440.0,0.044187599938674715
2005-01-20,0.67,0.67,0.65,0.67,2450350.0,10799900.0,126277440.0,0.019404495371461442
2005-01-21,0.66,0.67,0.64,0.66,1475579.0,6491240.0,126277440.0,0.011685214714520662
2005-01-24,0.67,0.68,0.66,0.68,2148163.0,9687042.0,126277440.0,0.017011455094433338
2005-01-25,0.68,0.71,0.66,0.7,4242644.0,19593878.0,126277440.0,0.03359779862499588
2005-01-26,0.7,0.73,0.69,0.71,6186803.0,29581614.0,126277440.0,0.0489937315802411
2005-01-27,0.71,0.71,0.69,0.69,1721271.0,8057585.0,126277440.0,0.013630867081245866
2005-01-28,0.69,0.73,0.69,0.73,4057525.0,19200628.0,126277440.0,0.03213182813968988
2005-01-31,0.72,0.73,0.69,0.69,2378800.0,11300002.0,126277440.0,0.018837885848810364
2005-02-01,0.69,0.73,0.68,0.69,4103639.0,19468357.0,126277440.0,0.03249700817501527
2005-02-02,0.69,0.74,0.69,0.74,6552744.0,31772449.0,126277440.0,0.05189164430321046
2005-02-03,0.74,0.76,0.72,0.74,7266758.0,35970495.0,126277440.0,0.05754597179036889
2005-02-04,0.73,0.74,0.72,0.73,3405798.0,16663650.0,126277440.0,0.026970755821467397
2005-02-16,0.73,0.76,0.73,0.74,2121097.0,10561502.0,126277440.0,0.01679711752154621
2005-02-17,0.74,0.75,0.73,0.74,2040095.0,10053984.0,126277440.0,0.016155656940780555
2005-02-18,0.73,0.73,0.7,0.7,2102005.0,10041910.0,126277440.0,0.016645926619988496
2005-02-21,0.7,0.73,0.7,0.73,3048012.0,14692272.0,126277440.0,0.024137423121659736
2005-02-22,0.73,0.74,0.72,0.73,5011274.0,24500435.0,126277440.0,0.03968463408824252
2005-02-23,0.73,0.74,0.73,0.74,2438159.0,12022321.0,126277440.0,0.019307953978161103
2005-02-24,0.74,0.77,0.74,0.76,6340342.0,32020758.0,126277440.0,0.05020961780663276
2005-02-28,0.76,0.79,0.75,0.76,8872413.0,45760553.0,126277440.0,0.0702612675708345
2005-03-01,0.76,0.76,0.74,0.75,4216313.0,21178025.0,126277440.0,0.03338928156921775
2005-03-02,0.75,0.76,0.73,0.74,2472660.0,12404921.0,126277440.0,0.019581169843164384
2005-03-03,0.73,0.74,0.72,0.74,1323160.0,6447058.0,126277440.0,0.010478197847533177
2005-03-04,0.74,0.74,0.73,0.73,672496.0,3293428.0,126277440.0,0.005325543501673775
2005-03-07,0.72,0.73,0.71,0.72,714399.0,3444034.0,126277440.0,0.005657376329453622
2005-03-08,0.72,0.74,0.72,0.74,2668039.0,13127867.0,126277440.0,0.021128389995869412
2005-03-09,0.75,0.76,0.74,0.76,4962194.0,25017404.0,126277440.0,0.03929596608863784
2005-03-10,0.76,0.77,0.74,0.74,7891948.0,40210027.0,126277440.0,0.06249689572420854
2005-03-11,0.74,0.76,0.74,0.74,1574908.0,7869534.0,126277440.0,0.012471808107608137
2005-03-14,0.74,0.75,0.72,0.74,1345168.0,6621047.0,126277440.0,0.010652480759825349
2005-03-15,0.74,0.74,0.71,0.73,1908903.0,9185465.0,126277440.0,0.015116738191715004
2005-03-16,0.72,0.73,0.71,0.71,1184500.0,5692158.0,126277440.0,0.009380139477011887
2005-03-17,0.71,0.72,0.69,0.69,2119600.0,9985533.0,126277440.0,0.016785262672414012
2005-03-18,0.69,0.71,0.68,0.68,1659100.0,7749782.0,126277440.0,0.013138530524533915
2005-03-21,0.68,0.72,0.68,0.69,1193965.0,5518941.0,126277440.0,0.00945509348304812
2005-03-22,0.69,0.7,0.66,0.68,1921300.0,8698878.0,126277440.0,0.015214910913620042
2005-03-23,0.67,0.7,0.67,0.68,2672399.0,12239815.0,126277440.0,0.02116291714497855
2005-03-24,0.68,0.7,0.67,0.69,1353329.0,6189894.0,126277440.0,0.010717108297412428
2005-03-25,0.69,0.69,0.67,0.68,1660500.0,7576747.0,126277440.0,0.013149617223789142
2005-03-28,0.68,0.68,0.66,0.67,726800.0,3224337.0,126277440.0,0.005755580727642246
2005-03-29,0.66,0.69,0.66,0.67,3279000.0,14767843.0,126277440.0,0.02596663346992147
2005-03-30,0.67,0.67,0.63,0.64,1079898.0,4679478.0,126277440.0,0.008551788823086688
2005-03-31,0.64,0.66,0.64,0.65,1498227.0,6500674.0,126277440.0,0.011864565832186652
2005-04-01,0.65,0.69,0.65,0.68,2309005.0,10281534.0,126277440.0,0.018285174295582806
2005-04-04,0.67,0.68,0.66,0.67,1101840.0,4935820.0,126277440.0,0.008725549076699686
2005-04-05,0.67,0.7,0.67,0.68,3546434.0,16202830.0,126277440.0,0.02808446227608035
2005-04-06,0.68,0.7,0.67,0.69,2997639.0,13793211.0,126277440.0,0.023738515763385763
2005-04-07,0.69,0.72,0.69,0.7,6112700.0,28957510.0,126277440.0,0.04840690466959102
2005-04-08,0.7,0.74,0.7,0.73,6490752.0,31328744.0,126277440.0,0.051400725260189
2005-04-11,0.73,0.8,0.73,0.8,20261836.0,105503612.0,126277440.0,0.1604549157790972
2005-04-12,0.78,0.81,0.77,0.78,10569146.0,55988105.0,126277440.0,0.08369781649041982
2005-04-13,0.77,0.82,0.77,0.78,6955304.0,37019098.0,126277440.0,0.055079545483342075
2005-04-14,0.79,0.8,0.77,0.78,3336256.0,17485500.0,126277440.0,0.026420047793176676
2005-04-15,0.79,0.79,0.75,0.75,2831739.0,14408337.0,126277440.0,0.02242474190164134
2005-04-18,0.75,0.76,0.74,0.75,1819160.0,9130801.0,126277440.0,0.01440605701224225
2005-04-19,0.75,0.76,0.74,0.76,2456896.0,12347007.0,126277440.0,0.019456333609550527
2005-04-20,0.76,0.78,0.75,0.77,5437255.0,27896278.0,126277440.0,0.0430580078278432
2005-04-21,0.77,0.79,0.77,0.77,2407280.0,12514358.0,126277440.0,0.019063420987945272
2005-04-22,0.77,0.78,0.7,0.75,3747950.0,19091408.0,126277440.0,0.02968028176687776
2005-04-25,0.72,0.75,0.72,0.74,1459550.0,7132708.0,126277440.0,0.011558279927119207
2005-04-26,0.73,0.77,0.73,0.76,2296400.0,11467048.0,126277440.0,0.018185354406931278
2005-04-27,0.76,0.76,0.73,0.73,2496200.0,12361224.0,126277440.0,0.019767584772070135
2005-04-28,0.73,0.75,0.72,0.74,2372901.0,11698867.0,126277440.0,0.018791171249591374
2005-04-29,0.74,0.76,0.74,0.75,2986721.0,15032364.0,126277440.0,0.023652055347336786
2005-05-09,0.75,0.76,0.73,0.75,3951700.0,19683658.0,126277440.0,0.03129379246205815
2005-05-10,0.75,0.76,0.73,0.74,3201280.0,15866166.0,126277440.0,0.025351163279838426
2005-05-11,0.74,0.75,0.73,0.74,4996251.0,24607667.0,126277440.0,0.03956566588616304
2005-05-12,0.73,0.74,0.73,0.74,2209895.0,10904450.0,126277440.0,0.017500315179021685
2005-05-13,0.74,0.74,0.73,0.73,1731900.0,8511720.0,126277440.0,0.013715038885805731
2005-05-16,0.73,0.76,0.73,0.75,2678500.0,13419361.0,126277440.0,0.02121123139651865
2005-05-17,0.75,0.78,0.75,0.78,5646176.0,29062101.0,126277440.0,0.04471246803862986
2005-05-18,0.77,0.79,0.76,0.78,4715310.0,24299230.0,126277440.0,0.037340874189403905
2005-05-19,0.78,0.78,0.76,0.76,3334500.0,17105439.0,126277440.0,0.02640614190468226
2005-05-20,0.77,0.78,0.76,0.77,3150360.0,16251374.0,126277440.0,0.024947924189784018
2005-05-23,0.77,0.77,0.74,0.74,4030600.0,20352126.0,126277440.0,0.03191860715579917
2005-05-24,0.74,0.75,0.73,0.74,4390950.0,21590924.0,126277440.0,0.03477224435338569
2005-05-25,0.74,0.76,0.73,0.74,2154300.0,10703991.0,126277440.0,0.017060054432525715
2005-05-26,0.74,0.75,0.67,0.68,4913101.0,23311793.0,126277440.0,0.03890719514111151
2005-05-30,0.68,0.69,0.66,0.67,1981277.0,8936781.0,126277440.0,0.015689873028784874
2005-05-31,0.67,0.71,0.67,0.7,4220104.0,19628942.0,126277440.0,0.03341930276698672
2005-06-01,0.7,0.71,0.69,0.7,2298291.0,10738322.0,126277440.0,0.018200329369996732
2005-06-02,0.7,0.7,0.68,0.68,2783714.0,12808707.0,126277440.0,0.02204442852183256
2005-06-03,0.68,0.68,0.67,0.68,3612993.0,16289066.0,126277440.0,0.028611547715886542
2005-06-06,0.67,0.69,0.67,0.69,1837200.0,8373098.0,126277440.0,0.01454891705121675
2005-06-07,0.69,0.73,0.69,0.71,5025109.0,23741612.0,126277440.0,0.03979419443409686
2005-06-08,0.71,0.77,0.71,0.77,13115552.0,64027045.0,126277440.0,0.1038629861359242
2005-06-09,0.76,0.76,0.73,0.74,7033623.0,34888542.0,126277440.0,0.05569975919689218
2005-06-10,0.73,0.73,0.69,0.69,4875140.0,23003884.0,126277440.0,0.03860657929080602
2005-06-13,0.71,0.72,0.67,0.67,4615496.0,20940784.0,126277440.0,0.03655044004693158
2005-06-14,0.67,0.7,0.67,0.69,4176709.0,19330470.0,126277440.0,0.03307565468542916
2005-06-15,0.69,0.69,0.68,0.68,1849501.0,8472047.0,126277440.0,0.014646329542315715
2005-06-16,0.68,0.7,0.68,0.69,3274590.0,15053626.0,126277440.0,0.0259317103672675
2005-06-17,0.7,0.7,0.69,0.7,1970063.0,9162285.0,126277440.0,0.015601068567750502
2005-06-20,0.7,0.73,0.68,0.72,4558549.0,21476663.0,126277440.0,0.03609947271658342
2005-06-21,0.72,0.72,0.7,0.7,2302054.0,10817824.0,126277440.0,0.018230128833780602
2005-06-22,0.7,0.7,0.69,0.69,3910632.0,18229653.0,126277440.0,0.030968572058476952
2005-06-23,0.69,0.72,0.69,0.71,2576700.0,12136860.0,126277440.0,0.0204050699792457
2005-06-24,0.71,0.71,0.69,0.7,3096384.0,14382606.0,126277440.0,0.02452048441906963
2005-06-27,0.69,0.72,0.69,0.71,3269299.0,15504093.0,126277440.0,0.02588981056315364
2005-06-28,0.71,0.71,0.7,0.7,2783540.0,13071223.0,126277440.0,0.022043050603496556
2005-06-29,0.7,0.71,0.69,0.7,2641659.0,12341528.0,126277440.0,0.020919484905617347
2005-06-30,0.7,0.7,0.68,0.68,1715064.0,7885145.0,126277440.0,0.013581713408190726
2005-07-01,0.67,0.69,0.67,0.68,2202460.0,9982225.0,126277440.0,0.017441436886905533
2005-07-04,0.68,0.69,0.67,0.69,2572026.0,11677683.0,126277440.0,0.020368056241875033
2005-07-05,0.69,0.69,0.68,0.68,996800.0,4576557.0,126277440.0,0.007893729869721781
2005-07-06,0.68,0.69,0.68,0.69,781599.0,3586123.0,126277440.0,0.006189537893704529
2005-07-07,0.69,0.69,0.68,0.69,787200.0,3601281.0,126277440.0,0.0062338926097963345
2005-07-08,0.68,0.7,0.68,0.69,728400.0,3352627.0,126277440.0,0.005768251241076791
2005-07-11,0.69,0.7,0.68,0.68,2812800.0,12997789.0,126277440.0,0.022274762617930804
2005-07-12,0.68,0.7,0.67,0.7,1733779.0,7935436.0,126277440.0,0.013729918820020426
2005-07-13,0.7,0.7,0.68,0.69,599600.0,2749915.0,126277440.0,0.004748274909595887
2005-07-14,0.68,0.69,0.68,0.69,772549.0,3545721.0,126277440.0,0.0061178703020903814
2005-07-15,0.69,0.7,0.68,0.69,1276900.0,5877048.0,126277440.0,0.010111861627856884
2005-07-18,0.68,0.69,0.68,0.69,1912895.0,8728994.0,126277440.0,0.015148351122734195
2005-07-19,0.69,0.69,0.68,0.69,2241965.0,10252947.0,126277440.0,0.017754279782675353
2005-07-20,0.69,0.7,0.69,0.7,2371780.0,10984385.0,126277440.0,0.018782293971116297
2005-07-21,0.7,0.71,0.69,0.7,3006580.0,14013866.0,126277440.0,0.023809320176272183
2005-07-22,0.7,0.72,0.7,0.71,5976955.0,27688057.0,126277440.0,0.047331930390733294
2005-07-25,0.71,0.71,0.7,0.71,1935248.0,8937094.0,126277440.0,0.015325366114485692
2005-07-26,0.71,0.72,0.71,0.72,5019178.0,23419829.0,126277440.0,0.03974722642460918
2005-07-27,0.72,0.72,0.7,0.72,2808555.0,13064331.0,126277440.0,0.022241146161974777
2005-07-28,0.72,0.75,0.72,0.74,7818506.0,37772003.0,126277440.0,0.06191530331942111
2005-07-29,0.74,0.74,0.72,0.72,3053246.0,14451631.0,126277440.0,0.024178871538732494
2005-08-01,0.71,0.72,0.71,0.72,1967981.0,9206464.0,126277440.0,0.0155845810621438
2005-08-02,0.72,0.72,0.71,0.72,1355260.0,6336081.0,126277440.0,0.010732400023313745
2005-08-03,0.72,0.73,0.72,0.72,2504520.0,11852322.0,126277440.0,0.01983347144192977
2005-08-04,0.72,0.73,0.7,0.7,1992150.0,9236566.0,126277440.0,0.015775977086643505
2005-08-05,0.7,0.72,0.69,0.72,2037040.0,9397397.0,126277440.0,0.01613146417919147
2005-08-08,0.72,0.74,0.71,0.73,2488070.0,11832651.0,126277440.0,0.019703202725680852
2005-08-09,0.73,0.74,0.72,0.73,1487107.0,7095585.0,126277440.0,0.011776505763816562
2005-08-10,0.74,0.75,0.73,0.75,3720721.0,18113584.0,126277440.0,0.029464653385434483
2005-08-11,0.76,0.76,0.74,0.75,2312394.0,11313505.0,126277440.0,0.018312012026851354
2005-08-12,0.75,0.76,0.73,0.74,2777429.0,13540057.0,126277440.0,0.02199465716124749
2005-08-15,0.74,0.76,0.73,0.76,1509763.0,7390599.0,126277440.0,0.011955920234049724
2005-08-16,0.76,0.77,0.74,0.75,2519414.0,12445163.0,126277440.0,0.019951418083863595
2005-08-17,0.74,0.76,0.74,0.76,1865454.0,9148724.0,126277440.0,0.014772662480329027
2005-08-18,0.76,0.79,0.73,0.74,5122286.0,25736749.0,126277440.0,0.04056374598661487
2005-08-19,0.74,0.75,0.72,0.73,2161193.0,10365761.0,126277440.0,0.017114640588215917
2005-08-22,0.73,0.74,0.72,0.74,1214460.0,5834785.0,126277440.0,0.00961739484107375
2005-08-23,0.74,0.74,0.7,0.71,1933429.0,9041161.0,126277440.0,0.015310961324524792
2005-08-24,0.71,0.72,0.7,0.71,1521634.0,7078691.0,126277440.0,0.012049927524663155
2005-08-25,0.71,0.72,0.7,0.71,2045404.0,9421588.0,126277440.0,0.016197699288170556
2005-08-26,0.71,0.72,0.7,0.71,1017144.0,4753798.0,126277440.0,0.008054835448042025
2005-08-29,0.72,0.72,0.71,0.71,973000.0,4563271.0,126277440.0,0.007705255982382918
2005-08-30,0.71,0.72,0.7,0.71,671450.0,3098088.0,126277440.0,0.005317260153515941
2005-08-31,0.71,0.73,0.7,0.72,1193809.0,5574940.0,126277440.0,0.009453858107988251
2005-09-01,0.72,0.74,0.72,0.73,1924605.0,9191726.0,126277440.0,0.015241083442933274
2005-09-02,0.74,0.74,0.72,0.73,2025739.0,9627832.0,126277440.0,0.016041970758989096
2005-09-05,0.74,0.75,0.73,0.74,2013379.0,9819558.0,126277440.0,0.015944091042707234
2005-09-06,0.74,0.75,0.72,0.72,1939490.0,9336091.0,126277440.0,0.01535895881322903
2005-09-07,0.72,0.74,0.71,0.73,1639520.0,7741538.0,126277440.0,0.012983475116378667
2005-09-08,0.75,0.75,0.72,0.74,2305792.0,11109439.0,126277440.0,0.018259730320792058
2005-09-09,0.72,0.74,0.72,0.73,1626501.0,7777406.0,126277440.0,0.012880376732375949
2005-09-12,0.73,0.73,0.72,0.72,1055309.0,4980351.0,126277440.0,0.008357066788810416
2005-09-13,0.72,0.74,0.72,0.74,1670780.0,8012652.0,126277440.0,0.013231025272606096
2005-09-14,0.74,0.78,0.74,0.77,7322050.0,36406085.0,126277440.0,0.05798383305838319
2005-09-15,0.77,0.77,0.75,0.76,4932041.0,24566043.0,126277440.0,0.03905718234389294
2005-09-16,0.76,0.78,0.76,0.77,7677178.0,38957731.0,126277440.0,0.06079611686774772
2005-09-19,0.78,0.79,0.77,0.78,5036261.0,25763838.0,126277440.0,0.03988250791273564
2005-09-20,0.78,0.78,0.75,0.77,4248972.0,21285314.0,126277440.0,0.03364791050562951
2005-09-21,0.77,0.77,0.76,0.76,3033470.0,15151677.0,126277440.0,0.024022263992681512
2005-09-22,0.76,0.81,0.75,0.81,11140735.0,56753862.0,126277440.0,0.0882242703051313
2005-09-23,0.8,0.8,0.77,0.78,7095986.0,36683276.0,126277440.0,0.05619361621521627
2005-09-26,0.78,0.79,0.76,0.78,3815222.0,19367945.0,126277440.0,0.030213013504233218
2005-09-27,0.77,0.81,0.77,0.79,6841673.0,35436206.0,126277440.0,0.05417969353829156
2005-09-28,0.79,0.8,0.77,0.78,3569014.0,18342610.0,126277440.0,0.028263274896925372
2005-09-29,0.78,0.79,0.77,0.78,4043280.0,20545975.0,126277440.0,0.03201902097476794
2005-09-30,0.78,0.79,0.76,0.76,2906813.0,14638156.0,126277440.0,0.023019258230132
2005-10-10,0.76,0.77,0.74,0.76,1764289.0,8749377.0,126277440.0,0.013971529673075413
2005-10-11,0.76,0.77,0.75,0.77,1673270.0,8366143.0,126277440.0,0.013250743759138608
2005-10-12,0.77,0.78,0.76,0.77,2436820.0,12236613.0,126277440.0,0.019297350342230568
2005-10-13,0.76,0.79,0.76,0.78,3109332.0,15879509.0,126277440.0,0.02462302054903869
2005-10-14,0.78,0.81,0.77,0.79,5488258.0,28480213.0,126277440.0,0.043461904200782026
2005-10-17,0.79,0.81,0.79,0.8,3684240.0,19143430.0,126277440.0,0.029175757760055952
2005-10-18,0.8,0.82,0.79,0.8,4485260.0,23677425.0,126277440.0,0.03551909192964317
2005-10-19,0.81,0.81,0.78,0.78,3681599.0,19128267.0,126277440.0,0.029154843493818056
2005-10-20,0.78,0.82,0.78,0.82,5892700.0,31132134.0,126277440.0,0.04666470907234103
2005-10-21,0.81,0.85,0.81,0.81,6767868.0,36596838.0,126277440.0,0.053595226510768666
2005-10-24,0.8,0.82,0.8,0.8,3495340.0,18478843.0,126277440.0,0.027679845267689938
2005-10-25,0.8,0.82,0.79,0.81,2723753.0,14334816.0,126277440.0,0.021569593111802076
2005-10-26,0.8,0.8,0.75,0.76,5325935.0,27029250.0,126277440.0,0.0421764568556347
2005-10-27,0.75,0.76,0.74,0.76,3276348.0,16007991.0,126277440.0,0.025945632093903707
2005-10-28,0.76,0.77,0.73,0.75,2403441.0,11720227.0,126277440.0,0.01903301967477326
2005-10-31,0.74,0.75,0.74,0.75,1263522.0,6166057.0,126277440.0,0.010005920297402292
2005-11-01,0.74,0.74,0.72,0.72,2595818.0,12277644.0,126277440.0,0.02055646677664672
2005-11-02,0.72,0.74,0.71,0.74,5833523.0,27529228.0,126277440.0,0.04619608221389347
2005-11-03,0.73,0.73,0.72,0.72,2347301.0,11079732.0,126277440.0,0.01858844303463865
2005-11-04,0.73,0.74,0.72,0.74,3653211.0,17474330.0,126277440.0,0.028930036909205634
2005-11-07,0.74,0.74,0.73,0.74,1049180.0,5054024.0,126277440.0,0.00830853080328521
2005-11-08,0.74,0.74,0.73,0.74,1257557.0,6039298.0,126277440.0,0.009958683039504127
2005-11-09,0.73,0.75,0.73,0.74,4040898.0,19603067.0,126277440.0,0.03200015774789226
2005-11-10,0.73,0.75,0.73,0.73,4083767.0,19773952.0,126277440.0,0.03233964039815822
2005-11-11,0.72,0.72,0.65,0.67,6959913.0,30770801.0,126277440.0,0.055116044481104465
2005-11-14,0.67,0.69,0.67,0.67,3396700.0,15031288.0,126277440.0,0.026898708114450214
2005-11-15,0.67,0.68,0.67,0.67,1378743.0,6057711.0,126277440.0,0.010918363565178389
2005-11-16,0.67,0.67,0.66,0.67,1660450.0,7253178.0,126277440.0,0.013149221270244312
2005-11-17,0.67,0.69,0.67,0.68,1973650.0,8756504.0,126277440.0,0.015629474275056572
2005-11-18,0.68,0.69,0.67,0.68,1848415.0,8276374.0,126277440.0,0.014637729431322017
2005-11-21,0.69,0.69,0.68,0.69,1028298.0,4625523.0,126277440.0,0.0081431647648226
2005-11-22,0.68,0.69,0.67,0.68,1509000.0,6657459.0,126277440.0,0.011949877982955626
2005-11-23,0.68,0.68,0.67,0.67,693563.0,3048889.0,126277440.0,0.005492374568252255
2005-11-24,0.67,0.69,0.66,0.68,1672100.0,7425438.0,126277440.0,0.013241478446189597
2005-11-25,0.68,0.69,0.67,0.68,1036800.0,4566826.0,126277440.0,0.008210492705585416
2005-11-28,0.67,0.69,0.67,0.68,1185294.0,5278306.0,126277440.0,0.009386427219303781
2005-11-29,0.68,0.68,0.67,0.67,1544858.0,6859584.0,126277440.0,0.012233840027165582
2005-11-30,0.67,0.69,0.66,0.68,6500286.0,28903183.0,126277440.0,0.05147622568211709
2005-12-01,0.68,0.71,0.68,0.7,8309921.0,37929458.0,126277440.0,0.06580685354406932
2005-12-02,0.7,0.71,0.68,0.69,3742367.0,17013330.0,126277440.0,0.029636069594062092
2005-12-05,0.69,0.7,0.68,0.68,3574371.0,16038701.0,126277440.0,0.02830569735971841
2005-12-06,0.68,0.69,0.67,0.68,1016592.0,4536439.0,126277440.0,0.008050464120907107
2005-12-07,0.68,0.69,0.68,0.69,1080800.0,4831859.0,126277440.0,0.008558931825035414
2005-12-08,0.69,0.69,0.68,0.68,666744.0,2985561.0,126277440.0,0.005279993005876584
2005-12-09,0.68,0.69,0.68,0.69,1354100.0,6079148.0,126277440.0,0.010723213901073699
2005-12-12,0.69,0.71,0.69,0.7,2092305.0,9568421.0,126277440.0,0.016569111632291564
2005-12-13,0.7,0.72,0.7,0.71,4191200.0,19489441.0,126277440.0,0.03319040994179166
2005-12-14,0.71,0.72,0.69,0.69,8242073.0,37726335.0,126277440.0,0.06526956042187741
2005-12-15,0.69,0.69,0.68,0.68,2736613.0,12270312.0,126277440.0,0.021671432363532236
2005-12-16,0.68,0.68,0.67,0.68,993628.0,4414943.0,126277440.0,0.007868610576837794
2005-12-19,0.68,0.68,0.67,0.67,1118199.0,4944386.0,126277440.0,0.008855097157497016
2005-12-20,0.68,0.68,0.67,0.68,1845217.0,8196433.0,126277440.0,0.014612404242594718
2005-12-21,0.68,0.68,0.67,0.67,2226179.0,9800777.0,126277440.0,0.01762926932950177
2005-12-22,0.67,0.68,0.67,0.67,4461412.0,19674019.0,126277440.0,0.03533023792690127
2005-12-23,0.67,0.69,0.67,0.68,5580138.0,24690303.0,126277440.0,0.04418950843476079
2005-12-26,0.68,0.7,0.68,0.68,2918979.0,12982216.0,126277440.0,0.023115601646659927
2005-12-27,0.68,0.68,0.67,0.67,2415200.0,10595378.0,126277440.0,0.01912614002944627
2005-12-28,0.67,0.67,0.66,0.66,1769852.0,7725045.0,126277440.0,0.014015583464473147
2005-12-29,0.66,0.67,0.66,0.67,3685141.0,16046939.0,126277440.0,0.02918289284293378
2005-12-30,0.67,0.67,0.65,0.66,2335651.0,10106410.0,126277440.0,0.018496185858693365
2006-01-04,0.66,0.66,0.64,0.65,4958471.0,21025400.0,126277440.0,0.039266483387689836
2006-01-05,0.65,0.66,0.64,0.66,6313348.0,26845344.0,126277440.0,0.04999585040685019
2006-01-06,0.66,0.67,0.65,0.67,6410785.0,27905101.0,126277440.0,0.050767460917801314
2006-01-09,0.68,0.69,0.67,0.68,12649644.0,56323964.0,126277440.0,0.10017342765263534
2006-01-10,0.68,0.69,0.68,0.68,2934816.0,13072086.0,126277440.0,0.023241015972449236
2006-01-11,0.68,0.69,0.67,0.68,10063529.0,44908999.0,126277440.0,0.07969379962089823
2006-01-12,0.7,0.7,0.68,0.69,9311047.0,42264461.0,126277440.0,0.07373484131448975
2006-01-13,0.7,0.72,0.69,0.71,11003005.0,50847067.0,126277440.0,0.08713357667054385
2006-01-16,0.71,0.72,0.67,0.68,5848287.0,26872514.0,126277440.0,0.046312999376610736
2006-01-17,0.68,0.69,0.68,0.68,3304652.0,14854355.0,126277440.0,0.02616977347656082
2006-01-18,0.69,0.7,0.68,0.7,6483247.0,29454151.0,126277440.0,0.05134129263311008
2006-01-19,0.7,0.72,0.7,0.71,6375626.0,29502958.0,126277440.0,0.05048903430414807
2006-01-20,0.71,0.71,0.69,0.7,6974311.0,32028112.0,126277440.0,0.05523006326387358
2006-01-23,0.7,0.77,0.69,0.75,15883953.0,76267456.0,126277440.0,0.12578614992511727
2006-01-24,0.75,0.78,0.73,0.75,15819569.0,79179256.0,126277440.0,0.12527628846451117
2006-01-25,0.75,0.77,0.74,0.76,6850041.0,34064632.0,126277440.0,0.05424596032355423
2006-02-06,0.76,0.8,0.76,0.79,7172248.0,36704008.0,126277440.0,0.05679754039993209
2006-02-07,0.8,0.82,0.77,0.79,10773770.0,55785890.0,126277440.0,0.08531824845356384
2006-02-08,0.78,0.8,0.77,0.79,6115270.0,31470608.0,126277440.0,0.04842725668179526
2006-02-09,0.79,0.79,0.76,0.76,6448720.0,32482692.0,126277440.0,0.051067870872263485
2006-02-10,0.76,0.79,0.76,0.79,6500759.0,32982844.0,126277440.0,0.051479971402651176
2006-02-13,0.79,0.8,0.77,0.79,4698169.0,24146919.0,126277440.0,0.037205133395165436
2006-02-14,0.79,0.82,0.78,0.81,6833786.0,35993621.0,126277440.0,0.05411723582613014
2006-02-15,0.81,0.81,0.78,0.78,5498522.0,28502429.0,126277440.0,0.04354318554446463
2006-02-16,0.78,0.79,0.75,0.76,6188710.0,31049830.0,126277440.0,0.049008833248440895
2006-02-17,0.76,0.77,0.75,0.76,3798067.0,18864998.0,126277440.0,0.0300771618430022
2006-02-20,0.76,0.77,0.75,0.75,2332100.0,11554200.0,126277440.0,0.018468065237939573
2006-02-21,0.75,0.79,0.73,0.76,3584316.0,17500920.0,126277440.0,0.028384452519785008
2006-02-22,0.77,0.77,0.75,0.76,2229300.0,11120418.0,126277440.0,0.017653984749770032
2006-02-23,0.76,0.76,0.74,0.76,2331174.0,11441558.0,126277440.0,0.01846073217828933
2006-02-24,0.76,0.77,0.76,0.77,3273216.0,16320041.0,126277440.0,0.025920829563855587
2006-02-27,0.76,0.77,0.76,0.76,2758489.0,13768434.0,126277440.0,0.021844669958466057
2006-02-28,0.76,0.76,0.74,0.75,2154669.0,10565650.0,126277440.0,0.017062976569686555
2006-03-01,0.75,0.76,0.75,0.76,1702801.0,8433597.0,126277440.0,0.013484601841785833
2006-03-02,0.76,0.76,0.73,0.73,2475300.0,12079038.0,126277440.0,0.019602076190331386
2006-03-03,0.73,0.74,0.72,0.73,2576475.0,12314185.0,126277440.0,0.020403288188293966
2006-03-06,0.73,0.74,0.72,0.73,1278567.0,6088778.0,126277440.0,0.0101250627190415
2006-03-07,0.72,0.73,0.7,0.7,2350040.0,11031599.0,126277440.0,0.01861013336982441
2006-03-08,0.7,0.71,0.7,0.71,3820713.0,17635159.0,126277440.0,0.0302564971225264
2006-03-09,0.71,0.71,0.7,0.7,1191901.0,5510258.0,126277440.0,0.009438748520717556
2006-03-10,0.7,0.73,0.7,0.71,965025.0,4492865.0,126277440.0,0.007642101391982606
2006-03-13,0.71,0.72,0.71,0.72,1054190.0,4926578.0,126277440.0,0.008348205348477132
2006-03-14,0.72,0.72,0.7,0.71,604790.0,2802205.0,126277440.0,0.004789374887549193
2006-03-15,0.71,0.72,0.71,0.72,1744080.0,8169353.0,126277440.0,0.013811493169326207
2006-03-16,0.72,0.72,0.7,0.71,1105100.0,5127885.0,126277440.0,0.008751365247822572
2006-03-17,0.71,0.71,0.7,0.7,1369300.0,6278523.0,126277440.0,0.010843583778701881
2006-03-20,0.7,0.71,0.69,0.7,1088867.0,5017682.0,126277440.0,0.008622814969958212
2006-03-21,0.7,0.72,0.7,0.71,1948330.0,9053098.0,126277440.0,0.015428963399954893
2006-03-22,0.71,0.75,0.7,0.72,2287690.0,10740179.0,126277440.0,0.018116379299421972
2006-03-23,0.72,0.75,0.72,0.74,4382206.0,21145532.0,126277440.0,0.0347029999974659
2006-03-24,0.75,0.75,0.73,0.73,2665100.0,12911736.0,126277440.0,0.021105115846504333
2006-03-27,0.73,0.76,0.73,0.76,3664014.0,17931302.0,126277440.0,0.029015586632101506
2006-03-28,0.76,0.76,0.75,0.76,2225514.0,10996787.0,126277440.0,0.017624003147355537
2006-03-29,0.76,0.76,0.74,0.75,3414471.0,16732575.0,126277440.0,0.02703943792335353
2006-03-30,0.75,0.76,0.74,0.74,2685942.0,13128134.0,126277440.0,0.02127016512213108
2006-03-31,0.74,0.75,0.74,0.75,2296600.0,11191546.0,126277440.0,0.018186938221110595
2006-04-03,0.75,0.77,0.74,0.77,5395819.0,26895526.0,126277440.0,0.04272987320617206
2006-04-04,0.77,0.78,0.76,0.77,3736034.0,18687531.0,126277440.0,0.02958591811807398
2006-04-05,0.77,0.8,0.76,0.8,8300548.0,42897963.0,126277440.0,0.06573262809255556
2006-04-06,0.8,0.81,0.78,0.79,5975008.0,31044322.0,126277440.0,0.04731651195969763
2006-04-07,0.8,0.82,0.78,0.81,9432099.0,49253764.0,126277440.0,0.07469346068466387
2006-04-10,0.8,0.84,0.8,0.83,8260696.0,44473241.0,126277440.0,0.06541703727918463
2006-04-11,0.84,0.84,0.8,0.81,7677407.0,41104827.0,126277440.0,0.060797930334983034
2006-04-12,0.81,0.82,0.8,0.8,5713108.0,30206837.0,126277440.0,0.04524250729188048
2006-04-13,0.8,0.83,0.77,0.78,7340222.0,38481484.0,126277440.0,0.058127738414716044
2006-04-14,0.77,0.81,0.77,0.81,5035057.0,26125755.0,126277440.0,0.03987297335137614
2006-04-17,0.8,0.84,0.8,0.82,8391466.0,45346239.0,126277440.0,0.06645261418033181
2006-04-18,0.83,0.88,0.82,0.87,13877710.0,78342745.0,126277440.0,0.1098985693723281
2006-04-19,0.87,0.88,0.84,0.87,6230316.0,34985410.0,126277440.0,0.04933831411216445
2006-04-20,0.87,0.89,0.85,0.88,9687467.0,55347574.0,126277440.0,0.07671573798138448
2006-04-21,0.88,0.89,0.87,0.87,5476466.0,31526003.0,126277440.0,0.043368522516769425
2006-04-24,0.87,0.87,0.82,0.82,7847508.0,42929202.0,126277440.0,0.06214497221356404
2006-04-25,0.82,0.85,0.81,0.85,6242807.0,34286916.0,126277440.0,0.04943723122673377
2006-04-26,0.85,0.87,0.83,0.87,7091230.0,39788875.0,126277440.0,0.056155953114032084
2006-04-27,0.87,0.87,0.84,0.85,4653444.0,26026882.0,126277440.0,0.03685095294931541
2006-04-28,0.83,0.92,0.82,0.9,10165952.0,58607975.0,126277440.0,0.08050489461933977
2006-05-08,0.9,0.99,0.89,0.98,11484297.0,70942695.0,126277440.0,0.09094496214050586
2006-05-09,0.99,1.05,0.98,0.98,19921838.0,132156837.0,126277440.0,0.1577624475123981
2006-05-10,0.98,1.03,0.95,1.01,10208486.0,66328451.0,126277440.0,0.08084172438085536
2006-05-11,1.01,1.03,0.97,0.97,8875224.0,58485088.0,126277440.0,0.07028352807912482
2006-05-12,0.96,1.01,0.96,0.99,7134005.0,45772929.0,126277440.0,0.05649469137163376
2006-05-15,1.0,1.06,0.99,1.05,11835772.0,79177414.0,126277440.0,0.09372831758388514
2006-05-16,1.04,1.05,0.96,0.97,11922330.0,78183450.0,126277440.0,0.09441377652255224
2006-05-17,0.96,1.0,0.96,0.98,6958005.0,44534457.0,126277440.0,0.05510093489383377
2006-05-18,0.97,0.99,0.94,0.96,6133383.0,38545820.0,126277440.0,0.04857069481294521
2006-05-22,0.99,1.06,0.99,1.06,11439735.0,77485118.0,126277440.0,0.09059207250321198
2006-05-23,1.07,1.12,1.03,1.07,13320904.0,94388667.0,126277440.0,0.10548918318268093
2006-05-24,1.07,1.09,0.99,1.02,8838293.0,59630856.0,126277440.0,0.06999106887184282
2006-05-25,1.02,1.03,0.98,1.02,6486600.0,42680000.0,126277440.0,0.05136784527782635
2006-05-26,1.03,1.09,1.03,1.07,7048141.0,49138008.0,126277440.0,0.055814728268168884
2006-05-29,1.07,1.11,1.05,1.11,8311388.0,59046144.0,126277440.0,0.06581847082107461
2006-05-30,1.11,1.11,1.07,1.09,5323979.0,37966756.0,126277440.0,0.04216096715296097
2006-05-31,1.09,1.1,1.06,1.08,5123018.0,36204836.0,126277440.0,0.04056954274651117
2006-06-01,1.08,1.18,1.07,1.16,8115085.0,60501316.0,126277440.0,0.06426393344686114
2006-06-02,1.16,1.18,1.12,1.13,5804768.0,43236710.0,126277440.0,0.045968369330262
2006-07-05,1.22,1.22,1.13,1.18,10782451.0,82799820.0,126277440.0,0.08538699390801714
2006-07-06,1.18,1.22,1.17,1.2,4447256.0,34843313.0,126277440.0,0.035218135559289133
2006-07-07,1.19,1.27,1.19,1.22,5944348.0,47838269.0,126277440.0,0.047073713246008154
2006-07-10,1.23,1.27,1.22,1.26,3824261.0,31082516.0,126277440.0,0.030284593986067504
2006-07-11,1.27,1.29,1.24,1.25,3226288.0,26576791.0,126277440.0,0.02554920340482037
2006-07-12,1.25,1.26,1.2,1.21,6480958.0,51834576.0,126277440.0,0.051323165879827784
2006-07-13,1.21,1.23,1.12,1.14,7110157.0,53483111.0,126277440.0,0.05630583736889186
2006-11-01,1.13,1.22,1.13,1.17,15518751.0,81575589.0,180369683.0,0.08603857778028029
2006-11-02,1.15,1.29,1.14,1.26,14107875.0,77719243.0,180369683.0,0.07821644283756933
2006-11-03,1.26,1.27,1.2,1.2,8947510.0,49155406.0,180369683.0,0.0496065073197473
2006-11-06,1.18,1.21,1.11,1.12,11356847.0,58783889.0,180369683.0,0.06296427875853172
2006-11-07,1.12,1.13,1.03,1.09,8639193.0,41783286.0,180369683.0,0.0478971457747697
2006-11-08,1.07,1.11,1.05,1.07,2760243.0,13417205.0,180369683.0,0.015303253596115706
2006-11-09,1.07,1.11,1.06,1.08,3506461.0,17139386.0,180369683.0,0.019440412278154306
2006-11-10,1.09,1.09,1.01,1.02,5649196.0,26613373.0,180369683.0,0.03132009718063318
2006-11-13,1.02,1.03,0.96,0.98,4200361.0,18685761.0,180369683.0,0.02328751112790945
2006-11-14,0.98,1.01,0.97,1.01,3088062.0,13797927.0,180369683.0,0.01712073752438762
2006-11-15,1.0,1.03,0.99,1.03,2862831.0,13123566.0,180369683.0,0.015872018802627712
2006-11-16,1.03,1.05,1.0,1.05,4472303.0,20520024.0,180369683.0,0.02479520352652613
2006-11-17,1.04,1.04,1.0,1.02,4064542.0,18617668.0,180369683.0,0.022534507642284873
2006-11-21,1.04,1.05,0.98,1.0,6955622.0,31507488.0,180369683.0,0.038563143674206046
2006-11-22,1.0,1.03,0.99,1.01,5074513.0,23073564.0,180369683.0,0.02813395752322745
2006-11-23,1.01,1.01,0.99,0.99,4035920.0,18164226.0,180369683.0,0.02237582243796481
2006-11-24,1.0,1.0,0.97,0.99,6039817.0,26712555.0,180369683.0,0.03348576600869227
2006-11-27,1.0,1.03,0.99,1.03,5563166.0,25404300.0,180369683.0,0.03084313232396156
2006-11-28,1.02,1.05,1.02,1.05,6228824.0,29221551.0,180369683.0,0.03453365275360605
2006-11-29,1.03,1.05,1.02,1.04,5008114.0,23476300.0,180369683.0,0.02776583024764755
2006-11-30,1.04,1.08,1.03,1.07,7708688.0,36796648.0,180369683.0,0.04273826882536574
2006-12-01,1.07,1.08,1.05,1.05,5543636.0,26445640.0,180369683.0,0.030734854703936026
2006-12-04,1.06,1.07,1.04,1.07,7422773.0,35488957.0,180369683.0,0.0411531077537016
2006-12-05,1.1,1.1,1.07,1.08,7851834.0,38327104.0,180369683.0,0.043531894437049044
2006-12-06,1.08,1.1,1.02,1.06,6758928.0,32479667.0,180369683.0,0.03747263890240357
2006-12-07,1.05,1.07,1.05,1.05,4878975.0,23212363.0,180369683.0,0.027049861810756744
2006-12-08,1.04,1.04,0.99,0.99,4586413.0,20997110.0,180369683.0,0.02542784864793492
2006-12-11,0.99,1.03,0.99,1.03,3068445.0,14019907.0,180369683.0,0.017011977561661513
2006-12-12,1.03,1.06,1.02,1.06,7310184.0,34485317.0,180369683.0,0.04052889531329941
2006-12-13,1.05,1.06,1.02,1.04,3342437.0,15605201.0,180369683.0,0.01853103550667104
2006-12-14,1.04,1.06,1.02,1.05,6113569.0,28798231.0,180369683.0,0.03389465955872418
2006-12-15,1.06,1.1,1.05,1.08,10958995.0,53246982.0,180369683.0,0.060758520044635216
2006-12-18,1.08,1.09,1.07,1.08,7611471.0,37137652.0,180369683.0,0.042199281350402996
2006-12-19,1.07,1.16,1.07,1.15,23176753.0,116627617.0,180369683.0,0.12849583485712507
2006-12-20,1.14,1.18,1.13,1.17,14825165.0,77123384.0,180369683.0,0.0821932197995824
2006-12-21,1.17,1.18,1.12,1.12,10013314.0,51731348.0,180369683.0,0.055515504786910336
2006-12-22,1.11,1.13,1.08,1.09,6469021.0,31902225.0,180369683.0,0.03586534550820273
2006-12-25,1.09,1.12,1.08,1.1,5898609.0,29230351.0,180369683.0,0.03270288499647693
2006-12-26,1.1,1.11,1.05,1.08,5337259.0,25990120.0,180369683.0,0.029590665743976497
2006-12-27,1.08,1.1,1.08,1.1,5382129.0,26428229.0,180369683.0,0.02983943260575559
2006-12-28,1.11,1.14,1.09,1.1,9185730.0,46100981.0,180369683.0,0.050927239252286094
2006-12-29,1.11,1.11,1.09,1.1,6177856.0,30559563.0,180369683.0,0.034251077549434954
2007-01-04,1.11,1.11,1.08,1.08,8287525.0,40540389.0,180369683.0,0.04594743896068166
2007-01-05,1.07,1.1,1.07,1.09,5481240.0,26644816.0,180369683.0,0.03038892073675153
2007-01-08,1.09,1.17,1.08,1.17,13901123.0,71103606.0,180369683.0,0.07707017481424525
2007-01-09,1.17,1.17,1.15,1.16,13261013.0,69364668.0,180369683.0,0.07352129681350053
2007-01-10,1.16,1.26,1.16,1.24,17045354.0,92290277.0,180369683.0,0.09450232276562796
2007-01-11,1.25,1.32,1.23,1.26,22101371.0,127496482.0,180369683.0,0.12253373533954706
2007-01-12,1.26,1.3,1.19,1.19,13684597.0,76246020.0,180369683.0,0.07586971808338766
2007-01-15,1.19,1.26,1.17,1.26,10306987.0,56945799.0,180369683.0,0.05714367752146019
2007-01-16,1.27,1.31,1.24,1.29,15089859.0,86533510.0,180369683.0,0.08366072806148914
2007-01-17,1.3,1.36,1.23,1.31,20275629.0,120641183.0,180369683.0,0.11241151319204791
2007-01-18,1.31,1.39,1.3,1.39,21346523.0,130023130.0,180369683.0,0.11834873047927905
2007-01-19,1.41,1.44,1.37,1.4,18682423.0,117438192.0,180369683.0,0.10357850992065003
2007-01-22,1.4,1.47,1.39,1.46,20809904.0,133370465.0,180369683.0,0.11537362406962816
2007-01-23,1.45,1.45,1.37,1.43,15766080.0,100209623.0,180369683.0,0.08740981154798615
2007-01-24,1.42,1.48,1.4,1.48,21418013.0,139517796.0,180369683.0,0.11874508311909601
2007-01-25,1.48,1.52,1.4,1.41,29202609.0,194494476.0,180369683.0,0.16190419872279754
2007-01-26,1.33,1.4,1.27,1.36,13795334.0,82623210.0,180369683.0,0.07648366272285348
2007-01-29,1.35,1.39,1.34,1.37,9477996.0,58518574.0,180369683.0,0.05254761134109217
2007-01-30,1.39,1.43,1.38,1.39,12841658.0,81146386.0,180369683.0,0.0711963218341965
2007-01-31,1.4,1.4,1.28,1.29,11519556.0,69696296.0,180369683.0,0.06386636494781664
2007-02-01,1.27,1.31,1.21,1.31,9986199.0,56726456.0,180369683.0,0.05536517464523126
2007-02-02,1.31,1.35,1.29,1.31,9775502.0,58142104.0,180369683.0,0.05419703487531217
2007-02-05,1.32,1.33,1.3,1.33,9944671.0,58959042.0,180369683.0,0.055134936396157
2007-02-06,1.33,1.36,1.31,1.35,6858131.0,41183094.0,180369683.0,0.03802263709694494
2007-02-07,1.36,1.37,1.34,1.36,6632544.0,40457752.0,180369683.0,0.03677194465103096
2007-02-08,1.36,1.39,1.34,1.38,6729802.0,41540704.0,180369683.0,0.03731115943692156
2007-02-09,1.39,1.39,1.36,1.36,5766763.0,35583251.0,180369683.0,0.031971908494178594
2007-02-12,1.36,1.39,1.36,1.38,6216764.0,38445317.0,180369683.0,0.034466790075802264
2007-02-13,1.39,1.41,1.38,1.41,8538565.0,53640603.0,180369683.0,0.04733924713944305
2007-02-14,1.42,1.45,1.42,1.43,9714198.0,62662031.0,180369683.0,0.05385715514064523
2007-02-15,1.43,1.51,1.43,1.5,14431495.0,95727580.0,180369683.0,0.08001064680032731
2007-02-16,1.51,1.59,1.51,1.52,19665754.0,136726657.0,180369683.0,0.10903026314017528
2007-02-26,1.52,1.59,1.49,1.58,15165403.0,106248216.0,180369683.0,0.08407955676231908
2007-02-27,1.58,1.63,1.43,1.43,19558853.0,135497051.0,180369683.0,0.10843758593288652
2007-02-28,1.41,1.51,1.4,1.5,11590896.0,75729246.0,180369683.0,0.0642618859622878
2007-03-01,1.5,1.5,1.41,1.43,10133526.0,65689174.0,180369683.0,0.056181980427387014
2007-03-02,1.42,1.47,1.42,1.45,7530605.0,49268493.0,180369683.0,0.04175094658230341
2007-03-05,1.46,1.49,1.42,1.48,9008720.0,59076008.0,180369683.0,0.04994586590253086
2007-03-06,1.47,1.49,1.45,1.49,6830345.0,45433170.0,180369683.0,0.037868586817885574
2007-03-07,1.48,1.54,1.48,1.52,8663533.0,59166253.0,180369683.0,0.04803209084755114
2007-03-08,1.53,1.59,1.51,1.59,13572998.0,95847274.0,180369683.0,0.07525099437026787
2007-03-09,1.59,1.63,1.55,1.59,16147895.0,115656634.0,180369683.0,0.08952665842407673
2007-03-12,1.58,1.64,1.58,1.62,12980124.0,94790312.0,180369683.0,0.07196400073509028
2007-03-13,1.63,1.71,1.6,1.69,19349968.0,143963854.0,180369683.0,0.1072794921971449
2007-03-14,1.65,1.68,1.6,1.63,14093819.0,103925505.0,180369683.0,0.07813851399849718
2007-03-15,1.63,1.68,1.62,1.65,11261063.0,84006786.0,180369683.0,0.06243323607770603
2007-03-16,1.66,1.68,1.58,1.61,11952895.0,87757704.0,180369683.0,0.06626886958602683
2007-03-19,1.54,1.67,1.53,1.66,11294505.0,82764060.0,180369683.0,0.06261864417647171
2007-03-21,1.69,1.75,1.69,1.73,16280600.0,125977048.0,180369683.0,0.09026239736752212
2007-03-22,1.73,1.83,1.71,1.77,16717188.0,134071636.0,180369683.0,0.09268291501072273
2007-03-23,1.78,1.84,1.78,1.81,13168927.0,107372202.0,180369683.0,0.07301075646953374
2007-03-26,1.82,1.89,1.8,1.87,13913255.0,115959142.0,180369683.0,0.07713743667221504
2007-03-27,1.88,2.05,1.87,2.0,20066198.0,179400530.0,180369683.0,0.11125039234004752
2007-03-28,2.05,2.05,1.85,2.0,22651343.0,201934409.0,180369683.0,0.1255828730374827
2007-03-29,1.99,2.04,1.91,1.94,14800113.0,130870100.0,180369683.0,0.08205432727849281
2007-03-30,1.93,2.04,1.9,1.98,9429664.0,84620336.0,180369683.0,0.0522796505663316
2007-04-02,2.03,2.09,2.0,2.08,12150540.0,112001623.0,180369683.0,0.06736464686252179
2007-04-03,2.08,2.29,2.07,2.28,23614025.0,231118577.0,180369683.0,0.1309201447119026
2007-04-04,2.29,2.29,2.2,2.22,16666835.0,168216700.0,180369683.0,0.09240374947046949
2007-04-05,2.3,2.31,2.21,2.28,11166925.0,113012304.0,180369683.0,0.061911319099008454
2007-04-06,2.27,2.34,2.24,2.32,11713239.0,120747109.0,180369683.0,0.06494017622684406
2007-04-09,2.35,2.4,2.3,2.31,30074050.0,318166136.0,180369683.0,0.16673561487603214
2007-04-10,2.31,2.32,2.2,2.26,20837995.0,211426988.0,180369683.0,0.11552936532022402
2007-04-11,2.26,2.35,2.22,2.28,12868083.0,132148976.0,180369683.0,0.0713428264992848
2007-04-12,2.28,2.31,2.26,2.3,11286641.0,116015654.0,180369683.0,0.06257504483167496
2007-04-13,2.3,2.39,2.25,2.3,18992719.0,201589393.0,180369683.0,0.10529884337602345
2007-04-16,2.29,2.38,2.28,2.37,15320917.0,161478156.0,180369683.0,0.08494175265584959
2007-04-17,2.39,2.54,2.39,2.54,18675678.0,207732729.0,180369683.0,0.10354111450093306
2007-04-18,2.55,2.68,2.48,2.65,14805954.0,172178138.0,180369683.0,0.08208671076945896
2007-04-19,2.62,2.62,2.38,2.41,15235732.0,169793525.0,180369683.0,0.08446947262195942
2007-04-20,2.45,2.59,2.45,2.57,12667209.0,145530781.0,180369683.0,0.07022914710117886
2007-04-23,2.61,2.83,2.61,2.83,14003988.0,175804183.0,180369683.0,0.07764047575556253
2007-04-24,3.0,3.02,2.86,2.87,13630149.0,180993329.0,180369683.0,0.0755678491711936
2007-04-25,2.87,2.88,2.72,2.82,8641610.0,108523662.0,180369683.0,0.04791054603117532
2007-04-26,2.8,2.95,2.8,2.86,6120381.0,79433347.0,180369683.0,0.03393242643776227
2007-04-27,2.9,2.98,2.77,2.9,8370431.0,106868970.0,180369683.0,0.04640708383348437
2007-04-30,2.93,2.97,2.83,2.95,9255238.0,119997469.0,180369683.0,0.05131260334920032
2007-05-08,3.0,3.08,2.94,3.01,13441920.0,179843347.0,180369683.0,0.07452427578974012
2007-05-09,3.01,3.01,2.81,2.88,15364248.0,198081583.0,180369683.0,0.0851819870415806
2007-05-10,2.86,3.17,2.83,3.17,26189572.0,355984326.0,180369683.0,0.14519941247554335
2007-05-11,3.1,3.13,2.97,3.04,14957276.0,202885963.0,180369683.0,0.08292566550665835
2007-05-14,2.97,3.09,2.95,3.04,9779709.0,130726655.0,180369683.0,0.054220359194177885
2007-05-15,3.06,3.07,2.83,2.83,10495992.0,137070080.0,180369683.0,0.05819155317803602
2007-05-16,2.88,2.95,2.8,2.91,6456689.0,82440085.0,180369683.0,0.03579697481643852
2007-05-17,2.92,3.05,2.92,3.0,8781811.0,117344800.0,180369683.0,0.04868784406523573
2007-05-18,3.0,3.07,2.95,3.01,8760599.0,117946674.0,180369683.0,0.048570241152999086
2007-05-21,2.88,3.1,2.86,3.06,13382832.0,179040248.0,180369683.0,0.0741966819335154
2007-05-22,3.08,3.28,3.06,3.13,15293759.0,216296036.0,180369683.0,0.08479118411490472
2007-05-23,3.12,3.34,3.12,3.26,15411760.0,222864042.0,180369683.0,0.08544540159778403
2007-05-24,3.28,3.4,3.21,3.36,19303205.0,283851088.0,180369683.0,0.10702023022350159
2007-05-25,3.36,3.62,3.31,3.47,15147574.0,235361386.0,180369683.0,0.08398070977371513
2007-05-28,3.49,3.59,3.44,3.46,12070474.0,187355323.0,180369683.0,0.0669207474295999
2007-05-29,3.46,3.69,3.44,3.61,12281008.0,194807603.0,180369683.0,0.06808798349997655
2007-05-30,3.37,3.53,3.25,3.25,14614549.0,218024139.0,180369683.0,0.08102552910735004
2007-05-31,3.11,3.22,2.93,2.99,14714272.0,195949124.0,180369683.0,0.08157841026975692
2007-06-01,2.97,3.08,2.69,2.69,13652078.0,173019386.0,180369683.0,0.07568942725258324
2007-06-04,2.68,2.81,2.42,2.53,14822963.0,166271508.0,180369683.0,0.08218101153950579
2007-06-05,2.49,2.74,2.32,2.72,11226089.0,127366361.0,180369683.0,0.062239334312075054
2007-06-06,2.7,2.81,2.59,2.72,9636050.0,116062738.0,180369683.0,0.05342388942381187
2007-06-07,2.72,2.94,2.72,2.91,13790445.0,175704909.0,180369683.0,0.07645655728074878
2007-06-08,2.97,3.09,2.96,2.97,14517995.0,195367376.0,180369683.0,0.08049021741641582
2007-06-11,3.03,3.15,2.99,3.05,10172269.0,139207454.0,180369683.0,0.05639677816587392
2007-06-12,3.07,3.12,2.85,3.04,11783673.0,157885931.0,180369683.0,0.06533067422422648
2007-06-13,3.11,3.24,3.08,3.2,12422941.0,176090651.0,180369683.0,0.06887488403469667
2007-06-14,3.17,3.21,3.1,3.15,10906647.0,152934901.0,180369683.0,0.0604682938872826
2007-06-15,3.14,3.33,3.08,3.28,12468118.0,180189965.0,180369683.0,0.06912535295635021
2007-06-18,3.35,3.41,3.27,3.32,9616768.0,142096221.0,180369683.0,0.05331698675769143
2007-06-19,3.32,3.38,3.25,3.37,8131548.0,120373355.0,180369683.0,0.045082676116917055
2007-06-20,3.33,3.46,3.1,3.23,9336088.0,139402177.0,180369683.0,0.051760849410596346
2007-06-21,3.24,3.33,3.15,3.24,5734841.0,82600825.0,180369683.0,0.03179492753225053
2007-06-22,3.26,3.27,2.92,3.13,8301611.0,114295206.0,180369683.0,0.046025534124822964
2007-06-25,3.13,3.16,2.86,2.87,5959081.0,78535424.0,180369683.0,0.033038151982559064
2007-06-26,2.9,3.1,2.9,3.09,5176335.0,69662512.0,180369683.0,0.028698475896306808
2007-06-27,3.13,3.25,3.06,3.22,6697916.0,94859068.0,180369683.0,0.03713437806507649
2007-06-28,3.23,3.28,2.99,2.99,6165553.0,87075144.0,180369683.0,0.034182867638570945
2007-06-29,2.88,3.11,2.85,3.0,5661739.0,74851103.0,180369683.0,0.0313896376920505
2007-07-02,2.96,3.05,2.89,3.0,3151255.0,41440202.0,180369683.0,0.017471090194242898
2007-07-03,3.02,3.1,3.0,3.1,2905682.0,39568412.0,180369683.0,0.016109591987252092
2007-07-04,3.1,3.22,3.08,3.14,5620871.0,79496876.0,180369683.0,0.031163058594497833
2007-07-05,3.08,3.11,2.9,2.97,4528971.0,59873048.0,180369683.0,0.025109380493838315
2007-07-06,2.9,3.11,2.84,3.1,4877846.0,64556456.0,180369683.0,0.02704360244398722
2007-07-09,3.14,3.22,3.05,3.2,5998267.0,84562719.0,180369683.0,0.03325540578790062
2007-07-10,3.23,3.36,3.16,3.26,11321921.0,165870009.0,180369683.0,0.0627706431130114
2007-07-11,3.24,3.32,3.18,3.29,3791209.0,54902495.0,180369683.0,0.021019103304627973
2007-07-12,3.3,3.32,3.22,3.27,3130579.0,45437961.0,180369683.0,0.017356458956575314
2007-07-13,3.28,3.43,3.24,3.4,9295068.0,139580768.0,180369683.0,0.05153342759935992
2007-07-16,3.42,3.53,3.29,3.31,5621630.0,84874992.0,180369683.0,0.031167266618747674
2007-07-17,3.28,3.46,3.17,3.42,5553323.0,82838572.0,180369683.0,0.03078856106876897
2007-07-18,3.42,3.57,3.37,3.49,9201882.0,143376326.0,180369683.0,0.051016788669523805
2007-07-19,3.48,3.55,3.43,3.48,3134544.0,48621216.0,180369683.0,0.017378441586549775
2007-07-20,3.45,3.59,3.44,3.53,3712790.0,58125658.0,180369683.0,0.020584335118003172
2007-07-23,3.55,3.85,3.54,3.8,7175340.0,117314704.0,180369683.0,0.03978129739242265
2007-07-24,3.8,3.88,3.71,3.71,4995478.0,83809334.0,180369683.0,0.027695774128515822
2007-07-25,3.7,3.91,3.7,3.82,4699799.0,80090655.0,180369683.0,0.026056479791007895
2007-07-26,3.84,3.87,3.74,3.84,4695442.0,79265688.0,180369683.0,0.02603232384679636
2007-07-27,3.82,3.86,3.71,3.8,4700536.0,78921784.0,180369683.0,0.026060565843540346
2007-07-30,3.8,3.86,3.73,3.8,6897769.0,116830557.0,180369683.0,0.0382423968666619
2007-07-31,3.79,4.05,3.77,4.02,9264464.0,163272994.0,180369683.0,0.051363753852137116
2007-08-01,3.98,4.09,3.64,3.74,6740192.0,117217571.0,180369683.0,0.037368763352541905
2007-08-02,3.73,4.11,3.73,4.11,10006333.0,177949172.0,180369683.0,0.05547680094331595
2007-08-03,4.15,4.25,4.05,4.15,7248735.0,134135522.0,180369683.0,0.04018821167413151
2007-08-06,4.18,4.19,4.0,4.16,6682535.0,121016864.0,180369683.0,0.03704910320211629
2007-08-07,4.18,4.18,4.0,4.04,6397797.0,115624850.0,180369683.0,0.035470467617332344
2007-08-08,3.94,4.04,3.65,3.77,12279712.0,206883038.0,180369683.0,0.06808079825698868
2007-08-09,3.73,3.82,3.69,3.72,5674146.0,94351997.0,180369683.0,0.03145842419648761
2007-08-10,3.73,3.82,3.51,3.54,8928559.0,144296512.0,180369683.0,0.04950143977355662
2007-08-13,3.59,3.71,3.56,3.6,6549391.0,105848097.0,180369683.0,0.03631093036849214
2007-08-14,3.66,3.82,3.61,3.8,5723397.0,95521110.0,180369683.0,0.03173148006253357
2007-08-15,3.82,3.92,3.68,3.81,6163251.0,104692880.0,180369683.0,0.03417010496159712
2007-08-16,3.75,3.79,3.64,3.69,5146689.0,84643373.0,180369683.0,0.028534113462959292
2007-08-21,3.73,3.8,3.44,3.55,21318410.0,339005200.0,180369683.0,0.11819286725696579
2007-08-22,3.51,3.64,3.46,3.59,9825300.0,156581004.0,180369683.0,0.054473123401785874
2007-08-23,3.62,3.64,3.53,3.57,6996921.0,111019908.0,180369683.0,0.038792112308585695
2007-08-24,3.6,3.73,3.6,3.66,9221461.0,150305554.0,180369683.0,0.05112533795382897
2007-08-27,3.7,3.73,3.49,3.53,9184139.0,146222013.0,180369683.0,0.05091841847945145
2007-08-28,3.52,3.52,3.35,3.46,13758693.0,208180799.0,180369683.0,0.07628051882754598
2007-08-29,3.41,3.54,3.37,3.51,7434274.0,113578629.0,180369683.0,0.041216871241049974
2007-08-30,3.51,3.66,3.48,3.6,6829905.0,108994211.0,180369683.0,0.03786614738353784
2007-08-31,3.63,3.68,3.53,3.6,6421551.0,102696840.0,180369683.0,0.03560216380709612
2007-09-03,3.62,3.73,3.54,3.71,16335001.0,262965457.0,180369683.0,0.09056400570377451
2007-09-04,3.73,3.75,3.62,3.64,8663060.0,142156797.0,180369683.0,0.048029468455627326
2007-09-05,3.62,3.67,3.53,3.57,5628199.0,89614112.0,180369683.0,0.03120368626472554
2007-09-06,3.57,3.6,3.54,3.56,6499702.0,103204112.0,180369683.0,0.03603544615643639
2007-09-07,3.56,3.57,3.41,3.42,8296507.0,128496072.0,180369683.0,0.045997236686389255
2007-09-10,3.37,3.46,3.35,3.44,7524265.0,113623283.0,180369683.0,0.04171579655102016
2007-09-11,3.42,3.43,3.25,3.26,10064776.0,149978881.0,180369683.0,0.055800818810553654
2007-09-12,3.22,3.28,3.15,3.28,5996378.0,85740269.0,180369683.0,0.03324493285271228
2007-09-13,3.28,3.3,3.19,3.26,4471268.0,64611537.0,180369683.0,0.024789465311639985
2007-09-14,3.27,3.36,3.26,3.35,5604646.0,82729625.0,180369683.0,0.031073104452925163
2007-09-17,3.35,3.46,3.28,3.44,7220474.0,108659223.0,180369683.0,0.040031527914810384
2007-09-18,3.45,3.46,3.31,3.35,5039361.0,75230805.0,180369683.0,0.02793906889551943
2007-09-19,3.35,3.55,3.28,3.49,10904641.0,165512622.0,180369683.0,0.060457172284324526
2007-09-20,3.51,3.52,3.41,3.44,9217735.0,141912481.0,180369683.0,0.05110468038023885
2007-09-21,3.42,3.5,3.39,3.44,5464014.0,83816793.0,180369683.0,0.030293416882037766
2007-09-24,3.44,3.46,3.28,3.32,4983411.0,73762502.0,180369683.0,0.02762887264152923
2007-09-25,3.3,3.37,3.21,3.24,3285086.0,47825822.0,180369683.0,0.018213071871950898
2007-09-26,3.24,3.33,3.19,3.2,3591078.0,51613468.0,180369683.0,0.019909543224068314
2007-09-27,3.21,3.29,3.17,3.24,3041910.0,43598953.0,180369683.0,0.016864863037986268
2007-09-28,3.26,3.32,3.24,3.29,3197645.0,46751887.0,180369683.0,0.017728284192859618
2007-10-08,3.33,3.33,3.23,3.24,2982943.0,43534879.0,180369683.0,0.016537940026207176
2007-10-09,3.24,3.44,3.22,3.43,5994805.0,89210031.0,180369683.0,0.03323621187491913
2007-10-10,3.43,3.44,3.33,3.35,3508676.0,52570223.0,180369683.0,0.019452692612427554
2007-10-11,3.37,3.39,3.26,3.27,2981118.0,43800469.0,180369683.0,0.016527821917833054
2007-10-12,3.29,3.32,2.94,3.09,5316785.0,73339377.0,180369683.0,0.02947715442844128
2007-10-15,3.04,3.25,2.95,3.19,4253229.0,58944642.0,180369683.0,0.02358062025312757
2007-10-16,3.15,3.33,3.1,3.31,4873382.0,70347533.0,180369683.0,0.02701885327369567
2007-10-17,3.4,3.53,3.33,3.36,6795651.0,104080206.0,180369683.0,0.03767623741956679
2007-10-18,3.37,3.48,3.33,3.35,6407778.0,97680384.0,180369683.0,0.035525803967843085
2007-10-19,3.37,3.45,3.31,3.4,3710217.0,56093910.0,180369683.0,0.020570069971237906
2007-10-22,3.4,3.53,3.35,3.45,5462229.0,84549786.0,180369683.0,0.030283520540422527
2007-10-23,3.48,3.48,3.19,3.29,4337464.0,63930748.0,180369683.0,0.02404763332649423
2007-10-24,3.26,3.38,3.26,3.33,3518403.0,52038913.0,180369683.0,0.019506620744019383
2007-10-25,3.32,3.32,3.0,3.0,4217399.0,58364184.0,180369683.0,0.023381972678856458
2007-10-26,2.95,3.06,2.9,2.96,2885420.0,38397813.0,180369683.0,0.015997256035538965
2007-10-29,2.96,3.03,2.77,2.85,2780883.0,35091391.0,180369683.0,0.015417685243700295
2007-10-30,2.89,2.89,2.72,2.84,2510757.0,31343281.0,180369683.0,0.013920061055936989
2007-10-31,2.87,3.03,2.86,3.02,2354615.0,30956173.0,180369683.0,0.013054383424291986
2007-11-01,3.03,3.04,2.89,2.91,1657647.0,21562274.0,180369683.0,0.009190275064130372
2007-11-02,2.9,2.9,2.73,2.79,2136930.0,26400888.0,180369683.0,0.011847501001595706
2007-11-05,2.79,2.91,2.73,2.8,1376551.0,17320454.0,180369683.0,0.0076318313427428935
2007-11-06,2.81,2.87,2.81,2.85,809640.0,10217624.0,224689420.0,0.003603373937233004
2007-11-07,2.86,2.9,2.81,2.9,1167290.0,14782030.0,224689420.0,0.005195126677526694
2007-11-08,2.88,2.88,2.78,2.78,1056649.0,13216541.0,224689420.0,0.004702709188532331
2007-11-09,2.74,2.82,2.65,2.68,1137119.0,13614967.0,224689420.0,0.005060847991863613
2007-11-12,2.66,2.66,2.47,2.55,1635071.0,18368528.0,224689420.0,0.007277027107017322
2007-11-13,2.55,2.63,2.53,2.56,1121664.0,12863048.0,224689420.0,0.004992064156825898
2007-11-14,2.62,2.64,2.56,2.64,1126013.0,13093265.0,224689420.0,0.005011419763333761
2007-11-15,2.65,2.65,2.56,2.61,1258661.0,14594032.0,224689420.0,0.005601781338881021
2007-11-16,2.57,2.61,2.56,2.6,590570.0,6780400.0,224689420.0,0.002628383659542136
2007-11-19,2.61,2.7,2.6,2.68,1268271.0,15020801.0,224689420.0,0.005644551488005087
2007-11-20,2.68,2.92,2.66,2.87,3418967.0,42909443.0,224689420.0,0.015216412949038721
2007-11-21,2.87,2.89,2.78,2.79,1545266.0,19383566.0,224689420.0,0.006877342066217448
2007-11-22,2.77,2.83,2.66,2.67,1013029.0,12338832.0,224689420.0,0.004508574547034747
2007-11-23,2.67,2.77,2.64,2.77,812660.0,9847889.0,224689420.0,0.003616814712504042
2007-11-26,2.84,2.91,2.79,2.81,2603764.0,33124294.0,224689420.0,0.011588280391662412
2007-11-27,2.8,2.83,2.75,2.77,892412.0,11050018.0,224689420.0,0.0039717579937675745
2007-11-28,2.77,2.81,2.74,2.76,961146.0,11833767.0,224689420.0,0.004277664698231007
2007-11-29,2.8,2.9,2.76,2.89,3611872.0,45541753.0,224689420.0,0.016074953595945907
2007-11-30,2.9,2.98,2.77,2.78,1092509.0,13701746.0,224689420.0,0.004862307268406319
2007-12-03,2.79,2.92,2.78,2.9,2773022.0,35602679.0,224689420.0,0.012341577987962229
2007-12-04,2.92,2.92,2.82,2.88,715567.0,9133617.0,224689420.0,0.003184693787540152
2007-12-05,2.87,2.91,2.83,2.9,1377740.0,17710936.0,224689420.0,0.006131752888053207
2007-12-06,2.92,3.04,2.9,2.98,3405885.0,45306834.0,224689420.0,0.0151581903589408
2007-12-07,2.99,3.05,2.95,3.02,1402792.0,18817388.0,224689420.0,0.006243249014573094
2007-12-10,2.98,3.25,2.96,3.24,4959961.0,69591130.0,224689420.0,0.02207474210401184
2007-12-11,3.24,3.34,3.19,3.29,3288141.0,47946309.0,224689420.0,0.014634160344532467
2007-12-12,3.27,3.39,3.22,3.37,4083179.0,61152396.0,224689420.0,0.01817254679815365
2007-12-13,3.36,3.38,3.19,3.2,2386458.0,35054276.0,224689420.0,0.010621140950917938
2007-12-14,3.16,3.29,3.13,3.28,1680182.0,24111573.0,224689420.0,0.007477797574981501
2007-12-17,3.33,3.57,3.3,3.45,6415897.0,99524555.0,224689420.0,0.028554513158652508
2007-12-18,3.45,3.48,3.37,3.44,2372958.0,36181142.0,224689420.0,0.010561058015103693
2007-12-19,3.44,3.48,3.35,3.42,2267948.0,34571582.0,224689420.0,0.010093701786225626
2007-12-20,3.42,3.51,3.42,3.46,1841194.0,28437627.0,224689420.0,0.00819439562396841
2007-12-21,3.44,3.48,3.43,3.46,1723135.0,26517353.0,224689420.0,0.007668963674391077
2007-12-24,3.48,3.55,3.46,3.46,2174031.0,33955508.0,224689420.0,0.009675715928235518
2007-12-25,3.46,3.49,3.4,3.48,2575029.0,39528147.0,224689420.0,0.01146039275013483
2007-12-26,3.48,3.74,3.48,3.73,8403642.0,136522434.0,224689420.0,0.03740114688088118
2007-12-27,3.76,3.84,3.7,3.73,6917378.0,116021173.0,224689420.0,0.030786398398286844
2007-12-28,3.73,3.77,3.66,3.71,2294569.0,37894454.0,224689420.0,0.01021218088506348
2008-01-02,3.73,3.99,3.71,3.96,4486133.0,78092137.0,224689420.0,0.01996592896986427
2008-01-03,3.98,3.98,3.88,3.97,2620790.0,45970598.0,224689420.0,0.011664056100193769
2008-01-04,3.97,3.98,3.84,3.89,2235633.0,38589307.0,224689420.0,0.009949881040237675
2008-01-07,3.89,3.95,3.82,3.89,2732164.0,47270182.0,224689420.0,0.012159735870073456
2008-01-08,3.89,3.95,3.66,3.67,7766177.0,129141100.0,224689420.0,0.034564052904671703
2008-01-09,3.66,3.88,3.62,3.82,5142127.0,86033867.0,224689420.0,0.022885487888125753
2008-01-10,3.8,3.93,3.75,3.82,4221091.0,72501012.0,224689420.0,0.018786336268080624
2008-01-11,3.82,3.91,3.79,3.84,4514657.0,77249458.0,224689420.0,0.02009287753735801
2008-01-14,3.84,3.93,3.84,3.91,2580191.0,44835873.0,224689420.0,0.011483366684555062
2008-01-15,3.91,3.99,3.91,3.97,2929200.0,51600941.0,224689420.0,0.013036661895339799
2008-01-16,3.93,4.02,3.82,3.97,5629200.0,98505822.0,224689420.0,0.025053249058188856
2008-01-17,3.96,4.07,3.77,3.98,5815188.0,102650713.0,224689420.0,0.025881004989019955
2008-01-18,3.94,4.04,3.88,3.96,2345568.0,41053423.0,224689420.0,0.010439156414218347
2008-01-21,3.93,4.02,3.8,3.83,2765496.0,48468115.0,224689420.0,0.012308082863892745
2008-01-22,3.78,3.78,3.45,3.45,4516879.0,71482733.0,224689420.0,0.020102766743534253
2008-01-23,3.46,3.65,3.42,3.64,2387998.0,37958097.0,224689420.0,0.010627994856188601
2008-01-24,3.71,3.87,3.64,3.83,2489003.0,42157630.0,224689420.0,0.011077526480775108
2008-01-25,3.83,3.93,3.78,3.81,2062213.0,35320610.0,224689420.0,0.009178060097355719
2008-01-28,3.82,3.86,3.57,3.6,2166993.0,35634195.0,224689420.0,0.009644392691031024
2008-01-29,3.64,3.81,3.64,3.67,1296943.0,21292585.0,224689420.0,0.005772158742498868
2008-01-30,3.77,3.79,3.57,3.57,2179566.0,35501339.0,224689420.0,0.009700349931919358
2008-01-31,3.6,3.61,3.48,3.48,2832262.0,44388586.0,224689420.0,0.012605230811490812
2008-02-01,3.51,3.55,3.16,3.37,1513073.0,22478395.0,224689420.0,0.006734064291945744
2008-02-04,3.42,3.7,3.42,3.69,1076240.0,17284452.0,224689420.0,0.004789900654868395
2008-02-05,3.68,3.71,3.57,3.6,895449.0,14382749.0,224689420.0,0.003985274429031861
2008-02-13,3.6,3.69,3.54,3.62,448312.0,7242609.0,224689420.0,0.0019952519348708096
2008-02-14,3.65,3.78,3.65,3.76,842155.0,13976379.0,224689420.0,0.003748084800788573
2008-02-15,3.78,3.84,3.69,3.76,853902.0,14327953.0,224689420.0,0.0038003658561226424
2008-02-18,3.77,3.95,3.77,3.9,2003105.0,34620135.0,224689420.0,0.008914994751421762
2008-02-19,3.93,3.98,3.86,3.89,2577041.0,44974501.0,224689420.0,0.011469347332865072
2008-02-20,3.92,3.92,3.84,3.86,1730152.0,29789836.0,224689420.0,0.007700193449250971
2008-02-21,3.86,3.92,3.78,3.87,2104920.0,36078341.0,224689420.0,0.009368131352157125
2008-02-22,3.84,3.87,3.6,3.73,1950674.0,32374444.0,224689420.0,0.008681645980482749
2008-02-25,3.74,3.74,3.57,3.57,1636664.0,26462042.0,224689420.0,0.007284116893443403
2008-02-26,3.66,3.73,3.48,3.6,1285955.0,20745716.0,224689420.0,0.00572325568333391
2008-02-27,3.6,3.66,3.6,3.62,642679.0,10380092.0,224689420.0,0.0028602993411972846
2008-02-28,3.62,3.66,3.54,3.64,977422.0,15628209.0,224689420.0,0.004350102465883797
2008-02-29,3.62,3.69,3.61,3.64,955991.0,15523186.0,224689420.0,0.004254721917925641
2008-03-03,3.63,3.83,3.58,3.8,2428949.0,40804064.0,224689420.0,0.010810250878746316
2008-03-04,3.82,3.9,3.8,3.88,2936447.0,50469572.0,224689420.0,0.013068915305402454
2008-03-05,3.88,3.99,3.83,3.94,3555822.0,62123696.0,224689420.0,0.015825498147620836
2008-03-06,3.95,4.06,3.9,3.97,3701492.0,65781320.0,224689420.0,0.016473815277995733
2008-03-07,3.97,4.0,3.8,3.81,3237172.0,55793091.0,224689420.0,0.014407318333012743
2008-03-10,3.82,3.86,3.73,3.82,1186715.0,20025879.0,224689420.0,0.005281579346281636
2008-03-11,3.74,3.87,3.74,3.84,992503.0,16825494.0,224689420.0,0.004417221781070065
2008-03-12,3.93,3.93,3.75,3.77,1159566.0,19902663.0,224689420.0,0.00516075033706527
2008-03-13,3.71,3.74,3.58,3.64,1151160.0,18727317.0,224689420.0,0.005123338695698266
2008-03-14,3.64,3.7,3.46,3.51,2043828.0,32408594.0,224689420.0,0.009096236039952393
2008-03-17,3.51,3.57,3.16,3.16,1231049.0,18453142.0,224689420.0,0.005478891707495618
2008-03-18,2.99,3.19,2.92,2.99,3470305.0,47374313.0,224689420.0,0.015444897227470701
2008-03-19,3.06,3.27,3.01,3.19,1486030.0,20815908.0,224689420.0,0.006613707045040216
2008-03-20,3.08,3.49,3.08,3.4,1480679.0,21829384.0,224689420.0,0.006589891949518584
2008-03-21,3.38,3.71,3.35,3.56,1390113.0,21840565.0,224689420.0,0.006186820011373923
2008-03-24,3.57,3.71,3.53,3.59,2172019.0,35177002.0,224689420.0,0.009666761345505275
2008-03-25,3.55,3.71,3.48,3.56,1995511.0,32062185.0,224689420.0,0.00888119698737929
2008-03-26,3.63,3.72,3.62,3.66,780460.0,12757059.0,224689420.0,0.003473505784117472
2008-03-27,3.66,3.66,3.48,3.49,1997623.0,31840908.0,224689420.0,0.00889059662889334
2008-03-28,3.55,3.57,3.29,3.48,1913736.0,29421766.0,224689420.0,0.008517250166919297
2008-03-31,3.47,3.52,3.21,3.22,2092714.0,31704163.0,224689420.0,0.00931380747700537
2008-04-01,3.15,3.25,2.92,2.92,2420243.0,32851118.0,224689420.0,0.010771504061027885
2008-04-02,2.91,3.07,2.71,2.9,1635749.0,21352101.0,224689420.0,0.007280044605571549
2008-04-03,2.9,3.18,2.81,3.18,1431812.0,19488616.0,224689420.0,0.006372405073634531
2008-04-07,3.19,3.47,3.15,3.47,1276127.0,19163974.0,224689420.0,0.0056795153060611395
2008-04-08,3.44,3.61,3.39,3.45,1490251.0,23462440.0,224689420.0,0.006632492976304804
2008-04-09,3.44,3.56,3.27,3.27,1390355.0,21199843.0,224689420.0,0.006187897053630741
2008-04-10,3.22,3.45,3.15,3.44,821181.0,12226492.0,224689420.0,0.0036547381714724264
2008-04-11,3.48,3.52,3.4,3.45,477371.0,7348327.0,224689420.0,0.002124581566857932
2008-04-14,3.45,3.45,3.26,3.28,689063.0,10266918.0,224689420.0,0.003066735407479355
2008-04-16,3.38,3.4,3.08,3.19,3455930.0,48959057.0,224689420.0,0.015380920027298125
2008-04-17,3.17,3.25,2.9,3.03,3305888.0,44943020.0,224689420.0,0.01471314492689509
2008-04-18,2.95,3.18,2.86,3.05,2567244.0,35219534.0,224689420.0,0.011425744923815283
2008-04-21,3.26,3.33,2.92,2.99,1640170.0,22726795.0,224689420.0,0.007299720654403754
2008-04-22,2.92,3.06,2.86,2.92,2491795.0,32347161.0,224689420.0,0.01108995252201906
2008-04-23,2.92,3.08,2.9,3.01,2457864.0,32696887.0,224689420.0,0.010938939626084753
2008-04-25,3.31,3.31,3.13,3.26,9674788.0,138396379.0,224689420.0,0.043058493808920774
2008-04-28,3.19,3.23,3.15,3.18,4069060.0,57703411.0,224689420.0,0.018109708948467623
2008-04-29,3.19,3.27,3.13,3.15,3117051.0,44233741.0,224689420.0,0.013872709271313264
2008-04-30,3.18,3.28,3.14,3.27,4859333.0,69529983.0,224689420.0,0.021626888351040294
2008-05-05,3.28,3.44,3.25,3.4,4397944.0,65619112.0,224689420.0,0.019573436079010752
2008-05-06,3.39,3.45,3.31,3.39,3649590.0,54943740.0,224689420.0,0.016242820868023068
2008-05-07,3.37,3.52,3.22,3.22,4256962.0,64342919.0,224689420.0,0.018945983304420832
2008-05-08,3.19,3.36,3.19,3.35,3045762.0,44663817.0,224689420.0,0.013555431314923507
2008-05-09,3.37,3.53,3.33,3.5,5289283.0,81068830.0,224689420.0,0.023540418592028052
2008-05-12,3.44,3.8,3.41,3.72,9346275.0,151619485.0,224689420.0,0.04159641784646558
2008-05-13,3.69,4.09,3.65,4.07,13063021.0,227413085.0,224689420.0,0.05813812239134357
2008-05-14,4.07,4.16,3.8,3.89,11202057.0,195970482.0,224689420.0,0.04985573864581608
2008-05-15,3.87,3.92,3.75,3.78,6104730.0,103252784.0,224689420.0,0.02716963709283686
2008-05-16,3.78,3.84,3.63,3.71,3463861.0,57506960.0,224689420.0,0.015416217639442035
2008-05-19,3.72,3.83,3.71,3.71,2459026.0,41244776.0,224689420.0,0.010944111209152617
2008-05-20,3.71,3.72,3.39,3.42,3766603.0,59731077.0,224689420.0,0.016763597502721758
2008-05-21,3.37,3.59,3.26,3.54,4115929.0,63188876.0,224689420.0,0.01831830354985117
2008-05-22,3.51,3.54,3.35,3.41,4530818.0,69658757.0,224689420.0,0.02016480348740942
2008-05-23,3.38,3.41,3.26,3.31,3092588.0,45796530.0,224689420.0,0.013763834541030013
2008-05-26,3.26,3.48,3.26,3.42,2789818.0,42404763.0,224689420.0,0.012416330061290825
2008-05-27,3.42,3.56,3.4,3.51,3593712.0,56135911.0,224689420.0,0.015994130920806152
2008-05-28,3.53,3.6,3.45,3.59,2442593.0,38499742.0,224689420.0,0.010870974699209246
2008-05-29,3.59,3.64,3.47,3.48,1516646.0,23952900.0,224689420.0,0.006749966242291248
2008-05-30,3.48,3.57,3.4,3.46,890252.0,13762101.0,224689420.0,0.003962144724037295
2008-06-02,3.43,3.55,3.41,3.49,1051610.0,16406051.0,224689420.0,0.0046802826764161835
2008-06-03,3.49,3.56,3.42,3.53,1419100.0,22115495.0,224689420.0,0.006315829201036702
2008-06-04,3.51,3.55,3.44,3.45,1556245.0,24157890.0,224689420.0,0.006926205070091862
2008-06-05,3.41,3.47,3.31,3.31,1609085.0,24162595.0,224689420.0,0.007161374131456657
2008-06-06,3.28,3.35,3.16,3.21,1539013.0,22014756.0,224689420.0,0.006849512540465857
2008-06-10,3.04,3.12,2.89,2.89,2680445.0,35050406.0,224689420.0,0.011929555917675163
2008-06-11,2.88,3.02,2.88,2.97,1951332.0,25731489.0,224689420.0,0.008684574467280213
2008-06-12,2.96,3.06,2.95,2.99,1355570.0,18006298.0,224689420.0,0.006033083355682702
2008-06-13,3.01,3.05,2.9,2.95,853211.0,11261618.0,224689420.0,0.003797290499926521
2008-06-16,2.99,3.0,2.81,3.0,1293060.0,16911060.0,224689420.0,0.005754877109923556
2008-06-17,2.95,3.02,2.71,2.78,1819949.0,22913418.0,224689420.0,0.00809984288534814
2008-06-18,2.72,2.96,2.65,2.92,1874442.0,23513781.0,224689420.0,0.0083423687684093
2008-06-19,2.87,2.88,2.63,2.63,1438866.0,17507625.0,224689420.0,0.006403799520244433
2008-06-20,2.55,2.77,2.46,2.63,1672123.0,19626393.0,224689420.0,0.007441930287594316
2008-06-23,2.52,2.69,2.52,2.62,1085336.0,12648157.0,224689420.0,0.004830383201843683
2008-06-24,2.6,2.75,2.6,2.75,1589908.0,19127883.0,224689420.0,0.007076025208485562
2008-06-25,2.75,2.91,2.7,2.9,1232192.0,15529211.0,224689420.0,0.005483978729394557
2008-06-26,2.85,2.93,2.82,2.87,802265.0,10284782.0,224689420.0,0.003570550851927073
2008-06-27,2.79,2.79,2.65,2.72,1323871.0,15979343.0,224689420.0,0.0058920041718030156
2008-06-30,2.66,2.75,2.63,2.74,1393987.0,16761893.0,224689420.0,0.0062040615886586915
2008-07-01,2.76,2.79,2.59,2.68,644526.0,7538969.0,224689420.0,0.002868519576934241
2008-07-02,2.63,2.75,2.63,2.7,483410.0,5819040.0,224689420.0,0.002151458666812171
2008-07-03,2.64,2.84,2.63,2.8,1597057.0,19744507.0,224689420.0,0.0071078424609400835
2008-07-04,2.8,2.87,2.74,2.83,1936416.0,24376530.0,224689420.0,0.008618189499087228
2008-07-07,2.86,3.03,2.86,2.97,850825.0,11172014.0,224689420.0,0.0037866713973448325
2008-07-08,3.03,3.1,2.91,3.03,2248456.0,29797692.0,224689420.0,0.010006950928085533
2008-07-09,3.04,3.08,2.97,3.04,1967904.0,26411307.0,224689420.0,0.008758329608933078
2008-07-10,3.01,3.05,2.97,3.04,927780.0,12470380.0,224689420.0,0.004129166384425221
2008-07-11,3.03,3.04,2.92,2.99,1105255.0,14627690.0,224689420.0,0.0049190344609906424
2008-07-14,2.96,3.07,2.92,2.96,3120716.0,41001119.0,224689420.0,0.013889020675739872
2008-07-15,2.97,3.0,2.91,2.92,1627192.0,21190029.0,224689420.0,0.007241960925440993
2008-07-16,2.92,2.92,2.64,2.7,826580.0,10086933.0,224689420.0,0.003678766895210286
2008-07-17,2.79,2.87,2.71,2.74,1864770.0,23331390.0,224689420.0,0.008299322682839273
2008-07-18,2.74,2.96,2.74,2.93,1304608.0,16475995.0,224689420.0,0.005806272498277845
2008-07-21,2.94,3.07,2.88,3.02,1551425.0,20796677.0,224689420.0,0.006904753236712258
2008-07-22,2.99,3.15,2.99,3.11,2576584.0,35557540.0,224689420.0,0.011467313414223064
2008-07-23,3.07,3.11,3.0,3.02,528961.0,7185893.0,224689420.0,0.002354187393425111
2008-07-24,3.0,3.11,3.0,3.05,868015.0,11820716.0,224689420.0,0.003863177002281638
2008-07-25,3.05,3.05,2.98,2.98,439540.0,5874491.0,224689420.0,0.0019562113783550645
2008-07-28,3.0,3.06,3.0,3.0,311493.0,4179156.0,224689420.0,0.001386326957450867
2008-07-29,3.0,3.05,2.95,2.99,838768.0,11181953.0,224689420.0,0.0037330106597809544
2008-07-30,3.0,3.02,2.89,2.91,664428.0,8661974.0,224689420.0,0.0029570951760879527
2008-07-31,2.9,2.92,2.83,2.83,365499.0,4640297.0,224689420.0,0.0016266854042348768
2008-08-01,2.83,2.94,2.8,2.91,372121.0,4759597.0,224689420.0,0.0016561571968987236
2008-08-04,2.9,2.97,2.87,2.88,484675.0,6319444.0,224689420.0,0.002157088660427358
2008-08-05,2.88,2.95,2.8,2.8,935550.0,11983068.0,224689420.0,0.004163747451927198
2008-08-06,2.92,2.92,2.79,2.82,243263.0,3067938.0,224689420.0,0.0010826633492578334
2008-08-07,2.77,2.88,2.7,2.81,249704.0,3104244.0,224689420.0,0.0011113295855229854
2008-08-08,2.84,2.84,2.65,2.68,417765.0,5025842.0,224689420.0,0.001859299828180606
2008-08-11,2.68,2.68,2.44,2.45,740343.0,8306357.0,224689420.0,0.0032949615518167255
2008-08-12,2.46,2.55,2.29,2.44,761277.0,8294462.0,224689420.0,0.0033881301576193486
2008-08-13,2.41,2.46,2.35,2.43,548634.0,5925946.0,224689420.0,0.0024417438079638995
2008-08-15,2.43,2.46,2.34,2.36,1171102.0,12388992.0,224689420.0,0.005212092318365502
2008-08-18,2.33,2.36,2.12,2.12,2505100.0,24798003.0,224689420.0,0.011149167593204877
2008-08-19,2.07,2.17,2.04,2.12,1948720.0,18533565.0,224689420.0,0.008672949531847116
2008-08-20,2.1,2.29,2.05,2.29,3650726.0,35965278.0,224689420.0,0.016247876735807142
2008-08-21,2.25,2.27,2.06,2.08,1450366.0,13990015.0,224689420.0,0.006454981280382494
2008-08-22,2.07,2.1,1.96,1.97,980992.0,8787247.0,224689420.0,0.004365991064465786
2008-08-25,1.98,2.03,1.97,1.97,1054700.0,9315067.0,224689420.0,0.004694034992835889
2008-08-26,1.95,1.96,1.87,1.93,1513502.0,12861998.0,224689420.0,0.006735973594128286
2008-08-27,1.91,1.95,1.87,1.92,956633.0,8081393.0,224689420.0,0.004257579195317697
2008-08-28,1.91,2.0,1.9,2.0,849138.0,7461435.0,224689420.0,0.003779163255661971
2008-08-29,2.0,2.06,1.97,2.0,888895.0,7990019.0,224689420.0,0.0039561052763410045
2008-09-01,1.94,2.08,1.94,2.07,1649555.0,15029610.0,224689420.0,0.00734148942126425
2008-09-02,2.06,2.11,2.02,2.09,622792.0,5756434.0,224689420.0,0.0027717905008611443
2008-09-03,2.09,2.09,1.95,2.07,817619.0,7317486.0,224689420.0,0.0036388851775931417
2008-09-04,2.0,2.06,1.98,2.03,180245.0,1627943.0,224689420.0,0.0008021962048769363
2008-09-05,1.98,2.02,1.96,2.0,301929.0,2682054.0,224689420.0,0.0013437615353673528
2008-09-08,2.02,2.02,1.84,1.86,804139.0,6773931.0,224689420.0,0.0035788912535356585
2008-09-09,1.86,1.96,1.81,1.89,358934.0,3036449.0,224689420.0,0.0015974672950778012
2008-09-10,1.89,1.95,1.87,1.89,155121.0,1312144.0,224689420.0,0.0006903796360327068
2008-09-11,1.93,1.95,1.89,1.92,485106.0,4171347.0,224689420.0,0.002159006863785576
2008-09-12,1.92,1.99,1.89,1.99,425624.0,3713596.0,224689420.0,0.0018942769980001728
2008-09-16,1.99,2.09,1.94,2.09,1775938.0,16289194.0,224689420.0,0.007903968064005862
2008-09-17,2.09,2.09,2.01,2.01,1005605.0,9230494.0,224689420.0,0.00447553338292475
2008-09-18,1.95,2.12,1.95,2.07,1407310.0,12700523.0,224689420.0,0.006263356770425594
2008-09-19,2.28,2.28,2.23,2.28,1876637.0,18998801.0,224689420.0,0.008352137808713913
2008-09-22,2.38,2.5,2.25,2.29,2094817.0,21999404.0,224689420.0,0.009323167063228879
2008-09-23,2.24,2.24,2.08,2.12,1117131.0,10590946.0,224689420.0,0.004971889642155825
2008-09-24,2.07,2.13,2.06,2.13,601581.0,5620008.0,224689420.0,0.0026773890822273695
2008-09-25,2.17,2.19,2.12,2.14,662846.0,6355587.0,224689420.0,0.0029500543461280907
2008-09-26,2.17,2.19,2.09,2.14,423729.0,4035541.0,224689420.0,0.001885843134046988
2008-10-06,2.19,2.19,2.11,2.14,359101.0,3420073.0,224689420.0,0.0015982105432467625
2008-10-07,2.11,2.22,2.05,2.2,708758.0,6799508.0,224689420.0,0.003154389734950582
2008-10-08,2.2,2.24,2.14,2.21,924488.0,9053537.0,224689420.0,0.004114515049262222
2008-10-09,2.23,2.26,2.09,2.14,743710.0,7154164.0,224689420.0,0.003309946681067582
2008-10-10,2.07,2.15,1.93,1.93,3273971.0,28982049.0,224689420.0,0.014571095514866699
2008-10-13,1.85,1.92,1.85,1.87,2619694.0,21811450.0,224689420.0,0.011659178255923221
2008-10-14,1.96,1.96,1.88,1.91,1544265.0,13099894.0,224689420.0,0.006872887027791518
2008-10-15,1.92,2.02,1.87,1.98,1982314.0,17422268.0,224689420.0,0.008822462579679986
2008-10-16,1.92,1.94,1.87,1.87,336549.0,2827682.0,224689420.0,0.0014978408863221063
2008-10-17,1.91,1.91,1.82,1.88,357974.0,2937742.0,224689420.0,0.0015931947307532327
2008-10-20,1.85,1.9,1.84,1.88,603361.0,5019061.0,224689420.0,0.002685311128579174
2008-10-21,1.89,1.92,1.87,1.89,395424.0,3331318.0,224689420.0,0.001759869245289787
2008-10-22,1.82,1.9,1.82,1.84,328030.0,2723420.0,224689420.0,0.0014599263285293984
2008-10-23,1.77,1.84,1.77,1.84,183351.0,1474822.0,224689420.0,0.0008160197307020508
2008-10-24,1.81,1.86,1.81,1.82,182610.0,1487456.0,224689420.0,0.0008127218451140245
2008-10-27,1.82,1.82,1.64,1.64,365124.0,2766062.0,224689420.0,0.001625016433795592
2008-10-28,1.64,1.7,1.59,1.68,445861.0,3290926.0,224689420.0,0.0019843435440796454
2008-10-29,1.73,1.73,1.51,1.54,648414.0,4630753.0,224689420.0,0.002885823462448744
2008-10-30,1.54,1.56,1.5,1.54,324016.0,2220944.0,224689420.0,0.0014420616689472963
2008-10-31,1.55,1.56,1.5,1.51,228214.0,1544820.0,224689420.0,0.001015686452882383
2008-11-03,1.48,1.51,1.48,1.5,166568.0,1111079.0,224689420.0,0.0007413255150153488
2008-11-04,1.5,1.5,1.45,1.47,241800.0,1580074.0,224689420.0,0.0010761521392507044
2008-11-05,1.51,1.55,1.48,1.51,453057.0,3054166.0,224689420.0,0.0020163699741625575
2008-11-06,1.48,1.52,1.47,1.51,252845.0,1683745.0,224689420.0,0.0011253088819224333
2008-11-07,1.49,1.56,1.46,1.54,275012.0,1862002.0,224689420.0,0.001223965062529424
2008-11-10,1.56,1.65,1.56,1.63,2911495.0,20594422.0,224689420.0,0.012957864237666376
2008-11-11,1.61,1.61,1.56,1.57,2473190.0,17360612.0,224689420.0,0.011007149335291355
2008-11-12,1.54,1.58,1.5,1.54,2951791.0,20146244.0,224689420.0,0.01313720512519014
2008-11-13,1.52,1.65,1.51,1.63,4811146.0,34160492.0,224689420.0,0.021412427874886144
2008-11-14,1.64,1.75,1.61,1.72,7787417.0,57979920.0,224689420.0,0.034658583390352785
2008-11-17,1.69,1.82,1.67,1.8,8187277.0,63348316.0,224689420.0,0.03643819544329235
2008-11-18,1.78,1.79,1.62,1.62,4874229.0,37039524.0,224689420.0,0.021693184307476517
2008-11-19,1.63,1.74,1.63,1.73,4385839.0,33293478.0,224689420.0,0.019519561713230646
2008-11-20,1.71,1.8,1.68,1.77,4013263.0,31449476.0,224689420.0,0.01786137949886559
2008-11-21,1.71,1.79,1.63,1.73,2773086.0,21070474.0,224689420.0,0.012341862825583865
2008-11-24,1.74,1.82,1.73,1.77,4377076.0,34771232.0,224689420.0,0.01948056121200544
2008-11-25,1.78,1.81,1.68,1.72,1509834.0,11582226.0,224689420.0,0.006719648837938164
2008-11-26,1.72,1.73,1.64,1.64,1016217.0,7588369.0,224689420.0,0.004522763021062585
2008-11-27,1.75,1.79,1.67,1.68,3298975.0,25256894.0,224689420.0,0.014682378013170358
2008-11-28,1.67,1.71,1.67,1.69,1659773.0,12466781.0,224689420.0,0.007386965527793877
2008-12-01,1.71,1.85,1.69,1.85,6914459.0,56313752.0,224689420.0,0.030773407132387454
2008-12-02,1.82,2.03,1.8,1.98,11016904.0,95398552.0,224689420.0,0.04903169895582978
2008-12-03,1.99,2.05,1.96,2.0,4291488.0,38308112.0,224689420.0,0.019099644300118804
2008-12-04,2.0,2.05,1.97,2.01,3599621.0,32176798.0,224689420.0,0.016020429444341438
2008-12-05,2.0,2.12,1.98,2.11,2484570.0,23050026.0,224689420.0,0.011057797024888844
2008-12-08,2.2,2.2,2.07,2.12,5049869.0,47184396.0,224689420.0,0.022474885555359037
2008-12-09,2.11,2.12,1.99,2.02,4080048.0,36975764.0,224689420.0,0.01815861200763258
2008-12-10,1.99,2.1,1.99,2.08,3558514.0,32752948.0,224689420.0,0.01583747913008098
2008-12-11,2.08,2.17,2.08,2.14,6219541.0,59199344.0,224689420.0,0.02768061353311607
2008-12-12,2.13,2.15,2.0,2.05,2528518.0,23737004.0,224689420.0,0.011253391459197322
2008-12-15,2.07,2.14,2.05,2.14,2000801.0,18734682.0,224689420.0,0.008904740597042798
2008-12-16,2.14,2.36,2.14,2.33,4574760.0,46148276.0,224689420.0,0.02036037121819087
2008-12-17,2.33,2.38,2.27,2.33,2867148.0,29811456.0,224689420.0,0.012760494018810499
2008-12-18,2.25,2.34,2.25,2.34,1656982.0,16999816.0,224689420.0,0.007374543937137761
2008-12-19,2.31,2.45,2.3,2.39,2123847.0,22399598.0,224689420.0,0.009452367628168696
2008-12-22,2.39,2.45,2.36,2.42,1616253.0,17374422.0,224689420.0,0.007193275945080102
2008-12-23,2.41,2.41,2.26,2.32,2484714.0,25492086.0,224689420.0,0.01105843790953753
2008-12-24,2.29,2.36,2.21,2.28,2189094.0,22366026.0,224689420.0,0.0097427551328407
2008-12-25,2.33,2.33,2.21,2.21,832100.0,8332086.0,224689420.0,0.0037033341400765554
2008-12-26,2.2,2.3,2.2,2.24,778807.0,7858266.0,224689420.0,0.0034661489624211055
2008-12-29,2.24,2.38,2.21,2.37,1118458.0,11475839.0,224689420.0,0.004977795572216974
2008-12-30,2.36,2.45,2.33,2.45,2266825.0,24089024.0,224689420.0,0.010088703776083448
2008-12-31,2.45,2.46,2.38,2.42,1937228.0,20850850.0,224689420.0,0.00862180337641176
2009-01-05,2.43,2.45,2.32,2.41,1917611.0,20252174.0,224689420.0,0.008534496194791904
2009-01-06,2.4,2.52,2.36,2.51,2058784.0,22601946.0,246392419.99999997,0.00835571159210174
2009-01-07,2.55,2.55,2.48,2.51,1470761.0,16378028.0,246392419.99999997,0.005969181194778639
2009-01-08,2.5,2.51,2.42,2.47,2504452.0,27552730.0,246392419.99999997,0.010164484767834986
2009-01-09,2.47,2.59,2.47,2.52,1222540.0,13710611.0,246392419.99999997,0.004961759781408861
2009-01-12,2.49,2.59,2.49,2.53,3109230.0,35026784.0,246392419.99999997,0.012619016445392275
2009-01-13,2.5,2.61,2.47,2.5,1505283.0,17120262.0,246392419.99999997,0.006109291024456029
2009-01-14,2.49,2.54,2.49,2.53,782520.0,8731945.0,246392419.99999997,0.00317590938877097
2009-01-15,2.5,2.54,2.45,2.47,1721240.0,18947866.0,246392419.99999997,0.0069857668511068656
2009-01-16,2.47,2.49,2.42,2.44,2090351.0,22753812.0,246392419.99999997,0.00848382835803147
2009-01-19,2.44,2.47,2.37,2.43,2682746.0,28753114.0,246392419.99999997,0.010888102807708128
2009-01-20,2.4,2.43,2.34,2.39,2761914.0,29058600.0,246392419.99999997,0.011209411393418679
2009-01-21,2.36,2.42,2.35,2.38,2396950.0,25438334.0,246392419.99999997,0.009728180761404918
2009-01-22,2.45,2.5,2.41,2.43,5771541.0,62646584.0,246392419.99999997,0.023424182448469805
2009-01-23,2.42,2.44,2.3,2.32,3340122.0,34940364.0,246392419.99999997,0.013556106961407337
2009-02-02,2.35,2.42,2.32,2.42,1981767.0,20867970.0,246392419.99999997,0.008043132982743544
2009-02-03,2.45,2.45,2.39,2.44,1955001.0,21093790.0,246392419.99999997,0.007934501394158149
2009-02-04,2.45,2.47,2.41,2.47,2458912.0,26671058.0,246392419.99999997,0.009979657653429437
2009-02-05,2.47,2.47,2.37,2.39,2753089.0,29735332.0,246392419.99999997,0.011173594544832185
2009-02-06,2.37,2.45,2.37,2.44,4460354.0,47656484.0,246392419.99999997,0.01810264293033041
2009-02-09,2.45,2.57,2.41,2.54,12767293.0,141038848.0,246392419.99999997,0.05181690654282304
2009-02-10,2.54,2.6,2.49,2.57,6915727.0,78314960.0,246392419.99999997,0.028067937317227537
2009-02-11,2.54,2.62,2.51,2.55,7757709.0,88494200.0,246392419.99999997,0.03148517718199286
2009-02-12,2.54,2.59,2.47,2.56,5008847.0,56498952.0,246392419.99999997,0.020328738197384483
2009-02-13,2.59,2.66,2.59,2.62,8854078.0,103315344.0,246392419.99999997,0.03593486358062477
2009-02-16,2.66,2.67,2.5,2.57,9662522.0,110387624.0,246392419.99999997,0.03921598724506217
2009-02-17,2.56,2.59,2.42,2.42,8679534.0,95966096.0,246392419.99999997,0.035226465164796876
2009-02-18,2.42,2.46,2.36,2.37,5137679.0,54899356.0,246392419.99999997,0.02085161142538395
2009-02-19,2.36,2.4,2.36,2.39,4431196.0,46853268.0,246392419.99999997,0.017984303250887346
2009-02-20,2.41,2.45,2.38,2.44,3698636.0,39645200.0,246392419.99999997,0.015011159840063263
2009-02-23,2.44,2.63,2.43,2.56,9219847.0,104375600.0,246392419.99999997,0.03741936135860024
2009-02-24,2.57,2.62,2.5,2.51,8405481.0,95867688.0,246392419.99999997,0.034114202863870575
2009-02-25,2.55,2.72,2.51,2.7,14248998.0,167109408.0,246392419.99999997,0.05783050468841534
2009-02-26,2.68,2.75,2.43,2.55,8133515.0,95277464.0,246392419.99999997,0.03301041079104625
2009-02-27,2.49,2.52,2.35,2.4,7747492.0,83996664.0,246392419.99999997,0.031443710808960766
2009-03-02,2.41,2.46,2.36,2.42,3487943.0,37553944.0,246392419.99999997,0.01415604830700555
2009-03-03,2.36,2.64,2.35,2.54,5808373.0,65795752.0,246392419.99999997,0.02357366756655907
2009-03-04,2.54,2.73,2.54,2.68,10326925.0,121984992.0,246392419.99999997,0.041912510944938974
2009-03-05,2.72,2.9,2.64,2.86,10782790.0,132241976.0,246392419.99999997,0.043762669322376074
2009-03-06,2.8,2.84,2.73,2.81,6282340.0,77878640.0,246392419.99999997,0.025497294113187415
2009-03-09,2.78,2.86,2.65,2.73,10300368.0,127675496.0,246392419.99999997,0.041804727596733704
2009-03-10,2.74,2.84,2.73,2.79,4184366.0,51879060.0,246392419.99999997,0.016982527303396753
2009-03-11,2.85,2.86,2.67,2.68,7050366.0,86229736.0,246392419.99999997,0.02861437864038188
2009-03-12,2.66,2.74,2.63,2.71,5076476.0,60640440.0,246392419.99999997,0.02060321498526619
2009-03-13,2.74,2.75,2.69,2.7,2504307.0,30265176.0,246392419.99999997,0.010163896275705237
2009-03-16,2.7,2.73,2.64,2.7,1792463.0,21359938.0,246392419.99999997,0.007274830126673541
2009-03-17,2.7,2.76,2.69,2.74,6443130.0,78272984.0,246392419.99999997,0.026149871006583728
2009-03-18,2.77,2.86,2.77,2.79,6641519.0,83322768.0,246392419.99999997,0.026955045938507366
2009-03-19,2.77,2.78,2.71,2.75,7321105.0,89027528.0,246392419.99999997,0.02971319085221859
2009-03-20,2.75,2.75,2.66,2.67,5523526.0,65893404.0,246392419.99999997,0.022417597099780914
2009-03-23,2.68,2.71,2.64,2.71,8011875.0,95142288.0,246392419.99999997,0.03251672677268238
2009-03-24,2.72,2.81,2.68,2.79,6891774.0,83934416.0,246392419.99999997,0.02797072247595929
2009-03-25,2.77,2.77,2.67,2.69,4476965.0,54197992.0,246392419.99999997,0.018170059777001257
2009-03-26,2.68,2.73,2.65,2.72,3116633.0,37199452.0,246392419.99999997,0.01264906201254081
2009-03-27,2.72,2.73,2.62,2.64,6836850.0,80732032.0,246392419.99999997,0.0277478097743429
2009-03-30,2.64,2.7,2.63,2.66,4355326.0,51857376.0,246392419.99999997,0.017676379817203793
2009-03-31,2.63,2.65,2.58,2.65,4433753.0,51627596.0,246392419.99999997,0.017994681005203003
2009-04-01,2.65,2.68,2.62,2.68,6915448.0,81559880.0,246392419.99999997,0.028066804977198573
2009-04-02,2.69,2.69,2.64,2.68,7326904.0,86821664.0,246392419.99999997,0.02973672647884217
2009-04-03,2.67,2.72,2.61,2.69,8562153.0,101711528.0,246392419.99999997,0.034750066580781995
2009-04-07,2.74,2.8,2.72,2.74,15203766.0,186629152.0,246392419.99999997,0.06170549402453209
2009-04-08,2.73,2.76,2.61,2.61,7112324.0,85131440.0,246392419.99999997,0.02886583929814075
2009-04-09,2.6,2.63,2.52,2.58,3777787.0,43453048.0,246392419.99999997,0.015332399430144809
2009-04-10,2.59,2.67,2.59,2.65,4831613.0,56834480.0,246392419.99999997,0.019609422237908132
2009-04-13,2.68,2.68,2.63,2.64,6596862.0,77494368.0,246392419.99999997,0.02677380253824367
2009-04-14,2.63,2.75,2.62,2.73,7709725.0,92033560.0,246392419.99999997,0.03129043093127622
2009-04-15,2.72,2.82,2.69,2.79,13605681.0,167750496.0,246392419.99999997,0.055219559919903384
2009-04-16,2.8,2.83,2.71,2.76,8740449.0,107697864.0,246392419.99999997,0.035473692737787964
2009-04-17,2.75,2.79,2.72,2.74,7098719.0,86965888.0,246392419.99999997,0.028810622502104574
2009-04-20,2.74,2.81,2.72,2.81,6631946.0,81564672.0,246392419.99999997,0.026916193282244642
2009-04-21,2.8,2.88,2.77,2.86,9683081.0,122516232.0,246392419.99999997,0.03929942731192786
2009-04-22,2.9,2.9,2.65,2.66,6609953.0,81857984.0,246392419.99999997,0.026826933231144046
2009-04-23,2.62,2.74,2.62,2.7,4418287.0,52912788.0,246392419.99999997,0.017931911217073968
2009-04-24,2.74,2.76,2.7,2.72,3068733.0,37328980.0,246392419.99999997,0.012454656681402781
2009-04-27,2.73,2.8,2.66,2.68,3215487.0,39179100.0,246392419.99999997,0.013050267536639319
2009-04-28,2.67,2.87,2.67,2.87,7701982.0,95947264.0,246392419.99999997,0.03125900545154758
2009-04-29,2.87,2.89,2.75,2.81,6266944.0,78142016.0,246392419.99999997,0.025434808424707224
2009-04-30,2.83,2.87,2.78,2.82,7274582.0,91470056.0,246392419.99999997,0.02952437416702998
2009-05-04,2.85,2.95,2.83,2.93,6278326.0,80785936.0,246392419.99999997,0.025481003027609375
2009-05-05,2.92,2.92,2.85,2.87,5224748.0,66852424.0,246392419.99999997,0.021204986744316243
2009-05-06,2.86,2.87,2.78,2.81,6175056.0,77338960.0,246392419.99999997,0.025061874874235175
2009-05-07,2.83,2.84,2.74,2.74,5188498.0,63737836.0,246392419.99999997,0.021057863711878802
2009-05-08,2.77,2.79,2.68,2.72,9167651.0,111108576.0,246392419.99999997,0.03720752042615597
2009-05-11,2.74,2.83,2.71,2.75,6939126.0,85859552.0,246392419.99999997,0.028162903712703503
2009-05-12,2.75,2.78,2.7,2.76,2927541.0,35626828.0,246392419.99999997,0.011881619572550163
2009-05-13,2.76,2.77,2.67,2.72,5825675.0,70109536.0,246392419.99999997,0.023643888882620662
2009-05-14,2.72,2.8,2.72,2.74,7078381.0,86613328.0,246392419.99999997,0.028728079378415948
2009-05-15,2.76,2.79,2.72,2.78,4988008.0,61141440.0,246392419.99999997,0.02024416173192341
2009-05-18,2.77,2.8,2.71,2.75,2510223.0,30588194.0,246392419.99999997,0.010187906754599027
2009-05-19,2.76,2.77,2.73,2.75,3236259.0,39574720.0,246392419.99999997,0.013134572078150782
2009-05-20,2.75,2.76,2.69,2.69,4211051.0,50753524.0,246392419.99999997,0.01709083014810277
2009-05-21,2.69,2.7,2.6,2.64,3174494.0,37258020.0,246392419.99999997,0.01288389472370944
2009-05-22,2.63,2.64,2.6,2.64,1268058.0,14782652.0,246392419.99999997,0.005146497607353344
2009-05-25,2.59,2.61,2.57,2.6,2898186.0,33410082.0,246392419.99999997,0.011762480355523925
2009-05-26,2.6,2.67,2.6,2.62,1839730.0,21592490.0,246392419.99999997,0.00746666638527273
2009-05-27,2.63,2.7,2.62,2.68,2959470.0,35200644.0,246392419.99999997,0.012011205539521064
2009-06-01,2.7,2.72,2.65,2.65,3388845.0,40155332.0,246392419.99999997,0.013753852492702496
2009-06-02,2.66,2.7,2.64,2.66,2592999.0,30765136.0,246392419.99999997,0.010523858647924317
2009-06-03,2.66,2.68,2.58,2.67,4397251.0,51227752.0,246392419.99999997,0.017846535214029718
2009-06-04,2.65,2.67,2.61,2.64,2275429.0,26756868.0,246392419.99999997,0.009234979712444077
2009-06-05,2.64,2.65,2.57,2.63,4558746.0,52880020.0,246392419.99999997,0.018501973396746543
2009-06-08,2.63,2.69,2.61,2.69,4478312.0,53195512.0,246392419.99999997,0.018175526665958314
2009-06-09,2.68,2.71,2.61,2.7,3130598.0,37150732.0,246392419.99999997,0.012705739892485331
2009-06-10,2.7,2.78,2.69,2.76,7083110.0,86666256.0,246392419.99999997,0.028747272338978613
2009-06-11,2.75,2.78,2.73,2.77,3674255.0,45118972.0,246392419.99999997,0.014912207932370648
2009-06-12,2.77,2.84,2.7,2.72,5953403.0,74024136.0,246392419.99999997,0.024162281453301203
2009-06-15,2.74,2.78,2.7,2.77,2848605.0,34961816.0,246392419.99999997,0.011561252574247212
2009-06-16,2.76,2.81,2.74,2.77,3337288.0,41237244.0,246392419.99999997,0.013544604984195538
2009-06-17,2.78,2.87,2.77,2.81,6053655.0,76178552.0,246392419.99999997,0.024569160853243784
2009-06-18,2.82,2.87,2.79,2.83,3653270.0,46056048.0,246392419.99999997,0.014827038916213415
2009-06-19,2.84,3.1,2.82,2.94,11387689.0,149971712.0,246392419.99999997,0.046217692086469225
2009-06-22,2.94,2.95,2.85,2.86,4185408.0,53447884.0,246392419.99999997,0.01698675632959813
2009-06-23,2.84,2.84,2.78,2.81,1924587.0,24054922.0,246392419.99999997,0.0078110641553015316
2009-06-24,2.8,2.88,2.8,2.84,1588467.0,20026412.0,246392419.99999997,0.006446898812877442
2009-06-25,2.84,2.87,2.8,2.82,1928720.0,24294774.0,246392419.99999997,0.007827838210282606
2009-06-26,2.82,2.9,2.78,2.89,4083697.0,51343204.0,246392419.99999997,0.016573955481260342
2009-06-29,2.84,2.97,2.84,2.89,4207234.0,54523040.0,246392419.99999997,0.01707533860010791
2009-07-01,2.88,2.9,2.76,2.79,5005457.0,62427220.0,246392419.99999997,0.020314979657247576
2009-07-02,2.8,2.84,2.72,2.76,6075767.0,74747088.0,246392419.99999997,0.024658903873747418
2009-07-03,2.77,2.79,2.72,2.77,6177332.0,75449712.0,246392419.99999997,0.02507111217138904
2009-07-06,2.78,2.78,2.73,2.74,5280746.0,64510952.0,246392419.99999997,0.021432258346259194
2009-07-07,2.74,2.79,2.73,2.77,5018264.0,61762372.0,246392419.99999997,0.020366957717286922
2009-07-08,2.77,2.8,2.74,2.8,2903961.0,35967572.0,246392419.99999997,0.011785918576553615
2009-07-09,2.82,2.9,2.82,2.86,9521173.0,120805728.0,246392419.99999997,0.038642312941282855
2009-07-10,2.88,2.88,2.81,2.85,7014383.0,88626656.0,246392419.99999997,0.028468339245176458
2009-07-13,2.84,2.96,2.84,2.89,7755186.0,100312776.0,246392419.99999997,0.031474937418935214
2009-07-14,2.91,2.97,2.87,2.97,7067815.0,92170920.0,246392419.99999997,0.028685196565706044
2009-07-15,2.97,3.01,2.93,2.95,6496537.0,85852952.0,246392419.99999997,0.026366626862953012
2009-07-16,2.95,3.04,2.89,3.03,8338835.0,110530792.0,246392419.99999997,0.03384371564677193
2009-07-17,3.0,3.03,2.92,2.95,3611169.0,47443040.0,246392419.99999997,0.014656169211698966
2009-07-20,2.95,3.04,2.93,3.0,4673691.0,61969384.0,246392419.99999997,0.018968485312981627
2009-07-21,3.02,3.02,2.92,2.93,4909011.0,64295788.0,246392419.99999997,0.019923547161069324
2009-07-22,2.91,2.97,2.88,2.92,3487079.0,45448304.0,246392419.99999997,0.014152541705625524
2009-07-23,2.92,2.95,2.9,2.95,2480933.0,32372500.0,246392419.99999997,0.010069031344389573
2009-07-24,2.97,2.97,2.88,2.89,5535279.0,71722672.0,246392419.99999997,0.022465297430821943
2009-07-27,2.9,2.94,2.87,2.91,6472876.0,83573504.0,246392419.99999997,0.026270597123077086
2009-07-28,2.89,2.93,2.89,2.93,4087712.0,53050272.0,246392419.99999997,0.016590250625404795
2009-07-29,2.94,3.0,2.7,2.84,6181942.0,80927790.0,246392419.99999997,0.025089822162548674
2009-07-30,2.85,2.95,2.81,2.88,4094740.0,52151444.0,246392419.99999997,0.016618774230148802
2009-07-31,2.86,2.97,2.84,2.96,6420133.0,83550928.0,246392419.99999997,0.026056536154805413
2009-08-03,2.98,2.98,2.91,2.95,6518101.0,85148832.0,246392419.99999997,0.02645414578906283
2009-08-04,2.96,3.05,2.88,3.05,10515742.0,139162864.0,246392419.99999997,0.042678837279166305
2009-08-05,3.03,3.13,3.01,3.1,9476792.0,129882152.0,246392419.99999997,0.0384621897053489
2009-08-06,3.04,3.09,2.96,3.02,4615703.0,62201216.0,246392419.99999997,0.018733137163878665
2009-08-07,3.02,3.07,2.99,3.0,5064463.0,68158144.0,246392419.99999997,0.02055445942695802
2009-08-10,3.04,3.19,3.0,3.17,10249748.0,142667024.0,246392419.99999997,0.04159928296495485
2009-08-11,3.19,3.24,3.11,3.21,5597284.0,79341168.0,246392419.99999997,0.022716948841202178
2009-08-12,3.21,3.21,3.01,3.06,3620531.0,50041452.0,246392419.99999997,0.014694165510448741
2009-08-13,3.06,3.12,3.02,3.08,3126877.0,42710880.0,246392419.99999997,0.012690637966866028
2009-08-14,3.06,3.07,2.85,2.86,3275818.0,42703484.0,246392419.99999997,0.013295124906845757
2009-08-17,2.86,2.94,2.68,2.74,4319789.0,53496020.0,246392419.99999997,0.017532150542618155
2009-08-19,2.81,2.88,2.65,2.69,2988723.0,37160084.0,246392419.99999997,0.01212993078277327
2009-08-20,2.69,2.94,2.69,2.91,5691860.0,71808736.0,246392419.99999997,0.023100791818189866
2009-08-21,2.91,3.03,2.86,2.99,4495469.0,59612864.0,246392419.99999997,0.018245159489890153
2009-08-24,3.02,3.15,2.97,3.14,6901552.0,94617176.0,246392419.99999997,0.028010407138336482
2009-08-25,3.12,3.2,3.02,3.16,8752802.0,122282304.0,246392419.99999997,0.03552382820867623
2009-08-26,3.13,3.25,3.08,3.22,7944086.0,114026248.0,246392419.99999997,0.03224160061417474
2009-08-27,3.24,3.38,3.19,3.22,7188151.0,105370744.0,246392419.99999997,0.029173588213468583
2009-08-28,3.19,3.25,3.03,3.06,3361311.0,46291984.0,246392419.99999997,0.013642103925112633
2009-08-31,3.0,3.06,2.89,2.9,3145988.0,41615192.0,246392419.99999997,0.012768201229567048
2009-09-01,2.85,2.99,2.84,2.91,4628110.0,60612508.0,246392419.99999997,0.018783491797353183
2009-09-02,2.9,3.01,2.81,3.01,2040611.0,26805472.0,246392419.99999997,0.008281955264695239
2009-09-03,3.01,3.14,2.95,3.13,3176683.0,43516076.0,246392419.99999997,0.012892778925585456
2009-09-04,3.15,3.19,3.06,3.18,3585248.0,49987908.0,246392419.99999997,0.014550967111731768
2009-09-07,3.18,3.37,3.15,3.24,5174187.0,75678488.0,246392419.99999997,0.020999781567955705
2009-09-08,3.22,3.28,3.18,3.24,2886463.0,41463048.0,246392419.99999997,0.01171490178147526
2009-09-09,3.24,3.24,3.13,3.17,3635680.0,51143568.0,246392419.99999997,0.014755648733025149
2009-09-10,3.15,3.19,3.12,3.17,2031290.0,28480632.0,246392419.99999997,0.008244125367168358
2009-09-11,3.16,3.32,3.15,3.31,5176557.0,75220928.0,246392419.99999997,0.021009400370352305
2009-09-14,3.33,3.46,3.26,3.4,5200051.0,78054728.0,246392419.99999997,0.021104752329637416
2009-09-15,3.4,3.45,3.35,3.36,4548901.0,68737432.0,246392419.99999997,0.01846201681041974
2009-09-16,3.35,3.37,3.26,3.31,3589314.0,52789636.0,246392419.99999997,0.014567469242763233
2009-09-17,3.31,3.45,3.28,3.44,3382344.0,51257908.0,246392419.99999997,0.013727467752457647
2009-09-18,3.44,3.46,3.3,3.35,2699954.0,40572068.0,246392419.99999997,0.010957942618526983
2009-09-21,3.34,3.48,3.25,3.48,3568106.0,53494988.0,246392419.99999997,0.014481395166296108
2009-09-22,3.48,3.63,3.34,3.35,5067781.0,79428256.0,246392419.99999997,0.020567925750313264
2009-09-23,3.35,3.56,3.31,3.38,5085575.0,77334480.0,246392419.99999997,0.02064014388104959
2009-09-24,3.34,3.42,3.19,3.29,2253749.0,33001760.0,246392419.99999997,0.009146989992630456
2009-09-25,3.29,3.42,3.26,3.42,1556817.0,23306276.0,246392419.99999997,0.00631844518593551
2009-09-28,3.4,3.56,3.37,3.38,3051665.0,47225552.0,246392419.99999997,0.012385385069881615
2009-09-29,3.38,3.48,3.26,3.45,1604032.0,23982282.0,246392419.99999997,0.006510070399081271
2009-09-30,3.45,3.64,3.45,3.46,2720973.0,42934896.0,246392419.99999997,0.011043249625942228
2009-10-09,3.5,3.64,3.46,3.62,3075967.0,49289488.0,246392419.99999997,0.012484016350827676
2009-10-12,3.62,3.7,3.56,3.67,2424102.0,39193832.0,246392419.99999997,0.009838378956625371
2009-10-13,3.67,3.69,3.56,3.63,2117531.0,34018796.0,246392419.99999997,0.008594140193111461
2009-10-14,3.66,3.82,3.66,3.71,4779104.0,79822080.0,246392419.99999997,0.019396310974176885
2009-10-15,3.72,3.78,3.65,3.69,1809748.0,29819396.0,246392419.99999997,0.0073449824471061255
2009-10-16,3.69,3.73,3.57,3.66,2763615.0,44603924.0,246392419.99999997,0.011216315014885606
2009-10-19,3.65,3.77,3.62,3.64,2773606.0,45339076.0,246392419.99999997,0.011256864151908571
2009-10-20,3.64,3.7,3.58,3.68,3734821.0,60124596.0,246392419.99999997,0.015158019065683922
2009-10-21,3.67,3.67,3.53,3.55,2859779.0,45603688.0,246392419.99999997,0.011606602995335653
2009-10-22,3.53,3.55,3.47,3.52,3154264.0,49240800.0,246392419.99999997,0.012801789925193317
2009-10-23,3.53,3.59,3.53,3.57,3823721.0,60554916.0,246392419.99999997,0.015518825619716712
2009-10-26,3.59,3.75,3.59,3.74,5888423.0,96549520.0,246392419.99999997,0.023898555807845067
2009-10-27,3.73,3.73,3.61,3.64,3586257.0,58342040.0,246392419.99999997,0.014555062205241543
2009-10-28,3.61,3.72,3.57,3.71,3592453.0,58628540.0,246392419.99999997,0.014580209082730713
2009-10-29,3.63,3.79,3.62,3.73,3790126.0,62767192.0,246392419.99999997,0.015382478081103308
2009-10-30,3.77,3.77,3.68,3.73,3966326.0,65863952.0,246392419.99999997,0.016097597482909582
2009-11-02,3.69,4.02,3.67,3.99,7983403.0,138791152.0,246392419.99999997,0.032401171269797996
2009-11-03,4.0,4.04,3.9,4.03,4649066.0,82055792.0,246392419.99999997,0.018868543115084468
2009-11-04,4.02,4.02,3.94,3.95,2102609.0,37032660.0,246392419.99999997,0.008533578265110591
2009-11-05,3.95,4.0,3.86,3.97,2552539.0,44607940.0,246392419.99999997,0.01035964905089207
2009-11-06,3.93,4.0,3.91,3.93,2657381.0,46758988.0,246392419.99999997,0.010785157270666038
2009-11-09,3.9,3.96,3.9,3.95,1258374.0,22022488.0,246392419.99999997,0.005107194450218883
2009-11-10,3.95,4.14,3.95,4.13,4109599.0,74201664.0,246392419.99999997,0.016679080468465713
2009-11-11,4.09,4.16,4.05,4.13,1538161.0,27956834.0,246392419.99999997,0.0062427285709519805
2009-11-12,4.13,4.14,4.05,4.05,1622017.0,29449104.0,246392419.99999997,0.0065830637160023036
2009-11-13,4.04,4.14,4.02,4.14,2024431.0,36574468.0,246392419.99999997,0.008216287660147988
2009-11-16,4.16,4.33,4.15,4.2,3670236.0,69265024.0,246392419.99999997,0.01489589655396055
2009-11-17,4.2,4.27,4.14,4.18,1548482.0,28872694.0,246392419.99999997,0.006284617034890928
2009-11-18,4.18,4.33,4.17,4.3,2162537.0,40928320.0,246392419.99999997,0.008776800033052966
2009-11-19,4.29,4.45,4.24,4.44,3389870.0,66095648.0,246392419.99999997,0.013758012523274866
2009-11-20,4.4,4.48,4.33,4.36,2599370.0,50855960.0,246392419.99999997,0.010549715774535598
2009-11-23,4.34,4.42,4.23,4.4,4222220.0,80777264.0,246392419.99999997,0.017136160276359152
2009-11-24,4.38,4.38,4.04,4.1,6088781.0,114217096.0,246392419.99999997,0.024711722057034063
2009-11-25,4.06,4.19,3.93,4.16,7302537.0,131282808.0,246392419.99999997,0.02963783139107932
2009-11-26,4.15,4.15,3.95,4.05,3737613.0,67019228.0,246392419.99999997,0.015169350583106414
2009-11-27,3.95,4.12,3.93,4.04,4080732.0,73803504.0,246392419.99999997,0.016561921831848563
2009-11-30,4.1,4.23,4.05,4.2,2692852.0,49470640.0,246392419.99999997,0.01092911867986848
2009-12-01,4.23,4.46,4.2,4.37,3558654.0,68789352.0,246392419.99999997,0.014443033596569246
2009-12-02,4.33,4.43,4.33,4.35,2464479.0,48076124.0,246392419.99999997,0.010002251692645417
2009-12-03,4.33,4.36,4.16,4.24,3382822.0,63869276.0,246392419.99999997,0.013729407747202615
2009-12-04,4.2,4.26,4.13,4.2,1682732.0,31403384.0,246392419.99999997,0.006829479575710975
2009-12-07,4.22,4.22,4.08,4.15,3544441.0,64994192.0,246392419.99999997,0.014385349192154532
2009-12-08,4.15,4.2,4.1,4.18,1984444.0,36598092.0,246392419.99999997,0.00805399776502865
2009-12-09,4.16,4.19,4.09,4.13,1154788.0,21317768.0,246392419.99999997,0.004686783789858471
2009-12-10,4.12,4.17,4.07,4.1,1902137.0,34660864.0,246392419.99999997,0.007719949339350619
2009-12-11,4.11,4.15,4.06,4.09,1438013.0,26141042.0,246392419.99999997,0.005836271261916256
2009-12-14,4.09,4.09,3.99,4.06,1448229.0,25914280.0,246392419.99999997,0.0058777335763819365
2009-12-15,4.07,4.16,4.07,4.15,3432303.0,62877676.0,246392419.99999997,0.01393022967183812
2009-12-16,4.15,4.2,4.1,4.14,1305826.0,24148210.0,246392419.99999997,0.005299781543604305
2009-12-17,4.14,4.16,3.82,3.87,3567357.0,62678192.0,246392419.99999997,0.01447835530005347
2009-12-18,3.82,3.88,3.78,3.81,3266079.0,55742140.0,246392419.99999997,0.013255598528558631
2009-12-21,3.8,3.94,3.8,3.88,1608961.0,27856686.0,246392419.99999997,0.006530075072926351
2009-12-22,3.89,3.99,3.87,3.94,2912142.0,51084960.0,246392419.99999997,0.011819121708370737
2009-12-23,3.93,4.04,3.89,4.02,4310162.0,76887248.0,246392419.99999997,0.017493078723769182
2009-12-24,3.98,4.19,3.98,4.15,4041630.0,74205488.0,246392419.99999997,0.016403223768003905
2009-12-25,4.11,4.28,4.11,4.24,3890195.0,73258424.0,246392419.99999997,0.01578861476339248
2009-12-28,4.22,4.25,4.13,4.2,2596371.0,48255872.0,246392419.99999997,0.010537544133865808
2009-12-29,4.17,4.2,4.14,4.19,1032078.0,19086396.0,246392419.99999997,0.004188757105433682
2009-12-30,4.19,4.2,4.05,4.09,2380662.0,43631528.0,246392419.99999997,0.009662074831685165
2009-12-31,4.1,4.16,4.07,4.14,2223623.0,40729900.0,246414694.00000003,0.009023905855224688
2010-01-04,4.09,4.17,4.09,4.11,1276301.0,23356488.0,246414694.00000003,0.005179484142289014
2010-01-05,4.12,4.24,4.1,4.24,2928822.0,54237296.0,246414694.00000003,0.0118857441188146
2010-01-06,4.22,4.28,4.18,4.19,1602315.0,30200375.0,246414694.00000003,0.006502514009980264
2010-01-07,4.21,4.21,3.96,3.97,2012548.0,36391196.0,246414694.00000003,0.008167321385469
2010-01-08,3.95,4.16,3.95,4.16,1517829.0,27179174.0,246414694.00000003,0.006159652962903259
2010-01-11,4.17,4.18,4.02,4.06,2391778.0,43162420.0,246414694.00000003,0.009706312400347358
2010-01-12,4.02,4.22,4.02,4.2,1792861.0,33260632.0,246414694.00000003,0.007275787701199344
2010-01-13,4.11,4.38,4.1,4.32,3320537.0,63646044.0,246414694.00000003,0.013475401755059298
2010-01-14,4.34,4.76,4.32,4.68,4730157.0,95503640.0,246414694.00000003,0.019195921002990186
2010-01-15,4.63,4.76,4.59,4.62,3287401.0,68159304.0,246414694.00000003,0.013340929254811403
2010-01-18,4.62,4.78,4.62,4.74,1844201.0,38664112.0,246414694.00000003,0.007484135666032967
2010-01-19,4.7,4.76,4.63,4.74,1956446.0,40766848.0,246414694.00000003,0.007939648274384157
2010-01-20,4.74,4.75,4.52,4.59,1868856.0,38313696.0,246414694.00000003,0.007584190575907782
2010-01-21,4.59,4.71,4.5,4.65,661798.0,13630279.0,246414694.00000003,0.0026857083449739402
2010-01-22,4.6,4.67,4.38,4.5,2063469.0,41454744.0,246414694.00000003,0.00837396896469169
2010-01-25,4.42,4.54,4.39,4.49,577900.0,11493674.0,246414694.00000003,0.0023452335192316086
2010-01-26,4.48,4.63,4.38,4.48,2240082.0,45142508.0,246414694.00000003,0.00909069976159782
2010-01-27,4.49,4.68,4.38,4.63,1346503.0,27393992.0,246414694.00000003,0.0054643778670114525
2010-01-28,4.67,4.67,4.45,4.63,1829126.0,37310004.0,246414694.00000003,0.007422958307835326
2010-01-29,4.58,4.91,4.5,4.81,2758017.0,58715052.0,246414694.00000003,0.011192583344887702
2010-02-01,4.8,5.05,4.65,4.7,4108255.0,88291640.0,246414694.00000003,0.016672118587213795
2010-02-02,4.7,4.75,4.6,4.66,1406669.0,29194470.0,246414694.00000003,0.0057085435010624805
2010-02-03,4.71,4.71,4.45,4.59,1446092.0,29250436.0,246414694.00000003,0.005868529901873465
2010-02-04,4.6,4.68,4.58,4.62,770495.0,15879760.0,246414694.00000003,0.003126822461326109
2010-02-05,4.56,4.68,4.5,4.56,752346.0,15311576.0,246414694.00000003,0.0030531701977155627
2010-02-08,4.49,4.62,4.49,4.52,242738.0,4914220.0,246414694.00000003,0.000985079242068251
2010-02-09,4.52,4.63,4.52,4.56,388708.0,7907227.0,246414694.00000003,0.0015774546302015574
2010-02-10,4.59,4.64,4.52,4.63,719063.0,14614875.0,246414694.00000003,0.002918101142133999
2010-02-11,4.65,4.69,4.61,4.62,523349.0,10813314.0,246414694.00000003,0.002123854675646899
2010-02-12,4.62,4.71,4.62,4.69,481728.0,10041487.0,246414694.00000003,0.0019549483522277285
2010-02-22,4.68,4.69,4.55,4.6,1414144.0,28888846.0,246414694.00000003,0.005738878542689503
2010-02-23,4.59,4.59,4.47,4.51,1969500.0,39458212.0,246414694.00000003,0.00799262401129374
2010-02-24,4.5,4.88,4.5,4.81,3810831.0,80886616.0,246414694.00000003,0.015465112644621751
2010-02-25,4.83,4.9,4.81,4.88,1477068.0,31949224.0,246414694.00000003,0.005994236691096026
2010-02-26,4.79,5.14,4.77,5.11,2354630.0,52782092.0,246414694.00000003,0.009555558403509816
2010-03-01,5.14,5.2,5.0,5.09,2446202.0,55098384.0,246414694.00000003,0.009927175852589374
2010-03-02,5.03,5.12,4.98,5.06,1666100.0,37268712.0,246414694.00000003,0.006761366268198275
2010-03-03,4.99,5.16,4.99,5.05,536680.0,12083038.0,246414694.00000003,0.0021779545338314926
2010-03-04,5.07,5.07,4.8,4.83,1293318.0,28490556.0,246414694.00000003,0.005248542524010357
2010-03-05,4.85,4.9,4.79,4.86,474224.0,10237884.0,246414694.00000003,0.0019244956228137919
2010-03-08,4.96,5.19,4.96,5.02,2008248.0,45219044.0,246414694.00000003,0.008149871127409308
2010-03-09,4.95,5.12,4.95,5.0,3690632.0,82824424.0,246414694.00000003,0.014977321117059681
2010-03-10,4.99,5.05,4.81,4.86,785579.0,17055770.0,246414694.00000003,0.003188036343319688
2010-03-11,4.85,4.86,4.7,4.72,1501005.0,31755550.0,246414694.00000003,0.006091377813694827
2010-03-12,4.71,4.82,4.71,4.79,2170244.0,46214712.0,246414694.00000003,0.008807283221511131
2010-03-15,4.79,4.8,4.59,4.69,1903329.0,39305756.0,246414694.00000003,0.007724088888952377
2010-03-16,4.7,4.72,4.61,4.66,311239.0,6467693.0,246414694.00000003,0.0012630699693582394
2010-03-17,4.71,4.8,4.68,4.77,1516597.0,32034574.0,246414694.00000003,0.00615465326105918
2010-03-18,4.81,4.81,4.74,4.74,596735.0,12654212.0,246414694.00000003,0.0024216697077326078
2010-03-19,4.73,4.81,4.73,4.81,627229.0,13334106.0,246414694.00000003,0.002545420444772664
2010-03-22,4.81,4.83,4.7,4.74,1068079.0,22509542.0,246414694.00000003,0.004334477715845954
2010-03-23,4.74,4.77,4.7,4.74,520832.0,10982882.0,246414694.00000003,0.0021136401873826562
2010-03-24,4.74,4.8,4.7,4.8,546124.0,11534633.0,246414694.00000003,0.0022162801703700346
2010-03-25,4.79,4.79,4.7,4.72,603200.0,12662745.0,246414694.00000003,0.0024479059678153767
2010-03-26,4.72,4.75,4.7,4.74,469798.0,9871761.0,246414694.00000003,0.0019065340316109555
2010-03-29,4.74,4.94,4.74,4.93,2007513.0,43587528.0,246414694.00000003,0.008146888350740965
2010-03-30,4.94,5.01,4.85,4.97,779533.0,17096244.0,246414694.00000003,0.0031635004688478517
2010-03-31,5.0,5.12,4.96,5.11,1922260.0,43043228.0,246414694.00000003,0.007800914664610057
2010-04-01,5.12,5.25,5.06,5.14,1535849.0,35106328.0,246414694.00000003,0.006232781718772014
2010-04-02,5.14,5.25,5.05,5.22,1990477.0,45604472.0,246414694.00000003,0.008077752863228196
2010-04-06,5.22,5.31,5.1,5.3,1602118.0,37190100.0,246414694.00000003,0.0065017145446691575
2010-04-07,5.3,5.3,5.17,5.3,1641089.0,38312416.0,246414694.00000003,0.0066598666392841
2010-04-08,5.25,5.4,5.19,5.28,3024132.0,71753472.0,246414694.00000003,0.012272531117807446
2010-04-09,5.28,5.3,5.17,5.26,2200313.0,51095756.0,246414694.00000003,0.008929309223742963
2010-04-12,5.19,5.55,5.19,5.51,2328606.0,55827644.0,246414694.00000003,0.009449947818452742
2010-04-13,5.51,5.68,5.33,5.64,3299141.0,81644400.0,246414694.00000003,0.01338857251751391
2010-04-14,5.62,5.77,5.52,5.74,2594590.0,65738372.0,246414694.00000003,0.010529363967231595
2010-04-15,5.74,5.77,5.65,5.75,815366.0,20775484.0,246414694.00000003,0.0033089179332787674
2010-04-16,5.75,5.83,5.62,5.65,1072382.0,27348172.0,246414694.00000003,0.0043519401485042925
2010-04-19,5.62,5.8,5.49,5.53,1907933.0,47884332.0,246414694.00000003,0.007742772839674893
2010-04-20,5.49,5.95,5.49,5.85,2899458.0,74935328.0,246414694.00000003,0.01176657914726465
2010-04-21,5.89,6.14,5.87,5.91,2528707.0,67426472.0,246414694.00000003,0.010261997606360275
2010-04-22,5.93,6.13,5.78,5.85,1974581.0,51869708.0,246414694.00000003,0.00801324372320102
2010-04-23,5.84,6.11,5.84,5.98,5312536.0,140454464.0,246414694.00000003,0.021559331198000714
2010-04-27,5.91,6.16,5.89,6.06,4328335.0,116996352.0,246414694.00000003,0.017565247143906115
2010-04-28,6.07,6.19,5.99,6.15,3315781.0,90489784.0,246414694.00000003,0.013456100958005368
2010-04-29,6.26,6.26,5.63,5.67,3316450.0,88569584.0,246414694.00000003,0.013458815893503492
2010-04-30,5.62,5.75,5.44,5.62,6908676.0,172218192.0,246414694.00000003,0.028036785825767352
2010-05-04,5.55,5.91,5.47,5.82,1835785.0,47539912.0,246414694.00000003,0.007449981858630556
2010-05-05,5.85,5.97,5.8,5.92,2156237.0,56232136.0,246414694.00000003,0.008750440020431573
2010-05-06,5.87,6.0,5.85,5.92,4662357.0,123379416.0,246414694.00000003,0.01892077507358388
2010-05-07,5.87,6.07,5.76,5.89,2641802.0,70042672.0,246414694.00000003,0.010720959684327914
2010-05-10,5.85,5.9,5.31,5.49,3401248.0,85422248.0,246414694.00000003,0.013802943098839712
2010-05-11,5.51,5.73,5.49,5.58,2457343.0,60806832.0,246414694.00000003,0.009972388253762171
2010-05-12,5.51,5.7,5.33,5.69,2868847.0,70222552.0,246414694.00000003,0.011642353600877387
2010-05-13,5.67,5.86,5.54,5.73,1106611.0,28213796.0,246414694.00000003,0.0044908482608589885
2010-05-14,5.8,6.15,5.76,6.09,3563109.0,95366552.0,246414694.00000003,0.014459807336002453
2010-05-17,6.0,6.16,5.65,6.03,2427317.0,64677820.0,246414694.00000003,0.009850536754110937
2010-05-18,5.93,6.02,5.69,5.83,2116065.0,54961660.0,246414694.00000003,0.008587414028158564
2010-05-19,5.83,5.85,5.49,5.75,647299.0,16505120.0,246414694.00000003,0.0026268685097163885
2010-05-20,5.71,5.81,5.65,5.71,337788.0,8603561.0,246414694.00000003,0.0013708111091784159
2010-05-21,5.6,5.73,5.46,5.68,1291098.0,32416928.0,246414694.00000003,0.005239533321012098
2010-05-24,5.62,5.99,5.62,5.95,1019721.0,26789932.0,246414694.00000003,0.00413823130206675
2010-05-25,5.95,6.14,5.85,6.08,2476076.0,66164464.0,246414694.00000003,0.010048410505909195
2010-05-26,6.03,6.12,5.96,6.04,1192734.0,32045278.0,246414694.00000003,0.004840352580597324
2010-05-27,5.98,6.36,5.98,6.25,2241859.0,61867828.0,246414694.00000003,0.009097911182195976
2010-05-28,6.32,6.46,6.21,6.38,1546375.0,43431756.0,246414694.00000003,0.00627549832722232
2010-05-31,6.37,6.48,6.19,6.19,2071963.0,57750796.0,246414694.00000003,0.008408439311658905
2010-06-01,6.12,6.19,5.88,6.1,1395945.0,36892252.0,246414694.00000003,0.005665023369101519
2010-06-02,6.09,6.19,5.89,6.07,816594.0,21473260.0,246414694.00000003,0.0033139014023246516
2010-06-03,6.05,6.18,6.0,6.08,1479809.0,39582548.0,246414694.00000003,0.006005360216059193
2010-06-04,6.05,6.05,5.91,6.01,866814.0,22774270.0,246414694.00000003,0.003517704183663657
2010-06-07,5.9,6.14,5.88,6.1,677811.0,17897370.0,246414694.00000003,0.002750692294348323
2010-06-08,6.03,6.29,6.03,6.28,969497.0,26441578.0,246414694.00000003,0.00393441228792955
2010-06-09,6.28,6.36,6.15,6.27,700689.0,19308132.0,246414694.00000003,0.002843535783624981
2010-06-10,6.27,6.36,6.25,6.3,449096.0,12425068.0,246414694.00000003,0.0018225211845524112
2010-06-11,6.3,6.35,6.0,6.02,1277345.0,34303604.0,246414694.00000003,0.005183720902617925
2010-06-17,6.02,6.06,5.59,5.6,3956483.0,100399216.0,246414694.00000003,0.01605619752529855
2010-06-18,5.6,5.6,5.23,5.35,2880136.0,67618224.0,246414694.00000003,0.011688166615583402
2010-06-21,5.24,5.56,5.23,5.46,2707659.0,64741120.0,246414694.00000003,0.010988220532010966
2010-06-22,5.49,5.62,5.38,5.57,2169401.0,52289872.0,246414694.00000003,0.008803862159291522
2010-06-23,5.54,5.79,5.43,5.57,4427392.0,109715552.0,246414694.00000003,0.017967240216608185
2010-06-24,5.57,5.64,5.55,5.57,617726.0,15184410.0,246414694.00000003,0.002506855374460745
2010-06-25,5.57,5.68,5.27,5.41,1478158.0,35343032.0,246414694.00000003,0.0059986601286041805
2010-06-28,5.3,5.51,5.3,5.51,2422322.0,58170816.0,246414694.00000003,0.009830266047364852
2010-06-29,5.5,5.51,5.29,5.3,898845.0,21125232.0,246414694.00000003,0.003647692373410166
2010-06-30,5.24,5.41,5.19,5.41,673611.0,15853674.0,246414694.00000003,0.0027336478562435076
2010-07-01,5.39,5.39,5.01,5.17,3132031.0,70338848.0,246414694.00000003,0.012710406790919698
2010-07-02,5.15,5.23,4.67,4.9,2908983.0,61361220.0,246414694.00000003,0.011805233497966642
2010-07-05,4.78,4.88,4.67,4.78,404884.0,8495094.0,246414694.00000003,0.001643100066102389
2010-07-06,4.69,5.13,4.69,5.06,1425751.0,31408772.0,246414694.00000003,0.005785982064852025
2010-07-07,5.06,5.23,5.01,5.21,561101.0,12705055.0,246414694.00000003,0.002277059825011896
2010-07-08,5.13,5.23,5.11,5.21,315896.0,7185604.0,246414694.00000003,0.0012819690046568407
2010-07-09,5.12,5.35,5.06,5.28,1905977.0,43858188.0,246414694.00000003,0.007734835001357508
2010-07-12,5.25,5.43,5.25,5.36,493334.0,11576445.0,246414694.00000003,0.0020020478161907013
2010-07-13,5.25,5.34,5.12,5.15,920859.0,21004900.0,246414694.00000003,0.003737029578276691
2010-07-14,5.17,5.23,5.05,5.06,465677.0,10528304.0,246414694.00000003,0.0018898101912704927
2010-07-15,5.23,5.23,5.05,5.08,552948.0,12508922.0,246414694.00000003,0.002243973324090811
2010-07-16,5.07,5.12,4.94,5.11,555498.0,12172996.0,246414694.00000003,0.0022543217329401627
2010-07-19,5.09,5.24,5.03,5.17,396516.0,8960494.0,246414694.00000003,0.001609141052278319
2010-07-20,5.11,5.39,5.11,5.33,716547.0,16678812.0,246414694.00000003,0.002907890712069305
2010-07-21,5.41,5.44,5.3,5.3,2025745.0,47939576.0,246414694.00000003,0.008220877444914058
2010-07-22,5.28,5.4,5.28,5.39,699454.0,16420240.0,246414694.00000003,0.0028385239071822554
2010-07-23,5.39,5.55,5.35,5.52,513417.0,12300194.0,246414694.00000003,0.00208354863772856
2010-07-26,5.53,5.57,5.42,5.56,405431.0,9823075.0,246414694.00000003,0.0016453199012555638
2010-07-27,5.51,5.59,5.51,5.56,1100988.0,26928624.0,246414694.00000003,0.00446802900479628
2010-07-28,5.57,5.62,5.51,5.57,2068944.0,50544040.0,246414694.00000003,0.008396187607221182
2010-07-29,5.57,5.73,5.55,5.57,1181113.0,29256614.0,246414694.00000003,0.004793192243641119
2010-07-30,5.57,5.57,5.48,5.53,517836.0,12503021.0,246414694.00000003,0.002101481821534555
2010-08-02,5.52,5.8,5.51,5.73,1464198.0,36748960.0,246414694.00000003,0.005942007662903414
2010-08-03,5.74,5.8,5.58,5.76,1167025.0,29387992.0,246414694.00000003,0.00473602032839811
2010-08-04,5.73,5.73,5.58,5.69,460699.0,11418365.0,246414694.00000003,0.001869608473916738
2010-08-05,5.65,5.86,5.64,5.78,1711941.0,43386308.0,246414694.00000003,0.006947398193713236
2010-08-06,5.78,5.82,5.7,5.8,1144938.0,29043360.0,246414694.00000003,0.004646386874964526
2010-08-09,5.81,5.88,5.71,5.8,514461.0,13139316.0,246414694.00000003,0.002087785398057471
2010-08-10,5.76,5.81,5.58,5.58,503343.0,12605362.0,246414694.00000003,0.0020426663354742958
2010-08-11,5.57,5.66,5.54,5.6,2241523.0,54940000.0,246414694.00000003,0.00909654762714759
2010-08-12,5.59,5.71,5.49,5.66,993601.0,24527068.0,246414694.00000003,0.0040322311298529945
2010-08-13,5.64,5.68,5.53,5.68,1389841.0,34261596.0,246414694.00000003,0.005640252119055854
2010-08-16,5.69,5.88,5.69,5.83,5367405.0,138190336.0,246414694.00000003,0.02178200054904193
2010-08-17,5.83,5.92,5.78,5.85,2122205.0,54444812.0,246414694.00000003,0.008612331373387983
2010-08-18,5.84,5.87,5.67,5.71,1659344.0,42063392.0,246414694.00000003,0.006733949072046815
2010-08-19,5.76,5.76,5.53,5.61,2963687.0,73360688.0,246414694.00000003,0.012027233246082313
2010-08-20,5.59,5.6,5.37,5.38,3581153.0,85897280.0,246414694.00000003,0.014533033488660379
2010-08-23,5.47,5.48,5.33,5.35,3288220.0,78008136.0,246414694.00000003,0.01334425292024184
2010-08-24,5.35,5.45,5.34,5.42,2414505.0,57577732.0,246414694.00000003,0.009798543101492153
2010-08-25,5.42,5.68,5.41,5.46,3148175.0,77211712.0,246414694.00000003,0.01277592236443497
2010-08-26,5.57,5.57,5.37,5.42,839452.0,20076500.0,246414694.00000003,0.0034066637276103343
2010-08-27,5.43,5.5,5.39,5.49,984236.0,23631568.0,246414694.00000003,0.003994226091078805
2010-08-30,5.51,6.03,5.51,6.03,8999090.0,234328224.0,246414694.00000003,0.03652010297730053
2010-08-31,6.02,6.46,5.92,6.36,5022111.0,136604368.0,246414694.00000003,0.02038072859405048
2010-09-01,6.3,6.41,6.1,6.13,4350076.0,119202704.0,246414694.00000003,0.017653476460295827
2010-09-02,6.16,6.75,6.08,6.43,3621663.0,102054680.0,279941422.0,0.012937217272547825
2010-09-06,6.33,6.53,6.13,6.26,2052094.0,56356592.0,279941422.0,0.007330440723416772
2010-09-07,6.26,6.27,6.01,6.17,1515524.0,40701056.0,279941422.0,0.0054137183028240814
2010-09-08,6.11,6.36,6.03,6.34,2700332.0,74104208.0,279941422.0,0.009646060881979801
2010-09-09,6.34,6.41,6.12,6.2,1481909.0,40619248.0,279941422.0,0.005293639610075282
2010-09-10,6.23,6.45,6.12,6.43,1752798.0,48713532.0,279941422.0,0.0062613027664051805
2010-09-13,6.43,6.45,6.25,6.35,3637165.0,101098712.0,279941422.0,0.012992593143289813
2010-09-14,6.41,6.48,6.18,6.28,3400332.0,93909240.0,279941422.0,0.012146584009278913
2010-09-15,6.23,6.41,6.21,6.31,1479737.0,41184576.0,279941422.0,0.005285880844028862
2010-09-16,6.26,6.26,6.03,6.1,873619.0,23544886.0,279941422.0,0.0031207207342113167
2010-09-17,6.1,6.2,6.0,6.14,2577538.0,68775720.0,279941422.0,0.009207419114988992
2010-09-20,6.18,6.6,6.15,6.42,3206180.0,89989960.0,279941422.0,0.011453038914691231
2010-09-21,6.39,6.63,5.86,6.6,2180111.0,62514200.0,279941422.0,0.00778773996511313
2010-09-27,6.63,6.94,6.38,6.89,3674216.0,108500304.0,279941422.0,0.013124945832417755
2010-09-28,6.83,7.09,6.6,6.69,2367670.0,71361560.0,279941422.0,0.00845773370401755
2010-09-29,6.69,6.78,6.47,6.48,1834688.0,52878960.0,279941422.0,0.006553828250540215
2010-09-30,6.49,6.75,6.48,6.62,941598.0,27293978.0,279941422.0,0.0033635536794551254
2010-10-08,6.6,6.73,6.5,6.58,2796156.0,80930688.0,279941422.0,0.009988361065051674
2010-10-11,6.58,6.58,6.05,6.26,6928268.0,190022992.0,279941422.0,0.024748991951609078
2010-10-12,6.2,6.23,6.08,6.22,3711986.0,100252304.0,279941422.0,0.013259866916015023
2010-10-13,6.18,6.19,5.94,6.13,2180605.0,57940692.0,279941422.0,0.007789504620005824
2010-10-14,6.08,6.13,5.77,5.84,3815572.0,99098512.0,279941422.0,0.013629894328392745
2010-10-15,5.81,5.92,5.72,5.84,3609047.0,92304080.0,279941422.0,0.012892150701442104
2010-10-18,5.87,5.88,5.46,5.64,4943144.0,121950352.0,279941422.0,0.017657779847956905
2010-10-19,5.65,5.98,5.61,5.95,4175137.0,108014248.0,279941422.0,0.014914323754488895
2010-10-20,5.87,6.14,5.8,6.04,3840487.0,102277376.0,279941422.0,0.013718895090845113
2010-10-21,6.05,6.11,5.98,6.01,1498283.0,39756336.0,279941422.0,0.005352130418198704
2010-10-22,6.04,6.1,6.01,6.04,1680997.0,44553132.0,279941422.0,0.006004816964886318
2010-10-25,6.11,6.21,5.99,6.18,3149714.0,83468344.0,279941422.0,0.0112513324305397
2010-10-26,6.18,6.24,5.97,6.07,6383975.0,167568288.0,279941422.0,0.022804681616570482
2010-10-27,6.15,6.41,6.06,6.11,4713537.0,127357296.0,279941422.0,0.016837583256971524
2010-10-28,6.1,6.1,5.8,5.97,2861687.0,74044992.0,279941422.0,0.010222449323701728
2010-10-29,5.97,5.99,5.88,5.97,1053664.0,27139412.0,279941422.0,0.0037638731434321286
2010-11-01,5.99,6.2,5.99,6.16,2575577.0,68562608.0,279941422.0,0.009200414078056659
2010-11-02,6.21,6.5,6.21,6.27,3967869.0,109178216.0,279941422.0,0.014173926000847421
2010-11-03,6.27,6.58,6.27,6.44,6000856.0,169768128.0,279941422.0,0.021436113159416615
2010-11-04,6.41,6.79,6.41,6.74,4842080.0,140091616.0,279941422.0,0.01729676146318925
2010-11-05,6.74,6.96,6.66,6.83,4739850.0,141027952.0,279941422.0,0.0169315779213267
2010-11-08,7.08,7.51,6.96,7.51,5632552.0,179777696.0,279941422.0,0.020120466488164086
2010-11-09,7.52,7.81,7.14,7.37,4034197.0,130703976.0,279941422.0,0.0144108612836867
2010-11-10,7.39,8.11,7.39,7.71,8859267.0,304016512.0,279941422.0,0.03164686003488258
2010-11-11,7.56,8.13,7.45,7.77,5327980.0,179213968.0,279941422.0,0.01903248173112445
2010-11-12,7.72,8.06,7.6,7.67,3608204.0,122198432.0,279941422.0,0.012889139357161657
2010-11-15,7.67,8.29,7.67,8.18,2884492.0,99725296.0,279941422.0,0.010303912795013236
2010-11-16,8.18,8.52,7.49,7.72,4954789.0,173282448.0,279941422.0,0.017699377836267474
2010-11-17,7.53,7.83,7.14,7.23,4088311.0,132568480.0,279941422.0,0.014604166010130506
2010-11-18,7.23,7.88,7.23,7.77,3899388.0,129680080.0,279941422.0,0.013929299823303749
2010-11-19,7.77,8.18,7.69,8.18,2268861.0,78657800.0,279941422.0,0.008104770575895696
2010-11-22,8.18,8.77,8.07,8.57,3449429.0,126245384.0,279941422.0,0.012321967129251776
2010-11-23,8.57,8.57,8.19,8.23,2134626.0,76979392.0,279941422.0,0.00762525954447713
2010-11-24,8.23,8.46,8.07,8.41,1656844.0,59534020.0,279941422.0,0.005918538200466811
2010-11-25,8.46,8.57,8.18,8.22,1693102.0,61395396.0,279941422.0,0.006048058154109112
2010-11-26,8.22,8.22,7.89,8.13,2937931.0,102209224.0,279941422.0,0.010494806302727148
2010-11-29,8.13,8.5,7.83,8.37,2697151.0,97214720.0,279941422.0,0.009634697790454175
2010-11-30,8.29,8.36,8.0,8.09,1777843.0,62684648.0,279941422.0,0.006350767911724046
2010-12-01,8.06,8.06,7.61,7.93,1589407.0,54145184.0,279941422.0,0.00567764137455871
2010-12-02,8.0,8.01,7.37,7.83,4593935.0,152893968.0,279941422.0,0.0164103438754412
2010-12-03,7.61,7.74,7.51,7.69,1328007.0,44074224.0,279941422.0,0.0047438745953072995
2010-12-06,7.65,7.65,7.44,7.56,1368328.0,44844612.0,279941422.0,0.004887908299615625
2010-12-07,7.43,7.72,7.42,7.7,1632821.0,53849088.0,279941422.0,0.005832723818913801
2010-12-08,7.63,7.81,7.63,7.67,1212315.0,40592412.0,279941422.0,0.004330602421530888
2010-12-09,7.53,7.72,7.38,7.46,1085386.0,35236104.0,279941422.0,0.003877189707209532
2010-12-10,7.35,7.66,7.26,7.46,887143.0,28588752.0,279941422.0,0.0031690308410307353
2010-12-13,7.55,7.63,7.42,7.55,3078623.0,100480104.0,279941422.0,0.0109973828739071
2010-12-14,7.53,7.67,7.5,7.59,3531914.0,116435760.0,279941422.0,0.012616618058045015
2010-12-15,7.58,7.58,7.34,7.44,2749254.0,88354488.0,279941422.0,0.00982081887117084
2010-12-16,7.39,7.44,7.24,7.37,3512345.0,111200624.0,279941422.0,0.01254671414793342
2010-12-17,7.33,7.67,7.28,7.6,3480177.0,113379232.0,279941422.0,0.012431804393706338
2010-12-20,7.65,7.72,7.16,7.6,2219821.0,71667440.0,279941422.0,0.007929591069948913
2010-12-21,7.51,7.59,7.37,7.44,1171430.0,37854156.0,279941422.0,0.004184554010017138
2010-12-22,7.44,7.57,7.38,7.44,1101147.0,35750312.0,279941422.0,0.00393349077150862
2010-12-23,7.45,7.49,7.34,7.46,1066944.0,34415440.0,279941422.0,0.0038113116393328887
2010-12-24,7.38,7.39,7.17,7.33,1153898.0,36392748.0,279941422.0,0.004121926622205984
2010-12-27,7.21,7.42,6.96,7.0,828419.0,26101938.0,279941422.0,0.0029592583837057167
2010-12-28,6.98,7.17,6.88,7.12,1120578.0,34196480.0,279941422.0,0.004002901721346546
2010-12-29,7.05,7.4,7.05,7.39,1739192.0,55196456.0,279941422.0,0.006212699741162278
2010-12-30,7.4,7.65,7.37,7.57,2351731.0,77249064.0,279941422.0,0.00840079679240895
2010-12-31,7.58,7.73,7.49,7.57,977026.0,32247156.0,279941422.0,0.0034901087271036295
2011-01-04,7.6,7.69,7.44,7.5,1654474.0,53771864.0,279941422.0,0.005910072143592955
2011-01-05,7.5,8.06,7.43,8.0,3170225.0,105157736.0,279941422.0,0.011324601330345461
2011-01-06,7.91,8.29,7.7,7.93,4531616.0,161028128.0,279941422.0,0.01618772944576955
2011-01-07,7.86,8.03,7.6,7.64,1415693.0,47599276.0,279941422.0,0.005057104410936371
2011-01-10,7.63,7.74,7.35,7.37,1197051.0,38790656.0,279941422.0,0.004276076728652182
2011-01-11,7.26,7.36,6.9,7.19,2011743.0,61392260.0,279941422.0,0.007186299853831564
2011-01-12,7.03,7.18,7.03,7.07,1092980.0,33785088.0,279941422.0,0.003904316810964831
2011-01-13,7.1,7.44,7.06,7.43,720726.0,22784048.0,279941422.0,0.002574560044922541
2011-01-14,7.42,7.68,7.07,7.57,1208753.0,38763784.0,279941422.0,0.004317878330988831
2011-01-17,7.55,7.55,6.91,7.1,899700.0,27950564.0,279941422.0,0.0032138866537585855
2011-01-19,7.13,7.35,6.8,7.18,376525.0,11703635.0,279941422.0,0.0013450135292947109
2011-01-20,7.18,7.26,7.0,7.19,685802.0,21184096.0,279941422.0,0.0024498053739256923
2011-01-21,7.19,7.26,6.88,6.88,1243477.0,37702436.0,279941422.0,0.004441918566806451
2011-01-24,6.88,6.93,6.22,6.29,1981175.0,55307060.0,279941422.0,0.007077105581038307
2011-01-25,6.18,6.51,6.17,6.41,2292857.0,63577728.0,279941422.0,0.008190488508699509
2011-01-26,6.43,6.59,6.34,6.56,1460411.0,40871412.0,279941422.0,0.005216844972660031
2011-01-27,6.56,6.7,6.41,6.6,509733.0,14541430.0,279941422.0,0.0018208559360679392
2011-01-28,6.6,7.04,6.52,6.95,1048287.0,30653744.0,279941422.0,0.003744665553638575
2011-01-31,6.94,7.0,6.75,6.97,1146204.0,34254884.0,279941422.0,0.004094442300861071
2011-02-01,6.97,7.17,6.8,7.07,651013.0,19847294.0,279941422.0,0.0023255329466748227
2011-02-09,6.87,7.2,6.87,7.12,613281.0,18984858.0,279941422.0,0.0021907476057616082
2011-02-10,7.03,7.22,7.01,7.18,680165.0,21142006.0,279941422.0,0.002429669018399142
2011-02-11,7.18,7.37,7.08,7.37,989110.0,31035620.0,279941422.0,0.0035332749006326044
2011-02-14,7.35,7.57,7.26,7.26,1501053.0,48223284.0,279941422.0,0.0053620253454310166
2011-02-15,7.23,7.26,7.06,7.13,2282855.0,70581744.0,279941422.0,0.008154759605386301
2011-02-16,7.05,7.18,7.05,7.1,1082343.0,33333842.0,279941422.0,0.003866319575957573
2011-02-17,7.12,7.2,6.99,7.02,1089547.0,33294232.0,279941422.0,0.003892053531113377
2011-02-18,6.99,7.14,6.99,7.06,753800.0,23073088.0,279941422.0,0.002692706190511528
2011-02-21,6.92,7.09,6.92,7.06,1253031.0,38197696.0,279941422.0,0.0044760471353181884
2011-02-22,7.09,7.1,6.88,6.89,826711.0,24936670.0,279941422.0,0.002953157107275107
2011-02-23,6.84,7.2,6.84,7.11,2074810.0,63600936.0,279941422.0,0.007411586271073525
2011-02-24,7.11,7.14,6.96,6.98,929985.0,28289078.0,279941422.0,0.0033220700007732334
2011-02-25,6.99,7.02,6.85,6.85,937219.0,28076116.0,279941422.0,0.0033479111212059215
2011-02-28,6.84,6.89,6.76,6.82,1172018.0,34530856.0,279941422.0,0.004186654449444069
2011-03-01,6.82,6.95,6.82,6.88,1529063.0,45786316.0,279941422.0,0.005462081992281942
2011-03-02,6.88,7.06,6.85,7.03,1707122.0,51839580.0,279941422.0,0.006098140060173017
2011-03-03,7.04,7.13,6.82,6.82,1026797.0,30885444.0,279941422.0,0.0036678994936304925
2011-03-04,6.8,6.86,6.51,6.67,3140026.0,89553904.0,279941422.0,0.01121672519045788
2011-03-07,6.57,6.69,6.57,6.68,3234030.0,92906888.0,279941422.0,0.011552524013398775
2011-03-08,6.67,6.67,6.46,6.6,2887287.0,81672400.0,279941422.0,0.010313897026642952
2011-03-09,6.56,6.78,6.5,6.78,3089327.0,89280056.0,279941422.0,0.011035619444699399
2011-03-10,6.75,6.94,6.68,6.91,2365170.0,70245208.0,279941422.0,0.008448803264277195
2011-03-11,6.89,6.96,6.78,6.88,1113728.0,33176900.0,279941422.0,0.003978432316457977
2011-03-14,6.88,7.13,6.8,7.1,2437159.0,74194568.0,279941422.0,0.008705960634864533
2011-03-15,7.1,7.11,6.88,7.03,1965355.0,59558000.0,279941422.0,0.007020593758361347
2011-03-16,6.89,7.03,6.89,6.91,760825.0,22912992.0,279941422.0,0.0027178007261819226
2011-03-17,6.86,6.95,6.77,6.91,720877.0,21503884.0,279941422.0,0.0025750994434828585
2011-03-18,6.95,6.95,6.68,6.7,1274071.0,37294144.0,279941422.0,0.004551205716173007
2011-03-21,6.68,6.7,6.45,6.59,1800865.0,51172524.0,279941422.0,0.006433006545205018
2011-03-22,6.57,6.58,6.45,6.52,806555.0,22776276.0,279941422.0,0.0028811563299124773
2011-03-23,6.51,6.56,6.43,6.52,1281635.0,36160828.0,279941422.0,0.004578225654651422
2011-03-24,6.54,6.66,6.5,6.64,1307554.0,37356908.0,279941422.0,0.004670812881703516
2011-03-25,6.66,6.66,6.48,6.5,1882147.0,53350452.0,279941422.0,0.006723360146395198
2011-03-28,6.5,6.56,6.36,6.4,1444773.0,40458048.0,279941422.0,0.005160983285996168
2011-03-29,6.41,6.44,6.17,6.2,2227146.0,60571536.0,279941422.0,0.00795575725838815
2011-03-30,6.2,6.29,6.09,6.14,1999093.0,53106660.0,279941422.0,0.007141111828745372
2011-03-31,6.18,6.26,5.99,6.06,2024148.0,53547944.0,279941422.0,0.007230612695823199
2011-04-01,6.04,6.11,5.92,6.09,2575465.0,67125112.0,279941422.0,0.00920001399435629
2011-04-06,6.02,6.06,5.94,5.97,1661875.0,43114288.0,279941422.0,0.005936509817400299
2011-04-07,5.95,6.14,5.79,6.13,4652623.0,119149080.0,279941422.0,0.016619987734433957
2011-04-08,6.1,6.34,6.03,6.34,2519064.0,68045320.0,279941422.0,0.00899853970163801
2011-04-11,6.34,6.36,6.22,6.34,966639.0,26272260.0,279941422.0,0.003453004536070407
2011-04-12,6.31,6.31,6.21,6.24,584464.0,15838615.0,279941422.0,0.002087808212962496
2011-04-13,6.16,6.38,6.15,6.36,1200926.0,32871214.0,279941422.0,0.004289918910249731
2011-04-14,6.36,6.39,6.25,6.28,1477271.0,40435592.0,279941422.0,0.005277071858268977
2011-04-15,6.29,6.29,6.15,6.22,752004.0,20293518.0,279941422.0,0.0026862905626020574
2011-04-18,6.22,6.22,5.99,6.11,1245081.0,32893066.0,279941422.0,0.004447648336943863
2011-04-19,6.09,6.19,6.01,6.11,615561.0,16321415.0,279941422.0,0.002198892166804811
2011-04-20,6.16,6.65,6.07,6.53,3370690.0,93889008.0,279941422.0,0.012040697571365484
2011-04-21,6.52,6.64,6.45,6.57,2160195.0,61749300.0,279941422.0,0.007716596509965574
2011-04-22,6.56,6.59,6.37,6.45,935806.0,26468572.0,279941422.0,0.0033428636366646734
2011-04-25,6.42,6.65,6.21,6.52,1316640.0,36603548.0,279941422.0,0.004703269671895858
2011-04-26,6.42,6.51,6.32,6.37,502562.0,13966709.0,279941422.0,0.0017952398627167079
2011-04-27,6.43,6.45,5.94,6.06,1136714.0,30590128.0,279941422.0,0.004060542351606687
2011-04-28,6.09,6.18,5.74,5.76,1925626.0,49363924.0,279941422.0,0.006878674782183538
2011-04-29,5.75,5.88,5.74,5.85,849624.0,21381930.0,279941422.0,0.0030350063735833993
2011-05-03,5.85,6.11,5.81,6.06,998931.0,26172280.0,279941422.0,0.003568357240108611
2011-05-04,6.06,6.15,5.96,6.01,1373590.0,36115028.0,279941422.0,0.004906705089181122
2011-05-05,6.07,6.32,6.06,6.22,2920932.0,78264640.0,279941422.0,0.010434082884668636
2011-05-06,6.22,6.5,6.11,6.41,1686848.0,46989036.0,279941422.0,0.006025717766054642
2011-05-09,6.49,6.49,6.34,6.4,777794.0,21612470.0,279941422.0,0.002778416978963549
2011-05-10,6.4,6.43,6.26,6.3,420894.0,11510743.0,279941422.0,0.0015035074016306168
2011-05-11,6.25,6.33,6.21,6.22,1486605.0,40235204.0,279941422.0,0.005310414548083563
2011-05-12,6.22,6.31,6.15,6.3,2647946.0,71792808.0,279941422.0,0.009458928875484529
2011-05-16,6.26,6.43,6.06,6.09,2384547.0,64374952.0,279941422.0,0.008518021316616732
2011-05-17,6.01,6.1,5.84,5.92,1441320.0,37038704.0,279941422.0,0.005148648562626791
2011-05-18,5.9,6.01,5.88,5.94,1467972.0,37795312.0,279941422.0,0.005243854194610757
2011-05-19,5.94,6.13,5.92,6.08,2268563.0,59646908.0,279941422.0,0.008103706067478646
2011-05-20,6.08,6.14,6.04,6.13,1661206.0,44026248.0,279941422.0,0.00593412003172578
2011-05-23,6.13,6.13,5.9,6.01,1408354.0,36559028.0,279941422.0,0.005030888212034588
2011-05-24,5.99,6.08,5.88,6.06,1150565.0,29698536.0,279941422.0,0.004110020559944145
2011-05-25,6.06,6.06,5.76,5.76,985226.0,25243618.0,279941422.0,0.0035194005694519906
2011-05-26,5.82,5.86,5.59,5.6,2433458.0,59682688.0,279941422.0,0.008692740011872913
2011-05-27,5.58,5.62,5.3,5.46,2092468.0,50213300.0,279941422.0,0.007474663753047593
2011-05-30,5.43,5.64,5.32,5.57,832269.0,20194772.0,279941422.0,0.002973011260905862
2011-05-31,5.53,5.79,5.53,5.71,521930.0,12788423.0,279941422.0,0.0018644257654731782
2011-06-01,5.71,5.74,5.6,5.68,1031943.0,25390964.0,279941422.0,0.003686281910792037
2011-06-02,5.67,5.67,5.5,5.54,726190.0,17542248.0,279941422.0,0.0025940784140190587
2011-06-03,5.58,5.67,5.53,5.63,554750.0,13528940.0,279941422.0,0.001981664578384545
2011-06-07,5.65,5.76,5.59,5.7,815770.0,20162118.0,279941422.0,0.0029140739307954217
2011-06-08,5.7,5.7,5.56,5.67,425885.0,10409215.0,279941422.0,0.0015213361315282595
2011-06-09,5.73,5.73,5.53,5.62,1242914.0,30188478.0,279941422.0,0.004439907431776924
2011-06-10,5.56,5.62,5.49,5.58,1598440.0,38467576.0,279941422.0,0.0057099088394285576
2011-06-13,5.51,5.6,5.49,5.55,186263.0,4470808.0,279941422.0,0.0006653641989430203
2011-06-14,5.58,5.58,5.47,5.56,2162186.0,51952532.0,279941422.0,0.007723708712174792
2011-06-15,5.55,5.59,5.47,5.56,3087805.0,73777224.0,279941422.0,0.011030182592985471
2011-06-16,5.55,5.58,5.45,5.5,457525.0,10922162.0,279941422.0,0.0016343597768821794
2011-06-17,5.5,5.53,5.44,5.5,1064850.0,25386552.0,279941422.0,0.003803831503006368
2011-06-20,5.43,5.5,5.35,5.44,1049521.0,24776492.0,279941422.0,0.0037490736186944137
2011-06-21,5.44,5.45,5.35,5.38,628989.0,14716940.0,279941422.0,0.0022468593447382
2011-06-22,5.37,5.4,5.2,5.25,812102.0,18497440.0,279941422.0,0.0029009711896083746
2011-06-23,5.24,5.3,5.14,5.28,1471517.0,33276044.0,279941422.0,0.005256517558162579
2011-06-24,5.24,5.53,5.2,5.47,1717804.0,40353744.0,279941422.0,0.006136298043095602
2011-06-27,5.46,5.57,5.46,5.53,1503557.0,36015500.0,279941422.0,0.005370970073874955
2011-06-28,5.55,5.57,5.41,5.45,533806.0,12632771.0,279941422.0,0.0019068489264157556
2011-06-29,5.45,5.53,5.38,5.52,1117931.0,26642214.0,279941422.0,0.00399344617174946
2011-06-30,5.43,5.61,5.43,5.59,1101685.0,26548474.0,279941047.0,0.00393541787389257
2011-07-01,5.59,5.81,5.54,5.66,1771867.0,43799988.0,279941047.0,0.006329429067256436
2011-07-04,5.64,5.76,5.64,5.69,1594013.0,39473188.0,279941047.0,0.005694102444362152
2011-07-05,5.73,5.83,5.67,5.81,1457380.0,36526748.0,279941047.0,0.005206024681332281
2011-07-06,5.81,5.81,5.69,5.74,1756284.0,43586700.0,279941047.0,0.006273763775699531
2011-07-07,5.7,5.92,5.68,5.89,3099321.0,78119680.0,279941047.0,0.011071334601388413
2011-07-08,5.87,5.94,5.79,5.82,743234.0,18836516.0,279941047.0,0.00265496613649516
2011-07-11,5.85,5.97,5.76,5.96,2396736.0,61210184.0,279941047.0,0.008561574037407954
2011-07-12,5.95,6.13,5.88,6.06,1693929.0,44329468.0,279941047.0,0.006051020449316245
2011-07-13,6.06,6.1,5.99,6.06,2070887.0,54317172.0,279941047.0,0.007397582534582719
2011-07-14,6.05,6.1,5.83,5.93,2303056.0,59316224.0,279941047.0,0.008226932151182531
2011-07-15,5.93,6.28,5.89,6.21,3973866.0,105665048.0,279941047.0,0.014195367355327495
2011-07-18,6.22,6.45,6.21,6.25,3708903.0,102675176.0,279941047.0,0.013248871645464696
2011-07-19,6.25,6.25,6.11,6.13,1212641.0,32359576.0,279941047.0,0.004331772753568361
2011-07-20,6.14,6.22,5.9,6.05,1872503.0,48674704.0,279941047.0,0.006688919042301074
2011-07-21,5.98,6.18,5.97,6.06,1388224.0,36887744.0,279941047.0,0.004958986954135383
2011-07-22,6.07,6.23,6.07,6.22,1688034.0,45192344.0,279941047.0,0.006029962444199903
2011-07-25,6.22,6.36,6.01,6.13,1893130.0,51223976.0,279941047.0,0.006762602413214522
2011-07-26,6.11,6.2,5.98,6.17,595301.0,15737875.0,279941047.0,0.0021265227317664496
2011-07-27,6.15,6.26,6.03,6.24,1582138.0,42333356.0,279941047.0,0.0056516827987715575
2011-07-28,6.2,6.2,6.09,6.15,307816.0,8192403.0,279941047.0,0.0010995743685991144
2011-07-29,6.09,6.26,6.06,6.07,634673.0,16959212.0,279941047.0,0.002267166629551114
2011-08-01,6.04,6.12,5.88,5.98,1067386.0,27765982.0,279941047.0,0.0038128956487042073
2011-08-02,5.99,6.06,5.9,6.03,722172.0,18844462.0,279941047.0,0.0025797288669853406
2011-08-03,6.02,6.07,5.94,6.01,1364082.0,35575716.0,279941047.0,0.004872747368127118
2011-08-04,6.01,6.12,5.99,6.1,1123650.0,29574708.0,279941047.0,0.004013880822557615
2011-08-05,5.9,6.38,5.88,6.31,2061161.0,56035536.0,279941047.0,0.0073628395052762665
2011-08-08,6.22,6.44,6.17,6.29,3310814.0,91036456.0,279941047.0,0.011826825810221393
2011-08-09,6.15,6.46,5.94,6.41,1916833.0,52270352.0,279941047.0,0.00684727381190369
2011-08-10,6.45,6.47,6.25,6.31,1596425.0,44126060.0,279941047.0,0.005702718544165479
2011-08-11,6.26,6.45,6.07,6.44,2762677.0,74933024.0,279941047.0,0.009868781408108401
2011-08-12,6.42,6.47,6.26,6.37,2042854.0,56401628.0,279941047.0,0.007297443593543465
2011-08-15,6.42,6.7,6.37,6.61,2590888.0,74259864.0,279941047.0,0.009255120061046281
2011-08-16,6.68,6.68,6.51,6.53,1184082.0,33758996.0,279941047.0,0.004229754845490736
2011-08-17,6.53,6.56,6.45,6.45,788448.0,22130402.0,279941047.0,0.0028164787138200567
2011-08-18,6.46,6.61,6.31,6.35,1317420.0,36736272.0,279941047.0,0.00470606227317568
2011-08-19,6.22,6.41,6.02,6.37,1447766.0,39502084.0,279941047.0,0.0051716817362621355
2011-08-22,6.36,6.41,6.08,6.23,1188822.0,32058450.0,279941047.0,0.004246686981920161
2011-08-23,6.19,6.36,6.16,6.23,824316.0,22413668.0,279941047.0,0.0029446056904973996
2011-08-24,6.24,6.29,6.2,6.24,173408.0,4699547.0,279941047.0,0.0006194447075851653
2011-08-25,6.24,6.29,6.21,6.26,915736.0,24774756.0,279941047.0,0.0032711744483830555
2011-08-26,6.26,6.33,6.22,6.26,746967.0,20345070.0,279941047.0,0.002668301086978502
2011-08-29,6.27,6.47,6.17,6.38,1264317.0,34881740.0,279941047.0,0.004516368762455904
2011-08-30,6.45,6.5,6.38,6.42,580897.0,16253393.0,279941047.0,0.0020750690412328137
2011-08-31,6.42,6.46,6.37,6.43,247292.0,6885423.0,279941047.0,0.0008833717050433122
2011-09-01,6.42,6.64,6.42,6.52,1834995.0,52364560.0,279941047.0,0.006554933689306377
2011-09-02,6.5,6.59,6.34,6.35,647991.0,18165662.0,279941047.0,0.0023147409318648436
2011-09-05,6.32,6.4,6.19,6.22,779699.0,21273584.0,279941047.0,0.002785225705039247
2011-09-06,6.13,6.2,5.99,6.16,796947.0,21091382.0,279941047.0,0.002846838677430538
2011-09-07,6.19,6.27,6.17,6.24,758240.0,20457526.0,279941047.0,0.0027085702797989466
2011-09-08,6.26,6.31,6.19,6.19,239014.0,6472498.0,279941047.0,0.0008538011933634013
2011-09-09,6.19,6.33,6.16,6.33,643406.0,17474960.0,279941047.0,0.0022983624834410224
2011-09-13,6.26,6.3,6.13,6.19,828174.0,22331790.0,279941047.0,0.002958387163565906
2011-09-14,6.19,6.32,6.19,6.3,315895.0,8576860.0,279941047.0,0.0011284340163234439
2011-09-15,6.14,6.33,6.13,6.25,350401.0,9499410.0,279941047.0,0.0012516956829128384
2011-09-16,6.25,6.29,6.17,6.18,209914.0,5688762.0,279941047.0,0.0007498507355371861
2011-09-19,6.13,6.22,6.06,6.06,187188.0,4958478.0,279941047.0,0.0006686693573736616
2011-09-20,6.12,6.13,6.01,6.03,145060.0,3806666.0,279941047.0,0.0005181805296312977
2011-09-21,6.05,6.16,6.03,6.14,138349.0,3669986.0,279941047.0,0.0004942076250790046
2011-09-22,6.14,6.19,6.05,6.08,188461.0,4988339.0,279941047.0,0.0006732167433809733
2011-09-23,5.99,6.14,5.91,6.05,196741.0,5136746.0,279941047.0,0.000702794399422247
2011-09-26,6.04,6.09,5.94,5.95,98999.0,2581043.0,279941047.0,0.0003536423152693288
2011-09-27,6.02,6.17,5.9,6.0,526969.0,13909493.0,279941047.0,0.0018824284814509535
2011-09-28,6.04,6.19,6.0,6.01,766444.0,20335156.0,279941047.0,0.0027378764501084403
2011-09-29,5.97,6.02,5.64,5.81,660562.0,16628064.0,279941047.0,0.0023596468152096324
2011-09-30,5.79,5.9,5.76,5.82,397679.0,10088652.0,279941047.0,0.0014205812411639655
2011-10-10,5.78,5.88,5.53,5.71,679371.0,16717010.0,279941047.0,0.002426835961644453
2011-10-11,5.72,5.88,5.51,5.71,930146.0,23224204.0,279941047.0,0.003322649572000779
2011-10-12,5.58,5.9,5.41,5.86,1783728.0,44574492.0,279941047.0,0.006371798702317492
2011-10-13,5.78,5.99,5.78,5.99,619866.0,16033787.0,279941047.0,0.002214273350202909
2011-10-14,5.99,6.01,5.88,5.99,620960.0,16039597.0,279941047.0,0.0022181813158682656
2011-10-17,5.99,6.08,5.94,6.04,186061.0,4879383.0,279941047.0,0.0006646435097458216
2011-10-18,6.06,6.17,6.06,6.09,715477.0,19069956.0,279941047.0,0.0025558131173239484
2011-10-19,6.1,6.13,6.01,6.09,174412.0,4602504.0,279941047.0,0.0006230311769892037
2011-10-20,6.12,6.13,5.76,5.76,689530.0,17500284.0,279941047.0,0.002463125745185914
2011-10-21,5.76,5.85,5.64,5.71,601427.0,14988669.0,279941047.0,0.0021484059106201743
2011-10-24,5.59,6.0,5.59,5.97,216404.0,5521180.0,279941047.0,0.000773034188158909
2011-10-25,5.81,6.12,5.81,6.05,368794.0,9623616.0,279941047.0,0.0013173988021842327
2011-10-26,6.05,6.12,5.97,6.02,1066747.0,28033210.0,279941047.0,0.003810613025248848
2011-10-27,5.98,6.08,5.9,5.98,355800.0,9268034.0,279941047.0,0.0012709818864112487
2011-10-28,6.08,6.12,5.99,6.1,250963.0,6628213.0,279941047.0,0.0008964851803244131
2011-10-31,6.08,6.37,6.01,6.31,926502.0,25297300.0,279941047.0,0.0033096325455980735
2011-11-01,6.31,6.45,6.29,6.35,235450.0,6509823.0,279941047.0,0.0008410699414152008
2011-11-02,6.29,6.47,6.24,6.44,538640.0,14984756.0,279941047.0,0.0019241194021825602
2011-11-03,6.45,6.71,6.45,6.62,1276359.0,36611416.0,279941047.0,0.004559384962220278
2011-11-04,6.57,6.67,6.5,6.55,481165.0,13821706.0,279941047.0,0.0017188083175240822
2011-11-07,6.56,6.56,6.37,6.49,453757.0,12697538.0,279941047.0,0.001620901989410649
2011-11-08,6.36,6.5,6.36,6.45,578527.0,16246961.0,279941047.0,0.0020666029730181013
2011-11-09,6.43,6.54,6.38,6.52,413305.0,11610371.0,279941047.0,0.001476400136490166
2011-11-10,6.47,6.6,6.42,6.56,561466.0,15889182.0,279941047.0,0.002005657998414216
2011-11-11,6.57,6.61,6.42,6.49,1162028.0,32783104.0,279941047.0,0.004150973972745054
2011-11-14,6.5,6.72,6.45,6.63,1007255.0,28821032.0,279941047.0,0.0035980968521561615
2011-11-15,6.61,6.7,6.52,6.7,576973.0,16636391.0,279941047.0,0.0020610518042393404
2011-11-16,6.7,6.75,6.57,6.57,418823.0,12056399.0,279941047.0,0.0014961114294896524
2011-11-17,6.57,6.68,6.43,6.52,2129729.0,59679928.0,279941047.0,0.007607776790232552
2011-11-18,6.46,6.46,6.29,6.42,1102404.0,30407390.0,279941047.0,0.003937986271802434
2011-11-21,6.35,6.44,6.34,6.38,172178.0,4783611.0,279941047.0,0.0006150509253471499
2011-11-22,6.34,6.42,6.34,6.35,179867.0,4989844.0,279941047.0,0.0006425174226057674
2011-11-23,6.34,6.42,6.34,6.38,332162.0,9166168.0,279941047.0,0.0011865426794663663
2011-11-24,6.37,6.47,6.23,6.46,805187.0,22401396.0,279941047.0,0.0028762734462445586
2011-11-25,6.46,6.58,6.43,6.46,868371.0,24441864.0,279941047.0,0.0031019781104126543
2011-11-28,6.43,6.54,6.43,6.51,409160.0,11516465.0,279941047.0,0.0014615934475661228
2011-11-29,6.51,6.61,6.44,6.61,935700.0,26514920.0,279941047.0,0.003342489463504793
2011-11-30,6.59,6.63,6.46,6.53,508722.0,14394801.0,279941047.0,0.001817246900559031
2011-12-01,6.61,6.68,6.53,6.56,661177.0,18979832.0,279941047.0,0.00236184370632864
2011-12-02,6.52,6.55,6.41,6.43,496323.0,13920392.0,279941047.0,0.0017729554322914282
2011-12-05,6.47,6.48,6.32,6.36,906371.0,25108662.0,279941047.0,0.003237720976302557
2011-12-06,6.26,6.4,6.16,6.27,1214294.0,32987642.0,279941047.0,0.004337677568234572
2011-12-07,6.26,6.41,6.24,6.4,163510.0,4518201.0,279941047.0,0.0005840872632015268
2011-12-08,6.34,6.44,6.25,6.29,722067.0,20019422.0,279941047.0,0.0025793537880138026
2011-12-09,6.17,6.37,6.11,6.15,415111.0,11160861.0,279941047.0,0.0014828514948006179
2011-12-12,6.14,6.38,6.07,6.38,1707668.0,46342528.0,279941047.0,0.006100098639696808
2011-12-13,6.37,6.5,6.26,6.43,1518163.0,42396820.0,279941047.0,0.005423152539684543
2011-12-14,6.43,6.45,6.23,6.29,535810.0,14822341.0,279941047.0,0.0019140101308544439
2011-12-15,6.22,6.33,6.22,6.31,433643.0,11815276.0,279941047.0,0.0015490511471867147
2011-12-16,6.38,6.49,6.36,6.4,434801.0,12106332.0,279941047.0,0.0015531877324156753
2011-12-19,6.44,6.54,6.35,6.54,578961.0,16271600.0,279941047.0,0.0020681532994337912
2011-12-20,6.54,6.63,6.47,6.54,526059.0,14980071.0,279941047.0,0.0018791777970309585
2011-12-21,6.54,6.61,6.45,6.54,363486.0,10322643.0,279941047.0,0.0012984376671278221
2011-12-22,6.47,6.57,6.23,6.54,1219465.0,34121400.0,279941047.0,0.004356149314537643
2011-12-23,6.52,6.56,6.35,6.56,1153045.0,32249754.0,279941047.0,0.004118885073684818
2011-12-26,6.49,6.62,6.49,6.51,770165.0,21843340.0,279941047.0,0.0027511685344236065
2011-12-27,6.59,6.62,6.07,6.29,2468959.0,67949024.0,279941047.0,0.00881956764275444
2011-12-28,6.01,6.29,6.01,6.22,604545.0,16115431.0,279941047.0,0.002159543969984509
2011-12-29,6.07,6.3,6.07,6.23,1557901.0,42095128.0,279941047.0,0.005565103855598569
2011-12-30,6.08,6.27,6.08,6.13,2482791.0,66801892.0,279941047.0,0.008868978045938366
2012-01-04,6.13,6.13,5.88,5.9,668489.0,17351154.0,279941047.0,0.0023879634914704025
2012-01-05,5.88,5.88,5.58,5.7,1261960.0,31160918.0,279941047.0,0.004507949132590048
2012-01-06,5.63,5.73,5.56,5.73,1042379.0,25486208.0,279941047.0,0.003723566126406607
2012-01-09,5.69,5.86,5.59,5.86,720308.0,17855896.0,279941047.0,0.0025730703221953726
2012-01-10,5.86,6.03,5.85,6.0,692013.0,17973184.0,279941047.0,0.0024719954698176148
2012-01-11,6.06,6.06,5.92,5.97,96380.0,2499500.0,279941047.0,0.0003442867740649695
2012-01-12,5.99,5.99,5.85,5.86,346581.0,8878359.0,279941047.0,0.0012380499527102219
2012-01-13,5.86,5.87,5.53,5.64,1301538.0,31962376.0,279941047.0,0.004649328899595064
2012-01-16,5.53,5.62,5.3,5.3,840434.0,19952678.0,279941047.0,0.0030021820987188065
2012-01-17,5.3,5.62,5.07,5.55,1310366.0,30092820.0,279941047.0,0.004680864110649697
2012-01-18,5.48,5.51,5.07,5.07,1815075.0,41134420.0,279941047.0,0.006483775850134618
2012-01-19,5.07,5.18,5.02,5.04,904922.0,19907054.0,279941047.0,0.003232544886495334
2012-01-20,5.06,5.31,5.05,5.26,1449045.0,32879048.0,279941047.0,0.005176250555353535
2012-01-30,5.29,5.46,5.18,5.3,964687.0,22312796.0,279941047.0,0.0034460362649140195
2012-01-31,5.3,5.32,5.23,5.32,232790.0,5349416.0,279941047.0,0.0008315679408029077
2012-02-01,5.31,5.46,5.31,5.32,478828.0,11171314.0,279941047.0,0.001710460131271853
2012-02-02,5.38,5.46,5.3,5.34,618261.0,14428998.0,279941047.0,0.0022085400002094012
2012-02-03,5.32,5.45,5.32,5.39,942453.0,22050380.0,279941047.0,0.0033666123996457012
2012-02-06,5.39,5.47,5.39,5.4,1879785.0,44474604.0,279941047.0,0.006714931662022397
2012-02-07,5.38,5.44,5.27,5.3,823846.0,18989182.0,279941047.0,0.0029429267655771826
2012-02-08,5.29,5.5,5.26,5.5,6321864.0,145569680.0,279941047.0,0.022582840450689607
2012-02-09,5.42,5.49,5.37,5.41,2736990.0,64557316.0,279941047.0,0.009777022802947507
2012-02-10,5.41,5.43,5.38,5.42,1025019.0,24072604.0,279941047.0,0.0036615530697790095
2012-02-13,5.4,5.51,5.35,5.51,2220829.0,52659772.0,279941047.0,0.007933202450300188
2012-02-14,5.5,5.62,5.49,5.58,1061957.0,25559676.0,279941047.0,0.003793502279785358
2012-02-15,5.6,5.69,5.55,5.67,1166884.0,28531846.0,279941047.0,0.004168320482133512
2012-02-16,5.67,5.69,5.6,5.69,488702.0,11982717.0,279941047.0,0.00174573184331914
2012-02-17,5.69,5.73,5.54,5.68,382439.0,9333012.0,279941047.0,0.0013661412075807518
2012-02-20,5.75,5.75,5.58,5.64,902859.0,22137782.0,279941047.0,0.003225175477749785
2012-02-21,5.58,5.66,5.55,5.64,1005741.0,24460254.0,279941047.0,0.003592688570604653
2012-02-22,5.6,5.74,5.59,5.7,983050.0,24148988.0,279941047.0,0.0035116322187649747
2012-02-23,5.71,5.81,5.7,5.79,723297.0,18088784.0,279941047.0,0.002583747570251818
2012-02-24,5.84,5.85,5.71,5.85,1191468.0,30055662.0,279941047.0,0.004256138972002916
2012-02-27,5.85,6.03,5.85,5.99,1733772.0,44794768.0,279941047.0,0.006193346844201808
2012-02-28,5.91,5.99,5.8,5.85,645111.0,16518791.0,279941047.0,0.0023044530515026617
2012-02-29,5.81,5.94,5.67,5.75,809792.0,20285304.0,279941047.0,0.0028927233382820064
2012-03-01,5.66,5.74,5.53,5.64,1988915.0,48374600.0,279941047.0,0.00710476373977411
2012-03-02,5.62,5.7,5.57,5.68,2378725.0,58064076.0,279941047.0,0.008497235491156822
2012-03-05,5.68,5.68,5.55,5.58,1935248.0,47242320.0,279941047.0,0.006913055519150073
2012-03-06,5.58,5.58,5.53,5.55,1380967.0,33347110.0,279941047.0,0.004933063638931093
2012-03-07,5.53,5.61,5.49,5.55,1314453.0,31664676.0,279941047.0,0.004695463613094224
2012-03-08,5.54,5.61,5.53,5.61,969784.0,23507654.0,279941047.0,0.003464243669846673
2012-03-09,5.61,5.71,5.56,5.71,1675009.0,41152824.0,279941047.0,0.005983434790825798
2012-03-12,5.71,5.93,5.71,5.92,2127271.0,54069980.0,279941047.0,0.0075989963701178845
2012-03-13,5.96,5.98,5.85,5.88,1254490.0,32056722.0,279941047.0,0.004481264942900639
2012-03-14,5.88,6.06,5.76,5.87,1843702.0,47562948.0,279941047.0,0.006586036666498572
2012-03-15,5.87,6.22,5.78,6.17,1621804.0,42581784.0,279941047.0,0.005793376917676528
2012-03-16,6.17,6.33,6.11,6.25,1152087.0,31069168.0,279941047.0,0.004115462924592119
2012-03-19,6.26,6.26,6.11,6.17,626537.0,16762724.0,279941047.0,0.0022381033675279494
2012-03-20,6.12,6.14,5.99,6.02,364287.0,9580950.0,279941047.0,0.001301298983853554
2012-03-21,6.02,6.12,5.92,5.99,371000.0,9644517.0,279941047.0,0.0013252790327672097
2012-03-22,5.94,5.99,5.89,5.93,503140.0,12945000.0,279941047.0,0.0017973069879959405
2012-03-23,5.91,6.01,5.88,5.91,825651.0,21260994.0,279941047.0,0.002949374551706953
2012-03-26,5.92,5.93,5.76,5.85,1443641.0,36619696.0,279941047.0,0.0051569464909517184
2012-03-27,5.85,5.9,5.78,5.83,730063.0,18495452.0,279941047.0,0.002607916944741583
2012-03-28,5.81,5.81,5.71,5.72,626406.0,15649210.0,279941047.0,0.0022376354118586977
2012-03-29,5.64,5.81,5.62,5.8,525093.0,13056244.0,279941047.0,0.00187572707049281
2012-03-30,5.8,5.91,5.67,5.74,203312.0,5072039.0,279941047.0,0.0007262671986791562
2012-04-05,5.74,5.83,5.71,5.82,352048.0,8838742.0,279941047.0,0.0012575790644949612
2012-04-06,5.85,5.85,5.73,5.78,332037.0,8304401.0,279941047.0,0.0011860961568812022
2012-04-09,5.78,5.78,5.62,5.67,338101.0,8364600.0,279941047.0,0.0012077578605326857
2012-04-10,5.67,5.71,5.53,5.64,1077130.0,26261710.0,279941047.0,0.0038477029772629235
2012-04-11,5.61,5.67,5.53,5.58,780981.0,18936942.0,279941047.0,0.0027898052406726908
2012-04-12,5.56,5.71,5.56,5.7,484951.0,11824945.0,279941047.0,0.001732332593583534
2012-04-13,5.76,5.76,5.58,5.64,1015894.0,24918576.0,279941047.0,0.003628956921062026
2012-04-16,5.61,5.75,5.59,5.73,757924.0,18686082.0,279941047.0,0.0027074414707036515
2012-04-17,5.73,5.84,5.7,5.79,775503.0,19520476.0,279941047.0,0.0027702368349004566
2012-04-18,5.8,5.84,5.71,5.78,667651.0,16710347.0,279941047.0,0.0023849700040594617
2012-04-19,5.79,5.85,5.64,5.8,1234468.0,30701974.0,279941047.0,0.004409742741299385
2012-04-20,5.82,5.93,5.74,5.79,2446850.0,61850452.0,279941047.0,0.008740590300071287
2012-04-23,5.82,5.96,5.79,5.96,1385545.0,35583292.0,279941047.0,0.004949417082090145
2012-04-24,5.89,5.97,5.76,5.92,670706.0,17191704.0,279941047.0,0.0023958830160408736
2012-04-25,5.88,5.98,5.88,5.92,473533.0,12200554.0,279941047.0,0.0016915454345642995
2012-04-26,5.96,5.96,5.78,5.85,566071.0,14374247.0,279941047.0,0.0020221078904516633
2012-04-27,5.87,5.88,5.82,5.85,1144303.0,29057870.0,279941047.0,0.004087657070168778
2012-05-02,5.98,6.06,5.85,6.05,862059.0,22381630.0,279941047.0,0.003079430505952205
2012-05-03,6.01,6.28,5.99,6.22,1642418.0,44261308.0,279941047.0,0.005867013850241119
2012-05-04,6.15,6.3,6.15,6.28,935068.0,25448702.0,279941047.0,0.0033402318453142027
2012-05-07,6.25,6.43,6.15,6.36,1101180.0,30401218.0,279941047.0,0.003933613922648507
2012-05-08,6.36,6.38,6.27,6.29,896318.0,24532024.0,279941047.0,0.003201809843913315
2012-05-09,6.28,6.28,6.14,6.2,379465.0,10221854.0,279941047.0,0.0013555175422345263
2012-05-10,6.18,6.36,6.18,6.33,445408.0,12229365.0,279941047.0,0.0015910778529023648
2012-05-11,6.27,6.38,6.22,6.37,297898.0,8205131.0,279941047.0,0.0010641454806018496
2012-05-14,6.45,6.49,6.24,6.37,462968.0,12782432.0,279941047.0,0.0016538053456662252
2012-05-15,6.35,6.36,6.13,6.34,688751.0,18657182.0,279941047.0,0.002460343016435171
2012-05-16,6.31,6.45,6.27,6.39,893988.0,24798994.0,279941047.0,0.0031934866629258554
2012-05-17,6.3,6.5,6.3,6.46,732445.0,20387070.0,279941047.0,0.0026164258791244715
2012-05-18,6.39,6.45,6.27,6.27,158682.0,4368766.0,279941047.0,0.0005668407748721466
2012-05-21,6.22,6.44,6.16,6.43,393200.0,10913554.0,279941047.0,0.0014045814438923634
2012-05-22,6.36,6.59,6.35,6.54,762936.0,21610914.0,279941047.0,0.002725345240278393
2012-05-23,6.54,6.54,6.38,6.45,573784.0,16030086.0,279941047.0,0.0020496601200466324
2012-05-24,6.52,6.52,6.34,6.44,465119.0,13036478.0,279941047.0,0.00166148910631173
2012-05-25,6.45,6.49,6.37,6.47,430990.0,12054005.0,279941047.0,0.0015395741518391907
2012-05-28,6.38,6.5,6.38,6.45,284553.0,7941538.0,279941047.0,0.0010164747294097245
2012-05-29,6.46,6.46,6.38,6.41,690870.0,19204744.0,279941047.0,0.0024679124672988737
2012-05-30,6.41,6.41,6.33,6.33,553005.0,15249434.0,279941047.0,0.001975433777669625
2012-05-31,6.32,6.4,6.29,6.34,340476.0,9353683.0,279941047.0,0.0012162417896508047
2012-06-01,6.26,6.53,6.26,6.52,635117.0,17797140.0,279941047.0,0.002268752677773617
2012-06-04,6.5,6.7,6.36,6.36,1283644.0,36681896.0,279941047.0,0.004585408298483645
2012-06-05,6.38,6.69,6.38,6.41,823679.0,23444952.0,279941047.0,0.002942330211403403
2012-06-06,6.41,6.56,6.35,6.49,476182.0,13417484.0,279941047.0,0.0017010081411890983
2012-06-07,6.48,6.63,6.46,6.56,558068.0,15867527.0,279941047.0,0.001993519728459114
2012-06-08,6.61,6.67,6.47,6.56,176766.0,5034292.0,279941047.0,0.0006314400903130151
2012-06-11,6.56,6.63,6.49,6.63,762703.0,21811990.0,279941047.0,0.0027245129221796474
2012-06-12,6.63,6.8,6.59,6.8,784897.0,22892230.0,279941047.0,0.0028037939002207132
2012-06-13,6.8,6.93,6.8,6.81,956826.0,28526282.0,279941047.0,0.003417955352578216
2012-06-14,6.8,6.89,6.69,6.8,1198609.0,35389056.0,279941047.0,0.004281647914248174
2012-06-15,6.76,6.85,6.76,6.8,452998.0,13400097.0,279941047.0,0.0016181907042735323
2012-06-18,6.87,6.91,6.76,6.89,1118188.0,33230388.0,279941047.0,0.003994369571676282
2012-06-19,6.82,6.91,6.81,6.9,598888.0,17850940.0,279941047.0,0.00213933614387032
2012-06-20,6.85,6.9,6.71,6.76,589975.0,17384886.0,279941047.0,0.0021074972974577753
2012-06-21,6.7,6.96,6.7,6.79,702560.0,20603852.0,279941047.0,0.0025096712594634253
2012-06-25,6.76,6.87,6.68,6.79,501944.0,14803066.0,279941047.0,0.00179303465990109
2012-06-26,6.74,6.79,6.66,6.75,2080787.0,60470340.0,279941047.0,0.00743294712332772
2012-06-27,6.68,6.73,6.59,6.59,2350621.0,68120512.0,279941047.0,0.008396842925289194
2012-06-29,6.62,7.0,6.62,6.96,3455754.0,103539888.0,279941047.0,0.012344577678170933
2012-07-02,7.0,7.28,6.97,7.19,2446834.0,76241160.0,279941422.0,0.008740521436659703
2012-07-03,7.18,7.28,7.12,7.26,2995635.0,93804384.0,279941422.0,0.010700935140638102
2012-07-04,7.27,7.28,7.1,7.19,1367123.0,42587076.0,279941422.0,0.004883603827660774
2012-07-05,7.11,7.32,6.96,7.15,1173046.0,36085856.0,279941422.0,0.004190326646265304
2012-07-06,7.14,7.52,7.0,7.35,2172854.0,69310680.0,279941422.0,0.00776181668463483
2012-07-09,7.28,7.72,7.23,7.26,3035605.0,98318864.0,279941422.0,0.01084371501120688
2012-07-10,7.21,7.39,7.06,7.32,2849305.0,88955288.0,279941422.0,0.010178218641755703
2012-07-11,7.25,7.52,7.15,7.42,3208830.0,103246496.0,279941422.0,0.011462505180816006
2012-07-12,7.33,7.63,7.33,7.48,2047008.0,66727056.0,279941422.0,0.007312272636808996
2012-07-13,7.39,7.71,7.39,7.7,1948723.0,64081516.0,279941422.0,0.006961181328856721
2012-07-16,7.72,7.79,7.49,7.54,2295215.0,75746216.0,279941422.0,0.00819891169946261
2012-07-17,7.4,7.77,7.27,7.54,3319350.0,108783784.0,279941422.0,0.011857302060857574
2012-07-18,7.44,7.53,7.14,7.4,1636598.0,52166288.0,279941422.0,0.005846215927273528
2012-07-19,7.4,7.64,7.29,7.48,913070.0,29507484.0,279941422.0,0.0032616466454899982
2012-07-20,7.44,7.75,7.38,7.72,906470.0,30244336.0,279941422.0,0.003238070284575464
2012-07-23,7.66,7.73,7.53,7.55,1008825.0,33653240.0,279941422.0,0.003603700348425036
2012-07-24,7.49,7.55,7.41,7.49,1276185.0,41237776.0,279941422.0,0.00455875729601745
2012-07-25,7.56,7.68,7.46,7.56,663234.0,21697540.0,279941422.0,0.0023691885083015687
2012-07-26,7.65,7.65,7.42,7.53,939927.0,30700804.0,279941422.0,0.003357584573532673
2012-07-27,7.42,7.43,7.06,7.34,2783309.0,87069696.0,279941422.0,0.009942469321313943
2012-07-30,7.15,7.32,7.14,7.3,1111775.0,34758392.0,279941422.0,0.0039714558569328125
2012-07-31,7.21,7.37,7.1,7.2,629734.0,19817792.0,279941422.0,0.0022495206157808257
2012-08-01,7.2,7.53,7.2,7.33,829625.0,26568988.0,279941422.0,0.0029635664278364637
2012-08-02,7.26,7.83,7.26,7.67,2323294.0,77009488.0,279941422.0,0.008299214826450371
2012-08-03,7.67,8.25,7.57,8.23,2808018.0,96553288.0,279941422.0,0.010030734215531705
2012-08-06,8.09,8.36,8.09,8.34,2076469.0,74386528.0,279941422.0,0.007417512510885224
2012-08-07,8.26,8.26,8.0,8.11,1408650.0,49572508.0,279941422.0,0.005031945576099845
2012-08-08,8.12,8.12,7.95,8.05,461283.0,15988606.0,279941422.0,0.0016477840138998793
2012-08-09,7.98,8.2,7.97,8.2,750159.0,26444300.0,279941422.0,0.0026796998980736764
2012-08-10,8.2,8.32,8.12,8.29,751268.0,26963602.0,279941422.0,0.0026836614411424975
2012-08-13,8.29,8.29,8.13,8.2,1813344.0,64525308.0,279941422.0,0.0064775837282129685
2012-08-14,8.18,8.18,7.74,7.91,2595074.0,88929064.0,279941422.0,0.00927006079150373
2012-08-15,7.89,8.01,7.79,7.96,380333.0,13107889.0,279941422.0,0.001358616375107218
2012-08-16,7.83,8.0,7.63,7.63,1961006.0,65874360.0,279941422.0,0.007005058365389028
2012-08-17,7.63,7.67,7.51,7.67,3139116.0,103146488.0,279941422.0,0.011213474510392393
2012-08-20,7.57,7.91,7.57,7.91,1015691.0,34295212.0,279941422.0,0.003628226908127944
2012-08-21,7.91,8.24,7.9,7.99,1422090.0,50043748.0,279941422.0,0.005079955620143989
2012-08-22,8.0,8.09,7.87,7.91,1323553.0,45884380.0,279941422.0,0.004727964123865885
2012-08-23,8.0,8.06,7.88,8.03,2049988.0,70709512.0,279941422.0,0.007322917720979498
2012-08-24,7.99,8.1,7.84,8.0,823204.0,28550620.0,279941422.0,0.0029406294864073386
2012-08-27,8.0,8.06,7.68,7.89,1162923.0,39258180.0,279941422.0,0.004154165509668662
2012-08-28,7.84,7.93,7.7,7.79,359828.0,12161296.0,279941422.0,0.0012853689083568347
2012-08-29,7.76,7.9,7.67,7.81,257665.0,8703150.0,279941422.0,0.0009204247022793218
2012-08-30,7.76,7.8,7.3,7.55,1333224.0,43320052.0,279941422.0,0.0047625106369574705
2012-08-31,7.72,7.72,7.42,7.61,303119.0,9886314.0,279941422.0,0.0010827943854625414
2012-09-03,7.62,8.18,7.59,8.15,1132337.0,38235336.0,279941422.0,0.004044906937709276
2012-09-04,8.09,8.09,7.85,7.9,750249.0,25898368.0,279941422.0,0.002680021393904329
2012-09-05,7.84,7.92,7.6,7.65,1866026.0,62256912.0,279941422.0,0.0066657730987735
2012-09-06,7.67,7.69,7.58,7.65,861638.0,28560146.0,279941422.0,0.0030779224947996443
2012-09-07,7.69,8.06,7.67,7.88,1313861.0,44511356.0,279941422.0,0.004693342595080481
2012-09-10,7.88,8.03,7.79,7.88,878500.0,30256294.0,279941422.0,0.0031381565247603836
2012-09-11,7.88,8.21,7.84,8.07,1194557.0,42041160.0,279941422.0,0.004267167721967205
2012-09-12,8.18,8.25,8.03,8.12,932899.0,33082708.0,279941422.0,0.0033324793213345897
2012-09-13,8.14,8.19,7.97,7.97,606518.0,21408308.0,279941422.0,0.0021665889801760025
2012-09-14,8.06,8.15,7.93,8.11,733256.0,25593074.0,279941422.0,0.002619319408901195
2012-09-17,8.11,8.19,7.95,8.06,918823.0,32264720.0,279941422.0,0.003282197373420501
2012-09-18,8.04,8.17,7.93,8.17,989845.0,34782292.0,279941422.0,0.0035359004499162685
2012-09-19,8.16,8.2,8.03,8.04,639180.0,22524434.0,279941422.0,0.002283263389295779
2012-09-20,8.1,8.1,7.74,7.83,1024289.0,34893624.0,279941422.0,0.0036589404764829692
2012-09-21,7.65,7.83,7.58,7.81,790110.0,26342148.0,279941422.0,0.0028224118973004288
2012-09-24,7.79,7.88,7.72,7.84,146494.0,4952212.0,279941422.0,0.0005233023357293655
2012-09-25,7.83,7.97,7.83,7.89,176674.0,6059078.0,279941422.0,0.0006311106042749187
2012-09-26,7.93,7.93,7.73,7.84,236034.0,8026594.0,279941422.0,0.0008431549654698832
2012-09-27,7.88,8.02,7.74,7.89,246370.0,8438550.0,279941422.0,0.0008800769755324026
2012-09-28,7.81,7.95,7.81,7.95,373648.0,12818147.0,279941422.0,0.0013347363792415115
2012-10-08,7.95,8.0,7.92,7.95,107189.0,3697380.0,279941422.0,0.0003828979621315205
2012-10-09,7.96,8.18,7.96,8.16,426480.0,15024814.0,279941422.0,0.0015234615761864638
2012-10-10,8.16,8.52,8.06,8.39,598510.0,21703726.0,279941422.0,0.002137982995599701
2012-10-11,8.4,8.41,8.18,8.23,629432.0,22748780.0,279941422.0,0.002248441818660191
2012-10-12,8.27,8.35,8.05,8.16,363442.0,12867524.0,279941422.0,0.0012982787520454905
2012-10-15,8.15,8.27,8.09,8.23,263861.0,9429656.0,279941422.0,0.0009425579041318151
2012-10-16,8.23,8.49,8.23,8.3,1189677.0,43540240.0,279941422.0,0.004249735503594034
2012-10-17,8.3,8.42,8.25,8.3,555356.0,20017098.0,279941422.0,0.001983829316977607
2012-10-18,8.34,8.47,8.27,8.43,777984.0,28316502.0,279941422.0,0.0027790956923838157
2012-10-19,8.46,8.46,8.07,8.29,517261.0,18658712.0,279941422.0,0.0018477472762140931
2012-10-22,8.17,8.4,8.17,8.29,281119.0,10126003.0,279941422.0,0.0010042065157474266
2012-10-23,8.25,8.38,8.05,8.06,484960.0,17124304.0,279941422.0,0.0017323624225928237
2012-10-24,8.06,8.25,7.9,7.95,513649.0,18029732.0,279941422.0,0.0018348445768772298
2012-10-25,7.96,8.06,7.67,7.72,936293.0,31603822.0,279941422.0,0.003344603286326094
2012-10-26,7.72,7.87,7.61,7.86,465456.0,15679548.0,279941422.0,0.0016626907039144782
2012-10-29,7.79,7.86,7.72,7.75,494852.0,16677948.0,279941422.0,0.0017676983865574562
2012-10-30,7.76,8.01,7.76,7.96,647257.0,22361458.0,279941422.0,0.002312115854008915
2012-10-31,7.97,8.02,7.85,7.97,460477.0,15849730.0,279941422.0,0.0016449048401275892
2012-11-01,8.0,8.05,7.9,8.0,880967.0,30427648.0,279941422.0,0.003146969082696165
2012-11-02,7.95,8.02,7.9,7.95,898604.0,30926036.0,279941422.0,0.003209971548976414
2012-11-05,7.95,8.02,7.89,7.9,904299.0,31131256.0,279941422.0,0.0032303150907049406
2012-11-06,7.89,7.98,7.78,7.83,986693.0,33650456.0,279941422.0,0.00352464095149163
2012-11-07,7.91,7.93,7.75,7.88,701990.0,23738540.0,279941422.0,0.002507631757332432
2012-11-08,7.76,7.85,7.74,7.8,192278.0,6505063.0,279941422.0,0.0006868508369583119
2012-11-09,7.76,7.85,7.65,7.73,281493.0,9400156.0,279941422.0,0.0010055425095325836
2012-11-12,7.73,7.73,7.14,7.53,1193269.0,38962516.0,279941422.0,0.004262566759412975
2012-11-13,7.44,7.55,7.38,7.45,328405.0,10614651.0,279941422.0,0.0011731204251723777
2012-11-14,7.49,7.56,7.49,7.52,536768.0,17526550.0,279941422.0,0.001917429711420127
2012-11-15,7.55,7.7,7.4,7.6,960993.0,31515842.0,279941422.0,0.0034328360309607915
2012-11-16,7.48,7.59,7.2,7.23,1451838.0,46148328.0,279941422.0,0.0051862207087024085
2012-11-19,7.16,7.44,7.16,7.37,1328198.0,42214640.0,279941422.0,0.004744556880903463
2012-11-20,7.33,7.38,7.33,7.36,852418.0,27263632.0,279941422.0,0.0030449870330372187
2012-11-21,7.33,7.46,7.33,7.37,947073.0,30246930.0,279941422.0,0.003383111342486501
2012-11-22,7.46,7.67,7.37,7.6,1555129.0,51167148.0,279941422.0,0.005555194329190769
2012-11-23,7.56,7.82,7.56,7.71,859700.0,28577120.0,279941422.0,0.003070999617912922
2012-11-26,7.68,7.68,7.42,7.59,281483.0,9270893.0,279941422.0,0.0010055067877736221
2012-11-27,7.51,7.64,7.33,7.37,600544.0,19346418.0,279941422.0,0.002145248801372453
2012-11-28,7.37,7.44,7.21,7.26,572981.0,18101286.0,279941422.0,0.002046788917147102
2012-11-29,7.26,7.37,7.23,7.29,698820.0,22193998.0,279941422.0,0.0024963079597416634
2012-11-30,7.31,7.38,7.19,7.3,1042143.0,32701840.0,279941422.0,0.0037227181049326813
2012-12-03,7.13,7.46,7.13,7.27,585375.0,18570932.0,279941422.0,0.002091062465203881
2012-12-04,7.35,7.37,7.03,7.22,1246008.0,38745388.0,279941422.0,0.004450959743999586
2012-12-05,7.21,7.56,7.21,7.4,1128778.0,36309896.0,279941422.0,0.0040321935636949075
2012-12-06,7.37,7.44,7.33,7.41,474901.0,15249140.0,279941422.0,0.0016964299052535355
2012-12-07,7.31,7.59,7.31,7.57,649040.0,20902502.0,279941422.0,0.0023184850436317353
2012-12-10,7.53,7.6,7.33,7.57,452272.0,14573636.0,279941422.0,0.0016155951368997474
2012-12-11,7.4,7.55,7.38,7.49,306272.0,9982652.0,279941422.0,0.001094057456063076
2012-12-12,7.53,7.55,7.42,7.53,309146.0,10066887.0,279941422.0,0.0011043238895885868
2012-12-13,7.57,7.58,7.42,7.53,396827.0,12844014.0,279941422.0,0.0014175358443381772
2012-12-14,7.46,7.68,7.43,7.53,1695385.0,55501944.0,279941422.0,0.006056213431680004
2012-12-17,7.51,7.54,7.37,7.42,1467780.0,47118060.0,279941422.0,0.005243168336838698
2012-12-18,7.46,7.46,7.22,7.42,1742733.0,55244372.0,279941422.0,0.006225348816010516
2012-12-19,7.36,7.76,7.26,7.72,1412756.0,46051296.0,279941422.0,0.005046612930329403
2012-12-20,7.6,7.65,7.56,7.6,1136077.0,37458104.0,279941422.0,0.004058266875560845
2012-12-21,7.58,7.65,7.55,7.61,1940182.0,63843508.0,279941422.0,0.006930671374527775
2012-12-24,7.6,7.88,7.55,7.75,2971453.0,99726424.0,279941422.0,0.010614552783117605
2012-12-25,7.71,8.06,7.66,7.95,1286340.0,44298704.0,279941422.0,0.004595032742242768
2012-12-26,7.84,8.02,7.69,7.95,1531393.0,52321628.0,279941422.0,0.005470405162119952
2012-12-27,7.9,7.97,7.8,7.83,1303336.0,44563756.0,279941422.0,0.004655745443773591
2012-12-28,7.81,7.93,7.72,7.83,2511824.0,84912544.0,279941422.0,0.008972677148149944
2012-12-31,7.81,8.01,7.72,7.83,3546445.0,120845288.0,279941422.0,0.012668525345991848
2013-01-04,7.86,7.86,7.74,7.76,1531644.0,51670784.0,279941422.0,0.005471301778269884
2013-01-07,7.74,7.81,7.67,7.81,1377316.0,46420152.0,279941422.0,0.004920015016570145
2013-01-08,7.88,8.57,7.75,8.21,2136527.0,76047080.0,279941422.0,0.007632050250855695
2013-01-09,8.24,8.57,8.03,8.57,2234498.0,81488592.0,279941422.0,0.007982019895576583
2013-01-10,8.55,8.59,8.35,8.59,825840.0,30251022.0,279941422.0,0.002950045742069568
2013-01-11,8.56,8.57,8.26,8.32,422107.0,15439085.0,279941422.0,0.0015078404509926366
2013-01-14,8.34,8.57,8.34,8.56,2106287.0,77658920.0,279941422.0,0.007524027651756374
2013-01-15,8.56,8.8,8.52,8.71,640754.0,24225586.0,279941422.0,0.002288885994156306
2013-01-16,8.69,9.03,8.68,8.76,1685407.0,64488268.0,279941422.0,0.006020570260588303
2013-01-17,8.76,8.87,8.57,8.69,801273.0,30437166.0,279941422.0,0.0028622880968290575
2013-01-18,8.6,8.95,8.6,8.95,503951.0,19175312.0,279941422.0,0.0018002016150364486
2013-01-21,8.95,9.01,8.75,8.87,1102169.0,42392828.0,279941422.0,0.003937141535274476
2013-01-22,8.78,8.99,8.77,8.83,779310.0,30114254.0,279941422.0,0.0027838323976220997
2013-01-23,8.82,8.84,8.52,8.57,984576.0,36847388.0,279941422.0,0.0035170786551194985
2013-01-24,8.58,8.63,8.46,8.59,557544.0,20684206.0,279941422.0,0.0019916452378383647
2013-01-25,8.49,8.89,8.46,8.83,791065.0,30176696.0,279941422.0,0.002825823325281244
2013-01-28,8.83,9.22,8.77,9.17,983040.0,38612260.0,279941422.0,0.003511591792943025
2013-01-29,9.12,9.16,8.95,9.05,1032308.0,40470752.0,279941422.0,0.0036875857549941286
2013-01-30,9.06,9.06,8.82,8.89,469833.0,18148734.0,279941422.0,0.00167832611781189
2013-01-31,8.85,8.91,8.71,8.76,347191.0,13240810.0,279941422.0,0.0012402273215572936
2013-02-01,8.77,8.94,8.76,8.91,522165.0,20109360.0,279941422.0,0.0018652652268087715
2013-02-04,8.94,8.94,8.52,8.71,398029.0,14981228.0,279941422.0,0.0014218295997653395
2013-02-05,8.71,9.16,8.65,8.89,676929.0,26140292.0,279941422.0,0.002418109457199228
2013-02-06,8.98,9.05,8.88,8.99,576831.0,22452298.0,279941422.0,0.002060541794347247
2013-02-07,8.87,9.12,8.87,9.12,962275.0,37953276.0,279941422.0,0.003437415560459645
2013-02-08,9.09,9.32,9.07,9.2,1102152.0,43785344.0,279941422.0,0.0039370808082842415
2013-02-18,9.22,9.32,8.98,9.14,532001.0,21135654.0,279941422.0,0.00190040114892322
2013-02-19,9.04,9.09,8.89,8.92,530829.0,20570164.0,279941422.0,0.0018962145587729422
2013-02-20,8.92,9.47,8.84,9.34,2949612.0,117700640.0,279941422.0,0.010536532889369976
2013-02-21,9.34,9.45,8.87,8.99,2809298.0,111185864.0,279941422.0,0.010035306600678766
2013-02-22,8.98,9.25,8.89,8.97,1535534.0,60670192.0,279941422.0,0.005485197542505875
2013-02-25,8.97,9.12,8.96,9.05,498829.0,19597070.0,279941422.0,0.0017819049300964113
2013-02-26,9.06,9.37,9.05,9.05,876934.0,35172184.0,279941422.0,0.003132562497307026
2013-02-27,9.06,9.15,8.71,8.71,1535671.0,58523084.0,279941422.0,0.005485686930603646
2013-02-28,8.84,8.88,8.59,8.81,1899860.0,71419600.0,279941422.0,0.006786634098043554
2013-03-01,8.84,9.45,8.84,9.17,2309645.0,92082360.0,279941422.0,0.008250458197643935
2013-03-04,9.11,9.68,9.01,9.53,3487638.0,143232528.0,279941422.0,0.01245845639806745
2013-03-05,9.53,10.11,9.33,9.87,1758406.0,74184296.0,279941422.0,0.006281335528830742
2013-03-06,9.91,10.6,9.78,9.86,1634531.0,71013384.0,279941422.0,0.005838832239696203
2013-03-07,9.86,9.86,9.4,9.7,2888791.0,119467208.0,279941422.0,0.01031926957919075
2013-03-08,9.7,9.77,9.3,9.49,1451328.0,59616488.0,279941422.0,0.005184398898995376
2013-03-11,9.39,9.77,9.39,9.68,1111687.0,46313888.0,279941422.0,0.003971141505453951
2013-03-12,9.71,10.02,9.33,9.45,1387067.0,57682036.0,279941422.0,0.004954847303733422
2013-03-13,9.35,9.4,9.25,9.34,379725.0,15391457.0,279941422.0,0.0013564444921623639
2013-03-14,9.29,9.81,9.29,9.8,1347502.0,56378184.0,279941422.0,0.00481351416440258
2013-03-15,9.8,10.35,9.7,10.14,3060568.0,134178272.0,279941422.0,0.010932887238102262
2013-03-18,10.11,10.42,9.79,10.02,1760966.0,76955408.0,279941422.0,0.006290480299124865
2013-03-19,10.02,10.25,9.68,9.93,917450.0,39478840.0,279941422.0,0.0032772927759150985
2013-03-20,9.93,10.01,9.63,9.79,3024405.0,127980976.0,279941422.0,0.010803706641170094
2013-03-21,9.81,9.81,9.59,9.66,4461257.0,187309056.0,279941422.0,0.015936394721892923
2013-03-22,9.67,9.8,9.58,9.76,2855492.0,120375040.0,279941422.0,0.01020031969402513
2013-03-25,9.77,9.95,9.51,9.66,3050208.0,127268096.0,279941422.0,0.010895879495818236
2013-03-26,9.57,9.64,9.5,9.6,1157623.0,48105072.0,279941422.0,0.004135232977419112
2013-03-27,9.6,10.14,9.6,10.11,1951278.0,83881336.0,279941422.0,0.006970308238271362
2013-03-28,10.09,10.09,9.68,9.9,1254613.0,54180924.0,279941422.0,0.004481698317585884
2013-03-29,9.88,10.0,9.71,9.85,709659.0,30367196.0,279941422.0,0.002535026774279942
2013-04-01,9.68,10.11,9.57,10.05,2348312.0,100328880.0,279941422.0,0.00838858352302004
2013-04-02,10.02,10.09,9.33,9.61,3280809.0,139035216.0,279941422.0,0.011719626829644381
2013-04-03,9.53,9.63,9.33,9.45,1376106.0,56465008.0,279941422.0,0.004915692683735814
2013-04-08,9.46,9.7,9.42,9.61,702664.0,29174084.0,279941422.0,0.0025100394038864316
2013-04-09,9.57,9.66,9.06,9.2,2492047.0,100574360.0,279941422.0,0.008902030225451952
2013-04-10,9.1,9.19,8.57,8.81,4320217.0,164350688.0,279941422.0,0.015432575033501116
2013-04-11,8.76,8.97,8.67,8.85,1601741.0,61370504.0,279941422.0,0.0057217005920617205
2013-04-12,8.85,8.94,8.76,8.85,1055420.0,40663208.0,279941422.0,0.003770145884305753
2013-04-15,8.78,8.93,8.76,8.82,407651.0,15625154.0,279941422.0,0.0014562010762380138
2013-04-16,8.82,9.1,8.69,9.0,864867.0,33387790.0,279941422.0,0.0030894570507682853
2013-04-17,8.99,9.46,8.99,9.4,1380314.0,55840116.0,279941422.0,0.004930724399906778
2013-04-18,9.28,9.41,9.22,9.28,876735.0,35389508.0,279941422.0,0.003131851634303694
2013-04-19,9.23,9.34,9.15,9.22,2441995.0,97921944.0,279941422.0,0.008723235677498274
2013-04-22,9.29,9.67,9.2,9.61,3082571.0,124479504.0,279941422.0,0.011011485824345066
2013-04-23,9.65,9.7,9.22,9.48,2233601.0,91601056.0,279941422.0,0.007978815653797744
2013-04-24,9.44,9.52,9.34,9.49,1901354.0,77721000.0,279941422.0,0.00679197092883239
2013-04-25,9.42,9.42,8.99,9.22,2581378.0,103179800.0,279941422.0,0.009221136270430176
2013-04-26,9.12,9.26,8.85,8.99,1419165.0,55584344.0,279941422.0,0.005069507005647775
2013-05-02,8.99,8.99,8.76,8.8,3075313.0,118104912.0,279941422.0,0.01098555897169087
2013-05-03,8.87,9.08,8.73,8.92,3608234.0,139988400.0,279941422.0,0.01288924652243854
2013-05-06,8.94,9.16,8.92,9.1,2981773.0,116799744.0,279941422.0,0.010651417638365787
2013-05-07,9.1,9.27,8.99,9.27,3372127.0,133123456.0,279941422.0,0.012045830788128238
2013-05-08,9.24,9.58,9.2,9.47,2244197.0,91577968.0,279941422.0,0.008016666429593259
2013-05-09,9.47,9.51,9.26,9.42,1245024.0,50529348.0,279941422.0,0.004447444722917782
2013-05-10,9.4,9.5,9.29,9.44,1036707.0,42376692.0,279941422.0,0.0037032997567612554
2013-05-13,9.44,9.52,9.1,9.18,1236862.0,49646984.0,279941422.0,0.004418288623253475
2013-05-14,9.1,9.25,8.96,8.99,1176753.0,46195860.0,279941422.0,0.0042035687023123
2013-05-15,8.94,9.11,8.94,9.07,1423476.0,55799744.0,279941422.0,0.005084906655936041
2013-05-16,9.04,9.33,8.99,9.26,1864900.0,74416496.0,279941422.0,0.006661750828714444
2013-05-17,9.29,9.5,9.29,9.5,1139533.0,46526612.0,279941422.0,0.00407061231545791
2013-05-20,9.31,9.31,8.55,9.04,8956085.0,339818240.0,279941422.0,0.03199271096079522
2013-05-21,8.85,8.86,8.29,8.84,4565655.0,173134464.0,279941422.0,0.016309322741098316
2013-05-22,8.78,9.01,8.69,8.85,2295414.0,88030120.0,279941422.0,0.008199622562465944
2013-05-23,8.82,8.84,8.73,8.76,1936609.0,73607344.0,279941422.0,0.006917907990050862
2013-05-24,8.76,8.87,8.59,8.67,3205925.0,121313472.0,279941422.0,0.011452128009837715
2013-05-27,8.67,8.75,8.6,8.73,1859371.0,70190768.0,279941422.0,0.006642000268184678
2013-05-28,8.73,9.19,8.73,9.11,3152255.0,123591840.0,279941422.0,0.011260409329491796
2013-05-29,9.18,9.26,8.99,9.13,1269071.0,50300560.0,279941422.0,0.0045333448366922996
2013-05-30,9.12,9.26,9.03,9.19,1747005.0,69480160.0,279941422.0,0.006240609151438832
2013-05-31,9.16,10.02,9.11,9.65,3291274.0,136451408.0,279941422.0,0.011757009650397504
2013-06-03,9.58,9.77,9.53,9.61,2549409.0,106889248.0,279941422.0,0.009106937379206426
2013-06-04,9.55,9.8,9.2,9.78,2228013.0,91844512.0,279941422.0,0.007958854334890105
2013-06-05,9.77,9.77,9.49,9.64,1446923.0,60338808.0,279941422.0,0.0051686634641728724
2013-06-06,9.63,9.68,9.22,9.45,1598878.0,65833360.0,279941422.0,0.0057114734524710675
2013-06-07,9.44,9.55,9.1,9.17,1750587.0,70357720.0,279941422.0,0.006253404685498811
2013-06-13,9.1,9.1,8.82,9.1,819947.0,31927442.0,279941422.0,0.0029289949095136054
2013-06-14,9.1,9.53,9.1,9.45,1215811.0,49672940.0,279941422.0,0.004343090748463798
2013-06-17,9.47,9.72,9.45,9.68,2257110.0,94300352.0,279941422.0,0.008062793936940135
2013-06-18,9.68,9.82,9.52,9.55,1508738.0,63379996.0,279941422.0,0.005389477517192865
2013-06-19,9.56,9.56,9.41,9.45,795743.0,32662220.0,279941422.0,0.0028425339641233944
2013-06-20,9.3,9.49,9.3,9.44,807486.0,33029384.0,279941422.0,0.002884482025671785
2013-06-21,9.34,9.79,9.1,9.67,1209444.0,50078400.0,279941422.0,0.004320346704533065
2013-06-24,9.63,9.63,8.99,9.24,1290331.0,52249720.0,279941422.0,0.0046092892962442695
2013-06-25,9.19,9.4,8.64,9.11,2697963.0,105261248.0,279941422.0,0.009637598397281844
2013-06-26,9.11,9.32,8.87,9.14,2046157.0,80329304.0,279941422.0,0.00730923271512138
2013-06-27,9.12,9.31,9.05,9.21,1918924.0,76391360.0,279941422.0,0.006854734059327598
2013-06-28,9.15,9.24,8.88,9.18,2836587.0,111798640.0,279941422.0,0.010132787708708573
2013-07-01,9.03,9.37,8.95,9.22,1866237.0,74413136.0,279941422.0,0.006666526827887586
2013-07-02,9.26,9.58,8.96,9.5,2671394.0,108214976.0,279941422.0,0.009542689255897257
2013-07-03,9.45,9.58,9.28,9.51,1576748.0,64777032.0,279941422.0,0.005632421199889454
2013-07-04,9.45,9.6,9.38,9.49,1047802.0,43182176.0,279941422.0,0.0037429330483289467
2013-07-05,9.5,9.5,9.12,9.13,1600375.0,64279000.0,279941422.0,0.005716820999787591
2013-07-08,8.96,9.14,8.88,9.05,913157.0,35838320.0,279941422.0,0.0032619574247929627
2013-07-09,9.12,9.38,9.03,9.37,620378.0,24955948.0,279941422.0,0.002216099338096525
2013-07-10,9.33,9.45,9.21,9.42,1627144.0,65755068.0,279941422.0,0.005812444576351406
2013-07-11,9.4,9.58,9.24,9.34,2007293.0,82355296.0,279941422.0,0.007170403671093733
2013-07-12,9.33,9.71,9.33,9.54,2085062.0,86651688.0,279941422.0,0.007448208218360768
2013-07-15,9.65,10.13,9.6,10.11,3804695.0,164321520.0,279941422.0,0.013591039771170413
2013-07-16,10.12,10.38,10.0,10.25,2164125.0,96312504.0,279941422.0,0.00773063516123741
2013-07-17,10.25,10.33,9.88,9.91,1183179.0,51495040.0,279941422.0,0.004226523504620906
2013-07-18,9.79,10.02,9.72,9.96,1822954.0,77835184.0,279941422.0,0.006511912338574889
2013-07-19,9.97,10.11,9.7,9.82,2237972.0,96641936.0,279941422.0,0.007994429634639779
2013-07-22,9.71,10.41,9.71,10.3,1345443.0,59380124.0,279941422.0,0.004806159054232424
2013-07-23,10.23,10.64,10.23,10.46,1331033.0,60490416.0,279941422.0,0.004754683999569024
2013-07-24,10.3,10.55,10.05,10.48,1298910.0,58465504.0,279941422.0,0.004639934993257268
2013-07-25,10.49,10.59,10.12,10.53,1198582.0,54122288.0,279941422.0,0.004281545729949175
2013-07-26,10.42,10.42,10.06,10.26,1499955.0,66475568.0,279941422.0,0.005358103096297053
2013-07-29,10.09,10.36,10.05,10.3,906716.0,39950236.0,279941422.0,0.0032389490398459144
2013-07-30,10.32,10.45,9.99,10.15,1244797.0,55273716.0,279941422.0,0.004446633838989358
2013-07-31,10.16,10.16,9.89,10.09,871906.0,37775244.0,279941422.0,0.003114601596901226
2013-08-01,10.11,10.29,10.0,10.28,1054772.0,46768948.0,279941422.0,0.0037678311143250535
2013-08-02,10.14,10.3,9.97,10.27,885796.0,38972348.0,279941422.0,0.0031642191200986327
2013-08-05,10.19,10.22,10.06,10.13,2813787.0,123425160.0,279941422.0,0.010051342098276546
2013-08-06,10.11,10.37,9.87,10.3,2416053.0,105417192.0,279941422.0,0.008630566290400567
2013-08-07,10.32,10.8,10.16,10.6,3017867.0,137740288.0,279941422.0,0.010780351755161122
2013-08-08,10.55,10.77,10.37,10.55,1309775.0,59912060.0,279941422.0,0.0046787466843688464
2013-08-09,10.54,10.83,10.41,10.53,1173751.0,54133240.0,279941422.0,0.004192845030272083
2013-08-12,10.67,10.81,10.32,10.55,1459705.0,66470924.0,279941422.0,0.005214323016477354
2013-08-13,10.55,10.55,10.22,10.33,801918.0,35985904.0,279941422.0,0.0028645921502820685
2013-08-14,10.34,10.41,9.94,10.11,2465335.0,108159768.0,279941422.0,0.008806610262914218
2013-08-15,10.1,10.1,9.75,9.82,3978396.0,170704992.0,279941422.0,0.014211530296506103
2013-08-16,9.8,10.0,9.63,9.64,2218655.0,94337936.0,279941422.0,0.007925425912854011
2013-08-19,9.57,9.86,9.55,9.83,2053649.0,86854304.0,279941422.0,0.007335995456935272
2013-08-20,9.83,9.84,9.54,9.7,2439043.0,102302664.0,279941422.0,0.008712690614252862
2013-08-21,9.7,9.76,9.6,9.74,975894.0,41099496.0,279941422.0,0.0034860650239891973
2013-08-22,9.73,9.8,9.63,9.7,803615.0,33818516.0,279941422.0,0.002870654132777821
2013-08-23,9.7,9.74,9.51,9.58,1375726.0,57609608.0,279941422.0,0.00491433525689528
2013-08-26,9.65,9.76,9.58,9.71,1659228.0,69525112.0,279941422.0,0.005927054267803212
2013-08-27,9.71,9.83,9.7,9.82,1010658.0,42786800.0,279941422.0,0.0036102481468426634
2013-08-28,9.79,9.83,9.71,9.71,922691.0,39061040.0,279941422.0,0.0032960145497867763
2013-08-29,9.78,9.86,9.6,9.71,592308.0,25054202.0,279941422.0,0.0021158283606918307
2013-08-30,9.66,9.75,9.51,9.51,866913.0,36129920.0,279941422.0,0.003096765722651791
2013-09-02,9.51,9.56,9.35,9.52,788886.0,32466772.0,279941422.0,0.0028180395540035514
2013-09-03,9.55,9.91,9.45,9.84,1040251.0,44089848.0,279941422.0,0.0037159595481371815
2013-09-04,9.84,9.93,9.75,9.88,693813.0,29714412.0,279941422.0,0.0024784220750296826
2013-09-05,9.88,9.88,9.55,9.61,1392695.0,58235808.0,279941422.0,0.004974951509676907
2013-09-06,9.61,9.74,9.56,9.68,988086.0,41518656.0,279941422.0,0.0035296169925149554
2013-09-09,9.67,9.88,9.61,9.68,1054996.0,44534388.0,279941422.0,0.003768631281725789
2013-09-10,9.7,9.71,9.35,9.37,1948760.0,79889656.0,279941422.0,0.006961313499364878
2013-09-11,9.33,9.43,9.12,9.24,2031834.0,81200568.0,279941422.0,0.007258068439760944
2013-09-12,9.22,9.33,9.17,9.23,843689.0,33920504.0,279941422.0,0.0030138055096397987
2013-09-13,9.29,9.58,9.25,9.55,970114.0,39831112.0,279941422.0,0.0034654178473094988
2013-09-16,9.54,9.67,9.47,9.67,775031.0,32366522.0,279941422.0,0.00276854705696251
2013-09-17,9.55,9.67,9.42,9.64,1561412.0,64490376.0,279941422.0,0.005577638310346226
2013-09-18,9.64,9.75,9.58,9.7,1294538.0,54396064.0,279941422.0,0.004624317440239337
2013-09-23,9.64,10.0,9.6,9.93,1790507.0,76199520.0,279941422.0,0.006396005947272783
2013-09-24,10.02,10.14,9.7,10.13,2173008.0,94819232.0,279941422.0,0.007762366799722836
2013-09-25,10.02,10.11,9.86,9.87,836925.0,36217968.0,279941422.0,0.0029896433118782972
2013-09-26,9.81,10.11,9.81,10.03,1189172.0,51615368.0,279941422.0,0.004247931554766483
2013-09-27,9.86,10.51,9.86,10.31,1615346.0,72303960.0,279941422.0,0.005770300045128727
2013-09-30,10.42,10.46,10.06,10.11,913073.0,40362300.0,279941422.0,0.0032616573620176865
2013-10-08,10.13,10.36,9.99,10.14,564913.0,24905636.0,279941422.0,0.002017968602017032
2013-10-09,10.14,10.33,10.04,10.28,647814.0,28814942.0,279941422.0,0.0023141055559830655
2013-10-10,10.25,10.26,9.77,10.01,1132349.0,49000412.0,279941422.0,0.00404494980382003
2013-10-11,9.99,10.11,9.91,9.92,623674.0,27046454.0,279941422.0,0.002227873229850208
2013-10-14,9.99,10.02,9.76,9.82,1822249.0,77692496.0,279941422.0,0.00650939395456811
2013-10-15,9.85,10.0,9.78,9.82,2111439.0,90376200.0,279941422.0,0.007542431501973295
2013-10-16,9.82,9.82,9.54,9.67,2144300.0,89625448.0,279941422.0,0.007659816774096404
2013-10-17,9.67,9.76,9.5,9.56,772270.0,32244620.0,279941422.0,0.002758684279313263
2013-10-18,9.56,9.61,9.49,9.51,853673.0,35339888.0,279941422.0,0.0030494701137868765
2013-10-21,9.47,10.46,9.47,10.36,7504161.0,332301760.0,279941422.0,0.026806183044965744
2013-10-22,10.36,10.46,10.02,10.22,3155827.0,140921888.0,279941422.0,0.011273169141792815
2013-10-23,10.23,10.23,9.95,10.04,1703859.0,74777560.0,279941422.0,0.006086484050223907
2013-10-24,10.01,10.13,9.79,9.8,1027226.0,44286072.0,279941422.0,0.003669431957089937
2013-10-25,9.81,10.06,9.63,9.76,697005.0,29796446.0,279941422.0,0.0024898244604901663
2013-10-28,9.68,9.95,9.68,9.82,584780.0,24950280.0,279941422.0,0.002088937020545677
2013-10-29,9.82,10.25,9.82,9.94,2833074.0,123475024.0,279941422.0,0.01012023865478543
2013-10-30,9.85,10.4,9.76,10.37,1503091.0,65614260.0,279941422.0,0.005369305439907353
2013-10-31,10.16,10.38,9.89,10.17,915761.0,40291240.0,279941422.0,0.003271259370826515
2013-11-01,10.25,10.47,9.91,10.09,916030.0,40609268.0,279941422.0,0.0032722202861425772
2013-11-04,10.22,10.22,9.68,9.75,2020175.0,85778576.0,279941422.0,0.007216420440987829
2013-11-05,9.63,9.73,9.19,9.64,2962714.0,120737744.0,279941422.0,0.010583335537961223
2013-11-06,9.52,9.63,9.39,9.49,864492.0,35694232.0,279941422.0,0.003088117484807232
2013-11-07,9.49,9.61,9.35,9.53,676904.0,27741198.0,279941422.0,0.0024180201528018245
2013-11-08,9.52,9.58,9.19,9.21,848307.0,34435456.0,279941422.0,0.003030301817928181
2013-11-11,9.22,9.68,9.18,9.61,564017.0,23051438.0,279941422.0,0.0020147679324140893
2013-11-12,9.56,9.76,9.47,9.56,406400.0,16891132.0,279941422.0,0.0014517322841919407
2013-11-13,9.33,9.54,9.33,9.42,422747.0,17303042.0,279941422.0,0.0015101266435661672
2013-11-14,9.54,9.54,9.29,9.47,1194729.0,48815468.0,279941422.0,0.004267782136221341
2013-11-15,9.45,9.63,9.4,9.47,1269119.0,52269144.0,279941422.0,0.004533516301135314
2013-11-18,9.48,9.63,9.13,9.28,3554200.0,142776608.0,279941422.0,0.012696227570066426
2013-11-19,9.22,9.24,9.12,9.19,2314703.0,92165056.0,279941422.0,0.00826852626332662
2013-11-20,9.28,9.43,9.24,9.41,1405162.0,56856392.0,279941422.0,0.005019485826574104
2013-11-21,9.41,9.47,9.3,9.45,982531.0,40015192.0,279941422.0,0.003509773555411889
2013-11-22,9.49,9.59,9.46,9.47,1292671.0,53562604.0,279941422.0,0.00461764818784124
2013-11-25,9.33,9.56,9.33,9.49,1427956.0,58544056.0,279941422.0,0.005100910003950755
2013-11-26,9.44,9.53,9.22,9.32,939708.0,38156068.0,279941422.0,0.0033568022670114176
2013-11-27,9.32,9.32,9.14,9.17,1399681.0,55811208.0,279941422.0,0.004999906730487352
2013-11-28,9.21,9.29,9.12,9.22,2597485.0,103753800.0,279941422.0,0.009278673307589328
2013-11-29,9.19,9.36,9.15,9.3,3202894.0,128753432.0,279941422.0,0.01144130074469651
2013-12-02,9.22,9.39,9.13,9.29,2142029.0,85960560.0,279941422.0,0.007651704362636266
2013-12-03,9.24,9.47,9.17,9.46,2847843.0,115023512.0,279941422.0,0.010172996120595544
2013-12-04,9.44,9.58,9.43,9.55,2006446.0,82985288.0,279941422.0,0.0071673780381097014
2013-12-05,9.55,9.94,9.52,9.82,2123608.0,90643928.0,279941422.0,0.0075859013104534415
2013-12-06,9.71,9.95,9.71,9.78,854212.0,36459424.0,279941422.0,0.003051395516594897
2013-12-09,9.91,9.91,9.59,9.62,1501913.0,63249944.0,279941422.0,0.005365097416701698
2013-12-10,9.63,9.73,9.56,9.64,758093.0,31725776.0,279941422.0,0.0027080415416336637
2013-12-11,9.51,9.65,9.49,9.56,719853.0,29881236.0,279941422.0,0.0025714415353652095
2013-12-12,9.59,9.59,9.46,9.56,639198.0,26422514.0,279941422.0,0.00228332768846191
2013-12-13,9.33,9.6,9.33,9.56,508112.0,21038446.0,279941422.0,0.0018150654389402937
2013-12-16,9.55,9.88,9.47,9.68,799999.0,33822908.0,279941422.0,0.002857737144737373
2013-12-17,9.61,9.95,9.61,9.84,1851960.0,79039368.0,279941422.0,0.006615526872618373
2013-12-18,9.8,9.94,9.75,9.82,454185.0,19396784.0,279941422.0,0.0016224287093890663
2013-12-19,9.93,10.25,9.84,9.94,1600367.0,69890912.0,279941422.0,0.005716792422380422
2013-12-20,10.02,10.2,9.79,9.87,1470605.0,63832680.0,279941422.0,0.005253259733745298
2013-12-23,9.72,10.6,9.72,10.39,3913762.0,176807856.0,279941422.0,0.013980646279634888
2013-12-24,10.39,10.59,10.24,10.39,3039634.0,137386592.0,279941422.0,0.010858107307892434
2013-12-25,10.48,10.58,10.31,10.38,1507584.0,68562928.0,279941422.0,0.005385355226208717
2013-12-26,10.31,10.88,10.31,10.84,3116032.0,145282528.0,279941422.0,0.011131014402005859
2013-12-27,10.73,10.94,10.62,10.71,3912672.0,183182608.0,279941422.0,0.013976752607908092
2013-12-30,10.74,10.86,10.37,10.6,1674419.0,77320016.0,279941422.0,0.005981319191841499
2013-12-31,10.59,10.83,10.49,10.6,2878832.0,133629152.0,279941422.0,0.010283694279441076
2014-01-02,10.5,11.45,10.5,11.22,3353139.0,163488080.0,279941422.0,0.011978002312212303
2014-01-03,11.22,11.52,11.07,11.29,2578524.0,126146184.0,279941422.0,0.009210941280422588
2014-01-06,11.5,11.52,11.06,11.11,2350667.0,114761904.0,279941422.0,0.008396995997255454
2014-01-07,10.92,11.52,10.78,10.99,1297891.0,62695292.0,279941422.0,0.0046362949460191
2014-01-08,10.96,11.87,10.92,11.64,1720867.0,85409200.0,279941422.0,0.006147239617865483
2014-01-09,11.52,11.97,11.32,11.59,1453170.0,74245320.0,279941422.0,0.005190978846996069
2014-01-10,11.42,11.75,11.29,11.43,1345482.0,67281176.0,279941422.0,0.0048062983690923735
2014-01-13,11.31,11.61,11.08,11.09,1370054.0,67030712.0,279941422.0,0.004894073875212365
2014-01-14,11.09,11.41,11.06,11.34,899520.0,43944836.0,279941422.0,0.00321324366209728
2014-01-15,11.28,11.54,11.22,11.51,1088372.0,53795416.0,279941422.0,0.0038878562244354107
2014-01-16,11.46,11.57,11.06,11.52,1867691.0,92637736.0,279941422.0,0.006671720771640576
2014-01-17,11.39,11.53,11.17,11.34,1003063.0,49617216.0,279941422.0,0.003583117470911468
2014-01-20,11.16,11.38,10.83,10.99,1807412.0,86231208.0,279941422.0,0.006456393580797057
2014-01-21,11.01,11.03,10.74,10.88,1167355.0,54937940.0,279941422.0,0.004169997393240361
2014-01-22,10.75,11.14,10.74,11.06,1343189.0,64067952.0,279941422.0,0.004798107369762521
2014-01-23,11.06,11.1,10.83,10.83,1922512.0,91508272.0,279941422.0,0.006867551026442953
2014-01-24,10.92,11.35,10.62,11.25,2007404.0,94172560.0,279941422.0,0.007170800182618205
2014-01-27,11.11,11.21,10.51,10.53,2372598.0,111288160.0,279941422.0,0.008475337386833736
2014-01-28,10.55,10.78,10.23,10.7,2509693.0,114934912.0,279941422.0,0.008965064841315266
2014-01-29,10.71,10.93,10.52,10.92,1504994.0,70042112.0,279941422.0,0.00537610329063771
2014-01-30,10.82,10.88,10.61,10.63,418067.0,19506514.0,279941422.0,0.0014934088603722245
2014-02-07,10.49,10.99,10.49,10.93,1299431.0,60421008.0,279941422.0,0.004641796096899158
2014-02-10,11.05,11.5,10.94,11.47,1543734.0,75756304.0,279941422.0,0.005514489384854235
2014-02-11,11.37,11.8,11.17,11.75,1910428.0,95620088.0,279941422.0,0.006824384852913978
2014-02-12,11.75,11.8,11.17,11.43,1519544.0,75911296.0,279941422.0,0.005428078449926571
2014-02-13,11.33,11.46,10.62,11.05,2577700.0,124169688.0,279941422.0,0.009207997807484167
2014-02-14,11.01,11.68,10.75,11.63,1797401.0,86821520.0,279941422.0,0.006420632527900784
2014-02-17,11.61,11.93,11.09,11.84,6901640.0,342574944.0,279941422.0,0.024653872051846618
2014-02-18,11.61,11.94,11.37,11.89,1829226.0,93386792.0,279941422.0,0.006534317025795489
2014-02-19,11.76,11.82,11.21,11.44,2655120.0,131406704.0,279941422.0,0.009484555665363449
2014-02-20,11.4,11.44,10.78,11.13,2807283.0,134729488.0,279941422.0,0.01002810866624804
2014-02-21,11.01,11.43,10.91,11.35,1665267.0,80473464.0,279941422.0,0.005948626638040011
2014-02-24,11.2,11.51,11.02,11.5,1297678.0,63143708.0,279941422.0,0.004635534072553221
2014-02-25,11.52,11.53,10.74,10.94,1345080.0,65607400.0,279941422.0,0.004804862354382125
2014-02-26,10.83,11.14,10.64,11.04,2039037.0,95512408.0,279941422.0,0.007283798822740852
2014-02-27,11.02,11.05,10.41,10.55,2408840.0,111785056.0,279941422.0,0.008604800185661699
2014-02-28,10.55,10.55,10.02,10.35,4492837.0,199232528.0,279941422.0,0.016049204036693077
2014-03-03,10.17,10.57,10.14,10.46,1065083.0,48017388.0,279941422.0,0.0038046638199901693
2014-03-04,10.4,10.43,9.97,10.26,2668173.0,117731200.0,279941422.0,0.009531183277335785
2014-03-05,10.16,10.25,9.91,9.97,2273590.0,98622808.0,279941422.0,0.008121663395708549
2014-03-06,9.97,9.97,9.63,9.82,2791428.0,118667088.0,279941422.0,0.009971471817414717
2014-03-07,9.73,9.98,9.68,9.97,2712486.0,115587848.0,279941422.0,0.009689477107821507
2014-03-10,9.81,9.81,9.58,9.63,2952909.0,123959784.0,279941422.0,0.010548310353299556
2014-03-11,9.59,9.91,9.48,9.88,1706924.0,72264256.0,279941422.0,0.006097432769345581
2014-03-12,9.83,10.2,9.74,10.09,1185635.0,51917936.0,279941422.0,0.00423529676862183
2014-03-13,9.99,10.2,9.95,10.03,1725906.0,75317856.0,279941422.0,0.00616523981220614
2014-03-14,10.03,10.2,9.91,10.02,1059639.0,46254972.0,279941422.0,0.0037852168944115744
2014-03-17,10.09,10.09,9.72,9.97,2580647.0,110233336.0,279941422.0,0.009218525009850096
2014-03-18,9.96,10.08,9.47,9.88,1489174.0,63790576.0,279941422.0,0.005319591467960751
2014-03-19,9.77,9.93,9.68,9.86,654065.0,27845734.0,279941422.0,0.002336435227509847
2014-03-20,9.88,9.88,9.6,9.63,1887544.0,79556928.0,279941422.0,0.006742639179706675
2014-03-21,9.66,10.25,9.63,10.09,2831243.0,122996000.0,279941422.0,0.010113698000719594
2014-03-24,10.11,10.23,9.77,9.83,1875864.0,80489152.0,279941422.0,0.006700916165239741
2014-03-25,9.83,9.89,9.77,9.84,1520885.0,64943044.0,279941422.0,0.005432868737803296
2014-03-26,9.86,10.57,9.86,10.48,3892001.0,173793360.0,279941422.0,0.01390291215995895
2014-03-27,10.48,10.55,10.14,10.22,1395343.0,61878984.0,279941422.0,0.00498441063144989
2014-03-28,10.14,10.51,10.14,10.22,1584356.0,70695728.0,279941422.0,0.005659598314107299
2014-03-31,10.36,10.55,10.22,10.36,1712844.0,77108984.0,279941422.0,0.006118580050650739
2014-04-01,10.36,10.44,10.21,10.36,717175.0,32177244.0,279941422.0,0.002561875248315342
2014-04-02,10.28,10.37,9.88,10.05,2319532.0,101089112.0,279941422.0,0.008285776300729086
2014-04-03,10.05,10.12,9.61,9.67,2219504.0,94370512.0,279941422.0,0.007928458690189835
2014-04-04,9.67,9.79,9.63,9.72,1328770.0,55880756.0,279941422.0,0.004746600165516056
2014-04-08,9.71,10.0,9.68,9.9,1214644.0,51898344.0,279941422.0,0.004338922019193001
2014-04-09,9.97,9.97,9.77,9.86,1311007.0,56145432.0,279941422.0,0.004683147605072892
2014-04-10,9.85,10.05,9.78,9.96,1699808.0,73364192.0,279941422.0,0.006072013165668638
2014-04-11,10.02,10.02,9.78,9.91,1495367.0,63991072.0,279941422.0,0.005341713953285555
2014-04-14,9.88,10.35,9.87,10.11,2206732.0,97458352.0,279941422.0,0.007882834859644316
2014-04-15,10.11,10.4,10.02,10.25,2486639.0,110493384.0,279941422.0,0.008882711898205619
2014-04-16,10.23,10.24,10.0,10.03,1301951.0,57111276.0,279941422.0,0.004650797980157434
2014-04-17,10.02,10.38,10.02,10.25,2230336.0,99060768.0,279941422.0,0.007967152499496841
2014-04-18,10.25,10.87,10.14,10.53,2681294.0,122659808.0,279941422.0,0.00957805379726906
2014-04-21,10.54,10.99,10.48,10.62,1915184.0,89547152.0,279941422.0,0.006841374121476028
2014-04-22,10.55,10.83,10.23,10.6,1789117.0,81540456.0,279941422.0,0.0063910406227771464
2014-04-23,10.51,10.68,10.28,10.37,1197310.0,54209484.0,279941422.0,0.004277001922209283
2014-04-24,10.37,10.41,10.23,10.32,476658.0,21337286.0,279941422.0,0.0017027062183030562
2014-04-25,10.36,10.36,10.11,10.18,1864298.0,82731864.0,279941422.0,0.006659600378824967
2014-04-28,10.18,10.25,9.68,9.86,2284634.0,98184016.0,279941422.0,0.008161114506305536
2014-04-29,9.86,10.36,9.75,10.31,2060829.0,90985840.0,279941422.0,0.00736164367986957
2014-04-30,10.37,10.66,10.19,10.56,1478597.0,67550704.0,279941422.0,0.0052818085635072615
2014-05-05,10.62,10.64,10.37,10.51,1167123.0,53261124.0,279941422.0,0.004169168648432457
2014-05-06,10.49,10.69,10.49,10.52,1148562.0,52754516.0,279941422.0,0.004102865491624173
2014-05-07,10.45,10.76,10.45,10.6,857214.0,39551228.0,279941422.0,0.003062119188635114
2014-05-08,10.51,10.94,10.46,10.89,1809219.0,85082528.0,279941422.0,0.0064628485026413844
2014-05-09,10.94,10.94,10.72,10.78,1008868.0,47310680.0,279941422.0,0.0036038539519885698
2014-05-12,10.78,10.94,10.75,10.78,1124616.0,52996460.0,279941422.0,0.004017326167615166
2014-05-13,10.74,10.85,10.61,10.66,616392.0,28549938.0,279941422.0,0.0022018606449745047
2014-05-14,10.61,11.08,10.61,11.06,1900502.0,91025024.0,279941422.0,0.006788927434968877
2014-05-15,11.0,11.24,10.83,11.06,1067748.0,51240876.0,279941422.0,0.0038141836687533865
2014-05-16,11.06,11.06,10.8,10.94,523829.0,24902640.0,279941422.0,0.001871209327499951
2014-05-19,10.84,11.1,10.67,10.9,1022219.0,48269472.0,279941422.0,0.0036515460723779564
2014-05-20,10.97,10.97,10.44,10.51,1859322.0,85410088.0,279941422.0,0.006641825231565767
2014-05-21,10.44,11.17,10.44,11.12,1805820.0,84870656.0,279941422.0,0.0064507066767704
2014-05-22,11.11,11.11,10.83,10.84,1249725.0,59589300.0,279941422.0,0.004464237521805544
2014-05-23,10.83,11.24,10.82,11.17,1275300.0,61585748.0,279941422.0,0.004555595920349365
2014-05-26,11.41,11.41,11.12,11.24,1333599.0,65127080.0,279941422.0,0.004763850202918523
2014-05-27,11.23,11.32,11.02,11.04,1212028.0,58714504.0,279941422.0,0.004329577207048694
2014-05-28,11.08,11.17,10.88,11.1,1347300.0,64483684.0,279941422.0,0.004812792584871559
2014-05-29,11.1,11.2,11.01,11.18,1097196.0,52841600.0,279941422.0,0.003919377104542964
2014-05-30,11.08,11.39,11.02,11.33,1205983.0,58918460.0,279941422.0,0.004307983403756519
2014-06-23,12.46,12.46,11.8,12.02,6359819.0,332864000.0,279941422.0,0.022718392135623287
2014-06-24,12.0,12.41,11.96,12.06,2563256.0,136049488.0,279941422.0,0.009156401298840298
2014-06-25,11.98,11.98,11.56,11.83,4483126.0,229076304.0,279941422.0,0.016014514636565644
2014-06-26,11.82,12.42,11.81,12.28,3717243.0,196251712.0,279941422.0,0.013278645844701039
2014-06-27,12.24,12.79,12.05,12.66,2258142.0,121040632.0,279941422.0,0.008066480422464955
2014-06-30,12.6,12.88,12.36,12.61,1523232.0,82909656.0,279937709.0,0.005441324805583802
2014-07-01,12.61,12.96,12.46,12.78,1255011.0,68406136.0,279937709.0,0.004483179506195073
2014-07-02,12.78,12.98,12.72,12.85,1628572.0,89603152.0,279937709.0,0.005817622805507778
2014-07-03,12.74,13.06,12.43,12.84,1755924.0,95180632.0,279937709.0,0.006272552584189363
2014-07-04,12.78,12.89,12.57,12.68,962260.0,52041400.0,279937709.0,0.0034374075698390457
2014-07-07,12.62,12.8,12.5,12.5,1138666.0,61698716.0,279937709.0,0.004067569189115569
2014-07-08,12.41,13.06,12.38,12.95,889208.0,48674988.0,279937709.0,0.0031764495150597948
2014-07-09,12.89,13.52,12.72,13.02,2559161.0,144365104.0,279937709.0,0.009141894491963568
2014-07-10,12.99,13.08,12.69,12.88,2034571.0,112375560.0,279937709.0,0.007267941883456652
2014-07-11,12.7,12.88,12.55,12.65,1414508.0,76533992.0,279937709.0,0.0050529384020928745
2014-07-14,12.65,12.85,12.5,12.8,568144.0,30846752.0,279937709.0,0.00202953722108228
2014-07-15,12.8,13.03,12.71,12.85,739137.0,40652776.0,279937709.0,0.0026403623957642662
2014-07-16,12.87,12.87,12.52,12.58,1485389.0,80294584.0,279937709.0,0.005306141160139308
2014-07-17,12.58,12.88,12.19,12.57,1053651.0,56078296.0,279937709.0,0.003763876627282107
2014-07-18,12.51,12.73,12.24,12.29,774331.0,41062984.0,279937709.0,0.002766083221749879
2014-07-21,12.29,12.44,12.03,12.42,1249820.0,65648964.0,279937709.0,0.004464636095167872
2014-07-22,12.26,12.8,12.26,12.72,1357244.0,73408680.0,279937709.0,0.004848378608399628
2014-07-23,12.68,12.7,12.16,12.4,2337128.0,123163544.0,279937709.0,0.00834874304125994
2014-07-24,12.3,12.45,12.1,12.15,1507395.0,78638552.0,279937709.0,0.005384751505557259
2014-07-25,12.21,12.21,11.93,12.18,1867507.0,95949816.0,279937709.0,0.006671151974027193
2014-07-28,12.1,13.38,11.93,13.38,2574159.0,135398544.0,279937709.0,0.009195470696661306
2014-07-29,12.5,13.38,12.43,12.66,1917693.0,103808112.0,279937709.0,0.0068504275713708864
2014-07-30,12.55,12.68,12.31,12.59,1760883.0,93867152.0,279937709.0,0.006290267239416466
2014-07-31,12.54,12.54,12.29,12.37,1180202.0,62622188.0,279937709.0,0.004215945055119387
2014-08-01,12.36,13.27,12.29,12.9,2779282.0,152649696.0,279937709.0,0.009928215851762937
2014-08-04,12.97,13.01,12.69,12.89,713460.0,39278604.0,279937709.0,0.0025486384186990687
2014-08-05,12.88,12.88,12.64,12.69,840286.0,45716516.0,279937709.0,0.003001689207937327
2014-08-06,12.58,12.76,12.56,12.61,707797.0,38411792.0,279937709.0,0.0025284089182854605
2014-08-07,12.61,12.71,12.36,12.38,1099836.0,58817112.0,279937709.0,0.00392885975929738
2014-08-08,12.49,12.68,12.33,12.6,559459.0,30094118.0,279937709.0,0.0019985124619277357
2014-08-11,12.67,12.79,12.43,12.69,486878.0,26409194.0,279937709.0,0.0017392369243116154
2014-08-12,12.56,12.66,12.43,12.63,991658.0,53205928.0,279937709.0,0.0035424237897153043
2014-08-13,12.66,12.82,12.54,12.75,812073.0,44279108.0,279937709.0,0.002900906072643468
2014-08-14,12.7,12.97,12.61,12.81,739276.0,40389028.0,279937709.0,0.0026408589347996702
2014-08-15,12.81,13.47,12.81,13.31,1916210.0,109185600.0,279937709.0,0.006845129964252155
2014-08-18,13.31,13.83,13.31,13.38,1508002.0,87261976.0,279937709.0,0.005386919845085965
2014-08-19,13.38,13.73,13.15,13.35,1389576.0,80052176.0,279937709.0,0.0049638757313685096
2014-08-20,13.24,13.42,13.14,13.29,743273.0,42324436.0,279937709.0,0.0026551371112349853
2014-08-21,13.17,13.37,13.03,13.21,960334.0,54266996.0,279937709.0,0.003430527467808919
2014-08-22,13.21,13.27,13.11,13.26,755202.0,42564704.0,279937709.0,0.0026977501626978023
2014-08-25,13.31,13.36,13.06,13.09,845105.0,47710976.0,279937709.0,0.0030189037519057498
2014-08-26,13.09,13.21,12.92,13.03,612830.0,34114496.0,279937709.0,0.0021891655904064
2014-08-27,13.08,13.22,12.95,12.99,586373.0,32648878.0,279937709.0,0.0020946552791856993
2014-08-28,12.99,13.15,12.9,13.12,440062.0,24590610.0,279937709.0,0.001571999719409006
2014-08-29,13.29,13.43,13.13,13.17,500360.0,28380772.0,279937709.0,0.0017873976385225042
2014-09-01,13.13,13.53,13.08,13.35,1411776.0,80252792.0,279937709.0,0.0050431790881020604
2014-09-02,13.27,13.29,13.07,13.22,1496851.0,84050368.0,279937709.0,0.0053470859833320995
2014-09-03,13.15,13.26,12.98,13.04,2279301.0,127503520.0,279937709.0,0.008142172085862145
2014-09-04,13.04,13.15,12.98,13.13,1522988.0,84922312.0,279937709.0,0.005440453183104388
2014-09-05,13.03,13.3,12.99,13.26,1885550.0,105781864.0,279937709.0,0.006735605598601223
2014-09-09,13.23,13.27,13.06,13.12,1685827.0,94762184.0,279937709.0,0.006022150449191538
2014-09-10,12.99,13.15,12.99,13.02,1297237.0,72632904.0,279937709.0,0.004634020206259529
2014-09-11,13.02,13.15,12.95,13.09,1423943.0,79492544.0,279937709.0,0.0050866423287046336
2014-09-12,13.09,13.22,13.08,13.19,862582.0,48531556.0,279937709.0,0.0030813354981054017
2014-09-15,13.08,13.31,13.05,13.29,1861145.0,104855224.0,279937709.0,0.006648425489543462
2014-09-16,13.31,13.76,13.17,13.52,2462197.0,142194656.0,279937709.0,0.008795517434201764
2014-09-17,13.63,14.45,13.42,14.09,2532274.0,149771792.0,279937709.0,0.009045848124734064
2014-09-18,13.97,14.51,13.86,14.32,2300973.0,141244864.0,279937709.0,0.008219589308705817
2014-09-19,14.39,14.53,14.04,14.41,1383571.0,84961656.0,279937709.0,0.004942424530594411
2014-09-22,14.41,14.41,13.92,14.2,1027114.0,61893348.0,279937709.0,0.0036690805381993036
2014-09-23,14.15,14.17,13.76,14.02,1131531.0,67671088.0,279937709.0,0.004042081376039268
2014-09-24,13.9,14.21,13.86,14.02,1107825.0,66658672.0,279937709.0,0.003957398251051629
2014-09-25,14.02,14.25,13.76,14.17,1671902.0,99997456.0,279937709.0,0.005972407240069254
2014-09-26,14.15,14.51,14.02,14.24,1356564.0,83496432.0,279936709.0,0.004845966807447179
2014-09-29,14.12,14.22,13.78,13.86,1471932.0,87711168.0,279936709.0,0.0052580885345765785
2014-09-30,13.9,14.01,13.77,13.99,596891.0,35453140.0,434044141.0,0.001375185018336649
2014-10-08,13.92,14.36,13.76,14.25,1188818.0,71140320.0,434044141.0,0.002738933411843935
2014-10-09,14.18,14.29,13.91,14.03,1291465.0,77861640.0,434044141.0,0.0029754231839751984
2014-10-10,13.86,14.1,13.83,13.95,791023.0,47310992.0,434044141.0,0.0018224482841250932
2014-10-13,13.78,14.24,13.62,14.13,1318009.0,77946736.0,434044141.0,0.0030365782543762066
2014-10-14,13.97,14.09,13.76,13.99,1028081.0,61107692.0,434044141.0,0.0023686093253819547
2014-10-15,13.78,14.16,13.78,13.99,1206255.0,72127088.0,434044141.0,0.002779106745274555
2014-10-16,13.83,14.3,13.75,14.13,1490670.0,89593120.0,434044141.0,0.0034343742011253182
2014-10-17,14.21,14.22,13.76,14.04,841567.0,50548928.0,434044141.0,0.0019388972698977176
2014-10-20,14.08,14.7,13.91,14.62,2191811.0,135787360.0,434044141.0,0.005049742164357426
2014-10-21,14.57,14.58,14.02,14.2,1283761.0,78395944.0,434044141.0,0.0029576738371409096
2014-10-22,14.23,14.28,14.02,14.13,458540.0,27701562.0,434044141.0,0.0010564363314375439
2014-10-23,14.13,14.2,13.66,13.83,1211738.0,72025672.0,434044141.0,0.0027917391010238287
2014-10-24,13.82,14.06,13.74,14.0,452157.0,27023252.0,434044141.0,0.0010417304538618342
2014-10-27,13.81,14.19,13.8,14.16,672400.0,40551640.0,434044141.0,0.001549151195661457
2014-10-28,14.04,14.31,14.04,14.16,1011649.0,61263704.0,434044141.0,0.002330751424657521
2014-10-29,14.2,14.25,14.02,14.17,758452.0,45827548.0,434044141.0,0.001747407529226388
2014-10-30,14.14,14.3,13.88,14.0,965254.0,58172708.0,434044141.0,0.002223861374504765
2014-10-31,14.0,14.0,13.72,13.92,1509277.0,89071496.0,434044141.0,0.0034772431129303045
2014-11-03,13.81,13.9,13.51,13.55,2515049.0,146536544.0,434044141.0,0.005794454440061201
2014-11-04,13.52,13.52,13.19,13.31,2259992.0,128752376.0,434044141.0,0.005206825266188768
2014-11-05,13.31,13.48,12.99,13.41,2453353.0,138592960.0,434044141.0,0.005652312214945898
2014-11-06,13.38,13.42,13.2,13.2,1390243.0,79105792.0,434044141.0,0.0032029991161659295
2014-11-07,13.14,13.28,12.99,13.15,3679826.0,206385424.0,434044141.0,0.008477999476094759
2014-11-10,12.92,13.34,12.84,13.32,2689587.0,150972128.0,434044141.0,0.006196574831775001
2014-11-11,13.31,13.31,12.92,13.08,2437135.0,135913008.0,434044141.0,0.005614947351633529
2014-11-12,12.98,13.15,12.89,12.99,1321228.0,73519968.0,434044141.0,0.0030439945507754244
2014-11-13,12.98,12.98,12.5,12.8,2397067.0,130071376.0,434044141.0,0.005522634159920615
2014-11-14,12.64,13.13,12.62,13.03,1343459.0,74257328.0,434044141.0,0.0030952128438015247
2014-11-17,12.88,13.16,12.88,12.94,1401612.0,78234168.0,434044141.0,0.0032291923046600924
2014-11-18,12.94,13.2,12.9,13.05,1089566.0,61082056.0,434044141.0,0.002510265424824615
2014-11-19,13.16,13.17,12.98,13.01,1122883.0,62804388.0,434044141.0,0.002587024898926121
2014-11-20,12.85,12.98,12.53,12.63,2191342.0,118616696.0,434044141.0,0.00504866162909454
2014-11-21,12.6,12.64,12.36,12.45,2422782.0,129522776.0,434044141.0,0.005581879286328161
2014-11-24,12.51,12.52,12.03,12.15,7268865.0,378400192.0,434044141.0,0.016746833589904395
2014-11-25,12.12,12.66,12.08,12.66,4248966.0,225022128.0,434044141.0,0.009789248600869837
2014-11-26,12.59,12.59,12.28,12.38,3370668.0,178235536.0,434044141.0,0.007765726297409
2014-11-27,12.39,12.4,12.07,12.13,5485378.0,285062272.0,434044141.0,0.012637834454721967
2014-11-28,12.14,12.24,11.83,12.2,5087325.0,261256832.0,434044141.0,0.011720754917412882
2014-12-01,12.21,12.96,12.21,12.81,4778036.0,255119040.0,434044141.0,0.011008179926105718
2014-12-02,12.66,12.95,12.38,12.8,4406332.0,238247008.0,434044141.0,0.010151806196135245
2014-12-03,12.67,12.78,12.38,12.61,2617308.0,140734576.0,434044141.0,0.006030050293893956
2014-12-04,12.61,12.81,12.37,12.42,5516641.0,296565536.0,434044141.0,0.01270986169123292
2014-12-05,12.4,12.49,12.05,12.19,3841780.0,200722512.0,434044141.0,0.008851127424848709
2014-12-08,12.15,12.18,11.91,12.06,2736817.0,140823024.0,434044141.0,0.006305388649400062
2014-12-09,12.06,12.17,11.81,11.82,4575269.0,233324080.0,434044141.0,0.010541022370349195
2014-12-10,11.8,12.36,11.78,12.29,5633993.0,293543552.0,434044141.0,0.012980230506095002
2014-12-11,12.29,12.35,11.95,12.3,2462118.0,128206288.0,434044141.0,0.005672506013622241
2014-12-12,12.28,12.64,12.24,12.62,2945123.0,156941584.0,434044141.0,0.006785307580041726
2014-12-15,12.56,13.21,12.56,13.08,4979160.0,277111264.0,434044141.0,0.011471552152572426
2014-12-16,13.08,13.15,12.62,12.65,4043902.0,220478496.0,434044141.0,0.00931679895662962
2014-12-17,12.66,12.87,12.52,12.76,2320422.0,125993224.0,434044141.0,0.005346050737268217
2014-12-18,12.65,12.98,12.55,12.66,1385965.0,75818784.0,434044141.0,0.0031931429757509388
2014-12-19,12.61,12.66,12.08,12.28,4037615.0,211838576.0,434044141.0,0.009302314254715397
2014-12-22,12.22,12.39,11.41,12.28,3731700.0,190438560.0,434044141.0,0.008597512666344228
2014-12-23,12.15,12.5,11.91,11.95,2610412.0,134798544.0,434044141.0,0.006014162508877179
2014-12-24,11.81,12.19,11.81,11.94,3470326.0,178214384.0,434044141.0,0.007995329673163357
2014-12-25,12.0,12.17,11.82,11.89,2473912.0,126565504.0,434044141.0,0.0056996783652011095
2014-12-26,11.91,12.14,11.75,12.13,2662851.0,136380016.0,434044141.0,0.006134977410051021
2014-12-29,12.13,12.19,11.8,11.8,2171979.0,111526720.0,434044141.0,0.005004050958955348
2014-12-30,11.89,12.4,11.68,12.15,4575412.0,236338464.0,434044141.0,0.010541351829928283
2014-12-31,12.03,12.7,11.8,12.29,4830043.0,256372624.0,434058991.0,0.01112761882635441
2015-01-05,12.29,12.73,11.92,12.52,6401536.0,336928256.0,434058991.0,0.014748078332053258
2015-01-06,12.42,13.06,12.31,12.75,6759889.0,369143648.0,434058991.0,0.015573664271822444
2015-01-07,12.61,13.17,12.61,12.96,4089969.0,227600880.0,434058991.0,0.009422610946446216
2015-01-08,12.96,13.34,12.86,12.89,2631545.0,147341280.0,434058991.0,0.006062643683378972
2015-01-09,12.83,13.31,12.8,12.96,2088719.0,116941080.0,434058991.0,0.004812062515253831
2015-01-12,12.85,13.36,12.8,13.23,1591231.0,88812384.0,434058991.0,0.0036659325874901644
2015-01-13,13.23,13.59,13.12,13.2,2302114.0,132132616.0,434058991.0,0.005303689239788146
2015-01-14,13.29,13.43,12.64,12.85,1573668.0,87486160.0,434058991.0,0.0036254703453429903
2015-01-15,12.88,13.22,12.77,13.21,1282026.0,71838272.0,434058991.0,0.002953575496838401
2015-01-16,13.31,13.42,13.01,13.24,2996394.0,169913392.0,434058991.0,0.006903195330885336
2015-01-19,12.85,13.76,12.77,13.25,3016661.0,173114224.0,434058991.0,0.006949887141031483
2015-01-20,13.27,13.5,12.92,13.28,2339495.0,132528776.0,434058991.0,0.00538980887047217
2015-01-21,13.21,13.85,13.08,13.78,2586522.0,151083360.0,434058991.0,0.0059589181508280286
2015-01-22,13.78,13.82,13.26,13.52,2936653.0,169607264.0,434058991.0,0.006765561964825191
2015-01-23,13.51,13.52,13.08,13.42,3182570.0,180703120.0,434058991.0,0.007332113989086796
2015-01-26,13.26,13.45,13.24,13.32,2636670.0,150270208.0,434058991.0,0.006074450834264599
2015-01-27,13.39,13.4,13.2,13.33,2333811.0,132688280.0,434058991.0,0.00537671387620214
2015-01-28,13.2,13.31,12.8,12.83,3287003.0,183533888.0,434058991.0,0.007572710318538247
2015-01-29,12.73,12.78,12.35,12.54,3109469.0,166798096.0,434058991.0,0.007163701396522852
2015-01-30,12.53,12.7,12.33,12.46,2682644.0,143219568.0,434058991.0,0.00618036731325305
2015-02-02,12.38,12.79,12.34,12.6,2523539.0,136143008.0,434058991.0,0.005813815753905211
2015-02-03,12.75,12.9,12.61,12.75,2608192.0,143011584.0,434058991.0,0.006008842240523939
2015-02-04,12.74,12.74,12.38,12.38,3576206.0,191172352.0,434058991.0,0.008238986115138437
2015-02-05,12.45,12.49,12.04,12.04,4127417.0,216189552.0,434058991.0,0.009508884934029623
2015-02-06,12.11,12.14,11.83,11.94,2141498.0,109368784.0,434058991.0,0.004933656586784076
2015-02-09,12.0,12.0,11.83,11.86,2281995.0,116153248.0,434058991.0,0.005257338397121234
2015-02-10,11.96,12.14,11.84,11.99,2662984.0,136484320.0,434058991.0,0.006135073930538626
2015-02-11,12.01,12.33,11.95,12.25,3250184.0,169967376.0,434058991.0,0.0074878854427415835
2015-02-12,12.26,12.46,12.25,12.42,2093776.0,111033472.0,434058991.0,0.004823713005405756
2015-02-13,12.46,12.46,12.1,12.19,3434468.0,180250000.0,434058991.0,0.007912445246411218
2015-02-16,12.19,12.24,11.98,12.19,4458708.0,230264816.0,434058991.0,0.010272124509454061
2015-02-17,12.17,12.3,12.11,12.25,2968687.0,155285680.0,434058991.0,0.006839362993404738
2015-02-25,12.31,12.38,12.13,12.35,3792030.0,198366752.0,434058991.0,0.00873620885323396
2015-02-26,12.36,12.49,12.29,12.47,2165486.0,115287696.0,434058991.0,0.004988920964431768
2015-02-27,12.47,12.54,12.33,12.47,3086222.0,163831392.0,434058991.0,0.007110144160105648
2015-03-02,12.46,12.46,12.29,12.43,2631132.0,139318272.0,434058991.0,0.006061692199805164
2015-03-03,12.36,12.54,12.34,12.4,4095470.0,218457280.0,434058991.0,0.009435284339035843
2015-03-04,12.49,13.08,12.33,12.94,5810433.0,317257088.0,434058991.0,0.01338627495450267
2015-03-05,12.74,13.14,12.67,12.84,3034526.0,167063760.0,434058991.0,0.006991045141143039
2015-03-06,12.82,12.87,12.53,12.61,2640991.0,143402592.0,434058991.0,0.0060844057023576315
2015-03-09,12.45,12.76,12.38,12.75,2317148.0,125465152.0,434058991.0,0.005338325084942199
2015-03-10,12.68,12.98,12.67,12.85,1834773.0,101052904.0,434058991.0,0.004227013005243797
2015-03-11,12.89,12.99,12.6,12.61,1643788.0,89684912.0,434058991.0,0.003787015207801559
2015-03-12,12.61,12.8,12.59,12.77,2762525.0,149831600.0,434058991.0,0.00636439990250081
2015-03-13,12.71,13.81,12.68,13.5,6056249.0,347625280.0,434058991.0,0.013952594291498041
2015-03-16,14.71,14.85,14.38,14.85,6416563.0,406626400.0,434058991.0,0.014782698050367075
2015-03-17,15.53,15.88,14.69,14.95,9319010.0,606611840.0,434058991.0,0.021469455058471535
2015-03-18,15.03,15.03,14.55,14.97,6798544.0,429421568.0,434058991.0,0.01566271898742906
2015-03-19,14.79,14.9,14.6,14.86,3276673.0,207133056.0,434058991.0,0.007548911710021461
2015-03-20,14.67,14.83,14.49,14.81,5703931.0,357856256.0,434058991.0,0.013140911991844906
2015-03-23,14.8,15.06,14.6,14.67,7226425.0,454024096.0,434058991.0,0.016648485919739883
2015-03-24,14.69,15.07,14.63,15.06,8751280.0,558518400.0,434058991.0,0.02016149920046236
2015-03-25,15.1,15.52,14.85,15.22,5843719.0,378971648.0,434058991.0,0.013462960383649789
2015-03-26,14.95,15.17,14.84,14.94,3210774.0,205796736.0,434058991.0,0.007397091332224011
2015-03-27,14.94,15.04,14.46,14.47,5733720.0,359205824.0,434058991.0,0.013209540912377967
2015-03-30,14.49,14.7,14.3,14.63,5263659.0,326368480.0,434058991.0,0.012126598248485538
2015-03-31,14.63,14.76,14.45,14.51,4090906.0,255525504.0,434058991.0,0.009424769639203258
2015-04-01,14.51,15.02,14.46,14.86,6137260.0,387456288.0,434058991.0,0.014139230213526437
2015-04-02,14.96,15.01,14.6,14.87,6033101.0,380875680.0,434058991.0,0.013899265134678434
2015-04-03,14.74,15.05,14.67,15.04,6607033.0,420839840.0,434058991.0,0.015221509373134953
2015-04-07,15.05,15.58,14.92,15.43,8511269.0,552249216.0,434058991.0,0.019608553621689638
2015-04-08,15.43,15.44,14.68,14.95,6297300.0,405475168.0,434058991.0,0.01450793585796268
2015-04-09,14.95,14.97,14.46,14.72,4679546.0,293964544.0,434058991.0,0.010780898672825787
2015-04-10,14.73,16.19,14.72,15.78,10914853.0,718449088.0,434058991.0,0.025146012929841602
2015-04-13,15.8,16.71,15.65,16.39,8949446.0,622278080.0,434058991.0,0.020618040832150394
2015-04-14,16.37,16.7,15.84,15.96,5640835.0,390251712.0,434058991.0,0.012995549261644024
2015-04-15,16.21,16.44,15.66,15.78,4754387.0,325998304.0,434058991.0,0.010953319937105046
2015-04-16,16.08,17.08,16.07,16.99,8415924.0,602324032.0,434058991.0,0.019388894538530592
2015-04-17,17.08,17.75,16.65,16.81,6180614.0,454421440.0,434058991.0,0.014239110646598725
2015-04-20,16.82,17.73,16.74,16.89,6252794.0,460853344.0,434058991.0,0.014405401407754736
2015-04-21,16.9,17.64,16.71,17.52,6761963.0,495889312.0,434058991.0,0.015578442424200355
2015-04-22,17.64,17.64,17.22,17.37,5723032.0,427420160.0,434058991.0,0.013184917531174928
2015-04-23,17.37,17.37,16.79,16.94,5036887.0,366058528.0,434058991.0,0.011604153132263997
2015-04-24,16.73,17.05,16.23,16.45,6032822.0,427689504.0,434058991.0,0.013898622364903392
2015-04-27,16.56,16.7,16.14,16.54,5162782.0,363990528.0,434058991.0,0.011894194353872975
2015-04-28,16.38,16.54,15.96,16.05,4875146.0,336235392.0,434058991.0,0.011231528665650886
2015-04-29,15.98,16.44,15.89,16.33,3970953.0,276388992.0,434058991.0,0.00914841780111865
2015-04-30,16.49,16.65,16.23,16.28,3938890.0,277010976.0,434058991.0,0.00907454996134385
2015-05-04,16.35,16.67,16.16,16.4,3576845.0,250152000.0,434058991.0,0.008240458265268372
2015-05-05,16.19,16.35,15.79,15.93,3706845.0,253818528.0,434058991.0,0.008539956726757447
2015-05-06,16.12,16.33,15.59,15.71,4336670.0,296964448.0,434058991.0,0.009990969176814033
2015-05-07,15.65,15.99,15.07,15.34,4729852.0,314236736.0,434058991.0,0.010896795362084781
2015-05-08,15.51,15.81,15.36,15.78,3917388.0,257047088.0,434058991.0,0.009025012915813556
2015-05-11,15.77,16.11,15.4,16.1,7562059.0,506231072.0,434058991.0,0.017421731047612375
2015-05-12,16.06,16.23,15.81,15.94,5955575.0,401108384.0,434058991.0,0.013720658075252265
2015-05-13,15.89,16.93,15.82,16.72,8025001.0,558628416.0,434058991.0,0.0184882727149868
2015-05-14,16.61,16.8,16.26,16.55,3596611.0,250083728.0,434058991.0,0.008285995854420627
2015-05-15,16.57,16.57,15.99,16.11,3228937.0,220610528.0,434058991.0,0.007438935874962673
2015-05-18,16.09,16.52,15.96,16.07,2718353.0,185771648.0,434058991.0,0.006262634932955461
2015-05-19,16.06,16.94,16.01,16.78,5835326.0,407630464.0,434058991.0,0.01344362430220919
2015-05-20,16.78,17.14,16.49,16.56,5416158.0,386445760.0,434058991.0,0.012477930678321095
2015-05-21,16.58,17.46,16.54,17.44,6099789.0,442073728.0,434058991.0,0.01405290323775369
2015-05-22,17.51,17.64,17.13,17.4,5007263.0,365547392.0,434058991.0,0.011535904344393595
2015-05-25,17.23,17.89,17.03,17.72,5268481.0,389363232.0,434058991.0,0.012137707337572464
2015-05-26,17.65,18.38,17.37,17.77,6011465.0,452274336.0,434058991.0,0.013849419375349375
2015-05-27,17.79,19.4,17.79,19.19,7113098.0,559163136.0,434058991.0,0.01638739928785394
2015-05-28,19.07,19.34,17.66,17.8,6059970.0,475446624.0,434058991.0,0.013961166858999587
2015-05-29,17.93,18.36,17.37,18.01,4840504.0,366987776.0,434058991.0,0.011151719237167006
2015-06-01,18.21,18.67,17.92,18.66,5743149.0,444464320.0,434058991.0,0.013231263766173201
2015-06-02,18.76,18.79,17.82,18.31,6298856.0,484365664.0,434058991.0,0.014511520624163271
2015-06-03,18.28,18.28,17.67,17.87,4650169.0,351280800.0,434058991.0,0.010713218932032214
2015-06-04,17.86,17.87,16.48,17.15,5999071.0,436591136.0,434058991.0,0.013820865652797871
2015-06-05,17.41,17.91,17.29,17.64,6640583.0,492834720.0,434058991.0,0.015298803014542325
2015-06-08,17.66,17.75,16.96,17.37,5382612.0,391439456.0,434058991.0,0.012400646252251
2015-06-09,17.38,18.01,17.26,17.97,6825329.0,508197792.0,434058991.0,0.015724427189667406
2015-06-10,17.86,18.27,17.53,18.26,5998052.0,456075104.0,434058991.0,0.01381851804562666
2015-06-11,18.19,18.2,17.9,18.14,4119877.0,314109568.0,434058991.0,0.009491514023263257
2015-06-12,18.14,18.36,17.79,18.07,6019797.0,457688096.0,434058991.0,0.013868614922896505
2015-06-15,18.09,19.28,18.01,18.31,8146317.0,638062336.0,434058991.0,0.018767764679248403
2015-06-16,18.01,18.31,17.22,17.45,6646736.0,494809120.0,434058991.0,0.015312978507108036
2015-06-17,17.42,17.58,16.86,17.46,4517904.0,329589024.0,434058991.0,0.010408502285810271
2015-06-18,17.25,17.52,16.96,17.18,4322409.0,314506080.0,434058991.0,0.009958114195588683
2015-06-19,17.17,17.43,16.58,16.61,5321114.0,381538976.0,434058991.0,0.012258965049292114
2015-06-23,16.58,17.12,16.16,17.1,4772320.0,336231104.0,434058991.0,0.010994634597950305
2015-06-24,17.11,17.39,16.82,17.15,5502047.0,397358944.0,434058991.0,0.012675804704158288
2015-06-25,17.15,17.6,16.88,16.93,6043837.0,442273248.0,434058991.0,0.013923999099928792
2015-08-05,16.39,18.24,16.38,17.29,23262864.0,1719483520.0,434059991.0,0.05359366097392745
2015-08-06,17.06,17.57,16.5,17.01,6925674.0,500972672.0,434059991.0,0.015955568685435465
2015-08-07,17.29,18.0,17.03,17.86,7296701.0,538194176.0,434059991.0,0.016810351452087646
2015-08-10,18.29,18.89,18.0,18.72,6448387.0,499841632.0,434059991.0,0.014855981048020618
2015-08-11,18.53,18.95,18.16,18.83,4550072.0,358428032.0,434059991.0,0.010482587878042876
2015-08-12,18.62,18.69,18.22,18.38,2811923.0,218676720.0,434059991.0,0.006478189785522066
2015-08-13,18.41,18.41,17.96,18.25,2875309.0,219957152.0,434059991.0,0.00662422029124541
2015-08-14,18.79,20.07,18.79,19.14,7705844.0,625816256.0,434059991.0,0.017752946965342402
2015-08-17,19.09,20.85,18.78,20.77,7360984.0,626192704.0,434059991.0,0.01695844849243431
2015-08-18,20.6,20.6,18.69,18.69,6260221.0,520254432.0,434059991.0,0.014422478758241509
2015-08-19,18.38,19.38,17.93,19.17,6744482.0,538095424.0,434059991.0,0.015538133299182601
2015-08-20,18.95,19.14,18.02,18.12,3817129.0,300040000.0,434059991.0,0.008794012530862353
2015-08-21,17.84,18.29,17.57,17.77,5182322.0,388953088.0,434059991.0,0.011939183770567787
2015-08-24,17.03,17.29,15.99,15.99,7843068.0,548084416.0,434059991.0,0.018069087597617352
2015-08-25,15.41,17.01,15.41,15.94,6856565.0,470731808.0,434059991.0,0.01579635336627927
2015-08-26,16.23,17.12,15.4,16.34,7651948.0,529520608.0,434059991.0,0.017628779796938252
2015-08-27,16.6,17.26,16.6,17.25,6323854.0,453841312.0,434059991.0,0.014569078309730693
2015-08-28,17.5,18.21,16.85,18.11,7395512.0,546254400.0,434059991.0,0.0170379951005436
2015-08-31,18.53,18.63,17.29,17.29,5622487.0,425196928.0,434059991.0,0.012953248667417495
2015-09-01,17.06,17.77,16.59,17.65,7848344.0,577310400.0,434059991.0,0.018081242599482062
2015-09-02,16.93,17.65,16.73,16.81,3990510.0,287230688.0,434059991.0,0.009193452708706341
2015-09-07,16.56,17.41,16.35,16.8,3335837.0,237582208.0,434059991.0,0.007685198058256422
2015-09-08,16.72,17.21,16.48,17.17,2871637.0,204640672.0,434059991.0,0.0066157606311151584
2015-09-09,17.18,17.77,16.98,17.58,3533468.0,260630752.0,434059991.0,0.00814050608962944
2015-09-10,17.34,17.48,17.06,17.13,1973945.0,143899680.0,434059991.0,0.004547631758117969
2015-09-11,17.13,17.37,16.59,16.81,2330678.0,165907616.0,434059991.0,0.005369483592879676
2015-09-14,16.74,17.37,16.47,16.82,3648675.0,259043344.0,434059991.0,0.008405923318558056
2015-09-15,16.59,16.81,16.32,16.51,1676520.0,116768888.0,434059991.0,0.0038624154143706833
2015-09-16,16.35,17.77,16.35,17.39,2975870.0,213178016.0,434059991.0,0.006855895640471504
2015-09-17,17.2,17.2,16.79,16.79,4363363.0,311553152.0,434059991.0,0.01005244226713353
2015-09-18,16.75,16.87,16.4,16.67,1868118.0,131080496.0,434059991.0,0.004303824445317283
2015-09-21,16.58,16.97,16.35,16.84,4598586.0,322838624.0,434059991.0,0.010594355838707097
2015-09-22,16.84,16.95,16.73,16.79,1608421.0,114230840.0,434059991.0,0.00370552696251611
2015-09-23,16.59,16.78,16.0,16.14,3744891.0,257050400.0,434059991.0,0.008627588530729154
2015-09-24,16.23,16.46,16.01,16.36,3415007.0,232986816.0,434059991.0,0.007867592201097383
2015-09-25,16.18,16.33,16.07,16.16,2684650.0,183706720.0,434059991.0,0.006184974555740614
2015-09-28,16.16,16.26,15.92,16.2,1879552.0,127878304.0,434059991.0,0.004330166426234848
2015-09-29,16.06,16.56,16.0,16.28,1832436.0,126081704.0,434059991.0,0.004221619218528713
2015-09-30,16.39,16.72,16.24,16.55,1556337.0,108559152.0,434059991.0,0.0035855343322808114
2015-10-08,16.99,17.01,16.63,16.65,3072039.0,217859856.0,434059991.0,0.007077452572679061
2015-10-09,16.63,16.88,16.47,16.82,2932716.0,206189056.0,434059991.0,0.006756476203308957
2015-10-12,16.83,17.6,16.82,17.26,4960265.0,361105216.0,434059991.0,0.011427602411759715
2015-10-13,17.22,17.39,17.08,17.15,2647952.0,192826544.0,434059991.0,0.006100428638676353
2015-10-14,17.15,17.21,16.96,17.09,1914330.0,137862960.0,434059991.0,0.004410288991597016
2015-10-15,16.98,17.4,16.98,17.39,1818924.0,132061704.0,434059991.0,0.0041904898809252385
2015-10-16,17.39,17.58,17.3,17.39,2550382.0,187487456.0,434059991.0,0.005875644042023675
2015-10-19,17.47,17.72,17.18,17.72,2463657.0,181046912.0,434059991.0,0.005675844471000784
2015-10-20,17.69,17.84,17.58,17.67,2548670.0,190440256.0,434059991.0,0.005871699886755976
2015-10-21,17.67,18.05,16.61,17.08,3425667.0,254511152.0,434059991.0,0.007892151018360041
2015-10-22,17.21,17.41,16.94,17.38,3557747.0,257164272.0,434059991.0,0.008196440754199804
2015-10-23,17.42,18.05,17.42,17.66,4177938.0,313413952.0,434059991.0,0.00962525477267496
2015-10-26,17.89,18.0,17.57,17.84,2973253.0,223879440.0,434059991.0,0.006849866519948391
2015-10-27,17.74,17.83,17.2,17.73,2655661.0,197206624.0,434059991.0,0.006118188856526056
2015-10-28,17.73,18.57,17.6,18.12,4439430.0,343443392.0,434059991.0,0.010227687628551786
2015-10-29,18.13,18.43,17.86,18.12,1544711.0,118164592.0,434059991.0,0.003558750016193038
2015-10-30,18.14,18.24,17.82,17.96,2045686.0,155661760.0,434059991.0,0.004712910755232449
2015-11-02,17.77,18.16,17.69,17.8,2058344.0,155847184.0,434059991.0,0.004742072622860097
2015-11-03,17.82,17.91,17.51,17.65,2702197.0,201473440.0,434059991.0,0.006225399843405517
2015-11-04,17.64,18.2,17.55,18.2,2414315.0,183252208.0,434059991.0,0.005562168939915036
2015-11-05,18.14,18.19,17.86,17.97,2836297.0,215526560.0,434059991.0,0.0065343433138485224
2015-11-06,17.98,18.08,17.91,18.05,3192886.0,242492000.0,434059991.0,0.007355863397232573
2015-11-09,17.97,18.08,17.7,17.96,5196853.0,392117344.0,434059991.0,0.011972660709933986
2015-11-10,17.77,17.94,17.63,17.77,3663396.0,275230432.0,434059991.0,0.008439837985436441
2015-11-11,17.77,17.81,17.53,17.74,3029000.0,225745264.0,434059991.0,0.006978298075852838
2015-11-12,17.77,18.23,17.77,18.15,5157620.0,391975584.0,434059991.0,0.011882274586325558
2015-11-13,18.17,18.17,17.69,17.96,2815257.0,213054672.0,434059991.0,0.006485870751446429
2015-11-16,17.78,18.45,17.77,18.34,2714059.0,206561648.0,434059991.0,0.006252727863140005
2015-11-17,18.35,18.78,18.25,18.31,3377559.0,264075312.0,434059991.0,0.007781318412274491
2015-11-18,18.43,19.14,18.2,18.95,2783890.0,216985024.0,434059991.0,0.0064136065468425076
2015-11-19,19.23,19.42,18.88,19.04,2499315.0,201490704.0,434059991.0,0.0057579944058930785
2015-11-20,18.95,19.05,18.58,18.72,3534374.0,280887904.0,434059991.0,0.008142593358713864
2015-11-23,18.67,18.83,18.36,18.71,2901250.0,226884864.0,434059991.0,0.006683983919632897
2015-11-24,18.66,18.66,18.22,18.33,2825521.0,218678416.0,434059991.0,0.00650951725242053
2015-11-25,18.31,18.69,18.14,18.48,3982309.0,307624256.0,434059991.0,0.009174559006982977
2015-11-26,18.48,18.81,18.29,18.45,3221042.0,252273744.0,434059991.0,0.007420730006880547
2015-11-27,18.48,18.79,17.77,17.97,4601499.0,358639808.0,434059991.0,0.010601066892617615
2015-11-30,17.97,18.12,17.57,17.77,4323876.0,324366304.0,434059991.0,0.009961470970956178
2015-12-01,17.79,18.38,17.71,18.06,2773897.0,212151184.0,434059991.0,0.0063905843835305245
2015-12-02,18.01,18.29,17.76,18.08,2162682.0,164637408.0,434059991.0,0.00498244953426265
2015-12-03,18.01,18.36,17.98,18.36,2264096.0,173424880.0,434059991.0,0.005216090049635558
2015-12-04,18.32,18.8,18.2,18.46,1908139.0,149243904.0,434059991.0,0.00439602598618678
2015-12-07,18.48,19.07,18.48,18.79,3301806.0,261580432.0,434059991.0,0.0076067964531658485
2015-12-08,18.66,18.72,18.32,18.36,1883309.0,147230800.0,434059991.0,0.0043388219118310764
2015-12-09,18.43,19.18,18.34,19.12,5193650.0,414125408.0,434059991.0,0.011965281545610131
2015-12-10,19.12,19.21,18.86,18.92,2231850.0,178970384.0,434059991.0,0.005141800779330523
2015-12-11,18.92,18.97,18.6,18.72,1527005.0,120533496.0,434059991.0,0.003517958419715306
2015-12-14,18.6,18.95,18.55,18.93,1743551.0,137926432.0,434059991.0,0.004016843376840967
2015-12-15,19.07,19.24,18.84,19.07,2453255.0,197269648.0,434059991.0,0.0056518800416230945
2015-12-16,19.07,19.39,18.72,18.86,2197983.0,176579840.0,434059991.0,0.005063777002197837
2015-12-17,18.91,19.31,18.86,19.14,3187669.0,256662912.0,434059991.0,0.007343844321279544
2015-12-18,19.08,19.43,18.92,18.94,3390322.0,273610432.0,434059991.0,0.007810722181948347
2015-12-21,18.95,19.66,18.86,19.53,3426567.0,280273120.0,434059991.0,0.007894224464470396
2015-12-22,19.52,19.84,19.31,19.63,2424949.0,200127744.0,434059991.0,0.005586667857623395
2015-12-23,19.54,20.49,19.54,19.66,3506557.0,296286848.0,434059991.0,0.008078507747100791
2015-12-24,19.71,20.01,19.5,19.69,1952574.0,162338016.0,434059991.0,0.0044983966283130665
2015-12-25,19.74,19.82,19.29,19.57,2766260.0,227370512.0,434059991.0,0.00637299004136965
2015-12-28,19.58,19.9,19.28,19.54,3262784.0,268722304.0,434059991.0,0.007516896437478846
2015-12-29,19.43,19.52,19.09,19.29,1830970.0,148765904.0,434059991.0,0.004218241805197844
2015-12-30,19.28,19.63,19.19,19.42,2010567.0,164885152.0,434059991.0,0.004632002584177356
2015-12-31,19.42,19.87,19.37,19.42,2207062.0,182530320.0,434059991.0,0.005084693465793304
2016-01-04,19.4,19.4,18.13,18.23,2391813.0,190695824.0,434059991.0,0.00551032817949812
2016-01-05,17.84,18.72,17.77,18.1,5029621.0,387629920.0,434059991.0,0.011587386776681752
2016-01-06,18.1,18.36,17.95,18.26,3036281.0,232595568.0,434059991.0,0.006995072254885616
2016-01-07,18.05,18.07,17.06,17.19,924951.0,68910400.0,434059991.0,0.0021309289480218414
2016-01-08,17.53,17.56,16.7,17.41,5437497.0,397794656.0,434059991.0,0.012527063338578929
2016-01-11,17.05,17.48,16.7,16.84,2929243.0,212200272.0,434059991.0,0.0067484750051519955
2016-01-12,16.89,17.17,16.72,16.92,2714202.0,193989888.0,434059991.0,0.006253057310688651
2016-01-13,16.94,17.14,16.47,16.56,3213574.0,228236832.0,434059991.0,0.007403525011822617
2016-01-14,16.3,17.25,16.2,17.15,3738478.0,262239680.0,434059991.0,0.008612814075278363
2016-01-15,17.15,17.28,16.75,16.88,2430899.0,174698800.0,434059991.0,0.005600375640241858
2016-01-18,16.82,17.16,16.68,16.87,3182268.0,226965008.0,434059991.0,0.007331401340788398
2016-01-19,16.71,17.22,16.7,17.15,2688329.0,192481664.0,434059991.0,0.006193450342673946
2016-01-20,17.06,17.19,16.7,16.78,1645981.0,117782128.0,434059991.0,0.00379205878018829
2016-01-21,16.61,17.08,16.61,16.79,1838692.0,131301584.0,434059991.0,0.004236031972824696
2016-01-22,16.89,16.97,16.51,16.82,2656231.0,187938352.0,434059991.0,0.006119502039062614
2016-01-25,16.85,16.88,16.75,16.84,1387658.0,98576976.0,434059991.0,0.003196926758448926
2016-01-26,16.77,16.82,15.99,16.03,3381139.0,233677856.0,434059991.0,0.007789566120135684
2016-01-27,16.05,16.19,15.4,15.4,4518049.0,298770784.0,434059991.0,0.010408812361607407
2016-01-28,15.42,15.93,15.42,15.59,3203466.0,212386816.0,434059991.0,0.0073802379081743105
2016-01-29,15.56,16.2,15.3,16.1,2932364.0,194524912.0,434059991.0,0.006755665255496907
2016-02-01,15.87,16.37,15.6,15.97,1838259.0,122980528.0,434059991.0,0.004235034414862714
2016-02-02,15.99,16.39,15.94,16.3,1326379.0,91142304.0,434059991.0,0.0030557504204528265
2016-02-03,16.14,16.61,16.11,16.53,1472567.0,102147400.0,434059991.0,0.0033925425759869215
2016-02-04,16.56,16.99,16.56,16.87,2335972.0,165781440.0,434059991.0,0.005381680063666591
2016-02-05,16.77,16.98,16.63,16.72,940797.0,66828324.0,434059991.0,0.0021674354225381717
2016-02-15,16.36,17.55,16.36,17.18,1418960.0,101278584.0,434059991.0,0.003269041214167099
2016-02-16,17.07,17.69,17.01,17.53,2841189.0,208586528.0,434059991.0,0.006545613645372812
2016-02-17,17.4,17.67,17.15,17.41,1506551.0,110572512.0,434059991.0,0.0034708359011139545
2016-02-18,17.46,17.64,17.41,17.46,1259861.0,93143120.0,434059991.0,0.0029025043222654446
2016-02-19,17.43,17.6,17.15,17.31,1237999.0,91007168.0,434059991.0,0.0028521380124158923
2016-02-22,17.38,17.41,17.14,17.33,1779396.0,129693184.0,434059991.0,0.004099424127758414
2016-02-23,17.3,17.33,16.77,16.88,2333675.0,167186176.0,434059991.0,0.005376388168427161
2016-02-24,16.9,16.99,16.54,16.76,1910061.0,135136544.0,434059991.0,0.0044004539455468955
2016-02-25,16.7,16.81,16.11,16.18,3323069.0,231912016.0,434059991.0,0.007655782769437508
2016-02-26,16.15,16.59,16.11,16.35,2111149.0,145477504.0,434059991.0,0.004863726313812692
2016-02-29,16.32,16.32,15.19,15.95,2738274.0,181588880.0,434059991.0,0.006308515082653633
2016-03-01,15.95,16.24,15.67,15.99,2170928.0,145991600.0,434059991.0,0.005001446908291532
2016-03-02,16.02,16.56,15.96,16.46,2137464.0,146763520.0,434059991.0,0.004924351574250482
2016-03-03,16.38,16.55,16.2,16.33,1651341.0,114398392.0,434059991.0,0.003804407303689964
2016-03-04,16.37,16.37,15.71,16.05,1928672.0,130651856.0,434059991.0,0.0044433305072800406
2016-03-07,16.15,16.25,15.79,15.86,2824668.0,190137696.0,434059991.0,0.006507552086273715
2016-03-08,15.87,16.43,15.65,16.4,2155506.0,145778496.0,434059991.0,0.00496591725727608
2016-03-09,16.22,16.58,16.0,16.58,2362849.0,162214432.0,434059991.0,0.005443600076008848
2016-03-10,16.46,16.84,16.37,16.77,2470728.0,173407232.0,434059991.0,0.005692134845941146
2016-03-11,16.65,16.7,16.23,16.32,1209733.0,83554616.0,434059991.0,0.0027870179815766526
2016-03-14,16.42,16.77,16.32,16.75,1396886.0,98115312.0,434059991.0,0.003218186492567107
2016-03-15,16.68,16.74,16.44,16.67,1628535.0,114241400.0,434059991.0,0.0037518661792535495
2016-03-16,16.65,16.65,16.03,16.44,2441322.0,167901040.0,434059991.0,0.005624388450028789
2016-03-17,16.29,16.58,16.25,16.52,3202995.0,221872256.0,434059991.0,0.007379152804709891
2016-03-18,16.47,16.9,16.17,16.76,4823414.0,337892544.0,434059991.0,0.011112321107706054
2016-03-21,16.76,16.96,16.59,16.76,3809813.0,269281920.0,434059991.0,0.008777157717814172
2016-03-22,16.76,16.8,16.31,16.47,5138901.0,357349504.0,434059991.0,0.011839149211059169
2016-03-23,16.39,16.44,16.09,16.26,3595658.0,246580480.0,434059991.0,0.008283781215855022
2016-03-24,16.23,16.38,16.07,16.2,2946506.0,201870576.0,434059991.0,0.00678824600537763
2016-03-25,16.18,16.34,16.08,16.17,2064252.0,141032688.0,434059991.0,0.004755683644660076
2016-03-28,16.16,16.61,16.16,16.37,3285303.0,227666976.0,434059991.0,0.0075687763629889585
2016-03-29,16.37,16.42,16.15,16.17,1225832.0,84115296.0,434059991.0,0.002824107324832894
2016-03-30,16.24,16.61,16.23,16.6,3031902.0,211516656.0,434059991.0,0.0069849837876442295
2016-03-31,16.58,16.66,16.48,16.57,2890768.0,201858464.0,434059991.0,0.006659835183934287
2016-04-01,16.51,16.61,16.25,16.38,1267298.0,87961352.0,434059991.0,0.0029196378986240177
2016-04-05,16.45,16.77,16.4,16.6,3088416.0,216948544.0,434059991.0,0.007115182380400501
2016-04-06,16.56,16.71,16.44,16.61,2107016.0,147504928.0,434059991.0,0.0048542045885081354
2016-04-07,16.67,16.89,16.56,16.7,2562881.0,180994928.0,434059991.0,0.005904439600838494
2016-04-08,16.65,16.65,16.32,16.44,1860591.0,129318488.0,434059991.0,0.0042864835243476744
2016-04-11,16.44,16.79,16.44,16.59,2245452.0,157490816.0,434059991.0,0.0051731374615450335
2016-04-12,16.62,16.62,16.47,16.5,1234790.0,86040000.0,434059991.0,0.002844745025117968
2016-04-13,16.52,16.72,16.52,16.62,2839085.0,199449904.0,434059991.0,0.006540766389132603
2016-04-14,16.63,17.06,16.54,16.95,3185930.0,225444224.0,434059991.0,0.007339837962628534
2016-04-15,16.94,17.08,16.75,16.95,2399760.0,171490848.0,434059991.0,0.00552863670865256
2016-04-18,16.93,16.93,16.64,16.65,1442537.0,101635240.0,434059991.0,0.0033233585907713847
2016-04-19,16.68,16.74,16.4,16.57,2304082.0,160994672.0,434059991.0,0.005308210956489653
2016-04-20,16.69,16.75,15.93,16.13,3583125.0,246944576.0,434059991.0,0.008254907326853812
2016-04-21,16.13,16.2,15.99,16.11,1684566.0,114548472.0,434059991.0,0.0038809520225972635
2016-04-22,16.08,16.18,16.0,16.11,1200335.0,81550080.0,434059991.0,0.0027653665965265157
2016-04-25,16.11,16.15,15.95,16.05,1669827.0,112904744.0,434059991.0,0.003846995886796671
2016-04-26,16.05,16.1,15.96,16.05,1176591.0,79675184.0,434059991.0,0.002710664480477308
2016-04-27,16.08,16.26,16.03,16.07,1624901.0,110582728.0,434059991.0,0.0037434940646257353
2016-04-28,16.06,16.2,15.96,16.17,1515758.0,102818152.0,434059991.0,0.003492047254822894
2016-04-29,16.13,16.39,16.08,16.28,1884768.0,129420200.0,434059991.0,0.004342183198358864
2016-05-03,16.27,16.66,16.2,16.64,2387638.0,166532048.0,434059991.0,0.00550070969337508
2016-05-04,16.58,16.66,16.56,16.57,1838584.0,128848680.0,434059991.0,0.004235783159291454
2016-05-05,16.55,16.65,16.54,16.62,1661379.0,116404000.0,434059991.0,0.003827533139307465
2016-05-06,16.59,16.64,15.99,16.11,2453515.0,168171664.0,434059991.0,0.005652479037166086
2016-05-09,16.02,16.06,15.49,15.61,2901535.0,192165952.0,434059991.0,0.006684640510901176
2016-05-10,15.63,15.84,15.59,15.66,1294324.0,85771680.0,434059991.0,0.002981901181488989
2016-05-11,15.75,16.28,15.67,15.88,3139039.0,211137787.0,434059991.0,0.007231809116449988
2016-05-12,15.87,15.87,15.53,15.77,1917213.0,127200795.0,434059991.0,0.004416930930637189
2016-05-13,15.87,16.13,15.56,15.67,2273269.0,152180653.0,434059991.0,0.005237223073158106
2016-05-16,15.75,15.84,15.57,15.77,2226382.0,147415491.0,434059991.0,0.005129203442295607
2016-05-17,15.68,15.87,15.5,15.5,3248791.0,213644537.0,434059991.0,0.007484658958120837
2016-05-18,15.49,15.51,15.29,15.38,2376502.0,154422186.0,434059991.0,0.005475054253502945
2016-05-19,15.38,15.46,15.21,15.23,2018466.0,130813751.0,434059991.0,0.004650200529539245
2016-05-20,15.13,15.26,14.94,15.15,2218306.0,141478730.0,434059991.0,0.005110597719198681
2016-05-23,15.16,15.25,15.11,15.2,2831495.0,181305918.0,434059991.0,0.006523280326935269
2016-05-24,15.2,15.2,14.74,14.79,3284507.0,206597536.0,434059991.0,0.0075669425150957995
2016-05-25,14.85,14.88,14.41,14.56,4452444.0,275765194.0,434059991.0,0.010257669659307531
2016-05-26,14.5,14.69,14.17,14.69,4846801.0,294334382.0,434059991.0,0.011166200756798155
2016-05-27,14.59,14.73,14.5,14.53,2268138.0,139983839.0,434059991.0,0.005225402126500067
2016-05-30,14.53,15.19,14.41,15.13,5830241.0,367995932.0,434059991.0,0.013431878359873993
2016-05-31,15.08,15.59,15.03,15.57,5912145.0,382850605.0,434059991.0,0.013620571171232412
2016-06-01,15.46,15.66,15.27,15.48,3413854.0,222608127.0,434059991.0,0.007864935886247116
2016-06-02,15.39,15.52,15.19,15.27,2864570.0,184920300.0,434059991.0,0.006599479471490843
2016-06-03,15.29,15.8,15.29,15.69,4618947.0,303803609.0,434059991.0,0.010641264101210378
2016-06-06,15.7,16.16,15.45,15.66,5202031.0,348554951.0,434059991.0,0.011984589936555568
2016-06-07,15.7,15.74,15.4,15.59,1981236.0,130199168.0,434059991.0,0.004564428975440862
2016-06-08,15.56,15.59,15.38,15.51,1817664.0,118541011.0,434059991.0,0.00418758705637074
2016-06-13,15.4,15.6,15.3,15.3,1787728.0,116492914.0,434059991.0,0.004118619631082285
2016-06-14,15.24,15.63,15.21,15.62,2109563.0,136940418.0,434059991.0,0.004860072441000442
2016-06-15,15.44,15.82,15.39,15.73,1939199.0,128109467.0,434059991.0,0.004467582915284168
2016-06-16,15.86,15.86,15.43,15.45,1641789.0,105606295.0,434059991.0,0.0037824011289720547
2016-06-17,15.35,15.61,15.34,15.48,1664027.0,106965956.0,434059991.0,0.003833633678529934
2016-06-20,15.48,15.55,15.35,15.5,1000036.0,63981221.0,434059991.0,0.0023039119493507986
2016-06-21,15.55,15.62,15.45,15.46,1527139.0,98251669.0,434059991.0,0.003518267132802848
2016-06-22,15.45,15.83,15.42,15.8,1693982.0,110026050.0,434059991.0,0.0039026448765696075
2016-06-23,15.78,16.06,15.78,15.91,1796468.0,118425968.0,434059991.0,0.004138755096642851
2016-06-24,15.95,16.2,15.6,16.0,2010218.0,133115515.0,434059991.0,0.00463119854785234
2016-06-27,15.9,16.59,15.9,16.48,3315617.0,225139181.0,434059991.0,0.007638614635643763
2016-06-28,16.39,16.65,16.32,16.54,2544666.0,173470776.0,434059991.0,0.005862475355393904
2016-06-29,16.55,16.58,16.31,16.39,1961935.0,133330407.0,434059991.0,0.004519962771689778
2016-06-30,16.42,16.46,16.21,16.27,2043247.0,137718309.0,434059991.0,0.004707291716273385
2016-07-01,16.34,16.35,16.06,16.14,1490218.0,99866379.0,434059991.0,0.0034332074618690206
2016-07-04,16.13,16.32,16.06,16.23,2585390.0,173484641.0,434059991.0,0.00595629648805849
2016-07-05,16.23,16.24,15.94,16.05,3702176.0,246028081.0,434059991.0,0.008529180474502658
2016-07-06,16.03,16.32,16.0,16.31,2291457.0,153506969.0,434059991.0,0.005279125115219384
2016-07-07,16.32,17.0,16.31,16.62,4372569.0,302536210.0,434059991.0,0.010073651317013458
2016-07-08,16.62,16.71,16.46,16.51,1249677.0,85761683.0,434059991.0,0.0028790421276122637
2016-07-11,16.54,16.74,16.43,16.57,3032039.0,208400978.0,434059991.0,0.0069852994122188055
2016-07-12,16.58,17.26,16.56,17.26,6471151.0,455664561.0,434059991.0,0.014908425411638549
2016-07-13,17.31,17.62,16.84,16.87,4645345.0,330139191.0,434059991.0,0.010702080579456125
2016-07-14,16.88,17.26,16.75,16.88,2461693.0,173003230.0,434059991.0,0.005671319750822185
2016-07-15,16.9,16.95,16.8,16.9,1498079.0,104660222.0,434059991.0,0.0034513178617284726
2016-07-18,16.9,17.24,16.86,16.87,3056633.0,215678125.0,434059991.0,0.007041959782927793
2016-07-19,16.9,16.92,16.47,16.62,2717694.0,186759950.0,434059991.0,0.006261102281596831
2016-07-20,16.62,16.77,16.54,16.54,1728802.0,119037473.0,434059991.0,0.00398286420275026
2016-07-21,16.54,16.8,16.51,16.54,2703296.0,186247119.0,434059991.0,0.0062279317514891625
2016-07-22,16.56,16.65,16.46,16.5,1453749.0,99647699.0,434059991.0,0.0033491891216483943
2016-07-25,16.53,16.72,16.53,16.67,1837370.0,126576216.0,434059991.0,0.004232986310871485
2016-07-26,16.71,16.73,16.6,16.7,2093694.0,144389730.0,434059991.0,0.004823512978416848
2016-07-27,16.71,16.96,16.27,16.49,4258238.0,293976498.0,434059991.0,0.009810252242298922
2016-07-28,16.49,17.34,16.42,17.04,5975808.0,420337863.0,434059991.0,0.013767239837591943
2016-07-29,16.97,17.44,16.95,17.05,3066631.0,218264725.0,434059991.0,0.007064993465384834
2016-08-01,17.02,17.12,16.44,16.58,4121620.0,284189872.0,434059991.0,0.009495507730404943
2016-08-02,16.57,16.66,16.47,16.64,1437956.0,98649207.0,434059991.0,0.0033128047500696743
2016-08-03,16.66,16.8,16.52,16.66,1358582.0,93929560.0,434059991.0,0.0031299406261103666
2016-08-04,16.66,16.71,16.45,16.63,1939684.0,132946590.0,434059991.0,0.004468700272354749
2016-08-05,16.58,16.79,16.53,16.65,1214466.0,83822359.0,434059991.0,0.0027979220042881124
2016-08-08,16.64,16.64,16.36,16.51,3721553.0,253238166.0,434059991.0,0.00857382176925862
2016-08-09,16.43,16.61,16.41,16.54,3202890.0,218716573.0,434059991.0,0.007378910902663682
2016-08-10,16.53,16.53,16.42,16.42,2151456.0,146740200.0,434059991.0,0.00495658674977948
2016-08-11,16.43,16.47,16.25,16.27,2189829.0,148178607.0,434059991.0,0.005044991580438014
2016-08-12,16.25,16.53,16.2,16.49,2122299.0,143837175.0,434059991.0,0.004889414007290987
2016-08-15,16.53,16.8,16.43,16.75,3611116.0,249159060.0,434059991.0,0.008319393804714888
2016-08-16,16.82,16.9,16.58,16.63,3088248.0,213653303.0,434059991.0,0.007114795337126568
2016-08-17,16.68,16.93,16.61,16.84,2684742.0,186755698.0,434059991.0,0.006185186508009673
2016-08-18,16.83,16.84,16.56,16.63,2046605.0,141274390.0,434059991.0,0.004715027974094023
2016-08-19,16.66,16.69,16.21,16.43,5339406.0,361511786.0,434059991.0,0.012301078447011256
2016-08-22,16.42,16.49,16.25,16.27,2459987.0,166324074.0,434059991.0,0.005667389418528556
2016-08-23,16.29,16.34,16.21,16.25,2116458.0,142654074.0,434059991.0,0.004875957342034779
2016-08-24,16.31,16.42,16.26,16.34,1898312.0,128554436.0,434059991.0,0.004373386258490707
2016-08-25,16.32,16.32,16.1,16.18,2591776.0,173453147.0,434059991.0,0.00597100874012597
2016-08-26,16.25,16.43,16.13,16.27,2041468.0,137929677.0,434059991.0,0.004703193204461915
2016-08-29,16.3,16.39,16.25,16.37,1616208.0,109425018.0,434059991.0,0.00372346687902871
2016-08-30,16.39,16.44,16.3,16.37,1222894.0,82906229.0,434059991.0,0.0028173386751970883
2016-08-31,16.39,16.39,16.27,16.34,969367.0,65514533.0,434059991.0,0.0022332558173969092
2016-09-01,16.34,16.37,16.15,16.17,1923377.0,129443183.0,434059991.0,0.004431131732664115
2016-09-02,16.15,16.2,15.99,16.06,2397685.0,159646423.0,434059991.0,0.005523856263453685
2016-09-05,16.1,16.31,16.09,16.22,1174973.0,79003435.0,434059991.0,0.0027069368851366906
2016-09-06,16.22,16.4,16.13,16.37,1660583.0,112085320.0,434059991.0,0.003825699291414306
2016-09-07,16.37,16.42,16.3,16.34,1593158.0,107954006.0,434059991.0,0.003670363620313488
2016-09-08,16.35,16.45,16.31,16.43,1323022.0,89872616.0,434059991.0,0.0030480164664611993
2016-09-09,16.43,16.49,16.35,16.37,925488.0,62914664.0,434059991.0,0.0021321661042010207
2016-09-12,16.18,16.25,16.08,16.14,2200916.0,147199949.0,434059991.0,0.005070534132688585
2016-09-13,16.18,16.19,16.08,16.15,963097.0,64374864.0,434059991.0,0.002218810809494764
2016-09-14,16.1,16.16,15.96,16.0,1246592.0,83132359.0,434059991.0,0.0028719348151117663
2016-09-19,16.01,16.4,16.01,16.39,1594303.0,107317970.0,434059991.0,0.003673001504531663
2016-09-20,16.37,16.48,16.28,16.42,1557668.0,105783694.0,434059991.0,0.0035886007286951263
2016-09-21,16.41,16.45,16.09,16.33,1279361.0,86816003.0,434059991.0,0.002947428987989819
2016-09-22,16.41,16.57,16.34,16.37,1744501.0,118783513.0,434059991.0,0.004019032014401899
2016-09-23,16.36,16.42,16.26,16.41,826403.0,56005540.0,434059991.0,0.0019038912065959103
2016-09-26,16.33,16.41,16.16,16.18,986178.0,66302883.0,434059991.0,0.002271985486909343
2016-09-27,16.16,16.24,16.09,16.2,1012006.0,67715263.0,434059991.0,0.00233148878261853
2016-09-28,16.24,16.3,16.15,16.25,804166.0,54067415.0,434059991.0,0.001852660960867043
2016-09-29,16.21,16.67,16.21,16.63,2874157.0,197011469.0,434059991.0,0.006621566280224154
2016-09-30,16.64,16.66,16.53,16.59,1424828.0,97953165.0,434059991.0,0.0032825600828066182
2016-10-10,16.66,17.01,16.65,16.94,3307074.0,231735208.0,434059991.0,0.007618933024398464
2016-10-11,17.0,17.0,16.88,16.9,1859646.0,130474778.0,434059991.0,0.004284306405931801
2016-10-12,16.9,17.14,16.87,16.99,1206784.0,84947010.0,434059991.0,0.0027802239898217203
2016-10-13,17.03,17.07,16.89,16.93,2170042.0,152449616.0,434059991.0,0.004999405715787337
2016-10-14,16.91,16.98,16.81,16.84,916594.0,64025157.0,434059991.0,0.002111675848972683
2016-10-17,16.86,17.1,16.82,16.88,2136599.0,150591742.0,434059991.0,0.004922358762155529
2016-10-18,16.78,17.25,16.78,17.13,2634543.0,186415321.0,434059991.0,0.006069536595461064
2016-10-19,17.14,17.37,17.05,17.24,2561072.0,183002431.0,434059991.0,0.005900271974156678
2016-10-20,17.17,17.26,16.96,17.07,2499759.0,176631604.0,434059991.0,0.005759017305974187
2016-10-21,17.28,17.86,17.21,17.6,6920869.0,504465950.0,434059991.0,0.015944498787035178
2016-10-24,17.58,17.94,17.48,17.8,3622272.0,265423159.0,434059991.0,0.008345095321167253
2016-10-25,17.78,17.86,17.51,17.65,1625991.0,119061217.0,434059991.0,0.003746005238248277
2016-10-26,17.65,17.76,17.58,17.69,2357116.0,172582029.0,434059991.0,0.005430392224285882
2016-10-27,17.69,17.89,17.46,17.68,2217144.0,163088933.0,434059991.0,0.005107920669887311
2016-10-28,17.6,17.73,17.57,17.62,995797.0,72754880.0,434059991.0,0.002294146018171023
2016-10-31,17.56,17.87,17.53,17.77,2089816.0,153838802.0,434059991.0,0.004814578729510226
2016-11-01,17.79,18.1,17.78,17.98,2117959.0,157493784.0,434059991.0,0.00487941538938105
2016-11-02,17.94,18.33,17.91,18.25,3082101.0,232262786.0,434059991.0,0.007100633700192838
2016-11-03,18.23,18.31,18.07,18.22,1750106.0,131867887.0,434059991.0,0.004031944976011392
2016-11-04,18.16,18.29,17.87,17.92,1303140.0,97251773.0,434059991.0,0.0030022117380544295
2016-11-07,18.02,18.03,17.6,17.72,1408746.0,103655082.0,434059991.0,0.0032455099046435724
2016-11-08,17.78,17.99,17.61,17.95,1555432.0,115040477.0,434059991.0,0.003583449367025398
2016-11-09,17.87,18.1,17.77,17.89,1930884.0,143216497.0,434059991.0,0.004448426577053493
2016-11-10,18.06,18.08,17.71,17.87,1737282.0,128520978.0,434059991.0,0.004002400672767834
2016-11-11,17.92,18.0,17.67,17.73,2660948.0,195364156.0,434059991.0,0.00613036920050989
2016-11-14,17.72,17.85,17.43,17.58,2158083.0,157316006.0,434059991.0,0.004971854224638732
2016-11-15,17.57,17.8,17.48,17.73,1421189.0,104084426.0,434059991.0,0.0032741764490337466
2016-11-16,17.75,17.8,17.6,17.69,1477209.0,108279078.0,434059991.0,0.0034032369502583343
2016-11-17,17.69,17.78,17.62,17.75,1308915.0,95898052.0,434059991.0,0.003015516350595879
2016-11-18,17.73,18.23,17.69,17.96,2376641.0,177371621.0,434059991.0,0.0054753744857355445
2016-11-21,17.97,18.21,17.8,17.93,2164132.0,161260723.0,434059991.0,0.004985790086329334
2016-11-22,17.99,18.01,17.84,17.89,2152916.0,159811774.0,434059991.0,0.004959950340136279
2016-11-23,17.94,18.05,17.82,17.89,2386202.0,177025056.0,434059991.0,0.005497401394914557
2016-11-24,17.89,17.95,17.84,17.89,1761335.0,130529759.0,434059991.0,0.004057814671981597
2016-11-25,17.9,17.98,17.72,17.92,1687574.0,124701957.0,434059991.0,0.0038878819402638747
2016-11-28,17.99,18.01,17.39,17.63,4313161.0,318083107.0,434059991.0,0.009936785443097887
2016-11-29,17.58,17.93,17.56,17.76,3745461.0,276110152.0,434059991.0,0.008628901713265713
2016-11-30,17.79,17.79,17.51,17.62,1612157.0,117805288.0,434059991.0,0.003714134067703098
2016-12-01,17.67,17.71,17.55,17.63,2010449.0,147030143.0,434059991.0,0.004631730732353998
2016-12-02,17.72,17.72,17.38,17.47,2434147.0,176521770.0,434059991.0,0.00560785847687123
2016-12-05,17.38,17.62,17.31,17.49,1684740.0,122182404.0,434059991.0,0.0038813528888452654
2016-12-06,17.53,17.78,17.49,17.59,1593132.0,116387786.0,434059991.0,0.0036703037207591886
2016-12-07,17.59,17.63,17.43,17.57,1516801.0,110088121.0,434059991.0,0.003494450148481895
2016-12-08,17.59,17.65,17.47,17.51,1188801.0,86421703.0,434059991.0,0.002738794232707801
2016-12-09,17.54,17.57,17.3,17.33,2219827.0,160033515.0,434059991.0,0.005114101843125182
2016-12-12,17.33,17.39,16.91,17.02,2872063.0,202971296.0,434059991.0,0.00661674206227406
2016-12-13,16.99,17.18,16.9,17.02,1923884.0,135802168.0,434059991.0,0.004432299773972948
2016-12-14,17.0,17.09,16.92,17.01,1491615.0,105055589.0,434059991.0,0.003436425910998095
2016-12-15,17.02,17.17,16.79,16.96,1623400.0,114092634.0,434059991.0,0.003740036017279464
2016-12-16,16.97,17.28,16.88,17.18,1320421.0,93644231.0,434059991.0,0.0030420242072022713
2016-12-19,17.14,17.3,17.09,17.17,964600.0,68636010.0,434059991.0,0.002222273464499058
2016-12-20,17.15,17.24,17.03,17.15,1023133.0,72594196.0,434059991.0,0.0023571234880295612
2016-12-21,17.16,17.36,17.16,17.35,1556099.0,111222715.0,434059991.0,0.003584986020976073
2016-12-22,17.29,17.39,17.15,17.17,990928.0,70918381.0,434059991.0,0.0022829286747139983
2016-12-23,17.31,17.31,17.09,17.14,1419931.0,101093426.0,434059991.0,0.0032712782321372715
2016-12-26,17.08,17.39,17.02,17.32,1379529.0,98408440.0,434059991.0,0.0031781989324143906
2016-12-27,17.38,17.4,17.27,17.31,845968.0,60797347.0,434059991.0,0.0019489656212060328
2016-12-28,17.36,17.36,17.14,17.19,1066431.0,76131446.0,434059991.0,0.0024568746765697646
2016-12-29,17.21,17.38,17.12,17.31,1275600.0,91298934.0,434059991.0,0.0029387642870775436
2016-12-30,17.37,17.48,17.23,17.4,1613198.0,116146544.0,434059991.0,0.003716532353704076
2017-01-03,17.4,17.56,17.3,17.51,1347025.0,97312883.0,434059991.0,0.0031033152742243873
2017-01-04,17.5,17.55,17.37,17.52,1246078.0,90229831.0,434059991.0,0.002870750646999852
2017-01-05,17.48,17.65,17.43,17.63,1256486.0,91546005.0,434059991.0,0.0028947288993516106
2017-01-06,17.59,17.69,17.51,17.6,994242.0,72475881.0,434059991.0,0.0022905635640581303
2017-01-09,17.6,17.94,17.6,17.87,1992941.0,147168008.0,434059991.0,0.004591395294020545
2017-01-10,17.87,17.95,17.72,17.83,793689.0,58735874.0,434059991.0,0.0018285237443134905
2017-01-11,17.86,17.88,17.56,17.6,912314.0,66832398.0,434059991.0,0.0021018154608034353
2017-01-12,17.6,17.67,17.43,17.62,1024565.0,74413709.0,434059991.0,0.0023604225711740387
2017-01-13,17.53,17.7,17.39,17.65,1303606.0,94627593.0,434059991.0,0.0030032853223737914
2017-01-16,17.6,17.65,17.24,17.36,2047253.0,147491179.0,434059991.0,0.004716520855293479
2017-01-17,17.24,17.82,17.22,17.8,2069384.0,151238931.0,434059991.0,0.004767506895147127
2017-01-18,17.8,17.92,17.75,17.81,815948.0,60324586.0,434059991.0,0.001879804674280611
2017-01-19,17.82,18.16,17.77,17.92,1196936.0,89011743.0,434059991.0,0.0027575358817164054
2017-01-20,17.95,18.18,17.87,18.09,1319759.0,98897021.0,434059991.0,0.003040499072396654
2017-01-23,18.1,18.32,17.87,17.9,1392184.0,103911572.0,434059991.0,0.003207353888555004
2017-01-24,17.92,18.23,17.84,18.17,1393169.0,103812759.0,434059991.0,0.003209623160131338
2017-01-25,18.35,18.59,18.11,18.44,1556241.0,118802806.0,434059991.0,0.003585313164695707
2017-01-26,18.5,18.71,18.36,18.44,652220.0,50057173.0,434059991.0,0.0015026033578846938
2017-02-03,18.48,18.97,18.48,18.59,1122191.0,87017161.0,434059991.0,0.002585336182251361
2017-02-06,18.59,18.71,18.45,18.56,1223870.0,94032838.0,434059991.0,0.0028195872123123185
2017-02-07,18.59,18.64,18.42,18.45,801252.0,61409142.0,434059991.0,0.0018459476031275133
2017-02-08,18.43,18.44,18.3,18.4,765422.0,58188954.0,434059991.0,0.0017634014096452395
2017-02-09,18.4,18.51,18.34,18.51,1128475.0,86046420.0,434059991.0,0.002599813443759667
2017-02-10,18.48,18.56,18.35,18.46,936277.0,71658829.0,434059991.0,0.0021570221154061627
2017-02-13,18.38,18.63,18.38,18.46,1214759.0,92917057.0,434059991.0,0.0027985970261884836
2017-02-14,18.46,18.49,18.11,18.13,2135070.0,161342396.0,434059991.0,0.0049188362075969355
2017-02-15,18.13,18.24,18.04,18.1,1419653.0,106780660.0,434059991.0,0.003270637767672073
2017-02-16,18.21,18.51,18.05,18.41,1129574.0,85339086.0,434059991.0,0.0026023453518433126
2017-02-17,18.35,18.4,17.94,18.03,1964211.0,147395086.0,434059991.0,0.004525206286519966
2017-02-20,18.04,18.48,17.94,18.31,2278756.0,172458033.0,434059991.0,0.005249864182944242
2017-02-21,18.35,18.68,18.26,18.44,1929855.0,147770920.0,434059991.0,0.004446055937000653
2017-02-22,18.42,18.64,18.36,18.64,824363.0,63077214.0,434059991.0,0.0018991913954124373
2017-02-23,18.64,19.05,18.55,18.83,3241821.0,253020080.0,434059991.0,0.007468601269910638
2017-02-24,18.91,19.2,18.87,19.07,1965385.0,155142471.0,434059991.0,0.004527910981779475
2017-02-27,19.11,19.24,18.72,18.75,1477754.0,116378177.0,434059991.0,0.003404492537069605
2017-02-28,18.83,18.95,18.69,18.77,1234292.0,96201014.0,434059991.0,0.002843597718270238
2017-03-01,18.72,19.01,18.66,19.0,1931065.0,151026609.0,434059991.0,0.004448843570104576
2017-03-02,19.01,19.07,18.55,18.75,1892212.0,147127986.0,434059991.0,0.0043593329015205184
2017-03-03,18.64,18.95,18.64,18.83,1325213.0,103148490.0,434059991.0,0.0030530641558254097
2017-03-06,18.85,19.2,18.79,19.03,2058940.0,162328543.0,434059991.0,0.004743445704950954
2017-03-07,19.05,19.43,19.05,19.33,3724354.0,297039455.0,434059991.0,0.008580274794319848
2017-03-08,19.36,20.1,19.36,19.78,5359567.0,438369523.0,434059991.0,0.012347525943712237
2017-03-09,19.84,19.9,19.33,19.76,4778230.0,386870744.0,434059991.0,0.01100822489765015
2017-03-10,19.66,19.91,19.56,19.8,2536887.0,207407374.0,434059991.0,0.005844553869513397
2017-03-13,19.79,20.4,19.7,20.14,5122936.0,429461123.0,434059991.0,0.01180236858089047
2017-03-14,20.15,20.3,19.99,20.19,2226458.0,185512482.0,434059991.0,0.0051293785333004814
2017-03-15,20.16,20.2,19.8,19.97,2114169.0,175463975.0,434059991.0,0.00487068387742744
2017-03-16,20.07,20.19,19.83,19.98,2561780.0,211555734.0,434059991.0,0.0059019030850968246
2017-03-17,19.95,20.29,19.86,19.92,2285190.0,189901592.0,434059991.0,0.005264687018804274
2017-03-20,20.04,20.86,19.9,20.73,5026589.0,426841801.0,434059991.0,0.011580401567118865
2017-03-21,20.74,21.13,20.66,21.1,3871817.0,334242647.0,434059991.0,0.008920004331843614
2017-03-22,20.99,21.72,20.96,21.49,4241025.0,375787158.0,434059991.0,0.009770596433523862
2017-03-23,21.61,21.73,21.06,21.29,3291248.0,290477813.0,434059991.0,0.007582472626462364
2017-03-24,21.4,21.48,21.13,21.22,2164503.0,191005695.0,434059991.0,0.004986644806892603
2017-03-27,21.25,21.82,21.01,21.01,3238620.0,287099270.0,434059991.0,0.007461226713244806
2017-03-28,21.02,21.8,20.85,21.8,3190431.0,282311718.0,434059991.0,0.007350207497009324
2017-03-29,21.69,22.09,21.36,21.51,3150707.0,283222945.0,434059991.0,0.007258690193356245
2017-03-30,21.52,21.69,21.18,21.25,3268173.0,289587521.0,434059991.0,0.007529311772021854
2017-03-31,21.22,22.47,21.21,22.37,3319902.0,301560912.0,434059991.0,0.007648486542958068
2017-04-05,22.27,22.85,22.09,22.33,3069825.0,284578510.0,434059991.0,0.007072351895247585
2017-04-06,22.33,22.43,22.09,22.41,2089191.0,192600433.0,434059991.0,0.004813138836378034
2017-04-07,22.6,22.6,22.09,22.17,2734406.0,252260483.0,434059991.0,0.006299603872037126
2017-04-10,22.21,22.48,21.92,22.11,2026025.0,186167609.0,434059991.0,0.004667615173037222
2017-04-11,21.88,22.11,21.07,21.54,5604463.0,499249298.0,434059991.0,0.012911724453314104
2017-04-12,21.71,21.73,21.33,21.68,2602688.0,232225266.0,434059991.0,0.005996148122299528
2017-04-13,21.49,22.35,21.43,22.07,2603015.0,238148157.0,434059991.0,0.0059969014743862905
2017-04-14,22.09,22.26,21.76,22.11,1926755.0,175431366.0,434059991.0,0.004438914067064983
2017-04-17,22.08,22.18,21.87,21.97,1622113.0,147816206.0,434059991.0,0.0037370709893416554
2017-04-18,21.97,22.91,21.97,22.46,3313421.0,309157088.0,434059991.0,0.007633555427134495
2017-04-19,22.44,22.65,21.94,22.55,1770695.0,164231627.0,434059991.0,0.004079378511529297
2017-04-20,22.57,23.37,22.47,23.22,2993780.0,285158032.0,434059991.0,0.006897157218067582
2017-04-21,23.25,23.42,22.17,22.19,3939193.0,369326025.0,434059991.0,0.009075227115322868
2017-04-24,22.2,22.21,21.41,22.02,2539654.0,230198374.0,434059991.0,0.005850928564388234
2017-04-25,21.78,22.33,21.71,21.97,3856782.0,352929294.0,434059991.0,0.008885366262655615
2017-04-26,21.97,22.69,21.94,22.26,4583787.0,424612025.0,434059991.0,0.010560261473165813
2017-04-27,22.28,22.63,22.03,22.61,2262962.0,209670337.0,434059991.0,0.00521347750753651
2017-04-28,22.67,22.74,21.37,21.49,6330408.0,569697799.0,434059991.0,0.014584177605072106
2017-05-02,21.34,22.02,21.23,21.94,3241721.0,291595589.0,434059991.0,0.007468370887009487
2017-05-03,21.83,21.97,21.41,21.61,3374331.0,301900923.0,434059991.0,0.007773881652225349
2017-05-04,21.56,21.92,21.52,21.7,2144997.0,193537345.0,434059991.0,0.004941706318194159
2017-05-05,21.72,21.94,21.59,21.7,1488336.0,134416997.0,434059991.0,0.0034288716556693656
2017-05-08,21.73,21.76,21.35,21.37,1622256.0,144463644.0,434059991.0,0.0037374004368903005
2017-05-09,21.3,21.47,20.94,21.34,2150069.0,188727920.0,434059991.0,0.0049533913389405194
2017-05-10,21.34,21.78,21.26,21.71,2166692.0,193695362.0,434059991.0,0.004991687888598791
2017-05-11,21.56,22.26,21.49,22.17,2880626.0,263149011.0,434059991.0,0.006636469750099589
2017-05-12,22.1,22.65,22.0,22.45,1726695.0,160394145.0,434059991.0,0.003978010035023016
2017-05-15,22.45,22.65,22.29,22.58,2456968.0,228931050.0,434059991.0,0.005660434158742817
2017-05-16,22.58,22.77,22.28,22.65,2560850.0,238865055.0,434059991.0,0.005899760524116124
2017-05-17,22.87,23.08,21.9,22.18,4376556.0,405841064.0,434059991.0,0.010082836683282335
2017-05-18,22.09,22.73,21.73,22.73,2524094.0,234236839.0,434059991.0,0.005815080984969195
2017-05-19,22.64,22.82,22.46,22.6,1619659.0,151853886.0,434059991.0,0.003731417392947419
2017-05-22,22.6,22.93,22.36,22.58,1636762.0,153785378.0,434059991.0,0.0037708197805312125
2017-05-23,22.61,22.69,22.12,22.33,3586254.0,331945402.0,434059991.0,0.008262116007830816
2017-05-24,22.34,22.34,21.59,22.04,4282898.0,192086133.0,868119982.0,0.004933532332861335
2017-05-25,21.95,22.49,21.81,22.15,4014308.0,182535315.0,868119982.0,0.004624139615761085
2017-05-26,22.17,22.52,21.79,22.45,3791218.0,171423827.0,868119982.0,0.004367159008672605
2017-05-31,22.54,22.72,22.15,22.3,3640368.0,166885308.0,868119982.0,0.004193392705479736
2017-06-01,22.31,22.64,22.13,22.49,4521972.0,206843199.0,868119982.0,0.005208925141409773
2017-06-02,22.52,22.79,21.72,22.25,6073258.0,275196881.0,868119982.0,0.00699587398738162
2017-06-05,22.16,22.22,21.47,21.53,9964073.0,440839299.0,868119982.0,0.011477760225083726
2017-06-06,21.54,21.96,21.41,21.96,4484393.0,198920482.0,868119982.0,0.005165637346198074
2017-06-07,21.98,22.79,21.84,22.79,7655668.0,349877131.0,868119982.0,0.008818675020430529
2017-06-08,22.77,23.9,22.6,23.75,7793426.0,372555386.0,868119982.0,0.008977360458914077
2017-06-09,23.75,24.69,23.67,24.42,10417901.0,514024621.0,868119982.0,0.012000531281400686
2017-06-12,24.42,25.14,24.0,24.5,6840538.0,342518761.0,868119982.0,0.007879714949355928
2017-06-13,24.38,24.88,24.31,24.6,4647166.0,233106359.0,868119982.0,0.005353137926043038
2017-06-14,24.7,24.75,24.05,24.2,4686285.0,233189615.0,868119982.0,0.005398199669593598
2017-06-15,24.3,24.42,23.69,24.04,4759171.0,232604655.0,868119982.0,0.0054821581102599245
2017-06-16,24.01,24.14,23.41,23.68,6921782.0,334356568.0,868119982.0,0.00797330109146134
2017-06-19,23.68,24.07,23.57,24.07,4384180.0,213904533.0,868119982.0,0.005050200537833029
2017-06-20,24.06,24.36,23.62,23.87,4638859.0,225808925.0,868119982.0,0.005343568972243747
2017-06-21,24.02,24.44,23.71,24.36,4508197.0,220307207.0,868119982.0,0.005193057519093023
2017-06-22,24.34,24.85,24.16,24.18,6620430.0,331218054.0,868119982.0,0.007626169351323605
2017-06-23,24.11,24.59,23.87,24.58,3911936.0,192728176.0,868119982.0,0.004506215823978119
2017-06-26,24.6,25.02,24.35,24.92,5822612.0,293460902.0,868119982.0,0.0067071512241726056
2017-06-27,24.8,25.03,24.39,24.58,4609712.0,231935706.0,868119982.0,0.0053099941201445585
2017-06-28,24.46,24.55,24.07,24.16,3357102.0,166444101.0,868119982.0,0.0038670944910930527
2017-06-29,24.17,24.38,23.98,24.27,2366009.0,116800540.0,868119982.0,0.0027254400878426043
2017-06-30,24.12,24.39,24.09,24.36,3337382.0,165301115.0,868119982.0,0.0038443787370395998
2017-07-03,24.38,24.85,24.23,24.47,4299768.0,215294053.0,868119982.0,0.004952965130573391
2017-07-04,24.36,24.75,23.91,24.28,7385660.0,366836872.0,868119982.0,0.00850764888856112
2017-07-05,24.23,24.69,24.01,24.58,4627210.0,229440081.0,868119982.0,0.005330150320166228
2017-07-06,24.45,24.62,24.11,24.45,4136863.0,205480439.0,868119982.0,0.0047653124980136675
2017-07-07,24.37,24.38,23.86,23.98,4781241.0,233954884.0,868119982.0,0.0055075808634018975
2017-07-10,23.92,23.92,22.79,23.28,12349334.0,584217732.0,868119982.0,0.014225376970991091
2017-07-11,23.2,23.66,23.04,23.46,4911549.0,235748681.0,868119982.0,0.005657684538817585
2017-07-12,23.47,23.62,23.28,23.42,3246399.0,155297448.0,868119982.0,0.003739574099562657
2017-07-13,23.52,23.58,23.3,23.42,3429979.0,164171476.0,868119982.0,0.003951042564528828
2017-07-14,23.42,23.86,23.34,23.6,3408818.0,164743179.0,868119982.0,0.003926666901672584
2017-07-17,23.47,23.57,22.83,23.28,4253709.0,202198106.0,868119982.0,0.004899909100352905
2017-07-18,23.27,23.37,22.91,23.13,3460740.0,163197843.0,868119982.0,0.003986476606640302
2017-07-19,22.99,23.62,22.87,23.29,3252063.0,154440319.0,868119982.0,0.003746098543323243
2017-07-20,23.29,23.4,23.11,23.28,3481861.0,165173550.0,868119982.0,0.004010806192916315
2017-07-21,23.17,23.36,22.81,22.92,4441687.0,208726868.0,868119982.0,0.005116443685315378
2017-07-24,22.87,22.96,22.62,22.7,7578738.0,352645190.0,868119982.0,0.008730058237502935
2017-07-25,22.65,23.09,22.65,22.86,3293526.0,153976903.0,868119982.0,0.0037938603744752876
2017-07-26,22.81,22.96,22.48,22.49,3864609.0,178602176.0,868119982.0,0.004451699166164338
2017-07-27,22.4,23.12,22.1,23.01,4792231.0,221179685.0,868119982.0,0.005520240403820126
2017-07-28,22.81,23.18,22.76,22.78,3015366.0,141277970.0,868119982.0,0.00347344383555498
2017-07-31,22.86,22.95,22.57,22.81,3673735.0,170452624.0,868119982.0,0.004231828636793203
2017-08-01,22.75,22.79,22.51,22.59,2872264.0,132820078.0,868119982.0,0.0033086025659526865
2017-08-02,22.56,22.76,22.21,22.27,3184519.0,146107598.0,868119982.0,0.0036682936299466495
2017-08-03,22.3,22.43,21.98,22.21,4554004.0,205963560.0,868119982.0,0.00524582326685806
2017-08-04,22.19,22.54,22.05,22.32,2650047.0,120989504.0,868119982.0,0.0030526275802277296
2017-08-07,22.21,22.61,22.2,22.49,2510762.0,115213819.0,868119982.0,0.002892183168293896
2017-08-08,22.5,22.87,22.5,22.81,4535722.0,210771729.0,868119982.0,0.00522476396586388
2017-08-09,22.79,23.47,22.49,23.36,6515199.0,307274858.0,868119982.0,0.007504952235968691
2017-08-10,23.23,23.45,22.99,23.31,3052324.0,144909198.0,868119982.0,0.003516016291858606
2017-08-11,23.13,24.25,23.08,23.4,5877096.0,284805281.0,868119982.0,0.006769912134104062
2017-08-14,23.42,24.0,23.4,23.82,4408983.0,214843669.0,868119982.0,0.005078771473319226
2017-08-15,23.87,24.07,23.72,23.96,3546500.0,173447117.0,868119982.0,0.004085264794653696
2017-08-16,24.04,24.04,23.34,23.87,2829984.0,136578204.0,868119982.0,0.0032598996206494417
2017-08-17,23.76,23.86,23.42,23.55,2571663.0,123710900.0,868119982.0,0.002962335913608771
2017-08-18,23.52,23.66,23.34,23.63,1827064.0,87788345.0,868119982.0,0.00210462152453945
2017-08-21,23.71,24.13,23.52,24.04,2504425.0,122217597.0,868119982.0,0.0028848834860709383
2017-08-22,24.01,24.3,23.52,23.67,3155226.0,153754316.0,868119982.0,0.0036345505983296214
2017-08-23,23.57,23.8,23.35,23.46,1737218.0,83396849.0,868119982.0,0.0020011266138555486
2017-08-24,23.52,23.57,23.13,23.16,2330415.0,110746419.0,868119982.0,0.002684438842924825
2017-08-25,23.16,23.23,22.97,23.12,3629814.0,170923857.0,868119982.0,0.004181235399786017
2017-08-28,23.14,23.38,22.87,23.23,6874115.0,324088741.0,868119982.0,0.007918392782715604
2017-08-29,23.22,23.23,22.63,22.76,3631996.0,169788347.0,868119982.0,0.004183748877237571
2017-08-30,22.95,23.64,22.95,23.64,4658923.0,221302165.0,868119982.0,0.005366680984887179
2017-08-31,23.51,23.69,23.02,23.15,4286304.0,203254963.0,868119982.0,0.0049374557536679305
2017-09-01,23.17,23.28,22.94,23.05,3573416.0,168272322.0,868119982.0,0.004116269725490548
2017-09-04,22.98,23.71,22.98,23.68,4728621.0,226469724.0,868119982.0,0.005446967122109165
2017-09-05,23.52,23.67,23.38,23.61,2733588.0,131148779.0,868119982.0,0.003148859669952857
2017-09-06,23.57,23.63,22.97,23.11,5338294.0,252296276.0,868119982.0,0.006149258294575231
2017-09-07,23.19,23.19,22.64,22.75,7744493.0,361114916.0,868119982.0,0.008920993826404055
2017-09-08,22.76,22.82,22.49,22.63,4776536.0,220925851.0,868119982.0,0.005502161105652329
2017-09-11,22.65,22.9,22.48,22.86,3940327.0,182912056.0,868119982.0,0.004538919828710958
2017-09-12,22.89,22.92,22.47,22.5,5777975.0,266399085.0,868119982.0,0.0066557332163793
2017-09-13,22.49,22.78,22.27,22.65,6659360.0,304992685.0,868119982.0,0.007671013383032577
2017-09-14,22.68,23.01,22.51,22.97,4524410.0,210702425.0,868119982.0,0.0052117335089747995
2017-09-15,22.88,22.99,22.74,22.91,1794160.0,83794737.0,868119982.0,0.002066718929642147
2017-09-18,22.96,23.47,22.94,23.4,4829701.0,229868384.0,868119982.0,0.005563402640350697
2017-09-19,23.42,23.5,22.91,22.91,3334774.0,156980461.0,868119982.0,0.0038413745440085954
2017-09-20,22.89,22.99,22.58,22.69,3948682.0,182819195.0,868119982.0,0.004548544074406526
2017-09-21,22.72,22.85,22.6,22.82,1978054.0,91603813.0,868119982.0,0.002278549095763125
2017-09-22,22.8,23.13,22.67,23.1,3102013.0,145819990.0,868119982.0,0.0035732537717349765
2017-09-25,23.16,23.82,23.16,23.77,8396859.0,404859089.0,868119982.0,0.009672463684864243
2017-09-26,23.75,24.04,23.47,23.65,4988192.0,241554678.0,868119982.0,0.005745970722282026
2017-09-27,23.63,23.92,23.48,23.74,3601465.0,173714297.0,868119982.0,0.00414857977546242
2017-09-28,23.76,23.96,23.5,23.88,3176809.0,153704796.0,868119982.0,0.0036594123691072924
2017-09-29,23.95,24.37,23.77,24.05,4502787.0,221900268.0,868119982.0,0.005186825661616898
2017-10-09,24.05,24.5,24.05,24.27,4129581.0,204533752.0,868119982.0,0.0047569242565827724
2017-10-10,24.28,25.29,24.27,24.96,6575186.0,333661817.0,868119982.0,0.007574052131425308
2017-10-11,24.75,26.22,24.75,26.13,9636819.0,508039084.0,868119982.0,0.01110079159541797
2017-10-12,26.1,26.57,25.8,25.98,5380486.0,287176228.0,868119982.0,0.00619785987140197
2017-10-13,26.15,26.23,25.63,26.22,5342659.0,282432528.0,868119982.0,0.006154286401392844
2017-10-16,26.25,26.32,25.34,25.48,5981325.0,314212242.0,868119982.0,0.006889975031124211
2017-10-17,25.37,26.2,25.32,26.11,4441111.0,233546904.0,868119982.0,0.005115780182560065
2017-10-18,25.95,27.18,25.95,27.18,6484706.0,354087250.0,868119982.0,0.0074698269069447595
2017-10-19,26.99,27.78,26.89,27.36,5678792.0,316565861.0,868119982.0,0.006541482879955181
2017-10-20,27.3,27.3,26.77,26.95,4070955.0,223932165.0,868119982.0,0.004689392116768486
2017-10-23,26.95,27.41,26.78,27.41,4465192.0,246379853.0,868119982.0,0.005143519435773107
2017-10-24,27.39,28.02,27.25,27.82,4233836.0,238831403.0,868119982.0,0.004877017103380072
2017-10-25,27.35,27.35,26.75,27.16,8863858.0,486935102.0,868119982.0,0.010210406607136478
2017-10-26,27.08,27.09,26.17,26.39,9869075.0,536457065.0,868119982.0,0.011368330650866183
2017-10-27,26.43,26.83,26.23,26.79,5846512.0,316329714.0,868119982.0,0.006734681980860107
2017-10-30,26.63,26.74,26.17,26.22,4997753.0,268903564.0,868119982.0,0.005756984176871533
2017-10-31,26.28,26.53,25.53,25.88,6100450.0,322747765.0,868119982.0,0.007027196846622061
2017-11-01,26.03,26.45,25.73,25.92,5534519.0,294906373.0,868119982.0,0.006375292718466651
2017-11-02,26.03,26.36,26.01,26.23,6044403.0,323397882.0,868119982.0,0.006962635494318112
2017-11-03,26.31,26.44,25.85,25.96,4531557.0,241252668.0,868119982.0,0.005219966241947418
2017-11-06,26.02,27.32,25.67,27.19,9631876.0,525902847.0,868119982.0,0.011095097682016032
2017-11-07,27.1,27.4,26.68,27.2,7623742.0,422326101.0,868119982.0,0.008781898997919852
2017-11-08,27.12,27.2,26.71,26.72,4552895.0,250645508.0,868119982.0,0.00524454579367118
2017-11-09,26.72,26.73,26.1,26.45,5282720.0,283432284.0,868119982.0,0.006085241797832503
2017-11-10,26.39,26.86,26.02,26.86,6231206.0,336142438.0,868119982.0,0.007177816579736325
2017-11-13,26.83,27.08,26.47,26.55,5782628.0,315445221.0,868119982.0,0.0066610930745745695
2017-11-14,26.48,26.68,25.14,25.31,8800542.0,462661274.0,868119982.0,0.010137471988290209
2017-11-15,25.31,25.48,24.89,25.33,4934855.0,253559762.0,868119982.0,0.005684531058288669
2017-11-16,25.34,25.38,24.88,25.29,5871350.0,301528157.0,868119982.0,0.006763293233354005
2017-11-17,25.4,25.54,25.15,25.44,5831388.0,301954075.0,868119982.0,0.006717260425875095
2017-11-20,25.51,26.12,25.21,25.96,6808539.0,358591739.0,868119982.0,0.007842854837086332
2017-11-21,25.97,26.37,25.95,26.14,6595065.0,351166000.0,868119982.0,0.007596951039885176
2017-11-22,26.17,27.0,26.17,26.37,7708472.0,418125531.0,868119982.0,0.00887950071399232
2017-11-23,26.27,26.48,25.34,25.45,4609934.0,241412628.0,868119982.0,0.005310249845164836
2017-11-24,25.31,25.74,24.82,25.73,5952899.0,305384530.0,868119982.0,0.006857230709383671
2017-11-27,25.45,25.45,24.82,24.99,3943376.0,201229954.0,868119982.0,0.004542432016039
2017-11-28,24.85,25.18,24.5,24.66,3979943.0,200931586.0,868119982.0,0.004584554073770877
2017-11-29,24.75,24.88,24.2,24.43,3508129.0,174932064.0,868119982.0,0.00404106468315344
2017-11-30,24.42,24.55,24.22,24.46,3494965.0,174162258.0,868119982.0,0.004025900880599705
2017-12-01,24.7,24.83,24.37,24.39,2987282.0,149811662.0,868119982.0,0.0034410934685754073
2017-12-04,24.36,24.93,24.33,24.79,4657600.0,233813410.0,868119982.0,0.005365157001996067
2017-12-05,24.75,25.26,24.6,25.11,4707151.0,240562165.0,868119982.0,0.005422235517670643
2017-12-06,25.11,25.28,24.87,24.99,3586350.0,183431622.0,868119982.0,0.004131168587707961
2017-12-07,24.99,25.18,24.41,24.44,3053005.0,153307863.0,868119982.0,0.003516800745637024
2017-12-08,24.44,24.62,24.16,24.28,4655579.0,231476755.0,868119982.0,0.00536282898277994
2017-12-11,24.0,24.27,22.94,23.88,16705159.0,809352220.0,868119982.0,0.01924291497301349
2017-12-12,24.06,24.78,23.71,23.86,7808961.0,386011802.0,868119982.0,0.008995255450760952
2017-12-13,23.71,24.23,23.67,23.99,6398308.0,313533705.0,868119982.0,0.007370303797476695
2017-12-14,23.99,24.2,23.29,23.51,5947562.0,286874469.0,868119982.0,0.006851082941666467
2017-12-15,23.54,23.96,23.47,23.72,5312415.0,257454606.0,868119982.0,0.006119447899080844
2017-12-18,23.88,24.14,23.29,23.42,6972742.0,334947971.0,868119982.0,0.008032002654674525
2017-12-19,23.38,24.09,22.85,24.08,11228647.0,534371544.0,868119982.0,0.012934441359282062
2017-12-20,23.81,24.34,23.81,24.05,7415275.0,364897650.0,868119982.0,0.008541762836649001
2017-12-21,24.11,24.93,23.91,24.65,7590007.0,380659184.0,868119982.0,0.008743039162068268
2017-12-22,25.97,26.81,25.58,26.15,15015855.0,803466138.0,868119982.0,0.017296981190786598
2017-12-25,26.15,27.35,26.12,27.1,13230272.0,728910042.0,868119982.0,0.015240142231860297
2017-12-26,27.1,27.14,26.52,26.79,5732542.0,313128788.0,868119982.0,0.006603398284639415
2017-12-27,26.84,27.01,26.16,26.27,5957862.0,322047251.0,868119982.0,0.006862947661075725
2017-12-28,26.52,26.56,25.76,26.27,6493071.0,346456143.0,868119982.0,0.007479462671785384
2017-12-29,26.32,26.55,26.1,26.4,4107678.0,220405486.0,868119982.0,0.004731693873163261
2018-01-02,26.4,26.81,26.15,26.54,5529716.0,299979669.0,868119982.0,0.006369760073095518
2018-01-03,26.71,27.82,26.68,27.71,9294860.0,518192854.0,868119982.0,0.010706884062945114
2018-01-04,27.66,28.23,27.45,27.56,6226595.0,353594514.0,868119982.0,0.007172505101950297
2018-01-05,27.51,28.15,27.23,27.56,3614821.0,205023578.0,868119982.0,0.00416396474560126
2018-01-08,27.59,28.46,27.59,28.03,4187007.0,239180166.0,868119982.0,0.004823074098990156
2018-01-09,28.07,28.33,27.64,28.03,3979555.0,226809365.0,868119982.0,0.004584107130942644
2018-01-10,27.74,28.51,27.71,28.28,3963393.0,226865989.0,868119982.0,0.0045654898887006615
2018-01-11,28.09,28.38,27.85,27.98,3338242.0,190732380.0,868119982.0,0.0038453693835145473
2018-01-12,27.94,28.1,27.3,28.03,3849129.0,217638181.0,868119982.0,0.004433867529615278
2018-01-15,28.11,28.35,27.2,27.37,5465096.0,308980822.0,868119982.0,0.006295323357733747
2018-01-16,27.16,27.68,26.97,27.31,5992231.0,333610516.0,868119982.0,0.006902537810723956
2018-01-17,27.42,27.48,26.61,26.72,3720568.0,204057407.0,868119982.0,0.004285776248841142
2018-01-18,26.83,27.57,26.46,26.76,4261552.0,234990727.0,868119982.0,0.0049089435658215275
2018-01-19,26.96,27.03,26.39,26.72,3736222.0,203402783.0,868119982.0,0.004303808318514203
2018-01-22,26.88,27.74,26.57,27.62,4419948.0,247412049.0,868119982.0,0.005091402215874809
2018-01-23,27.73,27.73,27.17,27.44,3865955.0,216213143.0,868119982.0,0.004453249643089081
2018-01-24,27.42,27.82,27.22,27.49,3298007.0,185558345.0,868119982.0,0.0037990221033755676
2018-01-25,27.49,27.68,27.02,27.05,3153787.0,175448089.0,868119982.0,0.0036328929933558424
2018-01-26,27.05,27.48,26.97,27.08,2244318.0,124461511.0,868119982.0,0.0025852624597229924
2018-01-29,26.96,27.69,26.61,26.72,4318412.0,238784308.0,868119982.0,0.004974441424618654
2018-01-30,26.7,27.83,26.47,26.95,3254655.0,178474906.0,868119982.0,0.0037490843057221552
2018-01-31,26.81,27.69,26.79,27.64,3368692.0,188384821.0,868119982.0,0.003880445180214732
2018-02-01,27.67,27.79,26.96,27.53,4051699.0,226078759.0,868119982.0,0.004667210851045702
2018-02-02,27.36,27.54,26.71,27.2,2864612.0,159068413.0,868119982.0,0.0032997881161546633
2018-02-05,26.71,27.16,25.88,26.32,5320096.0,286543735.0,868119982.0,0.006128295754399534
2018-02-06,25.54,26.33,25.02,26.17,7352237.0,381463061.0,868119982.0,0.008469148450035331
2018-02-07,26.36,26.36,25.64,26.07,4301067.0,228075397.0,868119982.0,0.0049544614675163644
2018-02-08,25.92,26.11,25.42,25.9,2995783.0,157782569.0,868119982.0,0.003450885893788815
2018-02-09,25.06,25.46,24.5,25.22,5929037.0,302061654.0,868119982.0,0.006829743725447389
2018-02-12,25.04,25.98,25.04,25.89,3374898.0,176539501.0,868119982.0,0.0038875939616374363
2018-02-13,26.03,26.71,26.03,26.36,2742192.0,148052806.0,868119982.0,0.003158770742360357
2018-02-14,26.39,27.34,26.39,27.12,3004855.0,165604978.0,868119982.0,0.0034613360621850078
2018-02-22,27.22,28.18,27.1,28.18,4209131.0,240368695.0,868119982.0,0.004848559055515439
2018-02-23,28.12,28.44,27.68,27.86,3300898.0,188756188.0,868119982.0,0.0038023522882117003
2018-02-26,28.11,28.13,27.24,27.78,4881942.0,275546955.0,868119982.0,0.00562357980604575
2018-02-27,27.87,27.98,27.39,27.81,3156587.0,178210434.0,868119982.0,0.0036361183539719514
2018-02-28,27.63,27.9,27.25,27.53,2938580.0,165552232.0,868119982.0,0.003384992928316215
2018-03-01,27.43,28.01,27.39,27.9,2824306.0,160017679.0,868119982.0,0.003253359050085775
2018-03-02,27.74,28.02,27.44,27.87,2498933.0,141688764.0,868119982.0,0.0028785571716053414
2018-03-05,27.89,28.73,27.73,28.73,5347977.0,310018492.0,868119982.0,0.006160412282734439
2018-03-06,28.87,29.5,28.77,29.31,4602441.0,274536957.0,868119982.0,0.005301618549773227
2018-03-07,29.32,29.48,28.77,28.78,2631233.0,156382517.0,868119982.0,0.003030955460716489
2018-03-08,28.77,30.09,28.77,29.85,6735053.0,406828404.0,868119982.0,0.007758205247716554
2018-03-09,29.66,31.18,29.65,31.09,8092257.0,506638016.0,868119982.0,0.009321588222582809
2018-03-12,31.07,31.69,30.6,30.76,6049300.0,381641911.0,868119982.0,0.0069682764196527846
2018-03-13,30.73,30.73,29.93,30.14,4022027.0,248136824.0,868119982.0,0.004633031243830994
2018-03-14,30.26,30.26,29.75,29.97,3887361.0,237300914.0,868119982.0,0.004477907524999235
2018-03-15,29.89,30.37,29.69,30.0,4772620.0,292861193.0,868119982.0,0.0054976502084478
2018-03-16,30.09,30.7,30.09,30.39,4772562.0,296490206.0,868119982.0,0.005497583397406466
2018-03-19,30.14,31.68,29.84,31.33,5972037.0,376934856.0,868119982.0,0.006879276049194776
2018-03-20,31.09,32.61,30.89,32.49,7541600.0,494438167.0,868119982.0,0.008687278436588274
2018-03-21,32.74,33.07,31.6,31.82,5631728.0,370171683.0,868119982.0,0.0064872691756564125
2018-03-22,31.82,32.08,31.0,31.72,4428493.0,285103153.0,868119982.0,0.0051012453253264705
2018-03-23,30.19,32.47,30.19,31.72,8075341.0,518350976.0,868119982.0,0.009302102436803487
2018-03-26,31.2,33.27,30.97,32.06,7662176.0,503166051.0,868119982.0,0.00882617168003397
2018-03-27,32.19,33.0,31.66,32.54,7215620.0,476377924.0,868119982.0,0.008311777346002847
2018-03-28,32.07,32.79,30.77,31.34,7594729.0,489965703.0,868119982.0,0.008748478502364435
2018-03-29,31.34,31.35,30.12,31.02,5408598.0,342006736.0,868119982.0,0.006230242491987703
2018-03-30,31.07,32.3,31.01,32.1,7230322.0,468216114.0,868119982.0,0.00832871279306643
2018-04-02,32.17,33.03,31.77,32.03,5233350.0,346714444.0,868119982.0,0.006028371778683468
2018-04-03,31.57,32.58,31.57,32.37,3981599.0,261144343.0,868119982.0,0.004586461644192403
2018-04-04,33.32,35.09,32.57,32.67,8750087.0,598865915.0,868119982.0,0.01007935214190243
2018-04-09,32.81,34.15,32.81,33.18,7513742.0,512473390.0,868119982.0,0.008655188402287002
2018-04-10,33.37,33.57,32.87,33.53,3389650.0,230071633.0,868119982.0,0.0039045870044263076
2018-04-11,33.81,34.53,33.56,34.3,6024915.0,420045848.0,868119982.0,0.006940186984429993
2018-04-12,34.3,35.36,34.11,34.74,5080710.0,360775316.0,868119982.0,0.005852543548525301
2018-04-13,35.01,35.68,32.83,33.42,10184181.0,704430414.0,868119982.0,0.01173130582311605
2018-04-16,33.25,34.64,32.93,33.77,7641805.0,530196362.0,868119982.0,0.008802706029637272
2018-04-17,33.66,34.03,31.27,31.83,10290511.0,680060112.0,868119982.0,0.011853788892512786
2018-04-18,32.01,32.49,31.13,32.34,6459749.0,420964763.0,868119982.0,0.007441078576624677
2018-04-19,32.38,33.43,32.03,33.35,4967891.0,335210446.0,868119982.0,0.005722585705900731
2018-04-20,33.41,33.77,32.89,33.15,4393218.0,299026420.0,868119982.0,0.005060611541136027
2018-04-23,33.13,33.88,32.34,32.75,4944050.0,333569223.0,868119982.0,0.005695122912169069
2018-04-24,33.04,33.27,32.59,33.24,4306521.0,289720027.0,868119982.0,0.0049607440092307425
2018-04-25,33.09,33.11,31.12,32.83,12460065.0,816092100.0,868119982.0,0.014352929616127648
2018-04-26,32.47,32.95,31.42,32.35,6196140.0,407845585.0,868119982.0,0.007137423545677583
2018-04-27,32.33,34.06,32.05,33.57,8625437.0,588171904.0,868119982.0,0.009935765998760296
2018-05-02,33.81,34.39,32.34,33.28,6867159.0,466858696.0,868119982.0,0.007910380065413584
2018-05-03,32.99,33.13,31.9,32.95,5759317.0,382789067.0,868119982.0,0.006634240795530957
2018-05-04,32.82,34.37,32.59,34.19,7681203.0,529827926.0,868119982.0,0.008848089157334937
2018-05-07,34.19,36.18,34.16,35.87,8497407.0,613093801.0,868119982.0,0.009788286384588715
2018-05-08,35.9,35.92,35.04,35.26,6087741.0,438764245.0,868119982.0,0.007012557165168443
2018-05-09,35.28,35.37,34.73,35.04,3585584.0,255621977.0,868119982.0,0.004130286221196554
2018-05-10,35.14,36.16,34.98,35.73,6294183.0,457373030.0,868119982.0,0.007250360699565144
2018-05-11,35.74,36.56,34.55,34.66,7360030.0,532964836.0,868119982.0,0.008478125319778667
2018-05-14,34.81,35.32,33.76,35.14,7323957.0,514684419.0,868119982.0,0.008436572307812631
2018-05-15,34.99,36.62,34.99,36.11,6840296.0,503433229.0,868119982.0,0.007879436186045537
2018-05-16,36.0,36.88,35.77,36.7,6070257.0,453012400.0,868119982.0,0.006992417091949855
2018-05-17,36.53,36.99,35.59,35.77,6061182.0,447304223.0,868119982.0,0.006981963467810145
2018-05-18,35.81,36.65,35.2,36.42,4284145.0,314894173.0,868119982.0,0.004934968770250009
2018-05-21,36.44,37.29,36.11,36.34,5335798.0,398185193.0,868119982.0,0.006146383115968871
2018-05-22,36.41,37.25,36.34,37.18,5622423.0,423856207.0,868119982.0,0.006476550611180379
2018-05-23,36.99,37.39,36.23,36.49,6043768.0,452202723.0,868119982.0,0.0069619040286069585
2018-05-24,36.27,36.61,35.98,36.32,3746284.0,277187832.0,868119982.0,0.004315398882271091
2018-05-25,36.26,37.33,36.18,36.95,6228390.0,470457025.0,868119982.0,0.007174572788488124
2018-05-28,36.75,37.74,36.64,37.72,7186951.0,544826722.0,868119982.0,0.008278753109037409
2018-05-29,37.59,39.49,36.27,36.31,13585669.0,1057851574.0,868119982.0,0.015649529191461464
2018-05-30,36.12,37.15,34.86,36.56,7732780.0,572515222.0,868119982.0,0.008907501451798168
2018-05-31,36.66,38.17,36.66,37.96,7571376.0,579845522.0,868119982.0,0.00872157784291158
2018-06-01,37.87,38.54,36.12,36.78,8728506.0,658199722.0,868119982.0,0.010054492674953772
2018-06-04,36.52,36.76,34.79,35.82,10572106.0,766506240.0,868119982.0,0.012178162257760356
2018-06-05,35.85,36.89,35.77,36.83,6706619.0,499716105.0,868119982.0,0.007725451710659967
2018-06-06,36.82,37.77,36.36,37.54,6506205.0,492998315.0,868119982.0,0.007494591916903947
2018-06-07,37.8,38.36,37.05,37.12,5852724.0,448328826.0,868119982.0,0.006741837673769845
2018-06-08,37.12,37.72,36.36,36.61,4950016.0,372504062.0,868119982.0,0.005701995234110393
2018-06-11,36.52,36.88,34.82,35.35,9024256.0,652689361.0,868119982.0,0.010395171390030279
2018-06-12,35.25,36.65,35.04,36.57,5988148.0,438705293.0,868119982.0,0.006897834543796965
2018-06-13,36.56,36.56,35.17,35.78,9661484.0,464443908.0,1302179973.0,0.007419469044468249
2018-06-14,35.47,36.5,35.16,36.3,7547564.0,365700719.0,1302179973.0,0.0057960989698003906
2018-06-15,36.28,36.45,35.07,35.09,6674319.0,319277461.0,1302179973.0,0.005125496581416093
2018-06-19,34.65,35.61,33.96,34.69,10168849.0,474462216.0,1302179973.0,0.007809096446609228
2018-06-20,34.69,35.79,34.23,35.63,6850696.0,325380370.0,1302179973.0,0.00526094406460358
2018-06-21,35.63,36.53,35.4,35.7,6907370.0,335517165.0,1302179973.0,0.005304466466402951
2018-06-22,35.54,36.15,35.26,35.95,3602076.0,174051932.0,1302179973.0,0.0027661890634836234
2018-06-25,36.3,37.24,35.78,36.89,9668540.0,478669237.0,1302179973.0,0.007424887650303312
2018-06-26,36.41,37.34,36.37,37.15,6876831.0,341296912.0,1302179973.0,0.00528101425500882
2018-06-27,37.21,37.43,35.18,35.63,8309665.0,404193791.0,1302179973.0,0.006381349100966399
2018-06-28,35.22,35.27,34.27,34.5,8576479.0,403015869.0,1302179973.0,0.006586247045591754
2018-06-29,34.5,35.98,34.2,35.81,6939605.0,329375191.0,1302179973.0,0.005329221109131587
2018-07-02,35.81,37.03,35.49,35.78,8413566.0,411332361.0,1302179973.0,0.006461139147007908
2018-07-03,35.78,36.15,33.61,34.59,11857611.0,550938638.0,1302179973.0,0.00910596940965241
2018-07-04,34.25,34.63,33.81,33.85,5896537.0,271656400.0,1302179973.0,0.00452820433600694
2018-07-05,33.83,34.29,32.11,32.61,10504971.0,467476351.0,1302179973.0,0.00806721898494441
2018-07-06,32.21,33.25,31.55,32.52,10152926.0,444879105.0,1302179973.0,0.007796868490159156
2018-07-09,32.52,34.28,32.5,34.14,9089551.0,411217301.0,1302179973.0,0.006980257098455622
2018-07-10,34.31,34.98,33.92,34.67,5369477.0,249936674.0,1302179973.0,0.004123452296405422
2018-07-11,33.77,35.53,33.74,35.1,5803215.0,272740181.0,1302179973.0,0.004456538359003007
2018-07-12,35.02,36.24,34.83,35.88,6741618.0,325693719.0,1302179973.0,0.0051771783776312155
2018-07-13,36.08,37.34,36.0,37.04,8378228.0,415832660.0,1302179973.0,0.00643400157713837
2018-07-16,37.04,38.07,36.67,37.91,7201606.0,363225315.0,1302179973.0,0.005530422944079481
2018-07-17,37.85,37.9,36.47,36.93,5830219.0,290464296.0,1302179973.0,0.00447727589187858
2018-07-18,36.93,37.95,36.73,37.02,5729530.0,288072035.0,1302179973.0,0.004399952478765391
2018-07-19,37.02,37.26,35.92,36.41,5617611.0,275212581.0,1302179973.0,0.00431400506571913
2018-07-20,36.63,36.76,35.85,36.37,5149936.0,251764235.0,1302179973.0,0.00395485732140038
2018-07-23,34.13,35.53,33.25,34.56,21240364.0,980184025.0,1302179973.0,0.016311388932718596
2018-07-24,34.03,35.39,33.68,34.56,12490140.0,583244602.0,1302179973.0,0.00959171562992545
2018-07-25,34.51,36.62,34.39,36.04,10849331.0,521507439.0,1302179973.0,0.00833166783774519
2018-07-26,35.98,37.11,35.35,35.87,8949368.0,437079498.0,1302179973.0,0.006872604544348956
2018-07-27,36.24,36.32,34.85,35.15,4934574.0,235068502.0,1302179973.0,0.003789471580208368
2018-07-30,35.29,35.46,33.62,34.03,7469926.0,342954298.0,1302179973.0,0.005736477410868613
2018-07-31,34.2,34.79,33.65,34.37,4447541.0,204926741.0,1302179973.0,0.0034154579952213717
2018-08-01,34.37,34.64,33.4,33.62,6134183.0,279219020.0,1302179973.0,0.004710702919096422
2018-08-02,33.4,34.09,33.07,34.07,8399504.0,380664033.0,1302179973.0,0.0064503403324879735
2018-08-03,34.02,34.23,33.18,33.19,6773931.0,306466553.0,1302179973.0,0.005201992919914151
2018-08-06,32.67,33.39,29.91,31.03,16446088.0,698163716.0,1302179973.0,0.012629658220062335
2018-08-07,31.0,31.53,29.62,31.48,9245221.0,382879177.0,1302179973.0,0.007099802785862688
2018-08-08,31.32,31.41,29.81,29.98,7724946.0,318692439.0,1302179973.0,0.005932318235706732
2018-08-09,29.91,31.86,29.75,31.51,10281021.0,431920293.0,1302179973.0,0.00789523814923546
2018-08-10,31.51,33.11,31.5,33.02,8305765.0,364482173.0,1302179973.0,0.006378354123251441
2018-08-13,32.62,33.72,32.21,33.33,7416919.0,330866878.0,1302179973.0,0.0056957710560643065
2018-08-14,33.33,33.7,33.05,33.36,4486556.0,201508590.0,1302179973.0,0.003445419291516012
2018-08-15,33.3,33.53,31.92,32.06,4500060.0,197272367.0,1302179973.0,0.0034557895938398062
2018-08-16,31.47,32.73,31.21,31.67,5363359.0,231708266.0,1302179973.0,0.004118754021107956
2018-08-17,31.88,32.13,30.14,30.58,11075987.0,458526467.0,1302179973.0,0.00850572672722252
2018-08-20,30.28,30.68,28.18,29.62,12744187.0,504780340.0,1302179973.0,0.009786809246220838
2018-08-21,29.62,31.69,29.61,31.43,8843079.0,368728974.0,1302179973.0,0.006790980650414288
2018-08-22,31.46,32.57,31.19,32.08,10168370.0,441296704.0,1302179973.0,0.0078087286019103905
2018-08-23,32.12,32.88,31.95,32.62,5181665.0,226923533.0,1302179973.0,0.003979223384969076
2018-08-24,32.7,34.26,32.07,33.68,9243453.0,415653059.0,1302179973.0,0.007098445062631907
2018-08-27,33.67,34.89,33.4,34.89,7166440.0,332351891.0,1302179973.0,0.0055034174604066035
2018-08-28,35.33,35.59,34.15,34.65,6914964.0,323175009.0,1302179973.0,0.005310298225574077
2018-08-29,35.0,35.0,34.38,34.66,3452056.0,161084568.0,1302179973.0,0.0026509822540482274
2018-08-30,34.49,34.77,33.64,33.92,5999559.0,275277028.0,1302179973.0,0.004607319360148077
2018-08-31,33.68,34.25,32.73,33.39,7518885.0,336763214.0,1302179973.0,0.005774075132393393
2018-09-03,33.4,33.74,32.81,33.54,4091170.0,184158446.0,1302179973.0,0.0031417853790015244
2018-09-04,33.61,33.75,32.5,33.24,5738724.0,256528245.0,1302179973.0,0.004407012946742654
2018-09-05,33.18,34.0,32.88,33.18,3625142.0,162983309.0,1302179973.0,0.002783902436810092
2018-09-06,32.67,33.03,32.24,32.47,5693946.0,249898392.0,1302179973.0,0.00437262599491691
2018-09-07,32.56,33.58,32.5,33.04,5157640.0,229646610.0,1302179973.0,0.003960773554301929
2018-09-10,32.88,33.21,31.78,31.81,4522995.0,196289631.0,1302179973.0,0.0034734023666327728
2018-09-11,31.83,32.57,31.77,32.48,4090116.0,178005440.0,1302179973.0,0.003140975967075482
2018-09-12,32.55,32.64,30.34,30.43,14529512.0,606267057.0,1302179973.0,0.011157837089543382
2018-09-13,30.88,31.04,27.86,30.16,24247484.0,960049241.0,1302179973.0,0.018620685698412288
2018-09-14,29.73,29.99,28.3,29.12,13326377.0,524253876.0,1302179973.0,0.010233897983623804
2018-09-17,28.95,29.53,27.97,28.21,8485424.0,326295104.0,1302179973.0,0.006516321995377516
2018-09-18,28.26,29.08,27.68,28.88,10619133.0,406320042.0,1302179973.0,0.008154888894148275
2018-09-19,29.02,29.95,28.48,29.85,13175066.0,522104752.0,1302179973.0,0.010117699759770457
2018-09-20,29.65,29.84,29.0,29.17,7457257.0,294944440.0,1302179973.0,0.005726748340953021
2018-09-21,29.17,29.5,28.06,29.25,14302125.0,554868371.0,1302179973.0,0.010983216833730249
2018-09-25,28.85,30.05,28.67,30.0,10827526.0,431733873.0,1302179973.0,0.008314922840546558
2018-09-26,30.0,31.25,29.54,30.94,14200131.0,585489219.0,1302179973.0,0.010904891254997055
2018-09-27,30.9,31.66,30.51,30.8,9573537.0,400462613.0,1302179973.0,0.007351930761109932
2018-09-28,30.79,31.31,30.66,31.16,6239176.0,261122048.0,1302179973.0,0.004791331558898119
2018-10-08,30.43,30.5,29.26,29.58,6564987.0,264562946.0,1302179973.0,0.005041535836920754
2018-10-09,29.54,30.2,29.39,29.62,3230078.0,129385760.0,1302179973.0,0.0024805158019428394
2018-10-10,29.81,29.91,28.21,28.71,7174866.0,277792256.0,1302179973.0,0.005509888148156922
2018-10-11,27.69,28.5,27.11,27.17,9251899.0,345473947.0,1302179973.0,0.007104931109242301
2018-10-12,27.17,28.48,27.03,28.28,8971709.0,337077745.0,1302179973.0,0.0068897611589976435
2018-10-15,28.28,29.12,27.97,28.28,5216742.0,200146339.0,1302179973.0,0.004006160521714612
2018-10-16,28.26,28.76,27.62,28.09,5509589.0,210573745.0,1302179973.0,0.004231050326558816
2018-10-17,28.63,28.67,27.06,27.58,6293917.0,234429843.0,1302179973.0,0.004833369526871076
2018-10-18,27.46,27.94,26.64,26.95,7282507.0,267108291.0,1302179973.0,0.005592550301032774
2018-10-19,26.65,28.02,26.07,27.87,9884504.0,360904462.0,1302179973.0,0.007590735693183633
2018-10-22,28.26,30.42,28.26,29.97,11986874.0,477664169.0,1302179973.0,0.009205236026157193
2018-10-23,29.86,30.26,29.01,29.32,7652322.0,304826120.0,1302179973.0,0.005876547142996185
2018-10-24,29.21,29.47,28.06,28.12,7324951.0,281501428.0,1302179973.0,0.005625144873887567
2018-10-25,27.46,28.08,26.99,27.82,4905787.0,182425905.0,1302179973.0,0.0037673648049569566
2018-10-26,28.12,28.12,25.04,25.98,26386239.0,915128498.0,1302179973.0,0.0202631276375804
2018-10-29,25.69,25.69,23.75,24.73,12361820.0,409515353.0,1302179973.0,0.009493173183673284
2018-10-30,24.49,25.7,24.05,25.39,11967848.0,404516685.0,1302179973.0,0.009190625142566218
2018-10-31,25.41,26.49,25.41,26.47,8354027.0,295162438.0,1302179973.0,0.006415416588502548
2018-11-01,26.79,27.63,26.48,27.08,9049608.0,331232936.0,1302179973.0,0.006949583151053422
2018-11-02,27.91,29.44,27.91,28.91,13863790.0,535110298.0,1302179973.0,0.010646600537144031
2018-11-05,28.88,29.17,28.16,28.63,7538304.0,291422346.0,1302179973.0,0.005788987817584874
2018-11-06,28.5,28.94,28.17,28.76,3675858.0,141498895.0,1302179973.0,0.0028228494341926112
2018-11-07,28.61,29.11,28.29,28.43,6226594.0,240989684.0,1302179973.0,0.0047816693000238605
2018-11-08,28.78,28.87,28.27,28.35,3929991.0,151120494.0,1302179973.0,0.0030180090935863287
2018-11-09,28.32,28.32,27.75,27.87,4397297.0,165386554.0,1302179973.0,0.003376873466936663
2018-11-12,27.83,27.83,26.91,27.57,9165837.0,337639416.0,1302179973.0,0.007038840398446214
2018-11-13,27.11,28.19,27.02,28.14,8316157.0,310547529.0,1302179973.0,0.006386334586947299
2018-11-14,28.38,28.41,27.21,27.38,6954429.0,259900197.0,1302179973.0,0.005340605096220444
2018-11-15,27.11,27.35,26.49,26.96,15777462.0,569033220.0,1302179973.0,0.012116191561179846
2018-11-16,27.13,27.19,25.16,25.74,29368527.0,1018544537.0,1302179973.0,0.02255335484260285
2018-11-19,25.61,26.2,25.44,25.85,13606753.0,473946450.0,1302179973.0,0.010449210771267176
2018-11-20,25.62,26.05,25.47,25.5,10747865.0,371977709.0,1302179973.0,0.008253747732918022
2018-11-21,25.27,26.31,25.06,26.22,12167126.0,423874956.0,1302179973.0,0.009343659288484542
2018-11-22,26.16,26.25,25.47,25.64,8637642.0,299453046.0,1302179973.0,0.006633216743535343
2018-11-23,25.72,25.72,24.67,24.78,9022647.0,304313270.0,1302179973.0,0.006928878639727014
2018-11-26,24.72,24.92,24.28,24.87,6904015.0,228235872.0,1302179973.0,0.005301890017625083
2018-11-27,25.08,25.3,24.89,25.28,7413127.0,251130486.0,1302179973.0,0.005692859016193762
2018-11-28,25.42,25.44,24.9,25.18,5694005.0,193054776.0,1302179973.0,0.0043726713035541365
2018-11-29,25.44,25.66,25.09,25.18,7776755.0,266400546.0,1302179973.0,0.005972104594792443
2018-11-30,25.11,25.44,24.46,25.33,7577127.0,255235401.0,1302179973.0,0.005818801668822778
2018-12-03,25.84,26.48,25.62,26.31,13235939.0,466925618.0,1302179973.0,0.010164446754242933
2018-12-04,26.13,26.76,26.05,26.61,9387199.0,334923337.0,1302179973.0,0.00720883379766124
2018-12-05,26.05,27.81,25.98,27.26,18175251.0,665398854.0,1302179973.0,0.013957556848403474
2018-12-06,27.01,27.72,24.59,24.64,32238964.0,1110027455.0,1302179973.0,0.024757686854703302
2018-12-07,23.77,23.8,22.18,22.18,32359794.0,978808098.0,1302179973.0,0.02485047740785674
2018-12-10,21.15,21.44,20.42,20.53,36538289.0,1024257214.0,1302179973.0,0.028059323409668196
2018-12-11,20.83,21.14,20.64,20.98,19999835.0,562996319.0,1302179973.0,0.015358733366113595
2018-12-12,21.04,21.35,20.88,21.0,11151685.0,316822026.0,1302179973.0,0.008563858476726856
2018-12-13,21.15,21.25,20.7,21.04,16618541.0,470106866.0,1302179973.0,0.012762092294902772
2018-12-14,20.84,20.95,20.08,20.2,17984384.0,496051377.0,1302179973.0,0.01381098187109041
2018-12-17,20.11,20.52,20.0,20.33,13031478.0,356129088.0,1302179973.0,0.010007432359735731
2018-12-18,20.3,20.46,20.09,20.22,7819602.0,213361818.0,1302179973.0,0.006005008648677782
2018-12-19,20.32,20.33,19.16,19.48,20033162.0,527590583.0,1302179973.0,0.01538432660260242
2018-12-20,19.4,19.86,19.31,19.74,12542707.0,331994124.0,1302179973.0,0.009632084089808068
2018-12-21,19.74,19.78,19.01,19.25,13649689.0,353873749.0,1302179973.0,0.010482183172079855
2018-12-24,19.23,19.77,19.14,19.68,10123020.0,267207908.0,1302179973.0,0.007773902386686452
2018-12-25,19.49,19.94,19.45,19.75,13287694.0,353064586.0,1302179973.0,0.010204191644406438
2018-12-26,19.86,20.32,19.65,20.03,10938961.0,295690997.0,1302179973.0,0.008400498569178962
2018-12-27,20.26,20.4,19.73,19.73,11351988.0,307245155.0,1302179973.0,0.008717679764224112
2018-12-28,19.77,20.12,19.54,19.64,6869787.0,183279946.0,1302179973.0,0.005275604864489802
2019-01-02,19.7,19.82,17.67,17.67,26442583.0,649190191.0,1302179973.0,0.020306396618188505
2019-01-03,17.59,17.88,17.22,17.25,19039716.0,448752306.0,1302179973.0,0.014621416697214095
2019-01-04,17.21,18.97,17.19,18.93,23657413.0,583525123.0,1302179973.0,0.018167544802196095
2019-01-07,18.96,19.06,18.49,18.76,10808212.0,273530285.0,1302179973.0,0.00830009078937048
2019-01-08,18.89,19.09,18.56,18.7,8054776.0,204242219.0,1302179973.0,0.006185608876661783
2019-01-09,18.89,19.53,18.65,18.73,14040120.0,360079669.0,1302179973.0,0.010782011927010338
2019-01-10,18.72,19.53,18.19,19.23,18509374.0,474353954.0,1302179973.0,0.014214144268673989
2019-01-11,19.15,19.22,18.34,18.55,16174210.0,405665173.0,1302179973.0,0.012420871412065557
2019-01-14,18.44,18.53,17.93,18.07,10237656.0,249714071.0,1302179973.0,0.007861936300874135
2019-01-15,18.09,19.64,17.97,19.54,24567303.0,630682528.0,1302179973.0,0.01886628846195594
2019-01-16,19.6,20.03,19.4,19.87,15869816.0,422190238.0,1302179973.0,0.012187114169356066
2019-01-17,19.94,20.47,19.73,19.85,13200111.0,356873225.0,1302179973.0,0.010136932892301515
2019-01-18,19.85,20.49,19.75,20.41,17875079.0,488145130.0,1302179973.0,0.013727041861056175
2019-01-21,20.56,20.69,20.24,20.32,13578089.0,374147699.0,1302179973.0,0.010427198453005236
2019-01-22,20.37,20.37,19.54,19.71,12611354.0,335700363.0,1302179973.0,0.009684801073192362
2019-01-23,19.62,19.97,19.57,19.86,8458363.0,225952792.0,1302179973.0,0.006495540689750725
2019-01-24,19.89,20.32,19.63,20.23,9437137.0,254620268.0,1302179973.0,0.007247183335386775
2019-01-25,20.22,20.22,19.8,19.88,11620026.0,313119221.0,1302179973.0,0.008923517671086161
2019-01-28,20.1,20.1,19.5,19.52,11346023.0,301882856.0,1302179973.0,0.008713098984206233
2019-01-29,19.56,19.86,19.34,19.63,6721073.0,177427763.0,1302179973.0,0.005161400988617416
2019-01-30,19.48,19.76,19.41,19.56,5863168.0,154903376.0,1302179973.0,0.004502578845911954
2019-01-31,19.52,19.84,19.34,19.69,6725174.0,177841644.0,1302179973.0,0.0051645503228761455
2019-02-01,19.83,20.89,19.63,20.84,16460426.0,452678079.0,1302179973.0,0.012640668986851329
2019-02-11,20.57,21.64,20.56,21.35,12829184.0,365571561.0,1458174624.0,0.008798112234875925
2019-02-12,21.53,23.27,21.53,22.88,20621914.0,625773977.0,1458174624.0,0.014142280122411456
2019-02-13,22.88,23.28,22.53,23.08,12547395.0,388876968.0,1458174624.0,0.008604864461007106
2019-02-14,23.01,23.75,22.68,23.34,11041222.0,344558967.0,1458174624.0,0.00757194770658689
2019-02-15,23.2,23.42,22.53,22.65,12594456.0,387153777.0,1458174624.0,0.008637138373353013
2019-02-18,22.82,23.42,22.82,23.35,11639872.0,363586139.0,1458174624.0,0.00798249524331319
2019-02-19,23.59,23.59,22.1,22.51,27587690.0,840272871.0,1458174624.0,0.018919332119717372
2019-02-20,22.12,22.21,21.38,21.8,26662515.0,779973748.0,1458174624.0,0.018284857356014445
2019-02-21,21.68,22.07,21.53,21.63,15747645.0,462134248.0,1458174624.0,0.010799560450998495
2019-02-22,21.6,21.95,21.32,21.93,15706945.0,459711530.0,1458174624.0,0.010771648841970247
2019-02-25,22.01,22.77,21.64,22.76,33207556.0,992914172.0,1458174624.0,0.022773373952227
2019-02-26,22.86,24.53,22.52,23.22,40148852.0,1268983871.0,1458174624.0,0.02753363783678079
2019-02-27,23.22,23.53,22.68,22.96,19939308.0,623013990.0,1458174624.0,0.013674156491150129
2019-02-28,22.79,23.8,22.79,23.53,24459768.0,773985293.0,1458174624.0,0.01677423787070375
2019-03-01,23.76,23.89,23.24,23.7,15817134.0,501422217.0,1458174624.0,0.01084721523723348
2019-03-04,23.71,24.35,23.47,23.69,31131985.0,1000910927.0,1458174624.0,0.021349970358557
2019-03-05,23.46,23.57,22.85,23.35,31087000.0,967782998.0,1458174624.0,0.021319120144008212
2019-03-06,23.34,23.37,22.88,23.36,24770603.0,771226053.0,1458174624.0,0.016987405069531645
2019-03-07,23.3,23.73,23.05,23.22,23018761.0,724590560.0,1458174624.0,0.015786011237019032
2019-03-08,22.86,23.16,22.2,22.22,20026324.0,610200071.0,1458174624.0,0.013733831099779171
2019-03-11,22.13,23.71,22.13,23.6,25165948.0,778487243.0,1458174624.0,0.017258528289956034
2019-03-12,23.75,23.83,23.27,23.73,22810717.0,725526371.0,1458174624.0,0.01564333696702707
2019-03-13,23.73,24.23,23.46,23.83,19119191.0,614701711.0,1458174624.0,0.013111729339763905
2019-03-14,23.86,24.45,23.16,23.49,19472828.0,624991114.0,1458174624.0,0.013354249675929075
2019-03-15,23.38,24.18,23.37,23.71,18528832.0,593077845.0,1458174624.0,0.012706867678970115
2019-03-18,23.71,25.07,23.46,25.05,29879662.0,984622437.0,1458174624.0,0.020491141121380535
2019-03-19,25.43,25.52,24.64,24.87,23089305.0,778362284.0,1458174624.0,0.015834389530564208
2019-03-20,24.79,25.44,24.61,25.06,18646661.0,629159649.0,1458174624.0,0.01278767350157919
2019-03-21,25.07,25.29,24.82,24.97,14134405.0,476259264.0,1458174624.0,0.009693218334322077
2019-03-22,24.97,25.01,24.37,24.9,11400344.0,379762943.0,1458174624.0,0.007818229594976137
2019-03-25,24.42,24.74,24.14,24.14,11026787.0,362788009.0,1458174624.0,0.0075620483435322764
2019-03-26,24.35,24.36,23.09,23.22,14505962.0,462123232.0,1458174624.0,0.00994802800792671
2019-03-27,23.36,24.06,23.34,24.0,14375733.0,460316132.0,1458174624.0,0.009858718402714434
2019-03-28,23.83,23.88,23.46,23.51,9614627.0,306068769.0,1458174624.0,0.006593604662811633
2019-03-29,23.51,24.22,23.38,24.22,15031911.0,484234813.0,1458174624.0,0.010308718004408229
2019-04-01,24.32,25.3,24.32,25.19,20708667.0,694040265.0,1458174624.0,0.01420177436855464
2019-04-02,25.22,25.34,24.56,24.75,17589850.0,587810546.0,1458174624.0,0.012062924227654094
2019-04-03,24.76,24.85,24.42,24.74,14313050.0,475009078.0,1458174624.0,0.009815731095866335
2019-04-04,25.0,25.18,24.55,24.94,15165114.0,507783894.0,1458174624.0,0.010400067145867435
2019-04-08,24.94,25.23,24.36,24.49,17991742.0,599191154.0,1458174624.0,0.012338537308135188
2019-04-09,24.49,25.64,24.26,25.61,23857407.0,807202985.0,1458174624.0,0.016361145371296765
2019-04-10,25.37,26.34,25.33,25.53,25047865.0,869943035.0,1458174624.0,0.017177548276961375
2019-04-11,25.61,25.79,24.49,24.58,14262353.0,480805771.0,1458174624.0,0.009780963655008716
2019-04-12,24.51,24.64,24.18,24.27,11000654.0,360817416.0,1458174624.0,0.0075441266216960306
2019-04-15,24.61,24.71,24.13,24.16,8750612.0,288404287.0,1458174624.0,0.006001072749432238
2019-04-16,24.16,24.64,23.91,24.64,6641318.0,217352069.0,1458174624.0,0.004554542296026131
2019-04-17,24.68,24.73,24.37,24.49,7274308.0,240410048.0,1458174624.0,0.004988639824251941
2019-04-18,24.38,24.57,23.91,24.01,10997670.0,357664406.0,1458174624.0,0.007542080227559905
2019-04-19,24.49,25.61,24.49,25.17,25948641.0,879281285.0,1458174624.0,0.017795290476814662
2019-04-22,25.48,26.16,25.07,25.11,18598365.0,640117349.0,1458174624.0,0.012754552639917564
2019-04-23,25.12,26.2,25.12,25.82,22990967.0,801154653.0,1458174624.0,0.015766950419787307
2019-04-24,25.83,25.88,25.09,25.5,12159628.0,417028075.0,1458174624.0,0.008338938149015547
2019-04-25,25.35,25.45,24.77,24.77,10230656.0,345766732.0,1458174624.0,0.007016070525171888
2019-04-26,24.72,24.97,23.91,24.06,12699315.0,417534797.0,1458174624.0,0.008709049513674709
2019-04-29,24.12,24.83,24.12,24.48,11934971.0,393859244.0,1458174624.0,0.008184870867702056
2019-04-30,25.63,26.19,24.94,25.9,26687989.0,918764426.0,1458174624.0,0.018302327142952667
2019-05-06,25.27,26.63,25.09,25.59,39068190.0,1356440805.0,1458174624.0,0.026792531811334005
2019-05-07,25.79,27.83,25.26,27.69,43731954.0,1571716998.0,1458174624.0,0.02999088948622384
2019-05-08,27.01,28.18,26.78,26.94,34219835.0,1268259003.0,1458174624.0,0.023467583673983893
2019-05-09,26.65,27.13,25.9,26.29,22437781.0,798099889.0,1458174624.0,0.01538758159050229
2019-05-10,26.63,27.3,25.84,26.87,26022576.0,936507698.0,1458174624.0,0.017845994280586246
2019-05-13,26.57,26.8,25.92,26.13,17575940.0,622334333.0,1458174624.0,0.012053384903782279
2019-05-14,25.83,26.15,25.44,25.53,19345835.0,670536536.0,1458174624.0,0.013267159283660665
2019-05-15,25.87,26.82,25.62,26.8,23670079.0,840581646.0,1458174624.0,0.01623267790456351
2019-05-16,26.73,27.09,26.39,27.08,17368578.0,626033563.0,1458174624.0,0.011911178341833495
2019-05-17,26.81,27.05,26.02,26.28,18799075.0,668917998.0,1458174624.0,0.012892197333973081
2019-05-20,26.02,26.56,25.89,26.22,13254593.0,466889456.0,1458174624.0,0.009089853013379555
2019-05-21,26.09,26.85,26.09,26.54,15358591.0,550652908.0,1458174624.0,0.010532751528667393
2019-05-22,26.53,26.55,25.83,26.02,13564370.0,476587208.0,1458174624.0,0.0093022946475305
2019-05-23,25.8,25.8,25.06,25.1,17215274.0,587880933.0,1458174624.0,0.01180604415730115
2019-05-24,25.09,25.28,24.38,24.52,13883101.0,462273609.0,1458174624.0,0.00952087683566766
2019-05-27,24.58,24.64,22.07,22.79,45210637.0,1378836828.0,1458174624.0,0.031004953903243895
2019-05-28,22.8,23.36,22.53,23.04,25880943.0,801712625.0,1458174624.0,0.017748863938534705
2019-05-29,22.61,22.83,22.3,22.68,16011720.0,486943518.0,1458174624.0,0.010980660159945288
2019-05-30,22.43,22.69,22.16,22.29,13168630.0,395851793.0,1458174624.0,0.009030900540482866
2019-05-31,22.4,22.48,21.7,21.72,20985911.0,621597205.0,1458174624.0,0.014391905231783816
2019-06-03,21.71,22.07,21.58,21.9,12709194.0,372418409.0,1458174624.0,0.008715824422411565
2019-06-04,21.72,21.78,20.95,21.15,18601875.0,531415411.0,1458174624.0,0.012756959759025405
2019-06-05,21.3,21.35,20.25,20.33,25552428.0,707064740.0,1458174624.0,0.01752357199160805
2019-06-06,20.41,20.71,19.94,20.43,15080679.0,414790248.0,1458174624.0,0.010342162558439914
2019-06-10,20.55,20.71,20.01,20.63,12005927.0,330809415.0,1458174624.0,0.008233531706282113
2019-06-11,20.51,21.33,20.46,21.33,17315451.0,490309230.0,1458174624.0,0.011874744433901217
2019-06-12,21.29,21.3,20.93,21.07,9963821.0,283239090.0,1458174624.0,0.006833078038806962
2019-06-13,21.07,21.3,20.82,21.12,8779191.0,249039858.0,1458174624.0,0.006020671910965857
2019-06-14,21.12,21.53,20.98,21.15,8397133.0,240017527.0,1458174624.0,0.005758660767916367
2019-06-17,21.28,21.64,21.15,21.24,9267666.0,266442545.0,1458174624.0,0.0063556626534738
2019-06-18,21.26,21.36,20.71,21.14,6438845.0,182142470.0,1458174624.0,0.0044156885561053355
2019-06-19,21.7,21.76,21.23,21.37,12655766.0,365262223.0,1458174624.0,0.008679184092014482
2019-06-20,21.37,22.08,21.27,22.07,17643654.0,517875377.0,1458174624.0,0.012099822414684951
2019-06-21,22.25,22.51,22.02,22.18,16253922.0,402021557.0,1749809548.0,0.009288966344124669
2019-06-24,22.16,22.37,21.9,22.18,10213874.0,251196111.0,1749809548.0,0.0058371346822711475
2019-06-25,22.16,22.68,22.09,22.44,15646639.0,388619284.0,1749809548.0,0.008941909716908232
2019-06-26,22.41,22.63,22.23,22.56,9988386.0,249475515.0,1749809548.0,0.005708270372290825
2019-06-27,22.52,23.62,22.52,23.41,20420339.0,526536993.0,1749809548.0,0.011670035189452515
2019-06-28,23.42,23.71,23.18,23.38,11693447.0,303520668.0,1749809548.0,0.006682696990289826
2019-07-01,23.9,24.06,23.75,23.84,15235156.0,404456294.0,1749784303.0,0.00870687659837808
2019-07-02,23.99,24.14,23.69,24.14,14540550.0,386330161.0,1749784303.0,0.008309909955798707
2019-07-03,23.99,24.32,23.85,23.93,13608230.0,362596081.0,1749784303.0,0.007777089997132064
2019-07-04,23.93,24.14,23.42,23.61,12689681.0,333401733.0,1749784303.0,0.007252140151356701
2019-07-05,23.68,24.06,23.56,24.04,13402832.0,355366584.0,1749784303.0,0.007659705243109613
2019-07-08,23.93,23.93,23.11,23.47,12951040.0,338340859.0,1749784303.0,0.007401506561577607
2019-07-09,23.46,23.72,23.19,23.45,9191968.0,239438663.0,1749784303.0,0.005253200628351962
2019-07-10,23.66,24.37,23.45,24.17,19321376.0,516066691.0,1749784303.0,0.011042147290310902
2019-07-11,24.44,25.47,24.19,25.45,31064740.0,863906368.0,1749784303.0,0.01775346821133302
2019-07-12,25.31,25.94,25.01,25.62,24301034.0,687982881.0,1749784303.0,0.013888016916334173
2019-07-15,26.14,26.28,25.05,25.21,32625321.0,929158228.0,1749784303.0,0.018645338710642213
2019-07-16,25.21,25.37,24.75,24.94,15350735.0,425798848.0,1749784303.0,0.008772929882661085
2019-07-17,24.93,25.76,24.59,25.49,16487929.0,463491986.0,1749784303.0,0.009422835129868004
2019-07-18,25.31,25.78,25.2,25.58,12709249.0,360580158.0,1749784303.0,0.007263323244019295
2019-07-19,25.46,25.71,25.02,25.04,15116537.0,424774567.0,1749784303.0,0.00863908595709925
2019-07-22,25.08,25.33,24.46,25.0,13064696.0,362538284.0,1749784303.0,0.007466460853260952
2019-07-23,24.89,25.59,24.89,25.58,12297758.0,346688376.0,1749784303.0,0.007028156544161204
2019-07-24,25.66,25.74,25.3,25.45,11600332.0,328306832.0,1749784303.0,0.006629578274368598
2019-07-25,25.42,25.43,25.05,25.35,9033615.0,252815706.0,1749784303.0,0.005162702045338899
2019-07-26,25.23,25.75,25.22,25.35,8786884.0,248635348.0,1749784303.0,0.005021695522662372
2019-07-29,25.45,25.53,24.92,25.08,10557215.0,293709160.0,1749784303.0,0.0060334379396933015
2019-07-30,24.97,25.3,24.97,25.18,6558425.0,183266222.0,1749784303.0,0.0037481334063607726
2019-07-31,25.07,25.32,24.72,24.8,9305408.0,257675235.0,1749784303.0,0.005318031476248762
2019-08-01,24.6,24.86,24.18,24.25,15349300.0,415818388.0,1749784303.0,0.008772109781579175
2019-08-02,23.55,24.17,23.46,23.94,17621670.0,464415185.0,1749784303.0,0.010070766990987232
2019-08-05,23.75,23.94,23.42,23.42,9413551.0,247383863.0,1749784303.0,0.00537983509388014
2019-08-06,23.11,23.24,22.59,22.97,16805131.0,426784569.0,1749784303.0,0.009604115759403975
2019-08-07,23.13,23.54,23.13,23.17,8974489.0,232120076.0,1749784303.0,0.005128911594768147
2019-08-08,23.32,23.97,23.3,23.55,11453795.0,300705666.0,1749784303.0,0.006545832523678777
2019-08-09,23.71,23.95,23.53,23.56,9107054.0,239365209.0,1749784303.0,0.0052046723612653185
2019-08-12,23.45,23.9,23.24,23.9,8428408.0,221937486.0,1749784303.0,0.0048168268429140204
2019-08-13,23.78,23.88,23.6,23.63,5667746.0,149077901.0,1749784303.0,0.0032391112380438358
2019-08-14,23.93,24.09,23.76,24.09,9600900.0,254866264.0,1749784303.0,0.005486904862238897
2019-08-15,23.65,24.37,23.61,24.05,12273585.0,327059341.0,1749784303.0,0.007014341698549344
2019-08-16,24.05,25.18,24.0,25.03,19159217.0,526939312.0,1749784303.0,0.010949473582058989
2019-08-19,25.2,25.63,25.07,25.49,19967954.0,562597879.0,1749784303.0,0.011411665978352305
2019-08-20,25.61,25.88,25.26,25.71,15881948.0,450445919.0,1749784303.0,0.009076517587208005
2019-08-21,25.57,26.03,25.5,25.69,14948541.0,428136865.0,1749784303.0,0.008543076409115552
2019-08-22,25.83,27.15,25.82,26.71,22087657.0,652804852.0,1749784303.0,0.012623074148128303
2019-08-23,26.89,27.87,26.61,26.98,23433564.0,708420194.0,1749784303.0,0.013392258668581736
2019-08-26,26.48,28.24,26.44,27.84,28401006.0,872426744.0,1749784303.0,0.01623114686267705
2019-08-27,28.37,29.32,27.92,28.87,29498149.0,936937317.0,1749784303.0,0.016858163002963
2019-08-28,27.99,28.01,26.39,26.53,51782749.0,1546259968.0,1749784303.0,0.029593789880969116
2019-08-29,26.62,26.63,25.78,25.95,28085013.0,811598168.0,1749784303.0,0.016050557175446328
2019-08-30,26.07,26.27,25.68,25.77,21457801.0,618477625.0,1749784303.0,0.012263112066561955
2019-09-02,25.76,26.42,25.62,26.21,20908520.0,607256444.0,1749784303.0,0.01194919851787012
2019-09-03,26.33,26.35,25.76,25.9,18100591.0,522288557.0,1749784303.0,0.010344469869209932
2019-09-04,25.9,26.26,25.53,25.77,18614117.0,532559618.0,1749784303.0,0.010637949470735422
2019-09-05,25.88,26.48,25.78,26.26,25928352.0,752676615.0,1749784303.0,0.014818027545192809
2019-09-06,26.29,26.35,25.67,25.83,25862266.0,741840159.0,1749784303.0,0.014780259461500038
2019-09-09,25.94,26.0,25.26,25.54,32847599.0,927202744.0,1749784303.0,0.018772370367983578
2019-09-10,25.54,26.16,25.29,26.14,32032991.0,919691039.0,1749784303.0,0.018306822700992077
2019-09-11,26.21,26.53,25.77,25.99,22273374.0,644081434.0,1749784303.0,0.012729211230099829
2019-09-12,26.11,26.14,25.61,25.82,13398287.0,383540690.0,1749784303.0,0.007657107780101054
2019-09-16,25.79,25.89,25.62,25.67,10986219.0,313358917.0,1749784303.0,0.0062786133017447695
2019-09-17,25.61,25.8,25.27,25.35,12032354.0,340955855.0,1749784303.0,0.00687647842043763
2019-09-18,25.37,25.82,25.35,25.66,11239374.0,319777384.0,1749784303.0,0.006423291134072998
2019-09-19,25.74,25.74,25.3,25.68,9738412.0,276361457.0,1749784303.0,0.0055654928343473655
2019-09-20,25.69,25.99,25.53,25.96,13882243.0,398275635.0,1749784303.0,0.007933688155848087
2019-09-23,25.76,25.85,25.28,25.41,12439708.0,351612501.0,1749784303.0,0.00710928082888397
2019-09-24,25.43,25.69,23.93,24.59,37855129.0,1041060557.0,1749784303.0,0.021634168814463298
2019-09-25,24.12,24.44,23.67,23.99,21429588.0,572852669.0,1749784303.0,0.012246988364942488
2019-09-26,24.19,24.2,22.83,23.1,29030713.0,750373209.0,1749784303.0,0.01659102379089064
2019-09-27,22.98,23.31,22.98,23.13,10809257.0,277921230.0,1749784303.0,0.006177479693621414
2019-09-30,23.13,23.85,23.12,23.6,12807497.0,335203979.0,1749784303.0,0.0073194718789290686
2019-10-08,23.72,24.01,23.54,23.58,9570700.0,252351992.0,1749784303.0,0.005469645592083015
2019-10-09,23.54,23.54,23.05,23.46,7893063.0,204401689.0,1749784303.0,0.004510877704450409
2019-10-10,23.58,23.8,23.44,23.74,9566232.0,250989759.0,1749784303.0,0.005467092134498363
2019-10-11,24.0,24.0,23.48,23.66,8888544.0,233359213.0,1749784303.0,0.0050797941122003535
2019-10-14,23.76,23.93,23.63,23.69,14013847.0,369550108.0,1749784303.0,0.008008899711794934
2019-10-15,23.68,23.85,23.39,23.42,11086458.0,290192346.0,1749784303.0,0.0063358997911870055
2019-10-16,23.51,23.54,23.2,23.28,9269228.0,240395910.0,1749784303.0,0.005297354642002409
2019-10-17,23.29,23.46,23.02,23.14,8729337.0,224346516.0,1749784303.0,0.0049888074690312275
2019-10-18,23.16,23.61,23.14,23.24,12190821.0,315907175.0,1749784303.0,0.006967042154338037
2019-10-21,23.4,23.72,23.15,23.41,10847576.0,281330027.0,1749784303.0,0.006199378964253973
2019-10-22,23.44,23.52,23.25,23.45,8150282.0,211369669.0,1749784303.0,0.004657878108762529
2019-10-23,23.7,23.95,23.43,23.54,15485577.0,406942258.0,1749784303.0,0.008849991952408091
2019-10-24,23.49,23.49,22.63,22.83,16238362.0,412409088.0,1749784303.0,0.009280207835994057
2019-10-25,22.7,22.7,22.09,22.4,19925875.0,493780435.0,1749784303.0,0.011387617871435437
2019-10-28,22.43,22.49,22.22,22.39,12547140.0,311481759.0,1749784303.0,0.00717067811071797
2019-10-29,22.39,22.72,22.09,22.63,15187032.0,378818437.0,1749784303.0,0.008679373779934978
2019-10-30,22.71,23.38,22.71,23.07,21750639.0,558714644.0,1749784303.0,0.012430468694174815
2019-10-31,23.19,23.65,23.08,23.51,20164151.0,525098048.0,1749784303.0,0.011523792369967329
2019-11-01,23.63,23.63,23.25,23.45,15075811.0,391905952.0,1749784303.0,0.008615811088345327
2019-11-04,23.55,23.95,23.41,23.51,14771915.0,387599704.0,1749784303.0,0.008442134824660157
2019-11-05,23.6,23.6,23.1,23.41,15361266.0,398126852.0,1749784303.0,0.008778948338754186
2019-11-06,23.42,23.75,23.28,23.39,10906244.0,284149723.0,1749784303.0,0.006232907668277329
2019-11-07,23.49,24.56,23.28,24.56,36326249.0,971838165.0,1749784303.0,0.020760415405326676
2019-11-08,24.61,24.72,24.18,24.26,22336965.0,605822043.0,1749784303.0,0.012765553423758198
2019-11-11,24.15,24.37,23.34,23.39,20164441.0,532246225.0,1749784303.0,0.011523958104680746
2019-11-12,23.51,23.52,22.76,23.24,14632252.0,375440217.0,1749784303.0,0.00836231755817734
2019-11-13,23.27,23.45,22.21,22.6,21847682.0,553830203.0,1749784303.0,0.01248592867277539
2019-11-14,22.4,22.98,22.4,22.78,12375018.0,311494614.0,1749784303.0,0.00707231055781165
2019-11-15,22.74,22.81,22.36,22.55,10943407.0,274310622.0,1749784303.0,0.006254146286052265
2019-11-18,22.54,22.75,22.43,22.59,8393286.0,210335149.0,1749784303.0,0.004796754654622136
2019-11-19,22.59,23.03,22.51,23.0,9820953.0,249554361.0,1749784303.0,0.0056126649342790455
2019-11-20,22.99,23.19,22.73,22.81,10929016.0,278141364.0,1749784303.0,0.006245921843773678
2019-11-21,22.74,22.74,22.4,22.5,9569507.0,239121055.0,1749784303.0,0.005468963793761956
2019-11-22,22.52,22.64,22.25,22.36,10771774.0,267746166.0,1749784303.0,0.0061560581961627074
2019-11-25,22.36,22.6,22.15,22.59,8538332.0,212276854.0,1749784303.0,0.004879648300285386
2019-11-26,22.61,23.06,22.41,23.06,12216663.0,308713980.0,1749784303.0,0.006981810831800564
2019-11-27,22.88,22.89,22.69,22.74,6042099.0,152692741.0,1749784303.0,0.003453053607602285
2019-11-28,22.76,22.79,22.36,22.44,8612349.0,214999485.0,1749784303.0,0.004921948942640617
2019-11-29,22.6,22.62,22.07,22.16,12632011.0,311821220.0,1749784303.0,0.007219181803347107
2019-12-02,22.16,22.23,20.72,20.97,34413090.0,814877773.0,1749784303.0,0.019667046927440632
2019-12-03,20.88,20.88,20.25,20.59,19979376.0,454010456.0,1749784303.0,0.011418193640064904
2019-12-04,20.4,20.8,20.35,20.6,10547490.0,240980183.0,1749784303.0,0.0060278801118037
2019-12-05,20.63,20.91,20.63,20.82,10135450.0,233943120.0,1749784303.0,0.00579239965898814
2019-12-06,20.81,20.94,20.76,20.9,6446317.0,149440277.0,1749784303.0,0.0036840637951476695
2019-12-09,20.94,21.09,20.85,20.92,9111044.0,211985407.0,1749784303.0,0.005206952642322338
2019-12-10,20.93,20.97,20.55,20.7,10885817.0,250397306.0,1749784303.0,0.006221233657963612
2019-12-11,20.71,20.81,20.54,20.58,8418375.0,192577820.0,1749784303.0,0.004811092993328789
2019-12-12,20.58,20.58,20.28,20.28,16279973.0,367879441.0,1749784303.0,0.009303988481373409
2019-12-13,20.36,20.83,20.36,20.8,17870143.0,409770758.0,1749784303.0,0.010212769064942286
2019-12-16,21.03,21.54,20.88,21.54,20766842.0,490000906.0,1749784303.0,0.011868229680878558
2019-12-17,21.54,21.89,21.33,21.69,19056133.0,457872939.0,1749784303.0,0.010890561177928226
2019-12-18,21.64,21.75,21.28,21.31,20196952.0,481088027.0,1749784303.0,0.011542538109052862
2019-12-19,21.32,21.84,21.31,21.72,15910694.0,382521803.0,1749784303.0,0.009092945897800754
2019-12-20,21.8,22.14,21.65,21.66,11883838.0,288122334.0,1749784303.0,0.006791601673203488
2019-12-23,21.66,21.81,21.4,21.4,9904955.0,236968594.0,1749784303.0,0.005660671994266941
2019-12-24,21.36,21.46,21.12,21.4,9021720.0,213196230.0,1749784303.0,0.005155904064593726
2019-12-25,21.4,21.45,21.24,21.31,6409977.0,151536944.0,1749784303.0,0.003663295521059432
2019-12-26,21.31,21.41,21.16,21.32,7894536.0,186318094.0,1749784303.0,0.004511719522494768
2019-12-27,21.33,21.78,21.29,21.51,13555654.0,324634821.0,1749784303.0,0.007747042865088497
2019-12-30,21.48,21.61,21.15,21.54,11688416.0,277842209.0,1749784303.0,0.0066799181933225975
2019-12-31,21.54,22.09,21.54,21.96,18770875.0,456690470.0,1749784303.0,0.01072753651282469
2020-01-02,22.08,22.34,21.72,22.28,19787352.0,485704877.0,1749784303.0,0.011308452113826055
2020-01-03,22.28,22.31,22.0,22.09,13910039.0,341939720.0,1749784303.0,0.007949573542379641
2020-01-06,22.0,22.09,21.7,21.96,14755079.0,359050152.0,1749784303.0,0.008432513067297758
2020-01-07,22.07,22.41,22.0,22.18,14671957.0,361358312.0,1749784303.0,0.008385008926440233
2020-01-08,22.06,22.25,21.74,21.78,12247809.0,298122117.0,1749784303.0,0.006999610740021594
2020-01-09,21.94,22.17,21.87,22.04,13938461.0,340464642.0,1749784303.0,0.00796581668729257
2020-01-10,22.09,22.52,22.04,22.49,22155589.0,549000539.0,1749784303.0,0.012661897218996826
2020-01-13,22.53,22.72,22.31,22.6,18359137.0,458831107.0,1749784303.0,0.010492228652710689
2020-01-14,22.7,22.79,22.4,22.53,12556925.0,313832132.0,1749784303.0,0.007176270228548279
2020-01-15,22.52,22.69,22.41,22.49,8435794.0,211076705.0,1749784303.0,0.004821047934615058
2020-01-16,22.54,22.58,22.2,22.23,10337887.0,255882590.0,1749784303.0,0.005908092204436697
2020-01-17,22.24,22.36,20.0,20.0,88577140.0,2009189191.0,1749784303.0,0.05062174797667047
2020-01-20,18.6,19.42,18.3,19.29,71386065.0,1492867783.0,1749784303.0,0.040797065602662455
2020-01-21,19.19,20.04,19.05,19.81,42942090.0,939526256.0,1749784303.0,0.02454136199894805
2020-01-22,19.81,19.81,18.87,19.27,23772724.0,508499025.0,1749784303.0,0.013586088273418465
2020-01-23,19.36,19.42,18.56,18.78,22762510.0,478157168.0,1749784303.0,0.013008751970727903
2020-02-03,17.82,18.27,16.95,17.32,31906436.0,623991858.0,1749784303.0,0.01823449664355573
2020-02-04,17.53,18.54,17.53,18.47,35833198.0,723085873.0,1749784303.0,0.020478637246067466
2020-02-05,18.52,19.35,18.2,19.22,43083039.0,889714672.0,1749784303.0,0.02462191421316002
2020-02-06,19.22,19.91,18.72,19.55,47062450.0,1018950838.0,1749784303.0,0.026896143667143185
2020-02-07,19.36,19.75,18.82,19.13,29395969.0,627325853.0,1749784303.0,0.01679976723393889
2020-02-10,19.07,19.07,18.64,18.79,20587029.0,428191268.0,1749784303.0,0.011765466729072607
2020-02-11,18.8,18.85,18.46,18.71,16721396.0,345278878.0,1749784303.0,0.009556261289652226
2020-02-12,18.74,19.16,18.74,18.82,16357903.0,342779764.0,1749784303.0,0.009348525399361752
2020-02-13,18.73,18.78,18.37,18.46,18420965.0,378438583.0,1749784303.0,0.010527563293611281
2020-02-14,18.5,18.6,18.37,18.41,11986500.0,245278906.0,1749784303.0,0.0068502729047512775
2020-02-17,18.46,18.72,18.46,18.71,16138781.0,333175429.0,1749784303.0,0.009223297392901576
2020-02-18,18.76,18.81,18.47,18.64,17716867.0,366019891.0,1749784303.0,0.010125171982412052
2020-02-19,18.64,18.64,18.34,18.36,18454428.0,377058989.0,1749784303.0,0.010546687365042615
2020-02-20,18.37,18.51,18.29,18.5,17494670.0,357344491.0,1749784303.0,0.009998186616490639
2020-02-21,18.45,18.68,18.35,18.66,20517880.0,422519721.0,1749784303.0,0.01172594814390674
2020-02-24,18.6,18.77,18.48,18.54,18087006.0,373401315.0,1749784303.0,0.010336706055134842
2020-02-25,18.33,18.63,18.06,18.34,24060315.0,489167699.0,1749784303.0,0.013750446245716494
2020-02-26,18.1,18.27,18.03,18.08,21651030.0,435430668.0,1749784303.0,0.012373542249110003
2020-02-27,18.1,18.21,17.97,18.05,14685127.0,294522924.0,1749784303.0,0.00839253556842543
2020-02-28,17.85,17.94,17.28,17.38,24947296.0,486348430.0,1749784303.0,0.014257355010687851
2020-03-02,17.38,17.82,17.38,17.78,15219150.0,298182953.0,1749784303.0,0.008697729185195463
2020-03-03,17.93,18.17,17.81,17.88,16152950.0,322799158.0,1749784303.0,0.009231394962399546
2020-03-04,17.79,18.01,17.68,17.98,12204289.0,241453810.0,1749784303.0,0.006974739103028746
2020-03-05,18.1,18.63,18.01,18.63,27887916.0,568409868.0,1749784303.0,0.015937916434720697
2020-03-06,18.46,19.3,18.38,18.84,32117918.0,673104033.0,1749784303.0,0.018355358397565875
2020-03-09,18.73,18.73,18.0,18.03,24158955.0,489575430.0,1749784303.0,0.013806818908238885
2020-03-10,17.74,18.15,17.61,18.08,18294275.0,363017279.0,1749784303.0,0.010455160083808342
2020-03-11,18.12,18.17,17.87,17.88,12081364.0,241323893.0,1749784303.0,0.006904487587005174
2020-03-12,17.73,17.73,17.47,17.48,12620361.0,246260139.0,1749784303.0,0.007212523839859821
2020-03-13,16.84,17.1,16.44,16.92,18236220.0,338469694.0,1749784303.0,0.01042198170867921
2020-03-16,17.05,17.4,16.66,16.73,16410793.0,310590070.0,1749784303.0,0.009378751982095018
2020-03-17,16.69,17.0,15.58,16.11,20178865.0,361086735.0,1749784303.0,0.011532201406426721
2020-03-18,16.17,16.37,14.96,15.28,31670386.0,550990787.0,1749784303.0,0.01809959430182407
2020-03-19,15.09,15.25,14.43,14.68,25816039.0,422120891.0,1749784303.0,0.01475384077668229
2020-03-20,14.78,15.03,14.71,14.97,17271840.0,285231691.0,1749784303.0,0.009870839491694766
2020-03-23,14.64,15.01,14.43,14.55,22809921.0,373556649.0,1749784303.0,0.013035847310375603
2020-03-24,14.79,14.93,14.47,14.75,14736804.0,240665790.0,1749784303.0,0.008422068922857401
2020-03-25,15.04,15.6,14.92,15.54,26270102.0,444266558.0,1749784303.0,0.015013337332470058
2020-03-26,15.44,15.92,15.24,15.58,20914507.0,362252997.0,1749784303.0,0.011952620082453671
2020-03-27,15.76,15.9,15.42,15.64,18468916.0,321677229.0,1749784303.0,0.010554967242725345
2020-03-30,15.47,15.78,15.28,15.66,15537003.0,268127003.0,1749784303.0,0.008879381860588105
2020-03-31,15.71,15.76,15.59,15.72,12329371.0,214775951.0,1749784303.0,0.0070462233424207375
2020-04-01,15.7,15.76,15.46,15.74,11737088.0,203764190.0,1749784303.0,0.006707734193224158
2020-04-02,15.65,15.99,15.57,15.96,12498312.0,220043930.0,1749784303.0,0.007142772956970571
2020-04-03,15.96,16.73,15.92,16.3,21410581.0,389901627.0,1749784303.0,0.012236125883225505
2020-04-07,16.47,16.55,16.35,16.46,15541748.0,284056884.0,1749784303.0,0.00888209362339902
2020-04-08,16.44,16.93,16.34,16.67,17507464.0,324325203.0,1749784303.0,0.010005498374847405
2020-04-09,16.73,18.22,16.73,17.92,33436838.0,647159792.0,1749784303.0,0.01910911987418829
2020-04-10,17.65,17.91,17.03,17.19,25244697.0,488265031.0,1749784303.0,0.014427319388291483
2020-04-13,17.02,17.59,16.94,17.29,14449670.0,277898101.0,1749784303.0,0.00825797212560776
2020-04-14,17.34,17.39,16.81,17.19,15944444.0,302419206.0,1749784303.0,0.00911223398944847
2020-04-15,17.28,17.53,17.01,17.02,15336543.0,293206618.0,1749784303.0,0.008764819168685845
2020-04-16,16.85,17.15,16.84,16.99,13626029.0,256593458.0,1749784303.0,0.0077872621080428105
2020-04-17,17.07,17.11,16.76,16.76,13034840.0,243941670.0,1749784303.0,0.007449398178765123
2020-04-20,16.76,17.08,16.73,16.78,11592951.0,217285815.0,1749784303.0,0.006625360040162619
2020-04-21,16.79,16.86,16.53,16.65,10493095.0,194076784.0,1749784303.0,0.005996793423057699
2020-04-22,16.57,16.61,16.31,16.57,10019029.0,183376665.0,1749784303.0,0.005725865172537212
2020-04-23,16.62,17.01,16.62,16.73,13223549.0,247285819.0,1749784303.0,0.007557245185779907
2020-04-24,16.79,16.81,16.08,16.16,16930462.0,306959396.0,1749784303.0,0.0096757423020499
2020-04-27,16.17,16.47,15.79,16.43,12929683.0,233097464.0,1749784303.0,0.007389301057182932
2020-04-28,16.57,17.08,16.49,16.92,21124183.0,395162497.0,1749784303.0,0.012072449709248534
2020-04-29,16.92,17.0,16.71,16.73,12162571.0,227537646.0,1749784303.0,0.006950897307255133
2020-04-30,17.48,18.16,17.48,17.97,44877253.0,891327365.0,1749784303.0,0.025647305741089393
2020-05-06,17.92,19.27,17.85,18.95,53912483.0,1128451648.0,1749784303.0,0.030810930757332322
2020-05-07,18.91,19.43,18.81,19.14,40094513.0,853907657.0,1749784303.0,0.02291397455746864
2020-05-08,19.24,19.72,19.05,19.6,44998671.0,971513202.0,1749784303.0,0.025716696008102207
2020-05-11,19.64,19.89,18.98,19.09,38000843.0,814304641.0,1749784303.0,0.02171744422146642
2020-05-12,19.14,19.29,18.7,19.0,26462205.0,557151165.0,1749784303.0,0.015123124007130838
2020-05-13,18.94,19.4,18.75,19.08,28455068.0,604044338.0,1749784303.0,0.01626204324225213
2020-05-14,19.06,19.46,18.85,19.2,29047325.0,619182655.0,1749784303.0,0.0166005175324744
2020-05-15,19.29,19.68,19.18,19.37,26841884.0,579291628.0,1749784303.0,0.01534011018042605
2020-05-18,19.27,19.27,18.83,18.87,24658407.0,519952708.0,1749784303.0,0.014092255232672527
2020-05-19,19.03,19.28,18.95,19.13,19440715.0,412533732.0,1749784303.0,0.011110349410878215
2020-05-20,19.18,20.34,18.92,20.18,43612588.0,950661569.0,1749784303.0,0.02492455094335133
2020-05-21,20.27,20.93,20.07,20.2,47818609.0,1090739014.0,1749784303.0,0.02732828778839491
2020-05-22,20.43,20.53,19.59,19.59,36144561.0,803182051.0,1749784303.0,0.02065658089287363
2020-05-25,19.5,20.75,19.46,20.75,44943965.0,1017811417.0,1749784303.0,0.02568543158316354
2020-05-26,20.81,21.12,20.5,21.0,40954661.0,948742551.0,1749784303.0,0.023405548289456794
2020-05-27,20.89,20.97,20.63,20.78,23972814.0,553000443.0,1749784303.0,0.013700439510686363
2020-05-28,20.68,20.81,19.82,20.18,33950329.0,764049928.0,1749784303.0,0.019402579473248367
2020-05-29,20.07,20.59,19.91,20.4,21962787.0,496389337.0,1749784303.0,0.01255171106652681
2020-06-01,20.4,20.64,20.31,20.54,26537332.0,603824482.0,1749784303.0,0.01516605901338915
2020-06-02,20.45,20.49,19.95,20.07,26332531.0,587973201.0,1749784303.0,0.015049015444276734
2020-06-03,20.12,20.54,20.07,20.1,22322499.0,502981977.0,1749784303.0,0.012757286119053727
2020-06-04,20.09,20.39,19.73,20.33,22925504.0,509572488.0,1749784303.0,0.013101902880654657
2020-06-05,20.18,20.6,20.11,20.18,16827503.0,379481542.0,1749784303.0,0.009616901335295611
2020-06-08,20.33,20.34,19.94,20.0,18024301.0,402781946.0,1749784303.0,0.010300870209600915
2020-06-09,20.16,21.0,20.06,20.99,42561150.0,979802945.0,1749784303.0,0.02432365516539898
2020-06-10,21.06,21.06,20.55,20.78,27281656.0,628562363.0,1749784303.0,0.01559143944383641
2020-06-11,20.88,20.88,20.27,20.43,25337532.0,578336006.0,1749784303.0,0.01448037449905047
2020-06-12,20.0,20.52,19.91,20.31,21565746.0,485103601.0,1749784303.0,0.012324802527389
2020-06-15,20.36,21.03,20.32,20.66,31335189.0,720658148.0,1749784303.0,0.017908029547571043
2020-06-16,20.78,21.61,20.51,21.46,40117295.0,938150294.0,1749784303.0,0.02292699444795511
2020-06-17,21.58,22.17,21.36,21.92,38696733.0,929421372.0,1749784303.0,0.022115144668776926
2020-06-18,21.87,21.87,21.13,21.32,32236979.0,756431559.0,1749784303.0,0.018423401641407912
2020-06-19,21.27,21.68,21.19,21.36,25463302.0,598099145.0,1749784303.0,0.014552251929762568
2020-06-22,21.32,21.74,21.17,21.49,21028150.0,494011928.0,1749784303.0,0.012017566944649862
2020-06-23,21.37,22.23,21.22,22.21,35030812.0,840931809.0,1749784303.0,0.02002007443999799
2020-06-24,22.28,22.3,21.79,21.96,25151362.0,605199368.0,1749784303.0,0.014373978528026606
2020-06-29,21.86,22.68,21.79,22.42,28654985.0,702016651.0,1749784303.0,0.01637629561019099
2020-06-30,22.51,23.7,22.47,23.06,46055253.0,1173470982.0,1749784303.0,0.026320531576971177
2020-07-01,23.07,23.88,22.72,23.59,45865867.0,1177630930.0,1749784303.0,0.026212297665125416
2020-07-02,23.33,23.7,23.08,23.4,34015230.0,871920056.0,1749784303.0,0.019439670330612172
2020-07-03,23.27,23.27,22.61,23.15,36557205.0,923493223.0,1749784303.0,0.020892406531092308
2020-07-06,23.2,23.75,22.86,23.62,46254599.0,1187312375.0,1749784303.0,0.026434457618974307
2020-07-07,23.61,24.73,23.27,24.15,50938705.0,1346663082.0,1749784303.0,0.029111419569066738
2020-07-08,23.99,24.67,23.88,24.43,37075605.0,993573959.0,1749784303.0,0.021188671618801235
2020-07-09,24.41,26.01,24.19,25.98,48781635.0,1346533187.0,1749784303.0,0.0278786561957174
2020-07-10,26.03,27.42,25.59,26.23,47225694.0,1370725092.0,1749784303.0,0.026989437451822883
2020-07-13,26.27,27.81,26.27,27.81,44541767.0,1330760121.0,1749784303.0,0.02545557582362196
2020-07-14,27.85,29.05,27.46,28.63,56285275.0,1749460491.0,1749784303.0,0.032166979040501774
2020-07-15,28.65,29.1,27.16,27.56,51886268.0,1589216198.0,1749784303.0,0.029652950887170005
2020-07-16,27.11,27.11,24.81,24.81,76396090.0,2170608696.0,1749784303.0,0.043660289939176575
2020-07-17,24.61,26.19,24.4,26.09,50521118.0,1401293953.0,1749784303.0,0.02887276901123281
2020-07-20,26.43,26.52,25.26,26.19,36078202.0,1026075299.0,1749784303.0,0.020618656789950642
2020-07-21,26.0,26.78,25.68,26.15,28486225.0,820591545.0,1749784303.0,0.01627984943696229
2020-07-22,25.91,26.33,25.54,25.8,35193299.0,1003138061.0,1749784303.0,0.02011293559992577
2020-07-23,25.43,26.12,25.04,26.0,41770493.0,1177709131.0,1749784303.0,0.02387179547123872
2020-07-24,25.69,25.87,23.52,23.81,53189522.0,1436231243.0,1749784303.0,0.030397759260273806
2020-07-27,24.02,24.59,23.86,24.12,27420682.0,727681123.0,1749784303.0,0.01567089266544872
2020-07-28,24.33,24.44,23.65,23.8,27109923.0,710243095.0,1749784303.0,0.015493294204045674
2020-07-29,23.79,25.06,23.61,24.96,34645298.0,930421225.0,1749784303.0,0.01979975356996902
2020-07-30,25.02,26.33,24.7,25.34,43722894.0,1220710290.0,1749784303.0,0.0249875907133452
2020-07-31,25.11,25.6,24.84,25.34,29486338.0,816650551.0,1749784303.0,0.016851413028134817
2020-08-03,25.53,26.22,25.35,26.22,32826266.0,934944064.0,1749784303.0,0.018760178579565186
2020-08-04,26.36,27.05,25.98,25.99,39568454.0,1151110160.0,1749784303.0,0.02261333235882846
2020-08-05,25.95,26.75,25.38,26.27,32738308.0,936304959.0,1749784303.0,0.01870991066948667
2020-08-06,26.12,26.6,25.42,25.7,28571600.0,810269321.0,1749784303.0,0.016328641165093364
2020-08-07,25.65,25.9,24.43,24.79,33479737.0,918335151.0,1749784303.0,0.019133636610294817
2020-08-10,24.8,25.15,24.33,24.7,20305565.0,550375062.0,1749784303.0,0.011604610331219779
2020-08-11,24.78,25.03,24.23,24.29,23614571.0,637946567.0,1749784303.0,0.013495703990207757
2020-08-12,24.23,24.42,23.42,24.42,26781849.0,702127796.0,1749784303.0,0.015305800237253586
2020-08-13,24.43,24.54,23.83,23.96,15600316.0,413211807.0,1749784303.0,0.008915565177521198
2020-08-14,24.05,24.44,23.77,24.27,18397774.0,487488669.0,1749784303.0,0.010514309660028994
2020-08-17,24.33,24.88,24.3,24.84,21479457.0,581681104.0,1749784303.0,0.012275488449161154
2020-08-18,25.06,25.47,24.84,25.02,19786071.0,545686905.0,1749784303.0,0.011307720023591959
2020-08-19,25.03,25.03,24.35,24.42,15484239.0,418164348.0,1749784303.0,0.008849227286730323
2020-08-20,24.17,24.8,23.99,24.71,13795859.0,370889216.0,1749784303.0,0.00788431978521412
2020-08-21,24.78,24.9,24.24,24.51,13446922.0,362544143.0,1749784303.0,0.0076849026345391785
2020-08-24,24.51,24.6,23.98,24.52,12487471.0,333809655.0,1749784303.0,0.0071365773361838185
2020-08-25,24.48,24.95,24.44,24.61,13647678.0,369486596.0,1749784303.0,0.007799634490148926
2020-08-26,24.61,24.92,24.16,24.28,14816982.0,399189699.0,1749784303.0,0.008467890570624236
2020-08-27,24.27,24.37,23.7,23.92,14695577.0,386048661.0,1749784303.0,0.008398507733098574
2020-08-28,24.19,26.06,24.04,25.98,56829533.0,1573571553.0,1749784303.0,0.03247802194965741
2020-08-31,26.08,26.4,25.48,25.48,31747337.0,902446023.0,1749784303.0,0.018143571722279875
2020-09-01,25.58,25.87,24.96,25.24,24504892.0,679713265.0,1749784303.0,0.014004521561878475
2020-09-02,25.24,25.42,24.86,25.28,22086042.0,608974002.0,1749784303.0,0.012622151177224272
2020-09-03,25.26,25.46,24.54,24.69,26232832.0,719681021.0,1749784303.0,0.014992037564300861
2020-09-04,24.2,24.41,23.97,24.23,18470843.0,489733298.0,1749784303.0,0.010556068521321054
2020-09-07,24.11,24.33,23.44,23.51,26499986.0,691433731.0,1749784303.0,0.015144715811295057
2020-09-08,23.61,23.72,23.14,23.51,15002808.0,385821642.0,1749784303.0,0.008574089945988045
2020-09-09,23.24,23.33,22.22,22.4,23416016.0,582958460.0,1749784303.0,0.013382230003922947
2020-09-10,22.6,22.9,21.97,22.12,13482782.0,332025373.0,1749784303.0,0.007705396589101759
2020-09-11,22.1,22.67,22.05,22.67,10209970.0,251214090.0,1749784303.0,0.005834987765346298
2020-09-14,22.88,22.89,22.4,22.54,10393263.0,257810974.0,1749784303.0,0.005939739533713259
2020-09-15,22.54,22.68,22.31,22.62,8134115.0,200984256.0,1749784303.0,0.004648638684239014
2020-09-16,22.58,22.77,22.33,22.42,7630706.0,188472746.0,1749784303.0,0.004360940938215743
2020-09-17,22.44,22.44,21.79,22.09,13360671.0,322799720.0,1749784303.0,0.00763561027327378
2020-09-18,21.97,22.63,21.97,22.61,11661405.0,285391772.0,1749784303.0,0.006664481433515294
2020-09-21,22.69,22.77,22.44,22.49,9391276.0,232782985.0,1749784303.0,0.005367104953392647
2020-09-22,22.38,22.86,22.24,22.28,10823900.0,267859066.0,1749784303.0,0.00618584815365097
2020-09-23,22.38,23.15,22.15,22.89,16501383.0,413572118.0,1749784303.0,0.009430524077572548
2020-09-24,22.5,22.92,22.49,22.58,9773884.0,243085528.0,1749784303.0,0.005585765047293375
2020-09-25,22.64,22.94,22.5,22.68,8448903.0,210811050.0,1749784303.0,0.004828539715160537
2020-09-28,22.68,22.79,22.24,22.28,7351180.0,180435563.0,1749784303.0,0.004201192105447753
2020-09-29,22.38,22.93,22.22,22.79,10455758.0,259924108.0,1749784303.0,0.005975455364454712
2020-09-30,22.79,23.04,22.39,22.51,7951610.0,197715540.0,1749784303.0,0.004544337257093339
2020-10-09,22.75,23.3,22.75,23.21,13614833.0,344212840.0,1749784303.0,0.007780863605106875
2020-10-12,23.29,23.65,23.12,23.61,14440616.0,371764080.0,1749784303.0,0.008252797773555065
2020-10-13,23.6,23.85,23.4,23.63,10413677.0,270552034.0,1749784303.0,0.0059514061145398214
2020-10-14,23.61,23.82,23.33,23.52,10509254.0,271887885.0,1749784303.0,0.00600602827558912
2020-10-15,23.52,23.56,23.04,23.07,12045096.0,306324314.0,1749784303.0,0.006883760460845784
2020-10-16,23.2,23.57,23.18,23.54,12297816.0,315701624.0,1749784303.0,0.007028189691103887
2020-10-19,23.61,23.65,23.23,23.27,9023643.0,232050022.0,1749784303.0,0.0051570030571933875
2020-10-20,23.43,24.51,23.34,24.28,24285560.0,643279992.0,1749784303.0,0.013879173540625823
2020-10-21,24.29,24.84,24.02,24.23,16737194.0,447829921.0,1749784303.0,0.009565289831040392
2020-10-22,24.15,24.75,23.88,24.73,19192058.0,515292717.0,1749784303.0,0.010968242181104993
2020-10-23,24.63,24.74,23.97,24.13,14715001.0,393706887.0,1749784303.0,0.00840960852990347
2020-10-26,23.97,24.42,23.42,24.31,11834895.0,311585357.0,1749784303.0,0.0067636307970697345
2020-10-27,24.43,25.23,24.43,24.96,25029105.0,684055449.0,1749784303.0,0.014304108773342905
2020-10-28,24.96,25.98,24.86,25.85,36021092.0,1014548313.0,1749784303.0,0.020586018481387646
2020-10-29,25.5,26.05,25.26,25.36,24507153.0,689963711.0,1749784303.0,0.014005813721144119
2020-10-30,25.51,26.15,25.26,25.42,22509441.0,633056847.0,1749784303.0,0.012864123287314688
2020-11-02,25.43,26.08,24.66,25.05,25444583.0,700752871.0,1749784303.0,0.01454155403976098
2020-11-03,25.08,25.3,24.45,25.15,18052985.0,494349549.0,1749784303.0,0.010317263087254933
2020-11-04,25.15,27.66,24.97,27.66,92418386.0,2752448056.0,1749784303.0,0.05281701626969047
2020-11-05,28.7,30.43,28.5,30.43,84391267.0,2744718396.0,1749784303.0,0.048229525693716316
2020-11-06,31.44,31.79,28.96,29.99,80035515.0,2638144091.0,1749784303.0,0.04574021773013928
2020-11-09,30.09,30.41,28.82,29.38,63256214.0,2033975221.0,1749784303.0,0.03615086379020969
2020-11-10,29.37,29.38,27.81,27.85,52631890.0,1636544784.0,1749784303.0,0.030079073123334563
2020-11-11,27.8,28.39,27.25,27.39,40426393.0,1230511757.0,1749784303.0,0.02310364364949958
2020-11-12,27.48,27.61,26.93,27.61,32363944.0,968930443.0,1749784303.0,0.01849596201343909
2020-11-13,27.34,27.46,26.28,26.6,36267004.0,1064015985.0,1749784303.0,0.02072655694637352
2020-11-16,26.73,28.67,26.43,28.48,63431084.0,1917258884.0,1749784303.0,0.03625080182240039
2020-11-17,28.03,28.19,27.55,28.07,31110119.0,950537881.0,1749784303.0,0.017779402264988774
2020-11-18,27.81,29.47,27.81,28.52,35374725.0,1113616423.0,1749784303.0,0.02021662037963773
2020-11-19,28.13,28.78,27.36,28.42,22882054.0,705334815.0,1749784303.0,0.013077071248592633
2020-11-20,28.42,28.69,27.96,28.12,21626221.0,668354792.0,1749784303.0,0.01235936393012665
2020-11-23,27.98,27.98,27.18,27.65,24010228.0,724781908.0,1749784303.0,0.013721821574713258
2020-11-24,27.64,27.64,26.54,26.81,30679989.0,902846043.0,1749784303.0,0.017533583395050036
2020-11-25,26.81,26.88,25.52,25.64,36663573.0,1043015561.0,1749784303.0,0.02095319573797777
2020-11-26,25.62,25.84,25.43,25.71,15760535.0,443549563.0,1749784303.0,0.00900713017769025
2020-11-27,25.66,25.84,25.46,25.8,11612814.0,326852289.0,1749784303.0,0.0066367117250336885
2020-11-30,25.79,25.81,25.21,25.21,19254405.0,538937034.0,1749784303.0,0.011003873429992702
2020-12-01,25.52,26.36,25.43,26.13,24311002.0,693535483.0,1749784303.0,0.013893713618483638
2020-12-02,26.16,26.42,25.87,26.07,18416371.0,527712706.0,1749784303.0,0.010524937827151144
2020-12-03,26.07,26.71,25.98,26.45,17280420.0,500382255.0,1749784303.0,0.009875742953215874
2020-12-04,26.29,26.78,26.24,26.73,14688734.0,429100594.0,1749784303.0,0.008394596965360936
2020-12-07,26.6,27.02,26.24,26.61,15537937.0,453461494.0,1749784303.0,0.008879915640665112
2020-12-08,26.59,27.41,26.57,26.91,18068808.0,535735192.0,1749784303.0,0.010326305916118394
2020-12-09,26.8,26.95,25.91,26.06,17278201.0,499760030.0,1749784303.0,0.009874474796908724
2020-12-10,25.79,26.19,25.7,26.13,10784922.0,307556442.0,1749784303.0,0.006163572265169646
2020-12-11,25.98,26.22,25.25,25.61,19990403.0,561692037.0,1749784303.0,0.011424495559667848
2020-12-14,25.65,26.84,25.56,26.45,19191233.0,554497183.0,1749784303.0,0.010967770694420271
2020-12-15,26.59,27.11,26.27,26.94,22330030.0,655961193.0,1749784303.0,0.012761590078111474
2020-12-16,26.83,26.92,26.39,26.68,15745561.0,459411672.0,1749784303.0,0.008998572551487793
2020-12-17,26.57,27.79,26.52,27.68,42172887.0,1266235417.0,1749784303.0,0.02410176324458661
2020-12-18,27.52,27.87,27.11,27.37,21979257.0,661720142.0,1749784303.0,0.012561123655250896
2020-12-21,27.34,27.52,27.0,27.41,18182348.0,544590465.0,1749784303.0,0.010391193913916371
2020-12-22,27.25,27.75,26.78,26.85,23405235.0,699776137.0,1749784303.0,0.013376068673076901
2020-12-23,26.72,26.76,26.16,26.61,19987789.0,579850033.0,1749784303.0,0.011423001661251044
2020-12-24,26.66,26.75,25.43,25.62,22813085.0,650984446.0,1749784303.0,0.013037655533248888
2020-12-25,25.54,25.91,25.31,25.61,16389882.0,459729377.0,1749784303.0,0.009366801366259598
2020-12-28,25.36,25.52,23.35,24.21,41227830.0,1095373530.0,1749784303.0,0.023561664103006873
2020-12-29,23.87,24.08,23.56,23.82,16792876.0,438514157.0,1749784303.0,0.00959711203901456
2020-12-30,24.2,24.21,23.7,23.89,13807653.0,362041200.0,1749784303.0,0.007891060044559103
2020-12-31,23.95,24.4,23.88,24.21,13578385.0,359628782.0,1749761803.0,0.007760133394568106
2021-01-04,24.23,24.39,23.57,24.35,25761669.0,675848850.0,1749761803.0,0.014722957693916468
2021-01-05,24.34,24.35,23.82,24.27,21093879.0,557456668.0,1749761803.0,0.012055286018836474
2021-01-06,24.61,26.09,24.61,25.93,39382086.0,1107613554.0,1749761803.0,0.022507112643834527
2021-01-07,25.87,26.84,25.42,26.3,35283625.0,1018369570.0,1749761803.0,0.020164816113545026
2021-01-08,26.13,26.65,25.79,26.01,20930274.0,598548217.0,1749761803.0,0.011961784720705781
2021-01-11,25.8,25.88,24.91,25.08,23742300.0,659959930.0,1749761803.0,0.013568875465959637
2021-01-12,25.07,25.52,24.82,25.38,16865487.0,466378866.0,1749761803.0,0.0096387330956041
2021-01-13,25.39,25.46,24.54,24.74,21557172.0,586972776.0,1749761803.0,0.012320060915171321
2021-01-14,24.7,25.1,24.56,24.63,15268695.0,415701310.0,1749761803.0,0.00872615631100275
2021-01-15,24.61,24.91,24.47,24.79,12026932.0,326002988.0,1749761803.0,0.00687346813685131
2021-01-18,24.77,24.95,24.55,24.74,11008588.0,298586925.0,1749761803.0,0.00629147806354303
2021-01-19,25.2,25.7,24.88,24.93,17341499.0,480470160.0,1749761803.0,0.009910776981339785
2021-01-20,24.94,25.51,24.82,25.46,14928285.0,413382340.0,1749761803.0,0.008531609830781064
2021-01-21,25.52,25.96,25.3,25.35,19274494.0,541339602.0,1749761803.0,0.011015495918903655
2021-01-22,25.29,26.76,25.18,26.76,45863130.0,1316714861.0,1749761803.0,0.026211070513350324
2021-01-25,26.76,26.98,26.02,26.24,28987821.0,839597726.0,1749761803.0,0.016566724082272128
2021-01-26,26.24,26.24,24.93,24.99,25051743.0,695340323.0,1749761803.0,0.014317230469340633
2021-01-27,24.76,25.15,24.42,24.48,16902153.0,456998172.0,1749761803.0,0.00965968794782292
2021-01-28,24.3,24.41,23.77,23.83,15638138.0,411636727.0,1749761803.0,0.008937295335392574
2021-01-29,23.71,24.15,23.64,24.03,14035731.0,367243581.0,1749761803.0,0.008021509542576293
2021-02-01,23.92,24.87,23.79,24.58,13657415.0,365108881.0,1749761803.0,0.007805299542248609
2021-02-02,24.59,24.65,24.14,24.31,10532789.0,280988326.0,1749761803.0,0.006019555908662158
2021-02-03,24.31,25.06,23.33,23.74,23819766.0,626154415.0,1749761803.0,0.013613147777692116
2021-02-04,23.49,23.69,22.81,22.96,18192317.0,462603807.0,1749761803.0,0.010397024880077349
2021-02-05,23.03,23.36,22.72,22.79,12234447.0,309557633.0,1749761803.0,0.006992064279277218
2021-02-08,22.85,23.04,22.38,23.02,15850860.0,394287461.0,1749761803.0,0.009058867311438276
2021-02-09,22.86,25.33,22.85,25.33,35986240.0,972579897.0,1749761803.0,0.020566365055118305
2021-02-10,26.41,27.52,26.03,27.26,71961366.0,2128250873.0,1749761803.0,0.041126378388544584
2021-02-18,28.8,29.99,28.45,29.99,95323503.0,3104506688.0,1749761803.0,0.05447798828192845
2021-02-19,29.17,30.61,28.89,30.25,87040625.0,2868207696.0,1749761803.0,0.049744270820615236
2021-02-22,30.54,33.07,30.54,30.99,85720121.0,2995866097.0,1749761803.0,0.04898959438537932
2021-02-23,30.52,34.09,30.52,34.09,69933211.0,2499114282.0,1749761803.0,0.039967274905703266
2021-02-24,34.25,34.61,30.88,31.22,107555035.0,3847648728.0,1749761803.0,0.061468386620164434
2021-02-25,31.26,32.39,29.85,30.08,75685563.0,2577014922.0,1749761803.0,0.04325478066227966
2021-02-26,29.16,29.99,28.83,29.02,50498470.0,1622103966.0,1749761803.0,0.02886019680702791
2021-03-01,29.06,31.92,28.73,31.92,80337761.0,2711929067.0,1749761803.0,0.045913541410184736
2021-03-02,31.76,34.27,31.22,33.72,95153596.0,3462041401.0,1749761803.0,0.054380885350713074
2021-03-03,33.25,33.72,32.04,33.25,62328939.0,2255220026.0,1749761803.0,0.03562138508975098
2021-03-04,32.81,36.46,32.25,34.74,95172130.0,3623981523.0,1749761803.0,0.05439147764960097
2021-03-05,34.36,34.59,32.16,33.6,60983682.0,2248406761.0,1749761803.0,0.034852562157570426
2021-03-08,33.8,35.31,32.7,32.81,61071550.0,2277787631.0,1749761803.0,0.03490277927846617
2021-03-09,32.26,32.72,29.89,30.08,80561551.0,2762842388.0,1749761803.0,0.046041438818629876
2021-03-10,30.44,31.61,30.02,30.75,50403227.0,1702860191.0,1749761803.0,0.028805764826722532
2021-03-11,30.5,33.82,30.26,33.64,81834931.0,2975869670.0,1749761803.0,0.04676918358812751
2021-03-12,33.8,34.6,32.45,34.27,79375579.0,2921856994.0,1749761803.0,0.04536364827710209
2021-03-15,33.72,35.15,33.18,33.84,53796717.0,2000794863.0,1749761803.0,0.03074516594645311
2021-03-16,33.84,34.31,32.73,33.64,48281879.0,1777867092.0,1749761803.0,0.027593400951615128
2021-03-17,32.75,36.32,32.29,35.11,62920984.0,2349578605.0,1749761803.0,0.03595974257302952
2021-03-18,35.13,38.62,35.13,38.62,113568367.0,4712140425.0,1749761803.0,0.06490504410673777
2021-03-19,37.91,39.25,36.78,38.06,94346275.0,3955383892.0,1749761803.0,0.05391949626414379
2021-03-22,37.69,39.76,37.38,38.34,80909792.0,3412152731.0,1749761803.0,0.046240460765161646
2021-03-23,37.95,38.22,34.51,34.51,83763402.0,3295707736.0,1749761803.0,0.04787131703091589
2021-03-24,33.08,36.77,31.08,34.82,116422658.0,4212721114.0,1749761803.0,0.06653628956832361
2021-03-25,33.7,33.7,32.05,32.19,65688831.0,2365434643.0,1749761803.0,0.03754158473877715
2021-03-26,32.0,33.4,32.0,32.49,52256419.0,1876522667.0,1749761803.0,0.029864875842189133
2021-03-29,31.99,34.58,31.69,33.77,63553097.0,2321386634.0,1749761803.0,0.036320999173165745
2021-03-30,33.4,35.27,33.18,33.59,66132943.0,2476063064.0,1749761803.0,0.03779539757160878
2021-03-31,33.08,34.7,33.01,33.61,45445738.0,1686294431.0,1749761803.0,0.025972528330474705
2021-04-01,34.1,35.98,33.65,35.36,77811163.0,2987826851.0,1749761803.0,0.04446957458243246
2021-04-02,35.07,36.14,34.89,35.36,60589496.0,2355833947.0,1749761803.0,0.03462728235129956
2021-04-06,35.09,36.0,34.66,35.22,45111681.0,1753930199.0,1749761803.0,0.025781612630162095
2021-04-07,34.83,35.22,33.73,34.05,49335607.0,1858954331.0,1749761803.0,0.0281956132059879
2021-04-08,33.91,34.86,32.88,34.29,67212838.0,2499992257.0,1749761803.0,0.038412564432920134
2021-04-09,34.29,34.48,32.52,32.53,61431067.0,2225916372.0,1749761803.0,0.03510824553072039
2021-04-12,31.94,33.13,31.94,32.43,37098984.0,1326361819.0,1749761803.0,0.021202305328869953
2021-04-13,32.44,32.68,31.58,31.9,33312540.0,1175111381.0,1749761803.0,0.019038328498704803
2021-04-14,33.54,35.09,33.45,35.09,51448441.0,1943734395.0,1749761803.0,0.02940311127594091
2021-04-15,37.36,37.36,35.28,36.41,117782663.0,4704279002.0,1749761803.0,0.06731354107631071
2021-04-16,36.47,39.9,36.47,38.01,103487713.0,4331313738.0,1749761803.0,0.05914388622643856
2021-04-19,37.37,37.53,36.18,37.4,72010887.0,2924910470.0,1749761803.0,0.041154679955029284
2021-04-20,36.91,39.45,36.73,37.71,89843007.0,3741412095.0,1749761803.0,0.05134584995852718
2021-04-21,36.28,41.49,36.0,40.74,137103671.0,5914184715.0,1749761803.0,0.07835562004207267
2021-04-22,41.01,42.11,40.38,41.34,100225878.0,4540653842.0,1749761803.0,0.05727972677661658
2021-04-23,41.01,42.43,39.99,40.92,86236803.0,3872200948.0,1749761803.0,0.04928488143480179
2021-04-26,40.79,43.91,40.77,41.64,83375351.0,3864473550.0,1749761803.0,0.047649543416167485
2021-04-27,41.3,43.86,41.27,42.84,82845962.0,3866294456.0,1749761803.0,0.04734699423542051
2021-04-28,42.0,43.85,41.01,42.11,91342076.0,4248406718.0,1749761803.0,0.05220257742704879
2021-04-29,41.93,45.35,41.93,43.61,85939500.0,4122805353.0,1749761803.0,0.04911497087926773
2021-04-30,43.66,47.98,43.66,47.98,118667853.0,6122069132.0,1749761803.0,0.06781943279167582
2021-05-06,49.16,49.16,43.18,43.18,152018193.0,7618614461.0,1749761803.0,0.0868793642308124
2021-05-07,42.21,42.82,39.35,39.72,118110647.0,5300342809.0,1749761803.0,0.06750098601849523
2021-05-10,40.17,41.11,39.74,40.46,73764019.0,3269389036.0,1749761803.0,0.04215660604405136
2021-05-11,39.79,42.2,38.39,41.39,93173021.0,4158223687.0,1749761803.0,0.05324897414051048
2021-05-12,41.01,43.91,40.65,43.21,86118300.0,3998616603.0,1749761803.0,0.04921715621654818
2021-05-13,42.56,45.43,42.15,44.02,83771722.0,4020562474.0,1749761803.0,0.04787607196383632
2021-05-14,43.84,44.84,42.84,43.54,62429822.0,2990955124.0,1749761803.0,0.03567904036593031
2021-05-17,42.94,46.81,42.71,46.28,76333775.0,3809092981.0,1749761803.0,0.043625237943315645
2021-05-18,47.11,48.12,44.46,46.06,77723857.0,3940659062.0,1749761803.0,0.044419678648111395
2021-05-19,45.57,47.67,45.21,46.37,59754301.0,3034717844.0,1749761803.0,0.0341499630964341
2021-05-20,45.57,47.3,44.46,44.82,67546915.0,3378690840.0,1749761803.0,0.03860349156335995
2021-05-21,45.24,45.62,43.61,44.8,55956744.0,2744878278.0,1749761803.0,0.03197963511608328
2021-05-24,44.88,45.26,43.86,45.03,45233214.0,2218828885.0,1749761803.0,0.025851069512688406
2021-05-25,45.37,47.85,45.11,47.3,76536615.0,3910804747.0,1749761803.0,0.043741162293505616
2021-05-26,47.21,47.38,46.12,46.4,46540650.0,2381344197.0,1749761803.0,0.02659827750280362
2021-05-27,46.16,47.34,45.39,46.39,51277463.0,2617369527.0,1749761803.0,0.0293053962614133
2021-05-28,46.26,48.05,46.01,46.53,55643466.0,2875832167.0,1749761803.0,0.031800594746438184
2021-05-31,46.3,48.3,45.93,48.14,63051570.0,3282205682.0,1749761803.0,0.03603437330263861
2021-06-01,47.94,48.29,44.66,45.76,82730038.0,4192993451.0,1749761803.0,0.04728074293207096
2021-06-02,45.57,46.37,43.75,43.83,64659872.0,3175784083.0,1749761803.0,0.0369535281254508
2021-06-03,43.69,44.24,42.73,43.05,46692428.0,2226693044.0,1749761803.0,0.026685019595207155
2021-06-04,42.41,43.42,42.41,42.99,30760151.0,1449962494.0,1749761803.0,0.017579621950405553
2021-06-07,41.92,42.82,40.73,42.54,48111843.0,2199569855.0,1749761803.0,0.02749622429607923
2021-06-08,42.83,43.56,41.4,41.92,36684822.0,1708312356.0,1749761803.0,0.020965609111539166
2021-06-09,42.04,42.36,41.41,41.79,23783445.0,1087658735.0,1749761803.0,0.013592390095167713
2021-06-10,41.83,42.73,41.38,42.14,32155095.0,1474382226.0,1749761803.0,0.01837684131912668
2021-06-11,42.03,44.19,41.45,43.86,60097178.0,2834134448.0,1749761803.0,0.03434591948284746
2021-06-15,43.07,43.83,41.58,41.6,41533458.0,1933526564.0,1749761803.0,0.023736635425913456
2021-06-16,41.4,41.6,38.48,38.61,55974250.0,2416592324.0,1749761803.0,0.03198963990643245
2021-06-17,38.65,39.67,38.65,38.91,29413008.0,1255590493.0,1749761803.0,0.01680972115722885
2021-06-18,38.6,39.64,37.81,39.48,37101384.0,1571227206.0,1749761803.0,0.021203676944135465
2021-06-21,38.84,41.43,38.69,41.14,42771049.0,1892650627.0,1749761803.0,0.02444392655427054
2021-06-22,40.91,42.96,40.68,42.25,44140843.0,2020549900.0,1749761803.0,0.02522677253802185
2021-06-23,42.23,42.87,41.73,42.0,32996547.0,1523353941.0,1749761803.0,0.018857736489290594
2021-06-24,42.03,42.51,40.87,41.15,24425701.0,1106683815.0,1749761803.0,0.013959443484319791
2021-06-25,41.21,44.23,41.18,43.21,62112723.0,2936033860.0,1749761803.0,0.03549781627048124
2021-06-28,43.97,44.15,42.9,43.42,33379977.0,1582651591.0,1749761803.0,0.019076869173146535
2021-06-29,43.34,43.57,42.24,42.71,24691744.0,1155871060.0,1749761803.0,0.014111488751020586
2021-06-30,42.72,43.33,41.68,42.14,25948822.0,1197537360.0,1749761803.0,0.014829916823827248
2021-07-01,41.95,43.75,41.89,42.38,38528214.0,1807350897.0,1749761803.0,0.022019119364671602
2021-07-02,42.04,42.04,39.2,39.51,50066308.0,2192260169.0,1749761803.0,0.028613213475205804
2021-07-05,39.2,40.3,38.53,39.92,30095691.0,1299434890.0,1749761803.0,0.017199878834022072
2021-07-06,40.1,40.12,37.08,38.08,46903807.0,1953944475.0,1749761803.0,0.02680582403821053
2021-07-07,38.1,38.87,37.75,38.54,24808162.0,1040236606.0,1749761803.0,0.014178022378512282
2021-07-08,38.79,38.94,37.45,37.49,29470567.0,1222404371.0,1749761803.0,0.01684261649184029
2021-07-09,37.23,37.9,36.55,37.59,27198348.0,1107906827.0,1749761803.0,0.015544028880598441
2021-07-12,37.59,38.72,36.92,38.19,28301218.0,1177115010.0,1749761803.0,0.01617432610054524
2021-07-13,38.24,38.96,37.56,38.04,22968514.0,954236307.0,1749761803.0,0.01312665184519404
2021-07-14,37.89,39.71,37.49,39.07,45550687.0,1931530259.0,1749761803.0,0.026032507351516347
2021-07-15,38.5,38.75,37.65,38.47,26922467.0,1121173148.0,1749761803.0,0.015386361134321779
2021-07-16,38.0,38.32,37.58,37.69,18843722.0,778653548.0,1749761803.0,0.01076930698092282
2021-07-19,37.47,38.7,36.91,38.47,25746692.0,1065828064.0,1749761803.0,0.014714398243153327
2021-07-20,37.98,38.93,37.78,38.36,17157927.0,720599052.0,1749761803.0,0.009805864415706416
2021-07-21,38.36,39.06,38.36,38.43,22877315.0,963412880.0,1749761803.0,0.013074531036611044
2021-07-22,38.45,38.65,37.32,37.45,25287027.0,1037693568.0,1749761803.0,0.014451696771894843
2021-07-23,37.2,37.26,34.24,34.48,62153038.0,2383225706.0,1749761803.0,0.03552085654941
2021-07-26,33.71,34.41,31.95,33.2,48193568.0,1741710605.0,1749761803.0,0.027542930653401628
2021-07-27,33.05,33.55,31.78,31.86,30157354.0,1073636079.0,1749761803.0,0.017235119630737532
2021-07-28,31.6,32.84,30.55,32.33,30103141.0,1045487791.0,1749761803.0,0.017204136556408758
2021-07-29,32.78,33.12,31.81,32.14,26108745.0,920963606.0,1749761803.0,0.014921313835538104
2021-07-30,31.88,32.65,31.04,32.51,27446615.0,960398051.0,1749761803.0,0.015685915050232698
2021-08-02,31.93,33.95,31.54,33.63,36385693.0,1314282478.0,1749761803.0,0.0207946549853906
2021-08-03,33.89,35.08,33.43,34.46,43059851.0,1623865376.0,1749761803.0,0.02460897873423289
2021-08-04,34.26,34.29,33.34,34.28,28123544.0,1040594472.0,1749761803.0,0.01607278427942686
2021-08-05,34.0,34.67,33.16,33.3,23219632.0,855769602.0,1749761803.0,0.013270167379462449
2021-08-06,32.98,33.21,32.38,33.01,20591913.0,738399194.0,1749761803.0,0.011768409257017024
2021-08-09,32.67,34.25,32.44,34.07,25376212.0,938088270.0,1749761803.0,0.014502666566667531
2021-08-10,33.63,34.69,33.19,34.43,40456694.0,1503063900.0,1749761803.0,0.023121257951017233
2021-08-11,34.46,34.46,33.0,33.08,31178126.0,1140950219.0,1749761803.0,0.01781849732148942
2021-08-12,32.99,33.59,32.77,33.17,18251566.0,659652147.0,1749761803.0,0.01043088606043825
2021-08-13,33.18,33.35,32.49,32.61,17284794.0,618941561.0,1749761803.0,0.009878369713160324
2021-08-16,32.56,35.36,32.5,34.79,50885394.0,1908164523.0,1749761803.0,0.02908132633410789
2021-08-17,34.81,36.22,34.35,35.01,57104793.0,2208278183.0,1749761803.0,0.03263575242189694
2021-08-18,35.01,35.22,33.16,33.98,36343263.0,1350245421.0,1749761803.0,0.02077040597050912
2021-08-19,33.72,36.35,33.71,35.71,49916110.0,1932420558.0,1749761803.0,0.028527374362852062
2021-08-20,35.54,35.56,33.66,34.73,43363217.0,1631011151.0,1749761803.0,0.02478235433283144
2021-08-23,34.49,34.63,33.31,33.99,26226931.0,970041428.0,1749761803.0,0.014988857886275393
2021-08-24,33.94,34.62,33.25,33.45,30937652.0,1137612896.0,1749761803.0,0.017681064900923547
2021-08-25,32.52,32.52,31.62,31.78,43367982.0,1515261066.0,1749761803.0,0.024785077560639836
2021-08-26,31.37,31.38,28.61,28.62,77002831.0,2493448316.0,1749761803.0,0.04400760770293258
2021-08-27,28.3,29.17,27.96,28.77,33887896.0,1061385497.0,1749761803.0,0.01936714811233081
2021-08-30,28.85,29.54,27.73,29.12,31965391.0,1004834640.0,1749761803.0,0.018268424276489937
2021-08-31,29.12,29.13,28.02,28.17,22744549.0,704794121.0,1749761803.0,0.012998654423135787
2021-09-01,28.17,29.13,27.71,28.65,27772818.0,862092187.0,1749761803.0,0.01587234213958893
2021-09-02,28.47,28.93,27.94,28.13,20601638.0,635682823.0,1749761803.0,0.01177396715637414
2021-09-03,28.03,29.13,27.8,28.32,22542172.0,703277645.0,1749761803.0,0.01288299468039079
2021-09-06,28.4,29.61,28.12,29.4,29138405.0,925470154.0,1749761803.0,0.01665278379608107
2021-09-07,29.2,29.75,28.97,29.29,19153890.0,612016089.0,1749761803.0,0.010946569965786366
2021-09-08,29.29,29.48,28.91,28.96,15601240.0,495037339.0,1749761803.0,0.008916207893698088
2021-09-09,28.96,29.45,28.53,28.79,14387267.0,454207191.0,1749761803.0,0.008222414602566336
2021-09-10,28.49,28.67,27.97,28.2,22240239.0,686595884.0,1749761803.0,0.012710438050407025
2021-09-13,28.18,28.62,27.76,28.03,19182175.0,587972055.0,1749761803.0,0.010962735023196755
2021-09-14,28.0,28.55,27.83,27.87,18339636.0,564380856.0,1749761803.0,0.010481218625618838
2021-09-15,27.94,28.01,26.9,26.98,24635669.0,729947506.0,1749761803.0,0.01407944153184832
2021-09-16,26.98,27.51,26.77,26.88,16751641.0,496197089.0,1749761803.0,0.009573669382471941
2021-09-17,26.89,27.48,25.92,27.29,29987917.0,871565336.0,1749761803.0,0.017138285307511655
2021-09-22,26.64,27.56,26.56,27.47,14865284.0,439264128.0,1749761803.0,0.008495604358555084
2021-09-23,27.47,27.98,27.16,27.36,16631411.0,501073171.0,1749761803.0,0.009504957172733529
2021-09-24,27.19,28.62,27.04,28.05,26434036.0,806964084.0,1749761803.0,0.015107219711093443
2021-09-27,27.94,29.04,27.28,28.18,30297497.0,933749531.0,1749761803.0,0.01731521224663515
2021-09-28,28.0,28.0,27.21,27.42,16288814.0,488164676.0,1749761803.0,0.009309160808101147
2021-09-29,27.06,27.77,26.72,26.75,15514478.0,459221777.0,1749761803.0,0.008866622858837204
2021-09-30,27.02,27.27,26.79,27.19,11586309.0,343142236.0,1749761803.0,0.0066216492897119205
2021-10-08,27.84,29.91,27.76,29.91,27806681.0,892437043.0,1749761803.0,0.015891695059478905
2021-10-11,30.44,31.38,30.26,30.59,60576261.0,2037053892.0,1749761803.0,0.03461971846461664
2021-10-12,30.59,32.79,29.96,31.82,69295377.0,2385744313.0,1749761803.0,0.03960274871767789
2021-10-13,31.11,32.32,30.8,31.38,46583946.0,1601706012.0,1749761803.0,0.02662302144219341
2021-10-14,31.32,31.82,30.33,30.71,31860103.0,1074750574.0,1749761803.0,0.01820825151479204
2021-10-15,30.41,30.94,29.99,30.64,25775963.0,856387537.0,1749761803.0,0.014731126805835297
2021-10-18,30.43,30.96,29.98,30.28,20432943.0,675694692.0,1749761803.0,0.011677556890867849
2021-10-19,30.16,30.81,29.95,30.34,20917937.0,691763818.0,1749761803.0,0.011954734046734703
2021-10-20,30.68,31.86,30.33,31.45,35951655.0,1218541419.0,1749761803.0,0.020546599507635953
2021-10-21,31.13,31.4,30.56,30.84,23151168.0,782061870.0,1749761803.0,0.013231039767988352
2021-10-22,30.64,30.82,30.15,30.19,17923539.0,595022982.0,1749761803.0,0.010243416543480233
2021-10-25,30.02,30.48,29.75,30.41,15795390.0,520958270.0,1749761803.0,0.00902716585361419
2021-10-26,30.25,31.01,30.14,30.22,16470601.0,549682043.0,1749761803.0,0.009413053234880793
2021-10-27,31.39,31.92,30.71,30.94,34153438.0,1167185482.0,1749761803.0,0.019518907054344926
2021-10-28,30.88,32.96,30.69,32.24,53561313.0,1881751532.0,1749761803.0,0.030610631063135624
2021-10-29,32.24,34.17,31.78,33.56,54819946.0,1994277415.0,1749761803.0,0.031329947828333066
2021-11-01,33.8,34.25,33.07,33.5,36286414.0,1332901013.0,1749761803.0,0.020737916405413725
2021-11-02,33.16,34.48,33.12,33.33,38444150.0,1419823550.0,1749761803.0,0.021971076253971697
2021-11-03,33.48,34.07,33.16,33.39,20193948.0,738889260.0,1749761803.0,0.011540969728209343
2021-11-04,33.3,33.71,32.64,33.4,29141221.0,1055491360.0,1749761803.0,0.0166543931579926
2021-11-05,33.16,33.34,32.22,32.22,23845714.0,851836180.0,1749761803.0,0.013627977224737714
2021-11-08,31.97,32.15,31.2,31.97,18572552.0,642975897.0,1749761803.0,0.01061433160111108
2021-11-09,32.06,32.75,31.95,32.22,16228818.0,572665532.0,1749761803.0,0.009274872712488856
2021-11-10,32.43,33.12,31.89,32.27,21451171.0,760797575.0,1749761803.0,0.012259480669438296
2021-11-11,32.06,32.52,31.75,32.07,16646889.0,582500458.0,1749761803.0,0.009513802948183343
2021-11-12,32.51,33.23,31.97,32.79,23097025.0,821760412.0,1749761803.0,0.01320009669910482
2021-11-15,32.77,34.24,32.66,33.91,32182794.0,1183857036.0,1749761803.0,0.01839267147380974
2021-11-16,34.01,34.4,33.25,33.38,27511654.0,1017027507.0,1749761803.0,0.01572308525242164
2021-11-17,33.37,34.16,33.08,34.15,26964920.0,995425552.0,1749761803.0,0.015410623293849558
2021-11-18,33.98,34.03,33.52,33.72,17721881.0,652951856.0,1749761803.0,0.010128167713808528
2021-11-19,34.01,34.43,33.53,33.85,19808067.0,733902474.0,1749761803.0,0.0113204362822635
2021-11-22,33.43,33.6,32.84,33.1,23040094.0,832601303.0,1749761803.0,0.013167560270487856
2021-11-23,32.89,33.42,32.56,32.81,16648365.0,599122180.0,1749761803.0,0.00951464649157163
2021-11-24,32.63,32.96,31.49,32.21,23409636.0,823347784.0,1749761803.0,0.013378755874007383
2021-11-25,32.15,32.58,31.87,32.27,12561288.0,442236955.0,1749761803.0,0.00717885598969153
2021-11-26,32.18,32.25,31.22,31.23,17773317.0,615078776.0,1749761803.0,0.010157563714973837
2021-11-29,31.67,32.41,30.81,30.93,21615602.0,744590997.0,1749761803.0,0.012353454031822867
2021-11-30,30.94,31.42,30.69,31.04,18111714.0,612998857.0,1749761803.0,0.010350959752891577
2021-12-01,31.41,31.84,31.1,31.67,15654709.0,538767559.0,1749761803.0,0.008946765767294555
2021-12-02,31.56,31.74,31.03,31.09,12411528.0,423464592.0,1749761803.0,0.007093267197123745
2021-12-03,31.09,32.42,30.79,31.97,19225545.0,667603057.0,1749761803.0,0.01098752125405723
2021-12-06,32.01,32.01,31.24,31.45,11681563.0,402761349.0,1749761803.0,0.0066760875565872665
2021-12-07,31.46,32.0,31.28,31.89,12455968.0,431880178.0,1749761803.0,0.007118664939790093
2021-12-08,31.79,32.06,31.53,31.96,10767364.0,374090773.0,1749761803.0,0.006153617013206682
2021-12-09,32.05,33.63,31.92,33.2,35840155.0,1292026056.0,1749761803.0,0.020482876548425833
2021-12-10,32.98,33.5,32.67,32.94,20834436.0,751071732.0,1749761803.0,0.011907012694115829
2021-12-13,32.98,33.55,32.72,33.5,20014128.0,727201698.0,1749761803.0,0.011438201454441053
2021-12-14,33.42,34.12,33.22,33.6,23902520.0,878632501.0,1749761803.0,0.0136604422150596
2021-12-15,33.6,33.8,32.8,32.87,20981227.0,759301978.0,1749761803.0,0.011990904684298906
2021-12-16,32.63,33.48,32.61,33.25,18522645.0,670599855.0,1749761803.0,0.010585809433171172
2021-12-17,33.22,33.42,32.52,32.57,14121241.0,505915762.0,1749761803.0,0.008070379051473672
2021-12-20,32.34,32.84,31.71,31.76,12590053.0,442612660.0,1749761803.0,0.0071952953701550195
2021-12-21,32.07,33.57,31.88,33.22,24063848.0,867780163.0,1749761803.0,0.01375264219320714
2021-12-22,33.43,33.84,33.12,33.72,19577459.0,718171950.0,1749761803.0,0.01118864234345159
2021-12-23,33.53,33.78,32.98,33.2,13992938.0,507313429.0,1749761803.0,0.0079970530708859
2021-12-24,33.2,34.81,33.01,34.45,36676449.0,1372713422.0,1749761803.0,0.02096082388878162
2021-12-27,34.73,35.71,34.15,35.62,37712475.0,1446465562.0,1749761803.0,0.02155291933755854
2021-12-28,35.37,35.89,34.99,35.45,26512926.0,1025656019.0,1749761803.0,0.015152305847883456
2021-12-29,35.72,36.91,35.45,36.82,43999996.0,1745919972.0,1749761803.0,0.02514627758164635
2021-12-30,36.78,38.06,36.29,37.34,41213043.0,1674123002.0,1749761803.0,0.023553516215372546
2021-12-31,37.55,37.56,36.5,36.82,26697947.0,1073650102.0,1749761803.0,0.015258046526233377
2022-01-04,36.82,39.0,36.67,38.73,40418264.0,1696903293.0,1749761803.0,0.023099294961578264
2022-01-05,38.48,38.85,37.72,38.39,23960336.0,1001461936.0,1749761803.0,0.013693484426805722
2022-01-06,38.25,38.45,36.46,38.0,30840875.0,1261519965.0,1749761803.0,0.017625756229860963
2022-01-07,38.0,40.5,37.76,39.74,43234380.0,1879864232.0,1749761803.0,0.024708723167847092
2022-01-10,39.75,39.96,38.29,38.41,26992125.0,1148836219.0,1749761803.0,0.015426171124390467
2022-01-11,38.12,39.65,37.96,38.4,21032648.0,892057334.0,1749761803.0,0.012020292112868805
2022-01-12,38.12,38.6,37.22,37.77,21381284.0,886712748.0,1749761803.0,0.012219539804413024
2022-01-13,37.76,38.14,36.53,36.57,21882351.0,882494301.0,1749761803.0,0.012505902782014267
2022-01-14,36.14,36.86,35.54,35.71,23201240.0,912341143.0,1749761803.0,0.013259656234477762
2022-01-17,37.12,38.1,36.27,36.48,22554032.0,908102193.0,1749761803.0,0.01288977274582785
2022-01-18,36.64,36.81,35.72,35.81,14525566.0,571529275.0,1749761803.0,0.008301453360734953
2022-01-19,35.81,36.04,34.83,35.16,15596453.0,602178985.0,1749761803.0,0.008913472092749758
2022-01-20,35.4,35.74,34.85,34.98,12143235.0,466540703.0,1749761803.0,0.006939936041111534
2022-01-21,35.16,35.22,34.18,34.19,13429720.0,507076103.0,1749761803.0,0.00767517040146521
2022-01-24,33.18,34.49,32.92,34.09,14531649.0,535852691.0,1749761803.0,0.008304929833926658
2022-01-25,34.05,34.41,32.98,32.98,12491454.0,458127889.0,1749761803.0,0.007138945414503371
2022-01-26,33.27,33.43,32.56,32.99,9969044.0,358658920.0,1749761803.0,0.005697372055389416
2022-01-27,33.0,33.11,31.97,32.22,10417496.0,369163318.0,1749761803.0,0.005953665225826169
2022-01-28,32.49,34.25,32.49,33.53,18845138.0,690091269.0,1749761803.0,0.010770116233929471
2022-02-07,34.6,35.56,33.63,33.94,15262685.0,574771645.0,1749761803.0,0.00872272155777537
2022-02-08,33.94,35.41,33.37,34.81,16827457.0,635751122.0,1749761803.0,0.009616998708709383
2022-02-09,34.81,35.71,34.21,35.19,20039532.0,769297010.0,1749761803.0,0.01145272000202647
2022-02-10,35.19,35.52,34.47,34.83,12620582.0,480646922.0,1749761803.0,0.00721274288783866
2022-02-11,34.83,34.83,32.98,33.21,19325173.0,709854689.0,1749761803.0,0.011044459289753967
2022-02-14,32.98,33.53,32.68,33.03,9383042.0,339065021.0,1749761803.0,0.005362468185048157
2022-02-15,33.05,35.07,33.04,34.59,17570072.0,657646273.0,1749761803.0,0.010041407904707816
2022-02-16,34.83,34.97,33.92,34.12,10777126.0,403613588.0,1749761803.0,0.006159196058299142
2022-02-17,34.1,34.34,33.53,33.66,10850777.0,400986169.0,1749761803.0,0.0062012880732658215
2022-02-18,33.3,33.74,32.98,33.72,8063321.0,294634487.0,1749761803.0,0.004608239239292618
2022-02-21,33.53,33.96,33.17,33.56,8294148.0,303031426.0,1749761803.0,0.004740158337997506
2022-02-22,33.25,33.26,31.49,31.78,23316801.0,815844052.0,1749761803.0,0.0133257000810184
2022-02-23,32.08,34.67,32.05,34.22,27577192.0,1008353157.0,1749761803.0,0.01576054063628454
2022-02-24,34.22,34.5,33.37,34.18,18673807.0,691887066.0,1749761803.0,0.01067219947765656
2022-02-25,34.51,35.79,34.51,34.63,22030355.0,844001225.0,1749761803.0,0.012590488009412787
2022-02-28,34.91,35.26,34.23,34.71,10328280.0,390065541.0,1749761803.0,0.005902677714356301
2022-03-01,34.62,34.62,33.85,34.03,12218121.0,454711480.0,1749761803.0,0.00698273386643359
2022-03-02,33.9,34.32,33.19,34.17,8763953.0,323639011.0,1749761803.0,0.005008654883752768
2022-03-03,34.18,35.24,34.17,34.75,15219561.0,579276286.0,1749761803.0,0.00869807591747961
2022-03-04,34.35,36.25,34.23,35.43,23999604.0,930916442.0,1749761803.0,0.013715926338574897
2022-03-07,35.38,35.4,33.53,33.65,22386826.0,831566873.0,1749761803.0,0.012794213453292534
2022-03-08,33.86,33.96,32.36,32.6,13906524.0,501097825.0,1749761803.0,0.007947666920238515
2022-03-09,32.6,32.82,31.03,32.11,16378791.0,571700186.0,1749761803.0,0.009360583235911454
2022-03-10,32.88,33.31,32.43,32.76,10158901.0,364509068.0,1749761803.0,0.005805876538499338
2022-03-11,32.06,32.46,31.19,32.22,13568291.0,471603268.0,1749761803.0,0.007754364609363918
2022-03-14,32.04,32.65,31.3,31.33,10806726.0,375595774.0,1749761803.0,0.006176112646573757
2022-03-15,31.02,31.4,28.19,28.19,28811043.0,923748519.0,1749761803.0,0.016465694330852872
2022-03-16,28.77,29.59,27.75,29.22,18692408.0,582777186.0,1749761803.0,0.010682830067470618
2022-03-17,29.78,31.26,29.71,30.5,18220975.0,607648649.0,1749761803.0,0.010413403109360252
2022-03-18,30.52,30.82,29.92,30.42,9474725.0,314322695.0,1749761803.0,0.005414865602709696
2022-03-21,30.57,30.98,30.32,30.81,9064057.0,303007467.0,1749761803.0,0.0051801662286029455
2022-03-22,30.82,30.82,30.07,30.17,8014458.0,264760384.0,1749761803.0,0.004580313723993208
2022-03-23,29.99,31.39,29.91,30.87,12059151.0,404930383.0,1749761803.0,0.006891881500284414
2022-03-24,30.73,31.32,30.47,30.97,10198675.0,344309011.0,1749761803.0,0.005828607632486992
2022-03-25,30.99,31.02,30.03,30.04,9078336.0,301903070.0,1749761803.0,0.005188326767926366
2022-03-28,29.86,30.18,29.34,29.81,6044047.0,196342884.0,1749761803.0,0.003454211304440048
2022-03-29,29.92,30.38,29.72,30.06,6453668.0,212117009.0,1749761803.0,0.0036883123113872203
2022-03-30,30.14,30.94,29.8,30.87,10737297.0,357078504.0,1749761803.0,0.0061364335314616535
2022-03-31,30.69,31.08,30.52,30.61,8157847.0,274314271.0,1749761803.0,0.004662261449537426
2022-04-01,30.44,30.64,29.92,30.18,7930971.0,261917372.0,1749761803.0,0.0045326003724633825
2022-04-06,30.04,31.23,30.02,30.43,9160199.0,305791801.0,1749761803.0,0.0052351119931265296
2022-04-07,30.15,30.48,29.25,29.36,9505970.0,309517718.0,1749761803.0,0.005432722318947546
2022-04-08,29.5,29.8,29.02,29.12,9007757.0,289371944.0,1749761803.0,0.005147990420499538
2022-04-11,28.85,29.07,27.63,27.74,10657468.0,327420049.0,1749761803.0,0.006090810750199008
2022-04-12,27.6,29.93,27.6,29.72,17231408.0,543833114.0,1749761803.0,0.009847859274591789
2022-04-13,29.72,30.49,29.04,29.93,15388744.0,503627264.0,1749761803.0,0.008794765078089888
2022-04-14,30.21,31.77,30.07,31.3,20991586.0,716737620.0,1749761803.0,0.011996824918688661
2022-04-15,31.3,31.68,31.03,31.44,12577942.0,430700021.0,1749761803.0,0.0071883738566214436
2022-04-18,31.07,32.01,30.96,31.79,11194346.0,386166755.0,1749761803.0,0.006397639942080734
2022-04-19,31.67,32.0,31.42,31.51,9384963.0,324688824.0,1749761803.0,0.005363566048766925
2022-04-20,31.51,31.69,30.83,30.91,11100812.0,377863179.0,1749761803.0,0.00634418466614567
2022-04-21,30.91,32.23,30.14,30.28,13426511.0,455509340.0,1749761803.0,0.007673336437553952
2022-04-22,30.27,30.27,28.87,29.13,13463813.0,431232425.0,1749761803.0,0.0076946547678181315
2022-04-25,28.94,28.95,27.2,27.41,14068912.0,432410122.0,1749761803.0,0.008040472695128321
2022-04-26,27.75,28.29,25.94,27.53,21282948.0,631436856.0,1749761803.0,0.01216334015493422
2022-04-27,26.93,27.46,25.42,26.94,22540135.0,649387104.0,1749761803.0,0.01288183052193419
2022-04-28,28.4,29.63,28.15,29.63,19673985.0,621637917.0,1749761803.0,0.011243807566417656
2022-04-29,30.52,31.8,30.19,31.24,25799484.0,875248040.0,1749761803.0,0.014744569206943649
2022-05-05,30.96,31.42,30.63,31.01,15154580.0,511793510.0,1749761803.0,0.008660938862659583
2022-05-06,30.24,31.54,30.04,31.01,15115792.0,508853006.0,1749761803.0,0.008638771273943508
2022-05-09,30.71,31.3,29.77,30.1,11765841.0,389781416.0,1749761803.0,0.0067242529696483495
2022-05-10,29.86,30.63,29.66,30.41,10916742.0,360004926.0,1749761803.0,0.006238987490344707
2022-05-11,30.27,31.57,30.27,30.57,17836447.0,605057730.0,1749761803.0,0.01019364291152034
2022-05-12,30.06,31.09,30.05,30.38,11406346.0,379754733.0,1749761803.0,0.006518799290534062
2022-05-13,30.98,31.49,30.17,30.67,10306122.0,345278322.0,1749761803.0,0.005890014276417486
2022-05-16,30.8,31.48,29.89,30.78,16422200.0,550653334.0,1749761803.0,0.009385391755519994
2022-05-17,30.59,32.0,30.5,31.46,22741994.0,780462299.0,1749761803.0,0.012997194224384381
2022-05-18,31.45,31.74,31.16,31.17,10509523.0,359759829.0,1749761803.0,0.006006259241675765
2022-05-19,30.65,31.89,30.56,31.8,13650298.0,467131275.0,1749761803.0,0.007801232131480013
2022-05-20,31.79,34.21,31.78,33.88,28134315.0,1021121625.0,1749761803.0,0.016078939974437195
2022-05-23,33.88,34.07,33.32,33.47,14307371.0,524680561.0,1749761803.0,0.008176753530377529
2022-05-24,33.53,33.8,32.71,32.71,14342658.0,520295849.0,1749761803.0,0.00819692027532504
2022-05-25,32.98,33.77,32.71,33.35,11277591.0,410586622.0,1749761803.0,0.006445214989071287
2022-05-26,33.43,33.85,32.73,33.54,10844382.0,395406821.0,1749761803.0,0.0061976332900896
2022-05-27,33.71,34.34,33.16,33.5,11825377.0,436072012.0,1749761803.0,0.006758278172334752
2022-05-30,33.53,34.77,33.34,34.53,17215973.0,645490607.0,1749761803.0,0.009839038073915481
2022-05-31,34.3,35.87,34.28,35.51,20453529.0,787989166.0,1749761803.0,0.011689321920807755
2022-06-01,35.27,35.82,34.69,35.22,12146174.0,467008370.0,1749761803.0,0.006941615698305422
2022-06-02,34.9,35.22,34.38,34.94,10474048.0,398141319.0,1749761803.0,0.005985985053532455
2022-06-06,34.74,35.44,34.35,35.3,12223596.0,466114421.0,1749761803.0,0.006985862863758034
2022-06-07,35.2,36.09,35.08,35.27,12100013.0,469548467.0,1749761803.0,0.006915234393192432
2022-06-08,35.22,37.17,35.09,36.53,27267695.0,1085992111.0,1749761803.0,0.015583661132188974
2022-06-09,36.47,37.74,36.47,37.42,23721997.0,964280863.0,1749761803.0,0.013557272172319789
2022-06-10,36.91,37.93,36.8,37.67,14494190.0,592041288.0,1749761803.0,0.00828352177716386
2022-06-13,37.36,39.26,37.36,38.84,17582390.0,736789962.0,1749761803.0,0.010048447720058043
2022-06-14,38.38,38.68,37.24,38.15,15348001.0,630657625.0,1749761803.0,0.008771480194438786
2022-06-15,38.02,38.56,37.2,37.2,16724708.0,682268297.0,1749761803.0,0.009558277001661123
2022-06-16,37.43,38.83,37.35,38.07,17073538.0,707778944.0,1749761803.0,0.009757635565439304
2022-06-17,37.86,39.26,37.62,38.94,15789641.0,659240932.0,1749761803.0,0.009023880263546936
2022-06-20,39.02,40.98,38.78,40.77,22099317.0,961250746.0,1749761803.0,0.012629900231054479
2022-06-21,40.59,40.88,39.3,39.68,15637157.0,678198706.0,1749761803.0,0.008936734687652798
2022-06-22,39.72,40.05,39.04,39.13,9069699.0,387574308.0,1749761803.0,0.0051833906674896135
2022-06-23,38.98,39.38,37.82,38.96,18355630.0,766672895.0,1749761803.0,0.010490359298350736
2022-06-24,39.27,40.17,38.14,39.01,17964551.0,757273069.0,1749761803.0,0.010266855162342346
2022-06-27,38.76,40.22,38.61,39.89,14385403.0,620497472.0,1749761803.0,0.008221349314710124
2022-06-28,39.76,40.13,39.3,39.85,8359931.0,359436834.0,1749761803.0,0.004777753740918758
2022-06-29,39.58,40.82,38.93,38.98,12484865.0,537792261.0,1749761803.0,0.007135179759093187
2022-06-30,39.0,42.07,38.8,41.66,24163086.0,1079280026.0,1749693388.0,0.013809897302989637
2022-07-01,42.43,43.63,41.19,41.33,21291303.0,976512553.0,1749693388.0,0.012168590877706397
2022-07-04,41.35,45.2,41.33,45.2,26133876.0,1250639162.0,1749693388.0,0.01493626036380724
2022-07-05,44.59,44.97,43.0,43.84,21695292.0,1027968125.0,1749693388.0,0.012399482188590176
2022-07-06,43.77,44.19,41.14,41.51,22026157.0,1007625680.0,1749693388.0,0.012588581034290334
2022-07-07,41.52,42.43,41.03,41.82,14336125.0,650020195.0,1749693388.0,0.008193506987179631
2022-07-08,42.03,42.73,41.79,42.16,11886831.0,545472248.0,1749693388.0,0.006793665153862947
2022-07-11,42.3,42.43,40.5,41.42,11580176.0,516946118.0,1749693388.0,0.0066184030181635455
2022-07-12,41.44,41.51,40.07,40.76,10677440.0,471707535.0,1749693388.0,0.006102463479161299
2022-07-13,40.83,42.57,40.76,42.22,14618595.0,665507923.0,1749693388.0,0.008354946701095952
2022-07-14,42.22,43.82,41.88,42.66,14401485.0,671705915.0,1749693388.0,0.008230862103480728
2022-07-15,42.66,44.23,41.97,42.43,12609925.0,589679038.0,1749693388.0,0.0072069341328504805
2022-07-18,42.43,42.8,41.14,42.43,11432241.0,522168874.0,1749693388.0,0.006533853918867298
2022-07-19,42.49,42.8,41.52,42.43,8699436.0,399026270.0,1749693388.0,0.004971977410250121
2022-07-20,42.61,44.46,42.45,43.41,17217768.0,816937819.0,1749693388.0,0.009840448685515635
2022-07-21,43.36,43.81,42.25,42.94,11792295.0,548168921.0,1749693388.0,0.00673963511600125
2022-07-22,42.99,43.28,40.25,40.37,23022994.0,1028299295.0,1749693388.0,0.013158301996166657
2022-07-25,40.82,41.28,39.84,40.64,19459925.0,853781662.0,1749693388.0,0.011121905777013772
2022-07-26,40.87,42.79,40.81,42.46,16492613.0,750289594.0,1749693388.0,0.00942600178586261
2022-07-27,42.23,44.3,41.94,43.4,17661889.0,831425914.0,1749693388.0,0.010094276586475846
2022-07-28,43.36,43.77,42.81,43.03,10169584.0,477491721.0,1749693388.0,0.005812209196049154
2022-07-29,42.86,43.19,41.19,41.48,12198021.0,555732501.0,1749693388.0,0.006971519172249395
2022-08-01,41.01,42.97,40.85,42.74,11028821.0,508140454.0,1749693388.0,0.006303287807817903
2022-08-02,42.37,43.03,41.2,41.61,12416277.0,566670241.0,1749693388.0,0.007096258741763045
2022-08-03,42.07,42.6,40.65,40.88,9155623.0,412952737.0,1749693388.0,0.005232701376591131
2022-08-04,41.1,41.64,40.75,41.49,6648614.0,297124601.0,1749693388.0,0.0037998737639397193
2022-08-05,41.88,43.08,41.51,42.06,10119397.0,463315539.0,1749693388.0,0.005783525884822055
2022-08-08,42.06,42.26,39.54,40.08,18187280.0,797103274.0,1749693388.0,0.010394552625468343
2022-08-09,40.13,40.66,39.86,40.54,9562350.0,418897221.0,1749693388.0,0.00546515753307516
2022-08-10,42.07,43.01,40.94,41.27,19145403.0,864689850.0,1749693388.0,0.01094214742497501
2022-08-11,41.42,41.77,40.23,40.95,15630400.0,694077924.0,1749693388.0,0.0089332223046613
2022-08-12,40.93,41.05,39.68,39.74,14905273.0,645768302.0,1749693388.0,0.008518791407812075
2022-08-15,39.62,39.72,38.38,39.11,20689952.0,874055648.0,1749693388.0,0.011824901518116727
2022-08-16,39.34,39.34,38.45,38.7,9802856.0,412342486.0,1749693388.0,0.005602613616323502
2022-08-17,38.62,39.74,38.47,39.37,12092352.0,513581758.0,1749693388.0,0.006911126305290696
2022-08-18,39.11,39.13,37.82,38.24,14245415.0,591647754.0,1749693388.0,0.008141663618151593
2022-08-19,38.1,38.32,37.25,37.43,18026701.0,735125044.0,1749693388.0,0.010302777117198549
2022-08-22,37.43,38.68,36.99,38.34,10745271.0,443547246.0,1749693388.0,0.00614123084289783
2022-08-23,38.5,38.69,37.74,37.91,10093569.0,417886730.0,1749693388.0,0.005768764441373085
2022-08-24,37.92,38.82,37.72,37.74,9077197.0,375894991.0,1749693388.0,0.005187878666202058
2022-08-25,37.82,39.35,37.82,38.47,12318349.0,515519237.0,1749693388.0,0.007040290078526604
2022-08-26,38.31,39.28,37.91,38.15,10237587.0,428996000.0,1749693388.0,0.005851074862723319
2022-08-29,37.73,38.46,37.27,38.24,9725601.0,401103351.0,1749693388.0,0.005558460166050533
2022-08-30,38.24,39.04,37.97,38.52,8293966.0,346683301.0,1749693388.0,0.004740239665351013
2022-08-31,38.38,39.66,38.33,38.9,14646327.0,620830458.0,1749693388.0,0.008370796335203387
2022-09-01,38.88,39.27,38.1,38.24,7483681.0,313538435.0,1749693388.0,0.004277138526855998
2022-09-02,38.24,39.02,37.45,37.79,8290860.0,341970634.0,1749693388.0,0.004738464497186521
2022-09-05,37.75,37.91,36.67,37.2,9123365.0,366729131.0,1749693388.0,0.005214265003555011
2022-09-06,37.2,38.17,36.81,38.13,6919146.0,282311106.0,1749693388.0,0.0039544905681497605
2022-09-07,37.91,39.27,37.64,38.02,8941870.0,373511779.0,1749693388.0,0.005110535400845899
2022-09-08,38.29,39.1,38.1,38.26,7039491.0,294169970.0,1749693388.0,0.004023271190414992
2022-09-09,38.19,40.9,38.19,39.93,17215596.0,744975834.0,1749693388.0,0.009839207325163647
2022-09-13,39.97,40.77,39.69,40.35,9076961.0,396453865.0,1749693388.0,0.005187743785427164
2022-09-14,40.17,40.88,39.88,40.22,9047463.0,395419769.0,1749693388.0,0.005170884831622854
2022-09-15,40.64,41.0,39.58,39.91,11154097.0,485655042.0,1749693388.0,0.006374886638138224
2022-09-16,39.76,40.04,38.66,38.76,7907059.0,335789024.0,1749693388.0,0.004519111207843234
2022-09-19,38.9,39.08,35.24,35.63,25404323.0,1003307342.0,1749693388.0,0.014519299880900047
2022-09-20,35.95,37.12,35.85,36.55,11184327.0,442744713.0,1749693388.0,0.006392163950956189
2022-09-21,36.56,36.69,35.78,36.07,7801694.0,305658131.0,1749693388.0,0.004458892085611516
2022-09-22,35.81,36.06,34.66,35.1,13110862.0,500393617.0,1749693388.0,0.007493234008837667
2022-09-23,35.06,35.41,34.42,35.01,7977423.0,301956145.0,1749693388.0,0.004559326253795045
2022-09-26,34.9,36.81,34.78,36.35,11474649.0,449857729.0,1749693388.0,0.006558091308281265
2022-09-27,36.24,37.62,35.76,37.4,12364665.0,493884664.0,1749693388.0,0.00706676100212822
2022-09-28,37.36,38.33,37.06,37.19,7498867.0,305599532.0,1749693388.0,0.00428581776180319
2022-09-29,37.36,38.93,37.08,38.26,12214909.0,509123100.0,1749693388.0,0.006981171149056203
2022-09-30,38.1,38.74,37.01,37.01,8999657.0,365921885.0,1749693388.0,0.005143562330247544
2022-10-10,37.36,37.36,36.28,36.5,6993538.0,278915658.0,1749693388.0,0.003997007731734082
2022-10-11,36.49,36.62,35.33,35.73,8822552.0,341377744.0,1749693388.0,0.00504234173856294
2022-10-12,35.62,35.8,33.87,35.53,11745325.0,442935417.0,1749693388.0,0.00671279041262514
2022-10-13,35.95,39.08,35.79,38.04,36780502.0,1538709375.0,1749693388.0,0.021021112757385583
2022-10-14,37.41,41.14,37.22,40.5,36064367.0,1554811850.0,1749693388.0,0.020611821046671294
2022-10-17,41.25,41.6,40.41,40.96,18171616.0,805610475.0,1749693388.0,0.01038560019979912
2022-10-18,40.88,42.98,40.31,42.34,25819828.0,1177967789.0,1749693388.0,0.014756772916375678
2022-10-19,41.96,42.49,40.7,41.46,16986289.0,762678117.0,1749693388.0,0.009708151791906983
2022-10-20,41.05,42.7,40.77,41.42,13617679.0,617241255.0,1749693388.0,0.007782894473623055
2022-10-21,41.42,42.16,40.96,41.63,10474009.0,472038118.0,1749693388.0,0.00598619682273155
2022-10-24,41.51,42.19,39.32,39.73,22496820.0,978673984.0,1749693388.0,0.01285757845019644
2022-10-25,39.41,40.14,38.65,39.41,12285221.0,522668319.0,1749693388.0,0.00702135647551524
2022-10-26,39.67,42.51,39.48,41.72,19404388.0,872328947.0,1749693388.0,0.011090164787203276
2022-10-27,41.6,41.72,39.35,39.48,21480669.0,938756360.0,1749693388.0,0.0122768189828697
2022-10-28,39.34,39.59,38.11,38.74,12626723.0,532043816.0,1749693388.0,0.0072165346720736425
2022-10-31,38.34,39.57,37.17,37.76,13704859.0,564150337.0,1749693388.0,0.007832720346314756
2022-11-01,37.91,39.9,37.48,39.85,17190687.0,724217549.0,1749693388.0,0.009824971116596573
2022-11-02,39.45,41.14,39.37,40.2,15890913.0,693188644.0,1749693388.0,0.009082112962754135
2022-11-03,39.68,39.88,38.56,39.68,12799981.0,546302636.0,1749693388.0,0.007315556592821736
2022-11-04,39.61,41.13,39.52,40.57,13883772.0,606605832.0,1749693388.0,0.007934974261901937
2022-11-07,40.36,40.4,39.11,39.34,11437305.0,490649680.0,1749693388.0,0.006536748140240443
2022-11-08,39.28,39.65,38.84,39.1,7623563.0,323621134.0,1749693388.0,0.004357085105473348
2022-11-09,39.1,40.2,38.63,39.08,9730983.0,414781734.0,1749693388.0,0.00556153613355256
2022-11-10,38.96,39.67,38.58,38.85,8464476.0,358917610.0,1749693388.0,0.004837691025211784
2022-11-11,40.08,41.4,39.78,39.79,20892283.0,918342158.0,1749693388.0,0.011940539492968581
2022-11-14,39.94,40.55,38.93,39.4,12957124.0,556066573.0,1749693388.0,0.00740536832845367
2022-11-15,39.34,39.69,37.9,39.58,13569910.0,571114303.0,1749693388.0,0.007755593118809911
2022-11-16,39.58,41.84,39.57,40.49,20063740.0,885547447.0,1749693388.0,0.011467003383337927
2022-11-17,39.94,40.86,39.57,40.17,8408573.0,365572506.0,1749693388.0,0.004805740855894461
2022-11-18,40.04,40.88,39.56,40.38,12355971.0,538075515.0,1749693388.0,0.0070617921315480215
2022-11-21,40.13,40.13,39.07,39.37,10034187.0,429068332.0,1749693388.0,0.005734825923683493
2022-11-22,39.08,39.44,37.27,37.58,14013036.0,579778731.0,1749693388.0,0.00800885234870648
2022-11-23,37.59,37.77,36.7,37.47,8135389.0,328345532.0,1749693388.0,0.004649608357552987
2022-11-24,37.45,37.99,37.05,37.46,7297838.0,296253759.0,1749693388.0,0.00417092391732808
2022-11-25,37.28,37.45,36.72,37.06,5541426.0,222424739.0,1749693388.0,0.0031670840376976954
2022-11-28,36.24,37.36,35.98,37.32,5911897.0,236826804.0,1749693388.0,0.003378818849374311
2022-11-29,37.32,38.46,37.32,38.23,9693325.0,400019023.0,1749693388.0,0.005540013505497684
2022-11-30,38.01,38.61,37.68,38.03,5673460.0,233944705.0,1749693388.0,0.0032425452590211195
2022-12-01,38.95,40.37,38.62,39.02,16050154.0,684398309.0,1749693388.0,0.009173123765613727
2022-12-02,38.84,39.21,38.27,38.44,7151196.0,300441281.0,1749693388.0,0.004087113804650213
2022-12-05,38.74,39.94,38.65,39.72,12601291.0,540094352.0,1749693388.0,0.007201999553992713
2022-12-06,39.49,41.42,39.49,40.8,19290435.0,857624214.0,1749693388.0,0.011025037376434323
2022-12-07,40.8,41.6,40.24,41.4,11754894.0,524492881.0,1749693388.0,0.006718259370824119
2022-12-08,41.4,41.75,40.97,41.27,7493496.0,334906518.0,1749693388.0,0.004282748081116942
2022-12-09,41.26,41.4,40.57,40.87,8754877.0,387867563.0,1749693388.0,0.005003663533304728
2022-12-12,40.87,41.26,40.23,40.48,10426668.0,459154536.0,1749693388.0,0.005959140082205077
2022-12-13,40.59,40.85,39.82,40.58,8021383.0,351566835.0,1749693388.0,0.004584450655762551
2022-12-14,40.6,41.95,40.16,41.23,10535611.0,470933007.0,1749693388.0,0.006021404134151074
2022-12-15,41.24,41.77,40.33,41.0,7502609.0,333920574.0,1749693388.0,0.004287956422225446
2022-12-16,40.64,41.19,40.62,41.03,4724262.0,209420245.0,1749693388.0,0.002700051353226009
2022-12-19,40.89,41.03,40.02,40.11,5651603.0,247286729.0,1749693388.0,0.003230053356068349
2022-12-20,40.11,40.34,38.79,39.0,8430047.0,358797905.0,1749693388.0,0.004818013863352383
2022-12-21,39.19,39.55,38.52,38.98,5744680.0,243320407.0,1749693388.0,0.0032832495335462742
2022-12-22,39.1,41.45,38.77,40.64,12800567.0,563072971.0,1749693388.0,0.007315891508644142
2022-12-23,40.39,41.02,40.28,40.86,5592177.0,246518037.0,1749693388.0,0.0031960896911156413
2022-12-26,40.58,41.0,40.16,40.29,6401940.0,280338420.0,1749693388.0,0.00365889249162551
2022-12-27,40.77,43.32,40.77,43.01,18399632.0,844206017.0,1749693388.0,0.01051591788949482
2022-12-28,42.85,44.35,42.64,43.19,14828571.0,699506507.0,1749693388.0,0.008474954012914176
2022-12-29,43.36,44.19,42.71,43.36,11556518.0,544154964.0,1749693388.0,0.006604881792009149
2022-12-30,43.54,43.63,42.9,43.17,7814858.0,366770599.0,1749693388.0,0.004466415689512796
2023-01-03,43.26,43.79,41.75,42.48,18940723.0,873556588.0,1749727048.0,0.010824958682355581
2023-01-04,42.42,43.12,42.16,42.9,10198856.0,472848589.0,1749727048.0,0.005828826851398139
2023-01-05,42.99,44.83,42.69,44.33,14591298.0,701330191.0,1749727048.0,0.008339185255596506
2023-01-06,44.35,44.35,43.36,43.63,8331348.0,395546230.0,1749727048.0,0.004761512951133164
2023-01-09,43.79,45.2,43.51,44.81,12777402.0,617306575.0,1749727048.0,0.007302511562934929
2023-01-10,44.58,45.76,44.38,45.57,12962924.0,636908462.0,1749727048.0,0.0074085406719962875
2023-01-11,45.45,45.63,44.83,44.99,7986703.0,390820373.0,1749727048.0,0.0045645422291031535
2023-01-12,44.99,45.29,44.42,44.69,5924424.0,287496292.0,1749727048.0,0.0033859132524537623
2023-01-13,44.94,46.14,44.42,45.99,11525786.0,569732850.0,1749727048.0,0.006587190849666742
2023-01-16,45.98,46.43,45.37,45.45,11220859.0,558165959.0,1749727048.0,0.006412919668142433
2023-01-17,45.48,45.78,45.11,45.57,6368664.0,313888647.0,1749727048.0,0.0036398042810617853
2023-01-18,45.46,45.46,44.28,44.75,9371435.0,453721161.0,1749727048.0,0.005355941094190595
2023-01-19,45.06,45.39,44.28,44.93,9396200.0,457457830.0,1749727048.0,0.0053700947303410495
2023-01-20,45.26,46.34,44.79,45.12,9267352.0,456806131.0,1749727048.0,0.0052964558161188125
2023-01-30,45.48,45.62,44.02,44.42,9787190.0,473102192.0,1749727048.0,0.005593552440757606
2023-01-31,44.28,44.81,43.62,43.73,8543943.0,407630417.0,1749727048.0,0.004883014759225463
2023-02-01,43.73,44.27,43.52,44.16,6640748.0,316398056.0,1749727048.0,0.003795305106353937
2023-02-02,44.43,44.93,43.98,44.31,7518997.0,362028730.0,1749727048.0,0.004297239965853234
2023-02-03,44.1,44.49,43.63,43.82,6066175.0,288437264.0,1749727048.0,0.0034669264597205905
2023-02-06,43.38,44.25,43.06,43.26,9567588.0,451044909.0,1749727048.0,0.005468046008053709
2023-02-07,43.67,43.7,42.69,43.15,5629789.0,263265252.0,1749727048.0,0.0032175241312266665
2023-02-08,43.52,44.42,43.36,43.62,7391329.0,352171727.0,1749727048.0,0.004224275442531766
2023-02-09,43.45,45.21,43.45,44.95,12950512.0,627184138.0,1749727048.0,0.007401446994148541
2023-02-10,45.07,46.28,44.8,45.68,8514306.0,421967715.0,1749727048.0,0.004866076688779632
2023-02-13,45.57,47.89,45.48,46.66,13231550.0,672371103.0,1749727048.0,0.007562065189038559
2023-02-14,46.71,46.9,45.66,46.05,7745808.0,386115269.0,1749727048.0,0.004426866469746657
2023-02-15,46.12,46.47,45.53,45.85,5731367.0,285129674.0,1749727048.0,0.0032755777574285977
2023-02-16,45.75,46.22,44.89,45.2,5769480.0,285537991.0,1749727048.0,0.0032973600120057124
2023-02-17,45.11,45.47,43.87,43.91,12421276.0,601068285.0,1749727048.0,0.007098979246047524
2023-02-20,44.27,46.12,43.65,46.01,11068291.0,541741485.0,1749727048.0,0.006325724353779321
2023-02-21,45.94,46.07,45.33,45.66,6467059.0,320131721.0,1749727048.0,0.0036960387663847786
2023-02-22,45.39,45.8,44.69,44.82,6344491.0,310489572.0,1749727048.0,0.0036259889833971408
2023-02-23,44.83,45.94,44.76,45.09,5434720.0,266468583.0,1749727048.0,0.0031060387425639203
2023-02-24,45.02,45.18,44.19,44.42,4077770.0,196787602.0,1749727048.0,0.0023305177825655925
2023-02-27,44.3,44.93,43.82,44.26,5481845.0,263305151.0,1749727048.0,0.0031329715147662275
2023-02-28,44.46,44.87,44.01,44.33,8377461.0,402664352.0,1749727048.0,0.004787867347410406
2023-03-01,44.45,44.45,43.18,43.55,10877175.0,512982601.0,1749727048.0,0.00621649817463415
2023-03-02,43.54,43.63,42.85,43.05,8200414.0,383328820.0,1749727048.0,0.00468668185096262
2023-03-03,43.04,43.17,42.28,42.43,8409756.0,388093383.0,1749727048.0,0.004806324511936104
2023-03-06,42.67,43.32,42.26,42.99,9494034.0,440219340.0,1749727048.0,0.0054260085942273205
2023-03-07,42.9,43.31,42.4,42.42,7483566.0,347668892.0,1749727048.0,0.004276990521781087
2023-03-08,42.42,42.42,41.66,42.03,7157093.0,325604441.0,1749727048.0,0.004090405419622913
2023-03-09,41.94,42.62,41.57,41.97,7506095.0,342571769.0,1749727048.0,0.004289866244326355
2023-03-10,41.7,43.12,41.66,42.62,9584488.0,441040100.0,1749727048.0,0.005477704657395226
2023-03-13,42.33,42.97,41.97,42.3,6907256.0,317250232.0,1749727048.0,0.0039476191488811005
2023-03-14,42.5,43.16,42.0,42.18,5946030.0,273826714.0,1749727048.0,0.003398261464150379
2023-03-15,42.28,42.78,41.12,41.33,10280007.0,465551784.0,1749727048.0,0.00587520608528651
2023-03-16,41.33,43.36,41.24,42.14,15642668.0,720487165.0,1749727048.0,0.008940061833004253
2023-03-17,42.35,42.42,40.31,40.59,13199659.0,587124972.0,1749727048.0,0.007543838917668718
2023-03-20,39.67,40.85,39.48,40.17,8695512.0,377454591.0,1749727048.0,0.004969639127393771
2023-03-21,39.93,41.36,39.9,41.24,6461434.0,286525427.0,1749727048.0,0.003692823979251877
2023-03-22,41.1,41.6,40.51,40.69,6269394.0,277791271.0,1749727048.0,0.003583069717740341
2023-03-23,40.7,40.7,39.67,40.06,9013471.0,391251431.0,1749727048.0,0.005151358327747586
2023-03-24,40.08,40.48,39.69,40.22,6163203.0,268624177.0,1749727048.0,0.003522379680330575
2023-03-27,40.14,41.21,39.49,40.86,8864086.0,391553029.0,1749727048.0,0.005065982154263412
2023-03-28,40.85,42.43,40.77,42.06,11792826.0,536448434.0,1749727048.0,0.006739808939616964
2023-03-29,42.07,42.62,41.83,42.28,6330896.0,289816112.0,1749727048.0,0.003618219200095488
2023-03-30,42.35,43.36,41.99,43.2,9052103.0,420884506.0,1749727048.0,0.005173437200017497
2023-03-31,43.64,44.24,42.54,42.75,12483430.0,584604868.0,1749727048.0,0.007134501357951232
2023-04-03,42.18,43.77,42.14,42.99,8773229.0,409826334.0,1749727048.0,0.005014055769457363
2023-04-04,42.99,43.86,42.82,43.53,9898950.0,465716938.0,1749727048.0,0.005657425260308373
2023-04-06,43.64,44.1,43.26,43.54,4715941.0,223049927.0,1749727048.0,0.002695243812679519
2023-04-07,43.45,43.87,43.08,43.55,6290251.0,296860687.0,1749727048.0,0.003594989862670283
2023-04-10,43.46,44.6,43.15,44.33,9007026.0,430403532.0,1749727048.0,0.005147674896090421
2023-04-11,44.31,45.73,43.91,44.06,10242130.0,496202557.0,1749727048.0,0.005853558708889548
2023-04-12,43.83,44.46,43.17,43.5,7249822.0,343384766.0,1749727048.0,0.004143401685586791
2023-04-13,43.58,44.45,43.04,43.89,7515538.0,357278122.0,1749727048.0,0.004295263086085642
2023-04-14,44.55,44.63,41.32,41.53,22205700.0,1016995421.0,1749727048.0,0.012690950868812311
2023-04-17,41.53,42.53,40.87,41.48,17343117.0,779844930.0,1749727048.0,0.009911898555734048
2023-04-18,41.5,42.12,41.14,41.3,10479233.0,471304945.0,1749727048.0,0.005989067273080184
2023-04-19,41.3,41.64,39.72,40.02,18084788.0,787642184.0,1749727048.0,0.010335776669093362
2023-04-20,40.17,40.44,38.61,38.79,19233653.0,818165423.0,1749727048.0,0.010992373365882838
2023-04-21,38.42,38.8,37.88,37.97,15421871.0,638208360.0,1749727048.0,0.0088138724366339
2023-04-24,38.17,38.22,37.19,37.46,12653722.0,515267289.0,1749727048.0,0.007231826252250974
2023-04-25,37.45,37.93,37.11,37.41,8866964.0,360394895.0,1749727048.0,0.005067626982240032
2023-04-26,37.27,38.28,37.18,37.73,10399784.0,425470862.0,1749727048.0,0.005943660762338515
2023-04-27,37.45,39.45,37.44,39.03,16741996.0,701965755.0,1749727048.0,0.009568347256868833
2023-04-28,38.8,38.97,37.9,38.24,10343056.0,428973028.0,1749727048.0,0.005911239705542919
2023-05-04,38.56,39.57,38.39,38.84,12877299.0,543090138.0,1749727048.0,0.007359604467862121
2023-05-05,38.98,39.03,37.89,38.17,7989158.0,331316390.0,1749727048.0,0.00456594530508738
2023-05-08,38.43,38.5,37.58,38.08,6431456.0,264611210.0,1749727048.0,0.003675691021266078
2023-05-09,37.94,38.65,37.55,38.15,7424122.0,307777869.0,1749727048.0,0.0042430172228782965
2023-05-10,38.16,38.61,37.64,38.15,5293415.0,219005236.0,1749727048.0,0.0030252804321968738
2023-05-11,38.12,38.76,37.73,37.82,6098860.0,252373045.0,1749727048.0,0.00348560651615417
2023-05-12,37.76,37.99,37.07,37.21,9692727.0,392570105.0,1749727048.0,0.0055395651630802244
2023-05-15,37.27,38.12,37.13,38.08,7309533.0,298138346.0,1749727048.0,0.004177527579718823
2023-05-16,38.37,38.88,38.1,38.58,8742843.0,365794977.0,1749727048.0,0.0049966896322448575
2023-05-17,38.46,38.54,37.93,38.25,4537516.0,187734118.0,1749727048.0,0.002593270764823886
2023-05-18,38.33,38.71,37.87,38.15,4221778.0,175003520.0,1749727048.0,0.002412820905309569
2023-05-19,38.15,38.55,37.96,38.47,5006931.0,207869834.0,1749727048.0,0.0028615497518444943
2023-05-22,38.65,40.02,38.29,39.88,13110234.0,561363358.0,1749727048.0,0.007492730946226991
2023-05-23,39.99,40.83,39.79,39.86,9350948.0,407965212.0,1749727048.0,0.005344232410814284
2023-05-24,39.63,40.27,39.14,39.7,8166352.0,350990337.0,1749727048.0,0.004667214814638906
2023-05-25,39.7,39.78,38.71,39.03,6805520.0,288223864.0,1749727048.0,0.003889475222880592
2023-05-26,38.86,39.51,38.86,39.21,4799914.0,204159563.0,1749727048.0,0.0027432358695526093
2023-05-29,39.21,39.56,38.08,38.71,9355008.0,391579073.0,1749727048.0,0.005346552772727098
2023-05-30,38.69,38.88,37.25,37.55,10633074.0,435525710.0,1749727048.0,0.006076990129491328
2023-05-31,37.37,37.56,35.79,35.92,17151347.0,676851345.0,1749727048.0,0.009802298604004892
2023-06-01,35.93,36.48,35.53,35.93,8648868.0,337646725.0,1749727048.0,0.004942981255211185
2023-06-02,36.13,36.36,35.81,36.1,7955420.0,310415211.0,1749727048.0,0.004546663440502521
2023-06-05,36.72,37.64,35.99,36.48,11151648.0,441472475.0,1749727048.0,0.006373364355741502
2023-06-06,36.44,37.84,36.1,37.15,16752537.0,677235939.0,1749727048.0,0.009574371625076461
2023-06-07,37.0,37.08,36.34,36.54,8331773.0,330320473.0,1749727048.0,0.004761755846160984
2023-06-08,36.38,37.18,36.27,36.77,5928053.0,236176297.0,1749727048.0,0.003387987290232482
2023-06-09,36.81,37.17,36.21,36.81,7054274.0,280752328.0,1749727048.0,0.004031642539939749
2023-06-12,36.69,37.42,36.48,37.22,7707566.0,309706416.0,1749727048.0,0.0044050104893846274
2023-06-13,37.07,37.44,36.62,37.32,6423290.0,258022968.0,1749727048.0,0.003671024007625674
2023-06-14,37.36,39.82,37.32,38.73,17263237.0,724082311.0,1749727048.0,0.009866245720858285
2023-06-15,38.84,39.64,38.47,39.32,8418471.0,354220962.0,1749727048.0,0.00481130528880068
2023-06-16,39.49,39.89,38.92,39.24,6265976.0,265262713.0,1749727048.0,0.003581116270198962
2023-06-19,39.02,40.09,38.94,39.86,8745095.0,374236444.0,1749727048.0,0.004997976690133443
2023-06-20,39.77,40.23,39.32,39.58,5651823.0,241173371.0,1749727048.0,0.00323011695250424
2023-06-21,39.78,39.78,38.99,39.2,6966003.0,294719207.0,1749727048.0,0.003981194099938266
2023-06-26,38.68,39.07,38.33,38.52,5894862.0,244880932.0,1749727048.0,0.00336901804583637
2023-06-27,38.64,39.49,38.61,39.26,6667443.0,281026723.0,1749727048.0,0.0038105617716895465
2023-06-28,39.23,41.33,39.23,40.2,13513506.0,588638504.0,1749727048.0,0.007723208037188667
2023-06-29,40.53,40.63,39.81,39.96,5500137.0,237516439.0,1749727048.0,0.003143425716763567
2023-06-30,40.04,41.02,40.04,40.3,7977200.0,348933482.0,1749727048.0,0.004559111096281115
2023-07-03,40.25,40.68,40.2,40.32,5141554.0,223445398.0,1749727048.0,0.00293848918085651
2023-07-04,40.35,40.75,39.64,40.33,7347252.0,318364097.0,1749727048.0,0.004199084656317206
2023-07-05,41.95,42.58,40.67,41.68,22037204.0,990140180.0,1749727048.0,0.012594652420324247
2023-07-06,41.68,41.69,40.35,40.51,11466078.0,505393647.0,1749727048.0,0.006553066670087848
2023-07-07,40.59,42.87,40.51,42.38,20139838.0,914869167.0,1749727048.0,0.011510274144198975
2023-07-10,42.18,42.23,40.72,40.95,12570352.0,558200474.0,1749727048.0,0.007184178820558531
2023-07-11,40.96,42.75,40.85,42.48,15786770.0,713889800.0,1749727048.0,0.009022418678413207
2023-07-12,42.48,42.97,41.7,41.83,7981341.0,362183817.0,1749727048.0,0.004561477751128643
2023-07-13,42.18,42.41,41.72,42.06,7263246.0,328768350.0,1749727048.0,0.004151073739359603
2023-07-14,42.1,42.15,41.5,41.69,4798434.0,215487984.0,1749727048.0,0.0027423900233380857
2023-07-17,41.53,41.58,40.75,41.07,4797077.0,211540603.0,1749727048.0,0.0027416144738022018
2023-07-18,41.05,41.16,40.54,41.16,4309392.0,189532670.0,1749727048.0,0.0024628938581739293
2023-07-19,40.98,41.39,40.49,40.64,3464227.0,151984591.0,1749727048.0,0.001979867090675505
2023-07-20,40.67,40.93,40.02,40.14,4914743.0,212893266.0,1749727048.0,0.0028088626769630872
2023-07-21,40.07,41.11,39.89,40.79,7140289.0,312507696.0,1749727048.0,0.004080801635981797
2023-07-24,40.47,41.61,40.47,41.25,5778886.0,256454928.0,1749727048.0,0.0033027357076096365
2023-07-25,41.7,42.59,41.35,41.97,8401273.0,380149845.0,1749727048.0,0.004801476327180833
2023-07-26,41.97,42.22,41.54,41.74,4476760.0,201541755.0,1749727048.0,0.0025585476346822755
2023-07-27,41.81,41.9,41.48,41.62,3646565.0,163503108.0,1749727048.0,0.0020840764873402127
2023-07-28,41.58,42.53,41.51,42.46,6414576.0,290900106.0,1749727048.0,0.003666043802278811
2023-07-31,42.72,43.14,40.29,40.35,18432219.0,813518826.0,1749727048.0,0.010534339639470442
2023-08-01,40.23,40.35,38.75,38.96,20460602.0,868340748.0,1749727048.0,0.011693596451736397
2023-08-02,38.97,39.48,38.34,38.51,11499987.0,479656114.0,1749727048.0,0.006572446264201546
2023-08-03,38.49,38.73,38.1,38.5,8875831.0,366603344.0,1749727048.0,0.00507269462979691
2023-08-04,38.63,38.83,38.1,38.35,10244176.0,424850005.0,1749727048.0,0.005854728034129356
2023-08-07,38.17,38.17,35.95,36.26,28101882.0,1100718064.0,1749727048.0,0.016060723318029203
2023-08-08,36.14,37.14,35.88,36.56,14377880.0,566441510.0,1749727048.0,0.008217213088426807
2023-08-09,37.82,38.36,36.78,37.44,26493113.0,1067356514.0,1749727048.0,0.015141283339182856
2023-08-10,37.16,37.4,36.52,36.87,12794766.0,507319389.0,1749727048.0,0.007312435396495054
2023-08-11,36.79,37.52,36.61,36.64,8802110.0,350866753.0,1749727048.0,0.005030561772512532
2023-08-14,36.7,37.58,36.38,37.42,12422303.0,494229361.0,1749727048.0,0.0070995661947382774
2023-08-15,37.35,37.72,36.74,37.12,9725213.0,387956527.0,1749727048.0,0.005558131487489014
2023-08-16,37.17,37.52,36.16,36.37,13094886.0,517102738.0,1749727048.0,0.0074839592923752985
2023-08-17,35.96,36.14,35.08,35.79,15055420.0,576720089.0,1749727048.0,0.008604439199364768
2023-08-18,35.77,35.91,34.96,34.96,9234094.0,351137377.0,1749727048.0,0.005277448280035961
2023-08-21,34.98,35.06,34.1,34.12,13129413.0,487276085.0,1749727048.0,0.007503692084435332
2023-08-22,34.29,34.83,33.94,34.59,13428612.0,495596095.0,1749727048.0,0.007674689612502349
2023-08-23,34.55,34.65,34.0,34.03,7855333.0,289989642.0,1749727048.0,0.004489461947209951
2023-08-24,34.0,35.28,33.87,34.93,11879023.0,443582324.0,1749727048.0,0.006789072051882689
2023-08-25,34.75,35.01,34.19,34.38,9971032.0,370183582.0,1749727048.0,0.005698621400061937
2023-08-28,36.25,36.52,34.67,34.82,14219527.0,543263888.0,1749727048.0,0.00812671154409679
2023-08-29,34.86,36.06,34.59,35.71,11675727.0,446967336.0,1749727048.0,0.006672884786999075
2023-08-30,35.75,36.03,35.4,35.59,7732781.0,297414819.0,1749727048.0,0.004419421308505714
2023-08-31,35.59,35.63,35.24,35.3,6399687.0,243687475.0,1749727048.0,0.0036575344750571634
2023-09-01,35.47,35.76,35.14,35.45,5302811.0,202371060.0,1749727048.0,0.0030306504126236724
2023-09-04,35.51,35.73,35.21,35.49,7199314.0,274482827.0,1749727048.0,0.004114535468963043
2023-09-05,35.48,35.92,35.33,35.55,7723315.0,295903426.0,1749727048.0,0.00441401132183904
2023-09-06,35.32,35.45,34.8,35.05,5843492.0,220146011.0,1749727048.0,0.0033396591809444326
2023-09-07,34.9,35.11,34.48,34.58,4348863.0,162446678.0,1749727048.0,0.002485452233804641
2023-09-08,34.59,34.83,34.3,34.59,3773140.0,140316758.0,1749727048.0,0.0021564163418019014
2023-09-11,34.71,37.02,34.57,36.59,23901463.0,928031772.0,1749727048.0,0.013660109459541258
2023-09-12,36.48,37.44,36.13,36.94,15680693.0,623082046.0,1749727048.0,0.008961793794022666
2023-09-13,36.85,37.0,36.05,36.35,8659366.0,339164758.0,1749727048.0,0.004948981048157175
2023-09-14,36.51,36.93,36.22,36.71,10891680.0,429800235.0,1749727048.0,0.006224788039054192
2023-09-15,37.26,38.8,36.89,38.18,25124674.0,1029415630.0,1749727048.0,0.014359196212185434
2023-09-18,37.72,38.52,37.69,38.36,15888552.0,651417566.0,1749727048.0,0.00908058889422849
2023-09-19,38.38,38.87,37.63,37.92,11198160.0,458651673.0,1749727048.0,0.006399946787586037
2023-09-20,37.7,38.07,37.52,37.69,6507707.0,264047577.0,1749727048.0,0.003719269818363121
2023-09-21,37.68,37.69,37.25,37.44,7331891.0,295364995.0,1749727048.0,0.004190305572735251
2023-09-22,37.62,37.63,36.7,37.21,12585438.0,502086400.0,1749727048.0,0.007192800736769545
2023-09-25,37.18,38.64,37.17,38.51,18518269.0,762740263.0,1749727048.0,0.010583518738632426
2023-09-26,38.41,39.66,38.23,39.04,17995559.0,758046583.0,1749727048.0,0.010284780715123289
2023-09-27,39.24,40.05,38.84,39.47,19530548.0,829315899.0,1749727048.0,0.011162054117140219
2023-09-28,39.46,39.46,38.84,39.25,10574304.0,445970491.0,1749727048.0,0.006043402033526774
2023-10-09,38.56,39.91,38.44,39.54,10655083.0,450367014.0,1749727048.0,0.006089568662826089
2023-10-10,39.49,39.49,38.31,38.56,11361931.0,472263893.0,1749727048.0,0.006493544814882464
2023-10-11,38.83,39.21,38.61,39.0,9219768.0,386639333.0,1749727048.0,0.00526926071728646
2023-10-12,39.45,39.55,38.65,39.02,6689304.0,280679359.0,1749727048.0,0.0038230557204028547
2023-10-13,38.71,39.73,38.65,39.51,10867183.0,461021636.0,1749727048.0,0.006210787569650692
2023-10-16,39.95,41.25,38.86,39.15,18007341.0,775200336.0,1749727048.0,0.01029151433681215
2023-10-17,39.22,39.54,38.65,39.12,8069613.0,338516280.0,1749727048.0,0.004611926762647839
2023-10-18,39.04,39.04,38.29,38.47,7802069.0,323538863.0,1749727048.0,0.004459020627770509
2023-10-19,38.05,38.43,37.63,38.03,11909627.0,486805017.0,1749727048.0,0.0068065627799565225
2023-10-20,37.86,37.91,36.82,37.32,11881586.0,476187169.0,1749727048.0,0.006790536851779867
2023-10-23,37.16,37.63,36.71,37.43,6201333.0,248248266.0,1749727048.0,0.0035441716507088024
2023-10-24,37.26,37.68,36.93,37.6,8021585.0,322230016.0,1749727048.0,0.00458447790995113
2023-10-25,38.11,38.49,36.72,37.13,12961439.0,519947970.0,1749727048.0,0.007407691968193201
2023-10-26,36.94,37.53,36.6,37.07,8306016.0,331963711.0,1749727048.0,0.004747035264439714
2023-10-27,36.98,40.12,36.72,39.85,19144113.0,802935815.0,1749727048.0,0.01094119966990417
2023-10-30,39.91,40.13,39.31,39.88,12371171.0,530673636.0,1749727048.0,0.00707034335106192
2023-10-31,39.82,40.31,39.49,39.93,8795066.0,377605752.0,1749727048.0,0.0050265360017455706
2023-11-01,39.67,39.86,38.93,39.41,8281541.0,350472113.0,1749727048.0,0.004733047368425889
2023-11-02,39.28,39.66,39.12,39.25,5815810.0,246435254.0,1749727048.0,0.00332383842762657
2023-11-03,39.19,39.58,39.02,39.19,5839890.0,246746736.0,1749727048.0,0.0033376005741439507
2023-11-06,39.28,39.67,38.91,39.3,11390900.0,481269412.0,1749727048.0,0.006510101111496335
2023-11-07,39.23,39.23,38.36,38.41,12588135.0,523413472.0,1749727048.0,0.007194342120040199
2023-11-08,38.26,39.02,38.19,38.53,10826377.0,450911517.0,1749727048.0,0.006187466217873772
2023-11-09,38.79,39.48,38.65,38.89,9055009.0,380229231.0,1749727048.0,0.0051750980304900674
2023-11-10,38.65,40.32,37.95,39.66,14196307.0,601956933.0,1749727048.0,0.008113440902812174
2023-11-13,39.56,39.82,38.67,39.06,8189973.0,343775009.0,1749727048.0,0.004680714634526242
2023-11-14,39.12,39.26,38.23,38.47,8107922.0,336967093.0,1749727048.0,0.004633821034696607
2023-11-15,38.89,39.01,38.22,38.62,6845977.0,283636062.0,1749727048.0,0.003912597114975844
2023-11-16,38.56,38.79,37.86,38.1,6023820.0,247481767.0,1749727048.0,0.0034427198270069836
2023-11-17,38.09,38.6,37.92,38.4,5929668.0,244433901.0,1749727048.0,0.003388910291338195
2023-11-20,38.28,38.91,37.84,38.75,7170540.0,297095450.0,1749727048.0,0.004098090618303112
2023-11-21,38.71,38.94,38.17,38.32,5921519.0,245577900.0,1749727048.0,0.0033842529934989037
2023-11-22,38.32,38.45,37.74,38.1,5762683.0,235953815.0,1749727048.0,0.0032934754061137426
2023-11-23,38.1,38.23,37.79,38.09,5786144.0,236315432.0,1749727048.0,0.003306883783167076
2023-11-24,38.02,38.31,37.72,37.99,5218286.0,213352099.0,1749727048.0,0.0029823428779732733
2023-11-27,38.0,38.09,37.37,37.58,6179233.0,249791702.0,1749727048.0,0.003531541109262203
2023-11-28,37.45,38.24,37.34,38.1,7556512.0,308511246.0,1749727048.0,0.004318680452838264
2023-11-29,38.02,38.23,37.66,37.68,4518567.0,184335453.0,1749727048.0,0.002582441075689424
2023-11-30,37.72,38.22,37.56,37.9,6190210.0,253084638.0,1749727048.0,0.003537814659192489
2023-12-01,38.5,39.3,37.97,38.29,11277063.0,468866539.0,1749727048.0,0.006445041249656672
2023-12-04,38.09,38.29,37.27,37.74,6794572.0,276406541.0,1749727048.0,0.0038832182469639687
2023-12-05,37.73,37.88,36.89,36.89,8906362.0,357287948.0,1750903988.0,0.005086722093867319
2023-12-06,36.92,37.3,36.62,36.82,6031195.0,239482788.0,1750903988.0,0.003444617775352283
2023-12-07,36.82,36.82,35.87,36.28,7618923.0,297279199.0,1750903988.0,0.004351422495018042
2023-12-08,36.28,37.16,36.08,36.71,9164131.0,362884426.0,1750903988.0,0.005233942616389768
2023-12-11,36.63,37.38,36.15,37.21,5928650.0,235531623.0,1750903988.0,0.003386050886075199
2023-12-12,37.12,37.38,36.61,37.16,5628262.0,224283845.0,1750903988.0,0.003214489223037854
2023-12-13,37.18,37.51,36.94,37.0,5151228.0,206551517.0,1750903988.0,0.0029420391039739866
2023-12-14,37.07,37.72,37.02,37.07,6070295.0,244467216.0,1750903988.0,0.003466949096925582
2023-12-15,37.12,37.45,36.64,36.81,6466269.0,257876210.0,1750903988.0,0.003693103130906799
2023-12-18,36.8,37.7,36.64,36.99,10356924.0,414583279.0,1750903988.0,0.005915186709826604
2023-12-19,37.21,37.29,36.64,37.07,5718339.0,227580988.0,1750903988.0,0.003265935219287421
2023-12-20,37.16,37.24,36.71,36.89,5235590.0,208272997.0,1750903988.0,0.00299022107201917
2023-12-21,36.79,37.19,36.44,36.99,4049446.0,161027876.0,1750903988.0,0.0023127744455168834
2023-12-22,36.94,37.1,36.68,36.86,4041227.0,160372713.0,1750903988.0,0.002308080298918138
2023-12-25,36.75,37.32,36.7,37.07,4178450.0,166675725.0,1750903988.0,0.002386452957236625
2023-12-26,37.01,37.09,36.14,36.5,5377173.0,211418413.0,1750903988.0,0.0030710838725898203
2023-12-27,36.36,36.58,35.6,36.54,6777441.0,263729284.0,1750903988.0,0.0038708238980834394
2023-12-28,36.66,37.29,36.22,37.18,10082100.0,398110296.0,1750903988.0,0.0057582255047099705
2023-12-29,37.1,38.72,36.99,38.52,15948759.0,650361814.0,1750903988.0,0.00910887125125447
2024-01-02,38.38,38.44,37.59,37.71,8499994.0,346503647.0,1750903988.0,0.004854631697828996
2024-01-03,37.57,38.51,37.54,37.79,6129624.0,250829625.0,1750903988.0,0.003500833878961957
2024-01-04,37.65,37.78,35.15,36.17,15753391.0,613739449.0,1750903988.0,0.008997290033015791
2024-01-05,36.14,36.15,33.73,34.09,32923705.0,1218856074.0,1750903988.0,0.018803832320701756
2024-01-08,33.82,34.04,32.95,33.04,17791314.0,638847533.0,1750903988.0,0.01016121621855601
2024-01-09,33.05,33.22,32.41,32.69,12419964.0,437937162.0,1750903988.0,0.0070934580565933355
2024-01-10,32.61,33.28,31.85,32.98,15694972.0,551696951.0,1750903988.0,0.008963924982504524
2024-01-11,32.98,33.77,32.68,33.53,13397690.0,481846578.0,1750903988.0,0.007651870172106776
2024-01-12,33.54,34.33,33.41,33.88,10691644.0,391148935.0,1750903988.0,0.0061063565296991034
2024-01-15,33.73,34.01,32.8,32.94,12022477.0,430085422.0,1750903988.0,0.006866439897559934
2024-01-16,32.94,33.41,32.85,33.21,7234860.0,257863893.0,1750903988.0,0.004132071232680293
2024-01-17,33.09,33.21,32.26,32.26,7782620.0,273149372.0,1750903988.0,0.004444915342782348
2024-01-18,32.19,32.46,31.25,32.38,11233950.0,384373156.0,1750903988.0,0.006416085677451778
2024-01-19,32.38,32.57,31.78,32.02,8004587.0,277006387.0,1750903988.0,0.004571688142159854
2024-01-22,31.84,32.2,30.04,30.38,17234390.0,576090110.0,1750903988.0,0.00984313824065606
2024-01-23,30.2,30.88,30.02,30.6,11424459.0,375458517.0,1750903988.0,0.0065248917577998
2024-01-24,30.79,30.9,29.57,30.55,11232849.0,364665212.0,1750903988.0,0.006415456859419752
2024-01-25,30.45,31.08,30.01,30.73,13648791.0,449152944.0,1750903988.0,0.0077952823761573385
2024-01-26,30.69,30.72,29.27,29.32,17705416.0,567018488.0,1750903988.0,0.01011215698938713
2024-01-29,29.55,30.0,28.81,28.85,13865088.0,438655822.0,1750903988.0,0.007918816848339944
2024-01-30,28.69,28.94,27.49,27.59,18403165.0,556092903.0,1750903988.0,0.010510664848631323
2024-01-31,27.6,27.66,26.88,26.9,13324699.0,390671680.0,1750903988.0,0.00761018256359126
2024-02-01,27.18,28.34,26.89,27.61,16040259.0,477092016.0,1750903988.0,0.009161129970537253
2024-02-02,27.69,27.88,26.03,26.91,16527047.0,480267536.0,1750903988.0,0.00943915092619002
2024-02-05,26.76,27.51,25.64,26.9,19772044.0,567454991.0,1750903988.0,0.01129247756331
2024-02-06,26.81,29.35,26.67,29.27,22907165.0,701875968.0,1750903988.0,0.013083050331141287
2024-02-07,29.58,29.97,28.92,29.39,21813071.0,691714388.0,1750903988.0,0.012458176547371027
2024-02-08,29.48,29.73,29.2,29.44,18245056.0,577708153.0,1750903988.0,0.010420363495111303
2024-02-19,30.54,30.66,29.67,30.24,18326634.0,594334141.0,1750903988.0,0.010466955427369784
2024-02-20,30.07,31.66,29.9,30.9,18079295.0,600252730.0,1750903988.0,0.010325691827712029
2024-02-21,30.59,31.27,30.29,30.8,15998414.0,529844071.0,1750903988.0,0.00913723088738547
2024-02-22,30.77,30.92,30.06,30.79,18229219.0,597955291.0,1750903988.0,0.010411318453173802
2024-02-23,30.67,30.88,30.31,30.72,10504581.0,345652784.0,1750903988.0,0.00599951857554396
2024-02-26,30.59,30.95,30.29,30.65,9953522.0,328305333.0,1750903988.0,0.005684790295880005
2024-02-27,30.7,31.11,30.49,31.11,12226210.0,405782682.0,1750903988.0,0.006982798647894793
2024-02-28,31.57,32.35,30.91,30.91,16943974.0,577431907.0,1750903988.0,0.009677271921320223
2024-02-29,30.75,31.49,30.67,31.29,13501895.0,452573461.0,1750903988.0,0.007711385143067022
2024-03-01,31.22,31.28,30.49,30.95,12747414.0,423747667.0,1750903988.0,0.007280475735600415
2024-03-04,30.94,31.8,30.87,31.13,17035269.0,571786239.0,1750903988.0,0.009729413558226471
2024-03-05,30.97,30.99,30.35,30.55,14987526.0,492424180.0,1750903988.0,0.008559878841283444
2024-03-06,30.48,30.66,30.07,30.47,10171193.0,332161700.0,1750903988.0,0.0058091095055521685
2024-03-07,30.38,30.47,29.23,29.3,15158014.0,485905795.0,1750903988.0,0.008657250256945557
2024-03-08,29.36,30.1,29.36,29.77,9193360.0,293571478.0,1750903988.0,0.005250636278749512
2024-03-11,29.79,30.14,29.46,30.12,11667407.0,375644275.0,1750903988.0,0.006663647510065526
2024-03-12,30.35,30.81,30.35,30.71,15291916.0,504178742.0,1750903988.0,0.008733726180764173
2024-03-13,30.72,31.17,30.31,30.78,14070327.0,465435346.0,1750903988.0,0.008036035725792178
2024-03-14,31.48,31.94,30.75,30.98,22408211.0,757499908.0,1750903988.0,0.012798080964791314
2024-03-15,30.77,31.7,30.68,31.4,15590767.0,526196913.0,1750903988.0,0.008904410011544277
2024-03-18,31.4,31.62,30.95,31.38,12430191.0,417270386.0,1750903988.0,0.007099299039348582
2024-03-19,31.37,31.37,31.0,31.0,7778170.0,260793521.0,1750903988.0,0.0044423737985112175
2024-03-20,30.98,31.26,30.85,31.03,7463488.0,249361458.0,1750903988.0,0.004262648352594877
2024-03-21,31.02,31.11,30.57,30.57,7461514.0,247251612.0,1750903988.0,0.004261520934978874
2024-03-22,30.44,30.44,29.31,29.45,13977161.0,445950578.0,1750903988.0,0.007982825498024966
2024-03-25,29.18,29.5,28.92,28.96,8322706.0,261410511.0,1750903988.0,0.0047533765740671785
2024-03-26,29.04,29.25,28.54,28.82,7961795.0,246853876.0,1750903988.0,0.004547248195541834
2024-03-27,28.83,29.26,28.65,28.8,8229936.0,257223150.0,1750903988.0,0.00470039251518342
2024-03-28,28.79,29.09,28.42,28.54,9720965.0,300672393.0,1750903988.0,0.005551969192270753
2024-03-29,28.62,29.06,28.5,28.8,6746893.0,208487739.0,1750903988.0,0.0038533769105790626
2024-04-01,28.97,29.39,28.86,29.16,10975681.0,343685956.0,1750903988.0,0.006268579588157292
2024-04-02,29.17,29.18,28.55,28.77,9367516.0,289471258.0,1750903988.0,0.005350102612251289
2024-04-03,28.63,29.7,28.19,28.91,17824862.0,550192943.0,1750903988.0,0.01018037660669261
2024-04-08,28.45,28.48,27.26,27.43,19899745.0,591639604.0,1750903988.0,0.011365411888021811
2024-04-09,27.44,28.13,27.29,28.11,11087080.0,330842901.0,1750903988.0,0.006332203293833608
2024-04-10,27.98,28.09,27.5,27.61,6801174.0,203051076.0,1750903988.0,0.003884378610484951
2024-04-11,27.5,27.77,27.3,27.38,7746820.0,229552915.0,1750903988.0,0.0044244687619044935
2024-04-12,27.36,27.55,26.85,26.95,9809632.0,285732571.0,1750903988.0,0.005602609890223175
2024-04-15,27.05,27.74,26.99,27.41,10756696.0,317433943.0,1750903988.0,0.006143509909008214
2024-04-16,27.41,27.87,27.24,27.4,11278554.0,334467790.0,1750903988.0,0.006441560518051661
2024-04-17,27.32,27.92,27.2,27.92,12517057.0,372992550.0,1750903988.0,0.007148911125788126
2024-04-18,28.06,29.7,28.0,29.29,27738666.0,865277827.0,1750903988.0,0.015842482620469077
2024-04-19,29.13,29.46,28.8,29.27,14301368.0,448211265.0,1750903988.0,0.008167990990948613
2024-04-22,29.34,30.0,29.34,29.57,13485223.0,430757658.0,1750903988.0,0.007701863204620218
2024-04-23,29.83,30.75,29.68,30.65,20709816.0,675059947.0,1750903988.0,0.011828070609203501
2024-04-24,30.44,30.53,29.92,30.1,13358983.0,433340231.0,1750903988.0,0.007629763306016298
2024-04-25,30.01,30.99,30.01,30.43,16562609.0,545253092.0,1750903988.0,0.009459461577284386
2024-04-26,30.64,30.65,30.08,30.45,17618523.0,575568298.0,1750903988.0,0.010062529482341894
2024-04-29,30.38,30.88,30.16,30.63,16850410.0,553739612.0,1750903988.0,0.009623834382402469
2024-04-30,30.48,31.13,30.38,30.61,13191273.0,436419662.0,1750903988.0,0.007533978499339622
2024-05-06,31.2,31.84,31.02,31.48,21242892.0,719172104.0,1750903988.0,0.012132528194344372
2024-05-07,31.59,31.83,31.2,31.48,13295953.0,450826559.0,1750903988.0,0.007593764758733304
2024-05-08,31.32,31.5,30.74,30.97,12652814.0,422000597.0,1750903988.0,0.007226446502331001
2024-05-09,30.89,31.53,30.8,31.37,12078106.0,406821652.0,1750903988.0,0.006898211485483235
2024-05-10,31.49,31.49,30.93,31.04,8010398.0,268203935.0,1750903988.0,0.004575006999184469
2024-05-13,31.23,32.18,30.97,31.82,19684567.0,668067462.0,1750903988.0,0.011242516514275025
2024-05-14,31.63,32.22,31.45,31.81,14001153.0,479896539.0,1750903988.0,0.007996528134014394
2024-05-15,31.62,31.69,31.05,31.24,10454700.0,351930872.0,1750903988.0,0.005971029863231998
2024-05-16,31.06,31.38,30.85,30.94,10198435.0,341518013.0,1750903988.0,0.005824668325559837
2024-05-17,30.94,31.12,30.46,30.89,8399446.0,278215641.0,1750903988.0,0.004797205362239428
2024-05-20,30.78,31.19,30.77,30.99,7568623.0,252130194.0,1750903988.0,0.004322694477751112
2024-05-21,30.87,30.95,30.28,30.51,9733962.0,319750530.0,1750903988.0,0.005559392214943085
2024-05-22,31.05,31.22,30.24,30.3,15023099.0,495436305.0,1750903988.0,0.008580195774846793
2024-05-23,29.98,30.23,29.25,29.38,16872882.0,537332894.0,1750903988.0,0.009636668895404904
2024-05-24,29.37,29.57,29.0,29.07,8250311.0,259681511.0,1750903988.0,0.00471202936114393
2024-05-27,29.11,29.7,28.94,29.67,8851794.0,279390470.0,1750903988.0,0.005055556478634282
2024-05-28,29.7,29.79,29.19,29.24,6379991.0,198803217.0,1750903988.0,0.0036438268709911696
2024-05-29,29.24,30.04,29.17,29.65,10398634.0,325173890.0,1750903988.0,0.0059390086899499366
2024-05-30,29.6,30.38,29.49,29.99,10137535.0,322299478.0,1750903988.0,0.0057898862927257206
2024-05-31,30.18,30.36,29.84,29.93,7878413.0,250266853.0,1750903988.0,0.004499625938369843
2024-06-03,29.79,30.18,29.57,29.95,8333188.0,262794683.0,1750903988.0,0.004759363195876163
2024-06-04,29.94,30.76,29.81,30.72,12736183.0,410625560.0,1750903988.0,0.007274061334766918
2024-06-05,30.78,30.94,30.44,30.48,6670502.0,216334418.0,1750903988.0,0.0038097474480136943
2024-06-06,30.42,30.69,30.1,30.23,8008900.0,256865339.0,1750903988.0,0.004574151441135446
2024-06-07,30.37,30.42,29.62,29.69,7009593.0,221412045.0,1750903988.0,0.004003413692607341
2024-06-11,29.49,30.09,29.25,30.07,6286281.0,197785718.0,1750903988.0,0.003590305946575981
2024-06-12,29.92,30.16,29.73,29.84,6223927.0,196632320.0,1750903988.0,0.0035546934855687816
2024-06-13,29.84,30.16,29.44,29.53,8318473.0,262182997.0,1750903988.0,0.004750958965775112
2024-06-14,29.43,29.57,28.7,29.3,11817435.0,363535615.0,1750903988.0,0.006749333533415882
2024-06-17,29.06,29.22,28.92,29.14,5027897.0,154434588.0,1750903988.0,0.002871600632849778
2024-06-18,29.07,29.13,28.67,28.81,8200299.0,250115661.0,1750903988.0,0.004683465830337694
2024-06-19,28.86,28.91,28.28,28.31,6989577.0,209878090.0,1750903988.0,0.003991981883589153
2024-06-20,28.3,28.41,27.4,27.44,10545100.0,309221801.0,1750903988.0,0.006022660335616301
2024-06-21,27.39,27.65,27.07,27.28,9833940.0,283988962.0,1750903988.0,0.0056164930044125295
2024-06-24,27.25,27.58,26.85,27.22,8785060.0,252889300.0,1750903988.0,0.005017442452704037
2024-06-25,27.21,27.35,26.84,27.12,8269704.0,236357407.0,1750903988.0,0.00472310535396416
2024-06-26,27.16,27.96,27.09,27.91,11449442.0,333671461.0,1750903988.0,0.006539160387131405
2024-06-27,27.87,27.87,26.98,27.02,10681383.0,308391954.0,1750903988.0,0.006100496128403359
2024-06-28,26.97,27.14,26.2,26.32,18051420.0,506337467.0,1750903988.0,0.010309771480170963
2024-07-01,26.2,26.72,26.08,26.59,8242637.0,229752832.0,1750903988.0,0.004707646482326706
2024-07-02,26.64,26.83,26.1,26.2,8631010.0,240615846.0,1750903988.0,0.0049294593302394146
2024-07-03,26.19,26.26,25.77,25.94,8133341.0,223404064.0,1750903988.0,0.004645223870493577
2024-07-04,26.03,26.1,24.88,24.96,16740272.0,446409602.0,1750903988.0,0.00956093087612523
2024-07-05,24.95,26.15,24.89,26.04,18526523.0,501511935.0,1750903988.0,0.010581118740361222
2024-07-08,25.99,25.99,24.97,25.08,11284967.0,302418569.0,1750903988.0,0.006445223197469809
2024-07-09,24.96,25.38,24.57,25.36,12767440.0,337128381.0,1750903988.0,0.007291913255954044
2024-07-10,25.25,25.69,25.03,25.3,8738627.0,234274652.0,1750903988.0,0.004990923008852042
2024-07-11,25.78,26.11,25.47,25.82,11750935.0,320917719.0,1750903988.0,0.006711353152734952
2024-07-12,25.84,26.4,25.81,26.23,12100878.0,333694196.0,1750903988.0,0.006911217338548891
2024-07-15,26.31,26.58,26.11,26.19,8005020.0,222180158.0,1750903988.0,0.004571935442984438
2024-07-16,26.12,26.36,26.03,26.28,5709592.0,158034377.0,1750903988.0,0.0032609395141774047
2024-07-17,26.18,26.95,26.07,26.81,12211297.0,343524042.0,1750903988.0,0.006974281333352015
2024-07-18,26.65,27.16,26.57,27.11,12060606.0,343772543.0,1750903988.0,0.006888216648461937
2024-07-19,27.03,28.06,26.95,27.9,13546290.0,396060280.0,1750903988.0,0.0077367406167561945
2024-07-22,27.78,28.36,27.74,27.97,10964333.0,324796927.0,1750903988.0,0.006262098364699139
2024-07-23,27.84,28.13,27.44,27.44,11868449.0,347908898.0,1750903988.0,0.0067784693400332816
2024-07-24,27.43,27.77,27.07,27.21,7274840.0,210484370.0,1750903988.0,0.004154905151772377
2024-07-25,27.08,27.47,26.86,27.19,6353108.0,182828121.0,1750903988.0,0.003628473087925824
2024-07-26,27.21,27.34,26.59,26.88,7895037.0,224039386.0,1750903988.0,0.004509120462406532
2024-07-29,26.92,27.01,26.48,26.53,4374906.0,123373177.0,1750903988.0,0.0024986555687712556
2024-07-30,26.59,26.77,26.15,26.39,6147837.0,171292499.0,1750903988.0,0.0035112359342001796
2024-07-31,26.31,27.63,26.08,27.62,10271886.0,294605798.0,1750903988.0,0.005866618655505627
2024-08-01,27.59,27.98,27.13,27.16,8218190.0,238177287.0,1750903988.0,0.004693683980574724
2024-08-02,27.14,27.9,27.02,27.36,8116599.0,236522872.0,1750903988.0,0.004635661952698688
2024-08-05,27.45,28.24,27.3,27.54,11508395.0,338205197.0,1750903988.0,0.006572830422955208
2024-08-06,27.76,28.18,27.55,28.01,9314173.0,274873876.0,1750903988.0,0.005319636635609742
2024-08-07,27.98,27.98,27.41,27.51,8861498.0,258684930.0,1750903988.0,0.005061098758545977
2024-08-08,27.42,27.94,27.38,27.65,7299491.0,213720230.0,1750903988.0,0.004168984164767349
2024-08-09,27.82,27.96,27.18,27.22,7062529.0,204591033.0,1750903988.0,0.0040336472178964505
2024-08-12,26.98,27.53,26.88,27.16,6143783.0,177026210.0,1750903988.0,0.003508920558812503
2024-08-13,27.11,27.17,26.69,27.14,5680969.0,161549490.0,1750903988.0,0.00324459195874537
2024-08-14,27.05,27.18,26.72,26.86,4491861.0,127588583.0,1750903988.0,0.0025654524924184478
2024-08-15,26.78,27.11,26.54,27.0,6432426.0,182583457.0,1750903988.0,0.0036737742583746974
2024-08-16,27.59,28.64,27.19,28.63,24869386.0,740932879.0,1750903988.0,0.014203740565128006
2024-08-19,28.6,29.1,28.42,28.99,16962636.0,516224691.0,1750903988.0,0.009687930415519734
2024-08-20,28.9,29.21,28.37,28.61,11170643.0,338068210.0,1750903988.0,0.006379928926177076
2024-08-21,28.59,29.01,28.36,28.56,8862522.0,268845480.0,1750903988.0,0.005061683599295109
2024-08-22,28.58,28.88,27.97,28.13,9227025.0,276266672.0,1750903988.0,0.005269863489510768
2024-08-23,28.06,28.28,27.85,28.15,6212440.0,184258554.0,1750903988.0,0.0035481328745480016
2024-08-26,28.15,28.16,27.49,28.01,7913000.0,232215050.0,1750903988.0,0.004519379734258735
2024-08-27,27.87,28.19,27.77,27.97,5948586.0,175928720.0,1750903988.0,0.0033974370044098615
2024-08-28,27.84,28.05,27.6,27.78,5336309.0,156720677.0,1750903988.0,0.0030477450714447743
2024-08-29,27.77,28.38,27.68,28.21,7526443.0,223749892.0,1750903988.0,0.004298604064862065
2024-08-30,28.11,28.48,27.64,27.9,14403648.0,427874049.0,1750903988.0,0.008226406529836517
2024-09-02,27.76,27.9,27.17,27.3,10183088.0,295528526.0,1750903988.0,0.005815903139058931
2024-09-03,27.29,27.85,27.18,27.5,7707561.0,224800775.0,1750903988.0,0.0044020466300976864
2024-09-04,27.42,27.82,27.11,27.29,7606400.0,220509234.0,1750903988.0,0.004344270189645601
2024-09-05,27.29,27.87,27.29,27.71,7072323.0,206883738.0,1750903988.0,0.0040392408998271125
2024-09-06,27.78,27.87,27.18,27.18,4764900.0,138060030.0,1750903988.0,0.002721394224158909
2024-09-09,27.11,27.42,26.83,26.88,5567360.0,159414872.0,1750903988.0,0.0031797060479366503
2024-09-10,27.07,27.07,26.3,26.67,7910557.0,221697485.0,1750903988.0,0.004517984455010562
2024-09-11,26.52,26.87,26.43,26.74,4944200.0,139511898.0,1750903988.0,0.0028237984686114038
2024-09-12,26.86,27.06,26.36,26.36,6095732.0,171373672.0,1750903988.0,0.003481477020886196
2024-09-13,26.44,26.44,25.84,25.84,7338250.0,201494657.0,1750903988.0,0.0041911207298021185
2024-09-18,26.12,26.36,25.77,26.08,4227381.0,116170175.0,1750903988.0,0.002414399092681717
2024-09-19,26.19,26.53,25.71,26.1,8368902.0,230847046.0,1750903988.0,0.004779760659269228
2024-09-20,26.12,26.54,25.84,26.41,7547484.0,206399736.0,1750903988.0,0.004310621285762929
2024-09-23,26.57,27.13,26.5,26.91,8844507.0,248069229.0,1750903988.0,0.005051394628498613
2024-09-24,27.08,27.6,26.55,27.6,12011615.0,341216377.0,1750903988.0,0.0068602362450042005
2024-09-25,27.92,28.92,27.83,28.43,16774380.0,498880277.0,1750903988.0,0.009580411099046511
2024-09-26,28.35,29.51,28.2,29.48,14925024.0,448837887.0,1750903988.0,0.008524181852511721
2024-09-27,29.81,31.62,29.81,31.07,23050258.0,739193978.0,1750903988.0,0.01316477554336349
2024-09-30,32.01,33.71,31.54,33.54,33594339.0,1148506389.0,1750903988.0,0.01918685389389838
2024-10-08,36.87,36.88,33.52,35.01,36818700.0,1355488099.0,1750903988.0,0.021028394619202844
2024-10-09,34.3,34.37,32.08,32.32,23712451.0,823889759.0,1750903988.0,0.013542976178314582
2024-10-10,32.34,33.77,32.34,32.93,18635959.0,643963260.0,1750903988.0,0.01064362131089052
2024-10-11,33.3,33.3,31.52,31.84,13731550.0,462591145.0,1750903988.0,0.00784254881713137
2024-10-14,31.84,32.5,31.46,32.41,11809112.0,394783428.0,1750903988.0,0.006744579988928553
2024-10-15,32.4,32.61,31.78,31.83,9342353.0,314028533.0,1750903988.0,0.005335731178881751
2024-10-16,31.52,31.99,31.2,31.4,8413489.0,276691574.0,1750903988.0,0.004805225790598862
2024-10-17,31.56,31.67,30.76,30.79,7759930.0,252633408.0,1750903988.0,0.004431956322667305
2024-10-18,30.78,32.17,30.69,31.62,12420317.0,406488153.0,1750903988.0,0.007093659666734393
2024-10-21,31.73,31.94,31.11,31.57,12540611.0,412288813.0,1750903988.0,0.007162363605285249
2024-10-22,31.42,32.59,31.36,32.48,14296718.0,481121970.0,1750903988.0,0.00816533521996867
2024-10-23,32.39,32.75,32.21,32.49,9643416.0,326336686.0,1750903988.0,0.005507678357061347
2024-10-24,32.3,32.64,32.19,32.38,7396401.0,249710803.0,1750903988.0,0.004224332716523575
2024-10-25,32.6,33.21,32.41,32.8,17262222.0,591139667.0,1750903988.0,0.009859034029454733
2024-10-28,32.65,33.71,32.63,33.12,15464202.0,536045622.0,1751096488.0,0.008831153569191556
2024-10-29,33.14,33.15,32.09,32.21,15039321.0,509156412.0,1751096488.0,0.00858851645415441
2024-10-30,32.18,32.5,31.54,31.92,11263991.0,376181796.0,1751096488.0,0.006432535886623285
2024-10-31,31.87,31.93,31.35,31.64,11038420.0,363745698.0,1751096488.0,0.006303718884507294
2024-11-01,31.64,31.99,31.35,31.51,10786490.0,356328758.0,1751096488.0,0.006159849028262113
2024-11-04,31.66,32.2,31.54,31.92,10189685.0,338232144.0,1751096488.0,0.005819031144102209
2024-11-05,31.87,32.33,31.56,32.26,13671324.0,457076717.0,1751096488.0,0.007807293369433107
2024-11-06,32.29,33.63,32.29,33.31,25344961.0,875952944.0,1751096488.0,0.014473766108084388
2024-11-07,32.89,34.55,32.82,34.54,23450720.0,834017688.0,1751096488.0,0.01339202046300946
2024-11-08,34.79,35.14,34.22,34.54,18454265.0,665304856.0,1751096488.0,0.010538691115232252
2024-11-11,34.22,34.41,33.26,34.08,20672262.0,729211543.0,1751096488.0,0.011805324344868424
2024-11-12,34.07,35.82,34.03,34.84,31504727.0,1158413158.0,1751096488.0,0.017991428351262845
2024-11-13,34.71,35.56,34.49,34.87,15019077.0,548004915.0,1751096488.0,0.008576955697714814
2024-11-14,34.9,34.99,33.75,33.84,12408009.0,444952817.0,1751096488.0,0.007085851113876484
2024-11-15,33.83,34.27,33.34,33.38,10967764.0,387584537.0,1751096488.0,0.006263369308978935
2024-11-18,33.61,34.61,33.39,33.81,15416203.0,545769379.0,1751096488.0,0.008803742743843594
2024-11-19,33.82,34.22,33.17,33.8,12253952.0,430778833.0,1751096488.0,0.006997873665999837
2024-11-20,33.52,35.41,33.51,34.89,22137059.0,806507241.0,1751096488.0,0.01264182707903415
2024-11-21,34.75,35.53,34.75,35.06,12820722.0,470392935.0,1751096488.0,0.007321539439921486
2024-11-22,35.07,35.26,33.61,33.65,14657557.0,523330833.0,1751096488.0,0.00837050219702114
2024-11-25,33.43,33.9,32.69,33.22,13022184.0,452906803.0,1751096488.0,0.007436588497115414
2024-11-26,33.13,34.08,33.02,33.52,12115478.0,426533653.0,1751096488.0,0.0069187952137563765
2024-11-27,33.52,34.91,33.38,34.79,15641418.0,559863607.0,1751096488.0,0.008932356444769479
2024-11-28,35.32,36.04,34.93,34.99,20002342.0,740565178.0,1751096488.0,0.011422752622184461
2024-11-29,34.95,37.53,34.95,37.36,36465025.0,1394417962.0,1751096488.0,0.020824109493616894
2024-12-02,37.36,37.4,36.62,37.21,19512988.0,754974405.0,1751096488.0,0.011143296862120141
2024-12-03,37.21,37.37,36.15,36.43,16701108.0,635536252.0,1751096488.0,0.009537514417081054
2024-12-04,36.14,36.23,35.39,35.61,13165057.0,490991607.0,1751096488.0,0.0075181790896265
2024-12-05,35.54,36.17,35.35,35.97,11993253.0,447861710.0,1751096488.0,0.006848996090271411
2024-12-06,35.78,36.54,35.77,36.14,11912976.0,451148021.0,1751096488.0,0.006803152242973376
2024-12-09,36.34,36.35,35.52,36.15,9520380.0,358204690.0,1751096488.0,0.00543681062993486
2024-12-10,36.9,37.06,35.36,35.46,22398992.0,838447793.0,1751096488.0,0.012791409356078842
2024-12-11,35.46,35.94,35.18,35.53,9438903.0,349857502.0,1751096488.0,0.005390281497726355
2024-12-12,35.46,35.94,35.21,35.93,12774858.0,474431503.0,1751096488.0,0.007295347850643397
2024-12-13,35.68,35.84,35.12,35.23,12006732.0,444095219.0,1751096488.0,0.006856693553028244
2024-12-16,35.19,35.28,34.24,34.47,12822337.0,462576413.0,1752160228.0,0.007318016237953325
2024-12-17,34.41,34.73,34.18,34.52,7729148.0,277767675.0,1752160228.0,0.004411210730894412
2024-12-18,34.52,34.98,34.41,34.5,6778588.0,244952321.0,1752160228.0,0.0038687032679296726
2024-12-19,34.41,34.74,34.13,34.69,7709824.0,277400536.0,1752160228.0,0.004400182059148988
2024-12-20,34.72,34.89,34.38,34.46,8072559.0,290990692.0,1752160228.0,0.0046072036512405075
2024-12-23,34.32,34.51,33.98,34.04,7099137.0,253650835.0,1752160228.0,0.004051648294804235
2024-12-24,34.04,34.6,34.04,34.55,6399159.0,229209277.0,1752160228.0,0.0036521540083718873
2024-12-25,34.7,34.87,34.44,34.53,5473369.0,197653478.0,1752160228.0,0.003123783380386146
2024-12-26,34.53,34.74,34.24,34.52,6116328.0,220328618.0,1752160228.0,0.003490735551611893
2024-12-27,34.49,34.95,34.35,34.6,6062786.0,219480546.0,1752160228.0,0.0034601778439637084
2024-12-30,34.58,34.76,34.06,34.1,7434400.0,265891375.0,1752160228.0,0.00424299095550524
2024-12-31,34.03,34.2,33.15,33.16,11174910.0,390610170.0,1751941228.0,0.006378587261604189
2025-01-02,33.24,33.52,31.53,31.81,19846730.0,663988168.0,1751941228.0,0.011328422256868082
2025-01-03,31.92,32.16,31.51,31.56,8411890.0,279757164.0,1751941228.0,0.004801468146053585
2025-01-06,31.73,31.82,31.25,31.44,11185493.0,367345079.0,1751941228.0,0.006384627989358556
2025-01-07,31.44,31.49,30.05,30.34,18640654.0,592746249.0,1751941228.0,0.010639999619895925
2025-01-08,30.29,30.56,29.67,29.99,10220514.0,320402016.0,1751941228.0,0.005833822411764146
2025-01-09,29.89,31.59,29.71,31.04,21088017.0,683377671.0,1751941228.0,0.012036943170789974
2025-01-10,31.07,31.58,30.84,31.28,11202335.0,366068517.0,1751941228.0,0.006394241325542914
2025-01-13,30.99,31.59,30.82,31.0,8661923.0,281316086.0,1751941228.0,0.004944185833156271
2025-01-14,30.96,31.88,30.94,31.81,8216635.0,271232386.0,1751941228.0,0.004690017489559301
2025-01-15,31.73,31.92,31.48,31.66,5057401.0,166904288.0,1751941228.0,0.002886741244039038
2025-01-16,31.67,31.87,31.27,31.67,6958100.0,229154930.0,1751941228.0,0.0039716514965192655
2025-01-17,31.53,31.87,31.48,31.56,5097825.0,168436118.0,1751941228.0,0.002909815077426787
2025-01-20,31.8,33.05,31.44,32.62,12133470.0,411683888.0,1751941228.0,0.006925728903504062
2025-01-21,32.99,33.43,32.81,33.21,11177398.0,386148963.0,1751941228.0,0.006380007400567891
2025-01-22,33.07,33.61,32.61,32.99,6609580.0,227206809.0,1751941228.0,0.0037727178825202007
2025-01-23,33.36,33.43,32.83,33.0,6521441.0,224540850.0,1751941228.0,0.003722408546458386
2025-01-24,32.78,33.06,32.49,32.69,6411753.0,218734314.0,1751941228.0,0.003659799140248328
2025-01-27,32.78,33.51,32.69,33.36,8581400.0,298179011.0,1751941228.0,0.0048982236748868835
2025-02-05,33.35,33.62,33.12,33.56,5573174.0,194434358.0,1751941228.0,0.0031811421016458893
2025-02-06,33.48,33.57,33.16,33.46,6302712.0,219602536.0,1751941228.0,0.003597559038664281
2025-02-07,33.45,33.74,33.19,33.44,8974168.0,313640217.0,1751941228.0,0.005122413843896366
2025-02-10,33.47,33.62,33.15,33.27,7945328.0,275898317.0,1751941228.0,0.004535156701044311
2025-02-11,33.27,33.53,33.05,33.27,6598020.0,229136408.0,1751941228.0,0.003766119487656694
2025-02-12,33.13,33.22,32.65,32.97,8035639.0,275502305.0,1751941228.0,0.004586705804722349
2025-02-13,32.97,33.5,32.77,33.18,6630898.0,230015057.0,1751941228.0,0.003784886098930255
2025-02-14,33.02,33.41,32.7,32.95,9375147.0,322450785.0,1751941228.0,0.00535129081396331
2025-02-17,33.14,33.25,32.12,32.33,12675510.0,429795543.0,1751941228.0,0.0072351228439724805
2025-02-18,32.33,32.48,31.82,31.9,10622165.0,356023000.0,1751941228.0,0.006063082956342186
2025-02-19,31.9,32.04,31.61,31.99,6571262.0,218152943.0,1751941228.0,0.003750846144252049
2025-02-20,32.12,33.25,32.12,32.57,12442904.0,425003604.0,1751941228.0,0.007102352408365151
2025-02-21,32.57,34.19,32.57,33.79,19339723.0,677007577.0,1751941228.0,0.01103902499176759
2025-02-24,33.93,34.19,33.54,33.89,9691976.0,341780762.0,1751941228.0,0.005532135350832671
2025-02-25,33.6,33.76,33.31,33.39,6300275.0,220243651.0,1751941228.0,0.003596168010266153
2025-02-26,33.55,33.76,33.21,33.75,6978387.0,243770572.0,1751941228.0,0.003983231222868397
2025-02-27,33.58,34.12,33.51,34.11,8054644.0,284546005.0,1751941228.0,0.004597553771364299
2025-02-28,34.06,34.3,33.08,33.19,9998995.0,350568309.0,1751941228.0,0.005707380384794507
2025-03-03,33.16,34.01,33.1,33.78,8365427.0,294589297.0,1751941228.0,0.004774947279224597
2025-03-04,33.64,33.91,33.46,33.48,5188347.0,182258499.0,1751941228.0,0.0029614846189349453
2025-03-05,33.48,33.56,32.86,32.94,6265414.0,216031714.0,1751941228.0,0.0035762695117076155
2025-03-06,33.14,33.2,32.75,33.03,7370190.0,253326727.0,1751941228.0,0.004206870574313581
2025-03-07,32.99,33.02,32.45,32.58,6944743.0,236955838.0,1751941228.0,0.003964027382315818
2025-03-10,32.69,32.98,32.42,32.79,6364954.0,217218961.0,1751941228.0,0.0036330864861637926
2025-03-11,32.59,33.68,32.45,33.31,10094440.0,349648848.0,1751941228.0,0.005761859952073689
2025-03-12,33.31,34.06,33.09,33.29,8160797.0,284412452.0,1751941228.0,0.004658145415823276
2025-03-13,33.31,33.51,33.03,33.42,6293281.0,218749918.0,1751941228.0,0.0035921758672146508
2025-03-14,33.42,34.28,33.42,34.0,13578857.0,482413236.0,1751941228.0,0.007750749159263464
2025-03-17,34.11,34.21,32.98,33.13,14338822.0,498348822.0,1751941228.0,0.008184533688021639
2025-03-18,33.15,33.54,32.89,33.18,8033920.0,278867788.0,1751941228.0,0.0045857246074238744
2025-03-19,33.13,33.5,33.0,33.29,6394341.0,221569432.0,1751941228.0,0.0036498604506840227
2025-03-20,33.26,33.26,32.72,32.8,7328700.0,252112466.0,1751941228.0,0.004183188273025789
2025-03-21,32.85,32.96,32.22,32.35,6933436.0,235197412.0,1751941228.0,0.0039575733986893765
2025-03-24,32.35,32.51,32.11,32.45,5405700.0,182079667.0,1751941228.0,0.0030855487122539477
2025-03-25,32.46,32.69,32.06,32.62,6663135.0,224925966.0,1751941228.0,0.0038032868303502247
2025-03-26,32.67,32.85,32.33,32.36,5149324.0,174333762.0,1751941228.0,0.0029392104699073845
2025-03-27,32.29,35.6,32.22,35.59,45871909.0,1655135283.0,1751941228.0,0.02618347480318558
2025-03-28,35.09,36.21,34.86,35.37,32915271.0,1224831796.0,1751941228.0,0.018787885389041144
2025-03-31,35.31,35.94,34.79,35.18,18360667.0,676190352.0,1751941228.0,0.010480184327279271
2025-04-01,35.13,37.75,35.01,37.17,37472628.0,1444340593.0,1751941228.0,0.021389203816373686
2025-04-02,37.08,37.91,36.92,37.13,15456458.0,600100132.0,1751941228.0,0.008822475179515553
2025-04-03,36.61,37.72,36.61,37.14,12151916.0,472451472.0,1751941228.0,0.006936257795515501
2025-04-07,35.47,36.79,34.18,35.36,27342238.0,1017222386.0,1751941228.0,0.015606823769547137
2025-04-08,35.54,35.94,34.57,34.89,20647549.0,757774796.0,1751941228.0,0.011785526061037476
2025-04-09,34.53,35.07,33.69,34.69,18001068.0,644913630.0,1751941228.0,0.010274926871005743
2025-04-10,34.99,35.93,34.69,35.29,15841578.0,583560746.0,1751941228.0,0.009042299905279699
2025-04-11,35.1,36.17,34.91,35.46,13291732.0,493377741.0,1751941228.0,0.007586859529057215
2025-04-14,35.47,36.38,35.08,35.85,12480361.0,467220137.0,1751941228.0,0.00712373269179096
2025-04-15,35.72,36.22,35.18,35.33,10594700.0,392191994.0,1751941228.0,0.006047406060587325
2025-04-16,35.06,36.03,34.8,35.95,9109827.0,336601244.0,1751941228.0,0.00519984737752858
2025-04-17,35.69,36.04,35.21,35.3,10342792.0,382471579.0,1751941228.0,0.0059036181321032305
2025-04-18,36.93,37.76,36.52,36.98,23168129.0,897086333.0,1751941228.0,0.013224261538983545
2025-04-21,36.73,38.15,36.47,37.7,18078719.0,705986815.0,1751941228.0,0.010319249704876516
2025-04-22,37.47,39.11,37.43,38.33,21033969.0,843958922.0,1751941228.0,0.012006092820826065
2025-04-23,38.34,38.43,37.19,37.34,17765048.0,697743093.0,1751941228.0,0.010140207739891147
2025-04-24,37.33,38.1,37.2,37.59,12621034.0,495211698.0,1751941228.0,0.007204028193575909
2025-04-25,36.91,36.91,35.57,36.06,28299751.0,1063680555.0,1751941228.0,0.016153367788659632
2025-04-28,35.88,36.23,35.47,35.62,11249763.0,419319227.0,1751941228.0,0.006421313009936198
2025-04-29,35.59,36.09,35.37,35.86,8443361.0,315368041.0,1751941228.0,0.004819431648194536
2025-04-30,35.87,37.56,35.75,37.24,15899633.0,610607600.0,1751941228.0,0.009075437432425101
2025-05-06,37.52,37.54,36.71,37.07,11587280.0,447957439.0,1751941228.0,0.006613966162111461
2025-05-07,37.37,38.47,37.14,37.38,17504749.0,688709921.0,1751941228.0,0.009991630267176976
2025-05-08,37.38,38.1,37.23,37.41,7930491.0,310251032.0,1751941228.0,0.004526687809643807
2025-05-09,37.35,38.15,37.16,37.16,11229990.0,439920394.0,1751941228.0,0.006410026672424424
2025-05-12,37.16,37.2,35.88,36.1,16573855.0,625861576.0,1751941228.0,0.009460280250908051
2025-05-13,36.9,37.94,36.67,37.39,19485567.0,757779595.0,1751941228.0,0.01112227207658361
2025-05-14,37.25,37.72,36.91,37.61,10873000.0,424918423.0,1751941228.0,0.0062062584213584135
2025-05-15,37.5,38.54,37.48,37.66,14402835.0,570281437.0,1751941228.0,0.008221072014180604
2025-05-16,37.54,38.97,37.21,38.92,19454235.0,780705034.0,1751941228.0,0.011104387915003733
2025-05-19,38.82,39.12,38.23,38.72,10749679.0,433246502.0,1751941228.0,0.006135867361413565
2025-05-20,38.98,39.68,38.77,39.39,17272113.0,707540214.0,1751941228.0,0.009858842707707545
2025-05-21,39.3,40.56,39.08,40.35,14620775.0,610383044.0,1751941228.0,0.008345471164401413
2025-05-22,40.16,40.77,39.9,40.58,12666093.0,533934487.0,1751941228.0,0.007229747663658498
2025-05-23,40.74,42.17,40.69,41.58,22629228.0,981387713.0,1751941228.0,0.012916659325286453
2025-05-26,41.59,41.89,39.88,40.21,19664883.0,833708246.0,1751941228.0,0.011224624825142821
2025-05-27,40.4,41.21,40.16,40.36,15814878.0,668808246.0,1751941228.0,0.009027059668008453
2025-05-28,40.26,41.21,40.22,40.77,11108050.0,473142012.0,1751941228.0,0.006340423880931695
2025-05-29,40.77,41.87,40.35,41.56,17337143.0,746750297.0,1751941228.0,0.009895961532791785
2025-05-30,41.58,43.42,41.58,42.85,23408081.0,1046593855.0,1751941228.0,0.013361225037624378
2025-06-03,42.75,43.18,42.17,42.68,16239475.0,723068599.0,1751941228.0,0.00926941768391331
2025-06-04,42.37,44.01,42.13,42.77,14703267.0,660089163.0,1751941228.0,0.008392557218820129
2025-06-05,42.83,43.12,41.9,42.4,13254464.0,577629145.0,1751941228.0,0.007565587125962652
2025-06-06,42.24,42.47,41.34,41.84,15836955.0,680424151.0,1751941228.0,0.0090396611181297
2025-06-09,42.12,42.92,41.78,42.54,14995286.0,656223621.0,1751941228.0,0.008559240321730702
2025-06-10,43.02,43.22,42.05,42.48,15235765.0,667463773.0,1751941228.0,0.008696504629549138
2025-06-11,42.53,43.02,41.66,42.15,16718371.0,726478508.0,1751941228.0,0.009542769319428334
2025-06-12,42.24,44.19,42.18,43.77,19657231.0,876332286.0,1751941228.0,0.011220257098715871
2025-06-13,43.81,44.17,43.07,43.26,13760497.0,615498518.0,1751941228.0,0.007854428436340218
2025-06-16,43.33,43.67,41.86,42.42,17817823.0,780093368.0,1751941228.0,0.010170331467306505
2025-06-17,42.58,42.78,40.45,40.69,24501449.0,1037644579.0,1751941228.0,0.013985314466268156
2025-06-18,40.69,40.79,40.01,40.05,13807600.0,573044068.0,1751941228.0,0.00788131461222739
2025-06-19,40.3,40.78,39.82,39.99,10614206.0,439779072.0,1751941228.0,0.006058539995726387
2025-06-20,39.99,40.39,39.83,40.28,9677078.0,399903980.0,1751941228.0,0.005523631640912557
2025-06-23,39.88,39.99,37.49,38.68,32857731.0,1299951297.0,1751941228.0,0.0187550418215285
2025-06-24,38.82,39.65,38.73,39.07,15013948.0,605707431.0,1751941228.0,0.008569892505549279
2025-06-25,39.09,39.62,38.77,39.37,13549143.0,548192941.0,1751941228.0,0.007733788544646316
2025-06-26,39.12,39.36,38.77,38.99,10139610.0,407632854.0,1751941228.0,0.005787642780446058
2025-06-27,38.89,39.39,38.73,39.22,9501030.0,382762386.0,1751941228.0,0.005423144251731714
2025-06-30,39.11,39.27,38.7,39.19,10754521.0,431808158.0,1751941228.0,0.006138631152756912
2025-07-01,39.29,40.03,39.13,39.93,14253766.0,582063396.0,1751941228.0,0.00813598411418856
2025-07-02,39.94,40.31,38.8,38.95,13830260.0,561110425.0,1751941228.0,0.007894248836068832
2025-07-03,39.04,39.5,38.55,39.19,9318518.0,375900490.0,1751941228.0,0.00531896724106318
2025-07-04,39.19,40.01,39.05,39.59,11856954.0,483941522.0,1751941228.0,0.0067678948417326705
2025-07-07,39.54,39.89,38.34,38.5,12965496.0,518700867.0,1751941228.0,0.007400645519827906
2025-07-08,38.33,38.86,37.89,38.09,14532290.0,571372794.0,1751941228.0,0.008294964333130015
2025-07-09,37.89,38.85,37.77,38.47,12101607.0,479391630.0,1751941228.0,0.00690754164956497
2025-07-10,38.46,38.99,38.36,38.69,8970925.0,358113834.0,1751941228.0,0.005120562754403083
2025-07-11,38.69,39.28,38.58,38.97,10058380.0,403802237.0,1751941228.0,0.005741277069826454
2025-07-14,38.97,39.62,38.8,39.24,10763321.0,435794312.0,1751941228.0,0.006143654152306986
2025-07-15,39.34,39.56,38.65,39.41,14064368.0,565897107.0,1751941228.0,0.008027876606372095
2025-07-16,40.79,41.43,40.52,41.24,31969256.0,1350662734.0,1751941228.0,0.018247904375477145
2025-07-17,40.83,42.73,40.24,42.67,29252143.0,1265192900.0,1751941228.0,0.016696988764511225
2025-07-18,42.67,43.77,42.15,43.51,18403688.0,816649661.0,1751941228.0,0.010504740516329695
2025-07-21,43.33,43.6,42.56,43.16,13701432.0,606613868.0,1751941228.0,0.007820714405837363
2025-07-22,43.12,43.82,42.54,42.71,13447560.0,595890147.0,1751941228.0,0.007675805435180957
2025-07-23,42.35,42.58,41.52,41.75,19743671.0,853868665.0,1751941228.0,0.01126959665338728
2025-07-24,41.95,42.22,41.37,41.79,11563324.0,495991391.0,1751941228.0,0.006600292187427192
2025-07-25,41.84,42.37,41.37,41.5,10615869.0,457994539.0,1751941228.0,0.00605948922848227
2025-07-28,41.42,43.09,41.35,42.59,16452640.0,717350925.0,1751941228.0,0.0093910912860828
2025-07-29,42.63,43.96,42.25,43.72,18844953.0,842327203.0,1751941228.0,0.010756612550018715
2025-07-30,43.4,44.67,42.94,43.58,15950559.0,721076073.0,1751941228.0,0.009104505759139542
2025-07-31,43.58,43.99,42.89,43.02,12202246.0,544516029.0,1751941228.0,0.006964985928169504
2025-08-01,43.02,43.9,42.22,42.47,11543690.0,509707230.0,1751941228.0,0.006589085190476493
2025-08-04,42.22,42.68,41.66,42.5,8766950.0,380898167.0,1751941228.0,0.005004134761991
2025-08-05,42.92,44.32,42.54,44.05,13692471.0,612213284.0,1751941228.0,0.007815599508227338
2025-08-06,43.93,44.41,42.63,42.73,12514024.0,557195570.0,1751941228.0,0.007142947377456203
2025-08-07,42.51,42.89,41.58,41.8,12953128.0,561027770.0,1751941228.0,0.007393585922278439
2025-08-08,41.56,41.72,41.19,41.24,8326713.0,354972318.0,1751941228.0,0.004752849505976693
2025-08-11,41.18,41.64,41.08,41.32,9792773.0,416926652.0,1751941228.0,0.005589669815110944
2025-08-12,41.43,41.69,40.88,41.18,9438008.0,401013608.0,1751941228.0,0.0053871715838175365
2025-08-13,41.18,42.61,41.03,42.13,17324384.0,747423886.0,1751941228.0,0.00988867875423958
2025-08-14,42.16,42.24,41.48,41.55,11849374.0,510484616.0,1751941228.0,0.006763568212574765
2025-08-15,41.51,42.12,41.27,41.77,9393135.0,402945387.0,1751941228.0,0.005361558281679984
2025-08-18,41.77,43.0,41.69,42.92,14506963.0,633014354.0,1751941228.0,0.00828050779794766
2025-08-19,43.16,45.99,43.16,44.6,26020276.0,1204351833.0,1751941228.0,0.01485225393645454
2025-08-20,44.05,44.79,43.9,44.48,13168142.0,600596285.0,1751941228.0,0.007516314925148848
2025-08-21,44.56,44.9,44.28,44.39,11049695.0,506821352.0,1751941228.0,0.006307115115165267
2025-08-22,44.56,44.82,44.15,44.31,9798153.0,447708837.0,1751941228.0,0.00559274069438133
2025-08-25,44.33,45.14,44.08,44.84,13024648.0,597450686.0,1751941228.0,0.007434409209530857
2025-08-26,44.85,45.26,44.28,44.4,10660521.0,489824915.0,1751941228.0,0.006084976384835667
2025-08-27,44.4,44.52,42.98,42.99,14864518.0,668414308.0,1751941228.0,0.008484598548416603
2025-08-28,42.99,43.51,40.89,42.61,23227407.0,1003220185.0,1751941228.0,0.013258097148907326
2025-08-29,42.34,43.78,42.34,43.02,16045758.0,710416299.0,1751941228.0,0.009158844910749484
2025-09-01,43.07,44.34,42.75,44.14,20035715.0,902298680.0,1751941228.0,0.011436294026182937
2025-09-02,44.28,45.25,43.05,43.53,19872466.0,904825632.0,1751941228.0,0.011343112247370436
2025-09-03,43.54,44.82,43.41,43.75,15633610.0,708345585.0,1751941228.0,0.00892359272682177
2025-09-04,44.04,44.26,40.87,41.32,17715050.0,765072127.0,1751941228.0,0.010111669111311079
2025-09-05,41.33,42.44,40.93,42.37,11199641.0,482147140.0,1751941228.0,0.006392703602726107
2025-09-08,42.42,43.0,42.05,42.51,10390540.0,454535463.0,1751936228.0,0.0059308893976476405
2025-09-09,42.44,42.95,41.28,41.28,10870021.0,469688774.0,1751936228.0,0.006204575729568166
2025-09-10,41.33,41.95,40.87,41.07,10396010.0,440221860.0,1751936228.0,0.005934011657415192
2025-09-11,40.59,41.62,39.39,41.54,15422242.0,647359359.0,1751936228.0,0.00880296996746619
2025-09-12,41.62,42.2,41.28,41.67,8901052.0,382388551.0,1751936228.0,0.005080694067364192
2025-09-15,41.56,42.51,41.23,41.45,9042213.0,389499646.0,1751936228.0,0.0051612683472631515
2025-09-16,41.5,41.59,40.59,40.74,11300579.0,475916222.0,1751936228.0,0.006450336958269694
2025-09-17,40.88,41.47,40.59,41.18,9437310.0,398472245.0,1751936228.0,0.005386788542396647
2025-09-18,41.27,42.14,41.08,41.47,13028100.0,552574103.0,1751936228.0,0.007436400818580481
2025-09-19,41.57,41.71,40.49,40.78,11894028.0,496248030.0,1751936228.0,0.006789075886385517
2025-09-22,41.23,42.09,40.86,41.14,13460943.0,569991439.0,1751936228.0,0.007683466318501178
2025-09-23,41.14,41.63,39.99,40.52,10827546.0,448293763.0,1751936228.0,0.006180331125614465
2025-09-24,40.32,42.03,40.28,41.61,13266270.0,562019825.0,1751936228.0,0.007572347547801266
2025-09-25,41.75,41.94,41.24,41.3,6530014.0,277086784.0,1751936228.0,0.0037273126131164174
2025-09-26,40.93,41.19,40.34,40.86,8586012.0,357562489.0,1751936228.0,0.004900870170258275
2025-09-29,40.81,40.81,39.33,40.1,13198661.0,537598384.0,1751936228.0,0.007533756531233738
2025-09-30,40.25,40.74,40.01,40.69,9719241.0,400744415.0,1751936228.0,0.0055477139205548755
2025-10-09,40.58,41.36,40.35,40.87,9843702.0,411682260.0,1751936228.0,0.005618755890011768
2025-10-10,41.09,41.62,40.15,40.43,14510918.0,607977205.0,1751936228.0,0.008282788932657428
2025-10-13,39.63,40.3,38.79,39.26,12578302.0,506975134.0,1751936228.0,0.00717965745497444
2025-10-14,39.51,39.56,38.28,38.51,10960726.0,435042040.0,1751936228.0,0.006256349874397368
2025-10-15,38.56,40.34,38.37,40.01,15206935.0,615495257.0,1751936228.0,0.008680073370798517
2025-10-16,40.05,40.64,39.82,40.06,7182873.0,295011505.0,1751936228.0,0.004099962592930637
2025-10-17,40.14,40.75,39.24,39.36,7639683.0,310882802.0,1751936228.0,0.004360708385328282
2025-10-20,40.03,40.13,39.27,39.35,4953278.0,199978977.0,1751936228.0,0.0028273163833449763
2025-10-21,39.35,39.65,39.08,39.33,5916618.0,237451062.0,1751936228.0,0.0033771879965941317
2025-10-22,39.32,39.7,39.09,39.14,4829014.0,193699746.0,1751936228.0,0.002756386860903478
2025-10-23,39.14,39.14,38.6,38.97,5499354.0,217827435.0,1751936228.0,0.0031390149436421153
2025-10-24,38.96,39.17,38.69,38.77,5722851.0,227206540.0,1751935253.0,0.0032665881859504997
2025-10-27,39.34,39.52,38.83,39.1,7721335.0,308751238.0,1751935253.0,0.0044073175574143204
2025-10-28,39.22,39.78,38.75,38.9,10015520.0,401300694.0,1751935253.0,0.005716832276106953
2025-10-29,38.91,40.01,38.81,39.95,11141321.0,449977612.0,1752110253.0,0.006358801325957425
2025-10-30,39.93,40.22,39.47,39.7,8566669.0,348334002.0,1752110253.0,0.004889343570321542
2025-10-31,39.67,41.11,39.38,40.72,15163810.0,628575815.0,1752110253.0,0.008654598061986228
2025-11-03,40.8,41.41,40.49,40.77,12985582.0,543462009.0,1752110253.0,0.007411395474551795
2025-11-04,40.72,40.77,39.85,40.03,7596959.0,311204092.0,1752110253.0,0.00433589095605846
2025-11-05,39.66,40.32,39.46,39.78,6382595.0,259476669.0,1752110253.0,0.0036428044348645224
2025-11-06,39.78,39.93,39.07,39.38,8815800.0,354083266.0,1752110253.0,0.005031532681750707
2025-11-07,39.17,39.67,39.0,39.46,5504092.0,221267629.0,1752110253.0,0.0031414073347129715
2025-11-10,39.55,41.99,39.55,41.59,17596840.0,737174303.0,1752110253.0,0.010043226429313065
2025-11-11,41.41,41.96,41.07,41.71,10119282.0,429581544.0,1752110253.0,0.005775482440487722
2025-11-12,42.03,42.48,41.61,41.91,10674332.0,459387906.0,1752110253.0,0.006092271865724879
2025-11-13,42.2,42.87,41.58,42.74,11663978.0,504492838.0,1752110253.0,0.0066571027593889665
2025-11-14,42.52,42.84,42.11,42.25,7770723.0,336639780.0,1752110253.0,0.004435065080348
2025-11-17,42.14,42.14,41.05,41.31,7405878.0,313319325.0,1752110253.0,0.00422683332131611
2025-11-18,41.21,41.7,40.94,41.31,5036371.0,212283941.0,1752110253.0,0.002874460092552178
2025-11-19,41.14,41.29,40.5,40.7,5393318.0,224653720.0,1752110253.0,0.003078184144385576
2025-11-20,40.82,40.91,40.28,40.31,4720169.0,195626912.0,1752110253.0,0.0026939908558368557
2025-11-21,40.15,40.36,39.04,39.52,8918080.0,360446175.0,1752100253.0,0.005089937053961489
2025-11-24,39.85,40.58,39.68,40.31,8783855.0,361249522.0,1752100253.0,0.00501332899470793
2025-11-25,40.23,40.46,40.06,40.12,5310140.0,218164275.0,1752100253.0,0.0030307284020465236
2025-11-26,40.13,41.03,40.12,40.59,5626131.0,233672397.0,1752100253.0,0.003211078241879576
2025-11-27,40.55,40.71,40.1,40.44,5979825.0,247004757.0,1752100253.0,0.0034129468275352166
2025-11-28,40.54,41.25,40.26,41.13,6086240.0,253729406.0,1752100253.0,0.0034736825073673453
2025-12-01,40.94,41.99,40.79,41.91,7787007.0,330010349.0,1752100253.0,0.004444384381924977
2025-12-02,41.74,42.09,41.56,41.67,3803341.0,162003270.0,1752100253.0,0.0021707325214340915
2025-12-03,41.77,41.88,41.32,41.67,3999663.0,169781325.0,1752100253.0,0.002282782045805686
2025-12-04,41.67,42.07,41.45,41.5,4224714.0,180109698.0,1752100253.0,0.0024112284629639854
2025-12-05,41.5,41.58,40.83,41.25,5154908.0,216371653.0,1752100253.0,0.0029421307320592004
2025-12-08,41.69,42.17,41.22,41.64,6896434.0,294365488.0,1752100253.0,0.0039360955448706275
2025-12-09,41.69,42.16,40.74,40.87,6947016.0,292999879.0,1752100253.0,0.003964964897473821
2025-12-10,40.76,40.84,40.3,40.74,4100819.0,170053766.0,1753375373.0,0.0023388140743550866
2025-12-11,40.74,40.83,40.27,40.3,3666770.0,151634199.0,1753375373.0,0.002091263545994837
2025-12-12,40.29,40.59,40.0,40.59,5162675.0,212681902.0,1753375373.0,0.002944420846499479
2025-12-15,40.38,40.83,39.17,39.21,9473930.0,383407219.0,1753375373.0,0.005403252575511108
2025-12-16,39.22,39.4,38.48,38.55,6862152.0,272076914.0,1753375373.0,0.003913681066626912
2025-12-17,38.55,39.32,38.47,39.21,5510450.0,219276168.0,1753375373.0,0.003142766851214352
2025-12-18,39.15,39.66,38.89,39.47,4730031.0,190570352.0,1753375373.0,0.0026976716297246635
2025-12-19,39.44,39.95,39.36,39.76,4152653.0,168584227.0,1753375373.0,0.00236837648340804
2025-12-22,39.76,39.89,39.49,39.7,3588109.0,145553582.0,1753375373.0,0.0020464009334526
2025-12-23,39.85,40.09,39.45,39.46,4886077.0,198107703.0,1753375373.0,0.0027866691156041463
2025-12-24,39.46,39.56,39.06,39.17,4873324.0,195237912.0,1753375373.0,0.002779395715853938
2025-12-25,39.14,39.27,38.9,39.2,3919971.0,156446883.0,1753375373.0,0.0022356713002607003
2025-12-26,39.21,39.21,38.84,38.87,4741892.0,188743237.0,1753375373.0,0.0027044362964256143
2025-12-29,38.78,38.79,37.21,37.77,16582554.0,640785142.0,1753375373.0,0.009457503655721757
2025-12-30,37.59,38.28,37.37,38.25,8536637.0,330411556.0,1753375373.0,0.004868687636118635
2025-12-31,38.0,38.64,37.92,38.63,9200640.0,360792122.0,1753024348.0,0.005248438226483777
2026-01-05,38.63,39.03,38.39,38.84,9471817.0,375196767.0,1753024348.0,0.005403129175476803
2026-01-06,38.69,38.99,38.33,38.76,9207116.0,362852690.0,1753024348.0,0.005252132413622357
2026-01-07,38.78,39.01,38.22,38.35,9530273.0,375719959.0,1753024348.0,0.005436474975874094
2026-01-08,38.39,38.5,38.11,38.24,8216402.0,321455459.0,1753024348.0,0.004686986811891104
2026-01-09,38.24,38.86,38.02,38.81,11576516.0,454420778.0,1753024348.0,0.00660373942507272
2026-01-12,39.02,39.33,38.44,38.7,12084587.0,477776545.0,1753024348.0,0.006893564834845066
2026-01-13,38.71,39.65,38.69,39.04,16897379.0,677537386.0,1753024348.0,0.009638987056442184
2026-01-14,39.04,39.32,38.07,38.29,18673943.0,737326067.0,1753024348.0,0.010652415079861742
2026-01-15,38.19,38.51,38.0,38.08,8171807.0,318553101.0,1753024348.0,0.004661547918215224
2026-01-16,38.12,38.21,37.81,37.88,8838216.0,342539707.0,1753024348.0,0.005041696089437316
2026-01-19,37.77,37.98,37.57,37.68,9167308.0,353196997.0,1753024348.0,0.005229424229309107
2026-01-20,37.74,38.6,37.62,37.71,8712553.0,336710910.0,1753024348.0,0.004970012544286692
2026-01-21,37.55,37.69,37.23,37.32,8954628.0,342055606.0,1753024348.0,0.005108102468865424
2026-01-22,37.37,37.44,36.91,36.98,10418468.0,394366243.0,1753024348.0,0.005943139359066107
2026-01-23,37.01,37.16,36.8,36.9,10100769.0,380984595.0,1753024348.0,0.0057619102732508086
2026-01-26,36.92,37.07,36.51,36.98,12038440.0,451984282.0,1753024348.0,0.00686724061404765
2026-01-27,37.04,37.1,36.37,36.46,9713170.0,362679434.0,1753024348.0,0.005540807240402345
2026-01-28,36.46,36.51,35.48,35.5,17317047.0,633116581.0,1753024348.0,0.009878383617293603
2026-01-29,35.38,36.08,34.94,36.08,19295606.0,699752529.0,1753024348.0,0.011007038220555281
2026-01-30,35.85,36.05,35.27,35.32,10100736.0,367276491.0,1753024348.0,0.005761891448640621
2026-02-02,35.23,36.02,35.05,35.14,11589614.0,421087827.0,1753024348.0,0.006611211083988892
2026-02-03,35.16,35.58,35.07,35.53,6331457.0,228539380.0,1753024348.0,0.0036117336346317536
2026-02-04,35.48,35.71,35.25,35.67,8200841.0,296856749.0,1753024348.0,0.004678110152523677
2026-02-05,35.84,36.54,35.77,36.15,13907666.0,514462607.0,1753024348.0,0.007933527001987767
2026-02-06,36.14,36.38,35.62,35.64,9924473.0,363350858.0,1753024348.0,0.0056613435012027565
2026-02-09,35.64,35.79,35.44,35.56,8387017.0,304708551.0,1753024348.0,0.004784312898773269
2026-02-10,35.63,36.35,35.51,35.96,10658445.0,391779672.0,1753024348.0,0.006080032494791111
2026-02-11,35.84,36.09,35.75,35.89,5739156.0,210518515.0,1753024348.0,0.0032738598334630777
2026-02-12,35.91,35.93,35.57,35.61,5683893.0,206966856.0,1753024348.0,0.0032423354567120933
2026-02-13,35.58,35.69,35.15,35.25,6231100.0,225405809.0,1753024348.0,0.003554485713281148
2026-02-24,35.25,35.48,35.01,35.27,7167999.0,257581542.0,1753024348.0,0.004088932939338729
2026-02-25,35.22,35.56,35.13,35.29,6447855.0,232786145.0,1753024348.0,0.0036781320278616004
2026-02-26,35.3,35.53,34.93,34.99,7374672.0,264546907.0,1753024348.0,0.004206828050285586
2026-02-27,34.94,35.23,34.85,35.19,5719768.0,204587784.0,1753024348.0,0.003262800089756654
2026-03-02,34.92,34.93,33.52,33.63,20915569.0,725208273.0,1753024348.0,0.011931134341552225
2026-03-03,33.7,33.98,33.3,33.32,9504255.0,326547927.0,1753024348.0,0.005421633196848216
2026-03-04,33.21,33.39,32.61,33.02,8860060.0,298345426.0,1753013098.0,0.005054189275658224
2026-03-05,33.32,33.56,33.02,33.11,6765455.0,229748130.0,1753013098.0,0.0038593294070184978
2026-03-06,33.02,34.25,33.02,34.25,12632364.0,437757104.0,1753013098.0,0.007206086488693195
2026-03-09,33.95,34.13,33.59,33.7,9708645.0,335610448.0,1753013098.0,0.005538261528722474
2026-03-10,33.83,34.89,33.83,34.68,11527641.0,405849440.0,1753013098.0,0.006575901237219392
2026-03-11,34.78,34.87,34.36,34.63,7307813.0,258384043.0,1753013098.0,0.00416871557225524
2026-03-12,34.65,34.73,34.14,34.25,7578675.0,265663764.0,1753013098.0,0.0043232278233667825
2026-03-13,34.12,34.45,34.03,34.2,5182987.0,181256212.0,1753013098.0,0.0029566162431491428
2026-03-16,34.15,35.04,34.06,34.73,10011987.0,354701950.0,1753013098.0,0.005711301878703932
2026-03-17,34.74,35.67,34.64,35.3,14895602.0,537014062.0,1753013098.0,0.008497142444054915
2026-03-18,35.16,35.61,34.86,35.37,8675684.0,312340122.0,1753013098.0,0.004949012651358981
2026-03-19,35.01,35.45,34.71,34.9,8971514.0,320649582.0,1753013098.0,0.005117767808030377
2026-03-20,34.86,35.08,34.08,34.24,8525688.0,300903713.0,1753013098.0,0.00486344797407783
2026-03-23,33.83,33.88,32.6,32.86,12370320.0,418846553.0,1753013098.0,0.007056604433881988
2026-03-24,33.22,33.5,32.82,33.17,8637190.0,292169941.0,1753013098.0,0.004927053887876884
2026-03-25,33.17,33.54,33.15,33.45,5533377.0,188683157.0,1753013098.0,0.003156494955065076
2026-03-26,33.37,33.99,32.73,32.8,7752940.0,263573696.0,1753013098.0,0.004422636664178536
2026-03-27,32.51,34.79,32.41,34.74,19458899.0,677142990.0,1753013098.0,0.011100258761443663
2026-03-30,34.58,35.09,34.47,34.83,10199050.0,362875522.0,1753013098.0,0.005818011292463258
2026-03-31,34.86,35.53,34.59,34.59,9463556.0,338290633.0,1753013098.0,0.0053984513925177755
2026-04-01,35.06,35.74,34.62,35.58,18591862.0,672234031.0,1753013098.0,0.01060566063152142
2026-04-02,35.58,36.39,35.5,36.11,19381277.0,713359895.0,1753013098.0,0.011055979571465814
2026-04-03,35.55,35.84,35.29,35.54,11537251.0,418786276.0,1753013098.0,0.0065813832270636
2026-04-07,35.62,35.72,34.89,35.19,8881200.0,319991704.0,1753013098.0,0.005066248512422695
2026-04-08,35.84,35.86,34.96,35.5,12517971.0,452253434.0,1753013098.0,0.007140831414369729
2026-04-09,35.34,35.67,34.92,35.2,12889454.0,463821443.0,1753013098.0,0.007352742552069625
2026-04-10,35.12,35.74,35.07,35.3,10824290.0,391186888.0,1753013098.0,0.006174677195709122
2026-04-13,35.11,35.25,34.19,34.2,11751178.0,414244900.0,1753013098.0,0.006703417112745384
2026-04-14,34.28,34.37,33.66,34.27,9959101.0,345460629.0,1753013098.0,0.0056811332507225795
2026-04-15,35.04,35.18,34.57,34.93,15755602.0,561030818.0,1753013098.0,0.008987726342704143
2026-04-16,34.72,34.72,34.15,34.56,10702451.0,376444107.0,1753013098.0,0.006105174577537583
2026-04-17,34.4,34.48,33.68,33.73,11154453.0,385944200.0,1753013098.0,0.006363017488418104
2026-04-20,33.64,33.81,33.51,33.71,7578715.0,260492245.0,1753013098.0,0.004323250641222533
2026-04-21,33.71,34.05,33.33,33.36,7647928.0,261755315.0,1753013098.0,0.004362732947475102
2026-04-22,33.28,33.55,33.25,33.45,6236927.0,212676783.0,1753013098.0,0.0035578325154077086
2026-04-23,33.47,33.86,33.29,33.38,10779239.0,368875460.0,1753013098.0,0.006148978015223022
2026-04-24,33.64,34.85,33.48,34.45,23816400.0,835026490.0,1753013098.0,0.01358597949277844
2026-04-27,34.28,34.37,33.36,33.5,15137094.0,519152854.0,1753013098.0,0.008634900684581195
2026-04-28,33.57,34.08,32.92,33.05,17724944.0,605877412.0,1753013098.0,0.010111130384720035
2026-04-29,33.01,33.02,32.44,32.84,14209444.0,474957290.0,1753013098.0,0.008105726087392873
2026-04-30,32.82,32.89,32.51,32.66,13215462.0,440943386.0,1753013098.0,0.007538712640012459
2026-05-06,32.51,32.66,32.42,32.61,14322389.0,475579949.0,1753013098.0,0.008170155155338149
2026-05-07,32.71,32.77,32.59,32.61,11190435.0,372824299.0,1753013098.0,0.00638354329055903
2026-05-08,32.62,32.67,32.5,32.57,6667074.0,221780564.0,1753013098.0,0.0038032083203522076
2026-05-11,32.51,32.86,32.31,32.74,18695706.0,622293824.0,1753013098.0,0.01066489806683692
2026-05-12,32.63,33.39,32.41,32.86,20211570.0,678019786.0,1753013098.0,0.011529617219095074
2026-05-13,32.89,32.89,32.51,32.58,10810223.0,360194461.0,1753013098.0,0.006166652726287844
2026-05-14,32.58,32.68,32.12,32.12,11552789.0,381855495.0,1753013098.0,0.006590246823130126
2026-05-15,31.97,32.1,30.41,30.65,20663930.0,658111748.0,1753013098.0,0.011787664349784567
2026-05-18,30.36,30.36,29.18,29.48,19107329.0,578227685.0,1753013098.0,0.010899706922783073
2026-05-19,29.44,29.89,29.37,29.5,9585786.0,289289256.0,1753013098.0,0.0054681770552292815
2026-05-20,29.39,29.39,28.77,29.02,13390404.0,395919297.0,1753013098.0,0.0076385076730328
2026-05-21,29.03,29.49,28.97,29.02,14111756.0,420709364.0,1753013098.0,0.008050000320077471
2026-05-22,29.03,29.21,28.32,28.61,13369904.0,390361735.0,1753013098.0,0.007626813521960348
2026-05-25,28.52,28.75,28.4,28.52,7908625.0,230696613.0,1753013098.0,0.00451144661099389
2026-05-26,28.43,28.77,28.3,28.59,10207165.0,297024400.0,1753013098.0,0.005822640464948768
2026-05-27,28.45,29.0,28.12,28.78,12696001.0,370042076.0,1753013098.0,0.007242387985854057
2026-05-28,28.52,28.82,27.94,28.22,11996235.0,346246655.0,1753013098.0,0.006843208994665481
2026-05-29,28.2,29.12,28.16,28.42,20549234.0,602645606.0,1753013098.0,0.011722236430203786
2026-06-01,28.54,28.81,28.24,28.46,11811779.0,342794953.0,1753013098.0,0.006737986734654734
2026-06-02,28.4,28.51,28.11,28.4,8877765.0,256669426.0,1753013098.0,0.005064289029060067
2026-06-03,28.3,28.33,27.52,27.63,15009842.0,424349836.0,1753013098.0,0.008562310240080135
2026-06-04,27.47,27.81,27.22,27.26,9411453.0,263062975.0,1753013098.0,0.005368729424062752
2026-06-05,27.67,28.08,27.55,27.83,15097421.0,429412748.0,1753013098.0,0.008612269364800832
2026-06-08,27.71,28.11,26.95,27.11,13705238.0,382788170.0,1753013098.0,0.007818103592971557
2026-06-09,27.11,27.55,26.91,27.32,8932591.0,248905815.0,1753013098.0,0.005095564323045349
2026-06-10,27.32,28.7,27.3,28.62,20235422.0,568956498.0,1753013098.0,0.011543223506479471
2026-06-11,28.38,29.35,28.28,29.13,17002925.0,492279137.0,1753013098.0,0.009699257249930713
2026-06-12,28.89,29.46,28.45,29.11,15457921.0,449479332.0,1753013098.0,0.008817915289757864
2026-06-15,29.07,29.17,28.8,29.0,9715643.0,281237295.0,1753013098.0,0.005542253512586134
2026-06-16,28.95,28.96,28.2,28.26,11994650.0,340866104.0,1753013098.0,0.006842304837131342
2026-06-17,28.18,28.29,27.58,27.7,12264260.0,341042862.0,1753013098.0,0.006996102889357875
2026-06-18,27.61,28.95,27.49,28.34,15711484.0,446105897.0,1753013098.0,0.008962559388703438
2026-06-22,28.13,28.78,27.41,28.78,15358149.0,430827916.0,1753013098.0,0.008761000712157827
2026-06-23,28.7,29.7,28.6,28.92,21406070.0,625800576.0,1753013098.0,0.012211015436463099
2026-06-24,29.0,29.55,28.18,28.25,24734993.0,713447210.0,1753013098.0,0.01410998755697831
2026-06-25,28.0,28.2,27.08,27.89,22659174.0,626878372.0,1753013098.0,0.0129258440942921
2026-06-26,27.89,28.33,26.41,26.41,23409615.0,634146900.0,1753013098.0,0.013353930456485386
2026-06-29,26.07,28.74,25.63,28.72,37937362.0,1052307084.0,1753013098.0,0.021641231342357032
2026-06-30,28.62,28.63,27.39,28.12,29819732.0,832258659.0,1753013098.0,0.017010558582831535
2026-07-01,28.18,29.74,27.51,29.57,35262346.0,1020445441.0,1753013098.0,0.020115278111858124
2026-07-02,29.51,30.26,29.35,29.49,28518244.0,848011378.0,1753013098.0,0.016268129446685972
2026-07-03,29.99,30.3,29.24,30.05,26791061.0,797750783.0,1753013098.0,0.015282864132941007
2026-07-06,29.94,31.13,29.61,30.44,34411116.0,1053722904.0,1753013098.0,0.01962969702808233
2026-07-07,30.28,30.3,29.11,29.23,25270479.0,747576159.0,1753013098.0,0.014415453614597009
2026-07-08,29.3,29.81,28.92,28.93,17311626.0,506865388.0,1753013098.0,0.009875354622136429
2026-07-09,28.7,29.48,28.24,28.81,18711935.0,538123572.0,1753013098.0,0.010674155841361546
2026-07-10,28.52,29.75,28.04,29.38,26744101.0,777789096.0,1753013098.0,0.015256075970289185
2026-07-13,29.16,29.47,28.85,29.16,18454429.0,536666992.0,1753013098.0,0.010527262472285304
2026-07-14,29.16,30.12,28.71,29.94,25836151.0,767117693.0,1753013098.0,0.014738139167058295
2026-07-15,29.8,32.02,29.71,31.43,45162909.0,1405090983.0,1753013098.0,0.025763018571581718
2026-07-16,30.96,32.5,30.82,31.96,39333051.0,1252026932.0,1753013098.0,0.022437397099242893
2026-07-17,31.64,31.9,29.93,30.1,37298500.0,1140556204.0,1753013098.0,0.021276794818335124
2026-07-20,30.0,31.35,29.92,31.34,30965969.0,954511454.0,1753013098.0,0.017664425345896646
2026-07-21,31.16,31.53,30.3,30.89,29577374.0,912512149.0,1753013098.0,0.016872306335728244
2026-07-22,30.52,31.33,30.5,30.8,24577909.0,758793968.0,1753013098.0,0.01402037955565806
2026-07-23,30.33,30.5,29.97,30.39,22454204.0,678418782.0,1753013098.0,0.01280891969695939
2026-07-24,30.0,30.37,28.56,28.58,31511860.0,920623180.0,1753013098.0,0.017975826898242606
2026-07-27,28.45,29.15,28.42,28.85,17199515.0,495422604.0,1753013098.0,0.009811401306483563
2026-07-28,28.67,29.08,28.52,28.91,11595949.0,334528853.0,1753013098.0,0.006614867289485592
2026-07-29,28.94,29.58,28.93,29.25,18526510.0,543700774.0,1753013098.0,0.010568380818795228
2026-07-30,29.2,29.85,29.11,29.49,18277760.0,538257567.0,1753013098.0,0.010426482278342909
2026-07-31,29.07,29.35,28.98,29.11,21895981.0,637622638.0,1753013098.0,0.012490483399685358
2026-08-03,28.5,28.89,28.11,28.57,22912418.0,654690525.0,1753013098.0,0.01307030622083806
2026-08-04,28.7,28.96,28.39,28.49,20468519.0,585095862.0,1753013098.0,0.011676192849529981
2026-08-05,28.49,28.5,27.63,27.92,34353913.0,957942285.0,1753013098.0,0.01959706578301904
2026-08-06,28.0,28.07,27.67,27.82,15910861.0,442558337.0,1753013098.0,0.009076293279355748
2026-08-07,27.75,29.09,27.63,28.99,41733413.0,1191543807.0,1753013098.0,0.023806674945905052
2026-08-10,29.74,30.29,29.41,29.63,45115335.0,1346350598.0,1753013098.0,0.025735880154844112
2026-08-11,29.35,30.45,29.35,29.81,37619868.0,1129673553.0,1753013098.0,0.021460118035010824
2026-08-12,29.81,30.41,29.42,29.5,29579033.0,880145860.0,1753013098.0,0.016873252706295524
2026-08-13,29.46,30.05,29.01,29.56,33918215.0,1003964566.0,1753013098.0,0.019348523430142678
