date,open,high,low,close,volume,amount,outstanding_share,turnover
2004-08-04,0.84,0.87,0.81,0.85,15775520.0,227864123.0,29000000.0,0.5439834482758621
2004-08-05,0.83,0.86,0.83,0.86,7802637.0,113804013.0,29000000.0,0.26905644827586206
2004-08-06,0.86,0.87,0.82,0.85,6083697.0,88672431.0,29000000.0,0.2097826551724138
2004-08-09,0.84,0.84,0.79,0.8,4360377.0,60979028.0,29000000.0,0.1503578275862069
2004-08-10,0.79,0.8,0.78,0.8,2243114.0,30558836.0,29000000.0,0.07734875862068966
2004-08-11,0.8,0.8,0.74,0.76,3462021.0,45429579.0,29000000.0,0.11938003448275862
2004-08-12,0.75,0.75,0.74,0.74,1822355.0,23361793.0,29000000.0,0.0628398275862069
2004-08-13,0.74,0.76,0.72,0.72,1879090.0,23820870.0,29000000.0,0.06479620689655173
2004-08-16,0.71,0.72,0.66,0.66,3136954.0,36557208.0,29000000.0,0.1081708275862069
2004-08-17,0.65,0.67,0.65,0.65,1469240.0,16686263.0,29000000.0,0.05066344827586207
2004-08-18,0.65,0.66,0.63,0.63,2258758.0,24711913.0,29000000.0,0.07788820689655172
2004-08-19,0.62,0.64,0.62,0.63,1551785.0,16759884.0,29000000.0,0.0535098275862069
2004-08-20,0.64,0.64,0.62,0.64,1132892.0,12367272.0,29000000.0,0.03906524137931035
2004-08-23,0.62,0.63,0.59,0.6,1523263.0,15843928.0,29000000.0,0.05252631034482758
2004-08-24,0.6,0.61,0.58,0.61,1367954.0,14232217.0,29000000.0,0.047170827586206894
2004-08-25,0.6,0.61,0.59,0.61,999015.0,10311169.0,29000000.0,0.034448793103448276
2004-08-26,0.61,0.61,0.58,0.58,1501854.0,15404435.0,29000000.0,0.05178806896551724
2004-08-27,0.6,0.62,0.59,0.61,2549254.0,26714861.0,29000000.0,0.08790531034482758
2004-08-30,0.6,0.66,0.6,0.63,3015096.0,33013872.0,29000000.0,0.1039688275862069
2004-08-31,0.66,0.67,0.64,0.64,3152117.0,35119815.0,29000000.0,0.10869368965517241
2004-09-01,0.63,0.63,0.62,0.62,1196354.0,12875840.0,29000000.0,0.04125358620689655
2004-09-02,0.62,0.63,0.61,0.63,1318589.0,14122182.0,29000000.0,0.045468586206896554
2004-09-03,0.63,0.64,0.62,0.62,828137.0,8901070.0,29000000.0,0.028556448275862067
2004-09-06,0.62,0.63,0.61,0.62,440016.0,4692892.0,29000000.0,0.01517296551724138
2004-09-07,0.62,0.63,0.62,0.62,373991.0,4003830.0,29000000.0,0.012896241379310345
2004-09-08,0.62,0.63,0.62,0.62,414525.0,4430504.0,29000000.0,0.014293965517241379
2004-09-09,0.62,0.62,0.6,0.61,714451.0,7475331.0,29000000.0,0.024636241379310343
2004-09-10,0.6,0.61,0.6,0.61,469270.0,4895862.0,29000000.0,0.016181724137931036
2004-09-13,0.61,0.61,0.58,0.59,680318.0,6930965.0,29000000.0,0.023459241379310346
2004-09-14,0.59,0.62,0.59,0.61,1109500.0,11619295.0,29000000.0,0.03825862068965517
2004-09-15,0.61,0.66,0.6,0.65,3472837.0,38297276.0,29000000.0,0.119753
2004-09-16,0.65,0.68,0.64,0.67,4714240.0,53876445.0,29000000.0,0.16256
2004-09-17,0.67,0.69,0.65,0.69,3442061.0,39812399.0,29000000.0,0.11869175862068966
2004-09-20,0.7,0.71,0.68,0.71,3673137.0,44164870.0,29000000.0,0.12665989655172413
2004-09-21,0.71,0.73,0.69,0.72,3513005.0,42979261.0,29000000.0,0.12113810344827586
2004-09-22,0.71,0.73,0.7,0.71,3153655.0,38825986.0,29000000.0,0.10874672413793103
2004-09-23,0.71,0.72,0.68,0.7,2438726.0,29298786.0,29000000.0,0.084094
2004-09-24,0.71,0.74,0.68,0.68,3647395.0,45179246.0,29000000.0,0.12577224137931034
2004-09-27,0.7,0.71,0.67,0.68,1598504.0,18967429.0,29000000.0,0.0551208275862069
2004-09-28,0.68,0.69,0.67,0.68,908400.0,10660025.0,29000000.0,0.03132413793103448
2004-09-29,0.68,0.7,0.68,0.68,836973.0,9891958.0,29000000.0,0.028861137931034484
2004-09-30,0.68,0.7,0.67,0.67,1049040.0,12385798.0,29000000.0,0.036173793103448273
2004-10-08,0.67,0.72,0.67,0.72,1980558.0,23926291.0,29000000.0,0.06829510344827586
2004-10-11,0.72,0.76,0.71,0.71,3605813.0,45451539.0,29000000.0,0.12433837931034483
2004-10-13,0.7,0.72,0.69,0.7,1756476.0,21231639.0,29000000.0,0.06056813793103448
2004-10-14,0.7,0.71,0.63,0.63,2343711.0,26272923.0,29000000.0,0.08081762068965517
2004-10-15,0.62,0.63,0.6,0.62,1288520.0,13629283.0,29000000.0,0.044431724137931033
2004-10-18,0.61,0.64,0.61,0.63,883418.0,9577957.0,29000000.0,0.030462689655172414
2004-10-19,0.64,0.65,0.62,0.62,802625.0,8709695.0,29000000.0,0.027676724137931034
2004-10-20,0.62,0.63,0.61,0.62,471435.0,4982719.0,29000000.0,0.016256379310344828
2004-10-21,0.62,0.63,0.61,0.61,598604.0,6392558.0,29000000.0,0.02064151724137931
2004-10-22,0.61,0.64,0.6,0.64,1067809.0,11401996.0,29000000.0,0.036821
2004-10-25,0.63,0.64,0.62,0.62,902891.0,9795560.0,29000000.0,0.031134172413793102
2004-10-26,0.61,0.63,0.61,0.63,766477.0,8187073.0,29000000.0,0.026430241379310344
2004-10-27,0.63,0.66,0.63,0.66,1856239.0,20661430.0,29000000.0,0.06400824137931034
2004-10-28,0.66,0.67,0.63,0.64,1422528.0,15966209.0,29000000.0,0.04905268965517241
2004-10-29,0.64,0.68,0.64,0.66,2073467.0,23693619.0,29000000.0,0.07149886206896552
2004-11-01,0.66,0.67,0.65,0.65,802335.0,9074587.0,29000000.0,0.027666724137931035
2004-11-02,0.65,0.65,0.63,0.64,781440.0,8643057.0,29000000.0,0.026946206896551726
2004-11-03,0.65,0.67,0.64,0.67,834498.0,9439920.0,29000000.0,0.028775793103448275
2004-11-04,0.67,0.67,0.63,0.64,1053980.0,11834874.0,29000000.0,0.036344137931034484
2004-11-05,0.65,0.65,0.63,0.64,537952.0,5941557.0,29000000.0,0.018550068965517242
2004-11-08,0.64,0.64,0.63,0.63,394926.0,4296144.0,29000000.0,0.013618137931034483
2004-11-09,0.63,0.65,0.63,0.64,431877.0,4755131.0,29000000.0,0.014892310344827586
2004-11-10,0.65,0.7,0.63,0.7,3026103.0,35835012.0,29000000.0,0.10434837931034482
2004-11-11,0.73,0.75,0.71,0.71,8180290.0,102775100.0,29000000.0,0.2820789655172414
2004-11-12,0.71,0.72,0.7,0.71,3089911.0,37863525.0,29000000.0,0.1065486551724138
2004-11-15,0.71,0.72,0.7,0.72,1609954.0,19764893.0,29000000.0,0.055515655172413796
2004-11-16,0.72,0.72,0.7,0.7,1268057.0,15388758.0,29000000.0,0.04372610344827586
2004-11-17,0.7,0.72,0.7,0.71,1543234.0,18848193.0,29000000.0,0.05321496551724138
2004-11-18,0.71,0.72,0.7,0.71,979947.0,12013954.0,29000000.0,0.03379127586206897
2004-11-19,0.71,0.72,0.7,0.72,1174889.0,14456807.0,29000000.0,0.04051341379310345
2004-11-22,0.72,0.75,0.72,0.74,3270094.0,41368620.0,29000000.0,0.11276186206896552
2004-11-23,0.75,0.75,0.71,0.72,1802318.0,22532552.0,29000000.0,0.06214889655172414
2004-11-24,0.71,0.72,0.69,0.7,2059727.0,25077328.0,29000000.0,0.07102506896551725
2004-11-25,0.7,0.71,0.69,0.7,829761.0,9995922.0,29000000.0,0.028612448275862068
2004-11-26,0.69,0.71,0.69,0.7,470651.0,5671977.0,29000000.0,0.016229344827586208
2004-11-29,0.69,0.7,0.67,0.67,913565.0,10689261.0,29000000.0,0.03150224137931035
2004-11-30,0.67,0.68,0.67,0.68,458164.0,5320104.0,29000000.0,0.015798758620689655
2004-12-01,0.68,0.68,0.67,0.67,508021.0,5873819.0,29000000.0,0.017517965517241378
2004-12-02,0.67,0.67,0.66,0.67,688857.0,7848916.0,29000000.0,0.023753689655172414
2004-12-03,0.67,0.73,0.67,0.71,3035696.0,37167496.0,29000000.0,0.1046791724137931
2004-12-06,0.71,0.71,0.69,0.7,854216.0,10279162.0,29000000.0,0.029455724137931034
2004-12-07,0.71,0.71,0.68,0.69,542100.0,6469694.0,29000000.0,0.018693103448275863
2004-12-08,0.7,0.72,0.7,0.7,1144976.0,13954675.0,29000000.0,0.03948193103448276
2004-12-09,0.7,0.74,0.7,0.72,2872228.0,35808221.0,29000000.0,0.09904234482758621
2004-12-10,0.71,0.71,0.69,0.7,1118511.0,13509919.0,29000000.0,0.038569344827586206
2004-12-13,0.69,0.71,0.69,0.71,826510.0,10072639.0,29000000.0,0.02850034482758621
2004-12-14,0.71,0.72,0.7,0.72,459746.0,5627266.0,29000000.0,0.015853310344827586
2004-12-15,0.72,0.72,0.7,0.71,834848.0,10264831.0,29000000.0,0.028787862068965518
2004-12-16,0.71,0.72,0.69,0.69,723653.0,8747313.0,29000000.0,0.02495355172413793
2004-12-17,0.69,0.69,0.67,0.67,723609.0,8461515.0,29000000.0,0.02495203448275862
2004-12-20,0.67,0.67,0.65,0.66,596990.0,6759210.0,29000000.0,0.020585862068965517
2004-12-21,0.66,0.67,0.66,0.66,356121.0,4066515.0,29000000.0,0.01228003448275862
2004-12-22,0.67,0.69,0.66,0.69,731576.0,8557694.0,29000000.0,0.025226758620689654
2004-12-23,0.69,0.69,0.66,0.66,488159.0,5652519.0,29000000.0,0.016833068965517242
2004-12-24,0.66,0.68,0.65,0.67,329142.0,3778296.0,29000000.0,0.011349724137931035
2004-12-27,0.66,0.67,0.66,0.66,312219.0,3558133.0,29000000.0,0.010766172413793103
2004-12-28,0.66,0.67,0.65,0.66,220557.0,2503555.0,29000000.0,0.0076054137931034485
2004-12-29,0.66,0.67,0.64,0.64,580336.0,6468939.0,29000000.0,0.020011586206896553
2004-12-30,0.63,0.65,0.63,0.64,270174.0,2985591.0,29000000.0,0.009316344827586207
2004-12-31,0.65,0.65,0.63,0.63,427331.0,4675948.0,29000000.0,0.014735551724137931
2005-01-04,0.63,0.63,0.62,0.62,331169.0,3549960.0,29000000.0,0.011419620689655172
2005-01-05,0.62,0.65,0.62,0.64,399888.0,4392102.0,29000000.0,0.013789241379310344
2005-01-06,0.64,0.64,0.63,0.64,223489.0,2448284.0,29000000.0,0.00770651724137931
2005-01-07,0.64,0.66,0.63,0.64,332349.0,3700626.0,29000000.0,0.011460310344827586
2005-01-10,0.63,0.66,0.63,0.66,875672.0,9872204.0,29000000.0,0.030195586206896552
2005-01-11,0.66,0.67,0.65,0.66,627481.0,7135301.0,29000000.0,0.021637275862068966
2005-01-12,0.66,0.66,0.65,0.66,349229.0,3922378.0,29000000.0,0.012042379310344827
2005-01-13,0.65,0.66,0.65,0.66,326302.0,3700551.0,29000000.0,0.011251793103448276
2005-01-14,0.65,0.66,0.64,0.64,359310.0,4008185.0,29000000.0,0.01239
2005-01-17,0.63,0.63,0.62,0.62,494179.0,5333587.0,29000000.0,0.017040655172413793
2005-01-18,0.63,0.64,0.63,0.64,299392.0,3267395.0,29000000.0,0.010323862068965517
2005-01-19,0.64,0.64,0.62,0.62,457300.0,4958044.0,29000000.0,0.01576896551724138
2005-01-20,0.62,0.63,0.61,0.61,371684.0,3942756.0,29000000.0,0.012816689655172414
2005-01-21,0.61,0.63,0.59,0.63,731813.0,7735136.0,29000000.0,0.02523493103448276
2005-01-24,0.65,0.67,0.64,0.65,1094469.0,12280834.0,29000000.0,0.03774031034482759
2005-01-25,0.64,0.64,0.62,0.63,714730.0,7761134.0,29000000.0,0.02464586206896552
2005-01-26,0.62,0.63,0.62,0.62,302655.0,3266302.0,29000000.0,0.010436379310344827
2005-01-27,0.62,0.63,0.61,0.61,227744.0,2423623.0,29000000.0,0.007853241379310346
2005-01-28,0.61,0.62,0.6,0.6,235618.0,2453503.0,29000000.0,0.008124758620689655
2005-01-31,0.6,0.6,0.57,0.58,495399.0,5008230.0,29000000.0,0.017082724137931035
2005-02-01,0.56,0.58,0.56,0.56,508458.0,4995005.0,29000000.0,0.01753303448275862
2005-02-02,0.56,0.6,0.56,0.6,723162.0,7252582.0,29000000.0,0.024936620689655173
2005-02-03,0.6,0.61,0.58,0.58,817050.0,8267096.0,29000000.0,0.028174137931034484
2005-02-04,0.58,0.6,0.58,0.59,536733.0,5460792.0,29000000.0,0.01850803448275862
2005-02-16,0.6,0.6,0.59,0.6,415250.0,4280617.0,29000000.0,0.01431896551724138
2005-02-17,0.59,0.6,0.59,0.6,263351.0,2684818.0,29000000.0,0.009081068965517242
2005-02-18,0.6,0.6,0.59,0.59,383300.0,3947672.0,29000000.0,0.013217241379310345
2005-02-21,0.59,0.6,0.59,0.6,248687.0,2550052.0,29000000.0,0.008575413793103448
2005-02-22,0.6,0.62,0.6,0.62,1027141.0,10821591.0,29000000.0,0.03541865517241379
2005-02-23,0.62,0.63,0.61,0.62,1080188.0,11601988.0,29000000.0,0.03724786206896552
2005-02-24,0.62,0.63,0.61,0.62,639584.0,6809956.0,29000000.0,0.022054620689655174
2005-02-25,0.63,0.65,0.62,0.62,1543254.0,16948792.0,29000000.0,0.05321565517241379
2005-02-28,0.62,0.64,0.62,0.63,513966.0,5563690.0,29000000.0,0.01772296551724138
2005-03-01,0.63,0.64,0.62,0.63,597999.0,6491401.0,29000000.0,0.020620655172413793
2005-03-02,0.64,0.64,0.62,0.62,504380.0,5436219.0,29000000.0,0.01739241379310345
2005-03-03,0.62,0.63,0.62,0.62,380912.0,4071078.0,29000000.0,0.013134896551724139
2005-03-04,0.62,0.63,0.62,0.63,691899.0,7469981.0,29000000.0,0.023858586206896553
2005-03-07,0.64,0.66,0.64,0.66,2682854.0,30196780.0,29000000.0,0.09251220689655172
2005-03-08,0.66,0.7,0.65,0.7,3409060.0,39878049.0,29000000.0,0.11755379310344828
2005-03-09,0.7,0.71,0.69,0.7,1782357.0,21410285.0,29000000.0,0.06146058620689655
2005-03-10,0.69,0.72,0.69,0.7,2477667.0,30189024.0,29000000.0,0.08543679310344827
2005-03-11,0.7,0.72,0.69,0.72,1647101.0,20157425.0,29000000.0,0.05679658620689655
2005-03-14,0.71,0.72,0.7,0.7,1624224.0,19703677.0,29000000.0,0.056007724137931036
2005-03-15,0.7,0.73,0.7,0.72,1727234.0,21513856.0,29000000.0,0.05955979310344828
2005-03-16,0.71,0.73,0.7,0.7,1139256.0,14049854.0,29000000.0,0.039284689655172414
2005-03-17,0.7,0.71,0.68,0.69,1763598.0,21168483.0,29000000.0,0.060813724137931034
2005-03-18,0.69,0.72,0.65,0.71,2008957.0,24405437.0,29000000.0,0.06927437931034483
2005-03-21,0.71,0.76,0.7,0.75,2227442.0,28323084.0,29000000.0,0.07680834482758621
2005-03-22,0.75,0.76,0.73,0.74,1356876.0,17365957.0,29000000.0,0.046788827586206894
2005-03-23,0.75,0.78,0.69,0.7,4071724.0,51164883.0,29000000.0,0.14040427586206897
2005-03-24,0.75,0.77,0.73,0.77,7043319.0,91599301.0,29000000.0,0.24287306896551725
2005-03-25,0.77,0.77,0.74,0.74,3075270.0,39722471.0,29000000.0,0.10604379310344828
2005-03-28,0.73,0.75,0.73,0.74,1514401.0,19311535.0,29000000.0,0.05222072413793104
2005-03-29,0.74,0.74,0.71,0.72,1389393.0,17352778.0,29000000.0,0.04791010344827586
2005-03-30,0.72,0.72,0.68,0.68,1482860.0,17718311.0,29000000.0,0.05113310344827586
2005-03-31,0.68,0.7,0.68,0.69,853163.0,10109550.0,29000000.0,0.02941941379310345
2005-04-01,0.69,0.75,0.68,0.74,1624366.0,20135971.0,29000000.0,0.05601262068965517
2005-04-04,0.72,0.75,0.7,0.73,1617719.0,20252258.0,29000000.0,0.05578341379310345
2005-04-05,0.72,0.75,0.72,0.72,1008997.0,12733709.0,29000000.0,0.034793
2005-04-06,0.73,0.76,0.72,0.75,1610383.0,20631754.0,29000000.0,0.05553044827586207
2005-04-07,0.76,0.77,0.74,0.75,1933729.0,25189623.0,29000000.0,0.06668031034482759
2005-04-08,0.75,0.76,0.73,0.76,1418928.0,18204566.0,29000000.0,0.04892855172413793
2005-04-11,0.75,0.77,0.74,0.74,1187074.0,15372183.0,29000000.0,0.04093358620689655
2005-04-12,0.74,0.75,0.73,0.74,690125.0,8814343.0,29000000.0,0.023797413793103447
2005-04-13,0.74,0.77,0.74,0.76,1643826.0,21582929.0,29000000.0,0.05668365517241379
2005-04-14,0.77,0.8,0.74,0.78,2702654.0,36429082.0,29000000.0,0.09319496551724138
2005-04-15,0.78,0.8,0.76,0.77,1857403.0,24977140.0,29000000.0,0.06404837931034482
2005-04-18,0.77,0.78,0.75,0.77,1029299.0,13469130.0,29000000.0,0.03549306896551724
2005-04-19,0.76,0.77,0.75,0.76,548503.0,7178249.0,29000000.0,0.018913896551724138
2005-04-20,0.79,0.81,0.78,0.79,2995625.0,41106326.0,29000000.0,0.10329741379310345
2005-04-21,0.79,0.81,0.78,0.81,1775204.0,24331737.0,29000000.0,0.061213931034482756
2005-04-22,0.8,0.81,0.78,0.78,1727650.0,23591877.0,29000000.0,0.059574137931034485
2005-04-25,0.78,0.8,0.78,0.8,1261944.0,17181238.0,29000000.0,0.043515310344827585
2005-04-27,0.8,0.81,0.77,0.77,1242580.0,16880085.0,29000000.0,0.04284758620689655
2005-04-28,0.76,0.8,0.76,0.79,1588691.0,21644334.0,29000000.0,0.05478244827586207
2005-04-29,0.79,0.8,0.77,0.77,1228054.0,16554970.0,29000000.0,0.042346689655172416
2005-05-09,0.79,0.79,0.77,0.77,1209209.0,16234670.0,29000000.0,0.041696862068965515
2005-05-10,0.77,0.77,0.7,0.72,1875335.0,23190967.0,29000000.0,0.06466672413793104
2005-05-11,0.72,0.76,0.71,0.71,1659185.0,10343420.0,58000000.0,0.028606637931034483
2005-05-12,0.71,0.74,0.67,0.74,3283901.0,19518114.0,58000000.0,0.05661898275862069
2005-05-13,0.73,0.75,0.71,0.73,3191223.0,19848069.0,58000000.0,0.05502108620689655
2005-05-16,0.74,0.74,0.68,0.7,1585831.0,9541420.0,58000000.0,0.02734191379310345
2005-05-17,0.69,0.74,0.69,0.72,1410852.0,8584856.0,58000000.0,0.02432503448275862
2005-05-18,0.72,0.73,0.71,0.73,1136898.0,6932337.0,58000000.0,0.019601689655172415
2005-05-19,0.73,0.74,0.71,0.73,1220347.0,7516781.0,58000000.0,0.02104046551724138
2005-05-20,0.75,0.77,0.73,0.74,3606679.0,23039741.0,58000000.0,0.062184120689655176
2005-05-23,0.72,0.73,0.71,0.72,1423646.0,8648923.0,58000000.0,0.024545620689655174
2005-05-24,0.71,0.74,0.71,0.74,1459586.0,9096572.0,58000000.0,0.025165275862068966
2005-05-25,0.74,0.74,0.72,0.73,1040961.0,6457551.0,58000000.0,0.01794760344827586
2005-05-26,0.72,0.74,0.71,0.71,1257453.0,7662279.0,58000000.0,0.021680224137931036
2005-05-27,0.71,0.73,0.7,0.71,1096760.0,6634698.0,58000000.0,0.018909655172413792
2005-05-30,0.7,0.71,0.67,0.7,1595031.0,9311518.0,58000000.0,0.02750053448275862
2005-05-31,0.7,0.71,0.69,0.7,720610.0,4259318.0,58000000.0,0.012424310344827586
2005-06-01,0.7,0.7,0.63,0.64,2172366.0,12108629.0,58000000.0,0.037454586206896553
2005-06-02,0.64,0.64,0.61,0.62,1809142.0,9535152.0,58000000.0,0.031192103448275863
2005-06-03,0.61,0.62,0.6,0.61,1078413.0,5580747.0,58000000.0,0.018593327586206895
2005-06-06,0.6,0.64,0.59,0.64,1986107.0,10315514.0,58000000.0,0.03424322413793104
2005-06-07,0.63,0.66,0.62,0.62,2356475.0,12736114.0,58000000.0,0.040628879310344826
2005-06-08,0.62,0.69,0.62,0.68,4424098.0,25066635.0,58000000.0,0.07627755172413793
2005-06-09,0.67,0.75,0.67,0.73,6104543.0,37262803.0,58000000.0,0.10525074137931034
2005-06-10,0.73,0.74,0.7,0.72,3105473.0,18831865.0,58000000.0,0.05354263793103448
2005-06-13,0.72,0.73,0.69,0.72,1991386.0,11967771.0,58000000.0,0.03433424137931034
2005-06-14,0.72,0.73,0.68,0.68,1785144.0,10652535.0,58000000.0,0.030778344827586207
2005-06-15,0.68,0.71,0.66,0.69,1995935.0,11527972.0,58000000.0,0.0344126724137931
2005-06-16,0.68,0.75,0.68,0.75,5914293.0,36521238.0,58000000.0,0.10197056896551725
2005-06-17,0.76,0.77,0.72,0.72,4666235.0,29077514.0,58000000.0,0.08045232758620689
2005-06-20,0.74,0.78,0.71,0.77,9694708.0,62075906.0,58000000.0,0.16715013793103448
2005-06-21,0.77,0.84,0.75,0.8,11159063.0,74784046.0,58000000.0,0.19239763793103448
2005-06-22,0.79,0.83,0.78,0.81,10484920.0,72019963.0,58000000.0,0.18077448275862068
2005-06-23,0.8,0.83,0.76,0.77,8493056.0,57227079.0,58000000.0,0.146432
2005-06-24,0.77,0.79,0.76,0.78,5215891.0,34398421.0,58000000.0,0.08992915517241379
2005-06-27,0.8,0.86,0.8,0.86,13786720.0,98335590.0,58000000.0,0.23770206896551724
2005-06-28,0.84,0.87,0.83,0.83,10293412.0,73530371.0,58000000.0,0.17747262068965516
2005-06-29,0.84,0.85,0.81,0.81,7280681.0,51300657.0,58000000.0,0.12552898275862068
2005-06-30,0.8,0.82,0.79,0.79,4662218.0,31665252.0,58000000.0,0.08038306896551724
2005-07-01,0.8,0.8,0.75,0.75,4590361.0,30141225.0,58000000.0,0.0791441551724138
2005-07-04,0.75,0.79,0.74,0.78,3858326.0,25029074.0,58000000.0,0.06652286206896552
2005-07-05,0.78,0.82,0.77,0.79,5448776.0,36977085.0,58000000.0,0.09394441379310345
2005-07-06,0.79,0.81,0.77,0.78,3620268.0,24192215.0,58000000.0,0.06241841379310345
2005-07-07,0.78,0.79,0.77,0.78,2030162.0,13406990.0,58000000.0,0.035002793103448275
2005-07-08,0.78,0.78,0.73,0.73,3430856.0,21705280.0,58000000.0,0.05915268965517241
2005-07-11,0.76,0.79,0.74,0.75,3607535.0,23403485.0,58000000.0,0.062198879310344825
2005-07-12,0.75,0.82,0.74,0.82,8040134.0,54251908.0,58000000.0,0.138623
2005-07-13,0.81,0.83,0.8,0.81,6592417.0,45487479.0,58000000.0,0.11366236206896552
2005-07-14,0.81,0.83,0.81,0.81,3111700.0,21467478.0,58000000.0,0.05365
2005-07-15,0.82,0.82,0.78,0.79,3395647.0,22896840.0,58000000.0,0.05854563793103448
2005-07-18,0.78,0.81,0.78,0.81,2746308.0,18590216.0,58000000.0,0.047350137931034486
2005-07-19,0.8,0.83,0.8,0.82,3956020.0,27408181.0,58000000.0,0.06820724137931035
2005-07-20,0.82,0.82,0.8,0.81,2516202.0,17364385.0,58000000.0,0.043382793103448274
2005-07-21,0.81,0.82,0.79,0.8,3043508.0,20588366.0,58000000.0,0.052474275862068966
2005-07-22,0.81,0.82,0.78,0.8,4991588.0,33950051.0,58000000.0,0.08606186206896552
2005-07-25,0.8,0.8,0.74,0.74,7594723.0,48685509.0,58000000.0,0.1309435
2005-07-26,0.74,0.77,0.74,0.75,4476718.0,28709827.0,58000000.0,0.07718479310344828
2005-07-27,0.75,0.77,0.75,0.77,4535017.0,29268380.0,58000000.0,0.07818994827586206
2005-07-28,0.77,0.79,0.75,0.77,4221132.0,27581411.0,58000000.0,0.07277813793103448
2005-07-29,0.76,0.77,0.75,0.76,2737360.0,17495305.0,58000000.0,0.04719586206896552
2005-08-01,0.75,0.79,0.75,0.79,4417859.0,28907240.0,58000000.0,0.07616998275862069
2005-08-02,0.79,0.79,0.77,0.79,3806471.0,25203691.0,58000000.0,0.06562881034482759
2005-08-03,0.79,0.81,0.79,0.79,4954596.0,33382941.0,58000000.0,0.08542406896551724
2005-08-04,0.79,0.83,0.78,0.81,5777876.0,39662323.0,58000000.0,0.09961855172413793
2005-08-05,0.81,0.87,0.81,0.86,10156883.0,72710988.0,58000000.0,0.17511867241379311
2005-08-08,0.89,0.92,0.88,0.88,13481498.0,102615809.0,58000000.0,0.23243962068965518
2005-08-09,0.88,0.92,0.87,0.91,7334262.0,55523445.0,58000000.0,0.12645279310344829
2005-08-10,0.9,0.92,0.88,0.92,6068559.0,46363303.0,58000000.0,0.1046303275862069
2005-08-11,0.92,0.92,0.89,0.9,5137248.0,39362033.0,58000000.0,0.08857324137931034
2005-08-12,0.91,0.92,0.88,0.89,5759670.0,43945886.0,58000000.0,0.0993046551724138
2005-08-15,0.89,0.97,0.89,0.96,9673789.0,76466644.0,58000000.0,0.1667894655172414
2005-08-16,0.96,0.98,0.93,0.95,7084827.0,57399027.0,58000000.0,0.12215218965517241
2005-08-17,0.95,1.03,0.94,1.01,7942675.0,66528167.0,58000000.0,0.1369426724137931
2005-08-18,1.01,1.05,0.94,0.95,8491658.0,72333694.0,58000000.0,0.14640789655172415
2005-08-19,0.95,0.99,0.93,0.97,6374874.0,52049658.0,58000000.0,0.10991162068965517
2005-08-22,0.96,0.97,0.93,0.96,2944995.0,23797721.0,58000000.0,0.05077577586206897
2005-08-23,0.96,0.96,0.91,0.93,3753321.0,29558995.0,58000000.0,0.06471243103448276
2005-08-24,0.93,0.97,0.93,0.96,4730238.0,38373091.0,58000000.0,0.0815558275862069
2005-08-25,0.96,0.97,0.94,0.97,3586456.0,29172503.0,58000000.0,0.06183544827586207
2005-08-26,0.97,0.99,0.96,0.97,2815718.0,23221931.0,58000000.0,0.04854686206896552
2005-08-30,0.93,0.95,0.92,0.92,2945859.0,23258569.0,58000000.0,0.050790672413793106
2005-08-31,0.93,0.96,0.93,0.96,3486324.0,28114397.0,58000000.0,0.06010903448275862
2005-09-01,0.97,0.98,0.96,0.98,3222433.0,26446124.0,58000000.0,0.05555918965517241
2005-09-02,0.98,1.02,0.98,1.0,4790267.0,40887630.0,58000000.0,0.08259081034482758
2005-09-05,1.01,1.03,0.99,1.01,2421085.0,20628152.0,58000000.0,0.04174284482758621
2005-09-06,1.01,1.01,0.97,0.97,4139093.0,34789304.0,58000000.0,0.0713636724137931
2005-09-07,0.97,1.01,0.96,1.01,2901490.0,24238686.0,58000000.0,0.050025689655172415
2005-09-08,1.01,1.01,0.98,0.99,2432796.0,20450664.0,58000000.0,0.04194475862068966
2005-09-09,1.0,1.04,0.99,1.02,6829677.0,59052941.0,58000000.0,0.11775305172413793
2005-09-22,0.95,0.99,0.92,0.94,3614871.0,29023368.0,58000000.0,0.062325362068965516
2005-09-23,0.93,0.95,0.87,0.9,2829247.0,21737608.0,58000000.0,0.04878012068965517
2005-09-26,0.9,0.93,0.9,0.92,1547046.0,11992207.0,58000000.0,0.026673206896551723
2005-09-27,0.93,0.93,0.91,0.93,1978088.0,15424870.0,58000000.0,0.03410496551724138
2005-09-28,0.93,0.93,0.89,0.91,1899686.0,14731615.0,58000000.0,0.03275320689655172
2005-09-29,0.9,0.93,0.9,0.93,2110317.0,16387242.0,58000000.0,0.036384775862068966
2005-09-30,0.93,0.96,0.92,0.96,2641885.0,21100813.0,58000000.0,0.045549741379310345
2005-10-10,0.96,0.99,0.95,0.99,3055312.0,25379190.0,58000000.0,0.05267779310344828
2005-10-11,0.99,1.02,0.98,1.0,3602072.0,30533743.0,58000000.0,0.062104689655172414
2005-10-12,1.0,1.0,0.97,0.97,4269312.0,35492939.0,58000000.0,0.07360882758620689
2005-11-10,0.99,1.07,0.99,1.01,12956339.0,86122112.0,75400000.0,0.17183473474801061
2005-11-11,0.99,1.01,0.97,0.99,3426302.0,22075601.0,75400000.0,0.04544167108753316
2005-11-14,0.98,1.0,0.97,0.98,1347831.0,8642609.0,75400000.0,0.017875742705570293
2005-11-15,0.98,0.99,0.91,0.92,3359862.0,20733357.0,75400000.0,0.04456050397877984
2005-11-16,0.92,0.94,0.87,0.94,2757320.0,16232798.0,75400000.0,0.03656923076923077
2005-11-17,0.92,0.93,0.9,0.91,1580710.0,9447279.0,75400000.0,0.020964323607427057
2005-11-18,0.91,0.97,0.91,0.96,3731238.0,23112025.0,75400000.0,0.04948591511936339
2005-11-21,0.95,0.97,0.95,0.96,1735821.0,10900642.0,75400000.0,0.023021498673740055
2005-11-22,0.96,0.97,0.93,0.94,1769907.0,11007650.0,75400000.0,0.023473567639257294
2005-11-23,0.92,0.96,0.92,0.95,1414234.0,8747137.0,75400000.0,0.018756419098143236
2005-11-24,0.95,0.96,0.94,0.95,1140442.0,7076320.0,75400000.0,0.015125225464190982
2005-11-25,0.96,0.96,0.93,0.94,1249553.0,7691020.0,75400000.0,0.016572320954907162
2005-11-28,0.94,0.95,0.92,0.92,1667571.0,10058175.0,75400000.0,0.022116326259946948
2005-11-29,0.93,0.95,0.93,0.95,2629938.0,16232089.0,75400000.0,0.03487981432360743
2005-11-30,0.95,1.01,0.95,1.0,5953957.0,38228869.0,75400000.0,0.07896494694960213
2005-12-01,1.0,1.0,0.96,0.97,2838142.0,18095646.0,75400000.0,0.037641140583554375
2005-12-02,0.96,0.99,0.96,0.98,1931094.0,12259189.0,75400000.0,0.02561132625994695
2005-12-05,0.97,0.99,0.94,0.94,1855643.0,11696946.0,75400000.0,0.024610649867374004
2005-12-06,0.93,0.96,0.93,0.95,1090814.0,6714420.0,75400000.0,0.014467029177718834
2005-12-07,0.95,0.96,0.94,0.96,1058833.0,6549200.0,75400000.0,0.01404287798408488
2005-12-08,0.97,0.99,0.96,0.97,1678794.0,10628321.0,75400000.0,0.022265172413793104
2005-12-09,0.97,0.99,0.97,0.99,1944391.0,12447862.0,75400000.0,0.025787679045092837
2005-12-12,0.99,0.99,0.97,0.98,1381498.0,8863534.0,75400000.0,0.018322254641909813
2005-12-13,0.98,0.99,0.96,0.97,1334197.0,8412052.0,75400000.0,0.017694920424403182
2005-12-14,0.98,0.99,0.96,0.99,2441597.0,15552162.0,75400000.0,0.03238192307692308
2005-12-15,1.0,1.02,0.98,0.98,7010490.0,45758290.0,75400000.0,0.09297732095490716
2005-12-16,0.97,1.0,0.97,1.0,2539683.0,16347951.0,75400000.0,0.03368279840848806
2005-12-19,0.99,1.0,0.98,0.99,1486503.0,9555688.0,75400000.0,0.019714893899204243
2005-12-20,0.99,0.99,0.97,0.98,1203702.0,7691935.0,75400000.0,0.0159642175066313
2005-12-21,0.98,0.99,0.97,0.97,1532189.0,9716857.0,75400000.0,0.02032080901856764
2005-12-22,0.97,0.99,0.96,0.98,1185108.0,7527396.0,75400000.0,0.01571761273209549
2005-12-23,0.98,0.99,0.97,0.98,1255981.0,7989393.0,75400000.0,0.016657572944297084
2005-12-26,0.98,0.99,0.98,0.98,2122550.0,13648050.0,75400000.0,0.02815053050397878
2005-12-27,0.98,0.99,0.97,0.97,1409664.0,8965737.0,75400000.0,0.018695809018567638
2005-12-28,0.97,0.99,0.97,0.98,1506154.0,9624112.0,75400000.0,0.01997551724137931
2005-12-29,0.98,0.99,0.97,0.98,1954417.0,12475559.0,75400000.0,0.025920649867374006
2005-12-30,0.99,0.99,0.96,0.96,2028171.0,12824765.0,75400000.0,0.026898819628647215
2006-01-04,0.96,0.97,0.95,0.97,1555765.0,9762191.0,75400000.0,0.020633488063660478
2006-01-05,0.97,0.98,0.96,0.98,2260264.0,14286075.0,75400000.0,0.029976976127320955
2006-01-06,0.98,0.99,0.97,0.99,3299042.0,21095702.0,75400000.0,0.04375387267904509
2006-01-09,0.99,1.02,0.99,1.01,6524859.0,42863138.0,75400000.0,0.08653659151193634
2006-01-10,1.01,1.01,0.99,1.0,2602821.0,16911428.0,75400000.0,0.034520172413793106
2006-01-11,1.0,1.0,0.97,0.98,3009882.0,19213079.0,75400000.0,0.03991885941644562
2006-01-12,0.98,1.01,0.98,1.0,3352846.0,21848150.0,75400000.0,0.04446745358090186
2006-01-13,1.01,1.02,0.99,0.99,2791650.0,18243836.0,75400000.0,0.037024535809018565
2006-01-16,0.99,1.02,0.99,1.0,3996759.0,26264997.0,75400000.0,0.05300741379310345
2006-01-17,1.0,1.02,0.99,1.01,3936798.0,25866973.0,75400000.0,0.052212175066312996
2006-01-18,1.01,1.06,1.01,1.05,7638456.0,51903176.0,75400000.0,0.1013057824933687
2006-01-19,1.06,1.07,1.04,1.05,4575113.0,31320046.0,75400000.0,0.06067789124668435
2006-01-20,1.06,1.11,1.05,1.06,5393561.0,37771355.0,75400000.0,0.07153263925729443
2006-01-23,1.07,1.1,1.06,1.09,4711490.0,33140538.0,75400000.0,0.06248660477453581
2006-01-24,1.08,1.1,1.07,1.08,3393856.0,23911700.0,75400000.0,0.04501135278514589
2006-01-25,1.08,1.08,1.01,1.05,4466257.0,30469184.0,75400000.0,0.05923417771883289
2006-02-06,1.05,1.09,1.04,1.09,2770500.0,19223877.0,75400000.0,0.03674403183023873
2006-02-07,1.09,1.09,1.05,1.07,3933292.0,27474644.0,75400000.0,0.05216567639257295
2006-02-08,1.06,1.07,1.04,1.06,2766139.0,18984716.0,75400000.0,0.03668619363395226
2006-02-09,1.06,1.09,1.05,1.07,2448642.0,17059781.0,75400000.0,0.032475358090185674
2006-02-10,1.08,1.12,1.07,1.11,5338039.0,38127908.0,75400000.0,0.07079627320954907
2006-02-13,1.11,1.11,1.08,1.1,3060824.0,21905128.0,75400000.0,0.04059448275862069
2006-02-15,1.12,1.13,1.1,1.12,4291965.0,31283559.0,75400000.0,0.05692261273209549
2006-02-16,1.15,1.16,1.11,1.14,9086928.0,67312637.0,75400000.0,0.12051628647214854
2006-02-17,1.14,1.14,1.04,1.04,6255124.0,43812664.0,75400000.0,0.08295920424403183
2006-02-20,1.03,1.04,0.97,0.98,6166003.0,40130706.0,75400000.0,0.08177722811671087
2006-02-21,0.97,1.01,0.96,1.01,5219148.0,33885990.0,75400000.0,0.06921946949602122
2006-02-22,1.01,1.01,0.98,0.98,3022017.0,19574718.0,75400000.0,0.04007980106100796
2006-02-23,0.98,0.99,0.97,0.98,2327582.0,14824047.0,75400000.0,0.030869787798408488
2006-02-24,0.99,1.02,0.97,1.01,3084592.0,20054851.0,75400000.0,0.04090970822281167
2006-02-27,1.0,1.01,0.99,0.99,1900550.0,12317870.0,75400000.0,0.025206233421750664
2006-02-28,0.99,1.01,0.97,1.0,1894762.0,12236722.0,75400000.0,0.02512946949602122
2006-03-01,1.0,1.02,0.99,1.01,1796138.0,11770138.0,75400000.0,0.023821458885941643
2006-03-02,1.01,1.01,0.98,0.98,1974759.0,12831288.0,75400000.0,0.026190437665782492
2006-03-03,0.98,0.99,0.95,0.97,2947947.0,18485104.0,75400000.0,0.03909744031830239
2006-03-06,0.97,0.97,0.95,0.95,1237617.0,7711633.0,75400000.0,0.016414018567639257
2006-03-07,0.95,0.96,0.92,0.93,1934429.0,11778797.0,75400000.0,0.025655557029177718
2006-03-08,0.92,0.95,0.92,0.94,966959.0,5872016.0,75400000.0,0.012824389920424404
2006-03-09,0.94,0.95,0.93,0.93,797715.0,4881108.0,75400000.0,0.010579774535809019
2006-03-13,0.93,0.94,0.91,0.93,1269482.0,7624817.0,75400000.0,0.01683663129973475
2006-03-14,0.92,0.94,0.9,0.94,2321609.0,13845775.0,75400000.0,0.03079057029177719
2006-03-15,0.93,0.94,0.93,0.94,1549442.0,9423067.0,75400000.0,0.020549628647214855
2006-03-16,0.94,0.94,0.93,0.93,883692.0,5366015.0,75400000.0,0.011720053050397878
2006-03-17,0.93,0.93,0.91,0.91,1520233.0,9040114.0,75400000.0,0.020162241379310344
2006-03-20,0.91,0.92,0.9,0.92,940813.0,5597059.0,75400000.0,0.012477625994694961
2006-03-21,0.92,0.93,0.91,0.93,1545765.0,9338210.0,75400000.0,0.02050086206896552
2006-03-22,0.94,0.95,0.92,0.94,1264370.0,7705408.0,75400000.0,0.016768832891246685
2006-03-23,0.94,0.97,0.93,0.96,2560161.0,15908707.0,75400000.0,0.033954389920424405
2006-03-24,0.96,0.97,0.95,0.95,1986126.0,12454375.0,75400000.0,0.026341193633952254
2006-03-27,0.96,0.97,0.96,0.97,1275816.0,8005560.0,75400000.0,0.016920636604774535
2006-03-28,0.97,0.97,0.95,0.96,1250530.0,7843276.0,75400000.0,0.01658527851458886
2006-03-29,0.96,0.96,0.93,0.95,2057751.0,12668747.0,75400000.0,0.027291127320954907
2006-03-30,0.94,0.95,0.91,0.91,1843250.0,11159952.0,75400000.0,0.02444628647214854
2006-03-31,0.91,0.97,0.91,0.96,3976405.0,24833393.0,75400000.0,0.05273746684350133
2006-04-03,0.95,0.97,0.95,0.97,1771562.0,11110098.0,75400000.0,0.02349551724137931
2006-04-04,0.97,0.97,0.95,0.97,2226700.0,13889125.0,75400000.0,0.02953183023872679
2006-04-05,0.97,1.03,0.97,1.02,5420492.0,35632894.0,75400000.0,0.07188981432360743
2006-04-06,1.03,1.04,1.01,1.02,5615742.0,37577292.0,75400000.0,0.07447933687002653
2006-04-07,1.02,1.06,1.02,1.05,7225290.0,49272472.0,75400000.0,0.09582612732095491
2006-04-10,1.05,1.09,1.04,1.08,5596817.0,38811996.0,75400000.0,0.07422834217506631
2006-04-11,1.09,1.13,1.08,1.09,8828876.0,46843855.0,101768940.0,0.08675413146683064
2006-04-12,1.09,1.12,1.06,1.06,6884403.0,36052251.0,101768940.0,0.06764738828959012
2006-04-13,1.05,1.09,1.05,1.06,5966414.0,30619544.0,101768940.0,0.05862706244164477
2006-04-14,1.06,1.08,1.04,1.08,4635079.0,23835458.0,101768940.0,0.04554512408206276
2006-04-17,1.08,1.11,1.06,1.1,6284564.0,33057176.0,101768940.0,0.061753261849833554
2006-04-18,1.15,1.16,1.1,1.1,11548366.0,62614071.0,101768940.0,0.11347633177666978
2006-04-19,1.1,1.13,1.08,1.13,6150943.0,32817529.0,101768940.0,0.06044027775075578
2006-04-20,1.13,1.13,1.09,1.11,4765311.0,25476169.0,101768940.0,0.04682480725455134
2006-04-21,1.11,1.13,1.08,1.13,5840241.0,31399884.0,101768940.0,0.05738726373685331
2006-04-24,1.13,1.13,1.06,1.08,5679903.0,29671842.0,101768940.0,0.05581175356646144
2006-04-25,1.08,1.08,1.04,1.06,3098852.0,15803522.0,101768940.0,0.030449879894592594
2006-04-26,1.06,1.09,1.05,1.08,3744103.0,19445790.0,101768940.0,0.0367902328549359
2006-04-27,1.09,1.12,1.08,1.1,4434301.0,23429340.0,101768940.0,0.04357224316181342
2006-04-28,1.08,1.15,1.06,1.14,9966541.0,53918036.0,101768940.0,0.09793303339899187
2006-05-08,1.15,1.19,1.14,1.17,9373244.0,52810054.0,101768940.0,0.09210318983375478
2006-05-09,1.17,1.26,1.16,1.24,11727781.0,68263732.0,101768940.0,0.11523929599738388
2006-05-10,1.26,1.33,1.24,1.28,10980635.0,68333513.0,101768940.0,0.10789770434869421
2006-05-11,1.28,1.41,1.28,1.32,13270928.0,86691520.0,101768940.0,0.13040253735570007
2006-05-12,1.33,1.41,1.33,1.37,8944517.0,59078760.0,101768940.0,0.08789044083587783
2006-05-15,1.4,1.44,1.29,1.39,12815635.0,83350932.0,101768940.0,0.1259287460398035
2006-05-16,1.39,1.53,1.31,1.45,16740915.0,114505652.0,101768940.0,0.16449925684594927
2006-05-17,1.47,1.6,1.47,1.59,14176788.0,106469618.0,101768940.0,0.13930368145723046
2006-05-18,1.58,1.59,1.43,1.45,10020422.0,70585024.0,101768940.0,0.09846247784441893
2006-05-19,1.46,1.6,1.45,1.6,13933841.0,103996615.0,101768940.0,0.1369164403205929
2006-05-22,1.64,1.75,1.64,1.68,11909481.0,96993394.0,101768940.0,0.11702471304113023
2006-05-23,1.66,1.66,1.51,1.52,8105377.0,61010331.0,101768940.0,0.07964489951452772
2006-05-24,1.52,1.58,1.43,1.46,7365171.0,52562575.0,101768940.0,0.07237150156029924
2006-05-25,1.46,1.49,1.44,1.48,2544770.0,18007558.0,101768940.0,0.0250053700077843
2006-05-26,1.49,1.52,1.47,1.52,4090447.0,29708608.0,101768940.0,0.04019347160341849
2006-05-29,1.54,1.57,1.49,1.54,4171535.0,30836480.0,101768940.0,0.04099025694873112
2006-05-31,1.54,1.54,1.47,1.48,3896614.0,28095480.0,101768940.0,0.03828883350853414
2006-06-01,1.47,1.61,1.47,1.58,6501826.0,48856103.0,101768940.0,0.06388811753369938
2006-06-02,1.59,1.6,1.51,1.55,6682881.0,50011083.0,101768940.0,0.06566719669085676
2006-06-05,1.55,1.65,1.55,1.65,7744900.0,60075391.0,101768940.0,0.07610278735339093
2006-06-06,1.65,1.68,1.6,1.6,6012580.0,47446823.0,101768940.0,0.059080697902523106
2006-06-07,1.58,1.62,1.44,1.44,6310340.0,45882224.0,101768940.0,0.06200654148505428
2006-06-08,1.43,1.44,1.31,1.41,5308729.0,35285362.0,101768940.0,0.05216453074975528
2006-06-09,1.41,1.43,1.36,1.41,4870109.0,32807894.0,101768940.0,0.04785457134563846
2006-06-12,1.37,1.44,1.37,1.4,2391358.0,16274067.0,101768940.0,0.023497915965323014
2006-06-13,1.41,1.43,1.39,1.4,2129156.0,14460255.0,101768940.0,0.02092147171818828
2006-06-14,1.41,1.41,1.33,1.4,1957661.0,13051770.0,101768940.0,0.019236330849078314
2006-06-15,1.39,1.47,1.39,1.44,3383250.0,23280228.0,101768940.0,0.03324442604983407
2006-06-16,1.44,1.49,1.43,1.49,7194248.0,50555120.0,101768940.0,0.07069198126658291
2006-06-19,1.49,1.5,1.45,1.48,3504227.0,25063481.0,101768940.0,0.034433167919406454
2006-06-20,1.47,1.51,1.46,1.5,3701512.0,26742092.0,101768940.0,0.03637172599026776
2006-06-21,1.5,1.51,1.47,1.48,1904502.0,13635034.0,101768940.0,0.018713980906158598
2006-06-22,1.48,1.48,1.41,1.43,3112894.0,21598126.0,101768940.0,0.030587859124797803
2006-06-23,1.42,1.48,1.42,1.47,2785165.0,19515140.0,101768940.0,0.0273675347311272
2006-06-26,1.47,1.49,1.46,1.48,2440241.0,17470697.0,101768940.0,0.023978249159321105
2006-06-27,1.5,1.51,1.48,1.49,3297781.0,23792212.0,101768940.0,0.03240459220662021
2006-06-28,1.49,1.54,1.47,1.51,3608751.0,26320394.0,101768940.0,0.03546023963696586
2006-06-29,1.5,1.54,1.49,1.52,3654023.0,26765787.0,101768940.0,0.03590509049224645
2006-06-30,1.51,1.53,1.48,1.48,2925909.0,21030521.0,101768940.0,0.0287505107157449
2006-07-03,1.48,1.5,1.45,1.46,6099415.0,43091014.0,101768940.0,0.059933954308652525
2006-07-04,1.46,1.48,1.44,1.45,3396003.0,23939074.0,101768940.0,0.03336973933304208
2006-07-05,1.44,1.45,1.39,1.42,3573928.0,24361919.0,101768940.0,0.03511806254442662
2006-07-06,1.42,1.47,1.42,1.45,3555842.0,24952026.0,101768940.0,0.03494034623923566
2006-07-07,1.45,1.49,1.44,1.47,4104647.0,29007655.0,101768940.0,0.04033300337018347
2006-07-10,1.46,1.47,1.43,1.46,2479185.0,17297856.0,101768940.0,0.024360919942764462
2006-07-11,1.47,1.53,1.47,1.51,9163275.0,66619347.0,101768940.0,0.09003999648615776
2006-07-12,1.52,1.55,1.5,1.5,4851731.0,35590559.0,101768940.0,0.047673985795666146
2006-07-13,1.51,1.51,1.38,1.38,5535584.0,38286965.0,101768940.0,0.054393648985633536
2006-07-14,1.38,1.41,1.36,1.39,2694875.0,18075647.0,101768940.0,0.026480328870478558
2006-07-17,1.39,1.4,1.38,1.4,1381540.0,9278716.0,101768940.0,0.013575261764542306
2006-07-18,1.42,1.42,1.38,1.41,1413684.0,9519912.0,101768940.0,0.013891114518830598
2006-07-19,1.4,1.4,1.33,1.34,2185254.0,14354018.0,101768940.0,0.021472700806356045
2006-07-20,1.34,1.36,1.34,1.35,934589.0,6088972.0,101768940.0,0.009183440448529777
2006-07-21,1.35,1.37,1.33,1.34,1813558.0,11748712.0,101768940.0,0.01782034872329416
2006-07-24,1.33,1.34,1.28,1.33,1038133.0,6602726.0,101768940.0,0.010200882508946246
2006-07-25,1.34,1.38,1.32,1.36,1840844.0,12062606.0,101768940.0,0.018088465891459616
2006-07-26,1.36,1.37,1.33,1.33,1814884.0,11718354.0,101768940.0,0.0178333782389794
2006-07-27,1.34,1.36,1.33,1.35,1774283.0,11479059.0,101768940.0,0.017434425474019872
2006-07-28,1.34,1.35,1.28,1.3,2046614.0,12872139.0,101768940.0,0.02011039910605338
2006-07-31,1.28,1.29,1.17,1.17,3286224.0,19271971.0,101768940.0,0.032291031035598876
2006-08-01,1.17,1.19,1.14,1.16,1527888.0,8567008.0,101768940.0,0.015013303666128389
2006-08-02,1.16,1.17,1.13,1.16,1355113.0,7512495.0,101768940.0,0.013315585285648057
2006-08-03,1.17,1.17,1.14,1.15,799011.0,4454076.0,101768940.0,0.007851226513708407
2006-08-04,1.15,1.16,1.09,1.09,1592601.0,8678657.0,101768940.0,0.015649185301527164
2006-08-07,1.08,1.09,1.07,1.08,1467203.0,7665043.0,101768940.0,0.01441700188682323
2006-08-08,1.08,1.13,1.08,1.12,1151481.0,6140929.0,101768940.0,0.011314660445515105
2006-08-09,1.12,1.13,1.1,1.11,1290907.0,6950248.0,101768940.0,0.012684685523893636
2006-08-10,1.11,1.14,1.11,1.14,1296144.0,7035736.0,101768940.0,0.012736145232523794
2006-08-11,1.14,1.14,1.12,1.14,1232775.0,6743134.0,101768940.0,0.0121134699840639
2006-08-14,1.14,1.14,1.08,1.09,1106285.0,5929833.0,101768940.0,0.010870556379972121
2006-08-15,1.09,1.11,1.08,1.1,1061283.0,5639111.0,101768940.0,0.010428358593496207
2006-08-16,1.1,1.14,1.1,1.13,1415668.0,7692133.0,101768940.0,0.013910609661454664
2006-08-17,1.13,1.13,1.1,1.12,753976.0,4066047.0,101768940.0,0.007408704463267476
2006-08-18,1.12,1.13,1.11,1.11,601200.0,3244188.0,101768940.0,0.005907499871768341
2006-08-21,1.09,1.16,1.07,1.15,1665676.0,9047975.0,101768940.0,0.016367233460425155
2006-08-22,1.14,1.16,1.13,1.15,1499206.0,8324518.0,101768940.0,0.014731469149624631
2006-08-23,1.15,1.2,1.14,1.18,2583830.0,14692245.0,101768940.0,0.025389180628195597
2006-08-24,1.18,1.19,1.16,1.19,1389689.0,7926991.0,101768940.0,0.013655335311540043
2006-08-25,1.19,1.2,1.17,1.17,1386173.0,7933597.0,101768940.0,0.013620786459994571
2006-08-28,1.17,1.2,1.17,1.2,1284307.0,7404185.0,101768940.0,0.012619832730890191
2006-08-29,1.21,1.32,1.2,1.25,7716782.0,47582689.0,101768940.0,0.07582649480283474
2006-08-30,1.24,1.25,1.22,1.23,2579068.0,15342753.0,101768940.0,0.025342388355425537
2006-08-31,1.24,1.27,1.24,1.24,2030129.0,12258977.0,101768940.0,0.01994841451625614
2006-09-01,1.24,1.25,1.19,1.2,1908222.0,11159857.0,101768940.0,0.01875053429857872
2006-09-04,1.2,1.23,1.19,1.22,1591844.0,9340589.0,101768940.0,0.015641746882693285
2006-09-05,1.22,1.23,1.19,1.2,1682406.0,9763116.0,101768940.0,0.01653162546450813
2006-09-06,1.21,1.21,1.19,1.21,919894.0,5319696.0,101768940.0,0.009039044722289532
2006-09-08,1.19,1.21,1.18,1.19,1069554.0,6160818.0,101768940.0,0.010509630934546434
2006-09-11,1.19,1.25,1.19,1.24,2745132.0,16322629.0,101768940.0,0.026974163236838274
2006-09-12,1.23,1.25,1.22,1.24,1634928.0,9786148.0,101768940.0,0.016065098054475167
2006-09-13,1.24,1.24,1.19,1.21,1288700.0,7619802.0,101768940.0,0.012662999142960514
2006-09-14,1.2,1.21,1.19,1.2,1417102.0,8191019.0,101768940.0,0.013924700404661776
2006-09-15,1.2,1.22,1.19,1.22,1102499.0,6441518.0,101768940.0,0.010833354459621964
2006-09-18,1.22,1.24,1.21,1.23,1326739.0,7839723.0,101768940.0,0.013036777232817792
2006-09-19,1.23,1.24,1.21,1.22,1282157.0,7561458.0,101768940.0,0.012598706442260282
2006-09-20,1.21,1.22,1.19,1.21,1405315.0,8169339.0,101768940.0,0.013808879212066078
2006-09-21,1.21,1.24,1.2,1.23,2409136.0,14249671.0,101768940.0,0.023672605806840476
2006-09-22,1.23,1.24,1.2,1.22,1573136.0,9263842.0,101768940.0,0.015457918693070793
2006-09-25,1.21,1.23,1.21,1.23,1435774.0,8467580.0,101768940.0,0.014108174851776976
2006-09-26,1.23,1.23,1.2,1.2,876622.0,5103006.0,101768940.0,0.008613846228525127
2006-09-27,1.2,1.22,1.19,1.21,801970.0,4654096.0,101768940.0,0.007880302182571618
2006-09-28,1.22,1.23,1.21,1.22,1476766.0,8714205.0,101768940.0,0.014510969653412918
2006-09-29,1.22,1.26,1.22,1.25,2816108.0,16977196.0,101768940.0,0.027671586242325016
2006-10-09,1.25,1.28,1.24,1.27,2999806.0,18298369.0,101768940.0,0.02947663599522605
2006-10-10,1.27,1.27,1.25,1.27,1682334.0,10226561.0,101768940.0,0.016530917979493548
2006-10-11,1.26,1.26,1.24,1.26,1647315.0,9936746.0,101768940.0,0.016186814955525722
2006-10-12,1.26,1.29,1.25,1.26,2208351.0,13552034.0,101768940.0,0.021699656103325828
2006-10-13,1.26,1.27,1.25,1.26,2107330.0,12846042.0,101768940.0,0.020707005496962038
2006-10-16,1.27,1.27,1.21,1.22,2658700.0,15793863.0,101768940.0,0.026124866781554373
2006-10-17,1.22,1.22,1.16,1.19,4124268.0,23621260.0,101768940.0,0.04052580286283811
2006-10-18,1.18,1.19,1.18,1.19,1207015.0,6908625.0,101768940.0,0.011860347567735303
2006-10-19,1.19,1.2,1.18,1.2,1420466.0,8134042.0,101768940.0,0.013957755676732016
2006-10-20,1.19,1.19,1.11,1.14,6224576.0,34313293.0,101768940.0,0.06116380891851679
2006-10-23,1.14,1.14,1.09,1.1,2227300.0,11984859.0,101768940.0,0.021885852402511022
2006-10-24,1.1,1.13,1.1,1.13,1352935.0,7308596.0,101768940.0,0.013294183863956921
2006-10-25,1.13,1.13,1.1,1.11,1382950.0,7427932.0,101768940.0,0.013589116679411224
2006-10-26,1.11,1.12,1.09,1.11,1420357.0,7578691.0,101768940.0,0.013956684623029384
2006-10-27,1.12,1.12,1.09,1.09,1363515.0,7231704.0,101768940.0,0.013398144856377595
2006-10-30,1.09,1.12,1.09,1.12,1363563.0,7303170.0,101768940.0,0.013398616513053983
2006-10-31,1.13,1.13,1.1,1.11,1011687.0,5412927.0,101768940.0,0.009941019332617594
2006-11-01,1.11,1.11,1.09,1.11,1401231.0,7436030.0,101768940.0,0.013768749089850008
2006-11-02,1.1,1.11,1.09,1.11,1608263.0,8503176.0,101768940.0,0.015803082944560492
2006-11-03,1.11,1.13,1.11,1.12,1571179.0,8484918.0,101768940.0,0.015438688857327196
2006-11-06,1.11,1.11,1.09,1.11,1264461.0,6713609.0,101768940.0,0.012424822347564984
2006-11-07,1.11,1.11,1.09,1.09,1265271.0,6663987.0,101768940.0,0.012432781553979044
2006-11-08,1.09,1.1,1.07,1.08,1306471.0,6769415.0,101768940.0,0.012837620201212669
2006-11-09,1.08,1.09,1.07,1.08,1588536.0,8266375.0,101768940.0,0.015609241876745499
2006-11-10,1.08,1.09,1.04,1.04,1905171.0,9751488.0,132489001.00000001,0.014379842746342391
2006-11-13,1.04,1.04,0.97,0.98,2452998.0,11863251.0,132489001.00000001,0.01851472938496985
2006-11-14,0.98,1.01,0.97,1.0,1064409.0,5075405.0,132489001.00000001,0.008033942379865933
2006-11-15,1.0,1.02,0.99,1.01,1021742.0,4971494.0,132489001.00000001,0.0077119005524088746
2006-11-16,1.01,1.02,0.99,0.99,1077110.0,5172794.0,132489001.00000001,0.008129806941483391
2006-11-17,1.0,1.01,0.97,1.0,1291761.0,6189961.0,132489001.00000001,0.009749948978783528
2006-11-20,0.99,1.0,0.97,0.98,1385338.0,6584998.0,132489001.00000001,0.01045624911912499
2006-11-21,0.98,1.0,0.97,0.99,1589417.0,7549146.0,132489001.00000001,0.011996595853266338
2006-11-22,1.0,1.03,0.98,1.03,2863964.0,14026227.0,132489001.00000001,0.02161661706544228
2006-11-23,1.03,1.04,1.02,1.03,1506471.0,7491052.0,132489001.00000001,0.011370536336069135
2006-11-24,1.03,1.05,1.02,1.04,1808405.0,9064670.0,132489001.00000001,0.013649472683396563
2006-11-27,1.04,1.05,1.03,1.05,1209574.0,6074495.0,132489001.00000001,0.009129618239026497
2006-11-28,1.05,1.05,1.02,1.03,1547732.0,7750818.0,132489001.00000001,0.011681965961838597
2006-11-29,1.02,1.05,1.01,1.04,1738084.0,8627114.0,132489001.00000001,0.013118704095293162
2006-11-30,1.04,1.06,1.04,1.06,3180138.0,16215145.0,132489001.00000001,0.024003034032991158
2006-12-01,1.07,1.07,1.04,1.05,2401247.0,12199361.0,132489001.00000001,0.018124123375343436
2006-12-04,1.05,1.07,1.04,1.05,2134983.0,10841121.0,132489001.00000001,0.016114416924315096
2006-12-05,1.06,1.11,1.05,1.1,5411627.0,28073889.0,132489001.00000001,0.040845858593197476
2006-12-06,1.1,1.1,1.05,1.09,3552729.0,18477670.0,132489001.00000001,0.026815275028000247
2006-12-07,1.08,1.12,1.07,1.09,2903696.0,15293822.0,132489001.00000001,0.021916506110571395
2006-12-08,1.09,1.09,1.03,1.03,1883275.0,9604043.0,132489001.00000001,0.014214576197159188
2006-12-11,1.03,1.04,1.02,1.04,1729244.0,8646414.0,132489001.00000001,0.01305198157543659
2006-12-12,1.04,1.04,1.02,1.02,1229860.0,6102533.0,132489001.00000001,0.009282732836063878
2006-12-13,1.02,1.04,1.02,1.03,1191523.0,5925008.0,132489001.00000001,0.008993372966862357
2006-12-14,1.04,1.04,1.03,1.04,1253285.0,6263348.0,132489001.00000001,0.009459539965887432
2006-12-15,1.04,1.05,1.03,1.04,1851102.0,9277137.0,132489001.00000001,0.013971740944744536
2006-12-18,1.04,1.05,1.03,1.04,3215486.0,16144220.0,132489001.00000001,0.024269833538861082
2006-12-19,1.04,1.09,1.01,1.07,6335518.0,32127812.0,132489001.00000001,0.04781919972360573
2006-12-20,1.06,1.1,1.05,1.09,6344035.0,33218550.0,132489001.00000001,0.04788348430523678
2006-12-21,1.09,1.13,1.08,1.09,6291942.0,33623727.0,132489001.00000001,0.04749029694925392
2006-12-22,1.07,1.09,1.06,1.07,2275710.0,11828811.0,132489001.00000001,0.017176595663212824
2006-12-25,1.08,1.11,1.07,1.1,3513299.0,18465322.0,132489001.00000001,0.02651766541737302
2006-12-26,1.09,1.1,1.06,1.06,2237850.0,11545040.0,132489001.00000001,0.01689083609287687
2006-12-27,1.06,1.07,1.04,1.05,2983915.0,15104358.0,132489001.00000001,0.022521982787084338
2006-12-28,1.04,1.05,1.0,1.0,3045034.0,14969987.0,132489001.00000001,0.022983296553047445
2006-12-29,1.01,1.03,1.01,1.02,1873147.0,9192170.0,132489001.00000001,0.014138132115585955
2007-01-04,1.03,1.03,0.99,1.0,3174335.0,15354162.0,132489001.00000001,0.023959234170691644
2007-01-05,0.99,1.04,0.98,1.03,2532302.0,12279512.0,132489001.00000001,0.019113299827809856
2007-01-08,1.03,1.06,1.03,1.06,3506693.0,17767305.0,132489001.00000001,0.026467804674593323
2007-01-09,1.07,1.09,1.06,1.08,5397671.0,28086018.0,132489001.00000001,0.04074052154714337
2007-01-10,1.08,1.1,1.05,1.09,5953858.0,30897763.0,132489001.00000001,0.04493850776337274
2007-01-11,1.1,1.14,1.08,1.11,9809496.0,52623484.0,132489001.00000001,0.07404007824015518
2007-01-12,1.11,1.13,1.03,1.05,5975147.0,31531902.0,132489001.00000001,0.045099192800163085
2007-01-15,1.05,1.1,1.05,1.1,4167698.0,21856466.0,132489001.00000001,0.031456935810090375
2007-01-16,1.1,1.15,1.09,1.15,9082157.0,49255134.0,132489001.00000001,0.06855027158065746
2007-01-17,1.16,1.17,1.1,1.13,8016167.0,44345082.0,132489001.00000001,0.06050439613474026
2007-01-18,1.11,1.19,1.11,1.19,7381193.0,41131449.0,132489001.00000001,0.055711741686391
2007-01-19,1.2,1.23,1.18,1.22,10194821.0,59190926.0,132489001.00000001,0.07694843287406174
2007-01-22,1.24,1.27,1.22,1.26,11793140.0,70795542.0,132489001.00000001,0.08901221921055921
2007-01-23,1.26,1.26,1.21,1.25,8300271.0,49443613.0,132489001.00000001,0.06264875527289997
2007-01-24,1.24,1.26,1.22,1.23,7193373.0,43089795.0,132489001.00000001,0.05429411457332974
2007-01-25,1.23,1.23,1.16,1.16,6333698.0,36417846.0,132489001.00000001,0.047805462734223494
2007-01-26,1.15,1.17,1.1,1.16,4860027.0,26687216.0,132489001.00000001,0.03668249411888916
2007-01-29,1.16,1.21,1.16,1.21,6148731.0,35327565.0,132489001.00000001,0.04640936948418835
2007-01-30,1.23,1.26,1.2,1.25,12141408.0,72326853.0,132489001.00000001,0.09164087515460999
2007-01-31,1.26,1.35,1.24,1.28,21180271.0,132677755.0,132489001.00000001,0.15986437243949025
2007-02-01,1.27,1.29,1.18,1.26,9202415.0,55123900.0,132489001.00000001,0.06945795447578323
2007-02-02,1.24,1.26,1.18,1.2,4567407.0,26841982.0,132489001.00000001,0.034473857946894775
2007-02-05,1.19,1.22,1.18,1.21,3011618.0,17568996.0,132489001.00000001,0.02273107938975251
2007-02-06,1.24,1.26,1.22,1.25,3408763.0,20348180.0,132489001.00000001,0.025728648976679955
2007-02-07,1.25,1.28,1.23,1.27,7238893.0,43785519.0,132489001.00000001,0.05463769026381291
2007-02-08,1.27,1.28,1.25,1.25,6567786.0,39929887.0,132489001.00000001,0.04957231128944809
2007-02-09,1.26,1.27,1.22,1.23,4593870.0,27521642.0,132489001.00000001,0.03467359528207175
2007-02-12,1.24,1.29,1.24,1.29,7479251.0,45927436.0,132489001.00000001,0.05645186350223894
2007-02-13,1.3,1.34,1.29,1.32,8619840.0,54488050.0,132489001.00000001,0.06506079700910417
2007-02-14,1.32,1.34,1.31,1.32,6592457.0,42030050.0,132489001.00000001,0.04975852297354102
2007-02-15,1.33,1.35,1.31,1.34,6900139.0,44278971.0,132489001.00000001,0.05208084405436795
2007-02-16,1.35,1.38,1.33,1.34,7531508.0,49204434.0,132489001.00000001,0.056846288696825474
2007-02-26,1.34,1.41,1.33,1.4,6481771.0,43177077.0,132489001.00000001,0.04892308758521018
2007-02-27,1.4,1.44,1.26,1.26,11287336.0,73690872.0,132489001.00000001,0.08519451361853048
2007-02-28,1.24,1.33,1.24,1.32,6495462.0,40532309.0,132489001.00000001,0.04902642446522787
2007-03-01,1.32,1.32,1.26,1.29,6676267.0,41420986.0,132489001.00000001,0.05039110378679661
2007-03-02,1.28,1.32,1.27,1.32,4956751.0,31237473.0,132489001.00000001,0.0374125471743877
2007-03-05,1.32,1.37,1.29,1.35,7395173.0,47667805.0,132489001.00000001,0.055817259879557844
2007-03-06,1.34,1.35,1.31,1.35,3990577.0,25751286.0,132489001.00000001,0.03012006257032612
2007-03-07,1.36,1.37,1.34,1.37,5124481.0,33460639.0,132489001.00000001,0.0386785390584989
2007-03-08,1.37,1.38,1.35,1.38,5156942.0,34099752.0,132489001.00000001,0.03892354807626634
2007-03-09,1.39,1.41,1.37,1.4,7898080.0,53022651.0,132489001.00000001,0.059613099505520455
2007-03-12,1.4,1.43,1.38,1.42,8013326.0,54629973.0,132489001.00000001,0.06048295284527052
2007-03-13,1.43,1.44,1.4,1.42,6798066.0,46517440.0,132489001.00000001,0.05131041783611909
2007-03-14,1.41,1.44,1.32,1.39,7841659.0,52696805.0,132489001.00000001,0.05918724528687479
2007-03-15,1.41,1.46,1.41,1.45,12397811.0,86401561.0,132489001.00000001,0.09357615278569426
2007-03-16,1.43,1.44,1.36,1.39,7716093.0,52395903.0,132489001.00000001,0.058239498688649624
2007-03-19,1.34,1.4,1.33,1.39,5575315.0,36946880.0,132489001.00000001,0.04208134228440593
2007-03-20,1.39,1.45,1.38,1.44,8474286.0,58593075.0,132489001.00000001,0.06396218505715806
2007-03-21,1.45,1.46,1.43,1.46,6206880.0,43249638.0,132489001.00000001,0.04684826629495077
2007-03-22,1.47,1.49,1.44,1.44,8055019.0,57162395.0,132489001.00000001,0.06079764311906918
2007-03-23,1.44,1.49,1.44,1.49,8323947.0,59289513.0,132489001.00000001,0.06282745689961085
2007-03-26,1.5,1.54,1.5,1.52,7822587.0,57316547.0,132489001.00000001,0.05904329371462314
2007-03-27,1.51,1.6,1.5,1.56,12915900.0,96579609.0,132489001.00000001,0.09748658305605307
2007-03-28,1.55,1.57,1.45,1.54,11656323.0,85956918.0,132489001.00000001,0.0879795523554442
2007-03-29,1.55,1.6,1.51,1.52,10373816.0,77676877.0,132489001.00000001,0.07829945068421189
2007-03-30,1.51,1.57,1.5,1.56,9223485.0,69053388.0,132489001.00000001,0.06961698654516989
2007-04-02,1.58,1.62,1.56,1.6,9161216.0,70444212.0,132489001.00000001,0.06914699281338833
2007-04-03,1.6,1.61,1.55,1.59,6549831.0,49877462.0,132489001.00000001,0.04943679060573488
2007-04-04,1.57,1.6,1.57,1.59,6912431.0,52867502.0,132489001.00000001,0.052173621567272586
2007-04-05,1.59,1.6,1.56,1.6,6629982.0,50605640.0,132489001.00000001,0.050041754032095084
2007-04-06,1.58,1.62,1.56,1.61,8831755.0,68141522.0,132489001.00000001,0.06666028827555277
2007-04-09,1.62,1.65,1.6,1.63,10263722.0,80851116.0,132489001.00000001,0.07746848359132845
2007-04-11,1.65,1.65,1.57,1.61,8695456.0,67704208.0,132489001.00000001,0.06563153117895423
2007-04-12,1.62,1.68,1.6,1.68,12317055.0,98676770.0,132489001.00000001,0.09296662294253391
2007-04-13,1.68,1.68,1.64,1.64,8023420.0,64134958.0,132489001.00000001,0.060559140301767386
2007-04-16,1.64,1.68,1.63,1.67,6924910.0,55407069.0,132489001.00000001,0.052267810518097264
2007-04-17,1.67,1.74,1.63,1.73,12701540.0,102789588.0,132489001.00000001,0.09586863742749482
2007-04-18,1.73,1.79,1.68,1.78,12601455.0,106317372.0,132489001.00000001,0.09511321622841733
2007-04-19,1.76,1.77,1.6,1.64,11067099.0,90254939.0,132489001.00000001,0.08353220959074178
2007-04-20,1.64,1.73,1.64,1.72,8064410.0,66432923.0,132489001.00000001,0.06086852447472224
2007-04-23,1.74,1.84,1.74,1.83,12796124.0,110724509.0,132489001.00000001,0.09658253819877469
2007-04-24,1.79,1.81,1.74,1.77,15882957.0,136145110.0,132489001.00000001,0.11988132509203536
2007-04-25,1.76,1.76,1.68,1.74,9479241.0,78968229.0,132489001.00000001,0.07154738075200671
2007-04-26,1.74,1.8,1.72,1.78,8387949.0,71949461.0,132489001.00000001,0.06331053096249098
2007-04-27,1.78,1.79,1.72,1.73,6666465.0,56092601.0,132489001.00000001,0.05031712028683799
2007-04-30,1.7,1.77,1.7,1.75,7936075.0,66483699.0,132489001.00000001,0.059899878028365536
2007-05-08,1.76,1.89,1.76,1.86,14358274.0,125720418.0,132489001.00000001,0.1083733282885875
2007-05-09,1.85,1.85,1.74,1.81,10966710.0,95695039.0,132489001.00000001,0.08277449386156968
2007-05-10,1.8,1.89,1.79,1.86,12250368.0,109498821.0,132489001.00000001,0.0924632830464168
2007-05-11,1.85,1.97,1.8,1.91,14857369.0,135895926.0,132489001.00000001,0.11214039571481106
2007-05-14,1.88,1.96,1.86,1.92,11626286.0,107970688.0,132489001.00000001,0.08775283919606276
2007-05-15,1.92,1.93,1.81,1.82,9252432.0,83245144.0,132489001.00000001,0.0698354726065147
2007-05-16,1.82,1.86,1.77,1.86,7489688.0,65897373.0,132489001.00000001,0.056530639852888614
2007-05-17,1.87,1.92,1.83,1.9,8534436.0,78128447.0,132489001.00000001,0.06441618500844458
2007-05-18,1.9,1.9,1.85,1.86,7897891.0,71382824.0,132489001.00000001,0.05961167297200769
2007-05-21,1.8,1.94,1.78,1.91,9895481.0,89596741.0,132489001.00000001,0.07468907551050218
2007-05-22,1.93,2.02,1.92,1.98,18237260.0,173562927.0,132489001.00000001,0.13765112471487348
2007-05-23,1.98,2.12,1.98,2.12,20730994.0,206553155.0,132489001.00000001,0.15647332113252177
2007-05-24,2.12,2.2,2.04,2.16,20106420.0,205558213.0,132489001.00000001,0.1517591637663567
2007-05-25,2.16,2.16,2.1,2.13,12803256.0,131905430.0,132489001.00000001,0.09663636908244179
2007-05-28,2.21,2.23,2.15,2.17,14683724.0,155006351.0,132489001.00000001,0.1108297586152076
2007-05-29,2.18,2.27,2.18,2.25,12326896.0,132829730.0,132489001.00000001,0.09304090080655071
2007-05-30,2.05,2.19,2.02,2.02,13830769.0,139468280.0,132489001.00000001,0.10439182796766652
2007-05-31,1.93,2.01,1.82,1.86,11819114.0,107414549.0,132489001.00000001,0.08920826567331426
2007-06-01,1.88,1.92,1.68,1.72,14035767.0,119611372.0,132489001.00000001,0.10593911112666626
2007-06-04,1.78,1.78,1.54,1.55,13378557.0,106611692.0,132489001.00000001,0.10097862387837009
2007-06-05,1.51,1.67,1.39,1.66,13336774.0,97342646.0,132489001.00000001,0.10066325430289869
2007-06-06,1.63,1.68,1.56,1.62,10688264.0,84477420.0,132489001.00000001,0.08067284015523672
2007-06-07,1.65,1.7,1.6,1.69,9305454.0,74476930.0,132489001.00000001,0.0702356718653196
2007-06-08,1.69,1.71,1.65,1.66,9394035.0,75785884.0,132489001.00000001,0.07090426321502717
2007-06-11,1.66,1.69,1.62,1.65,8212093.0,65382977.0,132489001.00000001,0.06198320568512702
2007-06-12,1.65,1.65,1.52,1.63,9168519.0,70290763.0,132489001.00000001,0.06920211437023364
2007-06-13,1.63,1.77,1.62,1.74,12053279.0,99078681.0,132489001.00000001,0.09097569540885887
2007-06-14,1.73,1.76,1.66,1.7,9367483.0,77860129.0,132489001.00000001,0.07070385412597381
2007-06-15,1.67,1.72,1.62,1.67,5936004.0,47798485.0,132489001.00000001,0.04480374940709229
2007-06-18,1.68,1.73,1.67,1.71,7636991.0,62804744.0,132489001.00000001,0.05764245290067512
2007-06-19,1.71,1.88,1.68,1.88,14907421.0,127629722.0,132489001.00000001,0.11251817801841527
2007-06-20,1.94,1.96,1.84,1.86,25869615.0,239195274.0,132489001.00000001,0.19525858603160573
2007-06-21,1.84,1.9,1.78,1.81,9380138.0,83879396.0,132489001.00000001,0.07079937148895854
2007-06-22,1.81,1.84,1.63,1.64,8206281.0,67709868.0,132489001.00000001,0.06193933789266023
2007-06-25,1.65,1.68,1.47,1.47,6142206.0,45534161.0,132489001.00000001,0.04636012011291412
2007-06-26,1.45,1.53,1.4,1.53,5734664.0,40578742.0,132489001.00000001,0.043284076087191564
2007-06-27,1.53,1.55,1.47,1.53,4467687.0,32652430.0,132489001.00000001,0.03372119169349008
2007-06-28,1.53,1.53,1.38,1.38,4735708.0,33279651.0,132489001.00000001,0.03574415962272973
2007-06-29,1.33,1.37,1.25,1.3,4692555.0,29859078.0,132489001.00000001,0.03541844956623984
2007-07-02,1.33,1.37,1.29,1.37,3914044.0,25240998.0,137011545.0,0.028567256868755112
2007-07-03,1.38,1.38,1.32,1.37,2944052.0,19297245.0,137011545.0,0.02148761989363743
2007-07-04,1.38,1.43,1.35,1.39,4332453.0,28994588.0,137011545.0,0.03162107981484334
2007-07-05,1.38,1.38,1.29,1.29,2843396.0,18443003.0,137011545.0,0.020752966474467536
2007-07-06,1.29,1.4,1.28,1.37,3119727.0,20250628.0,137011545.0,0.022769811113362747
2007-07-09,1.4,1.45,1.39,1.43,5752301.0,39468538.0,137011545.0,0.041984060540299725
2007-07-10,1.43,1.43,1.35,1.36,3084375.0,20553355.0,137011545.0,0.022511789061279472
2007-07-11,1.36,1.39,1.34,1.39,2031901.0,13402249.0,137011545.0,0.014830144423230903
2007-07-12,1.39,1.41,1.36,1.4,2267099.0,15154124.0,137011545.0,0.01654677348540227
2007-07-13,1.39,1.39,1.34,1.36,1690878.0,11096798.0,137011545.0,0.012341135194118131
2007-07-16,1.37,1.39,1.32,1.32,1304445.0,8472208.0,137011545.0,0.009520694040783206
2007-07-17,1.32,1.36,1.29,1.34,1715302.0,11067038.0,137011545.0,0.01251939754419965
2007-07-18,1.34,1.37,1.33,1.34,1677809.0,10912211.0,137011545.0,0.012245749071729685
2007-07-19,1.34,1.35,1.33,1.34,1070998.0,6943112.0,137011545.0,0.007816844923542758
2007-07-20,1.34,1.39,1.34,1.39,3481319.0,23089603.0,137011545.0,0.02540894637747498
2007-07-23,1.39,1.46,1.37,1.45,5400509.0,37279788.0,137011545.0,0.03941645209533255
2007-07-24,1.45,1.49,1.43,1.44,5732436.0,40278489.0,137011545.0,0.041839072758430684
2007-07-26,1.49,1.53,1.49,1.5,6561827.0,47779219.0,137011545.0,0.04789251153981221
2007-07-27,1.47,1.52,1.44,1.51,6662338.0,47935124.0,137011545.0,0.04862610665400496
2007-07-30,1.5,1.55,1.49,1.53,6647053.0,49109978.0,137011545.0,0.048514546712103715
2007-07-31,1.53,1.54,1.48,1.52,5018083.0,36576798.0,137011545.0,0.036625256652641935
2007-08-01,1.51,1.55,1.4,1.41,6393603.0,46143900.0,137011545.0,0.046664702598602184
2007-08-02,1.41,1.48,1.41,1.46,3529390.0,24622115.0,137011545.0,0.025759800022691518
2007-08-03,1.46,1.56,1.46,1.55,12344954.0,91381961.0,137011545.0,0.09010156041959821
2007-08-06,1.6,1.71,1.59,1.69,20569666.0,164469751.0,137011545.0,0.1501308959036992
2007-08-07,1.68,1.68,1.6,1.63,8317704.0,65569329.0,137011545.0,0.06070805201123745
2007-08-08,1.6,1.6,1.54,1.57,5459689.0,41305974.0,137011545.0,0.039848386499108525
2007-08-09,1.55,1.6,1.55,1.58,3754761.0,28485190.0,137011545.0,0.027404705202032427
2007-08-10,1.58,1.58,1.47,1.51,4317180.0,31595825.0,137011545.0,0.03150960745680227
2007-08-13,1.51,1.53,1.46,1.49,3920076.0,27993797.0,137011545.0,0.028611282355804395
2007-08-14,1.5,1.53,1.48,1.53,3108219.0,22780612.0,137011545.0,0.022685818191452406
2007-08-15,1.54,1.55,1.46,1.49,2917515.0,21045969.0,137011545.0,0.021293935485509632
2007-08-16,1.49,1.53,1.47,1.52,2892964.0,21003540.0,137011545.0,0.021114746206241233
2007-08-17,1.51,1.54,1.5,1.51,3203942.0,23540992.0,137011545.0,0.023384467345434284
2007-08-20,1.55,1.61,1.52,1.61,7977379.0,61151880.0,137011545.0,0.05822413724332501
2007-08-21,1.63,1.65,1.58,1.6,8503429.0,66034120.0,137011545.0,0.06206359471386152
2007-08-22,1.59,1.62,1.57,1.61,6094215.0,47231927.0,137011545.0,0.04447957287103069
2007-08-23,1.62,1.64,1.59,1.63,5219823.0,40662797.0,137011545.0,0.03809768731532806
2007-08-24,1.62,1.64,1.59,1.61,4994361.0,39041776.0,137011545.0,0.036452117958380804
2007-08-27,1.64,1.67,1.61,1.63,7335761.0,58036218.0,137011545.0,0.05354118881003787
2007-08-28,1.62,1.62,1.58,1.6,4357061.0,33603795.0,137011545.0,0.03180068511744758
2007-08-29,1.6,1.62,1.55,1.57,3565715.0,27229303.0,137011545.0,0.026024923666104195
2007-08-30,1.57,1.64,1.57,1.63,4948305.0,38587306.0,137011545.0,0.03611597110301909
2007-08-31,1.64,1.67,1.63,1.63,5760575.0,45761093.0,137011545.0,0.042044449611892194
2007-09-03,1.66,1.73,1.64,1.71,10226496.0,82910893.0,137011545.0,0.0746396663142511
2007-09-04,1.7,1.7,1.65,1.66,6248498.0,50459538.0,137011545.0,0.04560563126267936
2007-09-05,1.66,1.68,1.61,1.65,3463150.0,27465752.0,137011545.0,0.025276337114511042
2007-09-06,1.65,1.7,1.65,1.66,4379492.0,35393309.0,137011545.0,0.031964401248084605
2007-09-07,1.66,1.66,1.6,1.61,4619924.0,36046510.0,137011545.0,0.03371923147060345
2007-09-10,1.6,1.64,1.57,1.63,3683605.0,28509302.0,137011545.0,0.026885362105799185
2007-09-11,1.63,1.65,1.53,1.53,4387651.0,34298666.0,137011545.0,0.032023950974350374
2007-09-12,1.52,1.56,1.47,1.54,3731814.0,27342939.0,137011545.0,0.02723722296540777
2007-09-13,1.54,1.63,1.51,1.63,4650373.0,35024517.0,137011545.0,0.03394146821714915
2007-09-14,1.62,1.71,1.61,1.71,16574959.0,134062978.0,137011545.0,0.12097490762548514
2007-09-17,1.71,1.79,1.71,1.74,23086188.0,195873679.0,137011545.0,0.1684981218188584
2007-09-18,1.75,1.76,1.69,1.74,7644985.0,63388010.0,137011545.0,0.05579810810833496
2007-09-19,1.74,1.74,1.68,1.68,4397137.0,36069504.0,137011545.0,0.032093186015820785
2007-09-20,1.69,1.73,1.68,1.69,4281096.0,35151032.0,137011545.0,0.03124624278924816
2007-09-21,1.69,1.7,1.62,1.66,3744155.0,29974389.0,137011545.0,0.027327295666945438
2007-09-24,1.66,1.69,1.62,1.67,3318579.0,26772408.0,137011545.0,0.024221163260366125
2007-09-25,1.66,1.7,1.64,1.65,2508346.0,20121125.0,137011545.0,0.018307552111758173
2007-09-26,1.64,1.66,1.6,1.6,2927203.0,22945530.0,137011545.0,0.021364644855293033
2007-09-27,1.6,1.62,1.57,1.61,2281187.0,17552850.0,137011545.0,0.0166495969372508
2007-09-28,1.62,1.66,1.62,1.63,2319692.0,18318144.0,137011545.0,0.016930631648595745
2007-10-08,1.66,1.67,1.62,1.62,2204004.0,17333258.0,137011545.0,0.016086264847243348
2007-10-09,1.61,1.65,1.61,1.65,2002031.0,15727944.0,137011545.0,0.014612133597938773
2007-10-10,1.65,1.65,1.61,1.62,2439429.0,19227302.0,137011545.0,0.017804550704103073
2007-10-11,1.62,1.63,1.56,1.56,3229760.0,24612373.0,137011545.0,0.02357290402060644
2007-10-12,1.56,1.56,1.41,1.48,4254962.0,30343539.0,137011545.0,0.03105549973909133
2007-10-15,1.48,1.49,1.44,1.48,2395223.0,16978788.0,137011545.0,0.017481906360518742
2007-10-16,1.48,1.51,1.45,1.51,2201819.0,15754071.0,137011545.0,0.016070317286036005
2007-10-17,1.51,1.51,1.46,1.48,1427358.0,10207346.0,137011545.0,0.010417793624617547
2007-10-18,1.47,1.49,1.45,1.45,1918676.0,13520422.0,137011545.0,0.014003754209179963
2007-10-19,1.46,1.47,1.43,1.44,1498866.0,10514047.0,137011545.0,0.010939705847415998
2007-10-22,1.44,1.44,1.39,1.4,1646615.0,11249224.0,137011545.0,0.012018074827197956
2007-10-23,1.39,1.42,1.37,1.41,1567306.0,10569432.0,137011545.0,0.011439225796629036
2007-10-24,1.42,1.43,1.35,1.35,1556199.0,10433507.0,137011545.0,0.011358159635379632
2007-10-25,1.35,1.35,1.22,1.23,3195871.0,19534406.0,137011545.0,0.02332555990080982
2007-10-26,1.22,1.26,1.21,1.24,1533238.0,9151208.0,137011545.0,0.011190575217584766
2007-10-29,1.24,1.26,1.2,1.24,1460192.0,8647890.0,137011545.0,0.01065743766337355
2007-10-30,1.25,1.29,1.23,1.29,1572716.0,9560559.0,137011545.0,0.011478711520259114
2007-10-31,1.3,1.34,1.27,1.32,2235217.0,14160486.0,137011545.0,0.016314077766220358
2007-11-01,1.32,1.33,1.26,1.26,1890822.0,11714377.0,137011545.0,0.013800457472397673
2007-11-02,1.25,1.28,1.23,1.26,1599648.0,9642802.0,137011545.0,0.011675278897117758
2007-11-05,1.24,1.32,1.22,1.29,1602717.0,9968008.0,137011545.0,0.011697678469358184
2007-11-06,1.29,1.32,1.29,1.29,1231298.0,7762449.0,137011545.0,0.008986819322415494
2007-11-07,1.29,1.31,1.27,1.29,1011721.0,6293445.0,137011545.0,0.007384202550230348
2007-11-08,1.29,1.32,1.27,1.29,1574522.0,9858745.0,137011545.0,0.011491892891215846
2007-11-09,1.26,1.3,1.26,1.29,1123168.0,6952560.0,137011545.0,0.00819761575566497
2007-11-12,1.27,1.31,1.26,1.3,1262372.0,7830132.0,137011545.0,0.009213617728345447
2007-11-13,1.32,1.32,1.29,1.31,1228182.0,7743103.0,137011545.0,0.008964076713389372
2007-11-14,1.32,1.34,1.31,1.34,2053014.0,13169953.0,137011545.0,0.014984240926558414
2007-11-15,1.33,1.34,1.3,1.32,1545596.0,9834168.0,137011545.0,0.011280771996257688
2007-11-16,1.32,1.33,1.31,1.32,1176791.0,7489169.0,137011545.0,0.00858899153352369
2007-11-19,1.33,1.36,1.31,1.35,1404460.0,9097768.0,137011545.0,0.010250669022088613
2007-11-20,1.35,1.36,1.34,1.35,1735860.0,11336382.0,137011545.0,0.012669443293993948
2007-11-21,1.35,1.36,1.32,1.32,1228800.0,7919247.0,137011545.0,0.00896858728218852
2007-11-22,1.31,1.31,1.24,1.26,1328213.0,8245435.0,137011545.0,0.009694168473175016
2007-11-23,1.25,1.31,1.24,1.31,971535.0,5988637.0,137011545.0,0.00709089879980552
2007-11-26,1.32,1.32,1.29,1.3,1519312.0,9590185.0,137011545.0,0.011088934147848636
2007-11-28,1.29,1.33,1.29,1.32,1799287.0,11380268.0,137011545.0,0.013132375085617785
2007-11-29,1.32,1.34,1.3,1.33,1402659.0,8982131.0,137011545.0,0.010237524144406955
2007-11-30,1.34,1.34,1.29,1.3,816383.0,5174984.0,137011545.0,0.005958497876948982
2007-12-03,1.31,1.32,1.28,1.31,816013.0,5129122.0,137011545.0,0.005955797374593506
2007-12-04,1.32,1.32,1.29,1.31,1296025.0,8172727.0,137011545.0,0.009459239365558574
2007-12-05,1.31,1.35,1.3,1.33,2157188.0,13870424.0,137011545.0,0.015744571014070383
2007-12-06,1.33,1.33,1.31,1.32,1436123.0,9165740.0,137011545.0,0.010481766335822285
2007-12-07,1.33,1.34,1.32,1.34,1649135.0,10632583.0,137011545.0,0.012036467437835256
2007-12-10,1.32,1.4,1.32,1.4,4892683.0,32513417.0,137011545.0,0.035710005313785785
2007-12-11,1.41,1.46,1.41,1.45,8782722.0,60934651.0,137011545.0,0.06410205796891058
2007-12-12,1.45,1.45,1.43,1.43,4296829.0,29784656.0,137011545.0,0.03136107252859604
2007-12-13,1.44,1.46,1.39,1.4,4718205.0,32801411.0,137011545.0,0.034436550584113185
2007-12-14,1.39,1.43,1.37,1.42,2220321.0,14951647.0,137011545.0,0.016205357001119868
2007-12-17,1.42,1.45,1.4,1.43,2395304.0,16528284.0,137011545.0,0.01748249755157494
2007-12-18,1.44,1.44,1.4,1.41,1249758.0,8537215.0,137011545.0,0.009121552493988737
2007-12-19,1.41,1.44,1.41,1.43,1393630.0,9613759.0,137011545.0,0.010171624588278309
2007-12-20,1.44,1.45,1.43,1.44,1706321.0,11846829.0,137011545.0,0.012453848323511716
2007-12-21,1.43,1.46,1.42,1.45,2191794.0,15256653.0,137011545.0,0.015997148269512616
2007-12-24,1.45,1.5,1.45,1.47,3459745.0,24738461.0,137011545.0,0.025251485194185644
2007-12-25,1.47,1.5,1.46,1.48,2258385.0,16154986.0,137011545.0,0.016483173005603285
2007-12-26,1.48,1.52,1.47,1.52,3053331.0,22195262.0,137011545.0,0.02228520961499996
2007-12-27,1.53,1.55,1.51,1.51,3366542.0,24870435.0,137011545.0,0.024571228650841066
2007-12-28,1.51,1.52,1.49,1.51,2301469.0,16751615.0,137011545.0,0.016797628258261012
2008-01-02,1.51,1.56,1.5,1.56,2571290.0,19169106.0,137011545.0,0.01876695865300986
2008-01-03,1.55,1.61,1.54,1.6,3663859.0,28083816.0,137011545.0,0.02674124286387691
2008-01-04,1.6,1.66,1.58,1.65,4303214.0,33440918.0,137011545.0,0.03140767444086555
2008-01-07,1.63,1.67,1.62,1.66,3194091.0,25485407.0,137011545.0,0.02331256829488347
2008-01-08,1.67,1.67,1.56,1.57,4213631.0,32838966.0,137011545.0,0.030753839028674554
2008-01-09,1.58,1.63,1.57,1.63,2419743.0,18745055.0,137011545.0,0.017660869381481686
2008-01-10,1.63,1.68,1.62,1.63,3205521.0,25560426.0,137011545.0,0.023395991921702657
2008-01-11,1.63,1.65,1.58,1.62,2166814.0,16747831.0,137011545.0,0.015814827867242868
2008-01-14,1.62,1.66,1.6,1.64,2431660.0,19141198.0,137011545.0,0.017747847453293077
2008-01-15,1.64,1.69,1.64,1.68,5877487.0,47470208.0,137011545.0,0.04289774996698271
2008-01-16,1.68,1.71,1.64,1.67,5476345.0,44171950.0,137011545.0,0.03996995289703506
2008-01-17,1.66,1.73,1.62,1.73,9078362.0,74359322.0,137011545.0,0.0662598323374866
2008-01-18,1.71,1.76,1.68,1.75,7114932.0,59387581.0,137011545.0,0.05192943412177419
2008-01-21,1.76,1.77,1.6,1.63,7328607.0,60532611.0,137011545.0,0.053488974232061975
2008-01-22,1.6,1.6,1.47,1.47,4101637.0,30134842.0,151402034.0,0.027091029701754206
2008-01-23,1.45,1.55,1.43,1.54,4754471.0,34432371.0,151402034.0,0.03140295327868581
2008-01-24,1.54,1.69,1.51,1.69,9046550.0,72279972.0,151402034.0,0.05975183926525056
2008-01-25,1.7,1.75,1.64,1.69,10967806.0,89753186.0,151402034.0,0.07244160273302537
2008-01-28,1.69,1.69,1.52,1.52,6307987.0,47982727.0,151402034.0,0.041663819390960095
2008-01-29,1.51,1.59,1.51,1.57,3023437.0,22759209.0,151402034.0,0.019969593010883857
2008-01-30,1.58,1.62,1.51,1.55,2473381.0,18731294.0,151402034.0,0.016336511040531992
2008-01-31,1.56,1.56,1.47,1.48,2182179.0,15931604.0,151402034.0,0.014413141900061923
2008-02-01,1.47,1.48,1.35,1.39,2726581.0,18653880.0,151402034.0,0.018008879590085295
2008-02-04,1.43,1.51,1.41,1.51,2278174.0,16158263.0,151402034.0,0.015047182259123415
2008-02-05,1.49,1.52,1.47,1.5,1679019.0,12190290.0,151402034.0,0.011089804777655761
2008-02-13,1.49,1.54,1.47,1.5,1304186.0,9539226.0,151402034.0,0.008614058646002074
2008-02-14,1.51,1.53,1.5,1.52,1304980.0,9564302.0,151402034.0,0.0086193029612799
2008-02-15,1.51,1.52,1.47,1.5,1649341.0,11906279.0,151402034.0,0.010893783633052117
2008-02-18,1.51,1.54,1.51,1.53,2129315.0,15761524.0,151402034.0,0.014063978823428488
2008-02-19,1.53,1.56,1.53,1.56,2831130.0,21175543.0,151402034.0,0.018699418529608394
2008-02-20,1.55,1.56,1.53,1.53,2212533.0,16463763.0,151402034.0,0.014613627978075909
2008-02-21,1.52,1.58,1.51,1.56,2610880.0,19433536.0,151402034.0,0.01724468245915375
2008-02-22,1.56,1.58,1.49,1.54,2186419.0,16330852.0,151402034.0,0.014441146807842753
2008-02-25,1.57,1.62,1.54,1.55,5774686.0,44347173.0,151402034.0,0.03814140304086007
2008-02-26,1.57,1.59,1.49,1.56,2993080.0,22317456.0,151402034.0,0.01976908711807663
2008-02-27,1.56,1.61,1.55,1.6,3067900.0,23605232.0,151402034.0,0.020263268061510985
2008-02-28,1.61,1.62,1.56,1.58,2412754.0,18500565.0,151402034.0,0.01593607388392153
2008-02-29,1.58,1.63,1.58,1.61,2951073.0,22879897.0,151402034.0,0.019491633778182926
2008-03-03,1.61,1.66,1.6,1.65,3667959.0,28987420.0,151402034.0,0.024226616400675305
2008-03-04,1.66,1.73,1.63,1.68,6534864.0,52898154.0,151402034.0,0.04316232633968445
2008-03-05,1.66,1.7,1.6,1.69,5538825.0,44336606.0,151402034.0,0.03658355739130955
2008-03-06,1.73,1.77,1.67,1.68,6853996.0,56896962.0,151402034.0,0.045270171205229644
2008-03-07,1.66,1.67,1.62,1.63,3808584.0,30134374.0,151402034.0,0.025155434833854344
2008-03-10,1.63,1.65,1.59,1.6,2298603.0,18013490.0,151402034.0,0.015182114396164586
2008-03-11,1.59,1.66,1.57,1.66,2234846.0,17562072.0,151402034.0,0.014761003805272524
2008-03-12,1.69,1.7,1.61,1.61,2305197.0,18379771.0,151402034.0,0.01522566731170864
2008-03-13,1.6,1.61,1.49,1.55,2720882.0,20375414.0,151402034.0,0.017971238087858186
2008-03-14,1.54,1.57,1.53,1.54,1347588.0,10065442.0,151402034.0,0.008900725864752913
2008-03-17,1.55,1.55,1.4,1.41,2541103.0,18011124.0,151402034.0,0.016783810183157777
2008-03-18,1.39,1.44,1.28,1.32,2434830.0,16049864.0,151402034.0,0.016081884342452096
2008-03-19,1.35,1.42,1.33,1.39,2268102.0,15070795.0,151402034.0,0.014980657393281784
2008-03-20,1.38,1.46,1.31,1.45,2317598.0,15683593.0,151402034.0,0.015307575062036486
2008-03-21,1.44,1.47,1.42,1.45,2458215.0,17135000.0,151402034.0,0.016236340655766884
2008-03-24,1.46,1.48,1.42,1.42,1815597.0,12733139.0,151402034.0,0.011991893054752487
2008-03-25,1.41,1.45,1.39,1.45,1400162.0,9655872.0,151402034.0,0.009247973511373037
2008-03-26,1.46,1.48,1.41,1.43,1337141.0,9342308.0,151402034.0,0.008831724149756139
2008-03-27,1.43,1.43,1.34,1.35,1646731.0,10937978.0,151402034.0,0.010876544762932313
2008-03-28,1.34,1.4,1.31,1.39,1089619.0,7156012.0,151402034.0,0.007196858398877257
2008-03-31,1.36,1.38,1.34,1.35,1090709.0,7150780.0,151402034.0,0.007204057773754876
2008-04-01,1.34,1.36,1.24,1.24,1713623.0,10533951.0,151402034.0,0.01131836181276138
2008-04-02,1.26,1.27,1.17,1.19,1623583.0,9631050.0,151402034.0,0.010723653818283578
2008-04-03,1.19,1.23,1.17,1.22,1238518.0,7187300.0,151402034.0,0.008180326031815397
2008-04-07,1.19,1.28,1.19,1.27,2148864.0,12968550.0,151402034.0,0.014193098621118921
2008-04-08,1.26,1.3,1.26,1.28,1807563.0,11106327.0,151402034.0,0.01193882903845268
2008-04-09,1.27,1.29,1.2,1.21,1479009.0,8939738.0,151402034.0,0.009768752512268098
2008-04-10,1.2,1.24,1.18,1.23,1282709.0,7485388.0,151402034.0,0.00847220454118866
2008-04-11,1.23,1.28,1.23,1.26,1269809.0,7715328.0,151402034.0,0.008387000930251702
2008-04-14,1.24,1.27,1.17,1.26,2751330.0,16149256.0,151402034.0,0.018172345029393727
2008-04-16,1.27,1.27,1.22,1.23,1851847.0,11167486.0,151402034.0,0.012231321806416418
2008-04-17,1.22,1.25,1.19,1.24,1657275.0,9735391.0,151402034.0,0.010946187156243885
2008-04-18,1.23,1.23,1.16,1.2,1750980.0,10045691.0,151402034.0,0.011565102223131295
2008-04-21,1.26,1.28,1.18,1.2,2832289.0,16925757.0,151402034.0,0.01870707364473056
2008-04-22,1.2,1.2,1.08,1.14,2405383.0,13026014.0,151402034.0,0.01588738893692802
2008-04-23,1.14,1.17,1.1,1.16,2164502.0,11977562.0,151402034.0,0.01429638653335397
2008-04-24,1.24,1.27,1.22,1.27,5341764.0,32217501.0,151402034.0,0.03528198306767794
2008-04-25,1.24,1.29,1.23,1.24,3902440.0,23639015.0,151402034.0,0.025775347245334895
2008-04-28,1.2,1.22,1.18,1.2,1973079.0,11446111.0,151402034.0,0.013032050811153568
2008-04-29,1.2,1.22,1.18,1.21,1808840.0,10520048.0,151402034.0,0.01194726353544233
2008-04-30,1.2,1.24,1.2,1.24,2849623.0,16821113.0,151402034.0,0.018821563520077942
2008-05-05,1.25,1.28,1.2,1.26,3107952.0,18735031.0,151402034.0,0.020527808761142536
2008-05-06,1.25,1.28,1.24,1.27,2970798.0,18140399.0,151402034.0,0.01962191604374351
2008-05-07,1.29,1.33,1.25,1.25,5298366.0,33201772.0,151402034.0,0.034995342268651426
2008-05-08,1.21,1.26,1.21,1.26,2971309.0,17676421.0,151402034.0,0.019625291163525585
2008-05-09,1.27,1.29,1.23,1.27,3242338.0,19883125.0,151402034.0,0.02141541902931106
2008-05-12,1.25,1.29,1.21,1.28,2429293.0,14832789.0,151402034.0,0.016045312839060008
2008-05-13,1.23,1.27,1.22,1.26,3173466.0,19102028.0,151402034.0,0.02096052421594283
2008-05-14,1.26,1.3,1.26,1.29,3055214.0,18927887.0,151402034.0,0.02017947790582523
2008-05-15,1.3,1.32,1.28,1.28,3236176.0,20292048.0,151402034.0,0.02137471944399373
2008-05-16,1.28,1.29,1.23,1.26,2050590.0,12486609.0,151402034.0,0.013544005624125235
2008-05-19,1.26,1.26,1.23,1.26,1008179.0,6088492.0,151402034.0,0.00665895281169076
2008-05-20,1.26,1.27,1.17,1.18,1899413.0,11258700.0,151402034.0,0.012545491958185977
2008-05-21,1.14,1.2,1.12,1.19,2113516.0,11730120.0,151402034.0,0.013959627517289496
2008-05-22,1.17,1.22,1.16,1.18,2155577.0,12346275.0,151402034.0,0.01423743752346154
2008-05-23,1.17,1.22,1.14,1.2,2328962.0,13327641.0,151402034.0,0.015382633498833972
2008-05-26,1.19,1.25,1.17,1.22,4058341.0,23858809.0,151402034.0,0.026805062605697885
2008-05-27,1.23,1.23,1.18,1.21,2307066.0,13388550.0,151402034.0,0.015238011927897878
2008-05-28,1.23,1.23,1.18,1.21,2134216.0,12469352.0,151402034.0,0.014096349590653453
2008-05-29,1.21,1.25,1.2,1.2,2344941.0,13840366.0,151402034.0,0.015488173692567433
2008-05-30,1.19,1.22,1.17,1.2,1779247.0,10220895.0,151402034.0,0.011751803809980518
2008-06-02,1.2,1.2,1.17,1.18,1202136.0,6873462.0,151402034.0,0.007940025429248857
2008-06-03,1.19,1.22,1.17,1.21,1710650.0,9808052.0,151402034.0,0.011298725352659397
2008-06-04,1.21,1.21,1.17,1.2,1246576.0,7116323.0,151402034.0,0.008233548566461135
2008-06-05,1.19,1.2,1.17,1.19,769728.0,4394745.0,151402034.0,0.005084000390642044
2008-06-06,1.19,1.21,1.17,1.19,1312273.0,7559427.0,151402034.0,0.008667472723649141
2008-06-10,1.16,1.16,1.07,1.09,2122197.0,11256468.0,151402034.0,0.014016964923998313
2008-06-11,1.08,1.09,1.03,1.08,1892173.0,9656979.0,151402034.0,0.012497672257163996
2008-06-12,1.06,1.07,1.01,1.03,2239047.0,11259651.0,151402034.0,0.014788751120741218
2008-06-13,1.05,1.07,1.0,1.05,1444459.0,7276000.0,151402034.0,0.00954055214344082
2008-06-16,1.03,1.06,1.01,1.05,1594215.0,8004195.0,151402034.0,0.010529680202314852
2008-06-17,1.04,1.05,0.97,0.97,1804450.0,8763912.0,151402034.0,0.011918267887999445
2008-06-18,0.96,1.02,0.93,1.0,2425928.0,11472887.0,151402034.0,0.016023087245974517
2008-06-19,0.97,0.99,0.9,0.9,1836200.0,8320194.0,151402034.0,0.012127974449801645
2008-06-20,0.89,0.95,0.85,0.94,2041532.0,9054129.0,151402034.0,0.013484178158399114
2008-06-23,0.93,0.96,0.9,0.93,875720.0,3928675.0,151402034.0,0.005784070245714136
2008-06-24,0.93,0.95,0.89,0.94,1106462.0,4979234.0,151402034.0,0.00730810525306417
2008-06-25,0.98,0.98,0.94,0.98,1270129.0,5947310.0,151402034.0,0.008389114508197426
2008-06-26,0.98,0.99,0.95,0.97,1252848.0,5869822.0,151402034.0,0.008274974694197305
2008-06-27,0.94,0.95,0.88,0.89,1220432.0,5319039.0,151402034.0,0.008060869248295568
2008-06-30,0.91,0.91,0.87,0.89,538989.0,2306012.0,151402034.0,0.0035599851980852516
2008-07-01,0.89,0.9,0.87,0.89,669702.0,2852205.0,151402034.0,0.004423335554395524
2008-07-02,0.89,0.91,0.88,0.9,647550.0,2789195.0,151402034.0,0.004277023121102851
2008-07-03,0.91,0.94,0.88,0.93,1294146.0,5740045.0,151402034.0,0.008547745137955016
2008-07-04,0.92,0.93,0.9,0.92,843457.0,3726977.0,151402034.0,0.005570975354267697
2008-07-07,0.92,0.96,0.92,0.96,1204476.0,5479205.0,151402034.0,0.007955480967976956
2008-07-08,0.96,0.97,0.94,0.97,1820886.0,8418036.0,151402034.0,0.01202682653523664
2008-07-09,0.97,1.0,0.96,1.0,2774589.0,13212270.0,151402034.0,0.018325969121392387
2008-07-10,0.97,1.0,0.96,0.96,1717260.0,8141237.0,151402034.0,0.011342383947100737
2008-07-11,0.96,0.97,0.93,0.97,1416817.0,6488490.0,151402034.0,0.009357978638516838
2008-07-14,0.97,0.98,0.95,0.98,1052293.0,4917694.0,151402034.0,0.006950322741370833
2008-07-15,0.98,0.99,0.95,0.97,1192120.0,5599225.0,151402034.0,0.007873870439547728
2008-07-16,0.96,0.96,0.88,0.93,1430644.0,6395024.0,151402034.0,0.009449305020565311
2008-07-17,0.93,0.94,0.91,0.94,891680.0,3995591.0,151402034.0,0.005889484945757069
2008-07-18,0.93,0.96,0.91,0.96,1535359.0,6988324.0,151402034.0,0.010140940378647753
2008-07-21,0.97,1.0,0.95,1.0,4816709.0,22790800.0,151402034.0,0.031814030979266765
2008-07-22,1.0,1.01,0.98,0.99,2671480.0,12883431.0,151402034.0,0.017644941282625042
2008-07-23,1.0,1.01,0.99,0.99,2250058.0,10842626.0,151402034.0,0.01486147801686733
2008-07-24,0.99,1.01,0.98,1.01,2281963.0,11015557.0,151402034.0,0.015072208342986991
2008-07-25,1.0,1.0,0.98,0.98,1247020.0,5952590.0,151402034.0,0.008236481155860826
2008-07-28,0.98,1.0,0.98,0.99,1190953.0,5706040.0,151402034.0,0.00786616248497692
2008-07-29,0.98,0.98,0.95,0.96,1513103.0,7021981.0,151402034.0,0.00999394103252272
2008-07-30,0.96,0.99,0.96,0.97,1771995.0,8320096.0,151402034.0,0.011703904849785571
2008-07-31,0.97,0.97,0.92,0.93,1472845.0,6687526.0,151402034.0,0.00972803971708861
2008-08-01,0.92,0.94,0.9,0.93,1509971.0,6729531.0,151402034.0,0.009973254388378957
2008-08-04,0.94,0.94,0.91,0.94,1086283.0,4856485.0,151402034.0,0.007174824348793095
2008-08-05,0.93,0.94,0.91,0.93,1067103.0,4771023.0,151402034.0,0.007048141770671324
2008-08-06,0.93,0.94,0.92,0.93,1232978.0,5543450.0,151402034.0,0.00814373471363007
2008-08-07,0.93,0.94,0.91,0.93,1084835.0,4845911.0,151402034.0,0.007165260408588698
2008-08-08,0.93,0.94,0.87,0.87,2411360.0,10563502.0,151402034.0,0.01592686660999548
2008-08-11,0.88,0.89,0.79,0.8,1510962.0,6033339.0,151402034.0,0.009979799875079617
2008-08-12,0.79,0.82,0.79,0.8,802986.0,3104116.0,151402034.0,0.005303667188513465
2008-08-13,0.79,0.8,0.74,0.78,923150.0,3407136.0,151402034.0,0.006097342126856763
2008-08-14,0.78,0.79,0.76,0.77,384478.0,1436106.0,151402034.0,0.0025394506919239937
2008-08-15,0.77,0.79,0.76,0.77,434178.0,1624784.0,151402034.0,0.002867715766619093
2008-08-18,0.76,0.77,0.71,0.71,589618.0,2082272.0,151402034.0,0.0038943862537540283
2008-08-19,0.7,0.72,0.69,0.71,558956.0,1912104.0,151402034.0,0.003691865856967285
2008-08-20,0.72,0.77,0.7,0.77,1428554.0,5166948.0,151402034.0,0.009435500714607309
2008-08-21,0.75,0.77,0.73,0.73,846910.0,3039756.0,151402034.0,0.005593782181288264
2008-08-22,0.73,0.74,0.69,0.73,719713.0,2477180.0,151402034.0,0.004753654762656623
2008-08-25,0.73,0.74,0.7,0.74,677883.0,2381120.0,151402034.0,0.004477370495564148
2008-08-26,0.74,0.77,0.71,0.72,2003565.0,7212218.0,151402034.0,0.013233408740070163
2008-08-27,0.7,0.72,0.68,0.7,1351588.0,4553615.0,151402034.0,0.00892714558907445
2008-08-28,0.7,0.71,0.69,0.7,662016.0,2239352.0,151402034.0,0.00437257005411169
2008-08-29,0.7,0.73,0.7,0.72,685294.0,2362226.0,151402034.0,0.004526319639800876
2008-09-01,0.72,0.72,0.7,0.71,700219.0,2387705.0,151402034.0,0.004624898236175612
2008-09-02,0.7,0.74,0.69,0.73,823249.0,2859733.0,151402034.0,0.005437502906995292
2008-09-03,0.72,0.74,0.71,0.73,711824.0,2482536.0,151402034.0,0.004701548461363472
2008-09-04,0.72,0.74,0.71,0.73,712610.0,2509847.0,151402034.0,0.004706739937192654
2008-09-05,0.71,0.71,0.69,0.7,1267651.0,4256936.0,151402034.0,0.008372747488980235
2008-09-08,0.69,0.7,0.64,0.65,753425.0,2431600.0,151402034.0,0.004976320199238538
2008-09-09,0.64,0.67,0.64,0.66,343239.0,1088332.0,151402034.0,0.0022670699391000256
2008-09-10,0.65,0.68,0.65,0.66,447569.0,1432995.0,151402034.0,0.002956162398716519
2008-09-11,0.65,0.66,0.64,0.64,417858.0,1305944.0,151402034.0,0.0027599232913872213
2008-09-12,0.64,0.66,0.64,0.66,425118.0,1336449.0,151402034.0,0.0028078750910308114
2008-09-16,0.66,0.66,0.63,0.65,535228.0,1670315.0,151402034.0,0.0035351440522919265
2008-09-17,0.65,0.67,0.63,0.64,571897.0,1796436.0,151402034.0,0.0037773402700785382
2008-09-18,0.63,0.64,0.58,0.6,1283794.0,3704746.0,151402034.0,0.008479370891410877
2008-09-22,0.66,0.66,0.66,0.66,328035.0,1049712.0,151402034.0,0.0021666485669538625
2008-09-23,0.65,0.66,0.63,0.63,1675056.0,5235861.0,151402034.0,0.011063629435784199
2008-09-24,0.62,0.64,0.6,0.64,776697.0,2330127.0,151402034.0,0.005130030155341242
2008-09-25,0.64,0.66,0.63,0.64,1066323.0,3328368.0,151402034.0,0.007042989924428624
2008-09-26,0.64,0.65,0.63,0.64,968627.0,2982073.0,151402034.0,0.0063977145775994
2008-10-06,0.62,0.64,0.62,0.62,598176.0,1802592.0,151402034.0,0.003950911253939957
2008-10-07,0.62,0.62,0.6,0.62,509691.0,1504938.0,151402034.0,0.0033664739272921524
2008-10-08,0.61,0.62,0.59,0.6,514273.0,1491938.0,151402034.0,0.003396737721502473
2008-10-09,0.61,0.61,0.58,0.6,554300.0,1601885.0,151402034.0,0.0036611132978570157
2008-10-10,0.58,0.59,0.54,0.54,652763.0,1768325.0,151402034.0,0.004311454626824894
2008-10-13,0.53,0.55,0.51,0.55,687021.0,1771915.0,151402034.0,0.0045377263557766995
2008-10-14,0.56,0.57,0.54,0.55,689599.0,1856574.0,151402034.0,0.0045547538681019305
2008-10-15,0.55,0.56,0.54,0.55,521080.0,1375812.0,151402034.0,0.0034416974873666493
2008-10-16,0.54,0.54,0.51,0.52,551100.0,1388155.0,151402034.0,0.0036399775183997857
2008-10-17,0.52,0.53,0.52,0.52,263250.0,664216.0,151402034.0,0.0017387481069111661
2008-10-20,0.52,0.54,0.51,0.54,598940.0,1537735.0,151402034.0,0.003955957421285371
2008-10-21,0.54,0.56,0.54,0.55,1033767.0,2733626.0,151402034.0,0.006827959788175633
2008-10-22,0.54,0.56,0.53,0.54,577760.0,1514818.0,151402034.0,0.003816064981002831
2008-10-23,0.52,0.54,0.52,0.54,566165.0,1445420.0,151402034.0,0.0037394808051257754
2008-10-24,0.54,0.54,0.53,0.54,721650.0,1869573.0,151402034.0,0.0047664485141593275
2008-10-27,0.54,0.54,0.49,0.49,767250.0,1874889.0,151402034.0,0.005067633371424851
2008-10-28,0.48,0.51,0.47,0.51,868150.0,2053421.0,151402034.0,0.005734070917435627
2008-10-29,0.51,0.51,0.48,0.49,459827.0,1104187.0,151402034.0,0.00303712564389987
2008-10-30,0.49,0.5,0.48,0.49,541735.0,1278625.0,151402034.0,0.0035781223388319868
2008-10-31,0.49,0.5,0.47,0.47,488100.0,1140347.0,151402034.0,0.003223866860335575
2008-11-03,0.47,0.47,0.46,0.46,482540.0,1087695.0,151402034.0,0.0031871434435286386
2008-11-04,0.46,0.46,0.44,0.45,725503.0,1562061.0,151402034.0,0.0047918973136120485
2008-11-05,0.45,0.47,0.44,0.46,759741.0,1687487.0,151402034.0,0.005018036943942246
2008-11-06,0.46,0.46,0.45,0.46,848604.0,1871680.0,151402034.0,0.005604970934538435
2008-11-07,0.45,0.51,0.45,0.49,1625342.0,3828230.0,151402034.0,0.010735271892053973
2008-11-10,0.48,0.52,0.48,0.52,2190707.0,5387081.0,151402034.0,0.014469468752315442
2008-11-11,0.51,0.53,0.5,0.53,1443990.0,3595166.0,151402034.0,0.00953745443076412
2008-11-12,0.52,0.54,0.51,0.54,1499752.0,3809482.0,151402034.0,0.009905758597668509
2008-11-13,0.52,0.57,0.52,0.56,3858271.0,10329760.0,189297339.0,0.02038206675477884
2008-11-14,0.57,0.59,0.54,0.58,2966414.0,8056685.0,189297339.0,0.01567065874074437
2008-11-17,0.58,0.6,0.56,0.6,3910946.0,11054224.0,189297339.0,0.020660332684338475
2008-11-18,0.6,0.61,0.54,0.54,2867952.0,8001128.0,189297339.0,0.015150514080919013
2008-11-19,0.54,0.59,0.54,0.59,2560728.0,7084804.0,189297339.0,0.013527543564677367
2008-11-20,0.57,0.62,0.57,0.61,4064016.0,11833621.0,189297339.0,0.02146895472207351
2008-11-21,0.59,0.6,0.56,0.59,3204576.0,8996015.0,189297339.0,0.01692879581365906
2008-11-24,0.58,0.59,0.56,0.56,1492043.0,4116398.0,189297339.0,0.007882007258432725
2008-11-25,0.57,0.57,0.54,0.55,1016625.0,2721367.0,189297339.0,0.005370519233764823
2008-11-26,0.54,0.57,0.54,0.56,933695.0,2513040.0,189297339.0,0.0049324253839616835
2008-11-27,0.59,0.6,0.57,0.58,2699882.0,7621543.0,189297339.0,0.014262651626603161
2008-11-28,0.57,0.58,0.55,0.56,1217523.0,3308589.0,189297339.0,0.006431801981115012
2008-12-01,0.55,0.59,0.54,0.59,2922568.0,8168294.0,189297339.0,0.015439033720384205
2008-12-02,0.58,0.65,0.57,0.65,10495369.0,31600430.0,189297339.0,0.05544382744862568
2008-12-03,0.65,0.68,0.63,0.67,10443134.0,33043506.0,189297339.0,0.05516788590461908
2008-12-04,0.65,0.7,0.64,0.65,11310801.0,36838676.0,189297339.0,0.05975150554018089
2008-12-05,0.64,0.68,0.64,0.67,4322612.0,13673670.0,189297339.0,0.022835038373149028
2008-12-08,0.67,0.69,0.66,0.69,6850605.0,22516076.0,189297339.0,0.036189652935374864
2008-12-09,0.7,0.7,0.65,0.66,4005256.0,12980159.0,189297339.0,0.02115854359685426
2008-12-10,0.66,0.68,0.65,0.68,3251963.0,10452161.0,189297339.0,0.017179126855026736
2008-12-11,0.69,0.69,0.65,0.65,2372333.0,7638867.0,189297339.0,0.012532310345894509
2008-12-12,0.65,0.65,0.62,0.65,3889616.0,11953559.0,189297339.0,0.020547652811960554
2008-12-15,0.66,0.69,0.65,0.69,7680489.0,24834320.0,189297339.0,0.040573676526958466
2008-12-16,0.68,0.68,0.63,0.67,4218909.0,13393179.0,189297339.0,0.022287207111770336
2008-12-17,0.67,0.72,0.66,0.7,9013075.0,30413386.0,189297339.0,0.04761332117827605
2008-12-18,0.7,0.77,0.68,0.77,22326656.0,81199680.0,189297339.0,0.11794490148643876
2008-12-19,0.77,0.84,0.76,0.84,30285384.0,117496928.0,189297339.0,0.15998842963133253
2008-12-22,0.84,0.91,0.81,0.87,24838360.0,102527440.0,189297339.0,0.13121346623895225
2008-12-23,0.85,0.85,0.78,0.78,15376090.0,60412748.0,189297339.0,0.08122718513227489
2008-12-24,0.77,0.83,0.75,0.8,13298107.0,50864828.0,189297339.0,0.07024983589441794
2008-12-25,0.78,0.8,0.73,0.75,8535646.0,31249456.0,189297339.0,0.04509120965509188
2008-12-26,0.75,0.78,0.73,0.73,6424504.0,23389508.0,189297339.0,0.03393869155234137
2008-12-29,0.73,0.75,0.7,0.74,6149881.0,21509962.0,189297339.0,0.032487942157496466
2008-12-30,0.74,0.75,0.7,0.73,8250643.0,29129478.0,189297339.0,0.043585625891973054
2008-12-31,0.73,0.76,0.71,0.74,7689002.0,27310940.0,189297339.0,0.0406186481047153
2009-01-05,0.75,0.77,0.73,0.77,9633862.0,34917300.0,189297339.0,0.050892749210806394
2009-01-06,0.76,0.81,0.75,0.8,10278465.0,38890852.0,189297339.0,0.05429798989408932
2009-01-07,0.8,0.8,0.77,0.77,7749129.0,29258804.0,189297339.0,0.04093628067323229
2009-01-08,0.76,0.76,0.71,0.72,6942249.0,24500350.0,189297339.0,0.036673780184517016
2009-01-09,0.72,0.76,0.72,0.76,5840674.0,20789998.0,189297339.0,0.030854496058182836
2009-01-12,0.76,0.79,0.75,0.77,7885378.0,29533484.0,189297339.0,0.041656042507813594
2009-01-13,0.76,0.78,0.73,0.78,6896317.0,25040166.0,189297339.0,0.03643113546355768
2009-01-14,0.79,0.8,0.76,0.79,10966744.0,41524948.0,189297339.0,0.05793395753967783
2009-01-15,0.79,0.82,0.77,0.79,9727628.0,37590800.0,189297339.0,0.05138808633754751
2009-01-16,0.78,0.81,0.77,0.77,7086326.0,26893540.0,189297339.0,0.037434894951164636
2009-01-19,0.77,0.78,0.75,0.77,4452247.0,16332965.0,189297339.0,0.023519860466712634
2009-01-20,0.75,0.77,0.75,0.76,2486600.0,9082528.0,189297339.0,0.013135947991323851
2009-01-21,0.76,0.77,0.75,0.75,2675470.0,9777815.0,189297339.0,0.014133690489965102
2009-01-22,0.75,0.76,0.74,0.75,3515048.0,12660219.0,189297339.0,0.018568924521437675
2009-01-23,0.75,0.79,0.74,0.79,5726229.0,21098758.0,189297339.0,0.0302499180931434
2009-02-02,0.8,0.8,0.78,0.79,6325164.0,24089104.0,189297339.0,0.03341390868679881
2009-02-03,0.79,0.81,0.78,0.81,9032532.0,34635516.0,189297339.0,0.04771610656397024
2009-02-04,0.82,0.85,0.81,0.84,12272340.0,49178028.0,189297339.0,0.06483102226809433
2009-02-05,0.84,0.84,0.79,0.8,8427152.0,33190442.0,189297339.0,0.04451806900465727
2009-02-06,0.81,0.83,0.81,0.83,8457990.0,33686108.0,189297339.0,0.04468097673575855
2009-02-09,0.83,0.88,0.82,0.86,10069716.0,41203396.0,189297339.0,0.053195232712700734
2009-02-10,0.86,0.87,0.83,0.87,7947308.0,32678546.0,189297339.0,0.04198319977440359
2009-02-11,0.86,0.89,0.84,0.85,9506176.0,39533140.0,189297339.0,0.05021822308870385
2009-02-12,0.85,0.88,0.84,0.88,8279630.0,34484680.0,189297339.0,0.043738755355668256
2009-02-13,0.88,0.9,0.87,0.9,8700866.0,37406812.0,189297339.0,0.045964016430257375
2009-02-16,0.9,0.93,0.88,0.92,8753255.0,38343704.0,189297339.0,0.04624077150920753
2009-02-17,0.91,0.92,0.87,0.87,7181183.0,30830658.0,189297339.0,0.0379359954975384
2009-02-18,0.87,0.88,0.82,0.83,5813792.0,23833622.0,189297339.0,0.030712486666281135
2009-02-19,0.85,0.87,0.84,0.85,4700622.0,19281802.0,189297339.0,0.024831949697929984
2009-02-20,0.85,0.87,0.85,0.87,3855008.0,15995194.0,189297339.0,0.020364829322825292
2009-02-23,0.87,0.92,0.85,0.92,7961238.0,34338604.0,189297339.0,0.04205678770793497
2009-02-24,0.91,1.01,0.9,0.99,21720658.0,99582048.0,189297339.0,0.11474359922196264
2009-02-25,0.97,1.01,0.93,0.97,16637758.0,77804768.0,189297339.0,0.08789219165938725
2009-02-26,0.96,0.99,0.87,0.89,11282561.0,51127500.0,189297339.0,0.059602322249231406
2009-02-27,0.88,0.88,0.8,0.81,8467029.0,33940812.0,189297339.0,0.04472872701079015
2009-03-02,0.78,0.82,0.77,0.81,4536929.0,17406374.0,189297339.0,0.023967209597172415
2009-03-03,0.82,0.86,0.82,0.83,8934850.0,36129124.0,189297339.0,0.04720008240580709
2009-03-04,0.82,0.87,0.81,0.87,9302091.0,38230352.0,189297339.0,0.04914010439417746
2009-03-05,0.87,0.88,0.83,0.86,7384973.0,30491546.0,189297339.0,0.03901255579720537
2009-03-06,0.85,0.95,0.84,0.95,21006348.0,94605800.0,189297339.0,0.1109701177574398
2009-03-09,0.96,0.99,0.91,0.91,24598854.0,114268952.0,189297339.0,0.12994822922471191
2009-03-10,0.89,0.94,0.84,0.93,9889435.0,42327348.0,189297339.0,0.05224286327659366
2009-03-11,0.94,0.94,0.9,0.91,8218068.0,36449108.0,189297339.0,0.04341354212063171
2009-03-12,0.87,0.91,0.86,0.89,6219687.0,26350356.0,189297339.0,0.032856705925485834
2009-03-13,0.89,0.9,0.85,0.85,5539997.0,23377170.0,189297339.0,0.029266111342431497
2009-03-16,0.85,0.87,0.83,0.86,4100727.0,16861920.0,189297339.0,0.0216628877176134
2009-03-17,0.86,0.9,0.85,0.88,6488612.0,27359764.0,189297339.0,0.034277354527418896
2009-03-18,0.88,0.91,0.88,0.88,6071397.0,26266286.0,189297339.0,0.03207333516716788
2009-03-19,0.88,0.91,0.88,0.91,5854675.0,25439608.0,189297339.0,0.03092845906301937
2009-03-20,0.91,0.92,0.88,0.91,6275909.0,27378614.0,189297339.0,0.03315370957221961
2009-03-23,0.91,0.93,0.9,0.92,6107635.0,27123148.0,189297339.0,0.03226476944823826
2009-03-24,0.93,0.93,0.91,0.92,6215250.0,27595794.0,189297339.0,0.03283326661026122
2009-03-25,0.91,0.92,0.88,0.88,4788707.0,20904942.0,189297339.0,0.02529727583756473
2009-03-26,0.88,0.9,0.86,0.9,3772430.0,16180818.0,189297339.0,0.019928594981464584
2009-03-27,0.9,0.92,0.9,0.91,5330308.0,23438402.0,189297339.0,0.02815838842827051
2009-03-30,0.92,0.93,0.91,0.92,4570967.0,20226082.0,189297339.0,0.024147021950477604
2009-03-31,0.9,0.92,0.89,0.92,3709648.0,16263618.0,189297339.0,0.019596936859212797
2009-04-01,0.92,0.96,0.92,0.94,7857161.0,35760132.0,189297339.0,0.0415069807188362
2009-04-02,0.94,0.98,0.93,0.95,9732803.0,44557996.0,189297339.0,0.05141542428126789
2009-04-03,0.95,0.97,0.92,0.96,8406558.0,38489308.0,189297339.0,0.044409277195386246
2009-04-07,0.96,1.01,0.96,1.0,15145884.0,71889264.0,189297339.0,0.08001107717631467
2009-04-08,0.98,1.05,0.96,0.96,17435242.0,84923656.0,189297339.0,0.0921050559511563
2009-04-09,0.95,0.98,0.92,0.96,8012358.0,36629372.0,189297339.0,0.042326839047642395
2009-04-10,0.97,1.04,0.96,1.0,11983884.0,57854504.0,189297339.0,0.0633071973610786
2009-04-13,1.0,1.04,0.99,1.01,10934196.0,53631724.0,189297339.0,0.05776201640108634
2009-04-14,1.01,1.03,0.98,1.02,9223136.0,44786436.0,189297339.0,0.04872300925476823
2009-04-15,1.01,1.09,1.0,1.08,15314737.0,77933240.0,189297339.0,0.08090307598037604
2009-04-16,1.05,1.08,1.03,1.05,10483816.0,53102360.0,189297339.0,0.055382796479775134
2009-04-17,1.05,1.15,1.05,1.15,25289002.0,138063872.0,189297339.0,0.1335940702262064
2009-04-20,1.18,1.27,1.17,1.27,22993532.0,137931808.0,189297339.0,0.12146780362295531
2009-04-21,1.33,1.39,1.24,1.27,45486068.0,289990560.0,189297339.0,0.24028899846288912
2009-04-23,1.15,1.23,1.15,1.2,20107116.0,113429176.0,189297339.0,0.10621974987191975
2009-04-24,1.16,1.18,1.13,1.15,12071877.0,67069524.0,189297339.0,0.06377203749282498
2009-04-27,1.16,1.16,1.05,1.05,10047538.0,52651976.0,189297339.0,0.05307807311543877
2009-04-28,1.04,1.06,1.03,1.05,8559480.0,43067308.0,189297339.0,0.04521711739434436
2009-04-29,1.05,1.1,1.04,1.09,8930754.0,46153100.0,189297339.0,0.04717844448938609
2009-04-30,1.09,1.17,1.07,1.13,13883181.0,75199576.0,189297339.0,0.07334060306045824
2009-05-04,1.11,1.18,1.1,1.16,10855942.0,60514904.0,189297339.0,0.057348624430478654
2009-05-05,1.16,1.18,1.14,1.17,10434071.0,58625560.0,189297339.0,0.05512000884492095
2009-05-06,1.18,1.23,1.16,1.22,12632585.0,72983320.0,189297339.0,0.0667340865261714
2009-05-07,1.22,1.22,1.16,1.19,11079657.0,63451132.0,189297339.0,0.05853044241683714
2009-05-08,1.18,1.18,1.14,1.16,7729637.0,43320596.0,189297339.0,0.040833310393232736
2009-05-11,1.16,1.17,1.1,1.1,6576824.0,36170532.0,189297339.0,0.03474335156924736
2009-05-12,1.09,1.15,1.08,1.14,3634335.0,19686902.0,189297339.0,0.019199081292949394
2009-05-13,1.14,1.15,1.13,1.15,4041546.0,22277122.0,189297339.0,0.021350252578035446
2009-05-14,1.14,1.16,1.11,1.15,4900305.0,26765290.0,189297339.0,0.025886813971537127
2009-05-15,1.15,1.21,1.15,1.19,9420638.0,53490696.0,189297339.0,0.049766351971804526
2009-05-18,1.18,1.19,1.14,1.18,6217177.0,34960964.0,189297339.0,0.03284344636244464
2009-05-19,1.18,1.23,1.17,1.21,11107260.0,64492924.0,189297339.0,0.05867626063142916
2009-05-20,1.22,1.22,1.18,1.18,7835055.0,45234652.0,189297339.0,0.04139020147557383
2009-05-21,1.17,1.18,1.12,1.13,7377233.0,40699596.0,189297339.0,0.038971667742249666
2009-05-22,1.13,1.15,1.12,1.14,3556819.0,19502082.0,189297339.0,0.018789587950837492
2009-05-25,1.1,1.13,1.07,1.12,3910494.0,20719406.0,189297339.0,0.02065794490645217
2009-05-26,1.12,1.17,1.12,1.14,5434452.0,30283228.0,189297339.0,0.028708549357896677
2009-05-27,1.16,1.16,1.13,1.14,2969289.0,16297258.0,189297339.0,0.015685846487255694
2009-06-01,1.15,1.15,1.13,1.15,4160863.0,22974424.0,189297339.0,0.02198056783038033
2009-06-02,1.15,1.17,1.15,1.16,5767662.0,32310056.0,189297339.0,0.03046879597182293
2009-06-03,1.16,1.19,1.15,1.18,7767170.0,44009076.0,189297339.0,0.041031585763601254
2009-06-04,1.18,1.2,1.15,1.17,5606838.0,31673782.0,189297339.0,0.029619211921410052
2009-06-05,1.17,1.18,1.14,1.15,5447207.0,30389006.0,189297339.0,0.028775930125462566
2009-06-08,1.15,1.16,1.13,1.14,2958881.0,16364985.0,189297339.0,0.015630864203537483
2009-06-09,1.14,1.15,1.11,1.15,4232363.0,23045854.0,189297339.0,0.022358280482748887
2009-06-10,1.15,1.18,1.14,1.17,6482072.0,36320036.0,189297339.0,0.034242805705789664
2009-06-11,1.17,1.19,1.16,1.17,7090797.0,40198992.0,189297339.0,0.03745851387800016
2009-06-12,1.17,1.2,1.17,1.19,10871751.0,62142380.0,189297339.0,0.0574321385468604
2009-06-15,1.2,1.28,1.2,1.27,22297632.0,134848848.0,189297339.0,0.11779157656304931
2009-06-16,1.25,1.27,1.22,1.25,10524675.0,63075404.0,189297339.0,0.05559864209184684
2009-06-17,1.25,1.28,1.22,1.25,8610440.0,51945064.0,189297339.0,0.04548632350294158
2009-06-18,1.25,1.26,1.21,1.22,9016281.0,53157732.0,189297339.0,0.04763025749664659
2009-06-19,1.22,1.22,1.18,1.2,7920537.0,45630548.0,189297339.0,0.04184177676158459
2009-06-22,1.19,1.21,1.18,1.19,4967481.0,28580496.0,189297339.0,0.026241684253152656
2009-06-23,1.17,1.19,1.16,1.18,5908801.0,33417794.0,189297339.0,0.031214390182209586
2009-06-24,1.18,1.22,1.17,1.22,6287956.0,36322628.0,189297339.0,0.03321735019212288
2009-06-25,1.21,1.22,1.18,1.19,4748702.0,27384064.0,189297339.0,0.025085941646543694
2009-06-26,1.19,1.21,1.18,1.2,4276624.0,24701246.0,189297339.0,0.022592097821301123
2009-06-29,1.19,1.2,1.17,1.17,5317088.0,30336722.0,189297339.0,0.028088551207790618
2009-06-30,1.17,1.19,1.16,1.16,3630035.0,20476162.0,191168918.0,0.018988625546334893
2009-07-01,1.16,1.17,1.16,1.17,3672094.0,20657666.0,191168918.0,0.019208635161077806
2009-07-02,1.17,1.19,1.16,1.17,4226507.0,23819602.0,191168918.0,0.022108756194351636
2009-07-03,1.17,1.19,1.16,1.19,4975015.0,28335650.0,191168918.0,0.0260241834920047
2009-07-06,1.2,1.2,1.17,1.19,4623592.0,26391736.0,191168918.0,0.02418589825360627
2009-07-07,1.18,1.21,1.18,1.2,7211855.0,41803468.0,191168918.0,0.037725039590379435
2009-07-08,1.2,1.22,1.19,1.22,7476808.0,43526604.0,191168918.0,0.039111002344010756
2009-07-09,1.22,1.24,1.2,1.24,8007722.0,47431984.0,191168918.0,0.041888200674965376
2009-07-10,1.24,1.25,1.22,1.22,7501275.0,44640140.0,191168918.0,0.03923898863098655
2009-07-13,1.22,1.24,1.21,1.23,7156575.0,42335500.0,191168918.0,0.03743587124346229
2009-07-14,1.23,1.26,1.23,1.26,10110638.0,60952756.0,191168918.0,0.05288850355893106
2009-07-15,1.26,1.26,1.24,1.25,8265259.0,49677860.0,191168918.0,0.04323537051143429
2009-07-16,1.25,1.26,1.23,1.24,7596334.0,45473412.0,191168918.0,0.039736239967629046
2009-07-17,1.24,1.28,1.23,1.27,11530468.0,70190728.0,191168918.0,0.060315600049585465
2009-07-20,1.27,1.29,1.26,1.28,9973611.0,61354488.0,191168918.0,0.05217171862635117
2009-07-21,1.27,1.28,1.21,1.22,9454340.0,56852320.0,191168918.0,0.04945542454762442
2009-07-22,1.23,1.25,1.23,1.24,4599696.0,27437362.0,191168918.0,0.02406089885386075
2009-07-23,1.24,1.25,1.22,1.25,5164728.0,30858796.0,191168918.0,0.02701656762005631
2009-07-24,1.25,1.25,1.2,1.22,5612771.0,33228384.0,191168918.0,0.029360269748453564
2009-07-27,1.23,1.25,1.22,1.25,5497501.0,32829846.0,191168918.0,0.0287572951582014
2009-07-28,1.25,1.3,1.23,1.29,13422547.0,82608984.0,191168918.0,0.07021301967090696
2009-07-29,1.29,1.29,1.16,1.18,9390593.0,56152141.0,191168918.0,0.04912196552788984
2009-07-30,1.19,1.21,1.14,1.2,5667690.0,32235694.0,191168918.0,0.029647549713076263
2009-07-31,1.2,1.25,1.2,1.24,6867300.0,40587060.0,191168918.0,0.035922680694358486
2009-08-03,1.24,1.26,1.23,1.26,6891027.0,41509608.0,191168918.0,0.03604679605917945
2009-08-04,1.26,1.26,1.23,1.26,7194046.0,43328860.0,191168918.0,0.03763188114084529
2009-08-05,1.28,1.3,1.25,1.28,10877967.0,67155520.0,191168918.0,0.056902383053713784
2009-08-06,1.27,1.28,1.23,1.26,7343316.0,44693864.0,191168918.0,0.03841270891118398
2009-08-07,1.26,1.33,1.25,1.28,16827406.0,104685792.0,191168918.0,0.08802375499138411
2009-08-10,1.3,1.34,1.28,1.32,14125562.0,89291592.0,191168918.0,0.07389047418262837
2009-08-11,1.33,1.33,1.27,1.28,6933189.0,43334920.0,191168918.0,0.036267344464438515
2009-08-12,1.28,1.28,1.17,1.19,7398383.0,43599188.0,191168918.0,0.03870076306023765
2009-08-13,1.19,1.2,1.15,1.17,5345980.0,30168020.0,191168918.0,0.0279646924611458
2009-08-14,1.17,1.19,1.06,1.08,6126135.0,33032896.0,191168918.0,0.03204566445262823
2009-08-17,1.07,1.07,0.99,1.0,5510043.0,27518180.0,191168918.0,0.028822902057749785
2009-08-18,0.98,1.03,0.98,1.03,3085518.0,15115602.0,191168918.0,0.01614027025041801
2009-08-19,1.03,1.04,0.94,0.95,4114703.0,19835552.0,191168918.0,0.021523912166516525
2009-08-20,0.95,0.99,0.95,0.99,3748550.0,17616294.0,191168918.0,0.01960857465333355
2009-08-21,1.0,1.04,0.98,1.03,5126259.0,24927016.0,191168918.0,0.02681533720874018
2009-08-24,1.03,1.04,1.01,1.04,4435509.0,22084358.0,191168918.0,0.02320204061624704
2009-08-25,1.04,1.04,0.98,1.02,5104992.0,24794540.0,191168918.0,0.026704090044596056
2009-08-26,1.02,1.06,1.0,1.05,4928124.0,24797234.0,191168918.0,0.02577889780178596
2009-08-27,1.05,1.09,1.04,1.07,5054151.0,26042192.0,191168918.0,0.02643814199963197
2009-08-28,1.07,1.07,1.02,1.04,4130940.0,20762322.0,191168918.0,0.02160884752195961
2009-08-31,1.03,1.03,0.95,0.96,3570765.0,16964410.0,191168918.0,0.018678585605637
2009-09-01,0.96,0.98,0.94,0.97,2749364.0,12809412.0,191168918.0,0.014381856782806084
2009-09-02,0.96,0.99,0.95,0.99,2601944.0,12221447.0,191168918.0,0.013610706317854453
2009-09-03,0.98,1.03,0.97,1.02,3680973.0,17919620.0,191168918.0,0.019255080995959815
2009-09-07,1.03,1.05,1.02,1.03,4338601.0,21689714.0,191168918.0,0.022695117205193367
2009-09-08,1.03,1.04,1.02,1.04,3419829.0,17052172.0,191168918.0,0.01788904302947407
2009-09-09,1.04,1.05,1.02,1.04,3224957.0,16044019.0,191168918.0,0.01686967229683227
2009-09-10,1.04,1.05,1.02,1.04,3333703.0,16665899.0,191168918.0,0.017438520000411364
2009-09-11,1.03,1.06,1.03,1.05,3792300.0,19234244.0,191168918.0,0.019837429848297828
2009-09-14,1.06,1.09,1.05,1.08,5720309.0,29586654.0,191168918.0,0.0299227984331637
2009-09-15,1.08,1.1,1.07,1.09,5986847.0,31466596.0,191168918.0,0.03131705228357259
2009-09-16,1.09,1.15,1.08,1.14,13035864.0,70659560.0,191168918.0,0.06819029022280704
2009-09-17,1.21,1.25,1.21,1.25,8105674.0,48785096.0,191168918.0,0.04240058522484288
2009-09-18,1.37,1.37,1.25,1.28,46130192.0,294482752.0,191168918.0,0.24130592191770422
2009-09-21,1.22,1.33,1.18,1.28,15336008.0,92669432.0,191168918.0,0.08022228801859935
2009-09-22,1.26,1.28,1.2,1.21,7280592.0,43611500.0,191168918.0,0.03808460117977965
2009-09-23,1.2,1.24,1.15,1.17,7126085.0,40986076.0,191168918.0,0.03727637878873175
2009-09-24,1.14,1.16,1.1,1.13,6067550.0,33154958.0,191168918.0,0.03173920773041149
2009-09-25,1.12,1.14,1.1,1.12,3810969.0,20681156.0,191168918.0,0.019935086937092984
2009-09-28,1.13,1.15,1.07,1.08,2909154.0,15668678.0,191168918.0,0.015217714419453899
2009-09-29,1.07,1.08,0.99,1.03,4739631.0,23579754.0,191168918.0,0.024792895464313923
2009-09-30,1.05,1.06,1.03,1.04,3465571.0,17472750.0,191168918.0,0.018128318328401064
2009-10-09,1.05,1.11,1.04,1.11,4603539.0,24089630.0,191168918.0,0.024081001494186415
2009-10-12,1.11,1.16,1.09,1.13,5782594.0,31435644.0,191168918.0,0.03024860976615456
2009-10-13,1.12,1.14,1.1,1.14,4579789.0,24593414.0,191168918.0,0.023956765816920092
2009-10-14,1.13,1.15,1.12,1.13,5337227.0,29246762.0,191168918.0,0.027918905729225292
2009-10-15,1.14,1.15,1.12,1.15,4742561.0,26012420.0,191168918.0,0.02480822222365667
2009-10-16,1.15,1.16,1.12,1.14,4640539.0,25425750.0,191168918.0,0.02427454760192763
2009-10-19,1.14,1.17,1.13,1.17,6001846.0,33420318.0,191168918.0,0.03139551169087017
2009-10-20,1.17,1.2,1.16,1.19,6414453.0,36619032.0,191168918.0,0.03355384895781018
2009-10-21,1.18,1.2,1.16,1.16,6134633.0,34735448.0,191168918.0,0.032090117285698085
2009-10-22,1.16,1.19,1.14,1.19,7980343.0,44906684.0,191168918.0,0.041744981786212755
2009-10-23,1.18,1.26,1.17,1.26,14185828.0,82957040.0,191168918.0,0.07420572417530762
2009-10-26,1.26,1.28,1.2,1.21,9581388.0,56538024.0,191168918.0,0.050120009571848916
2009-10-27,1.2,1.2,1.16,1.16,6024921.0,34261584.0,191168918.0,0.03151621645941418
2009-10-28,1.15,1.19,1.15,1.18,5606555.0,31604052.0,191168918.0,0.02932775400235304
2009-10-29,1.16,1.16,1.14,1.14,4996255.0,27721010.0,191168918.0,0.026135289419799927
2009-10-30,1.16,1.17,1.14,1.14,3830151.0,21390904.0,191168918.0,0.020035427516517094
2009-11-02,1.12,1.17,1.1,1.16,4610773.0,25385652.0,191168918.0,0.024118842373737764
2009-11-03,1.16,1.2,1.16,1.19,6066076.0,34659736.0,191168918.0,0.03173149727195715
2009-11-04,1.2,1.22,1.19,1.21,6740380.0,39226096.0,191168918.0,0.03525876523504726
2009-11-05,1.21,1.23,1.19,1.22,6830590.0,39897788.0,191168918.0,0.035730651569623885
2009-11-06,1.23,1.23,1.2,1.21,6959007.0,40872304.0,191168918.0,0.036402397799834806
2009-11-09,1.21,1.22,1.2,1.22,5113713.0,29905210.0,191168918.0,0.02674970938528825
2009-11-10,1.22,1.22,1.21,1.21,5021421.0,29470496.0,191168918.0,0.026266932158919266
2009-11-11,1.21,1.24,1.19,1.24,7932244.0,46649544.0,191168918.0,0.04149337707712506
2009-11-12,1.24,1.28,1.23,1.26,15787391.0,95419840.0,191168918.0,0.08258346160645215
2009-11-13,1.25,1.27,1.23,1.26,8224141.0,49691596.0,191168918.0,0.04302028324499906
2009-11-16,1.29,1.32,1.29,1.29,18494310.0,116285552.0,191168918.0,0.09674328961782375
2009-11-17,1.29,1.3,1.27,1.29,8975106.0,55682524.0,191168918.0,0.04694856305040132
2009-11-18,1.29,1.3,1.28,1.29,6790159.0,42156296.0,191168918.0,0.03551915798362158
2009-11-19,1.29,1.34,1.28,1.33,11471895.0,72598216.0,191168918.0,0.06000920609907935
2009-11-20,1.33,1.35,1.31,1.33,11657003.0,74837744.0,191168918.0,0.06097750158318101
2009-11-23,1.33,1.38,1.32,1.37,12302892.0,79944136.0,191168918.0,0.06435613136650174
2009-11-24,1.37,1.4,1.25,1.27,14610512.0,94775168.0,191168918.0,0.07642723593800954
2009-11-25,1.26,1.33,1.26,1.33,8861286.0,55516280.0,191168918.0,0.04635317337518226
2009-11-26,1.33,1.37,1.27,1.31,13539831.0,85988592.0,191168918.0,0.07082652944659132
2009-11-27,1.28,1.34,1.27,1.27,10219973.0,64347644.0,191168918.0,0.053460432307306356
2009-11-30,1.27,1.32,1.27,1.31,7530673.0,47195688.0,191168918.0,0.039392768860050775
2009-12-01,1.31,1.36,1.31,1.35,10297372.0,66371316.0,191168918.0,0.053865304609821564
2009-12-02,1.35,1.42,1.35,1.4,16980028.0,113612448.0,191168918.0,0.08882211699288899
2009-12-03,1.39,1.41,1.37,1.41,11613296.0,78068616.0,191168918.0,0.06074887132017978
2009-12-04,1.41,1.42,1.31,1.33,13203485.0,86359576.0,191168918.0,0.06906711163160949
2009-12-07,1.32,1.38,1.32,1.38,7860544.0,51378808.0,191168918.0,0.04111831610617789
2009-12-08,1.45,1.48,1.4,1.41,29129538.0,201849840.0,191168918.0,0.15237591081621332
2009-12-09,1.38,1.39,1.34,1.36,10662520.0,70300008.0,191168918.0,0.05577538499224021
2009-12-10,1.36,1.38,1.34,1.36,6143530.0,40281712.0,191168918.0,0.03213665727814602
2009-12-11,1.37,1.37,1.34,1.35,5643185.0,36955524.0,191168918.0,0.029519364649016847
2009-12-14,1.35,1.36,1.29,1.33,5723029.0,36376352.0,191168918.0,0.029937026687570624
2009-12-15,1.33,1.34,1.32,1.34,3976195.0,25586984.0,191168918.0,0.020799380158651105
2009-12-16,1.34,1.36,1.33,1.36,6294499.0,41042040.0,191168918.0,0.03292637247651315
2009-12-17,1.36,1.36,1.3,1.3,4557470.0,29090742.0,191168918.0,0.02384001566614506
2009-12-18,1.28,1.3,1.24,1.25,4527271.0,27728416.0,191168918.0,0.02368204542539703
2009-12-21,1.25,1.27,1.25,1.27,3401205.0,20706386.0,191168918.0,0.017791621334593735
2009-12-22,1.27,1.29,1.25,1.25,4091879.0,25094134.0,191168918.0,0.02140452037291962
2009-12-23,1.25,1.32,1.25,1.31,6089302.0,37896112.0,191168918.0,0.031852991917859785
2009-12-24,1.31,1.36,1.3,1.35,9586205.0,61355552.0,191168918.0,0.05014520718268647
2009-12-25,1.34,1.39,1.32,1.38,13032712.0,85706304.0,191168918.0,0.06817380218681784
2009-12-28,1.37,1.39,1.36,1.38,10371571.0,68817720.0,191168918.0,0.05425343778950509
2009-12-29,1.37,1.38,1.34,1.36,6387074.0,41941352.0,191168918.0,0.03341063006905756
2009-12-30,1.37,1.37,1.32,1.33,6317537.0,40769852.0,191168918.0,0.033046883698949425
2009-12-31,1.33,1.36,1.32,1.35,4923785.0,32024124.0,191168918.0,0.025756200597421387
2010-01-04,1.35,1.39,1.35,1.37,6921268.0,45751232.0,191168918.0,0.036204986000914645
2010-01-05,1.37,1.42,1.36,1.4,13297487.0,89769584.0,191168918.0,0.06955883382674165
2010-01-06,1.39,1.41,1.37,1.37,7868035.0,52644959.0,191168918.0,0.04115750134653166
2010-01-07,1.36,1.37,1.3,1.31,6854108.0,44286792.0,191168918.0,0.03585367366048491
2010-01-08,1.31,1.38,1.31,1.37,6982421.0,45418084.0,191168918.0,0.0365248758692038
2010-01-11,1.38,1.44,1.36,1.4,16066314.0,109311704.0,191168918.0,0.0840425010931955
2010-01-12,1.4,1.44,1.38,1.43,15626522.0,107615009.0,191168918.0,0.08174195974682454
2010-01-13,1.4,1.49,1.38,1.46,18721276.0,131758984.0,191168918.0,0.09793054329051545
2010-01-14,1.47,1.56,1.46,1.51,21378280.0,154809248.0,191168918.0,0.11182926714059238
2010-01-15,1.51,1.52,1.47,1.49,12252737.0,87881120.0,191168918.0,0.06409377177099469
2010-01-18,1.49,1.51,1.47,1.5,8337602.0,60032864.0,191168918.0,0.04361379499987545
2010-01-19,1.49,1.5,1.45,1.47,9505400.0,67495304.0,191168918.0,0.0497225181763073
2010-01-20,1.47,1.48,1.4,1.41,9081530.0,63388524.0,191168918.0,0.04750526442797568
2010-01-21,1.4,1.44,1.4,1.42,4268397.0,29344852.0,191168918.0,0.022327881774170003
2010-01-22,1.41,1.42,1.33,1.36,6249243.0,41390744.0,191168918.0,0.03268963943186622
2010-01-25,1.35,1.39,1.35,1.37,3354425.0,22211314.0,191168918.0,0.017546916282698215
2010-01-26,1.37,1.38,1.29,1.32,4068279.0,26192936.0,191168918.0,0.02128106934203603
2010-01-27,1.32,1.32,1.28,1.29,3161919.0,19894008.0,191168918.0,0.016539922039000086
2010-01-28,1.29,1.32,1.28,1.31,2854027.0,17927062.0,191168918.0,0.01492934641184714
2010-01-29,1.3,1.34,1.29,1.31,3704169.0,23562114.0,191168918.0,0.019376418712585903
2010-02-01,1.31,1.31,1.25,1.27,3852919.0,23623334.0,191168918.0,0.020154526375464447
2010-02-02,1.28,1.3,1.27,1.28,3257868.0,20231908.0,191168918.0,0.017041828944180142
2010-02-03,1.29,1.32,1.25,1.31,3293818.0,20486700.0,191168918.0,0.017229882527242217
2010-02-04,1.31,1.34,1.3,1.33,3813981.0,24471722.0,191168918.0,0.019950842636458296
2010-02-05,1.31,1.34,1.29,1.3,3222268.0,20352502.0,191168918.0,0.01685560620267778
2010-02-08,1.3,1.32,1.29,1.31,2633940.0,16595262.0,191168918.0,0.013778076622267642
2010-02-09,1.31,1.33,1.3,1.31,2523036.0,15991501.0,191168918.0,0.01319794047272894
2010-02-10,1.31,1.32,1.29,1.31,2250013.0,14171342.0,191168918.0,0.011769763743706495
2010-02-11,1.32,1.34,1.3,1.31,1972024.0,12504779.0,191168918.0,0.010315609988439648
2010-02-12,1.31,1.32,1.3,1.31,2310978.0,14599629.0,191168918.0,0.012088670188529289
2010-02-22,1.31,1.33,1.3,1.32,2476122.0,15736377.0,191168918.0,0.012952534470064846
2010-02-23,1.31,1.32,1.28,1.32,3743554.0,23440870.0,191168918.0,0.019582440697812602
2010-02-24,1.31,1.35,1.31,1.35,4988776.0,32210604.0,191168918.0,0.02609616695115678
2010-02-25,1.35,1.44,1.34,1.41,11851027.0,79605304.0,191168918.0,0.06199243644827241
2010-02-26,1.39,1.44,1.39,1.41,11251776.0,77065248.0,191168918.0,0.05885776891827153
2010-03-01,1.41,1.43,1.39,1.42,11527925.0,78762968.0,191168918.0,0.06030229767791017
2010-03-02,1.42,1.45,1.4,1.44,9285913.0,63772320.0,191168918.0,0.04857438697225874
2010-03-03,1.43,1.46,1.42,1.45,8886420.0,61842196.0,191168918.0,0.04648464872307328
2010-03-04,1.45,1.46,1.37,1.38,7925693.0,54189320.0,191168918.0,0.0414591089541031
2010-03-05,1.38,1.41,1.36,1.39,5539107.0,37180644.0,191168918.0,0.028974935140868456
2010-03-08,1.4,1.42,1.38,1.4,3447099.0,23350244.0,191168918.0,0.018031691741855232
2010-03-09,1.4,1.41,1.38,1.39,4086525.0,27400516.0,191168918.0,0.021376513728031878
2010-03-10,1.39,1.4,1.36,1.38,3481692.0,23278872.0,191168918.0,0.0182126468906415
2010-03-11,1.38,1.39,1.35,1.37,3054879.0,20154158.0,191168918.0,0.01597999838028063
2010-03-12,1.37,1.37,1.33,1.33,3316749.0,21662372.0,191168918.0,0.017349834035258808
2010-03-15,1.33,1.33,1.31,1.32,2749177.0,17450968.0,191168918.0,0.014380878590315607
2010-03-16,1.32,1.37,1.32,1.37,3875530.0,25051150.0,191168918.0,0.02027280397119787
2010-03-17,1.37,1.4,1.36,1.39,5453103.0,36496292.0,191168918.0,0.028525050290863708
2010-03-18,1.39,1.45,1.38,1.41,8477607.0,58012344.0,191168918.0,0.044346157778640566
2010-03-19,1.41,1.43,1.39,1.41,5529459.0,37685016.0,191168918.0,0.02892446668553096
2010-03-22,1.41,1.45,1.4,1.44,7184309.0,49678592.0,191168918.0,0.03758094712865404
2010-03-23,1.44,1.49,1.4,1.46,12742691.0,89268832.0,191168918.0,0.0666567093297039
2010-03-24,1.44,1.45,1.42,1.43,7520195.0,52141328.0,191168918.0,0.039337958694728815
2010-03-25,1.43,1.46,1.41,1.46,11339216.0,79242512.0,191168918.0,0.059315165449646996
2010-03-26,1.46,1.48,1.44,1.46,7897742.0,55777236.0,191168918.0,0.041312897947144316
2010-03-29,1.47,1.47,1.43,1.45,6628737.0,46154340.0,191168918.0,0.034674763394329615
2010-03-30,1.44,1.48,1.44,1.48,9392394.0,66192464.0,191168918.0,0.04913138651545854
2010-03-31,1.48,1.48,1.45,1.45,6682352.0,47309872.0,191168918.0,0.03495522216639841
2010-04-01,1.46,1.5,1.45,1.49,9324476.0,66458832.0,191168918.0,0.04877610909530806
2010-04-02,1.49,1.52,1.48,1.5,10976501.0,79499752.0,191168918.0,0.057417812031556305
2010-04-06,1.5,1.52,1.49,1.5,7083708.0,51211416.0,191168918.0,0.03705470572365744
2010-04-07,1.5,1.51,1.47,1.48,7221060.0,51681772.0,191168918.0,0.03777319072339992
2010-04-08,1.48,1.52,1.47,1.5,9543791.0,68825008.0,191168918.0,0.04992334057150441
2010-04-09,1.51,1.54,1.5,1.53,11717315.0,86231768.0,191168918.0,0.06129299220075096
2010-04-12,1.53,1.64,1.52,1.58,19524428.0,149335072.0,191168918.0,0.10213181203442287
2010-04-13,1.57,1.59,1.44,1.51,16434491.0,120411880.0,191168918.0,0.0859684261015695
2010-04-14,1.5,1.52,1.49,1.5,8158089.0,59294768.0,191168918.0,0.042674766825849794
2010-04-15,1.5,1.51,1.45,1.46,9378342.0,66907276.0,191168918.0,0.04905788084232396
2010-04-16,1.46,1.48,1.43,1.46,5536884.0,39011164.0,191168918.0,0.028963306681476328
2010-04-19,1.45,1.48,1.4,1.4,6773379.0,47335420.0,191168918.0,0.035431382208273
2010-04-20,1.4,1.44,1.39,1.44,4711292.0,32272046.0,191168918.0,0.024644654838711803
2010-04-21,1.44,1.48,1.43,1.48,5476947.0,38708136.0,191168918.0,0.02864977767986321
2010-04-22,1.48,1.5,1.46,1.49,6276772.0,45080332.0,191168918.0,0.03283364296700157
2010-04-23,1.48,1.5,1.44,1.47,5516246.0,39167232.0,191168918.0,0.028855349801163808
2010-04-26,1.46,1.49,1.45,1.49,6483897.0,46342536.0,191168918.0,0.03391710884716102
2010-04-27,1.49,1.5,1.39,1.42,7303472.0,50544556.0,191168918.0,0.03820428590802612
2010-04-28,1.4,1.47,1.39,1.46,5922092.0,40604516.0,191168918.0,0.030978320440146027
2010-04-29,1.46,1.47,1.38,1.39,4945143.0,34334592.0,191168918.0,0.025867923780371033
2010-04-30,1.39,1.4,1.27,1.3,5716427.0,36126004.0,191168918.0,0.029902491784778527
2010-05-04,1.29,1.32,1.28,1.31,2318478.0,14640946.0,191168918.0,0.012127902507666022
2010-05-05,1.3,1.35,1.3,1.34,3952015.0,25319328.0,191168918.0,0.020672895161754277
2010-05-06,1.34,1.36,1.28,1.28,3894528.0,24890644.0,191168918.0,0.02037218205105916
2010-05-10,1.26,1.27,1.19,1.22,4894782.0,28972150.0,191168918.0,0.025604486603831696
2010-05-11,1.25,1.26,1.2,1.21,3487239.0,20690080.0,191168918.0,0.01824166311387503
2010-05-12,1.19,1.22,1.17,1.19,2718398.0,15699107.0,191168918.0,0.01421987438355434
2010-05-13,1.21,1.21,1.14,1.2,2914585.0,16663799.0,191168918.0,0.015246123849484778
2010-05-14,1.18,1.22,1.18,1.21,3215250.0,18731212.0,191168918.0,0.016818895213917568
2010-05-17,1.19,1.19,1.09,1.09,3925389.0,21504412.0,191168918.0,0.020533615197842987
2010-05-18,1.09,1.11,1.05,1.1,3790245.0,19854414.0,191168918.0,0.019826680192854364
2010-05-19,1.09,1.12,1.07,1.1,2501166.0,13244943.0,191168918.0,0.013083539030126226
2010-05-20,1.09,1.11,1.07,1.08,2574636.0,13581558.0,191168918.0,0.013467858828389665
2010-05-21,1.04,1.09,1.03,1.09,3213446.0,16493276.0,191168918.0,0.016809458533421213
2010-05-24,1.09,1.16,1.09,1.14,5065832.0,27637082.0,191168918.0,0.02649924502894346
2010-05-25,1.14,1.16,1.12,1.16,4249842.0,23420778.0,191168918.0,0.022230821016625726
2010-05-26,1.15,1.16,1.13,1.14,3622340.0,20010268.0,191168918.0,0.018948373186900604
2010-05-27,1.13,1.18,1.13,1.18,4908460.0,27547404.0,191168918.0,0.02567603589198533
2010-05-28,1.18,1.19,1.16,1.17,3960047.0,22410638.0,191168918.0,0.020714910360061775
2010-05-31,1.16,1.17,1.1,1.1,3276762.0,18115232.0,191168918.0,0.0171406630025494
2010-06-01,1.09,1.1,1.05,1.08,2771627.0,14435959.0,191168918.0,0.014498313998931563
2010-06-02,1.08,1.11,1.07,1.11,2255643.0,11830037.0,191168918.0,0.01179921413793847
2010-06-03,1.11,1.14,1.1,1.1,3625048.0,19677782.0,191168918.0,0.018962538669596907
2010-06-04,1.09,1.12,1.08,1.12,1922566.0,10259370.0,191168918.0,0.010056896383124373
2010-06-07,1.09,1.16,1.08,1.15,4844694.0,26395636.0,191168918.0,0.025342477483708936
2010-06-08,1.15,1.17,1.13,1.16,5044114.0,28112624.0,191168918.0,0.02638563869467525
2010-06-09,1.16,1.18,1.15,1.17,4313250.0,24249114.0,191168918.0,0.022562506735535323
2010-06-10,1.16,1.22,1.16,1.2,6572821.0,37723804.0,191168918.0,0.03438226814674967
2010-06-11,1.2,1.2,1.17,1.17,3039209.0,17365326.0,191168918.0,0.015898028988164278
2010-06-17,1.18,1.19,1.15,1.15,2356176.0,13303645.0,191168918.0,0.012325099836574897
2010-06-18,1.15,1.16,1.1,1.11,1881151.0,10278894.0,191168918.0,0.009840255516851332
2010-06-21,1.11,1.15,1.1,1.15,2214501.0,12078967.0,191168918.0,0.011584001328082006
2010-06-22,1.15,1.18,1.14,1.17,3180831.0,17886436.0,191168918.0,0.01663885025493527
2010-06-23,1.16,1.2,1.15,1.2,3692143.0,20980768.0,191168918.0,0.019313510996594122
2010-06-24,1.2,1.21,1.17,1.2,3319200.0,18982200.0,191168918.0,0.01736265515715269
2010-06-25,1.19,1.2,1.15,1.19,3920972.0,22452828.0,191168918.0,0.020510509977359394
2010-06-28,1.2,1.2,1.13,1.14,5337989.0,30024736.0,191168918.0,0.027922891732849585
2010-06-29,1.16,1.16,1.03,1.04,5071942.0,26281342.0,191168918.0,0.026531206291600187
2010-06-30,1.02,1.03,0.99,1.02,2588279.0,12616468.0,192561352.0,0.013441321288604164
2010-07-01,1.02,1.03,1.0,1.0,2051345.0,10036326.0,192561352.0,0.010652942445065509
2010-07-02,1.0,1.01,0.94,1.0,2130622.0,10135750.0,192561352.0,0.011064639803733825
2010-07-05,0.98,1.01,0.97,1.0,1673240.0,8018993.0,192561352.0,0.00868938643513471
2010-07-06,1.0,1.04,0.99,1.03,2800403.0,13837668.0,192561352.0,0.01454291305557514
2010-07-07,1.03,1.04,1.02,1.04,1904831.0,9512731.0,192561352.0,0.009892073254658079
2010-07-08,1.04,1.05,1.02,1.03,1971202.0,9850088.0,192561352.0,0.010236747818430357
2010-07-09,1.04,1.06,1.01,1.06,3024583.0,15265161.0,192561352.0,0.015707113439876554
2010-07-12,1.08,1.09,1.06,1.07,2660674.0,13746642.0,192561352.0,0.013817279388441352
2010-07-13,1.06,1.06,1.03,1.05,2260298.0,11409450.0,192561352.0,0.011738066733141757
2010-07-14,1.05,1.08,1.05,1.06,2354569.0,12098990.0,192561352.0,0.012227630184067258
2010-07-15,1.06,1.07,1.04,1.04,2624259.0,13354822.0,192561352.0,0.013628170828380972
2010-07-16,1.04,1.07,1.02,1.06,2296577.0,11566232.0,192561352.0,0.011926469024791641
2010-07-19,1.05,1.11,1.05,1.11,6284152.0,32921494.0,192561352.0,0.032634544443788494
2010-07-20,1.11,1.13,1.1,1.12,6167206.0,33125840.0,192561352.0,0.032027226314863017
2010-07-21,1.12,1.17,1.11,1.14,6786244.0,37495576.0,192561352.0,0.035241983552338166
2010-07-22,1.13,1.16,1.12,1.14,4950446.0,27188864.0,192561352.0,0.02570840902695781
2010-07-23,1.14,1.14,1.1,1.13,3974751.0,21539666.0,192561352.0,0.020641478462407138
2010-07-26,1.14,1.15,1.13,1.14,3722374.0,20442164.0,192561352.0,0.01933084682537958
2010-07-27,1.14,1.15,1.13,1.15,3192540.0,17655382.0,192561352.0,0.016579339347388877
2010-07-28,1.15,1.19,1.14,1.17,5492894.0,30972446.0,192561352.0,0.028525422900022013
2010-07-29,1.17,1.19,1.16,1.18,4771529.0,27058384.0,192561352.0,0.02477926619459963
2010-07-30,1.17,1.19,1.16,1.18,3831300.0,21764020.0,192561352.0,0.0198965158906861
2010-08-02,1.18,1.22,1.18,1.22,6726404.0,38884684.0,192561352.0,0.03493122545171993
2010-08-03,1.21,1.22,1.19,1.19,5043826.0,29337306.0,192561352.0,0.026193345381164544
2010-08-04,1.18,1.2,1.16,1.2,3809222.0,21737266.0,192561352.0,0.0197818615232822
2010-08-05,1.2,1.21,1.19,1.19,4015509.0,23278456.0,192561352.0,0.0208531408732527
2010-08-06,1.19,1.22,1.16,1.21,4266663.0,24648564.0,192561352.0,0.02215742128773587
2010-08-09,1.21,1.26,1.21,1.25,8078123.0,48284912.0,192561352.0,0.04195090508089079
2010-08-10,1.28,1.37,1.28,1.37,35436428.0,233896208.0,192561352.0,0.18402668880305742
2010-08-11,1.36,1.46,1.33,1.45,34900820.0,233899392.0,192561352.0,0.18124519607652112
2010-08-12,1.4,1.45,1.37,1.4,18407718.0,124878328.0,192561352.0,0.09559404215234218
2010-08-13,1.39,1.4,1.32,1.38,12433705.0,81762472.0,192561352.0,0.06457009608033912
2010-08-16,1.38,1.41,1.35,1.39,12105949.0,80740440.0,192561352.0,0.06286800998364407
2010-08-17,1.39,1.4,1.36,1.38,9813549.0,65359016.0,192561352.0,0.0509632327467248
2010-08-18,1.38,1.39,1.35,1.38,8492543.0,56409336.0,192561352.0,0.04410305033587425
2010-08-19,1.38,1.41,1.36,1.38,12212566.0,82160896.0,192561352.0,0.0634216880654224
2010-08-20,1.38,1.38,1.32,1.32,8503691.0,54945808.0,192561352.0,0.04416094357293462
2010-08-23,1.33,1.35,1.32,1.34,4640560.0,29884604.0,192561352.0,0.02409912452214191
2010-08-24,1.35,1.36,1.33,1.34,5680468.0,36908404.0,192561352.0,0.02949952283259831
2010-08-25,1.33,1.34,1.29,1.31,5695131.0,36198768.0,192561352.0,0.029575669992179948
2010-08-26,1.31,1.35,1.28,1.34,6163144.0,39091428.0,192561352.0,0.03200613173924952
2010-08-27,1.33,1.34,1.32,1.34,3900076.0,25094838.0,192561352.0,0.02025367998039399
2010-08-30,1.34,1.39,1.33,1.39,8513015.0,56243972.0,192561352.0,0.04420936450425421
2010-08-31,1.36,1.4,1.35,1.38,7565177.0,50223676.0,192561352.0,0.03928709952140344
2010-09-01,1.38,1.4,1.31,1.32,7351625.0,48298120.0,192561352.0,0.03817809193612226
2010-09-02,1.34,1.35,1.31,1.34,5862741.0,37727448.0,192561352.0,0.03044609387661549
2010-09-03,1.34,1.4,1.33,1.39,10302134.0,68369936.0,192561352.0,0.05350052797718205
2010-09-06,1.39,1.4,1.36,1.38,6233114.0,41469496.0,192561352.0,0.03236949645014956
2010-09-07,1.37,1.4,1.35,1.39,6712073.0,44629728.0,192561352.0,0.03485680241796391
2010-09-08,1.38,1.44,1.37,1.42,10064392.0,68648608.0,192561352.0,0.052265898091533966
2010-09-09,1.41,1.43,1.36,1.37,8681309.0,58295188.0,192561352.0,0.04508334050334254
2010-09-10,1.36,1.38,1.33,1.37,5857156.0,38212096.0,192561352.0,0.03041709013343446
2010-09-13,1.37,1.39,1.36,1.38,5880407.0,39157928.0,192561352.0,0.030537836065878888
2010-09-14,1.38,1.42,1.38,1.42,9537409.0,64475344.0,192561352.0,0.04952919628441329
2010-09-15,1.42,1.42,1.37,1.38,6613117.0,44670612.0,192561352.0,0.03434290905892684
2010-09-16,1.37,1.38,1.29,1.31,6084573.0,38904320.0,192561352.0,0.031598100744535694
2010-09-17,1.31,1.32,1.29,1.3,3238977.0,20414486.0,192561352.0,0.01682049365752272
2010-09-21,1.29,1.29,1.26,1.27,3178612.0,19500966.0,192561352.0,0.016507009153113966
2010-09-27,1.28,1.3,1.27,1.3,2315241.0,14412949.0,192561352.0,0.012023393977832062
2010-09-28,1.3,1.3,1.28,1.28,2328047.0,14488267.0,192561352.0,0.012089897457720385
2010-09-29,1.28,1.29,1.25,1.26,2945118.0,18052736.0,192561352.0,0.015294439768993728
2010-09-30,1.25,1.28,1.25,1.28,1822867.0,11158468.0,192561352.0,0.00946642190173239
2010-10-08,1.29,1.31,1.28,1.3,2677415.0,16796704.0,192561352.0,0.013904217913883363
2010-10-11,1.31,1.32,1.3,1.32,3873569.0,24547242.0,192561352.0,0.02011602515129827
2010-10-12,1.32,1.33,1.3,1.32,3437889.0,21783212.0,192561352.0,0.01785347352567404
2010-10-13,1.31,1.34,1.31,1.33,4202507.0,26877648.0,192561352.0,0.02182424955138454
2010-10-14,1.33,1.34,1.27,1.27,4517574.0,28282926.0,192561352.0,0.023460439766750288
2010-10-15,1.28,1.29,1.25,1.27,3632693.0,22281476.0,192561352.0,0.01886511993330832
2010-10-18,1.26,1.26,1.22,1.24,4078923.0,24318090.0,192561352.0,0.021182459292246766
2010-10-19,1.24,1.28,1.24,1.28,2981839.0,18270640.0,192561352.0,0.015485137432977724
2010-10-20,1.24,1.29,1.23,1.27,2882106.0,17666800.0,192561352.0,0.014967208996330686
2010-10-21,1.27,1.29,1.26,1.28,2945582.0,18162708.0,192561352.0,0.015296849390629539
2010-10-22,1.29,1.31,1.28,1.31,4144053.0,25925688.0,192561352.0,0.021520689156773267
2010-10-25,1.32,1.36,1.32,1.34,7480643.0,48461972.0,192561352.0,0.03884810177277941
2010-10-26,1.33,1.34,1.32,1.34,4459815.0,28569232.0,192561352.0,0.023160488611442653
2010-10-27,1.34,1.37,1.33,1.35,7112235.0,46455472.0,192561352.0,0.03693490373914699
2010-10-28,1.35,1.37,1.33,1.36,6871718.0,44846780.0,192561352.0,0.03568586286203475
2010-10-29,1.37,1.38,1.34,1.37,5761954.0,37799864.0,192561352.0,0.029922691859787107
2010-11-01,1.37,1.39,1.35,1.39,8140055.0,53858584.0,192561352.0,0.04227252725147048
2010-11-02,1.39,1.4,1.34,1.35,7876707.0,52252896.0,192561352.0,0.04090492156494622
2010-11-03,1.34,1.38,1.34,1.35,4931593.0,32450172.0,192561352.0,0.025610502568552802
2010-11-04,1.35,1.45,1.35,1.43,14785166.0,100719696.0,192561352.0,0.0767815859539665
2010-11-05,1.42,1.43,1.4,1.41,9195716.0,62754760.0,192561352.0,0.04775473325509264
2010-11-08,1.41,1.45,1.41,1.44,8073415.0,55587180.0,192561352.0,0.041926455730327446
2010-11-09,1.43,1.47,1.41,1.43,7638329.0,52980284.0,192561352.0,0.03966698883584906
2010-11-10,1.42,1.45,1.39,1.45,7598843.0,52021452.0,192561352.0,0.03946193211190167
2010-11-11,1.43,1.49,1.42,1.42,11224930.0,79392192.0,192561352.0,0.05829274609580016
2010-11-12,1.4,1.43,1.28,1.3,9618837.0,62953476.0,192561352.0,0.04995206410889762
2010-11-15,1.31,1.33,1.29,1.32,4712336.0,29803896.0,192561352.0,0.024471868062081327
2010-11-16,1.33,1.35,1.29,1.31,5392091.0,34401944.0,192561352.0,0.0280019377927924
2010-11-17,1.29,1.32,1.26,1.27,3610962.0,22654990.0,192561352.0,0.0187522675889812
2010-11-19,1.3,1.34,1.28,1.32,5631626.0,35755564.0,192561352.0,0.029245878996528855
2010-11-22,1.32,1.46,1.32,1.46,10090964.0,69211512.0,192561352.0,0.0524038904753847
2010-11-23,1.49,1.58,1.47,1.51,37070392.0,271070208.0,192561352.0,0.19251210907576097
2010-11-24,1.48,1.6,1.46,1.53,26065356.0,194843968.0,192561352.0,0.13536130552303144
2010-11-25,1.51,1.63,1.49,1.58,22807388.0,172610064.0,192561352.0,0.11844218875239305
2010-11-26,1.58,1.58,1.51,1.54,13542973.0,100552976.0,192561352.0,0.07033069128014847
2010-11-29,1.54,1.58,1.5,1.55,13852376.0,103215968.0,192561352.0,0.0719374674934771
2010-11-30,1.55,1.55,1.39,1.44,15610938.0,109260544.0,192561352.0,0.08106994387949665
2010-12-01,1.43,1.46,1.42,1.43,6042836.0,41952036.0,192561352.0,0.03138135423976458
2010-12-02,1.45,1.47,1.43,1.44,7059779.0,49321296.0,192561352.0,0.036662491858698625
2010-12-03,1.43,1.44,1.39,1.42,5091624.0,34746960.0,192561352.0,0.026441567568553422
2010-12-06,1.42,1.43,1.36,1.39,4197100.0,28243096.0,192561352.0,0.021796170188917243
2010-12-07,1.38,1.42,1.37,1.42,3682396.0,24896238.0,192561352.0,0.019123235071594222
2010-12-08,1.42,1.44,1.39,1.4,3572802.0,24432152.0,192561352.0,0.018554096982036146
2010-12-09,1.38,1.45,1.35,1.41,7257298.0,49361328.0,192561352.0,0.03768823766879244
2010-12-10,1.39,1.42,1.37,1.41,4383113.0,29493548.0,192561352.0,0.022762163614223067
2010-12-13,1.42,1.45,1.41,1.45,6938854.0,48292096.0,192561352.0,0.03603451018561606
2010-12-14,1.45,1.49,1.44,1.47,7249930.0,51369096.0,192561352.0,0.0376499745390238
2010-12-15,1.47,1.48,1.44,1.45,5862854.0,41243264.0,192561352.0,0.03044668070257421
2010-12-16,1.45,1.48,1.45,1.45,4691253.0,33163678.0,192561352.0,0.024362380879004216
2010-12-17,1.46,1.46,1.43,1.44,3670961.0,25535808.0,192561352.0,0.01906385140046171
2010-12-20,1.44,1.45,1.36,1.4,4557437.0,30808014.0,192561352.0,0.023667454308276773
2010-12-21,1.39,1.43,1.38,1.43,3389752.0,22986908.0,192561352.0,0.017603490860408997
2010-12-22,1.44,1.46,1.42,1.42,5090529.0,35367088.0,192561352.0,0.026435881069218917
2010-12-23,1.41,1.42,1.38,1.39,3557638.0,23986824.0,192561352.0,0.01847534805426584
2010-12-24,1.39,1.4,1.36,1.38,2453067.0,16347260.0,192561352.0,0.012739145080368983
2010-12-27,1.38,1.41,1.32,1.33,3179024.0,21135810.0,192561352.0,0.01650914873094576
2010-12-28,1.33,1.34,1.29,1.29,3042467.0,19210220.0,192561352.0,0.015799987735856776
2010-12-29,1.29,1.32,1.29,1.31,1774829.0,11162788.0,192561352.0,0.009216953358324988
2010-12-30,1.31,1.33,1.29,1.32,2238374.0,14266906.0,192561352.0,0.011624212110849741
2010-12-31,1.32,1.34,1.31,1.34,1922274.0,12352632.0,192551352.0,0.009983175812756692
2011-01-04,1.34,1.35,1.33,1.35,2738873.0,17724748.0,192551352.0,0.014224117211080398
2011-01-05,1.35,1.35,1.33,1.35,2382008.0,15464278.0,192551352.0,0.012370767461554879
2011-01-06,1.35,1.38,1.34,1.36,3007339.0,19785998.0,192551352.0,0.015618373845539137
2011-01-07,1.37,1.37,1.35,1.37,2750559.0,18071984.0,192551352.0,0.014284807514620827
2011-01-10,1.37,1.37,1.31,1.31,2523639.0,16293650.0,192551352.0,0.013106316698311212
2011-01-11,1.31,1.33,1.3,1.32,2596902.0,16508228.0,192551352.0,0.013486802211599116
2011-01-12,1.32,1.35,1.31,1.35,2894950.0,18568764.0,192551352.0,0.015034690589967916
2011-01-13,1.35,1.37,1.34,1.34,2400850.0,15697621.0,192551352.0,0.012468621877035692
2011-01-14,1.34,1.34,1.28,1.29,2785779.0,17504980.0,192551352.0,0.014467719759246354
2011-01-17,1.29,1.3,1.22,1.22,2251641.0,13591454.0,192551352.0,0.011693716905192128
2011-01-18,1.22,1.25,1.22,1.24,1188498.0,7070700.0,192551352.0,0.006172369020810615
2011-01-19,1.24,1.29,1.23,1.29,2577668.0,15704673.0,192551352.0,0.013386911975564835
2011-01-20,1.28,1.28,1.23,1.25,2717599.0,16425190.0,192551352.0,0.014113632398696428
2011-01-21,1.25,1.27,1.24,1.25,1825188.0,11057409.0,192551352.0,0.009478967460067484
2011-01-24,1.25,1.25,1.22,1.22,1649418.0,9819732.0,192551352.0,0.008566120065467003
2011-01-25,1.23,1.24,1.21,1.23,1635445.0,9700018.0,192551352.0,0.008493552410891407
2011-01-26,1.23,1.25,1.23,1.24,1421540.0,8516106.0,192551352.0,0.007382653953008858
2011-01-27,1.24,1.26,1.22,1.25,2073884.0,12470124.0,192551352.0,0.010770550185490259
2011-01-28,1.25,1.27,1.24,1.26,1670154.0,10113980.0,192551352.0,0.008673810818009733
2011-01-31,1.26,1.27,1.25,1.27,2117931.0,12878049.0,192551352.0,0.01099930474650731
2011-02-01,1.26,1.27,1.26,1.27,1244628.0,7594586.0,192551352.0,0.006463875673020462
2011-02-09,1.25,1.27,1.24,1.26,1607237.0,9794485.0,192551352.0,0.008347056425758049
2011-02-10,1.27,1.31,1.27,1.3,2839998.0,17728122.0,192551352.0,0.014749301786258037
2011-02-11,1.29,1.31,1.29,1.31,2805982.0,17612776.0,192551352.0,0.014572642419046739
2011-02-14,1.31,1.33,1.31,1.32,3053191.0,19394800.0,192551352.0,0.015856502529257754
2011-02-15,1.32,1.34,1.31,1.31,3060960.0,19544908.0,192551352.0,0.015896850207522822
2011-02-16,1.31,1.33,1.31,1.33,3100470.0,19743616.0,192551352.0,0.016102042223001375
2011-02-17,1.33,1.34,1.32,1.33,3411866.0,21869506.0,192551352.0,0.01771925236858373
2011-02-18,1.33,1.33,1.31,1.32,2746520.0,17498386.0,192551352.0,0.014263831292132398
2011-02-21,1.32,1.34,1.31,1.34,3246255.0,20841878.0,192551352.0,0.016859164925520753
2011-02-22,1.34,1.34,1.3,1.3,4059797.0,25789390.0,192551352.0,0.02108423003957926
2011-02-23,1.3,1.33,1.29,1.33,2917973.0,18578680.0,192551352.0,0.015154258693545813
2011-02-24,1.33,1.36,1.33,1.36,4753948.0,30956832.0,192551352.0,0.02468924757277217
2011-02-25,1.35,1.37,1.34,1.36,3965821.0,26084348.0,192551352.0,0.02059617322240355
2011-02-28,1.36,1.39,1.36,1.37,3466060.0,22979384.0,192551352.0,0.018000704560100934
2011-03-01,1.38,1.38,1.35,1.37,3469839.0,22992916.0,192551352.0,0.018020330493446757
2011-03-02,1.36,1.37,1.34,1.37,3762194.0,24646036.0,192551352.0,0.01953865273301223
2011-03-03,1.38,1.41,1.34,1.35,4331056.0,28892624.0,192551352.0,0.02249299189548147
2011-03-04,1.35,1.38,1.34,1.38,2453470.0,16176009.0,192551352.0,0.012741899625820337
2011-03-07,1.37,1.4,1.37,1.39,3739997.0,25084884.0,192551352.0,0.019423374394172
2011-03-08,1.39,1.4,1.38,1.4,3121856.0,20998378.0,192551352.0,0.016213108698400622
2011-03-09,1.4,1.41,1.39,1.39,3020866.0,20331736.0,192551352.0,0.015688625234893182
2011-03-10,1.39,1.39,1.37,1.37,3321614.0,22051692.0,192551352.0,0.017250535846665985
2011-03-11,1.37,1.41,1.36,1.39,4985568.0,33441046.0,192551352.0,0.025892147462044306
2011-03-14,1.39,1.44,1.38,1.44,7802665.0,53431044.0,192551352.0,0.040522514741937514
2011-03-15,1.43,1.43,1.37,1.41,5474545.0,36896924.0,192551352.0,0.028431610285447384
2011-03-16,1.4,1.45,1.4,1.44,6331695.0,43744672.0,192551352.0,0.03288315004923985
2011-03-17,1.42,1.45,1.39,1.4,5528383.0,37870340.0,192551352.0,0.02871121361952317
2011-03-18,1.41,1.44,1.39,1.42,3654711.0,24941036.0,192551352.0,0.018980448394878058
2011-03-21,1.42,1.42,1.37,1.39,3788819.0,25455610.0,192551352.0,0.01967692753463502
2011-03-22,1.39,1.4,1.36,1.39,2483355.0,16573979.0,192551352.0,0.012897104975923513
2011-03-23,1.39,1.41,1.38,1.41,2545848.0,17164618.0,192551352.0,0.01322165735818879
2011-03-24,1.42,1.44,1.41,1.43,4130978.0,28380486.0,192551352.0,0.021453902852886744
2011-03-25,1.42,1.44,1.42,1.43,3725552.0,25668262.0,192551352.0,0.019348355445460597
2011-03-28,1.44,1.49,1.43,1.47,11136960.0,78585624.0,192551352.0,0.057838908344824295
2011-03-29,1.47,1.55,1.46,1.5,16362753.0,119926560.0,192551352.0,0.08497864507334127
2011-03-30,1.5,1.52,1.45,1.46,7455929.0,52993368.0,192551352.0,0.03872176914135612
2011-03-31,1.45,1.48,1.4,1.41,5571446.0,38816696.0,192551352.0,0.02893485785547743
2011-04-01,1.41,1.45,1.4,1.43,3158936.0,21729510.0,192551352.0,0.01640568070381557
2011-04-06,1.43,1.46,1.41,1.44,3829958.0,26446886.0,192551352.0,0.019890579630933988
2011-04-07,1.44,1.45,1.42,1.45,3342083.0,23111270.0,192551352.0,0.01735683995612765
2011-04-08,1.44,1.46,1.44,1.45,4014055.0,28098406.0,192551352.0,0.02084667263203636
2011-04-11,1.45,1.48,1.45,1.45,4165178.0,29385386.0,192551352.0,0.021631517809337426
2011-04-12,1.45,1.49,1.45,1.47,4286509.0,30395666.0,192551352.0,0.02226164062457479
2011-04-13,1.47,1.48,1.44,1.48,4001857.0,28268168.0,192551352.0,0.02078332329756895
2011-04-14,1.48,1.48,1.45,1.45,4110915.0,28998264.0,192551352.0,0.021349707271855457
2011-04-15,1.44,1.45,1.42,1.45,3878852.0,26909734.0,192551352.0,0.02014450669762111
2011-04-18,1.44,1.48,1.43,1.48,4602851.0,32433856.0,192551352.0,0.023904537424385367
2011-04-19,1.47,1.51,1.46,1.49,8105787.0,58239132.0,192551352.0,0.04209675453226628
2011-04-20,1.48,1.52,1.48,1.5,5622865.0,40678096.0,192551352.0,0.029201898307107187
2011-04-21,1.51,1.55,1.49,1.53,9588487.0,70962696.0,192551352.0,0.049797038038974666
2011-04-22,1.55,1.56,1.49,1.5,7216345.0,52465336.0,192551352.0,0.03747750885696196
2011-04-25,1.5,1.51,1.46,1.46,4412445.0,31350132.0,192551352.0,0.02291567913789564
2011-04-26,1.46,1.48,1.4,1.42,4149425.0,28701664.0,192551352.0,0.02154970586755475
2011-04-27,1.42,1.45,1.41,1.43,2756598.0,18982268.0,192551352.0,0.014316170576667776
2011-04-28,1.44,1.44,1.34,1.35,3346752.0,22440802.0,192551352.0,0.017381088033077016
2011-04-29,1.35,1.39,1.35,1.38,2005799.0,13234740.0,192551352.0,0.01041695619981936
2011-05-03,1.38,1.42,1.37,1.41,1760062.0,11882818.0,192551352.0,0.009140740803523416
2011-05-04,1.4,1.42,1.37,1.37,2702918.0,18228822.0,192551352.0,0.014037387802917115
2011-05-05,1.38,1.4,1.37,1.38,1686142.0,11253382.0,192551352.0,0.008756843213440536
2011-05-06,1.38,1.4,1.35,1.4,1588766.0,10645232.0,192551352.0,0.008251128769015343
2011-05-09,1.39,1.41,1.39,1.4,1876773.0,12731355.0,192551352.0,0.009746870019380596
2011-05-10,1.4,1.42,1.39,1.42,1656745.0,11260598.0,192551352.0,0.00860417225218964
2011-05-12,1.41,1.43,1.39,1.39,3187377.0,21687130.0,192551352.0,0.016553386755757498
2011-05-13,1.39,1.43,1.39,1.42,2466703.0,16741082.0,192551352.0,0.012810624149759281
2011-05-16,1.42,1.46,1.41,1.45,4000857.0,27882958.0,192551352.0,0.02077812987778969
2011-05-17,1.45,1.46,1.42,1.43,3110758.0,21689424.0,192551352.0,0.016155472125690396
2011-05-18,1.43,1.47,1.42,1.47,4461190.0,31490386.0,192551352.0,0.023168832385035656
2011-05-19,1.48,1.48,1.45,1.45,3056657.0,21519580.0,192551352.0,0.015874502922212666
2011-05-20,1.45,1.46,1.43,1.45,2143833.0,14927592.0,192551352.0,0.011133824705629696
2011-05-23,1.44,1.46,1.37,1.37,3601788.0,24352126.0,192551352.0,0.018705597039900296
2011-05-24,1.37,1.41,1.36,1.4,2891005.0,19267676.0,192551352.0,0.015014202548938737
2011-05-25,1.39,1.43,1.39,1.41,3443876.0,23501190.0,192551352.0,0.017885493735717836
2011-05-26,1.41,1.55,1.41,1.55,27477302.0,202070688.0,192551352.0,0.14270116368749258
2011-05-27,1.56,1.61,1.46,1.48,30436248.0,226962880.0,192551352.0,0.158068212369654
2011-05-30,1.43,1.43,1.33,1.33,14795598.0,96158416.0,192551352.0,0.0768397512991755
2011-05-31,1.28,1.37,1.26,1.35,10383535.0,65590728.0,192551352.0,0.05392605604763554
2011-06-01,1.33,1.41,1.32,1.38,9534507.0,62887200.0,192551352.0,0.049516697239290225
2011-06-02,1.34,1.36,1.28,1.31,6211550.0,39619948.0,192551352.0,0.032259186629860694
2011-06-03,1.31,1.34,1.31,1.32,4010146.0,25704860.0,192551352.0,0.020826371554119236
2011-06-07,1.32,1.34,1.32,1.33,3424116.0,21938278.0,192551352.0,0.017782871760879664
2011-06-08,1.33,1.35,1.31,1.35,4401741.0,28293608.0,192551352.0,0.022860088772578443
2011-06-09,1.33,1.35,1.29,1.3,4226205.0,27120750.0,192551352.0,0.021948456638206312
2011-06-10,1.28,1.31,1.27,1.3,3598962.0,22360034.0,192551352.0,0.018690920435604108
2011-06-13,1.29,1.3,1.27,1.29,1984497.0,12295712.0,192551352.0,0.01030632597168157
2011-06-14,1.29,1.32,1.29,1.31,2690747.0,17007342.0,192551352.0,0.013974178690783745
2011-06-15,1.31,1.33,1.3,1.3,2486411.0,15761764.0,192551352.0,0.012912976066768932
2011-06-16,1.29,1.3,1.27,1.27,2170694.0,13385941.0,192551352.0,0.01127332515432039
2011-06-17,1.27,1.28,1.24,1.24,1706575.0,10431610.0,192551352.0,0.00886296035979015
2011-06-20,1.24,1.25,1.18,1.2,3588713.0,20853306.0,192551352.0,0.018637693076286474
2011-06-21,1.21,1.21,1.19,1.21,2068798.0,12001933.0,192551352.0,0.010744136452492944
2011-06-22,1.21,1.22,1.19,1.2,1484591.0,8631929.0,192551352.0,0.007710104263510962
2011-06-23,1.2,1.25,1.17,1.23,3151991.0,18394668.0,192551352.0,0.016369612403448613
2011-06-24,1.22,1.27,1.22,1.25,3456542.0,20817128.0,192551352.0,0.01795127359064194
2011-06-27,1.26,1.27,1.25,1.26,2724493.0,16605547.0,192551352.0,0.014149435834654642
2011-06-28,1.26,1.28,1.26,1.27,1977504.0,12122144.0,192551352.0,0.010270008387165207
2011-06-29,1.27,1.28,1.25,1.26,2120748.0,12989911.0,192551352.0,0.011013934610025486
2011-06-30,1.25,1.27,1.25,1.27,2003184.0,12230489.0,194645002.0,0.010291474116556046
2011-07-01,1.26,1.29,1.26,1.28,2479793.0,15300749.0,194645002.0,0.012740080528756654
2011-07-04,1.28,1.3,1.28,1.3,2568573.0,16053494.0,194645002.0,0.013196192933841682
2011-07-05,1.3,1.31,1.29,1.3,2776922.0,17416726.0,194645002.0,0.014266598019300799
2011-07-06,1.31,1.31,1.28,1.31,2501227.0,15688926.0,194645002.0,0.01285019894833981
2011-07-07,1.3,1.31,1.29,1.29,2182591.0,13692991.0,194645002.0,0.011213187996473703
2011-07-08,1.3,1.31,1.29,1.31,2295108.0,14406656.0,194645002.0,0.01179125061736751
2011-07-11,1.3,1.31,1.29,1.31,2562976.0,16109504.0,194645002.0,0.013167438021347191
2011-07-12,1.3,1.3,1.27,1.27,2478477.0,15399579.0,194645002.0,0.012733319502342012
2011-07-13,1.28,1.31,1.28,1.3,2007983.0,12570007.0,194645002.0,0.010316129257714
2011-07-14,1.3,1.32,1.3,1.32,2710647.0,17187350.0,194645002.0,0.013926106358487438
2011-07-15,1.32,1.33,1.31,1.32,2753181.0,17542424.0,194645002.0,0.014144627253259757
2011-07-18,1.32,1.33,1.32,1.32,2264173.0,14462814.0,194645002.0,0.011632320258600835
2011-07-19,1.32,1.32,1.3,1.3,1732738.0,10926334.0,194645002.0,0.008902042087882638
2011-07-20,1.31,1.32,1.29,1.31,2241187.0,14120477.0,194645002.0,0.011514228348899501
2011-07-21,1.3,1.31,1.28,1.3,2327759.0,14546718.0,194645002.0,0.01195899702577516
2011-07-22,1.29,1.33,1.29,1.32,4094634.0,26038696.0,194645002.0,0.021036419933351282
2011-07-25,1.32,1.33,1.24,1.25,5296323.0,33197038.0,194645002.0,0.027210166947929132
2011-07-26,1.25,1.27,1.23,1.27,1969235.0,11919190.0,194645002.0,0.01011705915777894
2011-07-27,1.25,1.29,1.25,1.28,1822512.0,11221698.0,194645002.0,0.009363261225685107
2011-07-28,1.27,1.28,1.26,1.28,1469318.0,9009995.0,194645002.0,0.007548706542179799
2011-07-29,1.28,1.28,1.25,1.25,1563189.0,9528759.0,194645002.0,0.008030974255378003
2011-08-01,1.25,1.27,1.25,1.26,1050432.0,6406506.0,194645002.0,0.005396655394213513
2011-08-02,1.25,1.26,1.22,1.24,2404912.0,14313393.0,194645002.0,0.012355375043228698
2011-08-03,1.23,1.26,1.23,1.25,1615029.0,9730369.0,194645002.0,0.008297305265511005
2011-08-04,1.25,1.27,1.25,1.26,1296643.0,7873428.0,194645002.0,0.006661578703161359
2011-08-08,1.22,1.22,1.13,1.14,4332554.0,24161644.0,194645002.0,0.02225874774837527
2011-08-09,1.08,1.13,1.06,1.11,2568472.0,13587580.0,194645002.0,0.013195674040477032
2011-08-10,1.13,1.14,1.11,1.12,2066799.0,11278805.0,194645002.0,0.010618299872914282
2011-08-11,1.08,1.14,1.08,1.14,1821833.0,9874621.0,194645002.0,0.009359772823758402
2011-08-12,1.14,1.19,1.14,1.16,2463327.0,13888535.0,194645002.0,0.01265548549764458
2011-08-15,1.17,1.18,1.15,1.18,1975097.0,11128138.0,194645002.0,0.010147175523160877
2011-08-16,1.18,1.2,1.17,1.18,1788749.0,10226413.0,194645002.0,0.009189801852708245
2011-08-17,1.17,1.19,1.16,1.18,1172930.0,6662522.0,194645002.0,0.006025995982162439
2011-08-18,1.18,1.19,1.16,1.16,1940493.0,11041325.0,194645002.0,0.009969395463850646
2011-08-19,1.14,1.16,1.13,1.15,1447028.0,7970682.0,194645002.0,0.007434190372892288
2011-08-22,1.14,1.16,1.14,1.14,1137299.0,6312794.0,194645002.0,0.005842939650718594
2011-08-23,1.14,1.17,1.14,1.17,1392946.0,7772934.0,194645002.0,0.007156340957575679
2011-08-24,1.17,1.19,1.16,1.17,1425490.0,8093277.0,194645002.0,0.007323537647270286
2011-08-25,1.18,1.2,1.17,1.19,1643400.0,9401001.0,194645002.0,0.008443062925396871
2011-08-26,1.19,1.21,1.18,1.2,1689996.0,9793710.0,194645002.0,0.008682452581032623
2011-08-29,1.19,1.19,1.17,1.17,1488611.0,8465574.0,194645002.0,0.007647825449943996
2011-08-30,1.18,1.19,1.16,1.16,1567488.0,8932537.0,194645002.0,0.008053060617503037
2011-08-31,1.16,1.17,1.14,1.16,1123668.0,6265737.0,194645002.0,0.005772909596723167
2011-09-01,1.16,1.18,1.15,1.16,824298.0,4623107.0,194645002.0,0.004234878838553481
2011-09-02,1.15,1.16,1.14,1.14,937101.0,5175365.0,194645002.0,0.004814410801054116
2011-09-05,1.14,1.14,1.1,1.11,694909.0,3752045.0,194645002.0,0.00357013533797287
2011-09-06,1.11,1.12,1.1,1.11,513112.0,2742930.0,194645002.0,0.002636142694277863
2011-09-07,1.12,1.14,1.11,1.14,774938.0,4225507.0,194645002.0,0.0039812889724237565
2011-09-08,1.14,1.15,1.13,1.13,592249.0,3252208.0,194645002.0,0.0030427136269340223
2011-09-09,1.13,1.15,1.12,1.14,584518.0,3201471.0,194645002.0,0.003002995165527035
2011-09-13,1.12,1.13,1.11,1.11,559622.0,3009743.0,194645002.0,0.0028750905199199516
2011-09-15,1.13,1.14,1.13,1.13,955706.0,5233233.0,194645002.0,0.004909995068869018
2011-09-16,1.13,1.14,1.13,1.13,645014.0,3537300.0,194645002.0,0.0033137968782779225
2011-09-19,1.13,1.13,1.1,1.1,549000.0,2938105.0,194645002.0,0.0028205193781446285
2011-09-20,1.11,1.11,1.09,1.1,476499.0,2539251.0,194645002.0,0.002448041280813365
2011-09-21,1.11,1.14,1.1,1.14,1114009.0,6067961.0,194645002.0,0.005723285923365245
2011-09-22,1.14,1.14,1.1,1.11,1066040.0,5769545.0,194645002.0,0.0054768424005051
2011-09-23,1.09,1.1,1.07,1.09,890514.0,4671919.0,194645002.0,0.004575067383440958
2011-09-26,1.09,1.1,1.07,1.08,794904.0,4173912.0,194645002.0,0.004083865456766262
2011-09-27,1.08,1.1,1.07,1.09,680283.0,3563782.0,194645002.0,0.003494993413701935
2011-09-28,1.1,1.1,1.06,1.06,1004452.0,5265868.0,194645002.0,0.005160430474346318
2011-09-29,1.06,1.06,1.01,1.01,1520481.0,7590265.0,194645002.0,0.007811559425502228
2011-09-30,1.02,1.03,1.0,1.03,831806.0,4072187.0,194645002.0,0.004273451624511787
2011-10-10,1.03,1.03,1.02,1.02,545451.0,2698234.0,194645002.0,0.0028022861845689723
2011-10-11,1.03,1.05,1.01,1.02,1164898.0,5785160.0,194645002.0,0.005984731115777635
2011-10-12,1.02,1.06,1.0,1.06,1574632.0,7912543.0,194645002.0,0.008089763332325379
2011-10-13,1.06,1.07,1.05,1.07,1217075.0,6243504.0,194645002.0,0.006252793482978823
2011-10-14,1.06,1.07,1.05,1.06,786190.0,4007571.0,194645002.0,0.004039096775780557
2011-10-17,1.06,1.07,1.05,1.06,602235.0,3080651.0,194645002.0,0.0030940172817794727
2011-10-18,1.05,1.07,1.03,1.03,1344350.0,6829461.0,194645002.0,0.006906676185808254
2011-10-19,1.03,1.04,1.0,1.02,1395362.0,6862899.0,194645002.0,0.007168753297862742
2011-10-20,1.02,1.02,0.97,0.98,1533436.0,7280728.0,194645002.0,0.00787811649024515
2011-10-21,0.98,0.98,0.95,0.96,867458.0,4046747.0,194645002.0,0.004456615844675015
2011-10-24,0.96,0.98,0.92,0.98,2182628.0,10090397.0,194645002.0,0.01121337808612214
2011-10-25,0.97,1.01,0.96,1.0,2258727.0,10845897.0,194645002.0,0.011604341117374285
2011-10-26,0.99,1.03,0.99,1.0,2557987.0,12484446.0,194645002.0,0.013141806744156728
2011-10-27,1.02,1.02,1.0,1.01,1617195.0,7905306.0,194645002.0,0.008308433216281608
2011-10-28,1.03,1.03,1.01,1.03,1691400.0,8355528.0,194645002.0,0.008689665712557058
2011-10-31,1.03,1.04,1.02,1.04,1543588.0,7701059.0,194645002.0,0.007930272979729529
2011-11-01,1.03,1.05,1.02,1.03,1344973.0,6726290.0,194645002.0,0.006909876884483271
2011-11-02,1.02,1.07,1.0,1.06,3345692.0,16824640.0,194645002.0,0.01718868692040703
2011-11-03,1.07,1.16,1.07,1.1,6983942.0,37397820.0,194645002.0,0.03588040755343926
2011-11-04,1.1,1.11,1.08,1.09,3125622.0,16482235.0,194645002.0,0.016058064516858234
2011-11-07,1.09,1.1,1.08,1.1,2395320.0,12637320.0,194645002.0,0.012306095586261187
2011-11-08,1.09,1.1,1.07,1.07,2198700.0,11518157.0,194645002.0,0.011295948919356275
2011-11-09,1.08,1.1,1.06,1.1,2281563.0,11910469.0,194645002.0,0.011721662393365744
2011-11-10,1.09,1.13,1.08,1.1,4004941.0,21402258.0,194645002.0,0.020575616937752145
2011-11-11,1.1,1.11,1.09,1.09,1962009.0,10436009.0,194645002.0,0.0100799351631952
2011-11-14,1.1,1.12,1.1,1.12,2352071.0,12666001.0,194645002.0,0.012083901337471795
2011-11-15,1.12,1.14,1.11,1.13,2687259.0,14603558.0,194645002.0,0.013805949150443636
2011-11-16,1.14,1.21,1.1,1.12,7368680.0,41218308.0,194645002.0,0.037857021368573336
2011-11-17,1.11,1.14,1.08,1.1,3909335.0,20948768.0,194645002.0,0.02008443556130971
2011-11-21,1.07,1.07,1.04,1.07,2350524.0,12006221.0,194645002.0,0.012075953535143943
2011-11-22,1.06,1.07,1.05,1.07,1339977.0,6860243.0,194645002.0,0.006884209644386348
2011-11-23,1.06,1.08,1.06,1.07,1308934.0,6753768.0,194645002.0,0.006724724429348563
2011-11-24,1.06,1.07,1.04,1.06,1227553.0,6246252.0,194645002.0,0.0063066248163926655
2011-11-25,1.06,1.08,1.05,1.06,972063.0,4997304.0,194645002.0,0.004994030106151916
2011-11-28,1.06,1.07,1.04,1.05,838334.0,4254681.0,194645002.0,0.004306989603565572
2011-11-29,1.05,1.07,1.05,1.07,1263043.0,6461246.0,194645002.0,0.006488956752149228
2011-11-30,1.08,1.08,0.98,1.01,1842536.0,9121596.0,194645002.0,0.009466135688395431
2011-12-01,1.04,1.05,1.01,1.02,1642135.0,8200629.0,194645002.0,0.008436563914443588
2011-12-02,1.02,1.02,0.96,0.99,1129894.0,5411490.0,194645002.0,0.005804896033241069
2011-12-05,0.99,0.99,0.95,0.96,720723.0,3363881.0,194645002.0,0.003702756261884392
2011-12-06,0.95,0.97,0.95,0.97,600036.0,2778283.0,194645002.0,0.0030827197915926966
2011-12-07,0.97,0.98,0.96,0.97,575908.0,2707687.0,194645002.0,0.0029587607905801764
2011-12-08,0.97,0.99,0.95,0.98,738265.0,3472030.0,194645002.0,0.003792879305475308
2011-12-09,0.97,0.99,0.97,0.97,588354.0,2770804.0,194645002.0,0.0030227028382675864
2011-12-12,0.96,0.98,0.95,0.95,443400.0,2059784.0,194645002.0,0.0022779932463922194
2011-12-13,0.95,0.95,0.89,0.91,1622699.0,7175687.0,194645002.0,0.008336710335875975
2011-12-14,0.91,0.92,0.9,0.91,898586.0,3956822.0,194645002.0,0.004616537752148396
2011-12-15,0.89,0.91,0.88,0.89,847527.0,3673374.0,194645002.0,0.004354219174864814
2011-12-16,0.88,0.93,0.88,0.93,671823.0,2942198.0,194645002.0,0.0034515296724649523
2011-12-19,0.92,0.95,0.91,0.94,1667276.0,7522071.0,194645002.0,0.008565727261776802
2011-12-20,0.94,0.95,0.93,0.93,787132.0,3568395.0,194645002.0,0.004043936355478575
2011-12-21,0.93,0.95,0.91,0.91,660720.0,2982341.0,194645002.0,0.003394487365259962
2011-12-22,0.89,0.91,0.85,0.89,1021611.0,4337122.0,194645002.0,0.0052485858331980184
2011-12-23,0.89,0.91,0.88,0.9,754077.0,3272794.0,194645002.0,0.003874114373612326
2011-12-26,0.9,0.92,0.9,0.9,664698.0,2914746.0,194645002.0,0.0034149245712458624
2011-12-27,0.89,0.9,0.88,0.88,488645.0,2096758.0,194645002.0,0.002510442061081024
2011-12-28,0.88,0.88,0.85,0.87,714208.0,2968397.0,194645002.0,0.0036692850710854626
2011-12-29,0.86,0.87,0.86,0.87,456390.0,1907135.0,194645002.0,0.0023447301256674445
2012-01-04,0.88,0.88,0.85,0.85,760368.0,3164778.0,194681728.0,0.0039056978166949496
2012-01-05,0.84,0.84,0.79,0.79,928216.0,3680616.0,194681728.0,0.00476786398772873
2012-01-06,0.8,0.81,0.78,0.81,667950.0,2561428.0,194681728.0,0.003430984545195736
2012-01-09,0.8,0.85,0.8,0.85,975455.0,3914366.0,194681728.0,0.005010511310029054
2012-01-10,0.85,0.88,0.85,0.88,1243536.0,5223960.0,194681728.0,0.0063875331946920055
2012-01-11,0.88,0.91,0.87,0.88,1402240.0,6028645.0,194681728.0,0.007202730396968738
2012-01-12,0.88,0.9,0.87,0.88,1062879.0,4558722.0,194681728.0,0.005459572456640615
2012-01-13,0.88,0.88,0.83,0.84,949010.0,3930147.0,194681728.0,0.004874674216986609
2012-01-16,0.83,0.85,0.82,0.82,514143.0,2066033.0,194681728.0,0.0026409412186848887
2012-01-17,0.79,0.86,0.79,0.86,3649065.0,14479786.0,194681728.0,0.018743746716692385
2012-01-18,0.85,0.86,0.83,0.83,2236498.0,9118613.0,194681728.0,0.0114879707663166
2012-01-19,0.83,0.84,0.81,0.83,1100680.0,4410379.0,194681728.0,0.005653740653051939
2012-01-20,0.83,0.84,0.83,0.84,1057478.0,4257868.0,194681728.0,0.005431829740077097
2012-01-30,0.84,0.85,0.83,0.83,831608.0,3368344.0,194681728.0,0.004271628408804754
2012-01-31,0.83,0.85,0.82,0.83,615310.0,2462120.0,194681728.0,0.0031605945063318936
2012-02-01,0.83,0.84,0.83,0.83,839678.0,3380426.0,194681728.0,0.00431308068110018
2012-02-02,0.83,0.85,0.83,0.84,879661.0,3557588.0,194681728.0,0.00451845691445681
2012-02-03,0.84,0.87,0.84,0.86,1634589.0,6759668.0,194681728.0,0.008396211687621757
2012-02-06,0.86,0.87,0.86,0.87,1487205.0,6199829.0,194681728.0,0.0076391606715140725
2012-02-07,0.86,0.87,0.84,0.85,1318277.0,5418759.0,194681728.0,0.006771446984485365
2012-02-08,0.85,0.87,0.84,0.87,1695140.0,7053477.0,194681728.0,0.00870723728114844
2012-02-09,0.87,0.9,0.87,0.88,1989199.0,8483621.0,194681728.0,0.010217697471844919
2012-02-10,0.88,0.89,0.87,0.88,1619421.0,6905244.0,194681728.0,0.00831829990742634
2012-02-13,0.87,0.9,0.87,0.9,1614064.0,6938325.0,194681728.0,0.008290783200773727
2012-02-14,0.9,0.9,0.88,0.9,1636252.0,7037665.0,194681728.0,0.008404753834936168
2012-02-15,0.89,0.92,0.89,0.92,2406844.0,10570311.0,194681728.0,0.012362968136383093
2012-02-16,0.93,0.94,0.91,0.93,2697911.0,12064392.0,194681728.0,0.01385805965313807
2012-02-17,0.93,0.93,0.9,0.91,1936021.0,8533345.0,194681728.0,0.009944543948161381
2012-02-20,0.92,0.93,0.91,0.91,1837246.0,8172996.0,194681728.0,0.009437177381125362
2012-02-21,0.92,0.92,0.89,0.92,1614336.0,7094532.0,194681728.0,0.008292180352950226
2012-02-22,0.92,0.94,0.92,0.94,2808942.0,12590329.0,194681728.0,0.01442838025353874
2012-02-23,0.94,0.94,0.92,0.93,2482573.0,11167065.0,194681728.0,0.012751956875994033
2012-02-24,0.93,0.95,0.93,0.95,2353959.0,10677439.0,194681728.0,0.012091319633242623
2012-02-27,0.94,0.96,0.94,0.94,2973313.0,13634461.0,194681728.0,0.015272686505022186
2012-02-28,0.94,0.94,0.92,0.93,1931592.0,8694234.0,194681728.0,0.009921793995993296
2012-02-29,0.93,0.93,0.91,0.91,1373013.0,6093892.0,194681728.0,0.007052603313650473
2012-03-01,0.91,0.94,0.91,0.93,1860539.0,8333037.0,194681728.0,0.009556823946004836
2012-03-02,0.93,0.94,0.92,0.94,1990251.0,8981412.0,194681728.0,0.010223101163351088
2012-03-05,0.94,0.95,0.94,0.94,1891299.0,8616995.0,194681728.0,0.009714825420082568
2012-03-06,0.94,0.96,0.92,0.96,3031873.0,13853835.0,194681728.0,0.015573485150080443
2012-03-07,0.95,0.97,0.93,0.96,3507020.0,16243352.0,194681728.0,0.0180141199486374
2012-03-08,0.96,0.98,0.96,0.96,2755094.0,12852354.0,194681728.0,0.014151785215302795
2012-03-09,0.96,0.98,0.95,0.97,2727619.0,12704210.0,194681728.0,0.01401065743570963
2012-03-12,0.97,0.97,0.95,0.97,2093897.0,9749289.0,194681728.0,0.010755488054842003
2012-03-13,0.97,0.98,0.96,0.98,2642663.0,12472038.0,194681728.0,0.013574273390464256
2012-03-14,0.99,0.99,0.91,0.92,3103377.0,14390265.0,194681728.0,0.015940771801655675
2012-03-15,0.92,0.93,0.89,0.9,2052903.0,8973455.0,194681728.0,0.010544918730123455
2012-03-16,0.9,0.93,0.9,0.93,2061936.0,9086004.0,194681728.0,0.010591317537514357
2012-03-19,0.93,0.95,0.92,0.94,1663928.0,7508078.0,194681728.0,0.008546914068895054
2012-03-20,0.94,0.95,0.92,0.92,1855535.0,8377959.0,194681728.0,0.00953112045522834
2012-03-21,0.93,0.94,0.9,0.92,1234300.0,5478826.0,194681728.0,0.006340091659757612
2012-03-22,0.91,0.93,0.91,0.93,1031573.0,4606481.0,194681728.0,0.0052987664050321145
2012-03-23,0.92,0.96,0.91,0.92,3098153.0,14024743.0,194681728.0,0.01591393826132466
2012-03-26,0.92,0.92,0.9,0.92,1305174.0,5742696.0,194681728.0,0.006704142260335803
2012-03-27,0.92,0.94,0.92,0.93,1572778.0,7043755.0,194681728.0,0.008078713992100995
2012-03-28,0.92,0.92,0.87,0.88,3537397.0,15362665.0,194681728.0,0.018170154109172484
2012-03-29,0.88,0.88,0.84,0.85,1409798.0,5852634.0,194681728.0,0.007241552735755458
2012-03-30,0.85,0.86,0.82,0.84,1497925.0,6058348.0,194681728.0,0.007694224904352605
2012-04-05,0.84,0.87,0.84,0.87,1205746.0,4977949.0,194681728.0,0.006193421500758407
2012-04-06,0.87,0.88,0.86,0.87,1084964.0,4575067.0,194681728.0,0.005573014022147985
2012-04-10,0.93,0.96,0.9,0.96,5142682.0,23665044.0,194681728.0,0.026415843196131893
2012-04-11,0.99,1.06,0.99,1.06,23176868.0,114713616.0,194681728.0,0.1190500425391745
2012-04-13,1.03,1.05,1.01,1.04,15492568.0,77312360.0,194681728.0,0.07957895257638149
2012-04-16,1.03,1.05,1.0,1.04,9896875.0,49137036.0,194681728.0,0.0508361781132331
2012-04-17,1.02,1.03,0.98,0.99,8019039.0,38657204.0,194681728.0,0.041190506589298403
2012-04-18,0.98,1.01,0.98,0.99,6516146.0,31399616.0,194681728.0,0.03347076311136914
2012-04-19,0.99,1.03,0.99,1.02,7408164.0,36064768.0,194681728.0,0.038052692854667905
2012-04-20,1.0,1.02,0.99,1.02,6241953.0,30287426.0,194681728.0,0.03206234639544601
2012-04-23,1.0,1.01,0.96,0.97,5235461.0,24984776.0,194681728.0,0.0268924107762183
2012-04-24,0.96,0.98,0.89,0.95,6419831.0,29037908.0,194681728.0,0.03297603255298823
2012-04-25,0.93,0.98,0.92,0.98,5597410.0,25816664.0,194681728.0,0.028751593986262543
2012-04-26,0.98,0.98,0.95,0.95,4115810.0,19140498.0,194681728.0,0.021141223895444365
2012-04-27,0.97,0.98,0.93,0.94,2374441.0,10903787.0,194681728.0,0.012196527246768634
2012-05-02,0.94,0.96,0.92,0.96,3484478.0,15784240.0,194681728.0,0.01789833096200995
2012-05-03,0.95,0.97,0.94,0.96,2739274.0,12664067.0,194681728.0,0.014070524379154884
2012-05-04,0.96,0.99,0.96,0.98,4466908.0,21055254.0,194681728.0,0.022944669979506244
2012-05-07,0.98,0.98,0.96,0.98,2417881.0,11299342.0,194681728.0,0.012419660667897913
2012-05-08,0.98,0.99,0.96,0.97,2100904.0,9829655.0,194681728.0,0.010791480133153534
2012-05-09,0.96,0.96,0.93,0.94,3617275.0,16438874.0,194681728.0,0.018580454556063938
2012-05-10,0.94,0.95,0.93,0.94,2108584.0,9567876.0,194681728.0,0.010830929135784125
2012-05-11,0.94,0.94,0.92,0.92,2316396.0,10325944.0,194681728.0,0.011898373944985736
2012-05-14,0.93,0.93,0.91,0.91,2158887.0,9603112.0,194681728.0,0.01108931496642561
2012-05-15,0.91,0.93,0.9,0.93,2490680.0,11044930.0,194681728.0,0.012793599202078173
2012-05-17,0.92,0.94,0.91,0.94,2389239.0,10731110.0,194681728.0,0.0122725384890769
2012-05-18,0.93,0.94,0.91,0.92,1609752.0,7216066.0,194681728.0,0.008268634229505092
2012-05-21,0.92,0.93,0.91,0.92,1000218.0,4427848.0,194681728.0,0.005137708660568289
2012-05-22,0.92,0.93,0.91,0.93,1253278.0,5571166.0,194681728.0,0.006437573843601799
2012-05-23,0.92,0.93,0.9,0.91,2063252.0,9106088.0,194681728.0,0.010598077288485953
2012-05-24,0.91,0.91,0.89,0.91,1615466.0,7052814.0,194681728.0,0.008297984698389363
2012-05-25,0.91,0.91,0.87,0.88,1879423.0,8066262.0,194681728.0,0.009653823290493907
2012-05-28,0.87,0.91,0.85,0.91,1840676.0,7811654.0,194681728.0,0.00945479588099814
2012-05-29,0.91,0.91,0.9,0.91,1782255.0,7812080.0,194681728.0,0.009154711221794785
2012-05-31,0.9,0.92,0.9,0.91,1304678.0,5739513.0,194681728.0,0.006701594512249244
2012-06-01,0.91,0.93,0.9,0.91,1083744.0,4784250.0,194681728.0,0.005566747383709271
2012-06-04,0.9,0.9,0.85,0.87,1459143.0,6193718.0,194681728.0,0.0074950177142458895
2012-06-05,0.87,0.88,0.86,0.87,1017337.0,4272925.0,194681728.0,0.005225641925676764
2012-06-06,0.87,0.88,0.86,0.86,1270919.0,5301094.0,194681728.0,0.006528188408107822
2012-06-07,0.87,0.88,0.86,0.86,1066830.0,4475582.0,194681728.0,0.005479867119322056
2012-06-08,0.87,0.87,0.86,0.87,974802.0,4069996.0,194681728.0,0.0050071571174876775
2012-06-11,0.88,0.88,0.86,0.88,1149212.0,4862417.0,194681728.0,0.005903029584779523
2012-06-12,0.88,0.88,0.86,0.87,826872.0,3465844.0,194681728.0,0.004247301523849223
2012-06-13,0.87,0.88,0.87,0.88,1093005.0,4637601.0,194681728.0,0.005614317333365769
2012-06-14,0.88,0.89,0.87,0.88,1002995.0,4269529.0,194681728.0,0.005151972967899689
2012-06-15,0.89,0.89,0.87,0.88,794506.0,3370033.0,194681728.0,0.00408105068802348
2012-06-18,0.89,0.89,0.88,0.88,824547.0,3529076.0,194681728.0,0.004235358954693478
2012-06-19,0.89,0.89,0.87,0.88,793475.0,3360120.0,194681728.0,0.004075754864883879
2012-06-20,0.88,0.89,0.87,0.88,982220.0,4179081.0,194681728.0,0.00504526033383061
2012-06-21,0.87,0.88,0.85,0.86,1166719.0,4852548.0,194681728.0,0.005992955846375064
2012-06-25,0.87,0.87,0.83,0.84,1112554.0,4565274.0,194681728.0,0.00571473250946283
2012-06-26,0.84,0.85,0.82,0.85,967080.0,3926107.0,194681728.0,0.00496749237812395
2012-06-27,0.84,0.85,0.84,0.84,645115.0,2640183.0,194681728.0,0.0033136905380252222
2012-06-29,0.82,0.83,0.8,0.83,1678750.0,6593221.0,194681728.0,0.00862304858933654
2012-07-02,0.83,0.84,0.82,0.84,778486.0,3135802.0,194689625.0,0.003998600336304515
2012-07-03,0.84,0.85,0.83,0.84,666476.0,2712369.0,194689625.0,0.0034232743527036944
2012-07-04,0.84,0.85,0.83,0.83,756588.0,3048199.0,194689625.0,0.003886123875373431
2012-07-05,0.83,0.84,0.8,0.81,661187.0,2595544.0,194689625.0,0.0033961080360599594
2012-07-06,0.82,0.82,0.79,0.82,1484750.0,5785515.0,194689625.0,0.007626240997690555
2012-07-09,0.81,0.82,0.77,0.78,1219987.0,4689569.0,194689625.0,0.006266317478396705
2012-07-10,0.77,0.79,0.77,0.78,625971.0,2346904.0,194689625.0,0.0032152252591785514
2012-07-11,0.78,0.79,0.77,0.79,665360.0,2509768.0,194689625.0,0.003417542152027875
2012-07-12,0.78,0.8,0.77,0.8,955343.0,3625950.0,194689625.0,0.004907005188386387
2012-07-13,0.79,0.8,0.79,0.79,591641.0,2261626.0,194689625.0,0.0030388933154501686
2012-07-16,0.79,0.79,0.74,0.74,1209311.0,4442506.0,194689625.0,0.006211481479816914
2012-07-17,0.75,0.76,0.74,0.76,531658.0,1924892.0,194689625.0,0.0027307978018859505
2012-07-18,0.75,0.77,0.74,0.77,730022.0,2661532.0,194689625.0,0.003749670790110156
2012-07-19,0.76,0.79,0.76,0.79,1016069.0,3826262.0,194689625.0,0.0052189170326872834
2012-07-20,0.78,0.79,0.78,0.78,755560.0,2858829.0,194689625.0,0.0038808436761845937
2012-07-23,0.77,0.79,0.75,0.78,997528.0,3709005.0,194689625.0,0.005123683401208462
2012-07-24,0.77,0.79,0.77,0.79,1079134.0,4111244.0,194689625.0,0.005542842871056945
2012-07-25,0.79,0.79,0.77,0.78,743156.0,2802665.0,194689625.0,0.0038171320120422444
2012-07-26,0.78,0.78,0.77,0.77,557225.0,2086933.0,194689625.0,0.002862119642995871
2012-07-27,0.77,0.78,0.77,0.77,433133.0,1612074.0,194689625.0,0.0022247359097846125
2012-07-30,0.77,0.77,0.74,0.74,712144.0,2575655.0,194689625.0,0.0036578425789253024
2012-07-31,0.74,0.75,0.72,0.73,767037.0,2699596.0,194689625.0,0.003939793915572029
2012-08-01,0.73,0.74,0.73,0.74,533798.0,1895156.0,194689625.0,0.0027417896562284714
2012-08-02,0.74,0.74,0.72,0.72,580610.0,2034669.0,194689625.0,0.0029822339017808474
2012-08-03,0.72,0.8,0.72,0.8,3624875.0,13678836.0,194689625.0,0.01861873738777811
2012-08-06,0.83,0.86,0.8,0.85,9368657.0,37404364.0,194689625.0,0.04812098744347574
2012-08-07,0.84,0.84,0.82,0.83,5843854.0,23433590.0,194689625.0,0.03001625792848489
2012-08-08,0.83,0.84,0.81,0.83,4236297.0,16842554.0,194689625.0,0.02175923344656912
2012-08-09,0.83,0.83,0.81,0.83,3398699.0,13544546.0,194689625.0,0.017457011384145404
2012-08-10,0.82,0.83,0.81,0.82,1968960.0,7787031.0,194689625.0,0.010113327816004576
2012-08-13,0.82,0.82,0.8,0.8,1710378.0,6656474.0,194689625.0,0.008785152264790689
2012-08-14,0.81,0.81,0.78,0.81,2096182.0,8088901.0,194689625.0,0.010766788420286905
2012-08-15,0.81,0.84,0.79,0.82,4124982.0,16502228.0,194689625.0,0.021187477247439353
2012-08-16,0.82,0.83,0.79,0.8,1819580.0,7063664.0,194689625.0,0.009346055291852352
2012-08-17,0.8,0.8,0.79,0.8,1015304.0,3897041.0,194689625.0,0.005214987701578859
2012-08-20,0.79,0.79,0.76,0.78,1824000.0,6809043.0,194689625.0,0.009368758093812138
2012-08-21,0.78,0.8,0.77,0.8,1496811.0,5719586.0,194689625.0,0.0076881908833097805
2012-08-22,0.8,0.8,0.78,0.78,1692899.0,6420456.0,194689625.0,0.008695373469438857
2012-08-23,0.79,0.8,0.78,0.8,1475855.0,5632848.0,194689625.0,0.007580552892841619
2012-08-24,0.79,0.87,0.79,0.83,7527149.0,30892214.0,194689625.0,0.038662301599276284
2012-08-27,0.8,0.82,0.77,0.77,3971396.0,15232009.0,194689625.0,0.020398601106761595
2012-08-28,0.77,0.78,0.75,0.77,1963179.0,7252843.0,194689625.0,0.010083634400138168
2012-08-29,0.77,0.8,0.77,0.78,1725658.0,6550457.0,194689625.0,0.0088636361593485
2012-08-30,0.77,0.79,0.75,0.76,1869729.0,6956936.0,194689625.0,0.009603639639246313
2012-08-31,0.76,0.78,0.76,0.77,1147917.0,4266648.0,194689625.0,0.0058961385333193795
2012-09-03,0.77,0.79,0.77,0.78,961733.0,3632893.0,194689625.0,0.004939826659997933
2012-09-04,0.78,0.8,0.77,0.78,1264716.0,4804612.0,194689625.0,0.0064960626432969916
2012-09-05,0.77,0.83,0.77,0.8,2346721.0,9077801.0,194689625.0,0.012053652062866729
2012-09-06,0.8,0.82,0.8,0.81,1492229.0,5803984.0,194689625.0,0.007664655987703505
2012-09-07,0.81,0.84,0.81,0.82,3641584.0,14468568.0,194689625.0,0.01870456117011885
2012-09-10,0.85,0.86,0.83,0.85,4289387.0,17391482.0,194689625.0,0.02203192388911325
2012-09-11,0.84,0.88,0.83,0.86,4789851.0,19714584.0,194689625.0,0.02460249743662509
2012-09-12,0.86,0.89,0.84,0.87,6109681.0,25605540.0,194689625.0,0.031381646556666795
2012-09-13,0.86,0.87,0.83,0.83,3705256.0,15181567.0,194689625.0,0.019031604791472582
2012-09-14,0.84,0.85,0.83,0.84,2779150.0,11227235.0,194689625.0,0.014274771960755484
2012-09-17,0.83,0.84,0.8,0.8,2077486.0,8196985.0,194689625.0,0.010670758649825331
2012-09-18,0.8,0.81,0.8,0.8,1191823.0,4639923.0,194689625.0,0.006121656457040276
2012-09-19,0.81,0.85,0.8,0.82,2218312.0,8846816.0,194689625.0,0.011394094574890675
2012-09-20,0.82,0.84,0.79,0.8,2365348.0,9338751.0,194689625.0,0.012149327423071466
2012-09-21,0.78,0.8,0.77,0.78,1688368.0,6370152.0,194689625.0,0.008672100529239809
2012-09-24,0.78,0.8,0.77,0.79,1295273.0,4926213.0,194689625.0,0.006653015023271014
2012-09-25,0.79,0.8,0.78,0.78,1292367.0,4924221.0,194689625.0,0.006638088701439535
2012-09-26,0.78,0.79,0.75,0.76,1160210.0,4294465.0,194689625.0,0.005959280059222467
2012-09-27,0.75,0.79,0.75,0.79,1386539.0,5156516.0,194689625.0,0.007121791929076858
2012-09-28,0.78,0.8,0.78,0.8,1052401.0,4034305.0,194689625.0,0.005405532010244511
2012-10-08,0.8,0.81,0.78,0.79,780201.0,2988078.0,194689625.0,0.004007409228920134
2012-10-09,0.79,0.82,0.79,0.82,1660998.0,6510471.0,194689625.0,0.008531517794027289
2012-10-10,0.82,0.83,0.81,0.83,1786825.0,7112109.0,194689625.0,0.009177813147464842
2012-10-11,0.82,0.87,0.82,0.82,2925674.0,11852135.0,194689625.0,0.015027374982102925
2012-10-12,0.83,0.83,0.81,0.82,1631064.0,6489611.0,194689625.0,0.008377765379125877
2012-10-15,0.82,0.83,0.81,0.82,898266.0,3553079.0,194689625.0,0.004613835996653648
2012-10-16,0.83,0.83,0.82,0.83,1284276.0,5134296.0,194689625.0,0.006596530246539845
2012-10-17,0.82,0.84,0.82,0.83,1605362.0,6437801.0,194689625.0,0.008245750126643882
2012-10-18,0.84,0.85,0.82,0.84,2131815.0,8650154.0,194689625.0,0.010949813067850945
2012-10-19,0.84,0.85,0.83,0.84,1347511.0,5457745.0,194689625.0,0.006921329269600268
2012-10-22,0.84,0.84,0.83,0.84,1199915.0,4852357.0,194689625.0,0.0061632200483205
2012-10-23,0.84,0.85,0.83,0.83,1315965.0,5309168.0,194689625.0,0.006759297009278229
2012-10-24,0.82,0.85,0.82,0.84,2014211.0,8169034.0,194689625.0,0.010345754171543552
2012-10-25,0.83,0.85,0.82,0.82,1702221.0,6839075.0,194689625.0,0.008743254808775762
2012-10-26,0.82,0.82,0.78,0.79,1492999.0,5755705.0,194689625.0,0.007668611000714599
2012-10-29,0.8,0.82,0.79,0.8,1269283.0,4930788.0,194689625.0,0.006519520493195259
2012-10-30,0.81,0.81,0.79,0.81,604701.0,2344600.0,194689625.0,0.003105974445222749
2012-10-31,0.8,0.81,0.8,0.81,934965.0,3624922.0,194689625.0,0.004802336025866812
2012-11-01,0.81,0.82,0.8,0.82,1110403.0,4376889.0,194689625.0,0.005703452353971097
2012-11-02,0.82,0.83,0.82,0.83,923250.0,3668811.0,194689625.0,0.004742163327912312
2012-11-05,0.83,0.85,0.82,0.83,1765597.0,7127337.0,194689625.0,0.009068778061491464
2012-11-06,0.84,0.84,0.81,0.83,1346624.0,5353882.0,194689625.0,0.006916773300066709
2012-11-07,0.83,0.83,0.82,0.82,742235.0,2959411.0,194689625.0,0.0038124014055705333
2012-11-08,0.82,0.82,0.8,0.8,995175.0,3884964.0,194689625.0,0.005111597497812223
2012-11-09,0.8,0.81,0.8,0.8,743162.0,2884015.0,194689625.0,0.0038171628303254475
2012-11-12,0.8,0.81,0.8,0.81,594791.0,2318611.0,194689625.0,0.0030550729141319163
2012-11-13,0.81,0.81,0.79,0.8,619000.0,2396542.0,194689625.0,0.0031794195504768166
2012-11-14,0.79,0.81,0.79,0.81,897525.0,3448699.0,194689625.0,0.004610029938678037
2012-11-15,0.82,0.82,0.79,0.79,1436700.0,5551088.0,194689625.0,0.007379437913037226
2012-11-16,0.79,0.79,0.76,0.77,1348447.0,5003865.0,194689625.0,0.006926136921779987
2012-11-19,0.77,0.78,0.76,0.77,850632.0,3158961.0,194689625.0,0.004369169646302416
2012-11-20,0.78,0.79,0.77,0.77,859398.0,3219326.0,194689625.0,0.00441419515806248
2012-11-21,0.77,0.8,0.77,0.8,1207907.0,4563441.0,194689625.0,0.006204270001547335
2012-11-22,0.79,0.8,0.78,0.79,672701.0,2562626.0,194689625.0,0.003455248321527149
2012-11-23,0.79,0.8,0.78,0.79,641400.0,2436420.0,194689625.0,0.0032944744744359132
2012-11-26,0.78,0.79,0.77,0.78,591700.0,2231986.0,194689625.0,0.003039196361901668
2012-11-27,0.78,0.78,0.74,0.74,1361800.0,4926340.0,194689625.0,0.006994723011048996
2012-11-28,0.74,0.74,0.72,0.74,1011796.0,3569955.0,194689625.0,0.005196969278665979
2012-11-29,0.74,0.74,0.72,0.72,472213.0,1659674.0,194689625.0,0.0024254656610489646
2012-11-30,0.72,0.73,0.72,0.73,525872.0,1844832.0,194689625.0,0.0027010787041168733
2012-12-03,0.73,0.74,0.71,0.71,794900.0,2781118.0,194689625.0,0.004082908886387757
2012-12-04,0.71,0.73,0.7,0.73,929896.0,3213455.0,194689625.0,0.004776299712940533
2012-12-05,0.73,0.75,0.72,0.75,1512269.0,5422884.0,194689625.0,0.007767589053602625
2012-12-06,0.74,0.76,0.74,0.75,798000.0,2874453.0,194689625.0,0.00409883166604281
2012-12-07,0.75,0.76,0.74,0.76,1541491.0,5624279.0,194689625.0,0.007917684365563907
2012-12-10,0.76,0.78,0.76,0.77,1296549.0,4798377.0,194689625.0,0.006659569044832256
2012-12-11,0.76,0.77,0.76,0.76,1186326.0,4367081.0,194689625.0,0.006093421773245493
2012-12-12,0.76,0.77,0.75,0.76,919599.0,3383503.0,194689625.0,0.004723410402583086
2012-12-13,0.76,0.77,0.75,0.75,680300.0,2488081.0,194689625.0,0.0034942796772041654
2012-12-14,0.76,0.78,0.75,0.78,1584617.0,5905570.0,194689625.0,0.008139195912468372
2012-12-17,0.78,0.79,0.77,0.79,1526810.0,5767769.0,194689625.0,0.007842277162945895
2012-12-18,0.79,0.79,0.77,0.78,1392872.0,5253647.0,194689625.0,0.007154320626997971
2012-12-19,0.78,0.79,0.77,0.78,1037540.0,3896353.0,194689625.0,0.005329200259130398
2012-12-20,0.77,0.78,0.77,0.78,911083.0,3403849.0,194689625.0,0.004679668985956493
2012-12-21,0.78,0.8,0.78,0.8,4040373.0,15477709.0,194689625.0,0.020752893226847605
2012-12-24,0.8,0.81,0.79,0.8,1465623.0,5661014.0,194689625.0,0.007527997447218875
2012-12-25,0.81,0.88,0.81,0.88,12383908.0,52544592.0,194689625.0,0.06360846398466277
2012-12-26,0.89,0.9,0.86,0.86,13703611.0,57561164.0,194689625.0,0.07038696078437667
2012-12-27,0.86,0.87,0.84,0.85,7632423.0,31356554.0,194689625.0,0.039203028923600836
2012-12-28,0.85,0.85,0.84,0.85,3948477.0,16106117.0,194689625.0,0.02028088040130541
2012-12-31,0.85,0.85,0.84,0.84,2878012.0,11716245.0,194689625.0,0.014782564813096742
2013-01-04,0.85,0.85,0.83,0.84,3417839.0,13777176.0,194689625.0,0.017555321707564027
2013-01-07,0.84,0.85,0.83,0.85,2825142.0,11515242.0,194689625.0,0.014511004374270072
2013-01-08,0.85,0.86,0.84,0.85,2977738.0,12187983.0,194689625.0,0.015294795498219282
2013-01-09,0.84,0.85,0.84,0.85,3046309.0,12450337.0,194689625.0,0.01564700224780853
2013-01-10,0.84,0.85,0.84,0.85,2610712.0,10679067.0,194689625.0,0.013409610296388418
2013-01-11,0.85,0.85,0.82,0.83,2655493.0,10747505.0,194689625.0,0.013639622553076467
2013-01-14,0.83,0.85,0.83,0.85,2757775.0,11247824.0,194689625.0,0.014164981826843623
2013-01-15,0.85,0.87,0.85,0.86,3901695.0,16165817.0,194689625.0,0.020040590247169053
2013-01-16,0.86,0.86,0.84,0.85,3132924.0,12884085.0,194689625.0,0.01609188984775126
2013-01-17,0.85,0.85,0.84,0.85,1664975.0,6813399.0,194689625.0,0.008551945179410561
2013-01-18,0.85,0.86,0.84,0.86,2256478.0,9291050.0,194689625.0,0.011590129674347053
2013-01-21,0.86,0.87,0.85,0.87,3177246.0,13238366.0,194689625.0,0.016319544505774254
2013-01-22,0.87,0.87,0.85,0.85,1807856.0,7470532.0,194689625.0,0.009285836366473047
2013-01-23,0.85,0.87,0.83,0.85,1963849.0,8046792.0,194689625.0,0.010087075775095874
2013-01-24,0.85,0.86,0.82,0.82,2882105.0,11684777.0,194689625.0,0.014803588018621947
2013-01-25,0.82,0.83,0.81,0.82,887729.0,3522333.0,194689625.0,0.004559713954968068
2013-01-28,0.82,0.84,0.82,0.84,1353567.0,5452357.0,194689625.0,0.006952435190113495
2013-01-29,0.84,0.85,0.84,0.85,1123618.0,4589389.0,194689625.0,0.005771329622726429
2013-01-30,0.85,0.86,0.84,0.85,1274568.0,5222982.0,194689625.0,0.006546666264316858
2013-01-31,0.85,0.85,0.84,0.85,1145341.0,4672394.0,194689625.0,0.0058829072170640834
2013-02-01,0.85,0.85,0.84,0.85,1312835.0,5370900.0,194689625.0,0.0067432201382071595
2013-02-04,0.85,0.85,0.84,0.85,1452163.0,5948854.0,194689625.0,0.007458861765232739
2013-02-05,0.84,0.85,0.83,0.85,1156008.0,4703763.0,194689625.0,0.005937696988219069
2013-02-06,0.85,0.86,0.85,0.86,1628945.0,6699126.0,194689625.0,0.00836688138877457
2013-02-07,0.86,0.86,0.85,0.86,1387590.0,5726364.0,194689625.0,0.007127190265017974
2013-02-08,0.86,0.87,0.86,0.86,1504590.0,6275888.0,194689625.0,0.0077281467874828974
2013-02-18,0.87,0.88,0.86,0.87,1941431.0,8152334.0,194689625.0,0.009971928396287168
2013-02-19,0.87,0.87,0.85,0.86,1700500.0,7067151.0,194689625.0,0.008734415097876942
2013-02-20,0.85,0.88,0.85,0.88,1676518.0,7031663.0,194689625.0,0.008611234419913233
2013-02-21,0.87,0.87,0.85,0.85,1724802.0,7154781.0,194689625.0,0.008859239417611494
2013-02-22,0.85,0.86,0.85,0.86,1290611.0,5340613.0,194689625.0,0.006629069217222027
2013-02-25,0.86,0.87,0.85,0.87,1308362.0,5449193.0,194689625.0,0.0067202451080790775
2013-02-26,0.87,0.87,0.85,0.86,1495476.0,6244103.0,194689625.0,0.00768133381529704
2013-02-27,0.86,0.86,0.85,0.85,1404254.0,5795488.0,194689625.0,0.007212782910234688
2013-02-28,0.86,0.89,0.85,0.88,3312411.0,13985108.0,194689625.0,0.01701380338063726
2013-03-01,0.88,0.89,0.87,0.89,2831787.0,12043014.0,194689625.0,0.01454513562291776
2013-03-04,0.89,0.89,0.86,0.86,2420029.0,10184748.0,194689625.0,0.012430189847045008
2013-03-05,0.86,0.88,0.86,0.88,1903059.0,8035687.0,194689625.0,0.009774835202440808
2013-03-06,0.88,0.91,0.88,0.9,3256251.0,14102054.0,194689625.0,0.016725344249854095
2013-03-07,0.89,0.9,0.87,0.88,2746257.0,11728449.0,194689625.0,0.014105820995854298
2013-03-08,0.88,0.9,0.88,0.9,3116155.0,13430945.0,194689625.0,0.01600575788257849
2013-03-11,0.9,0.94,0.89,0.91,3686735.0,16291517.0,194689625.0,0.018936473887604437
2013-03-12,0.91,0.92,0.86,0.88,2648760.0,11354122.0,194689625.0,0.013605039302941798
2013-03-13,0.87,0.88,0.81,0.85,2587965.0,10563058.0,194689625.0,0.013292773048384063
2013-03-14,0.85,0.86,0.84,0.85,1142002.0,4693131.0,194689625.0,0.00586575684246143
2013-03-15,0.85,0.86,0.84,0.85,1242028.0,5110735.0,194689625.0,0.006379528441744135
2013-03-18,0.85,0.85,0.83,0.83,747134.0,3034442.0,194689625.0,0.0038375645338060514
2013-03-19,0.83,0.84,0.81,0.83,1127140.0,4497734.0,194689625.0,0.005789419954966783
2013-03-20,0.83,0.85,0.83,0.85,1342388.0,5488329.0,194689625.0,0.006895015592125158
2013-03-21,0.85,0.86,0.85,0.86,1288509.0,5333562.0,194689625.0,0.006618272545339794
2013-03-22,0.86,0.87,0.86,0.87,1656380.0,6917310.0,194689625.0,0.008507797988721793
2013-03-25,0.87,0.88,0.86,0.87,1321373.0,5555944.0,194689625.0,0.006787074555205497
2013-03-26,0.87,0.87,0.85,0.86,1380076.0,5701894.0,194689625.0,0.007088595501686338
2013-03-27,0.86,0.87,0.85,0.86,973051.0,4042110.0,194689625.0,0.00499796021488048
2013-03-28,0.85,0.86,0.83,0.84,971100.0,3932880.0,194689625.0,0.004987939136458864
2013-03-29,0.84,0.84,0.83,0.83,1041267.0,4196836.0,194689625.0,0.0053483435493801995
2013-04-01,0.83,0.85,0.83,0.84,612515.0,2485051.0,194689625.0,0.0031461101227145513
2013-04-02,0.85,0.85,0.83,0.83,858045.0,3478513.0,194689625.0,0.004407245635200129
2013-04-03,0.83,0.83,0.8,0.81,1862676.0,7298586.0,194689625.0,0.0095674127473408
2013-04-08,0.81,0.81,0.78,0.8,774588.0,2965458.0,194689625.0,0.003978578724983419
2013-04-09,0.8,0.82,0.8,0.81,600581.0,2349156.0,194689625.0,0.003084812557423129
2013-04-10,0.82,0.82,0.8,0.81,739355.0,2893958.0,194689625.0,0.003797608629632935
2013-04-11,0.82,0.83,0.81,0.81,1234606.0,4895665.0,194689625.0,0.006341406225421616
2013-04-12,0.81,0.81,0.79,0.8,743403.0,2878695.0,194689625.0,0.0038184006980341145
2013-04-15,0.8,0.81,0.79,0.79,691401.0,2640784.0,194689625.0,0.003551298637510859
2013-04-16,0.79,0.8,0.78,0.8,744906.0,2841556.0,194689625.0,0.0038261206779765487
2013-04-17,0.8,0.81,0.79,0.81,683321.0,2647253.0,194689625.0,0.0035097966827970415
2013-04-18,0.8,0.81,0.8,0.81,515890.0,2008102.0,194689625.0,0.002649807353627601
2013-04-19,0.81,0.82,0.81,0.82,773557.0,3054639.0,194689625.0,0.00397328311665298
2013-04-22,0.81,0.82,0.81,0.82,976900.0,3847070.0,194689625.0,0.005017730143555416
2013-04-23,0.82,0.83,0.79,0.8,825094.0,3214102.0,194689625.0,0.004237996760227979
2013-04-24,0.79,0.82,0.79,0.81,1070100.0,4170073.0,194689625.0,0.005496440809313799
2013-04-25,0.81,0.82,0.79,0.79,1094508.0,4242225.0,194689625.0,0.005621809585384943
2013-04-26,0.8,0.8,0.78,0.78,725964.0,2771927.0,194689625.0,0.003728827357903638
2013-05-02,0.78,0.79,0.78,0.79,585974.0,2226879.0,194689625.0,0.003009785446964624
2013-05-03,0.8,0.81,0.79,0.8,801736.0,3091643.0,194689625.0,0.004118021183717417
2013-05-06,0.81,0.81,0.8,0.81,886432.0,3457977.0,194689625.0,0.004553052069415615
2013-05-07,0.81,0.82,0.8,0.81,797600.0,3121598.0,194689625.0,0.004096777113829255
2013-05-08,0.81,0.82,0.81,0.82,1124137.0,4436256.0,194689625.0,0.005773995404223517
2013-05-09,0.82,0.82,0.81,0.82,858159.0,3394634.0,194689625.0,0.004407831182580993
2013-05-10,0.82,0.83,0.82,0.83,1278611.0,5097065.0,194689625.0,0.006567432650815368
2013-05-13,0.83,0.83,0.82,0.82,1151810.0,4593086.0,194689625.0,0.005916134462737806
2013-05-14,0.83,0.83,0.81,0.82,1027710.0,4058037.0,194689625.0,0.005278709638482277
2013-05-15,0.82,0.83,0.82,0.83,1073818.0,4264960.0,194689625.0,0.005515537872138795
2013-05-16,0.83,0.85,0.83,0.84,1961266.0,7924924.0,194689625.0,0.010073808504176841
2013-05-17,0.83,0.85,0.82,0.84,1714884.0,6944397.0,194689625.0,0.00880829679547639
2013-05-20,0.85,0.86,0.84,0.86,2427459.0,10044386.0,194689625.0,0.012468353154411797
2013-05-21,0.86,0.9,0.85,0.88,4496426.0,19077136.0,194689625.0,0.023095354978468936
2013-05-22,0.88,0.89,0.86,0.86,3014049.0,12637797.0,194689625.0,0.015481302611785297
2013-05-23,0.86,0.92,0.86,0.88,5655571.0,24244106.0,194689625.0,0.02904916479242281
2013-05-24,0.88,0.89,0.87,0.88,3633959.0,15419741.0,194689625.0,0.018665396268547952
2013-05-27,0.89,0.89,0.87,0.89,1724655.0,7329563.0,194689625.0,0.00885848436967301
2013-05-28,0.89,0.89,0.87,0.88,2650257.0,11253744.0,194689625.0,0.013612728464601029
2013-05-29,0.88,0.9,0.88,0.9,3055463.0,13135148.0,194689625.0,0.015694020675215744
2013-05-30,0.91,0.91,0.88,0.9,2105726.0,9104536.0,194689625.0,0.010815810036102335
2013-05-31,0.89,0.91,0.88,0.89,1876738.0,8111303.0,194689625.0,0.009639640530408335
2013-06-03,0.89,0.89,0.86,0.87,2006305.0,8494660.0,194689625.0,0.010305145947042632
2013-06-04,0.87,0.87,0.85,0.86,1923757.0,8000735.0,194689625.0,0.009881148006731226
2013-06-05,0.86,0.87,0.85,0.87,1160122.0,4817827.0,194689625.0,0.005958828057735485
2013-06-06,0.86,0.86,0.84,0.84,1157289.0,4754558.0,194689625.0,0.00594427669168298
2013-06-07,0.84,0.85,0.82,0.84,1216944.0,4896840.0,194689625.0,0.006250687472432083
2013-06-13,0.83,0.83,0.79,0.81,1108311.0,4332033.0,194689625.0,0.0056927070458942025
2013-06-14,0.81,0.82,0.8,0.81,1861475.0,7277762.0,194689625.0,0.0095612439543196
2013-06-17,0.81,0.82,0.8,0.81,960268.0,3751837.0,194689625.0,0.004932301862515786
2013-06-18,0.81,0.82,0.8,0.81,1153951.0,4521196.0,194689625.0,0.005927131453460861
2013-06-19,0.81,0.82,0.78,0.81,1389520.0,5377656.0,194689625.0,0.007137103479448378
2013-06-20,0.81,0.81,0.79,0.79,573232.0,2221530.0,194689625.0,0.0029443376862018198
2013-06-21,0.78,0.8,0.77,0.79,716452.0,2718806.0,194689625.0,0.003679970106265293
2013-06-24,0.79,0.79,0.73,0.73,955220.0,3501288.0,194689625.0,0.004906373413580719
2013-06-25,0.73,0.74,0.66,0.72,1878890.0,6363238.0,194689625.0,0.009650694021317264
2013-06-26,0.72,0.73,0.7,0.72,1505469.0,5202819.0,194689625.0,0.007732661665972185
2013-06-27,0.73,0.74,0.7,0.72,1317407.0,4591153.0,194689625.0,0.0067667036700080965
2013-06-28,0.71,0.73,0.7,0.71,846810.0,2913454.0,194689625.0,0.0043495383999018955
2013-07-01,0.71,0.72,0.7,0.72,688681.0,2364915.0,194734948.0,0.0035365043977622344
2013-07-02,0.72,0.73,0.71,0.73,871139.0,3045341.0,194734948.0,0.004473459997534701
2013-07-03,0.72,0.74,0.7,0.73,904858.0,3155748.0,194734948.0,0.0046466133033296105
2013-07-04,0.73,0.74,0.72,0.74,900052.0,3197707.0,194734948.0,0.004621933603823388
2013-07-05,0.74,0.75,0.74,0.74,811281.0,2901169.0,194734948.0,0.0041660780888698005
2013-07-08,0.73,0.73,0.69,0.71,906513.0,3095170.0,194734948.0,0.004655112034641055
2013-07-09,0.7,0.72,0.69,0.71,800490.0,2704204.0,194734948.0,0.004110664306645154
2013-07-10,0.7,0.74,0.7,0.73,899449.0,3132168.0,194734948.0,0.004618837087218674
2013-07-11,0.73,0.75,0.73,0.75,1238302.0,4442455.0,194734948.0,0.006358909957959883
2013-07-12,0.74,0.75,0.74,0.74,1198497.0,4311649.0,194734948.0,0.006154503915753222
2013-07-15,0.74,0.76,0.74,0.75,1067262.0,3864668.0,194734948.0,0.005480587901458756
2013-07-16,0.75,0.78,0.75,0.77,2246481.0,8350946.0,194734948.0,0.011536095719192632
2013-07-17,0.78,0.78,0.75,0.75,1568881.0,5782063.0,194734948.0,0.008056494307328955
2013-07-18,0.75,0.77,0.74,0.76,1791196.0,6542473.0,194734948.0,0.009198122978932369
2013-07-19,0.76,0.79,0.75,0.77,3454569.0,12961126.0,194734948.0,0.01773985119507157
2013-07-22,0.76,0.82,0.75,0.8,3693425.0,14054519.0,194734948.0,0.018966420963123683
2013-07-23,0.79,0.8,0.78,0.8,2785839.0,10659615.0,194734948.0,0.014305798874889164
2013-07-24,0.8,0.8,0.78,0.8,2566649.0,9849346.0,194734948.0,0.013180217656668386
2013-07-25,0.8,0.82,0.78,0.78,1892930.0,7302765.0,194734948.0,0.00972054589810967
2013-07-26,0.78,0.79,0.76,0.77,1410376.0,5285878.0,194734948.0,0.007242541795836256
2013-07-29,0.77,0.79,0.76,0.77,1815266.0,6836885.0,194734948.0,0.009321726883866783
2013-07-30,0.78,0.79,0.77,0.78,1254566.0,4725380.0,194734948.0,0.0064424286081407435
2013-07-31,0.77,0.8,0.77,0.8,1705259.0,6529277.0,194734948.0,0.008756820578502427
2013-08-01,0.8,0.83,0.79,0.82,3196997.0,12490266.0,194734948.0,0.016417171303016447
2013-08-02,0.82,0.82,0.8,0.8,2775161.0,10860841.0,194734948.0,0.014250965368578833
2013-08-05,0.81,0.83,0.81,0.82,1798663.0,7088107.0,194734948.0,0.009236467405942974
2013-08-06,0.82,0.83,0.81,0.82,2004884.0,7940494.0,194734948.0,0.010295450408829544
2013-08-07,0.83,0.91,0.82,0.91,21743878.0,94480048.0,194734948.0,0.11165883794007021
2013-08-08,0.89,0.91,0.87,0.9,12773841.0,55023420.0,194734948.0,0.06559603774870446
2013-08-09,0.89,0.9,0.87,0.89,9076064.0,38547460.0,194734948.0,0.046607268460101985
2013-08-12,0.88,0.9,0.86,0.88,9163285.0,39053296.0,194734948.0,0.04705516443817778
2013-08-13,0.88,0.88,0.85,0.88,4940712.0,20798400.0,194734948.0,0.025371470559049317
2013-08-14,0.88,0.88,0.86,0.87,4097194.0,17244866.0,194734948.0,0.021039849508676788
2013-08-15,0.85,0.87,0.83,0.85,7785801.0,31786370.0,194734948.0,0.039981529150073254
2013-08-16,0.84,0.86,0.83,0.83,6021687.0,24436020.0,194734948.0,0.03092247725354362
2013-08-19,0.82,0.87,0.81,0.86,4354234.0,17866746.0,194734948.0,0.022359797482268053
2013-08-20,0.86,0.86,0.84,0.85,3346221.0,13784402.0,194734948.0,0.017183464161758987
2013-08-21,0.85,0.92,0.85,0.89,10445721.0,44794976.0,194734948.0,0.05364071065456623
2013-08-22,0.88,0.98,0.87,0.98,11763945.0,54253256.0,194734948.0,0.06041003487468515
2013-08-23,1.0,1.07,0.98,1.04,31863072.0,156766608.0,194734948.0,0.16362277201522143
2013-08-26,1.0,1.05,0.99,1.03,18211888.0,89309040.0,194734948.0,0.0935214155807308
2013-08-27,1.02,1.09,0.99,1.06,18948422.0,94177080.0,194734948.0,0.09730365399024318
2013-08-28,1.03,1.03,0.97,0.98,13787412.0,67197264.0,194734948.0,0.07080091242790175
2013-08-29,0.99,1.0,0.97,0.99,8489564.0,40396424.0,194734948.0,0.043595482409248903
2013-08-30,0.98,1.0,0.93,0.95,8623352.0,40119444.0,194734948.0,0.04428250855105885
2013-09-02,0.94,0.97,0.94,0.96,4368544.0,20080422.0,194734948.0,0.022433281980797817
2013-09-03,0.96,0.99,0.95,0.97,5855594.0,27482182.0,194734948.0,0.03006955895764534
2013-09-04,0.97,0.97,0.94,0.96,5277563.0,24302942.0,194734948.0,0.027101262789255474
2013-09-05,0.96,0.97,0.94,0.96,4288805.0,19856412.0,194734948.0,0.02202380745750886
2013-09-06,0.96,0.98,0.94,0.97,5626589.0,26221014.0,194734948.0,0.028893575897840383
2013-09-09,0.97,0.98,0.95,0.97,4362985.0,20354632.0,194734948.0,0.022404735486924513
2013-09-10,0.97,1.0,0.96,0.97,4780261.0,22582536.0,194734948.0,0.024547524977386187
2013-09-11,1.07,1.07,1.07,1.07,3891388.0,20040648.0,194734948.0,0.01998299760759943
2013-09-12,1.17,1.17,1.17,1.17,1308727.0,7420482.0,194734948.0,0.006720555367390963
2013-09-13,1.29,1.29,1.29,1.29,2200153.0,13728955.0,194734948.0,0.011298192864693192
2013-09-16,1.42,1.42,1.42,1.42,1701503.0,11672311.0,194734948.0,0.00873753282333277
2013-09-17,1.56,1.56,1.56,1.56,1554060.0,11733153.0,194734948.0,0.00798038572922206
2013-09-18,1.72,1.72,1.6,1.68,63863200.0,515116672.0,194734948.0,0.32794935195710223
2013-09-23,1.63,1.65,1.51,1.56,46446728.0,348702400.0,194734948.0,0.23851254475390826
2013-09-24,1.52,1.62,1.5,1.58,38596052.0,290036000.0,194734948.0,0.1981978704716115
2013-09-25,1.55,1.72,1.54,1.67,42457004.0,331863872.0,194734948.0,0.2180245735860417
2013-09-26,1.64,1.66,1.57,1.59,22135036.0,170921168.0,194734948.0,0.11366750666654862
2013-09-27,1.62,1.62,1.51,1.55,14196516.0,106165632.0,194734948.0,0.07290173718586969
2013-09-30,1.56,1.62,1.54,1.6,15988768.0,122563520.0,194734948.0,0.08210528292024911
2013-10-08,1.61,1.65,1.55,1.61,22745468.0,175491024.0,194734948.0,0.11680218796679474
2013-10-09,1.62,1.77,1.58,1.77,26021996.0,214738224.0,194734948.0,0.133627765674603
2013-10-10,1.84,1.93,1.77,1.81,46719104.0,416989568.0,194734948.0,0.2399112459259239
2013-10-11,1.81,1.86,1.73,1.81,25940558.0,224314288.0,194734948.0,0.13320956647185897
2013-10-14,1.77,1.92,1.75,1.82,24475064.0,217134976.0,194734948.0,0.1256839835446486
2013-10-15,1.84,1.85,1.76,1.83,15033765.0,131384152.0,194734948.0,0.07720116576096038
2013-10-16,1.8,1.84,1.64,1.69,14897241.0,123389432.0,194734948.0,0.07650008975276487
2013-10-17,1.69,1.71,1.53,1.55,14958076.0,117535648.0,194734948.0,0.07681248873725532
2013-10-18,1.55,1.6,1.54,1.57,7410738.0,56402076.0,194734948.0,0.03805551122749677
2013-10-21,1.58,1.64,1.55,1.63,8966040.0,69387984.0,194734948.0,0.04604227485659123
2013-10-22,1.64,1.65,1.54,1.57,9290453.0,70875488.0,194734948.0,0.04770819565474195
2013-10-23,1.58,1.61,1.51,1.56,5728092.0,42931516.0,194734948.0,0.02941481258926364
2013-10-24,1.56,1.57,1.49,1.53,5601491.0,41149156.0,194734948.0,0.028764693022641216
2013-10-25,1.53,1.55,1.45,1.51,6459130.0,46431072.0,194734948.0,0.03316882802156293
2013-10-28,1.51,1.53,1.47,1.5,4550950.0,32645572.0,194734948.0,0.023369970550945997
2013-10-29,1.49,1.5,1.35,1.43,9414079.0,63629604.0,194734948.0,0.04834303804574411
2013-10-30,1.4,1.44,1.38,1.42,5943578.0,40346692.0,194734948.0,0.030521373081939047
2013-10-31,1.42,1.44,1.36,1.39,4170280.0,27996954.0,194734948.0,0.02141515964561225
2013-11-01,1.38,1.39,1.3,1.34,4913397.0,31761590.0,194734948.0,0.025231202978522375
2013-11-04,1.33,1.35,1.32,1.34,2960976.0,19018450.0,194734948.0,0.015205159784673062
2013-11-05,1.34,1.41,1.31,1.39,7128579.0,47245644.0,194734948.0,0.03660657253981961
2013-11-06,1.44,1.44,1.37,1.39,6477486.0,43569692.0,194734948.0,0.03326308947893626
2013-11-07,1.41,1.41,1.34,1.37,3926509.0,25864514.0,194734948.0,0.02016335044287993
2013-11-08,1.35,1.36,1.29,1.32,3904436.0,24861296.0,194734948.0,0.020050001502555155
2013-11-11,1.31,1.31,1.25,1.27,3337915.0,20517962.0,194734948.0,0.01714081131446421
2013-11-12,1.25,1.28,1.23,1.27,3689122.0,22394026.0,194734948.0,0.018944324261713927
2013-11-13,1.26,1.29,1.2,1.2,5572805.0,33379470.0,194734948.0,0.028617385103366245
2013-11-14,1.18,1.23,1.15,1.22,6133664.0,35147504.0,194734948.0,0.03149749987352039
2013-11-15,1.23,1.26,1.22,1.24,8429260.0,50499496.0,194734948.0,0.043285810208037234
2013-11-18,1.24,1.26,1.23,1.25,11340891.0,68231720.0,194734948.0,0.05823757428481712
2013-11-19,1.25,1.29,1.25,1.28,9856160.0,60492348.0,194734948.0,0.050613205802175786
2013-11-20,1.28,1.33,1.26,1.33,12195607.0,76170760.0,194734948.0,0.06262669913774285
2013-11-21,1.31,1.32,1.28,1.31,7015863.0,44046040.0,194734948.0,0.03602775501806692
2013-11-22,1.3,1.34,1.27,1.32,9529243.0,60343780.0,194734948.0,0.04893442650057862
2013-11-25,1.32,1.32,1.28,1.3,6202969.0,38804268.0,194734948.0,0.031853393875659136
2013-11-26,1.32,1.32,1.28,1.3,5487669.0,34436700.0,194734948.0,0.02818019598618734
2013-11-27,1.3,1.34,1.28,1.32,8565695.0,54456368.0,194734948.0,0.04398642918476041
2013-11-28,1.32,1.35,1.31,1.34,8973164.0,57701916.0,194734948.0,0.04607885791511855
2013-11-29,1.33,1.33,1.3,1.31,7633901.0,48388036.0,194734948.0,0.0392014945360501
2013-12-02,1.26,1.26,1.18,1.18,8153237.0,47348144.0,194734948.0,0.04186838101602595
2013-12-03,1.16,1.2,1.12,1.18,6487142.0,36177176.0,194734948.0,0.033312674826092334
2013-12-04,1.18,1.21,1.16,1.19,4979901.0,28668462.0,194734948.0,0.025572713327245193
2013-12-05,1.19,1.24,1.18,1.19,5883888.0,34263464.0,194734948.0,0.030214853884368
2013-12-06,1.19,1.2,1.17,1.2,3767868.0,21499932.0,194734948.0,0.019348699546216017
2013-12-09,1.2,1.2,1.19,1.2,2956003.0,17045028.0,194734948.0,0.015179622509258072
2013-12-11,1.22,1.22,1.16,1.18,4579506.0,26174354.0,194734948.0,0.02351661089616025
2013-12-12,1.17,1.23,1.17,1.2,6751252.0,39337576.0,194734948.0,0.034668928558216475
2013-12-13,1.2,1.23,1.19,1.21,3535968.0,20625380.0,194734948.0,0.018157850125597383
2013-12-16,1.22,1.23,1.18,1.21,4440592.0,25797990.0,194734948.0,0.022803261795617702
2013-12-17,1.21,1.21,1.17,1.2,3233482.0,18669856.0,194734948.0,0.016604528530749396
2013-12-18,1.19,1.25,1.19,1.21,3952650.0,23196714.0,194734948.0,0.020297589316120083
2013-12-19,1.22,1.23,1.19,1.2,3122464.0,18175694.0,194734948.0,0.016034430553266688
2013-12-20,1.19,1.21,1.16,1.18,2777080.0,15847301.0,194734948.0,0.014260819788752042
2013-12-23,1.17,1.2,1.15,1.17,3166024.0,17866874.0,194734948.0,0.016258119215457927
2013-12-24,1.19,1.19,1.16,1.17,2166900.0,12205171.0,194734948.0,0.0111274325551467
2013-12-25,1.18,1.2,1.16,1.19,7393080.0,41925720.0,194734948.0,0.03796483412931099
2013-12-26,1.2,1.2,1.16,1.17,4252009.0,24045704.0,194734948.0,0.021834853187215272
2013-12-27,1.16,1.18,1.16,1.17,5038294.0,28260412.0,194734948.0,0.025872572189764315
2013-12-30,1.17,1.17,1.11,1.11,7630640.0,41485732.0,194734948.0,0.03918474869749625
2013-12-31,1.06,1.12,1.06,1.1,8080174.0,42081356.0,194063123.0,0.041636833804844
2014-01-02,1.09,1.11,1.08,1.1,3003112.0,15880648.0,194063123.0,0.015474923589681694
2014-01-03,1.1,1.14,1.09,1.12,6258500.0,33657096.0,194063123.0,0.03224981595292579
2014-01-06,1.12,1.14,1.07,1.11,5059282.0,27006220.0,194063123.0,0.026070290541495615
2014-01-07,1.09,1.12,1.08,1.11,2647556.0,14136685.0,194063123.0,0.013642756846698793
2014-01-08,1.12,1.13,1.1,1.13,4588665.0,24744996.0,194063123.0,0.023645218777603616
2014-01-09,1.13,1.24,1.12,1.24,26778828.0,159465648.0,194063123.0,0.1379902971055454
2014-01-10,1.22,1.23,1.17,1.2,21352352.0,124071824.0,194063123.0,0.11002786964321913
2014-01-13,1.19,1.2,1.13,1.16,12189609.0,68609176.0,194063123.0,0.06281259835234126
2014-01-14,1.16,1.19,1.13,1.19,10989675.0,61462664.0,194063123.0,0.05662938341974431
2014-01-15,1.19,1.24,1.16,1.21,16091174.0,93237760.0,194063123.0,0.08291721658009182
2014-01-16,1.2,1.23,1.18,1.18,10630012.0,61616116.0,194063123.0,0.054776053459677655
2014-01-17,1.17,1.3,1.16,1.3,28569148.0,174063168.0,194063123.0,0.1472157489705038
2014-01-20,1.31,1.43,1.27,1.43,37339820.0,250518848.0,194063123.0,0.1924106930918555
2014-01-21,1.45,1.57,1.45,1.57,23433608.0,173809648.0,194063123.0,0.12075250381289597
2014-01-22,1.65,1.73,1.62,1.73,50342816.0,410358208.0,194063123.0,0.25941464417224697
2014-01-23,1.73,1.73,1.64,1.7,32342592.0,263729216.0,194063123.0,0.16666016448678916
2014-01-24,1.67,1.85,1.65,1.71,39329996.0,334950112.0,194063123.0,0.20266599543489774
2014-01-27,1.67,1.79,1.6,1.72,28486204.0,233205376.0,194063123.0,0.1467883416469599
2014-01-28,1.7,1.76,1.66,1.69,19097904.0,156759408.0,194063123.0,0.09841078358818331
2014-01-29,1.72,1.74,1.66,1.73,20218130.0,166568480.0,194063123.0,0.10418326618396222
2014-01-30,1.72,1.74,1.67,1.68,16266506.0,133294296.0,194063123.0,0.08382069580525095
2014-02-07,1.65,1.75,1.52,1.71,33788380.0,259302240.0,194063123.0,0.17411025586762302
2014-02-10,1.66,1.72,1.65,1.69,28121924.0,227789264.0,194063123.0,0.14491122045892255
2014-02-11,1.67,1.7,1.6,1.62,22875080.0,181791168.0,194063123.0,0.11787442996060617
2014-02-12,1.63,1.65,1.58,1.62,18732316.0,146038128.0,194063123.0,0.0965269223251653
2014-02-13,1.64,1.78,1.64,1.67,34569640.0,284156992.0,194063123.0,0.17813605936868285
2014-02-14,1.63,1.63,1.51,1.6,21379064.0,163460160.0,194063123.0,0.11016551557814516
2014-02-17,1.58,1.65,1.56,1.64,17503392.0,135810288.0,194063123.0,0.09019432300901392
2014-02-18,1.63,1.72,1.6,1.72,24328812.0,195278656.0,194063123.0,0.1253654564757262
2014-02-19,1.7,1.89,1.69,1.89,32063290.0,284476672.0,194063123.0,0.16522093174806837
2014-02-20,1.99,2.04,1.8,1.81,43511188.0,401993920.0,194063123.0,0.2242115211141892
2014-02-21,1.72,1.81,1.69,1.74,20922444.0,175855008.0,194063123.0,0.10781256983069369
2014-02-24,1.74,1.77,1.66,1.68,18759096.0,153713168.0,194063123.0,0.09666491866154292
2014-02-25,1.67,1.75,1.58,1.62,22795560.0,185662240.0,194063123.0,0.11746466638074252
2014-02-26,1.59,1.61,1.51,1.57,14622121.0,109545440.0,194063123.0,0.07534724152615023
2014-02-27,1.57,1.59,1.47,1.49,13587001.0,100863640.0,194063123.0,0.0700133069588909
2014-02-28,1.49,1.51,1.43,1.51,9816234.0,69763088.0,194063123.0,0.050582685923280746
2014-03-03,1.48,1.53,1.48,1.51,10038548.0,72900864.0,194063123.0,0.05172826163371595
2014-03-04,1.49,1.61,1.47,1.57,17706670.0,132307400.0,194063123.0,0.09124180692485301
2014-03-05,1.56,1.57,1.53,1.54,8401712.0,62696192.0,194063123.0,0.04329370706870465
2014-03-06,1.53,1.53,1.47,1.5,7366725.0,53351676.0,194063123.0,0.03796045784546093
2014-03-07,1.51,1.53,1.48,1.51,6382848.0,46294284.0,194063123.0,0.03289057653679004
2014-03-10,1.48,1.49,1.42,1.42,6952956.0,49055640.0,194063123.0,0.03582832169510124
2014-03-11,1.4,1.52,1.39,1.45,5684608.0,39762816.0,194063123.0,0.029292571984425912
2014-03-12,1.46,1.47,1.34,1.39,7265308.0,49037148.0,194063123.0,0.0374378598452216
2014-03-13,1.38,1.49,1.36,1.48,10709244.0,74169520.0,194063123.0,0.05518433298633455
2014-03-14,1.45,1.53,1.45,1.48,10003003.0,72102312.0,194063123.0,0.05154509958082041
2014-03-17,1.45,1.52,1.45,1.5,7075906.0,50779624.0,194063123.0,0.03646187843735772
2014-03-18,1.5,1.52,1.46,1.48,8592307.0,61750764.0,194063123.0,0.04427583596085898
2014-03-19,1.45,1.46,1.4,1.42,9001751.0,62006504.0,194063123.0,0.046385685548304814
2014-03-20,1.41,1.43,1.36,1.36,6222736.0,41870224.0,194063123.0,0.03206552540123762
2014-03-21,1.35,1.38,1.31,1.37,5839252.0,37939036.0,194063123.0,0.03008944672090019
2014-03-24,1.37,1.4,1.37,1.38,4437831.0,29577770.0,194063123.0,0.02286797682834363
2014-03-25,1.37,1.4,1.36,1.4,4230946.0,28312446.0,194063123.0,0.021801906176682522
2014-03-26,1.39,1.41,1.38,1.41,4532496.0,30617358.0,194063123.0,0.023355782025624723
2014-03-27,1.39,1.42,1.35,1.35,4697338.0,31153016.0,194063123.0,0.024205206673913002
2014-03-28,1.34,1.36,1.27,1.27,6788411.0,42512492.0,194063123.0,0.03498042747668242
2014-03-31,1.27,1.29,1.25,1.27,2886773.0,17686586.0,194063123.0,0.014875433082667644
2014-04-01,1.27,1.31,1.27,1.3,3164730.0,19832264.0,194063123.0,0.016307735086794412
2014-04-02,1.3,1.31,1.28,1.28,2497252.0,15534694.0,194063123.0,0.01286824596757623
2014-04-03,1.28,1.34,1.27,1.32,4715984.0,29967024.0,194063123.0,0.024301288813124995
2014-04-04,1.31,1.37,1.29,1.35,4877704.0,31486120.0,194063123.0,0.025134625912415106
2014-04-08,1.33,1.37,1.32,1.34,4898547.0,31948698.0,194063123.0,0.025242029110291088
2014-04-09,1.33,1.38,1.33,1.36,4044868.0,26559732.0,194063123.0,0.020843053216246552
2014-04-10,1.36,1.5,1.35,1.5,14971620.0,106165024.0,194063123.0,0.07714819677512867
2014-04-11,1.51,1.65,1.5,1.6,29050556.0,222530192.0,194063123.0,0.1496964263529862
2014-04-14,1.6,1.6,1.51,1.55,15158372.0,112924456.0,194063123.0,0.07811052283230545
2014-04-15,1.53,1.55,1.49,1.5,11394936.0,82834152.0,194063123.0,0.05871767816495461
2014-04-16,1.49,1.53,1.48,1.5,8124428.0,59133020.0,194063123.0,0.04186487300835615
2014-04-17,1.5,1.52,1.46,1.51,8468867.0,61022548.0,194063123.0,0.043639754266966015
2014-04-18,1.5,1.53,1.49,1.51,5742104.0,41768652.0,194063123.0,0.029588846717673405
2014-04-21,1.49,1.49,1.43,1.44,7266471.0,51252792.0,194063123.0,0.03744385274063636
2014-04-22,1.45,1.46,1.35,1.4,7156695.0,48320012.0,194063123.0,0.03687818112666362
2014-04-23,1.39,1.4,1.38,1.4,3092155.0,20719664.0,194063123.0,0.015933758831656028
2014-04-24,1.4,1.4,1.32,1.33,4741513.0,31082306.0,194063123.0,0.0244328387933858
2014-04-25,1.33,1.33,1.28,1.3,3955654.0,24882902.0,194063123.0,0.02038333681768071
2014-04-28,1.28,1.34,1.28,1.31,4274562.0,27175818.0,194063123.0,0.02202665779010472
2014-04-29,1.31,1.44,1.3,1.44,5335113.0,36425260.0,194063123.0,0.027491637347297558
2014-04-30,1.5,1.53,1.43,1.44,14613602.0,103848392.0,194063123.0,0.07530334343841308
2014-05-05,1.43,1.49,1.37,1.48,10822118.0,74093328.0,194063123.0,0.0557659684782049
2014-05-06,1.47,1.51,1.46,1.48,11619009.0,83237344.0,194063123.0,0.059872317936468536
2014-05-07,1.45,1.62,1.43,1.53,22121496.0,164100224.0,194063123.0,0.11399123985034498
2014-05-08,1.51,1.56,1.49,1.5,12256859.0,90140880.0,194063123.0,0.06315913508204235
2014-05-09,1.49,1.51,1.45,1.46,8273400.0,58695512.0,194063123.0,0.0426325201413975
2014-05-12,1.47,1.61,1.46,1.56,18138304.0,136480144.0,194063123.0,0.09346600075069389
2014-05-13,1.56,1.58,1.52,1.58,12277681.0,91855168.0,194063123.0,0.06326643006770534
2014-05-14,1.57,1.59,1.54,1.55,6727191.0,50632092.0,194063123.0,0.03466496311099765
2014-05-15,1.53,1.56,1.49,1.49,6380633.0,46943788.0,194063123.0,0.03287916272480063
2014-05-16,1.48,1.56,1.48,1.54,9113793.0,66984668.0,194063123.0,0.04696303377535566
2014-05-19,1.54,1.54,1.46,1.47,7930060.0,56937284.0,194063123.0,0.04086330198860089
2014-05-20,1.49,1.54,1.48,1.51,7122917.0,51768704.0,194063123.0,0.03670412435854699
2014-05-21,1.51,1.65,1.48,1.59,17123184.0,130852152.0,194063123.0,0.08823512543390327
2014-05-22,1.57,1.73,1.56,1.71,26011646.0,205293952.0,194063123.0,0.13403703701089054
2014-05-23,1.67,1.74,1.66,1.69,20621392.0,168269600.0,194063123.0,0.10626126015708817
2014-05-26,1.69,1.71,1.66,1.69,13052679.0,105890592.0,194063123.0,0.06725996571744339
2014-05-27,1.69,1.73,1.61,1.65,16764435.0,134259456.0,194063123.0,0.08638650528158305
2014-05-28,1.64,1.74,1.63,1.71,20057412.0,164239232.0,194063123.0,0.10335509235312058
2014-05-29,1.69,1.69,1.63,1.65,12484421.0,100132976.0,194063123.0,0.06433175353980056
2014-05-30,1.62,1.62,1.49,1.53,19831448.0,147377040.0,194063123.0,0.10219070832947484
2014-06-03,1.52,1.55,1.49,1.53,9250543.0,68045592.0,194063123.0,0.047667701400435566
2014-06-04,1.52,1.55,1.51,1.54,7367637.0,54652492.0,194063123.0,0.037965157347282306
2014-06-05,1.53,1.61,1.52,1.58,9734457.0,73185520.0,194063123.0,0.0501612921070017
2014-06-06,1.59,1.59,1.53,1.54,6638262.0,49827960.0,194063123.0,0.03420671530675099
2014-06-09,1.52,1.55,1.5,1.5,5873772.0,43164248.0,194063123.0,0.030267326987209207
2014-06-10,1.49,1.54,1.49,1.54,7136667.0,52264748.0,194063123.0,0.03677497759324423
2014-06-11,1.52,1.55,1.52,1.54,6119523.0,45342792.0,194063123.0,0.03153367268030619
2014-06-12,1.54,1.54,1.51,1.52,5062131.0,37169488.0,194063123.0,0.026084971331724886
2014-06-13,1.5,1.57,1.5,1.54,8600121.0,64056092.0,194063123.0,0.04431610121001711
2014-06-16,1.54,1.56,1.52,1.55,5964992.0,44293432.0,194063123.0,0.030737380228597063
2014-06-17,1.54,1.6,1.53,1.6,14092351.0,107541680.0,194063123.0,0.07261735657010941
2014-06-18,1.59,1.59,1.56,1.58,6934797.0,52768348.0,194063123.0,0.03573474904863816
2014-06-19,1.58,1.62,1.44,1.46,11669700.0,86607080.0,194063123.0,0.060133526759744045
2014-06-20,1.45,1.49,1.39,1.48,6444004.0,45070332.0,194063123.0,0.03320571111287331
2014-06-23,1.48,1.5,1.47,1.49,4468305.0,32085754.0,194063123.0,0.023025008208282828
2014-06-24,1.49,1.5,1.46,1.47,5061061.0,36117736.0,194063123.0,0.026079457661824807
2014-06-25,1.47,1.47,1.41,1.43,5351542.0,37120840.0,194063123.0,0.027576295368595093
2014-06-26,1.43,1.47,1.43,1.46,3705195.0,26010554.0,194063123.0,0.019092730977023388
2014-06-27,1.46,1.49,1.45,1.48,4159674.0,29598044.0,194063123.0,0.021434644231712173
2014-06-30,1.48,1.49,1.46,1.48,4702126.0,33492522.0,195406848.0,0.02406326107875196
2014-07-01,1.48,1.6,1.48,1.56,12762564.0,94868152.0,195406848.0,0.06531277757471426
2014-07-02,1.55,1.56,1.52,1.55,7626076.0,56687504.0,195406848.0,0.03902665683446263
2014-07-03,1.53,1.58,1.53,1.55,7795936.0,58597116.0,195406848.0,0.039895920126606824
2014-07-04,1.54,1.56,1.53,1.54,4972696.0,36915324.0,195406848.0,0.025447910607513613
2014-07-07,1.55,1.55,1.52,1.54,3649871.0,26985100.0,195406848.0,0.018678316739442008
2014-07-08,1.54,1.61,1.53,1.58,11212612.0,85533464.0,195406848.0,0.05738085494322082
2014-07-09,1.57,1.58,1.52,1.53,6392371.0,48024556.0,195406848.0,0.03271313705443936
2014-07-10,1.52,1.55,1.52,1.53,3772741.0,27950436.0,195406848.0,0.0193071073947214
2014-07-11,1.53,1.58,1.52,1.57,5722814.0,42971320.0,195406848.0,0.02928666041427576
2014-07-14,1.57,1.59,1.55,1.59,6558538.0,49931136.0,195406848.0,0.03356350131598254
2014-07-15,1.59,1.59,1.55,1.56,5271342.0,39782748.0,195406848.0,0.02697623985009983
2014-07-16,1.56,1.56,1.5,1.51,6705353.0,49249736.0,195406848.0,0.034314831177257414
2014-07-17,1.51,1.53,1.49,1.52,2606160.0,19091654.0,195406848.0,0.013337096558663082
2014-07-18,1.51,1.54,1.5,1.52,2601723.0,19147654.0,195406848.0,0.013314390087291107
2014-07-21,1.53,1.53,1.47,1.48,3500996.0,25118616.0,195406848.0,0.017916444770656143
2014-07-22,1.49,1.51,1.48,1.5,2638128.0,19079878.0,195406848.0,0.013500693691144336
2014-07-23,1.5,1.51,1.47,1.48,3035859.0,21766330.0,195406848.0,0.015536093187481332
2014-07-24,1.48,1.48,1.45,1.47,2795371.0,19784254.0,195406848.0,0.014305389133547664
2014-07-25,1.47,1.52,1.47,1.5,2920169.0,21178256.0,195406848.0,0.014944046382652874
2014-07-28,1.5,1.52,1.49,1.52,3749559.0,27301812.0,195406848.0,0.019188472862527315
2014-07-29,1.52,1.54,1.51,1.53,4374614.0,32185422.0,195406848.0,0.022387209275285994
2014-07-30,1.52,1.54,1.51,1.53,4059528.0,29835586.0,195406848.0,0.02077474787372856
2014-07-31,1.53,1.56,1.53,1.55,6580108.0,49177852.0,195406848.0,0.033673886393172876
2014-08-01,1.54,1.56,1.51,1.52,4816420.0,35787616.0,195406848.0,0.02464816381460695
2014-08-04,1.51,1.53,1.5,1.52,3576069.0,26167180.0,195406848.0,0.018300632944040936
2014-08-05,1.53,1.58,1.51,1.58,8723604.0,65094084.0,195406848.0,0.04464328701520225
2014-08-06,1.56,1.66,1.55,1.66,16256951.0,126617432.0,203488817.00000003,0.07989112738318194
2014-08-07,1.62,1.65,1.59,1.6,12082926.0,94420680.0,203488817.00000003,0.05937882080271761
2014-08-08,1.59,1.64,1.58,1.6,7803810.0,60627972.0,203488817.00000003,0.03835006815141099
2014-08-11,1.59,1.63,1.59,1.61,5214124.0,40506984.0,203488817.00000003,0.025623639062189837
2014-08-12,1.61,1.62,1.6,1.62,5631770.0,43859452.0,203488817.00000003,0.027676066346191394
2014-08-13,1.62,1.62,1.55,1.59,6140904.0,47041740.0,203488817.00000003,0.03017809081862223
2014-08-14,1.59,1.67,1.57,1.64,14517244.0,114094136.0,203488817.00000003,0.0713417288184441
2014-08-15,1.62,1.7,1.61,1.66,15389690.0,123615776.0,203488817.00000003,0.075629168358672
2014-08-18,1.66,1.7,1.65,1.67,11239327.0,90996608.0,203488817.00000003,0.05523314335254108
2014-08-19,1.67,1.7,1.65,1.67,10452352.0,84162440.0,203488817.00000003,0.05136573180824968
2014-08-20,1.66,1.67,1.64,1.64,7426990.0,59136912.0,203488817.00000003,0.03649827105732301
2014-08-21,1.65,1.78,1.65,1.72,20688856.0,171649744.0,203488817.00000003,0.10167072719283633
2014-08-22,1.7,1.71,1.68,1.71,9222261.0,75523208.0,203488817.00000003,0.045320726396478085
2014-08-25,1.71,1.71,1.66,1.67,6110969.0,49539108.0,203488817.00000003,0.030030981997403814
2014-08-26,1.67,1.7,1.63,1.63,6469690.0,51875976.0,203488817.00000003,0.031793835628814916
2014-08-27,1.63,1.65,1.62,1.64,4653057.0,36718300.0,203488817.00000003,0.022866401547756796
2014-08-28,1.63,1.64,1.59,1.6,6029236.0,46711884.0,203488817.00000003,0.029629323561304103
2014-08-29,1.59,1.62,1.58,1.61,3488160.0,27000590.0,203488817.00000003,0.017141777378360794
2014-09-01,1.62,1.65,1.61,1.65,4261845.0,33696600.0,203488817.00000003,0.02094387820830468
2014-09-02,1.66,1.68,1.65,1.67,6606370.0,53148820.0,203488817.00000003,0.03246551873167555
2014-09-03,1.68,1.69,1.65,1.68,8292018.0,67059948.0,203488817.00000003,0.040749256505825567
2014-09-04,1.68,1.78,1.67,1.73,15356703.0,128374544.0,203488817.00000003,0.07546706117024601
2014-09-05,1.72,1.74,1.7,1.73,8647668.0,71980816.0,203488817.00000003,0.04249701839880468
2014-09-09,1.73,1.76,1.72,1.74,6815855.0,57121196.0,203488817.00000003,0.033494985623706286
2014-09-10,1.74,1.79,1.72,1.79,13390532.0,114699608.0,203488817.00000003,0.06580475623876667
2014-09-11,1.79,1.81,1.73,1.74,13090873.0,111984216.0,203488817.00000003,0.06433214951561686
2014-09-12,1.73,1.77,1.72,1.76,8808651.0,74020680.0,203488817.00000003,0.0432881331262543
2014-09-15,1.75,1.77,1.74,1.77,8767718.0,74413072.0,203488817.00000003,0.043086977108918956
2014-09-16,1.77,1.79,1.67,1.68,10821122.0,90279424.0,203488817.00000003,0.05317796898883145
2014-09-17,1.69,1.7,1.67,1.7,5157256.0,41887928.0,203488817.00000003,0.02534417407321209
2014-09-18,1.69,1.7,1.68,1.7,4136524.0,33744700.0,203488817.00000003,0.020328016354825038
2014-09-19,1.69,1.72,1.69,1.71,4303635.0,35424316.0,203488817.00000003,0.02114924575928907
2014-09-22,1.72,1.81,1.69,1.77,15732017.0,133572888.0,203488817.00000003,0.0773114573662296
2014-09-23,1.76,1.85,1.75,1.82,13160668.0,114779112.0,203488817.00000003,0.06467514133712811
2014-09-24,1.81,1.9,1.79,1.86,17191312.0,153693728.0,203488817.00000003,0.08448283425815974
2014-09-25,1.86,1.87,1.82,1.84,8008133.0,71350400.0,203488817.00000003,0.03935416755604805
2014-09-26,1.88,1.98,1.82,1.88,17130424.0,157532160.0,203488817.00000003,0.08418361388380373
2014-09-29,1.88,1.92,1.87,1.9,9663917.0,88727624.0,203488817.00000003,0.0474911454225025
2014-09-30,1.89,2.02,1.89,1.99,14043069.0,133563448.0,203488817.00000003,0.06901150248467953
2014-10-08,1.97,2.0,1.93,1.99,8763958.0,83160488.0,203488817.00000003,0.04306849943503283
2014-10-09,1.98,2.01,1.94,1.97,7364234.0,70158776.0,203488817.00000003,0.03618987081732358
2014-10-10,1.97,1.97,1.9,1.92,7613266.0,70656568.0,203488817.00000003,0.03741368254158163
2014-10-13,1.92,1.96,1.9,1.95,5931017.0,55080040.0,203488817.00000003,0.029146648388053673
2014-10-14,1.95,1.95,1.89,1.91,4605913.0,42762288.0,203488817.00000003,0.022634722968584556
2014-10-15,1.91,1.91,1.84,1.89,7068951.0,63884420.0,203488817.00000003,0.03473876896144125
2014-10-16,1.88,1.91,1.87,1.88,4639264.0,42417728.0,203488817.00000003,0.02279861895309952
2014-10-17,1.88,1.89,1.78,1.82,5895660.0,51951496.0,203488817.00000003,0.028972894367949465
2014-10-20,1.82,1.9,1.81,1.89,4388147.0,39583000.0,203488817.00000003,0.021564560965529615
2014-10-21,1.91,1.92,1.88,1.9,4076931.0,37320284.0,203488817.00000003,0.02003515996655482
2014-10-22,1.89,1.94,1.89,1.9,5205926.0,48101536.0,203488817.00000003,0.025583351835988113
2014-10-23,1.9,1.9,1.8,1.82,4912748.0,43547752.0,203488817.00000003,0.02414259452891703
2014-10-24,1.83,1.84,1.75,1.76,4850672.0,41827344.0,203488817.00000003,0.02383753599589701
2014-10-27,1.76,1.79,1.71,1.78,3764912.0,31838336.0,203488817.00000003,0.018501812804779336
2014-10-28,1.79,1.89,1.78,1.89,5964010.0,53045224.0,203488817.00000003,0.02930878506212948
2014-10-29,1.9,1.95,1.89,1.95,9885179.0,91476432.0,203488817.00000003,0.04857848773085156
2014-10-30,1.94,1.96,1.9,1.92,5828534.0,54178344.0,203488817.00000003,0.02864301874633238
2014-10-31,1.91,1.94,1.9,1.93,4329478.0,40096992.0,203488817.00000003,0.02127624536733141
2014-11-03,1.97,2.02,1.93,1.99,9926536.0,94839496.0,203488817.00000003,0.048781727400774064
2014-11-04,1.98,1.98,1.92,1.93,5296292.0,49774904.0,203488817.00000003,0.02602743520790137
2014-11-05,1.93,1.96,1.89,1.93,4431693.0,41290096.0,203488817.00000003,0.02177855798336082
2014-11-06,1.93,1.94,1.88,1.93,5868413.0,53968816.0,203488817.00000003,0.028838995117849642
2014-11-07,1.92,1.98,1.9,1.94,7209308.0,67753536.0,203488817.00000003,0.03542852185336553
2014-11-10,1.94,1.98,1.92,1.93,5260642.0,49252180.0,203488817.00000003,0.025852241305231036
2014-11-11,1.93,2.12,1.89,2.12,21446810.0,212572720.0,203488817.00000003,0.10539552156323163
2014-11-12,2.1,2.24,2.07,2.16,24514884.0,255702736.0,203488817.00000003,0.12047288082666477
2014-11-13,2.15,2.15,2.06,2.09,11722511.0,118557096.0,203488817.00000003,0.057607642389507815
2014-11-14,2.07,2.08,1.97,1.99,9878344.0,96244680.0,203488817.00000003,0.04854489866143356
2014-11-17,1.98,2.06,1.95,2.02,8714034.0,84441248.0,203488817.00000003,0.04282315917144478
2014-11-18,2.01,2.03,1.93,1.95,10428749.0,98985032.0,203488817.00000003,0.0512497401761395
2014-11-19,1.94,2.0,1.94,1.98,7650631.0,72880656.0,203488817.00000003,0.037597304425825026
2014-11-20,1.97,2.0,1.95,1.99,5701081.0,54472256.0,203488817.00000003,0.028016679658617306
2014-11-21,1.98,2.11,1.98,2.07,12701104.0,126094176.0,203488817.00000003,0.062416717474946044
2014-11-24,2.07,2.09,2.05,2.08,9191142.0,91624224.0,203488817.00000003,0.04516779907369553
2014-11-25,2.07,2.12,2.06,2.1,7799284.0,78947600.0,203488817.00000003,0.03832782614289806
2014-11-26,2.1,2.1,2.03,2.06,8582662.0,85016280.0,203488817.00000003,0.04217756104012339
2014-11-27,2.06,2.07,2.01,2.04,7265072.0,71493840.0,203488817.00000003,0.035702561482776715
2014-11-28,2.04,2.05,1.97,2.0,8857726.0,85602768.0,203488817.00000003,0.04352930117039306
2014-12-01,1.99,2.0,1.91,1.93,9239496.0,86807272.0,203488817.00000003,0.04540542392558112
2014-12-02,1.94,1.98,1.93,1.97,6179591.0,58461688.0,203488817.00000003,0.03036820937437559
2014-12-03,1.99,1.99,1.91,1.97,8504424.0,79807416.0,203488817.00000003,0.04179307799504284
2014-12-04,1.97,1.98,1.96,1.97,8437874.0,80311624.0,203488817.00000003,0.04146603299580831
2014-12-05,1.97,1.97,1.81,1.87,9437493.0,86031256.0,203488817.00000003,0.046378435626759765
2014-12-08,1.85,1.86,1.8,1.82,8193782.0,72260720.0,203488817.00000003,0.04026649778990066
2014-12-09,1.82,1.84,1.7,1.7,11284396.0,96301720.0,203488817.00000003,0.05545462481115116
2014-12-10,1.7,1.77,1.7,1.76,4806085.0,40561124.0,203488817.00000003,0.02361842321782233
2014-12-11,1.75,1.8,1.74,1.8,5461046.0,46657604.0,203488817.00000003,0.026837081666261784
2014-12-12,1.79,1.83,1.79,1.83,4503771.0,39353084.0,203488817.00000003,0.022132769094627934
2014-12-15,1.83,1.85,1.81,1.83,4865972.0,43054228.0,203488817.00000003,0.023912724402933648
2014-12-16,1.83,1.86,1.8,1.85,6766788.0,60106144.0,203488817.00000003,0.03325385689376728
2014-12-17,1.84,1.84,1.77,1.78,6858167.0,59663908.0,203488817.00000003,0.03370291842622486
2014-12-18,1.77,1.78,1.74,1.74,4327975.0,36823388.0,203488817.00000003,0.02126885921205193
2014-12-19,1.73,1.76,1.68,1.7,4946552.0,40762836.0,203488817.00000003,0.024308716679993275
2014-12-22,1.7,1.7,1.53,1.55,8040480.0,61085440.0,203488817.00000003,0.039513129608493416
2014-12-23,1.55,1.59,1.55,1.56,3200159.0,24283830.0,203488817.00000003,0.01572646127280793
2014-12-24,1.57,1.61,1.57,1.61,3490508.0,26885012.0,203488817.00000003,0.017153316095989687
2014-12-25,1.61,1.62,1.59,1.61,3367523.0,26087714.0,203488817.00000003,0.016548933988839297
2014-12-26,1.6,1.61,1.58,1.6,3079685.0,23674050.0,203488817.00000003,0.015134418910106492
2014-12-29,1.6,1.61,1.51,1.53,5216345.0,38649460.0,203488817.00000003,0.025634553666897573
2014-12-30,1.53,1.55,1.49,1.49,3623118.0,26432502.0,203488817.00000003,0.01780499809972358
2014-12-31,1.5,1.52,1.49,1.51,2242501.0,16254056.0,204832468.0,0.010947976274933132
2015-01-05,1.52,1.53,1.48,1.53,4468798.0,32475492.0,204832468.0,0.021816843997602958
2015-01-06,1.52,1.58,1.49,1.58,6023353.0,44950048.0,204832468.0,0.029406241397237864
2015-01-07,1.59,1.6,1.54,1.57,4054756.0,30603194.0,204832468.0,0.019795475002527433
2015-01-08,1.57,1.6,1.55,1.58,4955774.0,37715348.0,204832468.0,0.02419427959047977
2015-01-09,1.57,1.6,1.56,1.56,4074657.0,31156006.0,204832468.0,0.019892632451218622
2015-01-12,1.55,1.55,1.5,1.53,3868230.0,28298284.0,204832468.0,0.018884847884564862
2015-01-13,1.53,1.67,1.52,1.61,8882361.0,68967608.0,204832468.0,0.0433640285972632
2015-01-14,1.6,1.6,1.56,1.58,4460579.0,33988452.0,204832468.0,0.02177671852296385
2015-01-15,1.58,1.6,1.57,1.58,2846027.0,21745620.0,204832468.0,0.013894413457928944
2015-01-16,1.58,1.64,1.58,1.62,5478630.0,42732084.0,204832468.0,0.02674688272564289
2015-01-19,1.58,1.66,1.54,1.6,8091817.0,62727680.0,204832468.0,0.039504562333350396
2015-01-20,1.61,1.69,1.59,1.68,10868613.0,87001936.0,204832468.0,0.0530609873821371
2015-01-21,1.68,1.71,1.66,1.71,10080838.0,81825704.0,204832468.0,0.04921503948290073
2015-01-22,1.7,1.71,1.68,1.7,7020239.0,57457088.0,204832468.0,0.034273077254529785
2015-01-23,1.7,1.7,1.67,1.68,5889095.0,47743784.0,204832468.0,0.028750788668913563
2015-01-26,1.66,1.69,1.66,1.69,4440947.0,36069556.0,204832468.0,0.021680874342635954
2015-01-27,1.69,1.71,1.67,1.71,6639544.0,54194020.0,204832468.0,0.03241450959815609
2015-01-28,1.71,1.72,1.68,1.69,5007782.0,41135868.0,204832468.0,0.024448184650101467
2015-01-29,1.66,1.73,1.66,1.72,7205342.0,59645872.0,204832468.0,0.03517675723167091
2015-01-30,1.72,1.73,1.68,1.68,4450613.0,36507648.0,204832468.0,0.021728064127021114
2015-02-02,1.66,1.69,1.64,1.67,3288781.0,26387300.0,204832468.0,0.016055955543141726
2015-02-03,1.67,1.75,1.67,1.74,7153814.0,59437168.0,204832468.0,0.034925195550541334
2015-02-04,1.75,1.75,1.7,1.71,4667514.0,38762840.0,204832468.0,0.02278698316518844
2015-02-05,1.71,1.78,1.71,1.73,9834693.0,82937248.0,204832468.0,0.04801335011010071
2015-02-06,1.73,1.82,1.72,1.78,16089001.0,138470064.0,204832468.0,0.0785471227149399
2015-02-09,1.78,1.79,1.66,1.71,10281475.0,85599448.0,204832468.0,0.050194557046493234
2015-02-10,1.67,1.7,1.64,1.69,5947614.0,47953176.0,204832468.0,0.02903648068137323
2015-02-11,1.69,1.75,1.68,1.74,6215893.0,51591232.0,204832468.0,0.030346229094891344
2015-02-12,1.73,1.77,1.71,1.75,6035123.0,50585900.0,204832468.0,0.029463702990680168
2015-02-13,1.75,1.78,1.75,1.75,8001946.0,68043184.0,204832468.0,0.03906580864904679
2015-02-16,1.76,1.82,1.74,1.81,10349364.0,89709896.0,204832468.0,0.050525993759934586
2015-02-17,1.8,1.83,1.78,1.82,8100654.0,70497632.0,204832468.0,0.03954770490779811
2015-02-25,1.83,1.86,1.81,1.83,8106837.0,71805560.0,204832468.0,0.03957789055199979
2015-02-26,1.82,1.86,1.81,1.86,8438094.0,74571296.0,204832468.0,0.041195099987761705
2015-02-27,1.84,1.92,1.84,1.91,12842922.0,116908048.0,204832468.0,0.0626996399809038
2015-03-02,1.9,1.96,1.89,1.95,13517350.0,125413512.0,204832468.0,0.06599222345941758
2015-03-03,1.94,2.04,1.91,1.96,17662080.0,168523440.0,204832468.0,0.08622695499621671
2015-03-04,1.93,2.09,1.93,2.09,19654548.0,191982400.0,204832468.0,0.09595426053256362
2015-03-05,2.09,2.12,2.02,2.06,15415375.0,153895952.0,204832468.0,0.07525845463132338
2015-03-06,2.06,2.06,1.93,1.97,16802672.0,161285488.0,204832468.0,0.08203129203130043
2015-03-09,1.95,2.01,1.92,1.98,9894831.0,94281792.0,204832468.0,0.04830694614293277
2015-03-10,1.97,2.18,1.96,2.18,16229478.0,165738656.0,204832468.0,0.0792329368408528
2015-03-11,2.28,2.4,2.24,2.4,32933290.0,367636512.0,204832468.0,0.16078159054354604
2015-03-12,2.47,2.64,2.38,2.43,57557620.0,700384768.0,204832468.0,0.28099851826225125
2015-03-13,2.39,2.61,2.36,2.57,44050044.0,530999872.0,204832468.0,0.21505401184737957
2015-03-16,2.52,2.77,2.48,2.74,47065276.0,595184256.0,204832468.0,0.22977449063397506
2015-03-17,2.69,2.8,2.62,2.67,40320540.0,524512608.0,204832468.0,0.19684642963926988
2015-03-18,2.64,2.71,2.56,2.64,29513732.0,371707488.0,204832468.0,0.14408717664818646
2015-03-19,2.6,2.6,2.56,2.6,18723748.0,233223184.0,204832468.0,0.091410059073252
2015-03-20,2.59,2.65,2.57,2.6,17961396.0,225981904.0,204832468.0,0.0876882272394433
2015-03-23,2.61,2.69,2.57,2.69,28895144.0,370970592.0,204832468.0,0.1410672062009232
2015-03-24,2.69,2.72,2.47,2.6,25179524.0,316602304.0,204832468.0,0.12292740621569818
2015-03-25,2.63,2.68,2.53,2.64,22829770.0,287870816.0,204832468.0,0.11145581666281539
2015-03-26,2.6,2.6,2.49,2.5,18269636.0,223477856.0,204832468.0,0.08919306679446933
2015-03-27,2.49,2.54,2.49,2.53,8123667.0,98579880.0,204832468.0,0.03966005526037991
2015-03-30,2.53,2.54,2.47,2.52,12296074.0,148455440.0,204832468.0,0.060029906977442656
2015-03-31,2.52,2.56,2.49,2.54,11629844.0,142253728.0,204832468.0,0.05677734645075897
2015-04-01,2.54,2.6,2.53,2.59,13853753.0,172239344.0,204832468.0,0.06763455586543048
2015-04-02,2.59,2.67,2.59,2.67,20280352.0,257282880.0,204832468.0,0.09900945976982516
2015-04-03,2.66,2.66,2.61,2.64,15255299.0,193788480.0,204832468.0,0.07447695743235394
2015-04-07,2.66,2.7,2.6,2.7,23067170.0,294643488.0,204832468.0,0.11261481260871202
2015-04-08,2.71,2.72,2.51,2.55,19047720.0,239336384.0,204832468.0,0.0929917028583574
2015-04-09,2.55,2.55,2.4,2.46,12841653.0,152569216.0,204832468.0,0.06269344467401525
2015-04-10,2.44,2.55,2.42,2.54,8968244.0,108339024.0,204832468.0,0.04378331271192807
2015-04-13,2.56,2.68,2.52,2.63,15646621.0,196406176.0,204832468.0,0.07638740651213556
2015-04-14,2.58,2.88,2.57,2.77,29850248.0,393886432.0,204832468.0,0.14573006072455272
2015-04-15,2.75,2.83,2.6,2.6,16696958.0,218869904.0,204832468.0,0.08151519221064114
2015-04-16,2.53,2.58,2.42,2.53,12374664.0,150139072.0,204832468.0,0.06041358638514281
2015-04-17,2.56,2.58,2.48,2.49,13253304.0,160562944.0,204832468.0,0.06470314071497689
2015-04-20,2.48,2.48,2.35,2.35,13068377.0,152896432.0,204832468.0,0.06380031997661621
2015-04-21,2.36,2.48,2.36,2.48,9890685.0,115934808.0,204832468.0,0.048286705211207044
2015-04-22,2.48,2.63,2.48,2.59,15666434.0,193812752.0,204832468.0,0.07648413434143654
2015-04-23,2.59,2.63,2.52,2.56,12847633.0,159167856.0,204832468.0,0.06272263926439631
2015-04-24,2.55,2.76,2.5,2.68,25700648.0,327907840.0,204832468.0,0.12547155366013557
2015-04-27,2.72,2.77,2.63,2.71,23584388.0,306595936.0,204832468.0,0.11513989081066972
2015-04-28,2.66,2.71,2.49,2.53,17736194.0,219688112.0,204832468.0,0.0865887823994778
2015-04-29,2.51,2.6,2.45,2.58,11736998.0,143911552.0,204832468.0,0.05730047640689463
2015-04-30,2.58,2.83,2.58,2.83,39926648.0,532794720.0,204832468.0,0.19492343372047835
2015-09-02,3.12,3.12,3.12,3.12,5542253.0,83410904.0,204893582.0,0.027049422172725743
2015-09-07,3.43,3.43,3.43,3.43,912716.0,15114577.0,204893582.0,0.0044545856004411105
2015-09-08,3.77,3.77,3.77,3.77,870211.0,15855244.0,204893582.0,0.00424713644764139
2015-09-09,4.15,4.15,4.15,4.15,703258.0,14093290.0,204893582.0,0.0034323085825108957
2015-09-10,4.57,4.57,4.57,4.57,1905977.0,42007732.0,204893582.0,0.00930227770628755
2015-09-11,5.02,5.02,5.02,5.02,1571361.0,38089792.0,204893582.0,0.007669156762557843
2015-09-14,5.52,5.52,5.25,5.52,89081488.0,2358501376.0,204893582.0,0.4347695380717196
2015-09-15,4.97,4.97,4.97,4.97,3514200.0,84305656.0,204893582.0,0.01715134249544234
2015-09-16,4.47,5.43,4.47,5.26,78223328.0,1828312064.0,204893582.0,0.3817753940189303
2015-09-17,5.09,5.79,4.97,5.79,68988264.0,1792592128.0,204893582.0,0.33670290365659183
2015-09-18,5.79,6.34,5.57,5.93,58557004.0,1671532416.0,204893582.0,0.28579228020914776
2015-09-21,5.64,5.79,5.34,5.59,45007128.0,1205392512.0,204893582.0,0.21966099455472451
2015-09-22,5.55,6.12,5.55,5.65,43205204.0,1212958976.0,204893582.0,0.21086655608373325
2015-09-23,5.47,6.22,5.41,6.22,47463548.0,1360129792.0,204893582.0,0.23164975465166107
2015-09-24,6.34,6.44,5.9,5.9,49004896.0,1451661184.0,204893582.0,0.2391724304961392
2015-09-25,5.76,5.99,5.31,5.34,48158088.0,1276435840.0,204893582.0,0.23503951431724202
2015-09-28,5.29,5.62,5.19,5.53,27145640.0,719587264.0,204893582.0,0.13248653147173736
2015-09-29,5.4,5.48,5.14,5.23,25697056.0,654808448.0,204893582.0,0.12541659796840293
2015-09-30,5.23,5.35,4.85,4.85,26902732.0,657008320.0,204893582.0,0.13130099897418945
2015-10-08,4.97,5.14,4.9,5.01,28196448.0,682223232.0,204893582.0,0.13761508645009682
2015-10-09,4.93,5.52,4.91,5.37,34402904.0,884353984.0,204893582.0,0.16790620606164228
2015-10-12,5.3,5.8,5.24,5.66,37632820.0,1001867840.0,204893582.0,0.1836700770842105
2015-10-13,5.55,5.77,5.45,5.62,28342390.0,764843968.0,204893582.0,0.13832736839946505
2015-10-14,5.65,5.94,5.51,5.57,28423778.0,787943744.0,204893582.0,0.13872458923579167
2015-10-15,5.45,6.12,5.45,6.12,33525196.0,942897856.0,204893582.0,0.16362247988812065
2015-10-16,6.42,6.74,6.32,6.74,51234676.0,1637714048.0,204893582.0,0.25005505540920264
2015-10-19,6.84,7.24,6.56,6.95,50039544.0,1663995520.0,204893582.0,0.24422211526371773
2015-10-20,6.74,6.88,6.53,6.74,30444902.0,981995584.0,204893582.0,0.14858885135796981
2015-10-21,6.89,7.04,6.07,6.07,32465916.0,1019588800.0,204893582.0,0.1584525766160894
2015-10-22,5.93,6.53,5.81,6.4,36274120.0,1067679872.0,204893582.0,0.17703882984485086
2015-10-23,6.26,6.44,6.04,6.33,28960396.0,874591232.0,204893582.0,0.14134359757544773
2015-10-26,6.32,6.32,5.91,6.1,21253692.0,623266816.0,204893582.0,0.10373039405402167
2015-10-27,5.97,6.58,5.74,6.5,28212680.0,851431488.0,204893582.0,0.13769430806280697
2015-10-28,6.32,6.46,5.93,5.99,19398632.0,578262912.0,204893582.0,0.0946766209592646
2015-10-29,5.93,6.59,5.89,6.36,26751568.0,815465088.0,204893582.0,0.1305632306237879
2015-10-30,6.25,6.91,6.03,6.56,26390692.0,825618880.0,204893582.0,0.12880194558753918
2015-11-02,6.19,7.19,6.11,6.9,31862992.0,1035516416.0,204893582.0,0.15550995638311405
2015-11-03,6.92,7.55,6.63,6.7,36411616.0,1246442240.0,204893582.0,0.17770989039568844
2015-11-04,6.57,7.37,6.57,7.37,30418124.0,1029096960.0,204893582.0,0.14845815912379334
2015-11-05,7.49,7.98,7.37,7.56,35809728.0,1320305024.0,204893582.0,0.17477232644602797
2015-11-06,7.46,8.18,7.42,7.95,30031788.0,1133876736.0,204893582.0,0.14657261446090586
2015-11-09,7.91,8.29,7.79,8.02,25415932.0,982479616.0,204893582.0,0.12404454913575574
2015-11-17,8.82,8.82,8.82,8.82,484521.0,20630904.0,204893582.0,0.002364744640952199
2015-11-18,9.53,9.7,8.93,9.7,39054596.0,1770224768.0,204893582.0,0.19060917193589794
2015-11-19,9.53,10.67,9.22,10.67,27882194.0,1349771264.0,204893582.0,0.13608134392418403
2015-11-20,11.2,11.74,11.0,11.74,11477590.0,637523392.0,204893582.0,0.056017323178038834
2015-11-23,12.85,12.92,11.13,11.3,43382944.0,2532875264.0,204893582.0,0.2117340307906765
2015-11-24,11.15,11.63,10.65,10.92,26789274.0,1421163008.0,204893582.0,0.1307472578618885
2015-11-25,10.73,11.3,10.61,10.98,20240436.0,1070349504.0,204893582.0,0.09878511470408087
2015-11-26,10.98,11.14,10.32,10.61,22206066.0,1147043200.0,204893582.0,0.10837853378931117
2015-11-27,10.49,11.0,10.36,10.69,24414620.0,1262314240.0,204893582.0,0.119157563461407
2015-11-30,10.77,10.88,9.73,10.33,21617932.0,1069141120.0,204893582.0,0.10550809736929681
2015-12-01,10.15,10.25,9.3,9.45,18024032.0,850230144.0,204893582.0,0.08796777246053515
2015-12-02,9.32,10.39,9.32,10.39,25363860.0,1239970304.0,204893582.0,0.12379040745161066
2015-12-03,10.57,10.76,9.95,10.36,21430200.0,1062327616.0,204893582.0,0.10459185588350932
2015-12-04,10.15,10.98,10.05,10.42,19727648.0,1005581632.0,204893582.0,0.0962824106418326
2015-12-07,10.26,10.48,10.03,10.32,12774865.0,628954816.0,204893582.0,0.06234878064653094
2015-12-08,10.44,10.91,10.32,10.75,21644036.0,1119484160.0,204893582.0,0.10563550009096917
2015-12-09,10.53,10.68,10.06,10.35,14955048.0,741731584.0,204893582.0,0.07298934331676626
2015-12-10,9.99,10.21,9.74,9.81,14143137.0,676069888.0,204893582.0,0.06902674482014766
2015-12-11,9.53,9.63,8.95,9.11,18816150.0,837244160.0,204893582.0,0.09183376959069416
2015-12-14,9.01,9.46,9.01,9.28,13110670.0,588455232.0,204893582.0,0.06398770460267515
2015-12-15,9.2,9.49,9.11,9.29,11665669.0,523716224.0,204893582.0,0.056935258225901876
2015-12-16,9.34,9.67,9.34,9.45,11103811.0,508583360.0,204893582.0,0.054193063987724124
2015-12-17,9.8,10.39,9.72,10.39,9689139.0,474935424.0,204893582.0,0.04728864079305325
2015-12-18,11.29,11.43,10.57,10.89,31938612.0,1724357248.0,204893582.0,0.15587902602044412
2015-12-21,10.67,10.67,9.9,10.0,22100630.0,1085792896.0,204893582.0,0.1078639447086244
2015-12-22,10.05,10.56,10.04,10.14,14503675.0,717373632.0,204893582.0,0.07078638021956198
2015-12-23,9.98,10.13,9.53,9.71,15280540.0,715308160.0,204893582.0,0.07457793382713178
2015-12-24,9.56,10.46,9.28,10.02,16531784.0,782847488.0,204893582.0,0.080684733209457
2015-12-25,9.85,9.94,9.74,9.78,7482120.0,354245728.0,204893582.0,0.036517102814865136
2015-12-28,10.02,10.15,9.48,9.58,10653619.0,502936736.0,204893582.0,0.05199586485827555
2015-12-29,9.57,9.57,9.1,9.37,10934117.0,487736576.0,204893582.0,0.05336485844637144
2015-12-30,9.33,9.58,9.12,9.32,10025881.0,450712128.0,204893582.0,0.0489321378548597
2015-12-31,9.34,9.38,8.7,8.82,14027180.0,606366976.0,204893582.0,0.06846080713255333
2016-01-04,8.71,8.71,7.94,7.94,10643804.0,419563232.0,204893582.0,0.05194796194250731
2016-01-05,7.25,7.74,7.14,7.34,15620216.0,559118144.0,204893582.0,0.07623575051755403
2016-01-06,7.42,7.87,7.15,7.72,16858408.0,614674880.0,204893582.0,0.08227884853904306
2016-01-07,7.46,7.46,6.95,6.95,3770049.0,130019320.0,204893582.0,0.018400034609185562
2016-01-08,7.05,7.22,6.29,6.75,14391751.0,474957408.0,204893582.0,0.07024012592058643
2016-01-11,6.42,6.67,6.08,6.08,13432463.0,411191744.0,204893582.0,0.0655582418389269
2016-01-12,6.03,6.69,5.9,6.69,24078040.0,750674560.0,204893582.0,0.1175148570539413
2016-01-13,6.75,6.76,6.08,6.09,18666280.0,579067840.0,204893582.0,0.09110231671385392
2016-01-14,5.78,6.63,5.63,6.46,19655806.0,590226944.0,204893582.0,0.09593177984462198
2016-01-15,6.22,6.68,6.2,6.45,16977900.0,528743456.0,204893582.0,0.08286203908524573
2016-01-18,6.31,7.1,6.3,6.98,20924430.0,687972096.0,204893582.0,0.1021234037481955
2016-01-19,6.84,7.12,6.7,7.09,22881918.0,766563776.0,204893582.0,0.1116770851319296
2016-01-20,6.96,7.23,6.84,6.9,15418504.0,521594144.0,204893582.0,0.07525127849050928
2016-01-21,6.76,6.86,6.21,6.21,14933625.0,473906272.0,204893582.0,0.07288478660107567
2016-01-22,6.33,6.63,6.06,6.47,13285905.0,408656864.0,204893582.0,0.06484295345083088
2016-01-25,6.53,6.59,6.32,6.43,10642945.0,332283296.0,204893582.0,0.051943769522268396
2016-01-26,6.3,6.36,5.79,5.79,12936259.0,374877248.0,204893582.0,0.0631364773543761
2016-01-27,5.78,5.93,5.22,5.92,15621046.0,419079616.0,204893582.0,0.07623980140090479
2016-01-28,5.78,5.87,5.42,5.55,10797542.0,297205088.0,204893582.0,0.05269829291187852
2016-01-29,6.02,6.11,5.82,6.11,7784105.0,227581968.0,204893582.0,0.03799096547592203
2016-02-01,6.61,6.61,6.15,6.28,20392174.0,629309760.0,204893582.0,0.09952568450875147
2016-02-02,6.17,6.82,6.16,6.55,16516022.0,520634784.0,204893582.0,0.08060780547045149
2016-02-03,6.34,6.91,6.22,6.76,17641756.0,564282688.0,204893582.0,0.0861020429619899
2016-02-04,6.77,7.34,6.64,7.01,16878644.0,570964800.0,204893582.0,0.08237761200348384
2016-02-05,6.98,7.15,6.71,6.72,10888210.0,361623008.0,204893582.0,0.05314080555241599
2016-02-15,6.38,6.67,6.26,6.61,8658250.0,271106112.0,204893582.0,0.04225730213452952
2016-02-16,6.69,7.23,6.61,7.04,14754829.0,499978304.0,204893582.0,0.07201215799917052
2016-02-17,7.02,7.29,6.92,7.29,18363492.0,629567360.0,204893582.0,0.08962453494516973
2016-02-18,7.27,7.46,7.05,7.06,14792423.0,514106080.0,204893582.0,0.07219563861204789
2016-02-19,6.98,7.15,6.92,7.0,11521475.0,390636384.0,204893582.0,0.05623150753448197
2016-02-22,7.29,7.35,7.05,7.14,12684462.0,438369696.0,204893582.0,0.061907561360316304
2016-02-23,7.05,7.16,6.73,6.85,11085683.0,371474592.0,204893582.0,0.054104588790877796
2016-02-24,6.84,6.97,6.63,6.83,10167693.0,332869152.0,204893582.0,0.04962426299912117
2016-02-25,6.84,7.38,6.74,6.83,29450592.0,998465472.0,204893582.0,0.1437360395212379
2016-02-26,6.88,6.89,6.22,6.5,18824168.0,596513920.0,204893582.0,0.0918729020999789
2016-02-29,6.51,6.51,5.85,5.85,12816519.0,371068896.0,204893582.0,0.06255207642375055
2016-03-01,5.8,5.95,5.49,5.89,12262016.0,339713632.0,204893582.0,0.059845778868759296
2016-03-02,5.89,6.24,5.8,6.15,13084188.0,380295872.0,204893582.0,0.06385845702087438
2016-03-03,6.06,6.49,6.03,6.09,12697275.0,384477184.0,204893582.0,0.06197009626197076
2016-03-04,6.05,6.46,5.62,6.16,15716097.0,463428256.0,204893582.0,0.07670370563388364
2016-03-07,6.24,6.45,6.19,6.33,11278069.0,343691424.0,204893582.0,0.0550435445069236
2016-03-08,6.33,6.33,5.9,6.26,10769868.0,317919392.0,204893582.0,0.052563227675916174
2016-03-09,6.03,6.21,5.97,5.99,8941319.0,261612672.0,204893582.0,0.04363884369984805
2016-03-10,6.01,6.09,5.76,5.77,7649922.0,217430608.0,204893582.0,0.037336074294411034
2016-03-11,5.66,5.79,5.62,5.69,5411384.0,149209872.0,204893582.0,0.02641070524112366
2016-03-14,5.76,6.06,5.76,5.99,10529146.0,302853312.0,204893582.0,0.05138836413138602
2016-03-15,5.96,5.98,5.78,5.81,8494483.0,240685600.0,204893582.0,0.041458023804767104
2016-03-16,5.98,6.0,5.72,5.81,7336635.0,207083216.0,204893582.0,0.03580705129163099
2016-03-17,5.84,6.16,5.78,6.04,13901863.0,400774752.0,204893582.0,0.06784918719416014
2016-03-18,6.05,6.44,6.03,6.41,20444496.0,621789952.0,204893582.0,0.09978104633848414
2016-03-21,6.49,6.66,6.22,6.63,18667428.0,585290880.0,204893582.0,0.09110791962239208
2016-03-22,6.46,6.69,6.45,6.55,11867817.0,375468448.0,204893582.0,0.05792185818685136
2016-03-23,6.46,6.72,6.46,6.65,10529974.0,335169920.0,204893582.0,0.05139240525357207
2016-03-24,6.59,6.59,6.38,6.39,12551103.0,394041920.0,204893582.0,0.061256691778661956
2016-03-25,6.4,6.51,6.23,6.36,8057575.0,248535168.0,204893582.0,0.03932565833125998
2016-03-28,6.42,6.58,6.17,6.19,10923985.0,337539488.0,204893582.0,0.05331540838599815
2016-03-29,6.19,6.31,5.99,6.03,8681381.0,256847760.0,204893582.0,0.04237019488487443
2016-03-30,6.1,6.27,6.09,6.26,8514311.0,253814576.0,204893582.0,0.04155479599160895
2016-03-31,6.49,6.55,6.36,6.39,14077295.0,437053376.0,204893582.0,0.06870539751703887
2016-04-01,6.28,7.03,6.28,7.03,33559768.0,1116214144.0,204893582.0,0.1637912113811354
2016-04-05,7.15,7.38,7.03,7.28,31840242.0,1105251456.0,204893582.0,0.1553989231346446
2016-04-06,7.17,7.24,7.02,7.19,20554160.0,706695808.0,204893582.0,0.100316270521348
2016-04-07,7.2,7.28,6.93,6.93,15103830.0,514625344.0,204893582.0,0.07371548612000936
2016-04-08,6.82,6.82,6.57,6.7,13082014.0,423007872.0,204893582.0,0.06384784663484482
2016-04-11,6.8,7.0,6.75,6.96,12363255.0,410623488.0,204893582.0,0.06033988414532184
2016-04-12,6.88,7.08,6.73,7.05,13012852.0,432048928.0,204893582.0,0.063510295798333
2016-04-13,7.03,7.2,6.98,7.09,18857212.0,645363008.0,204893582.0,0.09203417606316239
2016-04-14,7.09,7.14,6.97,7.11,12890205.0,439289600.0,204893582.0,0.06291170701481513
2016-04-15,7.09,7.09,6.92,7.03,9748025.0,328735648.0,204893582.0,0.04757603876533331
2016-04-18,7.02,7.58,6.94,7.02,21994450.0,769232640.0,204893582.0,0.107345724474669
2016-04-19,6.84,6.95,6.75,6.8,11596476.0,382251776.0,204893582.0,0.05659755609133721
2016-04-20,6.87,6.88,6.12,6.18,14814607.0,461392576.0,204893582.0,0.07230390945090706
2016-04-21,6.12,6.48,6.12,6.26,9856260.0,300878944.0,204893582.0,0.04810428859601859
2016-04-22,6.52,6.69,6.38,6.42,10519292.0,330119264.0,204893582.0,0.05134027087290611
2016-04-25,6.26,6.39,6.22,6.27,6521722.0,198238160.0,204893582.0,0.03182980128679677
2016-04-26,6.27,6.45,6.18,6.42,8552773.0,260972944.0,204893582.0,0.041742512949966386
2016-04-27,6.36,6.57,6.35,6.41,8043086.0,251078304.0,204893582.0,0.03925494357358641
2016-04-28,6.52,6.55,6.23,6.48,8009822.0,248258704.0,204893582.0,0.039092595882285856
2016-04-29,6.4,6.84,6.36,6.8,11525401.0,369125056.0,204893582.0,0.05625066870078927
2016-05-03,6.8,6.88,6.59,6.86,10015747.0,328033888.0,204893582.0,0.048882678033321705
2016-05-04,6.8,7.0,6.75,6.75,9468688.0,313351808.0,204893582.0,0.04621271153334613
2016-05-05,6.75,6.86,6.7,6.8,5425572.0,178045600.0,204893582.0,0.026479950943509786
2016-05-06,6.8,6.87,6.32,6.33,10298799.0,326786688.0,204893582.0,0.050264136628740276
2016-05-09,6.21,6.21,5.82,5.88,8521058.0,245461552.0,204893582.0,0.04158772528072646
2016-05-10,5.88,6.42,5.88,6.26,11583135.0,343936832.0,204893582.0,0.05653244424220179
2016-05-11,6.26,6.32,5.97,6.02,6766149.0,198509460.0,204893582.0,0.033022747388934806
2016-05-12,5.94,6.0,5.78,5.96,4241619.0,120886808.0,204893582.0,0.02070157082811896
2016-05-13,5.97,6.08,5.86,5.94,4181871.0,120597951.0,204893582.0,0.020409965793852927
2016-05-16,5.88,5.98,5.88,5.98,3783462.0,108578899.0,204893582.0,0.018465497860250205
2016-05-17,6.0,6.05,5.91,5.99,4033210.0,116397964.0,204893582.0,0.019684413541074215
2016-05-18,6.0,6.03,5.71,5.83,4522177.0,128475996.0,204893582.0,0.02207085725115587
2016-05-19,5.83,6.03,5.83,5.86,5512650.0,158027417.0,204893582.0,0.02690494229340966
2016-05-20,5.84,5.92,5.76,5.89,3375562.0,94928333.0,204893582.0,0.016474708319560737
2016-05-23,5.86,5.97,5.86,5.96,3710129.0,106332894.0,204893582.0,0.018107590114755278
2016-05-24,5.96,5.96,5.83,5.86,2963341.0,83992643.0,204893582.0,0.014462829782535599
2016-05-25,5.93,5.94,5.81,5.83,2687195.0,76123574.0,204893582.0,0.013115076488828235
2016-05-26,5.83,5.9,5.67,5.87,4302031.0,119829639.0,204893582.0,0.020996416569065594
2016-05-27,5.82,5.89,5.76,5.81,3082626.0,86640261.0,204893582.0,0.015045010048191748
2016-05-30,5.8,5.81,5.73,5.76,2215009.0,61658658.0,204893582.0,0.010810533831167049
2016-05-31,5.76,6.12,5.76,6.1,9081761.0,263422178.0,204893582.0,0.04432428244628961
2016-06-01,6.1,6.19,6.01,6.11,6646018.0,195752865.0,204893582.0,0.0324364381506103
2016-06-02,6.12,6.17,6.04,6.17,4985230.0,147112267.0,204893582.0,0.02433082555021172
2016-06-03,6.17,6.57,6.14,6.43,9822987.0,301233141.0,204893582.0,0.047941896979476886
2016-06-06,6.45,6.46,6.26,6.33,5781866.0,177018326.0,204893582.0,0.02821887315142941
2016-06-07,6.33,6.38,6.29,6.32,3745934.0,114367263.0,204893582.0,0.018282339365807955
2016-06-08,6.32,6.73,6.29,6.58,11598167.0,364951791.0,204893582.0,0.05660580915609158
2016-06-13,6.48,6.51,6.2,6.2,7791447.0,240590553.0,204893582.0,0.038026798711537975
2016-06-14,6.18,6.2,5.9,6.02,7622911.0,220749207.0,204893582.0,0.03720424488454695
2016-06-15,5.84,6.22,5.82,6.09,5274302.0,155030331.0,204893582.0,0.02574166525137913
2016-06-16,6.06,6.24,5.98,6.02,4827821.0,141778556.0,204893582.0,0.023562577963032537
2016-06-17,6.05,6.16,6.01,6.05,3104594.0,91200180.0,204893582.0,0.015152226681263252
2016-06-20,6.05,6.17,6.04,6.14,3484433.0,102657767.0,204893582.0,0.017006062200620807
2016-06-21,6.19,6.3,6.01,6.05,4539306.0,135156838.0,204893582.0,0.022154456746234247
2016-06-22,6.05,6.3,6.01,6.24,5041003.0,150222395.0,204893582.0,0.024603030269635288
2016-06-23,6.25,6.33,6.18,6.28,5948162.0,180022523.0,204893582.0,0.029030494473955754
2016-06-24,6.36,6.73,6.28,6.56,12337759.0,388120075.0,253522578.0,0.048665326367894536
2016-06-27,6.38,6.76,6.36,6.74,9515495.0,305255356.0,253522578.0,0.03753312653676155
2016-06-28,6.75,7.41,6.72,7.41,15236316.0,519416822.0,253522578.0,0.060098457976393724
2016-06-29,7.54,7.56,7.09,7.12,13608318.0,472216656.0,253522578.0,0.053676947068596
2016-06-30,7.17,7.18,6.78,6.89,23682233.0,392225523.0,507045156.0,0.0467063588316777
2016-07-01,6.92,7.04,6.82,6.85,14812964.0,245913630.0,507045156.0,0.029214289545446324
2016-07-04,6.74,6.96,6.65,6.9,16456522.0,268296991.0,507045156.0,0.0324557326014569
2016-07-05,6.88,6.91,6.73,6.8,13849745.0,225903869.0,507045156.0,0.027314618503129925
2016-07-06,6.79,7.16,6.79,7.02,25431822.0,427302446.0,507045156.0,0.05015691738508592
2016-07-07,7.03,7.05,6.82,6.94,16266572.0,269724123.0,507045156.0,0.03208111113480394
2016-07-08,6.9,6.9,6.8,6.88,8016596.0,131554195.0,507045156.0,0.01581041827367344
2016-07-11,6.87,7.0,6.78,6.89,15932377.0,262754606.0,507045156.0,0.03142200810217384
2016-07-12,6.79,7.08,6.77,7.05,17260580.0,287281979.0,507045156.0,0.03404150457952506
2016-07-13,7.03,7.34,6.99,7.16,19806420.0,339461910.0,507045156.0,0.0390624380602504
2016-07-14,7.19,7.21,7.03,7.09,8849648.0,150523683.0,507045156.0,0.01745337253552226
2016-07-15,7.06,7.09,6.97,6.99,6523846.0,109557895.0,507045156.0,0.012866400403990843
2016-07-18,6.98,7.05,6.82,7.05,10666144.0,176642261.0,507045156.0,0.021035885805799907
2016-07-19,6.99,7.13,6.89,7.1,10474862.0,176826265.0,507045156.0,0.020658637354184682
2016-07-20,7.18,7.3,7.06,7.21,13889567.0,239030958.0,507045156.0,0.027393155886889096
2016-07-21,7.21,7.3,7.11,7.14,8688566.0,149851214.0,507045156.0,0.017135684854072446
2016-07-22,7.15,7.16,6.97,7.02,8066450.0,136002007.0,507045156.0,0.015908740877508747
2016-07-25,6.95,6.97,6.87,6.91,7606690.0,126000704.0,507045156.0,0.015001997179123037
2016-07-26,6.91,7.07,6.87,7.01,5028099.0,84075360.0,507045156.0,0.009916471818143155
2016-07-27,7.01,7.03,6.34,6.5,10411795.0,166674260.0,507045156.0,0.020534255927296543
2016-07-28,6.5,6.63,6.05,6.3,13256734.0,201362151.0,507045156.0,0.02614507572576041
2016-07-29,6.42,6.57,6.19,6.5,10988392.0,168934110.0,507045156.0,0.02167142683441788
2016-08-01,6.44,6.45,6.29,6.38,5102936.0,78093364.0,507045156.0,0.010064066167708345
2016-08-02,6.36,6.64,6.36,6.53,5639781.0,88328163.0,507045156.0,0.011122837745835798
2016-08-03,6.48,6.61,6.48,6.52,4180055.0,65368083.0,507045156.0,0.008243950169992355
2016-08-04,6.56,6.56,6.41,6.5,3740889.0,58024414.0,507045156.0,0.007377822183553214
2016-08-05,6.54,6.54,6.43,6.43,3815366.0,59096194.0,507045156.0,0.007524706537182657
2016-08-08,6.4,6.49,6.31,6.47,3542449.0,54393238.0,507045156.0,0.006986456646082228
2016-08-09,6.47,6.61,6.43,6.61,5571759.0,87463812.0,507045156.0,0.010988684013776477
2016-08-10,6.64,6.72,6.52,6.57,4616141.0,73110985.0,507045156.0,0.009104003746758996
2016-08-11,6.57,6.57,6.43,6.44,2913248.0,45300419.0,507045156.0,0.0057455395550608515
2016-08-12,6.43,6.53,6.38,6.51,3376663.0,52121847.0,507045156.0,0.006659491684405323
2016-08-15,6.5,6.66,6.48,6.62,6137381.0,97060953.0,507045156.0,0.012104209905912206
2016-08-16,6.66,6.72,6.6,6.67,6274431.0,100239486.0,507045156.0,0.01237450141422907
2016-08-17,6.72,6.74,6.62,6.65,4823091.0,76958409.0,507045156.0,0.00951215279926666
2016-08-18,6.67,6.67,6.53,6.55,5502891.0,86630889.0,507045156.0,0.010852861791268154
2016-08-19,6.56,6.62,6.51,6.6,3880928.0,61084842.0,507045156.0,0.007654008630347708
2016-08-22,6.6,6.63,6.47,6.47,3319853.0,51969779.0,507045156.0,0.006547450381322645
2016-08-23,6.49,6.55,6.39,6.42,3533006.0,54680121.0,507045156.0,0.006967833058245408
2016-08-24,6.43,6.5,6.42,6.43,3022699.0,46727419.0,507045156.0,0.005961400013848077
2016-08-25,6.43,6.45,6.26,6.32,4634924.0,70259248.0,507045156.0,0.009141047784706575
2016-08-26,6.38,6.43,6.33,6.35,3355236.0,51305308.0,507045156.0,0.006617233120751872
2016-08-29,6.35,6.4,6.29,6.36,3525064.0,53418439.0,507045156.0,0.006952169759018465
2016-08-30,6.36,6.47,6.36,6.41,3480141.0,53487726.0,507045156.0,0.006863572127291953
2016-08-31,6.46,6.49,6.35,6.41,3226279.0,49586823.0,507045156.0,0.006362902715512778
2016-09-01,6.41,6.45,6.35,6.37,2922153.0,44711971.0,507045156.0,0.0057631020934159165
2016-09-02,6.34,6.39,6.34,6.37,2306996.0,35164436.0,507045156.0,0.004549882732732388
2016-09-05,6.37,6.39,6.31,6.34,2764712.0,42077703.0,507045156.0,0.005452595231971805
2016-09-06,6.36,6.41,6.26,6.4,3970935.0,60355743.0,507045156.0,0.007831521419760887
2016-09-07,6.4,6.42,6.34,6.35,2931744.0,44886401.0,507045156.0,0.005782017568470766
2016-09-08,6.35,6.39,6.28,6.33,2947120.0,44697426.0,507045156.0,0.005812342283770876
2016-09-09,6.35,6.39,6.29,6.3,2881055.0,43738217.0,507045156.0,0.0056820481685067115
2016-09-12,6.2,6.22,6.09,6.09,6002869.0,88655651.0,507045156.0,0.011838923868942355
2016-09-13,6.09,6.16,6.05,6.11,4734897.0,69214215.0,507045156.0,0.00933821562827434
2016-09-14,6.06,6.13,5.99,6.12,3191210.0,46553332.0,507045156.0,0.006293739250316396
2016-09-19,6.12,6.24,6.09,6.11,3304537.0,48707253.0,507045156.0,0.006517243998678492
2016-09-20,6.11,6.17,6.02,6.09,3087939.0,45194351.0,507045156.0,0.006090067055092821
2016-09-21,6.14,6.14,6.08,6.09,2880663.0,42135261.0,507045156.0,0.0056812750618211215
2016-09-22,6.15,6.16,6.06,6.07,4058501.0,59372436.0,507045156.0,0.008004220042287515
2016-09-23,6.07,6.09,6.04,6.04,2273342.0,32993932.0,507045156.0,0.004483509946005677
2016-09-26,6.05,6.05,5.91,5.91,3694336.0,52830882.0,507045156.0,0.007286009848006515
2016-09-27,5.91,6.04,5.89,5.99,3657926.0,52302697.0,507045156.0,0.007214201647949478
2016-09-28,6.0,6.04,5.93,5.95,2228377.0,31938829.0,507045156.0,0.004394829481419994
2016-09-29,5.96,6.01,5.93,5.94,2343269.0,33405522.0,507045156.0,0.004621420739891656
2016-09-30,5.94,5.96,5.93,5.95,2171278.0,30920204.0,507045156.0,0.004282218209377786
2016-10-10,5.99,6.15,5.94,6.11,5160048.0,74877124.0,507045156.0,0.010176703078492678
2016-10-11,6.12,6.22,6.09,6.21,4649956.0,68823666.0,507045156.0,0.009170694059445861
2016-10-12,6.16,6.8,6.14,6.65,17693917.0,278449130.0,507045156.0,0.03489613654843791
2016-10-13,6.57,6.97,6.52,6.75,22714251.0,370702450.0,507045156.0,0.044797294148689194
2016-10-14,6.68,6.75,6.54,6.65,8519998.0,134964985.0,507045156.0,0.016803233201580964
2016-10-17,6.65,6.68,6.47,6.51,8103089.0,126767499.0,507045156.0,0.015981000713869358
2016-10-18,6.49,6.6,6.43,6.54,10021094.0,156322884.0,507045156.0,0.01976371114370729
2016-10-19,6.55,6.57,6.38,6.44,7924482.0,122831580.0,507045156.0,0.01562875003582521
2016-10-20,6.43,6.55,6.39,6.49,7555088.0,117550127.0,507045156.0,0.014900227150577492
2016-10-21,6.47,6.52,6.29,6.34,6955519.0,106233938.0,507045156.0,0.013717750613911792
2016-10-24,6.34,6.49,6.27,6.42,5883056.0,90254689.0,507045156.0,0.011602627360471225
2016-10-25,6.42,6.51,6.38,6.44,4270455.0,65819330.0,507045156.0,0.008422238038302056
2016-10-26,6.48,6.72,6.43,6.69,14252748.0,225684768.0,507045156.0,0.02810942542561239
2016-10-27,6.65,6.79,6.62,6.72,9148390.0,147307570.0,507045156.0,0.018042554773957845
2016-10-28,6.72,6.83,6.66,6.73,8413319.0,135522614.0,507045156.0,0.01659283971149899
2016-10-31,6.73,6.73,6.49,6.52,13540799.0,214195638.0,507045156.0,0.02670531182433779
2016-11-01,6.51,6.97,6.5,6.92,17442170.0,284134003.0,507045156.0,0.034399638362781246
2016-11-02,6.84,7.22,6.84,7.15,24676834.0,420850005.0,507045156.0,0.04866792179748188
2016-11-03,7.14,7.46,7.06,7.22,21959103.0,382193199.0,507045156.0,0.04330798300733594
2016-11-04,7.22,7.4,7.13,7.16,14934498.0,258883918.0,507045156.0,0.02945398022893251
2016-11-07,7.17,7.32,7.05,7.12,13269749.0,228581741.0,507045156.0,0.02617074405104858
2016-11-08,7.14,7.26,6.97,7.19,16917658.0,288014790.0,507045156.0,0.03336519006208591
2016-11-09,7.16,7.55,7.01,7.42,20704090.0,361324751.0,507045156.0,0.040832832648143864
2016-11-10,7.43,7.7,7.37,7.7,19705320.0,357285901.0,507045156.0,0.03886304753496156
2016-11-11,7.62,7.9,7.56,7.75,17845582.0,330916507.0,507045156.0,0.03519525191953515
2016-11-14,7.74,8.25,7.64,8.06,31289708.0,599528364.0,507045156.0,0.06170990419638286
2016-11-15,8.06,8.14,7.89,8.09,21141873.0,407485738.0,507045156.0,0.04169623306686318
2016-11-16,8.05,8.08,7.89,8.01,19013419.0,363666736.0,507045156.0,0.037498472818464315
2016-11-17,7.9,8.06,7.68,7.82,14326262.0,270473524.0,507045156.0,0.028254410540113708
2016-11-18,7.82,7.82,7.48,7.5,17142641.0,313530301.0,507045156.0,0.03380890399434168
2016-11-21,7.54,7.88,7.47,7.67,19941764.0,365272802.0,507045156.0,0.03932936497671619
2016-11-22,7.68,7.8,7.58,7.68,17999947.0,331659438.0,507045156.0,0.0354996922601505
2016-11-23,7.71,7.78,7.51,7.52,10644636.0,193175903.0,507045156.0,0.020993467493060913
2016-11-24,7.58,7.61,7.45,7.46,8302248.0,149081931.0,507045156.0,0.016373784271000905
2016-11-25,7.46,7.51,7.26,7.32,10665878.0,187441808.0,507045156.0,0.021035361197691827
2016-11-28,7.31,7.41,7.29,7.3,6294937.0,110686261.0,507045156.0,0.01241494357161357
2016-11-29,7.32,7.38,7.15,7.21,8729317.0,151796950.0,507045156.0,0.017216054421788026
2016-11-30,7.22,7.26,7.04,7.07,8914770.0,151833713.0,507045156.0,0.017581806855876955
2016-12-01,7.1,7.37,7.0,7.35,14246502.0,247676964.0,507045156.0,0.028097106996127184
2016-12-02,7.35,7.7,7.24,7.26,19001281.0,340772013.0,507045156.0,0.03747453412216406
2016-12-05,7.1,7.12,6.66,6.71,15845121.0,260363688.0,507045156.0,0.031249920865036328
2016-12-06,6.72,6.75,6.39,6.52,18309833.0,284915828.0,507045156.0,0.0361108528172193
2016-12-07,6.49,6.64,6.42,6.61,11314294.0,176451411.0,507045156.0,0.02231417432178368
2016-12-08,6.57,6.63,6.45,6.47,7252015.0,113356006.0,507045156.0,0.01430250326659269
2016-12-09,6.49,6.49,6.31,6.38,8099829.0,123917169.0,507045156.0,0.015974571306228987
2016-12-12,6.38,6.38,5.92,5.98,13354806.0,197053149.0,507045156.0,0.026338494396345245
2016-12-13,5.99,6.11,5.9,6.05,8443883.0,121331598.0,507045156.0,0.016653118366443877
2016-12-14,6.07,6.09,5.92,5.94,5575175.0,80039634.0,507045156.0,0.01099542108632234
2016-12-15,5.93,6.13,5.93,6.06,6924494.0,100488776.0,507045156.0,0.013656562769726963
2016-12-16,6.1,6.63,6.1,6.44,15539447.0,238032558.0,507045156.0,0.03064706726041576
2016-12-19,6.43,6.43,6.18,6.26,8386047.0,126304912.0,507045156.0,0.01653905357494432
2016-12-20,6.28,6.37,6.22,6.32,7127320.0,107526513.0,507045156.0,0.014056578424348461
2016-12-21,6.3,6.37,6.26,6.3,5682585.0,85787338.0,507045156.0,0.011207256262596067
2016-12-22,6.29,6.34,6.14,6.26,5915578.0,88332501.0,507045156.0,0.011666767604422198
2016-12-23,6.3,6.53,6.24,6.35,13436130.0,204165354.0,507045156.0,0.0264988824782304
2016-12-26,6.43,6.43,5.8,5.94,18707797.0,269933194.0,507228598.0,0.03688237822899725
2016-12-27,5.84,5.94,5.72,5.85,14021422.0,195595335.0,507228598.0,0.02764320082756848
2016-12-28,5.76,5.82,5.61,5.78,11571972.0,158866033.0,507228598.0,0.022814115855510183
2016-12-29,5.7,5.96,5.68,5.79,9959621.0,140258212.0,3543275042.0000005,0.002810851791617705
2016-12-30,5.77,6.0,5.76,5.96,9390880.0,133466369.0,3543275042.0000005,0.0026503389910988453
2017-01-03,5.91,5.99,5.79,5.91,11923708.0,167701483.0,3543275042.0000005,0.003365165802446334
2017-01-04,5.94,6.19,5.81,6.14,15918018.0,230061633.0,3543275042.0000005,0.004492459041795152
2017-01-05,6.11,6.12,6.04,6.05,5640519.0,81951383.0,3543275042.0000005,0.0015918942032838103
2017-01-06,6.06,6.18,5.96,6.06,5731875.0,83488395.0,3543275042.0000005,0.0016176771297902533
2017-01-09,6.07,6.17,5.99,6.0,5962411.0,86525386.0,3543275042.0000005,0.0016827401004226076
2017-01-10,6.02,6.04,5.75,5.8,12828525.0,179122007.0,3543275042.0000005,0.00362052757630662
2017-01-11,5.75,5.88,5.75,5.8,10847752.0,151288913.0,3543275042.0000005,0.0030615043628893653
2017-01-12,5.8,5.84,5.62,5.77,8054593.0,110083955.0,3543275042.0000005,0.0022732056937509394
2017-01-13,5.77,5.77,5.64,5.77,6959011.0,95332167.0,3543275042.0000005,0.0019640053107680823
2017-01-16,5.73,5.75,5.21,5.74,10229741.0,136575117.0,3543275042.0000005,0.002887086347726996
2017-01-17,5.62,5.72,5.5,5.7,7189311.0,97135403.0,3543275042.0000005,0.0020290016763536358
2017-01-18,5.69,5.69,5.58,5.66,5139735.0,69284144.0,3543275042.0000005,0.0014505605517710187
2017-01-19,5.63,5.66,5.48,5.66,5073771.0,68105172.0,3543275042.0000005,0.0014319438767406868
2017-01-20,5.61,5.72,5.6,5.67,5652670.0,76688108.0,3543275042.0000005,0.0015953235165197203
2017-01-23,5.68,5.76,5.61,5.67,6675137.0,90805270.0,3543275042.0000005,0.0018838890351092308
2017-01-24,5.66,5.67,5.58,5.67,6044283.0,81500000.0,3543275042.0000005,0.001705846407166943
2017-01-25,5.64,5.67,5.59,5.66,6025922.0,81273060.0,3543275042.0000005,0.0017006644780808973
2017-01-26,5.64,5.67,5.61,5.66,4205898.0,56912788.0,3543275042.0000005,0.0011870086149524486
2017-02-03,5.66,5.68,5.62,5.67,3050222.0,41300217.0,3543275042.0000005,0.0008608482163660384
2017-02-06,5.66,5.68,5.63,5.67,7533043.0,102014811.0,3543275042.0000005,0.0021260113625692395
2017-02-07,5.65,5.68,5.59,5.67,10568694.0,142819842.0,3543275042.0000005,0.0029827472817448865
2017-02-08,5.63,5.67,5.61,5.66,4392751.0,59413083.0,3543275042.0000005,0.0012397431607568666
2017-02-09,5.64,5.66,5.63,5.66,8046734.0,108751338.0,3543275042.0000005,0.0022709876892475227
2017-02-10,5.66,5.66,5.6,5.65,9438221.0,127179015.0,3543275042.0000005,0.0026636997941521918
2017-02-13,5.63,5.64,5.58,5.64,8219025.0,110592424.0,3543275042.0000005,0.0023196124778845206
2017-02-14,5.62,5.64,5.59,5.64,11412979.0,153469631.0,3543275042.0000005,0.003221025425550354
2017-02-15,5.51,5.51,5.25,5.25,51826283.0,659647390.0,3543275042.0000005,0.0146266610369447
2017-02-16,5.24,5.24,4.99,5.0,49068944.0,593106253.0,3543275042.0000005,0.013848471659231695
2017-02-17,5.0,5.14,4.99,5.05,28636646.0,348048744.0,3543275042.0000005,0.008081970962049859
2017-02-20,5.07,5.08,4.93,5.02,25064460.0,299007683.0,3543275042.0000005,0.007073811573445446
2017-02-21,4.98,5.03,4.97,5.0,26159581.0,313687224.0,3543275042.0000005,0.0073828818508072215
2017-02-22,5.0,5.03,4.97,4.99,21461067.0,256592552.0,3543275042.0000005,0.006056844796300743
2017-02-23,5.0,5.0,4.93,4.94,23620984.0,280049291.0,3543275042.0000005,0.006666426884735187
2017-02-24,4.92,4.92,4.8,4.9,38190692.0,444362527.0,3543275042.0000005,0.010778359440717668
2017-02-27,4.9,4.98,4.89,4.95,59118302.0,700357502.0,3543275042.0000005,0.0166846494554458
2017-02-28,4.97,5.2,4.97,5.15,121083853.0,1482094021.0,3543275042.0000005,0.034172863118087
2017-03-01,5.17,5.2,5.09,5.15,69391603.0,855655893.0,3543275042.0000005,0.01958402951435346
2017-03-02,5.14,5.17,5.03,5.03,49454842.0,601813971.0,3543275042.0000005,0.013957381635292199
2017-03-03,5.05,5.05,4.94,5.01,29360463.0,350892716.0,3543275042.0000005,0.008286250051711339
2017-03-06,5.04,5.08,4.98,5.05,28985768.0,349269040.0,3543275042.0000005,0.008180501839800444
2017-03-07,5.05,5.05,4.99,5.01,25737877.0,309543986.0,3543275042.0000005,0.007263866534468141
2017-03-08,5.01,5.03,4.94,4.95,29804481.0,355308364.0,3543275042.0000005,0.008411562931670377
2017-03-09,4.96,5.0,4.9,4.91,28474507.0,336401817.0,3543275042.0000005,0.008036211319324388
2017-03-10,4.9,4.93,4.85,4.88,24294280.0,284245191.0,3543275042.0000005,0.0068564476965601575
2017-03-13,4.9,4.9,4.8,4.85,27759535.0,322380290.0,3543275042.0000005,0.00783442850779406
2017-03-14,4.85,4.95,4.85,4.93,50778524.0,597389573.0,3543275042.0000005,0.014330957489356536
2017-03-15,4.93,4.94,4.83,4.87,29998511.0,350560566.0,3543275042.0000005,0.008466323004681949
2017-03-16,4.88,4.89,4.82,4.86,57820666.0,671476048.0,3543275042.0000005,0.016318424427860148
2017-03-17,4.86,5.0,4.83,4.9,151844824.0,1789879337.0,3543275042.0000005,0.04285437122439449
2017-03-20,4.91,4.93,4.76,4.77,81946071.0,944180185.0,3543275042.0000005,0.02312721141561327
2017-03-21,4.75,4.75,4.61,4.65,57320971.0,640080531.0,3543275042.0000005,0.016177398119126874
2017-03-22,4.61,4.7,4.56,4.65,36357531.0,402938357.0,3543275042.0000005,0.010260995990725575
2017-03-23,4.65,4.66,4.55,4.57,35685876.0,393388498.0,3543275042.0000005,0.010071438309755688
2017-03-24,4.59,4.78,4.56,4.76,62353967.0,701599297.0,3543275042.0000005,0.0175978342806841
2017-03-27,4.75,5.11,4.7,4.95,122569747.0,1441716739.0,3543275042.0000005,0.03459221921728536
2017-03-28,4.94,5.03,4.83,4.95,68705678.0,817413130.0,3543275042.0000005,0.01939044448585033
2017-03-29,4.94,5.0,4.86,4.87,33103557.0,390300841.0,3543275042.0000005,0.009342643912089508
2017-03-30,4.85,5.0,4.8,4.93,51333312.0,606765157.0,3543275042.0000005,0.014487532407595694
2017-03-31,5.04,5.15,4.95,5.08,67341245.0,812692855.0,3543275042.0000005,0.01900536768999712
2017-04-05,5.09,5.11,4.95,5.05,50245342.0,604844965.0,3543275042.0000005,0.014180480319596933
2017-04-06,5.05,5.05,4.97,5.01,30765089.0,369173605.0,3543275042.0000005,0.008682670307929201
2017-04-07,4.99,5.15,4.96,5.08,52983649.0,646928760.0,3543275042.0000005,0.014953298395400149
2017-04-10,5.11,5.12,4.97,4.98,32385011.0,388772874.0,3543275042.0000005,0.009139852429214834
2017-04-11,4.97,5.03,4.8,4.93,36617223.0,431794831.0,3543275042.0000005,0.010334287506885557
2017-04-12,4.9,4.98,4.87,4.9,24126809.0,284345222.0,3543275042.0000005,0.006809183231336631
2017-04-13,4.91,4.97,4.88,4.91,20841215.0,245984878.0,3543275042.0000005,0.005881907205328374
2017-04-14,4.94,4.96,4.83,4.9,19867254.0,233019080.0,3543275042.0000005,0.005607031281654595
2017-04-17,4.9,4.9,4.58,4.76,93672541.0,1060262323.0,4048325545.9999995,0.023138589013068468
2017-04-18,4.72,4.97,4.7,4.85,46060851.0,533910979.0,4048325545.9999995,0.011377753709928546
2017-04-19,4.84,4.99,4.8,4.98,48195610.0,568306131.0,4048325545.9999995,0.011905072715216862
2017-04-20,4.98,5.22,4.98,5.21,86401602.0,1058574286.0,4048325545.9999995,0.02134255286988227
2017-04-21,5.18,5.3,5.11,5.24,51208824.0,640818935.0,4048325545.9999995,0.012649383904068076
2017-04-24,5.13,5.49,5.02,5.28,80203485.0,1027499787.0,4048325545.9999995,0.01981152061232973
2017-04-25,5.25,5.42,5.17,5.28,46769402.0,591922520.0,4048325545.9999995,0.011552776936679688
2017-04-26,5.29,5.41,5.24,5.39,40016195.0,513878608.0,4048325545.9999995,0.009884628729905014
2017-04-27,5.38,5.4,5.17,5.35,43437388.0,550120242.0,4048325545.9999995,0.010729717140193646
2017-04-28,5.37,5.38,5.17,5.28,48469600.0,611759794.0,4048325545.9999995,0.011972752548986831
2017-05-02,5.27,5.48,5.17,5.47,42453160.0,543717456.0,4048325545.9999995,0.010486597364173539
2017-05-03,5.43,5.49,5.33,5.35,33577825.0,435770694.0,4048325545.9999995,0.008294250207515303
2017-05-04,5.35,5.36,5.18,5.2,37589952.0,472874746.0,4048325545.9999995,0.009285308598055124
2017-05-05,5.18,5.31,5.14,5.18,31689335.0,398341304.0,4048325545.9999995,0.007827763513562059
2017-05-08,5.19,5.4,5.16,5.34,50421304.0,642774243.0,4048325545.9999995,0.012454854093890601
2017-05-09,5.34,5.45,5.23,5.43,34770875.0,447050980.0,4048325545.9999995,0.008588952297661885
2017-05-10,5.43,5.46,5.21,5.26,44820028.0,574717865.0,4048325545.9999995,0.011071250938375006
2017-05-11,5.19,5.33,5.18,5.31,32617766.0,412334313.0,4048325545.9999995,0.008057100554136118
2017-05-12,5.31,5.41,5.26,5.31,27362288.0,349395882.0,4048325545.9999995,0.006758914936333533
2017-05-15,5.35,5.43,5.33,5.4,33714144.0,434810751.0,4048325545.9999995,0.00832792314178184
2017-05-16,5.41,5.42,5.23,5.38,42502450.0,541932401.0,4048325545.9999995,0.010498772768409175
2017-05-17,5.36,5.53,5.35,5.51,94393806.0,1238211433.0,4048325545.9999995,0.02331675279752811
2017-05-18,5.45,5.52,5.41,5.48,44710911.0,584848364.0,4048325545.9999995,0.011044297325391035
2017-05-19,5.49,5.55,5.43,5.44,30108338.0,395075545.0,4048325545.9999995,0.007437232420635967
2017-05-22,5.41,5.41,5.23,5.27,44988696.0,573947358.0,4048325545.9999995,0.011112914583771966
2017-05-23,5.23,5.36,5.22,5.25,32719966.0,414421122.0,4048325545.9999995,0.008082345559469491
2017-05-24,5.25,5.32,5.08,5.27,36007878.0,448705100.0,4048325545.9999995,0.008894511469211771
2017-05-25,5.26,5.33,5.22,5.3,25419249.0,321633302.0,4048325545.9999995,0.006278953782537528
2017-05-26,5.3,5.32,5.19,5.25,18472607.0,232823464.0,4048325545.9999995,0.00456302409233173
2017-05-31,5.43,5.64,5.37,5.38,92277783.0,1207748861.0,4048325545.9999995,0.02279406187854044
2017-06-01,5.36,5.75,5.35,5.64,101023129.0,1351119461.0,4048325545.9999995,0.02495429971036228
2017-06-02,5.65,5.72,5.53,5.71,62388034.0,840141189.0,4048325545.9999995,0.015410824374448667
2017-06-05,5.72,5.74,5.61,5.67,46396832.0,631460565.0,4048325545.9999995,0.011460746294438448
2017-06-06,5.66,5.73,5.61,5.71,23665062.0,321637147.0,4048325545.9999995,0.005845642039183971
2017-06-07,5.68,6.03,5.68,6.01,77595700.0,1101087596.0,4048325545.9999995,0.01916735675486114
2017-06-08,5.98,6.24,5.89,6.04,53500795.0,781652373.0,4048325545.9999995,0.01321553674280522
2017-06-09,6.04,6.3,6.04,6.26,56710520.0,835895687.0,4048325545.9999995,0.014008389235404638
2017-06-12,6.22,6.34,6.17,6.19,39574562.0,593114756.0,4048325545.9999995,0.009775538441838542
2017-06-13,6.19,6.3,6.12,6.25,32503253.0,483830280.0,4048325545.9999995,0.00802881404439306
2017-06-14,6.22,6.25,6.07,6.08,34110522.0,501643614.0,4048325545.9999995,0.008425834733993501
2017-06-15,6.06,6.15,5.94,5.97,34873418.0,503424472.0,4048325545.9999995,0.008614282029383021
2017-06-16,5.97,6.07,5.9,6.04,31332336.0,448854634.0,4048325545.9999995,0.007739579152906396
2017-06-19,5.44,5.71,5.44,5.45,162266254.0,2141561394.0,4048325545.9999995,0.04008231357785178
2017-06-20,5.47,5.62,5.47,5.54,44149718.0,586119870.0,4048325545.9999995,0.010905673839304426
2017-06-21,5.54,5.67,5.39,5.56,41641757.0,550581214.0,4048325545.9999995,0.010286168077847564
2017-06-22,5.53,5.76,5.52,5.59,38988750.0,528456801.0,4048325545.9999995,0.009630833676042515
2017-06-23,5.57,5.61,5.48,5.61,28428152.0,377158151.0,4048325545.9999995,0.007022200086672576
2017-06-26,5.61,5.64,5.45,5.56,41788960.0,554154281.0,4048325545.9999995,0.01032252953107739
2017-06-27,5.59,5.8,5.54,5.73,37729601.0,510268721.0,4048325545.9999995,0.00931980409462851
2017-06-28,5.71,5.78,5.65,5.69,21267088.0,290852476.0,4048325545.9999995,0.005253304794376831
2017-06-29,5.71,5.75,5.63,5.65,20796509.0,283103606.0,4048325545.9999995,0.0051370643896334525
2017-06-30,5.61,5.77,5.59,5.74,19043585.0,260493729.0,4145583738.0,0.004593704096588195
2017-07-03,5.77,5.79,5.69,5.74,19969313.0,274057926.0,4145583738.0,0.004817008716276472
2017-07-04,5.73,5.74,5.57,5.59,22182729.0,299214479.0,4145583738.0,0.00535093014686078
2017-07-05,5.62,5.71,5.55,5.67,21143642.0,285148218.0,4145583738.0,0.005100281006553871
2017-07-06,5.7,5.72,5.56,5.57,37767560.0,353351143.0,5803817233.0,0.006507365494774187
2017-07-07,5.59,5.64,5.33,5.44,58245071.0,526064225.0,5803817233.0,0.010035648722503458
2017-07-10,5.42,5.5,5.33,5.43,36421397.0,328504624.0,5803817233.0,0.006275421078546565
2017-07-11,5.42,5.46,5.22,5.38,45211580.0,400576801.0,5803817233.0,0.007789973078912769
2017-07-12,5.38,5.42,5.29,5.37,24695084.0,220195661.0,5803817233.0,0.004254972720296205
2017-07-13,5.39,5.4,5.3,5.34,20116467.0,178212355.0,5803817233.0,0.0034660752040259844
2017-07-14,5.35,5.36,5.27,5.33,13380675.0,117891102.0,5803817233.0,0.0023054955838234612
2017-07-17,5.31,5.32,5.01,5.18,45109464.0,388492984.0,5803817233.0,0.0077723784518078055
2017-07-18,5.24,5.24,5.03,5.16,23441654.0,199288973.0,5803817233.0,0.004039006236570096
2017-07-19,5.12,5.33,5.1,5.29,24040282.0,207174779.0,5803817233.0,0.004142150077247273
2017-07-20,5.28,5.29,5.16,5.25,29164063.0,252171595.0,5803817233.0,0.005024979565892543
2017-07-21,5.22,5.32,5.19,5.25,26694413.0,232886501.0,5803817233.0,0.004599457896127033
2017-07-24,5.27,5.29,5.18,5.19,19693298.0,170084932.0,5803817233.0,0.003393163018302096
2017-07-25,5.18,5.27,5.17,5.24,20247964.0,175733802.0,5803817233.0,0.0034887321890275658
2017-07-26,5.27,5.3,5.19,5.25,16490937.0,143519461.0,5803817233.0,0.0028413949540371406
2017-07-27,5.24,5.47,5.18,5.45,57826524.0,514759139.0,5803817233.0,0.009963532909203862
2017-07-28,5.48,5.65,5.36,5.43,41540931.0,379151479.0,5803817233.0,0.0071575188074155536
2017-07-31,5.47,5.47,5.27,5.35,25850906.0,228858027.0,5803817233.0,0.004454121307096646
2017-08-01,5.36,5.38,5.2,5.27,30301499.0,265050340.0,5803817233.0,0.005220960237636071
2017-08-02,5.29,5.29,5.22,5.26,26209688.0,228140976.0,5803817233.0,0.004515939587307125
2017-08-03,5.26,5.26,5.12,5.18,38370620.0,329152309.0,5803817233.0,0.006611272970800664
2017-08-04,5.17,5.19,5.13,5.15,16602478.0,142346667.0,5803817233.0,0.002860613512362132
2017-08-07,5.15,5.24,5.12,5.22,25206493.0,216832299.0,5803817233.0,0.0043430886928482295
2017-08-08,5.24,5.29,5.17,5.24,23294103.0,202128991.0,5803817233.0,0.004013583141032036
2017-08-09,5.25,5.43,5.22,5.36,46117448.0,409592769.0,5803817233.0,0.007946054492856909
2017-08-10,5.37,5.39,5.28,5.34,23879140.0,211444633.0,5803817233.0,0.004114385247044874
2017-08-11,5.3,5.69,5.18,5.41,53533533.0,481708432.0,5803817233.0,0.009223848865469607
2017-08-14,5.39,5.61,5.31,5.52,52197889.0,477300286.0,5803817233.0,0.00899371687709381
2017-08-15,5.54,5.6,5.46,5.55,28460987.0,261304370.0,5803817233.0,0.0049038392935899676
2017-08-16,5.5,5.69,5.42,5.61,42940595.0,395123157.0,5803817233.0,0.007398681467059905
2017-08-17,5.56,5.69,5.54,5.58,39766623.0,369460386.0,5803817233.0,0.0068518048387000265
2017-08-18,5.48,5.58,5.47,5.48,26470830.0,242091767.0,5803817233.0,0.004560934456979307
2017-08-21,5.45,5.52,5.39,5.49,35847733.0,324348029.0,5803817233.0,0.0061765785449226255
2017-08-22,5.47,5.57,5.45,5.54,33506128.0,307268728.0,5803817233.0,0.0057731190791962
2017-08-23,5.52,5.54,5.44,5.45,17207278.0,156405613.0,5803817233.0,0.002964820791075383
2017-08-24,5.45,5.46,5.23,5.26,50002968.0,440970308.0,5803817233.0,0.008615531122463242
2017-08-25,5.25,5.35,5.17,5.31,21262938.0,186744469.0,5803817233.0,0.0036636126098356066
2017-08-28,5.3,5.54,5.28,5.47,56320180.0,505222056.0,5803817233.0,0.009703989243453146
2017-08-29,5.46,5.57,5.43,5.49,33212367.0,302362997.0,5803817233.0,0.00572250394294937
2017-08-30,5.49,5.71,5.49,5.65,98019492.0,918536251.0,5803817233.0,0.016888797159681338
2017-08-31,5.65,5.68,5.61,5.65,33364925.0,313064633.0,5803817233.0,0.005748789746563682
2017-09-01,5.65,5.75,5.58,5.72,37684694.0,354801579.0,5803817233.0,0.006493087650267157
2017-09-04,5.7,5.75,5.63,5.68,31839513.0,300556673.0,5803817233.0,0.005485960656886868
2017-09-05,5.68,5.72,5.6,5.6,39150428.0,367576892.0,5803817233.0,0.0067456341969891935
2017-09-06,5.6,6.02,5.59,5.95,69001796.0,658907008.0,5803817233.0,0.011889036685659533
2017-09-07,5.95,6.1,5.86,5.9,76628926.0,761370006.0,5803817233.0,0.013203194195071235
2017-09-08,5.89,6.08,5.84,6.02,58253885.0,581520667.0,5803817233.0,0.010037167378182324
2017-09-11,6.06,6.28,6.02,6.05,69523590.0,705270817.0,5803817233.0,0.011978941997810496
2017-09-12,6.1,6.12,5.89,5.92,43961540.0,433891372.0,5803817233.0,0.007574590693524687
2017-09-13,5.92,5.94,5.81,5.86,30450555.0,296383678.0,5803817233.0,0.005246642645268151
2017-09-14,5.86,5.9,5.81,5.86,26212498.0,254355123.0,5803817233.0,0.0045164237514162256
2017-09-15,5.83,5.9,5.63,5.82,95471863.0,911742788.0,5803817233.0,0.016449839677437687
2017-09-18,5.8,6.01,5.75,5.95,35670572.0,349954178.0,5803817233.0,0.006146053634697562
2017-09-19,5.93,6.05,5.86,5.96,40953947.0,405169554.0,5803817233.0,0.00705638123253424
2017-09-20,5.95,6.07,5.9,6.05,35037771.0,349529590.0,5803817233.0,0.006037021772632377
2017-09-21,6.05,6.25,5.96,5.98,41696937.0,423398194.0,5803817233.0,0.007184398702790785
2017-09-22,5.95,6.06,5.9,6.02,17816320.0,176707588.0,5803817233.0,0.003069758968062942
2017-09-25,5.99,6.12,5.9,6.04,24238967.0,242284268.0,5803817233.0,0.0041763835811678114
2017-09-26,6.01,6.08,5.95,6.02,21233717.0,211890021.0,5803817233.0,0.0036585778200021414
2017-09-27,6.01,6.04,5.98,6.0,22658527.0,226391097.0,5803817233.0,0.0039040731453715643
2017-09-28,6.01,6.02,5.9,5.98,29427853.0,291147320.0,5803817233.0,0.005070430687009885
2017-09-29,5.95,6.1,5.95,6.05,38479073.0,386518801.0,5803817233.0,0.006629959465506829
2017-10-09,6.1,6.36,6.1,6.24,47076020.0,487717676.0,5803817233.0,0.008111216826803202
2017-10-10,6.21,6.45,6.21,6.33,39590329.0,417168876.0,5803817233.0,0.0068214293129171665
2017-10-11,6.33,6.68,6.3,6.52,62204912.0,675106531.0,5803817233.0,0.01071793088974413
2017-10-12,6.58,6.65,6.49,6.54,47392734.0,517826119.0,5803817233.0,0.008165786774009533
2017-10-13,6.57,6.6,6.47,6.53,35126661.0,380717520.0,5803817233.0,0.006052337554717068
2017-10-16,6.54,6.78,6.54,6.72,77620041.0,864595642.0,5803817233.0,0.01337396370076218
2017-10-17,6.75,6.88,6.55,6.57,48681705.0,544494575.0,5803817233.0,0.008387876986063596
2017-10-18,6.59,6.69,6.45,6.63,32397605.0,354525983.0,5803817233.0,0.005582120128764571
2017-10-19,6.6,6.86,6.57,6.8,51022583.0,573403499.0,5803817233.0,0.008791211189403077
2017-10-20,6.79,6.99,6.71,6.99,37065662.0,425536842.0,5803817233.0,0.006386428192336566
2017-10-23,7.01,7.3,6.99,7.28,49366465.0,589806018.0,5803817233.0,0.008505861404336887
2017-10-24,7.28,7.29,7.03,7.1,42920635.0,507999880.0,5803817233.0,0.007395242351181736
2017-10-25,7.13,7.32,7.0,7.32,36926628.0,438103952.0,5803817233.0,0.006362472579260147
2017-10-26,7.3,7.4,7.18,7.38,35281693.0,428391601.0,5803817233.0,0.006079049629507863
2017-10-27,7.35,7.38,7.18,7.3,27934205.0,336904449.0,5803817233.0,0.0048130745470702525
2017-10-30,7.3,7.45,7.18,7.32,40643487.0,496159874.0,5803817233.0,0.00700288885199635
2017-10-31,7.35,7.39,6.99,7.17,46658126.0,552166524.0,5803817233.0,0.008039213525661344
2017-11-01,7.18,7.42,7.03,7.16,43140208.0,519480912.0,5803817233.0,0.007433074865746724
2017-11-02,7.11,7.36,7.08,7.13,40519698.0,483887040.0,5803817233.0,0.006981559958437099
2017-11-03,7.12,7.34,7.12,7.17,38547354.0,462425976.0,5803817233.0,0.006641724308757192
2017-11-06,7.09,7.65,6.99,7.51,77074759.0,951567101.0,5803817233.0,0.013280011396940556
2017-11-07,7.53,7.59,7.31,7.51,46296344.0,574979872.0,5803817233.0,0.007976878344266773
2017-11-08,7.5,7.59,7.31,7.36,43478291.0,537692965.0,5803817233.0,0.007491326700087353
2017-11-09,7.38,7.43,7.13,7.25,48358173.0,580333698.0,5803817233.0,0.008332132294766216
2017-11-10,7.24,7.42,7.18,7.33,64807699.0,787942343.0,5803817233.0,0.011166392117158525
2017-11-13,7.34,7.47,7.27,7.41,63207226.0,773820202.0,5803817233.0,0.010890629987555295
2017-11-14,7.44,7.57,7.34,7.46,69550657.0,861136557.0,5803817233.0,0.01198360565259378
2017-11-15,7.46,7.47,7.07,7.3,49760508.0,598073470.0,5803817233.0,0.008573755168764805
2017-11-16,7.25,7.42,7.09,7.3,43744139.0,527074329.0,5803817233.0,0.007537132415416983
2017-11-17,7.32,7.9,7.28,7.61,90691198.0,1151099110.0,5803817233.0,0.01562612921101956
2017-11-20,7.55,7.94,7.47,7.88,62734786.0,809771521.0,5803817233.0,0.01080922838908425
2017-11-21,7.88,8.3,7.77,8.24,74898775.0,1010577774.0,5803817233.0,0.01290508849488438
2017-11-22,8.22,8.28,8.06,8.15,52005267.0,703684635.0,5803817233.0,0.008960528030466324
2017-11-23,8.08,8.12,7.55,7.56,65701428.0,852329314.0,5803817233.0,0.011320381976611426
2017-11-24,7.58,7.87,7.55,7.66,48184862.0,612772838.0,5803817233.0,0.00830227074106074
2017-11-27,7.75,7.77,7.1,7.16,57210176.0,705365386.0,5803817233.0,0.00985733590553264
2017-11-28,7.19,7.46,7.18,7.37,46102853.0,562308941.0,5803817233.0,0.007943539768596294
2017-11-29,7.4,7.51,7.22,7.3,31739785.0,385728424.0,5803817233.0,0.005468777483124442
2017-11-30,7.3,7.5,6.96,7.23,33751741.0,407497294.0,5803817233.0,0.00581543829603912
2017-12-01,7.34,7.89,7.31,7.8,80040638.0,1016057973.0,5803817233.0,0.013791033519266577
2017-12-04,7.78,7.83,7.58,7.63,59008363.0,752883772.0,5803817233.0,0.010167164235373158
2017-12-05,7.54,7.86,7.51,7.63,52226491.0,668195747.0,5803817233.0,0.008998645012982958
2017-12-06,7.65,7.84,7.53,7.8,51912261.0,665331268.0,5803817233.0,0.008944503059957058
2017-12-07,7.71,7.79,7.58,7.65,50122547.0,640174814.0,5803817233.0,0.008636134631360814
2017-12-08,7.59,7.91,7.51,7.83,76461693.0,985743022.0,5803817233.0,0.013174379883164732
2017-12-11,7.82,8.34,7.82,8.1,95116723.0,1282119014.0,5803817233.0,0.016388648915264696
2017-12-12,8.1,8.28,8.0,8.02,52992010.0,711875603.0,5803817233.0,0.00913054423883165
2017-12-13,8.01,8.17,7.82,8.16,58450803.0,776799326.0,5803817233.0,0.010071096427305432
2017-12-14,8.13,8.49,8.04,8.27,79937355.0,1105458418.0,5803817233.0,0.013773237817601001
2017-12-15,8.24,8.38,8.06,8.3,106876473.0,1457563869.0,5803817233.0,0.018414858481812568
2017-12-18,8.17,8.26,7.85,8.02,51695354.0,694475515.0,5803817233.0,0.008907129898244333
2017-12-19,8.06,8.22,7.9,8.16,38037814.0,514376751.0,5803817233.0,0.006553930365642857
2017-12-20,8.24,8.27,8.1,8.2,38127108.0,518547642.0,5803817233.0,0.006569315757087005
2017-12-21,8.12,8.46,8.12,8.43,69101857.0,963837249.0,5803817233.0,0.011906277235453393
2017-12-22,8.44,8.46,8.22,8.33,31255626.0,431526136.0,5803817233.0,0.005385356696327932
2017-12-25,8.43,8.49,8.12,8.22,31406771.0,430139974.0,5803817233.0,0.005411399039484536
2017-12-26,8.25,8.3,7.99,8.23,47586627.0,641423732.0,5803817233.0,0.00819919461443868
2017-12-27,8.21,8.22,8.06,8.1,31333559.0,423023604.0,5803817233.0,0.005398784582987919
2017-12-28,8.14,8.54,8.04,8.46,74243631.0,1032873863.0,5803817233.0,0.012792206925100462
2017-12-29,8.46,8.65,8.38,8.48,44071576.0,619420372.0,5803817233.0,0.007593549939755658
2018-01-02,8.5,8.74,8.42,8.48,55079643.0,786841101.0,5804074052.0,0.009489824303847458
2018-01-03,8.52,8.61,8.27,8.31,72775306.0,1014977413.0,5804074052.0,0.012538659112201141
2018-01-04,8.34,8.35,8.14,8.23,72929859.0,995993636.0,5804074052.0,0.01256528747679734
2018-01-05,8.22,8.49,8.15,8.31,57324556.0,795224248.0,5804074052.0,0.009876606584688006
2018-01-08,8.23,8.42,8.01,8.14,69781946.0,952517239.0,5804074052.0,0.012022924823978452
2018-01-09,8.15,8.15,7.9,8.1,62373622.0,829228865.0,5804074052.0,0.010746524155477815
2018-01-10,8.11,8.25,8.05,8.18,52040088.0,703975892.0,5804074052.0,0.008966130951080429
2018-01-11,8.25,8.36,7.93,8.04,53876816.0,725544841.0,5804074052.0,0.009282585907296415
2018-01-12,8.15,8.22,8.02,8.16,35291231.0,478072127.0,5804074052.0,0.006080423971820131
2018-01-15,8.22,8.28,7.95,8.24,56672823.0,761763995.0,5804074052.0,0.009764317700335227
2018-01-16,8.12,8.36,8.0,8.28,50923630.0,695441787.0,5804074052.0,0.00877377330884544
2018-01-17,8.31,8.39,8.09,8.26,47436180.0,649070067.0,5804074052.0,0.008172910885527757
2018-01-18,8.17,8.32,8.09,8.13,52180721.0,709793074.0,5804074052.0,0.008990361000307926
2018-01-19,8.1,8.13,7.85,7.95,57005693.0,755176070.0,5804074052.0,0.009821668794931494
2018-01-22,8.03,8.62,7.9,8.45,93498314.0,1296547848.0,5804074052.0,0.016109083578591116
2018-01-23,8.53,9.05,8.43,9.03,112181101.0,1653823988.0,5804074052.0,0.019327992715968884
2018-01-24,9.07,9.09,8.83,9.07,84478216.0,1262609821.0,5804074052.0,0.01455498590182357
2018-01-25,9.08,9.37,8.83,9.07,80636167.0,1221112198.0,5804074052.0,0.013893028634294206
2018-01-26,9.06,9.07,8.88,8.96,46810178.0,697062301.0,5804074052.0,0.008065055266458891
2018-01-29,9.03,9.13,8.6,8.73,63463544.0,925401351.0,5804074052.0,0.010934309836748445
2018-01-30,8.77,8.8,8.56,8.65,32917671.0,473265685.0,5804074052.0,0.005671476742902177
2018-01-31,8.62,8.75,8.51,8.62,44773762.0,640886664.0,5804074052.0,0.00771419551143935
2018-02-01,8.74,8.78,8.47,8.6,47950187.0,686712237.0,5804074052.0,0.008261470575737583
2018-02-02,8.6,8.99,8.48,8.93,62074268.0,912423302.0,5804074052.0,0.010694947625385674
2018-02-05,8.79,8.95,8.52,8.69,65171897.0,941608578.0,5804074052.0,0.011228646708520666
2018-02-06,8.4,8.6,8.04,8.35,74197315.0,1031197095.0,5804074052.0,0.01278366098282855
2018-02-07,8.46,8.61,8.05,8.18,50586329.0,695761643.0,5804074052.0,0.008715658784982021
2018-02-08,8.11,8.54,8.06,8.21,51283228.0,711481237.0,5804074052.0,0.008835729444618051
2018-02-09,7.92,8.01,7.42,7.86,75432093.0,974390342.0,5804074052.0,0.01299640430569751
2018-02-12,7.89,8.54,7.88,8.52,61479397.0,850281147.0,5804074052.0,0.010592455652562718
2018-02-13,8.52,8.8,8.27,8.37,47466399.0,676514191.0,5804074052.0,0.008178117400766753
2018-02-14,8.42,8.58,8.32,8.47,28202522.0,396394663.0,5804074052.0,0.004859090657239602
2018-02-22,8.68,8.91,8.52,8.69,61733566.0,893068940.0,5804074052.0,0.010636247133808967
2018-02-23,8.69,8.86,8.4,8.43,62540246.0,889367583.0,5804074052.0,0.01077523226610962
2018-02-26,8.46,8.88,8.45,8.71,72203739.0,1035850123.0,5804074052.0,0.012440182250107514
2018-02-27,8.75,9.09,8.75,8.92,68784624.0,1021511710.0,5804074052.0,0.01185109345327836
2018-02-28,8.81,9.27,8.74,9.05,65108658.0,979218694.0,5804074052.0,0.01121775108599183
2018-03-01,8.98,9.04,8.8,9.03,41474055.0,616708338.0,5804074052.0,0.007145679849778733
2018-03-02,8.95,9.13,8.77,8.78,35135207.0,517346826.0,5804074052.0,0.006053542164558172
2018-03-05,8.78,8.93,8.62,8.93,40132407.0,584991602.0,5804074052.0,0.006914523598500773
2018-03-06,8.93,8.97,8.81,8.93,37616099.0,556222746.0,5804074052.0,0.006480981921145206
2018-03-07,8.92,8.95,8.62,8.66,37833262.0,549739651.0,5804074052.0,0.006518397536117446
2018-03-08,8.75,8.93,8.66,8.83,37371598.0,546573677.0,5804074052.0,0.0064388561664064725
2018-03-09,8.88,8.92,8.69,8.83,49102129.0,717699601.0,5804074052.0,0.008459941854649515
2018-03-12,8.93,9.15,8.78,9.15,61221473.0,915214004.0,5804074052.0,0.01054801721196234
2018-03-13,9.1,9.2,8.86,8.91,45188096.0,673831756.0,5804074052.0,0.007785582264311193
2018-03-14,8.83,8.88,8.75,8.8,23876606.0,349277825.0,5804074052.0,0.004113766603610522
2018-03-15,8.69,8.82,8.68,8.8,28464748.0,413240977.0,5804074052.0,0.0049042703013397046
2018-03-16,8.8,8.85,8.56,8.57,35360767.0,507909667.0,5804074052.0,0.0060924045219263165
2018-03-19,8.59,8.63,8.34,8.36,33759860.0,476813456.0,5804074052.0,0.00581657981919904
2018-03-20,8.34,8.71,8.27,8.65,47880487.0,672631186.0,5804074052.0,0.008249461769616995
2018-03-21,8.65,8.74,8.24,8.3,42296404.0,597651796.0,5804074052.0,0.007287364637504111
2018-03-22,8.34,8.46,8.3,8.33,34979125.0,487494132.0,5804074052.0,0.006026650364315511
2018-03-23,8.04,8.25,7.86,8.16,48979575.0,659449108.0,5804074052.0,0.008438826686424228
2018-03-26,8.16,8.29,7.92,8.21,43011584.0,577288325.0,5804074052.0,0.007410584981282041
2018-03-27,8.3,8.5,8.2,8.31,42865756.0,595502326.0,5804074052.0,0.007385459871110549
2018-03-28,8.15,8.51,8.01,8.04,47507007.0,644714483.0,5804074052.0,0.008185113865600968
2018-03-29,8.09,8.18,7.55,7.94,86137543.0,1115921198.0,5804074052.0,0.014840875948217485
2018-03-30,7.95,8.01,7.66,7.77,78499016.0,1019006212.0,5804074052.0,0.013524812967014157
2018-04-02,7.81,7.99,7.55,7.65,100982629.0,1299791853.0,5804074052.0,0.017398576947033065
2018-04-03,7.63,7.63,7.09,7.28,158663889.0,1916254312.0,5804074052.0,0.02733664105221516
2018-04-04,7.25,7.42,7.13,7.22,128989997.0,1561401107.0,5804074052.0,0.022224043980891648
2018-04-09,7.32,7.41,6.96,6.99,111063608.0,1324115820.0,5804074052.0,0.01913545675071618
2018-04-10,7.04,7.18,6.77,7.14,117026273.0,1360011428.0,5804074052.0,0.020162780824561403
2018-04-11,7.18,7.51,7.18,7.48,97843361.0,1203933199.0,5804074052.0,0.016857703765217225
2018-04-12,7.49,7.49,7.28,7.32,56493711.0,689205739.0,5804074052.0,0.00973345799758242
2018-04-13,7.34,7.4,7.16,7.21,52428533.0,630191396.0,5804074052.0,0.009033057216410581
2018-04-16,7.14,7.3,6.98,6.99,69541363.0,821459509.0,5804074052.0,0.011981474112315479
2018-04-17,6.99,7.11,6.69,6.72,73851254.0,838966849.0,5804074052.0,0.012724037174293448
2018-04-18,6.82,6.84,6.22,6.42,185833000.0,1977452303.0,5804074052.0,0.03201768246495143
2018-04-19,6.53,6.68,6.48,6.6,94711398.0,1033077654.0,5804074052.0,0.01631808918209164
2018-04-20,6.6,6.62,6.03,6.31,203343615.0,2100265001.0,5804074052.0,0.03503463484066519
2018-04-23,6.24,6.25,6.02,6.18,121738085.0,1234398256.0,5804074052.0,0.020974591969248016
2018-04-24,6.18,6.75,6.16,6.65,170930787.0,1845940186.0,5804074052.0,0.029450138897021777
2018-04-25,7.1,7.1,6.75,6.77,194224728.0,2226786900.0,5804074052.0,0.033463516533369
2018-04-26,6.77,6.84,6.57,6.57,89646270.0,998791110.0,5804074052.0,0.015445404244818205
2018-04-27,6.68,6.8,6.59,6.77,133030075.0,1478238488.0,5804074052.0,0.02292012021351791
2018-05-02,6.85,6.9,6.69,6.83,79316533.0,894368144.0,5804074052.0,0.01366566523607132
2018-05-03,6.78,6.8,6.59,6.72,90779976.0,1007562312.0,5804074052.0,0.01564073359276292
2018-05-04,6.72,6.78,6.63,6.66,49779203.0,554753791.0,5804074052.0,0.00857659681010562
2018-05-07,6.63,6.74,6.52,6.65,94445491.0,1036536229.0,5804074052.0,0.016272275328302443
2018-05-08,6.67,7.04,6.6,6.92,188776234.0,2146633876.0,5804074052.0,0.032524780405748
2018-05-09,6.89,7.04,6.8,6.87,97505341.0,1120517840.0,5804074052.0,0.016799465362851644
2018-05-10,6.88,6.95,6.78,6.85,56665036.0,643714475.0,5804074052.0,0.009762976056529473
2018-05-11,6.9,6.97,6.84,6.94,78792401.0,903584732.0,5804074052.0,0.013575361081557751
2018-05-14,6.98,7.25,6.95,7.14,124729888.0,1477255840.0,5804074052.0,0.021490057997626665
2018-05-15,7.23,7.43,7.17,7.27,92187336.0,1114732084.0,5804074052.0,0.015883211546591756
2018-05-16,7.25,7.37,7.18,7.2,61006743.0,734638202.0,5804074052.0,0.010511020785301311
2018-05-17,7.18,7.23,7.04,7.05,42264202.0,498306036.0,5804074052.0,0.0072818164657007375
2018-05-18,7.02,7.11,6.99,7.1,41099909.0,481324895.0,5804074052.0,0.007081217198777395
2018-05-21,7.23,7.34,7.12,7.23,58382716.0,698582971.0,5804074052.0,0.010058919902974387
2018-05-22,7.23,7.23,7.02,7.13,44573765.0,525704764.0,5804074052.0,0.007679737474169635
2018-05-23,7.16,7.16,6.93,6.96,55169609.0,644912544.0,5804074052.0,0.009505324795259866
2018-05-24,7.01,7.04,6.83,6.86,44368867.0,510078614.0,5804074052.0,0.007644435030030523
2018-05-25,6.87,7.03,6.87,6.96,56364193.0,650662070.0,5804074052.0,0.009711142982501699
2018-05-28,6.99,7.15,6.92,7.07,46281819.0,542858811.0,5804074052.0,0.007974022830403405
2018-05-29,7.03,7.25,6.96,6.98,63497623.0,751036795.0,5804074052.0,0.010940181402082498
2018-05-30,6.86,7.07,6.72,6.97,58957270.0,678283087.0,5804074052.0,0.010157911403574214
2018-05-31,7.02,7.52,7.02,7.52,143029732.0,1739578506.0,5804074052.0,0.02464298882449889
2018-06-01,7.44,7.49,7.29,7.4,66170808.0,811271298.0,5804074052.0,0.011400751852433463
2018-06-04,7.43,7.6,7.3,7.55,87858136.0,1093755514.0,5804074052.0,0.015137321683503565
2018-06-05,7.51,7.66,7.43,7.6,68770697.0,864200127.0,5804074052.0,0.011848693931860261
2018-06-06,7.59,7.78,7.51,7.52,58597657.0,744055555.0,5804074052.0,0.010095952683410042
2018-06-07,7.59,7.62,7.45,7.54,45896109.0,575152382.0,5804074052.0,0.007907567785801227
2018-06-08,7.52,7.57,7.37,7.45,48258549.0,599054512.0,5804074052.0,0.008314599119108552
2018-06-11,7.43,7.47,7.29,7.34,34914606.0,426779762.0,5804074052.0,0.0060155342070401276
2018-06-12,7.39,7.74,7.35,7.63,61704441.0,775637402.0,5804074052.0,0.010631229106861161
2018-06-13,7.64,7.75,7.53,7.64,51082363.0,648343269.0,5804074052.0,0.008801121857223334
2018-06-14,7.66,7.66,7.37,7.46,42807939.0,533204589.0,5804074052.0,0.007375498419984666
2018-06-15,7.46,7.51,7.35,7.44,28877348.0,356172881.0,5804074052.0,0.004975358298547084
2018-06-19,7.2,7.34,6.93,7.21,69124167.0,818911355.0,5804074052.0,0.011909594257533776
2018-06-20,7.16,7.57,7.09,7.51,64287847.0,785870488.0,5804074052.0,0.011076331284547849
2018-06-21,7.52,7.6,7.35,7.36,41798097.0,517948350.0,5804074052.0,0.007201509943794908
2018-06-22,7.32,7.42,7.21,7.29,34911024.0,424058943.0,5804074052.0,0.006014917054335336
2018-06-25,7.37,7.41,7.02,7.13,54157281.0,644709610.0,5804074052.0,0.009330907999242046
2018-06-26,7.11,7.19,6.68,7.15,48439341.0,563025695.0,5804074052.0,0.008345748273716203
2018-06-27,7.07,7.12,6.71,6.76,68277642.0,778490660.0,5804074052.0,0.011763744119782985
2018-06-28,6.7,6.83,6.54,6.54,60030511.0,669196617.0,5804074052.0,0.010342823069136128
2018-06-29,6.57,6.98,6.57,6.98,65621261.0,614015767.0,6964888861.999999,0.009421724064834045
2018-07-02,7.04,7.28,6.79,6.92,66352241.0,643718288.0,6964888861.999999,0.009526676206136425
2018-07-03,7.06,7.09,6.58,6.97,86007587.0,812230942.0,6964888861.999999,0.01234873789146185
2018-07-04,6.97,7.18,6.87,6.9,60359360.0,581415221.0,6964888861.999999,0.008666234479248754
2018-07-05,6.92,7.02,6.63,6.7,61952471.0,572964227.0,6964888861.999999,0.008894969069500712
2018-07-06,6.76,7.04,6.64,6.95,70027801.0,659440098.0,6964888861.999999,0.010054403219851408
2018-07-09,6.95,7.17,6.95,7.11,74563761.0,724455483.0,6964888861.999999,0.010705664150194161
2018-07-10,7.14,7.2,7.08,7.15,37623325.0,368688370.0,6964888861.999999,0.005401855757565713
2018-07-11,6.95,7.12,6.94,7.07,45807915.0,441941020.0,6964888861.999999,0.0065769771646931995
2018-07-12,7.09,7.3,7.04,7.26,63209268.0,624753516.0,6964888861.999999,0.009075416600667649
2018-07-13,7.25,7.49,7.23,7.46,63741565.0,647775107.0,6964888861.999999,0.009151842371494256
2018-07-16,7.46,7.57,7.37,7.39,44593365.0,456139669.0,6964888861.999999,0.006402595344097826
2018-07-17,7.5,7.5,7.21,7.41,43503722.0,435173598.0,6964888861.999999,0.006246147334432514
2018-07-18,7.44,7.5,7.22,7.25,52052145.0,520554738.0,6964888861.999999,0.007473506904610247
2018-07-19,7.98,7.98,7.98,7.98,18407727.0,201196456.0,6964888861.999999,0.0026429319067001076
2018-07-20,8.46,8.46,7.82,8.0,399570809.0,4441048358.0,6964888861.999999,0.057369301494534036
2018-07-23,8.0,8.19,7.84,8.04,170022226.0,1873445266.0,6964888861.999999,0.02441133367218976
2018-07-24,7.96,8.07,7.87,7.96,124261033.0,1355067993.0,6964888861.999999,0.017841064726525715
2018-07-25,8.01,8.39,7.92,8.28,166276476.0,1870201805.0,6964888861.999999,0.02387352896715899
2018-07-26,8.21,8.26,8.03,8.07,92452898.0,1028352330.0,6964888861.999999,0.013274138300241553
2018-07-27,8.27,8.3,8.05,8.06,69510813.0,775711503.0,6964888861.999999,0.009980175474047644
2018-07-30,7.97,8.06,7.71,7.88,92546344.0,995171965.0,6964888861.999999,0.013287555025454477
2018-07-31,7.94,8.0,7.63,7.73,98689974.0,1049802829.0,6964888861.999999,0.014169640888090314
2018-08-01,7.77,7.97,7.69,7.71,78172546.0,837702309.0,6964888861.999999,0.011223803789103448
2018-08-02,7.68,7.78,7.52,7.6,81020651.0,847608408.0,6964888861.999999,0.011632727040634293
2018-08-03,7.65,7.73,7.45,7.47,65575084.0,682679904.0,6964888861.999999,0.009415094095438276
2018-08-06,7.5,7.68,7.31,7.38,82032968.0,841975980.0,6964888861.999999,0.011778072791307092
2018-08-07,7.48,7.77,7.39,7.77,119460717.0,1245914822.0,6964888861.999999,0.017151848273095963
2018-08-08,7.77,7.87,7.56,7.65,66851145.0,705875644.0,6964888861.999999,0.009598307499884986
2018-08-09,7.63,7.92,7.57,7.87,75634622.0,809175231.0,6964888861.999999,0.010859415490842617
2018-08-10,7.84,7.87,7.71,7.79,47579468.0,508175582.0,6964888861.999999,0.006831331977110305
2018-08-13,7.67,7.77,7.49,7.68,57140013.0,598215386.0,6964888861.999999,0.00820400930038559
2018-08-14,7.67,7.7,7.53,7.54,44254249.0,460219714.0,6964888861.999999,0.006353905981393104
2018-08-15,7.55,7.64,7.37,7.41,54784762.0,561385282.0,6964888861.999999,0.007865848699884109
2018-08-16,7.32,7.41,7.03,7.06,127447764.0,1257822120.0,6964888861.999999,0.01829860698787989
2018-08-17,7.1,7.12,6.59,6.62,191086569.0,1775783969.0,6964888861.999999,0.027435695355105587
2018-08-20,6.68,6.69,6.3,6.48,149980611.0,1329361624.0,6964888861.999999,0.0215338125233103
2018-08-21,6.54,6.82,6.49,6.78,122516604.0,1125683248.0,6964888861.999999,0.017590604305036794
2018-08-22,6.73,6.78,6.65,6.71,59686196.0,549246042.0,6964888861.999999,0.008569583403641109
2018-08-23,6.77,6.86,6.65,6.74,59602152.0,552009003.0,6964888861.999999,0.008557516592287012
2018-08-24,6.74,6.74,6.49,6.6,94020594.0,848125333.0,6964888861.999999,0.013499223873186337
2018-08-27,6.65,6.89,6.62,6.84,94173133.0,873298506.0,6964888861.999999,0.013521125012317534
2018-08-28,6.87,6.98,6.8,6.88,68880366.0,649577823.0,6964888861.999999,0.009889657590346775
2018-08-29,6.57,6.57,6.2,6.25,364976933.0,3157912098.0,6964888861.999999,0.05240240587201491
2018-08-30,6.22,6.45,6.2,6.33,169968985.0,1479017803.0,6964888861.999999,0.02440368947268351
2018-08-31,6.32,6.33,6.11,6.27,92193542.0,789142374.0,6964888861.999999,0.01323690066369935
2018-09-03,6.19,6.25,6.07,6.17,98132233.0,824935485.0,6964888861.999999,0.01408956193621457
2018-09-04,6.21,6.32,6.17,6.28,95676635.0,820318514.0,6964888861.999999,0.013736993783491044
2018-09-05,6.24,6.26,6.1,6.11,72100546.0,610736679.0,6964888861.999999,0.0103520023691083
2018-09-06,6.15,6.17,5.76,5.83,207412780.0,1682155855.0,6964888861.999999,0.02977976879597193
2018-09-07,5.84,5.92,5.57,5.68,185554609.0,1459043481.0,6964888861.999999,0.02664143142504031
2018-09-10,5.68,5.68,5.49,5.54,119635072.0,913114186.0,6964888861.999999,0.0171768816947994
2018-09-11,5.55,5.59,5.47,5.5,83152568.0,628408525.0,6964888861.999999,0.011938821946416869
2018-09-12,5.49,5.64,5.45,5.52,88874414.0,675278804.0,6964888861.999999,0.012760349197371014
2018-09-13,5.6,5.62,5.2,5.4,189570284.0,1396894478.0,6964888861.999999,0.02721799123519166
2018-09-14,5.42,5.66,5.38,5.6,137313358.0,1042162689.0,6964888861.999999,0.01971508242567561
2018-09-17,5.6,5.63,5.48,5.49,92016610.0,698664744.0,6964888861.999999,0.01321149724327073
2018-09-18,5.41,5.72,5.41,5.71,116001640.0,888349585.0,6964888861.999999,0.016655203305956216
2018-09-19,5.73,5.95,5.68,5.9,135311064.0,1086536506.0,6964888861.999999,0.019427598441412147
2018-09-20,5.93,5.99,5.84,5.89,97687576.0,791563058.0,6964888861.999999,0.014025719280745074
2018-09-21,5.91,6.13,5.82,6.06,97427914.0,795837646.0,6964888861.999999,0.013988437709546329
2018-09-25,5.96,5.98,5.84,5.92,66979825.0,542545368.0,6964888861.999999,0.009616783028001749
2018-09-26,5.98,6.16,5.96,6.03,114566506.0,955472717.0,6964888861.999999,0.01644915062824157
2018-09-27,6.03,6.12,5.99,6.01,67910424.0,563450765.0,6964888861.999999,0.009750395928141087
2018-09-28,6.03,6.22,6.03,6.21,82846325.0,701047700.0,6964888861.999999,0.011894852400589535
2018-10-08,5.98,6.05,5.8,5.8,89589155.0,725652709.0,6964888861.999999,0.01286296978675322
2018-10-09,5.85,5.91,5.53,5.67,84335898.0,658476551.0,6964888861.999999,0.012108721283426563
2018-10-10,5.71,5.77,5.55,5.63,52760645.0,408123941.0,6964888861.999999,0.007575231428007244
2018-10-11,5.37,5.47,5.25,5.32,131297286.0,963999443.0,6964888861.999999,0.018851310997415886
2018-10-12,5.36,5.6,5.33,5.53,92798379.0,698695275.0,6964888861.999999,0.013323741532517797
2018-10-15,5.64,5.65,5.36,5.42,70740677.0,531490486.0,6964888861.999999,0.010156756037552407
2018-10-16,5.44,5.52,5.31,5.35,48308186.0,357612686.0,6964888861.999999,0.006935959346539822
2018-10-17,5.47,5.53,5.31,5.51,60895136.0,452900093.0,6964888861.999999,0.008743159755533227
2018-10-18,5.47,5.47,5.33,5.35,52969210.0,390700447.0,6964888861.999999,0.007605176629450144
2018-10-19,5.36,5.46,4.98,5.46,115609087.0,830480493.0,6964888861.999999,0.016598841602592684
2018-10-22,5.48,5.84,5.46,5.7,108330330.0,843144876.0,6964888861.999999,0.015553777259970874
2018-10-23,5.68,5.69,5.32,5.39,100058477.0,751453894.0,6964888861.999999,0.014366126866131753
2018-10-24,5.35,5.38,5.14,5.21,107796201.0,773393239.0,6964888861.999999,0.015477088455514255
2018-10-25,4.98,5.26,4.95,5.17,94647197.0,658207994.0,6964888861.999999,0.01358918984571157
2018-10-26,5.23,5.27,5.0,5.02,79795041.0,555250790.0,6964888861.999999,0.01145675725500184
2018-10-29,5.05,5.05,4.66,4.68,121450250.0,790245314.0,6964888861.999999,0.017437500067319815
2018-10-30,4.27,4.47,4.21,4.28,253993867.0,1496155368.0,6964888861.999999,0.036467755915787076
2018-10-31,4.3,4.41,4.27,4.38,119107883.0,710234356.0,6964888861.999999,0.017101189316866952
2018-11-01,4.44,4.63,4.39,4.5,182308254.0,1125125357.0,6964888861.999999,0.026175328510216797
2018-11-02,4.73,4.95,4.58,4.94,218378869.0,1423074341.0,6964888861.999999,0.03135425034438978
2018-11-05,4.88,5.03,4.67,4.74,179426417.0,1178394853.0,6964888861.999999,0.02576156210890017
2018-11-06,4.74,4.74,4.49,4.58,164683748.0,1032108028.0,6964888861.999999,0.023644849367016364
2018-11-07,4.61,4.71,4.56,4.59,123510431.0,784815569.0,6964888861.999999,0.017733295311266953
2018-11-08,4.68,4.71,4.43,4.48,152801064.0,946342470.0,6964888861.999999,0.021938765575093826
2018-11-09,4.31,4.31,4.1,4.17,318998571.0,1827869159.0,6964888861.999999,0.045800956385741685
2018-11-12,4.17,4.26,4.13,4.26,201828187.0,1165656414.0,6964888861.999999,0.028977947961404245
2018-11-13,4.17,4.64,4.14,4.56,353709836.0,2148529682.0,6964888861.999999,0.05078470640498212
2018-11-14,4.51,4.6,4.43,4.45,197503006.0,1217341907.0,6964888861.999999,0.028356950112666424
2018-11-15,4.48,4.52,4.44,4.5,133083274.0,817337401.0,6964888861.999999,0.019107738348287807
2018-11-16,4.53,4.63,4.52,4.54,167301612.0,1047832776.0,6964888861.999999,0.024020715235355327
2018-11-19,4.56,4.63,4.49,4.6,142400679.0,892763564.0,6964888861.999999,0.020445506284662955
2018-11-20,4.56,4.56,4.36,4.38,166282194.0,1012929778.0,6964888861.999999,0.023874349942211614
2018-11-21,4.3,4.42,4.27,4.39,107856273.0,643229631.0,6964888861.999999,0.015485713431618002
2018-11-22,4.41,4.49,4.34,4.43,109846123.0,665660439.0,6964888861.999999,0.01577141073984879
2018-11-23,4.41,4.43,4.27,4.28,107088468.0,632692777.0,6964888861.999999,0.015375474055913229
2018-11-26,4.28,4.33,4.23,4.26,66297495.0,388376845.0,6964888861.999999,0.009518815922780192
2018-11-27,4.29,4.31,4.15,4.23,79291384.0,459885144.0,6964888861.999999,0.0113844435383038
2018-11-28,4.23,4.33,4.12,4.31,115717933.0,673063456.0,6964888861.999999,0.016614469418363566
2018-11-29,4.35,4.37,4.18,4.19,89822454.0,525594456.0,6964888861.999999,0.012896466229355896
2018-11-30,4.18,4.22,4.12,4.2,88976303.0,508100118.0,6964888861.999999,0.012774978145803471
2018-12-03,4.31,4.56,4.24,4.55,256801001.0,1549519915.0,6964888861.999999,0.03687079666139259
2018-12-04,4.51,4.51,4.43,4.49,138052325.0,845929507.0,6964888861.999999,0.019821181318944645
2018-12-05,4.39,4.47,4.36,4.44,110937401.0,671704471.0,6964888861.999999,0.015928093498414248
2018-12-06,4.36,4.39,4.25,4.28,129351646.0,763462468.0,6964888861.999999,0.018571961242014146
2018-12-07,4.29,4.34,4.27,4.29,58111546.0,342145796.0,6964888861.999999,0.008343499394089831
2018-12-10,4.21,4.34,4.2,4.3,65978480.0,388151160.0,6964888861.999999,0.009473012607562841
2018-12-11,4.29,4.52,4.28,4.47,148879036.0,906634799.0,6964888861.999999,0.021375651349194495
2018-12-12,4.51,4.51,4.41,4.47,83556996.0,509890775.0,6964888861.999999,0.01199688863032428
2018-12-13,4.49,4.55,4.44,4.49,103283363.0,638472427.0,6964888861.999999,0.014829147319709236
2018-12-14,4.49,4.67,4.43,4.55,162370564.0,1016157897.0,6964888861.999999,0.023312728633170833
2018-12-17,4.52,4.66,4.49,4.63,128305888.0,809815484.0,6964888861.999999,0.018421814122552473
2018-12-18,4.54,4.59,4.4,4.45,127676408.0,783691144.0,6964888861.999999,0.018331435078109366
2018-12-19,4.47,4.51,4.31,4.36,80080383.0,483657556.0,6964888861.999999,0.011497725891494635
2018-12-20,4.32,4.42,4.32,4.37,63529795.0,380558106.0,6964888861.999999,0.009121437004776144
2018-12-21,4.35,4.35,4.07,4.17,195584934.0,1124726959.0,6964888861.999999,0.02808155849651805
2018-12-24,4.16,4.16,4.05,4.14,84920650.0,478260765.0,6964888861.999999,0.01219267840199458
2018-12-25,4.09,4.22,4.03,4.17,79141218.0,443838947.0,6964888861.999999,0.01136288310812676
2018-12-26,4.16,4.2,4.09,4.09,49533290.0,280674180.0,6964888861.999999,0.0071118564820539425
2018-12-27,4.15,4.18,3.88,3.89,162781824.0,888779470.0,6964888861.999999,0.023371776237253047
2018-12-28,3.89,3.93,3.73,3.82,150775494.0,789363173.0,6964888861.999999,0.021647939685387047
2019-01-02,3.84,3.95,3.64,3.66,227598645.0,1170674971.0,14677880280.0,0.015506233915133146
2019-01-03,3.63,3.76,3.63,3.72,206124112.0,1043350387.0,14677880280.0,0.014043179809884647
2019-01-04,3.67,3.93,3.66,3.83,191068196.0,998021993.0,14677880280.0,0.013017424338877358
2019-01-07,3.88,3.93,3.83,3.87,132393865.0,703057160.0,14677880280.0,0.009019958091659813
2019-01-08,3.87,4.14,3.83,4.06,221678413.0,1221016103.0,14677880280.0,0.015102890115683653
2019-01-09,4.02,4.2,3.97,4.05,191837346.0,1074101633.0,14677880280.0,0.013069826319635304
2019-01-10,4.04,4.17,4.01,4.1,128935494.0,727217982.0,14677880280.0,0.008784340214008068
2019-01-11,4.1,4.15,4.06,4.08,92642914.0,520516213.0,14677880280.0,0.006311736588166258
2019-01-14,4.01,4.03,3.84,3.92,184854262.0,988919086.0,14677880280.0,0.012594070701876578
2019-01-15,3.92,4.06,3.87,4.02,135993900.0,743220316.0,14677880280.0,0.009265227499184917
2019-01-16,4.05,4.2,4.03,4.15,229204550.0,1295877436.0,14677880280.0,0.015615643786951504
2019-01-17,4.14,4.24,4.13,4.14,126291597.0,723997426.0,14677880280.0,0.008604212228933646
2019-01-18,4.11,4.21,4.09,4.2,115201430.0,658642901.0,14677880280.0,0.00784864216101918
2019-01-21,4.25,4.33,4.19,4.3,120902674.0,709196819.0,14677880280.0,0.00823706636746052
2019-01-22,4.3,4.33,4.14,4.17,117504694.0,681637191.0,14677880280.0,0.00800556291224907
2019-01-23,4.17,4.21,4.06,4.09,111203731.0,626793930.0,14677880280.0,0.007576280013097368
2019-01-24,4.12,4.17,4.06,4.13,79930627.0,451986361.0,14677880280.0,0.005445651924884075
2019-01-25,4.09,4.31,4.09,4.22,138915471.0,803575531.0,14677880280.0,0.009464273338520512
2019-01-28,4.27,4.28,4.17,4.2,109561185.0,635266552.0,14677880280.0,0.007464373799893127
2019-01-29,4.2,4.21,4.04,4.13,103159065.0,582118888.0,14677880280.0,0.0070281991017847436
2019-01-30,4.11,4.16,4.08,4.1,69096093.0,389708931.0,14677880280.0,0.00470749806388256
2019-01-31,4.14,4.14,3.93,3.97,156109817.0,857726740.0,14677880280.0,0.010635719465072514
2019-02-01,4.02,4.12,3.97,4.12,137894515.0,763588503.0,14677880280.0,0.009394715883320994
2019-02-11,4.12,4.52,4.09,4.52,205587791.0,1210628181.0,14677880280.0,0.0140066404057085
2019-02-12,4.47,4.7,4.44,4.63,252962736.0,1595872654.0,14677880280.0,0.017234282551322186
2019-02-13,4.6,4.75,4.57,4.7,224909620.0,1437418685.0,14677880280.0,0.015323031371666155
2019-02-14,4.68,4.85,4.63,4.85,189071146.0,1230449296.0,14677880280.0,0.01288136586436308
2019-02-15,4.8,4.8,4.61,4.63,272962164.0,1764039138.0,14677880280.0,0.0185968381532541
2019-02-18,4.67,4.85,4.64,4.83,205385361.0,1337182744.0,14677880280.0,0.013992848904746618
2019-02-19,4.85,4.88,4.66,4.71,193031810.0,1254043678.0,14677880280.0,0.013151204827785937
2019-02-20,4.73,4.85,4.67,4.82,154860849.0,1009686982.0,14677880280.0,0.010550627614193894
2019-02-21,4.83,5.18,4.77,5.03,264329219.0,1816680351.0,14677880280.0,0.018008677953326377
2019-02-22,4.96,5.14,4.92,5.11,194309980.0,1338266792.0,14677880280.0,0.013238286202999335
2019-02-25,5.2,5.38,5.15,5.27,332593931.0,2388321642.0,14677880280.0,0.02265953425531006
2019-02-26,5.27,5.28,5.12,5.2,217902221.0,1552621581.0,14677880280.0,0.014845619179556355
2019-02-27,5.12,5.15,4.97,5.04,266933968.0,1848865221.0,14677880280.0,0.0181861387957853
2019-02-28,5.02,5.03,4.86,4.92,166276362.0,1131461455.0,14677880280.0,0.011328363416791679
2019-03-01,4.94,5.02,4.86,5.02,169309340.0,1144669514.0,14677880280.0,0.011534999384802177
2019-03-04,5.09,5.22,4.99,5.03,325320908.0,2272379463.0,14677880280.0,0.022164025172168797
2019-03-05,5.03,5.1,4.93,5.1,200892393.0,1375677123.0,14677880280.0,0.01368674421426743
2019-03-06,5.15,5.19,4.95,5.05,320673677.0,2209998076.0,14677880280.0,0.02184741058536553
2019-03-07,5.02,5.03,4.93,4.97,238937635.0,1627624951.0,14677880280.0,0.01627875622650875
2019-03-08,4.87,4.93,4.71,4.72,271441828.0,1790357095.0,14677880280.0,0.0184932580741829
2019-03-11,4.72,4.87,4.72,4.85,186433300.0,1229340310.0,14677880280.0,0.012701650132276457
2019-03-12,4.87,5.24,4.87,5.11,486976913.0,3385081286.0,14677880280.0,0.03317760492048379
2019-03-13,5.07,5.09,4.89,4.92,264560422.0,1806242202.0,14677880280.0,0.018024429750969465
2019-03-14,4.89,4.94,4.78,4.91,161459202.0,1074146492.0,14677880280.0,0.011000171613335982
2019-03-15,4.93,5.01,4.87,4.93,150399901.0,1020251457.0,14677880280.0,0.010246704437624696
2019-03-18,4.96,5.12,4.87,5.1,301210839.0,2073113536.0,14677880280.0,0.02052141271450676
2019-03-19,5.09,5.11,4.95,4.97,256514105.0,1760069494.0,14677880280.0,0.01747623635747491
2019-03-20,4.98,5.18,4.91,5.17,389485951.0,2704936197.0,14677880280.0,0.02653557213780463
2019-03-21,5.14,5.22,5.06,5.13,340465979.0,2398030468.0,14677880280.0,0.02319585474913003
2019-03-22,5.14,5.14,4.97,5.06,207935939.0,1437934915.0,14677880280.0,0.01416661909167718
2019-03-25,4.95,4.95,4.82,4.82,332071955.0,2222324265.0,14677880280.0,0.02262397217209078
2019-03-26,4.85,4.87,4.72,4.74,188215314.0,1233185637.0,14677880280.0,0.012823058262470035
2019-03-27,4.74,4.78,4.58,4.66,290465913.0,1858929621.0,14677880280.0,0.019789363822226243
2019-03-28,4.63,4.64,4.52,4.6,186625076.0,1174187326.0,14677880280.0,0.01271471577910976
2019-03-29,4.32,4.63,4.31,4.58,467691595.0,2871707491.0,14677880280.0,0.0318637014390473
2019-04-01,4.58,4.87,4.57,4.85,399556957.0,2612715760.0,14677880280.0,0.027221707043382424
2019-04-02,4.86,4.96,4.77,4.82,235260068.0,1561863880.0,14677880280.0,0.016028204584865303
2019-04-03,4.82,4.94,4.74,4.88,191608809.0,1275218902.0,14677880280.0,0.013054256155848683
2019-04-04,4.91,5.31,4.87,5.17,522396998.0,3644898788.0,14677880280.0,0.03559076569876478
2019-04-08,5.2,5.33,5.12,5.26,420168398.0,3009408222.0,14677880280.0,0.028625958924908195
2019-04-09,5.29,5.47,5.18,5.25,323516534.0,2354646298.0,14677880280.0,0.02204109366124357
2019-04-10,5.26,5.36,5.16,5.3,231851606.0,1670633120.0,14677880280.0,0.015795986993838596
2019-04-11,5.29,5.31,4.98,5.09,293230150.0,2062633434.0,14677880280.0,0.01997769053884121
2019-04-12,5.07,5.15,5.03,5.11,184354440.0,1284598962.0,14677880280.0,0.012560017964664855
2019-04-15,5.19,5.2,4.95,4.96,230518155.0,1604400952.0,14677880280.0,0.015705139339098083
2019-04-16,4.89,5.05,4.86,5.05,170606946.0,1158287757.0,14677880280.0,0.011623404929420777
2019-04-17,5.05,5.08,4.98,5.0,113839274.0,783582017.0,14677880280.0,0.007755838842419009
2019-04-18,4.99,5.01,4.89,4.93,112935425.0,764438339.0,14677880280.0,0.007694259855347451
2019-04-19,4.95,5.09,4.91,5.06,152382583.0,1043950161.0,14677880280.0,0.01038178402419835
2019-04-22,5.08,5.2,4.99,5.0,207775292.0,1451650070.0,14677880280.0,0.014155674255165679
2019-04-23,4.98,5.28,4.94,5.19,330441191.0,2327279955.0,14677880280.0,0.022512868663348982
2019-04-24,5.17,5.2,5.04,5.13,172743486.0,1209762266.0,14677880280.0,0.011768966819778421
2019-04-25,4.96,5.02,4.73,4.77,406235970.0,2715519305.0,14677880280.0,0.027676746386433942
2019-04-26,4.65,4.66,4.48,4.5,346100094.0,2165894977.0,14677880280.0,0.02357970547501972
2019-04-29,4.52,4.6,4.44,4.49,174433766.0,1080768350.0,14677880280.0,0.01188412513744798
2019-04-30,4.49,4.58,4.43,4.45,147820373.0,913163186.0,14677880280.0,0.010070961895050965
2019-05-06,4.24,4.36,4.17,4.31,241003133.0,1407891165.0,14677880280.0,0.016419478044686707
2019-05-07,4.3,4.41,4.26,4.33,138858308.0,825699554.0,14677880280.0,0.009460378838844161
2019-05-08,4.23,4.36,4.2,4.28,117179277.0,690764016.0,14677880280.0,0.00798339234035502
2019-05-09,4.23,4.29,4.15,4.17,97691100.0,565003340.0,14677880280.0,0.0066556681303030765
2019-05-10,4.2,4.32,4.12,4.31,133927785.0,777957543.0,14677880280.0,0.009124463644964408
2019-05-13,4.23,4.26,4.17,4.2,81470537.0,471144759.0,14677880280.0,0.005550565575263024
2019-05-14,4.14,4.2,4.12,4.14,93403306.0,531187202.0,14677880280.0,0.006363541888761066
2019-05-15,4.16,4.2,4.13,4.18,87614076.0,500736599.0,14677880280.0,0.005969123220018524
2019-05-16,4.17,4.18,4.13,4.16,67405569.0,383821018.0,14677880280.0,0.00459232312255922
2019-05-17,4.2,4.33,4.14,4.16,154174192.0,891417683.0,14677880280.0,0.010503845859137911
2019-05-20,4.16,4.17,3.91,4.03,116815312.0,640664387.0,14677880280.0,0.007958595503682634
2019-05-21,4.04,4.09,3.98,4.07,81080894.0,450970259.0,14677880280.0,0.005524019303419472
2019-05-22,4.06,4.09,4.0,4.06,55763896.0,309069495.0,14677880280.0,0.0037991791005397135
2019-05-23,4.04,4.05,3.86,3.88,126400445.0,681738249.0,14677880280.0,0.008611628013633042
2019-05-24,3.89,3.9,3.77,3.81,103251583.0,542072589.0,14677880280.0,0.007034502328015991
2019-05-27,3.81,3.85,3.72,3.83,114708469.0,596105149.0,14677880280.0,0.007815056861875426
2019-05-28,3.83,3.95,3.82,3.95,113750935.0,606118437.0,14677880280.0,0.00774982033032361
2019-05-29,3.9,4.0,3.88,3.95,83541203.0,451501602.0,14677880280.0,0.005691639487878423
2019-05-30,3.93,4.08,3.88,4.06,130557639.0,715754293.0,14677880280.0,0.008894856512619
2019-05-31,4.05,4.14,4.03,4.06,89487784.0,500605785.0,14677880280.0,0.006096778437546978
2019-06-03,4.05,4.08,3.94,3.96,101164748.0,552429766.0,14677880280.0,0.006892326825818748
2019-06-04,3.98,4.01,3.89,3.99,69781290.0,376548406.0,14677880280.0,0.004754180349534776
2019-06-05,3.99,4.03,3.95,3.97,52663066.0,287821153.0,14677880280.0,0.0035879203941837847
2019-06-06,3.96,3.98,3.83,3.86,71714796.0,380758627.0,14677880280.0,0.004885909588574462
2019-06-10,3.86,3.91,3.84,3.87,48341888.0,257009342.0,14677880280.0,0.003293519709781963
2019-06-11,3.87,4.04,3.85,4.01,92678258.0,504875365.0,14677880280.0,0.006314144565294138
2019-06-12,4.0,4.04,3.98,4.0,65039158.0,356910091.0,14677880280.0,0.004431100183356994
2019-06-13,4.01,4.06,3.95,4.01,73449077.0,403294862.0,14677880280.0,0.00500406568243245
2019-06-14,4.01,4.03,3.94,3.96,82277312.0,449365041.0,14677880280.0,0.005605530937059803
2019-06-17,3.94,3.98,3.91,3.95,36351961.0,196654644.0,14677880280.0,0.002476649237256212
2019-06-18,3.94,3.95,3.87,3.93,56730918.0,303920177.0,14677880280.0,0.0038650620469565513
2019-06-19,4.01,4.04,3.96,3.97,73606305.0,403500862.0,14677880280.0,0.005014777583401845
2019-06-20,3.96,4.06,3.94,4.04,107280732.0,590428156.0,14677880280.0,0.007309007155902487
2019-06-21,4.04,4.16,4.03,4.15,125856339.0,708084521.0,14677880280.0,0.008574558219519692
2019-06-24,4.12,4.14,4.06,4.09,63870474.0,357619438.0,14677880280.0,0.004351478059609845
2019-06-25,4.09,4.09,3.93,3.96,86368849.0,470703955.0,14677880280.0,0.005884286242454622
2019-06-26,3.93,3.96,3.9,3.95,47525867.0,256604748.0,14677880280.0,0.0032379244205144857
2019-06-27,3.96,4.0,3.93,3.93,89234474.0,483554506.0,14677880280.0,0.006079520495993581
2019-06-28,3.93,3.93,3.85,3.86,69023270.0,367006624.0,14677880280.0,0.004702536652656224
2019-07-01,3.93,4.02,3.91,3.98,110883613.0,604044263.0,14677880280.0,0.007554470460635206
2019-07-02,4.01,4.01,3.94,3.96,91755904.0,498078281.0,14677880280.0,0.006251304837594711
2019-07-03,3.96,3.96,3.9,3.93,69308565.0,373119402.0,14677880280.0,0.004721973723579111
2019-07-04,3.93,3.94,3.9,3.9,40481926.0,217616036.0,14677880280.0,0.0027580226318619353
2019-07-05,3.9,3.93,3.88,3.9,45055844.0,240599098.0,14677880280.0,0.0030696424238718482
2019-07-08,3.88,3.89,3.79,3.8,72740043.0,380845386.0,14677880280.0,0.004955759388439432
2019-07-09,3.79,3.82,3.77,3.82,39785246.0,206783602.0,14677880280.0,0.0027105580125361263
2019-07-10,3.81,3.83,3.77,3.77,41868492.0,217295912.0,14677880280.0,0.0028524889971373985
2019-07-11,3.79,3.81,3.77,3.78,39750917.0,206328099.0,14677880280.0,0.0027082191870827824
2019-07-12,3.78,3.79,3.76,3.77,35232498.0,182244343.0,14677880280.0,0.0024003805268808204
2019-07-15,3.77,3.82,3.72,3.8,51799421.0,267482064.0,14677880280.0,0.0035290804947211356
2019-07-16,3.79,3.82,3.76,3.79,34583776.0,179501765.0,14677880280.0,0.0023561832730795377
2019-07-17,3.79,3.87,3.77,3.85,63751520.0,334098393.0,14677880280.0,0.004343373755873147
2019-07-18,3.83,3.83,3.74,3.74,55826653.0,289037901.0,14677880280.0,0.0038034547179178926
2019-07-19,3.77,3.8,3.66,3.66,119995307.0,600863870.0,14677880280.0,0.008175247700003723
2019-07-22,3.67,3.68,3.51,3.53,127480565.0,608626614.0,14677880280.0,0.008685216296095855
2019-07-23,3.52,3.57,3.51,3.57,54894588.0,261610819.0,14677880280.0,0.003739953382423964
2019-07-24,3.58,3.65,3.57,3.59,60999349.0,295996839.0,14677880280.0,0.004155869092563548
2019-07-25,3.59,3.62,3.53,3.58,63210551.0,302839671.0,14677880280.0,0.004306517684718437
2019-07-26,3.58,3.64,3.56,3.6,62622822.0,303451653.0,14677880280.0,0.004266475867454071
2019-07-29,3.58,3.64,3.58,3.6,59335156.0,286854810.0,14677880280.0,0.0040424880751241555
2019-07-30,3.52,3.93,3.51,3.88,307675703.0,1570940819.0,14677880280.0,0.02096186214430685
2019-07-31,3.85,3.85,3.76,3.77,130575094.0,666107595.0,14677880280.0,0.008896045717031833
2019-08-01,3.75,3.78,3.7,3.76,101021337.0,508130748.0,14677880280.0,0.006882556273309514
2019-08-02,3.66,3.73,3.65,3.71,83386679.0,414042849.0,14677880280.0,0.005681111809695181
2019-08-05,3.7,3.7,3.61,3.62,82601959.0,405129964.0,14677880280.0,0.005627649049062825
2019-08-06,3.55,3.62,3.53,3.61,88856358.0,426804519.0,14677880280.0,0.006053759555531679
2019-08-07,3.62,3.68,3.61,3.61,53016390.0,259772049.0,14677880280.0,0.003611992262414066
2019-08-08,3.65,3.76,3.62,3.72,67816876.0,336949867.0,14677880280.0,0.0046203453568433115
2019-08-09,3.68,3.83,3.67,3.77,107881330.0,547401095.0,14677880280.0,0.007349925734644294
2019-08-12,3.75,3.8,3.72,3.79,53801791.0,272028444.0,14677880280.0,0.0036655014193916016
2019-08-13,3.76,3.76,3.66,3.67,46465350.0,231139448.0,14677880280.0,0.003165671685121552
2019-08-14,3.72,3.74,3.59,3.62,72728902.0,356437879.0,14677880280.0,0.004955000355133023
2019-08-15,3.56,3.65,3.55,3.65,45961143.0,221877587.0,14677880280.0,0.0031313201990498863
2019-08-16,3.65,3.68,3.61,3.63,50263514.0,246878216.0,14677880280.0,0.003424439567645799
2019-08-19,3.65,3.74,3.62,3.74,83748559.0,415267001.0,14677880280.0,0.005705766595883422
2019-08-20,3.74,3.85,3.73,3.78,121783948.0,620614092.0,14677880280.0,0.008297107325908779
2019-08-21,3.75,3.8,3.69,3.71,77080103.0,388080203.0,14677880280.0,0.005251446498376808
2019-08-22,3.75,3.89,3.74,3.85,181345155.0,935779620.0,14677880280.0,0.012354996194314238
2019-08-23,3.85,3.91,3.79,3.82,136753598.0,707616093.0,14677880280.0,0.009316985517748072
2019-08-26,3.77,3.79,3.71,3.74,85181614.0,428137180.0,14677880280.0,0.0058034002441120875
2019-08-27,3.76,3.88,3.75,3.85,153564870.0,793254562.0,14677880280.0,0.010462332916643738
2019-08-28,3.83,3.94,3.83,3.92,147280943.0,768843109.0,14677880280.0,0.01003421067554858
2019-08-29,3.92,4.14,3.89,4.06,216921171.0,1181560025.0,14677880280.0,0.014778780509306621
2019-08-30,4.07,4.12,3.96,4.0,104578962.0,566301380.0,14677880280.0,0.007124936299044401
2019-09-02,4.02,4.21,4.02,4.14,128010130.0,711766247.0,14677880280.0,0.008721295415825534
2019-09-03,4.13,4.15,4.07,4.15,76456979.0,422181509.0,14677880280.0,0.005208993229368403
2019-09-04,4.12,4.14,4.06,4.12,79659358.0,438636398.0,14677880280.0,0.005427170441534628
2019-09-05,4.12,4.15,4.03,4.06,117742301.0,647519740.0,14677880280.0,0.008021751012674154
2019-09-06,4.06,4.12,4.04,4.09,74476732.0,409221282.0,14677880280.0,0.005074079538683906
2019-09-09,4.14,4.32,4.1,4.26,150923350.0,860797825.0,14677880280.0,0.010282366875934213
2019-09-10,4.27,4.33,4.2,4.27,82847982.0,474162648.0,14677880280.0,0.005644410529283865
2019-09-11,4.28,4.3,4.18,4.21,68115195.0,386507703.0,14677880280.0,0.004640669749351573
2019-09-12,4.21,4.23,4.06,4.21,87361234.0,488047862.0,14677880280.0,0.005951897163178115
2019-09-16,4.2,4.21,4.11,4.13,71688087.0,400215256.0,14677880280.0,0.004884089911653101
2019-09-17,4.12,4.16,4.05,4.08,65624793.0,361795092.0,14677880280.0,0.004470999336969657
2019-09-18,4.06,4.16,4.05,4.09,77788209.0,429275933.0,14677880280.0,0.005299689567981679
2019-09-19,4.09,4.11,4.03,4.06,53470925.0,291822424.0,14677880280.0,0.003642959608606373
2019-09-20,4.07,4.12,4.02,4.04,85746926.0,467378342.0,14677880280.0,0.005841914797250275
2019-09-23,4.03,4.03,3.95,3.98,54945544.0,293608985.0,14677880280.0,0.003743425000874854
2019-09-24,4.0,4.02,3.95,3.98,52568526.0,281548867.0,14677880280.0,0.0035814794096412947
2019-09-25,3.97,4.08,3.96,4.03,73860014.0,401621819.0,14677880280.0,0.005032062708716956
2019-09-26,4.05,4.12,4.01,4.05,79127549.0,433079430.0,14677880280.0,0.005390938438693956
2019-09-27,4.03,4.07,3.94,3.97,73100800.0,391711795.0,14677880280.0,0.004980337664942448
2019-09-30,3.96,4.0,3.91,3.91,66871166.0,354950800.0,14677880280.0,0.004555914391202542
2019-10-08,3.91,3.97,3.85,3.86,49472018.0,259710352.0,14677880280.0,0.0033705151599724044
2019-10-09,3.85,3.85,3.8,3.82,40368394.0,206742190.0,14677880280.0,0.0027502877275137443
2019-10-10,3.82,3.85,3.79,3.83,46989795.0,241075268.0,14677880280.0,0.003201401980640763
2019-10-11,3.83,3.86,3.8,3.84,46581055.0,239290426.0,14677880280.0,0.003173554635370006
2019-10-14,3.9,4.12,3.9,4.06,144847238.0,785698195.0,14677880280.0,0.009868403014389486
2019-10-15,4.06,4.07,3.94,3.95,86610950.0,462487240.0,14677880280.0,0.005900780517880066
2019-10-16,3.99,4.15,3.93,4.12,144655063.0,792865101.0,14677880280.0,0.009855310183794468
2019-10-17,4.14,4.26,4.13,4.2,130007658.0,734694807.0,14677880280.0,0.008857386456350086
2019-10-18,4.26,4.28,4.17,4.18,95547474.0,540583768.0,14677880280.0,0.006509623472688524
2019-10-21,4.2,4.23,4.09,4.19,99494903.0,556684538.0,14677880280.0,0.006778560739153269
2019-10-22,4.21,4.24,4.13,4.17,61193014.0,343870074.0,14677880280.0,0.004169063436454191
2019-10-23,4.15,4.2,4.06,4.09,74488187.0,411489196.0,14677880280.0,0.005074859964725097
2019-10-24,4.09,4.3,4.09,4.2,132649045.0,752963740.0,14677880280.0,0.009037343435805706
2019-10-25,4.19,4.28,4.19,4.2,84988083.0,482041892.0,14677880280.0,0.005790215029605078
2019-10-28,4.22,4.24,4.17,4.2,75805502.0,426705791.0,14677880280.0,0.005164608278164809
2019-10-29,4.2,4.47,4.18,4.38,186932186.0,1095811982.0,14677880280.0,0.012735639100062207
2019-10-30,4.36,4.53,4.32,4.5,184723141.0,1103649761.0,14677880280.0,0.012585137463731922
2019-10-31,4.43,4.49,4.33,4.47,149887019.0,892047110.0,14677880280.0,0.010211761926157364
2019-11-01,4.43,4.64,4.42,4.58,176362459.0,1084431271.0,14677880280.0,0.01201552646810388
2019-11-04,4.6,4.76,4.57,4.61,145523451.0,910543699.0,14677880280.0,0.0099144732225599
2019-11-05,4.64,4.67,4.57,4.58,100268973.0,620399174.0,14677880280.0,0.0068312979181759615
2019-11-06,4.59,4.61,4.49,4.57,94283611.0,575231806.0,14677880280.0,0.006423516829502304
2019-11-07,4.55,4.56,4.5,4.52,69064425.0,419930093.0,14677880280.0,0.004705340531637038
2019-11-08,4.56,4.64,4.44,4.45,91026113.0,550021759.0,14677880280.0,0.0062015843748250005
2019-11-11,4.43,4.51,4.36,4.39,71410461.0,424482328.0,14677880280.0,0.004865175327618901
2019-11-12,4.39,4.42,4.36,4.39,49348569.0,291216257.0,14677880280.0,0.0033621046131056195
2019-11-13,4.41,4.45,4.36,4.39,50292589.0,296961241.0,14677880280.0,0.003426420439505043
2019-11-14,4.38,4.41,4.26,4.3,93424708.0,541056338.0,14677880280.0,0.006365000001212709
2019-11-15,4.31,4.4,4.27,4.35,75437258.0,439016897.0,14677880280.0,0.005139519914383714
2019-11-18,4.33,4.41,4.3,4.38,64775602.0,379568259.0,14677880280.0,0.004413144184604291
2019-11-19,4.38,4.56,4.37,4.52,94697742.0,572386439.0,14677880280.0,0.006451731462139981
2019-11-20,4.51,4.55,4.42,4.44,53164176.0,319050811.0,14677880280.0,0.0036220608824859553
2019-11-21,4.4,4.42,4.3,4.41,58803964.0,344653676.0,14677880280.0,0.004006298108326034
2019-11-22,4.38,4.45,4.29,4.35,68296728.0,401207736.0,14677880280.0,0.004653037543374758
2019-11-25,4.34,4.38,4.29,4.38,48813659.0,285697715.0,14677880280.0,0.003325661339976538
2019-11-26,4.38,4.49,4.33,4.33,69898900.0,412879895.0,14677880280.0,0.0047621930869162265
2019-11-27,4.33,4.35,4.2,4.26,70751839.0,404019641.0,14677880280.0,0.00482030358950441
2019-11-28,4.25,4.26,4.15,4.17,83526839.0,469223006.0,14677880280.0,0.005690660872456714
2019-11-29,4.17,4.2,4.15,4.17,45907224.0,257329636.0,14677880280.0,0.0031276467122131344
2019-12-02,4.17,4.32,4.15,4.3,99436728.0,571230064.0,14677880280.0,0.006774597292191567
2019-12-03,4.29,4.34,4.23,4.3,62880657.0,361424680.0,14677880280.0,0.004284042096029414
2019-12-04,4.3,4.31,4.21,4.28,56477131.0,323075054.0,14677880280.0,0.003847771607522609
2019-12-05,4.28,4.33,4.23,4.28,73562018.0,421762565.0,14677880280.0,0.0050117603221110345
2019-12-06,4.27,4.28,4.18,4.2,99342449.0,561877466.0,14677880280.0,0.006768174089508244
2019-12-09,4.2,4.26,4.17,4.17,69932347.0,394983294.0,14677880280.0,0.004764471821948939
2019-12-10,4.17,4.2,4.11,4.17,61814180.0,345474679.0,14677880280.0,0.004211383307453983
2019-12-11,4.17,4.26,4.16,4.17,76876290.0,434504015.0,14677880280.0,0.005237560774000263
2019-12-12,4.15,4.17,4.07,4.12,77635934.0,428831865.0,14677880280.0,0.005289315113558073
2019-12-13,4.17,4.34,4.12,4.32,163615070.0,932319893.0,14677880280.0,0.01114705031508814
2019-12-16,4.31,4.41,4.29,4.36,107779068.0,632019801.0,14677880280.0,0.007342958652337502
2019-12-17,4.36,4.44,4.34,4.36,104471448.0,615912011.0,14677880280.0,0.007117611399402966
2019-12-18,4.38,4.73,4.37,4.64,278218825.0,1722343500.0,14677880280.0,0.01895497304056223
2019-12-19,4.63,4.72,4.6,4.64,169889579.0,1063636958.0,14677880280.0,0.011574530910399278
2019-12-20,4.61,4.8,4.61,4.68,178627766.0,1127543203.0,14677880280.0,0.012169861219225041
2019-12-23,4.67,4.68,4.52,4.52,86885347.0,536460527.0,14677880280.0,0.005919475111020595
2019-12-24,4.57,4.76,4.56,4.71,120686914.0,760499723.0,14677880280.0,0.008222366697216309
2019-12-25,4.7,4.87,4.69,4.78,147829229.0,946701470.0,14677880280.0,0.010071565251927508
2019-12-26,4.79,4.85,4.65,4.73,122074085.0,779778730.0,14677880280.0,0.00831687428097758
2019-12-27,4.77,4.79,4.59,4.64,105159679.0,660527963.0,14677880280.0,0.007164500390651776
2019-12-30,4.6,4.76,4.6,4.69,179122192.0,1132356178.0,14677880280.0,0.012203546328421204
2019-12-31,4.67,4.7,4.58,4.66,118898571.0,737528504.0,14677880280.0,0.008100527373970379
2020-01-02,4.73,4.97,4.69,4.86,230065896.0,1502594947.0,14677880280.0,0.015674327056168086
2020-01-03,4.87,5.08,4.86,4.92,245239816.0,1635539183.0,14677880280.0,0.016708122107669896
2020-01-06,4.9,5.02,4.81,4.91,176191067.0,1165664139.0,14677880280.0,0.012003849577658498
2020-01-07,4.9,5.01,4.87,4.92,111114261.0,737995583.0,14677880280.0,0.007570184446278915
2020-01-08,4.88,5.02,4.82,4.9,169312178.0,1119046254.0,14677880280.0,0.011535192736971962
2020-01-09,4.99,5.2,4.99,5.15,268409409.0,1842882856.0,14677880280.0,0.018286660190690696
2020-01-10,5.19,5.22,5.04,5.18,166853324.0,1153340829.0,14677880280.0,0.011367671681268135
2020-01-13,5.13,5.19,5.06,5.11,116449208.0,798752902.0,14677880280.0,0.007933652937520758
2020-01-14,5.13,5.19,5.07,5.09,70345216.0,484405755.0,14677880280.0,0.004792600474869114
2020-01-15,5.06,5.1,4.9,5.01,129705806.0,865361709.0,14677880280.0,0.008836821361510655
2020-01-16,4.98,5.03,4.87,4.9,120267352.0,795389114.0,14677880280.0,0.008193782052022569
2020-01-17,4.92,4.99,4.8,4.87,110765892.0,727471874.0,14677880280.0,0.00754645016085388
2020-01-20,4.9,4.9,4.75,4.81,106635659.0,688968496.0,14677880280.0,0.007265058507480891
2020-01-21,4.76,4.87,4.64,4.67,232902943.0,1485310360.0,14677880280.0,0.015867614298322917
2020-01-22,4.64,4.72,4.58,4.68,181661776.0,1132800639.0,14677880280.0,0.012376567497115461
2020-01-23,4.62,4.62,4.32,4.38,276947717.0,1651877169.0,14677880280.0,0.018868372797492254
2020-02-03,3.94,3.98,3.94,3.94,267923762.0,1418278142.0,14677880280.0,0.018253573192381974
2020-02-04,3.84,4.01,3.74,3.83,535990074.0,2773495809.0,14677880280.0,0.03651685827757685
2020-02-05,3.88,4.09,3.86,3.94,343404505.0,1831708276.0,14677880280.0,0.023396055728014155
2020-02-06,3.93,4.05,3.85,4.0,277200225.0,1469370712.0,14677880280.0,0.01888557609900331
2020-02-07,3.97,4.01,3.88,3.96,166958445.0,884176830.0,14677880280.0,0.011374833546469013
2020-02-10,3.93,4.12,3.88,4.07,265459079.0,1426635932.0,14677880280.0,0.018085655008490097
2020-02-11,4.09,4.32,4.03,4.23,317200366.0,1785475459.0,14677880280.0,0.0216107748495684
2020-02-12,4.2,4.28,4.15,4.23,184676358.0,1042671803.0,14677880280.0,0.012581950150638508
2020-02-13,4.2,4.2,4.08,4.09,182749680.0,1012898984.0,14677880280.0,0.012450686101385751
2020-02-14,4.09,4.17,4.03,4.14,166355548.0,916033638.0,14677880280.0,0.01133375833748114
2020-02-17,4.12,4.2,4.1,4.19,162129019.0,905440911.0,14677880280.0,0.011045806063762226
2020-02-18,4.18,4.21,4.12,4.21,157529825.0,885633045.0,14677880280.0,0.010732464224732048
2020-02-19,4.17,4.2,4.14,4.14,131522478.0,736000679.0,14677880280.0,0.008960590731838289
2020-02-20,4.15,4.42,4.13,4.35,273513254.0,1582172791.0,14677880280.0,0.018634383765392042
2020-02-21,4.32,4.35,4.26,4.29,169752089.0,980372088.0,14677880280.0,0.011565163754013124
2020-02-24,4.26,4.27,4.13,4.19,192328696.0,1081648633.0,14677880280.0,0.013103301861786272
2020-02-25,4.12,4.19,4.03,4.13,185649898.0,1026201499.0,14677880280.0,0.012648277166626407
2020-02-26,4.07,4.29,4.03,4.21,267294227.0,1500313197.0,14677880280.0,0.01821068314368347
2020-02-27,4.2,4.23,4.12,4.15,119383228.0,667806846.0,14677880280.0,0.00813354692384778
2020-02-28,3.98,4.12,3.94,3.97,225066682.0,1211421429.0,14677880280.0,0.0153337319631006
2020-03-02,3.99,4.09,3.91,4.06,163981178.0,887813017.0,14677880280.0,0.011171993153768931
2020-03-03,4.1,4.15,3.98,4.02,162061747.0,886103534.0,14677880280.0,0.011041222840659387
2020-03-04,3.98,4.05,3.94,4.03,130306384.0,698374729.0,14677880280.0,0.00887773857765789
2020-03-05,4.04,4.2,3.98,4.12,185931327.0,1022873134.0,14677880280.0,0.0126674508480185
2020-03-06,4.06,4.09,4.03,4.05,98809659.0,538927180.0,14677880280.0,0.006731875251403808
2020-03-09,3.93,3.97,3.89,3.91,126154091.0,666951205.0,14677880280.0,0.008594843982471834
2020-03-10,3.88,4.0,3.85,3.96,142565602.0,754004067.0,14677880280.0,0.009712955772929905
2020-03-11,3.96,3.99,3.88,3.89,103103336.0,545778305.0,14677880280.0,0.007024402300139213
2020-03-12,3.84,3.85,3.75,3.79,130456407.0,665550626.0,14677880280.0,0.008887959603932674
2020-03-13,3.61,3.77,3.57,3.72,162233800.0,798099758.0,14677880280.0,0.011052944764855379
2020-03-16,3.73,3.74,3.49,3.5,174160156.0,841549850.0,14677880280.0,0.011865484162403864
2020-03-17,3.51,3.57,3.33,3.39,200196471.0,919215447.0,14677880280.0,0.013639331237275905
2020-03-18,3.42,3.46,3.21,3.21,220498818.0,990174626.0,14677880280.0,0.015022524628467674
2020-03-19,3.2,3.26,3.05,3.16,276698715.0,1165574924.0,14677880280.0,0.018851408358809697
2020-03-20,3.18,3.28,3.18,3.23,158322555.0,686697558.0,14677880280.0,0.010786472704490542
2020-03-23,3.1,3.27,3.08,3.16,171185042.0,729062642.0,14677880280.0,0.011662790453009473
2020-03-24,3.24,3.26,3.07,3.16,151632027.0,642878152.0,14677880280.0,0.010330648847614119
2020-03-25,3.26,3.34,3.22,3.26,183419015.0,806729403.0,14677880280.0,0.012496287713282806
2020-03-26,3.21,3.27,3.2,3.21,94653435.0,412067514.0,14677880280.0,0.006448712838254598
2020-03-27,3.27,3.28,3.21,3.21,107607023.0,469478117.0,14677880280.0,0.007331237273179339
2020-03-30,3.16,3.16,3.03,3.05,167222426.0,690427982.0,14677880280.0,0.011392818500356375
2020-03-31,3.1,3.32,3.07,3.29,245995096.0,1065592868.0,14677880280.0,0.016759579129092067
2020-04-01,3.29,3.37,3.23,3.26,147882923.0,654799690.0,14677880280.0,0.010075223409575323
2020-04-02,3.27,3.3,3.22,3.28,87227351.0,382076995.0,14677880280.0,0.005942775750723046
2020-04-03,3.2,3.24,3.05,3.1,371286902.0,1550959992.0,14677880280.0,0.025295675868532156
2020-04-07,3.1,3.14,3.07,3.13,279175597.0,1165950767.0,14677880280.0,0.01902015765726085
2020-04-08,3.1,3.1,3.01,3.05,233365441.0,957764189.0,14677880280.0,0.015899124161544122
2020-04-09,3.07,3.08,3.03,3.04,123246367.0,505651113.0,14677880280.0,0.008396741535488257
2020-04-10,3.05,3.06,2.99,3.01,125836605.0,510699071.0,14677880280.0,0.008573213747455365
2020-04-13,2.99,3.0,2.87,2.9,237917595.0,930965842.0,14677880280.0,0.016209261178140637
2020-04-14,2.92,3.06,2.89,3.06,309592765.0,1241253680.0,14677880280.0,0.021092471058089323
2020-04-15,3.1,3.29,3.09,3.2,390771613.0,1682645465.0,14677880280.0,0.026623163940944748
2020-04-16,3.26,3.26,3.15,3.17,159943977.0,685485576.0,14677880280.0,0.010896939745307692
2020-04-17,3.21,3.28,3.19,3.22,199096288.0,867850790.0,14677880280.0,0.013564376068068052
2020-04-20,3.22,3.39,3.2,3.3,208014847.0,926010116.0,14677880280.0,0.01417199507230209
2020-04-21,3.3,3.33,3.19,3.24,99740803.0,435724858.0,14677880280.0,0.00679531383941769
2020-04-22,3.21,3.29,3.18,3.29,92507423.0,402407273.0,14677880280.0,0.00630250562310759
2020-04-23,3.29,3.32,3.21,3.26,93357133.0,408238107.0,14677880280.0,0.006360396134802103
2020-04-24,3.24,3.25,3.19,3.21,64494943.0,278054377.0,14677880280.0,0.004394022963103226
2020-04-27,3.21,3.38,3.21,3.35,136058746.0,605029499.0,14677880280.0,0.009269645439566154
2020-04-28,3.39,3.5,3.27,3.44,192011617.0,878763194.0,14677880280.0,0.013081699355569345
2020-04-29,3.43,3.62,3.41,3.53,153174822.0,731288236.0,14677880280.0,0.0104357590522601
2020-04-30,3.59,3.62,3.5,3.59,107040871.0,512605510.0,14677880280.0,0.007292665491069123
2020-05-06,3.53,3.89,3.52,3.83,224929434.0,1134126185.0,14677880280.0,0.01532438129410877
2020-05-07,3.83,3.85,3.69,3.69,140497244.0,706201055.0,14677880280.0,0.009572039103728131
2020-05-08,3.73,3.78,3.66,3.72,105280413.0,526942282.0,14677880280.0,0.007172725965305393
2020-05-11,3.73,3.83,3.72,3.79,83728306.0,425233081.0,14677880280.0,0.005704386764489948
2020-05-12,3.76,3.8,3.66,3.72,90389801.0,452835382.0,14677880280.0,0.006158232610955728
2020-05-13,3.68,3.78,3.68,3.74,61018751.0,306253183.0,14677880280.0,0.004157190945557978
2020-05-14,3.73,3.74,3.65,3.65,70864740.0,350622877.0,14677880280.0,0.004827995503993851
2020-05-15,3.65,3.72,3.65,3.65,68278056.0,337587885.0,14677880280.0,0.004651765425082211
2020-05-18,3.65,3.68,3.56,3.63,67965886.0,330318407.0,14677880280.0,0.0046304973677030155
2020-05-19,3.61,3.65,3.57,3.62,75752636.0,367077695.0,14677880280.0,0.00516100653193228
2020-05-20,3.59,3.78,3.56,3.7,132694387.0,660480046.0,14677880280.0,0.009040432573960196
2020-05-21,3.71,3.71,3.63,3.64,67079495.0,330182189.0,14677880280.0,0.0045701077894334755
2020-05-22,3.68,3.71,3.5,3.54,87557731.0,420639139.0,14677880280.0,0.005965284450460172
2020-05-25,3.51,3.56,3.45,3.51,63878681.0,300844706.0,14677880280.0,0.004352037200292521
2020-05-26,3.54,3.76,3.51,3.72,137342831.0,680082489.0,14677880280.0,0.009357129802124262
2020-05-27,3.76,3.78,3.65,3.65,69007116.0,343771864.0,14677880280.0,0.004701436085020309
2020-05-28,3.69,3.7,3.57,3.63,67691505.0,328753101.0,14677880280.0,0.0046118038646381435
2020-05-29,3.61,3.71,3.59,3.68,61719794.0,302750984.0,14677880280.0,0.004204952814889699
2020-06-01,3.67,3.93,3.67,3.81,193718075.0,1000933132.0,14677880280.0,0.013197959875988307
2020-06-02,3.82,3.87,3.72,3.74,106524039.0,538867954.0,14677880280.0,0.007257453867173796
2020-06-03,3.77,3.9,3.76,3.85,149690196.0,772708903.0,14677880280.0,0.010198352428583782
2020-06-04,3.85,3.97,3.79,3.95,128314411.0,673835193.0,14677880280.0,0.00874202599777575
2020-06-05,3.99,4.14,3.96,4.08,178594489.0,978380231.0,14677880280.0,0.012167594066246193
2020-06-08,4.1,4.13,3.99,4.0,141432176.0,766108765.0,14677880280.0,0.009635735767153975
2020-06-09,4.05,4.09,3.99,4.03,97319940.0,527452906.0,14677880280.0,0.0066303811002333644
2020-06-10,4.04,4.06,3.88,3.94,107061569.0,565008613.0,14677880280.0,0.007294075640191827
2020-06-11,3.94,3.94,3.81,3.87,99835162.0,519184209.0,14677880280.0,0.0068017424924793025
2020-06-12,3.77,3.94,3.76,3.91,83207792.0,433339012.0,14677880280.0,0.0056689242869338895
2020-06-15,3.92,3.92,3.75,3.79,155708491.0,794646335.0,14677880280.0,0.010608377233609648
2020-06-16,3.81,3.92,3.8,3.91,91370365.0,474992989.0,14677880280.0,0.00622503817015736
2020-06-17,3.91,3.94,3.82,3.88,78201567.0,405534785.0,14677880280.0,0.005327851536339142
2020-06-18,3.87,4.03,3.83,3.89,104068285.0,547358873.0,14677880280.0,0.007090144013628649
2020-06-19,3.88,3.91,3.84,3.86,102942549.0,534431577.0,14677880280.0,0.007013447925465707
2020-06-22,3.87,4.06,3.84,3.98,193075950.0,1032491117.0,14677880280.0,0.013154212074006643
2020-06-23,3.99,4.17,3.96,4.14,197832786.0,1085553689.0,14677880280.0,0.01347829401971386
2020-06-24,4.17,4.24,4.08,4.13,127155525.0,710066918.0,14677880280.0,0.00866307140910949
2020-06-29,4.07,4.09,4.0,4.03,109592883.0,594718418.0,14677880280.0,0.007466533376030507
2020-06-30,4.04,4.17,4.03,4.15,107605078.0,596076433.0,14677880280.0,0.007331104760857199
2020-07-01,4.13,4.34,4.1,4.31,171370464.0,981605513.0,14677880280.0,0.01167542320354721
2020-07-02,4.26,4.38,4.26,4.29,157461239.0,914004863.0,14677880280.0,0.010727791479165819
2020-07-03,4.32,4.32,4.16,4.23,149276499.0,845350336.0,14677880280.0,0.01017016736424832
2020-07-06,4.26,4.52,4.25,4.5,211216459.0,1258281872.0,14677880280.0,0.014390120028966471
2020-07-07,4.52,4.59,4.43,4.43,153144347.0,915291443.0,14677880280.0,0.010433682798780807
2020-07-08,4.46,4.56,4.41,4.46,153955644.0,913364201.0,14677880280.0,0.010488956243210345
2020-07-09,4.46,4.68,4.43,4.59,206314854.0,1250941665.0,14677880280.0,0.014056175010578572
2020-07-10,4.55,4.7,4.51,4.53,191710884.0,1170908511.0,14677880280.0,0.013061210497896226
2020-07-13,4.51,4.63,4.47,4.55,207772454.0,1258155420.0,14677880280.0,0.014155480902995891
2020-07-14,4.52,4.6,4.32,4.4,207512528.0,1227080084.0,14677880280.0,0.014137772215158032
2020-07-15,4.44,4.59,4.35,4.41,180980704.0,1077315916.0,14677880280.0,0.012330166246593749
2020-07-16,4.4,4.61,4.31,4.34,226568160.0,1347300324.0,14677880280.0,0.015436027251749734
2020-07-17,4.34,4.4,4.22,4.26,150645258.0,857537004.0,14677880280.0,0.010263420543446481
2020-07-20,4.31,4.56,4.31,4.56,238618549.0,1417656378.0,14677880280.0,0.01625701698392651
2020-07-21,4.56,4.69,4.52,4.57,170810680.0,1042566987.0,14677880280.0,0.01163728527154876
2020-07-22,4.62,4.83,4.5,4.73,267441716.0,1676626683.0,14677880280.0,0.018220731529225962
2020-07-23,4.7,4.79,4.52,4.76,205010424.0,1270208286.0,14677880280.0,0.013967304548691958
2020-07-24,4.72,4.73,4.46,4.5,168424554.0,1020670397.0,14677880280.0,0.01147471915474705
2020-07-27,4.52,4.61,4.41,4.48,118441525.0,707894496.0,14677880280.0,0.00806938895402954
2020-07-28,4.5,4.68,4.49,4.65,137135547.0,841275705.0,14677880280.0,0.009343007599459722
2020-07-29,4.59,4.74,4.55,4.72,138964743.0,861023487.0,14677880280.0,0.00946763022650843
2020-07-30,4.72,4.74,4.64,4.66,84341023.0,523646580.0,14677880280.0,0.00574613100741274
2020-07-31,4.63,4.68,4.4,4.56,237687893.0,1434302585.0,14677880280.0,0.01619361164322019
2020-08-03,4.56,4.6,4.43,4.53,245746425.0,1459961989.0,14677880280.0,0.016742637241349674
2020-08-04,4.52,4.53,4.43,4.49,120575876.0,716022143.0,14677880280.0,0.008214801708411264
2020-08-05,4.49,4.6,4.45,4.56,157572581.0,952244079.0,14677880280.0,0.01073537717940836
2020-08-06,4.52,4.55,4.37,4.43,167461070.0,985482002.0,14677880280.0,0.011409077251310023
2020-08-07,4.39,4.43,4.28,4.38,148241480.0,857878589.0,14677880280.0,0.010099651800675404
2020-08-10,4.35,4.63,4.32,4.62,217304775.0,1310886206.0,14677880280.0,0.014804915345719117
2020-08-11,4.58,4.75,4.52,4.58,205186249.0,1263157220.0,14677880280.0,0.013979283458224256
2020-08-12,4.58,4.62,4.46,4.53,129706020.0,782156507.0,14677880280.0,0.008836835941272577
2020-08-13,4.56,4.58,4.46,4.48,82751697.0,495570799.0,14677880280.0,0.005637850658364956
2020-08-14,4.48,4.65,4.48,4.61,114302579.0,697454797.0,14677880280.0,0.0077874036863311985
2020-08-17,4.62,5.07,4.62,5.07,398254338.0,2636765484.0,14677880280.0,0.02713295996443432
2020-08-18,5.07,5.07,4.87,4.98,215056165.0,1413716202.0,14677880280.0,0.014651718156676503
2020-08-19,4.98,4.99,4.83,4.88,149857813.0,974638491.0,14677880280.0,0.010209772129303674
2020-08-20,4.87,4.95,4.75,4.8,150036427.0,964234671.0,14677880280.0,0.010221941052649055
2020-08-21,5.12,5.28,5.04,5.28,358115922.0,2493661439.0,14677880280.0,0.02439834057564612
2020-08-24,5.35,5.8,5.33,5.8,554142401.0,4164416816.0,14677880280.0,0.03775357138966935
2020-08-25,5.83,6.14,5.68,5.84,392660934.0,3072640839.0,14677880280.0,0.02675188286792594
2020-08-26,5.87,5.9,5.64,5.77,232947434.0,1784450124.0,14677880280.0,0.015870645458078366
2020-08-27,5.78,5.84,5.59,5.62,198567508.0,1495175736.0,14677880280.0,0.013528350430175331
2020-08-28,5.66,5.76,5.57,5.74,201728987.0,1524730754.0,14677880280.0,0.013743741136441535
2020-08-31,5.89,5.91,5.65,5.68,178494768.0,1357505255.0,14677880280.0,0.01216080010157979
2020-09-01,5.65,5.68,5.52,5.57,139095360.0,1030118376.0,14677880280.0,0.009476529127269867
2020-09-02,5.65,5.72,5.53,5.65,166993139.0,1246723259.0,14677880280.0,0.0113771972392733
2020-09-03,5.65,5.67,5.47,5.51,126318880.0,929823966.0,14677880280.0,0.008606071012319225
2020-09-04,5.41,5.56,5.38,5.45,150995305.0,1092450199.0,14677880280.0,0.010287269150556118
2020-09-07,5.46,5.84,5.45,5.55,253379032.0,1901169475.0,14677880280.0,0.017262644684822297
2020-09-08,5.6,5.7,5.54,5.62,140113637.0,1045614689.0,14677880280.0,0.009545904062926448
2020-09-09,5.58,5.63,5.23,5.24,210056295.0,1491756146.0,14677880280.0,0.014311078370507052
2020-09-10,5.31,5.41,5.16,5.2,165293413.0,1163824814.0,14677880280.0,0.01126139536818732
2020-09-11,5.2,5.55,5.2,5.47,167500686.0,1209588993.0,14677880280.0,0.011411776278638512
2020-09-14,5.53,5.65,5.41,5.47,148745384.0,1085775560.0,14677880280.0,0.010133982643439302
2020-09-15,5.44,5.74,5.4,5.7,183937185.0,1379550299.0,14677880280.0,0.01253159049475501
2020-09-16,5.67,5.74,5.59,5.66,120765392.0,908674168.0,14677880280.0,0.008227713382057916
2020-09-17,5.6,5.76,5.5,5.74,116237062.0,876551079.0,14677880280.0,0.007919199488115732
2020-09-18,5.71,6.04,5.71,6.02,163631876.0,1292340189.0,14677880280.0,0.011148195303307106
2020-09-21,6.04,6.04,5.8,5.87,119746717.0,934928095.0,14677880280.0,0.00815831133076935
2020-09-22,5.76,6.02,5.73,5.9,120179905.0,941241444.0,14677880280.0,0.008187824311645088
2020-09-23,5.85,6.01,5.79,5.95,95481444.0,750481699.0,14677880280.0,0.006505124866708615
2020-09-24,5.9,5.99,5.67,5.67,141014143.0,1086880483.0,14677880280.0,0.009607255292315275
2020-09-25,5.8,5.97,5.71,5.92,118948360.0,927789076.0,14677880280.0,0.008103919485027984
2020-09-28,5.95,6.01,5.85,5.89,83252207.0,654202145.0,14677880280.0,0.005671950268829962
2020-09-29,5.95,6.06,5.8,6.02,132648357.0,1048866141.0,14677880280.0,0.009037296562552423
2020-09-30,6.08,6.23,5.99,6.08,160540731.0,1306508595.0,14677880280.0,0.010937596433372734
2020-10-09,6.14,6.21,6.05,6.06,123413154.0,1002922455.0,14677880280.0,0.008408104688533405
2020-10-12,6.14,6.36,6.12,6.33,155347131.0,1291952487.0,14677880280.0,0.010583757874880282
2020-10-13,6.32,6.84,6.28,6.75,195081582.0,1709963732.0,14677880280.0,0.013290855237851824
2020-10-14,7.43,7.43,6.93,7.07,401179437.0,3813795401.0,14677880280.0,0.02733224616545244
2020-10-15,6.95,7.15,6.78,6.91,237020699.0,2189450296.0,14677880280.0,0.01614815589707208
2020-10-16,6.93,7.2,6.86,7.04,173260173.0,1616445831.0,14677880280.0,0.011804168564863101
2020-10-19,7.03,7.03,6.77,6.94,144284224.0,1325375207.0,14677880280.0,0.009830045023367638
2020-10-20,6.96,7.21,6.89,7.04,137590049.0,1287086575.0,14677880280.0,0.009373972697370985
2020-10-21,7.08,7.27,7.07,7.21,122142596.0,1166027664.0,14677880280.0,0.008321541916814163
2020-10-22,7.23,7.23,6.78,6.9,178439466.0,1641176338.0,14677880280.0,0.012157032391328376
2020-10-23,7.04,7.19,6.9,6.96,136463343.0,1276347224.0,14677880280.0,0.009297210523371294
2020-10-26,6.96,7.34,6.75,7.32,159553768.0,1513304704.0,14677880280.0,0.010870354912037748
2020-10-27,7.34,7.34,7.01,7.18,145662181.0,1382766807.0,14677880280.0,0.009923924859809526
2020-10-28,7.18,7.62,7.1,7.53,141290256.0,1388885388.0,14677880280.0,0.009626066796070093
2020-10-29,7.39,7.5,7.27,7.4,151907924.0,1484918066.0,14677880280.0,0.010349445635347558
2020-10-30,7.37,7.38,7.02,7.03,115914806.0,1098338500.0,14677880280.0,0.007897244274293808
2020-11-02,7.02,7.49,7.02,7.26,185662398.0,1795174331.0,14677880280.0,0.012649128788233991
2020-11-03,7.33,7.57,7.18,7.25,129110428.0,1257610140.0,14677880280.0,0.008796258419952175
2020-11-04,7.19,7.36,7.05,7.22,111733098.0,1066687615.0,14677880280.0,0.0076123456431407815
2020-11-05,7.27,7.72,7.25,7.6,194463406.0,1943110085.0,14677880280.0,0.013248739074740567
2020-11-06,7.58,7.66,7.45,7.63,135139868.0,1351897211.0,14677880280.0,0.009207042530803365
2020-11-09,7.68,7.74,7.32,7.4,235585058.0,2335873218.0,14677880280.0,0.016050346065365238
2020-11-10,7.4,7.5,7.22,7.43,101686378.0,998811224.0,14677880280.0,0.006927865336151931
2020-11-11,7.38,7.49,7.31,7.33,87300441.0,856999304.0,14677880280.0,0.00594775535258692
2020-11-12,7.33,7.6,7.08,7.28,159504982.0,1551268904.0,14677880280.0,0.010867031135097936
2020-11-13,7.23,7.27,7.01,7.15,136066047.0,1287341669.0,14677880280.0,0.009270142854714714
2020-11-16,7.15,7.34,7.06,7.21,113629704.0,1085087390.0,14677880280.0,0.007741560895194875
2020-11-17,7.21,7.33,7.12,7.21,95536072.0,914880819.0,14677880280.0,0.006508846657522949
2020-11-18,7.21,7.28,7.14,7.24,73099916.0,699406281.0,14677880280.0,0.0049802774382623595
2020-11-19,7.18,7.27,6.8,7.13,148888056.0,1404272812.0,14677880280.0,0.010143702848079096
2020-11-20,7.16,7.45,7.08,7.31,105881820.0,1027920390.0,14677880280.0,0.007213699660997643
2020-11-23,7.3,7.36,7.12,7.15,112879067.0,1084483144.0,14677880280.0,0.007690420200102627
2020-11-24,7.2,7.2,6.84,6.96,147639210.0,1365939572.0,14677880280.0,0.010058619309027366
2020-11-25,6.94,7.14,6.9,6.99,82289547.0,767710764.0,14677880280.0,0.005606364504289307
2020-11-26,7.01,7.14,6.93,7.08,52693789.0,493117318.0,14677880280.0,0.0035900135438357724
2020-11-27,7.05,7.15,6.99,7.11,61157118.0,574685647.0,14677880280.0,0.00416661785171612
2020-11-30,7.08,7.44,7.08,7.3,126955574.0,1231967403.0,14677880280.0,0.008649448801744826
2020-12-01,7.32,7.75,7.27,7.71,156438115.0,1575174526.0,14677880280.0,0.01065808631871468
2020-12-02,7.75,8.03,7.7,7.85,135773092.0,1416079655.0,14677880280.0,0.009250183910070698
2020-12-03,7.75,8.0,7.67,7.77,92696633.0,959217093.0,14677880280.0,0.006315396449057289
2020-12-04,7.77,7.83,7.66,7.74,49646765.0,509477636.0,14677880280.0,0.0033824206256572627
2020-12-07,7.77,7.87,7.55,7.75,77747758.0,796890331.0,14677880280.0,0.005296933652329803
2020-12-08,7.75,7.91,7.7,7.8,63755775.0,662583055.0,14677880280.0,0.004343663647868369
2020-12-09,7.9,7.91,7.66,7.67,56048210.0,577766365.0,14677880280.0,0.003818549336198837
2020-12-10,7.67,8.0,7.65,7.89,92747001.0,969863798.0,14677880280.0,0.006318828007227758
2020-12-11,7.91,7.94,7.1,7.1,321346930.0,3069572284.0,14677880280.0,0.02189327912953927
2020-12-14,7.03,7.39,6.96,7.09,219554794.0,2087000570.0,14677880280.0,0.014958208529549336
2020-12-15,7.18,7.61,7.17,7.5,165750662.0,1635746390.0,14677880280.0,0.011292547618463065
2020-12-16,7.57,7.69,7.02,7.19,175315839.0,1672486850.0,14677880280.0,0.011944220531549397
2020-12-17,7.09,7.11,6.83,7.04,135677214.0,1255704417.0,14677880280.0,0.009243651767951333
2020-12-18,7.72,7.75,7.6,7.75,267625439.0,2746371763.0,14677880280.0,0.018233248527354796
2020-12-21,7.8,7.9,7.43,7.47,252110425.0,2536135426.0,14677880280.0,0.017176214834203566
2020-12-22,7.5,7.51,7.18,7.25,152765314.0,1488579096.0,14677880280.0,0.010407859383357771
2020-12-23,7.23,7.45,7.17,7.33,107406763.0,1039659671.0,14677880280.0,0.007317593613728535
2020-12-24,7.31,7.56,7.3,7.36,81030799.0,798704898.0,14677880280.0,0.005520606344664912
2020-12-25,7.35,7.37,7.18,7.23,109741881.0,1057021936.0,14677880280.0,0.0074766845693334675
2020-12-28,7.21,7.3,7.09,7.22,94107335.0,900684843.0,14677880280.0,0.006411507193462406
2020-12-29,7.19,7.36,7.03,7.24,99857663.0,958663316.0,14677880280.0,0.006803275479502685
2020-12-30,7.19,7.38,7.18,7.3,76775509.0,742459561.0,14677880280.0,0.005230694591821538
2020-12-31,7.33,7.46,7.26,7.43,107474743.0,1049396847.0,14677880280.0,0.007322225072679227
2021-01-04,7.48,7.69,7.42,7.56,147594901.0,1477061054.0,14677880280.0,0.010055600548882526
2021-01-05,7.56,7.57,7.13,7.43,233036439.0,2257964845.0,14677880280.0,0.015876709344573015
2021-01-06,7.42,7.83,7.29,7.83,241072166.0,2445811882.0,14677880280.0,0.016424181244241623
2021-01-07,7.84,8.12,7.63,8.01,208159440.0,2176452536.0,14677880280.0,0.014181846154150536
2021-01-08,8.19,8.58,8.09,8.22,267233117.0,2956104655.0,14677880280.0,0.018206519735968305
2021-01-11,8.24,8.85,8.18,8.54,240713152.0,2745101246.0,14677880280.0,0.01639972171785557
2021-01-12,8.43,8.53,8.21,8.5,183172971.0,2048658424.0,14677880280.0,0.012479524802337466
2021-01-13,8.51,8.73,8.31,8.38,154279298.0,1738336277.0,14677880280.0,0.01051100670239286
2021-01-14,8.36,8.67,8.17,8.21,168820996.0,1881711124.0,14677880280.0,0.0115017286406154
2021-01-15,8.21,8.53,8.12,8.39,155781956.0,1722984403.0,14677880280.0,0.01061338238412175
2021-01-18,8.39,9.07,8.39,8.97,215068663.0,2533775714.0,14677880280.0,0.014652569642024632
2021-01-19,8.94,8.95,8.62,8.79,175221158.0,2044136886.0,14677880280.0,0.011937769940715173
2021-01-20,8.67,9.03,8.67,8.88,121034503.0,1423388493.0,14677880280.0,0.00824604784145303
2021-01-21,8.82,9.01,8.55,8.63,171815891.0,2000369038.0,14677880280.0,0.011705770024171365
2021-01-22,8.52,8.91,8.43,8.77,159953753.0,1844587516.0,14677880280.0,0.010897605781534554
2021-01-25,8.81,9.31,8.67,9.17,163899703.0,1985264815.0,14677880280.0,0.01116644228413069
2021-01-26,9.13,9.15,8.34,8.47,258280734.0,2969585295.0,14677880280.0,0.01759659631179387
2021-01-27,8.47,8.69,8.36,8.51,144927354.0,1637513613.0,14677880280.0,0.009873861295726552
2021-01-28,8.4,8.45,8.06,8.28,144532821.0,1581991612.0,14677880280.0,0.009846981869510111
2021-01-29,8.37,8.49,7.98,8.18,127286402.0,1385247162.0,14677880280.0,0.008671988023600367
2021-02-01,8.22,8.65,8.2,8.61,148194413.0,1669771803.0,14677880280.0,0.010096445138739066
2021-02-02,8.68,8.74,8.45,8.58,130121461.0,1479296766.0,14677880280.0,0.008865139823854729
2021-02-03,8.58,8.86,8.52,8.74,135353882.0,1568577941.0,14677880280.0,0.009221623246541428
2021-02-04,8.76,8.8,8.32,8.36,133905209.0,1513520514.0,14677880280.0,0.00912292554821138
2021-02-05,8.49,9.03,8.44,8.69,170824098.0,1996791355.0,14677880280.0,0.011638199436247207
2021-02-08,8.75,8.85,8.37,8.85,152385181.0,1750766066.0,14677880280.0,0.01038196102523327
2021-02-09,8.84,9.26,8.73,9.15,153398551.0,1838587048.0,14677880280.0,0.010451001648311578
2021-02-10,9.09,9.36,9.01,9.25,150900957.0,1846736298.0,14677880280.0,0.01028084124692152
2021-02-18,9.64,9.93,9.4,9.69,237040066.0,3035388475.0,14677880280.0,0.01614947536552601
2021-02-19,9.7,9.77,8.96,9.28,168253190.0,2067416359.0,14677880280.0,0.01146304417193407
2021-02-22,9.27,9.33,8.66,8.74,169366632.0,2006463056.0,14677880280.0,0.01153890267321352
2021-02-23,8.67,8.85,8.39,8.43,157063110.0,1786645858.0,14677880280.0,0.010700667058445308
2021-02-24,8.45,8.57,8.12,8.2,170154682.0,1887036707.0,14677880280.0,0.011592592305842135
2021-02-25,8.35,8.76,8.32,8.43,191592707.0,2178653805.0,14677880280.0,0.013053159130958657
2021-02-26,8.22,8.43,8.16,8.24,167513635.0,1838340315.0,14677880280.0,0.011412658490494242
2021-03-01,8.39,8.68,8.36,8.64,165460136.0,1875180317.0,14677880280.0,0.011272754160929837
2021-03-02,8.62,8.65,8.01,8.27,242120314.0,2662656969.0,14677880280.0,0.01649559128302142
2021-03-03,8.17,8.4,8.03,8.39,109460749.0,1196771129.0,14677880280.0,0.007457531122470771
2021-03-04,8.28,8.28,7.91,7.99,183456083.0,1958249730.0,14677880280.0,0.012498813146062805
2021-03-05,7.74,8.05,7.73,7.96,141297004.0,1483488021.0,14677880280.0,0.009626526535478732
2021-03-08,8.02,8.25,7.54,7.62,206513988.0,2159138872.0,14677880280.0,0.014069741955954965
2021-03-09,7.54,7.83,7.3,7.6,153320105.0,1551364675.0,14677880280.0,0.010445657143621286
2021-03-10,7.75,8.07,7.7,7.99,147750049.0,1549243738.0,14677880280.0,0.010066170740016419
2021-03-11,7.91,8.06,7.21,7.42,486723198.0,4871099079.0,14677880280.0,0.03316031938639031
2021-03-12,7.56,7.85,7.5,7.65,257831332.0,2617103115.0,14677880280.0,0.017565978675498504
2021-03-15,7.51,7.81,7.36,7.52,199351099.0,2001324682.0,14677880280.0,0.013581736272344089
2021-03-16,7.49,7.71,7.48,7.63,118167630.0,1193309126.0,14677880280.0,0.00805072856201277
2021-03-17,7.65,8.06,7.57,7.81,111478750.0,1160459940.0,14677880280.0,0.007595016982929091
2021-03-18,7.88,8.09,7.74,7.95,121310010.0,1276494835.0,14677880280.0,0.008264818058592313
2021-03-19,7.82,7.82,7.54,7.56,153724980.0,1559755767.0,14677880280.0,0.010473241167490977
2021-03-22,7.53,7.83,7.46,7.82,126198952.0,1282752460.0,14677880280.0,0.008597900350226865
2021-03-23,7.83,7.91,7.56,7.64,92812487.0,948751301.0,14677880280.0,0.006323289550635305
2021-03-24,7.63,7.67,7.5,7.53,88579563.0,889065722.0,14677880280.0,0.006034901587301951
2021-03-25,7.79,7.87,7.25,7.42,210271905.0,2093893338.0,14677880280.0,0.014325767821291972
2021-03-26,7.51,7.88,7.45,7.6,182025776.0,1851804651.0,14677880280.0,0.01240136671832835
2021-03-29,7.21,7.21,6.84,7.13,353216910.0,3291084674.0,14677880280.0,0.024064572217644496
2021-03-30,7.05,7.38,6.96,7.33,298779010.0,2863789922.0,14677880280.0,0.020355732864718527
2021-03-31,7.3,7.35,6.86,6.99,232319582.0,2160482560.0,14677880280.0,0.01582787007171311
2021-04-01,6.93,7.1,6.92,7.02,118415334.0,1103475270.0,14677880280.0,0.008067604568307598
2021-04-02,7.06,7.15,6.87,6.99,134183652.0,1244811466.0,14677880280.0,0.009141895794233853
2021-04-06,7.0,7.05,6.93,7.0,71208322.0,660885214.0,14677880280.0,0.004851403652408044
2021-04-07,7.05,7.18,6.96,7.14,133773118.0,1260349215.0,14677880280.0,0.009113926224229974
2021-04-08,7.17,7.29,7.07,7.23,100522409.0,961259835.0,14677880280.0,0.0068485644440751635
2021-04-09,7.24,7.32,7.14,7.15,86329364.0,828219694.0,14677880280.0,0.005881596140120581
2021-04-12,7.15,7.34,6.96,6.99,105946899.0,1000372778.0,14677880280.0,0.007218133475605648
2021-04-13,6.95,7.02,6.73,6.82,131136436.0,1191595998.0,14677880280.0,0.008934289795147451
2021-04-14,6.81,7.09,6.78,7.06,105175925.0,978630150.0,14677880280.0,0.007165607226222723
2021-04-15,7.11,7.15,6.82,6.85,106995056.0,979156492.0,14677880280.0,0.007289544127553001
2021-04-16,6.9,7.02,6.85,6.91,88043026.0,811917943.0,14677880280.0,0.005998347467104426
2021-04-19,6.92,7.36,6.87,7.32,153886694.0,1477055383.0,14677880280.0,0.010484258698422903
2021-04-20,7.3,7.36,7.24,7.27,72476014.0,702475324.0,14677880280.0,0.004937771164325098
2021-04-21,7.11,7.34,7.11,7.3,76734606.0,739821101.0,14677880280.0,0.005227907881532333
2021-04-22,7.37,7.57,7.15,7.52,128972930.0,1267786331.0,14677880280.0,0.008786890718528194
2021-04-23,7.78,7.86,7.42,7.57,221702810.0,2245693962.0,14677880280.0,0.015104552276672473
2021-04-26,7.66,8.02,7.66,7.89,191973916.0,2015257972.0,14677880280.0,0.013079130796671138
2021-04-27,7.94,7.96,7.8,7.94,111690188.0,1170330549.0,14677880280.0,0.007609422196486262
2021-04-28,7.94,8.15,7.86,8.06,104306959.0,1111788262.0,14677880280.0,0.007106404808474157
2021-04-29,7.97,8.07,7.83,8.02,132759636.0,1402761012.0,14677880280.0,0.009044877970622063
2021-04-30,8.02,8.23,7.99,8.12,94362969.0,1018118088.0,14677880280.0,0.006428923468505086
2021-05-06,8.12,8.33,7.91,8.07,125287087.0,1346115259.0,14677880280.0,0.008535775235250795
2021-05-07,8.13,8.15,7.88,7.91,104504801.0,1109998202.0,14677880280.0,0.00711988373024119
2021-05-10,7.86,7.94,7.53,7.63,159971284.0,1625585565.0,14677880280.0,0.01089880016380676
2021-05-11,7.57,7.68,7.39,7.47,96060118.0,954207557.0,14677880280.0,0.006544549769280445
2021-05-12,7.45,7.62,7.38,7.58,71741360.0,717396712.0,14677880280.0,0.004887719386685173
2021-05-13,7.49,7.55,7.34,7.42,69884181.0,689483998.0,14677880280.0,0.004761190285440862
2021-05-14,7.39,7.51,7.3,7.45,96591359.0,952518553.0,14677880280.0,0.006580743074435269
2021-05-17,7.49,7.94,7.49,7.71,143851059.0,1478707913.0,14677880280.0,0.00980053360947566
2021-05-18,7.75,7.87,7.72,7.79,74687277.0,772959912.0,14677880280.0,0.0050884239123934315
2021-05-19,7.79,7.83,7.63,7.75,64322218.0,663578936.0,14677880280.0,0.00438225525572961
2021-05-20,7.76,8.0,7.63,7.88,105106518.0,1089912393.0,14677880280.0,0.007160878546149308
2021-05-21,7.87,7.97,7.7,7.79,88444799.0,914463647.0,14677880280.0,0.006025720152555979
2021-05-24,7.72,7.79,7.62,7.75,99673539.0,1018715055.0,14677880280.0,0.00679073116135268
2021-05-25,7.75,8.21,7.71,8.17,168774237.0,1806834609.0,14677880280.0,0.011498542962635474
2021-05-26,8.13,8.22,7.67,7.75,203281041.0,2119909463.0,14677880280.0,0.013849482154244686
2021-05-27,7.76,7.83,7.63,7.76,93167098.0,957385174.0,14677880280.0,0.006347449101826302
2021-05-28,7.76,8.03,7.75,7.84,115849761.0,1213498534.0,14677880280.0,0.007892812776096577
2021-05-31,7.76,7.79,7.57,7.71,116549974.0,1189070659.0,14677880280.0,0.007940518097753554
2021-06-01,7.68,7.72,7.55,7.59,100454276.0,1014928951.0,14677880280.0,0.006843922561275994
2021-06-02,7.6,7.63,7.33,7.4,127097748.0,1255678298.0,14677880280.0,0.008659135077779774
2021-06-03,7.4,7.55,7.32,7.35,83633212.0,826563599.0,14677880280.0,0.005697908036077809
2021-06-04,7.35,7.51,7.24,7.49,109039452.0,1074527320.0,14677880280.0,0.007428828272197898
2021-06-07,7.48,7.66,7.4,7.63,110250510.0,1107299378.0,14677880280.0,0.007511337325065033
2021-06-08,7.63,7.69,7.5,7.54,83847113.0,843393792.0,14677880280.0,0.005712481053156539
2021-06-09,7.57,7.58,7.3,7.31,93650521.0,918296726.0,14677880280.0,0.006380384579618604
2021-06-10,7.36,7.49,7.29,7.33,108317283.0,1062821641.0,14677880280.0,0.007379627094219629
2021-06-11,7.38,7.38,7.15,7.28,107662290.0,1037744071.0,14677880280.0,0.0073350025988902536
2021-06-15,7.27,7.3,6.93,7.06,124194388.0,1164036516.0,14677880280.0,0.008461329948931836
2021-06-16,7.08,7.11,6.97,6.99,65874519.0,615389523.0,14677880280.0,0.004488013101575727
2021-06-17,6.93,7.03,6.81,6.85,115700346.0,1056480277.0,14677880280.0,0.007882633172696787
2021-06-18,6.91,7.02,6.81,6.81,114489525.0,1044685700.0,14677880280.0,0.007800140266575332
2021-06-21,6.81,6.82,6.59,6.69,169635848.0,1507375899.0,14677880280.0,0.011557244286230136
2021-06-22,6.75,6.79,6.66,6.73,125007909.0,1118448331.0,14677880280.0,0.008516754913877796
2021-06-23,6.75,7.1,6.75,7.02,191096260.0,1767272566.0,14677880280.0,0.013019336331580979
2021-06-24,7.05,7.07,6.72,6.74,141952682.0,1281882933.0,14677880280.0,0.009671197699672203
2021-06-25,6.7,6.9,6.61,6.89,127933931.0,1150432513.0,14677880280.0,0.008716103998635422
2021-06-28,6.89,7.02,6.76,6.99,128291558.0,1180148152.0,14677880280.0,0.008740469029087898
2021-06-29,7.0,7.17,6.96,7.1,128009902.0,1202386892.0,14677880280.0,0.00872127988224741
2021-06-30,7.08,7.15,6.96,7.08,78777281.0,738530444.0,14677880280.0,0.005367074774914297
2021-07-01,7.08,7.09,6.82,6.92,84477847.0,778948216.0,14677880280.0,0.005755452789399642
2021-07-02,6.85,6.9,6.66,6.69,106747496.0,954722154.0,14677880280.0,0.0072726779319390936
2021-07-05,6.7,6.7,6.31,6.43,209242377.0,1786188448.0,14677880280.0,0.014255626358058835
2021-07-06,6.36,6.43,6.23,6.41,148464797.0,1231703151.0,14677880280.0,0.010114866327278696
2021-07-07,6.34,6.54,6.34,6.45,108766567.0,918356660.0,14677880280.0,0.007410236691207022
2021-07-08,6.49,6.49,6.21,6.23,161054988.0,1323536133.0,14677880280.0,0.0109726326232169
2021-07-09,6.23,6.39,6.1,6.29,158620391.0,1300636229.0,14677880280.0,0.010806764190339888
2021-07-12,6.36,6.42,6.16,6.33,135690410.0,1120172285.0,14677880280.0,0.009244550807850029
2021-07-13,6.3,6.46,6.26,6.45,116812704.0,979682679.0,14677880280.0,0.007958417821350428
2021-07-14,6.5,6.5,6.29,6.39,95958484.0,803933593.0,14677880280.0,0.006537625472443218
2021-07-15,6.39,6.48,6.26,6.45,104124141.0,871747425.0,14677880280.0,0.007093949467749713
2021-07-16,6.42,6.44,6.26,6.28,85883473.0,710577676.0,14677880280.0,0.005851217707302352
2021-07-19,6.18,6.33,6.17,6.28,79312411.0,650023049.0,14677880280.0,0.005403533036583672
2021-07-20,6.24,6.28,6.17,6.2,61655129.0,500918017.0,14677880280.0,0.004200547205989338
2021-07-21,6.19,6.39,6.19,6.27,104647739.0,865261503.0,14677880280.0,0.007129622057388794
2021-07-22,6.27,6.58,6.24,6.41,147552948.0,1250277992.0,14677880280.0,0.010052742302378284
2021-07-23,6.42,6.46,6.07,6.1,222151192.0,1796038944.0,14677880280.0,0.015135100420644663
2021-07-26,5.95,6.14,5.82,5.94,225955484.0,1762414280.0,14677880280.0,0.015394285802145812
2021-07-27,5.94,5.98,5.53,5.53,219734826.0,1645395858.0,14677880280.0,0.014970474060849882
2021-07-28,5.5,5.81,5.49,5.76,199903439.0,1491038038.0,14677880280.0,0.013619367046642787
2021-07-29,5.87,6.14,5.86,5.88,218052122.0,1708947475.0,14677880280.0,0.014855831894004247
2021-07-30,5.88,5.88,5.62,5.72,118880209.0,892290063.0,14677880280.0,0.008099276375893699
2021-08-02,5.72,6.03,5.68,5.93,125166349.0,968235413.0,14677880280.0,0.008527549388078263
2021-08-03,5.89,5.98,5.81,5.84,108186314.0,833197923.0,14677880280.0,0.007370704211793721
2021-08-04,5.88,5.95,5.65,5.85,135136057.0,1029075908.0,14677880280.0,0.009206782888407644
2021-08-05,5.8,5.91,5.68,5.68,105343809.0,794927013.0,14677880280.0,0.007177045117580152
2021-08-06,5.67,5.71,5.55,5.57,83315086.0,610767560.0,14677880280.0,0.005676234198035032
2021-08-09,5.54,6.12,5.51,6.03,211222925.0,1639711511.0,14677880280.0,0.014390560555791644
2021-08-10,5.95,6.21,5.84,6.17,176235251.0,1395051782.0,14677880280.0,0.012006859821587263
2021-08-11,6.17,6.35,6.12,6.15,110202440.0,898525746.0,14677880280.0,0.007508062329010903
2021-08-12,6.13,6.17,5.87,5.88,149967976.0,1169989344.0,14677880280.0,0.010217277504596188
2021-08-13,5.84,5.91,5.76,5.79,96575298.0,735894313.0,14677880280.0,0.006579648842864114
2021-08-16,5.82,6.03,5.75,5.94,101752042.0,785916851.0,14677880280.0,0.00693233900665117
2021-08-17,5.94,5.97,5.75,5.77,101181969.0,773550065.0,14677880280.0,0.006893500087875087
2021-08-18,5.81,5.84,5.65,5.68,104399694.0,779588049.0,14677880280.0,0.007112722818856511
2021-08-19,5.69,5.84,5.63,5.65,98862415.0,739615002.0,14677880280.0,0.006735469503366191
2021-08-20,5.65,5.65,5.33,5.42,175313575.0,1248407217.0,14677880280.0,0.011944066285843831
2021-08-23,5.44,5.88,5.42,5.84,197885468.0,1483347386.0,14677880280.0,0.013481883230076326
2021-08-24,5.78,6.01,5.76,5.98,139427150.0,1078372016.0,14677880280.0,0.009499133889924329
2021-08-25,5.98,6.13,5.93,6.1,131878550.0,1045618136.0,14677880280.0,0.008984849820562782
2021-08-26,6.36,6.36,5.81,5.88,236807971.0,1851052872.0,14677880280.0,0.016133662796165005
2021-08-27,5.88,5.95,5.62,5.65,195007682.0,1464616418.0,14677880280.0,0.013285820450907778
2021-08-30,5.68,5.72,5.42,5.49,242391942.0,1752479941.0,14677880280.0,0.016514097224943437
2021-08-31,5.49,5.62,5.42,5.49,183482371.0,1319292378.0,14677880280.0,0.01250060414036842
2021-09-01,5.49,5.61,5.39,5.58,166785642.0,1207948760.0,14677880280.0,0.011363060524976567
2021-09-02,5.61,5.64,5.47,5.52,136710237.0,988983252.0,14677880280.0,0.00931403134458595
2021-09-03,5.49,5.57,5.42,5.49,122588699.0,882483772.0,14677880280.0,0.008351934793134856
2021-09-06,5.51,5.59,5.46,5.55,149991056.0,1089009244.0,14677880280.0,0.010218849938732434
2021-09-07,5.56,5.74,5.54,5.68,183952964.0,1361086488.0,14677880280.0,0.012532665513742696
2021-09-08,5.69,5.86,5.67,5.72,178336238.0,1344573891.0,14677880280.0,0.012149999495703749
2021-09-09,5.68,5.76,5.59,5.68,138116535.0,1023409185.0,14677880280.0,0.009409842045666283
2021-09-10,5.68,5.83,5.62,5.73,141176731.0,1062850667.0,14677880280.0,0.009618332368630002
2021-09-13,5.76,5.79,5.61,5.64,126117687.0,932928705.0,14677880280.0,0.00859236378783163
2021-09-14,5.68,5.68,5.5,5.53,129623977.0,946619906.0,14677880280.0,0.008831246373948486
2021-09-15,5.5,5.55,5.43,5.49,121315313.0,871461734.0,14677880280.0,0.008265179350543115
2021-09-16,5.49,5.56,5.46,5.47,105375857.0,760781731.0,14677880280.0,0.0071792285391225445
2021-09-17,5.48,5.58,5.43,5.58,119863232.0,865081214.0,14677880280.0,0.008166249466097975
2021-09-22,5.49,5.56,5.48,5.52,68661734.0,495556297.0,14677880280.0,0.004677905303094624
2021-09-23,5.55,5.7,5.49,5.52,126608644.0,922853638.0,14677880280.0,0.008625812554999257
2021-09-24,5.5,5.65,5.45,5.55,119620304.0,872527803.0,14677880280.0,0.008149698847386975
2021-09-27,5.55,5.84,5.53,5.79,235865295.0,1772801919.0,14677880280.0,0.01606943853612083
2021-09-28,5.79,5.79,5.61,5.65,137268845.0,1017752879.0,14442199726.0,0.009504704795965236
2021-09-29,5.57,5.61,5.47,5.51,109589854.0,792183457.0,14442199726.0,0.007588169120989762
2021-09-30,5.52,5.69,5.52,5.59,86021274.0,630276281.0,14442199726.0,0.005956244590991055
2021-10-08,5.65,5.91,5.57,5.82,230044421.0,1743286280.0,14442199726.0,0.015928627588902244
2021-10-11,5.87,5.94,5.74,5.75,138564172.0,1057548280.0,14442199726.0,0.009594395218793832
2021-10-12,5.75,5.86,5.65,5.8,139727280.0,1054673739.0,14442199726.0,0.009674930595818572
2021-10-13,5.81,6.03,5.69,6.02,200625036.0,1552867480.0,14442199726.0,0.013891584371238047
2021-10-14,5.95,6.14,5.95,6.03,166524971.0,1319754100.0,14442199726.0,0.011530443710746394
2021-10-15,6.0,6.08,5.91,6.01,136602577.0,1075671771.0,14442199726.0,0.009458571380513257
2021-10-18,6.02,6.04,5.84,5.86,120143577.0,927481975.0,14442199726.0,0.008318925044618234
2021-10-19,5.81,5.94,5.81,5.88,87809600.0,676626230.0,14442199726.0,0.006080071018677172
2021-10-20,5.91,5.93,5.72,5.74,127346709.0,964471289.0,14442199726.0,0.008817680922300243
2021-10-21,5.74,5.83,5.67,5.72,98885452.0,744058303.0,14442199726.0,0.006846979952920781
2021-10-22,5.73,6.0,5.71,5.89,136538429.0,1019324933.0,14442199726.0,0.009454129674871662
2021-10-25,5.88,5.96,5.69,5.77,163438440.0,1205047376.0,14442199726.0,0.011316727583109453
2021-10-26,5.73,5.94,5.72,5.84,113370866.0,845363111.0,14442199726.0,0.007849972175353643
2021-10-27,5.83,5.83,5.49,5.51,276779245.0,1968061664.0,14442199726.0,0.01916461828884141
2021-10-28,5.5,5.56,5.26,5.54,196857600.0,1356309410.0,14442199726.0,0.013630721339880188
2021-10-29,5.49,5.79,5.45,5.78,183911896.0,1331254531.0,14442199726.0,0.012734340993007258
2021-11-01,5.64,5.74,5.56,5.66,207212062.0,1488287729.0,14442199726.0,0.014347680127076509
2021-11-02,5.66,6.0,5.63,5.86,281232420.0,2098333229.0,14442199726.0,0.019472962937474334
2021-11-03,5.81,5.98,5.76,5.85,150148141.0,1124687999.0,14442199726.0,0.010396486951339646
2021-11-04,5.9,6.14,5.85,6.09,216701833.0,1665014152.0,14442199726.0,0.015004766386790516
2021-11-05,6.03,6.08,5.78,5.83,251368488.0,1886964698.0,14442199726.0,0.017405138605545413
2021-11-08,5.81,6.04,5.74,5.99,171482428.0,1292949429.0,14442199726.0,0.011873705616415459
2021-11-09,5.96,6.02,5.86,5.88,110243939.0,829314119.0,14442199726.0,0.0076334589668864685
2021-11-10,5.88,5.93,5.77,5.83,114647960.0,851686920.0,14442199726.0,0.007938400117372813
2021-11-11,5.78,5.84,5.74,5.79,107154651.0,790967624.0,14442199726.0,0.007419551940352386
2021-11-12,5.81,5.83,5.65,5.71,151278026.0,1102702409.0,14442199726.0,0.010474721917026062
2021-11-15,5.65,5.96,5.65,5.93,205418282.0,1532014813.0,14442199726.0,0.014223476056087885
2021-11-16,5.93,6.07,5.9,5.98,142529872.0,1091473214.0,14442199726.0,0.00986898635277882
2021-11-17,5.99,6.01,5.78,5.8,153074984.0,1137866491.0,14442199726.0,0.010599146037595797
2021-11-18,5.78,5.78,5.63,5.66,167013819.0,1209812527.0,14442199726.0,0.011564292294014492
2021-11-19,5.63,5.71,5.6,5.69,125412170.0,904070621.0,14442199726.0,0.008683730482844867
2021-11-22,5.69,5.76,5.65,5.67,106756215.0,775315264.0,14442199726.0,0.007391963622259631
2021-11-23,5.66,5.71,5.58,5.63,137851693.0,987098780.0,14442199726.0,0.009545062083016923
2021-11-24,5.63,5.71,5.57,5.67,118120096.0,848120658.0,14442199726.0,0.008178816125036048
2021-11-25,5.65,5.75,5.62,5.71,107520022.0,781632404.0,14442199726.0,0.007444850787268499
2021-11-26,5.73,5.73,5.59,5.65,106891086.0,768046472.0,14442199726.0,0.007401302296600022
2021-11-29,5.59,5.67,5.57,5.59,122117000.0,872653127.0,14442199726.0,0.008455567871711069
2021-11-30,5.6,5.61,5.5,5.55,112988357.0,798693697.0,14442199726.0,0.007823486667103028
2021-12-01,5.52,5.57,5.5,5.57,70783801.0,500007408.0,14442199726.0,0.004901178653039215
2021-12-02,5.56,5.59,5.54,5.58,105101511.0,745333921.0,14442199726.0,0.007277389386243418
2021-12-03,5.6,5.6,5.5,5.55,121612533.0,857140377.0,14442199726.0,0.008420637804991951
2021-12-06,5.53,5.54,5.42,5.42,149339079.0,1042888034.0,14442199726.0,0.010340466260908156
2021-12-07,5.45,5.55,5.45,5.54,154087324.0,1081324891.0,14442199726.0,0.010669242007683892
2021-12-08,5.56,5.56,5.46,5.56,128482155.0,905319452.0,14442199726.0,0.008896300940132837
2021-12-09,5.57,6.12,5.56,6.07,631899720.0,4798980363.0,14442199726.0,0.043753703174621225
2021-12-10,5.99,6.34,5.94,6.2,429980194.0,3380469360.0,14442199726.0,0.029772486335714866
2021-12-13,6.32,6.51,6.26,6.38,336352205.0,2754887307.0,14442199726.0,0.02328954116279613
2021-12-14,6.43,6.46,6.17,6.21,214770686.0,1712308193.0,14442199726.0,0.014871050814603586
2021-12-15,6.21,6.21,6.03,6.08,147976600.0,1152899351.0,14442199726.0,0.010246126130883007
2021-12-16,6.14,6.29,6.07,6.21,164498033.0,1295892188.0,14442199726.0,0.011390095423196337
2021-12-17,6.16,6.21,6.07,6.07,97662784.0,759378416.0,14442199726.0,0.006762320550392311
2021-12-20,6.04,6.12,5.93,5.98,126768414.0,970881757.0,14442199726.0,0.00877763889193288
2021-12-21,5.97,6.1,5.96,6.04,137589313.0,1057914372.0,14442199726.0,0.00952689449047715
2021-12-22,6.03,6.19,5.97,6.06,129021308.0,1002207711.0,14442199726.0,0.0089336327185481
2021-12-23,6.04,6.15,5.93,6.08,156700572.0,1206730617.0,14442199726.0,0.010850187296461157
2021-12-24,6.07,6.21,6.03,6.14,117942172.0,921919408.0,14442199726.0,0.008166496395121244
2021-12-27,6.16,6.39,6.13,6.3,161524418.0,1289343176.0,14442199726.0,0.011184197772117143
2021-12-28,6.32,6.47,6.22,6.45,219736264.0,1784152922.0,14442199726.0,0.015214875030734636
2021-12-29,6.44,6.44,6.22,6.22,126388983.0,1012740135.0,14442199726.0,0.008751366509110414
2021-12-30,6.18,6.54,6.15,6.48,173969620.0,1419413697.0,14442199726.0,0.012045922594935869
2021-12-31,6.49,6.51,6.36,6.43,109877035.0,900382537.0,14442199726.0,0.00760805397270546
2022-01-04,6.4,6.73,6.36,6.67,186084250.0,1571628770.0,14442199726.0,0.012884758106827472
2022-01-05,6.67,6.87,6.53,6.6,166144466.0,1409516672.0,14442199726.0,0.011504096962521124
2022-01-06,6.58,6.59,6.38,6.45,117923201.0,969957841.0,14442199726.0,0.008165182814062961
2022-01-07,6.47,6.77,6.47,6.62,202791249.0,1726110260.0,14442199726.0,0.014041576272824909
2022-01-10,6.62,6.75,6.47,6.59,117146500.0,979376363.0,14442199726.0,0.008111402848771267
2022-01-11,6.58,6.6,6.33,6.47,131758607.0,1085908058.0,14442199726.0,0.009123167488315346
2022-01-12,6.47,6.5,6.33,6.44,85353328.0,698173173.0,14442199726.0,0.005909994988252387
2022-01-13,6.44,6.52,6.28,6.29,85259906.0,690526441.0,14442199726.0,0.005903526306072912
2022-01-14,6.24,6.31,6.15,6.18,91533585.0,725694978.0,14442199726.0,0.006337925436331831
2022-01-17,6.22,6.32,6.13,6.17,100813646.0,797336206.0,14442199726.0,0.006980491054870764
2022-01-18,6.18,6.25,6.12,6.2,64885156.0,510919041.0,14442199726.0,0.004492747450597056
2022-01-19,6.17,6.22,6.05,6.09,108608261.0,845777952.0,14442199726.0,0.007520202120212667
2022-01-20,6.12,6.41,6.05,6.36,168838150.0,1353531865.0,14442199726.0,0.011690611762974312
2022-01-21,6.32,6.47,6.25,6.28,124480167.0,1006156049.0,14442199726.0,0.008619197169521265
2022-01-24,6.25,6.5,6.22,6.44,122017740.0,996074954.0,14442199726.0,0.008448694957481715
2022-01-25,6.4,6.41,6.13,6.13,131237392.0,1044969249.0,14442199726.0,0.009087077764458275
2022-01-26,6.13,6.23,5.95,6.06,116960043.0,902396827.0,14442199726.0,0.008098492280884276
2022-01-27,6.07,6.16,6.01,6.03,82522519.0,639489298.0,14442199726.0,0.00571398544305106
2022-01-28,6.05,6.11,5.92,5.98,76762143.0,590227292.0,14442199726.0,0.0053151281976669155
2022-02-07,6.1,6.14,5.98,6.03,72767597.0,559935823.0,14442199726.0,0.005038539722518722
2022-02-08,6.02,6.08,5.9,6.0,126388132.0,963209626.0,14442199726.0,0.008751307584568714
2022-02-09,6.0,6.22,5.98,6.12,178281101.0,1381039589.0,14442199726.0,0.012344456134271854
2022-02-10,6.13,6.51,6.07,6.47,257076170.0,2088239955.0,14442199726.0,0.017800347237768147
2022-02-11,6.48,6.66,6.32,6.35,176244530.0,1454316458.0,14442199726.0,0.01220344084306704
2022-02-14,6.37,6.39,6.23,6.27,101447867.0,812245928.0,14442199726.0,0.007024405487023245
2022-02-15,6.27,6.39,6.24,6.35,99145999.0,799424554.0,14442199726.0,0.006865020625736775
2022-02-16,6.38,6.47,6.28,6.32,71786746.0,581558805.0,14442199726.0,0.0049706240989566
2022-02-17,6.29,6.41,6.28,6.3,68347191.0,551679315.0,14442199726.0,0.004732464049569674
2022-02-18,6.25,6.4,6.24,6.36,72541247.0,584519925.0,14442199726.0,0.005022866902290893
2022-02-21,6.33,6.36,6.24,6.29,69577585.0,558200369.0,14442199726.0,0.0048176584121559325
2022-02-22,6.25,6.25,6.03,6.1,112878105.0,877816137.0,14442199726.0,0.00781585264998017
2022-02-23,6.08,6.38,6.07,6.31,133792053.0,1069820427.0,14442199726.0,0.009263966399740121
2022-02-24,6.33,6.34,5.98,6.06,155729515.0,1212988529.0,14442199726.0,0.010782949824440061
2022-02-25,6.1,6.24,6.1,6.11,84517995.0,662631657.0,14442199726.0,0.005852155253596442
2022-02-28,6.11,6.13,5.89,6.0,134296659.0,1020309468.0,14442199726.0,0.009298906091031857
2022-03-01,6.0,6.03,5.9,5.99,104430623.0,792031761.0,14442199726.0,0.007230936074924629
2022-03-02,5.96,5.97,5.71,5.73,183026046.0,1349537859.0,14442199726.0,0.01267300338399987
2022-03-03,5.73,5.76,5.67,5.75,118916358.0,866727501.0,14442199726.0,0.008233950523888497
2022-03-04,5.7,5.73,5.62,5.64,94816748.0,684383603.0,14442199726.0,0.006565256664419571
2022-03-07,5.6,5.68,5.5,5.59,105547174.0,750399332.0,14442199726.0,0.007308247774055192
2022-03-08,5.57,5.64,5.38,5.42,147150402.0,1026924832.0,14442199726.0,0.010188918917600074
2022-03-09,5.45,5.52,5.26,5.52,142505245.0,988056274.0,14442199726.0,0.009867281141629047
2022-03-10,5.69,5.69,5.42,5.44,159770183.0,1122385997.0,14442199726.0,0.01106273185741705
2022-03-11,5.34,5.47,5.19,5.33,177457810.0,1195829711.0,14442199726.0,0.012287450206115505
2022-03-14,5.24,5.27,4.83,4.84,286801462.0,1832391953.0,14442199726.0,0.01985857192403157
2022-03-15,4.76,4.8,4.44,4.44,327207525.0,1926089581.0,14442199726.0,0.02265634953177769
2022-03-16,4.58,4.87,4.45,4.8,267665053.0,1576507131.0,14442199726.0,0.018533537693577802
2022-03-17,5.02,5.14,4.89,5.0,211457923.0,1352537838.0,14442199726.0,0.014641670037239311
2022-03-18,4.96,5.05,4.9,4.98,151760987.0,962628668.0,14442199726.0,0.01050816287540933
2022-03-21,5.02,5.04,4.81,4.87,185544802.0,1151933268.0,14442199726.0,0.012847405902160974
2022-03-22,4.86,4.93,4.78,4.89,139402717.0,860817139.0,14442199726.0,0.009652457357242893
2022-03-23,4.92,4.94,4.83,4.87,116145626.0,721302969.0,14442199726.0,0.008042100802061709
2022-03-24,4.83,4.86,4.77,4.79,104544452.0,639997439.0,14442199726.0,0.00723881776899891
2022-03-25,4.83,4.83,4.69,4.74,101472201.0,614413454.0,14442199726.0,0.007026090410404839
2022-03-28,4.69,4.76,4.65,4.71,83430205.0,499513225.0,14442199726.0,0.00577683501009907
2022-03-29,4.72,4.74,4.63,4.65,90955290.0,542368397.0,14442199726.0,0.006297883405964469
2022-03-30,4.71,4.8,4.62,4.8,150338246.0,902985625.0,14442199726.0,0.010409650112326663
2022-03-31,4.77,4.92,4.74,4.8,126110322.0,774468146.0,14442199726.0,0.008732071595227016
2022-04-01,4.79,4.92,4.72,4.88,116391949.0,720760464.0,14442199726.0,0.008059156583360493
2022-04-06,4.87,4.93,4.8,4.83,104986760.0,648857644.0,14442199726.0,0.007269443851478834
2022-04-07,4.83,4.84,4.69,4.71,91893907.0,556062275.0,14442199726.0,0.00636287468276493
2022-04-08,4.74,4.74,4.59,4.68,97418881.0,580284674.0,14442199726.0,0.0067454323335951905
2022-04-11,4.68,4.69,4.44,4.46,144156237.0,828804109.0,14442199726.0,0.009981598353087338
2022-04-12,4.47,4.69,4.47,4.66,160145343.0,932864369.0,14442199726.0,0.011088708509666543
2022-04-13,4.63,4.7,4.57,4.61,104471952.0,615450856.0,14442199726.0,0.007233797758101992
2022-04-14,4.63,4.69,4.56,4.62,122874316.0,726044988.0,14442199726.0,0.008508005589951222
2022-04-15,4.6,4.69,4.58,4.62,80792638.0,477390892.0,14442199726.0,0.005594205836563155
2022-04-18,4.59,4.59,4.46,4.51,124470008.0,713068396.0,14442199726.0,0.008618493744821931
2022-04-19,4.49,4.61,4.44,4.47,105133093.0,602187376.0,14442199726.0,0.007279576172231646
2022-04-20,4.49,4.57,4.39,4.43,149303733.0,851480835.0,14442199726.0,0.010338018849802465
2022-04-21,4.39,4.39,4.21,4.21,202526750.0,1105690260.0,14442199726.0,0.014023261957483886
2022-04-22,4.21,4.43,4.18,4.39,174469940.0,963267083.0,14442199726.0,0.012080565517031681
2022-04-25,4.28,4.34,4.14,4.15,147073775.0,795442792.0,14442199726.0,0.010183613146910443
2022-04-26,4.19,4.2,3.98,4.01,134754098.0,700472409.0,14442199726.0,0.009330579867096348
2022-04-27,3.97,4.23,3.88,4.22,179437031.0,931705704.0,14442199726.0,0.012424494495597035
2022-04-28,4.18,4.21,4.07,4.16,97597156.0,513811926.0,14442199726.0,0.00675777636728689
2022-04-29,4.1,4.58,4.07,4.58,246705752.0,1379434320.0,14442199726.0,0.017082283632725327
2022-05-05,4.55,4.66,4.47,4.62,262028772.0,1528495438.0,14442199726.0,0.01814327297581094
2022-05-06,4.49,4.59,4.39,4.48,170696293.0,977943622.0,14442199726.0,0.011819272426533398
2022-05-09,4.46,4.53,4.45,4.49,81383904.0,465036079.0,14442199726.0,0.0056351459988111235
2022-05-10,4.4,4.54,4.34,4.51,165070226.0,941202267.0,14442199726.0,0.011429714941750003
2022-05-11,4.52,4.79,4.49,4.63,203994901.0,1215102476.0,14442199726.0,0.014124918978426266
2022-05-12,4.6,4.64,4.48,4.54,105354943.0,611318355.0,14442199726.0,0.007294937405576217
2022-05-13,4.55,4.57,4.39,4.43,112496241.0,637071079.0,14442199726.0,0.007789411802516156
2022-05-16,4.48,4.61,4.38,4.43,139191593.0,789819518.0,14442199726.0,0.009637838808544947
2022-05-17,4.37,4.54,4.37,4.52,97270568.0,554583699.0,14442199726.0,0.006735162914613746
2022-05-18,4.54,4.59,4.47,4.56,120571558.0,699190953.0,14442199726.0,0.008348559103703397
2022-05-19,4.48,4.51,4.43,4.47,114090596.0,648045641.0,14442199726.0,0.007899807381461774
2022-05-20,4.5,4.69,4.47,4.65,173760495.0,1016219513.0,14442199726.0,0.012031442460055617
2022-05-23,4.64,4.67,4.43,4.47,237499226.0,1364053826.0,14442199726.0,0.016444809690066464
2022-05-24,4.49,4.49,4.3,4.3,129530512.0,722696676.0,14442199726.0,0.008968890782392993
2022-05-25,4.3,4.4,4.28,4.39,85390388.0,474397616.0,14442199726.0,0.005912561079339833
2022-05-26,4.39,4.63,4.36,4.58,233023667.0,1343847399.0,14442199726.0,0.016134915139034686
2022-05-27,4.63,4.69,4.48,4.53,153757341.0,892875746.0,14442199726.0,0.010646393480017714
2022-05-30,4.59,4.72,4.59,4.69,208947650.0,1243198759.0,14442199726.0,0.014467854894973913
2022-05-31,4.69,5.09,4.69,5.04,304155563.0,1905804741.0,14442199726.0,0.021060196422324425
2022-06-01,5.02,5.11,4.96,5.06,213970584.0,1370029496.0,14442199726.0,0.014815650528277427
2022-06-02,5.01,5.04,4.94,5.0,131857058.0,837299814.0,14442199726.0,0.009129984386147243
2022-06-06,5.0,5.23,4.97,5.16,157622738.0,1030285180.0,14442199726.0,0.01091403948085796
2022-06-07,5.17,5.21,5.11,5.16,85877993.0,564394021.0,14442199726.0,0.005946323595386622
2022-06-08,5.16,5.21,5.05,5.18,113806769.0,744913890.0,14442199726.0,0.007880154765836396
2022-06-09,5.14,5.28,5.06,5.12,147331800.0,966012991.0,14442199726.0,0.010201479192588753
2022-06-10,5.1,5.11,4.91,5.02,233433235.0,1484846779.0,14442199726.0,0.01616327425383509
2022-06-13,4.99,5.01,4.81,4.9,208803290.0,1298463072.0,14442199726.0,0.014457859187759027
2022-06-14,4.87,4.92,4.77,4.88,155766805.0,958692409.0,14442199726.0,0.010785531841079318
2022-06-15,4.9,5.13,4.84,5.01,177131405.0,1127911093.0,14442199726.0,0.012264849424642281
2022-06-16,5.01,5.07,4.95,4.98,135589359.0,865025403.0,14442199726.0,0.00938841461636216
2022-06-17,4.93,5.01,4.84,5.01,145038696.0,911433825.0,14442199726.0,0.010042701164067809
2022-06-20,5.02,5.14,4.98,5.1,124120052.0,801251332.0,14442199726.0,0.008594262256084798
2022-06-21,5.09,5.21,5.06,5.12,114125154.0,747751590.0,14442199726.0,0.007902200230242127
2022-06-22,5.14,5.16,4.91,4.92,142832721.0,907520904.0,14442199726.0,0.009889956080780488
2022-06-23,4.91,4.94,4.85,4.94,97833381.0,611519131.0,14442199726.0,0.006774132947619645
2022-06-24,4.93,5.02,4.9,4.98,106634553.0,674217822.0,14442199726.0,0.007383539559283893
2022-06-27,5.01,5.27,4.95,5.1,193105668.0,1263899353.0,14442199726.0,0.013370931829197444
2022-06-28,5.12,5.19,5.03,5.18,103331436.0,673160482.0,14442199726.0,0.007154826685714262
2022-06-29,5.12,5.42,5.12,5.22,159973036.0,1078453036.0,14442199726.0,0.011076777709423571
2022-06-30,5.31,5.42,5.26,5.28,144020371.0,979675542.0,14442199726.0,0.009972190783424982
2022-07-01,5.26,5.32,5.17,5.2,73189264.0,486094949.0,14442199726.0,0.00506773659058591
2022-07-04,5.19,5.29,5.09,5.29,90755919.0,603557523.0,14442199726.0,0.006284078652964061
2022-07-05,5.3,5.43,5.23,5.31,149687794.0,1014900009.0,14442199726.0,0.01036461182090704
2022-07-06,5.27,5.29,5.05,5.15,190370042.0,1240067470.0,14442199726.0,0.01318151290050924
2022-07-07,5.14,5.25,5.07,5.11,131105823.0,858366922.0,14442199726.0,0.009077967725648665
2022-07-08,5.16,5.32,5.15,5.21,126805733.0,848024061.0,14442199726.0,0.008780222916576496
2022-07-11,5.22,5.22,4.87,4.93,206222685.0,1302094141.0,14442199726.0,0.014279174150232908
2022-07-12,4.92,4.97,4.87,4.89,84004731.0,524287172.0,14442199726.0,0.005816616069141322
2022-07-13,4.9,4.93,4.81,4.84,100037750.0,617914473.0,14442199726.0,0.006926766829010408
2022-07-14,4.8,4.95,4.79,4.9,87834799.0,547687046.0,14442199726.0,0.006081815835981882
2022-07-15,4.9,4.95,4.84,4.86,79442840.0,495733288.0,14442199726.0,0.005500743758375025
2022-07-18,4.86,4.99,4.84,4.97,91827297.0,576157755.0,14442199726.0,0.006358262504477429
2022-07-19,4.93,5.05,4.93,4.97,58162848.0,368843195.0,14442199726.0,0.004027284562149532
2022-07-20,4.99,5.03,4.92,4.95,49890248.0,315791409.0,14442199726.0,0.0034544770842757145
2022-07-21,4.96,4.96,4.87,4.87,59641041.0,372002752.0,14442199726.0,0.004129636906532281
2022-07-22,4.87,4.9,4.72,4.8,83971492.0,514138597.0,14442199726.0,0.005814314549938526
2022-07-25,4.8,4.81,4.68,4.72,95086082.0,571750766.0,14442199726.0,0.006583905762556271
2022-07-26,4.76,4.86,4.72,4.8,77923826.0,476670721.0,14442199726.0,0.0053955649055119565
2022-07-27,4.8,4.81,4.71,4.73,79152721.0,478565622.0,14442199726.0,0.005480655475045325
2022-07-28,4.76,4.87,4.72,4.76,63392210.0,386344166.0,14442199726.0,0.0043893735859279305
2022-07-29,4.73,4.76,4.61,4.64,98617900.0,586162751.0,14442199726.0,0.0068284542431898505
2022-08-01,4.63,4.7,4.56,4.69,49056170.0,290939422.0,14442199726.0,0.0033967242477394334
2022-08-02,4.63,4.69,4.5,4.62,105815399.0,619418779.0,14442199726.0,0.0073268200833355515
2022-08-03,4.66,4.69,4.49,4.52,94170080.0,538345773.0,14442199726.0,0.006520480382948001
2022-08-04,4.54,4.69,4.54,4.65,88513784.0,511105540.0,14442199726.0,0.006128829795965945
2022-08-05,4.64,4.74,4.63,4.73,51006625.0,298234332.0,14442199726.0,0.003531776735380124
2022-08-08,4.72,4.73,4.61,4.61,70853025.0,409378978.0,14442199726.0,0.0049059718286851225
2022-08-09,4.61,4.65,4.57,4.65,40419241.0,232398711.0,14442199726.0,0.0027986900726233595
2022-08-10,4.62,4.63,4.53,4.57,50769658.0,289068034.0,14442199726.0,0.003515368777832397
2022-08-11,4.59,4.79,4.58,4.78,99327900.0,582637176.0,14442199726.0,0.00687761572921485
2022-08-12,4.8,4.82,4.72,4.76,46957981.0,278379918.0,14442199726.0,0.003251442431962944
2022-08-15,4.73,4.74,4.65,4.65,71658942.0,418005845.0,14442199726.0,0.0049617747545059815
2022-08-16,4.67,4.69,4.62,4.68,60048670.0,348887783.0,14442199726.0,0.004157861762006766
2022-08-17,4.67,4.77,4.6,4.75,85848501.0,502078745.0,14442199726.0,0.0059442815241952844
2022-08-18,4.73,4.74,4.63,4.69,67347947.0,393007833.0,14442199726.0,0.004663274866553387
2022-08-19,4.69,4.88,4.66,4.76,117287553.0,701953798.0,14442199726.0,0.008121169574247723
2022-08-22,4.76,4.83,4.66,4.73,64452177.0,380297534.0,14442199726.0,0.004462767322346889
2022-08-23,4.7,4.73,4.64,4.65,66030538.0,383755553.0,14442199726.0,0.004572055452267881
2022-08-24,4.64,4.72,4.62,4.63,56628797.0,328240836.0,14442199726.0,0.003921064524405678
2022-08-25,4.64,4.79,4.6,4.78,97246178.0,570113607.0,14442199726.0,0.006733474113706493
2022-08-26,4.81,4.86,4.73,4.77,62878660.0,376426174.0,14442199726.0,0.004353814598395341
2022-08-29,4.72,4.76,4.65,4.74,58894944.0,345536968.0,14442199726.0,0.0040779760090128535
2022-08-30,4.72,4.78,4.66,4.69,54419040.0,318685548.0,14442199726.0,0.0037680575696533614
2022-08-31,4.7,4.92,4.69,4.86,201426501.0,1221047348.0,14442199726.0,0.01394707903376907
2022-09-01,4.86,4.86,4.7,4.72,99300971.0,591091583.0,14442199726.0,0.0068757511240639104
2022-09-02,4.72,4.75,4.67,4.7,59033055.0,346253140.0,14442199726.0,0.004087539025909189
2022-09-05,4.71,4.72,4.51,4.53,146659457.0,832066842.0,14442199726.0,0.010154925134844379
2022-09-06,4.54,4.57,4.5,4.57,70431677.0,398583033.0,14442199726.0,0.004876797048665882
2022-09-07,4.53,4.53,4.45,4.47,89302294.0,498283985.0,14442199726.0,0.006183427434480835
2022-09-08,4.48,4.51,4.45,4.45,56254008.0,313237087.0,14442199726.0,0.003895113560763673
2022-09-09,4.45,4.53,4.41,4.52,61875960.0,346357276.0,14442199726.0,0.004284386116652712
2022-09-13,4.53,4.65,4.53,4.57,83613148.0,478732932.0,14442199726.0,0.005789502263251002
2022-09-14,4.52,4.57,4.5,4.52,53639121.0,302451390.0,14442199726.0,0.003714054785119373
2022-09-15,4.53,4.61,4.45,4.47,96289882.0,542406068.0,14442199726.0,0.006667258715904009
2022-09-16,4.46,4.46,4.31,4.32,103926826.0,566627016.0,14442199726.0,0.007196052400030352
2022-09-19,4.33,4.37,4.25,4.33,64072078.0,344977946.0,14442199726.0,0.004436448686182641
2022-09-20,4.35,4.4,4.32,4.36,59909938.0,324855324.0,14442199726.0,0.004148255746120541
2022-09-21,4.33,4.34,4.26,4.31,56267990.0,300630754.0,14442199726.0,0.0038960816958307173
2022-09-22,4.29,4.29,4.12,4.14,121217671.0,633556705.0,14442199726.0,0.00839329695612603
2022-09-23,4.14,4.16,4.04,4.12,129855797.0,663028728.0,14442199726.0,0.008991414013353051
2022-09-26,4.09,4.2,4.07,4.14,112394979.0,581632069.0,14442199726.0,0.007782400266744518
2022-09-27,4.16,4.41,4.11,4.38,155377304.0,827341086.0,14442199726.0,0.010758562196053652
2022-09-28,4.39,4.48,4.33,4.41,145554373.0,801786416.0,14442199726.0,0.010078407428333885
2022-09-29,4.43,4.47,4.33,4.36,73185080.0,399576376.0,14442199726.0,0.00506744688402601
2022-09-30,4.35,4.49,4.33,4.43,106995355.0,591439541.0,14442199726.0,0.007408522041651206
2022-10-10,4.43,4.45,4.35,4.37,86506596.0,473322795.0,14442199726.0,0.005989849028625738
2022-10-11,4.39,4.39,4.28,4.32,86232344.0,463563082.0,14442199726.0,0.005970859400646403
2022-10-12,4.35,4.37,4.21,4.37,141147184.0,754736689.0,14442199726.0,0.009773246920681728
2022-10-13,4.36,4.4,4.32,4.33,87232015.0,472896851.0,14442199726.0,0.006040078149795835
2022-10-14,4.38,4.53,4.37,4.52,136293479.0,762151344.0,14442199726.0,0.009437168962193038
2022-10-17,4.52,4.6,4.46,4.56,116874431.0,662316360.0,14442199726.0,0.008092564375051075
2022-10-18,4.57,4.61,4.53,4.55,98488758.0,560445987.0,14442199726.0,0.006819512253572611
2022-10-19,4.51,4.53,4.39,4.4,88171468.0,487516424.0,14442199726.0,0.006105127312515052
2022-10-20,4.37,4.47,4.37,4.39,81658935.0,449140296.0,14442199726.0,0.005654189565942027
2022-10-21,4.39,4.41,4.29,4.32,74010176.0,399231023.0,14442199726.0,0.0051245777931433105
2022-10-24,4.29,4.34,4.01,4.05,177525842.0,911633968.0,14442199726.0,0.012292160845858116
2022-10-25,4.01,4.1,3.97,4.01,103788602.0,520776377.0,14442199726.0,0.00718648155884117
2022-10-26,4.03,4.09,4.0,4.01,117305533.0,589981320.0,14442199726.0,0.00812241453695016
2022-10-27,4.04,4.06,3.93,3.96,123454326.0,613220176.0,14442199726.0,0.008548166369541869
2022-10-28,3.88,3.92,3.69,3.76,207735875.0,974792679.0,14442199726.0,0.014383949740427513
2022-10-31,3.62,3.65,3.4,3.6,241191640.0,1065650522.0,14442199726.0,0.01670047808338972
2022-11-01,3.61,3.95,3.54,3.88,235299956.0,1100799386.0,14442199726.0,0.016292528871235192
2022-11-02,3.88,4.16,3.84,4.06,244639270.0,1220498669.0,14442199726.0,0.016939197258128265
2022-11-03,3.98,4.08,3.96,4.02,130407602.0,653472331.0,14442199726.0,0.009029621835600974
2022-11-04,4.02,4.36,4.01,4.22,285637466.0,1504497536.0,14442199726.0,0.019777975060528533
2022-11-07,4.17,4.32,4.13,4.25,115246209.0,606666021.0,14442199726.0,0.007979823793222067
2022-11-08,4.25,4.29,4.13,4.16,112800447.0,587087502.0,14442199726.0,0.00781047549127351
2022-11-09,4.14,4.21,4.1,4.14,89547175.0,463521735.0,14442199726.0,0.006200383369493917
2022-11-10,4.11,4.37,4.1,4.32,177197994.0,942479492.0,14442199726.0,0.012269460148857658
2022-11-11,4.45,4.65,4.44,4.57,239022190.0,1357042273.0,14442199726.0,0.0165502620469715
2022-11-14,4.62,4.82,4.62,4.71,259318256.0,1533820303.0,14442199726.0,0.01795559270193131
2022-11-15,4.71,4.76,4.66,4.71,123799865.0,726182796.0,14442199726.0,0.008572092018442704
2022-11-16,4.7,4.8,4.69,4.73,97741357.0,578376979.0,14442199726.0,0.006767761065098568
2022-11-17,4.73,4.85,4.69,4.78,110564911.0,656583872.0,14442199726.0,0.007655683559129308
2022-11-18,4.73,4.9,4.73,4.81,160242560.0,960415898.0,14442199726.0,0.011095439963450898
2022-11-21,4.69,4.72,4.53,4.61,188557021.0,1081884112.0,14442199726.0,0.013055976553249337
2022-11-22,4.62,4.69,4.57,4.62,85241482.0,491782494.0,14442199726.0,0.005902250600131328
2022-11-23,4.57,4.59,4.46,4.53,98473351.0,555514686.0,14442199726.0,0.006818445449325868
2022-11-24,4.55,4.6,4.45,4.46,65043436.0,364273931.0,14442199726.0,0.0045037069999041505
2022-11-25,4.49,4.51,4.4,4.44,72026414.0,398671626.0,14442199726.0,0.00498721907787581
2022-11-28,4.36,4.49,4.25,4.38,139407859.0,758118982.0,14442199726.0,0.009652813397188162
2022-11-29,4.49,4.77,4.44,4.75,200766232.0,1164412092.0,14442199726.0,0.013901360998253239
2022-11-30,4.74,4.86,4.71,4.81,158613956.0,948991865.0,14442199726.0,0.010982672931357577
2022-12-01,5.1,5.29,5.03,5.06,396616258.0,2547636774.0,14442199726.0,0.027462316373175463
2022-12-02,5.06,5.1,4.82,4.82,197060203.0,1205387365.0,14442199726.0,0.013644749881504305
2022-12-05,4.97,5.19,4.95,5.14,233063470.0,1481210556.0,14442199726.0,0.01613767115963786
2022-12-06,5.13,5.23,5.06,5.15,181289149.0,1164601496.0,14442199726.0,0.012552737978940203
2022-12-07,5.11,5.32,5.05,5.15,208618529.0,1345705235.0,14442199726.0,0.01444506605350626
2022-12-08,5.14,5.36,5.1,5.33,180480277.0,1183924823.0,14442199726.0,0.01249673044439934
2022-12-09,5.3,5.53,5.24,5.51,210170772.0,1417021406.0,14442199726.0,0.014552545733156827
2022-12-12,5.46,5.52,5.26,5.3,199747799.0,1335445656.0,14442199726.0,0.013830843139525211
2022-12-13,5.34,5.42,5.3,5.3,113955399.0,759346980.0,14442199726.0,0.007890446134382728
2022-12-14,5.3,5.58,5.22,5.51,175392534.0,1192977013.0,14442199726.0,0.012144447336803157
2022-12-15,5.54,5.56,5.3,5.32,140005057.0,939011033.0,14442199726.0,0.009694164300189793
2022-12-16,5.3,5.37,5.22,5.33,103429692.0,684055652.0,14442199726.0,0.0071616300814478845
2022-12-19,5.34,5.49,5.23,5.26,108505705.0,715888491.0,14442199726.0,0.007513100985901709
2022-12-20,5.3,5.31,5.1,5.13,68162504.0,439422156.0,14442199726.0,0.004719676039190098
2022-12-21,5.14,5.22,5.14,5.2,62644167.0,404756649.0,14442199726.0,0.004337577944391877
2022-12-22,5.22,5.43,5.19,5.3,123723402.0,823831139.0,14442199726.0,0.00856679760336393
2022-12-23,5.27,5.42,5.25,5.36,74315203.0,495296603.0,14442199726.0,0.005145698329196475
2022-12-26,5.37,5.5,5.23,5.25,89049385.0,592857438.0,14442199726.0,0.006165915628468023
2022-12-27,5.32,5.4,5.26,5.35,67868985.0,451028114.0,14442199726.0,0.004699352334659715
2022-12-28,5.34,5.4,5.31,5.37,71906108.0,480248336.0,14442199726.0,0.004978888906414227
2022-12-29,5.35,5.44,5.25,5.37,72459855.0,482775586.0,14442199726.0,0.0050172311957126575
2022-12-30,5.41,5.44,5.32,5.36,48184181.0,322544415.0,14442199726.0,0.0033363463955740063
2023-01-03,5.38,5.59,5.34,5.46,145140200.0,991310566.0,14442199726.0,0.010049729456289614
2023-01-04,5.5,5.63,5.41,5.55,134519867.0,931352949.0,14442199726.0,0.009314361354373642
2023-01-05,5.59,5.97,5.55,5.93,210486012.0,1538033966.0,14442199726.0,0.014574373432951928
2023-01-06,5.95,5.99,5.46,5.52,283942038.0,1993682150.0,14442199726.0,0.019660581032460375
2023-01-09,5.53,5.73,5.51,5.67,119321077.0,841180509.0,14442199726.0,0.008261973886511809
2023-01-10,5.67,5.71,5.56,5.64,89242734.0,625741052.0,14442199726.0,0.0061793034089771045
2023-01-11,5.73,5.73,5.51,5.54,113155566.0,771538049.0,14442199726.0,0.007835064474028033
2023-01-12,5.57,5.6,5.45,5.56,67800395.0,458637669.0,14442199726.0,0.004694603058143582
2023-01-13,5.59,5.75,5.54,5.75,94803016.0,656141984.0,14442199726.0,0.0065643058397349295
2023-01-16,5.78,5.85,5.63,5.79,106602367.0,748976069.0,14442199726.0,0.0073813109514117795
2023-01-17,5.81,5.81,5.55,5.63,112852373.0,774708096.0,14442199726.0,0.007814070926940178
2023-01-18,5.63,5.67,5.54,5.57,70569195.0,480954070.0,14442199726.0,0.004886319005335157
2023-01-19,5.55,5.74,5.49,5.73,100992019.0,697008167.0,14442199726.0,0.006992841874232366
2023-01-20,5.72,5.77,5.67,5.73,68495322.0,478164481.0,14442199726.0,0.00474272086659273
2023-01-30,5.85,5.95,5.63,5.67,127365040.0,889334419.0,14442199726.0,0.008818950188779573
2023-01-31,5.67,5.73,5.63,5.69,93405902.0,648496123.0,14442199726.0,0.006467567529331647
2023-02-01,5.71,5.71,5.48,5.57,157432063.0,1065315828.0,14442199726.0,0.010900836852199062
2023-02-02,5.57,5.67,5.52,5.59,81281884.0,556514604.0,14442199726.0,0.005628081977960038
2023-02-03,5.6,5.63,5.49,5.55,66235363.0,448582843.0,14442199726.0,0.004586237848570798
2023-02-06,5.49,5.55,5.34,5.45,93571696.0,622603458.0,14442199726.0,0.00647904735949225
2023-02-07,5.52,5.53,5.35,5.39,108753791.0,716379900.0,14442199726.0,0.0075302788400171995
2023-02-08,5.43,5.5,5.36,5.38,52008584.0,343775361.0,14442199726.0,0.0036011539091493103
2023-02-09,5.39,5.54,5.35,5.53,70419895.0,471210727.0,14442199726.0,0.004875981244963985
2023-02-10,5.52,5.64,5.49,5.57,69658837.0,474239269.0,14442199726.0,0.004823284424920022
2023-02-13,5.55,5.73,5.49,5.66,157883591.0,1091886808.0,14442199726.0,0.010932101341582014
2023-02-14,5.67,5.68,5.55,5.59,82668586.0,565764621.0,14442199726.0,0.005724099345556994
2023-02-15,5.62,5.63,5.54,5.58,54765320.0,372830867.0,14442199726.0,0.0037920345265276384
2023-02-16,5.58,5.72,5.52,5.55,104051745.0,716940309.0,14442199726.0,0.007204701982668038
2023-02-17,5.55,5.61,5.42,5.44,86905788.0,583066135.0,14442199726.0,0.006017489693314881
2023-02-20,5.45,5.59,5.4,5.59,119954185.0,806761585.0,14442199726.0,0.00830581125284183
2023-02-21,5.6,5.61,5.4,5.48,105748873.0,708187535.0,14442199726.0,0.007322213721336538
2023-02-22,5.44,5.46,5.33,5.35,103123880.0,677486247.0,14442199726.0,0.007140455190793973
2023-02-23,5.33,5.37,5.26,5.28,87785467.0,568621513.0,14442199726.0,0.00607840001284303
2023-02-24,5.29,5.32,5.16,5.22,131661071.0,838430172.0,14442199726.0,0.009116413946483045
2023-02-27,5.21,5.24,5.15,5.19,61450271.0,389513719.0,14442199726.0,0.004254910759153422
2023-02-28,5.23,5.45,5.2,5.35,135083700.0,882592153.0,14442199726.0,0.009353402013739746
2023-03-01,5.4,5.53,5.36,5.52,101735628.0,680101285.0,14442199726.0,0.007044330498826117
2023-03-02,5.51,5.54,5.47,5.54,67882667.0,457179649.0,14442199726.0,0.004700299697267876
2023-03-03,5.55,5.64,5.45,5.5,75931862.0,512142136.0,14442199726.0,0.005257638271218574
2023-03-06,5.51,5.53,5.26,5.29,135895653.0,888150604.0,14442199726.0,0.009409622881433346
2023-03-07,5.31,5.34,5.22,5.22,77175763.0,497205713.0,14442199726.0,0.0053437678791453105
2023-03-08,5.22,5.25,5.14,5.23,76568198.0,485443992.0,14442199726.0,0.005301699149206185
2023-03-09,5.23,5.28,5.18,5.23,53525765.0,342267136.0,14442199726.0,0.003706205842288599
2023-03-10,5.18,5.27,5.16,5.17,75889782.0,482393877.0,14442199726.0,0.005254724587652472
2023-03-13,5.19,5.35,5.18,5.31,71883880.0,464052868.0,14442199726.0,0.0049773498056939975
2023-03-14,5.31,5.34,5.23,5.23,64029193.0,412450205.0,14442199726.0,0.004433479263185202
2023-03-15,5.29,5.44,5.25,5.35,103556344.0,678672107.0,14442199726.0,0.0071703996596563895
2023-03-16,5.32,5.38,5.25,5.26,78001476.0,505055309.0,14442199726.0,0.005400941510286381
2023-03-17,5.32,5.49,5.3,5.42,149498526.0,991637658.0,14442199726.0,0.010351506615080308
2023-03-20,5.69,5.72,5.3,5.33,244729438.0,1650377448.0,14442199726.0,0.016945440628370383
2023-03-21,5.36,5.52,5.33,5.44,130468986.0,863282508.0,14442199726.0,0.009033872157654717
2023-03-22,5.49,5.58,5.41,5.52,150988659.0,1014650811.0,14442199726.0,0.010454685703326631
2023-03-23,5.52,5.54,5.42,5.46,120676345.0,805286523.0,14442199726.0,0.00835581471586692
2023-03-24,5.47,5.55,5.4,5.45,111189063.0,741326351.0,14442199726.0,0.007698900798320119
2023-03-27,5.49,5.66,5.45,5.52,159022006.0,1078773664.0,14442199726.0,0.011010926937516027
2023-03-28,5.52,5.72,5.49,5.56,209213732.0,1436522572.0,14442199726.0,0.014486278819656313
2023-03-29,5.62,5.64,5.42,5.44,138348650.0,925262291.0,14442199726.0,0.00957947214584865
2023-03-30,5.44,5.56,5.39,5.56,112866758.0,756583431.0,14442199726.0,0.007815066966343657
2023-03-31,5.57,5.63,5.47,5.63,102680537.0,697800962.0,14442199726.0,0.007109757443330901
2023-04-03,5.6,5.6,5.42,5.51,153175134.0,1026887173.0,14442199726.0,0.010606080576786506
2023-04-04,5.51,5.59,5.39,5.44,136464603.0,910659091.0,14442199726.0,0.009449017849706478
2023-04-06,5.39,5.39,5.17,5.2,179231360.0,1144424118.0,14442199726.0,0.012410253520960066
2023-04-07,5.2,5.37,5.17,5.27,126070768.0,812910546.0,14442199726.0,0.008729332815764717
2023-04-10,5.28,5.35,5.22,5.24,95449944.0,615936615.0,14442199726.0,0.006609100124004198
2023-04-11,5.29,5.68,5.23,5.5,354118708.0,2385418420.0,14442199726.0,0.024519721006384314
2023-04-12,5.5,5.6,5.45,5.56,184207612.0,1247131968.0,14442199726.0,0.0127548168211782
2023-04-13,5.57,5.74,5.52,5.53,196766273.0,1349871021.0,14442199726.0,0.013624397718705251
2023-04-14,5.53,5.55,5.28,5.3,202837811.0,1332282793.0,14442199726.0,0.014044800296926735
2023-04-17,5.29,5.3,5.2,5.22,162500884.0,1037411543.0,14442199726.0,0.011251809771571912
2023-04-18,5.23,5.47,5.14,5.4,219957127.0,1422741200.0,14442199726.0,0.01523016792268948
2023-04-19,5.38,5.63,5.36,5.45,193551439.0,1297362435.0,14442199726.0,0.013401797695094416
2023-04-20,5.46,5.48,5.36,5.47,129804435.0,862859230.0,14442199726.0,0.008987857629909085
2023-04-21,5.58,5.63,5.17,5.19,248537128.0,1610889550.0,14442199726.0,0.017209090908261268
2023-04-24,5.2,5.21,4.87,4.92,294325010.0,1789844459.0,14442199726.0,0.020379513895665953
2023-04-25,4.9,5.16,4.88,5.12,223880852.0,1388547765.0,14442199726.0,0.015501852643468974
2023-04-26,5.08,5.15,5.01,5.09,130639493.0,810145860.0,14442199726.0,0.009045678323144386
2023-04-27,5.11,5.19,5.05,5.09,99723914.0,624065654.0,14442199726.0,0.006905036344322884
2023-04-28,5.08,5.35,5.05,5.27,179511693.0,1149229616.0,14442199726.0,0.012429664206680976
2023-05-04,5.55,5.8,5.54,5.8,482207956.0,3392977166.0,14442199726.0,0.033388816464841625
2023-05-05,5.8,5.97,5.65,5.94,530326993.0,3785184514.0,14442199726.0,0.03672065219021054
2023-05-08,5.9,5.98,5.75,5.9,225028386.0,1612749616.0,14442199726.0,0.015581309652911527
2023-05-09,5.85,5.94,5.76,5.76,129994616.0,923320054.0,14442199726.0,0.009001026053252353
2023-05-10,5.82,5.9,5.7,5.79,134164968.0,950011271.0,14442199726.0,0.009289787604755633
2023-05-11,5.81,5.97,5.73,5.84,126440670.0,907575069.0,14442199726.0,0.008754945396051504
2023-05-12,5.79,5.85,5.7,5.72,133836788.0,939833040.0,14442199726.0,0.009267063919567345
2023-05-15,5.75,5.76,5.53,5.68,158584630.0,1094188600.0,14442199726.0,0.010980642354260155
2023-05-16,5.69,5.7,5.54,5.58,118989356.0,816368882.0,14442199726.0,0.008239005017067163
2023-05-17,5.62,5.75,5.56,5.59,115644927.0,796524075.0,14442199726.0,0.008007431637426173
2023-05-18,5.59,5.62,5.53,5.56,89900621.0,609812037.0,14442199726.0,0.0062248565111693984
2023-05-19,5.56,5.57,5.44,5.46,95531478.0,639853213.0,14442199726.0,0.006614745662879638
2023-05-22,5.46,5.49,5.39,5.45,83868831.0,557012664.0,14442199726.0,0.00580720614526696
2023-05-23,5.45,5.49,5.4,5.4,65772546.0,437212328.0,14442199726.0,0.004554191691560048
2023-05-24,5.4,5.42,5.3,5.34,95587406.0,624573938.0,14442199726.0,0.006618618203147816
2023-05-25,5.32,5.34,5.22,5.3,90570802.0,583918309.0,14442199726.0,0.006271260868726751
2023-05-26,5.31,5.33,5.26,5.31,40278939.0,260908860.0,14442199726.0,0.0027889753475356417
2023-05-29,5.31,5.33,5.19,5.28,84041185.0,538183227.0,14442199726.0,0.005819140199861823
2023-05-30,5.26,5.39,5.18,5.35,113113460.0,731296330.0,14442199726.0,0.007832148990182163
2023-05-31,5.35,5.41,5.15,5.26,168054611.0,1072879669.0,14442199726.0,0.011636358324103127
2023-06-01,5.23,5.35,5.21,5.28,109903729.0,711534395.0,14442199726.0,0.00760990230609694
2023-06-02,5.31,5.36,5.22,5.31,72447766.0,469718526.0,14442199726.0,0.00501639413486117
2023-06-05,5.31,5.43,5.27,5.36,77832576.0,509498825.0,14442199726.0,0.0053892466159348
2023-06-06,5.36,5.51,5.31,5.39,139743708.0,927313743.0,14442199726.0,0.009676068095667048
2023-06-07,5.39,5.44,5.31,5.34,71880589.0,470668425.0,14442199726.0,0.004977121931820042
2023-06-08,5.3,5.53,5.19,5.46,138111579.0,907334148.0,14442199726.0,0.009563056987181844
2023-06-09,5.47,5.58,5.42,5.54,123653546.0,833997627.0,14442199726.0,0.008561960667071307
2023-06-12,5.56,5.58,5.49,5.54,105449733.0,713014104.0,14442199726.0,0.007301500810168203
2023-06-13,5.54,5.72,5.51,5.67,103279352.0,712955895.0,14442199726.0,0.007151220309885915
2023-06-14,5.81,5.95,5.76,5.9,233430816.0,1676646774.0,14442199726.0,0.016163106758574956
2023-06-15,5.92,6.12,5.88,6.03,214077201.0,1571526272.0,14442199726.0,0.014823032852440141
2023-06-16,6.02,6.25,6.0,6.13,213159029.0,1603245404.0,14442199726.0,0.01475945721871261
2023-06-19,6.22,6.24,5.95,6.09,186721099.0,1378946202.0,14442199726.0,0.012928854505719775
2023-06-20,6.09,6.09,5.98,6.05,108891487.0,801359335.0,14442199726.0,0.007539813121678746
2023-06-21,5.99,6.08,5.8,5.81,104523713.0,753476028.0,14442199726.0,0.007237381768916274
2023-06-26,5.77,5.82,5.59,5.63,116443715.0,804469047.0,14442199726.0,0.008062740940382422
2023-06-27,5.68,5.72,5.58,5.67,85152014.0,588886297.0,14442199726.0,0.005896055698959941
2023-06-28,5.67,5.74,5.53,5.68,105847329.0,728303937.0,14442199726.0,0.007329030965376084
2023-06-29,5.72,5.83,5.54,5.6,101353637.0,694688403.0,14442199726.0,0.007017880857687842
2023-06-30,5.58,5.66,5.51,5.58,115484226.0,787691773.0,14442199726.0,0.007996304454375887
2023-07-03,5.66,5.66,5.47,5.53,128416748.0,832842504.0,14442199726.0,0.00889177205940546
2023-07-04,5.56,5.71,5.53,5.67,105679850.0,698649798.0,14442199726.0,0.007317434463238083
2023-07-05,5.67,5.76,5.59,5.64,103353169.0,686044476.0,14442199726.0,0.007156331511877334
2023-07-06,5.64,5.93,5.62,5.79,193994029.0,1318857299.0,14442199726.0,0.01343244330368569
2023-07-07,5.77,5.88,5.73,5.78,137844529.0,938185640.0,14442199726.0,0.009544566036698779
2023-07-10,5.85,6.04,5.84,6.0,131248714.0,918296854.0,14442199726.0,0.00908786171705655
2023-07-11,5.99,6.02,5.86,6.01,106415199.0,742330861.0,14442199726.0,0.0073683511527972345
2023-07-12,6.13,6.21,6.01,6.05,139715989.0,997407501.0,14442199726.0,0.009674148789707715
2023-07-13,6.09,6.32,6.06,6.28,155806267.0,1135286320.0,14442199726.0,0.010788264250320893
2023-07-14,6.28,6.31,6.2,6.26,76558605.0,560679686.0,14442199726.0,0.005301034915212611
2023-07-17,6.24,6.24,6.13,6.15,68877026.0,497492064.0,14442199726.0,0.004769150635412006
2023-07-18,6.18,6.22,6.07,6.15,61588440.0,444084436.0,14442199726.0,0.004264477792058475
2023-07-19,6.14,6.27,6.12,6.24,75554114.0,548782406.0,14442199726.0,0.005231482421890445
2023-07-20,6.24,6.31,6.17,6.19,78437172.0,573733429.0,14442199726.0,0.005431109767772505
2023-07-21,6.18,6.25,6.11,6.15,93141290.0,672229123.0,14442199726.0,0.006449245389697777
2023-07-24,6.12,6.17,6.03,6.06,63035632.0,449614196.0,14442199726.0,0.004364683579781702
2023-07-25,6.19,6.37,6.12,6.35,141034602.0,1036817681.0,14442199726.0,0.009765451570794875
2023-07-26,6.33,6.33,6.17,6.21,79685220.0,579455187.0,14442199726.0,0.0055175265203225455
2023-07-27,6.22,6.28,6.17,6.21,47879356.0,349070352.0,14442199726.0,0.0033152398463098223
2023-07-28,6.17,6.25,6.14,6.22,65959225.0,479164780.0,14442199726.0,0.004567117631066613
2023-07-31,6.3,6.45,6.25,6.36,155198307.0,1156318532.0,14442199726.0,0.01074616816997757
2023-08-01,6.41,6.5,6.32,6.43,106524740.0,801003484.0,14442199726.0,0.007375935939192536
2023-08-02,6.4,6.5,6.34,6.39,88861994.0,665389774.0,14442199726.0,0.006152940388992374
2023-08-03,6.36,6.46,6.34,6.44,63888591.0,479336922.0,14442199726.0,0.0044237437656386
2023-08-04,6.48,6.53,6.38,6.45,76199648.0,574905809.0,14442199726.0,0.005276180183467434
2023-08-07,6.45,6.49,6.34,6.44,100374790.0,752300017.0,14442199726.0,0.0069501039941510636
2023-08-08,6.42,6.49,6.36,6.42,77840806.0,586276795.0,14442199726.0,0.005389816473723512
2023-08-09,6.4,6.42,6.31,6.34,55554514.0,413268651.0,14442199726.0,0.003846679526248784
2023-08-10,6.34,6.4,6.2,6.34,100903951.0,744848729.0,14442199726.0,0.0069867439112024365
2023-08-11,6.36,6.39,6.15,6.21,105127503.0,767077942.0,14442199726.0,0.007279189112081111
2023-08-14,6.17,6.32,6.05,6.3,125408969.0,914040923.0,14442199726.0,0.008683508840708579
2023-08-15,6.33,6.34,6.14,6.23,63010769.0,459054222.0,14442199726.0,0.004362962027630942
2023-08-16,6.22,6.26,6.18,6.21,69604242.0,506936221.0,14442199726.0,0.004819504183610817
2023-08-17,6.21,6.27,6.09,6.24,74964982.0,544006733.0,14442199726.0,0.0051906900210666705
2023-08-18,6.24,6.27,6.09,6.11,75705337.0,546116773.0,14442199726.0,0.005241953333723063
2023-08-21,6.11,6.28,6.04,6.15,88972564.0,645010483.0,14442199726.0,0.006160596424921647
2023-08-22,6.2,6.23,6.12,6.21,74736890.0,540985131.0,14442199726.0,0.005174896582094256
2023-08-23,6.19,6.25,6.1,6.11,103154038.0,743501693.0,14442199726.0,0.007142543376844032
2023-08-24,6.15,6.39,6.12,6.32,108079090.0,797149754.0,14442199726.0,0.007483561510745998
2023-08-25,6.3,6.4,6.27,6.3,113137019.0,838061960.0,14442199726.0,0.007833780251378307
2023-08-28,6.53,6.58,6.32,6.35,110044480.0,825527681.0,14442199726.0,0.007619648120631454
2023-08-29,6.34,6.46,6.29,6.39,104297305.0,778925749.0,14442199726.0,0.007221704932679727
2023-08-30,6.44,6.65,6.41,6.63,162327908.0,1248608233.0,14442199726.0,0.01123983264874563
2023-08-31,6.6,6.69,6.55,6.58,85652266.0,662293626.0,14442199726.0,0.005930693912631741
2023-09-01,6.56,6.64,6.45,6.47,68077482.0,520405316.0,14442199726.0,0.004713788985859369
2023-09-04,6.53,6.6,6.52,6.57,84888478.0,651873624.0,14442199726.0,0.005877808063211935
2023-09-05,6.56,6.65,6.49,6.52,80584492.0,616879919.0,14442199726.0,0.005579793489140395
2023-09-06,6.49,6.52,6.43,6.47,59054970.0,447047927.0,14442199726.0,0.004089056454030651
2023-09-07,6.49,6.5,6.4,6.43,45657868.0,344560784.0,14442199726.0,0.0031614206191736198
2023-09-08,6.4,6.44,6.3,6.32,45982823.0,341269890.0,14442199726.0,0.0031839210004289066
2023-09-11,6.4,6.43,6.33,6.39,55930456.0,417915640.0,14442199726.0,0.0038727103253744324
2023-09-12,6.39,6.4,6.28,6.31,51008947.0,378276420.0,14442199726.0,0.0035319375142118846
2023-09-13,6.29,6.4,6.29,6.31,52006326.0,385166796.0,14442199726.0,0.003600997561775445
2023-09-14,6.31,6.33,6.23,6.28,75350619.0,552665711.0,14442199726.0,0.005217392116821914
2023-09-15,6.28,6.31,6.18,6.2,83250544.0,607817842.0,14442199726.0,0.0057643950076473275
2023-09-18,6.18,6.35,6.17,6.35,87217796.0,642719150.0,14442199726.0,0.006039093604486272
2023-09-19,6.34,6.34,6.11,6.18,89426013.0,647675772.0,14442199726.0,0.0061919939272829854
2023-09-20,6.2,6.25,6.17,6.19,65984274.0,479466431.0,14442199726.0,0.00456885206214188
2023-09-21,6.17,6.19,6.08,6.11,58830886.0,421334725.0,14442199726.0,0.004073540535108925
2023-09-22,6.11,6.28,6.08,6.27,65525043.0,474729568.0,14442199726.0,0.004537054205256322
2023-09-25,6.27,6.28,6.18,6.21,52992016.0,386415280.0,14442199726.0,0.003669248245099363
2023-09-26,6.23,6.27,6.19,6.25,46718645.0,340888627.0,14442199726.0,0.0032348704412315647
2023-09-27,6.23,6.34,6.2,6.28,60634733.0,446176321.0,14442199726.0,0.0041984416605761595
2023-09-28,6.29,6.31,6.06,6.11,91899787.0,658672892.0,14442199726.0,0.006363281822959052
2023-10-09,6.11,6.26,6.05,6.23,72934827.0,528366779.0,14442199726.0,0.00505011898351585
2023-10-10,6.23,6.26,6.05,6.2,69821128.0,504243826.0,14442199726.0,0.0048345217020023925
2023-10-11,6.23,6.39,6.2,6.21,89236438.0,656069604.0,14442199726.0,0.006178867464306663
2023-10-12,6.26,6.34,6.22,6.25,48953678.0,358753024.0,14442199726.0,0.003389627544886371
2023-10-13,6.23,6.23,6.11,6.17,55271386.0,398860167.0,14442199726.0,0.0038270753104526064
2023-10-16,6.17,6.19,6.05,6.05,58831840.0,419274224.0,14442199726.0,0.004073606591528175
2023-10-17,6.05,6.11,5.88,6.07,81658044.0,576825052.0,14442199726.0,0.005654127871739142
2023-10-18,6.12,6.13,5.97,6.0,102081165.0,720497954.0,14442199726.0,0.007068256009243892
2023-10-19,5.98,5.99,5.85,5.86,73062898.0,505097140.0,14442199726.0,0.005058986815454874
2023-10-20,5.84,5.87,5.73,5.76,125706401.0,849989812.0,14442199726.0,0.008704103487344335
2023-10-23,5.77,5.84,5.71,5.79,55956859.0,378841073.0,14442199726.0,0.003874538509480796
2023-10-24,5.81,5.84,5.7,5.78,86975752.0,589308335.0,14442199726.0,0.006022334107692703
2023-10-25,5.89,6.04,5.61,5.75,193866588.0,1302324503.0,14442199726.0,0.01342361909391032
2023-10-26,5.7,5.79,5.67,5.78,87260004.0,586549196.0,14442199726.0,0.006042016150968165
2023-10-27,5.77,5.98,5.74,5.95,91492226.0,633054503.0,14442199726.0,0.00633506167590858
2023-10-30,5.92,5.99,5.82,5.94,111612192.0,771808322.0,14442199726.0,0.0077281988975036004
2023-10-31,5.94,5.98,5.89,5.91,85174783.0,590844815.0,14442199726.0,0.0058976322593476925
2023-11-01,5.92,5.99,5.88,5.93,79956050.0,556284224.0,14442199726.0,0.005536279203787547
2023-11-02,5.93,5.99,5.87,5.91,57316611.0,397680790.0,14442199726.0,0.00396868981785469
2023-11-03,5.89,5.95,5.84,5.87,77389980.0,535317632.0,14442199726.0,0.0053586005918943485
2023-11-06,5.92,5.98,5.82,5.96,94125864.0,651716619.0,14442199726.0,0.006517418799474648
2023-11-07,5.93,5.98,5.92,5.93,59830213.0,416341058.0,14442199726.0,0.004142735465172171
2023-11-08,5.93,6.02,5.89,5.95,85878223.0,598975688.0,14442199726.0,0.005946339520938432
2023-11-09,5.94,5.94,5.85,5.88,77181429.0,531895159.0,14442199726.0,0.005344160201652096
2023-11-10,5.83,5.91,5.82,5.89,54728256.0,376187516.0,14442199726.0,0.0037894681584740744
2023-11-13,5.89,5.91,5.77,5.78,57749106.0,393721469.0,14442199726.0,0.003998636433204524
2023-11-14,5.79,5.85,5.72,5.73,79974509.0,541758092.0,14442199726.0,0.005537557333182667
2023-11-15,5.8,5.87,5.7,5.75,97298305.0,654177395.0,14442199726.0,0.006737083466920613
2023-11-16,5.72,5.76,5.7,5.73,88838155.0,596364394.0,14442199726.0,0.006151289740167937
2023-11-17,5.7,5.75,5.65,5.67,75863307.0,504714300.0,14442199726.0,0.005252891418155977
2023-11-20,5.67,5.76,5.58,5.72,109542658.0,728374212.0,14442199726.0,0.007584901197758162
2023-11-21,5.72,5.78,5.7,5.71,119389823.0,802507196.0,14442199726.0,0.008266733964706561
2023-11-22,5.7,5.81,5.68,5.76,84621481.0,570343346.0,14442199726.0,0.00585932078252994
2023-11-23,5.76,5.76,5.67,5.76,64737365.0,433644057.0,14442199726.0,0.0044825141756940695
2023-11-24,5.76,5.82,5.7,5.72,54449725.0,366591100.0,14442199726.0,0.003770182245989526
2023-11-27,5.7,5.72,5.61,5.68,88906721.0,588959959.0,14442199726.0,0.0061560373548873604
2023-11-28,5.67,5.73,5.64,5.7,63694299.0,424233737.0,14442199726.0,0.004410290690367094
2023-11-29,5.7,5.71,5.59,5.65,86070116.0,569106260.0,14442199726.0,0.005959626485780398
2023-11-30,5.63,5.64,5.57,5.58,90097303.0,590840090.0,14442199726.0,0.006238475073696678
2023-12-01,5.57,5.58,5.27,5.38,215528959.0,1354900054.0,14442199726.0,0.014923554796987579
2023-12-04,5.35,5.37,5.19,5.29,157716533.0,977797224.0,14442199726.0,0.01092053399012798
2023-12-05,5.29,5.34,5.17,5.17,115229298.0,706464935.0,14442199726.0,0.007978652849714786
2023-12-06,5.21,5.22,5.1,5.14,144197918.0,868593671.0,14442199726.0,0.009984484409283123
2023-12-07,5.15,5.28,5.11,5.24,106013723.0,647968966.0,14442199726.0,0.007340552340454456
2023-12-08,5.23,5.26,5.16,5.18,96403923.0,587103634.0,14442199726.0,0.006675155089182569
2023-12-11,5.18,5.29,5.1,5.25,132702736.0,810345444.0,14442199726.0,0.009188540424427032
2023-12-12,5.33,5.44,5.3,5.41,187079558.0,1179246000.0,14442199726.0,0.012953674755183204
2023-12-13,5.38,5.42,5.29,5.35,100797170.0,632303263.0,14442199726.0,0.006979350231428865
2023-12-14,5.35,5.42,5.29,5.32,127721994.0,800699062.0,14442199726.0,0.008843666229740936
2023-12-15,5.31,5.41,5.26,5.31,87242170.0,544764888.0,14442199726.0,0.006040781297529052
2023-12-18,5.28,5.31,5.21,5.23,68609885.0,422081964.0,14442199726.0,0.004750653383949747
2023-12-19,5.21,5.29,5.17,5.28,58077404.0,357000897.0,14442199726.0,0.004021368288893307
2023-12-20,5.29,5.3,5.18,5.18,62058149.0,381668607.0,14442199726.0,0.004297001161691316
2023-12-21,5.17,5.28,5.13,5.24,93534636.0,572050645.0,14442199726.0,0.0064764812684048045
2023-12-22,5.21,5.23,5.04,5.07,149856236.0,896065169.0,14442199726.0,0.010376275002638057
2023-12-25,5.11,5.17,5.06,5.16,82769915.0,496745581.0,14442199726.0,0.005731115520511117
2023-12-26,5.19,5.24,5.15,5.22,68959440.0,419844913.0,14442199726.0,0.004774857106833505
2023-12-27,5.23,5.24,5.08,5.12,101180223.0,607920225.0,14442199726.0,0.00700587340707159
2023-12-28,5.13,5.35,5.1,5.34,101691332.0,626349445.0,14442199726.0,0.007041263376030394
2023-12-29,5.34,5.41,5.33,5.4,86661112.0,546453525.0,14442199726.0,0.00600054795281537
2024-01-02,5.4,5.42,5.23,5.24,96963122.0,601953153.0,14442199726.0,0.006713874883300447
2024-01-03,5.24,5.33,5.22,5.31,58088308.0,359979910.0,14442199726.0,0.004022123298532203
2024-01-04,5.31,5.37,5.24,5.26,63014525.0,390096687.0,14442199726.0,0.004363222098816168
2024-01-05,5.24,5.34,5.19,5.29,101366511.0,627911359.0,14442199726.0,0.007018772273140076
2024-01-08,5.25,5.41,5.23,5.37,124987859.0,785266964.0,14442199726.0,0.008654350540173383
2024-01-09,5.37,5.41,5.27,5.29,92871083.0,576786404.0,14442199726.0,0.006430535843705725
2024-01-10,5.29,5.3,5.22,5.22,67825080.0,415733355.0,14442199726.0,0.00469631228530207
2024-01-11,5.21,5.28,5.19,5.24,57711909.0,353685746.0,14442199726.0,0.0039960608560275215
2024-01-12,5.22,5.23,5.1,5.11,113551966.0,682276769.0,14442199726.0,0.007862511816366498
2024-01-15,5.1,5.15,5.06,5.08,69076487.0,412448618.0,14442199726.0,0.00478296162015008
2024-01-16,5.09,5.1,4.92,4.99,130560608.0,761139283.0,14442199726.0,0.00904021620508089
2024-01-17,4.99,5.01,4.87,4.87,69871485.0,405023732.0,14442199726.0,0.0048380084977090974
2024-01-18,4.85,4.98,4.81,4.96,116293884.0,666923210.0,14442199726.0,0.008052366412759025
2024-01-19,4.94,4.99,4.87,4.93,106953000.0,618183377.0,14442199726.0,0.007405589316664461
2024-01-22,4.94,4.95,4.72,4.76,102815915.0,584624462.0,14442199726.0,0.007119131223126806
2024-01-23,4.76,4.89,4.73,4.87,86207865.0,485049303.0,14442199726.0,0.005969164437243014
2024-01-24,4.88,5.07,4.87,5.06,107174300.0,623868142.0,14442199726.0,0.0074209124671677455
2024-01-25,5.06,5.08,4.98,5.06,97665615.0,576618977.0,14442199726.0,0.006762516573162645
2024-01-26,5.03,5.05,4.88,4.99,153486105.0,892135272.0,14442199726.0,0.010627612684491689
2024-01-29,4.98,5.03,4.94,4.94,82545717.0,481429180.0,14442199726.0,0.005715591708055015
2024-01-30,4.99,5.0,4.86,4.86,97026900.0,559185483.0,14442199726.0,0.006718290969576084
2024-01-31,4.86,4.94,4.82,4.82,85303189.0,487333687.0,14442199726.0,0.005906523287199137
2024-02-01,4.82,4.93,4.74,4.85,107656235.0,609370509.0,14442199726.0,0.00745428238374163
2024-02-02,4.85,4.93,4.71,4.84,100032729.0,568071052.0,14442199726.0,0.006926419167290222
2024-02-05,4.82,4.92,4.74,4.84,137822392.0,779395576.0,14442199726.0,0.009543033236957743
2024-02-06,4.82,5.12,4.8,5.07,165805058.0,976381864.0,14442199726.0,0.011480595833438344
2024-02-07,5.1,5.16,5.0,5.11,150930375.0,897115770.0,14442199726.0,0.010450650030014687
2024-02-08,5.11,5.17,5.07,5.13,125464005.0,752948939.0,14442199726.0,0.00868731961753234
2024-02-19,5.23,5.35,5.18,5.32,129032718.0,798381859.0,14442199726.0,0.008934422764400981
2024-02-20,5.29,5.35,5.26,5.32,92348021.0,573541985.0,14442199726.0,0.0063943182307434595
2024-02-21,5.29,5.44,5.23,5.35,135752727.0,849441680.0,14442199726.0,0.009399726466571924
2024-02-22,5.31,5.39,5.27,5.38,119086447.0,744820006.0,14442199726.0,0.008245727746418787
2024-02-23,5.36,5.54,5.32,5.51,144535797.0,926738080.0,14442199726.0,0.010007879668067125
2024-02-26,5.51,5.51,5.39,5.4,98741607.0,626706936.0,14442199726.0,0.006837019905093646
2024-02-27,5.38,5.44,5.34,5.42,111519876.0,704437687.0,14442199726.0,0.007721806796455876
2024-02-28,5.43,5.45,5.28,5.29,100741780.0,632854924.0,14442199726.0,0.00697551494310362
2024-02-29,5.27,5.4,5.25,5.38,91466583.0,572947516.0,14442199726.0,0.006333286115364723
2024-03-01,5.36,5.4,5.31,5.39,111720979.0,700098138.0,14442199726.0,0.007735731475785574
2024-03-04,5.39,5.47,5.36,5.44,100898610.0,639491838.0,14442199726.0,0.006986374092192775
2024-03-05,5.41,5.46,5.34,5.42,105622639.0,666466194.0,14442199726.0,0.007313473086087412
2024-03-06,5.4,5.45,5.35,5.35,68632116.0,432955182.0,14442199726.0,0.004752192692394566
2024-03-07,5.34,5.37,5.29,5.29,64379792.0,401983683.0,14442199726.0,0.004457755274225876
2024-03-08,5.29,5.35,5.24,5.3,62331136.0,385534088.0,14442199726.0,0.004315903199135691
2024-03-11,5.28,5.35,5.22,5.35,97187827.0,602401499.0,14442199726.0,0.006729433801212064
2024-03-12,5.35,5.62,5.32,5.54,158931241.0,1024517975.0,14442199726.0,0.011004642230080734
2024-03-13,5.52,5.58,5.44,5.46,90176682.0,579424262.0,14442199726.0,0.006243971397075803
2024-03-14,5.51,5.53,5.42,5.46,106276750.0,680645107.0,14442199726.0,0.007358764732263889
2024-03-15,5.47,5.49,5.39,5.47,67578789.0,429971543.0,14442199726.0,0.004679258719732235
2024-03-18,5.48,5.66,5.45,5.65,137013688.0,894167324.0,14442199726.0,0.009487037334993854
2024-03-19,5.64,5.69,5.42,5.44,145113844.0,938178747.0,14442199726.0,0.010047904526535143
2024-03-20,5.42,5.7,5.41,5.68,204181088.0,1340615990.0,14442199726.0,0.01413781085110026
2024-03-21,5.71,5.76,5.66,5.74,124822108.0,835104331.0,14442199726.0,0.008642873687398554
2024-03-22,5.71,5.76,5.66,5.75,133726744.0,894645475.0,14442199726.0,0.009259444304682648
2024-03-25,5.76,5.77,5.65,5.66,97931488.0,655893722.0,14442199726.0,0.006780926026365355
2024-03-26,5.66,5.71,5.58,5.64,94280111.0,621925388.0,14442199726.0,0.006528099097692814
2024-03-27,5.64,5.67,5.51,5.51,102540428.0,670015796.0,14442199726.0,0.007100056081858399
2024-03-28,5.51,5.61,5.48,5.55,63143879.0,410970689.0,14442199726.0,0.004372178767637685
2024-03-29,5.53,5.58,5.49,5.57,44558774.0,288334165.0,14442199726.0,0.003085317669425506
2024-04-01,5.58,5.77,5.58,5.73,92562026.0,619542851.0,14442199726.0,0.00640913626428822
2024-04-02,5.74,5.81,5.7,5.73,74707922.0,502369339.0,14442199726.0,0.005172890793464436
2024-04-03,5.73,5.89,5.72,5.84,130132833.0,885441825.0,14442199726.0,0.009010596409750828
2024-04-08,5.83,5.97,5.77,5.91,168556817.0,1165953126.0,14442199726.0,0.01167113183572379
2024-04-09,5.89,5.98,5.82,5.96,121269039.0,839586665.0,14442199726.0,0.008396853755019175
2024-04-10,5.98,6.05,5.91,5.97,124477319.0,870648807.0,14442199726.0,0.008618999969644929
2024-04-11,5.95,6.08,5.93,6.01,104626330.0,737077536.0,14442199726.0,0.0072444871269605375
2024-04-12,5.98,6.03,5.88,5.91,97383209.0,677616806.0,14442199726.0,0.006742962349750847
2024-04-15,5.91,6.07,5.89,5.99,108913591.0,765338050.0,14442199726.0,0.007541343636449305
2024-04-16,6.01,6.07,5.92,5.96,135904482.0,953290189.0,14442199726.0,0.009410234214898297
2024-04-17,5.95,6.04,5.9,6.03,82722299.0,578760301.0,14442199726.0,0.00572781851583708
2024-04-18,6.0,6.05,5.94,5.98,78286938.0,549666372.0,14442199726.0,0.005420707335812675
2024-04-19,5.96,5.99,5.88,5.93,66260750.0,459935298.0,14442199726.0,0.004587995683283074
2024-04-22,5.9,5.99,5.89,5.96,68445114.0,476512586.0,14442199726.0,0.004739244387873936
2024-04-23,5.96,6.06,5.88,5.89,82740481.0,574444907.0,14442199726.0,0.005729077465328497
2024-04-24,5.9,6.0,5.85,5.98,79263134.0,549894620.0,14442199726.0,0.00548830064005445
2024-04-25,5.99,6.06,5.92,5.97,53821843.0,377619721.0,14442199726.0,0.0037267067358932606
2024-04-26,5.94,5.99,5.77,5.85,142292887.0,975815178.0,14442199726.0,0.00985257714888356
2024-04-29,5.87,6.02,5.81,5.99,157543313.0,1094115656.0,14442199726.0,0.010908539972368472
2024-04-30,5.82,5.86,5.52,5.55,478184585.0,3150123475.0,14442199726.0,0.03311023210260235
2024-05-06,5.6,5.72,5.54,5.65,286755258.0,1895809443.0,14442199726.0,0.019855372688397342
2024-05-07,5.65,5.73,5.61,5.66,122269412.0,810344486.0,14442199726.0,0.008466121111722395
2024-05-08,5.63,5.65,5.52,5.55,147573077.0,962503508.0,14442199726.0,0.010218185581129111
2024-05-09,5.54,5.67,5.54,5.64,99631432.0,655304365.0,14442199726.0,0.006898632749181245
2024-05-10,5.65,5.73,5.63,5.65,84140008.0,558065428.0,14442199726.0,0.005825982855542736
2024-05-13,5.63,5.67,5.58,5.66,84859084.0,560309780.0,14442199726.0,0.0058757727776905
2024-05-14,5.67,5.89,5.66,5.83,181592727.0,1233216673.0,14442199726.0,0.01257375818401696
2024-05-15,5.81,5.93,5.79,5.89,115697033.0,797459086.0,14442199726.0,0.008011039536568171
2024-05-16,5.87,5.9,5.72,5.76,105424176.0,714249031.0,14442199726.0,0.007299731204395892
2024-05-17,5.76,5.89,5.76,5.81,110931313.0,756986521.0,14442199726.0,0.007681053794062451
2024-05-20,5.79,5.86,5.77,5.84,100141682.0,682291043.0,14442199726.0,0.006933963239666112
2024-05-21,5.82,5.86,5.74,5.77,77351065.0,525154678.0,14442199726.0,0.005355906057769471
2024-05-22,5.77,5.8,5.74,5.75,64651735.0,436633445.0,14442199726.0,0.004476585023513335
2024-05-23,5.75,5.76,5.64,5.69,97170294.0,647034158.0,14442199726.0,0.006728219789473364
2024-05-24,5.68,5.7,5.58,5.59,73914053.0,488019047.0,14442199726.0,0.005117922089592351
2024-05-27,5.6,5.64,5.55,5.62,58802948.0,384817273.0,14442199726.0,0.004071606065254606
2024-05-28,5.6,5.64,5.51,5.53,77552321.0,504601806.0,14442199726.0,0.0053698413310532
2024-05-29,5.51,5.56,5.49,5.52,56550655.0,365578520.0,14442199726.0,0.003915653852798684
2024-05-30,5.51,5.55,5.41,5.43,107555087.0,688376069.0,14442199726.0,0.007447278741504367
2024-05-31,5.41,5.47,5.41,5.41,77320618.0,492080667.0,14442199726.0,0.005353797860917354
2024-06-03,5.41,5.52,5.38,5.45,115530505.0,737973631.0,14442199726.0,0.007999508883124831
2024-06-04,5.46,5.61,5.44,5.6,89105548.0,579990705.0,14442199726.0,0.00616980444049566
2024-06-05,5.61,5.7,5.55,5.58,91652651.0,603233286.0,14442199726.0,0.006346169748296694
2024-06-06,5.58,5.64,5.56,5.58,69067337.0,452786015.0,14442199726.0,0.004782328060154124
2024-06-07,5.58,5.6,5.46,5.56,73116999.0,473474921.0,14442199726.0,0.005062732851448449
2024-06-11,5.52,5.54,5.42,5.49,103836770.0,664741929.0,14442199726.0,0.0071898167848395535
2024-06-12,5.48,5.54,5.47,5.48,87358999.0,562896931.0,14442199726.0,0.006048870716192171
2024-06-13,5.54,5.55,5.46,5.48,121791237.0,744574077.0,14442199726.0,0.008433011543299855
2024-06-14,5.49,5.58,5.39,5.48,123746940.0,752142763.0,14442199726.0,0.008568427410487953
2024-06-17,5.46,5.53,5.44,5.53,55705533.0,339677481.0,14442199726.0,0.0038571363128093606
2024-06-18,5.53,5.57,5.42,5.45,78102712.0,474130808.0,14442199726.0,0.0054079512457782496
2024-06-19,5.46,5.47,5.4,5.44,72564419.0,437947308.0,14442199726.0,0.005024471367015078
2024-06-20,5.43,5.44,5.34,5.4,108852275.0,652296100.0,14442199726.0,0.007537098022819574
2024-06-21,5.38,5.51,5.37,5.48,112569720.0,681003035.0,14442199726.0,0.007794499600870566
2024-06-24,5.46,5.51,5.4,5.42,81052855.0,491245363.0,14442199726.0,0.005612223659674376
2024-06-25,5.43,5.45,5.28,5.35,112849165.0,672245279.0,14442199726.0,0.00781384880011318
2024-06-26,5.35,5.43,5.31,5.41,87246613.0,520990536.0,14442199726.0,0.006041088937645121
2024-06-27,5.38,5.5,5.37,5.41,72685646.0,439343056.0,14442199726.0,0.0050328653099254335
2024-06-28,5.39,5.52,5.38,5.46,71876237.0,436602830.0,14442199726.0,0.004976820592683167
2024-07-01,5.44,5.49,5.36,5.48,62764360.0,378586159.0,14442199726.0,0.004345900291560612
2024-07-02,5.46,5.62,5.46,5.58,91668960.0,565768064.0,14442199726.0,0.006347299008403147
2024-07-03,5.58,5.67,5.55,5.66,69787321.0,435978934.0,14442199726.0,0.004832180853610776
2024-07-04,5.63,5.73,5.61,5.64,76693634.0,482130962.0,14442199726.0,0.0053103845297146806
2024-07-05,5.62,5.65,5.58,5.6,58241905.0,363079265.0,14442199726.0,0.0040327585897561215
2024-07-08,5.59,5.64,5.5,5.53,60430198.0,373525270.0,14442199726.0,0.004184279344316831
2024-07-09,5.53,5.57,5.42,5.47,77697114.0,472488326.0,14442199726.0,0.005379867019850408
2024-07-10,5.46,5.49,5.4,5.42,80660528.0,487602251.0,14442199726.0,0.005585058338086025
2024-07-11,5.46,5.48,5.04,5.17,355669885.0,2051792266.0,14442199726.0,0.024627126874564316
2024-07-12,5.27,5.48,5.23,5.46,274255218.0,1644405681.0,14442199726.0,0.018989850798577717
2024-07-15,5.41,5.46,5.35,5.37,95750478.0,573752380.0,14442199726.0,0.006629909557864814
2024-07-16,5.37,5.39,5.3,5.35,76223009.0,453001053.0,14442199726.0,0.005277797734840715
2024-07-17,5.35,5.43,5.31,5.4,82374622.0,491289156.0,14442199726.0,0.005703744828545933
2024-07-18,5.39,5.49,5.37,5.44,89200597.0,537734731.0,14442199726.0,0.006176385778643815
2024-07-19,5.44,5.54,5.43,5.5,93884111.0,572122474.0,14442199726.0,0.006500679451966194
2024-07-22,5.49,5.52,5.39,5.41,88230695.0,531768176.0,14442199726.0,0.006109228280589422
2024-07-23,5.41,5.43,5.19,5.19,130402795.0,763187391.0,14442199726.0,0.009029288991568126
2024-07-24,5.19,5.2,5.1,5.1,74480820.0,424634577.0,14442199726.0,0.005157165903606338
2024-07-25,5.09,5.19,5.06,5.18,72444192.0,413485799.0,14442199726.0,0.005016146665634335
2024-07-26,5.18,5.21,5.13,5.19,54130386.0,311005545.0,14442199726.0,0.003748070725164544
2024-07-29,5.19,5.19,5.07,5.16,59096685.0,336881500.0,14442199726.0,0.004091944864438444
2024-07-30,5.15,5.17,5.0,5.07,92216821.0,517914525.0,14442199726.0,0.0063852337420582765
2024-07-31,5.05,5.24,5.04,5.22,95829659.0,551618953.0,14442199726.0,0.006635392171421076
2024-08-01,5.22,5.27,5.13,5.14,58571476.0,336396918.0,14442199726.0,0.0040555785899121
2024-08-02,5.1,5.16,5.1,5.12,46388022.0,263987726.0,14442199726.0,0.003211977598986433
2024-08-05,5.1,5.33,5.09,5.24,141611955.0,826889324.0,14442199726.0,0.00980542837564134
2024-08-06,5.26,5.3,5.13,5.22,68231746.0,393952834.0,14442199726.0,0.004724470461183539
2024-08-07,5.2,5.28,5.16,5.18,45938089.0,265420860.0,14442199726.0,0.0031808235498432132
2024-08-08,5.19,5.39,5.17,5.36,119429317.0,704086662.0,14442199726.0,0.008269468589677085
2024-08-09,5.38,5.43,5.18,5.2,117221169.0,683701971.0,14442199726.0,0.008116573044545916
2024-08-12,5.24,5.34,5.17,5.28,85962597.0,504261427.0,14442199726.0,0.005952181705757972
2024-08-13,5.29,5.33,5.27,5.32,52858816.0,311144123.0,14442199726.0,0.0036600252733549545
2024-08-14,5.32,5.35,5.23,5.32,71898237.0,422585777.0,14442199726.0,0.004978343906334647
2024-08-15,5.3,5.37,5.24,5.26,99792405.0,585684686.0,14442199726.0,0.006909778765927586
2024-08-16,5.26,5.27,5.19,5.21,64733672.0,375251525.0,14442199726.0,0.004482258466725209
2024-08-19,5.22,5.28,5.13,5.14,81172299.0,468044541.0,14442199726.0,0.005620494144937433
2024-08-20,5.13,5.15,5.04,5.07,102339924.0,577547926.0,14442199726.0,0.007086172878204939
2024-08-21,5.06,5.1,5.04,5.05,58903072.0,331157546.0,14442199726.0,0.0040785388041655445
2024-08-22,5.07,5.1,5.0,5.01,65142589.0,363426688.0,14442199726.0,0.004510572505289836
2024-08-23,4.99,5.04,4.97,5.01,49260873.0,274151494.0,14442199726.0,0.003410898196575737
2024-08-26,5.01,5.03,4.93,4.99,68630382.0,379207586.0,14442199726.0,0.0047520726275822175
2024-08-27,4.97,5.0,4.93,4.97,48501273.0,267446421.0,14442199726.0,0.0033583023306819485
2024-08-28,4.96,5.0,4.92,4.98,64934975.0,357995766.0,14442199726.0,0.00449619699436083
2024-08-29,4.98,4.99,4.87,4.98,101297385.0,554252813.0,14442199726.0,0.00701398588316407
2024-08-30,4.95,5.21,4.95,5.16,178788692.0,1015706902.0,14442199726.0,0.012379602511529482
2024-09-02,5.13,5.16,5.01,5.01,69280731.0,390189251.0,14442199726.0,0.004797103787124292
2024-09-03,5.01,5.12,5.0,5.1,83905820.0,474311085.0,14442199726.0,0.005809767320205803
2024-09-04,5.08,5.19,5.06,5.11,83931269.0,478856223.0,14442199726.0,0.005811529447892916
2024-09-05,5.1,5.19,5.09,5.18,65188756.0,374199121.0,14442199726.0,0.0045137691789874645
2024-09-06,5.18,5.22,5.14,5.17,49326312.0,283551429.0,14442199726.0,0.0034154292930320606
2024-09-09,5.14,5.16,4.93,4.95,104068676.0,579056314.0,14442199726.0,0.00720587431100591
2024-09-10,4.96,5.06,4.91,5.03,69570932.0,386146543.0,14442199726.0,0.004817197748259419
2024-09-11,5.01,5.12,5.01,5.06,86704941.0,488890868.0,14442199726.0,0.006003582739816764
2024-09-12,5.04,5.09,4.82,4.85,163944223.0,890751829.0,14442199726.0,0.011351748771681542
2024-09-13,4.83,4.89,4.73,4.75,108859216.0,579226934.0,14442199726.0,0.007537578628276616
2024-09-18,4.76,4.83,4.73,4.82,64250632.0,341809551.0,14442199726.0,0.0044488120382611025
2024-09-19,4.82,4.9,4.7,4.88,155352291.0,831611752.0,14442199726.0,0.010756830257673449
2024-09-20,4.84,5.01,4.82,5.0,134079959.0,737081330.0,14442199726.0,0.00928390145156479
2024-09-23,4.99,5.13,4.97,5.04,121208736.0,681086292.0,14442199726.0,0.008392678283058942
2024-09-24,5.09,5.3,5.05,5.29,173749189.0,1001296016.0,14442199726.0,0.012030659615321817
2024-09-25,5.4,5.45,5.26,5.28,154555375.0,918504093.0,14442199726.0,0.010701650574860635
2024-09-26,5.31,5.74,5.28,5.74,240699773.0,1458514930.0,14442199726.0,0.01666642045994372
2024-09-27,5.82,6.1,5.82,5.97,303805351.0,1975845197.0,14442199726.0,0.02103594720775571
2024-09-30,6.18,6.49,6.16,6.47,318060293.0,2208328673.0,14442199726.0,0.02202298119637568
2024-10-08,7.13,7.13,6.42,6.82,449487545.0,3369698136.0,14442199726.0,0.031123205157646217
2024-10-09,6.72,6.72,6.25,6.37,311597897.0,2198198242.0,14442199726.0,0.021575515012372846
2024-10-10,6.36,6.61,6.26,6.5,205064225.0,1450621382.0,14442199726.0,0.01419896060783781
2024-10-11,6.5,6.55,6.18,6.28,142271878.0,984719117.0,14442199726.0,0.009851122453587926
2024-10-14,6.31,6.41,6.18,6.38,167139937.0,1152577282.0,14442199726.0,0.011573024897246183
2024-10-15,6.37,6.49,6.32,6.32,176472892.0,1234138837.0,14442199726.0,0.012219252977252449
2024-10-16,6.24,6.58,6.21,6.44,213656210.0,1510373266.0,14442199726.0,0.014793882791646971
2024-10-17,6.46,6.57,6.38,6.38,119899123.0,847436235.0,14442199726.0,0.008301998675738297
2024-10-18,6.38,6.51,6.27,6.4,180656543.0,1255643706.0,14442199726.0,0.012508935371858047
2024-10-21,6.41,6.43,6.18,6.41,193448092.0,1336613216.0,14442199726.0,0.013394641790733535
2024-10-22,6.37,6.86,6.35,6.65,342203824.0,2489553858.0,14442199726.0,0.023694716213066725
2024-10-23,6.66,6.82,6.65,6.72,224388538.0,1651165967.0,14442199726.0,0.015537005598671915
2024-10-24,6.66,6.84,6.61,6.82,147867549.0,1095191322.0,14442199726.0,0.010238575272837214
2024-10-25,6.78,6.92,6.63,6.78,162511232.0,1197393780.0,14442199726.0,0.011252526282920344
2024-10-28,6.74,6.98,6.69,6.87,167241878.0,1253135706.0,14442199726.0,0.01158008344801643
2024-10-29,6.89,6.89,6.65,6.72,146973636.0,1082736106.0,14442199726.0,0.01017667936937656
2024-10-30,6.65,6.8,6.6,6.68,100631214.0,734336533.0,14442199726.0,0.006967859184140465
2024-10-31,6.65,6.69,6.55,6.59,103675037.0,746440976.0,14442199726.0,0.007178618144530706
2024-11-01,6.58,6.73,6.55,6.63,114111094.0,825137404.0,14442199726.0,0.007901226694335774
2024-11-04,6.66,6.69,6.56,6.65,83069223.0,600185509.0,14442199726.0,0.005751840064256428
2024-11-05,6.65,6.94,6.59,6.86,132529557.0,983110455.0,14442199726.0,0.009176549245570239
2024-11-06,6.84,7.01,6.81,6.89,110963306.0,834066609.0,14442199726.0,0.00768326903831935
2024-11-07,6.85,7.01,6.81,7.01,118205061.0,894136956.0,14442199726.0,0.008184699231599589
2024-11-08,7.07,7.11,6.79,6.86,121437356.0,920226390.0,14442199726.0,0.008408508281558992
2024-11-11,6.76,6.8,6.61,6.78,129225451.0,947470373.0,14442199726.0,0.00894776789212782
2024-11-12,6.77,6.91,6.59,6.62,129655463.0,951869338.0,14442199726.0,0.008977542580759626
2024-11-13,6.59,6.8,6.58,6.76,101408556.0,743947689.0,14442199726.0,0.007021683533252641
2024-11-14,6.73,6.95,6.68,6.68,123196381.0,915133187.0,14442199726.0,0.008530305863185927
2024-11-15,6.66,6.86,6.63,6.64,95479555.0,703552538.0,14442199726.0,0.00661115043493756
2024-11-18,6.66,6.69,6.47,6.55,111596673.0,800047832.0,14442199726.0,0.007727124338205541
2024-11-19,6.52,6.61,6.47,6.58,66081274.0,472832498.0,14442199726.0,0.00457556849051431
2024-11-20,6.58,6.65,6.49,6.58,80158336.0,574707769.0,14442199726.0,0.005550285795846776
2024-11-21,6.56,6.62,6.53,6.59,57719632.0,414304274.0,14442199726.0,0.003996595608360721
2024-11-22,6.59,6.63,6.41,6.41,76093381.0,542103814.0,14442199726.0,0.0052688220938400835
2024-11-25,6.39,6.44,6.28,6.36,88596599.0,614788466.0,14442199726.0,0.006134564033240818
2024-11-26,6.32,6.44,6.28,6.29,69274772.0,480139784.0,14442199726.0,0.004796691176849329
2024-11-27,6.25,6.4,6.2,6.38,85652092.0,589880021.0,14442199726.0,0.005930681864605589
2024-11-28,6.41,6.41,6.23,6.25,88644676.0,608444297.0,14442199726.0,0.006137892958260007
2024-11-29,6.25,6.41,6.23,6.32,95830935.0,661715327.0,14442199726.0,0.006635480523612861
2024-12-02,6.34,6.44,6.28,6.39,99892126.0,692609600.0,14442199726.0,0.0069166836005020915
2024-12-03,6.39,6.52,6.31,6.43,116967183.0,820177020.0,14442199726.0,0.00809898666540571
2024-12-04,6.39,6.47,6.35,6.41,75732274.0,529475030.0,14442199726.0,0.005243818492806239
2024-12-05,6.39,6.54,6.38,6.49,103165911.0,730796126.0,14442199726.0,0.007143365481525124
2024-12-06,6.49,6.51,6.39,6.44,110533680.0,778925752.0,14442199726.0,0.0076535210769179745
2024-12-09,6.45,6.46,6.23,6.3,196608075.0,1352541815.0,14442199726.0,0.013613443847203584
2024-12-10,6.46,6.69,6.43,6.46,213939000.0,1527890674.0,14442199726.0,0.01481346360380614
2024-12-11,6.44,6.51,6.35,6.4,121830756.0,853630304.0,14442199726.0,0.008435747899308618
2024-12-12,6.42,6.45,6.32,6.45,153300163.0,1068404410.0,14442199726.0,0.01061473777599245
2024-12-13,6.39,6.49,6.35,6.36,165867368.0,1162915045.0,14442199726.0,0.01148491027314851
2024-12-16,6.37,6.48,6.3,6.32,142580241.0,992499617.0,14442199726.0,0.00987247397938388
2024-12-17,6.32,6.41,6.29,6.32,103904922.0,719617388.0,14442199726.0,0.007194535733565716
2024-12-18,6.33,6.47,6.31,6.36,105243039.0,734660798.0,14442199726.0,0.0072871890014464405
2024-12-19,6.34,6.35,6.25,6.34,85547782.0,588023762.0,14442199726.0,0.00592345928065169
2024-12-20,6.34,6.42,6.3,6.34,75624835.0,524631737.0,14442199726.0,0.005236379252106183
2024-12-23,6.34,6.38,6.3,6.3,93667758.0,649299733.0,14442199726.0,0.006485698839309903
2024-12-24,6.28,6.53,6.26,6.53,179703430.0,1265654801.0,14442199726.0,0.012442940369844321
2024-12-25,6.52,6.58,6.41,6.44,75465823.0,532477989.0,14442199726.0,0.005225369017999412
2024-12-26,6.42,6.52,6.41,6.47,65721520.0,463499550.0,14442199726.0,0.004550658573270031
2024-12-27,6.47,6.49,6.27,6.29,135566631.0,940260020.0,14442199726.0,0.009386840894877124
2024-12-30,6.3,6.37,6.25,6.35,101846006.0,703002556.0,14442199726.0,0.0070519732403817054
2024-12-31,6.35,6.48,6.32,6.44,150008322.0,1051710217.0,14442199726.0,0.01038680566991073
2025-01-02,6.44,6.47,6.27,6.3,143269872.0,997199978.0,14442199726.0,0.009920225084692199
2025-01-03,6.31,6.46,6.17,6.19,141880677.0,973301503.0,14442199726.0,0.009824035097961918
2025-01-06,6.18,6.25,6.08,6.13,101240341.0,679210804.0,14442199726.0,0.007010036069348844
2025-01-07,6.1,6.14,6.0,6.13,105188938.0,696399549.0,14442199726.0,0.0072834429654528654
2025-01-08,6.1,6.18,6.03,6.16,103259439.0,689146179.0,14442199726.0,0.007149841503306738
2025-01-09,6.17,6.17,5.95,6.0,104551407.0,688517647.0,14442199726.0,0.007239299343837367
2025-01-10,6.0,6.01,5.89,5.9,76484970.0,495581924.0,14442199726.0,0.0052959363151795814
2025-01-13,5.84,5.92,5.81,5.91,59615617.0,382851537.0,14442199726.0,0.004127876509883409
2025-01-14,5.91,6.02,5.85,5.99,95442577.0,621940470.0,14442199726.0,0.006608590021655542
2025-01-15,6.0,6.01,5.91,5.93,69971896.0,455856625.0,14442199726.0,0.004844961108939036
2025-01-16,5.97,6.02,5.88,5.99,123869836.0,804949914.0,14442199726.0,0.008576936917511232
2025-01-17,5.97,6.07,5.95,6.02,115360545.0,757947074.0,14442199726.0,0.00798774059275186
2025-01-20,6.04,6.08,5.82,5.85,161492606.0,1042932302.0,14442199726.0,0.011181995060577104
2025-01-21,5.88,5.96,5.82,5.93,105793328.0,681247892.0,14442199726.0,0.00732529185353547
2025-01-22,5.89,5.93,5.82,5.83,85897678.0,548248021.0,14442199726.0,0.005947686614897047
2025-01-23,5.9,5.99,5.87,5.88,134657554.0,871827092.0,14442199726.0,0.009323895012861422
2025-01-24,5.86,6.02,5.81,5.93,111574563.0,721736446.0,14442199726.0,0.007725593407985805
2025-01-27,5.95,6.12,5.94,6.06,134159342.0,886370214.0,14442199726.0,0.009289398051910033
2025-02-05,6.09,6.15,5.99,6.1,91865026.0,609908457.0,14442199726.0,0.006360874918148186
2025-02-06,6.07,6.12,5.95,6.0,129052340.0,845577456.0,14442199726.0,0.00893578142169504
2025-02-07,5.99,6.09,5.92,6.02,119915855.0,787760013.0,14442199726.0,0.008303157225011777
2025-02-10,6.0,6.16,5.99,6.08,133681851.0,885503943.0,14442199726.0,0.009256335844693746
2025-02-11,6.09,6.15,6.01,6.12,123003406.0,818276428.0,14442199726.0,0.008516943979008922
2025-02-12,6.1,6.13,6.0,6.05,113038189.0,745832768.0,14442199726.0,0.007826937111006687
2025-02-13,6.06,6.15,5.97,6.09,151499541.0,1005050821.0,14442199726.0,0.010490059954458215
2025-02-14,6.08,6.25,6.0,6.19,198130816.0,1322000844.0,14442199726.0,0.01371888076324752
2025-02-17,6.22,6.26,6.03,6.05,199783659.0,1332987506.0,14442199726.0,0.013833326140777123
2025-02-18,6.06,6.08,5.8,5.82,244725007.0,1579899823.0,14442199726.0,0.016945133819152667
2025-02-19,5.82,5.85,5.76,5.82,140061196.0,887546997.0,14442199726.0,0.009698051450420719
2025-02-20,5.82,5.82,5.71,5.77,127417919.0,800966382.0,14442199726.0,0.008822611611623963
2025-02-21,5.8,5.88,5.69,5.82,272822505.0,1721740532.0,14442199726.0,0.018890647558961752
2025-02-24,5.82,6.09,5.77,5.98,303068224.0,1987133154.0,14442199726.0,0.02098490740675691
2025-02-25,5.94,6.0,5.89,5.92,114089054.0,738945853.0,14442199726.0,0.007899700611023111
2025-02-26,5.91,6.01,5.89,5.93,117557635.0,762010716.0,14442199726.0,0.008139870465048573
2025-02-27,5.93,5.97,5.85,5.89,111600797.0,719097871.0,14442199726.0,0.007727409890273664
2025-02-28,5.86,5.96,5.81,5.82,185558543.0,1191103653.0,14442199726.0,0.012848357350019381
2025-03-03,5.82,6.03,5.8,5.93,178740211.0,1159763481.0,14442199726.0,0.012376245612932331
2025-03-04,5.91,5.99,5.89,5.99,91166484.0,592523465.0,14442199726.0,0.006312506801569489
2025-03-05,5.98,6.13,5.94,6.06,179359636.0,1187319870.0,14442199726.0,0.012419135547412662
2025-03-06,6.1,6.18,6.04,6.16,131900752.0,883225632.0,14442199726.0,0.009133009825542139
2025-03-07,6.16,6.18,5.99,6.01,109780971.0,725896751.0,14442199726.0,0.007601402354404748
2025-03-10,6.01,6.04,5.97,6.01,79913616.0,524056684.0,14442199726.0,0.005533341008719962
2025-03-11,5.98,6.04,5.96,6.04,69867932.0,457849077.0,14442199726.0,0.004837762482554383
2025-03-12,6.04,6.3,6.04,6.25,214990140.0,1457520247.0,14442199726.0,0.014886246145243207
2025-03-13,6.25,6.38,6.25,6.31,151031639.0,1042342010.0,14442199726.0,0.010457661704269384
2025-03-14,6.33,6.51,6.33,6.38,202040623.0,1418778266.0,14442199726.0,0.013989601780417865
2025-03-17,6.42,6.49,6.37,6.44,109680915.0,770686680.0,14442199726.0,0.007594474323917822
2025-03-18,6.47,6.52,6.39,6.48,106517131.0,752339904.0,14442199726.0,0.007375409080393714
2025-03-19,6.48,6.51,6.33,6.46,92476381.0,648054047.0,14442199726.0,0.006403206073484543
2025-03-20,6.44,6.46,6.32,6.35,65208147.0,453552505.0,14442199726.0,0.004515111841488183
2025-03-21,6.33,6.45,6.33,6.35,84291734.0,586358073.0,14442199726.0,0.005836488595864749
2025-03-24,6.36,6.52,6.35,6.47,144853785.0,1021911411.0,14442199726.0,0.010029897643585601
2025-03-25,6.47,6.5,6.39,6.49,102211291.0,719814894.0,14442199726.0,0.007077266132526272
2025-03-26,6.47,6.49,6.34,6.38,98443720.0,686587800.0,14442199726.0,0.006816393753561915
2025-03-27,6.36,6.46,6.36,6.44,57204423.0,400742493.0,14442199726.0,0.003960921749130503
2025-03-28,6.44,6.55,6.41,6.46,84541297.0,598051283.0,14442199726.0,0.005853768719719477
2025-03-31,6.46,6.47,6.36,6.43,84908047.0,594549046.0,14442199726.0,0.005879163050704925
2025-04-01,6.41,6.46,6.36,6.38,67869661.0,474327308.0,14442199726.0,0.004699399141933734
2025-04-02,6.36,6.41,6.28,6.33,85108520.0,587815828.0,14442199726.0,0.005893044107870967
2025-04-03,6.27,6.47,6.25,6.45,104393589.0,726369610.0,14442199726.0,0.007228371784116954
2025-04-07,6.25,6.25,5.82,5.9,229065636.0,1511954706.0,14442199726.0,0.015860855018340298
2025-04-08,5.97,6.04,5.92,6.02,195843632.0,1275608387.0,14442199726.0,0.013560512644581883
2025-04-09,5.95,6.04,5.89,5.98,183203931.0,1194445102.0,14442199726.0,0.012685320413495021
2025-04-10,6.27,6.58,6.27,6.58,536683111.0,3779808065.0,14442199726.0,0.0371607595229292
2025-04-11,6.59,6.63,6.35,6.37,396629616.0,2794783783.0,14442199726.0,0.02746324130152803
2025-04-14,6.41,6.61,6.36,6.47,242292727.0,1716230740.0,14442199726.0,0.016776719031506352
2025-04-15,6.5,6.58,6.41,6.53,144232326.0,1024403489.0,14442199726.0,0.009986866871834036
2025-04-16,6.49,6.57,6.44,6.54,122764582.0,871009791.0,14442199726.0,0.008500407439940703
2025-04-17,6.48,6.63,6.46,6.58,103799951.0,743488430.0,14442199726.0,0.0071872673809607445
2025-04-18,6.55,6.62,6.52,6.58,83356791.0,597509456.0,14442199726.0,0.005771751712444085
2025-04-21,6.57,6.63,6.52,6.54,70874200.0,508529010.0,14442199726.0,0.004907438018074671
2025-04-22,6.52,6.59,6.44,6.45,98754888.0,700452133.0,14442199726.0,0.006837939501848432
2025-04-23,6.46,6.47,6.29,6.35,110035301.0,764437686.0,14442199726.0,0.007619012552631139
2025-04-24,6.37,6.43,6.34,6.38,72866479.0,508352470.0,14442199726.0,0.005045386463449882
2025-04-25,6.4,6.42,6.35,6.35,60984980.0,424370576.0,14442199726.0,0.00422269329859841
2025-04-28,6.33,6.36,6.27,6.29,95127624.0,656776106.0,14442199726.0,0.006586782194179441
2025-04-29,6.33,6.5,6.32,6.47,145575136.0,1023309610.0,14442199726.0,0.010079845090213233
2025-04-30,6.47,6.61,6.46,6.59,138130663.0,990074980.0,14442199726.0,0.009564378392532972
2025-05-06,6.59,6.86,6.53,6.83,190361228.0,1404844894.0,14442199726.0,0.013180902605667233
2025-05-07,6.88,6.9,6.8,6.83,103025069.0,769521092.0,14442199726.0,0.007133613366011415
2025-05-08,6.8,6.85,6.74,6.76,78128885.0,578558792.0,14442199726.0,0.005409763504332803
2025-05-09,6.75,6.78,6.66,6.68,94928723.0,694078402.0,14442199726.0,0.00657300998469795
2025-05-12,6.71,6.77,6.63,6.68,99387593.0,726813928.0,14442199726.0,0.006881748963842019
2025-05-13,6.7,6.76,6.62,6.7,84105883.0,615115834.0,14442199726.0,0.005823619988344703
2025-05-14,6.69,6.9,6.67,6.85,133187900.0,992062832.0,14442199726.0,0.009222133921900036
2025-05-15,6.84,6.84,6.75,6.79,76927382.0,570127609.0,14442199726.0,0.005326569598778585
2025-05-16,6.77,6.82,6.65,6.73,93168779.0,683953611.0,14442199726.0,0.0064511487701053
2025-05-19,6.73,6.75,6.6,6.65,78729146.0,572031627.0,14442199726.0,0.005451326494139637
2025-05-20,6.67,6.82,6.66,6.79,94355398.0,695630855.0,14442199726.0,0.006533312084732763
2025-05-21,6.78,6.84,6.72,6.73,57736203.0,427247687.0,14442199726.0,0.003997743009747932
2025-05-22,6.7,6.78,6.68,6.75,55078487.0,404869774.0,14442199726.0,0.003813718688631851
2025-05-23,6.75,6.9,6.75,6.85,118718075.0,886772747.0,14442199726.0,0.008220221105672306
2025-05-26,6.86,6.95,6.78,6.92,87727383.0,657859142.0,14442199726.0,0.006074378187837007
2025-05-27,6.91,6.96,6.83,6.84,82923154.0,624010522.0,14442199726.0,0.005741726023267434
2025-05-28,6.85,6.99,6.79,6.98,86917323.0,658459785.0,14442199726.0,0.006018288394358963
2025-05-29,6.99,6.99,6.82,6.92,95835237.0,720857552.0,14442199726.0,0.006635778400673255
2025-05-30,6.89,6.99,6.84,6.84,76644992.0,577763648.0,14442199726.0,0.005307016483231261
2025-06-03,6.81,6.85,6.69,6.75,97715055.0,720016941.0,14442199726.0,0.006765939874386695
2025-06-04,6.75,6.77,6.69,6.74,68378159.0,502119467.0,14442199726.0,0.00473460832125872
2025-06-05,6.74,6.8,6.69,6.69,68401419.0,502356029.0,14442199726.0,0.00473621887923751
2025-06-06,6.69,6.76,6.65,6.68,60124073.0,439719502.0,14442199726.0,0.004163082781064151
2025-06-09,6.69,6.72,6.63,6.66,76221813.0,554327200.0,14442199726.0,0.005277714921971299
2025-06-10,6.66,6.73,6.61,6.64,71997624.0,524492300.0,14442199726.0,0.004985225614238261
2025-06-11,6.65,6.69,6.62,6.65,61886310.0,449656148.0,14442199726.0,0.004285102766484203
2025-06-12,6.67,6.7,6.59,6.68,73069117.0,530518891.0,14442199726.0,0.005059417428527536
2025-06-13,6.65,6.66,6.47,6.52,116791708.0,832951075.0,14442199726.0,0.008086836507996926
2025-06-16,6.51,6.51,6.43,6.49,98482386.0,695509038.0,14442199726.0,0.0068190710465459185
2025-06-17,6.47,6.54,6.45,6.51,66883459.0,474112889.0,14442199726.0,0.004631113006946654
2025-06-18,6.5,6.58,6.48,6.49,62564235.0,445656927.0,14442199726.0,0.004332043330446876
2025-06-19,6.48,6.52,6.41,6.43,53555922.0,378064208.0,14442199726.0,0.003708293959097128
2025-06-20,6.4,6.44,6.34,6.42,104845715.0,732093600.0,14442199726.0,0.007259677679934614
2025-06-23,6.39,6.45,6.33,6.36,74536735.0,518420609.0,14442199726.0,0.005161037543734631
2025-06-24,6.39,6.52,6.36,6.49,113567504.0,800241978.0,14442199726.0,0.00786358769125362
2025-06-25,6.52,6.67,6.51,6.64,124576849.0,897455999.0,14442199726.0,0.008625891579087278
2025-06-26,6.65,6.65,6.5,6.53,73668094.0,526209595.0,14442199726.0,0.005100891512210347
2025-06-27,6.54,6.63,6.51,6.58,98041104.0,704288776.0,14442199726.0,0.006788516005875378
2025-06-30,6.57,6.71,6.54,6.69,105670361.0,766058961.0,14442199726.0,0.0073167774303635885
2025-07-01,6.7,6.71,6.57,6.58,88574052.0,639215093.0,14442199726.0,0.006133002844472641
2025-07-02,6.59,6.6,6.52,6.54,72451439.0,518026607.0,14442199726.0,0.005016648458999438
2025-07-03,6.53,6.63,6.52,6.57,80046389.0,575462684.0,14442199726.0,0.005542534414331226
2025-07-04,6.57,6.69,6.54,6.67,109226692.0,789872758.0,14442199726.0,0.007563023228612563
2025-07-07,6.9,7.12,6.87,7.01,360742116.0,2753168797.0,14442199726.0,0.024978335907553145
2025-07-08,7.04,7.07,6.96,7.06,148350269.0,1135972242.0,14442199726.0,0.010271999544011845
2025-07-09,7.05,7.2,6.97,7.13,153733100.0,1194159392.0,14442199726.0,0.010644714996098372
2025-07-10,7.14,7.17,7.02,7.06,97701207.0,754013461.0,14442199726.0,0.006764981017684618
2025-07-11,7.07,7.21,7.01,7.12,120150338.0,934862904.0,14442199726.0,0.008319393186599945
2025-07-14,7.12,7.15,7.03,7.13,111585508.0,863843694.0,14442199726.0,0.007726351256527416
2025-07-15,7.12,7.14,6.91,7.02,126434466.0,966356026.0,14442199726.0,0.008754515821601788
2025-07-16,7.02,7.09,6.87,6.91,98163737.0,745601616.0,14442199726.0,0.0067970073023763695
2025-07-17,6.92,6.94,6.78,6.88,95696780.0,715108934.0,14442199726.0,0.0066261914262076725
2025-07-18,6.9,6.96,6.85,6.88,72091599.0,542987069.0,14442199726.0,0.004991732586983612
2025-07-21,6.86,6.93,6.82,6.92,91295167.0,686914691.0,14442199726.0,0.006321417009324636
2025-07-22,6.9,6.96,6.84,6.96,91684692.0,691358828.0,14442199726.0,0.006348388316147014
2025-07-23,6.97,7.0,6.88,6.95,85747940.0,649356245.0,14442199726.0,0.0059373185267359045
2025-07-24,6.95,7.08,6.95,7.06,116439898.0,892717469.0,14442199726.0,0.008062476645463891
2025-07-25,7.07,7.08,6.83,6.88,128410227.0,967963356.0,14442199726.0,0.008891320535390856
2025-07-28,6.85,6.92,6.8,6.87,96299666.0,719831161.0,14442199726.0,0.00666793617502974
2025-07-29,6.85,6.91,6.76,6.91,107449992.0,800910499.0,14442199726.0,0.007440001802949723
2025-07-30,6.88,7.02,6.85,7.0,97104435.0,738805332.0,14442199726.0,0.006723659611574603
2025-07-31,6.99,7.0,6.84,6.87,78852697.0,593926987.0,14442199726.0,0.005459881354364812
2025-08-01,6.87,6.91,6.86,6.88,53088565.0,399131920.0,14442199726.0,0.0036759334455419373
2025-08-04,6.87,7.04,6.85,7.02,97697859.0,745518127.0,14442199726.0,0.006764749197043476
2025-08-05,7.02,7.34,7.02,7.34,168793047.0,1335073175.0,14442199726.0,0.011687488762264192
2025-08-06,7.31,7.37,7.12,7.14,131606500.0,1034637616.0,14442199726.0,0.00911263536697055
2025-08-07,7.29,7.34,7.0,7.1,176687201.0,1367323401.0,14442199726.0,0.012234092060222211
2025-08-08,7.16,7.33,7.13,7.18,152623497.0,1202726874.0,14442199726.0,0.010567884387115558
2025-08-11,7.28,7.61,7.22,7.5,233660371.0,1903834795.0,14442199726.0,0.016179001497905195
2025-08-12,7.5,7.64,7.41,7.46,158435617.0,1299066149.0,14442199726.0,0.01097032446620798
2025-08-13,7.49,7.5,7.4,7.42,152935332.0,1241452620.0,14442199726.0,0.010589476319502328
2025-08-14,7.4,7.45,7.3,7.31,121317663.0,976172713.0,14442199726.0,0.008400220555155062
2025-08-15,7.3,7.36,7.26,7.34,101622148.0,812685983.0,14442199726.0,0.007036472970045672
2025-08-18,7.38,7.44,7.25,7.3,139500319.0,1113650488.0,14442199726.0,0.00965921546901615
2025-08-19,7.29,7.35,7.21,7.3,113188726.0,900980012.0,14442199726.0,0.00783736052314999
2025-08-20,7.3,7.56,7.27,7.53,166905561.0,1359958583.0,14442199726.0,0.011556796344501682
2025-08-21,7.51,7.6,7.45,7.51,115047505.0,944292809.0,14442199726.0,0.00796606522432191
2025-08-22,7.58,7.64,7.46,7.61,114091197.0,918299880.0,14442199726.0,0.007899848995621071
2025-08-25,7.63,7.73,7.57,7.7,113265312.0,921117178.0,14442199726.0,0.007842663454936906
2025-08-26,7.7,7.86,7.65,7.76,120803641.0,992829708.0,14442199726.0,0.008364628885620494
2025-08-27,7.78,7.86,7.69,7.7,176153817.0,1450323705.0,14442199726.0,0.012197159736191284
2025-08-28,7.68,7.9,7.67,7.78,183682872.0,1515596162.0,14442199726.0,0.012718483020929245
2025-08-29,7.77,7.91,7.7,7.83,147936584.0,1225712623.0,14442199726.0,0.010243355361834025
2025-09-01,7.83,8.25,7.8,8.2,189543804.0,1630283651.0,14442199726.0,0.013124302917565122
2025-09-02,8.16,8.16,7.96,8.03,114530437.0,976686782.0,14442199726.0,0.007930262645088141
2025-09-03,8.03,8.04,7.86,7.91,88168385.0,741506888.0,14442199726.0,0.006104913840879256
2025-09-04,7.91,7.93,7.77,7.88,106913538.0,891459326.0,14442199726.0,0.007402856907422885
2025-09-05,7.9,7.91,7.75,7.83,108147145.0,897057717.0,14442199726.0,0.007488273743043789
2025-09-08,7.82,7.99,7.78,7.91,124037168.0,1039900568.0,14442199726.0,0.00858852324114438
2025-09-09,7.91,7.99,7.86,7.92,78247532.0,657360242.0,14442199726.0,0.0054179788040967574
2025-09-10,7.91,7.92,7.77,7.8,78329347.0,649403961.0,14442199726.0,0.005423643799842019
2025-09-11,7.81,7.83,7.74,7.8,103369684.0,854539287.0,14442199726.0,0.0071574750357388875
2025-09-12,7.82,7.92,7.64,7.69,135278559.0,1109080774.0,14442199726.0,0.009366894348958541
2025-09-15,7.69,7.73,7.6,7.64,107554171.0,872630322.0,14442199726.0,0.007447215316263242
2025-09-16,7.64,7.66,7.53,7.65,99857716.0,804708579.0,14442199726.0,0.006914300999468119
2025-09-17,7.69,7.88,7.66,7.87,148029797.0,1225876174.0,14442199726.0,0.010249809572533812
2025-09-18,7.82,7.91,7.53,7.59,109950460.0,897329305.0,14442199726.0,0.00761313803201727
2025-09-19,7.63,7.86,7.57,7.85,129997593.0,1068657133.0,14442199726.0,0.00900123218528601
2025-09-22,7.8,7.81,7.65,7.7,87706130.0,716873821.0,14442199726.0,0.006072906597608149
2025-09-23,7.71,7.74,7.54,7.6,106160567.0,857790523.0,14442199726.0,0.0073507200436289
2025-09-24,7.56,7.7,7.54,7.69,75485261.0,610320367.0,14442199726.0,0.005226714934852023
2025-09-25,7.66,7.96,7.64,7.91,165514176.0,1382847614.0,14442199726.0,0.011460454718821551
2025-09-26,7.89,7.9,7.65,7.78,125019590.0,1030448733.0,14442199726.0,0.008656547643149524
2025-09-29,7.75,7.88,7.67,7.86,110404683.0,910217510.0,14442199726.0,0.007644589127322529
2025-09-30,7.83,7.87,7.57,7.59,157694682.0,1277372183.0,14442199726.0,0.010919020993464413
2025-10-09,7.6,7.61,7.36,7.45,146309197.0,1156177059.0,14442199726.0,0.010130672596682244
2025-10-10,7.42,7.48,7.31,7.32,98111656.0,769472597.0,14442199726.0,0.006793401134272611
2025-10-13,7.21,7.28,7.15,7.25,138002753.0,1056532019.0,14442199726.0,0.009555521708480215
2025-10-14,7.26,7.35,7.22,7.26,126978321.0,982569323.0,14442199726.0,0.008792173173689289
2025-10-15,7.26,7.36,7.23,7.33,155615559.0,1206595943.0,14442199726.0,0.010775059336691518
2025-10-16,7.33,7.33,7.03,7.1,165163627.0,1256491864.0,14442199726.0,0.011436182169857357
2025-10-17,7.11,7.34,7.1,7.13,132092396.0,999718625.0,14442199726.0,0.009146279549243231
2025-10-20,7.18,7.21,7.07,7.15,92899162.0,693805253.0,14442199726.0,0.006432480076615719
2025-10-21,7.13,7.2,7.09,7.1,97336238.0,727506885.0,14442199726.0,0.00673971000586341
2025-10-22,7.1,7.18,7.05,7.1,83252476.0,619915943.0,14442199726.0,0.005764528782282539
2025-10-23,7.08,7.16,7.06,7.15,60902753.0,453506198.0,14442199726.0,0.004216999775342949
2025-10-24,7.15,7.26,7.12,7.14,81317373.0,611745929.0,14442199726.0,0.005630539290604463
2025-10-27,7.19,7.32,7.14,7.27,121839319.0,923787282.0,14442199726.0,0.008436340814526691
2025-10-28,7.24,7.31,7.2,7.28,64665357.0,491559544.0,14442199726.0,0.0044775282316297195
2025-10-29,7.26,7.28,7.18,7.28,72543921.0,549816121.0,14442199726.0,0.005023052054141077
2025-10-30,7.34,7.53,7.33,7.43,166156562.0,1296178417.0,14442199726.0,0.011504934508063318
2025-10-31,7.44,7.52,7.36,7.4,89821323.0,698067706.0,14442199726.0,0.006219365796354172
2025-11-03,7.43,7.45,7.24,7.43,114379532.0,880801706.0,14442199726.0,0.007919813752061942
2025-11-04,7.4,7.48,7.37,7.42,94981683.0,738138021.0,14442199726.0,0.006576677016106237
2025-11-05,7.35,7.37,7.24,7.31,110346421.0,842180225.0,14442199726.0,0.0076405549773242345
2025-11-06,7.31,7.31,7.15,7.2,131590272.0,995424150.0,14442199726.0,0.009111511715427996
2025-11-07,7.16,7.23,7.14,7.15,78395675.0,589496565.0,14442199726.0,0.005428236452018168
2025-11-10,7.15,7.49,7.14,7.41,142987137.0,1102626648.0,14442199726.0,0.009900648080817158
2025-11-11,7.41,7.48,7.32,7.45,91425270.0,711582278.0,14442199726.0,0.006330425540051834
2025-11-12,7.42,7.64,7.42,7.43,97837401.0,767680638.0,14442199726.0,0.006774411298568687
2025-11-13,7.43,7.49,7.37,7.42,80433467.0,624601108.0,14442199726.0,0.005569336287130641
2025-11-14,7.4,7.5,7.31,7.31,77153933.0,596574619.0,14442199726.0,0.005342256336553866
2025-11-17,7.22,7.31,7.2,7.25,84483391.0,639545769.0,14442199726.0,0.005849759219705725
2025-11-18,7.24,7.38,7.24,7.32,77270118.0,592511484.0,14442199726.0,0.005350301163671915
2025-11-19,7.31,7.32,7.19,7.22,73969312.0,560679300.0,14442199726.0,0.005121748307277218
2025-11-20,7.25,7.32,7.2,7.21,70927961.0,540581372.0,14442199726.0,0.004911160511948179
2025-11-21,7.17,7.31,7.15,7.21,96888576.0,732177444.0,14442199726.0,0.00670871320423394
2025-11-24,7.21,7.25,7.11,7.19,117884763.0,886021835.0,14442199726.0,0.00816252130814771
2025-11-25,7.19,7.25,7.07,7.11,146535007.0,1092340468.0,14442199726.0,0.010146308026484082
2025-11-26,7.08,7.09,6.95,7.01,164766292.0,1197506898.0,14442199726.0,0.011408670086688704
2025-11-27,7.0,7.09,6.96,7.05,97300476.0,710814874.0,14442199726.0,0.0067372337902814015
2025-11-28,7.06,7.08,6.97,7.07,74190955.0,541818665.0,14442199726.0,0.0051370952076251605
2025-12-01,7.08,7.21,7.03,7.17,137660642.0,1023885817.0,14442199726.0,0.009531833419542892
2025-12-02,7.18,7.18,6.97,6.99,101998271.0,747692415.0,14442199726.0,0.00706251630188818
2025-12-03,7.0,7.06,6.97,6.98,67918546.0,495325572.0,14442199726.0,0.004702784014108849
2025-12-04,6.98,7.02,6.91,6.94,77354406.0,559797269.0,14442199726.0,0.005356137393719908
2025-12-05,6.93,6.94,6.85,6.91,91161367.0,654633642.0,14442199726.0,0.00631215249266246
2025-12-08,6.91,6.95,6.84,6.85,117767294.0,843595870.0,14442199726.0,0.008154387574905638
2025-12-09,6.85,6.9,6.73,6.76,126808418.0,896264587.0,14442199726.0,0.008780408830083507
2025-12-10,6.76,6.83,6.7,6.82,176248352.0,1242360030.0,14442199726.0,0.012203705484193219
2025-12-11,6.82,6.84,6.71,6.75,119171792.0,837768504.0,14442199726.0,0.00825163716476358
2025-12-12,6.77,6.89,6.73,6.88,194564283.0,1383023338.0,14442199726.0,0.013471928562913436
2025-12-15,6.85,6.92,6.78,6.86,109551124.0,782538962.0,14442199726.0,0.007585487396547863
2025-12-16,6.83,6.89,6.79,6.8,78715096.0,559552205.0,14442199726.0,0.005450353650648578
2025-12-17,6.81,6.98,6.77,6.94,134558739.0,967080534.0,14442199726.0,0.009317052911112745
2025-12-18,6.91,7.08,6.89,7.06,124945490.0,914513887.0,14442199726.0,0.008651416845805225
2025-12-19,7.06,7.07,6.98,7.03,72998816.0,533710638.0,14442199726.0,0.005054549679754235
2025-12-22,7.01,7.03,6.85,6.98,152679160.0,1103103589.0,14442199726.0,0.01057173857837839
2025-12-23,6.98,7.0,6.9,6.96,97992713.0,709166964.0,14442199726.0,0.006785165339015891
2025-12-24,6.95,6.96,6.8,6.86,143957998.0,1024313780.0,14442199726.0,0.00996787198149845
2025-12-25,6.87,6.95,6.85,6.94,97345034.0,700241450.0,14442199726.0,0.0067403190543578835
2025-12-26,6.93,6.96,6.87,6.9,98425691.0,707430218.0,14442199726.0,0.006815145398024528
2025-12-29,6.88,6.99,6.85,6.91,106473441.0,769131272.0,14442199726.0,0.0073723839179649355
2025-12-30,6.91,7.09,6.82,7.01,153748060.0,1112575693.0,14442199726.0,0.010645750849381378
2025-12-31,7.02,7.18,7.0,7.08,139947254.0,1035397041.0,14442199726.0,0.009690161932053592
2026-01-05,7.06,7.08,6.83,6.96,181521565.0,1306857885.0,14442199726.0,0.012568830818286664
2026-01-06,6.96,7.2,6.93,7.16,179640627.0,1328502042.0,14442199726.0,0.012438591794060056
2026-01-07,7.15,7.2,7.1,7.15,116145382.0,864731065.0,14442199726.0,0.008042083907128484
2026-01-08,7.14,7.35,6.99,7.33,221953786.0,1663987718.0,14442199726.0,0.015368419645964394
2026-01-09,7.28,7.44,7.26,7.41,154676003.0,1181077210.0,14442199726.0,0.010710003042094752
2026-01-12,7.5,7.78,7.45,7.73,315341191.0,2501879387.0,14442199726.0,0.021834706414722797
2026-01-13,7.81,8.0,7.6,7.71,383276575.0,3113823439.0,14442199726.0,0.026538656317707264
2026-01-14,7.59,7.83,7.38,7.5,324452362.0,2564819324.0,14442199726.0,0.022465577831325443
2026-01-15,7.43,7.55,7.23,7.28,213668457.0,1632779161.0,14442199726.0,0.014794730792660138
2026-01-16,7.3,7.32,7.08,7.14,219748592.0,1632945601.0,14442199726.0,0.0152157286403117
2026-01-19,7.11,7.2,7.07,7.11,160491996.0,1188313560.0,14442199726.0,0.011112711293631365
2026-01-20,7.12,7.18,7.07,7.15,149423849.0,1106844099.0,14442199726.0,0.010346335865373422
2026-01-21,7.13,7.17,7.08,7.1,133681906.0,990886545.0,14442199726.0,0.009256339652977875
2026-01-22,7.1,7.16,7.06,7.11,142456353.0,1052725189.0,14442199726.0,0.009863895784763224
2026-01-23,7.12,7.26,7.11,7.15,186374449.0,1394044546.0,14442199726.0,0.01290485192947954
2026-01-26,7.02,7.21,6.86,7.13,335271964.0,2444311520.0,14442199726.0,0.023214743623605805
2026-01-27,7.15,7.16,6.98,6.98,144917426.0,1063423874.0,14442199726.0,0.01003430424377168
2026-01-28,6.97,7.05,6.84,6.86,204367519.0,1471981599.0,14442199726.0,0.01415071961870748
2026-01-29,6.85,7.14,6.82,7.08,281139039.0,2059775141.0,14442199726.0,0.019466497094197573
2026-01-30,7.04,7.09,6.92,6.92,141730259.0,1029298559.0,14442199726.0,0.00981361992556064
2026-02-02,6.9,7.16,6.89,7.08,230995588.0,1702056854.0,14442199726.0,0.01599448784689934
2026-02-03,7.1,7.12,6.98,7.06,134435032.0,984373542.0,14442199726.0,0.009308487249208951
2026-02-04,7.02,7.1,6.98,7.05,137295515.0,1005987903.0,14442199726.0,0.009506551467560005
2026-02-05,7.03,7.22,7.01,7.12,153571069.0,1138884624.0,14442199726.0,0.0106334957218137
2026-02-06,7.13,7.16,7.03,7.03,92302519.0,679143607.0,14442199726.0,0.006391167602663024
2026-02-09,7.1,7.1,6.98,7.03,114821405.0,838982077.0,14442199726.0,0.007950409714476483
2026-02-10,7.02,7.25,7.02,7.19,200036243.0,1488587566.0,14442199726.0,0.013850815443292811
2026-02-11,7.19,7.25,7.13,7.18,132004750.0,986707234.0,14442199726.0,0.009140210806138799
2026-02-12,7.17,7.19,7.0,7.06,106243378.0,780384463.0,14442199726.0,0.007356454003937655
2026-02-13,7.04,7.1,7.0,7.0,99403526.0,727765354.0,14442199726.0,0.006882852189133338
2026-02-24,7.01,7.03,6.87,7.0,171055675.0,1235347258.0,14442199726.0,0.011844156585928661
2026-02-25,6.99,7.01,6.92,6.94,85659996.0,619590206.0,14442199726.0,0.005931229149655647
2026-02-26,6.93,6.93,6.83,6.86,129458363.0,924476896.0,14442199726.0,0.008963895075272968
2026-02-27,6.86,6.88,6.79,6.8,116830672.0,827816040.0,14442199726.0,0.008089534434956754
2026-03-02,6.73,6.74,6.47,6.6,297486277.0,2038676378.0,14442199726.0,0.020598404858260026
2026-03-03,6.6,6.66,6.5,6.52,162693894.0,1110991190.0,14442199726.0,0.011265174079202455
2026-03-04,6.49,6.52,6.37,6.41,125366516.0,838995072.0,14442199726.0,0.008680569330051931
2026-03-05,6.48,6.54,6.36,6.39,92601928.0,619883647.0,14442199726.0,0.006411899139802825
2026-03-06,6.36,6.46,6.35,6.45,74679434.0,499133495.0,14442199726.0,0.00517091824076883
2026-03-09,6.39,6.44,6.33,6.41,126556937.0,839904248.0,14442199726.0,0.008762995900974981
2026-03-10,6.44,6.52,6.44,6.46,86797856.0,583625184.0,14442199726.0,0.006010016316540726
2026-03-11,6.47,6.56,6.39,6.54,108446920.0,731805456.0,14442199726.0,0.007509030622583428
2026-03-12,6.51,6.56,6.47,6.54,77493116.0,524844204.0,14442199726.0,0.0053657418862924815
2026-03-13,6.51,6.62,6.5,6.6,128303532.0,878259818.0,14442199726.0,0.008883932810388831
2026-03-16,6.58,6.59,6.47,6.52,114070571.0,773286970.0,14442199726.0,0.007898420819831279
2026-03-17,6.54,6.75,6.52,6.65,136593757.0,948044053.0,14442199726.0,0.009457960670222074
2026-03-18,6.63,6.66,6.49,6.6,105633046.0,720963443.0,14442199726.0,0.007314193682686092
2026-03-19,6.54,6.55,6.45,6.5,87114221.0,589056851.0,14442199726.0,0.00603192191305664
2026-03-20,6.5,6.54,6.39,6.39,76685395.0,514711205.0,14442199726.0,0.0053098140487522014
2026-03-23,6.31,6.32,6.07,6.14,151260556.0,972629963.0,14442199726.0,0.01047351226750373
2026-03-24,6.22,6.28,6.1,6.27,98524751.0,637406940.0,14442199726.0,0.0068220044639479595
2026-03-25,6.3,6.31,6.18,6.2,111335816.0,722109821.0,14442199726.0,0.007709062200515367
2026-03-26,6.2,6.28,6.15,6.17,121762949.0,788468529.0,14442199726.0,0.008431052838910172
2026-03-27,6.1,6.24,6.1,6.2,82695008.0,531969249.0,14442199726.0,0.00572592884525242
2026-03-30,6.12,6.28,6.1,6.21,98499520.0,635415309.0,14442199726.0,0.006820257430914302
2026-03-31,6.2,6.38,6.2,6.3,108982954.0,717589279.0,14442199726.0,0.00754614643666783
2026-04-01,6.38,6.39,6.28,6.34,84800997.0,559465478.0,14442199726.0,0.005871750744959888
2026-04-02,6.34,6.34,6.23,6.25,67677159.0,442265552.0,14442199726.0,0.004686070009000234
2026-04-03,6.27,6.28,6.09,6.09,93450710.0,596131650.0,14442199726.0,0.006470670103790531
2026-04-07,6.09,6.14,6.05,6.07,63017465.0,398405528.0,14442199726.0,0.004363425668913228
2026-04-08,6.12,6.24,6.12,6.23,125444174.0,808260331.0,14442199726.0,0.008685946488758593
2026-04-09,6.18,6.21,6.04,6.06,108980558.0,691349523.0,14442199726.0,0.007545980533962877
2026-04-10,6.1,6.25,6.09,6.22,116885872.0,751547399.0,14442199726.0,0.008093356567391375
2026-04-13,6.19,6.19,5.96,5.98,188773932.0,1188921798.0,14442199726.0,0.013070995802679152
2026-04-14,6.0,6.08,5.92,6.06,130607547.0,815573250.0,14442199726.0,0.00904346633323938
2026-04-15,6.06,6.09,6.0,6.06,96352263.0,605232423.0,14442199726.0,0.006671578071762778
2026-04-16,6.06,6.11,6.01,6.05,126313177.0,796555210.0,14442199726.0,0.008746117585716596
2026-04-17,6.03,6.04,5.86,5.97,171662685.0,1062052936.0,14442199726.0,0.011886186886818851
2026-04-20,5.95,6.02,5.93,5.96,98384944.0,611602263.0,14442199726.0,0.006812324013417401
2026-04-21,5.95,6.07,5.94,6.04,140931782.0,882482391.0,14442199726.0,0.009758332156720098
2026-04-22,6.04,6.11,5.96,6.02,131872245.0,827262060.0,14442199726.0,0.009131035957257472
2026-04-23,6.03,6.05,5.95,5.99,126341083.0,787969218.0,14442199726.0,0.008748049839841968
2026-04-24,5.96,5.97,5.86,5.89,126308056.0,773960969.0,14442199726.0,0.00874576299984345
2026-04-27,5.85,5.89,5.81,5.85,102259788.0,620272661.0,14442199726.0,0.007080624138987897
2026-04-28,5.85,5.9,5.83,5.86,85405097.0,520531879.0,14442199726.0,0.005913579552998906
2026-04-29,6.04,6.2,6.01,6.17,293380285.0,1872117403.0,14442199726.0,0.020314099691602618
2026-04-30,6.13,6.18,6.03,6.05,141959693.0,900407940.0,14442199726.0,0.009829506286665794
2026-05-06,6.05,6.13,5.98,6.1,145652325.0,919976403.0,14442199726.0,0.010085189774642506
2026-05-07,6.1,6.23,6.08,6.1,132960392.0,849373338.0,14442199726.0,0.009206380919980914
2026-05-08,6.11,6.15,5.99,6.01,153263474.0,963484867.0,14442199726.0,0.01061219737351249
2026-05-11,6.01,6.02,5.84,5.87,259329067.0,1586834665.0,14442199726.0,0.017956341272107955
2026-05-12,5.88,5.88,5.77,5.8,188439828.0,1138149522.0,14442199726.0,0.013047861930669438
2026-05-13,5.78,5.85,5.78,5.8,120104828.0,725875362.0,14442199726.0,0.008316242004587273
2026-05-14,5.82,5.84,5.69,5.69,136059182.0,813001250.0,14442199726.0,0.009420945879529376
2026-05-15,5.7,5.75,5.66,5.69,103380094.0,612709421.0,14442199726.0,0.007158195840062155
2026-05-18,5.7,5.7,5.49,5.53,260034232.0,1503080231.0,14442199726.0,0.01800516797533728
2026-05-19,5.54,5.62,5.48,5.51,155527214.0,895422531.0,14442199726.0,0.010768942193757887
2026-05-20,5.5,5.53,5.4,5.44,162336403.0,920497221.0,14442199726.0,0.01124042085553969
2026-05-21,5.46,5.55,5.34,5.36,177800988.0,1008829583.0,14442199726.0,0.012311212375764925
2026-05-22,5.39,5.4,5.24,5.3,211955667.0,1168191400.0,14442199726.0,0.014676134593154843
2026-05-25,5.3,5.34,5.21,5.3,143521347.0,787044841.0,14442199726.0,0.009937637598351546
2026-05-26,5.27,5.33,5.24,5.32,140550238.0,774789233.0,14442199726.0,0.009731913466545561
2026-05-27,5.34,5.34,5.21,5.27,144415693.0,791204327.0,14442199726.0,0.009999563483394524
2026-05-28,5.27,5.28,5.15,5.2,152972008.0,827089807.0,14442199726.0,0.010592015821842401
2026-05-29,5.22,5.43,5.2,5.36,226308216.0,1257589788.0,14442199726.0,0.015669927039755716
2026-06-01,5.34,5.48,5.33,5.46,157100021.0,887792921.0,14442199726.0,0.01087784575622341
2026-06-02,5.43,5.47,5.31,5.34,169251343.0,945227031.0,14442199726.0,0.011719221878319563
2026-06-03,5.33,5.33,5.22,5.29,136970016.0,751420412.0,14442199726.0,0.009484013418912609
2026-06-04,5.28,5.31,5.2,5.23,90254751.0,492231896.0,14442199726.0,0.006249377014051135
2026-06-05,5.23,5.31,5.15,5.18,153811800.0,833926273.0,14442199726.0,0.01065016430447889
2026-06-08,5.15,5.23,5.06,5.09,132784297.0,707567192.0,14442199726.0,0.009194187832823771
2026-06-09,5.13,5.19,5.07,5.15,121363641.0,648416312.0,14442199726.0,0.008403404142203594
2026-06-10,5.14,5.25,5.13,5.18,156803234.0,848261175.0,14442199726.0,0.010857295770374253
2026-06-11,5.16,5.18,5.07,5.13,128580132.0,684976999.0,14442199726.0,0.008903085017479698
2026-06-12,5.14,5.26,5.05,5.24,220894292.0,1186156830.0,14442199726.0,0.015295058660788943
2026-06-15,5.23,5.3,5.09,5.14,186658755.0,1002110756.0,14442199726.0,0.012924537711797602
2026-06-16,5.12,5.13,4.99,5.0,177673300.0,929940908.0,14442199726.0,0.01230237106333174
2026-06-17,5.0,5.01,4.89,4.92,172046893.0,881318481.0,14442199726.0,0.011912790036428278
2026-06-18,4.91,4.93,4.76,4.83,228471818.0,1147487283.0,14442199726.0,0.01581973815170876
2026-06-22,4.81,4.89,4.73,4.86,172507492.0,862403553.0,14442199726.0,0.011944682615726347
2026-06-23,4.84,4.91,4.72,4.73,195924024.0,976815294.0,14442199726.0,0.013566079109630504
2026-06-24,4.73,4.76,4.6,4.61,185241372.0,895419168.0,14442199726.0,0.0128263959448306
2026-06-25,4.6,4.69,4.55,4.63,205699563.0,988674789.0,14442199726.0,0.014242952382778867
2026-06-26,4.64,4.7,4.57,4.58,169014248.0,813383919.0,14442199726.0,0.011702805057856046
2026-06-29,4.58,4.74,4.46,4.63,199275918.0,954694259.0,14442199726.0,0.013798169377290054
2026-06-30,4.62,4.65,4.54,4.65,178269869.0,851219882.0,14442199726.0,0.012343678413411245
2026-07-01,4.65,4.71,4.58,4.66,150697341.0,729436722.0,14442199726.0,0.010434514399402926
2026-07-02,4.66,4.77,4.64,4.72,215242009.0,1052420333.0,14442199726.0,0.014903685940065222
2026-07-03,4.72,4.81,4.64,4.71,194486314.0,954074919.0,14442199726.0,0.013466529870091065
2026-07-06,4.71,4.87,4.66,4.86,249141963.0,1245112334.0,14442199726.0,0.01725097060882455
2026-07-07,4.84,4.91,4.74,4.77,164785365.0,825844080.0,14442199726.0,0.011409990730383008
2026-07-08,4.75,4.8,4.66,4.72,147542541.0,725311657.0,14442199726.0,0.010216071221780858
2026-07-09,4.74,4.78,4.66,4.74,163254223.0,773270143.0,14442199726.0,0.011303972116248796
2026-07-10,4.73,4.87,4.63,4.81,202057620.0,963683564.0,14442199726.0,0.013990778678696691
2026-07-13,4.79,4.82,4.69,4.75,158106989.0,748904708.0,14442199726.0,0.010947569760814426
2026-07-14,4.73,4.77,4.68,4.74,159859275.0,756291059.0,14442199726.0,0.011068900723773303
2026-07-15,4.74,5.0,4.72,4.98,229422852.0,1127890444.0,14442199726.0,0.01588558920058242
2026-07-16,4.94,5.12,4.93,5.1,204609960.0,1030772932.0,14442199726.0,0.014167506604388307
2026-07-17,5.08,5.17,4.95,5.0,180919489.0,911543371.0,14442199726.0,0.012527142155103583
2026-07-20,4.99,5.16,4.88,5.15,256249486.0,1293579217.0,14442199726.0,0.017743106373101822
2026-07-21,5.11,5.27,5.06,5.11,234628621.0,1210333806.0,14442199726.0,0.016246044608952667
2026-07-22,5.07,5.17,5.03,5.16,137967138.0,704492111.0,14442199726.0,0.00955305567140306
2026-07-23,5.12,5.16,5.07,5.15,88958116.0,455191685.0,14442199726.0,0.006159596023301804
2026-07-24,5.14,5.19,5.07,5.07,97269865.0,498261900.0,14442199726.0,0.006735114237818428
2026-07-27,5.06,5.17,5.03,5.15,116772071.0,598723281.0,14442199726.0,0.008085476812079922
2026-07-28,5.14,5.39,5.12,5.35,209263382.0,1111250610.0,14442199726.0,0.014489716661601582
2026-07-29,5.35,5.5,5.34,5.47,221500121.0,1208245760.0,14442199726.0,0.015337007187432661
2026-07-30,5.45,5.64,5.45,5.62,216088177.0,1206991180.0,14442199726.0,0.01496227590669452
2026-07-31,5.4,5.63,5.4,5.62,215768669.0,1194743384.0,14442199726.0,0.014940152684051033
2026-08-03,5.61,5.62,5.32,5.34,361908190.0,1965442692.0,14442199726.0,0.025059076654954715
2026-08-04,5.34,5.39,5.24,5.32,205468150.0,1091438284.0,14442199726.0,0.01422692899268661
2026-08-05,5.3,5.33,5.22,5.28,179621419.0,949127634.0,14442199726.0,0.012437261802759256
2026-08-06,5.26,5.29,5.1,5.14,209153953.0,1078370446.0,14442199726.0,0.014482139630257596
2026-08-07,5.1,5.15,5.05,5.14,156562467.0,798955322.0,14442199726.0,0.010840624695013998
2026-08-10,5.13,5.3,5.11,5.29,162343369.0,851057921.0,14442199726.0,0.011240903192034973
2026-08-11,5.29,5.4,5.29,5.31,161881865.0,865041441.0,14442199726.0,0.011208947949152604
2026-08-12,5.3,5.37,5.25,5.29,120213511.0,639145454.0,14442199726.0,0.008323767381750167
2026-08-13,5.29,5.34,5.21,5.22,156006424.0,819295975.0,14442199726.0,0.010802123427163577
