date,open,high,low,close,volume,amount,outstanding_share,turnover
2015-05-18,1.35,1.47,1.35,1.47,2100.0,63372.0,17000000.0,0.00012352941176470587
2015-05-19,1.61,1.61,1.61,1.61,1500.0,50385.0,17000000.0,8.823529411764706e-05
2015-05-20,1.78,1.78,1.78,1.78,1200.0,44340.0,17000000.0,7.058823529411764e-05
2015-05-21,1.95,1.95,1.95,1.95,2500.0,101625.0,17000000.0,0.00014705882352941175
2015-05-22,2.15,2.15,2.15,2.15,1800.0,80496.0,17000000.0,0.00010588235294117647
2015-05-25,2.36,2.36,2.36,2.36,2800.0,137732.0,17000000.0,0.0001647058823529412
2015-05-26,2.6,2.6,2.6,2.6,1700.0,91987.0,17000000.0,0.0001
2015-05-27,2.86,2.86,2.86,2.86,5800.0,345216.0,17000000.0,0.0003411764705882353
2015-05-28,3.15,3.15,3.15,3.15,6700.0,438649.0,17000000.0,0.00039411764705882355
2015-05-29,3.46,3.46,3.46,3.46,14500.0,1044290.0,17000000.0,0.0008529411764705882
2015-06-01,3.81,3.81,3.81,3.81,3100.0,245582.0,17000000.0,0.0001823529411764706
2015-06-02,4.19,4.19,4.19,4.19,10100.0,880114.0,17000000.0,0.0005941176470588235
2015-06-03,4.61,4.61,4.61,4.61,37769.0,3620159.0,17000000.0,0.002221705882352941
2015-06-04,5.07,5.07,5.07,5.07,58700.0,6189328.0,17000000.0,0.0034529411764705883
2015-06-05,5.57,5.57,5.57,5.57,37950.0,4401441.0,17000000.0,0.0022323529411764705
2015-06-08,6.13,6.13,6.13,6.13,150850.0,19245444.0,17000000.0,0.008873529411764705
2015-06-09,6.15,6.74,5.82,6.74,8798904.0,1189375744.0,17000000.0,0.5175825882352941
2015-06-10,7.42,7.42,7.42,7.42,307462.0,47462908.0,17000000.0,0.018086
2015-06-11,8.16,8.16,8.16,8.16,26400.0,4482984.0,17000000.0,0.0015529411764705883
2015-06-12,8.97,8.97,8.75,8.97,4297126.0,802509568.0,17000000.0,0.2527721176470588
2015-06-15,8.17,8.84,8.08,8.08,3806292.0,658915328.0,17000000.0,0.22389952941176472
2015-06-16,7.93,8.88,7.78,7.98,5853886.0,1003782144.0,17000000.0,0.3443462352941176
2015-06-17,7.83,8.74,7.83,8.5,4253475.0,738882112.0,17000000.0,0.25020441176470587
2015-06-18,8.19,8.26,7.65,7.65,4118956.0,669543936.0,17000000.0,0.2422915294117647
2015-06-19,7.26,7.83,6.97,6.97,2708905.0,419982368.0,17000000.0,0.15934735294117647
2015-06-23,7.18,7.67,7.16,7.67,3428655.0,541509376.0,17000000.0,0.20168558823529412
2015-06-24,7.88,7.92,6.9,7.09,4932593.0,743369472.0,17000000.0,0.2901525294117647
2015-06-25,6.97,7.31,6.79,6.82,2525057.0,370004064.0,17000000.0,0.14853276470588236
2015-06-26,6.73,6.92,6.14,6.14,1861334.0,247191936.0,17000000.0,0.10949023529411765
2015-06-29,5.81,6.63,5.53,6.34,4157067.0,532237888.0,17000000.0,0.24453335294117648
2015-06-30,6.25,6.98,6.01,6.98,2713230.0,370164960.0,17000000.0,0.15960176470588236
2015-07-01,6.74,7.67,6.73,6.87,2732530.0,408433152.0,17000000.0,0.1607370588235294
2015-07-02,6.66,6.73,6.18,6.18,1891817.0,249364000.0,17000000.0,0.11128335294117647
2015-07-03,5.57,6.47,5.57,5.57,2537089.0,302755584.0,17000000.0,0.14924052941176472
2015-07-06,6.12,6.12,5.01,5.01,2866782.0,332507456.0,17000000.0,0.16863423529411764
2015-07-07,4.61,4.71,4.51,4.51,762300.0,71844696.0,17000000.0,0.04484117647058824
2015-07-08,4.06,4.8,4.06,4.06,3867565.0,332484864.0,17000000.0,0.22750382352941176
2015-07-09,4.23,4.46,4.16,4.46,2514006.0,229595152.0,17000000.0,0.14788270588235294
2015-07-10,4.91,4.91,4.91,4.91,102960.0,10521482.0,17000000.0,0.006056470588235294
2015-07-13,5.4,5.4,5.4,5.4,58139.0,6535405.0,17000000.0,0.0034199411764705883
2015-07-14,5.94,5.94,5.77,5.94,3044918.0,375681696.0,17000000.0,0.17911282352941177
2015-07-15,5.72,5.86,5.35,5.35,2621586.0,298002176.0,17000000.0,0.15421094117647058
2015-07-16,5.04,5.86,4.91,5.52,2057391.0,234001424.0,17000000.0,0.121023
2015-07-17,5.62,5.96,5.62,5.89,1963782.0,238616112.0,17000000.0,0.11551658823529412
2015-07-20,5.82,6.1,5.72,5.91,1786688.0,219829792.0,17000000.0,0.10509929411764705
2015-07-21,5.77,6.5,5.67,6.5,2155286.0,278915936.0,17000000.0,0.1267815294117647
2015-07-22,6.64,7.16,6.51,7.16,3736962.0,536606944.0,17000000.0,0.21982129411764706
2015-07-23,7.87,7.87,7.59,7.87,2383848.0,388358688.0,17000000.0,0.14022635294117647
2015-07-24,8.18,8.66,8.18,8.21,3213505.0,569801472.0,17000000.0,0.18902970588235293
2015-07-27,7.74,8.83,7.69,7.78,3127293.0,533044352.0,17000000.0,0.18395841176470587
2015-07-28,7.3,8.56,7.11,8.34,2855936.0,474473376.0,17000000.0,0.16799623529411764
2015-07-29,8.43,8.57,7.51,8.08,3488286.0,567727936.0,17000000.0,0.20519329411764706
2015-07-30,7.83,8.0,7.28,7.32,1995960.0,321005952.0,17000000.0,0.11740941176470589
2015-07-31,7.36,7.86,6.93,7.16,2151951.0,332453600.0,17000000.0,0.12658535294117648
2015-08-03,6.82,6.95,6.44,6.44,1954309.0,266742224.0,17000000.0,0.11495935294117647
2015-08-04,6.53,7.09,6.44,7.09,2139132.0,299880928.0,17000000.0,0.12583129411764707
2015-08-05,7.21,7.8,7.1,7.41,2872974.0,451054432.0,17000000.0,0.1689984705882353
2015-08-06,7.2,8.15,6.74,8.15,2579273.0,426461632.0,17000000.0,0.1517219411764706
2015-08-07,8.48,8.64,7.86,8.14,2518168.0,425891936.0,17000000.0,0.1481275294117647
2015-08-10,8.02,8.91,8.02,8.54,2168312.0,383736448.0,17000000.0,0.12754776470588236
2015-08-11,8.47,9.39,8.46,9.27,2267682.0,428228704.0,17000000.0,0.13339305882352942
2015-08-12,9.03,9.23,8.35,8.36,2936824.0,529279360.0,17000000.0,0.17275435294117647
2015-08-13,8.16,8.79,8.06,8.76,1920594.0,336662816.0,17000000.0,0.11297611764705882
2015-08-14,8.75,9.37,8.7,9.03,1975095.0,374785056.0,17000000.0,0.11618205882352942
2015-08-17,8.96,9.11,8.41,8.46,1198503.0,216356112.0,17000000.0,0.07050017647058823
2015-08-18,8.41,8.72,7.61,7.61,1696127.0,286545632.0,17000000.0,0.09977217647058824
2015-08-19,7.35,8.14,7.13,8.12,2232126.0,356843360.0,17000000.0,0.1313015294117647
2015-08-20,7.88,8.0,7.38,7.38,1428874.0,229406704.0,17000000.0,0.08405141176470589
2015-08-21,7.16,7.3,6.8,6.92,1737697.0,253970016.0,17000000.0,0.1022174705882353
2015-08-24,6.53,6.63,6.23,6.23,1682346.0,222985904.0,17000000.0,0.09896152941176471
2015-08-25,5.67,6.57,5.6,5.96,3007645.0,376592640.0,17000000.0,0.17692029411764706
2015-08-26,6.03,6.56,5.93,6.39,2858183.0,376277920.0,17000000.0,0.1681284117647059
2015-08-27,6.46,6.77,6.15,6.61,2170266.0,294126368.0,17000000.0,0.12766270588235293
2015-08-28,6.81,6.9,6.38,6.83,1973211.0,271227456.0,17000000.0,0.11607123529411764
2015-08-31,6.63,6.77,6.23,6.29,1299084.0,176694864.0,17000000.0,0.07641670588235294
2015-09-01,6.1,6.11,5.66,5.66,1316792.0,161072368.0,17000000.0,0.07745835294117646
2015-09-02,5.24,6.22,5.14,5.54,1523498.0,179372688.0,17000000.0,0.08961752941176471
2015-09-07,5.77,6.09,5.34,5.7,2658257.0,321637184.0,17000000.0,0.15636805882352942
2015-09-08,5.53,6.25,5.5,6.11,1916772.0,236216032.0,17000000.0,0.11275129411764706
2015-09-09,6.25,6.72,6.22,6.72,2626923.0,362582400.0,17000000.0,0.15452488235294118
2015-09-10,6.73,7.2,6.62,6.8,4342289.0,310454272.0,34000000.0,0.12771438235294116
2015-09-11,6.65,6.86,6.49,6.67,2755265.0,189888144.0,34000000.0,0.08103720588235294
2015-09-14,6.7,6.77,6.0,6.0,2237015.0,145652672.0,34000000.0,0.06579455882352941
2015-09-15,5.58,5.81,5.4,5.4,2583493.0,147956544.0,34000000.0,0.07598508823529412
2015-09-16,5.49,5.95,5.35,5.95,3699041.0,219114768.0,34000000.0,0.10879532352941176
2015-09-17,6.01,6.33,5.72,5.73,4608252.0,289318368.0,34000000.0,0.13553682352941177
2015-09-18,5.74,6.25,5.73,6.0,2594379.0,160677408.0,34000000.0,0.07630526470588235
2015-09-21,5.9,6.6,5.82,6.6,4183986.0,279171360.0,34000000.0,0.12305841176470589
2015-09-22,6.92,7.24,6.89,6.95,6018883.0,438607936.0,34000000.0,0.1770259705882353
2015-09-23,6.78,7.51,6.72,7.19,4069220.0,303171360.0,34000000.0,0.11968294117647059
2015-09-24,7.14,7.41,6.86,6.94,3469938.0,256171392.0,34000000.0,0.102057
2015-09-25,6.92,7.11,6.46,6.5,2171690.0,151905984.0,34000000.0,0.06387323529411765
2015-09-28,6.54,7.15,6.44,7.15,3521084.0,254838432.0,34000000.0,0.10356129411764706
2015-09-29,6.94,7.49,6.94,7.25,3709611.0,280250752.0,34000000.0,0.10910620588235294
2015-09-30,7.46,7.7,7.39,7.48,3112180.0,243680688.0,34000000.0,0.09153470588235293
2015-10-08,7.91,8.22,7.62,7.68,3163190.0,260447520.0,34000000.0,0.093035
2015-10-09,7.52,8.03,7.52,7.99,2619520.0,211217328.0,34000000.0,0.07704470588235295
2015-10-12,8.0,8.65,8.0,8.17,3955019.0,343739200.0,34000000.0,0.11632408823529412
2015-10-13,7.99,8.13,7.8,8.02,3168065.0,262496768.0,34000000.0,0.09317838235294118
2015-10-14,8.18,8.36,7.77,7.84,3052752.0,253911760.0,34000000.0,0.08978682352941177
2015-10-15,7.72,8.62,7.72,8.62,3977481.0,342574400.0,34000000.0,0.11698473529411765
2015-10-16,9.02,9.19,8.37,8.4,6124101.0,550919424.0,34000000.0,0.18012061764705883
2015-10-19,8.41,8.85,8.18,8.67,5560787.0,490866656.0,34000000.0,0.1635525588235294
2015-10-20,8.59,9.53,8.47,9.25,5586323.0,519753984.0,34000000.0,0.16430361764705884
2015-10-21,9.14,9.72,8.42,8.76,6929594.0,654509120.0,34000000.0,0.2038115882352941
2015-10-22,8.85,9.14,8.52,9.11,4803885.0,443651360.0,34000000.0,0.14129073529411765
2015-10-23,9.14,9.3,8.66,9.0,4940780.0,459454048.0,34000000.0,0.1453170588235294
2015-10-26,9.05,9.53,8.71,9.28,4675811.0,447694112.0,34000000.0,0.13752385294117647
2015-10-27,9.04,9.15,8.66,9.08,3693754.0,341494208.0,34000000.0,0.10863982352941176
2015-10-28,9.12,9.33,8.66,8.7,3624719.0,335040352.0,34000000.0,0.10660938235294118
2015-10-29,8.94,8.94,8.34,8.67,3144657.0,281124000.0,34000000.0,0.09248991176470588
2015-10-30,8.56,8.76,8.23,8.56,2544850.0,225146384.0,34000000.0,0.0748485294117647
2015-11-02,8.29,9.24,8.29,8.76,3825030.0,352660448.0,34000000.0,0.11250088235294117
2015-11-03,8.66,8.85,8.45,8.55,2902918.0,260748320.0,34000000.0,0.08537994117647059
2015-11-04,8.67,9.25,8.67,9.21,3925651.0,366407040.0,34000000.0,0.11546032352941177
2015-11-05,9.24,10.1,9.21,9.27,5085687.0,503858400.0,34000000.0,0.1495790294117647
2015-11-06,9.14,10.03,9.14,9.86,4684579.0,470642592.0,34000000.0,0.13778173529411764
2015-11-09,9.67,10.85,9.62,10.7,5781341.0,628132672.0,34000000.0,0.1700394411764706
2015-11-10,10.39,11.15,10.25,10.83,4619834.0,508545952.0,34000000.0,0.1358774705882353
2015-11-11,11.04,11.26,10.49,11.07,4181897.0,472771648.0,34000000.0,0.12299697058823529
2015-11-12,11.28,11.43,10.62,10.92,3627685.0,413347264.0,34000000.0,0.10669661764705882
2015-11-13,10.59,10.68,9.86,9.91,4852789.0,517848960.0,34000000.0,0.14272908823529412
2015-11-16,9.62,10.24,9.52,10.11,2326783.0,242145280.0,34000000.0,0.06843479411764705
2015-11-17,10.33,10.57,9.68,9.75,2820526.0,294876512.0,34000000.0,0.08295664705882352
2015-11-18,9.76,9.8,9.19,9.33,2982410.0,292971712.0,34000000.0,0.08771794117647058
2015-11-19,9.41,9.99,9.3,9.91,2856563.0,284848544.0,34000000.0,0.08401655882352942
2015-11-20,9.82,9.91,9.44,9.61,2968116.0,297147776.0,34000000.0,0.0872975294117647
2015-11-23,9.45,9.89,9.33,9.45,2404330.0,238620288.0,34000000.0,0.07071558823529411
2015-11-24,9.45,9.86,9.43,9.81,2881268.0,288580672.0,34000000.0,0.08474317647058824
2015-11-25,9.71,10.22,9.53,10.04,3305852.0,339306080.0,34000000.0,0.09723094117647059
2015-11-26,10.09,10.2,9.49,9.49,3267728.0,331350208.0,34000000.0,0.09610964705882354
2015-11-27,9.39,9.39,8.54,8.66,3700043.0,346423040.0,34000000.0,0.10882479411764706
2015-11-30,8.66,9.1,8.34,8.99,2852449.0,260300624.0,34000000.0,0.0838955588235294
2015-12-01,8.95,9.18,8.85,9.08,2700719.0,252591760.0,34000000.0,0.07943291176470588
2015-12-02,9.0,9.0,8.18,8.66,2101830.0,187365776.0,34000000.0,0.0618185294117647
2015-12-03,8.64,8.99,8.64,8.9,1486840.0,136855616.0,34000000.0,0.04373058823529412
2015-12-04,8.83,8.92,8.54,8.71,2423295.0,219899552.0,34000000.0,0.07127338235294117
2015-12-07,8.72,9.02,8.52,8.88,2236948.0,205263472.0,34000000.0,0.06579258823529412
2015-12-08,8.86,8.86,8.56,8.67,1904722.0,172205584.0,34000000.0,0.05602123529411765
2015-12-09,8.85,9.54,8.83,9.14,5805206.0,560837888.0,34000000.0,0.17074135294117648
2015-12-10,8.89,8.95,8.49,8.7,3905750.0,353091808.0,34000000.0,0.114875
2015-12-11,8.71,8.76,8.23,8.23,2682372.0,234541552.0,34000000.0,0.07889329411764706
2015-12-14,8.04,8.42,7.95,8.37,1846240.0,158002240.0,34000000.0,0.054301176470588235
2015-12-15,8.46,8.96,8.45,8.85,3345082.0,304246048.0,34000000.0,0.09838476470588235
2015-12-16,8.9,9.06,8.75,8.87,2523834.0,234102176.0,34000000.0,0.07423041176470588
2015-12-17,9.07,9.76,9.07,9.76,6357941.0,629876160.0,34000000.0,0.18699826470588235
2015-12-18,9.63,10.15,9.62,9.77,4833229.0,497493472.0,34000000.0,0.14215379411764706
2015-12-21,9.92,10.68,9.92,10.52,4326287.0,465638208.0,34000000.0,0.12724373529411764
2015-12-22,10.43,10.95,10.18,10.7,3226785.0,351378368.0,34000000.0,0.09490544117647058
2015-12-23,10.59,10.63,10.23,10.48,2157353.0,232971296.0,34000000.0,0.06345155882352942
2015-12-24,10.3,10.44,9.77,10.09,1850486.0,194053936.0,34000000.0,0.05442605882352941
2015-12-25,10.19,10.57,10.11,10.2,1548803.0,166513872.0,34000000.0,0.04555302941176471
2015-12-28,10.22,10.66,9.91,9.94,2384673.0,255388016.0,34000000.0,0.07013744117647058
2015-12-29,9.92,10.12,9.55,9.87,2630060.0,266151712.0,34000000.0,0.07735470588235294
2015-12-30,9.91,10.46,9.83,10.21,1879715.0,199567360.0,34000000.0,0.05528573529411765
2015-12-31,10.28,10.28,9.53,9.56,2384568.0,241688240.0,34000000.0,0.07013435294117647
2016-01-04,9.82,9.94,9.09,9.11,2223813.0,222759024.0,34000000.0,0.06540626470588236
2016-01-05,8.76,9.62,8.75,9.45,2913639.0,278152736.0,34000000.0,0.08569526470588236
2016-01-06,9.48,9.52,9.0,9.46,2630966.0,253431616.0,34000000.0,0.07738135294117647
2016-01-07,9.05,9.12,8.51,8.51,934200.0,84354576.0,34000000.0,0.027476470588235293
2016-01-08,8.61,8.84,8.08,8.61,2011785.0,180160464.0,34000000.0,0.05917014705882353
2016-01-11,8.42,8.75,7.75,7.75,2157978.0,184774544.0,34000000.0,0.06346994117647059
2016-01-12,7.73,7.93,7.22,7.55,2552288.0,201012464.0,34000000.0,0.07506729411764707
2016-01-13,7.7,7.99,7.27,7.64,2421612.0,194279024.0,34000000.0,0.07122388235294118
2016-01-14,7.31,8.19,7.22,8.15,2167835.0,176221184.0,34000000.0,0.06375985294117648
2016-01-15,8.08,8.18,7.62,7.64,1753174.0,143627024.0,34000000.0,0.05156394117647059
2016-01-18,7.33,8.08,7.33,7.91,1819326.0,148250784.0,34000000.0,0.053509588235294114
2016-01-19,7.91,8.27,7.81,8.18,1374760.0,115080568.0,34000000.0,0.04043411764705882
2016-01-20,8.1,8.42,7.99,8.05,1385936.0,117967416.0,34000000.0,0.04076282352941177
2016-01-21,7.84,8.14,7.24,7.24,2257582.0,180294000.0,34000000.0,0.0663994705882353
2016-01-22,7.39,7.46,7.12,7.38,1628150.0,123636200.0,34000000.0,0.04788676470588235
2016-01-25,7.45,7.58,7.27,7.31,1305568.0,100577792.0,34000000.0,0.03839905882352941
2016-01-26,7.18,7.18,6.58,6.58,2308368.0,162426192.0,34000000.0,0.06789317647058823
2016-01-27,7.24,7.24,7.12,7.24,7139485.0,536913536.0,34000000.0,0.20998485294117647
2016-01-28,7.12,7.91,6.89,7.46,6955829.0,529963872.0,34000000.0,0.20458320588235293
2016-01-29,7.27,8.2,7.18,7.87,4618989.0,370459488.0,34000000.0,0.13585261764705883
2016-02-01,7.79,7.84,7.37,7.54,4025005.0,318333088.0,34000000.0,0.1183825
2016-02-02,7.65,7.99,7.59,7.81,3118719.0,253038672.0,34000000.0,0.09172702941176471
2016-02-03,7.66,8.28,7.65,8.18,4399595.0,366525536.0,34000000.0,0.12939985294117648
2016-02-04,8.17,8.6,8.1,8.51,4173226.0,360130848.0,34000000.0,0.12274194117647058
2016-02-05,8.47,8.64,8.3,8.43,2819168.0,247024704.0,34000000.0,0.08291670588235295
2016-02-15,8.18,9.27,8.18,9.27,3638987.0,333002912.0,34000000.0,0.1070290294117647
2016-02-16,9.29,9.89,9.18,9.71,3822653.0,376899456.0,34000000.0,0.1124309705882353
2016-02-17,10.1,10.68,9.91,10.68,7011668.0,767374912.0,34000000.0,0.2062255294117647
2016-02-18,11.33,11.75,10.97,11.75,8089404.0,957812864.0,34000000.0,0.23792364705882352
2016-02-19,11.51,11.87,11.19,11.23,8051056.0,958480000.0,34000000.0,0.23679576470588234
2016-02-22,11.27,12.19,11.06,11.74,7964544.0,949029440.0,34000000.0,0.23425129411764706
2016-02-23,11.57,11.72,10.78,11.15,6624231.0,776944448.0,34000000.0,0.19483032352941176
2016-02-24,11.08,11.31,10.67,10.99,5534231.0,628169024.0,34000000.0,0.1627715
2016-02-25,11.16,11.26,9.89,9.97,7969657.0,874222784.0,34000000.0,0.23440167647058824
2016-02-26,9.97,10.45,9.86,10.05,6534416.0,692607104.0,34000000.0,0.19218870588235293
2016-02-29,9.8,10.12,9.2,9.79,6715111.0,674521472.0,34000000.0,0.19750326470588236
2016-03-01,9.8,10.49,9.3,10.39,7293042.0,748994816.0,34000000.0,0.21450123529411766
2016-03-02,10.3,11.43,10.17,11.12,7915805.0,888429376.0,34000000.0,0.23281779411764705
2016-03-03,11.07,11.45,10.85,11.06,5579332.0,645458432.0,34000000.0,0.164098
2016-03-04,10.99,11.73,10.49,11.23,8161215.0,952097728.0,34000000.0,0.24003573529411765
2016-03-07,11.26,11.76,11.12,11.43,6879016.0,818012608.0,34000000.0,0.202324
2016-03-08,11.1,11.16,10.29,10.76,7512953.0,821348800.0,34000000.0,0.22096920588235294
2016-03-09,10.48,11.06,10.31,10.42,4456083.0,496212928.0,34000000.0,0.13106126470588236
2016-03-10,10.2,11.12,10.15,10.68,5931082.0,656527360.0,34000000.0,0.17444358823529413
2016-03-11,10.63,11.29,10.59,10.97,5460557.0,619604160.0,34000000.0,0.16060461764705883
2016-07-20,12.07,12.07,12.07,12.07,3029484.0,125996240.0,102000000.0,0.029700823529411766
2016-07-21,12.47,13.27,12.33,12.7,43540405.0,1929951201.0,102000000.0,0.4268667156862745
2016-07-22,12.53,13.8,12.51,13.56,33038444.0,1507471556.0,102000000.0,0.32390631372549017
2016-07-25,13.05,13.14,12.2,12.2,22804003.0,973305157.0,102000000.0,0.2235686568627451
2016-07-26,11.86,12.18,11.49,11.74,18975458.0,770249837.0,102000000.0,0.18603390196078431
2016-07-27,11.73,12.01,10.76,11.6,20373071.0,814172174.0,102000000.0,0.19973599019607843
2016-07-28,11.48,11.56,10.76,10.98,13985687.0,535247859.0,102000000.0,0.13711457843137254
2016-07-29,10.99,10.99,10.42,10.44,13612013.0,495802118.0,102000000.0,0.13345110784313727
2016-08-01,10.25,10.32,9.78,9.91,11026896.0,379407368.0,102000000.0,0.10810682352941177
2016-08-02,9.99,10.37,9.99,10.17,10841261.0,380619578.0,102000000.0,0.10628687254901961
2016-08-03,10.1,10.29,9.9,10.18,9619771.0,334665716.0,102000000.0,0.09431148039215687
2016-08-04,10.12,10.71,9.98,10.46,13552185.0,486440910.0,102000000.0,0.1328645588235294
2016-08-05,10.41,10.41,10.01,10.05,10308761.0,363060335.0,102000000.0,0.1010662843137255
2016-08-08,9.88,10.01,9.82,10.01,5613013.0,192193859.0,102000000.0,0.05502953921568628
2016-08-09,10.08,10.52,10.08,10.24,10629764.0,378038056.0,102000000.0,0.1042133725490196
2016-08-10,10.49,10.93,10.33,10.78,16106129.0,589768057.0,102000000.0,0.1579032254901961
2016-08-11,10.66,10.66,10.35,10.37,11106135.0,400350150.0,102000000.0,0.10888367647058823
2016-08-12,10.1,10.12,9.83,10.0,12885434.0,443503671.0,102000000.0,0.1263277843137255
2016-08-15,9.94,10.37,9.81,10.25,12383001.0,432255053.0,168983400.0,0.07327939312382163
2016-08-16,10.15,10.58,10.07,10.29,16854373.0,600673835.0,168983400.0,0.09973981468002183
2016-08-17,10.17,10.21,9.91,10.04,16979640.0,587135850.0,168983400.0,0.10048111234594641
2016-08-18,10.05,10.14,9.89,9.98,9808621.0,337287074.0,168983400.0,0.05804487896444266
2016-08-19,9.92,10.08,9.9,9.98,7481207.0,257734639.0,168983400.0,0.04427184563690872
2016-08-22,10.03,10.04,9.61,9.62,11223435.0,378334967.0,168983400.0,0.06641738182567045
2016-08-23,9.63,9.76,9.62,9.7,4362058.0,145553239.0,168983400.0,0.0258135296129679
2016-08-24,9.75,9.85,9.65,9.67,6084254.0,203671169.0,168983400.0,0.03600503954826332
2016-08-25,9.58,9.64,9.24,9.35,10671331.0,343620258.0,168983400.0,0.06315017333063484
2016-08-26,9.4,9.45,9.3,9.31,5727021.0,184895675.0,168983400.0,0.03389102716598198
2016-08-29,9.28,9.45,9.25,9.39,4686199.0,151466775.0,168983400.0,0.027731712109000054
2016-08-30,9.41,9.53,9.39,9.43,4309069.0,140341984.0,168983400.0,0.025499954433394048
2016-08-31,9.44,9.47,9.23,9.32,5065872.0,162583664.0,168983400.0,0.02997851860005184
2016-09-01,9.26,9.37,9.25,9.25,4496422.0,144213546.0,168983400.0,0.0266086609690656
2016-09-02,9.25,9.26,8.96,9.0,6839324.0,214160241.0,168983400.0,0.0404733482697117
2016-09-05,9.01,9.07,8.83,8.86,5782643.0,178577015.0,168983400.0,0.03422018375769454
2016-09-06,8.89,9.69,8.81,9.58,14844504.0,475320063.0,168983400.0,0.08784593042866932
2016-09-07,9.51,9.56,9.32,9.34,9244496.0,299636160.0,168983400.0,0.054706533304454755
2016-09-08,9.28,9.57,9.28,9.38,7043862.0,229630167.0,168983400.0,0.041683751185027644
2016-09-09,9.39,9.45,9.09,9.11,5815879.0,185263474.0,168983400.0,0.03441686579865241
2016-09-12,8.8,8.96,8.67,8.67,6545673.0,198069617.0,168983400.0,0.038735597697762025
2016-09-13,8.76,8.77,8.53,8.58,5105698.0,151814644.0,168983400.0,0.03021419855441422
2016-09-14,8.56,8.96,8.52,8.77,7965082.0,241226219.0,168983400.0,0.04713529257903439
2016-09-19,8.77,8.86,8.75,8.82,3657549.0,110816229.0,168983400.0,0.02164442779586634
2016-09-20,8.8,8.89,8.74,8.87,3436505.0,104311835.0,168983400.0,0.02033634664706711
2016-09-21,8.9,8.96,8.82,8.87,3668447.0,112537671.0,168983400.0,0.02170891933763908
2016-09-22,8.95,9.19,8.95,9.04,6401102.0,200684806.0,168983400.0,0.03788006395894508
2016-09-23,8.99,9.05,8.84,8.86,4228344.0,129871791.0,168983400.0,0.02502224478854136
2016-09-26,8.87,8.93,8.67,8.73,4418235.0,133222765.0,168983400.0,0.026145970550953527
2016-09-27,8.7,8.96,8.7,8.85,3598616.0,109724703.0,168983400.0,0.021295677563595003
2016-09-28,8.91,8.94,8.82,8.85,2847058.0,86995972.0,168983400.0,0.016848151948652943
2016-09-29,8.9,8.96,8.83,8.84,2774273.0,84985489.0,168983400.0,0.01641742916759871
2016-09-30,8.87,8.89,8.79,8.88,2407210.0,73493072.0,168983400.0,0.014245245390967397
2016-10-10,8.89,9.2,8.88,9.14,5672028.0,176969835.0,168983400.0,0.0335655928333789
2016-10-11,9.17,9.34,9.11,9.23,5394753.0,172027553.0,168983400.0,0.031924751188578286
2016-10-12,9.2,9.39,9.2,9.29,5225566.0,167490388.0,168983400.0,0.03092354633650406
2016-10-13,9.23,9.34,9.13,9.2,4055483.0,128516717.0,168983400.0,0.023999298155913538
2016-10-14,9.14,9.28,9.07,9.28,3658574.0,115374186.0,168983400.0,0.021650493480424703
2016-10-17,9.4,9.53,9.31,9.42,10137715.0,330144174.0,168983400.0,0.059992372031809044
2016-10-18,9.34,10.15,9.34,10.1,18045746.0,615101638.0,168983400.0,0.10679005156719536
2016-10-19,10.1,10.49,9.95,10.25,15526312.0,548997284.0,168983400.0,0.09188069360659094
2016-10-20,10.15,10.29,10.03,10.1,10743938.0,376938424.0,168983400.0,0.06357984275378528
2016-10-21,10.03,10.05,9.63,9.8,12216053.0,413482290.0,168983400.0,0.07229143809391929
2016-10-24,9.69,9.85,9.52,9.81,9042307.0,302266346.0,168983400.0,0.053510031162824274
2016-10-25,9.75,9.79,9.57,9.6,7548793.0,251131210.0,168983400.0,0.04467180208233471
2016-10-26,9.58,9.76,9.52,9.53,6443203.0,213592511.0,168983400.0,0.038129206774156515
2016-10-27,9.55,9.68,9.38,9.66,6960940.0,229643578.0,168983400.0,0.04119304026312644
2016-10-28,9.66,10.03,9.61,9.81,12881611.0,439893965.0,168983400.0,0.07623003798006195
2016-10-31,9.83,10.27,9.82,10.18,12986256.0,452358281.0,168983400.0,0.07684929999041326
2016-11-01,10.23,10.26,9.98,10.16,10803528.0,376723195.0,168983400.0,0.063932480941915
2016-11-02,10.1,10.11,9.9,9.98,7554569.0,260344758.0,168983400.0,0.04470598295453873
2016-11-03,9.92,10.22,9.88,9.95,8989226.0,310781757.0,168983400.0,0.053195911551075434
2016-11-04,9.89,10.0,9.78,9.85,5639045.0,191479609.0,168983400.0,0.03337040798090227
2016-11-07,9.82,10.19,9.78,10.17,8996468.0,312035351.0,168983400.0,0.053238767831633164
2016-11-08,10.24,10.26,10.04,10.07,6842971.0,239000956.0,168983400.0,0.04049493027125741
2016-11-09,10.01,10.03,9.53,9.72,9331355.0,315117764.0,168983400.0,0.055220542372801114
2016-11-10,9.86,9.97,9.72,9.79,5176236.0,175919963.0,168983400.0,0.03063162417136831
2016-11-11,9.79,9.88,9.66,9.8,5849462.0,196538598.0,168983400.0,0.034615601295748574
2016-11-14,9.75,9.99,9.73,9.86,7178999.0,244712917.0,168983400.0,0.0424834569549435
2017-02-08,9.57,10.65,9.3,10.29,21308219.0,742530571.0,168983400.0,0.12609652190688553
2017-02-09,10.37,10.84,10.1,10.27,16520538.0,592376097.0,168983400.0,0.09776426560242012
2017-02-10,10.04,10.22,9.89,9.91,9442142.0,326448679.0,168983400.0,0.05587615114857436
2017-02-13,9.86,9.86,9.57,9.67,8290716.0,275785256.0,168983400.0,0.049062310262428147
2017-02-14,9.67,9.83,9.6,9.81,5106887.0,171539127.0,168983400.0,0.030221234748501923
2017-02-15,9.79,9.79,9.46,9.46,5579487.0,184814295.0,168983400.0,0.03301795916048559
2017-02-16,9.39,9.45,9.17,9.2,6457876.0,206135383.0,168983400.0,0.038216037788327134
2017-02-17,9.21,9.3,9.16,9.22,2757578.0,87665866.0,168983400.0,0.01631863248106027
2017-02-20,9.05,9.3,9.03,9.29,3837374.0,121420456.0,168983400.0,0.022708585577044846
2017-02-21,9.25,9.41,9.19,9.32,3430346.0,110105002.0,168983400.0,0.020299899280047627
2017-02-22,9.33,9.73,9.29,9.65,7236413.0,239052700.0,168983400.0,0.042823218138586396
2017-02-23,9.58,9.74,9.51,9.68,4301137.0,142878552.0,168983400.0,0.025453014911523852
2017-02-24,9.58,9.81,9.58,9.73,3251638.0,109111471.0,168983400.0,0.01924235161560248
2017-02-27,9.77,10.07,9.64,10.01,6734799.0,229619466.0,168983400.0,0.03985479638828429
2017-02-28,10.01,10.31,9.86,9.86,8612800.0,300379720.0,168983400.0,0.05096831996515634
2017-03-01,9.54,9.91,9.49,9.89,7673734.0,256168876.0,168983400.0,0.04541117056468268
2017-03-02,10.01,10.75,10.01,10.4,15038018.0,543721325.0,168983400.0,0.08899109616684242
2017-03-03,10.44,11.43,10.43,11.23,19953322.0,754725896.0,168983400.0,0.1180785923351051
2017-03-06,11.38,11.75,10.97,11.26,15744672.0,614621379.0,168983400.0,0.09317289153845881
2017-03-07,11.2,11.26,10.88,10.96,11551002.0,438617601.0,168983400.0,0.06835583850248013
2017-03-08,10.97,11.38,10.96,10.99,9938892.0,382930976.0,168983400.0,0.05881578900649413
2017-03-09,11.31,11.49,11.04,11.2,13251446.0,514387111.0,168983400.0,0.07841862573483549
2017-03-10,11.18,12.19,11.18,12.01,19954663.0,804103982.0,168983400.0,0.11808652802582975
2017-03-13,11.89,12.24,11.64,12.13,14814900.0,611173430.0,168983400.0,0.08767074162314169
2017-03-14,12.14,12.43,12.04,12.11,9930355.0,417374711.0,168983400.0,0.05876526925129924
2017-03-15,12.16,12.21,11.89,12.17,8267516.0,343426448.0,168983400.0,0.048925018670472956
2017-03-16,12.09,12.24,12.01,12.16,7339873.0,306998835.0,168983400.0,0.043435467625814135
2017-03-17,12.19,13.15,12.13,12.13,16326544.0,707705735.0,168983400.0,0.09661625934855139
2017-03-20,11.89,12.59,11.86,12.28,10587218.0,447822129.0,168983400.0,0.06265241437916387
2017-03-21,12.21,12.41,11.93,12.25,8307704.0,347322995.0,168983400.0,0.04916284084708912
2017-03-22,12.18,12.42,12.07,12.39,7382572.0,313274133.0,168983400.0,0.04368814925016303
2017-03-23,12.39,12.95,12.33,12.78,11971429.0,523468327.0,168983400.0,0.07084381661157249
2017-03-24,12.81,13.16,12.65,12.89,8907163.0,396922598.0,168983400.0,0.05271028396872119
2017-03-27,12.76,12.96,12.4,12.68,7495666.0,328016553.0,168983400.0,0.044357410254498374
2017-03-28,12.76,13.1,12.61,12.65,5731669.0,253501773.0,168983400.0,0.03391853282630128
2017-03-29,12.62,12.85,12.18,12.34,7163438.0,309572108.0,168983400.0,0.042391370986735975
2017-03-30,12.22,12.34,11.84,11.97,7265019.0,302359668.0,168983400.0,0.04299250103856355
2017-03-31,11.98,12.52,11.98,12.4,9556656.0,405111619.0,168983400.0,0.056553815345175916
2017-04-05,12.33,13.27,12.33,13.11,12255519.0,551221164.0,168983400.0,0.07252498766150994
2017-04-06,13.12,13.21,12.73,12.82,7490137.0,332468907.0,168983400.0,0.044324691064329395
2017-04-07,13.04,13.09,12.48,12.56,6251021.0,272417506.0,168983400.0,0.03699192346703877
2017-04-10,12.59,13.2,12.35,13.11,10423744.0,461704829.0,168983400.0,0.06168501758160861
2017-04-11,13.03,13.17,12.46,12.9,8919828.0,393693213.0,168983400.0,0.05278523215889845
2017-04-12,12.67,13.19,12.62,12.94,7581933.0,339988727.0,168983400.0,0.044867916020153456
2017-04-13,12.82,13.14,12.76,13.1,5307587.0,237626449.0,168983400.0,0.031408925373734936
2017-04-14,13.05,13.78,13.05,13.35,10677581.0,496566024.0,168983400.0,0.06318715921208828
2017-04-17,13.25,13.68,12.76,13.31,7678997.0,351824575.0,168983400.0,0.045442315635737
2017-04-18,13.2,13.37,12.88,13.06,4162512.0,187758159.0,168983400.0,0.024632668060886456
2017-04-19,13.07,13.09,12.31,12.63,7482193.0,323240828.0,168983400.0,0.04427768052956681
2017-04-20,13.09,13.44,13.0,13.12,9069344.0,411363889.0,168983400.0,0.05367002912712136
2017-04-21,13.03,13.51,12.96,13.19,5125248.0,234505768.0,168983400.0,0.030329890391600594
2017-04-24,13.0,13.03,12.31,12.32,6893153.0,300998569.0,168983400.0,0.04079189435175289
2017-04-25,12.35,12.84,12.34,12.5,5482350.0,237180969.0,168983400.0,0.03244312754980667
2017-04-26,12.65,13.16,12.64,13.03,6318405.0,280621178.0,168983400.0,0.0373906845287762
2017-04-27,13.03,13.33,12.95,13.27,6828322.0,308404490.0,168983400.0,0.04040824128287157
2017-04-28,13.23,13.38,13.1,13.26,3406405.0,155204963.0,168983400.0,0.02015822264198732
2017-05-02,13.38,13.52,13.12,13.27,4475114.0,204718272.0,168983400.0,0.026482565743144
2017-05-03,13.24,13.43,13.0,13.09,3943567.0,178074647.0,168983400.0,0.023337008250514546
2017-05-04,12.95,13.07,12.78,12.8,3757981.0,166091098.0,168983400.0,0.022238758363247513
2017-05-05,12.79,12.79,12.33,12.41,4978406.0,213411291.0,168983400.0,0.029460917462898722
2017-05-08,12.39,12.5,12.01,12.04,4396406.0,184926159.0,168983400.0,0.026016792181953966
2017-05-09,11.93,12.42,11.85,12.37,4483337.0,187706989.0,168983400.0,0.026531227327654668
2017-05-10,12.44,12.56,12.07,12.13,3177151.0,134812445.0,168983400.0,0.018801556839310844
2017-05-11,11.99,12.34,11.94,12.3,3557233.0,148905577.0,168983400.0,0.02105078368644494
2017-05-12,12.36,12.41,11.72,11.77,6642746.0,274674843.0,168983400.0,0.039310050573014864
2017-05-15,11.79,12.07,11.33,11.45,5520306.0,219080522.0,168983400.0,0.03266774132843818
2017-05-16,11.48,12.16,11.43,12.15,5142474.0,208307067.0,168983400.0,0.03043182939862732
2017-05-17,12.14,12.49,12.14,12.23,4621913.0,195990972.0,168983400.0,0.027351284208981474
2017-05-18,12.18,12.49,12.13,12.32,3446690.0,145795937.0,168983400.0,0.02039661883948364
2017-05-19,12.36,12.44,12.11,12.23,2949267.0,123779155.0,168983400.0,0.017452998341848963
2017-05-22,12.24,12.28,11.73,11.84,3474995.0,142315042.0,168983400.0,0.02056412049941
2017-05-23,11.94,12.06,11.64,11.67,2597086.0,105548345.0,168983400.0,0.015368882387264074
2017-05-24,11.67,12.06,11.51,12.0,3633617.0,148121175.0,168983400.0,0.021502804417475326
2017-05-25,12.04,12.07,11.66,12.02,2944534.0,120557526.0,168983400.0,0.017424989673541898
2017-05-26,12.02,12.09,11.86,11.91,2261383.0,93184618.0,168983400.0,0.013382278969413564
2017-05-31,12.22,12.22,11.65,11.71,2697588.0,109945160.0,168983400.0,0.01596362719651753
2017-06-01,11.63,11.63,11.11,11.14,4555816.0,177264468.0,168983400.0,0.026960139279952944
2017-06-02,11.06,11.49,10.81,11.28,4393808.0,167518354.0,168983400.0,0.0260014178907514
2017-06-05,11.32,11.75,11.28,11.64,3563328.0,141814301.0,168983400.0,0.02108685231803834
2017-06-06,11.63,11.75,11.5,11.61,1888392.0,75550625.0,168983400.0,0.011175014823941287
2017-06-07,11.61,12.13,11.61,12.07,4728746.0,193883200.0,168983400.0,0.02798349423671201
2017-06-16,13.12,13.27,12.57,12.86,11452182.0,507217992.0,168983400.0,0.06777104733364342
2017-06-19,12.8,13.44,12.75,13.27,7734867.0,350556780.0,168983400.0,0.045772939827225634
2017-06-20,13.34,14.59,13.34,14.2,17885015.0,874656183.0,168983400.0,0.10583888713329238
2017-06-21,14.22,14.31,13.91,14.07,8077304.0,390419418.0,168983400.0,0.047799393313189345
2017-06-22,14.11,15.23,14.01,14.61,12463188.0,626073104.0,168983400.0,0.0737539190239988
2017-06-23,14.49,14.67,13.95,14.52,8382196.0,413200495.0,168983400.0,0.04960366521208592
2017-06-26,14.36,14.64,14.26,14.53,5929211.0,295038513.0,168983400.0,0.035087535225353496
2017-06-27,14.49,14.77,14.26,14.32,4016060.0,199308519.0,168983400.0,0.023766003051187277
2017-06-28,14.48,14.91,14.2,14.39,5516604.0,276076539.0,168983400.0,0.032645833851135675
2017-06-29,14.34,14.89,14.22,14.62,5967920.0,300580196.0,168983400.0,0.035316605062982516
2017-06-30,14.49,15.55,14.39,15.06,6814535.0,350086163.0,168983400.0,0.04032665338725579
2017-07-03,15.04,15.47,14.72,15.25,6169634.0,319903449.0,168983400.0,0.036510296277622534
2017-07-04,15.16,15.68,14.73,14.74,7727836.0,404245906.0,168983400.0,0.045731332190025765
2017-07-05,14.58,16.21,14.58,16.21,12633133.0,678972566.0,168983400.0,0.07475960952377571
2017-07-06,16.2,17.31,16.16,16.63,13806348.0,790493893.0,168983400.0,0.08170239206928018
2017-07-07,16.84,17.92,16.44,17.27,13470557.0,796597270.0,168983400.0,0.07971526789021881
2017-07-10,17.2,17.45,16.97,17.3,7894638.0,467246787.0,168983400.0,0.046718423229737356
2017-07-11,17.31,17.82,16.47,17.45,11804539.0,694206205.0,168983400.0,0.06985620481065004
2017-07-12,17.15,18.47,17.08,18.24,11438646.0,704591339.0,168983400.0,0.06769094479102682
2017-07-13,17.71,19.14,17.68,17.95,10029628.0,636425267.0,168983400.0,0.059352741156823687
2017-07-14,18.16,19.13,17.93,18.47,9529153.0,606755183.0,168983400.0,0.056391059713557665
2017-07-17,18.34,18.99,17.44,18.08,9215523.0,579109221.0,168983400.0,0.05453507859351865
2017-07-18,18.07,18.29,16.68,17.6,9241182.0,560354891.0,168983400.0,0.054686921910672884
2017-07-19,17.63,18.51,17.08,18.47,6787341.0,415443854.0,168983400.0,0.04016572633761659
2017-07-20,18.55,20.05,18.43,18.77,7107483.0,468059634.0,168983400.0,0.042060243787259574
2017-07-21,18.77,19.35,17.75,18.53,4891052.0,313927778.0,168983400.0,0.028943979112741252
2017-07-24,18.59,18.74,17.72,17.79,5676259.0,353694422.0,168983400.0,0.03359063079568762
2017-07-25,17.89,18.23,17.51,18.14,5224833.0,321418034.0,168983400.0,0.030919208632327198
2017-07-26,18.1,18.71,17.92,18.33,4625130.0,291081220.0,168983400.0,0.02737032158188319
2017-07-27,18.18,18.25,17.47,17.86,5437196.0,332402231.0,168983400.0,0.032175917871222856
2017-07-28,17.88,19.31,17.79,19.0,8077679.0,520090928.0,168983400.0,0.04780161246607655
2017-07-31,18.91,19.83,18.91,19.45,6345353.0,421965073.0,168983400.0,0.03755015581412139
2017-08-01,19.2,19.96,18.88,19.55,5311428.0,353133860.0,168983400.0,0.03143165541704097
2017-08-02,19.55,19.62,18.91,19.37,5247344.0,347339536.0,168983400.0,0.031052422900710957
2017-08-03,19.28,19.97,19.05,19.51,3845302.0,259559351.0,168983400.0,0.02275550142795091
2017-08-04,19.49,19.62,18.79,18.88,3322658.0,218269256.0,168983400.0,0.01966262958373426
2017-08-07,18.91,19.47,18.58,19.04,3017939.0,197541504.0,168983400.0,0.017859381454036313
2017-08-08,19.05,19.17,17.8,18.13,6534490.0,410700195.0,168983400.0,0.03866941959979501
2017-08-09,18.06,18.38,17.95,17.97,3612524.0,225765302.0,168983400.0,0.021377981505875724
2017-08-10,18.15,18.29,17.37,17.61,4230190.0,257999185.0,168983400.0,0.02503316893848745
2017-08-11,17.64,17.84,17.22,17.46,2737190.0,164953348.0,168983400.0,0.016197981576888617
2017-08-14,17.48,18.44,17.46,18.44,4403702.0,273913969.0,168983400.0,0.02605996802052746
2017-08-15,18.45,19.02,18.33,18.6,3815659.0,244177135.0,168983400.0,0.022580081830523
2017-08-16,18.48,18.53,17.83,18.24,4584300.0,284567757.0,168983400.0,0.02712870021552413
2017-08-17,18.25,18.39,17.98,18.21,2416204.0,151307837.0,168983400.0,0.014298469553814162
2017-08-18,18.06,18.06,17.51,17.81,2325014.0,141972956.0,168983400.0,0.013758830749055824
2017-08-21,17.89,18.03,17.73,17.81,1342421.0,82437899.0,168983400.0,0.007944099834658316
2017-08-22,17.8,18.93,17.75,18.91,5178685.0,328697548.0,168983400.0,0.03064611671915703
2017-08-23,18.86,18.87,18.36,18.46,2845190.0,181928420.0,168983400.0,0.01683709760840414
2017-08-24,18.49,18.61,17.85,18.02,2255091.0,140366671.0,168983400.0,0.013345044542836752
2017-08-25,17.83,18.27,17.65,18.04,2625692.0,161655636.0,168983400.0,0.015538165287241232
2017-08-28,18.01,18.91,17.9,18.74,3818153.0,244275491.0,168983400.0,0.022594840676658182
2017-08-29,18.84,19.31,18.63,19.09,3563277.0,233159023.0,168983400.0,0.02108655051324568
2017-08-30,19.1,19.28,18.75,19.23,2572688.0,168400542.0,168983400.0,0.015224501341551892
2017-08-31,19.2,19.87,19.11,19.31,4399802.0,294546913.0,168983400.0,0.02603688883050051
2017-09-01,19.4,21.24,19.4,21.24,7992869.0,566747885.0,168983400.0,0.04729972884910589
2017-09-04,21.3,23.01,21.3,22.71,8302518.0,628076535.0,168983400.0,0.04913215144209431
2017-09-05,22.52,23.07,21.93,22.92,5455258.0,420925743.0,168983400.0,0.032282804109752795
2017-09-06,22.55,24.44,22.55,22.68,7359748.0,590277973.0,168983400.0,0.04355308272883609
2017-09-07,23.1,23.25,21.94,22.18,5288671.0,409225471.0,168983400.0,0.0312969853843632
2017-09-08,22.23,22.8,22.08,22.23,3160794.0,243826297.0,168983400.0,0.018704760349241404
2017-09-11,22.63,24.45,22.63,24.45,7611858.0,624471495.0,168983400.0,0.04504500442055255
2017-09-12,24.53,24.9,22.01,22.64,9208195.0,743110307.0,168983400.0,0.05449171338723212
2017-09-13,22.7,24.32,21.97,24.07,7428095.0,587370508.0,168983400.0,0.04395754257518786
2017-09-14,23.86,24.47,23.13,23.14,5153095.0,418587501.0,168983400.0,0.030494681726134048
2017-09-15,23.15,23.37,22.37,22.75,3225634.0,252948198.0,168983400.0,0.01908846667779202
2017-09-18,22.75,23.13,22.39,22.82,2121016.0,166241326.0,168983400.0,0.01255162341389746
2017-09-19,22.94,23.01,21.71,21.91,3198786.0,244513702.0,168983400.0,0.018929587166550087
2017-09-20,22.16,22.49,21.95,22.35,2003648.0,153330294.0,168983400.0,0.011857069984388999
2017-09-21,22.39,22.52,22.11,22.15,1536056.0,117495703.0,168983400.0,0.009089981619496352
2017-09-22,22.26,23.02,21.94,22.41,2794451.0,216589353.0,168983400.0,0.016536837346153528
2017-09-25,22.41,22.41,21.2,21.65,3485412.0,259021405.0,168983400.0,0.020625765607746087
2017-09-26,21.24,22.43,21.23,22.1,2626126.0,197555488.0,168983400.0,0.015540733586849358
2017-09-27,22.05,23.25,21.94,22.63,5457624.0,426624813.0,168983400.0,0.03229680548503581
2017-09-28,22.18,22.55,21.53,22.31,3758899.0,285442960.0,168983400.0,0.022244190849515396
2017-09-29,22.25,22.54,21.21,21.7,3659209.0,273938074.0,168983400.0,0.021654251245980374
2017-10-09,21.69,22.0,21.66,21.88,2653463.0,198689716.0,168983400.0,0.015702506873456208
2017-10-10,21.94,22.07,21.76,21.95,2124231.0,160033328.0,168983400.0,0.012570648951317112
2017-10-11,21.97,21.97,20.95,21.18,3528492.0,258568562.0,168983400.0,0.020880701891428387
2017-10-12,21.18,21.47,20.45,20.74,2271117.0,162821901.0,168983400.0,0.013439882260624416
2017-10-13,20.78,21.42,20.78,21.33,2088474.0,151990075.0,168983400.0,0.012359048285216181
2017-10-16,21.41,21.54,20.86,21.0,2344000.0,169975669.0,168983400.0,0.01387118498029984
2017-10-17,21.0,21.37,20.81,20.93,1696226.0,123478123.0,168983400.0,0.010037826200680066
2017-10-18,21.15,21.43,20.89,20.97,1433229.0,103876089.0,168983400.0,0.008481478062342219
2017-10-19,20.95,21.32,20.81,21.06,1430357.0,103815483.0,168983400.0,0.008464482310096732
2017-10-20,21.08,22.5,21.03,22.48,3873039.0,291689264.0,168983400.0,0.02291964181097078
2017-10-23,22.77,23.06,22.17,22.55,2680118.0,208409135.0,168983400.0,0.01586024426067886
2017-10-24,22.4,22.94,22.35,22.72,2115575.0,164613189.0,168983400.0,0.012519424984939348
2017-10-25,22.63,22.68,22.2,22.56,1990615.0,153537886.0,168983400.0,0.01177994406551176
2017-10-26,22.69,22.77,22.26,22.46,2185926.0,168470855.0,168983400.0,0.012935743984320354
2017-10-27,22.55,22.63,21.53,21.76,2120325.0,160942242.0,168983400.0,0.012547534254843966
2017-10-30,21.82,22.76,21.28,22.46,3781976.0,288794160.0,168983400.0,0.02238075455932358
2017-10-31,22.44,23.82,22.41,23.59,4526608.0,361033789.0,168983400.0,0.02678729389987419
2017-11-01,23.57,24.9,23.57,24.46,5323117.0,444620277.0,168983400.0,0.03150082789197045
2017-11-02,24.24,24.46,23.22,23.56,4639210.0,378804008.0,168983400.0,0.02745364337562151
2017-11-03,23.65,23.8,22.9,23.23,2671200.0,213571959.0,168983400.0,0.015807469846150567
2017-11-06,23.36,23.44,22.42,22.92,3026552.0,237439119.0,168983400.0,0.017910350957549677
2017-11-07,22.9,22.94,22.29,22.8,2518180.0,195670125.0,168983400.0,0.014901937113349596
2017-11-08,22.47,23.71,22.4,23.56,4267995.0,340560222.0,168983400.0,0.025256889138223045
2017-11-09,23.57,23.85,22.93,23.57,3114977.0,249416042.0,168983400.0,0.01843362720835301
2017-11-10,23.57,24.04,23.27,23.57,2624400.0,213178207.0,168983400.0,0.015530519565827176
2017-11-13,24.64,25.46,23.86,24.23,4526702.0,380110191.0,168983400.0,0.026787850167531248
2017-11-14,24.32,24.4,22.27,22.84,6785757.0,539169931.0,168983400.0,0.040156352635821034
2017-11-15,22.69,22.69,20.55,20.55,7503656.0,539019445.0,168983400.0,0.04440469300534845
2017-11-16,19.8,20.29,18.81,20.08,8767115.0,588611860.0,168983400.0,0.05188151617259447
2017-11-17,19.75,20.91,19.09,19.55,5956578.0,413314534.0,168983400.0,0.03524948604419132
2017-11-20,19.41,20.66,18.93,20.53,3972667.0,273235561.0,168983400.0,0.023509214514561786
2017-11-21,20.51,21.58,20.45,20.83,3888670.0,281095768.0,168983400.0,0.023012142021050588
2017-11-22,20.77,21.38,20.26,21.05,3311095.0,237767546.0,168983400.0,0.019594202744174873
2017-11-23,20.95,21.35,20.31,20.32,2448201.0,175336401.0,168983400.0,0.0144878195136327
2017-11-24,20.26,20.49,19.92,19.99,1860200.0,128551590.0,168983400.0,0.011008181868751606
2017-11-27,19.98,20.25,18.24,18.33,3836311.0,252734982.0,168983400.0,0.022702295018327243
2017-11-28,18.37,19.37,18.37,19.27,3296554.0,214914746.0,168983400.0,0.019508152871820547
2017-11-29,19.39,20.29,19.31,20.12,3931758.0,270292048.0,168983400.0,0.02326712564666115
2017-11-30,20.26,20.74,19.26,19.52,2944239.0,202195415.0,168983400.0,0.017423243939937296
2017-12-01,19.55,20.04,19.24,19.73,1975499.0,134303356.0,168983400.0,0.011690491492063717
2017-12-04,20.16,20.28,19.49,19.84,1750359.0,119921272.0,168983400.0,0.010358171275995157
2017-12-05,19.94,19.94,18.2,18.71,4981792.0,321321792.0,168983400.0,0.02948095493403494
2017-12-06,18.61,19.08,17.86,19.08,4208421.0,266289013.0,168983400.0,0.024904345633949842
2017-12-07,18.81,18.9,18.24,18.59,3102948.0,197077410.0,168983400.0,0.018362442701472453
2017-12-08,18.37,18.76,18.24,18.61,3481131.0,221133470.0,168983400.0,0.020600431758385735
2017-12-11,18.42,19.34,18.42,19.34,3407639.0,221803430.0,168983400.0,0.020165525134421488
2017-12-12,19.35,19.93,19.22,19.42,3253477.0,218803706.0,168983400.0,0.01925323434136134
2017-12-13,19.16,19.56,18.71,19.01,2390460.0,156275996.0,168983400.0,0.014146123228672165
2017-12-14,19.1,19.11,18.65,18.77,1798701.0,116494223.0,168983400.0,0.010644246712990744
2017-12-15,18.69,18.88,18.24,18.53,1550277.0,98584002.0,168983400.0,0.009174137814720262
2017-12-18,18.56,18.71,17.83,17.87,2544975.0,158339790.0,168983400.0,0.015060502984316803
2017-12-19,17.93,18.1,16.89,17.22,4864853.0,290705368.0,168983400.0,0.028788940215429444
2017-12-20,17.37,17.45,17.02,17.06,2818130.0,166854717.0,168983400.0,0.016676963536063304
2017-12-21,17.21,17.34,16.91,17.19,2303950.0,135837383.0,168983400.0,0.013634179451946168
2017-12-22,17.37,18.3,17.31,17.98,4494585.0,276985642.0,168983400.0,0.026597790078788805
2017-12-25,17.93,17.95,17.2,17.22,3261467.0,196027721.0,168983400.0,0.019300517092211426
2017-12-26,17.22,17.41,16.93,17.3,2040656.0,120963053.0,168983400.0,0.01207607374452165
2017-12-27,17.46,17.65,17.12,17.29,3802786.0,227727597.0,168983400.0,0.02250390275021097
2017-12-28,17.14,17.54,16.72,16.73,4849949.0,284525488.0,168983400.0,0.028700742203080304
2017-12-29,16.93,16.93,16.31,16.57,4021221.0,228333063.0,168983400.0,0.023796544512656274
2018-01-02,16.75,17.58,16.71,17.42,4089316.0,240950537.0,168983400.0,0.024199513088267843
2018-01-03,17.54,18.43,17.43,18.27,5921524.0,367595969.0,168983400.0,0.035042045550036274
2018-01-04,18.32,18.88,18.18,18.33,4401619.0,280953315.0,168983400.0,0.026047641365956657
2018-01-05,18.33,18.72,18.14,18.18,2989814.0,188963506.0,168983400.0,0.017692944987495813
2018-01-08,18.34,18.53,18.13,18.47,2819381.0,177466785.0,168983400.0,0.016684366630095027
2018-01-09,18.56,18.65,17.67,17.99,3253633.0,201000588.0,168983400.0,0.019254157508962418
2018-01-10,17.86,17.97,17.03,17.19,3215100.0,192171527.0,168983400.0,0.019026129193755126
2018-01-11,17.19,18.06,17.14,18.04,3418893.0,207574638.0,168983400.0,0.020232123392001818
2018-01-12,18.27,18.67,17.48,17.5,3229274.0,199975555.0,168983400.0,0.019110007255150507
2018-01-15,17.43,17.43,16.25,16.35,4479811.0,258496604.0,168983400.0,0.026510361372773895
2018-01-16,16.37,16.73,15.84,16.02,4171086.0,232904403.0,168983400.0,0.02468340677249955
2018-01-17,15.85,15.85,14.42,15.51,7457242.0,383264247.0,168983400.0,0.044130026973063625
2018-01-18,15.42,15.64,15.07,15.51,5196838.0,274725413.0,168983400.0,0.03075354147212093
2018-01-19,15.42,15.91,15.16,15.42,3721051.0,198804016.0,168983400.0,0.022020216186915402
2018-01-22,15.41,15.77,15.04,15.47,4727654.0,250262826.0,168983400.0,0.02797703206350446
2018-01-23,15.49,15.7,14.88,14.97,4036704.0,211711577.0,168983400.0,0.023888168897063262
2018-01-24,15.05,15.3,14.4,15.1,5768089.0,297025110.0,168983400.0,0.034134056954706796
2018-01-25,15.37,16.2,15.31,15.38,7240794.0,391215449.0,168983400.0,0.04284914376205
2018-01-26,15.41,16.08,15.41,16.06,6681820.0,363280863.0,168983400.0,0.039541280386120765
2018-01-29,15.65,15.7,15.02,15.09,5921058.0,311392624.0,168983400.0,0.035039287882715105
2018-01-30,15.01,15.43,14.99,15.25,3274665.0,172158931.0,168983400.0,0.019378619438359033
2018-01-31,15.13,15.47,14.93,15.38,2938551.0,153990004.0,168983400.0,0.017389583828944146
2018-02-01,15.16,15.54,14.99,15.25,3148133.0,165311254.0,168983400.0,0.018629835830028276
2018-02-02,15.28,15.65,14.98,15.14,3215225.0,169561964.0,168983400.0,0.019026868911384196
2018-02-05,14.69,14.89,14.0,14.24,4972925.0,244313285.0,168983400.0,0.02942848232429931
2018-02-06,13.75,14.14,13.53,13.89,4300918.0,204798076.0,168983400.0,0.025451718926237724
2018-02-07,14.3,14.42,13.52,14.13,4006804.0,193945998.0,168983400.0,0.023711228440189983
2018-02-08,13.97,15.45,13.97,15.17,4151898.0,213685842.0,168983400.0,0.024569857157566957
2018-02-09,14.84,15.96,14.75,15.73,5733110.0,308541579.0,168983400.0,0.033927060291129185
2018-02-12,15.77,17.28,15.77,16.9,5537077.0,319674670.0,168983400.0,0.03276698776329509
2018-02-13,17.11,17.25,16.58,16.78,4425291.0,256396506.0,168983400.0,0.026187726131679207
2018-02-14,16.96,17.22,16.22,16.96,3332634.0,191723820.0,168983400.0,0.01972166496827499
2018-02-22,17.22,17.6,16.99,17.05,3742453.0,222546751.0,168983400.0,0.02214686768049406
2018-02-23,16.97,16.98,16.35,16.85,3890105.0,222960378.0,168983400.0,0.023020633979432298
2018-02-26,17.02,18.21,17.01,17.86,5544726.0,339438307.0,168983400.0,0.032812252564453075
2018-02-27,17.82,18.49,17.63,17.81,4643862.0,288287299.0,168983400.0,0.02748117270690494
2018-02-28,17.82,18.62,17.66,18.44,4289911.0,270258104.0,168983400.0,0.025386582350692435
2018-03-01,18.33,18.64,18.15,18.5,3156802.0,200194563.0,168983400.0,0.01868113672703946
2018-03-02,18.33,19.49,18.21,19.32,5340832.0,350761020.0,168983400.0,0.031605660674362095
2018-03-05,19.55,21.26,19.04,20.51,7637668.0,528551812.0,168983400.0,0.045197741316602695
2018-03-06,20.31,20.95,20.07,20.23,4081140.0,285074209.0,168983400.0,0.024151129637585703
2018-03-07,20.32,20.53,19.78,20.52,4219645.0,291866433.0,168983400.0,0.024970766359299196
2018-03-08,21.23,21.79,19.83,19.9,8899315.0,637577625.0,168983400.0,0.05266384153709772
2018-03-09,19.89,21.89,19.89,21.79,12308910.0,883280009.0,168983400.0,0.07284094177297888
2018-03-12,21.82,22.4,21.53,21.66,10976919.0,823676472.0,168983400.0,0.06495856397729008
2018-03-13,21.69,22.63,21.53,21.73,9146635.0,688241370.0,168983400.0,0.05412741724926827
2018-03-14,21.56,22.62,21.54,21.62,8356237.0,633344864.0,168983400.0,0.04945004657262193
2018-03-15,21.53,22.17,20.95,21.76,6246739.0,462368922.0,168983400.0,0.03696658369993739
2018-03-16,21.79,22.2,21.46,21.47,4663678.0,349701324.0,168983400.0,0.027598438663205972
2018-03-19,21.18,21.54,21.05,21.22,4128025.0,302443268.0,168983400.0,0.024428582925896863
2018-03-20,21.05,21.35,20.34,21.12,6469072.0,462612369.0,168983400.0,0.03828229281692758
2018-03-21,21.16,21.49,20.37,20.39,5408108.0,388395615.0,168983400.0,0.032003782620068005
2018-03-22,20.72,20.8,20.25,20.63,3760837.0,265155336.0,168983400.0,0.02225565943163648
2018-03-23,19.95,20.45,19.3,19.55,6488462.0,440515998.0,168983400.0,0.03839703781554875
2018-03-26,19.35,20.92,19.35,20.86,6848919.0,479242085.0,168983400.0,0.04053012899491903
2018-03-27,21.12,22.26,21.11,22.18,8415193.0,628276757.0,168983400.0,0.04979893291293701
2018-03-28,21.83,22.52,21.75,21.78,6015620.0,456851741.0,168983400.0,0.035598881310235204
2018-03-29,22.03,22.26,20.98,21.52,5051033.0,373166419.0,168983400.0,0.029890705240869814
2018-03-30,21.62,22.33,21.31,22.29,5294558.0,400429863.0,168983400.0,0.03133182312582183
2018-04-02,22.71,22.94,21.5,21.56,6843379.0,518543335.0,168983400.0,0.0404973447095987
2018-04-03,21.03,21.18,20.37,21.12,5231750.0,374143208.0,168983400.0,0.030960141647049355
2018-04-04,21.24,21.27,20.51,20.66,4053814.0,289332849.0,168983400.0,0.023989421446130213
2018-04-09,20.58,21.03,20.13,20.2,3325649.0,236323119.0,168983400.0,0.01968032954716262
2018-04-10,20.5,20.84,19.95,20.74,3483609.0,245974559.0,168983400.0,0.020615095920664395
2018-04-11,20.92,20.94,20.29,20.5,2906466.0,206113426.0,168983400.0,0.01719971310791474
2018-04-12,20.4,20.58,19.46,19.67,4718124.0,321286328.0,168983400.0,0.02792063599146425
2018-04-13,19.82,19.92,19.31,19.6,3487237.0,234554746.0,168983400.0,0.02063656548513049
2018-04-16,19.49,19.62,18.58,18.92,5409850.0,353039109.0,168983400.0,0.03201409132494671
2018-04-17,19.26,19.39,18.62,19.12,4231938.0,277783381.0,168983400.0,0.02504351314981235
2018-04-18,19.14,19.14,17.89,18.77,7141457.0,453909808.0,168983400.0,0.04226129312109947
2018-04-19,18.75,18.85,18.28,18.53,4327377.0,276570945.0,168983400.0,0.025608296436217995
2018-04-20,18.5,18.79,17.86,17.95,3849091.0,243966875.0,168983400.0,0.02277792374872325
2018-04-23,17.95,18.47,17.9,18.26,3530366.0,221044166.0,168983400.0,0.02089179173812339
2018-04-24,18.33,19.01,18.1,18.96,3846876.0,247641046.0,168983400.0,0.022764815952336148
2018-04-25,18.85,19.0,18.58,18.72,3509290.0,226338815.0,168983400.0,0.020767069428121343
2018-04-26,18.62,18.84,17.15,17.17,5606104.0,343425106.0,168983400.0,0.033175471673549
2018-04-27,17.43,18.32,17.31,18.27,5025979.0,309984065.0,168983400.0,0.029742442157040277
2018-05-02,18.22,19.04,18.21,18.99,4820114.0,311676727.0,168983400.0,0.02852418639937414
2018-05-03,18.99,19.31,18.56,19.14,5187164.0,338651475.0,168983400.0,0.03069629324537203
2018-05-04,19.18,19.63,18.91,18.94,3650681.0,242090546.0,168983400.0,0.02160378475045478
2018-05-07,18.93,20.83,18.93,20.57,6979613.0,482226591.0,168983400.0,0.041303542241427266
2018-05-08,20.4,21.09,20.19,20.38,6268235.0,444671327.0,168983400.0,0.03709379146117311
2018-05-09,20.39,21.41,20.39,20.99,5498176.0,397156766.0,168983400.0,0.03253678171938782
2018-05-10,20.95,21.41,20.8,21.39,4029285.0,293222209.0,168983400.0,0.023844265176342767
2018-05-11,21.43,21.88,21.06,21.11,5587956.0,414735478.0,168983400.0,0.033068076509290265
2018-05-14,21.16,21.34,19.79,20.16,7286714.0,512678903.0,168983400.0,0.043120886430264745
2018-05-15,20.17,21.57,20.17,21.53,5618967.0,404215132.0,168983400.0,0.033251591576450704
2018-05-16,21.41,21.47,20.45,20.49,5530877.0,395464064.0,168983400.0,0.032730297768893274
2018-05-17,20.77,21.17,20.03,20.37,4733949.0,333473103.0,168983400.0,0.028014284243304374
2018-05-18,20.56,20.56,19.93,20.28,3284811.0,229249981.0,168983400.0,0.0194386608388753
2018-05-21,20.69,21.15,20.28,20.44,4464035.0,317317568.0,168983400.0,0.026417003090244365
2018-05-22,20.51,20.62,19.98,20.62,3384126.0,235696665.0,168983400.0,0.020026381289523113
2018-05-23,20.57,20.62,20.05,20.17,4341825.0,302593406.0,168983400.0,0.025693795958656295
2018-05-24,20.37,20.56,19.57,20.0,9988559.0,341788489.0,337436716.0,0.02960128085172569
2018-05-25,19.94,19.94,18.86,19.06,9653720.0,318249816.0,337436716.0,0.02860897923153093
2018-05-28,19.06,19.32,18.24,18.65,9122041.0,292661997.0,337436716.0,0.027033338600888943
2018-05-29,18.7,19.38,18.7,19.02,5816069.0,190521107.0,337436716.0,0.017236028932903675
2018-05-30,18.43,18.98,17.93,18.11,7685047.0,242351578.0,337436716.0,0.022774780086468126
2018-05-31,18.37,18.64,17.61,17.76,8529665.0,263408954.0,337436716.0,0.025277821278938715
2018-06-01,17.67,18.24,17.53,17.96,6989274.0,214268395.0,456757572.0,0.01530193351671464
2018-06-04,17.76,18.07,17.2,17.56,7928542.0,238978520.0,456757572.0,0.017358315408507338
2018-06-05,17.61,18.45,17.61,18.43,8952052.0,276476256.0,456757572.0,0.019599132119040165
2018-06-06,18.53,19.22,18.26,18.94,10031497.0,324684256.0,456757572.0,0.021962409853601726
2018-06-07,18.96,19.49,18.77,19.12,6554680.0,215239247.0,456757572.0,0.014350457226793385
2018-06-08,18.94,19.46,18.84,19.43,7129141.0,235745563.0,456757572.0,0.015608150662470024
2018-06-11,19.53,19.71,18.26,18.52,11524341.0,371033973.0,456757572.0,0.02523076070646947
2018-06-12,18.36,18.49,17.68,18.27,9431839.0,290697445.0,456757572.0,0.02064955148680053
2018-06-13,18.06,18.24,17.84,17.89,4384285.0,135279406.0,456757572.0,0.009598713341089395
2018-06-14,17.89,18.26,17.84,18.02,5252580.0,162463025.0,456757572.0,0.011499710835664045
2018-06-15,17.99,18.02,17.37,17.59,6406356.0,193385628.0,456757572.0,0.01402572478864127
2018-06-19,16.96,17.45,15.87,16.15,9245867.0,263312251.0,456757572.0,0.020242394580379283
2018-06-20,16.19,16.66,16.1,16.39,7144291.0,200643218.0,456757572.0,0.01564131924232227
2018-06-21,16.39,16.48,15.66,15.67,7189077.0,196843521.0,456757572.0,0.015739371256663044
2018-06-22,15.5,16.66,15.33,16.38,8753294.0,242471165.0,456757572.0,0.019163982244830742
2018-06-25,16.68,16.87,16.38,16.52,6356389.0,181101039.0,456757572.0,0.013916329776794592
2018-06-26,16.16,16.82,16.1,16.82,6032034.0,171661159.0,456757572.0,0.013206204712901837
2018-06-27,16.85,16.97,16.37,16.44,5797484.0,165273380.0,456757572.0,0.012692693795123335
2018-06-28,16.38,16.79,16.36,16.51,4505176.0,128606754.0,456757572.0,0.00986338547223909
2018-06-29,16.61,17.77,16.48,17.63,7294697.0,214963159.0,456757572.0,0.015970609897190714
2018-07-02,17.5,17.97,17.32,17.55,6085460.0,184047324.0,456757572.0,0.01332317266981181
2018-07-03,17.6,18.28,17.17,17.96,7976631.0,242435193.0,456757572.0,0.017463598830059462
2018-07-04,17.78,18.09,16.92,17.16,7800052.0,232667559.0,456757572.0,0.017077006443146605
2018-07-05,17.08,17.54,16.99,17.08,5396050.0,159886000.0,456757572.0,0.011813816192192211
2018-07-06,17.03,17.49,16.32,16.61,8984428.0,259860376.0,456757572.0,0.019670014359389754
2018-07-09,16.51,17.77,16.51,17.59,7872078.0,231361812.0,456757572.0,0.017234696220865278
2018-07-10,18.01,18.24,17.46,17.78,7978848.0,243473585.0,456757572.0,0.017468452608378433
2018-07-11,17.2,18.39,16.96,18.07,11812180.0,362639425.0,456757572.0,0.025860939640864892
2018-07-12,17.98,18.82,17.87,18.76,11675732.0,369392468.0,456757572.0,0.025562207866364612
2018-07-13,19.0,19.21,18.65,18.65,10498100.0,341080911.0,456757572.0,0.02298396489418242
2018-07-16,18.65,18.86,18.09,18.36,6727973.0,211950282.0,456757572.0,0.01472985542536337
2018-07-17,18.45,18.65,18.09,18.59,6723061.0,211710998.0,456757572.0,0.014719101361717547
2018-07-18,18.71,19.21,18.52,18.52,10266646.0,333347889.0,456757572.0,0.022477232189157884
2018-07-19,18.59,18.77,18.01,18.57,7625890.0,241084929.0,456757572.0,0.016695705703593678
2018-07-20,18.42,19.12,18.3,18.9,8165152.0,264034743.0,456757572.0,0.017876336377407664
2018-07-23,18.86,19.58,18.71,19.17,7971024.0,262556121.0,456757572.0,0.017451323171496322
2018-07-24,19.01,19.41,18.9,19.08,7196469.0,236556263.0,456757572.0,0.015755554896416692
2018-07-25,18.96,19.29,18.36,18.42,8457081.0,273040528.0,456757572.0,0.01851546973369059
2018-07-26,18.48,18.71,17.95,18.16,6607753.0,207359697.0,456757572.0,0.014466652344846075
2018-07-27,18.2,18.2,17.3,17.55,9003135.0,271778255.0,456757572.0,0.019710970440135363
2018-07-30,18.07,18.15,17.49,17.74,5284242.0,160947055.0,456757572.0,0.011569029883537432
2018-07-31,17.63,17.71,17.31,17.46,4170644.0,125276471.0,456757572.0,0.009130979442197403
2018-08-01,17.6,17.89,17.24,17.24,4454480.0,133949687.0,456757572.0,0.009752394427738136
2018-08-02,16.89,16.89,16.04,16.36,10901633.0,306658012.0,456757572.0,0.023867437932698354
2018-08-03,16.5,16.59,16.03,16.15,4303612.0,120319190.0,456757572.0,0.00942209229538509
2018-08-06,16.16,16.32,14.91,15.07,8351342.0,221155773.0,456757572.0,0.01828397056108355
2018-08-07,15.21,15.65,14.94,15.62,6484048.0,170431920.0,456757572.0,0.014195819396290162
2018-08-08,15.64,15.77,15.15,15.45,3900330.0,103353526.0,456757572.0,0.008539168782515552
2018-08-09,15.37,16.2,15.31,16.06,5194056.0,142001067.0,456757572.0,0.01137158159690016
2018-08-10,16.03,16.12,15.67,15.94,4036376.0,110081142.0,456757572.0,0.008837020440243518
2018-08-13,15.73,15.94,15.07,15.84,6690104.0,177508821.0,456757572.0,0.014646947111803983
2018-08-14,15.88,15.91,15.27,15.34,6984618.0,185289822.0,456757572.0,0.015291739925441236
2018-08-15,15.3,15.33,14.11,14.34,13981422.0,346676202.0,456757572.0,0.030610159211547784
2018-08-16,13.99,14.23,13.73,13.98,8225383.0,197699608.0,456757572.0,0.018008202828436088
2018-08-17,14.19,14.27,13.49,13.57,7167436.0,169523449.0,456757572.0,0.015691991637086643
2018-08-20,13.6,13.92,13.45,13.82,5339013.0,125347642.0,456757572.0,0.01168894250974782
2018-08-21,13.93,13.96,13.24,13.26,13569167.0,316134416.0,456757572.0,0.029707590704155858
2018-08-22,13.35,13.59,12.93,13.17,13104528.0,297182207.0,456757572.0,0.02869033553755733
2018-08-23,13.23,13.39,13.12,13.17,8067197.0,183418771.0,456757572.0,0.017661879067874545
2018-08-24,13.32,13.61,13.24,13.41,8924225.0,205373414.0,456757572.0,0.019538209210027066
2018-08-27,13.51,13.9,13.42,13.86,9366583.0,220545651.0,456757572.0,0.020506683576118144
2018-08-28,13.87,14.21,13.76,14.11,8203039.0,196926893.0,456757572.0,0.017959284099180736
2018-08-29,14.05,14.09,13.65,13.79,7336727.0,173324860.0,456757572.0,0.016062628076147143
2018-08-30,13.72,13.83,13.48,13.57,5141744.0,120034063.0,456757572.0,0.0112570525705483
2018-08-31,13.45,13.76,13.3,13.55,5328650.0,124578430.0,456757572.0,0.0116662543253908
2018-09-03,13.52,13.72,13.27,13.64,3863327.0,89471117.0,456757572.0,0.008458156441903496
2018-09-04,13.65,13.67,13.34,13.48,4868591.0,112655284.0,456757572.0,0.010659026359830112
2018-09-05,13.39,13.46,13.16,13.17,4879068.0,110828946.0,456757572.0,0.010681964129540472
2018-09-06,12.99,13.18,12.61,12.66,6351061.0,140299909.0,456757572.0,0.013904664945543585
2018-09-07,12.68,13.91,12.68,13.47,13113685.0,304263732.0,456757572.0,0.028710383371597394
2018-09-10,13.69,14.18,13.59,13.84,13111869.0,312321003.0,456757572.0,0.028706407520705534
2018-09-11,14.02,14.14,13.44,13.72,7042250.0,166056349.0,456757572.0,0.015417916268282466
2018-09-12,13.74,14.12,13.74,13.91,7288245.0,174750320.0,465079799.0,0.015670955856760403
2018-09-13,14.55,14.89,14.34,14.46,11541470.0,288425673.0,465079799.0,0.024816106880617278
2018-09-14,14.63,15.31,14.3,14.6,12307610.0,313490152.0,465079799.0,0.02646343708426691
2018-09-17,14.48,14.56,14.0,14.37,6433652.0,158245736.0,465079799.0,0.01383343678618903
2018-09-18,14.35,15.25,14.28,15.21,10139504.0,258170115.0,465079799.0,0.021801643549777143
2018-09-19,15.07,15.77,14.93,15.48,10347020.0,275824398.0,465079799.0,0.022247837945762936
2018-09-20,15.42,15.71,15.24,15.34,6282636.0,166178955.0,465079799.0,0.013508726918495981
2018-09-21,15.45,16.08,15.23,15.98,8054149.0,217661754.0,465079799.0,0.017317778620610437
2018-09-25,15.9,15.97,15.67,15.81,3642248.0,98805665.0,465079799.0,0.007831447437260117
2018-09-26,15.84,16.01,15.5,15.98,7808979.0,210637645.0,465079799.0,0.016790621774565615
2018-09-27,15.87,15.88,15.29,15.34,8477893.0,225028714.0,465079799.0,0.018228899681794176
2018-09-28,15.5,15.59,14.79,15.32,8151731.0,211921918.0,465079799.0,0.017527596377068185
2018-10-08,14.85,15.25,14.69,14.86,5695565.0,146103394.0,465079799.0,0.012246425263463227
2018-10-09,14.34,14.34,13.38,13.45,11669976.0,274235670.0,465079799.0,0.02509241645217104
2018-10-10,13.62,13.69,13.16,13.35,7808653.0,179187523.0,465079799.0,0.01678992081958821
2018-10-11,13.02,13.2,12.19,12.54,11609752.0,250524339.0,465079799.0,0.024962924695854184
2018-10-12,12.46,12.72,11.7,12.56,9507357.0,200366160.0,465079799.0,0.020442420893021843
2018-10-15,12.89,13.64,12.89,13.31,12569934.0,288390642.0,465079799.0,0.027027477923202595
2018-10-16,13.25,13.79,13.14,13.38,7220471.0,165818515.0,465079799.0,0.015525230327193808
2018-10-17,13.46,13.63,12.87,13.41,6525768.0,148997212.0,465079799.0,0.014031501720847694
2018-10-18,13.29,13.81,13.0,13.38,6283606.0,145297026.0,465079799.0,0.013510812582079059
2018-10-19,13.18,13.79,13.12,13.6,9815827.0,228814543.0,465079799.0,0.02110568341412739
2018-10-22,13.72,14.86,13.62,14.79,10813584.0,265161573.0,485451935.0,0.022275292815549286
2018-10-23,14.86,14.88,14.05,14.27,6671442.0,165316905.0,485451935.0,0.013742744685938887
2018-10-24,14.17,14.74,14.09,14.52,5840374.0,144822828.0,485451935.0,0.01203079765250086
2018-10-25,14.11,14.16,13.29,13.96,10463293.0,245896072.0,485451935.0,0.0215537157144095
2018-10-26,14.05,14.22,13.53,13.81,5978292.0,141955935.0,485451935.0,0.012314899929279302
2018-10-29,13.76,13.99,13.51,13.65,3029944.0,71509135.0,485451935.0,0.006241491240528272
2018-10-30,13.58,13.77,13.32,13.62,5078027.0,118032433.0,485451935.0,0.010460411492643448
2018-10-31,13.64,14.08,13.49,14.01,5294052.0,126363720.0,485451935.0,0.010905409203899867
2018-11-01,14.31,14.5,14.15,14.19,5254732.0,128608496.0,485451935.0,0.01082441251367141
2018-11-02,14.85,14.86,14.37,14.64,8702270.0,218008982.0,485451935.0,0.017926120739430156
2018-11-05,14.61,15.3,14.49,15.03,9940757.0,254170088.0,485451935.0,0.020477324907562683
2018-11-06,14.86,14.97,14.52,14.68,4623341.0,116850143.0,485451935.0,0.00952378735497264
2018-11-07,14.79,15.27,14.79,15.16,8716527.0,226062174.0,485451935.0,0.01795548924941457
2018-11-08,15.26,15.27,15.03,15.12,3849425.0,99810031.0,485451935.0,0.00792956979355742
2018-11-09,15.02,15.38,14.83,15.07,4672184.0,121658720.0,485451935.0,0.009624400817353834
2018-11-12,14.98,15.93,14.87,15.77,8226995.0,220267498.0,485451935.0,0.01694708457594262
2018-11-13,15.69,16.32,15.46,15.95,8914946.0,242759029.0,485451935.0,0.018364219724451195
2018-11-14,15.95,16.03,15.49,15.55,4301462.0,116020168.0,485451935.0,0.008860737160312276
2018-11-15,15.46,15.71,15.39,15.64,3249686.0,86751339.0,485451935.0,0.006694145734530855
2018-11-16,15.84,15.84,15.3,15.32,5744249.0,152537316.0,485451935.0,0.011832786288100798
2018-11-19,15.33,15.41,15.07,15.24,4315779.0,112400608.0,485451935.0,0.008890229266466926
2018-11-20,15.24,15.41,14.96,15.01,4130571.0,107329132.0,485451935.0,0.00850871260818025
2018-11-21,14.94,15.5,14.92,15.43,5343491.0,140654934.0,485451935.0,0.011007250388238745
2018-11-22,15.47,15.5,14.85,14.88,5277762.0,136386735.0,485451935.0,0.0108718528436806
2018-11-23,14.97,14.97,14.28,14.44,4653914.0,115983389.0,485451935.0,0.009586765783516756
2018-11-26,14.43,14.86,14.32,14.72,4048204.0,101925436.0,485451935.0,0.008339041845615468
2018-11-27,14.8,15.45,14.65,15.23,7161587.0,187148282.0,485451935.0,0.01475241210028342
2018-11-28,15.45,16.01,15.19,16.01,12534248.0,337698138.0,485451935.0,0.02581975082661891
2018-11-29,16.05,17.01,15.91,16.13,13054188.0,368675728.0,485451935.0,0.02689079403916682
2018-11-30,16.2,16.73,15.92,16.54,7838992.0,220352071.0,485451935.0,0.016147823161936723
2018-12-03,17.09,17.25,16.52,16.59,8306931.0,239420061.0,485451935.0,0.01711174763367665
2018-12-04,16.47,17.05,16.39,16.91,7710898.0,221494638.0,485451935.0,0.01588395769809837
2018-12-05,16.79,16.96,16.6,16.82,4890695.0,140964937.0,485451935.0,0.010074519529930393
2018-12-06,16.67,17.55,16.62,16.82,9959610.0,293594823.0,485451935.0,0.020516160884187225
2018-12-07,16.9,17.2,16.57,16.78,6188109.0,178824161.0,485451935.0,0.012747109556788563
2018-12-10,16.9,17.17,16.5,16.96,7705061.0,223102281.0,485451935.0,0.01587193385067051
2018-12-11,16.9,17.24,16.5,17.11,7604541.0,219681930.0,485451935.0,0.015664869066800608
2018-12-12,17.21,18.04,17.03,17.63,12433494.0,375989458.0,485451935.0,0.02561220401768509
2018-12-13,17.6,18.34,17.55,17.91,9517448.0,292562862.0,485451935.0,0.019605335387117163
2018-12-14,17.82,18.18,17.39,17.41,7360379.0,224259326.0,485451935.0,0.015161910931511684
2018-12-17,17.45,17.59,16.74,17.17,9340494.0,274080888.0,485451935.0,0.019240821441982716
2018-12-18,17.14,17.52,16.96,17.13,6316850.0,186537016.0,485451935.0,0.0130123077993293
2018-12-19,17.21,17.31,16.57,16.75,7771845.0,223902057.0,485451935.0,0.016009504627888648
2018-12-20,16.73,16.96,16.43,16.52,7060076.0,201332578.0,485451935.0,0.014543305919668443
2018-12-21,16.59,17.18,16.5,16.76,7131121.0,206343157.0,485451935.0,0.01468965408490956
2018-12-24,16.82,17.2,16.42,16.67,5896468.0,169753632.0,485451935.0,0.01214634771205516
2018-12-25,16.44,16.66,15.97,16.43,6306579.0,175745146.0,485451935.0,0.012991150194920946
2018-12-26,16.32,16.53,15.96,16.14,4661387.0,129363004.0,485451935.0,0.009602159686519738
2018-12-27,16.72,17.33,16.72,17.14,12046392.0,353030055.0,485451935.0,0.02481479860616891
2018-12-28,17.15,17.25,16.62,16.87,8300877.0,240631277.0,485451935.0,0.017099276780099763
2019-01-02,17.07,17.32,16.83,16.86,5939562.0,173779303.0,485451935.0,0.012235118601391506
2019-01-03,16.96,16.96,15.58,16.09,8906728.0,248133862.0,485451935.0,0.01834729116900111
2019-01-04,15.83,16.05,15.13,15.56,16698656.0,445865979.0,485451935.0,0.03439816549500416
2019-01-07,15.68,16.13,15.31,16.12,13223841.0,356272806.0,485451935.0,0.027240268390319632
2019-01-08,16.06,16.83,15.92,16.73,13047946.0,371763732.0,485451935.0,0.026877935917589864
2019-01-09,16.44,16.85,15.21,16.03,22357181.0,609602312.0,485451935.0,0.04605436581481542
2019-01-10,15.76,16.24,15.76,16.0,9209735.0,253943105.0,485451935.0,0.018971466248249684
2019-01-11,16.01,16.13,15.52,15.81,9889305.0,267984196.0,485451935.0,0.02037133707171236
2019-01-14,15.88,16.12,15.56,15.66,8176494.0,222403341.0,485451935.0,0.016843055739390555
2019-01-15,15.68,16.47,15.68,16.3,10474275.0,289726321.0,485451935.0,0.02157633793343516
2019-01-16,16.32,16.66,16.2,16.27,7792413.0,219251204.0,485451935.0,0.016051873395045792
2019-01-17,16.23,16.47,16.06,16.12,4430118.0,123249812.0,485451935.0,0.009125760308278512
2019-01-18,16.2,16.83,16.12,16.74,7476863.0,212576889.0,485451935.0,0.015401860536409233
2019-01-21,16.72,17.11,16.44,16.87,9866793.0,285502409.0,485451935.0,0.020324963788639547
2019-01-22,16.9,17.02,16.36,16.47,8686464.0,248303078.0,485451935.0,0.017893561388317464
2019-01-23,16.55,16.97,16.29,16.9,9158214.0,263642086.0,485451935.0,0.018865336276803594
2019-01-24,16.89,17.01,16.61,16.73,7366552.0,212015893.0,485451935.0,0.015174626917492872
2019-01-25,16.77,18.2,16.5,17.96,16486199.0,496431597.0,485451935.0,0.03396051763600448
2019-01-28,18.07,18.17,17.59,17.74,8943266.0,274237989.0,485451935.0,0.018422557116802924
2019-01-29,17.89,17.89,16.72,17.2,12175152.0,360436740.0,485451935.0,0.025080035987496887
2019-01-30,17.91,17.91,17.21,17.25,12189874.0,365794734.0,485451935.0,0.025110362367800634
2019-01-31,17.06,17.96,17.06,17.49,8656755.0,261806304.0,485451935.0,0.01783236274462476
2019-02-01,17.4,18.73,17.4,18.53,15760881.0,494144737.0,485451935.0,0.03246640885260865
2019-02-11,18.52,18.92,18.39,18.8,13298034.0,426504538.0,485451935.0,0.027393101234625832
2019-02-12,18.77,18.77,18.2,18.65,14741521.0,467014330.0,485451935.0,0.030366592317733785
2019-02-13,18.51,18.79,18.31,18.66,16145282.0,513824184.0,485451935.0,0.033258250376528006
2019-02-14,18.62,19.11,18.3,19.02,16296004.0,524815025.0,485451935.0,0.03356872807603496
2019-02-15,19.02,19.02,18.27,18.36,15476440.0,492956775.0,485451935.0,0.031880478548303656
2019-02-18,18.44,18.91,18.24,18.77,16520739.0,528299031.0,485451935.0,0.03403166783133741
2019-02-19,18.82,18.86,17.87,18.08,17836984.0,559930545.0,485451935.0,0.03674304851622437
2019-02-20,18.01,18.27,17.58,17.82,12101347.0,372049257.0,485451935.0,0.02492800239842488
2019-02-21,17.77,18.32,17.74,17.81,11277486.0,348480708.0,485451935.0,0.023230901324968453
2019-02-22,17.86,18.27,17.42,18.19,13987084.0,426963939.0,485451935.0,0.02881250025298591
2019-02-25,18.37,20.0,18.37,20.0,29056546.0,978048263.0,485451935.0,0.059854630098446306
2019-02-26,20.27,20.98,19.76,19.76,21206401.0,738477386.0,485451935.0,0.04368383246839875
2019-02-27,19.73,20.4,19.12,19.33,13568878.0,456674310.0,485451935.0,0.027951022586819023
2019-02-28,19.61,19.73,18.89,19.02,12061676.0,395444005.0,485451935.0,0.02484628267060054
2019-03-01,19.42,20.34,19.4,19.96,20289239.0,692285882.0,485451935.0,0.04179453729028807
2019-03-04,20.1,21.21,20.02,20.82,21573916.0,771617249.0,485451935.0,0.044440889910141154
2019-03-05,20.81,21.4,20.58,20.97,13565480.0,486955811.0,485451935.0,0.027944022923711283
2019-03-06,21.07,21.32,20.47,20.81,14302148.0,509680825.0,485451935.0,0.029461511982643556
2019-03-07,20.7,20.87,19.91,20.46,17196083.0,601057187.0,485451935.0,0.035422833364543084
2019-03-08,19.9,21.16,19.54,20.55,18676168.0,660289159.0,485451935.0,0.03847171399162309
2019-03-11,20.56,22.33,20.56,22.27,19791176.0,739807228.0,485451935.0,0.04076855930134463
2019-03-12,22.56,23.71,22.36,22.6,21950186.0,868263969.0,485451935.0,0.045215982093057265
2019-03-13,22.56,23.12,21.97,22.36,15201110.0,588905106.0,485451935.0,0.0313133163224491
2019-03-14,22.47,23.24,21.57,22.03,20188637.0,778716442.0,485451935.0,0.04158730359165218
2019-03-15,22.3,23.02,21.93,22.44,15152277.0,583561960.0,485451935.0,0.031212723459429614
2019-03-18,22.55,22.83,20.93,22.27,17366121.0,651362787.0,485451935.0,0.03577310079112157
2019-03-19,22.15,22.26,21.63,21.81,9403326.0,353642958.0,485451935.0,0.0193702513514546
2019-03-20,21.86,21.92,20.98,21.48,13962130.0,510294690.0,485451935.0,0.028761096605784464
2019-03-21,20.98,21.78,20.64,21.64,15097918.0,551768165.0,485451935.0,0.031100747389131326
2019-03-22,21.77,22.0,21.12,21.94,13524431.0,500971967.0,485451935.0,0.02785946460384384
2019-03-25,21.51,22.66,21.33,22.23,15393410.0,588576864.0,485451935.0,0.03170944204805776
2019-03-26,22.32,22.44,20.88,20.93,13066104.0,482325517.0,485451935.0,0.026915340238575832
2019-03-27,21.45,22.11,21.08,21.15,12502803.0,460643228.0,485451935.0,0.025754976133734023
2019-03-28,20.99,21.85,20.52,21.36,9905105.0,364417898.0,485451935.0,0.02040388406320803
2019-03-29,21.36,21.84,21.21,21.68,11939312.0,442332293.0,485451935.0,0.024594220641019796
2019-04-01,22.03,22.53,22.03,22.37,14533110.0,555362551.0,485451935.0,0.0299372789604804
2019-04-02,22.39,22.67,21.86,21.92,12574009.0,479317373.0,485451935.0,0.02590165594869861
2019-04-03,21.81,22.14,21.43,21.69,9323605.0,348113940.0,485451935.0,0.019206031179997255
2019-04-04,21.76,21.86,21.22,21.38,9586814.0,353432675.0,485451935.0,0.01974822491952782
2019-04-08,21.42,21.74,20.23,20.44,20198379.0,715691199.0,485451935.0,0.04160737148982628
2019-04-09,20.46,20.8,19.96,20.68,10119541.0,356506823.0,485451935.0,0.020845608535889345
2019-04-10,20.52,20.78,20.19,20.33,11201564.0,391975621.0,485451935.0,0.023074506851023264
2019-04-11,20.31,20.52,19.93,19.99,8914098.0,308440426.0,485451935.0,0.01836247289857852
2019-04-12,20.17,20.65,19.96,20.63,8113366.0,282410072.0,485451935.0,0.01671301608881217
2019-04-15,20.81,20.95,20.05,20.05,9427780.0,330086070.0,485451935.0,0.01942062503057074
2019-04-16,20.0,20.52,19.4,20.4,11113515.0,379833510.0,485451935.0,0.022893131531137062
2019-04-17,20.39,22.44,20.34,21.83,30648086.0,1143982255.0,485451935.0,0.06313310091142185
2019-04-18,21.82,22.03,21.31,21.32,8128250.0,300938641.0,485451935.0,0.016743676178775556
2019-04-19,21.34,21.5,20.8,21.22,6705640.0,243342158.0,485451935.0,0.01381319038310147
2019-04-22,21.1,21.1,20.4,20.44,9279545.0,329529297.0,485451935.0,0.019115270392320097
2019-04-23,20.36,20.66,20.11,20.37,6155784.0,215010640.0,485451935.0,0.012680522120073536
2019-04-24,20.37,20.61,19.82,20.55,7387212.0,256836304.0,485451935.0,0.015217185198777712
2019-04-25,20.52,20.77,19.82,20.05,6360224.0,222288678.0,485451935.0,0.013101655470793417
2019-04-26,19.96,19.96,18.1,18.51,22117283.0,708715409.0,485451935.0,0.04556019124735799
2019-04-29,18.51,19.1,18.2,18.94,10380326.0,334775613.0,485451935.0,0.02138280899014235
2019-04-30,18.71,19.21,18.39,18.58,8555946.0,272932739.0,489394043.0,0.01748273425551279
2019-05-06,17.78,18.06,17.26,17.42,9688766.0,293469097.0,489394043.0,0.01979747432275141
2019-05-07,17.66,17.95,16.94,17.49,10615522.0,316817801.0,489394043.0,0.021691154912566027
2019-05-08,17.17,17.75,17.06,17.31,7690263.0,230801525.0,489394043.0,0.015713846766214113
2019-05-09,17.13,17.63,16.98,17.11,6793945.0,202245951.0,489394043.0,0.013882361457350228
2019-05-10,17.42,18.48,17.25,18.37,10038701.0,307945161.0,489394043.0,0.02051251163267633
2019-05-13,18.07,18.32,17.08,17.15,9134966.0,275872727.0,489394043.0,0.01866587084714474
2019-05-14,17.49,17.68,17.24,17.33,7285805.0,218127471.0,489394043.0,0.01488740025386864
2019-05-15,17.53,17.95,17.29,17.82,7616478.0,231273251.0,489394043.0,0.015563078686677025
2019-05-16,17.52,18.26,17.31,17.98,7746564.0,236229547.0,489394043.0,0.015828889032881016
2019-05-17,17.95,18.17,17.37,17.44,5682513.0,172984061.0,489394043.0,0.011611324414915284
2019-05-20,17.49,17.59,16.44,17.31,6107332.0,178040537.0,847356616.0000001,0.007207510845705132
2019-05-21,17.45,17.45,16.56,16.72,13120378.0,379026035.0,847356616.0000001,0.015483891613351135
2019-05-22,16.72,16.96,16.46,16.55,6731889.0,192788062.0,847356616.0000001,0.007944575958795604
2019-05-23,16.47,16.48,15.77,16.15,9461353.0,261046761.0,847356616.0000001,0.011165727417888006
2019-05-24,16.12,16.38,15.83,16.13,5779957.0,160205467.0,847356616.0000001,0.00682116229561604
2019-05-27,16.13,16.62,16.09,16.54,6840050.0,192658307.0,847356616.0000001,0.008072221153224582
2019-05-28,16.5,16.82,16.39,16.74,7682715.0,219394906.0,847356616.0000001,0.009066684386400068
2019-05-29,16.64,16.83,16.55,16.64,4146041.0,118794259.0,847356616.0000001,0.00489291158139727
2019-05-30,16.61,16.61,16.26,16.45,3256086.0,91578372.0,847356616.0000001,0.0038426394961905857
2019-05-31,16.48,16.82,16.36,16.66,4562503.0,130433355.0,847356616.0000001,0.005384395322877846
2019-06-03,16.72,16.83,16.27,16.32,4204681.0,119227070.0,847356616.0000001,0.0049621150299722205
2019-06-04,16.35,16.48,15.91,15.98,4544867.0,125981088.0,847356616.0000001,0.005363582362116117
2019-06-05,16.17,16.77,16.06,16.42,5618034.0,156291574.0,847356616.0000001,0.006630070378774265
2019-06-06,16.51,16.51,15.68,15.72,6251597.0,168511874.0,847356616.0000001,0.007377763838690556
2019-06-10,15.83,17.02,15.83,16.82,10527055.0,296950544.0,847356616.0000001,0.012423405684484558
2019-06-11,16.79,17.47,16.4,17.25,13194142.0,384383186.0,847356616.0000001,0.01557094350933822
2019-06-12,17.23,17.72,16.97,17.04,8233207.0,241903477.0,847356616.0000001,0.009716342381163397
2019-06-13,17.17,17.19,16.77,17.14,6862203.0,198105873.0,847893280.0,0.008093239045366653
2019-06-14,17.23,17.36,16.77,17.13,10311793.0,299873941.0,847893280.0,0.012161663788631512
2019-06-17,17.17,17.23,16.61,16.93,7351408.0,210575041.0,847893280.0,0.008670204344584497
2019-06-18,16.95,16.95,16.3,16.53,8841159.0,247613383.0,847893280.0,0.010427207301371701
2019-06-19,17.08,17.57,16.32,16.5,14994872.0,426981264.0,847893280.0,0.01768485769812918
2019-06-20,16.55,17.27,16.21,17.01,15524957.0,440587320.0,847893280.0,0.018310036612154777
2019-06-21,17.31,18.22,17.28,17.87,18453458.0,558981794.0,847893280.0,0.021763892267196647
2019-06-24,17.94,18.13,17.56,17.79,10231344.0,308788026.0,847893280.0,0.012066782744167993
2019-06-25,17.99,18.37,17.72,18.04,12771388.0,390037433.0,847893280.0,0.0150624946573465
2019-06-26,18.56,19.79,18.56,19.06,13970335.0,456043943.0,847893280.0,0.01647652520609669
2019-06-27,19.06,20.07,19.06,19.8,12575672.0,419312127.0,847893280.0,0.01483166843827327
2019-06-28,19.88,20.01,19.13,19.79,8988770.0,296318960.0,847893280.0,0.010601298786092514
2019-07-01,20.17,20.54,19.82,20.32,9537742.0,328508230.0,847893280.0,0.011248752909092522
2019-07-02,20.11,20.68,20.1,20.32,7159998.0,248225393.0,847893280.0,0.008444456594820519
2019-07-03,20.14,20.31,19.74,19.86,8248147.0,279080707.0,847893280.0,0.009727812679444753
2019-07-04,19.95,20.22,19.58,19.67,5329782.0,179257752.0,847893280.0,0.006285911359033297
2019-07-05,19.88,20.28,19.59,19.74,4974646.0,167504501.0,847893280.0,0.005867066194934344
2019-07-08,19.83,19.83,19.26,19.37,4964003.0,164050071.0,847893280.0,0.005854513907693666
2019-07-09,19.47,19.82,19.2,19.56,4402250.0,145635257.0,847893280.0,0.005191985953703985
2019-07-10,19.73,19.99,19.35,19.65,7644598.0,255393226.0,847893280.0,0.00901599078601024
2019-07-11,19.76,19.79,19.23,19.48,5702516.0,188258015.0,847893280.0,0.006725511493616272
2019-07-12,19.32,19.65,19.26,19.46,3364520.0,111384832.0,847893280.0,0.003968093720473878
2019-07-15,19.49,20.8,19.31,20.46,9151217.0,314821839.0,847893280.0,0.010792887755874182
2019-07-16,20.61,20.76,20.34,20.58,5776285.0,201546637.0,847893280.0,0.006812514188106315
2019-07-17,20.51,20.72,20.25,20.33,5609392.0,194800637.0,847893280.0,0.006615681633896191
2019-07-18,20.12,20.52,19.88,20.32,6538925.0,224563896.0,847893280.0,0.00771196700603642
2019-07-19,20.46,20.91,20.29,20.91,7385424.0,259779279.0,847893280.0,0.008710322600976386
2019-07-22,21.17,21.19,20.09,20.12,8250795.0,287500620.0,847893280.0,0.009730935713985138
2019-07-23,20.26,21.47,20.11,21.23,11279076.0,403568236.0,847893280.0,0.013302471273271561
2019-07-24,21.44,21.66,21.12,21.12,8066684.0,292930911.0,847893280.0,0.009513796358900262
2019-07-25,21.08,21.41,21.03,21.07,4016594.0,144201471.0,847893280.0,0.004737145693618423
2019-07-26,21.08,21.68,20.97,21.61,5579026.0,203416635.0,847893280.0,0.0065798681645407074
2019-07-29,21.61,21.9,21.55,21.79,3153644.0,116363485.0,847893280.0,0.0037193878927782044
2019-07-30,21.84,22.22,21.57,21.74,5664740.0,210222238.0,847893280.0,0.00668095871688003
2019-07-31,21.7,21.7,21.15,21.32,5328827.0,193378972.0,847893280.0,0.00628478503804158
2019-08-01,21.3,21.31,20.64,21.08,7764983.0,276215949.0,847893280.0,0.009157972097620587
2019-08-02,20.62,20.99,20.33,20.81,6618124.0,232979889.0,847893280.0,0.007805373808364185
2019-08-05,20.97,20.97,19.92,19.99,8912219.0,307292342.0,847893280.0,0.010511015018305134
2019-08-06,19.76,20.32,19.27,19.9,9044064.0,303020642.0,847893280.0,0.01066651218181609
2019-08-07,20.16,20.24,19.55,19.55,6353584.0,213616442.0,847893280.0,0.007493376996689961
2019-08-08,19.81,19.81,19.32,19.58,6167741.0,204394178.0,847893280.0,0.007274194931701782
2019-08-09,19.78,20.21,19.38,19.65,6595735.0,221629471.0,847893280.0,0.007778968362622239
2019-08-12,19.55,19.82,19.04,19.8,6894556.0,227420850.0,847893280.0,0.008131395970021132
2019-08-13,19.67,20.55,19.56,19.99,6924286.0,236544100.0,847893280.0,0.008166459344977943
2019-08-14,20.38,20.48,19.74,19.75,5989176.0,204332142.0,847893280.0,0.007063596494124826
2019-08-15,19.27,20.01,19.25,19.79,4258363.0,142480961.0,847893280.0,0.005022286531154015
2019-08-16,19.78,20.02,19.51,19.56,5514966.0,184292806.0,847893280.0,0.006504316203567505
2019-08-19,19.85,20.19,19.38,20.14,13577757.0,458823513.0,847893280.0,0.01601352118276017
2019-08-20,20.14,20.64,20.02,20.34,9680612.0,334683271.0,847893280.0,0.011417252888240841
2019-08-21,20.33,20.66,20.14,20.51,5898554.0,204832049.0,847893280.0,0.006956717477463673
2019-08-22,20.71,20.95,20.2,20.26,6988288.0,243341884.0,847893280.0,0.008241942901116047
2019-08-23,20.45,20.46,19.43,19.58,14530386.0,485186147.0,847893280.0,0.017137045831994328
2019-08-26,18.86,19.03,17.73,18.05,25236164.0,778851761.0,847893280.0,0.02976337305091037
2019-08-27,18.2,18.42,17.9,17.9,14654318.0,451720272.0,847893280.0,0.017283210453089098
2019-08-28,18.17,18.58,18.0,18.25,13409305.0,417632363.0,847893280.0,0.01581484995375833
2019-08-29,18.49,18.7,18.11,18.42,10237787.0,319978905.0,847893280.0,0.01207438157783253
2019-08-30,18.62,18.62,18.0,18.09,9508117.0,294538071.0,847893280.0,0.011213813370475114
2019-09-02,18.11,18.72,17.87,18.53,10273361.0,320624177.0,847893280.0,0.012116337329622426
2019-09-03,18.59,18.7,18.19,18.43,12137228.0,379059514.0,847893280.0,0.014314570343097896
2019-09-04,18.42,18.54,18.22,18.36,8784860.0,273492131.0,847893280.0,0.010360808614970978
2019-09-05,18.44,18.92,18.43,18.61,14295986.0,452837450.0,847893280.0,0.01686059594669744
2019-09-06,18.65,18.89,18.57,18.87,10258849.0,326925279.0,847893280.0,0.012099221968123158
2019-09-09,19.11,20.1,18.85,20.02,16993521.0,563039808.0,847893280.0,0.020042051754437774
2019-09-10,20.2,20.44,19.93,20.13,13828995.0,472971693.0,847893280.0,0.01630982969932254
2019-09-11,20.2,20.77,19.92,20.29,14503638.0,503010216.0,847893280.0,0.017105499409076578
2019-09-12,20.41,20.44,19.98,20.14,9403585.0,321953123.0,847893280.0,0.011090528987327273
2019-09-16,20.32,20.32,19.7,19.79,8107388.0,274161177.0,847893280.0,0.009561802400415298
2019-09-17,19.93,20.08,19.14,19.23,9697445.0,321158825.0,847893280.0,0.01143710562253778
2019-09-18,19.37,19.48,19.04,19.2,6733193.0,220336203.0,847893280.0,0.007941085463019592
2019-09-19,19.2,20.94,19.2,20.67,24013346.0,831995599.0,847893280.0,0.02832118919494208
2019-09-20,20.62,21.11,20.52,20.95,17750911.0,627907118.0,847893280.0,0.020935312755397707
2019-09-23,20.74,20.82,19.36,19.65,20194602.0,681816560.0,847893280.0,0.023817386546571048
2019-09-24,19.76,21.62,19.66,21.62,20706602.0,740637755.0,847893280.0,0.024421236125376534
2019-09-25,21.2,21.35,20.37,20.64,25697183.0,908353529.0,847893280.0,0.03030709595905749
2019-09-26,20.8,21.17,19.91,19.96,19000018.0,656911542.0,847893280.0,0.022408501692571497
2019-09-27,20.22,20.31,19.79,20.23,13421489.0,458575191.0,847893280.0,0.015829219686703967
2019-09-30,20.38,20.41,19.55,19.85,9101119.0,309060958.0,847893280.0,0.010733802489860516
2019-10-08,19.65,20.13,19.36,19.41,7613576.0,254852543.0,847893280.0,0.008979403634381912
2019-10-09,19.26,19.26,18.53,18.96,13341181.0,427088791.0,847893280.0,0.015734504936753362
2019-10-10,19.16,19.66,18.96,19.49,9615480.0,315315471.0,847893280.0,0.011340436617212015
2019-10-11,19.55,19.59,19.15,19.22,8185211.0,267964513.0,847893280.0,0.009653586357000022
2019-10-14,19.43,19.76,19.23,19.43,8121932.0,268442910.0,847893280.0,0.009578955502513241
2019-10-15,19.66,19.66,18.77,18.8,10451697.0,336313053.0,847893280.0,0.01232666568604011
2019-10-16,18.84,18.99,18.56,18.63,9079612.0,288854644.0,847893280.0,0.01070843726936956
2019-10-17,18.76,18.82,18.4,18.57,8362948.0,263620720.0,847893280.0,0.009863208256586254
2019-10-18,18.7,19.02,18.43,18.61,8712487.0,275928090.0,847893280.0,0.010275452354098148
2019-10-21,18.74,18.83,18.55,18.79,6755103.0,214098533.0,847893280.0,0.007966925979175116
2019-10-22,18.8,18.99,18.6,18.9,6961066.0,222300100.0,847893280.0,0.008209837445580416
2019-10-23,18.96,19.01,18.45,18.6,6407393.0,203304703.0,847893280.0,0.007556838992756258
2019-10-24,18.59,18.93,18.52,18.65,6994114.0,221834064.0,847893280.0,0.008248814048862376
2019-10-25,18.61,18.76,18.27,18.7,8853948.0,277973173.0,847893280.0,0.010442290567511043
2019-10-28,18.61,20.1,18.61,19.69,15200667.0,503503080.0,847893280.0,0.017927571026391434
2019-10-29,19.52,19.66,19.03,19.08,9110892.0,297603977.0,847893280.0,0.010745328704574708
2019-10-30,19.11,19.55,19.0,19.38,6773542.0,222535362.0,847893280.0,0.007988672819768073
2019-10-31,19.41,19.58,19.0,19.29,6704874.0,219383103.0,847893280.0,0.007907686212585622
2019-11-01,19.44,19.82,19.3,19.65,8287308.0,276186446.0,847893280.0,0.009773998916467411
2019-11-04,19.66,19.99,19.46,19.58,6168050.0,206469874.0,847893280.0,0.007274559364357741
2019-11-05,19.69,20.59,19.43,20.12,14627873.0,497474472.0,847893280.0,0.01725202138646505
2019-11-06,20.42,21.28,20.34,20.59,20854503.0,738129601.0,847893280.0,0.024595669634272843
2019-11-07,20.32,20.71,20.22,20.33,8066667.0,279713735.0,847893280.0,0.009513776309207215
2019-11-08,20.44,20.79,20.02,20.26,8088648.0,280092382.0,847893280.0,0.00953970056231605
2019-11-11,20.16,20.36,19.85,19.91,5763632.0,196366824.0,847893280.0,0.006797591319511342
2019-11-12,20.06,20.08,19.56,19.8,6735348.0,226562219.0,847893280.0,0.007943627056461634
2019-11-13,19.85,20.28,19.73,20.19,6278038.0,213820305.0,847893280.0,0.0074042785195797284
2019-11-14,20.08,20.42,20.06,20.27,6214215.0,213790244.0,847893280.0,0.007329006074915466
2019-11-15,20.4,20.55,20.13,20.19,5258656.0,181545430.0,847893280.0,0.0062020258021150965
2019-11-18,20.38,20.4,19.76,19.97,4921142.0,167025741.0,847893280.0,0.00580396391394917
2019-11-19,19.98,21.07,19.97,20.91,11061922.0,389980028.0,847893280.0,0.013046361211873268
2019-11-20,20.97,21.13,20.46,20.68,7174468.0,252812338.0,847893280.0,0.008461522421784025
2019-11-21,20.7,21.59,20.61,20.76,11406425.0,407426233.0,847893280.0,0.01345266588266863
2019-11-22,21.5,22.78,21.5,21.97,24983977.0,941806996.0,847893280.0,0.029465945289718538
2019-11-25,22.2,22.52,21.32,21.45,15246107.0,567037624.0,847893280.0,0.017981162676510423
2019-11-26,21.66,22.7,21.45,22.67,16742978.0,634003410.0,847893280.0,0.01974656291650289
2019-11-27,22.37,23.35,21.96,22.71,16700473.0,644406115.0,847893280.0,0.019696432786918655
2019-11-28,22.67,22.93,22.4,22.79,8339835.0,320515446.0,847893280.0,0.009835948929799278
2019-11-29,22.0,22.61,21.55,22.26,19335023.0,722669090.0,847893280.0,0.022803604481922535
2019-12-02,22.37,22.55,22.03,22.25,6059030.0,229320457.0,847893280.0,0.007145981862245683
2019-12-03,22.25,22.25,21.44,21.91,8994317.0,332805647.0,847893280.0,0.010607840882994143
2019-12-04,22.08,22.81,21.8,21.98,12053814.0,455899988.0,847893280.0,0.014216192396288362
2019-12-05,22.07,23.36,21.81,22.85,18390565.0,709974267.0,847893280.0,0.021689716658681385
2019-12-06,22.85,23.43,22.69,23.19,13941110.0,545712615.0,847893280.0,0.016442057424962728
2019-12-09,23.26,23.8,23.09,23.79,17546433.0,701039882.0,847893280.0,0.020694152688649686
2019-12-10,23.52,23.63,23.04,23.56,15434610.0,611572614.0,847893280.0,0.018203481928763487
2019-12-11,23.39,23.55,22.91,23.17,14548008.0,570983394.0,847893280.0,0.017157829107927357
2019-12-12,23.0,23.11,22.26,22.35,17891127.0,683533062.0,847893280.0,0.02110068262364339
2019-12-13,22.61,23.19,22.53,23.15,19053209.0,742743337.0,847893280.0,0.02247123482332588
2019-12-16,23.26,23.46,22.86,23.2,13252652.0,520559454.0,847893280.0,0.015630094391124318
2019-12-17,23.85,24.88,23.85,24.03,19323065.0,794578395.0,847893280.0,0.022789501291955044
2019-12-18,24.29,24.36,23.62,24.1,11039883.0,450265732.0,847893280.0,0.013020368553929334
2019-12-19,24.21,25.07,23.94,24.84,15765066.0,659247976.0,847893280.0,0.018593219656134082
2019-12-20,25.05,25.21,24.44,24.73,8753453.0,368327478.0,847893280.0,0.010323767396764837
2019-12-23,24.53,25.41,24.37,24.62,14585428.0,616637085.0,847893280.0,0.017201962020503336
2019-12-24,24.85,27.08,24.85,26.95,18943417.0,839559829.0,847893280.0,0.02234174682927078
2019-12-25,26.91,27.97,26.51,27.44,16690790.0,769694138.0,847893280.0,0.01968501271763824
2019-12-26,27.44,27.84,26.97,27.53,11083651.0,514572056.0,847893280.0,0.013071988257767534
2019-12-27,27.76,27.94,26.88,26.97,13562380.0,630280297.0,847893280.0,0.01599538564570296
2019-12-30,27.44,27.77,26.45,26.64,23413124.0,1072479355.0,847893280.0,0.027613291144376093
2019-12-31,26.7,27.0,26.22,26.47,13205226.0,595392904.0,847893280.0,0.015574160465100042
2020-01-02,26.72,27.17,26.32,26.74,16069631.0,730170829.0,847893280.0,0.0189524217009952
2020-01-03,26.74,27.14,26.46,26.85,12149840.0,552636271.0,847893280.0,0.014329444856550815
2020-01-06,27.25,28.3,26.8,27.24,22369390.0,1044804064.0,847893280.0,0.026382317831319526
2020-01-07,27.24,27.35,26.09,26.86,14612326.0,663111342.0,847893280.0,0.01723368535247738
2020-01-08,26.85,27.27,26.33,26.38,13240335.0,599974931.0,847893280.0,0.015615567798815436
2020-01-09,26.8,27.26,26.55,26.87,14076568.0,642975971.0,847893280.0,0.01660181573794287
2020-01-10,26.85,26.88,26.09,26.45,14075021.0,632299860.0,847893280.0,0.01659999121587566
2020-01-13,26.71,27.18,26.14,26.51,23183983.0,1044673659.0,847893280.0,0.02734304369059276
2020-01-14,26.8,27.62,26.62,26.7,23146898.0,1061193494.0,847893280.0,0.027299305874909162
2020-01-15,26.5,26.5,24.73,25.34,27256541.0,1172397976.0,847893280.0,0.032146192973719526
2020-01-16,25.37,25.89,25.26,25.32,15631208.0,678332308.0,847893280.0,0.018435348373087707
2020-01-17,25.51,25.65,24.71,25.02,15408724.0,655906952.0,847893280.0,0.01817295214322255
2020-01-20,24.99,26.12,24.88,25.71,22300352.0,967589933.0,847893280.0,0.02630089484846489
2020-01-21,25.76,25.87,24.96,25.32,22379791.0,960411462.0,847893280.0,0.02639458470528272
2020-01-22,25.33,26.96,25.33,26.69,26692271.0,1192092601.0,847893280.0,0.031480696485765285
2020-01-23,26.27,27.31,25.34,25.91,22820037.0,1019838105.0,847893280.0,0.026913808067921
2020-02-03,23.31,25.85,23.31,24.26,21878312.0,908535328.0,847893280.0,0.025803143527685465
2020-02-04,25.32,26.53,25.08,26.18,20025534.0,886144186.0,847893280.0,0.02361798881104471
2020-02-05,27.09,28.01,26.17,26.61,26483095.0,1215616847.0,847893280.0,0.031233995627374236
2020-02-06,25.39,26.57,25.21,26.3,27033108.0,1182250046.0,847893280.0,0.0318826774992249
2020-02-07,26.09,26.09,24.75,25.0,22946096.0,983644000.0,847893280.0,0.02706248125943397
2020-02-10,25.03,27.25,24.95,27.13,28543835.0,1261809894.0,847893280.0,0.033664419418443794
2020-02-11,27.12,28.15,26.57,27.42,33982022.0,1583934014.0,847893280.0,0.04007818295245836
2020-02-12,27.44,30.16,27.04,29.98,45573088.0,2254522569.0,847893280.0,0.05374861326887742
2020-02-13,29.5,30.74,29.15,29.2,32767342.0,1656170038.0,847893280.0,0.03864559700249069
2020-02-14,29.09,29.62,28.56,28.89,21066921.0,1037802841.0,847893280.0,0.024846194087067185
2020-02-17,28.9,29.58,28.79,29.49,23869831.0,1185464873.0,847893280.0,0.028151928506851713
2020-02-18,29.56,30.23,28.7,29.33,19896655.0,991110395.0,847893280.0,0.023465989729273478
2020-02-19,30.05,30.27,27.96,28.09,26162786.0,1273459151.0,847893280.0,0.03085622520796485
2020-02-20,28.37,28.64,27.41,28.26,22863122.0,1092951198.0,847893280.0,0.026964622245856225
2020-02-21,28.34,30.55,27.97,29.95,28695359.0,1434183387.0,847893280.0,0.03384312587074637
2020-02-24,30.62,31.81,29.3,31.15,31781742.0,1654641499.0,847893280.0,0.03748318656329013
2020-02-25,30.18,34.16,30.18,33.57,34904556.0,1917231925.0,847893280.0,0.04116621374803207
2020-02-26,33.56,33.56,31.73,32.22,26919701.0,1488008461.0,847893280.0,0.031748925996913195
2020-02-27,34.55,35.45,33.64,34.75,48527533.0,2885439228.0,847893280.0,0.05723306711429533
2020-02-28,32.54,33.64,31.28,33.07,38469495.0,2105938309.0,847893280.0,0.04537068037619074
2020-03-02,32.98,33.44,30.49,31.98,30971755.0,1674691211.0,847893280.0,0.036527892991438736
2020-03-03,32.98,33.89,31.51,31.8,22737091.0,1259163982.0,847893280.0,0.026815982077367094
2020-03-04,31.75,32.57,30.26,31.36,20833027.0,1105598537.0,847893280.0,0.02457034097498685
2020-03-05,31.57,32.07,30.44,30.91,15418839.0,812268623.0,847893280.0,0.018184881710585087
2020-03-06,30.64,31.84,30.34,30.98,15413177.0,815548788.0,847893280.0,0.018178203983406967
2020-03-09,29.82,30.32,27.88,28.01,24597824.0,1202637424.0,847893280.0,0.0290105188709598
2020-03-10,28.56,29.45,27.32,29.04,23424855.0,1132072474.0,847893280.0,0.027627126611971732
2020-03-11,29.26,29.92,28.56,28.62,17000629.0,847090754.0,847893280.0,0.020050434884918537
2020-03-12,27.88,29.12,27.69,28.48,13090096.0,633685128.0,847893280.0,0.01543837686742841
2020-03-13,27.14,29.3,26.62,28.79,16196567.0,774372372.0,847893280.0,0.019102129220790617
2020-03-16,28.52,28.7,25.94,26.52,19774839.0,912408647.0,847893280.0,0.023322320705266117
2020-03-17,26.74,27.08,24.75,25.77,24291188.0,1054289776.0,847893280.0,0.02864887430172816
2020-03-18,25.96,27.02,24.92,24.92,18408029.0,811156590.0,847893280.0,0.021710313590408453
2020-03-19,24.98,25.92,24.53,25.03,17901233.0,761882220.0,847893280.0,0.021112601576462546
2020-03-20,25.79,25.9,24.56,25.03,14525933.0,618829297.0,847893280.0,0.01713179399180991
2020-03-23,24.2,24.65,22.67,23.02,21418335.0,854328300.0,847893280.0,0.02526064954778271
2020-03-24,23.56,23.72,21.79,23.01,21783200.0,845746926.0,847893280.0,0.025690969033272677
2020-03-25,23.82,24.89,23.75,23.93,22957509.0,946305042.0,847893280.0,0.027075941679830275
2020-03-26,23.97,24.05,23.07,23.11,13222366.0,526130708.0,847893280.0,0.015594375273265522
2020-03-27,23.72,23.84,22.67,22.81,15209296.0,598579179.0,847893280.0,0.017937748014702982
2020-03-30,22.35,22.77,21.38,22.36,18041292.0,676741639.0,847893280.0,0.021277786279895978
2020-03-31,22.71,23.12,22.06,22.06,13501643.0,514972283.0,847893280.0,0.01592375281002345
2020-04-01,22.48,23.23,22.1,22.58,23017595.0,887189771.0,847893280.0,0.027146806730205482
2020-04-02,22.59,23.77,22.38,23.74,20378767.0,801650206.0,847893280.0,0.02403458958891619
2020-04-03,24.01,24.13,22.79,23.09,15032666.0,595424880.0,847893280.0,0.017729431703952178
2020-04-07,23.67,24.09,23.43,23.9,14300006.0,578097372.0,847893280.0,0.016865337109406034
2020-04-08,23.83,23.83,21.85,22.38,35434109.0,1355058281.0,847893280.0,0.04179076522460468
2020-04-09,22.58,22.61,21.9,22.16,23933179.0,898977368.0,847893280.0,0.028226640739504386
2020-04-10,21.97,22.64,21.92,22.23,19367778.0,732877587.0,847893280.0,0.022842235522847875
2020-04-13,21.88,22.27,21.44,22.13,11338768.0,422571643.0,847893280.0,0.013372871642525578
2020-04-14,22.44,23.19,22.32,23.19,23710007.0,919656256.0,847893280.0,0.02796343308676771
2020-04-15,23.37,23.62,22.77,22.8,17997962.0,709398070.0,847893280.0,0.02122668315050215
2020-04-16,22.79,23.67,22.61,23.49,15715306.0,620621902.0,847893280.0,0.018534533025193926
2020-04-17,23.86,24.55,23.44,23.57,20237623.0,824287012.0,847893280.0,0.023868125243308922
2020-04-20,23.79,24.32,23.45,24.2,10974764.0,447998003.0,847893280.0,0.01294356761501872
2020-04-21,24.0,24.2,23.17,23.26,17631120.0,703656101.0,847893280.0,0.02079403200365027
2020-04-22,22.83,23.11,22.55,23.07,12235401.0,474524196.0,847893280.0,0.01443035496165272
2020-04-23,23.09,23.2,22.33,22.43,13371014.0,512393182.0,847893280.0,0.01576968978926216
2020-04-24,22.64,22.91,22.25,22.38,11351816.0,434672795.0,847893280.0,0.013388260371635449
2020-04-27,22.39,22.9,22.01,22.65,9609161.0,367173487.0,847893280.0,0.011332984028367344
2020-04-28,22.67,22.67,20.49,20.96,44338077.0,1585184572.0,847893280.0,0.05229204906542012
2020-04-29,20.74,21.04,20.41,20.49,21229176.0,746101699.0,847893280.0,0.025037556613256802
2020-04-30,20.79,22.54,20.79,22.38,31370837.0,1172146634.0,847893280.0,0.03699856779145602
2020-05-06,22.32,22.88,21.88,22.8,22357961.0,853158062.0,847893280.0,0.026368838540623885
2020-05-07,22.97,23.85,22.73,22.97,15315905.0,601034155.0,847893280.0,0.018063481998583597
2020-05-08,23.0,23.26,22.51,23.01,14432466.0,563099559.0,847893280.0,0.01702155960004778
2020-05-11,23.25,23.44,22.34,22.5,18056638.0,699271367.0,847893280.0,0.02129588525574822
2020-05-12,22.46,22.6,21.89,22.29,17783274.0,669815035.0,847893280.0,0.020973481473989274
2020-05-13,22.19,23.09,22.01,22.97,17854414.0,685757741.0,847893280.0,0.021057383542419397
2020-05-14,22.52,24.13,22.13,22.94,29735346.0,1156868314.0,847893280.0,0.0350696799955768
2020-05-15,22.9,23.78,22.64,23.4,25209388.0,995461231.0,847893280.0,0.029731793604968776
2020-05-18,23.39,23.4,22.43,22.48,18002839.0,701957008.0,847893280.0,0.021232435053619013
2020-05-19,22.76,23.42,22.61,23.36,19064680.0,747944106.0,847893280.0,0.022484763648557282
2020-05-20,24.12,25.69,24.12,25.18,59493832.0,2557736512.0,847893280.0,0.07016665116157071
2020-05-21,25.18,25.31,23.85,23.89,30506488.0,1274484500.0,847893280.0,0.035979160018817465
2020-05-22,23.9,24.2,22.75,22.86,22584173.0,892959670.0,847893280.0,0.02663563155023472
2020-05-25,22.78,22.84,22.21,22.21,14591786.0,555542005.0,847893280.0,0.017209460605702644
2020-05-26,22.64,24.43,22.39,24.43,40107548.0,1626558717.0,847893280.0,0.0473025897787514
2020-05-27,24.9,26.24,24.84,25.3,38614068.0,1674687343.0,847893280.0,0.045541188862824815
2020-05-28,25.89,25.91,24.19,24.44,23990703.0,1006414844.0,847893280.0,0.02829448418319815
2020-05-29,24.86,25.28,24.58,24.73,21596258.0,912982072.0,847893280.0,0.025470490814598745
2020-06-01,25.26,25.97,25.15,25.44,22865804.0,989760597.0,847893280.0,0.0269677853797827
2020-06-02,25.79,25.79,25.09,25.32,16482642.0,712024036.0,847893280.0,0.019439524275979638
2020-06-03,25.42,25.5,24.6,24.71,17501661.0,739267085.0,847893280.0,0.020641348873528045
2020-06-04,24.82,25.62,24.82,25.12,19078856.0,820011824.0,847893280.0,0.022501482733770457
2020-06-05,25.15,26.05,24.72,26.01,15233754.0,657693019.0,847893280.0,0.01796659362602803
2020-06-08,26.39,27.15,26.15,26.22,17016886.0,765799321.0,847893280.0,0.02006960828843932
2020-06-09,26.21,26.94,26.2,26.55,11007536.0,496682219.0,847893280.0,0.012982218705637106
2020-06-10,26.78,27.71,26.31,27.61,14944015.0,688619978.0,847893280.0,0.017624877272290684
2020-06-11,27.97,28.96,27.3,27.68,19683689.0,941357932.0,847893280.0,0.02321481896872682
2020-06-12,26.5,27.78,26.48,27.56,15462247.0,718389218.0,847893280.0,0.01823607683268819
2020-06-15,27.4,28.39,26.56,27.47,15927061.0,744234639.0,847893280.0,0.018784275539959462
2020-06-16,27.97,28.14,27.14,27.63,10192478.0,477853007.0,847893280.0,0.012020944428289371
2020-06-17,27.55,27.76,26.87,27.21,9354274.0,430962337.0,847893280.0,0.011032371904162279
2020-06-18,27.43,27.44,26.68,27.14,9539857.0,439411391.0,847893280.0,0.01125124732678622
2020-06-19,27.27,28.41,27.26,28.15,16033929.0,763851753.0,847893280.0,0.018910314986810603
2020-06-22,28.12,28.79,27.62,28.27,14216676.0,681807627.0,847893280.0,0.016767058231668023
2020-06-23,28.13,28.18,27.29,27.52,13724147.0,642058941.0,847893280.0,0.016186172627762778
2020-06-24,27.38,27.78,27.02,27.12,13401406.0,622962339.0,879434957.0,0.015238655108407296
2020-06-29,27.09,27.33,26.65,26.88,9815859.0,449079900.0,879434957.0,0.0111615519963917
2020-06-30,26.97,27.56,26.97,27.21,9725730.0,450886252.0,879435236.0,0.01105906336461597
2020-07-01,27.74,28.06,26.42,26.74,15890089.0,735981482.0,879435236.0,0.018068515280640858
2020-07-02,26.82,27.0,26.27,26.88,17431562.0,788210818.0,879435236.0,0.019821314050691506
2020-07-03,27.09,27.89,26.92,27.22,15274126.0,709057143.0,879436343.0,0.017368085958212442
2020-07-06,27.24,28.61,27.03,28.48,20725676.0,983959063.0,879436343.0,0.023566999664010928
2020-07-07,29.34,30.68,28.67,28.8,33397153.0,1674725457.0,879436343.0,0.03797563435469712
2020-07-08,28.67,28.9,28.13,28.79,19170506.0,929367038.0,879436343.0,0.021798628351660014
2020-07-09,28.86,30.21,28.86,29.58,20029416.0,1006253376.0,879436343.0,0.022775288011948808
2020-07-10,29.36,30.98,29.14,30.33,19205930.0,980915192.0,879437732.0,0.021838874204683317
2020-07-13,30.37,31.54,30.13,31.36,22402423.0,1168458407.0,879437732.0,0.025473574972787273
2020-07-14,31.02,31.23,29.05,29.61,22061119.0,1118389763.0,879437732.0,0.025085481549477116
2020-07-15,29.72,30.13,28.23,29.53,22335102.0,1102433184.0,879437732.0,0.025397024925466808
2020-07-16,29.53,29.88,28.36,28.74,15413396.0,763462168.0,879437732.0,0.0175264210746873
2020-07-17,28.95,29.27,28.06,28.45,12290976.0,596935296.0,879437732.0,0.013975947986730231
2020-07-20,29.14,29.36,27.96,28.92,13455336.0,651687980.0,879437732.0,0.015299930296827429
2020-07-21,29.14,30.05,28.83,29.83,16044029.0,801795804.0,879437732.0,0.018243507659732754
2020-07-22,29.63,29.83,29.13,29.28,14716296.0,731066397.0,879437732.0,0.016733755517326383
2020-07-23,28.95,29.11,27.23,27.51,26458286.0,1250314463.0,879437732.0,0.030085456920104038
2020-07-24,27.19,27.27,25.21,25.49,19944471.0,888511123.0,879437732.0,0.022678661915770518
2020-07-27,25.49,25.79,24.16,24.51,20022717.0,838308161.0,879437732.0,0.022767634673195942
2020-07-28,24.96,25.15,24.52,24.93,14825290.0,621055868.0,879437732.0,0.01685769152329252
2020-07-29,24.78,25.81,24.55,25.72,13150596.0,563983133.0,879437732.0,0.01495341343848549
2020-07-30,25.85,26.34,25.37,25.96,11302982.0,494114215.0,879437732.0,0.012852509721518295
2020-07-31,25.94,26.46,25.68,26.01,11132956.0,490175641.0,879437732.0,0.012659174828309505
2020-08-03,26.34,26.54,26.02,26.4,9552204.0,425615683.0,879437732.0,0.010861717268232925
2020-08-04,26.55,27.26,26.28,26.46,11093379.0,502788438.0,879437732.0,0.012614172210659708
2020-08-05,26.41,26.7,25.53,26.13,11270421.0,495332649.0,879437732.0,0.012815484928499748
2020-08-06,26.38,26.48,25.28,25.94,13293513.0,577993673.0,879437732.0,0.01511592295428143
2020-08-07,25.92,26.1,25.33,25.52,9660450.0,420423661.0,879437732.0,0.010984802730752061
2020-08-10,26.39,28.07,26.39,28.07,23407587.0,1102946339.0,879437732.0,0.02661653707621451
2020-08-11,28.63,29.83,28.09,28.21,32352360.0,1574246345.0,879437732.0,0.03678755052552146
2020-08-12,28.83,29.65,27.68,28.88,27790971.0,1353283927.0,879437732.0,0.03160083993303121
2020-08-13,28.95,29.98,28.71,29.45,23030518.0,1144171503.0,879437732.0,0.026187775622981798
2020-08-14,29.21,29.52,28.71,29.27,12827170.0,631320180.0,879437732.0,0.014585648913230847
2020-08-17,29.46,29.92,29.1,29.54,14746437.0,737058493.0,879437732.0,0.016768028552134037
2020-08-18,29.24,30.13,28.59,29.33,22067067.0,1092695047.0,879437732.0,0.02509224496180703
2020-08-19,29.53,29.76,27.77,28.0,21336902.0,1030284372.0,879437732.0,0.024261981517981993
2020-08-20,27.68,27.93,26.12,26.35,24431665.0,1108987643.0,879437732.0,0.027781006103113164
2020-08-21,26.62,26.87,26.08,26.41,14751645.0,657343596.0,879437732.0,0.016773950517738303
2020-08-24,26.41,27.06,25.64,26.86,16100562.0,722395492.0,879437732.0,0.018307790778301514
2020-08-25,26.76,27.74,26.5,27.21,15814612.0,728468232.0,879437732.0,0.01798263984424994
2020-08-26,27.29,27.37,26.4,26.57,9502439.0,431144959.0,879437732.0,0.010805129975933305
2020-08-27,26.79,27.19,26.33,26.51,9621586.0,434773690.0,879437732.0,0.010940610858393327
2020-08-28,26.59,26.7,26.23,26.66,9467913.0,424061349.0,879437732.0,0.01076587080073112
2020-08-31,26.58,27.07,26.42,26.55,9538087.0,431253253.0,879437732.0,0.010845664966305995
2020-09-01,26.36,26.94,26.02,26.87,10790320.0,485254364.0,879437732.0,0.012269566800893188
2020-09-02,26.92,27.25,26.45,27.21,11481263.0,522302457.0,879437732.0,0.013055231294078703
2020-09-03,27.06,27.06,26.34,26.36,9486727.0,427034933.0,879437732.0,0.010787264015185557
2020-09-04,25.64,25.88,25.4,25.65,9313996.0,404184198.0,879437732.0,0.010590853293067484
2020-09-07,25.78,26.07,25.29,25.29,9405108.0,409508111.0,879437732.0,0.010694455852617432
2020-09-08,25.57,25.57,24.72,24.96,7947295.0,336836532.0,879437732.0,0.00903679102092472
2020-09-09,24.4,24.72,23.62,23.99,11851253.0,484442045.0,879437732.0,0.013475943285999468
2020-09-10,24.22,24.62,23.82,23.91,8211494.0,335864307.0,879437732.0,0.009337209106693185
2020-09-11,23.64,25.15,23.61,24.82,8841210.0,365891918.0,879437732.0,0.010053252980052942
2020-09-14,25.07,26.64,25.07,25.59,17866772.0,783363036.0,879437732.0,0.02031613080708709
2020-09-15,28.95,29.47,27.77,28.41,41034808.0,1998775296.0,879437732.0,0.04666027679603813
2020-09-16,28.24,28.85,27.58,27.88,20314988.0,964141797.0,879437732.0,0.023099973154210765
2020-09-17,27.66,28.62,27.45,28.02,15572193.0,736583338.0,879437732.0,0.01770698758237951
2020-09-18,28.09,28.24,27.57,28.09,11034894.0,521071293.0,879437732.0,0.012547669492079513
2020-09-21,28.23,28.3,27.48,27.58,9193663.0,432858890.0,879427772.0,0.010454142219197509
2020-09-22,27.47,28.0,27.24,27.39,6959358.0,325055756.0,879427797.0,0.007913506968668174
2020-09-23,27.62,27.91,27.19,27.35,7992464.0,370512097.0,879427797.0,0.009088254916736501
2020-09-24,27.12,27.88,27.0,27.18,9134376.0,422225003.0,879427797.0,0.01038672649552377
2020-09-25,27.58,27.99,27.28,27.53,11572540.0,541833530.0,879427797.0,0.013159170132531074
2020-09-28,27.98,28.18,27.59,27.79,14454664.0,684423630.0,879427797.0,0.01643644202435871
2020-09-29,27.97,28.57,27.71,28.29,11040137.0,528090228.0,879427797.0,0.01255377307569913
2020-09-30,28.37,28.88,28.15,28.59,9519266.0,461045578.0,879427822.0,0.010824385767499632
2020-10-09,29.73,31.24,29.54,30.93,20172428.0,1041226130.0,879427822.0,0.022938128059359943
2020-10-12,31.31,32.42,31.02,31.61,15950632.0,854292733.0,879427822.0,0.018137511232843392
2020-10-13,31.39,31.7,30.87,31.41,7997065.0,423325510.0,879427822.0,0.009093486469205657
2020-10-14,31.61,32.74,31.24,31.99,11811601.0,641002702.0,879427822.0,0.013431006734740307
2020-10-15,32.43,32.94,31.53,31.53,10952172.0,594230844.0,879427822.0,0.012453747454899147
2020-10-16,31.61,32.13,31.09,31.31,9879126.0,526247540.0,879427822.0,0.011233583647072744
2020-10-19,31.62,32.61,31.49,31.83,11601785.0,631401987.0,879427822.0,0.013192424335194616
2020-10-20,31.9,32.82,31.62,32.63,13771794.0,753638069.0,879427822.0,0.015659948042899195
2020-10-21,32.43,32.49,31.9,31.99,7658616.0,416531449.0,879427822.0,0.008708635101608145
2020-10-22,31.79,33.2,31.61,32.79,11284826.0,620236537.0,879427822.0,0.01283200931070839
2020-10-23,32.82,34.35,31.62,31.67,13316243.0,738965041.0,879427822.0,0.015141939641750384
2020-10-26,31.46,34.52,30.42,34.27,19503175.0,1087785489.0,879427822.0,0.02217711847647231
2020-10-27,34.27,35.79,33.56,34.27,16023758.0,937681068.0,879427822.0,0.018220663025600752
2020-10-28,34.27,34.84,33.84,34.31,13864272.0,805876823.0,879427822.0,0.015765105052589524
2020-10-29,33.68,34.83,33.53,34.57,12049863.0,701383555.0,879427822.0,0.013701935165749168
2020-10-30,37.11,37.59,34.97,35.43,23930105.0,1459439366.0,879427822.0,0.0272109937863667
2020-11-02,36.1,39.78,36.1,38.99,31167363.0,2027213125.0,879427822.0,0.03544050144913428
2020-11-03,38.82,39.44,37.84,39.1,18558343.0,1215077112.0,879427822.0,0.021102747190547718
2020-11-04,38.67,39.76,38.47,39.38,14914973.0,989354493.0,879427822.0,0.016959860294253917
2020-11-05,40.17,40.56,39.12,39.86,14540506.0,980368198.0,879427822.0,0.016534052751403627
2020-11-06,40.18,40.55,37.55,39.46,19323183.0,1280571349.0,879427822.0,0.021972449036300787
2020-11-09,39.89,40.26,38.86,39.43,17593475.0,1176665455.0,879427822.0,0.020005592909249578
2020-11-10,39.43,41.87,38.4,40.27,19500420.0,1332789559.0,879427822.0,0.022173985757753294
2020-11-11,41.12,41.17,38.73,39.78,21294515.0,1436010876.0,879427822.0,0.024214056534590737
2020-11-12,40.11,41.47,39.82,41.11,14176764.0,977343770.0,879427822.0,0.016120440638049315
2020-11-13,41.37,42.35,40.16,40.41,13334286.0,922783509.0,879427822.0,0.015162456390878204
2020-11-16,40.29,40.76,38.83,40.17,13820241.0,931038282.0,879427822.0,0.0157150372711315
2020-11-17,40.53,40.53,37.81,38.34,18272875.0,1197134030.0,879427822.0,0.020778140676108836
2020-11-18,38.55,38.89,37.32,38.23,15870379.0,1019900926.0,879427822.0,0.018046255307124
2020-11-19,38.39,39.1,38.0,38.7,9647301.0,631058707.0,879427822.0,0.010969974747967435
2020-11-20,39.06,40.24,38.51,38.52,14657680.0,969263321.0,879427822.0,0.016667291656369727
2020-11-23,38.87,39.76,37.74,39.26,12186858.0,804811363.0,895501605.0,0.013608973933664809
2020-11-24,39.58,39.72,38.4,38.7,11939992.0,788090833.0,895501605.0,0.013333300502571406
2020-11-25,38.9,38.9,37.31,37.4,10225200.0,654306812.0,896980791.0,0.011399575222341635
2020-11-26,37.53,37.79,36.92,37.22,7772060.0,489647684.0,896980791.0,0.008664689453756652
2020-11-27,37.46,37.66,36.79,37.37,7660710.0,482188216.0,896980791.0,0.008540550786443765
2020-11-30,37.57,37.79,36.13,37.23,10651542.0,668998896.0,896980791.0,0.011874883059786729
2020-12-01,37.31,38.59,37.22,38.16,11671090.0,751426461.0,896980791.0,0.013011527244623013
2020-12-02,38.13,38.88,37.88,38.81,10843849.0,706050142.0,896980791.0,0.012089276725659558
2020-12-03,38.7,38.97,37.51,38.58,8448582.0,549085492.0,896980791.0,0.009418910733396074
2020-12-04,38.52,39.51,38.29,39.42,9885795.0,654130411.0,896980791.0,0.011021189192890976
2020-12-07,39.64,40.18,39.29,39.7,9371334.0,629769873.0,896980791.0,0.01044764179347961
2020-12-08,39.98,40.47,39.4,39.94,9131908.0,616381744.0,896980791.0,0.010180717459756615
2020-12-09,39.93,40.46,38.26,38.61,12508358.0,832398005.0,905786627.0,0.013809386920878
2020-12-10,38.7,38.7,37.45,38.22,8486238.0,545943157.0,905786627.0,0.009368915092185391
2020-12-11,38.58,39.85,38.3,39.29,11214366.0,744232205.0,905786627.0,0.01238080323303338
2020-12-14,39.64,41.88,39.35,41.52,14498822.0,1002387460.0,905786627.0,0.01600688458828395
2020-12-15,41.77,43.12,41.35,42.59,18746709.0,1341469885.0,905786627.0,0.02069660606724767
2020-12-16,42.95,43.59,42.59,42.74,13694456.0,997799502.0,905786627.0,0.015118854255285887
2020-12-17,42.57,43.48,42.12,42.75,9794439.0,708821422.0,905786627.0,0.010813185697430262
2020-12-18,42.83,44.22,42.65,43.1,12384422.0,910496447.0,905786627.0,0.013672559994639885
2020-12-21,43.62,44.63,43.19,44.33,13046612.0,972440523.0,905786627.0,0.014403626208537522
2020-12-22,44.07,46.26,43.61,44.31,18872372.0,1432256409.0,905786627.0,0.020835339623533657
2020-12-23,44.3,46.17,43.53,44.31,17570692.0,1327622121.0,905786627.0,0.019398268285539613
2020-12-24,43.84,44.21,42.36,42.77,12839961.0,935018209.0,905786627.0,0.014175480866312238
2020-12-25,42.53,43.53,42.36,43.39,9796368.0,714159035.0,905786627.0,0.010815315338056984
2020-12-28,43.82,45.96,43.6,44.92,16286344.0,1240487542.0,905786627.0,0.017980331696815833
2020-12-29,44.74,45.19,42.62,43.6,13554635.0,999223079.0,905786627.0,0.014964490086250743
2020-12-30,46.13,50.3,45.67,50.21,31800010.0,2610124026.0,905786627.0,0.0351076170171808
2020-12-31,49.62,50.02,48.52,49.62,18988870.0,1587793853.0,905786627.0,0.020963954902813994
2021-01-04,49.92,53.23,49.38,51.69,25724634.0,2242270744.0,905786627.0,0.02840032435144353
2021-01-05,51.14,53.17,50.75,52.4,15691745.0,1378350415.0,905786627.0,0.0173238868098237
2021-01-06,53.17,53.17,49.18,51.07,17224298.0,1466130804.0,905786627.0,0.01901584488727498
2021-01-07,51.28,52.49,50.29,52.22,13486549.0,1172261480.0,905786627.0,0.014889322273025786
2021-01-08,52.57,53.05,49.8,52.18,15832201.0,1371894835.0,905786627.0,0.017478952026965616
2021-01-11,53.52,53.64,50.15,50.28,16868630.0,1463023960.0,905786627.0,0.01862318287461314
2021-01-12,50.74,53.88,49.74,53.75,16996613.0,1502860867.0,905786627.0,0.01876447774051758
2021-01-13,53.8,56.48,51.39,51.99,17676457.0,1603065699.0,905786627.0,0.019515034195796314
2021-01-14,50.99,52.56,50.22,51.28,12110382.0,1049955713.0,905786627.0,0.013370016336087948
2021-01-15,50.41,52.27,49.45,51.86,10864563.0,940894117.0,905786627.0,0.011994616255247496
2021-01-18,51.96,54.29,50.28,54.25,12582908.0,1129059713.0,905786627.0,0.013891691072626092
2021-01-19,54.94,55.05,49.57,50.62,19555451.0,1701726891.0,905786627.0,0.021589467560112256
2021-01-20,50.81,53.95,50.81,53.79,15292022.0,1376085966.0,905786627.0,0.016882587514730443
2021-01-21,53.52,57.19,53.09,57.18,15865669.0,1499077073.0,905786627.0,0.017515901126237316
2021-01-22,57.12,58.48,56.34,57.9,14179175.0,1375477954.0,905786627.0,0.01565399021948687
2021-01-25,58.19,58.84,56.19,56.69,16056965.0,1561936370.0,905786627.0,0.017727094352431857
2021-01-26,56.71,57.11,54.15,57.01,12401136.0,1169328959.0,905786627.0,0.013691012464020403
2021-01-27,56.8,56.93,54.41,55.6,9266627.0,873073523.0,905786627.0,0.010230474511079307
2021-01-28,54.36,55.53,51.75,51.99,12979264.0,1176322161.0,905786627.0,0.014329273156734296
2021-01-29,53.27,53.51,51.4,52.87,12203383.0,1088120351.0,905786627.0,0.013472690627392096
2021-02-01,50.81,51.32,47.85,48.21,23832197.0,1981936924.0,905786627.0,0.026311049743506537
2021-02-02,49.63,52.05,49.57,52.05,19846911.0,1719740097.0,905786627.0,0.021911243121057914
2021-02-03,56.01,56.01,53.17,54.06,18416749.0,1709888143.0,905786627.0,0.02033232601478891
2021-02-04,54.74,56.41,54.39,55.1,15255053.0,1433003489.0,905786627.0,0.016841773266762967
2021-02-05,56.77,56.77,54.46,55.12,12706013.0,1196404196.0,905786627.0,0.014027600564255184
2021-02-08,56.12,57.39,54.98,56.71,13507711.0,1283419293.0,905786627.0,0.014912685391192025
2021-02-09,56.73,57.36,55.49,56.22,11478767.0,1094364357.0,905786627.0,0.012672705312528312
2021-02-10,56.12,57.71,54.15,57.42,13482213.0,1278914159.0,905786627.0,0.014884535273669921
2021-02-18,58.19,58.25,54.41,55.59,13925270.0,1314738508.0,905786627.0,0.015373675857989898
2021-02-19,55.53,55.88,52.34,53.03,12620399.0,1143552551.0,905786627.0,0.013933081615257718
2021-02-22,53.0,53.52,50.64,51.49,12880990.0,1135617605.0,905786627.0,0.014220777406112002
2021-02-23,51.28,52.28,50.22,50.84,9319795.0,805175595.0,905786627.0,0.010289172661852513
2021-02-24,50.82,51.69,49.05,49.21,11648584.0,984521741.0,905786627.0,0.012860185448509608
2021-02-25,49.77,50.8,49.03,49.39,9676375.0,820124787.0,905786627.0,0.01068284153415747
2021-02-26,48.45,50.42,47.78,49.57,11604642.0,967618195.0,905786627.0,0.012811672919520813
2021-03-01,50.51,50.69,48.93,49.94,10978900.0,924343651.0,905786627.0,0.012120845762939267
2021-03-02,50.77,50.81,49.11,49.56,8598915.0,723837043.0,905786627.0,0.00949331193868465
2021-03-03,49.76,49.76,47.46,48.38,11725531.0,961024014.0,905786627.0,0.012945135918859178
2021-03-04,47.26,48.15,44.9,46.31,13567742.0,1061074286.0,905786627.0,0.014978960381582229
2021-03-05,44.9,46.26,44.65,46.08,8358608.0,645010686.0,905786627.0,0.009228009942787552
2021-03-08,46.75,46.78,41.76,42.33,16191939.0,1213015839.0,905786627.0,0.017876107371587416
2021-03-09,42.54,42.91,39.58,41.01,18138285.0,1270361702.0,905786627.0,0.02002489820375765
2021-03-10,42.81,42.89,41.24,41.92,17382642.0,1240360537.0,905786627.0,0.019190658684785374
2021-03-11,42.1,45.19,42.1,45.19,17836616.0,1328907290.0,905786627.0,0.019691851776478038
2021-03-12,45.37,46.67,44.64,46.46,11595117.0,895884955.0,905786627.0,0.012801157197919195
2021-03-15,45.84,45.84,42.81,43.48,9642777.0,712024650.0,905786627.0,0.010645748913226116
2021-03-16,43.78,44.66,42.68,43.65,5723836.0,423755574.0,905786627.0,0.006319188017775847
2021-03-17,43.13,44.31,43.13,44.01,7533993.0,559662498.0,905786627.0,0.008317624455279135
2021-03-18,44.6,45.32,44.01,44.66,12545767.0,953233756.0,905786627.0,0.013850686934462767
2021-03-19,44.19,45.19,43.13,44.01,7186292.0,538355658.0,905786627.0,0.00793375811232859
2021-03-22,44.04,45.25,43.42,44.29,6138032.0,460337592.0,905786627.0,0.0067764656896397305
2021-03-23,44.28,44.6,42.9,43.58,6992247.0,516592848.0,905786627.0,0.0077195299550387375
2021-03-24,43.17,43.71,42.16,42.54,7534431.0,545755450.0,905786627.0,0.008318108012870895
2021-03-25,42.45,44.77,42.16,44.36,6796972.0,504686151.0,905786627.0,0.0075039438620460005
2021-03-26,44.57,45.6,44.0,44.85,10008170.0,759598150.0,905786627.0,0.011049147450042889
2021-03-29,44.74,45.54,43.49,44.93,6536764.0,495143682.0,905786627.0,0.007216670908081314
2021-03-30,44.66,46.25,44.29,45.55,5857981.0,450629732.0,905786627.0,0.006467285810347915
2021-03-31,45.46,46.9,44.9,46.67,8430249.0,656632757.0,905780252.0,0.009307168026003728
2021-04-01,46.38,47.13,46.2,46.73,6052781.0,479560688.0,905780252.0,0.006682394528513082
2021-04-02,46.67,47.4,45.49,46.69,6533759.0,516102679.0,905780252.0,0.007213404118243019
2021-04-06,47.08,47.36,45.7,47.0,5061653.0,398738080.0,905780252.0,0.0055881688619548306
2021-04-07,48.15,48.15,45.56,46.97,6388494.0,503301980.0,905780252.0,0.007053028574970522
2021-04-08,47.03,48.36,46.26,48.11,7082306.0,573179270.0,905780252.0,0.00781901127162132
2021-04-09,48.3,48.66,47.75,48.47,5260523.0,429557274.0,905780252.0,0.005807725426100369
2021-04-12,48.04,48.44,46.27,47.5,7655700.0,613060322.0,905780252.0,0.008452050023276507
2021-04-13,47.45,48.24,47.0,47.25,5781083.0,466114824.0,905780252.0,0.006382434356716357
2021-04-14,47.17,48.68,47.17,48.44,3953069.0,323077900.0,905780252.0,0.004364269359230852
2021-04-15,48.27,48.51,47.53,48.25,3925141.0,319524318.0,905780252.0,0.004333436273680208
2021-04-16,48.24,48.67,46.67,48.5,4600328.0,372769869.0,905780252.0,0.005078856587833845
2021-04-19,47.88,51.09,47.63,50.9,7714922.0,652204562.0,905780252.0,0.00851743232750453
2021-04-20,50.67,52.28,49.91,50.17,6640439.0,574711327.0,905780252.0,0.007331181029104618
2021-04-21,50.45,52.33,49.63,52.24,9494034.0,823962762.0,905780252.0,0.01048160851270138
2021-04-22,53.09,53.1,51.34,51.69,6176708.0,542789206.0,905780252.0,0.006819212481572186
2021-04-23,49.5,50.65,48.44,49.65,14247901.0,1193280593.0,905780252.0,0.015729975309728878
2021-04-26,49.74,50.5,49.04,49.05,7970390.0,669089818.0,905780252.0,0.008799474245989633
2021-04-27,49.42,50.0,47.93,48.54,4349661.0,359807993.0,905780252.0,0.004802115071945728
2021-04-28,48.44,50.33,48.44,49.72,5963467.0,501180539.0,905780252.0,0.006583790038292864
2021-04-29,49.71,50.73,49.36,50.39,4660033.0,395986679.0,905780252.0,0.005144772133981124
2021-04-30,50.51,52.71,50.15,52.22,8822636.0,772268370.0,905780252.0,0.009740371332361527
2021-05-06,52.12,52.44,51.4,52.03,6393211.0,562952990.0,905780252.0,0.00705823623984242
2021-05-07,52.46,52.46,48.5,48.61,6620217.0,561524425.0,905780252.0,0.007308855525810249
2021-05-10,49.21,49.21,46.82,47.44,6475942.0,524498976.0,905780252.0,0.0071495729628691445
2021-05-11,46.62,47.06,44.98,46.67,6700091.0,521910410.0,905780252.0,0.007397038062163449
2021-05-12,46.1,47.03,45.31,45.31,5089002.0,395418610.0,905780252.0,0.005618362719614691
2021-05-13,44.89,45.02,42.85,43.96,10377646.0,770891255.0,905780252.0,0.011457134307229298
2021-05-14,44.57,45.37,43.63,44.93,6379518.0,483666491.0,905780252.0,0.00704311888663256
2021-05-17,44.9,47.65,44.54,47.29,8147984.0,641252519.0,905780252.0,0.008995541669195058
2021-05-18,47.31,47.37,46.29,46.52,4844195.0,382268293.0,905780252.0,0.00534809076407199
2021-05-19,46.44,48.83,45.84,47.91,6115564.0,493494051.0,905780252.0,0.0067517082498725085
2021-05-20,48.08,48.75,47.2,48.28,6640517.0,539266607.0,905780252.0,0.007331267142706485
2021-05-21,48.62,49.24,47.32,48.14,3606907.0,293721922.0,905780252.0,0.003982099402184803
2021-05-24,47.99,48.71,47.59,48.6,4247030.0,347021425.0,905780252.0,0.004688808340237473
2021-05-25,48.67,49.84,48.15,49.79,8014443.0,667570505.0,905780252.0,0.008848109662695539
2021-05-26,50.05,50.75,49.08,50.38,5252459.0,443714186.0,905780252.0,0.005798822604491933
2021-05-27,50.59,51.52,49.98,50.63,7298356.0,626021845.0,905780252.0,0.008057534908588402
2021-05-28,50.64,54.02,50.64,53.35,9868583.0,885703723.0,905780252.0,0.010895118300724446
2021-05-31,53.58,57.29,53.57,56.6,16681576.0,1576767812.0,905780252.0,0.018416802489529215
2021-06-01,57.9,57.9,52.21,55.71,16287420.0,1515650640.0,905780252.0,0.017981646170841886
2021-06-02,56.12,56.44,53.09,53.74,10732710.0,988595639.0,905780252.0,0.01184913225509359
2021-06-03,55.76,56.08,52.68,52.86,24250087.0,1393004672.0,1449248403.9999998,0.016732871282154612
2021-06-04,52.16,58.14,51.4,54.71,32586276.0,1906980820.0,1449248403.9999998,0.022484948687926935
2021-06-07,55.64,56.19,54.55,55.91,20559016.0,1202083771.0,1449248403.9999998,0.014185984916910078
2021-06-08,55.39,57.19,53.73,54.45,18914518.0,1096785540.0,1449248403.9999998,0.013051260189623092
2021-06-09,55.01,55.57,53.68,54.41,12398086.0,710412476.0,1449248403.9999998,0.008554838470603555
2021-06-10,54.53,55.75,53.2,55.48,19359057.0,1124655174.0,1449248403.9999998,0.013357997805323098
2021-06-11,55.76,62.72,55.48,60.16,49643824.0,3135797565.0,1449248403.9999998,0.034254875743164874
2021-06-15,60.27,62.17,59.15,60.27,24251020.0,1543697430.0,1449248403.9999998,0.016733515064129754
2021-06-16,60.27,60.6,55.97,56.05,25964414.0,1570664649.0,1449248403.9999998,0.017915778915703402
2021-06-17,56.14,57.81,55.48,56.24,19871646.0,1182891183.0,1449248403.9999998,0.013711690794451276
2021-06-18,56.91,58.12,55.91,57.82,20273619.0,1224347524.0,1449248403.9999998,0.013989057323812656
2021-06-21,57.38,59.46,56.01,57.87,21060263.0,1285380643.0,1449248403.9999998,0.014531851780462615
2021-06-22,57.85,57.85,55.57,56.81,14498718.0,867736970.0,1449248403.9999998,0.010004301512413466
2021-06-23,56.58,57.36,55.01,55.94,21072702.0,1244401347.0,1449248403.9999998,0.014540434850118354
2021-06-24,55.94,56.25,52.71,53.11,28783777.0,1630343597.0,1449248403.9999998,0.01986117557249351
2021-06-25,53.45,55.47,53.37,54.29,17165374.0,982424392.0,1449248403.9999998,0.011844328379194823
2021-06-28,54.34,56.1,53.95,55.85,19905751.0,1157590023.0,1449248403.9999998,0.013735223682192169
2021-06-29,56.76,58.03,55.91,57.02,25104607.0,1510080737.0,1449248403.9999998,0.017322501049999436
2021-06-30,56.9,57.45,55.32,57.03,18401973.0,1097946643.0,1449248403.9999998,0.012697597561059659
2021-07-01,57.03,57.53,54.82,55.01,17646609.0,1039841001.0,1449248403.9999998,0.01217638670589145
2021-07-02,54.05,56.9,53.87,54.22,18993381.0,1104813488.0,1449248403.9999998,0.013105676671837138
2021-07-05,54.9,57.76,54.89,57.67,31581258.0,1900990526.0,1449248403.9999998,0.021791473368426083
2021-07-06,57.85,58.78,55.63,56.81,24179798.0,1461407668.0,1449248403.9999998,0.016684370969988666
2021-07-07,56.52,60.65,54.65,60.06,32629031.0,2020862132.0,1449248403.9999998,0.022514450186691393
2021-07-08,61.28,61.77,59.27,60.85,32662866.0,2087715685.0,1449248403.9999998,0.02253779677096681
2021-07-09,60.51,63.9,60.03,62.22,36651146.0,2411882615.0,1449248403.9999998,0.025289761160916902
2021-07-12,63.07,68.26,62.59,64.5,44687021.0,3075703617.0,1449248403.9999998,0.0308346180521307
2021-07-13,65.82,68.24,64.85,67.48,35464030.0,2506562817.0,1449248403.9999998,0.02447063588417104
2021-07-14,65.46,66.68,62.4,63.52,36284444.0,2458460669.0,1449248403.9999998,0.025036732074262134
2021-07-15,63.52,64.17,61.08,63.86,23178667.0,1534197964.0,1449248403.9999998,0.015993577730377823
2021-07-16,63.54,63.54,59.08,59.56,33235926.0,2137943623.0,1449248403.9999998,0.02293321552624598
2021-07-19,58.81,60.65,58.51,59.3,19603446.0,1234848016.0,1449248403.9999998,0.013526629352078972
2021-07-20,59.01,60.96,59.01,60.41,17429153.0,1108246560.0,1449248403.9999998,0.012026339274823175
2021-07-21,60.7,63.78,59.29,62.68,37256160.0,2391889749.0,1449248403.9999998,0.025707228586328672
2021-07-22,62.58,63.43,61.17,63.07,25790639.0,1699164752.0,1449248403.9999998,0.017795871935284882
2021-07-23,64.47,66.31,61.53,62.26,30536701.0,2054236227.0,1449248403.9999998,0.021070715631438437
2021-07-26,62.39,64.19,59.57,60.92,22833206.0,1487080931.0,1449248403.9999998,0.015755205206353297
2021-07-27,61.62,64.26,59.61,59.94,33528766.0,2216015877.0,1449248403.9999998,0.02313527888487501
2021-07-28,57.38,60.28,55.87,58.14,28197381.0,1733914380.0,1449248403.9999998,0.019456554806045523
2021-07-29,60.7,67.05,58.97,66.62,44015131.0,2951749129.0,1449248403.9999998,0.03037100532835916
2021-07-30,67.6,74.07,67.41,72.08,52897928.0,3959795991.0,1449248403.9999998,0.036500249269896735
2021-08-02,72.15,77.58,71.32,74.45,46777975.0,3656394147.0,1449248403.9999998,0.03227740314972257
2021-08-03,72.88,74.38,69.71,73.02,30434235.0,2304331423.0,1449248403.9999998,0.02100001277627766
2021-08-04,72.79,78.24,72.08,77.29,41235671.0,3304208818.0,1449248403.9999998,0.02845314225372782
2021-08-05,75.83,75.83,72.91,73.59,27246892.0,2122971450.0,1449248403.9999998,0.01880070519642953
2021-08-06,75.11,77.96,74.19,75.77,29273771.0,2346159649.0,1449248403.9999998,0.02019927772161273
2021-08-09,73.98,75.4,71.55,74.46,27303180.0,2111273161.0,1449248403.9999998,0.01883954463889132
2021-08-10,73.97,77.13,70.88,73.52,23987690.0,1851498162.0,1449248403.9999998,0.01655181398426436
2021-08-11,73.5,74.26,70.77,72.41,20730938.0,1585944641.0,1449248403.9999998,0.014304613303545169
2021-08-12,72.34,74.62,71.23,73.04,18709332.0,1438713914.0,1449248403.9999998,0.012909679216041423
2021-08-13,77.29,79.71,74.82,75.32,41337756.0,3359200231.0,1449248403.9999998,0.028523582213998425
2021-08-16,73.5,73.5,70.37,70.83,24845469.0,1875541976.0,1449248403.9999998,0.017143692503938754
2021-08-17,70.18,71.91,68.64,69.18,16242191.0,1203530489.0,1449248403.9999998,0.011207320260053916
2021-08-18,69.83,70.55,68.22,69.31,13360677.0,979168650.0,1449248403.9999998,0.009219038615549858
2021-08-19,69.29,72.08,67.77,71.44,17871696.0,1326635054.0,1449248403.9999998,0.012331699624904333
2021-08-20,71.44,72.55,69.92,71.95,13354019.0,1003490308.0,1449248403.9999998,0.009214444510093801
2021-08-23,72.98,73.0,69.86,70.86,21206831.0,1587455885.0,1449248403.9999998,0.014632985581676724
2021-08-24,72.98,73.01,69.9,71.74,22367474.0,1690298837.0,1449248403.9999998,0.015433844148639134
2021-08-25,72.07,72.93,68.68,70.26,21128146.0,1565794206.0,1449248403.9999998,0.014578691921747326
2021-08-26,70.44,70.44,66.67,67.77,23108432.0,1658274120.0,1449248403.9999998,0.015945114678904974
2021-08-27,67.73,71.89,66.87,71.51,21814444.0,1614193173.0,1449248403.9999998,0.015052246350446906
2021-08-30,71.41,75.85,70.75,72.91,20139164.0,1562527548.0,1449248403.9999998,0.013896281648070045
2021-08-31,72.82,72.83,69.29,70.75,17591290.0,1304443872.0,1449248403.9999998,0.012138215885866867
2021-09-01,70.56,71.02,67.2,69.23,16186481.0,1173478482.0,1449248403.9999998,0.01116887964501081
2021-09-02,69.04,70.72,68.8,68.9,14749805.0,1086550437.0,1449248403.9999998,0.010177554765138801
2021-09-03,69.52,69.52,63.33,64.57,25658303.0,1781635435.0,1449248403.9999998,0.017704558396739834
2021-09-06,64.01,66.89,63.07,65.6,19273124.0,1320944412.0,1449248403.9999998,0.013298702932364936
2021-09-07,65.55,67.81,64.59,67.06,14945062.0,1045905850.0,1449248403.9999998,0.010312284601280818
2021-09-08,66.93,68.0,65.04,65.2,14534052.0,1009941004.0,1449248403.9999998,0.01002868242592869
2021-09-09,65.72,67.7,63.59,65.63,16045609.0,1104376813.0,1449248403.9999998,0.0110716761569054
2021-09-10,65.44,67.33,64.5,67.0,13387997.0,935222042.0,1449248403.9999998,0.009237889766204637
2021-09-13,67.24,68.19,63.92,65.22,18970849.0,1308187719.0,1449248403.9999998,0.013090129302636791
2021-09-14,64.98,70.46,64.98,68.01,25067443.0,1813424431.0,1449248403.9999998,0.017296857412995987
2021-09-15,67.33,68.47,65.72,67.46,14066864.0,996636350.0,1449248403.9999998,0.009706316709526631
2021-09-16,68.28,70.42,67.42,67.56,19358249.0,1405289484.0,1449248403.9999998,0.013357440274952342
2021-09-17,66.49,71.6,66.39,68.58,16153392.0,1175975138.0,1449248403.9999998,0.011146047810310374
2021-09-22,67.03,68.27,65.34,65.77,11056534.0,774660582.0,1449248403.9999998,0.0076291503716570605
2021-09-23,68.66,68.66,65.2,67.18,16722904.0,1181251238.0,1449285423.0,0.01153872365968039
2021-09-24,67.03,68.9,65.74,67.32,11596929.0,827659593.0,1449285423.0,0.008001825462367877
2021-09-27,67.0,68.17,64.49,65.7,12766736.0,890081473.0,1450810382.9999998,0.008799727483064203
2021-09-28,65.7,66.29,64.76,65.15,10581298.0,728593706.0,1450810382.9999998,0.007293370742301891
2021-09-29,64.68,65.67,62.78,63.52,13365431.0,902400686.0,1450810382.9999998,0.009212389955717598
2021-09-30,64.12,67.14,62.69,66.22,12850435.0,892233553.0,1450810382.9999998,0.008857418688600606
2021-10-08,67.33,68.27,65.12,66.48,9262464.0,652681685.0,1450810382.9999998,0.006384338097199847
2021-10-11,66.87,68.58,65.82,66.88,8473546.0,600422642.0,1450810382.9999998,0.005840560626867254
2021-10-12,66.88,67.32,64.32,65.53,8524565.0,591329389.0,1450810382.9999998,0.005875726490441034
2021-10-13,64.92,66.2,64.49,65.3,7943699.0,545580448.0,1450810382.9999998,0.005475353011724346
2021-10-14,65.3,68.27,65.3,68.02,9696399.0,686299134.0,1450810382.9999998,0.006683436452908265
2021-10-15,67.64,72.51,67.04,72.46,21223783.0,1579689007.0,1450810382.9999998,0.014628915845028111
2021-10-18,72.75,74.44,71.89,74.26,17673116.0,1368335678.0,1450810382.9999998,0.012181547779838299
2021-10-19,74.26,74.64,71.35,71.63,15408950.0,1178018095.0,1450810382.9999998,0.010620926194460522
2021-10-20,71.99,72.73,70.65,71.13,11856532.0,894487983.0,1450810382.9999998,0.00817235121758844
2021-10-21,70.65,71.7,70.02,71.51,9991173.0,747749369.0,1450810382.9999998,0.00688661531311911
2021-10-22,71.88,71.88,70.2,70.33,7551231.0,563490466.0,1450810382.9999998,0.005204836613028293
2021-10-25,70.37,73.14,70.37,72.39,15190246.0,1157818579.0,1450810382.9999998,0.010470180099338318
2021-10-26,73.69,74.45,72.18,73.68,13304905.0,1030287667.0,1450810382.9999998,0.009170671202730152
2021-10-27,73.4,75.55,72.67,74.97,10747426.0,845285784.0,1450810382.9999998,0.007407877780538328
2021-10-28,74.92,75.81,73.68,74.44,10919096.0,858829817.0,1450810382.9999998,0.007526204752837092
2021-10-29,74.85,79.77,74.85,77.05,27091568.0,2214070626.0,1450810382.9999998,0.01867340371798263
2021-11-01,76.77,78.43,75.37,76.7,18220466.0,1476689649.0,1450810382.9999998,0.01255881968691425
2021-11-02,77.1,82.11,77.1,81.09,22133420.0,1879814465.0,1450810382.9999998,0.015255901294442282
2021-11-03,80.95,82.02,77.77,79.09,13473846.0,1129224792.0,1450810382.9999998,0.009287117157335647
2021-11-04,79.83,80.5,77.84,78.53,13292583.0,1107053337.0,1450810382.9999998,0.009162178018407525
2021-11-05,78.53,82.39,78.02,80.06,12452109.0,1052221757.0,1450810382.9999998,0.008582864546538059
2021-11-08,80.75,84.22,80.62,82.62,19140800.0,1665934593.0,1450810382.9999998,0.013193178256982465
2021-11-09,82.99,83.33,81.45,82.56,11368929.0,988334826.0,1450810382.9999998,0.007836261122208968
2021-11-10,81.57,82.75,80.31,81.3,9612307.0,823526425.0,1450810382.9999998,0.006625474364281553
2021-11-11,80.99,81.84,78.86,80.66,11017353.0,933609656.0,1450810382.9999998,0.007593930350304091
2021-11-12,80.38,83.23,80.14,82.78,10774062.0,936129983.0,1450810382.9999998,0.0074262371749237764
2021-11-15,82.78,83.45,78.9,79.6,13764621.0,1164245374.0,1450810382.9999998,0.009487539627016857
2021-11-16,78.58,79.85,76.82,76.91,17669081.0,1450294601.0,1450810382.9999998,0.012178766575590467
2021-11-17,78.36,78.71,76.32,76.79,9863791.0,801532729.0,1450810382.9999998,0.006798814728361371
2021-11-18,76.7,76.96,75.55,75.87,8807091.0,705898605.0,1450810382.9999998,0.006070463172305544
2021-11-19,76.38,76.42,74.29,75.2,10400177.0,824899581.0,1450810382.9999998,0.0071685294797066545
2021-11-22,75.11,78.71,75.11,77.79,13517157.0,1103345513.0,1450810382.9999998,0.009316970128135623
2021-11-23,78.66,78.81,77.13,78.44,10124078.0,834089765.0,1450810382.9999998,0.006978222735810129
2021-11-24,78.43,78.43,75.32,75.77,10878983.0,878378767.0,1450810382.9999998,0.007498556067336886
2021-11-25,74.91,76.7,74.35,74.95,12576511.0,996842935.0,1450810382.9999998,0.008668611106845105
2021-11-26,74.95,77.99,74.91,75.48,8340413.0,669396355.0,1450810382.9999998,0.005748796050627659
2021-11-29,74.83,77.72,74.31,76.06,10953066.0,882788285.0,1450810382.9999998,0.007549619253035082
2021-11-30,76.51,77.28,74.62,75.18,8661096.0,686928627.0,1450810382.9999998,0.005969833205970378
2021-12-01,75.59,77.01,74.92,76.69,9577305.0,767330898.0,1450810382.9999998,0.00660134853749527
2021-12-02,77.58,78.39,75.77,77.46,10632253.0,861146167.0,1450810382.9999998,0.007328492492598877
2021-12-03,76.73,78.89,75.96,77.06,9721060.0,793537113.0,1450810382.9999998,0.006700434539142667
2021-12-06,77.01,77.48,75.31,75.75,9917941.0,797678338.0,1450810382.9999998,0.0068361386961482765
2021-12-07,76.2,77.26,73.1,74.05,10842223.0,850665510.0,1450810382.9999998,0.0074732185039786845
2021-12-08,74.43,75.84,73.76,75.49,9551045.0,755408010.0,1450810382.9999998,0.006583248308610982
2021-12-09,75.03,75.87,74.76,75.3,8528114.0,675994859.0,1450810382.9999998,0.005878172709493217
2021-12-10,74.94,76.82,74.17,76.81,12500996.0,1002064170.0,1450810382.9999998,0.008616560886578658
2021-12-13,76.15,77.18,75.65,76.23,9584080.0,769853766.0,1450810382.9999998,0.006606018341405819
2021-12-14,75.77,80.59,75.74,78.96,16254076.0,1350930831.0,1450810382.9999998,0.011203446150136907
2021-12-15,79.01,82.01,79.01,80.7,16193779.0,1382687771.0,1450810382.9999998,0.011161885239967988
2021-12-16,81.43,81.49,78.11,78.66,10239107.0,850800718.0,1450810382.9999998,0.007057508768876795
2021-12-17,78.41,79.41,75.3,75.3,11481561.0,923231651.0,1450810382.9999998,0.007913894975205732
2021-12-20,74.85,75.86,71.9,72.33,12630442.0,978302937.0,1450810382.9999998,0.008705784124512984
2021-12-21,73.41,73.56,69.28,70.94,15724978.0,1173395949.0,1450810382.9999998,0.01083875479818647
2021-12-22,71.32,73.48,71.12,72.07,12055479.0,921528955.0,1450810382.9999998,0.008309479406310537
2021-12-23,71.92,74.26,71.43,72.65,9053337.0,699697528.0,1450810382.9999998,0.006240193140387804
2021-12-24,73.32,73.45,67.81,67.9,11216255.0,820363180.0,1450810382.9999998,0.007731027521878441
2021-12-27,68.24,70.37,67.87,68.38,9264186.0,673453858.0,1450810382.9999998,0.0063855250200535695
2021-12-28,69.01,70.99,68.38,70.62,10952933.0,807885452.0,1450810382.9999998,0.007549527580131746
2021-12-29,70.14,71.71,68.08,69.09,12609939.0,918919884.0,1450810382.9999998,0.008691652022730253
2021-12-30,69.65,71.13,68.66,70.37,10735633.0,795644657.0,1450810382.9999998,0.007399749220019196
2021-12-31,71.6,73.02,69.99,70.53,9540891.0,711875168.0,1450810382.9999998,0.006576249461539731
2022-01-04,71.32,71.96,67.33,67.81,13353173.0,969583613.0,1450810382.9999998,0.009203940884671765
2022-01-05,67.76,69.21,65.25,65.77,15972536.0,1118479858.0,1450810382.9999998,0.011009389088442996
2022-01-06,65.06,66.55,63.68,64.19,14239562.0,969996604.0,1450810382.9999998,0.009814902186290738
2022-01-07,64.36,65.25,63.46,64.01,17678953.0,1202832936.0,1450810382.9999998,0.012185571048535846
2022-01-10,64.75,67.21,64.01,65.9,14659993.0,1014198974.0,1450810382.9999998,0.01010469264059575
2022-01-11,66.38,66.91,63.73,64.2,11471605.0,785859621.0,1450810382.9999998,0.007907032603584559
2022-01-12,65.56,67.81,64.69,67.32,15028306.0,1054329203.0,1450810382.9999998,0.010358559723652048
2022-01-13,67.76,68.99,66.29,67.32,9372612.0,666551859.0,1450810382.9999998,0.006460259803641067
2022-01-14,67.14,68.24,66.58,67.53,9442973.0,671209002.0,1450810382.9999998,0.006508757526585748
2022-01-17,66.95,71.01,66.95,70.44,12640794.0,931951087.0,1450810382.9999998,0.008712919447034315
2022-01-18,70.44,70.91,69.48,70.46,9325577.0,692267670.0,1450810382.9999998,0.006427839991547677
2022-01-19,70.5,71.41,68.94,69.23,7409692.0,542711551.0,1450810382.9999998,0.005107278033589867
2022-01-20,68.96,69.8,68.16,69.26,6630695.0,483277295.0,1450810382.9999998,0.004570338810430199
2022-01-21,68.96,70.02,68.07,69.3,6901752.0,502421090.0,1450810382.9999998,0.004757170255239344
2022-01-24,69.3,70.63,68.57,70.39,7736167.0,568853363.0,1450810382.9999998,0.005332307440482386
2022-01-25,69.96,71.65,69.23,69.23,7574090.0,561960670.0,1450810382.9999998,0.005220592634812982
2022-01-26,68.76,71.01,68.76,70.7,7132949.0,526674729.0,1450810382.9999998,0.004916527399845608
2022-01-27,70.83,71.49,67.51,68.54,11259582.0,816261772.0,1450810382.9999998,0.007760891520997615
2022-01-28,70.18,70.21,66.4,68.15,9105404.0,656862907.0,1450810382.9999998,0.0062760813588690735
2022-02-07,69.78,71.09,67.69,68.51,10913989.0,796592979.0,1450810382.9999998,0.00752268465120297
2022-02-08,68.14,68.26,60.61,61.53,24160411.0,1590901343.0,1450810382.9999998,0.016653045279453313
2022-02-09,61.63,61.63,57.86,60.32,19956403.0,1256765867.0,1450810382.9999998,0.013755348895928051
2022-02-10,60.94,62.88,59.42,61.12,21603233.0,1386596451.0,1450810382.9999998,0.014890459327516408
2022-02-11,60.48,60.89,58.23,58.8,17674017.0,1108474771.0,1450810382.9999998,0.012182168812063156
2022-02-14,58.61,59.23,57.38,58.09,12304602.0,755276561.0,1450810382.9999998,0.008481192404038648
2022-02-15,58.44,60.2,57.87,60.18,13536149.0,845375885.0,1450810382.9999998,0.00933006074302406
2022-02-16,60.98,61.35,59.57,60.19,8849544.0,562532596.0,1450810382.9999998,0.006099724749488508
2022-02-17,60.35,63.38,59.94,62.26,13956419.0,910910258.0,1450810382.9999998,0.00961974022486714
2022-02-18,61.37,61.6,60.11,60.34,8067039.0,514196763.0,1450810382.9999998,0.005560367567344603
2022-02-21,60.11,60.68,58.75,58.94,8971501.0,560636674.0,1450810382.9999998,0.006183786044768058
2022-02-22,58.7,59.06,56.33,58.59,15449628.0,940665931.0,1450810382.9999998,0.01064896431748242
2022-02-23,58.48,61.17,58.4,60.88,13192632.0,839014561.0,1450810382.9999998,0.009093284797645401
2022-02-24,60.28,62.25,59.65,60.64,10785835.0,690063918.0,1450810382.9999998,0.0074343519500439095
2022-02-25,61.45,63.46,60.68,62.55,12946656.0,852101426.0,1450810382.9999998,0.008923740932449613
2022-02-28,62.87,64.2,62.5,63.76,9928755.0,663902356.0,1450810382.9999998,0.006843592461386459
2022-03-01,63.83,65.03,63.24,63.58,7793369.0,525383948.0,1450810382.9999998,0.005371735060156377
2022-03-02,63.54,63.79,62.62,63.39,10196486.0,680010153.0,1450810382.9999998,0.007028131394342249
2022-03-03,64.01,64.01,61.08,61.71,11846074.0,772715790.0,1450810382.9999998,0.008165142832452421
2022-03-04,61.18,61.81,59.4,60.03,10057060.0,638089236.0,1450810382.9999998,0.006932029242307953
2022-03-07,59.85,59.85,53.76,54.14,28515908.0,1671651634.0,1450810382.9999998,0.019655158478418474
2022-03-08,54.2,55.55,52.44,52.63,18874525.0,1067070347.0,1450810382.9999998,0.013009642901073726
2022-03-09,52.68,53.45,49.96,52.1,16245727.0,887709351.0,1450810382.9999998,0.01119769143532522
2022-03-10,54.3,56.57,54.04,55.84,21779428.0,1269687434.0,1450810382.9999998,0.015011905246338456
2022-03-11,54.55,56.25,53.92,56.12,11517952.0,669213604.0,1450810382.9999998,0.007938978197952421
2022-03-14,56.13,56.13,53.66,53.88,9801809.0,561933066.0,1450810382.9999998,0.006756092398326875
2022-03-15,53.13,55.48,52.54,53.01,15045629.0,853995550.0,1450810382.9999998,0.010370499946994108
2022-03-16,53.58,56.42,51.89,55.58,19496837.0,1115791635.0,1450810382.9999998,0.013438583862133832
2022-03-17,57.18,61.1,56.9,59.74,25222411.0,1578956517.0,1450810382.9999998,0.01738504996624359
2022-03-18,59.58,59.58,56.58,57.55,16385385.0,997330252.0,1450810382.9999998,0.011293953497987891
2022-03-21,57.85,59.8,57.02,57.62,12538515.0,771795249.0,1450810382.9999998,0.00864242160582883
2022-03-22,57.62,58.48,56.98,57.35,6996798.0,424932379.0,1450810382.9999998,0.004822682606897225
2022-03-23,58.47,58.58,56.93,57.41,9981339.0,605884379.0,1450810382.9999998,0.006879837032431826
2022-03-24,56.9,56.9,55.29,56.27,8736873.0,517226001.0,1450810382.9999998,0.006022064014963698
2022-03-25,57.24,57.28,54.68,54.72,7054499.0,413749143.0,1450810382.9999998,0.004862454172276214
2022-03-28,54.53,54.68,52.74,53.27,9028172.0,508173147.0,1450810382.9999998,0.006222847662098653
2022-03-29,53.36,54.18,52.16,52.82,7437278.0,415220063.0,1450810382.9999998,0.005126292234427716
2022-03-30,53.39,55.53,53.17,55.48,9651104.0,558508819.0,1450810382.9999998,0.006652215970527695
2022-03-31,55.47,55.93,54.56,55.42,8973070.0,523435810.0,1450802953.0,0.006184899183893514
2022-04-01,56.51,56.51,53.78,53.88,10445953.0,600166231.0,1450802953.0,0.007200118374724593
2022-04-06,54.05,54.05,50.22,51.33,14478842.0,785109270.0,1450802953.0,0.009979881809628492
2022-04-07,51.49,52.38,50.68,50.83,9996084.0,541549249.0,1450802953.0,0.006890035603615152
2022-04-08,50.26,51.68,50.05,50.66,6977737.0,373754357.0,1450802953.0,0.004809569063511549
2022-04-11,49.69,50.15,47.49,47.92,10379654.0,531887581.0,1450802953.0,0.0071544202322836046
2022-04-12,47.59,49.15,46.66,49.03,14359809.0,726944055.0,1450802953.0,0.009897835519500766
2022-04-13,48.67,49.06,46.53,46.58,15275494.0,765161248.0,1450802953.0,0.010528992905902914
2022-04-14,47.23,47.51,45.71,46.69,12714482.0,621350378.0,1450802953.0,0.00876375525270936
2022-04-15,46.09,46.09,44.17,45.19,12931604.0,613930738.0,1450802953.0,0.008913411689202703
2022-04-18,44.29,46.17,43.81,45.73,8309621.0,396112839.0,1450802953.0,0.00572760138295638
2022-04-19,45.73,47.11,45.57,46.12,10110409.0,493055879.0,1450802953.0,0.0069688367941997155
2022-04-20,46.63,46.83,44.39,44.48,12543045.0,592943199.0,1450802953.0,0.008645588275143248
2022-04-21,43.86,44.95,42.83,43.0,13225463.0,609774938.0,1450802953.0,0.009115960904719774
2022-04-22,42.68,43.46,42.2,42.37,10277697.0,463297994.0,1450802953.0,0.007084143976097903
2022-04-25,40.67,41.42,38.87,38.87,17086829.0,725337769.0,1450802953.0,0.011777498084538294
2022-04-26,39.03,39.53,36.56,36.87,20875033.0,831582849.0,1450802953.0,0.014388606638023571
2022-04-27,36.41,40.31,35.27,39.72,28906498.0,1156859393.0,1450802953.0,0.019924482466917064
2022-04-28,39.64,41.25,39.03,40.06,17440350.0,740323345.0,1450802953.0,0.012021170734410547
2022-04-29,40.68,42.11,39.18,41.98,19586162.0,844113272.0,1450802953.0,0.013500222038767797
2022-05-05,41.25,43.14,41.19,42.37,19087127.0,852832906.0,1450802953.0,0.013156250447747745
2022-05-06,40.97,41.73,40.69,41.16,8819341.0,383562821.0,1450802953.0,0.006078937861108696
2022-05-09,40.21,41.63,40.21,40.68,7852912.0,337697898.0,1450802953.0,0.0054128039812447225
2022-05-10,40.16,42.01,39.36,41.35,20049249.0,873977350.0,1450802953.0,0.013819415626733977
2022-05-11,41.79,45.89,41.42,44.54,28609228.0,1338992365.0,1450802953.0,0.019719582139560203
2022-05-12,43.95,44.53,43.28,43.63,13108752.0,603942703.0,1450802953.0,0.009035515107612274
2022-05-13,44.36,45.05,43.15,44.79,13016683.0,609900902.0,1450802953.0,0.008972054387595392
2022-05-16,45.48,46.75,43.97,44.14,12288043.0,581733292.0,1450802953.0,0.00846982215923295
2022-05-17,44.48,45.76,43.98,45.58,9448302.0,448929352.0,1450802953.0,0.006512463998272548
2022-05-18,45.81,46.43,45.14,45.52,8330344.0,401507210.0,1450802953.0,0.005741885197279441
2022-05-19,44.68,46.93,44.36,46.49,13837661.0,670623113.0,1450802953.0,0.009537932750540797
2022-05-20,47.08,48.01,46.38,47.08,13574303.0,673368029.0,1450802953.0,0.00935640706543282
2022-05-23,46.11,46.87,45.52,46.15,14365651.0,696336928.0,1450802953.0,0.009901862255170086
2022-05-24,46.0,46.05,43.99,44.19,10646680.0,506422274.0,1450802953.0,0.007338474172515694
2022-05-25,44.33,44.8,43.44,43.83,9988356.0,461779848.0,1450802953.0,0.006884708898162823
2022-05-26,43.83,44.07,42.6,43.3,12648732.0,578608215.0,1450802953.0,0.008718435521408812
2022-05-27,44.02,44.78,43.21,43.45,9626968.0,446389079.0,1450802953.0,0.006635613733824541
2022-05-30,44.1,44.76,43.07,44.5,12040348.0,558751798.0,1450802953.0,0.008299092564639962
2022-05-31,44.1,46.22,43.85,46.03,17417749.0,832587948.0,1450802953.0,0.012005592464492317
2022-06-01,46.04,46.84,45.24,46.28,12487861.0,607277097.0,1450802953.0,0.008607551407430861
2022-06-02,46.23,49.03,45.72,48.7,20844964.0,1058430727.0,1450802953.0,0.014367880873757776
2022-06-06,49.79,52.16,49.13,50.74,25511028.0,1367780926.0,1450802953.0,0.01758407504426964
2022-06-07,51.26,51.38,49.32,49.98,12057897.0,638332332.0,1450802953.0,0.008311188624937958
2022-06-08,50.36,51.69,49.69,51.21,17074725.0,913218007.0,1450802953.0,0.011769155118338114
2022-06-09,52.2,52.96,50.88,51.3,19435241.0,1063592564.0,1450802953.0,0.013396196195914416
2022-06-10,51.26,55.24,51.21,54.94,20719224.0,1180558239.0,1450802953.0,0.014281211626400652
2022-06-13,54.99,60.12,54.99,59.5,24690898.0,1515869480.0,1450802953.0,0.017018781185235154
2022-06-14,58.04,60.33,56.25,59.72,18907489.0,1152965307.0,1450802953.0,0.013032430738373332
2022-06-15,59.74,60.57,57.09,57.37,18232223.0,1117723939.0,1450802953.0,0.012566987792724736
2022-06-16,57.76,59.65,57.76,58.33,12313654.0,761071600.0,1450802953.0,0.008487475142325548
2022-06-17,56.9,60.6,56.35,58.8,19137820.0,1192500208.0,1451791234.9999998,0.013182212110544945
2022-06-20,58.9,59.83,57.3,58.14,21038729.0,1294203928.0,1451791234.9999998,0.014491566344247838
2022-06-21,58.87,61.64,57.9,60.89,18016880.0,1133113945.0,1451791234.9999998,0.012410103853533737
2022-06-22,60.89,61.81,59.65,61.08,16862000.0,1081716727.0,1451791234.9999998,0.011614617579641197
2022-06-23,62.44,64.94,61.26,64.66,17057240.0,1145159102.0,1451791234.9999998,0.0117490997250717
2022-06-24,65.73,66.38,63.24,64.81,15216317.0,1041946937.0,1451791234.9999998,0.010481064104233969
2022-06-27,64.69,65.16,62.81,64.49,12105901.0,813707614.0,1451791234.9999998,0.0083385962858496
2022-06-28,63.89,64.97,63.18,64.82,11743877.0,789061592.0,1451791234.9999998,0.008089232609260106
2022-06-29,64.87,64.87,61.14,61.89,16708046.0,1097005646.0,1451791234.9999998,0.011508573407250254
2022-06-30,62.14,63.24,59.8,60.36,19435101.0,1233990264.0,1451791234.9999998,0.01338698053236284
2022-07-01,60.48,61.79,59.61,60.52,10580213.0,671082230.0,1451791234.9999998,0.007287695878670876
2022-07-04,57.89,61.13,57.89,60.38,11950346.0,751919406.0,1451791234.9999998,0.008231449337824388
2022-07-05,60.25,61.58,58.37,59.9,11606094.0,722902640.0,1451791234.9999998,0.007994327090699098
2022-07-06,58.28,60.95,57.39,57.39,39011306.0,2427117149.0,1451791234.9999998,0.0268711541022632
2022-07-07,59.04,61.49,58.97,60.38,30202842.0,1908483932.0,1451791234.9999998,0.020803846497943628
2022-07-08,60.28,61.9,57.0,57.0,40530714.0,2489945924.0,1451791234.9999998,0.02791772881863418
2022-07-11,57.32,58.8,56.18,57.25,23063340.0,1380324048.0,1451791234.9999998,0.015886127043603485
2022-07-12,57.46,58.06,55.89,57.13,14178712.0,844181576.0,1451791234.9999998,0.009766357350958935
2022-07-13,56.49,59.02,55.75,58.45,18183967.0,1098264720.0,1451791234.9999998,0.012525194092386158
2022-07-14,58.38,61.09,57.97,60.19,22498328.0,1420622570.0,1451791234.9999998,0.015496944366109225
2022-07-15,59.72,61.77,59.41,59.49,13074001.0,830863694.0,1451791234.9999998,0.00900542769842525
2022-07-18,60.07,60.82,58.32,60.37,13351736.0,837380223.0,1451791234.9999998,0.00919673275200618
2022-07-19,60.71,60.86,58.28,58.48,10475425.0,647690570.0,1451791234.9999998,0.007215517456957234
2022-07-20,59.12,60.0,58.29,59.32,8154481.0,504928489.0,1451791234.9999998,0.005616841322230466
2022-07-21,58.94,60.66,58.07,59.18,8779147.0,549548060.0,1451791234.9999998,0.006047113929572664
2022-07-22,59.9,62.61,58.97,59.94,16878063.0,1075204768.0,1451791234.9999998,0.011625681842610107
2022-07-25,59.57,62.17,59.19,60.76,15312719.0,975406191.0,1451791234.9999998,0.010547466213349885
2022-07-26,60.41,61.03,59.01,60.36,10687601.0,672231924.0,1451791234.9999998,0.007361665191483266
2022-07-27,60.36,60.78,59.39,60.32,7205427.0,453451289.0,1451791234.9999998,0.004963128875757403
2022-07-28,60.74,60.92,57.8,57.92,14584428.0,899813716.0,1451791234.9999998,0.0100458162636586
2022-07-29,57.54,57.91,55.03,56.98,19337045.0,1141580963.0,1451791234.9999998,0.013319439140986412
2022-08-01,56.64,59.69,56.2,59.54,13736901.0,842756777.0,1451791234.9999998,0.009462036048178787
2022-08-02,58.98,60.48,58.18,58.91,12815607.0,795516443.0,1451791234.9999998,0.00882744480820619
2022-08-03,59.25,60.47,55.95,56.42,15071074.0,905328630.0,1451791234.9999998,0.010381020105828096
2022-08-04,56.84,57.16,55.27,55.71,8500528.0,496924196.0,1451791234.9999998,0.00585519997301816
2022-08-05,55.26,55.96,54.16,55.12,13096183.0,752205810.0,1451791234.9999998,0.009020706754714634
2022-08-08,54.48,56.01,54.48,55.12,11673392.0,674547927.0,1451791234.9999998,0.008040682240377352
2022-08-09,55.22,56.69,54.39,55.42,12942370.0,751227585.0,1451791234.9999998,0.008914759703725586
2022-08-10,55.0,55.77,54.17,54.58,10510805.0,605257361.0,1451791234.9999998,0.007239887351985564
2022-08-11,54.83,55.65,54.03,55.45,8593975.0,494956888.0,1451791234.9999998,0.005919566665519923
2022-08-12,55.02,55.59,53.51,53.6,9291654.0,527701534.0,1451791234.9999998,0.006400130938936273
2022-08-15,54.04,56.74,54.04,55.28,13657303.0,792705717.0,1451791234.9999998,0.009407208605994926
2022-08-16,55.96,58.67,54.85,57.76,19397774.0,1158806659.0,1451791234.9999998,0.013361269535423255
2022-08-17,57.32,60.26,57.13,60.1,19263205.0,1187601121.0,1451791234.9999998,0.013268577833782005
2022-08-18,60.0,60.86,59.41,59.81,11016639.0,691830048.0,1451791234.9999998,0.0075883079704638125
2022-08-19,59.67,60.19,58.16,58.44,8571110.0,527447235.0,1451791234.9999998,0.005903817155914984
2022-08-22,58.1,59.5,57.13,58.89,9225077.0,565767792.0,1451791234.9999998,0.006354272417135789
2022-08-23,58.8,59.79,58.09,58.86,8441329.0,518891391.0,1451791234.9999998,0.005814423449112504
2022-08-24,59.9,61.58,57.8,58.09,15102248.0,939699102.0,1451791234.9999998,0.01040249289010207
2022-08-25,58.32,58.93,55.91,56.12,12931342.0,770994690.0,1451791234.9999998,0.008907163570249824
2022-08-26,55.96,56.4,54.49,54.96,19071737.0,1103650891.0,1451791234.9999998,0.013136693858053224
2022-08-29,54.58,55.54,53.58,54.96,11296722.0,645463255.0,1451791234.9999998,0.007781230336467765
2022-08-30,55.7,57.48,54.31,55.98,15375787.0,904436064.0,1451791234.9999998,0.01059090772097133
2022-08-31,55.81,56.28,52.35,52.7,13990402.0,786784091.0,1451791234.9999998,0.009636648619110861
2022-09-01,52.45,53.31,51.3,51.41,10595661.0,576816350.0,1451791234.9999998,0.007298336527014507
2022-09-02,51.02,51.78,48.99,49.34,15423889.0,802461609.0,1451791234.9999998,0.010624040583906681
2022-09-05,49.3,50.79,48.94,50.14,12333557.0,643942640.0,1451791234.9999998,0.008495406710455861
2022-09-06,49.99,51.11,49.09,50.66,8676454.0,455887122.0,1451791234.9999998,0.005976378552802051
2022-09-07,50.16,52.92,50.11,52.59,10355807.0,566269548.0,1451791234.9999998,0.007133124067938048
2022-09-08,52.45,52.69,51.39,51.47,5478511.0,298312398.0,1451791234.9999998,0.0037736217631869095
2022-09-09,51.52,52.17,51.11,51.85,9104298.0,492182884.0,1451791234.9999998,0.006271079326360585
2022-09-13,53.41,53.5,51.93,52.19,9814641.0,539049775.0,1451791234.9999998,0.0067603666170363685
2022-09-14,50.73,51.71,50.34,51.16,10347459.0,551141546.0,1451791234.9999998,0.007127373929902533
2022-09-15,50.91,51.34,48.25,48.74,12619002.0,649344874.0,1451791234.9999998,0.008692022444948844
2022-09-16,48.62,49.29,47.97,48.11,8310075.0,422125900.0,1451791234.9999998,0.0057240151336221574
2022-09-19,48.11,49.32,47.94,48.35,8500977.0,432115221.0,1451791234.9999998,0.005855509246134829
2022-09-20,48.73,49.47,48.05,48.82,6529474.0,334857552.0,1451791234.9999998,0.004497529563883888
2022-09-21,48.78,48.78,47.46,48.22,8636580.0,434770122.0,1451791234.9999998,0.005948913171389963
2022-09-22,47.88,48.53,47.38,48.05,7933614.0,398310001.0,1451791234.9999998,0.005464707189804739
2022-09-23,48.15,48.72,46.7,47.61,9490876.0,471268313.0,1451791234.9999998,0.006537355902964934
2022-09-26,47.13,49.11,46.91,47.87,7695020.0,388410526.0,1451791234.9999998,0.005300362624106903
2022-09-27,47.96,48.88,47.53,48.65,6746599.0,341500373.0,1453593475.0,0.004641324494112771
2022-09-28,48.52,48.56,46.27,46.35,10369645.0,509025051.0,1453593475.0,0.007133799909221524
2022-09-29,47.77,48.53,47.21,47.94,10032741.0,502107948.0,1453593475.0,0.006902026716926478
2022-09-30,48.72,48.72,44.9,45.2,14929636.0,717688783.0,1453593475.0,0.010270846874845802
2022-10-10,44.53,45.47,44.28,44.48,9021125.0,422721760.0,1453593475.0,0.006206085233011933
2022-10-11,44.74,46.09,44.43,45.65,7787175.0,372210270.0,1453593475.0,0.0053571890173764024
2022-10-12,45.68,49.33,45.19,48.99,13064356.0,647344917.0,1453593475.0,0.008987627025499684
2022-10-13,48.75,50.61,48.3,49.57,12463867.0,649037763.0,1453593475.0,0.008574520465565519
2022-10-14,50.11,50.6,49.21,50.24,10677910.0,558344896.0,1453593475.0,0.007345870894198944
2022-10-17,49.71,50.4,49.21,50.19,8511273.0,442711489.0,1453593475.0,0.005855332420228427
2022-10-18,50.63,51.17,49.58,49.68,7783776.0,407936669.0,1453593475.0,0.005354850674463849
2022-10-19,49.76,50.87,49.49,49.94,7513705.0,396118148.0,1453593475.0,0.005169055261478798
2022-10-20,49.51,50.01,48.53,49.31,9015833.0,464183979.0,1453593475.0,0.006202444600268999
2022-10-21,49.28,49.51,48.15,48.52,6632895.0,337851389.0,1453593475.0,0.004563101798458472
2022-10-24,48.82,49.49,47.19,47.78,9971924.0,503643558.0,1453593475.0,0.006860187646343142
2022-10-25,47.45,48.79,46.41,47.98,10649579.0,531060911.0,1453593475.0,0.007326380575559477
2022-10-26,47.77,48.49,47.06,48.12,8809092.0,441261319.0,1453593475.0,0.006060217076854999
2022-10-27,48.14,49.88,47.84,48.94,10790030.0,555996859.0,1453593475.0,0.007423003876651276
2022-10-28,49.77,49.87,45.2,45.97,20700445.0,1006371368.0,1453593475.0,0.014240876390835478
2022-10-31,45.74,47.85,45.46,47.85,27150734.0,1339213726.0,1453593475.0,0.01867835434525461
2022-11-01,47.15,47.72,45.53,47.46,17440359.0,851421167.0,1453593475.0,0.011998099399833918
2022-11-02,47.05,49.2,46.64,48.69,11179825.0,560452369.0,1453593475.0,0.007691163445818302
2022-11-03,49.1,49.64,48.44,49.03,7447509.0,382421121.0,1453593475.0,0.005123515706480452
2022-11-04,49.03,51.66,48.82,51.29,11029692.0,585902794.0,1453593475.0,0.007587879410369532
2022-11-07,51.28,51.88,50.46,50.83,10372319.0,553109543.0,1453593475.0,0.007135639488200097
2022-11-08,51.06,51.87,50.15,50.63,6676398.0,354722418.0,1453593475.0,0.004593029698348089
2022-11-09,50.63,50.81,48.53,48.82,8439499.0,435109170.0,1453593475.0,0.0058059554787145695
2022-11-10,48.4,48.91,46.64,46.7,10267148.0,507509587.0,1453593475.0,0.007063287072061189
2022-11-11,48.7,48.89,47.35,47.81,11962254.0,600490915.0,1453593475.0,0.008229435674922798
2022-11-14,48.09,48.67,46.52,46.91,9962586.0,491341135.0,1453593475.0,0.006853763566873469
2022-11-15,47.17,47.57,45.86,47.41,10630451.0,522193283.0,1453593475.0,0.0073132214631054255
2022-11-16,47.58,48.01,47.16,47.33,7184374.0,357632852.0,1453593475.0,0.004942491916455527
2022-11-17,47.19,47.19,44.81,45.63,16278263.0,772964379.0,1453593475.0,0.011198635161732548
2022-11-18,45.65,45.9,43.24,43.52,20400457.0,948608261.0,1453593475.0,0.014034499570108485
2022-11-21,43.18,44.58,42.93,44.44,10704395.0,491424366.0,1453593475.0,0.0073640912566699575
2022-11-22,44.16,44.45,42.82,42.99,10423834.0,473822484.0,1453593475.0,0.007171079245522893
2022-11-23,43.0,43.54,42.47,43.29,8918762.0,402479545.0,1453593475.0,0.006135664581185603
2022-11-24,43.13,43.52,42.66,42.75,9999424.0,449647023.0,1453593475.0,0.00687910627832173
2022-11-25,42.75,42.75,41.82,41.82,8511025.0,375151411.0,1454130925.0,0.005852997727835271
2022-11-28,41.08,41.8,40.56,41.55,13233793.0,572699613.0,1454130925.0,0.009100826323461899
2022-11-29,41.56,42.11,40.83,41.78,11790222.0,513319174.0,1454130925.0,0.00810808834149511
2022-11-30,41.78,42.05,41.22,41.81,11134275.0,485364825.0,1454130925.0,0.007656996222675066
2022-12-01,42.4,42.75,41.81,41.81,19165297.0,847096499.0,1454130925.0,0.01317989781422192
2022-12-02,41.13,42.04,40.72,41.41,13724202.0,594760590.0,1454130925.0,0.009438078624178906
2022-12-05,41.75,41.75,40.6,40.89,15310619.0,656551183.0,1454130925.0,0.01052905122693818
2022-12-06,40.46,41.75,39.76,41.22,19622160.0,837701162.0,1454130925.0,0.013494080665398131
2022-12-07,41.03,42.66,40.87,41.76,19807928.0,868377497.0,1454130925.0,0.013621832573294594
2022-12-08,41.44,41.83,40.91,41.11,15888955.0,686641356.0,1454130925.0,0.010926770572601639
2022-12-09,40.98,41.08,39.34,40.16,36404910.0,1520898094.0,1454130925.0,0.02503551047165853
2022-12-12,39.74,40.96,39.71,40.77,21849386.0,921247895.0,1454130925.0,0.015025735045143889
2022-12-13,40.7,41.18,39.31,39.31,19510043.0,817129136.0,1454130925.0,0.013416978254554348
2022-12-14,38.96,39.98,38.96,39.27,17616876.0,726502016.0,1454130925.0,0.012115054908140407
2022-12-15,39.27,41.49,39.19,41.32,22268190.0,944839303.0,1454130925.0,0.015313744874795232
2022-12-16,40.6,41.08,39.94,40.27,15282641.0,646755993.0,1454130925.0,0.010509810868646509
2022-12-19,40.27,41.56,40.17,40.24,12366435.0,526908585.0,1454130925.0,0.008504347708580643
2022-12-20,40.04,40.86,39.37,39.7,11635492.0,486190254.0,1454130925.0,0.008001681141606971
2022-12-21,39.74,39.9,38.8,39.14,10061164.0,414149591.0,1454130925.0,0.006919022095620448
2022-12-22,39.46,39.91,38.5,38.68,11171008.0,457665805.0,1454130925.0,0.007682257359322717
2022-12-23,38.41,38.84,37.59,37.86,8693853.0,346496545.0,1454130925.0,0.005978727809533382
2022-12-26,37.92,39.5,37.92,39.35,11173737.0,457286966.0,1454130925.0,0.007684134081668059
2022-12-27,39.41,39.81,38.8,39.66,7910108.0,325651922.0,1454130925.0,0.005439749519115688
2022-12-28,39.27,39.38,38.02,38.7,13297641.0,535947668.0,1454130925.0,0.009144734336765447
2022-12-29,38.74,39.7,38.56,39.07,11058377.0,453583728.0,1454130925.0,0.007604801472742216
2022-12-30,39.51,39.64,38.4,38.45,10471019.0,426365297.0,1454130925.0,0.007200877733894559
2023-01-03,38.41,39.44,37.77,39.32,12405027.0,503855205.0,1454130925.0,0.00853088727206596
2023-01-04,39.17,39.37,37.98,38.42,12798876.0,515369887.0,1454130925.0,0.008801735648390808
2023-01-05,38.32,39.36,37.65,38.46,30969434.0,1246838986.0,1454130925.0,0.021297555445359915
2023-01-06,38.11,39.17,37.93,38.27,31298897.0,1260987637.0,1454130925.0,0.021524125827940836
2023-01-09,38.8,41.41,38.8,41.24,53426315.0,2256307573.0,1454130925.0,0.0367410623634182
2023-01-10,40.98,41.33,40.07,41.1,35484921.0,1509978123.0,1454130925.0,0.024402837729346826
2023-01-11,40.81,40.97,39.93,39.94,24778105.0,1048653574.0,1454130925.0,0.017039803345080498
2023-01-12,40.35,41.59,40.22,41.38,31545457.0,1355573082.0,1454130925.0,0.02169368415020814
2023-01-13,41.56,42.01,40.97,41.14,26160603.0,1129446037.0,1454130925.0,0.01799054167010443
2023-01-16,41.16,42.04,40.71,41.39,23546379.0,1021489280.0,1454130925.0,0.016192750319232774
2023-01-17,41.48,42.21,41.41,41.92,16816882.0,736543052.0,1454130925.0,0.011564902245648892
2023-01-18,42.06,42.23,41.57,41.71,12140246.0,531306651.0,1454130925.0,0.00834879844124077
2023-01-19,41.63,42.9,41.3,42.56,18564876.0,821102247.0,1454130925.0,0.012766990702711312
2023-01-20,42.82,42.97,42.34,42.63,14974266.0,667965932.0,1454130925.0,0.010297742619014859
2023-01-30,44.34,45.86,43.96,44.34,34174341.0,1600818943.0,1454130925.0,0.023501557124232124
2023-01-31,44.59,44.72,43.76,44.07,16907242.0,783258515.0,1454130925.0,0.011627042454928878
2023-02-01,44.76,46.5,44.66,46.29,32141109.0,1539276934.0,1454130925.0,0.022103311639562303
2023-02-02,46.34,47.77,45.48,45.68,24884973.0,1210686579.0,1454130925.0,0.017113296039694637
2023-02-03,45.66,46.32,44.72,45.57,19298395.0,917022114.0,1454130925.0,0.013271428774544493
2023-02-06,45.24,45.44,43.85,44.24,17564620.0,815507948.0,1454130925.0,0.01207911866670465
2023-02-07,44.35,44.69,43.86,44.52,10834429.0,502459625.0,1454130925.0,0.007450793332106598
2023-02-08,44.52,44.8,44.23,44.39,9137903.0,425747291.0,1454130925.0,0.006284099212043097
2023-02-09,44.31,44.9,43.79,44.78,10018332.0,467568445.0,1454130925.0,0.0068895667011551935
2023-02-10,44.87,45.09,43.93,44.38,10727019.0,498621939.0,1454130925.0,0.007376927906268137
2023-02-13,44.14,45.0,43.97,44.17,10954505.0,509287368.0,1454130925.0,0.007533369115301636
2023-02-14,44.38,44.81,43.61,43.97,9320428.0,429334601.0,1454130925.0,0.0064096209218575005
2023-02-15,44.2,46.0,44.15,45.65,25137413.0,1187233234.0,1454130925.0,0.017286898014358645
2023-02-16,45.86,45.86,43.77,44.14,20055417.0,941582063.0,1454130925.0,0.013792029765132737
2023-02-17,44.14,44.42,43.04,43.07,16847893.0,770155848.0,1454130925.0,0.011586228385865599
2023-02-20,43.11,43.64,42.51,43.53,14881184.0,669631559.0,1454130925.0,0.010233730501261432
2023-02-21,43.39,43.66,43.07,43.37,7900845.0,358589018.0,1454130925.0,0.005433379391198904
2023-02-22,43.06,43.51,42.6,42.85,8812087.0,396125730.0,1454130925.0,0.006060036856722513
2023-02-23,42.75,42.94,42.18,42.47,11207745.0,498295865.0,1454130925.0,0.007707521246754312
2023-02-24,42.48,42.51,41.75,41.93,10460449.0,459644771.0,1454130925.0,0.0071936087873242915
2023-02-27,41.75,41.93,41.19,41.38,8703613.0,378143515.0,1454130925.0,0.005985439722355124
2023-02-28,41.51,41.89,41.08,41.56,9591719.0,415772034.0,1454130925.0,0.00659618665355047
2023-03-01,41.47,41.9,41.18,41.88,9262422.0,402710742.0,1454130925.0,0.006369730428503197
2023-03-02,41.81,42.14,41.37,41.69,12826929.0,560708260.0,1454130925.0,0.008821027583881418
2023-03-03,41.7,42.09,40.82,41.08,10104620.0,436905037.0,1454130925.0,0.0069489066123808625
2023-03-06,40.98,41.16,40.02,41.06,14890701.0,632760050.0,1454130925.0,0.010240275303958617
2023-03-07,41.08,41.5,40.39,40.46,9526173.0,408387059.0,1454130925.0,0.006551110932462976
2023-03-08,40.44,40.77,39.89,40.1,7575366.0,318180641.0,1454130925.0,0.005209548789425546
2023-03-09,40.14,40.39,39.89,40.13,9871161.0,414082660.0,1454130925.0,0.006788357795223975
2023-03-10,39.89,40.36,39.19,39.61,10182473.0,422340172.0,1454130925.0,0.007002445807966019
2023-03-13,39.52,39.76,38.69,39.02,10669093.0,436626379.0,1454130925.0,0.0073370924285927
2023-03-14,39.03,39.52,38.31,39.12,12800873.0,522272387.0,1454130925.0,0.008803108977274519
2023-03-15,39.32,39.46,38.64,38.64,10954626.0,446839553.0,1454130925.0,0.007533452326515922
2023-03-16,38.26,38.68,37.09,37.14,18170169.0,715557938.0,1454130925.0,0.012495552283230618
2023-03-17,37.5,37.62,36.83,37.02,13293675.0,516783840.0,1454130925.0,0.009142006934485627
2023-03-20,36.94,37.28,36.11,36.84,12684699.0,487291149.0,1454130925.0,0.008723216583816206
2023-03-21,36.78,37.54,36.77,37.48,11812451.0,459903203.0,1454130925.0,0.00812337513556422
2023-03-22,37.64,37.91,37.17,37.47,11255953.0,442341541.0,1454130925.0,0.007740673694839411
2023-03-23,37.17,37.89,37.16,37.77,8664406.0,341108115.0,1454130925.0,0.005958477225838519
2023-03-24,37.83,38.01,37.28,37.5,14079399.0,553131533.0,1454130925.0,0.009682346175259288
2023-03-27,37.5,38.3,37.41,37.9,17233060.0,683942556.0,1454130925.0,0.011851106185641435
2023-03-28,38.11,38.11,37.32,37.35,9290791.0,365623827.0,1454130925.0,0.00638923967592533
2023-03-29,37.32,38.06,37.32,37.53,9141929.0,360783157.0,1454130925.0,0.006286867876082066
2023-03-30,37.5,37.9,37.32,37.72,7383752.0,290689659.0,1454130925.0,0.005077776610795895
2023-03-31,37.93,39.13,37.88,38.67,18067143.0,730682020.0,1454130925.0,0.012424701716594055
2023-04-03,38.58,38.63,38.02,38.26,14029186.0,561901964.0,1454130925.0,0.009647814896722591
2023-04-04,38.21,38.25,36.61,37.04,18541773.0,720238206.0,1454130925.0,0.012751102862350582
2023-04-06,36.82,36.95,36.33,36.93,11956428.0,458129991.0,1454130925.0,0.008222387540516683
2023-04-07,36.73,37.35,36.7,37.08,9639790.0,374109032.0,1454130925.0,0.00662924488728551
2023-04-10,37.3,37.66,36.84,37.65,13174445.0,515269116.0,1454130925.0,0.009060012942094605
2023-04-11,37.5,38.12,36.98,37.04,12569953.0,491567050.0,1454130925.0,0.008644306220225665
2023-04-12,37.03,37.04,35.63,35.88,21271054.0,803655464.0,1454130925.0,0.014628018450264374
2023-04-13,35.95,36.28,35.74,35.99,11992984.0,451655473.0,1454130925.0,0.008247526954974842
2023-04-14,36.23,37.96,35.87,37.15,21830460.0,847622871.0,1454130925.0,0.01501271971091599
2023-04-17,37.24,37.66,37.1,37.33,11556500.0,451876154.0,1454130925.0,0.007947358660293948
2023-04-18,37.35,38.19,37.32,37.51,14137787.0,558751133.0,1454130925.0,0.00972249936848018
2023-04-19,37.51,37.6,36.66,36.78,12856302.0,497353475.0,1454130925.0,0.008841227278073328
2023-04-20,36.69,36.8,35.44,35.72,13766272.0,517233718.0,1454130925.0,0.009467009994302954
2023-04-21,35.9,36.48,34.58,34.61,13740007.0,509806897.0,1454130925.0,0.009448947659235016
2023-04-24,34.15,34.92,34.0,34.32,8692581.0,312405076.0,1454130925.0,0.0059778530602394
2023-04-25,34.32,34.48,32.64,32.94,16575885.0,574044780.0,1454130925.0,0.011399169576150786
2023-04-26,33.63,35.7,33.29,34.87,25235726.0,918412852.0,1454130925.0,0.01735450746981397
2023-04-27,34.92,36.19,34.92,36.1,19506292.0,730477342.0,1454130925.0,0.013414398706911483
2023-04-28,36.13,36.7,35.78,36.54,18296005.0,695508702.0,1454130925.0,0.01258208919530406
2023-05-04,36.55,37.14,35.7,36.01,13256997.0,503835207.0,1454130925.0,0.009116783621117197
2023-05-05,36.16,36.16,35.03,35.46,11020578.0,409403379.0,1454130925.0,0.0075788072521736655
2023-05-08,35.5,35.88,35.11,35.68,7159013.0,266330744.0,1454130925.0,0.004923224502635483
2023-05-09,35.41,35.76,34.97,34.98,6922216.0,255805866.0,1454130925.0,0.004760380156277881
2023-05-10,34.99,36.24,34.8,35.55,12937896.0,481738005.0,1454130925.0,0.00889733914434149
2023-05-11,35.5,36.63,35.28,35.92,10459716.0,394488764.0,1454130925.0,0.007193104706166675
2023-05-12,35.9,36.53,34.97,35.02,9280869.0,343792462.0,1454130925.0,0.006382416356353882
2023-05-15,35.16,37.21,35.07,36.14,16303509.0,617933093.0,1454130925.0,0.011211857694313185
2023-05-16,36.14,36.74,35.85,36.03,10214237.0,386874592.0,1454130925.0,0.00702428978326006
2023-05-17,35.92,36.18,35.23,35.44,12431417.0,462199051.0,1454130925.0,0.008549035569132127
2023-05-18,35.6,35.73,34.37,34.7,13263276.0,482807906.0,1454130925.0,0.00912110166421225
2023-05-19,34.8,35.04,34.4,34.64,6333208.0,229864562.0,1454130925.0,0.004355321719053599
2023-05-22,34.58,34.95,34.29,34.68,6029906.0,218676735.0,1454130925.0,0.004146742151158088
2023-05-23,34.68,35.01,34.39,34.47,8216372.0,297707941.0,1454130925.0,0.0056503660425212395
2023-05-24,34.41,35.45,34.09,34.75,10009559.0,364661766.0,1454130925.0,0.006883533544271469
2023-05-25,34.63,35.35,34.25,34.91,8809243.0,321214136.0,1454130925.0,0.0060580810493388
2023-05-26,35.15,35.15,33.72,33.98,10107317.0,360467731.0,1454130925.0,0.006950761328454657
2023-05-29,34.01,34.14,33.15,33.34,11723469.0,410291093.0,1454130925.0,0.008062182571352714
2023-05-30,33.34,33.53,32.3,32.79,12894089.0,441442961.0,1454130925.0,0.008867213246290048
2023-05-31,32.79,32.82,31.85,32.15,13243293.0,445396253.0,1454130925.0,0.009107359435327325
2023-06-01,32.19,32.63,31.65,32.0,10961251.0,369652289.0,1454130925.0,0.007538008312422074
2023-06-02,32.0,32.67,31.91,32.42,11183370.0,379773323.0,1454130925.0,0.0076907586570996
2023-06-05,32.79,32.94,31.6,31.61,14104918.0,471377070.0,1454130925.0,0.009699895489121793
2023-06-06,31.37,31.48,30.67,30.67,12657356.0,410904191.0,1454130925.0,0.00870441291247554
2023-06-07,30.68,30.91,29.85,30.0,19064457.0,601401626.0,1454130925.0,0.013110550551010392
2023-06-08,29.95,30.21,29.39,29.46,15654375.0,487599928.0,1454130925.0,0.010765450848244632
2023-06-09,29.44,29.62,28.69,29.19,20433592.0,621561111.0,1454107789.0,0.014052322774539515
2023-06-12,28.99,29.43,28.63,29.2,15499389.0,471497475.0,1454107789.0,0.010659037189161223
2023-06-13,29.59,29.72,28.86,29.28,16753964.0,512980309.0,1454107789.0,0.01152181710787879
2023-06-14,29.35,29.43,28.57,28.61,24922440.0,752125527.0,1454107789.0,0.017139334641168062
2023-06-15,28.8,33.01,28.66,32.45,57360612.0,1869825982.0,1454107789.0,0.03944729024486368
2023-06-16,32.45,32.98,32.0,32.82,34120239.0,1165474156.0,1454107789.0,0.023464724732314875
2023-06-19,32.74,33.13,32.3,32.63,20598620.0,703776745.0,1454107789.0,0.014165813673390619
2023-06-20,32.76,33.14,32.13,32.66,17749823.0,606254432.0,1454107789.0,0.012206676241110485
2023-06-21,32.66,33.72,32.46,32.5,23443396.0,809321852.0,1454107789.0,0.016122185836114793
2023-06-26,31.87,33.81,31.73,33.16,31915301.0,1101758068.0,1454107789.0,0.021948373594744563
2023-06-27,32.99,33.37,32.6,32.83,16819023.0,570313581.0,1454107789.0,0.01156655863288275
2023-06-28,33.03,35.11,33.03,34.79,41575573.0,1467120657.0,1454107789.0,0.028591809571828105
2023-06-29,35.25,35.79,34.57,34.71,30814893.0,1115582115.0,1454107789.0,0.021191615389937232
2023-06-30,34.99,35.75,34.47,35.1,24689930.0,893737327.0,1451925154.0,0.017004960573883687
2023-07-03,34.93,35.79,34.86,35.01,21816893.0,791509511.0,1451925154.0,0.015026182954331543
2023-07-04,34.93,35.45,34.72,35.14,15447143.0,558223025.0,1451925154.0,0.010639076647610721
2023-07-05,34.94,35.41,34.55,34.67,18414929.0,662929038.0,1451925154.0,0.012683111763211453
2023-07-06,34.48,34.8,34.2,34.32,18550526.0,658110645.0,1451925154.0,0.012776502940867157
2023-07-07,34.21,34.56,33.86,33.92,13689537.0,482861255.0,1451925154.0,0.009428541796583544
2023-07-10,34.01,35.13,33.97,34.21,18323824.0,652562895.0,1451925154.0,0.0126203640384069
2023-07-11,34.21,34.97,33.96,34.93,14505774.0,517212884.0,1451925154.0,0.009990717469173346
2023-07-12,35.22,36.22,34.81,35.42,25382031.0,928985395.0,1451925154.0,0.017481638726399528
2023-07-13,35.42,36.07,35.07,35.41,17625180.0,644331439.0,1451925154.0,0.012139179455251727
2023-07-14,35.22,35.36,34.48,34.91,18977681.0,681144424.0,1451925154.0,0.013070701990193634
2023-07-17,34.55,34.69,33.06,33.48,24925731.0,862083231.0,1451925154.0,0.017167366328305927
2023-07-18,33.77,33.82,33.26,33.38,11799142.0,407303738.0,1451925154.0,0.008126549751888932
2023-07-19,33.34,33.48,33.06,33.3,8761848.0,300260828.0,1451925154.0,0.0060346416451711946
2023-07-20,33.27,33.6,32.89,32.89,8770181.0,300387657.0,1451925154.0,0.006040380921728972
2023-07-21,32.7,32.88,32.26,32.55,8789105.0,294833265.0,1451925154.0,0.006053414651427686
2023-07-24,32.51,32.55,31.91,32.01,8509633.0,281897071.0,1451925154.0,0.005860930900299011
2023-07-25,32.38,33.09,32.38,32.92,9410151.0,318306084.0,1451925154.0,0.00648115433090706
2023-07-26,32.9,33.06,32.43,32.48,7966880.0,268015754.0,1451925154.0,0.005487114799307348
2023-07-27,32.49,33.1,32.22,32.31,8371820.0,281774047.0,1451925154.0,0.005766013473171083
2023-07-28,32.12,32.64,31.81,32.47,11981286.0,398293278.0,1451925154.0,0.008251999744609426
2023-07-31,32.41,33.0,32.05,32.17,17904732.0,599120783.0,1451925154.0,0.012331718305639328
2023-08-01,32.17,32.17,31.22,31.34,20593488.0,669042019.0,1451925154.0,0.014183574093516945
2023-08-02,31.26,31.9,31.2,31.34,10002462.0,324329451.0,1451925154.0,0.006889103045321302
2023-08-03,31.31,32.05,31.21,31.91,12713838.0,416272467.0,1451925154.0,0.00875653814865997
2023-08-04,32.0,32.51,31.67,32.24,11989781.0,397005973.0,1451925154.0,0.008257850597166525
2023-08-07,32.17,32.37,32.02,32.24,7352078.0,243810807.0,1451925154.0,0.005063675616987073
2023-08-08,32.24,32.31,31.61,31.7,8794209.0,288271110.0,1451925154.0,0.006056929984147103
2023-08-09,31.59,31.83,31.48,31.59,6318608.0,206077477.0,1451925154.0,0.004351882727971527
2023-08-10,31.59,32.09,31.44,31.73,7792666.0,254523093.0,1451925154.0,0.0053671265206277985
2023-08-11,31.54,31.73,30.66,30.68,13243992.0,423490586.0,1451925154.0,0.009121676805111677
2023-08-14,30.39,30.62,29.87,30.28,10704875.0,332859366.0,1451925154.0,0.00737288349231258
2023-08-15,30.22,30.51,29.76,30.0,7290520.0,225921823.0,1451925154.0,0.00502127811472574
2023-08-16,30.01,30.35,29.64,29.76,7186539.0,221815650.0,1451925154.0,0.004949662164197205
2023-08-17,29.76,29.97,29.31,29.8,8414665.0,257621277.0,1451925154.0,0.005795522570029116
2023-08-18,29.74,30.36,29.62,29.64,8164657.0,252233665.0,1451925154.0,0.005623331875962526
2023-08-21,29.6,29.68,29.14,29.14,7531158.0,228110417.0,1451925154.0,0.005187015308090737
2023-08-22,29.38,29.62,28.36,28.9,14567462.0,432213083.0,1451925154.0,0.010033204507730431
2023-08-23,28.87,28.87,27.89,27.91,11477750.0,334142745.0,1451925154.0,0.007905193989083546
2023-08-24,28.07,28.72,27.78,28.43,12603930.0,367799441.0,1451925154.0,0.008680840031785826
2023-08-25,28.14,28.63,27.78,27.95,11199315.0,323393887.0,1451925154.0,0.007713424462098685
2023-08-28,29.94,30.28,28.36,28.43,22556882.0,684191047.0,1451925154.0,0.015535843523239903
2023-08-29,28.57,29.54,28.35,29.23,17183351.0,514488221.0,1451925154.0,0.011834873824356927
2023-08-30,29.19,29.78,28.88,29.06,15363107.0,463386298.0,1451925154.0,0.01058119763107293
2023-08-31,29.01,29.06,28.53,28.64,11054773.0,326926988.0,1451925154.0,0.007613872498554426
2023-09-01,28.87,28.94,28.53,28.65,5689134.0,168117172.0,1451925154.0,0.003918338341564403
2023-09-04,28.8,28.92,28.24,28.8,12617816.0,372580201.0,1451925154.0,0.008690403885653737
2023-09-05,28.66,29.1,28.48,28.77,13688390.0,405836197.0,1451925154.0,0.009427751810958708
2023-09-06,28.97,29.06,28.06,28.43,15853096.0,463916604.0,1451925154.0,0.010918673015840595
2023-09-07,28.33,28.39,27.31,27.35,20590584.0,586797258.0,1451925154.0,0.014181573990417966
2023-09-08,27.27,27.41,26.95,27.07,10596973.0,295901196.0,1451925154.0,0.007298566989355982
2023-09-11,27.23,28.04,26.89,27.71,16039356.0,455184351.0,1451925154.0,0.01104695786543278
2023-09-12,27.61,28.3,27.51,28.09,12800163.0,369172057.0,1451925154.0,0.00881599369274375
2023-09-13,27.93,28.05,27.31,27.49,9844897.0,279902398.0,1451925154.0,0.006780581611164786
2023-09-14,27.31,27.41,26.98,27.15,7951925.0,222598649.0,1451925154.0,0.005476814681592051
2023-09-15,27.07,27.2,26.04,26.26,27167102.0,737642384.0,1451925154.0,0.0187110898417564
2023-09-18,26.28,27.44,26.18,26.81,19375347.0,537310991.0,1451925154.0,0.013344590763939613
2023-09-19,26.83,26.95,26.19,26.33,11797431.0,320358774.0,1451925154.0,0.008125371316488673
2023-09-20,26.25,26.42,25.84,25.85,10586821.0,283992923.0,1451925154.0,0.007291574893398396
2023-09-21,25.79,26.07,25.53,25.71,12454000.0,330936728.0,1451925154.0,0.008577577133152967
2023-09-22,25.63,26.41,25.58,26.35,14594650.0,392254510.0,1451925154.0,0.0100519299908761
2023-09-25,26.25,26.45,25.86,26.31,8998482.0,242281817.0,1451925154.0,0.006197621120626993
2023-09-26,26.27,26.43,26.01,26.08,8037371.0,216596345.0,1451925154.0,0.005535664822568395
2023-09-27,26.01,26.95,26.01,26.49,16637865.0,455390737.0,1451925154.0,0.011459175394932238
2023-09-28,26.58,26.78,26.26,26.41,10861710.0,295950038.0,1451925154.0,0.007480902145731405
2023-10-09,26.4,26.57,25.89,26.28,12118522.0,328496566.0,1451922153.9999998,0.00834653701413251
2023-10-10,26.39,26.62,26.02,26.04,12815366.0,346265303.0,1451922153.9999998,0.008826482855636626
2023-10-11,26.15,26.66,26.08,26.13,14546603.0,395052507.0,1451922153.9999998,0.010018858765894968
2023-10-12,26.39,27.23,26.28,26.93,27472619.0,757897725.0,1451922153.9999998,0.018921550941497656
2023-10-13,26.67,26.68,25.68,25.99,26139907.0,701205271.0,1451922153.9999998,0.018003656000416677
2023-10-16,25.96,26.11,25.23,25.39,15580878.0,409385033.0,1451922153.9999998,0.01073120756307435
2023-10-17,25.52,25.84,25.31,25.42,15435344.0,406225541.0,1451922153.9999998,0.010630972161610809
2023-10-18,25.29,25.38,24.9,25.08,12579293.0,325236448.0,1451922153.9999998,0.008663889427779887
2023-10-19,24.75,25.12,24.71,24.84,12142509.0,311805342.0,1451922153.9999998,0.008363057872316206
2023-10-20,24.7,25.29,24.7,24.79,16247363.0,418006712.0,1451922153.9999998,0.011190243881353437
2023-10-23,24.71,24.73,24.05,24.22,12214311.0,306414166.0,1451922153.9999998,0.008412510936863907
2023-10-24,24.94,26.55,24.94,25.42,46203781.0,1227876190.0,1451922153.9999998,0.03182249191026533
2023-10-25,25.71,25.96,24.41,24.41,42953715.0,1100995391.0,1451922153.9999998,0.0295840344343971
2023-10-26,24.02,24.82,23.69,24.78,29475737.0,733993664.0,1451922153.9999998,0.02030118275886574
2023-10-27,24.58,26.39,24.44,26.24,44933500.0,1193001079.0,1451922153.9999998,0.0309475958309539
2023-10-30,26.54,27.22,26.44,26.96,36825011.0,1018002715.0,1451922153.9999998,0.025362937605537775
2023-10-31,26.71,27.16,26.53,27.16,23178585.0,640107716.0,1451922153.9999998,0.015964068690696488
2023-11-01,27.08,27.08,26.53,26.76,20071068.0,553506557.0,1451922153.9999998,0.013823790720945224
2023-11-02,26.75,26.94,26.3,26.35,15358992.0,420966114.0,1451922153.9999998,0.010578385320236668
2023-11-03,26.48,26.69,26.31,26.46,17881047.0,488599866.0,1451922153.9999998,0.012315430927710746
2023-11-06,26.61,27.24,26.61,27.07,24867978.0,692418285.0,1451922153.9999998,0.017127624874026134
2023-11-07,26.99,27.02,26.69,26.95,17456710.0,483118313.0,1451922153.9999998,0.012023172145908315
2023-11-08,26.94,27.5,26.73,27.14,23923624.0,669899611.0,1451922153.9999998,0.01647720846058528
2023-11-09,26.93,27.46,26.88,27.15,22167557.0,621651185.0,1451922153.9999998,0.015267731082502654
2023-11-10,26.96,26.96,26.59,26.64,14640194.0,402993268.0,1451922153.9999998,0.010083318833359438
2023-11-13,26.78,26.97,26.54,26.68,10605537.0,291774178.0,1451922153.9999998,0.007304480457703658
2023-11-14,26.73,26.82,26.42,26.54,13265837.0,363319783.0,1451922153.9999998,0.009136741225039536
2023-11-15,27.03,27.49,26.96,27.18,27633829.0,775361302.0,1451922153.9999998,0.019032583065055984
2023-11-16,27.07,27.07,26.4,26.4,19210002.0,526568265.0,1451922153.9999998,0.013230738264497893
2023-11-17,26.26,26.78,26.16,26.61,13549825.0,370369873.0,1451922153.9999998,0.009332335733476247
2023-11-20,26.65,27.95,26.56,27.63,29822867.0,839645639.0,1451922153.9999998,0.02054026582474752
2023-11-21,27.55,27.83,27.15,27.25,20531618.0,582036668.0,1451922153.9999998,0.014140990922575319
2023-11-22,27.15,27.31,26.73,26.73,13978379.0,388767264.0,1451922153.9999998,0.009627498940965951
2023-11-23,26.84,26.89,26.42,26.73,13038673.0,357801708.0,1451922153.9999998,0.008980283801083183
2023-11-24,26.69,26.69,25.96,26.01,19550402.0,527457371.0,1451922153.9999998,0.013465186095645182
2023-11-27,25.83,25.83,25.39,25.52,11552643.0,304448578.0,1451922153.9999998,0.00795679228956789
2023-11-28,25.52,26.06,25.43,26.06,11362845.0,302142405.0,1451922153.9999998,0.007826070405149285
2023-11-29,26.08,26.2,25.58,25.62,11213778.0,297424057.0,1451922153.9999998,0.0077234016776356745
2023-11-30,25.58,25.77,25.24,25.38,9907595.0,260362168.0,1451922153.9999998,0.006823778377308238
2023-12-01,25.61,25.61,24.98,25.14,14682548.0,380884085.0,1451922153.9999998,0.010112489818789556
2023-12-04,25.04,25.13,24.73,24.73,11866931.0,304253955.0,1451922153.9999998,0.00817325568544221
2023-12-05,24.62,25.06,24.33,24.36,14403902.0,366625678.0,1451922153.9999998,0.009920574570969735
2023-12-06,24.28,25.5,24.28,24.76,21265959.0,548253851.0,1451922153.9999998,0.014646762528840099
2023-12-07,24.84,24.91,24.31,24.36,13913609.0,350620992.0,1451922153.9999998,0.009582889111284958
2023-12-08,24.52,24.62,23.99,24.02,15747033.0,392521164.0,1451922153.9999998,0.010845645516612183
2023-12-11,23.83,24.26,23.46,24.19,15753380.0,385890155.0,1451922153.9999998,0.010850016963099526
2023-12-12,24.19,24.25,23.92,24.04,8581366.0,212809496.0,1451922153.9999998,0.005910348551648315
2023-12-13,24.0,24.0,23.32,23.32,12609065.0,305807739.0,1451922153.9999998,0.0086843946593572
2023-12-14,23.66,23.97,23.37,23.41,13278197.0,322818237.0,1451922153.9999998,0.009145254078132898
2023-12-15,23.58,23.9,23.42,23.58,17410593.0,424744779.0,1451922153.9999998,0.011991409423731407
2023-12-18,23.51,23.68,22.73,22.79,18348279.0,436484335.0,1451922153.9999998,0.012637233304451668
2023-12-19,22.78,23.29,22.6,23.12,13929225.0,330182669.0,1451922153.9999998,0.009593644508850164
2023-12-20,23.18,23.2,22.67,22.73,10703466.0,252482237.0,1451922153.9999998,0.0073719282886567225
2023-12-21,22.73,23.48,22.55,23.22,24806057.0,589241285.0,1451922153.9999998,0.017084977270758004
2023-12-22,23.17,23.9,22.73,23.47,24048922.0,578140332.0,1451922153.9999998,0.016563506475706
2023-12-25,23.42,23.75,23.36,23.66,11580881.0,281592808.0,1451922153.9999998,0.007976240990672288
2023-12-26,23.63,23.74,23.19,23.35,11113520.0,267530403.0,1451922153.9999998,0.007654349766192769
2023-12-27,23.45,23.48,23.09,23.21,12652791.0,302964425.0,1451922153.9999998,0.008714510599030369
2023-12-28,23.21,25.11,23.08,24.77,44019464.0,1110316521.0,1451922153.9999998,0.03031806070230953
2023-12-29,24.84,25.01,24.6,24.84,21306453.0,544050347.0,1451922153.9999998,0.014674652453853255
2024-01-02,25.04,25.07,24.17,24.19,18528021.0,466378170.0,1449248290.0,0.012784573304550871
2024-01-03,24.22,24.4,23.87,24.15,12904491.0,320375975.0,1449248290.0,0.00890426512078203
2024-01-04,24.14,24.14,23.65,23.82,13631256.0,334969926.0,1449248290.0,0.009405742338326306
2024-01-05,23.83,24.51,23.38,23.51,19938375.0,491940345.0,1449248290.0,0.013757735743127908
2024-01-08,23.29,23.86,23.0,23.0,16416633.0,394923124.0,1449248290.0,0.011327688370085985
2024-01-09,23.0,23.76,22.55,23.13,21871092.0,520580145.0,1449248290.0,0.015091335384635852
2024-01-10,22.93,23.85,22.63,23.35,24423254.0,586950710.0,1449248290.0,0.01685236006040069
2024-01-11,23.19,24.33,23.08,24.09,28613751.0,699176903.0,1449248290.0,0.019743857003274436
2024-01-12,24.06,24.48,23.8,23.83,22362630.0,555052261.0,1449248290.0,0.015430502940251873
2024-01-15,23.69,23.77,23.14,23.33,15834446.0,382266633.0,1449248290.0,0.0109259718360613
2024-01-16,23.29,23.83,22.92,23.44,21308885.0,512307165.0,1449248290.0,0.014703405308140816
2024-01-17,23.31,23.31,22.35,22.36,23524548.0,553064501.0,1449248290.0,0.016232241336644946
2024-01-18,22.15,22.92,22.02,22.84,25550767.0,590084115.0,1449248290.0,0.017630358563334926
2024-01-19,22.63,23.37,22.57,22.76,21827913.0,516530889.0,1449248290.0,0.015061541318085668
2024-01-22,22.6,22.66,21.67,21.75,23437705.0,535138691.0,1449248290.0,0.016172318547293233
2024-01-23,21.69,22.3,21.42,21.81,20838885.0,469715810.0,1449248290.0,0.014379099250136083
2024-01-24,21.91,21.96,20.89,21.76,23441958.0,517773029.0,1449248290.0,0.016175253172111728
2024-01-25,21.59,22.46,21.25,22.44,26081163.0,591386018.0,1449248290.0,0.017996338639806157
2024-01-26,22.17,22.4,21.64,21.64,28452251.0,643744001.0,1449248290.0,0.019632419921640894
2024-01-29,21.56,21.85,20.55,20.57,23787302.0,516330600.0,1449248290.0,0.016413544983378936
2024-01-30,20.28,20.51,19.32,19.38,37772706.0,771765953.0,1449248290.0,0.026063654006450474
2024-01-31,19.41,20.32,19.21,19.27,37874085.0,766337082.0,1449248290.0,0.026133606823162098
2024-02-01,18.94,19.62,18.83,19.38,24578285.0,487736534.0,1449248290.0,0.01695933344865289
2024-02-02,19.24,19.49,17.86,18.61,27120550.0,523638578.0,1449248290.0,0.018713529066851618
2024-02-05,18.43,18.81,17.2,18.19,32489324.0,605791470.0,1449248290.0,0.022418052326975663
2024-02-06,18.04,19.32,18.02,19.18,28082205.0,543866305.0,1449248290.0,0.01937708341198043
2024-02-07,19.19,19.79,18.95,19.44,32813446.0,657164986.0,1449248290.0,0.02264170068470462
2024-02-08,19.65,20.32,19.41,20.25,31597697.0,651108279.0,1449248290.0,0.021802818204463777
2024-02-19,20.57,20.65,20.16,20.29,25566094.0,536065272.0,1449248290.0,0.017640934390890328
2024-02-20,20.18,20.3,19.86,20.23,17241780.0,356765357.0,1449248290.0,0.011897050435712434
2024-02-21,20.09,21.14,19.97,20.52,25011245.0,531038632.0,1449248290.0,0.01725808142923529
2024-02-22,20.39,20.79,20.38,20.72,17386078.0,369356000.0,1449248290.0,0.011996617915623002
2024-02-23,20.82,21.01,20.55,20.96,25307970.0,542759095.0,1449248290.0,0.01746282550383413
2024-02-26,21.41,21.99,21.13,21.64,36293308.0,806556498.0,1449248290.0,0.025042850317939656
2024-02-27,21.41,21.94,21.26,21.93,26100854.0,579759198.0,1449248290.0,0.01800992568361078
2024-02-28,21.93,22.67,21.2,21.2,39150360.0,888208117.0,1449248290.0,0.027014253023545053
2024-02-29,21.06,22.1,21.04,22.03,31593050.0,704059840.0,1449248290.0,0.021799611714566867
2024-03-01,22.22,22.5,21.98,22.27,27632614.0,633217579.0,1449248290.0,0.019066859827034884
2024-03-04,22.32,22.5,21.78,21.99,26855202.0,609326191.0,1449248290.0,0.018530435526682595
2024-03-05,21.72,21.78,21.47,21.59,19941439.0,444251524.0,1449248290.0,0.013759849942620942
2024-03-06,21.45,22.18,21.33,21.81,21201030.0,475143348.0,1449248290.0,0.014628983967957624
2024-03-07,21.78,22.01,21.19,21.19,22155438.0,491945421.0,1449248290.0,0.015287537789677157
2024-03-08,21.18,21.61,21.1,21.38,16117517.0,354720077.0,1449248290.0,0.011121294474668657
2024-03-11,21.74,23.32,21.67,23.1,61369000.0,1431483648.0,1449248290.0,0.04234540100785629
2024-03-12,23.29,23.3,22.69,22.84,40997279.0,966833024.0,1449248290.0,0.028288650939170677
2024-03-13,22.87,23.03,22.52,22.64,25323615.0,591986143.0,1449248290.0,0.01747362075548835
2024-03-14,22.61,22.99,22.1,22.32,27898432.0,647629904.0,1449248290.0,0.019250277673261908
2024-03-15,22.28,22.39,21.88,22.29,19568248.0,445957628.0,1449248290.0,0.013502343342423402
2024-03-18,22.59,25.85,22.29,24.97,79362782.0,1977156462.0,1449248290.0,0.05476134251640207
2024-03-19,25.22,25.35,24.16,24.42,58965868.0,1496890347.0,1449248290.0,0.04068720895299452
2024-03-20,24.26,24.65,24.05,24.2,31805483.0,795042810.0,1449248290.0,0.021946193222694782
2024-03-21,24.16,24.49,24.05,24.26,34561747.0,863695848.0,1449248290.0,0.023848050909206178
2024-03-22,24.26,24.34,23.53,23.62,32082047.0,787756037.0,1449248290.0,0.022137025947430996
2024-03-25,23.48,23.65,22.92,22.94,28993329.0,693607181.0,1449248290.0,0.020005770715796393
2024-03-26,22.87,24.25,22.87,24.05,46985569.0,1144663297.0,1449248290.0,0.03242064822446677
2024-03-27,23.75,23.86,22.8,22.8,30035023.0,722425870.0,1449248290.0,0.020724553002577632
2024-03-28,22.72,23.45,22.71,23.09,27885803.0,665033865.0,1449248290.0,0.019241563500482034
2024-03-29,23.04,23.69,22.96,23.45,24478770.0,590009118.0,1449248290.0,0.016890666815967056
2024-04-01,23.56,24.3,23.48,24.22,37438957.0,926961496.0,1449251289.9999998,0.02583330941868612
2024-04-02,24.24,24.73,23.77,24.21,38714185.0,964571787.0,1449251289.9999998,0.026713231354101474
2024-04-03,24.22,25.0,24.1,24.31,40354547.0,1020090932.0,1449251289.9999998,0.027845099934325403
2024-04-08,24.1,24.58,23.37,23.41,32030884.0,787569774.0,1449251289.9999998,0.022101677066645915
2024-04-09,23.3,24.37,23.24,24.35,38785314.0,957226631.0,1449251289.9999998,0.02676231117931246
2024-04-10,24.65,24.73,23.73,23.96,29099810.0,721864527.0,1449251289.9999998,0.020079202413544172
2024-04-11,23.68,24.31,23.22,23.92,31003884.0,760477868.0,1449251289.9999998,0.02139303529617697
2024-04-12,23.74,23.86,22.54,22.55,37755918.0,895378631.0,1449251289.9999998,0.02605201614138291
2024-04-15,22.54,23.39,22.32,22.71,29294165.0,690495544.0,1449251289.9999998,0.02021330959105098
2024-04-16,22.53,22.55,21.36,21.45,36876858.0,831673289.0,1449251289.9999998,0.02544545466645747
2024-04-17,21.78,22.35,21.78,22.27,25886106.0,590473531.0,1449251289.9999998,0.01786170982121396
2024-04-18,22.17,23.0,22.0,22.46,30186619.0,704649376.0,1449251289.9999998,0.02082911307948534
2024-04-19,22.25,22.43,21.99,22.11,20400696.0,465741346.0,1449251289.9999998,0.014076714052812748
2024-04-22,22.17,22.52,21.78,22.13,17539082.0,400883068.0,1449251289.9999998,0.012102167595793552
2024-04-23,22.08,22.37,21.69,21.78,16922210.0,382372619.0,1449251289.9999998,0.011676518845810379
2024-04-24,21.93,22.26,21.25,22.22,19508829.0,438775250.0,1449251289.9999998,0.013461315601106005
2024-04-25,20.75,21.0,19.94,20.8,56125284.0,1187860004.0,1449251289.9999998,0.03872708921307913
2024-04-26,20.47,21.33,20.39,21.15,34349176.0,738174897.0,1449251289.9999998,0.023701325116640058
2024-04-29,20.99,22.28,20.99,22.08,37872775.0,853322682.0,1449251289.9999998,0.026132648810683484
2024-04-30,22.09,22.1,21.62,21.64,21216601.0,476109718.0,1449251289.9999998,0.014639697853917387
2024-05-06,22.07,22.25,21.68,21.82,24616112.0,556784523.0,1449251289.9999998,0.016985399405785594
2024-05-07,21.81,21.89,21.59,21.85,17146565.0,384762599.0,1449251289.9999998,0.011831326367147827
2024-05-08,21.74,21.77,21.04,21.06,23292368.0,510975109.0,1449251289.9999998,0.016072000874327325
2024-05-09,21.17,22.27,21.17,21.83,32647037.0,734528517.0,1449251289.9999998,0.022526829698388613
2024-05-10,21.74,21.88,21.2,21.36,20612288.0,454329249.0,1449251289.9999998,0.014222714957873181
2024-05-13,21.04,21.22,20.57,20.86,15886980.0,342547439.0,1449251289.9999998,0.01096219828101723
2024-05-14,21.01,21.13,20.75,20.81,13676367.0,294283315.0,1449251289.9999998,0.009436849975134403
2024-05-15,20.77,21.34,20.31,20.35,20418786.0,434977796.0,1449251289.9999998,0.014089196360142624
2024-05-16,20.43,20.52,20.07,20.1,19049167.0,398235423.0,1449251289.9999998,0.013144143552910001
2024-05-17,20.0,20.2,19.64,20.18,27035109.0,553418933.0,1449251289.9999998,0.018654535059961896
2024-05-20,20.2,20.42,20.02,20.12,17945488.0,373873159.0,1449251289.9999998,0.0123825923936214
2024-05-21,20.07,20.14,19.75,19.77,14575702.0,297962601.0,1449251289.9999998,0.010057401432432054
2024-05-22,19.77,20.76,19.77,20.55,31338442.0,656129392.0,1449251289.9999998,0.021623884150553357
2024-05-23,20.47,20.53,19.87,19.98,21336254.0,443043643.0,1449251289.9999998,0.014722259795262975
2024-05-24,19.83,20.15,19.58,19.6,16514396.0,337263079.0,1449251289.9999998,0.011395122511845412
2024-05-27,19.64,19.76,19.08,19.55,16459850.0,327735422.0,1449251289.9999998,0.01135748514669254
2024-05-28,19.43,19.75,19.23,19.41,15523700.0,311683305.0,1449251289.9999998,0.010711530917457388
2024-05-29,19.38,19.9,19.34,19.66,19041789.0,386808442.0,1449251289.9999998,0.013139052648350587
2024-05-30,19.69,19.82,19.46,19.52,13727624.0,276954883.0,1449251289.9999998,0.009472217892591976
2024-05-31,19.52,19.7,19.39,19.4,15146868.0,305055825.0,1449251289.9999998,0.010451512518577784
2024-06-03,19.28,19.5,19.01,19.12,16854033.0,333384830.0,1449251289.9999998,0.011629475934432325
2024-06-04,19.07,19.39,18.97,19.37,14179795.0,280547039.0,1449251289.9999998,0.009784221064933468
2024-06-05,19.29,19.83,19.23,19.59,20691828.0,419159806.0,1449251289.9999998,0.014277598469482821
2024-06-06,19.59,19.67,18.92,18.95,21986638.0,434674937.0,1449251289.9999998,0.015171032209327896
2024-06-07,19.02,19.13,18.58,18.67,18184416.0,352466197.0,1449251289.9999998,0.012547455451980313
2024-06-11,18.49,18.79,18.3,18.78,11871503.0,227282026.0,1449251289.9999998,0.008191473129549535
2024-06-12,18.66,18.83,18.57,18.78,10465900.0,201878384.0,1449251289.9999998,0.00722159094990352
2024-06-13,18.78,19.08,18.65,18.78,13992194.0,271604198.0,1449251289.9999998,0.009654774224834399
2024-06-14,18.72,18.82,18.34,18.81,16763424.0,320766023.0,1449251289.9999998,0.01156695468596064
2024-06-17,18.63,19.29,18.62,19.1,19816402.0,389681064.0,1449251289.9999998,0.01367354449620673
2024-06-18,19.11,19.34,18.96,19.27,16586464.0,327725097.0,1449251289.9999998,0.0114448502578183
2024-06-19,19.28,19.32,18.76,18.8,16439040.0,320904377.0,1449251289.9999998,0.011343126008188686
2024-06-20,18.72,18.78,18.05,18.07,19144428.0,362059393.0,1449251289.9999998,0.013209874734698358
2024-06-21,18.04,18.17,17.64,17.82,17374593.0,319443347.0,1449251289.9999998,0.011988668300581607
2024-06-24,17.65,17.66,17.12,17.14,20713390.0,370415741.0,1449251289.9999998,0.014292476496605363
2024-06-25,17.14,17.35,16.58,16.59,24581132.0,427468182.0,1449251289.9999998,0.016961262804879064
2024-06-26,16.64,16.91,16.3,16.89,31773707.0,543459705.0,1449251289.9999998,0.02192422198913482
2024-06-27,16.74,16.77,16.26,16.26,20757128.0,352367904.0,1449251289.9999998,0.014322656217887517
2024-06-28,16.14,16.56,15.99,16.14,21428037.0,360568901.0,1449251289.9999998,0.014785591117189899
2024-07-01,16.15,16.37,15.92,16.35,14957848.0,243763601.0,1447499382.0,0.01033357815969002
2024-07-02,16.27,16.29,15.94,15.99,15901309.0,258341055.0,1447499382.0,0.010985364966463247
2024-07-03,16.02,16.27,15.86,16.04,14985828.0,242986757.0,1447499382.0,0.01035290804704468
2024-07-04,16.04,16.12,15.5,15.53,17991755.0,285901509.0,1447499382.0,0.012429542439694113
2024-07-05,15.55,15.78,15.34,15.67,14309387.0,224710052.0,1447499382.0,0.009885591094504523
2024-07-08,15.55,15.57,15.09,15.18,14933588.0,230589481.0,1447499382.0,0.010316818221619109
2024-07-09,15.19,15.5,14.91,15.47,18354874.0,282240893.0,1559356205.0,0.011770802553737233
2024-07-10,15.4,16.08,15.36,15.69,21520175.0,343189956.0,1559356205.0,0.013800679364340618
2024-07-11,16.04,16.43,15.93,16.27,23249625.0,380209446.0,1559356205.0,0.014909758864235899
2024-07-12,16.17,16.46,16.15,16.25,17463903.0,287273808.0,1559356205.0,0.01119943149871905
2024-07-15,16.16,16.26,16.07,16.12,11577475.0,188740462.0,1559356205.0,0.007424522352800078
2024-07-16,16.12,16.41,16.02,16.35,14462555.0,237819119.0,1559356205.0,0.009274696155776672
2024-07-17,16.37,16.62,16.29,16.41,16407340.0,272432555.0,1559356205.0,0.010521867901247105
2024-07-18,16.28,16.63,16.08,16.55,17659422.0,292273982.0,1559356205.0,0.011324815935817564
2024-07-19,16.47,16.78,16.43,16.73,16367252.0,275336832.0,1559356205.0,0.010496159855919514
2024-07-22,16.7,16.94,16.32,16.45,17933546.0,299550691.0,1559356205.0,0.011500608996518535
2024-07-23,16.42,16.44,15.83,15.87,18036491.0,294038648.0,1559356205.0,0.011566626625890138
2024-07-24,15.84,15.93,15.46,15.53,17003505.0,268811393.0,1559356205.0,0.010904182729692603
2024-07-25,15.45,15.95,15.38,15.68,16645929.0,264470861.0,1559356205.0,0.010674872711331534
2024-07-26,15.68,16.19,15.66,16.16,16003127.0,259044400.0,1559356205.0,0.010262650027419488
2024-07-29,16.17,16.23,15.59,15.72,14858084.0,236762307.0,1559356205.0,0.009528345064686488
2024-07-30,15.69,15.81,15.59,15.75,8697777.0,137812207.0,1559356205.0,0.005577799974188707
2024-07-31,15.75,16.73,15.58,16.71,27385897.0,451449295.0,1559356205.0,0.01756230995342081
2024-08-01,16.68,16.76,16.41,16.49,15805231.0,264020714.0,1559356205.0,0.01013574124329085
2024-08-02,16.36,16.68,16.22,16.27,14607745.0,242570833.0,1559356205.0,0.009367805093641194
2024-08-05,16.16,16.59,15.93,15.93,18663655.0,306324503.0,1559356205.0,0.011968820812176137
2024-08-06,16.15,16.5,16.15,16.46,18253841.0,301383624.0,1559356205.0,0.011706011071408793
2024-08-07,16.4,16.41,16.18,16.2,13657977.0,224552454.0,1559356205.0,0.008758728093174836
2024-08-08,16.11,16.22,15.8,16.04,12639734.0,204075134.0,1559356205.0,0.008105738739789732
2024-08-09,16.16,16.3,15.78,15.79,11777752.0,190262126.0,1559356205.0,0.007552958049120022
2024-08-12,15.9,16.01,15.6,15.64,9280291.0,147234253.0,1559356205.0,0.0059513605488234166
2024-08-13,15.62,15.81,15.41,15.71,13570582.0,213395834.0,1559356205.0,0.008702682527883358
2024-08-14,15.63,15.84,15.35,15.35,12721800.0,198622464.0,1559356205.0,0.008158366869101598
2024-08-15,15.33,15.78,15.23,15.55,14008715.0,219471572.0,1559356205.0,0.00898365296850183
2024-08-16,15.55,15.63,15.38,15.39,9289689.0,145010201.0,1559356205.0,0.00595738739501152
2024-08-19,15.38,15.57,15.32,15.39,8755800.0,136469241.0,1559356205.0,0.005615009560948904
2024-08-20,15.4,15.52,15.08,15.1,10161926.0,156449483.0,1559356205.0,0.006516744517651757
2024-08-21,15.01,15.31,14.96,15.1,11995982.0,183664462.0,1559356205.0,0.0076929068300978735
2024-08-22,15.22,15.33,14.77,14.8,14947834.0,226901551.0,1559356205.0,0.009585900868621612
2024-08-23,14.67,14.86,14.52,14.6,12888344.0,190570780.0,1559356205.0,0.008265169919915764
2024-08-26,14.81,15.83,14.78,15.53,30881693.0,484219359.0,1559356205.0,0.01980412999991878
2024-08-27,15.44,15.54,15.08,15.14,15534354.0,238625646.0,1559356205.0,0.009962030452176255
2024-08-28,15.08,15.27,14.81,15.23,13419315.0,204430417.0,1559356205.0,0.008605676468898907
2024-08-29,13.57,14.19,13.37,13.95,56500256.0,785210045.0,1559356205.0,0.03623306581192589
2024-08-30,13.91,14.5,13.84,14.23,41937537.0,602754610.0,1559356205.0,0.026894135455086735
2024-09-02,14.18,14.36,13.57,13.62,28046744.0,391466529.0,1559356205.0,0.01798610472069786
2024-09-03,13.58,14.14,13.44,14.04,28471469.0,398886417.0,1559356205.0,0.018258476741047115
2024-09-04,13.89,14.47,13.89,14.23,27126889.0,389795938.0,1559356205.0,0.017396210636812133
2024-09-05,14.18,14.53,14.11,14.19,17235203.0,247821854.0,1559356205.0,0.011052768408357345
2024-09-06,14.19,14.23,13.94,13.94,11905460.0,168931071.0,1559356205.0,0.007634855950055363
2024-09-09,13.86,14.11,13.75,13.87,13617963.0,191034519.0,1559356205.0,0.008733067503329042
2024-09-10,13.98,14.0,13.59,13.73,13216581.0,183093926.0,1559356205.0,0.008475665122325273
2024-09-11,13.71,14.11,13.65,14.0,20720635.0,291858576.0,1559356205.0,0.013287942122242685
2024-09-12,13.95,14.19,13.68,13.68,17006978.0,238967154.0,1559356205.0,0.010906409930885548
2024-09-13,13.75,13.79,13.16,13.16,22443199.0,302260480.0,1559356205.0,0.01439260569716975
2024-09-18,13.13,13.23,12.91,13.12,11205212.0,147539199.0,1559356205.0,0.007185793703883072
2024-09-19,13.21,13.6,13.03,13.23,19356748.0,259734520.0,1559356205.0,0.012413294626290983
2024-09-20,13.23,13.25,12.76,12.91,19807182.0,258120794.0,1559356205.0,0.012702153578822614
2024-09-23,12.91,13.34,12.78,13.03,25524068.0,335994716.0,1559356205.0,0.016368337085624383
2024-09-24,13.03,13.79,13.01,13.74,44529574.0,604510819.0,1559356205.0,0.028556383626279925
2024-09-25,13.87,14.32,13.86,13.9,42255263.0,601074572.0,1559356205.0,0.02709789005521032
2024-09-26,13.79,14.51,13.75,14.51,39960790.0,572120684.0,1559356205.0,0.025626466789222157
2024-09-27,14.84,16.36,14.79,16.2,82713029.0,1303321189.0,1559356205.0,0.05304306272985267
2024-09-30,17.24,19.39,17.24,19.17,126909204.0,2346599650.0,1559421113.0,0.0813822532874736
2024-10-08,23.0,23.0,20.44,23.0,148431804.0,3323295421.0,1559421113.0,0.09518391328846912
2024-10-09,21.79,22.94,20.05,20.06,110275731.0,2391121101.0,1559421113.0,0.07071581247726764
2024-10-10,20.14,20.98,19.32,19.32,70343776.0,1416068134.0,1559421113.0,0.045108903177970505
2024-10-11,19.07,19.22,17.56,17.86,62422178.0,1144677617.0,1559421113.0,0.04002907071067724
2024-10-14,17.89,18.4,17.43,18.25,50253393.0,911689187.0,1559421113.0,0.03222567180927991
2024-10-15,18.08,18.37,17.58,17.58,40035960.0,725154441.0,1559421113.0,0.025673603920226006
2024-10-16,17.14,17.48,17.02,17.12,34214912.0,594259454.0,1559421113.0,0.021940777712171452
2024-10-17,17.36,17.54,16.95,16.99,31283948.0,545102278.0,1559421113.0,0.020061257180118735
2024-10-18,16.95,18.99,16.88,18.34,67360514.0,1214371645.0,1559421113.0,0.043195845842058954
2024-10-21,18.71,19.49,18.53,19.04,65630230.0,1253004305.0,1559421113.0,0.04208627769168853
2024-10-22,18.81,19.09,18.57,18.95,41840703.0,794106747.0,1559421113.0,0.02683091991713979
2024-10-23,19.02,19.78,18.7,19.34,58926787.0,1145806999.0,1559421113.0,0.037787603687522986
2024-10-24,19.13,19.19,18.48,18.51,37264847.0,703203566.0,1559421113.0,0.023896590016220975
2024-10-25,18.77,19.99,18.77,19.67,74157200.0,1456749489.0,1559421113.0,0.047554313188268346
2024-10-28,19.8,20.01,19.21,19.5,45040732.0,885211711.0,1559421113.0,0.028882982040272016
2024-10-29,19.61,19.95,18.8,18.83,45566453.0,882559185.0,1559421113.0,0.02922010778239348
2024-10-30,18.53,18.8,17.97,18.2,45587211.0,844700971.0,1559421113.0,0.029233419132244365
2024-10-31,18.32,18.71,18.16,18.6,35449290.0,661494776.0,1559421113.0,0.022732339394714866
2024-11-01,18.41,18.6,17.74,17.78,37461304.0,683191355.0,1559421113.0,0.024022570739684477
2024-11-04,17.64,18.74,17.64,18.38,30281065.0,561158738.0,1559421113.0,0.019418144815126662
2024-11-05,18.19,19.12,18.19,19.0,44041473.0,835807348.0,1559421113.0,0.028242193614573693
2024-11-06,19.27,20.41,19.27,19.54,74799994.0,1499219668.0,1559421113.0,0.04796651358406996
2024-11-07,19.86,20.49,19.66,20.35,77014622.0,1565310473.0,1559421113.0,0.04938667391250076
2024-11-08,20.8,21.18,20.14,20.17,73194873.0,1522697765.0,1559421113.0,0.0469372079099201
2024-11-11,20.41,24.2,20.41,24.2,147023184.0,3365532059.0,1559421113.0,0.09428061655338124
2024-11-12,24.96,26.84,24.95,25.73,221684426.0,5793280260.0,1559421113.0,0.1421581535301427
2024-11-13,25.57,25.75,24.21,25.33,114253005.0,2867176568.0,1559421113.0,0.07326629352875769
2024-11-14,25.91,26.6,24.2,24.31,113330153.0,2921363047.0,1559421113.0,0.07267450213109947
2024-11-15,24.19,24.62,22.77,22.81,87465506.0,2081931526.0,1559421113.0,0.05608844543071157
2024-11-18,22.98,25.96,22.98,24.08,120540318.0,2962002932.0,1559421113.0,0.07729811851021155
2024-11-19,23.32,24.12,22.49,24.12,95766435.0,2260447897.0,1559421113.0,0.0614115290614255
2024-11-20,23.96,27.9,23.63,26.26,163217311.0,4214144094.0,1559421113.0,0.10466532076509086
2024-11-21,25.78,26.61,25.19,25.72,98728540.0,2569438935.0,1559421113.0,0.06331101918330895
2024-11-22,25.41,26.39,24.19,24.21,105104479.0,2692965366.0,1559421113.0,0.0673996767927561
2024-11-25,24.1,25.24,23.58,24.5,78012073.0,1915750000.0,1559421113.0,0.05002630293360662
2024-11-26,23.83,23.87,22.93,22.93,69325421.0,1629737651.0,1559421113.0,0.04445586918252786
2024-11-27,22.93,23.41,22.24,23.37,57920850.0,1336670012.0,1559421113.0,0.03714253290349032
2024-11-28,23.31,24.27,23.06,23.14,67013009.0,1604348923.0,1559421113.0,0.042973003534036415
2024-11-29,22.93,23.83,22.39,23.4,68946651.0,1606655977.0,1559421113.0,0.04421297776798793
2024-12-02,23.17,24.26,22.69,24.11,70750595.0,1683874474.0,1559421113.0,0.0453697813952837
2024-12-03,24.05,24.12,23.26,23.49,51524669.0,1227228374.0,1559421113.0,0.03304089483621093
2024-12-04,23.11,23.42,22.59,22.72,46096046.0,1066895943.0,1559421113.0,0.02955971649718199
2024-12-05,22.58,23.08,22.49,22.85,38302694.0,880732587.0,1559421113.0,0.024562123521794335
2024-12-06,22.79,23.19,22.24,22.99,47046126.0,1080308453.0,1559421113.0,0.03016896822019621
2024-12-09,22.89,23.13,22.5,22.66,31360270.0,721584463.0,1559421113.0,0.020110199700752673
2024-12-10,23.66,23.68,22.57,22.6,51172055.0,1192092366.0,1559421113.0,0.03281477631244563
2024-12-11,22.61,22.83,22.13,22.17,42395997.0,960381289.0,1559421113.0,0.02718700974776401
2024-12-12,22.15,22.42,21.81,22.21,35280180.0,787203432.0,1559421113.0,0.022623895306976005
2024-12-13,22.03,22.05,21.48,21.54,43102440.0,944296235.0,1559421113.0,0.02764002593057107
2024-12-16,21.46,21.86,21.08,21.25,32469052.0,702613127.0,1559421113.0,0.020821221239935846
2024-12-17,21.1,21.65,21.1,21.24,28775302.0,621621054.0,1559421113.0,0.018452553809947037
2024-12-18,21.22,21.74,21.13,21.38,29697712.0,644240579.0,1559421113.0,0.019044061769093158
2024-12-19,21.13,21.5,21.02,21.38,21648758.0,465327784.0,1559421113.0,0.013882560534500087
2024-12-20,21.38,21.97,21.37,21.73,29952142.0,656108907.0,1559421113.0,0.019207218467356995
2024-12-23,21.88,21.92,21.23,21.29,24557412.0,535501267.0,1559421113.0,0.015747774475591572
2024-12-24,21.35,21.68,21.1,21.44,21013279.0,454136902.0,1559421113.0,0.013475050981947298
2024-12-25,21.35,21.46,20.62,20.7,26102843.0,550359331.0,1559421113.0,0.016738803125336422
2024-12-26,20.8,20.99,20.61,20.67,17831494.0,374262938.0,1559421113.0,0.011434688071970461
2024-12-27,20.69,21.23,20.66,20.77,22127824.0,467810133.0,1559421113.0,0.014189768123268958
2024-12-30,20.66,20.85,20.32,20.74,18812559.0,391424870.0,1559421113.0,0.012063809347693499
2024-12-31,20.7,20.8,19.8,19.83,26739650.0,544846962.0,1559421113.0,0.0171471642759527
2025-01-02,19.9,20.04,18.72,18.96,30794153.0,598947475.0,1559421113.0,0.01974716947416371
2025-01-03,18.93,19.07,18.23,18.3,25986098.0,490007420.0,1559421113.0,0.016663938806117728
2025-01-06,18.29,18.69,18.06,18.26,17666408.0,327099639.0,1559421113.0,0.01132882442896616
2025-01-07,18.26,18.5,18.12,18.48,17270661.0,319098583.0,1559421113.0,0.011075046282254612
2025-01-08,18.39,18.72,17.82,18.54,25163935.0,464422992.0,1559421113.0,0.016136715599284052
2025-01-09,18.41,18.97,18.3,18.68,19443085.0,367699169.0,1559421113.0,0.012468142721625445
2025-01-10,18.66,18.82,18.03,18.06,17222842.0,320099598.0,1559421113.0,0.011044381698069263
2025-01-13,17.87,18.48,17.65,18.2,16555793.0,304432002.0,1559421113.0,0.01061662745360047
2025-01-14,18.25,19.52,18.17,19.39,34562214.0,662798001.0,1559421113.0,0.02216348984368278
2025-01-15,19.31,19.47,19.04,19.12,18342490.0,355767027.0,1559421113.0,0.011762371207552068
2025-01-16,19.23,19.57,18.8,19.02,18565722.0,359369899.0,1559421113.0,0.011905521763959854
2025-01-17,18.92,19.2,18.77,18.97,14983399.0,287026812.0,1559421113.0,0.009608308413354154
2025-01-20,19.27,19.89,19.22,19.62,34017086.0,672246830.0,1559421113.0,0.021813919098836773
2025-01-21,19.71,19.78,19.09,19.26,20957600.0,407788701.0,1559421113.0,0.013439346065850014
2025-01-22,19.1,19.16,18.84,18.94,13738536.0,263102815.0,1559421113.0,0.008810023081943485
2025-01-23,19.24,19.71,18.97,18.97,21935304.0,428428711.0,1559421113.0,0.014066312054606638
2025-01-24,19.05,19.96,18.87,19.69,33581015.0,663168421.0,1559421113.0,0.021534282638637072
2025-01-27,19.71,19.93,19.24,19.26,17054500.0,336327801.0,1559421113.0,0.010936430100776762
2025-02-05,19.03,19.23,18.8,18.9,19813208.0,379892463.0,1559421113.0,0.012705489129798643
2025-02-06,18.89,19.89,18.78,19.86,33534096.0,662728125.0,1559421113.0,0.021504195191693547
2025-02-07,19.93,20.52,19.81,20.25,39150307.0,798869088.0,1559421113.0,0.025105666887299607
2025-02-10,20.25,20.4,19.81,20.34,29441984.0,597724736.0,1559421113.0,0.018880072710673886
2025-02-11,20.28,20.28,19.84,19.97,20686442.0,417093605.0,1559421113.0,0.01326546231005146
2025-02-12,19.93,20.79,19.86,20.68,37960708.0,780350462.0,1559421113.0,0.02434282034759138
2025-02-13,20.72,21.21,20.71,20.75,46249767.0,979375824.0,1559421113.0,0.029658292179349247
2025-02-14,20.59,21.36,20.51,21.08,40082763.0,853849854.0,1559421113.0,0.025703616980591693
2025-02-17,21.04,21.04,20.49,20.75,34801240.0,727692819.0,1559421113.0,0.02231676851742099
2025-02-18,20.93,23.87,20.73,22.75,132826493.0,3014001066.0,1559421113.0,0.08517679534585088
2025-02-19,22.24,23.38,22.21,23.2,98473683.0,2280717604.0,1559421113.0,0.06314758866548704
2025-02-20,23.18,23.57,22.81,23.09,65558644.0,1532870269.0,1559421113.0,0.042040372195473796
2025-02-21,23.38,24.15,23.13,23.42,83018177.0,1979327500.0,1559421113.0,0.053236535216770534
2025-02-24,23.42,23.84,22.59,22.87,60011118.0,1395851960.0,1559421113.0,0.03848294569037299
2025-02-25,22.46,23.26,22.43,22.91,45045414.0,1042862531.0,1559421113.0,0.02888598443645671
2025-02-26,23.13,23.75,22.91,23.29,56621846.0,1333983621.0,1559421113.0,0.036309528919402284
2025-02-27,23.43,24.27,23.29,23.87,90039189.0,2161781510.0,1559421113.0,0.05773885466176833
2025-02-28,23.58,24.06,22.57,22.66,61520872.0,1443882267.0,1559421113.0,0.039451095978588306
2025-03-03,22.88,24.77,22.88,23.96,97978218.0,2380622533.0,1559421113.0,0.06282986499490853
2025-03-04,23.51,23.68,22.67,23.56,59573897.0,1393502976.0,1559421113.0,0.03820257177703096
2025-03-05,23.37,23.58,22.81,23.18,36194379.0,844763489.0,1559421113.0,0.023210137850685878
2025-03-06,23.26,23.47,23.08,23.24,42485325.0,997308323.0,1559421113.0,0.027244292542805915
2025-03-07,23.03,23.04,22.57,22.76,35157122.0,809289931.0,1559421113.0,0.022544982690637715
2025-03-10,22.7,23.14,22.59,22.91,25903243.0,598770385.0,1559421113.0,0.016610806910371746
2025-03-11,22.49,23.04,22.36,23.02,28343449.0,647281581.0,1559421113.0,0.018175622199620687
2025-03-12,23.02,24.1,22.9,23.75,57269496.0,1364551808.0,1559421113.0,0.036724843291255346
2025-03-13,23.76,23.82,23.12,23.36,30238938.0,713660443.0,1559421113.0,0.019391130303364052
2025-03-14,23.39,23.48,22.81,23.32,29610434.0,694422803.0,1559421113.0,0.018988093564435406
2025-03-17,23.32,23.4,22.89,22.95,24444522.0,568683539.0,1559421113.0,0.015675382227558696
2025-03-18,23.24,23.52,22.95,23.1,26273523.0,616485074.0,1559421113.0,0.016848253996930462
2025-03-19,22.94,23.0,22.6,22.7,22951441.0,526981245.0,1559421113.0,0.014717923727379982
2025-03-20,22.61,22.76,22.4,22.46,17811309.0,404933830.0,1559421113.0,0.011421744166163537
2025-03-21,22.39,22.59,21.8,21.88,25243932.0,564285147.0,1559421113.0,0.01618801476365544
2025-03-24,21.87,21.99,21.03,21.51,24658381.0,533280974.0,1559421113.0,0.015812522220224678
2025-03-25,21.55,21.76,21.25,21.38,15208921.0,329327958.0,1559421113.0,0.009752927463410584
2025-03-26,21.33,21.67,21.29,21.29,13686386.0,296220522.0,1559421113.0,0.008776581185097755
2025-03-27,21.29,21.51,20.93,21.4,15697678.0,336937852.0,1559421113.0,0.010066349537746704
2025-03-28,21.39,21.63,21.14,21.25,11459607.0,246837692.0,1559421113.0,0.007348628862638722
2025-03-31,21.11,21.15,20.47,20.83,19776479.0,414109403.0,1559421113.0,0.012681936158959777
2025-04-01,20.85,20.99,20.71,20.72,9805664.0,206362534.0,1559421113.0,0.006288015416910673
2025-04-02,20.8,21.0,20.68,20.75,10164174.0,213600180.0,1559421113.0,0.006517914830873526
2025-04-03,20.51,20.98,20.42,20.56,13090695.0,272704695.0,1559421113.0,0.008394586228742435
2025-04-07,19.22,19.22,16.64,17.14,48538451.0,873073650.0,1559421113.0,0.03112594192509179
2025-04-08,17.52,18.07,17.1,17.46,28041462.0,496287876.0,1559421113.0,0.01798196892823523
2025-04-09,17.15,17.95,16.6,17.74,27879919.0,490970381.0,1559421113.0,0.017878377282172914
2025-04-10,18.36,18.76,18.14,18.35,27769815.0,517982583.0,1559421113.0,0.017807771594535286
2025-04-11,18.23,18.71,18.14,18.48,15774878.0,294236386.0,1559421113.0,0.010115855087823221
2025-04-14,18.84,18.97,18.5,18.52,13970462.0,264263654.0,1559421113.0,0.008958748784107299
2025-04-15,18.53,19.42,18.46,19.19,32131812.0,619785903.0,1559421113.0,0.020604961502788118
2025-04-16,19.12,19.62,19.02,19.41,22310945.0,436079769.0,1559421113.0,0.014307196955335822
2025-04-17,19.22,19.48,19.07,19.14,13783000.0,268207738.0,1559421113.0,0.008838536226744033
2025-04-18,19.08,19.32,18.9,19.24,9730498.0,187803102.0,1559421113.0,0.006239814197000679
2025-04-21,19.19,19.37,19.0,19.3,9665908.0,187757866.0,1559421113.0,0.006198394980945728
2025-04-22,19.25,19.38,19.0,19.01,11441875.0,221250326.0,1559421113.0,0.007337257976447572
2025-04-23,19.24,19.31,18.89,19.01,12966953.0,249245978.0,1559421113.0,0.008315234988100356
2025-04-24,19.01,19.17,18.63,18.66,12150726.0,230902797.0,1559421113.0,0.007791818322008316
2025-04-25,18.62,18.76,18.49,18.52,10697841.0,200940664.0,1559421113.0,0.006860136053576697
2025-04-28,18.48,18.51,18.18,18.22,9793275.0,181037942.0,1559421113.0,0.0062800708021451546
2025-04-29,18.42,19.47,18.41,19.25,30711809.0,591653898.0,1559421113.0,0.019694365264118364
2025-04-30,19.27,19.83,19.14,19.73,21254407.0,421652776.0,1559421113.0,0.01362967759177697
2025-05-06,19.84,20.06,19.68,20.02,16235080.0,326715052.0,1559421113.0,0.010410965880003446
2025-05-07,20.26,20.36,19.72,19.87,14528340.0,293104306.0,1559421113.0,0.009316495639879156
2025-05-08,19.86,20.28,19.8,20.13,14610218.0,296530716.0,1559421113.0,0.009369001021085958
2025-05-09,20.1,20.1,19.67,19.81,12329647.0,246867931.0,1559421113.0,0.007906553846946666
2025-05-12,20.26,20.78,20.17,20.71,23809114.0,491408740.0,1559421113.0,0.015267918204721651
2025-05-13,21.04,21.06,20.61,20.78,19268823.0,405168209.0,1559421113.0,0.01235639484380894
2025-05-14,20.67,20.83,20.51,20.63,13743429.0,286112789.0,1559421113.0,0.008813160784748206
2025-05-15,20.63,20.63,20.17,20.17,10934870.0,224201997.0,1559421113.0,0.007012134123901656
2025-05-16,20.14,20.48,20.11,20.26,9526776.0,195737900.0,1559421113.0,0.006109174693468447
2025-05-19,20.32,20.47,19.88,20.09,11227854.0,227387868.0,1559421113.0,0.007200014099078059
2025-05-20,20.16,20.27,19.89,20.09,11396359.0,230901943.0,1559421113.0,0.0073080702223376915
2025-05-21,20.09,21.28,19.95,20.74,41125245.0,864223399.0,1559421113.0,0.02637212274296045
2025-05-22,20.61,21.04,20.32,20.83,25443311.0,529359319.0,1559421113.0,0.01631586925936407
2025-05-23,20.64,21.13,20.53,20.56,19655714.0,413821132.0,1559421113.0,0.012604493960060935
2025-05-26,20.43,20.56,19.99,20.15,18904537.0,385344377.0,1559421113.0,0.012122791491280777
2025-05-27,20.14,20.5,19.86,20.19,15472890.0,314536606.0,1559421113.0,0.009922201175174162
2025-05-28,20.12,20.22,19.56,19.61,16398563.0,327517281.0,1559421113.0,0.010515801577453698
2025-05-29,19.57,20.02,19.57,19.89,12509705.0,251049199.0,1559421113.0,0.00802201848860052
2025-05-30,19.9,20.01,19.7,19.74,13734658.0,274520871.0,1559421113.0,0.008807536261694823
2025-06-03,19.71,20.04,19.4,19.49,18436097.0,364502493.0,1559421113.0,0.011822397969547049
2025-06-04,19.49,19.96,19.46,19.86,18946996.0,377928290.0,1559421113.0,0.01215001890255926
2025-06-05,19.85,19.89,19.63,19.83,14423521.0,287678351.0,1559421113.0,0.009249279030378242
2025-06-06,19.81,20.34,19.73,19.81,21837792.0,441865173.0,1559421113.0,0.01400378115824574
2025-06-09,19.87,21.69,19.82,21.45,68878503.0,1458840411.0,1559421113.0,0.04416927693603697
2025-06-10,21.49,21.94,21.08,21.3,52675485.0,1142999621.0,1559421113.0,0.033778871249641726
2025-06-11,21.2,21.88,21.08,21.1,28263338.0,607888126.0,1559421113.0,0.01812424993119867
2025-06-12,21.14,21.55,20.79,21.29,37490991.0,803022813.0,1559421113.0,0.024041607932237866
2025-06-13,21.16,22.39,21.05,21.79,98623107.0,2187396358.0,1559421113.0,0.0632434088379564
2025-06-16,21.84,22.41,21.6,22.32,51475411.0,1147071509.0,1559421113.0,0.03300930747370226
2025-06-17,22.38,23.0,22.28,22.57,64841240.0,1483296738.0,1559421113.0,0.041580327122324914
2025-06-18,22.35,22.88,22.15,22.68,44663718.0,1014026865.0,1559421113.0,0.02864121668461725
2025-06-19,22.55,23.23,22.17,22.32,51902227.0,1186418412.0,1559421113.0,0.0332830090392652
2025-06-20,22.42,22.93,22.27,22.31,38646045.0,878823091.0,1559421113.0,0.024782302020814054
2025-06-23,22.11,23.25,22.1,23.01,54551133.0,1261666427.0,1559421113.0,0.03498165604225727
2025-06-24,23.22,24.24,22.93,24.03,84330970.0,2013379575.0,1559421113.0,0.05407838158466693
2025-06-25,24.0,25.21,23.8,24.71,89865580.0,2229088716.0,1559421113.0,0.05762752552908394
2025-06-26,24.65,25.5,24.51,24.7,78744443.0,1976964636.0,1559421113.0,0.05049594515782345
2025-06-27,24.82,25.44,24.54,24.6,60444264.0,1520022937.0,1559421113.0,0.03876070645453676
2025-06-30,24.51,24.76,24.05,24.62,51736790.0,1273607710.0,1559414363.0,0.033177063920630315
2025-07-01,24.62,24.76,23.85,24.39,42470590.0,1037299663.0,1559414363.0,0.027234961410958866
2025-07-02,24.31,24.33,23.56,23.73,43941343.0,1052296165.0,1559414363.0,0.028178105859859904
2025-07-03,23.72,24.29,23.41,24.1,41964998.0,1007822630.0,1559414363.0,0.026910742260490516
2025-07-04,23.97,24.08,23.45,23.79,27175780.0,650278087.0,1559414363.0,0.017426914003613035
2025-07-07,23.81,24.01,23.48,23.57,21022949.0,500965278.0,1559414363.0,0.013481310355225963
2025-07-08,23.58,24.12,23.48,24.12,34740650.0,837146011.0,1559414363.0,0.02227801078679689
2025-07-09,24.15,24.18,23.69,23.84,32494298.0,782306369.0,1559414363.0,0.020837500776565567
2025-07-10,23.54,24.42,23.54,24.06,37665471.0,916103492.0,1559414363.0,0.024153600155085914
2025-07-11,24.01,24.19,23.8,23.8,29389573.0,709986833.0,1559414363.0,0.018846545021850618
2025-07-14,23.75,24.25,23.67,23.96,25690475.0,621555624.0,1559414363.0,0.01647443784638272
2025-07-15,23.86,24.25,23.36,23.82,32142132.0,768932953.0,1559414363.0,0.020611668561372615
2025-07-16,23.72,23.97,23.6,23.87,20907622.0,500588913.0,1559414363.0,0.013407355027677143
2025-07-17,23.87,24.77,23.72,24.61,44323015.0,1086311144.0,1559414363.0,0.028422859280795274
2025-07-18,24.67,25.46,24.64,25.05,47639103.0,1204303961.0,1559414363.0,0.030549355020914347
2025-07-21,25.07,25.16,24.63,25.04,31977240.0,802625754.0,1559414363.0,0.020505928865809736
2025-07-22,24.85,26.98,24.85,26.37,80883897.0,2136929485.0,1559414363.0,0.05186812364892909
2025-07-23,26.21,26.3,25.71,25.85,40132706.0,1050547635.0,1559414363.0,0.025735755006637707
2025-07-24,25.81,26.71,25.81,26.52,46242293.0,1225473762.0,1559414363.0,0.02965362773178459
2025-07-25,26.58,26.73,26.21,26.33,32261967.0,858548185.0,1559414363.0,0.02068851471775241
2025-07-28,26.17,26.87,25.8,26.36,37450164.0,996942253.0,1559414363.0,0.024015531015087875
2025-07-29,26.31,27.06,26.09,26.54,43934447.0,1179783760.0,1559414363.0,0.02817368368691882
2025-07-30,26.49,26.6,25.42,25.81,48879160.0,1275794931.0,1559414363.0,0.031344561881529884
2025-07-31,25.67,26.12,25.08,25.28,39178738.0,1009267225.0,1559414363.0,0.02512400740277137
2025-08-01,25.28,25.79,25.25,25.36,24012026.0,616049449.0,1559414363.0,0.01539810493588483
2025-08-04,25.22,25.57,25.04,25.54,20904037.0,533978365.0,1559414363.0,0.013405056087712846
2025-08-05,25.67,25.89,25.32,25.45,21957757.0,564647259.0,1559414363.0,0.01408077129529427
2025-08-06,25.44,26.19,25.22,26.16,31339329.0,815035456.0,1559414363.0,0.020096857989501535
2025-08-07,26.11,26.37,25.7,25.8,26079960.0,681609648.0,1559414363.0,0.01672420148152759
2025-08-08,25.78,26.18,25.53,25.62,20186320.0,524804122.0,1559414363.0,0.012944808306860517
2025-08-11,25.75,26.16,25.56,25.99,26275575.0,684682279.0,1559414363.0,0.016849642804014624
2025-08-12,25.97,26.71,25.44,26.66,46087900.0,1215609855.0,1559414363.0,0.029554620691921895
2025-08-13,26.48,26.83,26.23,26.35,35304599.0,941003050.0,1559414363.0,0.02263965231927263
2025-08-14,26.36,26.63,25.6,25.81,32717030.0,859365704.0,1559414363.0,0.02098033131941853
2025-08-15,25.65,26.41,25.65,26.37,29663272.0,780300987.0,1559414363.0,0.01902205898817927
2025-08-18,26.43,28.76,26.43,27.99,75625304.0,2110621864.0,1559414363.0,0.048495964763664294
2025-08-19,28.08,28.53,27.79,28.22,49710555.0,1411465065.0,1559414363.0,0.03187770754167409
2025-08-20,28.11,28.35,27.6,28.34,37207492.0,1047191566.0,1559414363.0,0.02385991362066222
2025-08-21,28.24,28.38,27.11,27.32,41860797.0,1163914393.0,1559414363.0,0.026843921662660742
2025-08-22,27.4,29.46,27.33,28.88,61511028.0,1753997654.0,1559414363.0,0.03944495411833013
2025-08-25,29.1,29.83,28.6,29.02,55447547.0,1623114575.0,1559414363.0,0.035556647620796605
2025-08-26,29.15,29.26,28.64,28.94,31705426.0,924442945.0,1559414363.0,0.020331623686603174
2025-08-27,28.71,29.97,28.71,28.81,56077259.0,1657173004.0,1559414363.0,0.035960460754073484
2025-08-28,28.78,29.59,28.2,29.38,55159849.0,1612338811.0,1559414363.0,0.03537215656644558
2025-08-29,31.06,35.26,31.06,35.26,120256691.0,4099383597.0,1559414363.0,0.07711657263990457
2025-09-01,38.27,41.68,38.23,40.41,226978373.0,9141003449.0,1559414363.0,0.14555359908532534
2025-09-02,40.75,45.57,40.03,43.49,218448562.0,9528573199.0,1559414363.0,0.1400837180823119
2025-09-03,43.24,46.65,42.78,43.65,187890666.0,8430842149.0,1559414363.0,0.12048796680218855
2025-09-04,44.51,47.34,42.76,44.51,198780107.0,9002479842.0,1559414363.0,0.1274709991881741
2025-09-05,46.68,53.42,46.68,53.42,310874714.0,16106069974.0,1559414363.0,0.1993535017863626
2025-09-08,54.62,58.69,53.52,56.98,358480106.0,20099361986.0,1559414363.0,0.22988123907641603
2025-09-09,54.81,57.42,54.43,55.66,251183082.0,14102722795.0,1559414363.0,0.1610752651506776
2025-09-10,54.64,58.42,54.64,58.19,244726387.0,14112870569.0,1559414363.0,0.1569348037356765
2025-09-11,57.19,60.07,56.73,59.7,238673180.0,14126510885.0,1559414363.0,0.15305308560890818
2025-09-12,57.85,57.88,54.38,54.41,261498581.0,14645104653.0,1559414363.0,0.16769024782927436
2025-09-15,55.39,57.17,54.49,55.19,179460620.0,10075844149.0,1559414363.0,0.1150820617393531
2025-09-16,54.46,55.56,51.55,54.61,198785030.0,10738047152.0,1559414363.0,0.12747415614255184
2025-09-17,54.45,54.59,52.9,53.19,133418535.0,7213903304.0,1559414363.0,0.08555682066652864
2025-09-18,52.68,58.35,52.68,56.33,230432791.0,12917458990.0,1559414363.0,0.14776880120348101
2025-09-19,56.67,59.45,54.79,55.2,206934002.0,11964434066.0,1559414363.0,0.13269981789952257
2025-09-22,55.6,58.48,53.09,58.47,158883854.0,8997244241.0,1559414363.0,0.10188687354035869
2025-09-23,58.46,64.34,57.54,62.85,218818031.0,13575130100.0,1559414363.0,0.14032064612963938
2025-09-24,62.06,68.27,60.45,67.42,200892325.0,12988811639.0,1559414363.0,0.1288254935740899
2025-09-25,66.51,69.22,64.54,64.61,163605802.0,11012315659.0,1559414363.0,0.10491490003032632
2025-09-26,64.23,68.38,62.1,65.02,186843782.0,12350162027.0,1559414363.0,0.11981663529156554
2025-09-29,65.53,67.52,62.55,62.69,205112005.0,13439483066.0,1559414363.0,0.1315314324830289
2025-09-30,61.77,64.41,61.06,61.78,164873687.0,10388220324.0,1559414363.0,0.10572795205170238
2025-10-09,62.34,64.58,61.73,62.45,157674422.0,10002713553.0,1559414363.0,0.10111130546256229
2025-10-10,59.57,60.07,53.69,54.4,201505904.0,11386942016.0,1559414363.0,0.12921896115689427
2025-10-13,51.72,55.98,51.72,55.6,131597841.0,7267084518.0,1559414363.0,0.08438927082012518
2025-10-14,56.32,56.49,51.9,51.96,124771665.0,6777507605.0,1559414363.0,0.0800118736626001
2025-10-15,52.33,54.29,51.74,53.99,90693942.0,4821996429.0,1559414363.0,0.05815897567181764
2025-10-16,53.5,56.1,53.16,54.54,101987757.0,5615684698.0,1559414363.0,0.06540131950804662
2025-10-17,53.85,54.85,51.8,51.93,81308757.0,4320845537.0,1559414363.0,0.052140572082187496
2025-10-20,53.12,54.86,52.45,53.66,90819782.0,4922285526.0,1559414363.0,0.05823967263279593
2025-10-21,54.41,54.99,52.75,54.67,106659872.0,5798863030.0,1559414363.0,0.06839738977061095
2025-10-22,54.11,55.2,53.63,53.96,74756426.0,4084016200.0,1559414363.0,0.04793878251588221
2025-10-23,54.01,54.29,52.67,53.61,65376044.0,3509412364.0,1559414363.0,0.04192345892866449
2025-10-24,54.03,55.08,53.62,54.63,91534869.0,5027551592.0,1559414363.0,0.058698233883074734
2025-10-27,55.4,56.18,53.93,55.08,121254147.0,6729331628.0,1559414363.0,0.07775620763600727
2025-10-28,54.31,56.2,53.53,55.23,116141375.0,6419414282.0,1559414363.0,0.07447755885521493
2025-10-29,54.64,62.43,54.41,62.3,220776160.0,13058627198.0,1559414363.0,0.14157632842067133
2025-10-30,61.69,62.05,58.78,58.88,187093324.0,11331041792.0,1559414363.0,0.11997665818600646
2025-10-31,60.15,62.92,58.11,58.11,153920647.0,9396276951.0,1559414363.0,0.09870413576535719
2025-11-03,56.24,56.84,52.35,54.41,147696912.0,8033107058.0,1559414363.0,0.09471306376572088
2025-11-04,53.5,54.11,52.09,52.52,85268041.0,4548942280.0,1559414363.0,0.054679527791421274
2025-11-05,51.05,53.84,50.75,52.73,93957503.0,4939644228.0,1559414363.0,0.06025178761291171
2025-11-06,52.81,53.91,52.29,53.44,73576835.0,3943270304.0,1559414363.0,0.047182350468064786
2025-11-07,52.74,54.61,52.14,53.25,84792675.0,4556985596.0,1559414363.0,0.05437469155848733
2025-11-10,53.51,54.77,51.4,51.85,84066783.0,4453341791.0,1559414363.0,0.05390920142499675
2025-11-11,51.78,52.48,49.94,50.02,82834314.0,4255571226.0,1559414363.0,0.05311886049365572
2025-11-12,49.55,50.19,48.3,49.23,66472564.0,3287602567.0,1559414363.0,0.04262662033721438
2025-11-13,49.16,53.37,49.16,51.93,118439670.0,6156819129.0,1559414363.0,0.07595137816490664
2025-11-14,51.01,56.14,50.98,54.35,157040299.0,8582308217.0,1559414363.0,0.10070466370329308
2025-11-17,54.61,55.97,52.92,54.88,118077369.0,6464668511.0,1559414363.0,0.07571904671497501
2025-11-18,54.58,54.84,51.23,51.39,100383809.0,5304050969.0,1559414363.0,0.06437276158395881
2025-11-19,51.42,52.36,50.49,50.53,54157075.0,2787162489.0,1559414363.0,0.03472911131574591
2025-11-20,50.65,51.58,49.64,49.74,47451342.0,2407289246.0,1559414363.0,0.0304289502045583
2025-11-21,48.73,49.31,46.35,46.35,73924814.0,3527647611.0,1559414363.0,0.047405497700934024
2025-11-24,47.66,47.99,46.57,47.6,59647439.0,2841837913.0,1559414363.0,0.038249897150652315
2025-11-25,47.79,48.77,47.41,48.34,50354898.0,2448055080.0,1559414363.0,0.03229090304332409
2025-11-26,47.9,48.9,47.55,48.15,41021037.0,1993885808.0,1559414363.0,0.026305411809266502
2025-11-27,47.97,49.91,47.94,47.99,55794121.0,2746275357.0,1559414363.0,0.03577889387440508
2025-11-28,47.86,49.13,47.66,48.7,46989773.0,2295580275.0,1559414363.0,0.03013296152383842
2025-12-01,48.76,49.29,48.45,48.9,41987974.0,2062942507.0,1559414363.0,0.02692547599678611
2025-12-02,48.64,48.81,47.68,47.83,33020494.0,1598855962.0,1559414363.0,0.021174932579481442
2025-12-03,48.06,48.39,46.67,46.88,33496833.0,1594637595.0,1559414363.0,0.02148039276460095
2025-12-04,46.93,47.63,46.01,47.46,33009112.0,1560108836.0,1559414363.0,0.02116763368556969
2025-12-05,47.27,48.16,46.76,48.0,33367458.0,1600435021.0,1559414363.0,0.021397428926977248
2025-12-08,48.15,50.44,48.15,49.93,71936568.0,3599720101.0,1559414363.0,0.046130502390402825
2025-12-09,49.5,50.44,49.0,49.64,50328947.0,2515516574.0,1559414363.0,0.03227426153955464
2025-12-10,49.66,49.89,48.35,49.21,41766275.0,2057202275.0,1559414363.0,0.026783307882101377
2025-12-11,49.22,50.05,47.94,47.96,46332845.0,2284283221.0,1559414363.0,0.029711695684824214
2025-12-12,48.15,48.95,47.06,48.48,48297688.0,2332051994.0,1559414363.0,0.030971683438316515
2025-12-15,48.12,48.58,47.12,47.16,31922142.0,1531561175.0,1559414363.0,0.020470596370927487
2025-12-16,47.21,47.33,45.08,45.57,39869691.0,1838024442.0,1559414363.0,0.025567092330289126
2025-12-17,45.92,47.44,45.83,47.15,44700612.0,2102856482.0,1559414363.0,0.02866499954124124
2025-12-18,46.71,47.81,46.26,46.26,30926328.0,1459907848.0,1559414363.0,0.019832014334217083
2025-12-19,46.71,47.21,46.17,46.41,27397355.0,1285534827.0,1559414363.0,0.017569002601266922
2025-12-22,46.45,48.49,46.38,47.83,52366228.0,2506231094.0,1559414363.0,0.033580701346919685
2025-12-23,48.56,50.81,48.56,49.38,86432856.0,4322768710.0,1559414363.0,0.0554264844872408
2025-12-24,48.81,49.74,48.54,49.42,51075652.0,2530209457.0,1559414363.0,0.0327530983501657
2025-12-25,49.45,50.82,48.73,50.53,65651616.0,3292069953.0,1559414363.0,0.042100173986918704
2025-12-26,50.64,51.9,49.55,50.47,87423963.0,4453752761.0,1559414363.0,0.056062048083111056
2025-12-29,52.49,53.89,49.97,50.17,92892406.0,4811352932.0,1559414363.0,0.05956877671775042
2025-12-30,49.79,50.84,49.13,50.44,63590806.0,3212771631.0,1559414363.0,0.04077864582295116
2025-12-31,50.37,50.79,49.34,49.62,44969995.0,2256084188.0,1559414363.0,0.028837745801883446
2026-01-05,49.62,53.75,49.35,53.1,108807958.0,5681082493.0,1559414363.0,0.06977488509896455
2026-01-06,53.69,57.28,53.69,54.61,147804666.0,8204722851.0,1559414363.0,0.09478216278299086
2026-01-07,54.62,56.88,54.17,54.7,100670655.0,5585066850.0,1559414363.0,0.06455670627935597
2026-01-08,54.7,57.06,53.76,56.6,122544635.0,6915153379.0,1559414363.0,0.07858375420132
2026-01-09,56.59,59.08,55.19,57.98,122425807.0,7098497030.0,1559414363.0,0.07850755380018261
2026-01-12,57.14,57.4,54.41,55.84,135950604.0,7641562578.0,1559414363.0,0.08718055138241664
2026-01-13,56.09,57.79,54.93,55.25,97618272.0,5523783026.0,1559414363.0,0.06259931568938615
2026-01-14,55.2,60.96,55.11,57.66,144710244.0,8460171832.0,1559414363.0,0.09279781399576605
2026-01-15,58.78,60.86,57.71,59.92,127524018.0,7683864262.0,1559414363.0,0.08177686510124826
2026-01-16,60.66,60.86,58.81,59.97,93127248.0,5607617194.0,1559414363.0,0.059719372996438154
2026-01-19,59.57,61.78,57.96,59.85,86269195.0,5233026367.0,1559414363.0,0.05532153419058896
2026-01-20,60.26,61.05,56.59,57.3,97550480.0,5682962243.0,1559414363.0,0.06255584295910452
2026-01-21,56.6,59.57,56.49,58.49,69117940.0,4058715321.0,1559414363.0,0.04432301102256809
2026-01-22,58.57,60.36,56.59,56.99,67932874.0,3947477897.0,1559414363.0,0.043563068041332385
2026-01-23,56.99,63.17,56.95,62.7,145125396.0,8838023651.0,1559414363.0,0.09306403701502908
2026-01-26,66.45,67.0,61.36,61.45,155259433.0,9930089336.0,1559414363.0,0.09956265421418335
2026-01-27,61.06,61.66,57.35,60.73,116827694.0,6999953001.0,1559414363.0,0.0749176721543381
2026-01-28,60.58,60.72,58.17,59.08,79632373.0,4738628523.0,1559414363.0,0.0510655633867597
2026-01-29,58.29,59.86,55.75,55.94,90783972.0,5267108386.0,1559414363.0,0.05821670888380807
2026-01-30,55.65,58.08,55.4,57.3,79743534.0,4561377506.0,1559414363.0,0.05113684719857874
2026-02-02,56.79,57.39,55.3,55.31,50247306.0,2850525027.0,1559414363.0,0.032221907911207305
2026-02-03,56.4,59.55,56.35,59.49,94228216.0,5539609442.0,1559414363.0,0.06042538675783635
2026-02-04,58.83,59.46,57.68,58.87,62888564.0,3699303539.0,1559414363.0,0.04032832163929479
2026-02-05,58.28,59.25,56.34,56.77,56879565.0,3284423987.0,1559414363.0,0.036474952616554805
2026-02-06,55.95,58.33,55.4,56.72,50937282.0,2934263438.0,1559414363.0,0.03266436632147398
2026-02-09,57.67,59.37,57.48,58.13,61464687.0,3626773985.0,1559414363.0,0.03941523719311799
2026-02-10,57.87,58.78,56.77,57.12,42322577.0,2452101631.0,1559414363.0,0.02714004565058633
2026-02-11,56.59,56.6,54.51,54.96,68732593.0,3825582408.0,1559414363.0,0.044075900947694424
2026-02-12,54.76,55.43,54.19,54.81,47507890.0,2623135417.0,1559414363.0,0.030465212535688308
2026-02-13,54.56,55.47,53.89,54.41,34455004.0,1900290354.0,1559414363.0,0.022094835611053045
2026-02-24,54.96,55.05,53.66,53.92,34837094.0,1905012506.0,1559414363.0,0.022339857081334322
2026-02-25,53.92,55.6,53.68,55.06,48359019.0,2679818281.0,1559414363.0,0.03101101294653139
2026-02-26,55.33,55.58,54.47,54.69,38403040.0,2119150845.0,1559414363.0,0.024626578356069687
2026-02-27,54.31,54.71,53.89,54.41,32967532.0,1802702274.0,1559414363.0,0.021140969829582107
2026-03-02,53.37,54.4,52.52,52.9,51966402.0,2780232682.0,1559414363.0,0.03332430637616232
2026-03-03,53.17,53.97,49.66,49.79,61017040.0,3147903706.0,1559414363.0,0.03912817622290939
2026-03-04,49.06,50.44,48.9,49.47,42559965.0,2126722821.0,1559414363.0,0.027292274593471857
2026-03-05,50.46,51.21,49.57,50.14,37609891.0,1909702917.0,1559414363.0,0.024117958569809583
2026-03-06,49.93,50.35,49.54,49.78,28305664.0,1421663878.0,1559414363.0,0.018151470623590762
2026-03-09,48.65,49.55,47.67,49.3,41759769.0,2036856935.0,1559414363.0,0.02677913580304762
2026-03-10,50.43,51.02,49.96,50.51,39137117.0,1989345273.0,1559414363.0,0.0250973172548623
2026-03-11,50.83,52.99,50.74,51.78,81722544.0,4288144307.0,1559414363.0,0.05240591977284488
2026-03-12,51.43,52.47,51.05,52.13,55720055.0,2907778624.0,1559414363.0,0.03573139783886933
2026-03-13,51.83,52.72,51.42,51.53,49727629.0,2607270677.0,1559414363.0,0.031888656523808095
2026-03-16,51.42,51.99,50.54,50.98,38149586.0,1961952661.0,1559414363.0,0.024464046827558945
2026-03-17,50.99,52.28,49.45,49.49,38368012.0,1952726149.0,1559414363.0,0.02460411607738924
2026-03-18,49.57,49.9,48.53,49.15,34306934.0,1693822972.0,1559414363.0,0.021999883298496975
2026-03-19,48.15,48.85,47.53,47.83,38458612.0,1861326539.0,1559414363.0,0.024662214811214996
2026-03-20,48.08,50.82,47.97,48.66,61967183.0,3072169907.0,1559414363.0,0.03973747098288077
2026-03-23,47.78,49.2,46.48,46.85,50040672.0,2409781930.0,1559414363.0,0.03208940047450365
2026-03-24,47.66,47.84,45.09,46.92,43478665.0,2032803777.0,1559414363.0,0.02788140601472708
2026-03-25,47.22,48.13,47.02,47.85,35976286.0,1730531817.0,1559414363.0,0.02307038260875631
2026-03-26,47.86,49.59,47.4,47.82,53440477.0,2612837654.0,1559414363.0,0.0342695811119703
2026-03-27,47.18,49.6,47.11,49.25,53319037.0,2618850317.0,1559414363.0,0.03419170572305419
2026-03-30,48.66,49.56,47.67,49.17,47731945.0,2341818736.0,1559414363.0,0.030608891473959062
2026-03-31,49.6,50.14,47.35,47.36,49610380.0,2421399789.0,1559414363.0,0.03181346868228121
2026-04-01,48.42,48.55,47.29,48.06,39322626.0,1897144710.0,1559414363.0,0.025216277939335615
2026-04-02,47.68,48.35,46.51,46.85,34589933.0,1647277236.0,1559414363.0,0.02218136104213887
2026-04-03,46.98,47.32,45.94,46.02,25180616.0,1175956406.0,1559414363.0,0.016147482412280437
2026-04-07,46.27,48.6,46.27,47.21,41459239.0,1987818371.0,1559414363.0,0.026586416018537083
2026-04-08,48.65,50.57,48.46,50.55,66563474.0,3331080423.0,1559414363.0,0.04268491786361724
2026-04-09,49.89,50.6,49.33,49.92,39181730.0,1972118279.0,1559414363.0,0.02512592607177365
2026-04-10,50.61,52.88,50.59,51.94,70151481.0,3669006851.0,1559414363.0,0.04498578611591254
2026-04-13,51.92,53.22,51.87,52.83,60490182.0,3210821730.0,1559414363.0,0.03879031990165144
2026-04-14,53.12,53.83,52.37,53.79,59769656.0,3193839734.0,1559414363.0,0.03832827080354396
2026-04-15,54.21,54.36,52.23,52.48,54356982.0,2913098121.0,1559414363.0,0.034857304953526326
2026-04-16,53.09,53.99,52.49,53.28,51839689.0,2783199684.0,1559414363.0,0.03324304958963623
2026-04-17,53.22,56.4,53.12,55.6,97306564.0,5393921180.0,1559414363.0,0.06239942782930492
2026-04-20,55.69,57.16,55.43,56.3,71172183.0,4040938297.0,1559414363.0,0.04564032799023283
2026-04-21,56.58,59.09,55.2,58.16,98028108.0,5700887687.0,1559414363.0,0.06286212973658496
2026-04-22,57.61,58.76,57.44,58.38,71701076.0,4189471608.0,1559414363.0,0.04597948928856954
2026-04-23,58.38,58.56,56.1,56.67,70888142.0,4068717904.0,1559414363.0,0.04545818204702531
2026-04-24,56.67,57.19,55.25,56.55,62066516.0,3520691851.0,1559414363.0,0.039801169895983576
2026-04-27,56.49,57.29,56.09,57.02,47468702.0,2711396225.0,1559414363.0,0.030440082588876347
2026-04-28,57.02,57.03,54.66,54.97,58005958.0,3238603323.0,1559414363.0,0.037197270575607747
2026-04-29,52.61,56.01,51.74,55.41,86815733.0,4726510859.0,1559414363.0,0.055672010634161384
2026-04-30,55.15,55.93,54.61,54.83,47814975.0,2650599137.0,1559414363.0,0.030662135821305118
2026-05-06,54.71,56.69,54.33,56.6,76948862.0,4319293586.0,1559414363.0,0.04934471800808981
2026-05-07,56.6,56.68,55.21,55.91,61712204.0,3470281949.0,1559414363.0,0.03957396152314393
2026-05-08,55.49,56.45,54.27,54.36,64847632.0,3597587235.0,1559414363.0,0.04158460607945548
2026-05-11,54.61,56.79,54.51,56.15,78166144.0,4394590521.0,1559414363.0,0.050125320026951685
2026-05-12,56.26,56.42,53.33,53.68,69708789.0,3801299798.0,1559414363.0,0.044701902620605784
2026-05-13,53.5,54.66,52.55,54.38,54149847.0,2937231790.0,1559414363.0,0.03472447624236741
2026-05-14,54.52,55.19,52.03,52.03,58830533.0,3143603726.0,1559414363.0,0.03772604279905559
2026-05-15,52.62,53.32,51.31,51.83,55307338.0,2907998434.0,1559414363.0,0.035466736303236164
2026-05-18,51.33,54.2,51.03,52.53,63325274.0,3383127208.0,1559414363.0,0.04060836907912974
2026-05-19,52.69,52.73,49.97,50.59,54752461.0,2800916093.0,1559414363.0,0.03511091233933954
2026-05-20,50.15,52.09,50.02,51.29,44868294.0,2310214023.0,1559414363.0,0.02877252836999809
2026-05-21,51.81,53.27,49.66,49.74,57016119.0,2973137629.0,1559414363.0,0.0365625201055045
2026-05-22,50.24,51.41,49.75,50.89,39390453.0,2010180882.0,1559414363.0,0.025259773113940467
2026-05-25,51.02,51.18,48.98,49.51,45959042.0,2297163257.0,1559414363.0,0.029471988389015498
2026-05-26,49.59,49.94,48.29,49.0,38494745.0,1901889843.0,1559414363.0,0.02468538568924288
2026-05-27,49.09,51.3,48.82,49.09,55050821.0,2780581025.0,1559414363.0,0.035302240575810315
2026-05-28,49.34,51.28,48.15,51.04,61938478.0,3121353790.0,1559414363.0,0.03971906343150695
2026-05-29,51.61,53.32,50.04,50.45,78076459.0,4083299571.0,1559414363.0,0.05006780805186158
2026-06-01,50.9,52.5,48.69,48.84,59245027.0,3004327725.0,1559414363.0,0.03799184386504205
2026-06-02,48.66,48.94,46.56,47.85,56000262.0,2686547697.0,1559414363.0,0.0359110851667845
2026-06-03,47.66,49.59,46.75,47.36,56268094.0,2726448404.0,1559414363.0,0.03608283682327479
2026-06-04,47.04,47.8,46.02,46.55,46814279.0,2208229045.0,1559414363.0,0.03002042312213845
2026-06-05,46.68,48.2,44.79,46.65,62074201.0,2910320989.0,1559414363.0,0.03980609802809672
2026-06-08,45.57,45.77,43.08,43.5,59351800.0,2654265819.0,1559414363.0,0.03806031379999544
2026-06-09,44.2,44.86,43.25,44.64,41536054.0,1842051990.0,1559414363.0,0.02663567489534531
2026-06-10,44.12,44.43,41.7,42.5,43683346.0,1888258390.0,1559414363.0,0.02801266105819496
2026-06-11,41.83,42.42,41.18,41.47,37758101.0,1583355662.0,1559414363.0,0.024213000659658538
2026-06-12,42.12,43.07,40.9,40.9,58127998.0,2468345542.0,1559414363.0,0.037275530724350525
2026-06-15,41.71,42.34,41.38,42.3,44034532.0,1858234580.0,1559414363.0,0.028237864832337704
2026-06-16,43.57,49.21,42.4,49.05,146998903.0,6887335936.0,1559414363.0,0.09426545406264158
2026-06-17,47.33,48.27,46.76,47.79,103089627.0,4930373425.0,1559414363.0,0.06610791169171756
2026-06-18,47.75,48.61,45.97,46.4,87653528.0,4146292954.0,1559414363.0,0.05620926039912331
2026-06-22,45.67,47.06,44.75,47.01,83019933.0,3862006522.0,1559414363.0,0.05323789171743059
2026-06-23,46.96,47.33,43.73,43.99,72019145.0,3277826885.0,1559414363.0,0.046183456244079754
2026-06-24,44.35,45.77,43.85,44.96,52398396.0,2369693352.0,1559414363.0,0.033601329603759715
2026-06-25,44.86,44.88,43.2,43.64,54802703.0,2413908546.0,1559414363.0,0.03514313084469134
2026-06-26,43.38,43.56,40.51,40.54,60778777.0,2545555320.0,1559414363.0,0.03897538617194332
2026-06-29,40.21,40.41,38.61,39.74,55161284.0,2193259547.0,1559414363.0,0.03537307678369767
2026-06-30,39.7,41.25,39.3,40.72,47277431.0,1906980845.0,1559414363.0,0.030317426927534332
2026-07-01,41.04,41.49,39.03,39.96,52930200.0,2113355762.0,1559414363.0,0.03394235762852211
2026-07-02,39.47,40.12,38.46,38.52,51491580.0,2020494784.0,1559414363.0,0.033019818992137885
2026-07-03,38.51,40.23,38.38,39.29,49255498.0,1934192883.0,1559414363.0,0.031585894787606233
2026-07-06,39.24,39.75,37.86,37.88,44122102.0,1704250857.0,1559414363.0,0.028294020529038823
2026-07-07,37.99,38.88,37.1,37.25,36874390.0,1396872589.0,1559414363.0,0.02364630650769503
2026-07-08,37.56,40.49,35.81,36.95,84488462.0,3206941241.0,1559414363.0,0.05417960998990747
2026-07-09,37.4,37.6,35.46,37.05,52146046.0,1901657220.0,1559414363.0,0.03343950603333003
2026-07-10,37.3,37.6,36.14,36.25,45852177.0,1694649004.0,1559414363.0,0.029403459457555348
2026-07-13,36.0,36.2,33.87,33.98,46847132.0,1620242956.0,1559414363.0,0.030041490646447254
2026-07-14,34.0,34.48,32.91,34.47,33923760.0,1146307574.0,1559414363.0,0.0217541666954622
2026-07-15,34.46,34.96,33.5,33.73,30686112.0,1047689311.0,1559414363.0,0.019677971890015227
2026-07-16,33.5,33.77,32.51,32.74,33058668.0,1094169109.0,1559414363.0,0.021199412282186348
2026-07-17,32.74,33.13,30.85,31.06,47870397.0,1525691435.0,1559414363.0,0.03069767608649376
2026-07-20,31.61,32.77,30.5,31.27,61223298.0,1939113154.0,1559414363.0,0.03926044254345502
2026-07-21,31.4,32.78,31.11,32.76,59783693.0,1916756578.0,1559414363.0,0.038337272259688686
2026-07-22,32.92,33.06,31.77,31.89,42882501.0,1389256633.0,1559414363.0,0.027499106085891553
2026-07-23,32.05,33.14,31.9,33.09,45522211.0,1485498132.0,1559414363.0,0.02919186335594884
2026-07-24,32.75,32.94,32.01,32.02,35479165.0,1148296748.0,1559414363.0,0.022751595625774033
2026-07-27,32.6,34.26,32.37,33.51,52681894.0,1753684935.0,1559414363.0,0.033783127339324114
2026-07-28,33.25,34.2,32.9,33.03,38725284.0,1291448919.0,1559414363.0,0.024833222598707076
2026-07-29,32.98,33.8,31.81,33.41,42710286.0,1406110241.0,1559414363.0,0.02738867039664428
2026-07-30,33.0,33.88,32.87,33.38,41488745.0,1386374421.0,1559414363.0,0.026605337224279497
2026-07-31,33.98,34.51,33.53,33.85,46590897.0,1584140789.0,1559414363.0,0.029877175756139934
2026-08-03,33.6,34.19,33.13,33.92,32423794.0,1097075154.0,1559414363.0,0.02079228893186743
2026-08-04,33.94,34.58,33.65,34.33,35577879.0,1217666491.0,1559414363.0,0.022814897594988996
2026-08-05,34.34,35.27,34.0,35.18,47310681.0,1648390782.0,1559414363.0,0.03033874903459511
2026-08-06,35.06,35.32,34.1,34.5,39622550.0,1373322316.0,1559414363.0,0.025408609116421225
2026-08-07,34.48,35.05,33.9,34.9,39702346.0,1374345559.0,1559414363.0,0.02545977960830158
2026-08-10,35.07,35.5,34.52,35.05,31200344.0,1090288904.0,1559414363.0,0.020007731581987487
2026-08-11,34.89,35.66,34.76,34.9,31743047.0,1117376412.0,1559414363.0,0.020355748769001175
2026-08-12,34.64,35.88,34.6,35.39,33995357.0,1204648713.0,1559414363.0,0.021800079444311237
2026-08-13,35.45,35.62,34.6,34.63,29567102.0,1040288989.0,1559414363.0,0.018960388400629347
