date,open,high,low,close,volume,amount,outstanding_share,turnover
2020-09-28,119.44,136.68,116.08,126.94,17938997.0,6066478346.0,26006394.0,0.6897917873581397
2020-09-29,130.68,132.13,124.41,127.8,6085674.0,2109143885.0,26006394.0,0.23400683693402477
2020-09-30,124.29,128.96,121.98,123.26,3331983.0,1118288823.0,26006394.0,0.12812168422888617
2020-10-09,123.54,135.07,123.54,133.62,3924558.0,1360215543.0,26006394.0,0.15090742684279873
2020-10-12,133.24,141.84,132.5,141.42,3246109.0,1198765813.0,26006394.0,0.12481965012142783
2020-10-13,141.09,165.27,138.18,149.75,3240182.0,1300834658.0,26006394.0,0.12459174463018595
2020-10-14,146.77,173.56,146.69,169.45,2542849.0,1087429859.0,26006394.0,0.09777783878841488
2020-10-15,165.72,168.33,156.81,161.26,2103149.0,911507346.0,26006394.0,0.08087045824192313
2020-10-16,159.6,167.12,151.58,159.94,1785449.0,754695259.0,26006394.0,0.06865423172470586
2020-10-19,161.24,168.26,157.14,161.62,1545132.0,675045093.0,26006394.0,0.059413542684925866
2020-10-20,161.62,161.62,154.6,160.12,1293961.0,549736124.0,26006394.0,0.04975549474486928
2020-10-21,161.2,169.82,159.75,165.98,1490670.0,661580828.0,26006394.0,0.057319365383759084
2020-10-22,163.33,169.27,159.33,164.6,908348.0,399387118.0,26006394.0,0.03492787196871661
2020-10-23,164.6,164.89,152.31,154.9,1465139.0,620480510.0,26006394.0,0.05633764527292788
2020-10-26,153.07,177.25,153.03,169.83,1976005.0,878091695.0,26006394.0,0.07598150670177496
2020-10-27,168.34,183.26,166.47,182.92,1520382.0,709474815.0,26006394.0,0.05846185365029846
2020-10-28,180.28,184.91,175.31,175.95,1646427.0,792167140.0,26006394.0,0.06330854635210095
2020-10-29,173.93,186.73,173.93,184.44,1586244.0,773288551.0,26006394.0,0.06099438468862696
2020-10-30,184.01,188.86,179.23,179.9,1109920.0,546495607.0,26006394.0,0.04267873508337988
2020-11-02,180.3,190.36,175.84,190.32,1336278.0,658014454.0,26006394.0,0.051382671507630005
2020-11-03,192.59,215.55,189.31,204.19,1646051.0,886124256.0,26006394.0,0.06329408836919105
2020-11-04,204.5,209.32,196.7,205.66,1553116.0,847148912.0,26006394.0,0.0597205441092679
2020-11-05,205.66,209.02,200.43,204.69,1167098.0,641196648.0,26006394.0,0.04487734823982133
2020-11-06,203.5,204.17,191.18,199.69,1632925.0,862987695.0,26006394.0,0.06278936633813977
2020-11-09,198.23,214.24,194.93,205.96,1578729.0,865871690.0,26006394.0,0.06070541729084009
2020-11-10,203.42,207.15,195.21,204.54,1173820.0,632756918.0,26006394.0,0.04513582313641791
2020-11-11,201.55,217.23,196.57,197.48,1690078.0,934533780.0,26006394.0,0.06498701819252604
2020-11-12,198.95,209.02,194.46,207.35,1447105.0,780689269.0,26006394.0,0.05564420042240381
2020-11-13,207.41,212.0,202.81,211.59,1029265.0,573269224.0,26006394.0,0.03957738239296075
2020-11-16,217.05,247.83,212.34,242.24,2995627.0,1864068611.0,26006394.0,0.11518809566601199
2020-11-17,237.39,238.88,227.83,233.61,1502795.0,939753522.0,26006394.0,0.057785596880521
2020-11-18,231.79,237.01,201.55,212.94,2982440.0,1718013352.0,26006394.0,0.11468102805794606
2020-11-19,209.39,213.82,201.18,210.14,1650572.0,922279646.0,26006394.0,0.06346793023284966
2020-11-20,208.46,219.79,208.11,216.49,1173716.0,675264106.0,26006394.0,0.045131824119868366
2020-11-23,214.99,220.96,204.34,209.02,1624538.0,918416239.0,26006394.0,0.06246686872466825
2020-11-24,205.28,207.04,197.45,199.27,1804289.0,966797470.0,26006394.0,0.0693786689534889
2020-11-25,199.27,203.8,194.83,199.24,1130140.0,606485864.0,26006394.0,0.043456236185608815
2020-11-26,197.86,206.43,197.86,201.18,888150.0,480881604.0,26006394.0,0.034151216812296235
2020-11-27,201.93,204.7,190.34,192.59,1342620.0,704754974.0,26006394.0,0.05162653461298787
2020-11-30,190.73,192.26,182.14,189.46,1768827.0,888985118.0,26006394.0,0.06801508121425831
2020-12-01,188.51,200.06,188.51,198.53,1449463.0,761226702.0,26006394.0,0.05573487043224831
2020-12-02,198.6,201.52,195.21,196.7,796632.0,421826123.0,26006394.0,0.03063215915286064
2020-12-03,195.95,215.24,195.95,212.33,1567512.0,871786911.0,26006394.0,0.060274100284722285
2020-12-04,211.63,218.72,209.85,213.51,937823.0,537788078.0,26006394.0,0.03606124709177289
2020-12-07,212.0,226.49,207.6,222.38,1389589.0,823439991.0,26006394.0,0.05343259046217634
2020-12-08,222.46,230.59,219.51,222.38,1030920.0,621161326.0,26006394.0,0.03964102058901361
2020-12-09,222.45,222.83,212.23,212.23,1125604.0,653098747.0,26006394.0,0.0432818175407171
2020-12-10,211.29,217.23,210.14,216.85,1182162.0,677727152.0,26006394.0,0.04545659040619011
2020-12-11,215.69,227.6,213.99,223.95,1410640.0,839830653.0,26006394.0,0.054242045244719435
2020-12-14,224.95,236.97,221.33,235.7,1404838.0,870813217.0,26006394.0,0.05401894626375345
2020-12-15,233.5,234.77,222.75,226.18,1463699.0,892963486.0,26006394.0,0.05628227427454956
2020-12-16,226.56,230.05,223.2,228.43,862771.0,524898904.0,26006394.0,0.033175341417960524
2020-12-17,228.76,232.53,223.95,225.53,869734.0,527966777.0,26006394.0,0.03344308326636903
2020-12-18,225.53,243.7,224.32,234.77,1360969.0,857157183.0,26006394.0,0.05233209186940719
2020-12-21,236.09,248.58,232.24,242.31,1292238.0,833727152.0,26006394.0,0.04968924180722633
2020-12-22,239.62,243.36,233.28,236.64,1048741.0,666381435.0,26006394.0,0.04032627514602755
2020-12-23,235.15,242.5,233.97,241.11,1016077.0,646888824.0,26006394.0,0.03907027633281261
2020-12-24,240.44,244.14,225.83,229.96,1418057.0,883686594.0,26006394.0,0.05452724433845
2020-12-25,227.68,230.97,223.2,227.31,1261627.0,762621315.0,26006394.0,0.04851218511878271
2020-12-28,223.95,233.13,218.39,232.53,1135891.0,691657502.0,26006394.0,0.043677374110382236
2020-12-29,231.41,233.79,223.97,228.43,973058.0,596298428.0,26006394.0,0.03741610620834246
2020-12-30,226.21,238.88,225.81,236.92,967400.0,609902566.0,26006394.0,0.0371985443272143
2020-12-31,239.21,251.64,239.21,244.48,1475082.0,975012300.0,26006394.0,0.05671997432631375
2021-01-04,246.67,267.99,243.73,263.61,1469803.0,1023402283.0,26006394.0,0.05651698578434211
2021-01-05,260.9,278.54,260.55,269.11,1857309.0,1338302628.0,26006394.0,0.07141739835211294
2021-01-06,265.38,268.36,261.27,265.0,925075.0,655556516.0,26006394.0,0.03557105994779591
2021-01-07,267.62,275.45,265.04,272.1,973623.0,703796267.0,26006394.0,0.037437831634789503
2021-01-08,270.23,276.2,263.16,271.31,852391.0,613286258.0,26006394.0,0.03277620880465012
2021-01-11,271.31,283.79,261.65,268.03,1132911.0,824511213.0,26006394.0,0.043562786905404875
2021-01-12,263.88,289.27,262.03,288.22,1216834.0,901386062.0,26006394.0,0.046789801000477034
2021-01-13,286.09,291.75,278.44,284.04,838052.0,638106205.0,26006394.0,0.032224844397881536
2021-01-14,283.66,286.28,268.35,274.34,941082.0,695933619.0,26006394.0,0.03618656242768605
2021-01-15,271.53,273.84,261.64,268.36,954248.0,681573742.0,26006394.0,0.036692822542025626
2021-01-18,263.88,273.51,262.52,267.62,811920.0,583241476.0,26006394.0,0.031220014585643822
2021-01-19,264.3,271.45,258.3,259.44,847490.0,601475496.0,26006394.0,0.03258775514975279
2021-01-20,259.44,281.8,259.41,278.44,1250461.0,917358374.0,26006394.0,0.04808282916885748
2021-01-21,278.08,290.01,277.32,286.56,864383.0,657115055.0,26006394.0,0.03323732617447848
2021-01-22,287.4,311.21,287.03,306.06,1481094.0,1198360676.0,26006394.0,0.05695114824454325
2021-01-25,306.81,313.11,298.97,308.3,1007529.0,828470499.0,26006394.0,0.038741587934105745
2021-01-26,304.94,306.06,297.14,298.6,808364.0,650877501.0,26006394.0,0.031083278981315132
2021-01-27,296.99,301.21,282.17,294.5,928770.0,722389480.0,26006394.0,0.0357131403915514
2021-01-28,287.78,294.71,281.48,282.17,779339.0,600521446.0,26006394.0,0.029967207295252082
2021-01-29,287.4,302.33,287.4,295.8,1284108.0,1018070626.0,26006394.0,0.04937662637888206
2021-02-01,298.07,319.72,290.53,319.15,1208676.0,1004224592.0,26006394.0,0.04647610891383096
2021-02-02,315.39,324.13,311.66,320.5,810595.0,690818795.0,26006394.0,0.031169065576719324
2021-02-03,317.26,347.86,317.26,334.46,1457472.0,1313732724.0,26006394.0,0.05604283315864552
2021-02-04,336.48,350.76,328.04,346.74,1303640.0,1185390717.0,26006394.0,0.05012767244855246
2021-02-05,343.39,345.76,329.93,337.41,977834.0,884436352.0,26006394.0,0.03759975335296389
2021-02-08,339.21,364.62,335.92,338.53,1450743.0,1355386538.0,26006394.0,0.05578408909747349
2021-02-09,356.0,406.24,356.0,406.24,2772695.0,2889234317.0,26006394.0,0.10661589607540362
2021-02-10,399.37,462.08,393.05,453.49,2616759.0,2999835091.0,26006394.0,0.10061983218434667
2021-02-18,463.58,496.8,436.46,459.85,2432116.0,3029899401.0,26006394.0,0.09351992436936855
2021-02-19,458.35,458.35,392.33,423.96,3006312.0,3372328533.0,26006394.0,0.11559895616439557
2021-02-22,414.72,434.62,386.64,392.46,2672393.0,2920754624.0,26006394.0,0.10275907532586025
2021-02-23,387.99,401.99,379.59,400.87,1844674.0,1933161463.0,26006394.0,0.07093155629342537
2021-02-24,397.88,397.88,325.93,345.63,5289129.0,5030706140.0,26006394.0,0.20337802311231615
2021-02-25,339.65,345.58,323.48,334.13,2882830.0,2565577804.0,26006394.0,0.11085081614929006
2021-02-26,324.72,328.83,306.81,312.35,3128385.0,2666546137.0,26006394.0,0.12029291719567119
2021-03-01,315.39,330.49,312.42,329.58,2650875.0,2281932647.0,26006394.0,0.10193166342092641
2021-03-02,328.83,334.89,308.68,315.18,2507980.0,2158373851.0,26006394.0,0.09643705313393314
2021-03-03,309.81,324.83,302.33,324.35,1981344.0,1681901392.0,26006394.0,0.07618680236867903
2021-03-04,317.26,317.33,286.35,288.89,3835275.0,3068949893.0,26006394.0,0.14747430958709615
2021-03-05,280.31,300.83,280.31,294.49,2680309.0,2098141410.0,26006394.0,0.10306346200861219
2021-03-08,294.49,297.01,258.66,258.66,3755903.0,2754710099.0,26006394.0,0.14442229091814882
2021-03-09,259.45,269.48,252.36,256.79,3330600.0,2333722663.0,26006394.0,0.12806850499919367
2021-03-10,268.36,273.85,261.03,267.04,3044982.0,2179711901.0,26006394.0,0.11708589818334676
2021-03-11,265.01,308.67,265.01,302.73,4680850.0,3666907931.0,26006394.0,0.17998842899942222
2021-03-12,300.46,308.09,282.92,296.73,3174648.0,2512776377.0,26006394.0,0.1220718258748214
2021-03-15,292.94,292.94,265.04,280.26,3162785.0,2333677554.0,26006394.0,0.12161566882359777
2021-03-16,276.74,303.07,267.96,296.72,5272381.0,2237656065.0,46811509.0,0.11263001583649013
2021-03-17,289.57,298.74,279.12,294.29,3873411.0,1671771945.0,46811509.0,0.08274484379471723
2021-03-18,295.51,322.5,295.18,304.91,6056289.0,2773768370.0,46811509.0,0.12937606860740167
2021-03-19,291.64,307.12,291.64,298.23,3901178.0,1730128556.0,46811509.0,0.08333800988983286
2021-03-22,296.99,309.74,287.61,296.18,3502173.0,1542075812.0,46811509.0,0.07481435815282092
2021-03-23,294.97,294.97,257.17,267.77,5971951.0,2412715448.0,46811509.0,0.12757441765015523
2021-03-24,259.26,265.16,253.9,261.39,3461394.0,1330603068.0,46811509.0,0.07394322622669566
2021-03-25,256.67,257.77,242.32,249.88,3809227.0,1413447891.0,46811509.0,0.08137372798642317
2021-03-26,249.77,267.68,249.77,260.27,4709254.0,1803739793.0,46811509.0,0.1006003459533851
2021-03-29,253.8,271.34,252.53,261.5,5015034.0,1945820632.0,49378687.0,0.1015627248249837
2021-03-30,260.55,286.87,256.55,280.79,6198513.0,2533075412.0,49378687.0,0.12553013003363173
2021-03-31,276.07,284.84,274.44,278.09,3056169.0,1264200972.0,49378687.0,0.06189247194847445
2021-04-01,278.16,296.31,278.16,293.21,4608369.0,1972934553.0,49378687.0,0.09332708664367685
2021-04-02,290.76,321.29,290.72,315.89,5427528.0,2481645844.0,49378687.0,0.109916409887529
2021-04-06,320.63,337.49,320.28,323.94,6233562.0,3028164355.0,49378687.0,0.12623993019498472
2021-04-07,316.04,322.98,311.84,319.94,4037197.0,1897786300.0,49378687.0,0.08175990989796873
2021-04-08,317.28,361.44,314.25,354.37,6929257.0,3476986834.0,49378687.0,0.14032890343965607
2021-04-09,349.64,361.11,342.89,346.53,5010747.0,2604765538.0,49378687.0,0.10147590599158701
2021-04-12,345.59,366.59,332.01,344.24,5537036.0,2855745356.0,49378687.0,0.1121341278272547
2021-04-13,344.24,349.58,332.69,335.1,4495607.0,2268401664.0,49378687.0,0.09104346982737714
2021-04-14,332.16,353.02,330.85,350.95,4561200.0,2334937852.0,49378687.0,0.09237183645648576
2021-04-15,347.62,352.34,338.43,345.03,3152657.0,1611667193.0,49378687.0,0.06384651337529489
2021-04-16,344.23,352.55,334.15,341.99,3643821.0,1857071153.0,49378687.0,0.073793395924035
2021-04-19,336.14,359.01,328.14,356.27,4395881.0,2250822637.0,49378687.0,0.08902385355041943
2021-04-20,352.55,388.8,352.55,375.28,5412532.0,2981578607.0,49378687.0,0.10961271610968513
2021-04-21,373.61,415.39,371.41,411.41,6776040.0,3980594977.0,49378687.0,0.13722600602968646
2021-04-22,408.23,418.49,401.65,411.61,4205049.0,2552381696.0,49378687.0,0.08515919023930305
2021-04-23,410.39,410.39,388.12,389.99,6078666.0,3555821518.0,49378687.0,0.12310303026080868
2021-04-26,392.17,409.85,386.09,392.84,4902225.0,2894527080.0,49378687.0,0.09927815618102603
2021-04-27,396.89,404.99,371.18,396.23,5243046.0,3015352851.0,49378687.0,0.10618034456849774
2021-04-28,390.14,402.25,384.74,397.97,3740479.0,2190166492.0,49378687.0,0.07575088013174591
2021-04-29,398.9,417.8,395.88,403.71,4194633.0,2534399726.0,49378687.0,0.08494824902897884
2021-04-30,400.94,430.58,398.24,417.28,5024693.0,3097471556.0,49378687.0,0.10175833553451917
2021-05-06,418.49,419.84,369.89,381.03,6466418.0,3772964292.0,49378687.0,0.1309556489422248
2021-05-07,378.69,382.72,352.26,352.36,5411290.0,2928806232.0,49378687.0,0.10958756355753242
2021-05-10,351.0,367.79,344.24,353.56,5667515.0,2979549239.0,49378687.0,0.11477654316729807
2021-05-11,349.64,369.93,339.72,366.85,4897714.0,2587933070.0,49378687.0,0.09918680097751485
2021-05-12,361.35,389.8,358.55,389.47,4480854.0,2495503165.0,49378687.0,0.09074469720104142
2021-05-13,382.72,404.99,378.33,391.22,4168639.0,2421350947.0,49378687.0,0.08442182757917399
2021-05-14,391.49,397.91,382.49,388.79,3066174.0,1775930626.0,49378687.0,0.062095089729704636
2021-05-17,384.74,428.73,382.72,423.69,5719041.0,3509999181.0,49378687.0,0.11582002980354662
2021-05-18,427.27,434.02,415.12,426.25,3364798.0,2114509086.0,49378687.0,0.0681427191452053
2021-05-19,423.34,437.39,420.19,424.57,3022655.0,1915293051.0,49378687.0,0.06121375807339713
2021-05-20,422.04,430.37,416.47,423.8,2803806.0,1754082427.0,49378687.0,0.05678170421987932
2021-05-21,425.34,427.6,401.62,409.04,3696015.0,2249365286.0,49378687.0,0.07485041066401786
2021-05-24,409.7,418.15,409.05,417.14,2321256.0,1425902442.0,49378687.0,0.04700926940402445
2021-05-25,417.48,458.57,417.48,449.41,4906172.0,3208380414.0,49378687.0,0.09935808945264178
2021-05-26,449.3,454.2,438.74,443.47,2786133.0,1838485890.0,49378687.0,0.05642379676883672
2021-05-27,440.09,457.57,436.47,449.27,2888788.0,1920894429.0,49378687.0,0.058502730135371966
2021-05-28,449.58,463.04,433.0,442.79,3431197.0,2279503708.0,49378687.0,0.0694874086060652
2021-05-31,439.42,458.89,439.19,456.74,2810156.0,1880079016.0,49378687.0,0.05691030221196444
2021-06-01,455.62,465.04,444.53,458.97,2932326.0,1978644016.0,49378687.0,0.05938444657307312
2021-06-02,461.69,461.69,417.9,418.53,5486922.0,3507191389.0,49378687.0,0.11111923652404933
2021-06-03,411.75,434.31,411.75,428.62,3687512.0,2322493211.0,49378687.0,0.07467821086453758
2021-06-04,422.2,442.07,421.87,437.13,2508838.0,1612448446.0,49378687.0,0.050808114845176014
2021-06-07,428.62,434.98,413.09,431.46,3126890.0,1966098971.0,49378687.0,0.06332468905056143
2021-06-08,429.31,447.52,422.27,434.0,3532541.0,2291662792.0,49378687.0,0.07153979205643925
2021-06-09,432.46,435.33,419.31,429.97,2641045.0,1669638299.0,49378687.0,0.05348552504038838
2021-06-10,429.97,440.09,420.18,434.98,2988013.0,1906311788.0,49378687.0,0.06051220033452894
2021-06-11,434.17,443.87,405.17,441.44,5264891.0,3339108118.0,49378687.0,0.10662274191292288
2021-06-15,438.36,448.87,435.37,439.33,2319280.0,1517002199.0,49378687.0,0.046969252139085836
2021-06-16,439.33,440.77,413.02,414.44,2897500.0,1817572181.0,49378687.0,0.0586791625301823
2021-06-17,411.75,429.17,411.75,424.99,2173735.0,1364599717.0,49378687.0,0.044021725405537816
2021-06-18,425.02,446.16,420.52,444.82,3208764.0,2058078583.0,49378687.0,0.06498277283071541
2021-06-21,444.26,475.87,438.12,466.42,3591599.0,2457771646.0,49378687.0,0.07273581413778783
2021-06-22,465.74,475.12,461.02,468.44,2406323.0,1670752043.0,49378687.0,0.048732016709962335
2021-06-23,469.12,481.73,465.74,473.17,2546911.0,1792423734.0,49378687.0,0.05157915600307477
2021-06-24,473.85,476.86,455.62,465.85,2565052.0,1761396618.0,49378687.0,0.0519465412273923
2021-06-25,472.49,517.63,472.38,507.94,4377568.0,3240429150.0,49378687.0,0.08865298504190684
2021-06-28,527.17,536.62,509.96,522.44,3380858.0,2615039379.0,49378687.0,0.06846796068109304
2021-06-29,530.3,542.68,517.04,532.3,2968557.0,2340316064.0,49378687.0,0.06011818418744103
2021-06-30,533.25,539.99,522.44,532.48,2189714.0,1726515619.0,49378687.0,0.044345326557589514
2021-07-01,533.24,569.99,529.2,553.49,3316887.0,2716347535.0,49378687.0,0.06717244223200994
2021-07-02,546.74,549.39,523.12,532.57,3131017.0,2487516974.0,49378687.0,0.06340826761959062
2021-07-05,531.89,566.1,527.24,549.57,2893030.0,2360873730.0,49378687.0,0.05858863764441529
2021-07-06,555.63,557.54,492.74,514.33,5319932.0,4093124647.0,49378687.0,0.10773741310699493
2021-07-07,508.27,534.08,502.87,528.85,3236922.0,2502192511.0,49378687.0,0.06555301885609069
2021-07-08,531.22,537.67,507.59,512.99,2638230.0,2020730063.0,49378687.0,0.05342851663917269
2021-07-09,506.24,509.19,484.37,497.6,3645083.0,2668679775.0,49378687.0,0.07381895350923365
2021-07-12,506.24,525.14,492.75,519.07,2826344.0,2149879328.0,49378687.0,0.05723813595934619
2021-07-13,516.47,530.2,507.94,514.27,2026319.0,1553477161.0,49378687.0,0.04103630783054236
2021-07-14,509.89,543.15,502.87,537.28,3545857.0,2785061095.0,49378687.0,0.07180946305842438
2021-07-15,532.57,543.36,526.64,541.73,2164514.0,1722053476.0,49378687.0,0.04383498491970837
2021-07-16,536.62,538.64,516.37,521.89,2263432.0,1756796328.0,49378687.0,0.04583823786161021
2021-07-19,522.93,539.31,514.46,524.64,1718669.0,1340983230.0,49378687.0,0.03480588700141014
2021-07-20,519.07,528.5,516.96,519.75,1234952.0,953434184.0,49378687.0,0.02500981850732483
2021-07-21,523.01,542.02,518.39,539.32,2289223.0,1810223294.0,49378687.0,0.0463605482259988
2021-07-22,546.75,548.76,515.69,516.78,2967239.0,2327723584.0,49378687.0,0.060091492509713754
2021-07-23,510.63,512.92,473.84,491.39,3585224.0,2615740297.0,49378687.0,0.07260670985439528
2021-07-26,482.61,482.61,398.24,417.41,7071633.0,4551876281.0,49378687.0,0.1432122526870753
2021-07-27,417.41,429.96,405.82,417.48,4404298.0,2735808782.0,49378687.0,0.08919431170780219
2021-07-28,417.82,454.06,417.14,451.94,4262230.0,2768609582.0,49378687.0,0.0863171999692904
2021-07-29,471.82,471.82,448.87,460.54,2784674.0,1898534935.0,49378687.0,0.05639424960813559
2021-07-30,450.89,457.98,425.8,437.94,3153719.0,2040123054.0,49378687.0,0.06386802063003418
2021-08-02,424.57,442.12,391.72,433.54,4309868.0,2659075006.0,49378687.0,0.0872819481814087
2021-08-03,428.03,449.54,415.79,439.32,3478182.0,2253769731.0,49378687.0,0.07043893248923366
2021-08-04,432.0,447.52,425.26,441.23,2216951.0,1437883469.0,49378687.0,0.04489692081119937
2021-08-05,431.24,441.48,420.52,429.33,2378595.0,1519211566.0,49378687.0,0.04817047889507471
2021-08-06,425.25,438.82,420.49,422.54,1883533.0,1195445606.0,49378687.0,0.038144655405681405
2021-08-09,405.67,431.92,402.08,423.62,2291494.0,1430651995.0,49378687.0,0.04640653972836499
2021-08-10,423.51,455.26,412.53,444.75,3694518.0,2375891818.0,49378687.0,0.07482009394052945
2021-08-11,440.09,461.35,418.49,420.52,3832580.0,2475218885.0,49378687.0,0.07761607755993997
2021-08-12,412.42,425.01,412.11,416.47,1940536.0,1202240159.0,49378687.0,0.03929906034155991
2021-08-13,416.47,427.27,413.73,416.4,1918103.0,1192236233.0,49378687.0,0.03884475502558422
2021-08-16,417.14,433.69,413.09,428.75,2364789.0,1498247665.0,49378687.0,0.04789088458346412
2021-08-17,423.89,430.84,412.28,413.79,2008545.0,1249594084.0,49378687.0,0.04067635496261778
2021-08-18,413.08,419.13,391.76,395.21,3313999.0,1964922008.0,49378687.0,0.06711395546017658
2021-08-19,394.87,414.35,392.17,402.96,2283499.0,1368295962.0,49378687.0,0.046244627768251514
2021-08-20,398.31,398.38,356.39,364.49,5583332.0,3067676233.0,49378687.0,0.11307169832199061
2021-08-23,371.25,380.42,359.11,379.33,3056766.0,1685713321.0,49378687.0,0.06190456218489568
2021-08-24,398.24,400.61,367.19,396.93,3850336.0,2215561582.0,49378687.0,0.07797566589812321
2021-08-25,399.65,410.93,392.96,399.42,2613225.0,1552948301.0,49378687.0,0.05292212407348944
2021-08-26,399.33,399.42,388.31,393.79,1885425.0,1101893001.0,49378687.0,0.03818297153182708
2021-08-27,391.55,413.42,390.14,402.63,2326898.0,1398226542.0,49378687.0,0.0471235292262834
2021-08-30,384.74,391.43,363.14,384.1,3440148.0,1932538840.0,49378687.0,0.06966868114577449
2021-08-31,380.69,396.22,373.27,396.22,3137891.0,1801578194.0,49378687.0,0.0635474774774793
2021-09-01,401.62,401.62,368.14,386.07,2791184.0,1580157878.0,49378687.0,0.056526087864588216
2021-09-02,377.99,386.77,361.79,362.68,2667943.0,1466336765.0,49378687.0,0.0540302539838696
2021-09-03,360.95,360.98,343.82,347.96,2990307.0,1559657362.0,49378687.0,0.06055865762489796
2021-09-06,346.72,381.21,342.89,380.34,3757321.0,2051900126.0,49378687.0,0.0760919584597298
2021-09-07,380.35,388.75,371.24,387.23,2112499.0,1196892253.0,49378687.0,0.042781595225486656
2021-09-08,387.23,395.45,373.3,373.53,2069825.0,1166397386.0,49378687.0,0.041917376215370006
2021-09-09,373.94,378.33,363.58,369.2,1563692.0,855456942.0,49378687.0,0.03166734668339804
2021-09-10,369.86,373.94,363.15,366.52,1502356.0,817539281.0,49378687.0,0.03042519133811719
2021-09-13,363.24,378.79,359.77,362.3,1577013.0,858902303.0,49378687.0,0.031937118943644656
2021-09-14,360.54,369.22,358.69,359.94,1498623.0,808150944.0,49378687.0,0.030349591920092976
2021-09-15,359.78,367.87,348.89,357.02,1579928.0,840933864.0,49378687.0,0.03199615251009003
2021-09-16,351.68,367.87,346.62,363.63,2540532.0,1357027847.0,49378687.0,0.05144997071307303
2021-09-17,363.14,385.62,349.47,376.41,3572219.0,1951435137.0,49378687.0,0.07234333711627448
2021-09-22,367.82,392.09,365.24,381.03,2575117.0,1447756978.0,49378687.0,0.0521503741077603
2021-09-23,377.99,391.53,373.27,384.0,2395863.0,1363208047.0,49378687.0,0.04852018442693707
2021-09-24,382.99,408.37,375.45,395.7,4004381.0,2341953880.0,49378687.0,0.08109533167619463
2021-09-27,384.74,412.18,377.99,385.81,3943562.0,2320088055.0,49378687.0,0.07986364643515126
2021-09-28,381.39,393.42,371.45,372.4,2707615.0,1526358414.0,49378687.0,0.05483367753379104
2021-09-29,379.35,404.99,376.02,398.09,3330315.0,1941076925.0,88135228.0,0.03778642292727716
2021-09-30,397.55,404.32,389.47,400.14,2204312.0,1296272322.0,88135228.0,0.02501056671686377
2021-10-08,408.37,411.74,398.24,404.32,2015988.0,1209871251.0,88135228.0,0.022873804785527984
2021-10-11,391.46,403.71,388.12,390.83,2311736.0,1349814161.0,88135228.0,0.02622942099837763
2021-10-12,390.15,422.88,384.78,414.64,4159702.0,2529035756.0,88135228.0,0.04719681442249177
2021-10-13,412.42,445.49,406.52,439.75,3927881.0,2489887616.0,88135228.0,0.044566526792215254
2021-10-14,440.19,440.2,422.04,432.13,2441595.0,1561875316.0,88135228.0,0.027702827296254343
2021-10-15,434.71,451.02,423.82,444.95,4031207.0,2615787642.0,88135228.0,0.045738884342592274
2021-10-18,441.44,442.79,411.74,421.19,3386162.0,2122464997.0,88135228.0,0.03842007420687673
2021-10-19,421.19,434.99,418.49,426.16,1962927.0,1243783529.0,88135228.0,0.02227176402153291
2021-10-20,431.61,438.74,414.74,426.63,2198587.0,1386580181.0,88135228.0,0.024945609716922727
2021-10-21,423.22,431.82,419.17,426.15,1659006.0,1046173406.0,88135228.0,0.018823415309029437
2021-10-22,428.23,428.85,414.45,419.17,1697287.0,1056479653.0,88135228.0,0.019257759224268416
2021-10-25,417.82,426.5,411.81,424.26,1469131.0,921183601.0,88135228.0,0.016669055420155038
2021-10-26,420.51,429.97,416.39,421.8,1351169.0,847465145.0,88135228.0,0.015330634873946205
2021-10-27,418.5,427.02,416.51,421.81,1426512.0,890953544.0,88135228.0,0.016185491685572085
2021-10-28,419.24,423.89,405.67,407.89,2169281.0,1326699830.0,88135228.0,0.024613097954429754
2021-10-29,411.74,427.4,410.46,422.34,2277186.0,1414056211.0,88135228.0,0.025837409758558746
2021-11-01,419.84,419.84,388.79,396.68,3615372.0,2145417806.0,88135228.0,0.04102073690669978
2021-11-02,391.49,403.31,390.14,391.83,2100010.0,1231645233.0,88135228.0,0.023827135274444404
2021-11-03,398.92,400.04,386.77,392.75,1483774.0,864491619.0,88135228.0,0.01683519783939289
2021-11-04,391.89,395.54,385.82,386.48,1619916.0,936621445.0,88135228.0,0.01837989231729224
2021-11-05,386.09,389.66,375.06,380.69,1769090.0,999264392.0,88135228.0,0.020072450484839046
2021-11-08,384.68,392.17,379.23,387.38,1362443.0,781599776.0,88135228.0,0.015458551942476395
2021-11-09,386.3,390.75,380.36,384.14,1282473.0,730047337.0,88135228.0,0.014551196259457114
2021-11-10,385.42,389.81,377.99,382.72,993286.0,562849700.0,88135228.0,0.011270022470470037
2021-11-11,379.67,384.73,378.06,384.25,1016407.0,575595582.0,88135228.0,0.011532357980624955
2021-11-12,385.34,387.1,381.37,381.44,934325.0,531097069.0,88135228.0,0.010601039121382883
2021-11-15,382.04,391.49,375.31,391.49,1735202.0,992220778.0,88135228.0,0.019687950429991514
2021-11-16,392.18,398.84,388.83,396.66,2605830.0,1524754573.0,88135228.0,0.029566270594999767
2021-11-17,396.22,396.66,380.64,381.44,2237629.0,1273425027.0,88135228.0,0.0253885880910185
2021-11-18,378.43,380.34,371.24,378.67,1697982.0,943008632.0,88135228.0,0.019265644833868247
2021-11-19,377.99,384.66,376.64,381.98,990929.0,560400924.0,88135228.0,0.011243279475035794
2021-11-22,382.72,392.15,381.37,388.07,1477591.0,850863814.0,88135228.0,0.016765044279456565
2021-11-23,388.02,392.17,384.11,386.77,1160212.0,666056882.0,88135228.0,0.013163998395737968
2021-11-24,384.86,391.49,379.01,391.48,1745121.0,999797645.0,88135228.0,0.019800493396352252
2021-11-25,389.57,394.06,387.36,387.86,1240980.0,716334843.0,88135228.0,0.014080408347045973
2021-11-26,388.12,389.99,378.86,381.71,1545106.0,875362126.0,88135228.0,0.017531083030726376
2021-11-29,377.24,387.22,375.97,379.35,1369749.0,772289581.0,88135228.0,0.015541447285981946
2021-11-30,381.37,381.71,374.62,381.23,1463499.0,817810008.0,88135228.0,0.016605153616894255
2021-12-01,376.64,376.64,359.82,363.95,2408247.0,1309601688.0,88135228.0,0.027324454189872862
2021-12-02,363.14,366.44,360.31,360.31,1220273.0,655485668.0,88135228.0,0.013845462565774494
2021-12-03,358.6,377.12,358.55,375.21,2077364.0,1144905929.0,88135228.0,0.02357018920969944
2021-12-06,375.29,377.84,367.27,371.04,1332829.0,735506838.0,88135228.0,0.015122545550117598
2021-12-07,375.87,379.34,370.68,375.48,1596162.0,888542007.0,88135228.0,0.018110374661991002
2021-12-08,375.42,381.35,369.18,380.76,1909669.0,1066626425.0,88135228.0,0.021667488055967812
2021-12-09,382.04,413.09,378.1,400.88,4869559.0,2894172620.0,88135228.0,0.05525099452854425
2021-12-10,397.43,412.54,396.89,410.05,4860949.0,2949351523.0,88135228.0,0.055153303739113264
2021-12-13,411.74,417.82,406.73,411.74,2545097.0,1553029586.0,88135228.0,0.02887718177798326
2021-12-14,414.49,414.49,407.02,407.75,1410430.0,855998605.0,88135228.0,0.016003022083292278
2021-12-15,408.37,414.42,394.33,397.49,2067356.0,1233954538.0,88135228.0,0.02345663643146189
2021-12-16,398.92,409.37,397.24,404.32,1891040.0,1131103817.0,88135228.0,0.021456119680089782
2021-12-17,401.28,406.33,383.36,384.63,2344688.0,1359372575.0,88135228.0,0.026603301009217335
2021-12-20,381.04,390.14,371.99,372.7,1715554.0,964954016.0,88135228.0,0.01946502027543402
2021-12-21,377.97,381.23,371.55,376.82,1358916.0,756705906.0,88135228.0,0.015418533892032366
2021-12-22,378.07,380.68,373.94,374.62,1033355.0,576864364.0,88135228.0,0.011724653392852174
2021-12-23,377.32,378.49,364.49,371.24,1519411.0,833636613.0,88135228.0,0.017239542399549928
2021-12-24,374.39,378.53,369.96,370.49,1303230.0,721548265.0,88135228.0,0.014786709350771749
2021-12-27,372.12,375.75,362.47,367.46,1178203.0,641837366.0,88135228.0,0.013368127895465364
2021-12-28,367.46,370.35,362.47,369.7,1412380.0,764579490.0,88135228.0,0.016025147174975257
2021-12-29,369.09,371.78,360.45,361.46,1548242.0,836595595.0,88135228.0,0.017566664716632947
2021-12-30,360.41,371.18,359.8,366.53,1277739.0,694508556.0,88135228.0,0.014497483344571366
2021-12-31,365.81,369.76,360.75,361.87,1175872.0,633132585.0,88135228.0,0.01334167990125356
2022-01-04,361.79,363.76,351.01,355.04,1449321.0,769165219.0,88135228.0,0.016444287181057726
2022-01-05,355.04,359.77,348.37,354.37,1340635.0,703099221.0,88135228.0,0.015211113994054682
2022-01-06,352.41,357.0,325.22,328.04,3926365.0,1948192806.0,88135228.0,0.044549325951706846
2022-01-07,328.06,329.39,311.84,314.07,3378497.0,1586363409.0,88135228.0,0.03833310557726134
2022-01-10,313.86,326.02,310.64,325.34,2518257.0,1189379806.0,88135228.0,0.028572649746818606
2022-01-11,323.31,334.09,319.94,322.31,1633715.0,790280366.0,88135228.0,0.01853645854300167
2022-01-12,323.99,330.74,320.62,329.72,1277476.0,621156165.0,88135228.0,0.01449449929374438
2022-01-13,327.37,329.71,321.01,321.15,1005394.0,483236355.0,88135228.0,0.011407402270520024
2022-01-14,315.89,325.13,315.29,319.55,1403121.0,664961778.0,88135228.0,0.01592009270118414
2022-01-17,318.61,320.6,311.84,318.8,1269682.0,595626991.0,88135228.0,0.014406067004217656
2022-01-18,318.8,326.56,313.88,321.51,1392695.0,662624525.0,88135228.0,0.01580179721098583
2022-01-19,318.68,323.32,312.76,315.62,1229254.0,580258807.0,88135228.0,0.013947362795725678
2022-01-20,317.26,320.55,307.79,308.47,1507706.0,696733097.0,88135228.0,0.017106735118447756
2022-01-21,308.48,312.32,297.78,309.82,1555307.0,711228828.0,88135228.0,0.017646825625730497
2022-01-24,309.86,320.02,307.15,319.46,1854153.0,868562102.0,88135228.0,0.021037592368853917
2022-01-25,316.55,320.96,312.52,313.19,1382387.0,649845055.0,88135228.0,0.015684840572489357
2022-01-26,313.19,323.91,313.19,316.51,1108751.0,521896631.0,88135228.0,0.012580111553123798
2022-01-27,315.14,319.86,311.58,314.0,1039806.0,486216797.0,88135228.0,0.011797847734619804
2022-01-28,313.88,315.89,298.48,298.68,1439643.0,652775115.0,88135228.0,0.016334478649104988
2022-02-07,304.87,318.59,304.87,307.32,1471908.0,676085780.0,88135228.0,0.016700563819951768
2022-02-08,307.76,310.16,294.97,307.73,1728332.0,773942701.0,88135228.0,0.01961000203006226
2022-02-09,307.79,309.59,300.5,309.37,1081722.0,489651679.0,88135228.0,0.012273435089996024
2022-02-10,310.9,311.84,298.61,298.99,1160428.0,520700709.0,88135228.0,0.01316644917512439
2022-02-11,299.02,300.36,281.33,284.16,2319277.0,993272935.0,88135228.0,0.026314982699086
2022-02-14,278.77,284.06,273.37,278.51,1873774.0,773130391.0,88135228.0,0.021260216175988108
2022-02-15,278.77,302.93,276.07,301.32,3365135.0,1456933996.0,88135228.0,0.038181497641329075
2022-02-16,301.32,307.86,298.34,303.07,1902207.0,854629229.0,88135228.0,0.021582822705127624
2022-02-17,303.07,305.74,298.69,303.81,1233883.0,553154463.0,88135228.0,0.013999884359520804
2022-02-18,301.94,306.44,299.78,301.72,1006381.0,451269538.0,88135228.0,0.011418600970771868
2022-02-21,300.84,316.56,300.37,304.58,1799568.0,821631653.0,88135228.0,0.02041825999474353
2022-02-22,303.48,303.75,289.27,302.06,1373293.0,605282530.0,88135228.0,0.015581658221840647
2022-02-23,302.04,315.88,299.84,314.79,1736124.0,798627981.0,88135228.0,0.01969841162718726
2022-02-24,311.57,314.88,302.39,305.77,1862952.0,850187858.0,88135228.0,0.02113742759024802
2022-02-25,311.84,329.06,308.5,322.64,2933365.0,1404182675.0,88135228.0,0.03328254849468364
2022-02-28,321.29,328.25,318.41,327.36,1838379.0,884608927.0,88135228.0,0.020858617396439936
2022-03-01,327.64,331.05,324.67,328.04,1400702.0,680565502.0,88135228.0,0.015892646241296386
2022-03-02,324.74,329.99,319.27,328.97,1253932.0,605799390.0,88135228.0,0.014227364340624387
2022-03-03,334.78,334.79,319.94,321.29,1251665.0,603928899.0,88135228.0,0.014201642503267818
2022-03-04,315.91,328.02,315.9,321.21,1292151.0,617430671.0,88135228.0,0.014661004791409854
2022-03-07,318.46,320.13,309.82,316.91,1286874.0,600914963.0,88135228.0,0.014601130889455463
2022-03-08,309.48,327.16,309.14,319.73,2204636.0,1048292796.0,88135228.0,0.025014242885943404
2022-03-09,323.99,330.49,311.84,326.69,2378491.0,1139704082.0,88135228.0,0.026986836636991512
2022-03-10,334.12,336.14,317.32,319.27,2499518.0,1202873491.0,88135228.0,0.028360033288845635
2022-03-11,311.84,317.14,293.96,303.6,2867141.0,1290812796.0,88135228.0,0.03253115768872805
2022-03-14,298.5,299.01,287.21,288.9,2241878.0,965998031.0,88135228.0,0.025436798098485657
2022-03-15,286.13,292.47,275.39,275.93,2506060.0,1044267772.0,88135228.0,0.028434260134891805
2022-03-16,276.75,290.01,263.98,285.67,2539385.0,1036772629.0,88135228.0,0.028812372278653436
2022-03-17,292.27,304.28,288.1,298.28,2515822.0,1108223464.0,88135228.0,0.02854502174771704
2022-03-18,296.32,298.83,292.23,295.58,1123453.0,490721830.0,88135228.0,0.012746923398212574
2022-03-21,296.66,300.75,292.27,297.82,1138204.0,501590276.0,88135228.0,0.01291429120714364
2022-03-22,297.79,297.79,288.22,289.58,1027500.0,444162856.0,88135228.0,0.011658221386798931
2022-03-23,292.27,311.84,289.66,307.81,1913306.0,861739470.0,88135228.0,0.02170875418850678
2022-03-24,309.14,316.23,303.41,313.71,1795150.0,826696267.0,88135228.0,0.020368132479330513
2022-03-25,309.48,313.71,303.41,303.62,1181341.0,538407052.0,88135228.0,0.01340373227377366
2022-03-28,298.36,305.94,294.3,295.81,1185652.0,525555946.0,88135228.0,0.013452645745694332
2022-03-29,293.62,303.0,293.62,296.13,853475.0,378615865.0,88135228.0,0.009683698781604105
2022-03-30,297.68,323.24,297.68,323.24,2321071.0,1079115506.0,88135228.0,0.02633533778343434
2022-03-31,319.94,325.01,317.91,320.62,1430868.0,681149463.0,88576453.0,0.016154044913042523
2022-04-01,318.59,335.05,315.89,331.34,1943985.0,949251831.0,88576453.0,0.021946972746808905
2022-04-06,330.6,334.78,324.0,328.25,1445119.0,705358549.0,88576453.0,0.016314934173306758
2022-04-07,327.21,333.03,321.77,323.32,838973.0,405130461.0,88576453.0,0.009471738499169751
2022-04-08,321.46,325.34,316.23,317.45,1314653.0,622905906.0,88576453.0,0.014842014502432154
2022-04-11,316.16,319.94,312.53,313.86,1096980.0,511342016.0,88576453.0,0.012384555520641586
2022-04-12,314.54,337.49,314.54,337.48,2037767.0,991583013.0,88576453.0,0.02300574171783555
2022-04-13,334.87,340.74,331.08,332.8,1855514.0,923902157.0,88576453.0,0.02094816327766026
2022-04-14,341.55,347.62,335.41,336.96,2307197.0,1164167355.0,88576453.0,0.02604752077846242
2022-04-15,336.96,341.54,326.27,333.44,1407989.0,691554673.0,88576453.0,0.01589574827522163
2022-04-18,330.8,336.9,328.77,332.88,956166.0,470700202.0,88576453.0,0.010794810218919017
2022-04-19,333.51,334.2,319.17,320.65,1289271.0,615013421.0,88576453.0,0.014555459790199546
2022-04-20,321.31,333.85,315.89,325.38,1378953.0,661494405.0,88576453.0,0.015567941064427134
2022-04-21,323.34,342.62,322.74,331.75,2167326.0,1072175786.0,88576453.0,0.024468421647003635
2022-04-22,328.77,336.63,325.38,333.38,1443089.0,707567765.0,88576453.0,0.016292016118550152
2022-04-25,323.28,331.17,313.86,315.21,1535341.0,731063887.0,88576453.0,0.017333511875893246
2022-04-26,315.2,340.97,315.11,330.06,2425419.0,1186369810.0,88576453.0,0.027382209581140037
2022-04-27,330.8,345.37,328.77,342.53,2637829.0,1313672884.0,88576453.0,0.029780250965795615
2022-04-28,338.18,349.78,334.58,339.68,1953186.0,984407580.0,88576453.0,0.02205084911223528
2022-04-29,341.65,351.58,335.56,350.8,2122384.0,1081399145.0,88576453.0,0.023961040751993082
2022-05-05,350.63,350.63,332.26,338.93,2317079.0,1157442658.0,88576453.0,0.026159085417430297
2022-05-06,332.15,335.97,319.55,320.16,1968242.0,950062487.0,88576453.0,0.022220826566627137
2022-05-09,317.44,321.3,299.28,303.79,2076551.0,948586259.0,88576453.0,0.023443600750190346
2022-05-10,300.44,317.6,296.99,314.28,1918557.0,879596688.0,88576453.0,0.02165989870919758
2022-05-11,312.5,326.67,308.43,317.97,2077994.0,980309766.0,88576453.0,0.023459891761527185
2022-05-12,315.41,327.21,313.85,320.7,1434975.0,680010715.0,88576453.0,0.016200411637616603
2022-05-13,320.63,323.27,315.89,317.92,1130544.0,530779876.0,88576453.0,0.012763482412193678
2022-05-16,321.3,332.09,318.94,326.19,1801554.0,869120286.0,88576453.0,0.020338972029056074
2022-05-17,326.39,332.16,321.99,330.12,1517530.0,732727534.0,88576453.0,0.01713243134718885
2022-05-18,330.12,331.48,319.28,321.76,1566342.0,748252540.0,88576453.0,0.017683503312104856
2022-05-19,317.92,326.33,315.89,323.07,1221750.0,578885920.0,88576453.0,0.01379316916201194
2022-05-20,323.34,343.6,323.34,341.64,2569898.0,1277796698.0,88576453.0,0.029013331567928104
2022-05-23,341.63,343.0,334.42,337.92,1201192.0,599031000.0,88576453.0,0.013561075876452177
2022-05-24,336.22,336.9,328.77,330.12,1405339.0,688210952.0,88576453.0,0.015865830617534438
2022-05-25,329.44,334.85,323.39,328.77,1183993.0,573758059.0,88576453.0,0.013366904633221202
2022-05-26,332.01,332.07,321.23,328.77,1289239.0,619731360.0,88576453.0,0.01455509852037087
2022-05-27,329.44,340.97,329.44,331.69,1444296.0,715759605.0,88576453.0,0.01630564276490051
2022-05-30,335.92,350.12,334.05,341.54,2184246.0,1108088804.0,88576453.0,0.024659443068915845
2022-05-31,341.54,368.75,337.66,366.66,3436591.0,1815778743.0,88576453.0,0.03879802005618807
2022-06-01,366.42,370.37,358.22,358.59,2020567.0,1085116049.0,88576453.0,0.02281155918492243
2022-06-02,359.27,361.64,352.22,357.3,1448644.0,761573192.0,88576453.0,0.016354730302871802
2022-06-06,359.26,365.69,348.45,359.65,1951810.0,1029437276.0,88576453.0,0.02203531450960223
2022-06-07,359.65,365.36,354.55,357.7,1611865.0,854923248.0,88576453.0,0.018197443512442298
2022-06-08,360.58,371.47,356.56,362.66,2277631.0,1219130732.0,88576453.0,0.02571373003613048
2022-06-09,362.66,365.03,356.17,358.66,1701668.0,905304051.0,88576453.0,0.019211290838209563
2022-06-10,357.24,361.32,350.99,358.25,1756345.0,924091732.0,88576453.0,0.019828576788912512
2022-06-13,351.81,356.21,348.97,350.61,1345104.0,697709737.0,88576453.0,0.0151857966134634
2022-06-14,346.39,361.53,346.26,361.24,1606566.0,842372530.0,88576453.0,0.01813761948675005
2022-06-15,361.42,363.66,347.46,354.53,2105842.0,1101776713.0,88576453.0,0.023774286829932104
2022-06-16,353.85,368.76,351.81,363.07,1504285.0,805657530.0,88576453.0,0.016982899507163602
2022-06-17,362.32,381.09,354.59,376.22,2389326.0,1302986105.0,88576453.0,0.026974731083440426
2022-06-20,378.99,390.37,374.18,385.71,2209253.0,1250534319.0,88576453.0,0.02494176415034366
2022-06-21,385.71,393.84,378.15,381.7,1691702.0,962016500.0,88576453.0,0.019098777865941413
2022-06-22,383.0,385.86,369.44,370.96,1716740.0,949352497.0,88576453.0,0.019381448927515758
2022-06-23,371.81,380.32,368.48,379.83,1200634.0,664421442.0,88576453.0,0.013554776233814646
2022-06-24,380.81,387.74,376.59,382.32,1282857.0,724179341.0,88576453.0,0.014483047768914386
2022-06-27,385.03,404.39,383.34,396.55,1616929.0,949176113.0,88576453.0,0.018254614462830207
2022-06-28,403.32,403.5,383.62,390.79,1623713.0,933199006.0,88576453.0,0.01833120366650943
2022-06-29,387.74,397.15,382.46,391.81,1945098.0,1119101631.0,88576453.0,0.02195953816303753
2022-06-30,395.28,407.06,395.28,406.73,2201942.0,1317423402.0,88576453.0,0.024859225284173437
2022-07-01,407.4,408.76,397.91,400.59,1062204.0,630758840.0,88576453.0,0.011991945534328407
2022-07-04,400.62,409.73,394.09,408.54,1878713.0,1127666628.0,88576453.0,0.021210072613767905
2022-07-05,410.11,413.28,400.62,409.85,1480623.0,889408904.0,88576453.0,0.01671576304822231
2022-07-06,408.08,412.14,388.34,390.49,1964606.0,1150019550.0,88576453.0,0.022179777282343875
2022-07-07,390.45,392.42,376.9,387.45,1946069.0,1100770665.0,88576453.0,0.0219705004444014
2022-07-08,387.45,399.94,384.12,393.84,1549157.0,898708219.0,88576453.0,0.017489490124423926
2022-07-11,393.13,393.13,369.17,380.28,2358175.0,1311992752.0,88576453.0,0.0266230461949069
2022-07-12,378.39,385.57,373.17,377.05,1283390.0,717657068.0,88576453.0,0.014489065169498263
2022-07-13,377.08,393.76,373.17,385.37,1312733.0,745761941.0,88576453.0,0.01482033831271162
2022-07-14,385.37,393.12,384.08,389.56,1068262.0,612618815.0,88576453.0,0.012060338428769551
2022-07-15,389.48,398.25,387.06,389.82,1063074.0,615859686.0,88576453.0,0.012001767557795523
2022-07-18,388.87,403.84,385.03,399.26,1313457.0,766590014.0,88576453.0,0.014828512042585404
2022-07-19,396.99,402.99,393.16,394.64,1061619.0,622461604.0,88576453.0,0.011985341070272932
2022-07-20,398.59,416.89,395.18,410.77,2203020.0,1332793311.0,88576453.0,0.024871395561526944
2022-07-21,408.86,412.82,404.01,407.45,900213.0,541951767.0,88576453.0,0.01016311863379763
2022-07-22,410.03,413.5,402.35,406.18,957147.0,573757444.0,88576453.0,0.010805885397104352
2022-07-25,406.24,410.79,398.47,404.84,1000150.0,597111793.0,88576453.0,0.011291375598433592
2022-07-26,404.69,411.47,401.81,408.52,1053840.0,631219056.0,88576453.0,0.01189751863285833
2022-07-27,413.33,427.06,408.76,419.18,2259105.0,1399170579.0,88576453.0,0.02550457738469162
2022-07-28,418.25,420.02,409.02,409.45,1311329.0,802850691.0,88576453.0,0.014804487598978478
2022-07-29,407.41,409.41,389.91,397.23,1602668.0,940034576.0,88576453.0,0.018093612305744508
2022-08-01,394.38,409.77,392.34,407.06,1264304.0,754503255.0,88576453.0,0.014273590296057577
2022-08-02,403.33,409.43,396.55,403.58,1317308.0,784164311.0,88576453.0,0.01487198860853008
2022-08-03,409.43,411.47,401.26,402.58,900695.0,538691338.0,88576453.0,0.010168560260592057
2022-08-04,405.3,406.64,389.1,395.2,1040492.0,606533961.0,88576453.0,0.01174682395557203
2022-08-05,395.2,402.54,391.18,397.19,859359.0,502262379.0,88576453.0,0.009701889959400384
2022-08-08,395.2,395.31,386.58,390.45,896145.0,516017470.0,88576453.0,0.010117192206827249
2022-08-09,389.66,395.2,387.06,393.84,814242.0,471415921.0,88576453.0,0.009192533370014263
2022-08-10,393.16,395.81,380.29,385.78,1097612.0,624441414.0,88576453.0,0.01239169059975793
2022-08-11,391.65,395.86,383.67,392.49,1189110.0,686443507.0,88576453.0,0.013424673936762855
2022-08-12,391.71,391.71,380.29,384.49,1146119.0,649428910.0,88576453.0,0.012939319211619367
2022-08-15,384.35,384.62,370.17,378.12,1675280.0,932395897.0,88576453.0,0.01891337870573797
2022-08-16,378.22,379.61,372.88,374.86,815257.0,452697059.0,88576453.0,0.009203992397392566
2022-08-17,374.18,388.96,372.84,387.47,1327441.0,751678353.0,88576453.0,0.014986386957716629
2022-08-18,386.39,386.46,367.13,370.88,1641946.0,905129798.0,88576453.0,0.018537048441079482
2022-08-19,368.84,374.12,367.41,369.1,627925.0,343121973.0,88576453.0,0.007089073661597174
2022-08-22,366.04,378.24,360.63,376.56,1273078.0,700108066.0,88576453.0,0.01437264596720756
2022-08-23,376.06,379.53,368.24,371.05,860552.0,472449333.0,88576453.0,0.009715358550200694
2022-08-24,368.23,377.23,368.0,371.47,848060.0,467366110.0,88576453.0,0.009574327840831467
2022-08-25,372.83,391.93,372.83,380.54,1783187.0,1007697139.0,88576453.0,0.020131614437078442
2022-08-26,379.59,387.73,374.87,376.69,1198522.0,671820905.0,88576453.0,0.013530932425122058
2022-08-29,373.61,378.26,361.32,368.73,1220210.0,661020018.0,88576453.0,0.013775783051506929
2022-08-30,370.12,377.49,362.09,374.18,914941.0,499539017.0,88576453.0,0.010329393072445563
2022-08-31,371.47,385.03,369.74,378.93,1070697.0,600663419.0,88576453.0,0.012087828804795333
2022-09-01,378.12,382.65,364.7,366.09,1060889.0,580524665.0,88576453.0,0.01197709960230627
2022-09-02,363.01,370.12,357.24,364.27,876272.0,470037580.0,88576453.0,0.00989283235353757
2022-09-05,362.66,369.44,360.31,363.07,905499.0,487049647.0,88576453.0,0.010222795893621977
2022-09-06,363.68,365.3,351.14,356.56,1261765.0,661763846.0,88576453.0,0.014244925793088599
2022-09-07,354.53,357.09,349.31,355.87,1216906.0,634472439.0,88576453.0,0.013738481941696174
2022-09-08,354.19,360.71,351.4,356.23,730205.0,383808923.0,88576453.0,0.008243782351501477
2022-09-09,357.91,370.12,355.89,368.29,1274043.0,688378231.0,88576453.0,0.014383540510478557
2022-09-13,372.83,381.64,365.37,378.85,1358644.0,754395077.0,88576453.0,0.015338658909721753
2022-09-14,374.54,380.96,372.17,378.22,665415.0,369584009.0,88576453.0,0.007512323845254901
2022-09-15,378.26,385.57,366.39,370.79,1055945.0,583100214.0,88576453.0,0.011921283413775893
2022-09-16,370.45,372.81,363.97,366.05,901899.0,489796421.0,88576453.0,0.010182153037895974
2022-09-19,366.06,371.85,318.6,323.42,3766651.0,1857764624.0,88576453.0,0.04252429254533369
2022-09-20,326.73,342.87,326.73,333.29,2256080.0,1119822493.0,88576453.0,0.02547042609619963
2022-09-21,333.5,338.06,319.95,321.23,1566955.0,752303875.0,88576453.0,0.01769042388726042
2022-09-22,318.6,320.67,310.13,313.84,1714327.0,794366055.0,88576453.0,0.019354206924497193
2022-09-23,311.82,316.56,305.83,309.12,1296080.0,592360772.0,88576453.0,0.014632331235932421
2022-09-26,308.17,337.48,306.99,327.57,2637719.0,1279597040.0,88576453.0,0.029779009100759545
2022-09-27,330.12,335.21,320.09,332.76,1553479.0,754708713.0,88576453.0,0.017538284130659422
2022-09-28,331.16,341.05,328.98,330.8,1138023.0,561172506.0,88576453.0,0.012847917944964447
2022-09-29,336.22,340.7,326.12,330.87,1220141.0,597044033.0,88576453.0,0.013775004063438847
2022-09-30,330.47,342.32,327.34,332.37,1302643.0,645983253.0,88576453.0,0.014706425419857352
2022-10-10,332.83,335.52,319.95,321.11,1169815.0,560465210.0,88576453.0,0.01320683951975363
2022-10-11,321.11,325.36,312.65,318.79,982282.0,461351685.0,88576453.0,0.01108965155784687
2022-10-12,317.41,320.65,307.61,320.65,1013161.0,468578186.0,88576453.0,0.011438265652836652
2022-10-13,318.6,331.4,315.24,321.99,1092296.0,523205823.0,88576453.0,0.0123316746494692
2022-10-14,326.72,333.5,309.11,328.01,2357532.0,1129464448.0,88576453.0,0.026615786929286952
2022-10-17,321.99,328.77,311.82,321.31,2048904.0,961981938.0,88576453.0,0.0231314749078968
2022-10-18,321.99,324.25,317.58,321.72,1327934.0,628340226.0,88576453.0,0.014991952771014663
2022-10-19,321.51,323.68,312.27,313.38,1644706.0,765167131.0,88576453.0,0.01856820796380275
2022-10-20,311.79,324.55,308.57,320.43,1861689.0,875628223.0,88576453.0,0.0210178770649125
2022-10-21,318.6,319.95,305.62,306.4,1853642.0,846380754.0,88576453.0,0.02092702899268274
2022-10-24,298.24,301.25,278.46,289.45,3272732.0,1396137253.0,88576453.0,0.03694810402940836
2022-10-25,284.71,294.2,283.89,292.91,1818194.0,778982836.0,88576453.0,0.020526832339967372
2022-10-26,304.18,320.75,304.02,315.89,2936609.0,1366808647.0,88576453.0,0.03315338219741086
2022-10-27,315.48,317.24,296.59,297.16,2416085.0,1086754595.0,88576453.0,0.02727683168798823
2022-10-28,297.23,304.89,291.82,291.89,1448343.0,636173009.0,88576453.0,0.016351332108545825
2022-10-31,291.63,295.55,281.64,285.38,1845052.0,781701806.0,88576453.0,0.02083005062304764
2022-11-01,286.06,309.11,285.38,308.43,2583065.0,1140221785.0,88576453.0,0.029161982812745957
2022-11-02,308.43,328.52,303.85,317.92,2858951.0,1333593541.0,88576453.0,0.03227664806130812
2022-11-03,313.85,324.27,309.35,321.17,1332334.0,624970562.0,88576453.0,0.015041627372457555
2022-11-04,321.99,347.61,319.52,336.56,2756376.0,1365812458.0,88576453.0,0.031118608915170716
2022-11-07,332.26,336.03,325.39,332.5,1426860.0,694327000.0,88576453.0,0.016108795867000907
2022-11-08,331.68,332.83,326.06,332.02,1198892.0,582859262.0,88576453.0,0.013535109607516119
2022-11-09,329.45,336.2,326.73,326.8,849196.0,414196090.0,88576453.0,0.00958715291974945
2022-11-10,327.47,330.45,322.01,328.08,906073.0,436268380.0,88576453.0,0.010229276171173845
2022-11-11,344.48,349.1,332.62,333.78,1543953.0,767329263.0,88576453.0,0.01743073861853556
2022-11-14,333.04,338.26,317.64,321.58,1754995.0,845414652.0,88576453.0,0.01981333571801526
2022-11-15,321.59,328.43,310.93,326.06,1657490.0,785233911.0,88576453.0,0.018712535260358643
2022-11-16,324.36,333.74,324.15,328.43,1186967.0,576902085.0,88576453.0,0.013400480147923739
2022-11-17,325.41,330.78,319.9,323.61,998831.0,476486419.0,88576453.0,0.011276484507682871
2022-11-18,325.04,340.58,319.92,333.85,1737091.0,848854864.0,88576453.0,0.019611205248871277
2022-11-21,330.73,330.73,306.74,311.01,2682077.0,1234514575.0,88576453.0,0.030279796821396764
2022-11-22,309.79,313.15,303.01,305.38,1287027.0,583159563.0,88576453.0,0.014530125743463672
2022-11-23,305.03,310.46,301.04,307.42,1058956.0,479959756.0,88576453.0,0.011955276646717836
2022-11-24,308.07,309.78,303.17,303.21,761002.0,342508851.0,88576453.0,0.008591470692555277
2022-11-25,303.21,304.36,296.97,301.1,872182.0,387085884.0,88576453.0,0.009846657553559974
2022-11-28,295.67,313.17,293.52,310.38,1481795.0,663947577.0,88576453.0,0.01672899455569755
2022-11-29,309.79,326.73,308.82,324.01,2272483.0,1074459751.0,88576453.0,0.0256556107524423
2022-11-30,324.0,326.65,316.26,325.11,1668805.0,790518589.0,88576453.0,0.018840278013841895
2022-12-01,335.55,354.53,334.87,337.07,2878603.0,1463421954.0,88576453.0,0.03249851289484351
2022-12-02,337.54,343.61,333.51,335.88,1059587.0,528292143.0,88576453.0,0.011962400436152033
2022-12-05,344.36,352.49,337.67,346.03,2321597.0,1191585524.0,88576453.0,0.026210092201366428
2022-12-06,343.0,368.25,343.0,359.27,2374862.0,1259716127.0,88576453.0,0.026811437120879068
2022-12-07,356.56,361.78,351.68,354.84,1705326.0,894912242.0,88576453.0,0.01925258849550004
2022-12-08,353.17,360.64,349.44,358.28,1628459.0,855854305.0,88576453.0,0.018384784497974874
2022-12-09,358.1,360.21,351.89,358.55,1540423.0,808795916.0,88576453.0,0.017390886040559786
2022-12-12,356.56,359.27,349.24,350.53,1254129.0,652481004.0,88576453.0,0.01415871778022089
2022-12-13,350.45,358.09,349.14,356.9,1157376.0,605423736.0,88576453.0,0.013066407163538147
2022-12-14,357.16,367.41,354.03,361.11,1416538.0,755342374.0,88576453.0,0.015992263767888742
2022-12-15,361.1,366.06,355.95,359.93,891143.0,473055643.0,88576453.0,0.010060721216732398
2022-12-16,356.9,359.07,353.04,356.27,808132.0,423830914.0,88576453.0,0.00912355341210152
2022-12-19,357.24,364.62,349.29,351.41,955170.0,497285776.0,88576453.0,0.01078356569550149
2022-12-20,351.66,352.02,341.65,342.93,837971.0,426020711.0,88576453.0,0.009460426237659348
2022-12-21,345.04,354.44,339.89,350.38,1045103.0,539020074.0,88576453.0,0.01179888067994775
2022-12-22,353.17,376.56,347.83,370.67,2638780.0,1432977516.0,88576453.0,0.02979098745351657
2022-12-23,371.63,375.54,365.43,369.98,1421664.0,777093602.0,88576453.0,0.016050134678569708
2022-12-26,368.76,372.83,362.62,365.37,1304675.0,706132411.0,88576453.0,0.014729366053978251
2022-12-27,367.51,391.05,366.7,388.67,2238898.0,1267274373.0,88576453.0,0.02527644677756514
2022-12-28,385.57,389.1,382.32,383.67,1375334.0,782155611.0,88576453.0,0.015527083704740355
2022-12-29,383.0,387.67,379.68,383.0,1262845.0,714452205.0,88576453.0,0.014257118649806399
2022-12-30,385.09,386.79,377.57,383.91,1286736.0,727227642.0,88576453.0,0.014526840445959154
2023-01-03,382.66,387.76,360.63,376.64,3841455.0,2118401517.0,87847174.0,0.04372883981447143
2023-01-04,375.9,375.95,366.05,370.77,1720687.0,942571376.0,87847174.0,0.019587277787672486
2023-01-05,371.88,394.51,371.88,387.61,2250548.0,1283040503.0,87847174.0,0.025618900387165557
2023-01-06,387.74,388.57,381.17,385.84,931122.0,528074267.0,87847174.0,0.010599339257060221
2023-01-09,385.71,402.64,381.88,397.9,2135949.0,1239621574.0,87847174.0,0.02431437350506005
2023-01-10,397.9,408.84,394.53,406.88,1882829.0,1121500695.0,87847174.0,0.021433005915477712
2023-01-11,406.88,412.48,401.98,405.84,1180782.0,708854830.0,87847174.0,0.013441320263757148
2023-01-12,404.01,406.71,397.24,399.57,1197986.0,708677364.0,87847174.0,0.013637160371260207
2023-01-13,403.56,417.57,397.98,413.5,1777572.0,1074869056.0,87847174.0,0.020234822807162812
2023-01-16,413.5,437.9,413.03,423.6,2543244.0,1599637754.0,87847174.0,0.028950777631162047
2023-01-17,422.39,429.09,416.89,426.58,1082677.0,677246215.0,87847174.0,0.01232455127127937
2023-01-18,424.24,428.41,418.25,423.36,1026056.0,639747577.0,87847174.0,0.011680011470830013
2023-01-19,422.43,427.74,417.66,427.74,950182.0,594773284.0,87847174.0,0.010816306965093721
2023-01-20,427.74,437.26,413.5,414.79,2370921.0,1470833150.0,87847174.0,0.026989155052386773
2023-01-30,420.29,424.24,412.61,412.72,1629589.0,1003229272.0,87847174.0,0.018550272317240393
2023-01-31,408.59,418.54,400.62,403.34,1709792.0,1025575249.0,87847174.0,0.01946325558520528
2023-02-01,405.37,409.75,394.67,409.43,1828821.0,1085506019.0,87847174.0,0.02081821095349066
2023-02-02,409.41,412.79,402.72,405.94,1102392.0,662641353.0,87847174.0,0.012548975109887997
2023-02-03,405.49,409.62,397.3,403.96,894910.0,532015805.0,87847174.0,0.01018712337860749
2023-02-06,403.64,404.61,393.0,398.59,1297499.0,762282651.0,87847174.0,0.014769957198623146
2023-02-07,399.35,405.35,392.49,394.08,1174595.0,688963687.0,87847174.0,0.013370891134187197
2023-02-08,394.11,402.95,393.08,395.98,913868.0,537435161.0,87847174.0,0.010402929979284251
2023-02-09,396.02,406.04,396.02,404.01,1309923.0,778420089.0,87847174.0,0.014911384628035956
2023-02-10,404.01,410.11,401.03,406.7,887993.0,531585335.0,87847174.0,0.010108384363053044
2023-02-13,404.57,426.38,404.57,425.63,2010477.0,1248191971.0,87847174.0,0.022886074855407414
2023-02-14,425.7,426.92,417.49,425.7,795796.0,496609719.0,87847174.0,0.009058868530022378
2023-02-15,424.09,426.78,417.72,418.52,717504.0,445645062.0,87847174.0,0.008167638949888131
2023-02-16,417.57,423.88,411.99,415.06,890856.0,549958652.0,87847174.0,0.010140975052879902
2023-02-17,416.19,423.67,411.81,412.06,754509.0,464561378.0,87847174.0,0.008588881868869224
2023-02-20,408.76,420.29,401.31,417.89,1117645.0,678064995.0,87847174.0,0.012722606193342088
2023-02-21,417.77,418.85,397.77,403.41,1505426.0,898797482.0,87847174.0,0.017136874545332557
2023-02-22,398.59,411.33,398.59,404.69,884143.0,528836704.0,87847174.0,0.010064558252038933
2023-02-23,404.67,410.11,396.95,400.62,1052516.0,622481757.0,87847174.0,0.011981216379254271
2023-02-24,401.31,403.33,396.69,397.23,644956.0,379657378.0,87847174.0,0.007341795650705849
2023-02-27,396.02,404.61,392.27,399.81,1058506.0,623855113.0,87847174.0,0.012049402977948955
2023-02-28,401.03,406.57,395.71,398.9,1035235.0,611591948.0,87847174.0,0.011784499749530929
2023-03-01,397.16,401.64,390.46,399.94,799019.0,468749392.0,87847174.0,0.00909555724581419
2023-03-02,399.26,399.93,393.84,394.21,734405.0,428946125.0,87847174.0,0.008360029885537353
2023-03-03,394.45,398.61,388.64,394.66,875908.0,508298837.0,87847174.0,0.009970815908090567
2023-03-06,395.2,397.9,389.77,392.49,856769.0,496835022.0,87847174.0,0.009752948911025868
2023-03-07,392.47,392.48,371.92,373.66,2790363.0,1562215777.0,87847174.0,0.03176383340458966
2023-03-08,374.73,389.46,372.84,382.97,1677903.0,949655609.0,87847174.0,0.019100250168548393
2023-03-09,395.87,396.45,353.32,372.35,3397492.0,1865521030.0,87847174.0,0.038675028977027764
2023-03-10,371.66,372.29,361.01,364.12,1721279.0,925382871.0,87847174.0,0.01959401676370375
2023-03-13,360.67,374.16,359.3,366.73,1208116.0,658207968.0,87847174.0,0.013752474268551883
2023-03-14,365.46,370.77,362.67,368.39,1190899.0,645329209.0,87847174.0,0.013556486176777866
2023-03-15,369.69,371.09,353.17,355.26,1934396.0,1023150124.0,87847174.0,0.022020013984741273
2023-03-16,358.89,373.51,357.75,368.14,2568504.0,1396694228.0,87847174.0,0.029238322453036453
2023-03-17,367.4,371.42,353.84,354.27,2377166.0,1258345935.0,87847174.0,0.0270602444194733
2023-03-20,349.78,352.44,336.91,341.75,3227373.0,1632481851.0,87847174.0,0.03673849542388239
2023-03-21,342.32,351.07,340.96,349.78,2167944.0,1108278529.0,87847174.0,0.024678585562695504
2023-03-22,349.78,357.24,346.17,354.13,1793584.0,934891102.0,87847174.0,0.020417093895359683
2023-03-23,351.14,354.8,347.27,348.91,941882.0,487476105.0,87847174.0,0.01072182469979057
2023-03-24,349.1,356.56,346.79,352.61,1095930.0,570223064.0,87847174.0,0.012475415543817038
2023-03-27,352.25,358.31,343.72,354.14,1469048.0,763911328.0,87847174.0,0.016722769021573762
2023-03-28,357.91,375.55,354.53,373.87,2319631.0,1262749506.0,87847174.0,0.026405300186435138
2023-03-29,372.83,383.0,369.1,374.75,1564938.0,867547400.0,87847174.0,0.017814323770961604
2023-03-30,376.21,386.39,376.18,381.88,1434449.0,806576303.0,87847174.0,0.016328914576125123
2023-03-31,379.6,388.41,375.88,378.76,886540.0,498041524.0,88390024.0,0.010029864908736759
2023-04-03,381.64,391.13,378.93,386.05,1639005.0,934923593.0,88390024.0,0.01854287311880354
2023-04-04,386.39,389.69,374.86,384.22,1366875.0,768283427.0,88390024.0,0.015464132015622035
2023-04-06,384.24,390.63,378.25,379.34,946831.0,535180813.0,88390024.0,0.01071196677127274
2023-04-07,377.23,385.57,374.39,379.45,781399.0,438890174.0,88390024.0,0.008840352843438532
2023-04-10,378.25,390.45,376.76,389.44,1177164.0,672200568.0,88390024.0,0.013317837768660409
2023-04-11,387.97,403.39,382.32,385.92,1340605.0,775092287.0,88390024.0,0.015166926530079911
2023-04-12,384.91,393.08,374.86,374.93,1063525.0,595650284.0,88390024.0,0.012032183631944708
2023-04-13,374.93,383.0,370.27,381.64,974203.0,544293612.0,88390024.0,0.011021639727125767
2023-04-14,381.64,384.13,374.88,377.7,786438.0,438913480.0,88390024.0,0.008897361539351998
2023-04-17,374.86,385.05,374.83,382.13,1047923.0,589050359.0,88390024.0,0.011855670499648242
2023-04-18,380.28,383.55,370.88,375.04,1106578.0,614682417.0,88390024.0,0.012519263486114677
2023-04-19,368.08,374.18,362.67,367.41,1373229.0,745152064.0,88390024.0,0.015536017956053503
2023-04-20,370.12,372.75,360.2,361.34,1023413.0,549992613.0,88390024.0,0.011578376763422986
2023-04-21,362.66,372.58,359.63,360.31,1264399.0,679055732.0,88390024.0,0.01430477041164736
2023-04-24,360.31,363.64,346.53,349.28,1516753.0,787035682.0,88390024.0,0.017159775858868416
2023-04-25,352.76,365.98,350.14,364.02,1506460.0,805513253.0,88390024.0,0.017043326065846527
2023-04-26,378.45,380.96,353.17,359.88,2399490.0,1285346564.0,88390024.0,0.027146615550189237
2023-04-27,356.55,376.89,355.88,372.15,1639470.0,896128535.0,88390024.0,0.01854813389348101
2023-04-28,370.97,372.83,364.12,368.74,1077160.0,584195047.0,88390024.0,0.01218644312168079
2023-05-04,368.75,371.46,358.32,360.15,1063556.0,567822827.0,88390024.0,0.01203253435025654
2023-05-05,360.15,361.98,343.68,353.98,1764679.0,913966590.0,88390024.0,0.01996468515496726
2023-05-08,354.85,355.12,344.36,348.0,1536475.0,788427541.0,88390024.0,0.017382900586156647
2023-05-09,347.67,347.67,339.73,342.32,1408991.0,712163191.0,88390024.0,0.015940611125979557
2023-05-10,340.08,348.42,334.22,348.39,1397656.0,708778731.0,88390024.0,0.015812372672282565
2023-05-11,347.71,350.97,341.77,344.0,1059275.0,541018100.0,88390024.0,0.011984101282742044
2023-05-12,345.26,346.84,340.44,343.61,684126.0,346885634.0,88390024.0,0.007739855348381849
2023-05-15,342.86,350.02,338.78,349.04,976186.0,492061571.0,88390024.0,0.011044074385589034
2023-05-16,346.53,350.21,342.23,348.6,811142.0,412522651.0,88390024.0,0.00917685009339968
2023-05-17,346.27,347.43,340.14,342.02,791631.0,398443869.0,88390024.0,0.00895611251333069
2023-05-18,340.74,343.2,331.48,333.66,1408173.0,693017048.0,88390024.0,0.015931356687944785
2023-05-19,330.61,340.82,328.69,337.41,1276411.0,626736582.0,88390024.0,0.014440668100734988
2023-05-22,337.37,351.72,334.83,344.64,1519748.0,769963497.0,88390024.0,0.017193659773188884
2023-05-23,343.54,346.3,337.76,337.8,822065.0,411098165.0,88390024.0,0.009300427387597496
2023-05-24,337.09,339.11,327.59,327.65,1187304.0,576024365.0,88390024.0,0.013432556597111005
2023-05-25,327.65,327.65,320.93,324.29,1441699.0,684074456.0,88390024.0,0.016310652885443273
2023-05-26,323.1,325.78,315.9,318.19,1332963.0,624151123.0,88390024.0,0.015080468809466552
2023-05-29,317.03,321.02,312.87,315.32,1151650.0,533654667.0,88390024.0,0.013029185284529395
2023-05-30,314.23,316.46,301.96,308.54,2026204.0,915258640.0,88390024.0,0.022923446655020708
2023-05-31,310.21,310.74,306.03,307.14,1099693.0,496939329.0,88390024.0,0.012441370080406359
2023-06-01,304.87,314.92,304.77,310.55,1290624.0,589161080.0,88390024.0,0.014601466789962632
2023-06-02,311.21,316.14,309.27,310.98,1150045.0,526731520.0,88390024.0,0.013011027126771681
2023-06-05,308.44,312.03,306.16,308.0,855611.0,387573779.0,88390024.0,0.009679949854974584
2023-06-06,306.39,312.86,306.07,306.39,934285.0,422818116.0,88390024.0,0.010570027676426471
2023-06-07,307.08,307.85,296.18,296.6,1582576.0,694770363.0,88390024.0,0.01790446396982537
2023-06-08,295.93,301.28,293.24,295.35,1598659.0,694919797.0,88390024.0,0.01808641889270219
2023-06-09,295.35,297.83,284.26,290.72,2731377.0,1163348920.0,88390024.0,0.030901417110148086
2023-06-12,288.92,297.19,283.06,293.78,2511320.0,1072102962.0,88390024.0,0.028411803576385498
2023-06-13,299.16,303.25,289.01,294.47,1976746.0,852600369.0,88390024.0,0.02236390387222884
2023-06-14,296.51,313.54,293.1,304.69,2933312.0,1318057501.0,88390024.0,0.03318600750691051
2023-06-15,305.29,314.9,302.34,314.23,2767660.0,1258699967.0,88390024.0,0.03131190461041169
2023-06-16,316.28,316.28,310.01,314.59,1573841.0,724090680.0,88390024.0,0.017805640600346482
2023-06-19,314.65,314.92,303.33,305.4,1970452.0,884365309.0,88390024.0,0.022292696741433173
2023-06-20,305.37,308.44,301.96,303.4,1461217.0,651172217.0,88390024.0,0.016531469659969773
2023-06-21,301.88,305.13,298.26,300.87,1286538.0,569162111.0,88390024.0,0.014555239853764492
2023-06-26,296.58,304.15,291.75,300.96,1359882.0,595182771.0,88390024.0,0.015385016752569272
2023-06-27,303.44,304.82,299.36,300.98,1094036.0,483863013.0,88390024.0,0.012377369645244128
2023-06-28,300.61,304.01,297.87,302.27,1233795.0,544800785.0,88390024.0,0.013958532243412447
2023-06-29,300.26,303.93,297.53,299.19,934291.0,411753614.0,88390024.0,0.01057009555739005
2023-06-30,297.87,308.51,297.27,303.29,1169816.0,521204862.0,91307139.0,0.012811878817055039
2023-07-03,304.01,311.7,302.88,311.64,1687127.0,763080422.0,91307139.0,0.018477492762093883
2023-07-04,309.6,316.76,309.6,315.6,1350465.0,622020975.0,91307139.0,0.01479035500170474
2023-07-05,315.6,315.94,308.21,310.27,939769.0,428036356.0,91307139.0,0.010292393456770122
2023-07-06,310.14,313.74,308.13,309.26,914115.0,416944859.0,91307139.0,0.01001142966488086
2023-07-07,306.74,312.65,305.87,309.99,651089.0,296347990.0,91307139.0,0.00713075677467016
2023-07-10,310.83,314.33,304.76,305.37,1067443.0,483361262.0,91307139.0,0.011690684996712032
2023-07-11,305.37,306.73,299.92,306.05,1433353.0,636986402.0,91307139.0,0.015698148202847532
2023-07-12,305.37,306.69,303.05,304.68,591665.0,264730819.0,91307139.0,0.006479942384351786
2023-07-13,305.04,314.17,305.04,313.08,1501431.0,685228845.0,91307139.0,0.016443741600533558
2023-07-14,313.1,315.46,307.94,308.44,1028393.0,468616738.0,91307139.0,0.011263007594619737
2023-07-17,306.74,306.74,297.87,298.62,1235115.0,544361157.0,91307139.0,0.013527036478494852
2023-07-18,299.24,302.99,298.04,302.78,747775.0,330880414.0,91307139.0,0.008189666308567614
2023-07-19,301.9,302.62,299.37,299.93,566723.0,250013234.0,91307139.0,0.006206776449320135
2023-07-20,301.28,305.37,296.22,296.97,858848.0,376421507.0,91307139.0,0.009406142930401094
2023-07-21,296.52,305.87,294.89,305.34,1478218.0,655854326.0,91307139.0,0.01618951175329237
2023-07-24,303.33,304.69,300.56,302.99,558351.0,247865080.0,91307139.0,0.006115085918966315
2023-07-25,308.1,319.37,306.74,317.86,2035983.0,940796371.0,91307139.0,0.02229817977321576
2023-07-26,317.4,323.78,315.26,323.16,1608537.0,757184366.0,91307139.0,0.017616771455296613
2023-07-27,323.2,328.33,321.37,325.31,1392029.0,664114518.0,91307139.0,0.015245565847813936
2023-07-28,324.96,331.19,321.23,329.97,1438882.0,689991450.0,91307139.0,0.01575870206600165
2023-07-31,335.04,336.31,322.41,324.53,1876560.0,901110156.0,91307139.0,0.020552171720110517
2023-08-01,323.78,323.78,309.5,311.29,2247544.0,1037407642.0,91307139.0,0.024615205608402645
2023-08-02,311.3,312.8,302.66,303.48,2167327.0,970018678.0,91307139.0,0.023736665322522044
2023-08-03,302.65,306.73,300.63,304.64,1323122.0,589108739.0,91307139.0,0.014490893203870947
2023-08-04,320.37,326.84,315.6,322.86,4119445.0,1940262798.0,91307139.0,0.04511635174550809
2023-08-07,320.37,321.36,311.75,313.04,2094122.0,969634753.0,91307139.0,0.02293492078423353
2023-08-08,312.71,315.24,307.42,307.96,1575200.0,718989869.0,91307139.0,0.01725166309284973
2023-08-09,306.74,309.39,304.66,307.27,1396493.0,628063335.0,91307139.0,0.015294455781820083
2023-08-10,304.54,308.39,302.7,307.29,1122136.0,502399798.0,91307139.0,0.012289685256702656
2023-08-11,308.24,308.96,301.96,301.96,989587.0,440909808.0,91307139.0,0.010838002491787636
2023-08-14,297.87,300.6,291.88,300.14,1153960.0,502507962.0,91307139.0,0.012638223173327115
2023-08-15,298.56,300.43,293.1,294.36,1208996.0,524752421.0,91307139.0,0.013240979985146615
2023-08-16,292.42,296.5,292.13,294.04,852609.0,368464256.0,91307139.0,0.009337813114481662
2023-08-17,293.09,299.48,290.38,298.56,937045.0,406953202.0,91307139.0,0.01026256008306207
2023-08-18,298.63,302.09,293.38,293.59,840743.0,366379081.0,91307139.0,0.009207856134885575
2023-08-21,293.63,298.76,288.32,291.13,1323251.0,569407149.0,91307139.0,0.014492306017824082
2023-08-22,292.68,294.47,283.56,288.37,1512083.0,638999430.0,91307139.0,0.016560402796105572
2023-08-23,288.3,288.3,278.37,279.48,1494227.0,617733233.0,91307139.0,0.016364843060080986
2023-08-24,279.47,288.92,277.56,288.73,1485390.0,620622822.0,91307139.0,0.01626805982826819
2023-08-25,291.06,291.26,281.73,286.64,1413616.0,593669262.0,91307139.0,0.01548198766801794
2023-08-28,304.4,306.66,290.64,291.47,2082045.0,904670932.0,91307139.0,0.02280265292290015
2023-08-29,293.1,301.05,289.35,297.53,1509836.0,658112610.0,91307139.0,0.016535793548410272
2023-08-30,297.19,305.37,295.28,301.28,1310223.0,579799019.0,91307139.0,0.014349622760603637
2023-08-31,299.94,301.96,297.53,298.9,835177.0,366700884.0,91307139.0,0.00914689704602397
2023-09-01,299.58,303.33,297.49,299.24,699732.0,307498522.0,91307139.0,0.007663497155463386
2023-09-04,301.28,309.87,299.27,308.85,1960422.0,881599260.0,91307139.0,0.021470632214201785
2023-09-05,306.74,308.82,305.22,306.73,985875.0,443927116.0,91307139.0,0.010797348496485034
2023-09-06,305.38,308.1,304.01,306.05,761809.0,342099109.0,91307139.0,0.00834336732421328
2023-09-07,306.05,306.63,297.5,298.22,1047328.0,462208542.0,91307139.0,0.01147038458843837
2023-09-08,296.44,299.78,293.1,293.4,833957.0,361189037.0,91307139.0,0.009133535549723007
2023-09-11,292.9,303.32,291.74,302.65,1350790.0,593561156.0,91307139.0,0.014793914416702948
2023-09-12,300.9,302.98,297.94,300.38,695245.0,306070252.0,91307139.0,0.0076143553243958285
2023-09-13,300.6,301.57,293.1,294.88,879562.0,381325270.0,91307139.0,0.009633003614317605
2023-09-14,295.83,296.51,293.78,295.49,798387.0,345581785.0,91307139.0,0.008743971268226902
2023-09-15,295.5,302.65,293.38,297.33,1335423.0,584975127.0,91307139.0,0.014625614323541558
2023-09-18,298.56,299.57,292.34,295.62,1118180.0,485331044.0,91307139.0,0.012246358962139861
2023-09-19,294.88,294.88,278.03,280.08,2309969.0,957185900.0,91307139.0,0.025298887089212158
2023-09-20,278.45,284.48,275.38,276.4,1369986.0,558227924.0,91307139.0,0.015004149894566294
2023-09-21,274.7,276.4,267.2,268.83,1935638.0,767643387.0,91307139.0,0.021199196702461568
2023-09-22,265.84,267.81,260.43,263.1,2564547.0,989322351.0,91307139.0,0.028087037093561765
2023-09-25,262.43,270.99,260.51,268.56,2216129.0,869030445.0,91307139.0,0.024271147078652855
2023-09-26,269.24,274.32,267.23,267.47,1369057.0,543188868.0,91307139.0,0.014993975443694496
2023-09-27,269.25,272.95,267.43,269.05,1092266.0,432493025.0,91307139.0,0.011962547638252032
2023-09-28,273.14,277.97,265.18,266.02,1423914.0,560314724.0,91307139.0,0.015594771839253445
2023-10-09,264.13,270.9,261.46,269.52,1530385.0,599553310.0,91307139.0,0.01676084714471231
2023-10-10,268.22,271.63,263.17,264.25,1283529.0,501139501.0,149385482.0,0.008592059836176048
2023-10-11,265.84,269.25,263.93,265.94,1204063.0,470650958.0,149385482.0,0.008060107206401757
2023-10-12,267.32,271.29,263.12,264.67,1249090.0,487175603.0,149385482.0,0.00836152203866772
2023-10-13,262.43,262.85,256.44,260.36,1704003.0,648280257.0,149385482.0,0.011406751025511301
2023-10-16,260.39,261.75,253.73,254.93,1468183.0,552396249.0,149385482.0,0.009828150502603727
2023-10-17,254.24,257.05,251.52,256.29,1074486.0,401500132.0,149385482.0,0.007192706986077804
2023-10-18,254.93,255.0,250.84,250.88,1017586.0,376422558.0,149385482.0,0.0068118132122102736
2023-10-19,249.14,251.17,245.39,247.43,1447632.0,526717999.0,149385482.0,0.009690580239919165
2023-10-20,246.21,249.57,243.0,244.22,1198434.0,432952325.0,149385482.0,0.008022426168561681
2023-10-23,244.6,247.88,243.7,245.19,1002299.0,359520120.0,149385482.0,0.006709480644176654
2023-10-24,245.48,251.32,245.36,248.06,1371280.0,496376535.0,149385482.0,0.009179473009298186
2023-10-25,238.46,238.46,217.88,217.91,5239283.0,1717134934.0,149385482.0,0.03507223680544807
2023-10-26,217.92,227.34,216.58,220.24,2929095.0,943138479.0,149385482.0,0.019607628270061746
2023-10-27,217.91,225.72,217.4,223.86,2580708.0,834044778.0,149385482.0,0.017275494013534728
2023-10-30,223.16,228.61,222.0,224.36,2015067.0,662221898.0,149385482.0,0.013489041726290377
2023-10-31,224.36,226.71,222.07,225.86,1614884.0,529250755.0,149385482.0,0.010810180335998112
2023-11-01,229.05,229.05,221.43,221.72,1606318.0,525417177.0,149385482.0,0.01075283875309918
2023-11-02,221.72,223.09,217.24,217.26,1570537.0,501665656.0,149385482.0,0.010513317485563958
2023-11-03,217.19,224.79,216.65,223.92,1790417.0,580513193.0,149385482.0,0.01198521419906119
2023-11-06,224.87,227.47,218.64,226.93,2977614.0,970904845.0,149385482.0,0.01993241886785223
2023-11-07,226.31,226.71,223.75,225.63,1637315.0,538054596.0,149385482.0,0.010960335489629441
2023-11-08,226.03,229.49,224.62,226.63,1788126.0,593339545.0,149385482.0,0.011969878036742553
2023-11-09,227.93,231.96,225.73,226.62,1785592.0,594628786.0,149385482.0,0.011952915210328137
2023-11-10,224.95,225.33,223.04,223.94,981827.0,321211755.0,149385482.0,0.006572439214675493
2023-11-13,224.74,225.32,219.94,221.65,1333703.0,431872039.0,149385482.0,0.008927929154454246
2023-11-14,221.31,224.66,220.28,222.12,1282023.0,415538127.0,149385482.0,0.008581978535236777
2023-11-15,224.24,229.08,224.19,226.27,2119592.0,700489733.0,149385482.0,0.01418874158065775
2023-11-16,228.06,228.06,222.0,222.05,1307989.0,427947762.0,149385482.0,0.008755797300302582
2023-11-17,220.29,224.94,220.29,223.62,1103236.0,359650687.0,149385482.0,0.007385162100290308
2023-11-20,223.73,231.58,220.62,229.15,2062804.0,681389703.0,149385482.0,0.013808597544974283
2023-11-21,229.48,229.53,225.42,226.63,1344438.0,445653561.0,149385482.0,0.008999790220578462
2023-11-22,225.95,226.62,222.99,223.05,979251.0,321084050.0,149385482.0,0.006555195236442052
2023-11-23,222.68,225.28,221.01,224.25,977903.0,318591717.0,149385482.0,0.0065461716018695845
2023-11-24,223.36,224.73,221.42,223.36,879497.0,285842279.0,149385482.0,0.005887432889897561
2023-11-27,222.68,222.91,213.33,215.83,1790253.0,568533033.0,149385482.0,0.011984116368148813
2023-11-28,215.4,217.54,213.96,216.41,1263873.0,397942427.0,149385482.0,0.008460480784873058
2023-11-29,216.26,216.43,213.01,213.48,1275160.0,398672805.0,149385482.0,0.008536036989190154
2023-11-30,213.31,213.63,208.28,208.66,1932144.0,592028933.0,149385482.0,0.012933947624174082
2023-12-01,207.82,211.03,202.14,204.18,2187554.0,652466427.0,149385482.0,0.014643685388383324
2023-12-04,203.94,205.47,198.7,198.7,2217166.0,651642746.0,149385482.0,0.014841910808976738
2023-12-05,197.92,200.67,190.05,190.26,2780197.0,786505965.0,149385482.0,0.01861089151889606
2023-12-06,189.1,196.33,189.02,193.53,2470682.0,696238684.0,149385482.0,0.016538969964966208
2023-12-07,193.89,194.78,190.17,192.24,2029677.0,569038140.0,149385482.0,0.013586842394764974
2023-12-08,192.37,193.2,189.71,192.58,1951418.0,545352159.0,149385482.0,0.013062969532742144
2023-12-11,191.84,193.14,188.53,191.95,1584756.0,440424978.0,149385482.0,0.010608500764485267
2023-12-12,191.16,191.84,188.49,188.86,1605731.0,445336565.0,149385482.0,0.01074890932172378
2023-12-13,188.25,188.67,183.64,183.95,2057026.0,557206967.0,149385482.0,0.013769919087585767
2023-12-14,184.98,190.32,184.51,184.57,2075474.0,567224052.0,149385482.0,0.013893411677046368
2023-12-15,185.68,195.83,185.68,190.74,3636472.0,1016635146.0,149385482.0,0.02434287422923735
2023-12-18,191.16,197.17,188.09,191.52,3158252.0,888065718.0,149385482.0,0.021141626065108523
2023-12-19,191.16,191.85,185.79,187.6,1928438.0,528516294.0,149385482.0,0.012909139323190724
2023-12-20,188.42,194.15,185.59,186.38,1894996.0,520488426.0,149385482.0,0.01268527553433874
2023-12-21,185.6,195.87,184.77,192.6,3162030.0,882699423.0,149385482.0,0.02116691634063878
2023-12-22,191.81,193.21,186.64,189.15,2560285.0,706827973.0,149385482.0,0.017138780594489096
2023-12-25,188.87,192.19,187.99,190.76,1249747.0,346860794.0,149385482.0,0.008365920056408158
2023-12-26,190.78,191.41,184.89,185.3,1628751.0,443527266.0,149385482.0,0.010903007294912366
2023-12-27,185.3,186.15,180.34,182.8,1942796.0,517000234.0,149385482.0,0.01300525308075118
2023-12-28,182.25,206.92,181.96,206.79,6165219.0,1778526775.0,149385482.0,0.04127053658400352
2023-12-29,206.23,206.27,200.33,201.66,2974018.0,880671699.0,149385482.0,0.01990834691687108
2024-01-02,201.66,202.12,194.61,195.95,2630611.0,755667131.0,149236157.0,0.017627169265689413
2024-01-03,195.27,201.09,193.35,195.62,2453774.0,704274759.0,149236157.0,0.016442221840381483
2024-01-04,195.27,195.96,187.06,189.34,2735584.0,757937386.0,149236157.0,0.018330571189929527
2024-01-05,189.1,192.07,184.75,185.95,2154884.0,590136667.0,149236157.0,0.014439423014625068
2024-01-08,190.09,202.81,187.4,193.98,5641227.0,1613997767.0,149236157.0,0.03780067185728992
2024-01-09,192.58,205.77,187.73,204.81,6305691.0,1827039835.0,149236157.0,0.04225310492282376
2024-01-10,202.46,221.4,200.94,216.11,7359040.0,2287812114.0,149236157.0,0.04931137432063464
2024-01-11,215.15,219.59,211.27,219.59,4917496.0,1550885930.0,149236157.0,0.032951103129786434
2024-01-12,217.09,219.59,210.92,211.77,4180176.0,1309935504.0,149236157.0,0.028010477380491648
2024-01-15,211.71,220.84,209.72,214.8,4005933.0,1264106424.0,149236157.0,0.026842911801863135
2024-01-16,211.65,215.14,208.63,215.14,3477530.0,1073627854.0,149236157.0,0.023302194789162255
2024-01-17,213.08,220.52,211.41,211.41,3691572.0,1161433151.0,149236157.0,0.024736445069407677
2024-01-18,209.35,226.08,209.12,225.0,6393591.0,2037410375.0,149236157.0,0.042842104276378544
2024-01-19,222.69,224.02,218.22,219.0,3959196.0,1275253406.0,149236157.0,0.026529737026128326
2024-01-22,217.35,217.35,206.58,208.97,4479454.0,1378829350.0,149236157.0,0.03001587611238207
2024-01-23,208.15,216.21,206.92,212.41,3698671.0,1144949246.0,149236157.0,0.024784013970555407
2024-01-24,213.08,215.82,202.28,212.02,4269450.0,1303622383.0,149236157.0,0.028608683618139535
2024-01-25,210.78,210.78,202.46,209.35,4920756.0,1486084296.0,149236157.0,0.032972947701943305
2024-01-26,207.26,213.41,201.78,201.78,3783533.0,1144101762.0,149236157.0,0.02535265632711247
2024-01-29,201.71,202.09,193.61,193.67,3712528.0,1072536510.0,149236157.0,0.0248768668038001
2024-01-30,192.53,197.33,191.71,193.9,2900398.0,823859017.0,149236157.0,0.019434955029028252
2024-01-31,193.22,194.73,185.22,185.6,3550503.0,974488288.0,149236157.0,0.023791171465236807
2024-02-01,184.99,195.85,183.34,193.48,3635479.0,1015684510.0,149236157.0,0.02436057771174046
2024-02-02,191.56,198.54,187.86,196.06,3587281.0,1004726793.0,149236157.0,0.02403761308326909
2024-02-05,195.96,210.26,191.84,206.71,5620336.0,1651306478.0,149236157.0,0.037660685674182834
2024-02-06,204.4,220.77,203.31,219.59,5059107.0,1573496446.0,149236157.0,0.03390000856159811
2024-02-07,218.28,222.77,215.95,219.23,4156140.0,1328616949.0,149236157.0,0.027849417215963287
2024-02-08,222.3,225.28,216.55,218.12,3491932.0,1122004988.0,149236157.0,0.02339869955241477
2024-02-19,219.33,224.96,215.15,221.99,3418501.0,1102677401.0,149236157.0,0.022906653914975848
2024-02-20,219.59,223.28,215.83,219.11,2837318.0,906264392.0,149236157.0,0.019012269258581887
2024-02-21,216.92,227.75,213.88,222.89,3981237.0,1287999748.0,149236157.0,0.026677429116591364
2024-02-22,220.61,222.54,217.68,221.71,2499082.0,801742679.0,149236157.0,0.0167458211886279
2024-02-23,220.8,230.3,219.4,226.02,3459475.0,1137745120.0,149236157.0,0.02318121204367384
2024-02-26,225.41,225.76,217.2,218.57,3827684.0,1227502562.0,149236157.0,0.0256485028624799
2024-02-27,217.27,219.18,213.72,218.91,3761476.0,1187913219.0,149236157.0,0.025204857024025352
2024-02-28,218.84,228.5,216.89,216.96,4585439.0,1488969635.0,149236157.0,0.03072605923509542
2024-02-29,216.49,224.05,214.61,224.05,3923590.0,1257149540.0,149236157.0,0.026291148732810105
2024-03-01,222.71,223.23,217.99,220.09,3137046.0,1006634132.0,149236157.0,0.02102068334552464
2024-03-04,218.57,223.97,217.89,221.02,2676852.0,863394342.0,149236157.0,0.017937020450077657
2024-03-05,219.25,221.01,217.2,219.34,2333530.0,744431458.0,149236157.0,0.015636492167243356
2024-03-06,218.55,223.62,217.88,220.07,2630083.0,847449588.0,149236157.0,0.017623631249094683
2024-03-07,219.94,225.16,218.79,221.53,3187682.0,1031905416.0,149236157.0,0.02135998449759062
2024-03-08,221.7,223.34,218.56,219.46,2275155.0,730628099.0,149236157.0,0.015245333609066334
2024-03-11,219.25,231.58,215.61,231.58,5465982.0,1787772364.0,149236157.0,0.036626392088078226
2024-03-12,230.34,243.23,228.38,239.05,5292269.0,1827040629.0,149236157.0,0.03546237792762246
2024-03-13,238.92,241.16,235.7,236.63,2968600.0,1031182045.0,149236157.0,0.01989196224075912
2024-03-14,237.07,241.5,231.93,234.3,2684996.0,925894985.0,149236157.0,0.017991591675735795
2024-03-15,232.92,236.49,230.9,233.01,1978710.0,673408947.0,149236157.0,0.013258918212427568
2024-03-18,234.81,238.32,231.58,236.79,2486852.0,854711410.0,149236157.0,0.016663870539094624
2024-03-19,236.79,245.29,235.7,241.8,3136021.0,1105608915.0,149236157.0,0.021013815036794333
2024-03-20,241.86,242.55,232.02,234.49,3430126.0,1177427356.0,149236157.0,0.022984550587160993
2024-03-21,233.64,236.3,229.42,229.45,2372260.0,802224203.0,149236157.0,0.01589601372541374
2024-03-22,229.45,232.47,227.41,232.0,2341311.0,786221555.0,149236157.0,0.015688631006492617
2024-03-25,230.23,232.87,227.95,228.81,1571312.0,526954419.0,149236157.0,0.010529030173297748
2024-03-26,227.82,231.25,227.82,231.25,1543812.0,517205554.0,149236157.0,0.010344758475655467
2024-03-27,231.58,236.94,230.21,232.98,2628779.0,901022926.0,149236157.0,0.017614893420231936
2024-03-28,232.84,234.7,229.53,231.86,1791626.0,606284953.0,149236157.0,0.012005307802183623
2024-03-29,230.9,236.72,229.89,236.68,1985715.0,678028008.0,149236157.0,0.013305857239408811
2024-04-01,237.82,240.48,234.74,239.75,1787395.0,621148365.0,149236157.0,0.011976956763902731
2024-04-02,237.82,239.66,234.72,236.33,1549051.0,535813724.0,149236157.0,0.010379863909253573
2024-04-03,235.54,237.75,218.91,219.29,4743885.0,1565371721.0,149236157.0,0.031787772449809196
2024-04-08,215.81,215.81,195.96,199.02,5579176.0,1639586751.0,149236157.0,0.037384881198729875
2024-04-09,204.83,208.86,201.71,204.04,3307622.0,988422585.0,149236157.0,0.022163677130871175
2024-04-10,200.75,203.13,198.68,202.05,2204764.0,646846953.0,149236157.0,0.014773658370203141
2024-04-11,200.06,201.88,196.56,198.08,1847559.0,535919797.0,149236157.0,0.012380103033610012
2024-04-12,197.92,202.13,196.84,198.6,1693464.0,492744423.0,149236157.0,0.011347544951857746
2024-04-15,197.47,203.88,197.44,201.92,2014601.0,593079607.0,149236157.0,0.013499416230612264
2024-04-16,199.38,205.51,199.38,204.24,2215852.0,658529136.0,149236157.0,0.014847956718692509
2024-04-17,204.17,204.18,200.9,202.99,2171881.0,640450711.0,149236157.0,0.014553316325346009
2024-04-18,202.81,202.94,197.93,199.38,1760494.0,514147061.0,149236157.0,0.01179669883887455
2024-04-19,198.67,199.04,187.4,191.5,3502348.0,974290436.0,149236157.0,0.023468494970692658
2024-04-22,190.06,197.12,189.63,194.27,2076086.0,588839704.0,149236157.0,0.013911414242595378
2024-04-23,194.93,199.37,194.4,198.22,2031395.0,584147413.0,149236157.0,0.013611949281165154
2024-04-24,198.34,199.29,194.78,197.23,1673292.0,481452518.0,149236157.0,0.01121237663604538
2024-04-25,198.0,201.99,197.19,200.88,2078218.0,606816963.0,149236157.0,0.01392570032475441
2024-04-26,201.78,206.03,199.45,203.5,2613111.0,774739353.0,149236157.0,0.01750990545809887
2024-04-29,204.15,215.45,204.15,210.23,4259472.0,930387724.0,208464270.0,0.020432623777686218
2024-04-30,210.43,214.29,207.15,207.34,2830050.0,614333464.0,208464270.0,0.013575707721999555
2024-05-06,211.41,219.75,211.41,215.2,4601865.0,1028031239.0,208464270.0,0.022075077901839005
2024-05-07,215.21,215.21,211.74,214.03,2102938.0,464832342.0,208464270.0,0.010087762281756965
2024-05-08,214.05,215.73,208.19,208.42,2531855.0,552698265.0,208464270.0,0.012145270745917274
2024-05-09,208.11,212.81,207.63,211.16,2220372.0,484794539.0,208464270.0,0.01065109143163958
2024-05-10,211.28,211.87,206.56,208.05,1923773.0,415358805.0,208464270.0,0.009228310443799313
2024-05-13,205.98,208.28,204.39,206.1,1561107.0,333719286.0,208464270.0,0.007488607040429518
2024-05-14,206.1,212.78,204.64,212.73,3092794.0,671143464.0,208464270.0,0.014836086778803869
2024-05-15,211.85,213.8,209.46,211.4,1895356.0,414624480.0,208464270.0,0.009091994517813532
2024-05-16,211.39,212.36,208.13,209.46,1699397.0,369180967.0,208464270.0,0.00815198211185063
2024-05-17,208.78,211.92,208.19,211.08,1710135.0,371608480.0,208464270.0,0.008203492138005232
2024-05-20,210.39,218.15,210.09,215.25,3505523.0,781870872.0,208464270.0,0.016815941647938037
2024-05-21,214.76,215.14,211.04,212.73,1867113.0,410889112.0,208464270.0,0.008956513267237594
2024-05-22,224.9,226.82,215.25,215.64,4988063.0,1133389363.0,208464270.0,0.02392766395891248
2024-05-23,212.26,215.16,208.56,209.65,3362487.0,733370268.0,208464270.0,0.016129800085165673
2024-05-24,208.56,209.65,203.52,203.52,2591248.0,552196058.0,208464270.0,0.012430178082795675
2024-05-27,203.52,203.52,198.36,201.93,1950622.0,405107582.0,208464270.0,0.009357104697126275
2024-05-28,200.77,200.93,197.68,197.68,1847687.0,381520120.0,208464270.0,0.00886332703441218
2024-05-29,196.92,200.17,194.19,195.46,1997072.0,407194281.0,208464270.0,0.009579924655673608
2024-05-30,194.98,196.44,192.31,195.73,1550375.0,312945596.0,208464270.0,0.0074371257961856
2024-05-31,196.62,197.52,193.74,194.14,1545273.0,312841186.0,208464270.0,0.007412651578133749
2024-06-03,193.97,194.47,190.73,191.12,1970553.0,391877470.0,208464270.0,0.00945271340743428
2024-06-04,191.12,199.33,191.12,198.98,2989130.0,609201988.0,208464270.0,0.014338812113941637
2024-06-05,198.21,200.74,197.31,198.25,1725147.0,355880342.0,208464270.0,0.008275504478537258
2024-06-06,198.23,198.73,193.05,193.58,2157695.0,436420836.0,208464270.0,0.010350430795646659
2024-06-07,194.48,195.81,191.12,193.07,1545749.0,308582966.0,208464270.0,0.007414934943048034
2024-06-11,191.84,191.97,183.88,187.94,3290738.0,636413368.0,208464270.0,0.015785621200218147
2024-06-12,187.14,187.74,184.37,185.06,2940976.0,564454879.0,208464270.0,0.014107818092759973
2024-06-13,184.95,185.21,181.69,182.35,2435307.0,461199150.0,208464270.0,0.011682131427126577
2024-06-14,182.24,182.24,175.49,179.43,4379368.0,808964695.0,208464270.0,0.02100776310491961
2024-06-17,176.83,180.96,176.66,179.67,1981320.0,368541348.0,208464270.0,0.009504362546157191
2024-06-18,179.74,185.14,179.73,182.5,2497855.0,473450000.0,208464270.0,0.011982173252039785
2024-06-19,182.5,182.87,178.45,178.45,1463912.0,272751419.0,208464270.0,0.007022364072270034
2024-06-20,177.61,179.99,173.86,173.88,2106789.0,383746848.0,208464270.0,0.010106235471431147
2024-06-21,173.63,175.29,170.76,170.86,2333148.0,416980175.0,208464270.0,0.01119207622486098
2024-06-24,169.02,170.84,166.81,169.3,2338946.0,409578076.0,208464270.0,0.011219889144552206
2024-06-25,169.28,171.33,165.28,165.82,2042350.0,354977591.0,208464270.0,0.009797122547667281
2024-06-26,165.77,172.67,164.19,171.86,3110928.0,545284268.0,208464270.0,0.014923075306861938
2024-06-27,170.93,171.49,167.29,167.34,2073605.0,362974292.0,208464270.0,0.009947052317406719
2024-06-28,167.49,168.41,165.48,166.12,2171164.0,375060540.0,208464270.0,0.010415041388147715
2024-07-01,165.25,168.92,164.87,167.63,1701818.0,294548687.0,208464269.0,0.008163595651972376
2024-07-02,167.95,167.95,164.25,164.62,2142021.0,366692404.0,208464269.0,0.010275242900259324
2024-07-03,164.09,164.62,158.02,160.29,3001371.0,497953036.0,208464269.0,0.014397532077787392
2024-07-04,161.2,161.68,154.06,154.44,2836996.0,459962634.0,208464269.0,0.013609027645884005
2024-07-05,153.95,155.72,151.76,155.04,2467769.0,392619866.0,208464269.0,0.01183785121468466
2024-07-08,153.77,154.34,149.61,149.77,2459436.0,385422724.0,208464269.0,0.011797877937537584
2024-07-09,149.99,154.22,148.75,152.59,2869863.0,448824836.0,208464269.0,0.013766690156383586
2024-07-10,152.03,158.38,151.12,154.77,2669557.0,430865551.0,208464269.0,0.01280582525152068
2024-07-11,160.57,168.53,159.6,163.13,5706294.0,965574375.0,208464269.0,0.027373007505665157
2024-07-12,162.64,164.08,161.53,163.32,2704234.0,456308987.0,208464269.0,0.012972170305118332
2024-07-15,162.24,163.22,160.07,160.83,1629039.0,272161585.0,208464269.0,0.007814475870682664
2024-07-16,159.8,161.62,158.79,160.43,1548496.0,256902541.0,208464269.0,0.007428112296788856
2024-07-17,160.23,166.99,160.23,165.45,3350635.0,571104529.0,208464269.0,0.01607294629469571
2024-07-18,164.09,168.44,163.14,165.25,3115240.0,532888085.0,208464269.0,0.01494375997835869
2024-07-19,164.06,166.51,163.2,165.26,1821628.0,310954607.0,208464269.0,0.008738322441242917
2024-07-22,165.26,165.99,162.6,164.06,1940921.0,329934593.0,208464269.0,0.009310569189197598
2024-07-23,163.13,163.87,155.77,155.82,2898203.0,476726802.0,208464269.0,0.01390263671516772
2024-07-24,155.83,156.85,153.91,154.65,1727723.0,277676071.0,208464269.0,0.008287861551947783
2024-07-25,154.64,160.96,153.9,158.17,2457622.0,403359687.0,208464269.0,0.011789176206498966
2024-07-26,158.21,161.1,157.82,160.23,1569919.0,259919271.0,208464269.0,0.007530878109379982
2024-07-29,160.85,161.0,156.36,156.36,1692074.0,276534167.0,208464269.0,0.008116853828796915
2024-07-30,155.54,157.13,154.63,155.89,1181462.0,190607262.0,208464269.0,0.0056674556539950734
2024-07-31,155.82,169.7,155.42,169.5,4633819.0,792388264.0,208464269.0,0.022228360870802277
2024-08-01,167.95,170.36,165.38,166.97,2648469.0,459265003.0,208464269.0,0.012704666428950469
2024-08-02,165.82,170.15,165.1,165.69,2408443.0,417897317.0,208464269.0,0.011553265274443747
2024-08-05,164.58,169.26,164.12,164.12,2755492.0,475744754.0,208464269.0,0.013218054169273488
2024-08-06,166.02,169.4,164.87,167.56,2284049.0,395159830.0,208464269.0,0.010956549105304948
2024-08-07,167.57,167.67,164.99,166.12,1462893.0,251830836.0,208464269.0,0.007017475978101552
2024-08-08,165.07,170.01,164.18,167.29,2032276.0,352442671.0,208464269.0,0.009748797766393242
2024-08-09,167.18,168.92,165.06,165.08,1338170.0,230580311.0,208464269.0,0.006419181600852662
2024-08-12,164.29,165.63,163.15,163.49,1103173.0,187707219.0,208464269.0,0.005291904484600188
2024-08-13,163.61,164.28,161.66,163.8,1426815.0,240620068.0,208464269.0,0.006844410348326888
2024-08-14,163.18,163.59,160.81,160.81,1098080.0,183925524.0,208464269.0,0.005267473439297168
2024-08-15,160.74,163.69,159.83,161.22,1479620.0,247754946.0,208464269.0,0.0070977151484890675
2024-08-16,162.16,163.96,159.9,161.39,1349463.0,226345380.0,208464269.0,0.006473353954005423
2024-08-19,160.41,162.72,159.27,159.99,1224707.0,204005647.0,208464269.0,0.00587490127624701
2024-08-20,159.87,162.01,156.77,157.43,1486159.0,246097056.0,208464269.0,0.0071290826343002696
2024-08-21,157.63,159.44,157.04,158.37,1104762.0,181002110.0,208464269.0,0.005299526893982968
2024-08-22,150.58,151.35,138.37,138.87,6585022.0,976131863.0,208464269.0,0.031588252661179074
2024-08-23,137.21,139.85,134.49,136.39,3488757.0,492997801.0,208464269.0,0.016735515475796
2024-08-26,135.14,136.18,132.09,133.17,2835063.0,393353740.0,208464269.0,0.013599755073614078
2024-08-27,133.2,135.45,132.83,133.74,1970783.0,273373516.0,208464269.0,0.00945381675936033
2024-08-28,133.3,134.17,132.13,132.45,1610888.0,221571316.0,208464269.0,0.0077274057934599814
2024-08-29,131.47,138.03,131.27,136.5,2740543.0,384475513.0,208464269.0,0.013146344038459656
2024-08-30,135.92,141.88,135.22,139.92,2948475.0,424569489.0,208464269.0,0.01414379075197774
2024-09-02,138.03,139.29,133.82,133.82,2225015.0,313487281.0,208464269.0,0.010673363884724053
2024-09-03,133.7,136.57,133.58,134.66,1586275.0,221766239.0,208464269.0,0.007609337598281651
2024-09-04,133.96,137.29,133.87,134.85,1255294.0,175916090.0,208464269.0,0.006021626660634106
2024-09-05,134.83,136.73,133.94,135.72,1086730.0,152719067.0,208464269.0,0.0052130276579915955
2024-09-06,135.75,135.77,131.43,132.02,1706819.0,235495679.0,208464269.0,0.008187585374642788
2024-09-09,131.27,132.29,129.4,130.94,1570503.0,212354800.0,208464269.0,0.007533679548700022
2024-09-10,130.97,134.44,130.19,133.19,1453129.0,198388324.0,208464269.0,0.006970638215223348
2024-09-11,132.66,134.75,131.93,134.05,1324443.0,183234533.0,208464269.0,0.00635333338587631
2024-09-12,134.05,136.1,133.01,133.1,1300203.0,180968812.0,208464269.0,0.006237054466154101
2024-09-13,132.77,133.19,130.31,130.41,1410806.0,192036304.0,208464269.0,0.006767615413267777
2024-09-18,130.41,131.04,128.2,129.39,1139318.0,152901030.0,208464269.0,0.005465291512379035
2024-09-19,130.0,136.58,130.0,133.88,2475209.0,343174730.0,208464269.0,0.01187354078410435
2024-09-20,133.09,133.64,131.28,133.47,1469390.0,201825308.0,208464269.0,0.007048641990536997
2024-09-23,132.27,135.49,131.87,133.48,1297950.0,179560448.0,208464269.0,0.006226246858640317
2024-09-24,136.0,142.39,133.77,141.39,4257221.0,611086468.0,208464269.0,0.0204218258621577
2024-09-25,143.21,147.78,142.62,142.74,4885426.0,734719393.0,208464269.0,0.02343531591018123
2024-09-26,142.39,158.7,141.89,157.93,6683732.0,1045310310.0,208464269.0,0.03206176306405775
2024-09-27,170.85,189.51,166.02,189.51,11682920.0,2164669765.0,208464269.0,0.056042793597400616
2024-09-30,222.01,227.41,203.19,227.41,14823586.0,3351933171.0,208464269.0,0.07110852171985406
2024-10-08,272.2,272.9,240.99,272.9,17174580.0,4701109975.0,208464269.0,0.08238620499515914
2024-10-09,250.97,254.82,222.01,222.69,13818868.0,3420106541.0,208464269.0,0.0662889044069226
2024-10-10,223.46,233.59,216.7,222.78,7590024.0,1765144718.0,208464269.0,0.03640923231788945
2024-10-11,217.18,222.07,200.39,204.2,8114428.0,1749535539.0,208464269.0,0.03892479051170155
2024-10-14,201.14,205.27,194.88,204.62,6903140.0,1435577208.0,208464269.0,0.03311425997900868
2024-10-15,204.83,206.42,195.97,196.16,5380317.0,1119607540.0,208464269.0,0.025809300681643433
2024-10-16,191.14,197.78,190.16,193.9,4054352.0,817390852.0,208464269.0,0.019448666284388526
2024-10-17,196.81,202.32,194.02,195.37,4707938.0,967306389.0,208464269.0,0.022583908612175643
2024-10-18,193.42,229.76,192.7,212.68,9415329.0,2021751217.0,208464269.0,0.04516519327348132
2024-10-21,210.55,214.29,205.15,209.87,7292118.0,1585015551.0,208464269.0,0.034980181663649995
2024-10-22,208.3,216.4,207.53,212.28,5107239.0,1124868788.0,208464269.0,0.024499349574386774
2024-10-23,209.94,215.59,208.5,209.44,4872650.0,1068312689.0,208464269.0,0.02337402962807022
2024-10-24,198.49,203.65,196.43,201.45,5277061.0,1096355418.0,208464269.0,0.0253139831843317
2024-10-25,199.98,212.36,199.81,209.26,5588242.0,1195648730.0,208464269.0,0.026806713816265558
2024-10-28,211.39,221.82,210.5,217.18,6602605.0,1477381095.0,208464269.0,0.03167259805084391
2024-10-29,221.04,221.04,209.47,209.47,4751317.0,1050004481.0,208464269.0,0.022791997030435943
2024-10-30,206.77,226.84,200.01,214.48,7762641.0,1698610199.0,208464269.0,0.037237273501292446
2024-10-31,206.29,209.24,201.76,205.37,6238509.0,1327805490.0,208464269.0,0.02992603495038279
2024-11-01,204.34,210.91,202.7,203.69,3843353.0,822765712.0,208464269.0,0.018436507217455093
2024-11-04,202.12,207.32,201.93,206.39,3132350.0,663764012.0,208464269.0,0.015025836394053697
2024-11-05,205.33,216.22,203.69,214.41,6027176.0,1324037745.0,208464269.0,0.028912273690413583
2024-11-06,214.31,229.34,212.36,219.6,8623890.0,1980338469.0,208464269.0,0.04136867215359578
2024-11-07,215.25,236.49,214.29,236.01,11020490.0,2629342569.0,208464269.0,0.05286512673306139
2024-11-08,236.49,239.38,225.4,228.77,8170553.0,1950275817.0,208464269.0,0.039194021302518756
2024-11-11,222.98,227.96,219.22,227.66,6276521.0,1453720297.0,208464269.0,0.03010837794941252
2024-11-12,228.77,236.49,222.31,224.22,7948787.0,1901134749.0,208464269.0,0.03813021309661465
2024-11-13,221.29,226.44,219.0,223.93,4422583.0,1020251489.0,208464269.0,0.02121506491839136
2024-11-14,223.94,226.84,215.91,216.81,4007860.0,919835757.0,208464269.0,0.01922564485139657
2024-11-15,216.22,218.63,206.37,206.57,4895926.0,1073464269.0,208464269.0,0.023485684254120308
2024-11-18,206.56,208.25,201.48,203.48,3611285.0,765983077.0,208464269.0,0.017323280470669052
2024-11-19,204.65,207.99,200.0,207.98,3400880.0,720254019.0,208464269.0,0.01631397081290703
2024-11-20,206.96,210.23,205.19,208.49,2962315.0,637441577.0,208464269.0,0.01421018102627458
2024-11-21,205.73,207.98,203.0,206.28,2750643.0,586023852.0,208464269.0,0.01319479358834391
2024-11-22,206.28,206.34,197.46,197.46,3465689.0,722643863.0,208464269.0,0.016624858622654417
2024-11-25,197.45,198.84,191.97,195.17,3208132.0,648991105.0,208464269.0,0.015389361521709987
2024-11-26,194.79,201.3,194.74,197.15,2697521.0,553857814.0,208464269.0,0.012939968143893282
2024-11-27,197.16,202.22,195.1,201.21,2852838.0,587923826.0,208464269.0,0.013685021484425228
2024-11-28,200.4,201.1,197.9,198.52,1752707.0,362280090.0,208464269.0,0.008407709428611961
2024-11-29,198.85,207.53,198.85,204.54,3570116.0,753083100.0,208464269.0,0.017125793389561644
2024-12-02,204.15,211.39,202.7,209.45,3708977.0,800825374.0,208464269.0,0.017791907542678214
2024-12-03,208.3,208.5,204.34,205.96,2526551.0,539633307.0,208464269.0,0.012119827595011018
2024-12-04,205.91,205.91,199.5,200.25,2612902.0,547208219.0,208464269.0,0.01253405205858084
2024-12-05,199.43,201.65,197.88,199.09,2415324.0,498911068.0,208464269.0,0.011586273329171821
2024-12-06,199.42,208.5,198.74,205.5,3729320.0,788664086.0,208464269.0,0.01788949261132132
2024-12-09,204.64,205.48,200.24,201.29,2489460.0,522099771.0,208464269.0,0.011941902619292517
2024-12-10,222.3,228.8,207.91,208.98,9604191.0,2169218954.0,208464269.0,0.04607116148043577
2024-12-11,207.53,216.96,207.53,211.58,5504447.0,1213775811.0,208618680.0,0.02638520673220634
2024-12-12,209.47,217.69,207.9,215.91,5332927.0,1184668675.0,208618680.0,0.02556303682872502
2024-12-13,212.36,212.84,203.48,203.67,6044328.0,1295743523.0,208618680.0,0.028973091000288182
2024-12-16,202.7,204.24,200.28,202.07,3336123.0,696627287.0,208618680.0,0.015991487435353346
2024-12-17,200.79,202.8,199.78,200.84,2437917.0,508173587.0,208618680.0,0.011685995712368615
2024-12-18,200.87,202.51,198.31,198.9,2127334.0,440517622.0,208618680.0,0.010197236412386465
2024-12-19,196.91,198.81,195.1,197.84,2516467.0,513439239.0,208618680.0,0.01206252000060589
2024-12-20,198.55,201.62,197.6,198.05,2414984.0,498679999.0,208618680.0,0.01157606787656791
2024-12-23,196.91,199.62,194.5,194.93,2275418.0,463219709.0,208618680.0,0.01090706738246067
2024-12-24,195.64,197.88,194.53,197.73,1786267.0,363219138.0,208618680.0,0.008562354051899859
2024-12-25,197.3,197.9,194.5,195.35,1615564.0,327601733.0,208618680.0,0.007744100384490977
2024-12-26,194.98,197.67,194.97,196.24,1284084.0,261004246.0,208618680.0,0.006155172681564278
2024-12-27,196.3,196.79,193.89,194.69,2256266.0,456212416.0,208618680.0,0.010815263522902168
2024-12-30,194.06,194.48,179.99,180.26,7114406.0,1360785969.0,208618680.0,0.03410243991573526
2024-12-31,180.02,181.66,176.16,176.16,3670149.0,677857510.0,208591571.0,0.017594905596640814
2025-01-02,176.15,176.15,168.51,170.23,4398527.0,779852968.0,208591571.0,0.021086791661394603
2025-01-03,170.32,171.75,166.12,166.51,3021691.0,527653837.0,208591571.0,0.014486160612884977
2025-01-06,166.02,167.55,164.49,166.41,2298955.0,395323622.0,208591571.0,0.01102132262094138
2025-01-07,166.99,167.72,164.65,167.44,1888026.0,325556658.0,208591571.0,0.009051305337740612
2025-01-08,167.44,168.24,162.89,166.57,2400679.0,412785155.0,208591571.0,0.011508993333196575
2025-01-09,165.16,167.87,164.72,165.14,1644885.0,283339571.0,208591571.0,0.007885673386102451
2025-01-10,164.59,165.63,161.34,161.36,1956084.0,331205292.0,208591571.0,0.009377579307842693
2025-01-13,159.53,164.41,159.27,163.48,1949486.0,327829791.0,208591571.0,0.009345948115995541
2025-01-14,163.48,169.87,163.48,169.84,3214986.0,558683387.0,208591571.0,0.015412827970886705
2025-01-15,168.93,169.4,167.32,167.69,1703708.0,296551542.0,208591571.0,0.008167674234545173
2025-01-16,168.24,170.74,165.75,167.18,1997697.0,348028737.0,208591571.0,0.00957707442550495
2025-01-17,166.83,168.36,166.12,167.29,1438080.0,249217557.0,208591571.0,0.006894238310329423
2025-01-20,169.79,169.89,166.31,167.03,1998176.0,347729397.0,208591571.0,0.009579370779081001
2025-01-21,168.38,168.55,164.46,167.02,1756163.0,302649677.0,208591571.0,0.008419146524381851
2025-01-22,165.54,166.22,163.63,165.38,1590689.0,271249424.0,208591571.0,0.0076258546420363265
2025-01-23,167.3,169.2,166.02,166.14,1899108.0,329031153.0,208591571.0,0.009104433083731845
2025-01-24,165.53,166.6,164.78,165.64,1965589.0,337320306.0,208591571.0,0.009423146825045966
2025-01-27,165.6,167.45,164.09,164.11,1817839.0,311495540.0,208591571.0,0.008714824819071907
2025-02-05,164.09,164.58,161.3,162.12,1921506.0,323441759.0,208591571.0,0.009211810385185698
2025-02-06,162.05,166.99,160.4,166.95,2732692.0,465931546.0,208591571.0,0.01310068276919972
2025-02-07,166.02,172.45,165.32,170.14,4092996.0,719498068.0,208591571.0,0.01962205845796137
2025-02-10,169.89,172.11,168.06,171.76,2915282.0,514358707.0,208591571.0,0.013976029740914124
2025-02-11,171.91,172.76,167.66,168.13,2465740.0,430943517.0,208591571.0,0.011820899512761232
2025-02-12,167.95,170.52,166.99,170.27,2441403.0,426723372.0,208591571.0,0.011704226533679063
2025-02-13,169.87,179.65,169.3,176.81,6282183.0,1148481888.0,208591571.0,0.03011714696755412
2025-02-14,176.26,176.85,173.75,176.71,3486944.0,633449136.0,208591571.0,0.016716610279520833
2025-02-17,178.09,179.83,174.33,175.59,3221535.0,589370482.0,208591571.0,0.015444224253912925
2025-02-18,174.69,174.71,169.02,169.43,3117619.0,555665876.0,208591571.0,0.014946044967464194
2025-02-19,169.43,172.97,167.58,172.42,2561972.0,453497815.0,208591571.0,0.012282241260841743
2025-02-20,171.49,179.26,171.0,177.12,4796758.0,876379525.0,208591571.0,0.022995934001570944
2025-02-21,178.31,183.3,175.11,177.07,4184485.0,769145193.0,208591571.0,0.02006066199098716
2025-02-24,171.82,173.52,169.43,170.81,4579419.0,810898883.0,208591571.0,0.02195399832335507
2025-02-25,168.92,170.07,166.89,167.03,3067608.0,535562284.0,208591571.0,0.014706289354328704
2025-02-26,166.46,169.02,164.73,168.94,3535496.0,610594607.0,208591571.0,0.016949371362661628
2025-02-27,168.92,171.58,167.46,170.45,3169104.0,557317616.0,208591571.0,0.015192867021457928
2025-02-28,169.79,171.52,163.96,163.96,3314765.0,574516943.0,208591571.0,0.015891174241168163
2025-03-03,163.9,169.88,163.32,164.1,3055152.0,527302099.0,208591571.0,0.014646574573236232
2025-03-04,163.9,164.37,161.35,163.82,2201845.0,371076355.0,208591571.0,0.01055577169031437
2025-03-05,163.13,163.33,160.82,162.31,1840877.0,308533096.0,208591571.0,0.00882527031737059
2025-03-06,162.82,167.27,162.82,167.14,3250634.0,557439077.0,208591571.0,0.015583726535143647
2025-03-07,166.24,167.14,164.09,166.5,2247410.0,385555656.0,208591571.0,0.010774212923493443
2025-03-10,166.51,169.2,165.83,168.81,2859742.0,497428449.0,208591571.0,0.013709767783473858
2025-03-11,182.32,201.74,178.57,194.01,15785485.0,3122847558.0,208591571.0,0.07567652386107203
2025-03-12,192.97,196.33,185.38,186.29,8822658.0,1731286300.0,208591571.0,0.04229633037281262
2025-03-13,185.34,200.97,185.34,193.27,10388514.0,2084986826.0,208591571.0,0.049803134183212035
2025-03-14,192.98,199.48,191.01,193.05,8896640.0,1800927462.0,208591571.0,0.04265100433995964
2025-03-17,194.05,199.48,192.52,196.9,5755423.0,1169137589.0,208591571.0,0.027591829201957543
2025-03-18,197.4,197.49,190.6,193.09,5693503.0,1139966348.0,208591571.0,0.027294981157220396
2025-03-19,191.62,191.99,186.83,189.9,3640096.0,712215546.0,208591571.0,0.01745082978448827
2025-03-20,187.26,191.29,186.61,187.19,3587803.0,701303224.0,208591571.0,0.01720013413197794
2025-03-21,187.2,190.08,182.43,183.5,3406140.0,653044340.0,208591571.0,0.01632923125163097
2025-03-24,182.93,183.21,179.06,181.09,2436364.0,456034521.0,208591571.0,0.011680069277583608
2025-03-25,181.09,183.88,178.83,182.19,3251687.0,611036791.0,208591571.0,0.015588774677764903
2025-03-26,181.95,182.95,179.68,180.19,2079421.0,388747700.0,208591571.0,0.009968863986359258
2025-03-27,179.84,179.94,173.36,177.73,3330784.0,606915323.0,208591571.0,0.015967970249382703
2025-03-28,177.06,177.24,173.97,174.0,2485344.0,451600516.0,208591571.0,0.011914882217364382
2025-03-31,173.75,175.26,170.45,173.22,2782663.0,496576866.0,208591570.0,0.013340246683986319
2025-04-01,173.78,177.8,171.66,172.67,3776779.0,681830995.0,208591570.0,0.018106096042136314
2025-04-02,171.55,176.16,171.55,174.22,2326901.0,418979212.0,208591570.0,0.011155297407272979
2025-04-03,171.82,177.35,171.79,174.88,2886826.0,523806348.0,208591570.0,0.013839610105048828
2025-04-07,167.86,172.73,153.35,160.56,6114483.0,1035287435.0,208591570.0,0.029313183653586768
2025-04-08,162.18,166.73,161.47,165.48,4360315.0,742521433.0,208591570.0,0.020903601233741135
2025-04-09,162.35,172.59,162.16,171.38,4195493.0,732714716.0,208591570.0,0.020113435073143178
2025-04-10,171.82,183.35,171.82,179.2,6044071.0,1111217909.0,208591570.0,0.028975624470346524
2025-04-11,176.85,178.96,174.4,176.72,3168947.0,578345886.0,208591570.0,0.015192114427251303
2025-04-14,177.61,179.25,175.3,177.44,2818909.0,517210080.0,208591570.0,0.013514012095503188
2025-04-15,176.56,182.11,173.9,178.84,3505001.0,648469648.0,208591570.0,0.01680317665761852
2025-04-16,177.61,178.55,175.17,177.12,1833350.0,335418367.0,208591570.0,0.008789185488176728
2025-04-17,175.73,179.06,175.7,177.03,1655151.0,304140297.0,208591570.0,0.007934889219156843
2025-04-18,176.64,178.09,170.25,172.78,2349832.0,424373363.0,208591570.0,0.011265229941938688
2025-04-21,170.85,172.62,169.11,172.11,2021459.0,358717247.0,208591570.0,0.009690990867943512
2025-04-22,171.2,172.97,169.56,171.05,1710518.0,303447749.0,208591570.0,0.00820032180590999
2025-04-23,171.15,171.77,167.47,168.34,2666197.0,467030362.0,208591570.0,0.012781901972356792
2025-04-24,168.93,170.52,166.73,166.79,2184572.0,380566682.0,208591570.0,0.010472963984114986
2025-04-25,164.48,174.46,164.12,171.03,3877155.0,689823719.0,208591570.0,0.01858730436709403
2025-04-28,169.98,171.71,167.33,167.5,1734276.0,303033030.0,208591570.0,0.008314219026205133
2025-04-29,167.65,169.46,166.24,168.92,1780804.0,309401512.0,208591570.0,0.008537276937893511
2025-04-30,169.69,172.6,168.04,170.68,2386660.0,411220851.0,208591570.0,0.011441785494974701
2025-05-06,169.69,170.88,169.06,170.36,2642587.0,455170577.0,208591570.0,0.012668714272585417
2025-05-07,172.64,173.15,168.88,169.83,2837062.0,491216584.0,208591570.0,0.013601038622989415
2025-05-08,169.07,170.18,168.46,169.04,2067990.0,354333678.0,208591570.0,0.00991406316180467
2025-05-09,168.71,171.63,167.59,168.4,2629442.0,451894161.0,208591570.0,0.012605696385525072
2025-05-12,168.71,172.14,167.55,170.6,2727210.0,468587046.0,208591570.0,0.013074401808280171
2025-05-13,171.78,172.15,168.98,169.2,2306627.0,398106233.0,208591570.0,0.011058102683631941
2025-05-14,168.72,171.47,167.38,170.54,2547868.0,436673470.0,208591570.0,0.012214625931431458
2025-05-15,169.69,174.33,168.62,173.29,4398437.0,768878031.0,208591570.0,0.02108636029730252
2025-05-16,171.89,172.06,168.32,169.72,2410450.0,414566790.0,208591570.0,0.011555836125112823
2025-05-19,169.69,169.69,167.73,168.02,1586510.0,270375259.0,208591570.0,0.007605820311913852
2025-05-20,168.02,179.16,167.8,174.62,5857935.0,1032978169.0,208591570.0,0.028083277766210783
2025-05-21,174.19,175.29,172.58,173.09,2462177.0,432884735.0,208591570.0,0.01180381834222735
2025-05-22,173.05,176.6,170.35,170.6,2557456.0,447625263.0,208591570.0,0.012260591355633404
2025-05-23,170.48,174.13,169.3,169.35,2583642.0,450283891.0,208591570.0,0.012386128547764419
2025-05-26,169.35,169.68,167.41,168.29,2100961.0,358366454.0,208591570.0,0.010072128034704374
2025-05-27,168.26,169.55,168.02,168.78,1348679.0,230603055.0,208591570.0,0.006465644800506559
2025-05-28,168.78,169.5,167.58,168.31,1219168.0,208027590.0,208591570.0,0.005844761607575992
2025-05-29,168.21,169.85,167.45,169.69,1690550.0,289358939.0,208591570.0,0.008104594063892419
2025-05-30,168.81,169.79,167.72,167.72,1635274.0,278940529.0,208591570.0,0.007839597736380238
2025-06-03,166.64,172.65,166.32,171.65,3018048.0,522858503.0,208591570.0,0.014468695930521065
2025-06-04,172.16,177.4,170.98,177.34,4721492.0,837244462.0,208591570.0,0.02263510457301798
2025-06-05,176.07,176.11,172.05,172.9,2840255.0,500035712.0,208591570.0,0.01361634604888395
2025-06-06,172.9,173.13,170.36,170.71,1772673.0,307439674.0,208591570.0,0.008498296455604605
2025-06-09,171.39,174.0,170.37,172.8,2001389.0,349946639.0,208591570.0,0.009594774132051453
2025-06-10,172.56,173.0,168.73,169.79,2465022.0,425965655.0,208591570.0,0.011817457436079511
2025-06-11,169.8,177.27,169.57,174.63,4068580.0,718733480.0,208591570.0,0.019505006841839295
2025-06-12,174.06,182.42,173.79,179.46,4841253.0,878002403.0,208591570.0,0.023209245704416532
2025-06-13,177.59,181.53,173.98,175.08,3338110.0,598318987.0,208591570.0,0.016003091591860592
2025-06-16,174.41,176.48,172.13,172.45,2432720.0,427536780.0,208591570.0,0.011662599787709541
2025-06-17,173.4,174.13,169.96,170.69,2664074.0,462671696.0,208591570.0,0.012771724188086796
2025-06-18,170.67,171.15,169.53,169.76,2011664.0,347273417.0,208591570.0,0.00964403307381981
2025-06-19,169.77,170.24,167.06,167.44,2698146.0,460303115.0,208591570.0,0.012935067318396424
2025-06-20,167.98,169.17,166.41,169.17,1746596.0,296994553.0,208591570.0,0.00837328181575123
2025-06-23,167.82,168.41,166.73,168.21,1639081.0,278545416.0,208591570.0,0.007857848713636893
2025-06-24,168.7,170.19,168.21,170.18,1838065.0,316198507.0,208591570.0,0.00881178946972785
2025-06-25,170.68,172.16,169.17,171.77,2220022.0,383749306.0,208591570.0,0.010642913325787807
2025-06-26,171.62,172.0,169.7,169.87,1891708.0,327025125.0,208591570.0,0.00906895710119062
2025-06-27,169.98,171.62,169.2,169.9,1785764.0,308359193.0,208591570.0,0.008561055463554927
2025-06-30,169.69,172.62,168.91,172.47,2431251.0,420932432.0,208591570.0,0.011655557317105384
2025-07-01,171.67,172.13,170.29,170.98,1719034.0,298153906.0,208591570.0,0.008241148000372211
2025-07-02,170.68,171.6,169.38,169.66,1361375.0,234340570.0,208591570.0,0.006526510155707634
2025-07-03,170.18,176.21,169.89,173.73,4675853.0,824394435.0,208591570.0,0.022416308578529803
2025-07-04,173.63,174.39,170.19,170.31,2628831.0,457930495.0,208591570.0,0.012602767216335731
2025-07-07,170.31,170.68,168.35,168.66,2220398.0,380422591.0,208591570.0,0.010644715891442785
2025-07-08,168.87,171.98,168.87,171.58,2632328.0,456761250.0,208591570.0,0.012619532035738549
2025-07-09,170.93,173.31,168.64,169.05,2883708.0,498702090.0,208591570.0,0.01382466223347377
2025-07-10,169.4,170.17,168.81,169.68,1703259.0,292276147.0,208591570.0,0.008165521741842204
2025-07-11,169.64,174.1,169.2,171.78,3261782.0,567762104.0,208591570.0,0.015637170763899998
2025-07-14,171.78,173.97,170.12,173.5,2917809.0,508303145.0,208591570.0,0.013988144391453594
2025-07-15,173.44,173.64,169.58,170.48,2622025.0,454084158.0,208591570.0,0.012570138860357587
2025-07-16,170.48,175.25,169.99,172.14,3550322.0,620754289.0,208591570.0,0.017020448141792117
2025-07-17,172.18,174.92,171.47,173.94,3876275.0,682852297.0,208591570.0,0.018583085596412165
2025-07-18,173.94,175.37,172.45,175.25,2748842.0,484760408.0,208591570.0,0.01317810686213254
2025-07-21,175.2,175.81,173.64,175.14,2484906.0,440038466.0,208591570.0,0.011912782477259269
2025-07-22,179.13,187.44,178.61,182.52,8974017.0,1665864263.0,208591570.0,0.04302195433880669
2025-07-23,185.09,186.96,181.46,181.84,5624100.0,1049585779.0,208591570.0,0.026962259308945226
2025-07-24,182.23,193.89,182.23,193.57,7686225.0,1471345841.0,208591570.0,0.036848205322966794
2025-07-25,193.37,193.37,186.76,189.0,5143930.0,986660737.0,208591570.0,0.024660296674501276
2025-07-28,187.45,188.9,185.73,186.79,2970694.0,563560201.0,208591570.0,0.014241678127260848
2025-07-29,186.47,187.21,183.22,185.43,3136783.0,587358068.0,208591570.0,0.01503791835882917
2025-07-30,184.45,188.7,182.92,187.01,3981860.0,749585057.0,208591570.0,0.01908926616737196
2025-07-31,185.72,186.27,181.89,182.42,3239278.0,603975992.0,208591570.0,0.015529285291826511
2025-08-01,182.72,185.45,181.05,182.06,2324188.0,430595625.0,208591570.0,0.011142291129023095
2025-08-04,180.8,181.57,178.93,180.79,2045183.0,372843364.0,208591570.0,0.009804725090280493
2025-08-05,181.53,181.92,179.46,181.47,2198503.0,402553893.0,208591570.0,0.01053975000044345
2025-08-06,181.51,181.85,179.67,181.43,1867766.0,342175387.0,208591570.0,0.008954177774298357
2025-08-07,181.53,186.27,181.43,183.86,3470681.0,647622823.0,208591570.0,0.016638644601025824
2025-08-08,184.47,184.48,181.06,181.1,1974112.0,364605961.0,208591570.0,0.009464006623086446
2025-08-11,181.1,185.97,180.35,184.59,2573222.0,478277621.0,208591570.0,0.012336174467645074
2025-08-12,184.6,188.1,183.78,184.05,3402201.0,641013421.0,208591570.0,0.01631034753705531
2025-08-13,184.99,185.48,181.14,183.51,3239310.0,600412472.0,208591570.0,0.015529438701669488
2025-08-14,183.53,186.61,179.56,180.11,3601192.0,665910461.0,208591570.0,0.017264321851549417
2025-08-15,179.07,180.11,176.65,179.45,4262710.0,772224423.0,208591570.0,0.020435677242373697
2025-08-18,179.55,184.37,179.06,181.41,4337764.0,796385347.0,208591570.0,0.020795490440960775
2025-08-19,178.6,181.44,177.12,178.89,4849901.0,880403818.0,208591570.0,0.02325070471448103
2025-08-20,178.19,186.44,177.6,185.97,6604101.0,1223008494.0,208591570.0,0.031660440544169645
2025-08-21,185.48,191.2,184.74,186.58,5259666.0,1003097783.0,208591570.0,0.02521514172408789
2025-08-22,189.9,190.29,184.79,190.0,4953411.0,943519538.0,208591570.0,0.023746937615935295
2025-08-25,190.01,191.9,186.97,190.42,5248747.0,1006441233.0,208591570.0,0.025162795409229624
2025-08-26,191.89,200.16,191.7,195.05,8289070.0,1649678196.0,208591570.0,0.03973827897263538
2025-08-27,192.7,195.05,187.45,187.48,6222818.0,1207444233.0,208591570.0,0.02983254788292739
2025-08-28,186.94,189.92,182.75,187.81,4965449.0,939517861.0,208591570.0,0.023804648481240157
2025-08-29,187.32,194.19,187.04,191.38,4866249.0,946214835.0,208591570.0,0.02332907796801184
2025-09-01,189.46,194.73,188.97,194.26,4538845.0,882148884.0,208591570.0,0.02175948433582431
2025-09-02,193.37,195.34,187.27,188.87,4003541.0,773366372.0,208591570.0,0.019193206130046388
2025-09-03,189.58,191.6,184.38,185.0,3522743.0,668649467.0,208591570.0,0.016888232827434013
2025-09-04,183.51,185.97,179.17,181.6,4122996.0,762749603.0,208591570.0,0.01976588027982147
2025-09-05,181.6,189.13,180.2,188.27,4589727.0,858471145.0,208591570.0,0.02200341557427273
2025-09-08,188.32,200.05,188.3,196.14,7966543.0,1583055547.0,208591570.0,0.03819206595932904
2025-09-09,196.12,196.83,191.52,194.77,3498719.0,688233884.0,208591570.0,0.016773060387819123
2025-09-10,194.77,195.71,192.19,192.34,2818622.0,553295361.0,208591570.0,0.013512636200973989
2025-09-11,192.33,198.32,189.87,198.31,4630367.0,908967266.0,208591570.0,0.02219824607485336
2025-09-12,196.33,197.12,192.0,192.3,4670789.0,917687763.0,208591570.0,0.022392031470878714
2025-09-15,191.4,194.66,191.2,191.47,2875690.0,560779973.0,208591570.0,0.013786223479692876
2025-09-16,191.48,192.86,187.63,189.91,3206701.0,616186630.0,208591570.0,0.015373109277618457
2025-09-17,190.4,191.79,186.47,187.36,3231957.0,615136317.0,208591570.0,0.015494187996187956
2025-09-18,186.81,188.43,181.78,184.11,4522404.0,849579986.0,208591570.0,0.021680665234937346
2025-09-19,184.0,185.21,182.64,184.24,3239883.0,603208196.0,208591570.0,0.015532185696670291
2025-09-22,184.1,184.1,179.56,180.5,3081087.0,564745522.0,208591570.0,0.014770908527127919
2025-09-23,179.66,180.45,175.64,177.56,3547359.0,637813240.0,208591570.0,0.017006243349143975
2025-09-24,177.19,179.56,176.13,178.77,2534883.0,458216358.0,208591570.0,0.012152375093585997
2025-09-25,178.35,179.36,177.0,178.62,2240121.0,404869238.0,208591570.0,0.010739269089350063
2025-09-26,180.01,182.24,178.43,180.96,2974873.0,540482516.0,208591570.0,0.014261712493942109
2025-09-29,180.04,181.25,176.48,180.95,2673984.0,481261295.0,208591570.0,0.012819233298833697
2025-09-30,180.71,181.25,178.87,180.31,2398890.0,434710470.0,208591570.0,0.011500416819337425
2025-10-09,179.26,180.08,176.78,179.18,2932828.0,526436413.0,208591570.0,0.014060146342443272
2025-10-10,179.22,180.75,178.27,178.61,2701921.0,488211374.0,208591570.0,0.012953164885810102
2025-10-13,173.25,176.28,172.88,174.46,2871648.0,503374499.0,208591570.0,0.013766845898901859
2025-10-14,174.52,175.88,173.84,174.29,2416647.0,424941352.0,208591570.0,0.011585544900016813
2025-10-15,174.6,175.32,172.53,173.95,2351525.0,411948974.0,208591570.0,0.011273346281443684
2025-10-16,174.2,177.48,173.14,173.38,2224938.0,391064566.0,208591570.0,0.01066648091291513
2025-10-17,173.02,173.24,168.39,168.39,3108031.0,532741650.0,208591570.0,0.014900079614914448
2025-10-20,168.86,169.22,164.86,165.89,2782113.0,466597870.0,208591570.0,0.013337609952310153
2025-10-21,166.35,167.35,165.46,166.65,1666480.0,279377751.0,208591570.0,0.00798920109762825
2025-10-22,166.67,168.34,164.86,165.01,1746737.0,292167399.0,208591570.0,0.008373957777871848
2025-10-23,165.38,166.24,163.87,166.07,1708534.0,283840436.0,208591570.0,0.008190810395645422
2025-10-24,165.9,166.83,165.54,166.3,1528817.0,255596394.0,208591570.0,0.0073292367471993235
2025-10-27,166.84,167.51,164.86,165.29,2635954.0,440746407.0,208591570.0,0.012636915288570865
2025-10-28,164.97,165.66,162.08,162.42,3211371.0,529226906.0,208591570.0,0.015395497526577895
2025-10-29,160.7,162.18,155.93,159.22,5396411.0,859635039.0,208591570.0,0.02587070512964642
2025-10-30,159.28,159.89,157.1,157.8,3006160.0,479011655.0,208591570.0,0.014411704173855157
2025-10-31,157.7,159.68,157.22,158.99,2575656.0,411710768.0,208591570.0,0.012347843203826502
2025-11-03,158.9,158.99,155.84,156.29,3342969.0,527032257.0,208591570.0,0.01602638591770511
2025-11-04,155.73,155.77,150.7,150.88,4353973.0,668853177.0,208591570.0,0.020873197320486155
2025-11-05,149.97,151.45,149.52,150.39,2202298.0,334279967.0,208591570.0,0.01055794344900899
2025-11-06,150.74,151.44,148.97,150.96,3151788.0,476045465.0,208591570.0,0.015109853193012546
2025-11-07,150.46,150.69,148.1,148.14,3094028.0,464960701.0,208591570.0,0.014832948426439285
2025-11-10,147.82,160.3,147.31,155.43,11039292.0,1731804213.0,208591570.0,0.05292300163424629
2025-11-11,154.9,160.94,152.75,159.87,8203132.0,1295555407.0,208591570.0,0.03932628725120579
2025-11-12,158.9,161.02,156.42,156.6,4512381.0,720339504.0,208591570.0,0.021632614395682433
2025-11-13,156.52,159.08,155.93,158.51,3368834.0,534270340.0,208591570.0,0.016150384217348764
2025-11-14,157.91,161.54,156.22,156.53,3729691.0,595757230.0,208591570.0,0.01788035345819584
2025-11-17,155.73,156.05,153.92,154.88,2689432.0,418868684.0,208591570.0,0.012893291900530783
2025-11-18,154.69,156.19,153.07,153.55,2099375.0,326210185.0,208591570.0,0.010064524659361833
2025-11-19,153.38,156.48,153.14,154.45,2452827.0,382529733.0,208591570.0,0.011758993903732542
2025-11-20,154.44,154.56,149.46,149.81,3155638.0,481005113.0,208591570.0,0.0151283103147457
2025-11-21,150.95,151.24,146.83,146.99,2913177.0,435564504.0,208591570.0,0.013965938316682693
2025-11-24,147.48,148.24,144.01,144.99,2406708.0,352357721.0,208591570.0,0.011537896761599714
2025-11-25,145.97,146.69,144.22,144.54,3039830.0,443984818.0,208591570.0,0.014573120093012388
2025-11-26,144.59,145.98,143.31,144.06,2511071.0,365978532.0,208591570.0,0.01203821899418083
2025-11-27,144.01,147.21,143.99,145.26,2902213.0,425503773.0,208591570.0,0.01391337626923274
2025-11-28,145.27,145.27,141.6,144.37,2796367.0,403858575.0,208591570.0,0.013405944449241165
2025-12-01,143.01,145.44,143.01,145.0,1986158.0,288945151.0,208591570.0,0.009521755840852054
2025-12-02,145.0,145.26,143.61,144.07,1603097.0,232621821.0,208591570.0,0.007685339345209397
2025-12-03,144.11,144.56,141.77,142.72,1932298.0,277990956.0,208591570.0,0.009263547898891599
2025-12-04,143.09,143.76,139.26,139.45,2811763.0,396974307.0,208591570.0,0.013479753759943414
2025-12-05,139.45,142.32,138.08,141.99,2548124.0,360447772.0,208591570.0,0.012215853210175272
2025-12-08,141.99,143.32,141.49,141.83,1873670.0,268185974.0,208591570.0,0.008982481890327592
2025-12-09,141.82,142.52,140.13,140.21,1658492.0,235678141.0,208591570.0,0.007950906165575148
2025-12-10,140.03,142.7,139.08,142.27,2407535.0,342330822.0,208591570.0,0.011541861447229147
2025-12-11,142.07,142.52,138.38,138.45,2758807.0,388268241.0,208591570.0,0.013225879646047057
2025-12-12,138.97,139.88,136.66,138.5,3059728.0,425158632.0,208591570.0,0.014668512250998446
2025-12-15,138.12,140.87,136.74,136.84,2310192.0,321315437.0,208591570.0,0.011075193498951084
2025-12-16,136.66,142.54,136.42,139.6,4621576.0,653472224.0,208591570.0,0.022156101514553057
2025-12-17,138.36,141.43,137.06,141.04,3430181.0,482656485.0,208591570.0,0.016444485268508214
2025-12-18,140.3,143.32,140.14,140.85,3003518.0,428498642.0,208591570.0,0.014399038273694377
2025-12-19,141.03,145.3,140.41,144.8,4063915.0,587154427.0,208591570.0,0.019482642563167823
2025-12-22,144.01,144.01,142.0,143.41,2983218.0,429377426.0,208591570.0,0.014301718904555923
2025-12-23,143.01,143.61,140.57,141.32,2804918.0,399604978.0,208591570.0,0.013446938435719142
2025-12-24,140.72,142.45,140.6,141.82,1493259.0,212981471.0,208591570.0,0.007158769647306456
2025-12-25,141.45,143.17,141.22,142.52,1908014.0,273481876.0,208591570.0,0.009147129004302522
2025-12-26,142.02,144.58,141.72,143.34,2740844.0,395224275.0,208591570.0,0.013139763989503507
2025-12-29,143.01,143.99,140.0,140.06,2592306.0,369879275.0,208591570.0,0.012427664262750408
2025-12-30,139.9,142.17,138.59,140.28,2709318.0,383149621.0,208591570.0,0.012988626529825726
2025-12-31,140.28,142.71,138.76,140.75,2334254.0,330179395.0,204451326.0,0.011417162439924699
2026-01-05,140.79,144.01,140.53,143.96,3973739.0,572176190.0,204451326.0,0.01943611263250012
2026-01-06,144.19,146.38,143.61,145.49,3409683.0,497731189.0,204451326.0,0.016677235930472763
2026-01-07,144.94,145.59,143.4,144.35,2536659.0,368874845.0,204451326.0,0.012407153573560096
2026-01-08,144.01,147.38,143.45,144.99,3902726.0,572579766.0,204451326.0,0.019088778128051858
2026-01-09,148.97,152.94,147.3,148.88,6905404.0,1043075405.0,204451326.0,0.033775295739583516
2026-01-12,147.98,150.38,147.98,149.97,4491800.0,675919025.0,204451326.0,0.021970021363422215
2026-01-13,149.85,152.93,147.56,150.27,6620269.0,1003086883.0,204451326.0,0.03238066061748115
2026-01-14,149.66,153.4,148.8,150.73,6011986.0,914922001.0,204451326.0,0.029405463479361342
2026-01-15,150.07,152.0,147.2,147.79,3893053.0,584463943.0,204451326.0,0.019041466133606782
2026-01-16,147.79,148.72,145.06,145.31,3497515.0,514930974.0,204451326.0,0.0171068345137561
2026-01-19,144.83,148.06,144.57,146.15,2918420.0,430718974.0,204451326.0,0.014274399961583032
2026-01-20,146.41,146.77,143.11,143.83,2995444.0,436419924.0,204451326.0,0.014651135106846899
2026-01-21,143.83,143.85,142.02,143.61,2625078.0,377905692.0,204451326.0,0.012839623255855038
2026-01-22,143.39,143.89,140.5,140.63,3122427.0,445730113.0,204451326.0,0.015272226701038857
2026-01-23,140.78,143.25,140.78,141.95,3024199.0,433087304.0,204451326.0,0.014791779829297854
2026-01-26,142.22,142.97,140.33,141.04,3440068.0,489927768.0,204451326.0,0.016825853210656116
2026-01-27,140.97,141.5,138.18,139.35,3130944.0,439139691.0,204451326.0,0.015313884537975556
2026-01-28,139.4,139.93,137.07,137.17,2975671.0,413000863.0,204451326.0,0.014554422601299246
2026-01-29,136.55,143.57,136.51,143.39,5673946.0,802520139.0,204451326.0,0.027752062610736015
2026-01-30,142.0,142.22,138.71,138.77,3760011.0,530917291.0,204451326.0,0.01839073912389299
2026-02-02,140.53,144.76,139.04,140.17,4749686.0,683239871.0,204451326.0,0.02323137781948159
2026-02-03,139.92,146.98,139.92,146.56,6505395.0,947496641.0,204451326.0,0.031818795834075445
2026-02-04,145.18,147.68,144.52,147.3,4208356.0,619967558.0,204451326.0,0.02058365715857475
2026-02-05,148.68,157.71,147.08,152.91,9458061.0,1464492720.0,204451326.0,0.04626069776627421
2026-02-06,150.56,151.46,148.43,149.39,5510451.0,830378431.0,204451326.0,0.026952385723338374
2026-02-09,150.88,153.49,150.24,152.83,4543636.0,696099910.0,204451326.0,0.022223558481591847
2026-02-10,151.95,152.75,148.24,148.45,3995675.0,600802336.0,204451326.0,0.019543404673247264
2026-02-11,148.14,149.93,147.59,148.12,2876903.0,430649044.0,204451326.0,0.014071334514113154
2026-02-12,147.72,148.33,145.59,145.84,3196721.0,471383087.0,204451326.0,0.015635609034885888
2026-02-13,145.89,146.84,144.18,144.25,2262689.0,331647916.0,204451326.0,0.01106712802635479
2026-02-24,144.25,145.5,142.9,143.47,2034862.0,294526119.0,204451326.0,0.00995279433893229
2026-02-25,144.01,145.49,143.81,144.69,1826497.0,266237424.0,204451326.0,0.008933652012606659
2026-02-26,144.58,145.79,141.7,142.18,2694519.0,388308226.0,204451326.0,0.013179268888674265
2026-02-27,142.02,142.82,141.67,141.8,1925236.0,275481541.0,204451326.0,0.00941659825674107
2026-03-02,139.99,140.92,138.55,138.77,2848926.0,399802015.0,204451326.0,0.01393449509835901
2026-03-03,138.77,140.5,136.78,137.06,3229095.0,450158611.0,204451326.0,0.01579395479195865
2026-03-04,136.8,138.35,136.53,138.19,2141492.0,296267289.0,204451326.0,0.010474336566542982
2026-03-05,139.09,139.53,137.57,137.93,1729288.0,241047230.0,204451326.0,0.008458189212233331
2026-03-06,137.78,139.78,137.56,139.7,1802751.0,252391645.0,204451326.0,0.008817507008978754
2026-03-09,138.05,138.61,137.06,137.77,1974401.0,273473526.0,204451326.0,0.00965707114073694
2026-03-10,138.86,139.58,138.07,139.58,1809378.0,253285886.0,204451326.0,0.008849920591857643
2026-03-11,139.26,143.76,138.67,142.7,3708648.0,529223909.0,204451326.0,0.018139515514807667
2026-03-12,142.96,143.59,140.69,140.69,2121926.0,302486565.0,204451326.0,0.010378636526915947
2026-03-13,140.39,142.52,140.28,141.13,1865398.0,265963403.0,204451326.0,0.009123922238586997
2026-03-16,140.82,142.52,140.09,141.99,1531815.0,217886796.0,204451326.0,0.007492321179663076
2026-03-17,141.91,143.69,141.52,141.86,1911568.0,274505973.0,204451326.0,0.009349746159142054
2026-03-18,141.52,141.86,138.64,139.44,1836074.0,257989132.0,204451326.0,0.008980494457639272
2026-03-19,138.05,138.76,137.71,137.92,1455309.0,202210593.0,204451326.0,0.007118119644770609
2026-03-20,136.61,137.69,127.98,128.0,5391773.0,710712111.0,204451326.0,0.026371915044463932
2026-03-23,124.84,124.84,119.83,119.89,3880919.0,476576943.0,204451326.0,0.018982117044327704
2026-03-24,121.94,122.13,119.28,121.71,2203053.0,266998732.0,204451326.0,0.010775440018422771
2026-03-25,121.47,121.98,120.75,121.54,2159015.0,263754638.0,204451326.0,0.010560044007736101
2026-03-26,121.16,121.65,117.19,117.28,2625100.0,314802379.0,204451326.0,0.012839730860928728
2026-03-27,116.23,119.85,116.19,119.26,2196875.0,262216051.0,204451326.0,0.010745222557275075
2026-03-30,117.75,118.78,116.99,117.93,1555764.0,184669801.0,204451326.0,0.007609459084652746
2026-03-31,118.37,119.75,116.42,116.44,1837824.0,218385354.0,204451326.0,0.008989053952137244
2026-04-01,118.19,118.68,116.7,118.68,2399341.0,284778061.0,204451326.0,0.011735512050432972
2026-04-02,118.19,118.38,113.22,114.19,3567734.0,415546608.0,204451326.0,0.017450285453272138
2026-04-03,114.19,114.9,111.53,111.69,1997690.0,226573860.0,204451326.0,0.009770980893515946
2026-04-07,112.15,112.69,111.63,112.37,1220702.0,137822091.0,204451326.0,0.0059706240300931085
2026-04-08,114.02,116.2,113.62,116.2,2499575.0,289731253.0,204451326.0,0.012225770548438507
2026-04-09,115.27,115.29,112.53,112.55,2150777.0,245755574.0,204451326.0,0.010519750798779363
2026-04-10,112.72,115.11,112.56,114.19,2117356.0,243637639.0,204451326.0,0.010356284018426958
2026-04-13,113.1,113.44,112.24,113.05,1608993.0,182791707.0,204451326.0,0.007869809560442764
2026-04-14,113.88,115.67,112.6,115.64,2530349.0,290657639.0,204451326.0,0.012376290481970266
2026-04-15,116.4,117.47,114.82,114.94,2442511.0,284795867.0,204451326.0,0.011946662551848649
2026-04-16,114.93,115.39,114.31,114.99,1870168.0,216213731.0,204451326.0,0.00914725297501861
2026-04-17,114.91,114.91,112.75,113.77,1943153.0,222038365.0,204451326.0,0.009504232806981159
2026-04-20,113.26,115.41,112.82,114.12,1754172.0,201424120.0,204451326.0,0.008579900332854775
2026-04-21,114.32,115.34,112.83,113.42,1726958.0,197437338.0,204451326.0,0.008446792856701746
2026-04-22,113.02,114.26,112.52,113.87,1855976.0,211834893.0,204451326.0,0.009077837920209919
2026-04-23,113.71,117.88,113.71,116.63,4995714.0,585311419.0,204451326.0,0.02443473514082271
2026-04-24,115.71,119.36,115.12,118.09,4720495.0,559446183.0,204451326.0,0.02308860056011571
2026-04-27,117.18,119.08,116.4,117.53,2828464.0,334972783.0,204451326.0,0.013834412597549013
2026-04-28,117.18,118.86,115.24,115.62,2680068.0,315235440.0,204451326.0,0.013108587028679872
2026-04-29,115.11,117.5,115.11,116.17,2198865.0,255703903.0,204451326.0,0.010754955925304196
2026-04-30,115.53,116.78,114.5,115.05,2094760.0,241802573.0,204451326.0,0.01024576382546915
2026-05-06,114.97,116.29,114.68,115.73,2399397.0,277114401.0,204451326.0,0.011735785954256906
2026-05-07,115.77,118.18,115.72,116.96,2812496.0,328175352.0,204451326.0,0.013756310878609807
2026-05-08,116.33,118.75,116.33,118.0,3296066.0,386980428.0,204451326.0,0.016121519309686454
2026-05-11,117.9,118.5,116.1,118.49,3336068.0,390966415.0,204451326.0,0.016317174680490945
2026-05-12,118.04,118.04,114.8,115.3,3184087.0,369558818.0,204451326.0,0.015573814375750245
2026-05-13,116.6,121.2,116.49,119.84,6041517.0,721141470.0,204451326.0,0.029549903726229683
2026-05-14,118.2,118.88,116.58,116.74,3730922.0,437877447.0,204451326.0,0.018248460760777848
2026-05-15,116.03,116.74,113.35,113.56,3393836.0,388226937.0,204451326.0,0.016599726039438843
2026-05-18,113.0,113.01,108.1,108.2,3895858.0,427376459.0,204451326.0,0.019055185780502103
2026-05-19,108.25,109.46,106.36,107.41,2674022.0,287707306.0,204451326.0,0.013079015197974308
2026-05-20,107.13,107.13,103.7,104.82,3192000.0,335274572.0,204451326.0,0.015612517964300217
2026-05-21,105.16,107.7,103.45,103.55,3064294.0,324771819.0,204451326.0,0.014987890076095666
2026-05-22,104.0,104.57,102.63,103.15,2390405.0,246992736.0,204451326.0,0.011691804825956472
2026-05-25,103.14,104.27,102.61,103.09,2322047.0,239862379.0,204451326.0,0.011357456297446562
2026-05-26,102.62,104.96,100.57,101.93,3284285.0,336041866.0,204451326.0,0.016063896792726108
2026-05-27,101.49,103.99,99.69,102.2,3928552.0,399411574.0,204451326.0,0.019215096702283066
2026-05-28,100.9,101.88,98.53,99.61,3157762.0,314809743.0,204451326.0,0.015445055122802188
2026-05-29,99.49,105.8,99.0,104.75,5536528.0,570065654.0,204451326.0,0.02707993197363758
2026-06-01,102.8,104.46,101.72,104.35,3005759.0,310221615.0,204451326.0,0.0147015872129878
2026-06-02,103.95,104.35,100.8,101.31,2588262.0,264361451.0,204451326.0,0.012659551056176568
2026-06-03,101.4,102.2,99.58,100.97,2469838.0,248520561.0,204451326.0,0.01208032272678926
2026-06-04,100.0,100.88,96.95,97.7,3308249.0,324811640.0,204451326.0,0.016181108064811475
2026-06-05,99.03,102.0,98.6,98.88,3052586.0,306006358.0,204451326.0,0.014930624612334381
2026-06-08,99.0,99.9,93.66,94.16,3507887.0,336532840.0,204451326.0,0.01715756541486065
2026-06-09,94.5,94.97,92.23,92.8,2920589.0,271419825.0,204451326.0,0.014285008843620804
2026-06-10,93.08,93.67,92.0,93.23,2412115.0,223941137.0,204451326.0,0.011797991469128452
2026-06-11,92.0,93.38,90.5,92.54,3272610.0,300643246.0,204451326.0,0.016006792736575355
2026-06-12,92.13,95.33,91.7,94.27,3735726.0,350319127.0,204451326.0,0.01827195779595971
2026-06-15,94.31,94.95,92.42,93.61,3017811.0,282148585.0,204451326.0,0.014760535228810401
2026-06-16,93.02,93.03,91.8,92.15,2262047.0,208564085.0,204451326.0,0.011063987914658964
2026-06-17,92.04,92.4,90.12,90.92,2662790.0,241596426.0,204451326.0,0.01302407791671647
2026-06-18,90.55,92.91,89.8,91.36,3391871.0,309926945.0,204451326.0,0.016590114949902552
2026-06-22,90.0,92.24,88.08,92.17,3787957.0,340382819.0,204451326.0,0.018527426914316025
2026-06-23,91.63,95.0,91.09,91.09,4591183.0,426122218.0,204451326.0,0.02245611750153188
2026-06-24,90.91,91.7,88.1,88.11,4006604.0,357289251.0,204451326.0,0.019596859939172026
2026-06-25,88.08,90.63,86.01,88.95,4485413.0,396172108.0,204451326.0,0.021938781654074476
2026-06-26,88.03,89.37,85.48,85.5,3255049.0,282648151.0,204451326.0,0.015920899432073136
2026-06-29,85.49,90.4,83.36,88.3,5618464.0,491615066.0,204451326.0,0.027480692397172324
2026-06-30,88.3,89.0,86.04,87.2,3118629.0,271144110.0,204451326.0,0.015253650152408402
2026-07-01,87.24,91.2,86.06,90.16,4843800.0,431462016.0,204451326.0,0.02369170254244279
2026-07-02,90.16,91.84,89.34,89.58,3871163.0,349761586.0,204451326.0,0.018934399085286442
2026-07-03,89.9,92.5,89.78,91.63,4162744.0,379778168.0,204451326.0,0.02036056249397962
2026-07-06,90.9,92.38,90.5,91.58,3338395.0,305483909.0,204451326.0,0.01632855636260339
2026-07-07,91.3,91.3,87.21,87.28,3148655.0,279026269.0,204451326.0,0.015400511513434743
2026-07-08,87.97,88.32,86.39,86.88,2065242.0,179884913.0,204451326.0,0.010101387163417077
2026-07-09,86.73,87.8,84.43,85.89,2854494.0,244829662.0,204451326.0,0.0139617289642817
2026-07-10,85.97,91.32,84.45,89.45,5015066.0,445355501.0,204451326.0,0.024529388476551138
2026-07-13,89.0,90.3,86.28,86.91,3300743.0,288007711.0,204451326.0,0.016144395170124747
2026-07-14,86.9,87.56,85.66,86.46,2965748.0,256347045.0,204451326.0,0.014505887821925889
2026-07-15,85.82,95.47,85.24,94.34,9145665.0,844976896.0,204451326.0,0.0447327252844523
2026-07-16,95.0,99.0,93.3,97.54,10410943.0,1001081667.0,204451326.0,0.050921376758397745
2026-07-17,96.57,100.95,94.5,100.55,10310482.0,1006010781.0,204451326.0,0.05043000797167733
2026-07-20,99.1,102.7,96.12,102.23,9286447.0,916136216.0,204451326.0,0.04542130971554569
2026-07-21,100.0,104.51,97.29,100.09,10318880.0,1044529302.0,204451326.0,0.050471083762988166
2026-07-22,99.68,109.44,98.0,108.8,12372269.0,1299981009.0,204451326.0,0.06051449624738555
2026-07-23,106.51,107.0,103.86,105.03,8291301.0,872448241.0,204451326.0,0.04055391159458658
2026-07-24,102.93,103.53,98.52,98.6,7534700.0,759776620.0,204451326.0,0.036853270396495254
2026-07-27,97.92,107.68,97.14,104.46,7853280.0,810364827.0,204451326.0,0.03841148968630313
2026-07-28,103.66,107.07,102.47,105.7,6914535.0,727557868.0,204451326.0,0.03381995673630407
2026-07-29,105.44,107.3,104.02,104.36,6309850.0,664755807.0,204451326.0,0.030862357918872093
2026-07-30,104.37,113.08,104.37,107.8,10141380.0,1107501702.0,204451326.0,0.049602906463908185
2026-07-31,103.0,111.8,103.0,109.0,8804016.0,957638944.0,204451326.0,0.0430616722926023
2026-08-03,108.0,108.99,105.28,105.95,5393817.0,573012433.0,204451326.0,0.026381912534037565
2026-08-04,105.76,106.27,103.0,104.95,5547395.0,581184960.0,204451326.0,0.027133083988900127
2026-08-05,104.95,105.79,103.34,105.2,5866588.0,612326961.0,204451326.0,0.028694301547352155
2026-08-06,105.5,105.96,101.7,102.6,5403357.0,556456617.0,204451326.0,0.026428574006900792
2026-08-07,101.99,105.38,101.04,105.26,6654330.0,686844492.0,204451326.0,0.03254725772724996
2026-08-10,105.33,106.8,104.26,105.58,5692308.0,601179013.0,204451326.0,0.027841873718148447
2026-08-11,105.05,106.49,103.58,103.63,4719416.0,493412044.0,204451326.0,0.023083323020365247
2026-08-12,103.3,108.23,102.97,103.97,5801899.0,612758974.0,204451326.0,0.028377898610449707
2026-08-13,104.4,106.19,103.01,103.33,5852166.0,612073912.0,204451326.0,0.028623761530409443
