date,open,high,low,close,volume,amount,outstanding_share,turnover
1999-11-25,1.96,1.99,1.85,1.87,74426500.0,455687208.0,164000000.0,0.4538201219512195
1999-11-26,1.84,1.84,1.76,1.77,20745800.0,118832550.0,164000000.0,0.12649878048780488
1999-11-29,1.75,1.79,1.73,1.74,7096200.0,39956688.0,164000000.0,0.04326951219512195
1999-11-30,1.73,1.76,1.72,1.74,4628600.0,25721060.0,164000000.0,0.02822317073170732
1999-12-01,1.74,1.78,1.73,1.75,4005500.0,22518563.0,164000000.0,0.02442378048780488
1999-12-02,1.75,1.75,1.7,1.7,6286900.0,34595428.0,164000000.0,0.03833475609756098
1999-12-03,1.7,1.71,1.68,1.7,3009500.0,16342832.0,164000000.0,0.01835060975609756
1999-12-06,1.71,1.74,1.7,1.71,2468300.0,13604307.0,164000000.0,0.01505060975609756
1999-12-07,1.72,1.73,1.69,1.69,1782900.0,9741946.0,164000000.0,0.010871341463414634
1999-12-08,1.69,1.71,1.66,1.67,3008900.0,16147192.0,164000000.0,0.018346951219512197
1999-12-09,1.71,1.71,1.67,1.68,2501700.0,13533684.0,164000000.0,0.015254268292682926
1999-12-10,1.67,1.69,1.66,1.68,1992186.0,10661855.0,164000000.0,0.012147475609756098
1999-12-13,1.68,1.69,1.64,1.65,2983700.0,15884350.0,164000000.0,0.01819329268292683
1999-12-14,1.65,1.68,1.64,1.67,1853700.0,9884228.0,164000000.0,0.011303048780487804
1999-12-15,1.67,1.73,1.67,1.69,3852800.0,21045102.0,164000000.0,0.023492682926829267
1999-12-16,1.7,1.7,1.66,1.67,2303800.0,12377911.0,164000000.0,0.014047560975609757
1999-12-17,1.67,1.67,1.64,1.65,2460800.0,13077407.0,164000000.0,0.015004878048780488
1999-12-21,1.64,1.64,1.58,1.6,2243100.0,11509662.0,164000000.0,0.013677439024390245
1999-12-22,1.59,1.61,1.57,1.6,1756500.0,8929890.0,164000000.0,0.010710365853658537
1999-12-23,1.59,1.59,1.54,1.55,1896250.0,9483269.0,164000000.0,0.0115625
1999-12-24,1.7,1.7,1.55,1.58,3588000.0,18484954.0,164000000.0,0.021878048780487803
1999-12-27,1.58,1.59,1.55,1.56,1655400.0,8300000.0,164000000.0,0.01009390243902439
1999-12-28,1.56,1.61,1.56,1.57,1395400.0,7100289.0,164000000.0,0.008508536585365854
1999-12-29,1.6,1.6,1.56,1.58,1121200.0,5674054.0,164000000.0,0.006836585365853658
1999-12-30,1.59,1.6,1.57,1.57,1127200.0,5736008.0,164000000.0,0.006873170731707317
2000-01-04,1.58,1.61,1.57,1.61,2250800.0,11527260.0,164000000.0,0.01372439024390244
2000-01-05,1.62,1.67,1.62,1.63,5044500.0,26579417.0,164000000.0,0.030759146341463414
2000-01-06,1.61,1.66,1.6,1.66,3514200.0,18450845.0,164000000.0,0.021428048780487804
2000-01-07,1.67,1.73,1.64,1.71,10047100.0,54173546.0,164000000.0,0.061262804878048784
2000-01-10,1.74,1.78,1.72,1.76,12537700.0,70320173.0,164000000.0,0.07644939024390245
2000-01-11,1.76,1.77,1.65,1.67,7138700.0,39006686.0,164000000.0,0.043528658536585364
2000-01-12,1.67,1.68,1.59,1.61,3737400.0,19565041.0,164000000.0,0.0227890243902439
2000-01-13,1.62,1.64,1.61,1.63,1854600.0,9676859.0,164000000.0,0.011308536585365854
2000-01-14,1.63,1.64,1.59,1.59,1606800.0,8270487.0,164000000.0,0.009797560975609756
2000-01-17,1.59,1.64,1.59,1.64,1738400.0,9021106.0,164000000.0,0.0106
2000-01-18,1.65,1.67,1.61,1.62,1752000.0,9188586.0,164000000.0,0.010682926829268293
2000-01-19,1.65,1.65,1.62,1.63,1048300.0,5477021.0,164000000.0,0.006392073170731707
2000-01-20,1.63,1.64,1.6,1.63,3227000.0,16687579.0,164000000.0,0.019676829268292683
2000-01-21,1.64,1.65,1.61,1.63,2601800.0,13575027.0,164000000.0,0.015864634146341462
2000-01-24,1.62,1.78,1.61,1.71,8436700.0,46137508.0,164000000.0,0.05144329268292683
2000-01-25,1.71,1.72,1.56,1.66,18538100.0,97362913.0,205000000.0,0.09042975609756097
2000-01-26,1.64,1.65,1.6,1.62,5071100.0,26478293.0,205000000.0,0.02473707317073171
2000-01-27,1.64,1.65,1.6,1.64,8757900.0,45607149.0,205000000.0,0.04272146341463415
2000-01-28,1.65,1.71,1.64,1.69,8669300.0,46694266.0,205000000.0,0.042289268292682924
2000-02-14,1.73,1.85,1.71,1.82,16453900.0,94676000.0,205000000.0,0.08026292682926829
2000-02-15,1.82,1.83,1.71,1.73,17026200.0,96542645.0,205000000.0,0.08305463414634147
2000-02-16,1.73,1.86,1.69,1.85,12993200.0,72305088.0,205000000.0,0.06338146341463415
2000-02-17,1.88,2.03,1.88,2.03,59830600.0,384794677.0,205000000.0,0.2918565853658537
2000-02-18,2.09,2.14,1.89,2.06,31844200.0,208376072.0,205000000.0,0.15533756097560975
2000-02-21,2.06,2.12,1.98,2.0,17891400.0,116707503.0,205000000.0,0.08727512195121952
2000-02-22,1.99,2.05,1.84,1.84,20040600.0,123919157.0,205000000.0,0.0977590243902439
2000-02-23,1.82,1.83,1.77,1.79,9764600.0,56158805.0,205000000.0,0.04763219512195122
2000-02-24,1.78,1.86,1.78,1.84,6127700.0,35931816.0,205000000.0,0.029891219512195123
2000-02-25,1.85,1.85,1.77,1.81,5217400.0,30230855.0,205000000.0,0.025450731707317074
2000-02-28,1.82,1.89,1.78,1.85,7138700.0,42296314.0,205000000.0,0.03482292682926829
2000-02-29,1.87,1.92,1.83,1.9,7031000.0,42137176.0,205000000.0,0.03429756097560976
2000-03-01,1.9,2.04,1.88,1.94,13503400.0,85618154.0,205000000.0,0.06587024390243902
2000-03-02,1.94,1.96,1.87,1.91,6013900.0,36868558.0,205000000.0,0.029336097560975608
2000-03-03,1.96,1.96,1.88,1.91,5303700.0,32573779.0,205000000.0,0.02587170731707317
2000-03-06,1.93,2.09,1.91,1.93,19457200.0,124557401.0,205000000.0,0.09491317073170731
2000-03-07,1.93,2.06,1.92,2.02,11293600.0,72393998.0,205000000.0,0.05509073170731707
2000-03-08,2.02,2.03,1.93,1.97,8291600.0,52521438.0,205000000.0,0.04044682926829268
2000-03-09,1.98,2.03,1.93,2.0,6136000.0,39013414.0,205000000.0,0.02993170731707317
2000-03-10,2.0,2.0,1.91,1.92,6836100.0,42711779.0,205000000.0,0.03334682926829268
2000-03-13,1.92,1.95,1.89,1.93,4439200.0,27357958.0,205000000.0,0.021654634146341462
2000-03-14,1.83,1.91,1.82,1.89,7060800.0,42364817.0,205000000.0,0.03444292682926829
2000-03-15,1.89,1.92,1.88,1.9,2595000.0,15802004.0,205000000.0,0.012658536585365854
2000-03-16,1.89,1.89,1.81,1.82,3919200.0,23045484.0,205000000.0,0.019118048780487805
2000-03-17,1.8,1.86,1.78,1.85,3764800.0,22157676.0,205000000.0,0.018364878048780488
2000-03-20,1.82,1.92,1.8,1.92,4171000.0,25273185.0,205000000.0,0.020346341463414633
2000-03-21,1.92,2.01,1.9,1.96,6010800.0,37787994.0,205000000.0,0.0293209756097561
2000-03-22,1.95,1.98,1.9,1.92,2818400.0,17429542.0,205000000.0,0.013748292682926828
2000-03-23,1.93,1.98,1.9,1.95,3945500.0,24569438.0,205000000.0,0.019246341463414633
2000-03-24,1.96,2.01,1.93,1.94,5880000.0,37240491.0,205000000.0,0.028682926829268294
2000-03-27,1.94,1.99,1.92,1.99,5297300.0,33192817.0,205000000.0,0.02584048780487805
2000-03-28,2.0,2.19,1.99,2.15,26487700.0,180122694.0,205000000.0,0.12920829268292683
2000-03-29,2.17,2.21,2.04,2.1,11683600.0,79100954.0,205000000.0,0.056993170731707316
2000-03-30,2.11,2.15,2.08,2.12,5827100.0,39462895.0,205000000.0,0.028424878048780487
2000-03-31,2.13,2.14,2.05,2.07,5590700.0,37556542.0,205000000.0,0.02727170731707317
2000-04-03,2.07,2.1,2.04,2.05,4471700.0,29739325.0,205000000.0,0.021813170731707316
2000-04-04,2.02,2.04,1.96,2.0,5031800.0,32345769.0,205000000.0,0.024545365853658536
2000-04-05,1.99,2.04,1.96,2.02,2831400.0,18238387.0,205000000.0,0.013811707317073171
2000-04-06,2.02,2.04,1.99,2.03,2913400.0,18910532.0,205000000.0,0.01421170731707317
2000-04-07,2.04,2.1,2.02,2.08,3876800.0,25711986.0,205000000.0,0.018911219512195123
2000-04-10,2.07,2.2,2.07,2.16,9047700.0,62204740.0,205000000.0,0.04413512195121951
2000-04-11,2.17,2.17,2.08,2.08,5392800.0,36812889.0,205000000.0,0.026306341463414634
2000-04-12,2.08,2.13,2.01,2.13,5590100.0,37190177.0,205000000.0,0.02726878048780488
2000-04-13,2.17,2.2,2.08,2.13,4730500.0,32687691.0,205000000.0,0.02307560975609756
2000-04-14,2.08,2.17,2.07,2.14,6563900.0,44448713.0,205000000.0,0.0320190243902439
2000-04-17,2.11,2.16,2.06,2.13,4986300.0,33972191.0,205000000.0,0.02432341463414634
2000-04-18,2.12,2.25,2.06,2.25,7957000.0,54815759.0,205000000.0,0.03881463414634146
2000-04-19,2.25,2.32,2.19,2.3,19614900.0,142447975.0,205000000.0,0.09568243902439025
2000-04-20,2.3,2.53,2.26,2.47,29666700.0,232158201.0,205000000.0,0.14471560975609757
2000-04-21,2.46,2.49,2.4,2.42,11454000.0,89565050.0,205000000.0,0.05587317073170732
2000-04-24,2.43,2.59,2.42,2.5,15607400.0,126606258.0,205000000.0,0.07613365853658537
2000-04-25,2.51,2.55,2.43,2.47,5652100.0,44788221.0,205000000.0,0.02757121951219512
2000-04-26,2.47,2.49,2.38,2.4,5779300.0,44767416.0,205000000.0,0.02819170731707317
2000-04-27,2.37,2.41,2.3,2.31,6426600.0,48395074.0,205000000.0,0.031349268292682926
2000-04-28,2.31,2.44,2.26,2.36,8144300.0,61478445.0,205000000.0,0.03972829268292683
2000-05-08,2.37,2.4,2.32,2.36,2886800.0,21881217.0,205000000.0,0.014081951219512195
2000-05-09,2.36,2.36,2.27,2.29,3943400.0,29137821.0,205000000.0,0.01923609756097561
2000-05-10,2.27,2.28,2.19,2.19,5171700.0,36806452.0,205000000.0,0.02522780487804878
2000-05-11,2.17,2.19,2.1,2.12,4017400.0,27509751.0,205000000.0,0.019597073170731706
2000-05-12,2.12,2.19,2.12,2.14,3488800.0,24079457.0,205000000.0,0.017018536585365854
2000-05-15,2.15,2.23,2.13,2.21,4008700.0,28203738.0,205000000.0,0.019554634146341465
2000-05-16,2.21,2.23,2.18,2.19,2100900.0,14826643.0,205000000.0,0.010248292682926829
2000-05-17,2.2,2.26,2.17,2.24,2799600.0,19911052.0,205000000.0,0.013656585365853659
2000-05-19,2.27,2.35,2.27,2.31,3444800.0,25591475.0,205000000.0,0.01680390243902439
2000-05-22,2.35,2.37,2.3,2.34,4500400.0,33867787.0,205000000.0,0.021953170731707317
2000-05-23,2.35,2.44,2.34,2.35,3841400.0,29306115.0,205000000.0,0.018738536585365853
2000-05-24,2.36,2.41,2.33,2.35,3882200.0,29474471.0,205000000.0,0.018937560975609755
2000-05-25,2.37,2.45,2.37,2.42,6501200.0,50519424.0,205000000.0,0.03171317073170732
2000-05-26,2.44,2.45,2.34,2.36,4499000.0,34303662.0,205000000.0,0.021946341463414634
2000-05-29,2.36,2.38,2.27,2.33,4745500.0,35349407.0,205000000.0,0.023148780487804877
2000-05-30,2.34,2.43,2.29,2.37,5521200.0,41885457.0,205000000.0,0.02693268292682927
2000-05-31,2.36,2.4,2.32,2.38,2642700.0,20042517.0,205000000.0,0.012891219512195122
2000-06-01,2.34,2.43,2.34,2.4,3264700.0,25118387.0,205000000.0,0.015925365853658537
2000-06-02,2.41,2.57,2.37,2.52,12504000.0,99691364.0,205000000.0,0.06099512195121951
2000-06-05,2.54,2.64,2.43,2.47,10974700.0,89723571.0,205000000.0,0.05353512195121951
2000-06-06,2.45,2.49,2.4,2.48,4645300.0,36385024.0,205000000.0,0.02266
2000-06-07,2.48,2.5,2.43,2.46,3149300.0,24801947.0,205000000.0,0.015362439024390244
2000-06-08,2.46,2.62,2.43,2.59,8850300.0,71992454.0,205000000.0,0.043172195121951217
2000-06-09,2.59,2.85,2.54,2.84,76890400.0,693667956.0,205000000.0,0.3750751219512195
2000-06-12,2.92,3.07,2.83,2.86,81306700.0,763749120.0,205000000.0,0.3966180487804878
2000-06-13,2.88,3.15,2.88,3.15,38352800.0,372564951.0,205000000.0,0.18708682926829268
2000-06-14,3.3,3.46,3.24,3.3,49038700.0,530482723.0,205000000.0,0.2392131707317073
2000-06-15,3.27,3.43,3.15,3.4,28113600.0,295121220.0,205000000.0,0.13713951219512194
2000-06-16,3.38,3.46,3.21,3.23,17953100.0,192231692.0,205000000.0,0.0875760975609756
2000-06-19,3.21,3.21,3.02,3.06,15034700.0,149760057.0,205000000.0,0.07334
2000-06-20,3.02,3.21,2.99,3.12,10182000.0,101992806.0,205000000.0,0.04966829268292683
2000-06-21,3.12,3.16,3.01,3.04,7052700.0,69367531.0,205000000.0,0.03440341463414634
2000-06-22,3.05,3.14,3.03,3.09,5484700.0,54069842.0,205000000.0,0.026754634146341463
2000-06-23,3.06,3.27,3.05,3.19,8638700.0,87997341.0,205000000.0,0.04214
2000-06-26,3.19,3.2,3.12,3.17,5895800.0,59764164.0,205000000.0,0.02876
2000-06-27,3.17,3.3,3.16,3.18,7183100.0,74632030.0,205000000.0,0.03503951219512195
2000-06-28,3.18,3.21,3.11,3.13,5653100.0,56969486.0,205000000.0,0.02757609756097561
2000-06-29,3.13,3.13,3.05,3.07,4804800.0,47381706.0,205000000.0,0.023438048780487806
2000-06-30,3.06,3.2,2.8,3.12,13356000.0,127939263.0,205000000.0,0.06515121951219512
2000-07-03,3.05,3.05,2.93,2.93,4987100.0,47821413.0,205000000.0,0.02432731707317073
2000-07-04,2.93,2.97,2.87,2.95,2666200.0,25068951.0,205000000.0,0.013005853658536586
2000-07-05,2.95,3.04,2.95,2.96,2337700.0,22364344.0,205000000.0,0.011403414634146342
2000-07-06,2.96,2.96,2.9,2.92,1855500.0,17388304.0,205000000.0,0.009051219512195122
2000-07-07,2.94,3.21,2.94,3.12,7409700.0,73946806.0,205000000.0,0.036144878048780485
2000-07-10,3.15,3.18,3.12,3.14,4916800.0,49534844.0,205000000.0,0.023984390243902438
2000-07-11,3.14,3.2,3.08,3.1,5062900.0,50910278.0,205000000.0,0.024697073170731706
2000-07-12,3.1,3.22,3.04,3.17,6877300.0,69161992.0,205000000.0,0.03354780487804878
2000-07-13,3.18,3.24,3.11,3.12,6647400.0,61940950.0,221400000.0,0.030024390243902438
2000-07-14,3.12,3.15,3.08,3.13,5824600.0,53285551.0,221400000.0,0.026308039747064138
2000-07-17,3.12,3.12,3.03,3.03,6605300.0,59434310.0,221400000.0,0.02983423667570009
2000-07-18,3.02,3.04,2.96,3.0,4713400.0,41534961.0,221400000.0,0.02128906955736224
2000-07-19,3.0,3.15,3.0,3.11,4588900.0,41804618.0,221400000.0,0.020726738934056008
2000-07-20,3.12,3.13,3.06,3.07,2552700.0,23145040.0,221400000.0,0.011529810298102981
2000-07-21,3.07,3.07,3.02,3.04,2306600.0,20651730.0,221400000.0,0.010418247515808492
2000-07-24,3.05,3.19,3.03,3.13,5753800.0,52964023.0,221400000.0,0.025988256549232158
2000-07-25,3.12,3.12,3.09,3.09,2429600.0,22109119.0,221400000.0,0.010973803071364047
2000-07-26,3.09,3.11,3.04,3.09,2515500.0,22678809.0,221400000.0,0.011361788617886179
2000-07-27,3.11,3.13,3.06,3.06,2834400.0,25737496.0,221400000.0,0.012802168021680218
2000-07-28,3.07,3.08,3.01,3.03,3135800.0,27978953.0,221400000.0,0.014163504968383017
2000-07-31,3.02,3.02,2.96,2.98,3964900.0,34769163.0,221400000.0,0.017908310749774163
2000-08-01,2.98,3.09,2.98,3.06,2343400.0,20992197.0,221400000.0,0.010584462511291779
2000-08-02,3.06,3.09,3.02,3.03,1446100.0,12958661.0,221400000.0,0.006531616982836495
2000-08-03,3.04,3.06,2.97,3.0,2669300.0,23552116.0,221400000.0,0.012056458897922312
2000-08-04,3.01,3.08,2.98,3.05,2925900.0,25887780.0,221400000.0,0.013215447154471545
2000-08-07,3.05,3.09,3.02,3.09,3440000.0,31058514.0,221400000.0,0.015537488708220415
2000-08-08,3.13,3.15,3.09,3.1,2173100.0,19845151.0,221400000.0,0.009815266485998193
2000-08-09,3.11,3.27,3.11,3.24,11063200.0,104073459.0,221400000.0,0.04996928635953026
2000-08-10,3.26,3.28,3.16,3.18,6170800.0,58374327.0,221400000.0,0.027871725383920506
2000-08-11,3.18,3.18,3.09,3.1,3491100.0,32088289.0,221400000.0,0.01576829268292683
2000-08-14,3.11,3.2,3.1,3.13,2434400.0,22531432.0,221400000.0,0.010995483288166215
2000-08-15,3.14,3.16,3.06,3.09,2534800.0,23140030.0,221400000.0,0.011448961156278229
2000-08-16,3.06,3.15,3.02,3.09,2234500.0,20334820.0,221400000.0,0.010092592592592592
2000-08-17,3.07,3.09,3.04,3.06,3092700.0,27842154.0,221400000.0,0.013968834688346884
2000-08-18,3.06,3.13,3.04,3.12,2829400.0,25774612.0,221400000.0,0.012779584462511292
2000-08-21,3.13,3.14,3.06,3.09,2953300.0,26810165.0,221400000.0,0.013339205058717253
2000-08-22,3.07,3.13,3.06,3.06,3077400.0,28046479.0,221400000.0,0.013899728997289973
2000-08-23,3.02,3.06,2.85,3.02,4967200.0,43630935.0,221400000.0,0.022435411020776876
2000-08-24,3.02,3.05,2.99,3.04,3097500.0,27579800.0,221400000.0,0.013990514905149052
2000-08-25,3.04,3.12,3.02,3.09,2210000.0,20088769.0,221400000.0,0.00998193315266486
2000-08-28,3.09,3.15,3.06,3.13,4414300.0,40433097.0,221400000.0,0.019938121047877146
2000-08-30,3.06,3.21,3.06,3.13,5281700.0,49070064.0,221400000.0,0.023855916892502257
2000-08-31,3.12,3.13,3.0,3.01,2329100.0,20858386.0,221400000.0,0.010519873532068654
2000-09-01,2.99,3.04,2.97,2.98,1973000.0,17343320.0,221400000.0,0.008911472448057813
2000-09-04,2.98,3.01,2.94,2.96,1972900.0,17270118.0,221400000.0,0.008911020776874435
2000-09-05,2.96,2.99,2.82,2.83,3800700.0,32323365.0,221400000.0,0.017166666666666667
2000-09-06,2.79,2.9,2.75,2.82,2759001.0,22954104.0,221400000.0,0.012461612466124662
2000-09-07,2.82,2.95,2.82,2.94,2670600.0,22784086.0,221400000.0,0.012062330623306233
2000-09-08,2.94,2.96,2.91,2.94,1429100.0,12333983.0,221400000.0,0.00645483288166215
2000-09-11,2.94,3.0,2.85,2.99,2254300.0,19591129.0,221400000.0,0.010182023486901535
2000-09-12,2.98,3.04,2.96,3.01,1553000.0,13735479.0,221400000.0,0.007014453477868112
2000-09-13,2.98,3.03,2.96,2.98,1323800.0,11711872.0,221400000.0,0.005979223125564589
2000-09-14,2.98,2.99,2.92,2.94,1269900.0,11005154.0,221400000.0,0.005735772357723577
2000-09-15,2.94,2.94,2.86,2.89,1120700.0,9526380.0,221400000.0,0.005061878952122854
2000-09-18,2.89,2.89,2.84,2.85,1235400.0,10380239.0,221400000.0,0.005579945799457995
2000-09-19,2.85,2.85,2.74,2.76,1534400.0,12588164.0,221400000.0,0.006930442637759711
2000-09-20,2.76,2.81,2.74,2.78,817100.0,6652869.0,221400000.0,0.0036906052393857274
2000-09-21,2.78,2.8,2.74,2.74,969600.0,7845862.0,221400000.0,0.00437940379403794
2000-09-22,2.7,2.71,2.62,2.65,1195400.0,9354371.0,221400000.0,0.005399277326106594
2000-09-25,2.64,2.64,2.52,2.53,1121700.0,8514573.0,221400000.0,0.005066395663956639
2000-09-26,2.55,2.64,2.54,2.61,465800.0,3579491.0,221400000.0,0.002103884372177055
2000-09-27,2.64,2.82,2.63,2.77,1808100.0,14701660.0,221400000.0,0.008166666666666666
2000-09-28,2.78,2.81,2.67,2.68,1012600.0,8127016.0,221400000.0,0.004573622402890696
2000-09-29,2.62,2.76,2.62,2.75,1162400.0,9344327.0,221400000.0,0.0052502258355916894
2000-10-09,2.77,2.79,2.72,2.78,637900.0,5164848.0,221400000.0,0.0028812104787714543
2000-10-10,2.79,2.81,2.76,2.78,664400.0,5445010.0,221400000.0,0.003000903342366757
2000-10-11,2.79,2.79,2.73,2.74,869700.0,7059731.0,221400000.0,0.0039281842818428185
2000-10-12,2.75,2.75,2.62,2.68,1638100.0,12881135.0,221400000.0,0.007398825654923216
2000-10-13,2.68,2.77,2.64,2.73,1410600.0,11185616.0,221400000.0,0.006371273712737127
2000-10-16,2.72,2.72,2.65,2.66,707500.0,5549378.0,221400000.0,0.0031955736224028907
2000-10-17,2.67,2.67,2.63,2.66,653300.0,5085419.0,221400000.0,0.0029507678410117433
2000-10-18,2.66,2.7,2.65,2.68,541200.0,4251520.0,221400000.0,0.0024444444444444444
2000-10-19,2.69,2.78,2.69,2.75,1208900.0,9719506.0,221400000.0,0.005460252935862692
2000-10-20,2.79,2.79,2.71,2.75,1348700.0,10871458.0,221400000.0,0.006091689250225836
2000-10-23,2.75,2.78,2.74,2.77,1053800.0,8572851.0,221400000.0,0.004759710930442637
2000-10-24,2.77,2.78,2.71,2.72,752100.0,6056729.0,221400000.0,0.003397018970189702
2000-10-25,2.72,2.79,2.68,2.77,1734600.0,13925052.0,221400000.0,0.00783468834688347
2000-10-26,2.75,2.79,2.72,2.72,780700.0,6293413.0,221400000.0,0.003526196928635953
2000-10-27,2.72,2.74,2.68,2.69,759000.0,6027482.0,221400000.0,0.0034281842818428185
2000-10-30,2.69,2.7,2.64,2.68,1367800.0,10731369.0,221400000.0,0.006177958446251129
2000-10-31,2.71,2.75,2.68,2.71,1007500.0,8087958.0,221400000.0,0.0045505871725383925
2000-11-01,2.77,2.79,2.74,2.75,1651100.0,13416848.0,221400000.0,0.007457542908762421
2000-11-02,2.78,2.82,2.75,2.76,2831300.0,23240642.0,221400000.0,0.012788166214995483
2000-11-03,2.76,2.78,2.68,2.71,1130900.0,9083311.0,221400000.0,0.005107949412827462
2000-11-06,2.7,2.76,2.68,2.73,829400.0,6638401.0,221400000.0,0.0037461607949412826
2000-11-07,2.73,2.77,2.71,2.72,1568100.0,12611468.0,221400000.0,0.007082655826558266
2000-11-08,2.75,2.75,2.7,2.71,814300.0,6491611.0,221400000.0,0.003677958446251129
2000-11-09,2.72,2.75,2.7,2.75,1595100.0,12817363.0,221400000.0,0.007204607046070461
2000-11-10,2.75,2.89,2.75,2.85,4900500.0,40740949.0,221400000.0,0.022134146341463413
2000-11-13,2.85,2.87,2.79,2.85,2303000.0,19157677.0,221400000.0,0.010401987353206866
2000-11-14,2.85,2.85,2.8,2.84,1564100.0,12983953.0,221400000.0,0.0070645889792231254
2000-11-15,2.84,2.89,2.82,2.87,2655500.0,22365605.0,221400000.0,0.01199412827461608
2000-11-16,2.87,2.93,2.85,2.88,1739100.0,14769951.0,221400000.0,0.0078550135501355
2000-11-17,2.91,2.92,2.83,2.85,1757000.0,14771060.0,221400000.0,0.007935862691960253
2000-11-20,2.85,2.88,2.8,2.88,1783492.0,14839706.0,221400000.0,0.008055519421860885
2000-11-21,2.89,2.95,2.88,2.93,4449124.0,38227883.0,221400000.0,0.020095411020776874
2000-11-22,2.94,2.94,2.89,2.93,1634569.0,14028753.0,221400000.0,0.007382877145438121
2000-11-23,2.93,2.94,2.88,2.89,1857092.0,15929727.0,221400000.0,0.008387949412827462
2000-11-24,2.89,2.92,2.78,2.79,2004133.0,16811353.0,221400000.0,0.009052091237579043
2000-11-27,2.76,2.83,2.74,2.8,1231287.0,10115166.0,221400000.0,0.005561368563685637
2000-11-28,2.85,2.85,2.81,2.84,594064.0,4940361.0,221400000.0,0.002683215898825655
2000-11-29,2.84,2.85,2.78,2.79,1168240.0,9645978.0,221400000.0,0.0052766034327009935
2000-11-30,2.79,2.82,2.78,2.8,1008876.0,8296538.0,221400000.0,0.00455680216802168
2000-12-01,2.8,2.82,2.76,2.78,1044459.0,8573288.0,221400000.0,0.004717520325203252
2000-12-04,2.79,2.91,2.75,2.9,2416322.0,20149549.0,221400000.0,0.01091383017163505
2000-12-05,2.94,3.04,2.94,2.97,7121932.0,62814162.0,221400000.0,0.032167714543812106
2000-12-06,2.96,2.99,2.89,2.91,1904000.0,16446274.0,221400000.0,0.008599819331526648
2000-12-07,2.91,2.91,2.85,2.87,1051189.0,8885784.0,221400000.0,0.004747917795844625
2000-12-08,2.87,2.89,2.81,2.85,738013.0,6205563.0,221400000.0,0.0033333920505871726
2000-12-11,2.87,2.89,2.81,2.82,974936.0,8146534.0,221400000.0,0.004403504968383017
2000-12-12,2.82,2.84,2.79,2.84,597772.0,4958191.0,221400000.0,0.0026999638663053297
2000-12-13,2.84,2.84,2.79,2.81,580941.0,4805883.0,221400000.0,0.0026239430894308942
2000-12-14,2.82,2.84,2.8,2.82,608887.0,5034010.0,221400000.0,0.00275016711833785
2000-12-15,2.82,2.84,2.78,2.79,663445.0,5458574.0,221400000.0,0.0029965898825654925
2000-12-18,2.79,2.79,2.75,2.77,829234.0,6740815.0,221400000.0,0.0037454110207768743
2000-12-19,2.77,2.81,2.76,2.78,504026.0,4119944.0,221400000.0,0.002276540198735321
2000-12-20,2.78,2.8,2.76,2.8,703251.0,5753013.0,221400000.0,0.003176382113821138
2000-12-21,2.81,2.83,2.77,2.79,813955.0,6689036.0,221400000.0,0.0036764001806684735
2000-12-22,2.79,2.79,2.72,2.77,1492487.0,12097930.0,221400000.0,0.00674113369467028
2000-12-25,2.77,2.77,2.71,2.74,2101566.0,16858477.0,221400000.0,0.009492168021680217
2000-12-26,2.75,2.76,2.73,2.75,1178639.0,9502634.0,221400000.0,0.005323572719060524
2000-12-27,2.75,2.77,2.7,2.72,2060447.0,16515062.0,221400000.0,0.009306445347786811
2000-12-29,2.75,2.82,2.75,2.79,644020.0,5294079.0,221400000.0,0.0029088527551942188
2001-01-02,2.82,2.82,2.76,2.8,905100.0,7419848.0,221400000.0,0.004088075880758808
2001-01-03,2.8,2.81,2.77,2.81,1485051.0,12195282.0,221400000.0,0.006707547425474255
2001-01-04,2.82,2.82,2.79,2.8,1051223.0,8666111.0,221400000.0,0.0047480713640469735
2001-01-05,2.8,2.88,2.79,2.85,1640146.0,13749603.0,221400000.0,0.00740806684733514
2001-01-08,2.86,2.87,2.78,2.81,1261883.0,10445595.0,221400000.0,0.005699561878952123
2001-01-09,2.8,2.87,2.8,2.85,1299108.0,10874908.0,221400000.0,0.005867696476964769
2001-01-10,2.85,2.87,2.85,2.86,1154682.0,9733837.0,221400000.0,0.005215365853658537
2001-01-11,2.87,2.92,2.87,2.88,1708941.0,14560043.0,221400000.0,0.007718794037940379
2001-01-12,2.89,2.9,2.85,2.86,711546.0,5997280.0,221400000.0,0.003213848238482385
2001-01-15,2.85,2.86,2.76,2.77,1009905.0,8312296.0,221400000.0,0.004561449864498645
2001-01-16,2.74,2.82,2.72,2.81,1009264.0,8189506.0,221400000.0,0.004558554652213189
2001-01-17,2.81,2.81,2.77,2.78,591746.0,4847785.0,221400000.0,0.0026727461607949413
2001-01-18,2.77,2.81,2.77,2.79,600085.0,4940106.0,221400000.0,0.0027104110207768744
2001-01-19,2.79,2.84,2.78,2.84,1060911.0,8812042.0,221400000.0,0.004791829268292683
2001-02-05,2.84,2.84,2.75,2.79,636585.0,5238078.0,221400000.0,0.002875271002710027
2001-02-06,2.77,2.84,2.77,2.82,619038.0,5075177.0,221400000.0,0.0027960162601626017
2001-02-07,2.83,2.89,2.82,2.86,1625322.0,13703486.0,221400000.0,0.007341111111111111
2001-02-09,2.86,2.89,2.82,2.85,1253930.0,10578792.0,221400000.0,0.005663640469738031
2001-02-12,2.85,2.86,2.8,2.85,573254.0,4770753.0,221400000.0,0.002589223125564589
2001-02-13,2.86,2.88,2.84,2.86,746228.0,6281208.0,221400000.0,0.0033704968383017164
2001-02-14,2.86,2.87,2.82,2.83,477438.0,3993749.0,221400000.0,0.002156449864498645
2001-02-15,2.88,2.92,2.83,2.85,493502.0,4145194.0,221400000.0,0.0022290063233965673
2001-02-16,2.85,2.85,2.77,2.83,732171.0,6021986.0,221400000.0,0.0033070054200542006
2001-02-19,2.83,2.95,2.82,2.92,2688902.0,22921426.0,221400000.0,0.012144995483288167
2001-02-20,2.94,2.99,2.88,2.9,5554435.0,48212851.0,221400000.0,0.025087782294489613
2001-02-21,2.89,2.89,2.75,2.78,3412646.0,28121290.0,221400000.0,0.01541393857271906
2001-02-22,2.77,2.84,2.75,2.79,1056382.0,8671229.0,221400000.0,0.0047713730803974706
2001-02-23,2.79,2.89,2.79,2.89,1735888.0,14572056.0,221400000.0,0.007840505871725384
2001-02-26,2.92,2.95,2.89,2.91,2452649.0,21050683.0,221400000.0,0.011077908762420957
2001-02-27,2.92,2.99,2.89,2.98,5684366.0,49590246.0,221400000.0,0.02567464317976513
2001-02-28,2.99,3.01,2.93,2.95,2368196.0,20585359.0,221400000.0,0.010696458897922312
2001-03-01,2.95,2.96,2.88,2.95,1443550.0,12431518.0,221400000.0,0.006520099367660344
2001-03-02,2.94,3.01,2.93,2.93,1437234.0,12548913.0,221400000.0,0.006491571815718157
2001-03-05,2.94,3.0,2.94,3.0,2432145.0,21272763.0,221400000.0,0.01098529810298103
2001-03-06,3.0,3.01,2.95,2.97,1805184.0,15804729.0,221400000.0,0.00815349593495935
2001-03-07,2.97,3.0,2.97,2.98,1670897.0,14679956.0,221400000.0,0.0075469602529358625
2001-03-08,2.98,2.99,2.93,2.93,1420548.0,12333960.0,221400000.0,0.006416205962059621
2001-03-09,2.94,2.96,2.91,2.91,1273496.0,10932016.0,221400000.0,0.005752014453477868
2001-03-12,2.92,2.94,2.89,2.92,820509.0,7024475.0,221400000.0,0.0037060027100271004
2001-03-13,2.86,2.87,2.82,2.86,1051639.0,8836064.0,221400000.0,0.004749950316169828
2001-03-14,2.88,2.88,2.82,2.86,1353635.0,11332912.0,221400000.0,0.006113979223125564
2001-03-15,2.87,2.92,2.85,2.89,723472.0,6137563.0,221400000.0,0.003267714543812105
2001-03-16,2.89,2.89,2.85,2.86,1122879.0,9464093.0,221400000.0,0.005071720867208672
2001-03-20,2.89,2.9,2.85,2.89,666930.0,5647344.0,221400000.0,0.003012330623306233
2001-03-21,2.91,2.93,2.88,2.93,1319472.0,11239337.0,221400000.0,0.005959674796747968
2001-03-22,2.94,2.97,2.91,2.93,1050202.0,9068173.0,221400000.0,0.004743459801264679
2001-03-23,2.94,3.13,2.93,3.03,12384134.0,111866664.0,221400000.0,0.05593556458897922
2001-03-26,3.06,3.11,3.04,3.09,4539101.0,41117209.0,221400000.0,0.020501811201445348
2001-03-27,3.1,3.11,3.05,3.07,2565999.0,23195036.0,221400000.0,0.011589878048780488
2001-03-28,3.07,3.09,3.02,3.03,2164993.0,19372917.0,221400000.0,0.009778649503161698
2001-03-29,3.03,3.06,3.0,3.03,1799298.0,16023436.0,221400000.0,0.00812691056910569
2001-03-30,3.02,3.05,3.02,3.04,1426426.0,12733621.0,221400000.0,0.006442755194218609
2001-04-02,3.04,3.07,3.04,3.05,1917155.0,17239509.0,221400000.0,0.00865923667570009
2001-04-04,3.09,3.12,2.99,3.0,1549377.0,13939425.0,221400000.0,0.006998089430894309
2001-04-05,3.0,3.03,2.99,3.01,1462514.0,12935360.0,221400000.0,0.0066057542908762425
2001-04-06,3.01,3.07,3.01,3.03,1170391.0,10485203.0,221400000.0,0.005286318879855465
2001-04-09,3.03,3.03,2.99,3.01,1061101.0,9373324.0,221400000.0,0.004792687443541102
2001-04-10,3.02,3.06,3.0,3.04,964619.0,8639621.0,221400000.0,0.004356906052393857
2001-04-11,3.04,3.06,3.01,3.02,892344.0,7961875.0,221400000.0,0.004030460704607046
2001-04-12,3.02,3.02,2.99,2.99,1768742.0,15595653.0,221400000.0,0.007988897922312556
2001-04-13,2.99,3.03,2.99,3.0,1180538.0,10423010.0,221400000.0,0.005332149954832882
2001-04-16,3.01,3.02,2.97,3.02,1511196.0,13319951.0,221400000.0,0.006825636856368564
2001-04-17,3.06,3.1,3.02,3.04,1079991.0,9692045.0,221400000.0,0.0048780081300813
2001-04-18,3.06,3.13,3.05,3.09,3494509.0,31810029.0,221400000.0,0.015783690153568203
2001-04-19,3.09,3.11,3.02,3.05,1624221.0,14600475.0,221400000.0,0.007336138211382114
2001-04-20,3.06,3.09,2.99,2.99,1935355.0,17175097.0,221400000.0,0.008741440831074978
2001-04-23,3.01,3.01,2.89,2.95,2508902.0,21707098.0,221400000.0,0.011331987353206865
2001-04-24,2.95,2.98,2.94,2.97,904305.0,7880790.0,221400000.0,0.004084485094850949
2001-04-25,2.99,3.02,2.92,2.94,1165315.0,10192714.0,221400000.0,0.005263392050587173
2001-04-26,2.92,2.94,2.89,2.91,903363.0,7732547.0,221400000.0,0.004080230352303523
2001-04-27,2.92,2.92,2.87,2.89,1064432.0,9066887.0,221400000.0,0.00480773261065944
2001-04-30,2.89,2.92,2.89,2.9,521874.0,4459372.0,221400000.0,0.0023571544715447154
2001-05-08,2.89,2.94,2.89,2.93,457943.0,3939488.0,221400000.0,0.0020683965672990065
2001-05-09,2.94,2.97,2.89,2.9,1107731.0,9500194.0,221400000.0,0.005003301716350497
2001-05-10,2.9,2.91,2.88,2.89,836939.0,7121628.0,221400000.0,0.003780212285456188
2001-05-11,2.89,2.91,2.88,2.9,811302.0,6905541.0,221400000.0,0.0036644173441734416
2001-05-14,2.91,2.96,2.89,2.94,1117624.0,9551610.0,221400000.0,0.005047985546522132
2001-05-15,2.96,2.96,2.92,2.93,986839.0,8508402.0,221400000.0,0.00445726738934056
2001-05-16,2.93,2.94,2.9,2.91,876080.0,7509618.0,221400000.0,0.003957000903342367
2001-05-17,2.92,2.98,2.9,2.93,1416926.0,12281609.0,221400000.0,0.006399846431797651
2001-05-18,2.94,2.97,2.93,2.94,807315.0,7002224.0,221400000.0,0.003646409214092141
2001-05-21,2.94,3.02,2.93,3.0,2023607.0,17651533.0,221400000.0,0.009140049683830172
2001-05-22,3.02,3.09,3.02,3.05,5562507.0,50015136.0,221400000.0,0.025124241192411925
2001-05-23,3.06,3.08,2.98,2.99,3312764.0,29589634.0,221400000.0,0.014962800361336947
2001-05-24,2.99,3.09,2.96,3.04,2600092.0,23288561.0,221400000.0,0.01174386630532972
2001-05-25,3.07,3.07,2.98,3.04,1610367.0,14292959.0,221400000.0,0.007273563685636857
2001-05-29,3.04,3.05,2.97,2.98,879448.0,7751785.0,221400000.0,0.0039722131887985545
2001-05-30,2.98,3.02,2.95,3.0,958175.0,8405203.0,221400000.0,0.004327800361336947
2001-05-31,3.02,3.05,2.96,2.97,1233216.0,10800890.0,221400000.0,0.005570081300813008
2001-06-01,2.97,2.97,2.92,2.94,1257497.0,10869456.0,221400000.0,0.005679751580849142
2001-06-04,2.94,2.99,2.92,2.96,1081022.0,9380228.0,221400000.0,0.004882664859981933
2001-06-05,2.96,3.05,2.92,3.02,2494915.0,21905730.0,221400000.0,0.011268812104787715
2001-06-06,3.02,3.03,2.98,2.99,928255.0,8218369.0,221400000.0,0.004192660343270099
2001-06-07,2.99,2.99,2.95,2.95,892998.0,7798423.0,221400000.0,0.004033414634146341
2001-06-08,2.96,2.98,2.94,2.98,663402.0,5766753.0,221400000.0,0.0029963956639566395
2001-06-11,2.97,2.97,2.94,2.94,840006.0,7286416.0,221400000.0,0.0037940650406504063
2001-06-12,2.94,2.96,2.92,2.93,1710333.0,14784596.0,221400000.0,0.007725081300813008
2001-06-13,2.94,2.98,2.93,2.95,805646.0,6985257.0,221400000.0,0.003638870822041554
2001-06-14,2.95,2.99,2.93,2.93,1105348.0,9619719.0,221400000.0,0.004992538392050587
2001-06-15,2.93,2.96,2.92,2.93,692895.0,5980242.0,221400000.0,0.0031296070460704608
2001-06-18,2.94,2.94,2.85,2.86,1250240.0,10629984.0,221400000.0,0.005646973803071364
2001-06-19,2.86,2.88,2.85,2.87,703574.0,5928115.0,221400000.0,0.0031778410117434507
2001-06-20,2.87,2.92,2.86,2.87,555592.0,4713289.0,221400000.0,0.0025094489611562783
2001-06-21,2.87,2.89,2.85,2.88,845189.0,7140413.0,221400000.0,0.0038174751580849144
2001-06-22,2.89,2.92,2.85,2.92,798219.0,6767698.0,221400000.0,0.0036053252032520323
2001-06-25,2.94,2.95,2.91,2.92,887106.0,7641722.0,221400000.0,0.00400680216802168
2001-06-26,2.93,3.16,2.93,3.05,9770753.0,88399288.0,221400000.0,0.044131675700090335
2001-06-27,3.05,3.06,2.99,2.99,2517064.0,22272734.0,221400000.0,0.011368852755194218
2001-06-28,3.0,3.02,2.96,2.96,1119918.0,9839841.0,221400000.0,0.005058346883468835
2001-06-29,2.96,2.99,2.94,2.95,654776.0,5703735.0,221400000.0,0.0029574345076784103
2001-07-02,2.96,2.99,2.95,2.96,525816.0,4583704.0,221400000.0,0.002374959349593496
2001-07-03,2.95,2.98,2.94,2.95,653214.0,5631906.0,221400000.0,0.002950379403794038
2001-07-04,2.98,3.01,2.94,2.98,761762.0,6616240.0,221400000.0,0.0034406594399277327
2001-07-05,2.98,3.05,2.97,3.02,1084285.0,9547717.0,221400000.0,0.004897402890695573
2001-07-06,3.01,3.03,2.96,2.96,400490.0,3493868.0,221400000.0,0.0018088979223125565
2001-07-09,3.01,3.01,2.94,2.95,504330.0,4356831.0,221400000.0,0.0022779132791327914
2001-07-10,2.98,2.98,2.94,2.97,477955.0,4134075.0,221400000.0,0.002158785004516712
2001-07-11,2.98,3.0,2.95,2.95,446774.0,3879424.0,221400000.0,0.0020179494128274617
2001-07-12,2.96,2.96,2.93,2.95,646030.0,5549490.0,221400000.0,0.0029179313459801264
2001-07-13,2.98,3.01,2.94,3.0,1839073.0,16014763.0,221400000.0,0.00830656278229449
2001-07-16,3.04,3.05,2.94,2.94,1912330.0,16659945.0,221400000.0,0.008637443541102078
2001-07-17,2.96,3.04,2.96,3.03,2854681.0,25039708.0,221400000.0,0.01289377145438121
2001-07-18,3.04,3.04,2.99,3.02,989192.0,8711266.0,221400000.0,0.004467895212285456
2001-07-19,2.87,2.93,2.77,2.83,3684353.0,30579613.0,221400000.0,0.01664116079494128
2001-07-20,2.8,2.83,2.75,2.78,3944075.0,32102812.0,221400000.0,0.01781425022583559
2001-07-23,2.78,2.79,2.75,2.78,1787729.0,14471623.0,221400000.0,0.008074656729900632
2001-07-24,2.78,2.78,2.76,2.78,784303.0,6354470.0,221400000.0,0.0035424706413730803
2001-07-25,2.78,2.78,2.65,2.68,1469892.0,11731123.0,221400000.0,0.006639078590785908
2001-07-26,2.67,2.68,2.59,2.6,1760158.0,13428072.0,221400000.0,0.007950126467931347
2001-07-27,2.59,2.67,2.58,2.65,992933.0,7615103.0,221400000.0,0.004484792231255646
2001-07-30,2.63,2.63,2.46,2.46,1159942.0,8587410.0,221400000.0,0.0052391237579042455
2001-07-31,2.41,2.46,2.26,2.34,1254615.0,8785292.0,221400000.0,0.005666734417344174
2001-08-01,2.36,2.46,2.36,2.45,995749.0,7029187.0,221400000.0,0.004497511291779584
2001-08-02,2.45,2.45,2.34,2.42,895952.0,6266873.0,221400000.0,0.004046757000903342
2001-08-03,2.42,2.44,2.4,2.43,388978.0,2757610.0,221400000.0,0.0017569015356820234
2001-08-06,2.43,2.43,2.35,2.41,646683.0,4493723.0,221400000.0,0.002920880758807588
2001-08-07,2.39,2.42,2.35,2.41,591437.0,4126229.0,221400000.0,0.0026713504968383017
2001-08-08,2.39,2.45,2.36,2.4,399024.0,2818135.0,221400000.0,0.0018022764227642277
2001-08-09,2.4,2.44,2.4,2.42,326719.0,2309911.0,221400000.0,0.0014756955736224028
2001-08-10,2.43,2.47,2.43,2.46,476147.0,3422056.0,221400000.0,0.0021506187895212288
2001-08-13,2.46,2.47,2.44,2.46,411949.0,2955104.0,221400000.0,0.001860654923215899
2001-08-14,2.46,2.47,2.41,2.42,452320.0,3231701.0,221400000.0,0.002042999096657633
2001-08-15,2.45,2.45,2.41,2.42,430148.0,3036457.0,221400000.0,0.0019428545618789522
2001-08-16,2.42,2.44,2.39,2.4,336774.0,2365394.0,221400000.0,0.001521111111111111
2001-08-17,2.39,2.4,2.37,2.37,436404.0,3043948.0,221400000.0,0.001971111111111111
2001-08-21,2.39,2.57,2.39,2.51,1906758.0,14049660.0,221400000.0,0.008612276422764228
2001-08-22,2.51,2.52,2.41,2.45,618825.0,4419699.0,221400000.0,0.0027950542005420053
2001-08-23,2.42,2.45,2.41,2.44,376874.0,2665119.0,221400000.0,0.0017022312556458899
2001-08-24,2.43,2.46,2.42,2.42,235130.0,1666777.0,221400000.0,0.0010620144534778681
2001-08-27,2.42,2.42,2.32,2.34,680582.0,4681614.0,221400000.0,0.003073992773261066
2001-08-28,2.33,2.36,2.29,2.34,314564.0,2145163.0,221400000.0,0.0014207949412827462
2001-08-29,2.38,2.38,2.34,2.35,226213.0,1558555.0,221400000.0,0.0010217389340560071
2001-08-30,2.35,2.38,2.31,2.33,282252.0,1932876.0,221400000.0,0.001274850948509485
2001-08-31,2.35,2.36,2.33,2.34,123360.0,842556.0,221400000.0,0.0005571815718157182
2001-09-03,2.35,2.35,2.27,2.29,305928.0,2056223.0,221400000.0,0.001381788617886179
2001-09-04,2.29,2.34,2.29,2.34,213573.0,1446306.0,221400000.0,0.0009646476964769648
2001-09-05,2.36,2.38,2.35,2.37,356543.0,2468391.0,221400000.0,0.0016104019873532068
2001-09-06,2.36,2.42,2.35,2.36,701859.0,4898344.0,221400000.0,0.0031700948509485096
2001-09-07,2.36,2.36,2.3,2.31,336070.0,2286305.0,221400000.0,0.0015179313459801264
2001-09-10,2.29,2.38,2.26,2.37,446389.0,3047215.0,221400000.0,0.0020162104787714544
2001-09-11,2.37,2.38,2.33,2.37,296134.0,2040432.0,221400000.0,0.0013375519421860885
2001-09-12,2.33,2.33,2.22,2.29,804896.0,5376470.0,221400000.0,0.003635483288166215
2001-09-13,2.29,2.31,2.27,2.27,379372.0,2535637.0,221400000.0,0.0017135140018066848
2001-09-14,2.27,2.29,2.22,2.23,608228.0,3995914.0,221400000.0,0.0027471906052393856
2001-09-17,2.22,2.22,2.11,2.11,853242.0,5347877.0,221400000.0,0.003853848238482385
2001-09-18,2.1,2.16,2.05,2.09,983896.0,5998870.0,221400000.0,0.004443974706413731
2001-09-19,2.1,2.14,2.09,2.13,393858.0,2430836.0,221400000.0,0.0017789430894308944
2001-09-20,2.15,2.16,2.09,2.1,505254.0,3139916.0,221400000.0,0.002282086720867209
2001-09-21,2.09,2.13,2.08,2.11,294941.0,1817977.0,221400000.0,0.001332163504968383
2001-09-24,2.11,2.12,2.07,2.09,253607.0,1544828.0,221400000.0,0.0011454697380307137
2001-09-25,2.1,2.1,2.07,2.07,300028.0,1825882.0,221400000.0,0.0013551400180668474
2001-09-26,2.07,2.09,2.05,2.06,399653.0,2412633.0,221400000.0,0.0018051174345076785
2001-09-27,2.06,2.07,2.04,2.05,343497.0,2064327.0,221400000.0,0.0015514769647696476
2001-09-28,2.05,2.07,2.05,2.07,261226.0,1567923.0,221400000.0,0.0011798825654923215
2001-10-08,2.05,2.07,2.04,2.05,354519.0,2129050.0,221400000.0,0.001601260162601626
2001-10-09,2.05,2.07,2.02,2.06,465763.0,2788205.0,221400000.0,0.002103717253839205
2001-10-10,2.05,2.08,2.0,2.02,343372.0,2048498.0,221400000.0,0.0015509123757904246
2001-10-11,2.02,2.02,1.89,1.9,445206.0,2510545.0,221400000.0,0.0020108672086720865
2001-10-12,1.92,1.98,1.88,1.95,405062.0,2289413.0,221400000.0,0.0018295483288166216
2001-10-15,1.97,2.01,1.94,1.98,241769.0,1396264.0,221400000.0,0.0010920009033423667
2001-10-16,2.0,2.01,1.94,1.94,258208.0,1492463.0,221400000.0,0.0011662511291779584
2001-10-17,1.94,1.94,1.9,1.91,280262.0,1573316.0,221400000.0,0.001265862691960253
2001-10-18,1.91,1.91,1.82,1.84,576394.0,3136925.0,221400000.0,0.002603405600722674
2001-10-19,1.84,1.84,1.75,1.8,599728.0,3141045.0,221400000.0,0.002708798554652213
2001-10-22,1.8,1.81,1.73,1.73,377989.0,1949764.0,221400000.0,0.0017072673893405602
2001-10-23,1.91,1.91,1.82,1.91,2088607.0,11545666.0,221400000.0,0.009433635953026197
2001-10-24,1.95,2.02,1.93,1.99,3206107.0,18556585.0,221400000.0,0.01448106142728094
2001-10-25,1.98,1.98,1.9,1.92,775954.0,4397772.0,221400000.0,0.0035047606142728093
2001-10-26,1.91,1.95,1.87,1.88,769980.0,4270814.0,221400000.0,0.003477777777777778
2001-10-29,1.9,1.94,1.88,1.93,1294216.0,7195055.0,221400000.0,0.005845600722673893
2001-10-31,1.92,1.95,1.88,1.94,543882.0,3045496.0,221400000.0,0.002456558265582656
2001-11-01,1.95,2.13,1.9,2.13,9071269.0,54632233.0,221400000.0,0.040972308039747066
2001-11-02,2.12,2.17,2.08,2.15,8293470.0,51561219.0,221400000.0,0.037459214092140924
2001-11-05,2.16,2.19,2.13,2.18,5083747.0,32094344.0,221400000.0,0.022961820234869014
2001-11-06,2.18,2.18,2.11,2.14,2525901.0,15784805.0,221400000.0,0.011408766937669377
2001-11-07,2.14,2.17,2.06,2.09,3831832.0,23557356.0,221400000.0,0.01730728093947606
2001-11-08,2.06,2.25,2.05,2.24,10272736.0,65892486.0,221400000.0,0.046398988256549235
2001-11-09,2.24,2.36,2.19,2.26,9607106.0,63975604.0,221400000.0,0.04339252935862692
2001-11-12,2.28,2.46,2.27,2.35,9563021.0,66247319.0,221400000.0,0.04319341011743451
2001-11-13,2.29,2.36,2.26,2.31,3965595.0,26888256.0,221400000.0,0.017911449864498646
2001-11-14,2.33,2.38,2.31,2.33,2055277.0,14021655.0,221400000.0,0.009283093947606142
2001-11-15,2.34,2.35,2.24,2.3,2388268.0,15942544.0,221400000.0,0.010787118337850045
2001-11-16,2.52,2.52,2.31,2.32,6344018.0,44366150.0,221400000.0,0.028654101174345078
2001-11-19,2.32,2.39,2.29,2.39,2940139.0,20298432.0,221400000.0,0.01327976061427281
2001-11-20,2.41,2.42,2.37,2.39,3459599.0,24189105.0,221400000.0,0.01562601174345077
2001-11-21,2.39,2.41,2.36,2.39,2120392.0,14750400.0,221400000.0,0.009577199638663053
2001-11-22,2.39,2.4,2.32,2.39,3166645.0,21759811.0,221400000.0,0.014302822944896116
2001-11-23,2.38,2.48,2.34,2.46,4997874.0,35528005.0,221400000.0,0.022573956639566396
2001-11-26,2.46,2.5,2.43,2.48,3071736.0,22213661.0,221400000.0,0.013874146341463415
2001-11-27,2.48,2.5,2.46,2.49,2068776.0,15035496.0,221400000.0,0.009344065040650407
2001-11-28,2.5,2.5,2.46,2.48,2194327.0,15888590.0,221400000.0,0.009911142728093948
2001-11-29,2.48,2.52,2.44,2.49,3078260.0,22300094.0,221400000.0,0.013903613369467029
2001-11-30,2.49,2.5,2.46,2.48,1871677.0,13540883.0,221400000.0,0.008453825654923216
2001-12-03,2.48,2.49,2.45,2.47,2731954.0,19639979.0,221400000.0,0.012339448961156279
2001-12-04,2.47,2.56,2.46,2.52,3713637.0,27439298.0,221400000.0,0.016773428184281843
2001-12-05,2.52,2.54,2.45,2.45,3655815.0,26502757.0,221400000.0,0.016512262872628726
2001-12-06,2.45,2.46,2.42,2.43,2271544.0,16158738.0,221400000.0,0.010259909665763324
2001-12-07,2.43,2.48,2.43,2.48,1386784.0,9940124.0,221400000.0,0.006263703703703704
2001-12-10,2.47,2.47,2.42,2.45,717220.0,5108338.0,221400000.0,0.003239476061427281
2001-12-11,2.45,2.46,2.42,2.43,865761.0,6165047.0,221400000.0,0.003910392953929539
2001-12-12,2.43,2.43,2.36,2.39,1494406.0,10462260.0,221400000.0,0.006749801264679314
2001-12-13,2.38,2.39,2.26,2.28,1722587.0,11709668.0,221400000.0,0.007780429087624209
2001-12-14,2.26,2.33,2.25,2.28,1251003.0,8338899.0,221400000.0,0.005650420054200542
2001-12-17,2.26,2.3,2.25,2.25,786164.0,5199720.0,221400000.0,0.003550876242095754
2001-12-18,2.27,2.3,2.24,2.3,863713.0,5731220.0,221400000.0,0.003901142728093948
2001-12-19,2.31,2.32,2.25,2.25,841079.0,5619082.0,221400000.0,0.003798911472448058
2001-12-20,2.25,2.25,2.17,2.18,1093453.0,7008978.0,221400000.0,0.004938812104787715
2001-12-21,2.17,2.22,2.16,2.21,537516.0,3443266.0,221400000.0,0.0024278048780487804
2001-12-24,2.21,2.22,2.12,2.14,532578.0,3369677.0,221400000.0,0.0024055013550135502
2001-12-25,2.12,2.13,2.06,2.12,716995.0,4413108.0,221400000.0,0.003238459801264679
2001-12-26,2.12,2.17,2.09,2.17,681893.0,4240799.0,221400000.0,0.0030799141824751582
2001-12-27,2.17,2.19,2.13,2.13,754092.0,4769161.0,221400000.0,0.0034060162601626015
2001-12-28,2.13,2.16,2.11,2.15,516281.0,3213214.0,221400000.0,0.002331892502258356
2001-12-31,2.16,2.21,2.15,2.21,877729.0,5602768.0,221400000.0,0.0039644489611562785
2002-01-04,2.21,2.22,2.15,2.16,432500.0,2746344.0,221400000.0,0.0019534778681120145
2002-01-07,2.16,2.16,2.1,2.13,424150.0,2626015.0,221400000.0,0.0019157633242999096
2002-01-08,2.12,2.16,2.11,2.11,330124.0,2059000.0,221400000.0,0.0014910749774164408
2002-01-09,2.1,2.11,2.05,2.05,750465.0,4543596.0,221400000.0,0.0033896341463414636
2002-01-10,2.05,2.12,2.0,2.11,974323.0,5824116.0,221400000.0,0.004400736224028907
2002-01-11,2.14,2.14,2.06,2.06,619969.0,3792969.0,221400000.0,0.0028002213188798556
2002-01-14,2.05,2.05,1.98,2.0,691166.0,4056479.0,221400000.0,0.0031217976513098463
2002-01-15,1.99,2.07,1.98,2.02,881407.0,5228446.0,221400000.0,0.003981061427280939
2002-01-16,2.0,2.07,2.0,2.07,924511.0,5510427.0,221400000.0,0.004175749774164408
2002-01-17,2.08,2.08,1.99,1.99,997333.0,5965892.0,221400000.0,0.0045046657633243
2002-01-18,1.98,2.05,1.93,2.02,1139620.0,6671391.0,221400000.0,0.005147335140018067
2002-01-21,1.97,2.02,1.93,1.95,963635.0,5531118.0,221400000.0,0.004352461607949413
2002-01-22,1.93,2.03,1.92,1.96,970357.0,5612575.0,221400000.0,0.004382822944896116
2002-01-23,1.98,2.12,1.93,2.11,1443111.0,8498359.0,221400000.0,0.006518116531165311
2002-01-24,2.11,2.15,2.03,2.11,2083871.0,12880620.0,221400000.0,0.009412244805781391
2002-01-25,2.11,2.12,2.08,2.09,830162.0,5090197.0,221400000.0,0.003749602529358627
2002-01-28,2.09,2.11,1.95,1.96,1223222.0,7256828.0,221400000.0,0.005524941282746161
2002-01-29,1.94,2.05,1.92,2.01,746357.0,4346804.0,221400000.0,0.0033710794941282747
2002-01-30,2.0,2.05,2.0,2.03,545120.0,3219942.0,221400000.0,0.0024621499548328814
2002-01-31,2.08,2.19,2.05,2.17,2804191.0,17561202.0,221400000.0,0.012665722673893405
2002-02-01,2.17,2.23,2.16,2.16,1848192.0,11828866.0,221400000.0,0.008347750677506776
2002-02-04,2.15,2.19,2.12,2.19,837451.0,5306860.0,221400000.0,0.0037825248419150856
2002-02-05,2.19,2.21,2.16,2.18,959285.0,6113914.0,221400000.0,0.004332813911472448
2002-02-06,2.19,2.34,2.19,2.22,3495356.0,23240478.0,221400000.0,0.015787515808491418
2002-02-07,2.22,2.28,2.2,2.25,1812798.0,11844802.0,221400000.0,0.008187886178861788
2002-02-08,2.25,2.27,2.19,2.19,1154162.0,7518487.0,221400000.0,0.005213017163504969
2002-02-25,2.25,2.29,2.21,2.22,1098355.0,7159741.0,221400000.0,0.004960953026196929
2002-02-26,2.22,2.25,2.18,2.23,695759.0,4499851.0,221400000.0,0.003142542908762421
2002-02-27,2.23,2.27,2.21,2.24,996520.0,6518091.0,221400000.0,0.004500993676603433
2002-02-28,2.25,2.29,2.24,2.27,1763236.0,11696441.0,221400000.0,0.007964028906955736
2002-03-01,2.29,2.3,2.22,2.22,1961135.0,12960030.0,221400000.0,0.008857881662149954
2002-03-04,2.21,2.25,2.19,2.25,808313.0,5236962.0,221400000.0,0.0036509168925022584
2002-03-05,2.26,2.3,2.25,2.28,2195709.0,14637226.0,221400000.0,0.00991738482384824
2002-03-06,2.28,2.35,2.28,2.3,3020725.0,20382854.0,221400000.0,0.013643744354110207
2002-03-07,2.29,2.34,2.28,2.33,2565005.0,17340515.0,221400000.0,0.011585388437217705
2002-03-08,2.35,2.46,2.33,2.44,7878718.0,55317372.0,221400000.0,0.035585898825654924
2002-03-11,2.52,2.68,2.52,2.68,19023079.0,146725274.0,221400000.0,0.08592176603432701
2002-03-12,2.67,2.67,2.57,2.58,8434998.0,64704411.0,221400000.0,0.03809845528455284
2002-03-13,2.56,2.6,2.46,2.48,5181120.0,38309598.0,221400000.0,0.02340162601626016
2002-03-14,2.47,2.57,2.46,2.57,3663498.0,26744173.0,221400000.0,0.016546964769647697
2002-03-15,2.57,2.6,2.44,2.45,4244052.0,31041197.0,221400000.0,0.019169159891598914
2002-03-18,2.46,2.52,2.43,2.46,3005313.0,21621996.0,221400000.0,0.013574132791327914
2002-03-19,2.46,2.55,2.46,2.52,2586856.0,18877706.0,221400000.0,0.011684083107497741
2002-03-20,2.57,2.57,2.48,2.51,2486684.0,18274711.0,221400000.0,0.01123163504968383
2002-03-21,2.51,2.51,2.44,2.46,2277633.0,16381861.0,221400000.0,0.010287411924119241
2002-03-22,2.46,2.55,2.46,2.5,3058812.0,22473424.0,221400000.0,0.013815772357723577
2002-03-25,2.48,2.51,2.46,2.48,866774.0,6272268.0,221400000.0,0.0039149683830171636
2002-03-26,2.48,2.49,2.42,2.43,1753674.0,12504430.0,221400000.0,0.007920840108401083
2002-03-27,2.43,2.48,2.42,2.48,1163096.0,8304633.0,221400000.0,0.005253369467028004
2002-03-28,2.48,2.5,2.45,2.46,944715.0,6830024.0,221400000.0,0.0042670054200542006
2002-03-29,2.45,2.45,2.34,2.35,1984884.0,13816117.0,221400000.0,0.008965149051490515
2002-04-01,2.34,2.36,2.29,2.34,1390505.0,9471296.0,221400000.0,0.006280510388437218
2002-04-02,2.34,2.35,2.26,2.28,1298668.0,8683035.0,221400000.0,0.005865709123757904
2002-04-03,2.28,2.31,2.27,2.29,883762.0,5914043.0,221400000.0,0.003991698283649503
2002-04-04,2.29,2.38,2.24,2.38,1210541.0,8210180.0,221400000.0,0.0054676648599819334
2002-04-05,2.39,2.43,2.36,2.39,1746090.0,12223838.0,221400000.0,0.007886585365853658
2002-04-08,2.39,2.39,2.34,2.35,638204.0,4393126.0,221400000.0,0.002882583559168925
2002-04-09,2.35,2.43,2.33,2.41,1556493.0,10873350.0,221400000.0,0.007030230352303523
2002-04-10,2.43,2.48,2.42,2.46,2296349.0,16486354.0,221400000.0,0.010371946702800361
2002-04-11,2.47,2.48,2.4,2.41,1604823.0,11446991.0,221400000.0,0.007248523035230352
2002-04-12,2.41,2.47,2.39,2.43,1311503.0,9325197.0,221400000.0,0.005923681120144535
2002-04-15,2.43,2.44,2.36,2.37,1378590.0,9598143.0,221400000.0,0.00622669376693767
2002-04-16,2.36,2.39,2.34,2.36,676293.0,4670959.0,221400000.0,0.003054620596205962
2002-04-17,2.35,2.41,2.35,2.38,568508.0,3960128.0,221400000.0,0.0025677868112014453
2002-04-18,2.39,2.43,2.35,2.35,794400.0,5495754.0,221400000.0,0.0035880758807588075
2002-04-19,2.35,2.42,2.32,2.41,1712645.0,11879902.0,221400000.0,0.007735523938572719
2002-04-23,2.42,2.55,2.41,2.49,5972954.0,43708693.0,221400000.0,0.02697811201445348
2002-04-24,2.49,2.5,2.43,2.45,1797942.0,12919341.0,221400000.0,0.008120785907859078
2002-04-25,2.45,2.46,2.41,2.46,1341157.0,9563673.0,221400000.0,0.006057619692863596
2002-04-26,2.55,2.67,2.48,2.54,3625771.0,26745088.0,221400000.0,0.01637656278229449
2002-04-29,2.54,2.74,2.5,2.66,12444426.0,96476517.0,221400000.0,0.05620788617886179
2002-04-30,2.66,2.91,2.61,2.78,25530567.0,207922789.0,221400000.0,0.11531421409214092
2002-05-08,2.79,2.8,2.69,2.69,7974266.0,63396849.0,221400000.0,0.036017461607949414
2002-05-09,2.68,2.73,2.63,2.64,6051522.0,47254070.0,221400000.0,0.0273329810298103
2002-05-10,2.65,2.67,2.6,2.62,4175413.0,31916623.0,221400000.0,0.018859137308039748
2002-05-13,2.6,2.67,2.6,2.63,2953587.0,22718663.0,221400000.0,0.013340501355013551
2002-05-14,2.64,2.65,2.54,2.56,3438905.0,25963392.0,221400000.0,0.015532542908762421
2002-05-15,2.53,2.6,2.52,2.55,2469082.0,18457608.0,221400000.0,0.011152131887985547
2002-05-16,2.54,2.56,2.43,2.45,3829503.0,27924895.0,221400000.0,0.017296761517615177
2002-05-17,2.45,2.51,2.43,2.51,2984511.0,21622599.0,221400000.0,0.013480176151761518
2002-05-20,2.51,2.51,2.43,2.47,2362858.0,16889888.0,221400000.0,0.010672348690153568
2002-05-21,2.52,2.61,2.49,2.56,4152019.0,30962390.0,221400000.0,0.01875347335140018
2002-05-22,2.56,2.57,2.5,2.51,1531365.0,11291717.0,221400000.0,0.006916734417344173
2002-05-23,2.51,2.6,2.51,2.57,1797076.0,13473982.0,221400000.0,0.008116874435411021
2002-05-24,2.58,2.63,2.57,2.6,4717731.0,35865614.0,221400000.0,0.021308631436314365
2002-05-27,2.61,2.65,2.58,2.63,1927563.0,14688027.0,221400000.0,0.008706246612466126
2002-05-28,2.63,2.65,2.59,2.6,1752290.0,13417374.0,221400000.0,0.007914588979223126
2002-05-29,2.6,2.61,2.48,2.5,2139316.0,15717024.0,221400000.0,0.009662673893405601
2002-05-30,2.49,2.52,2.44,2.49,1747102.0,12669440.0,221400000.0,0.00789115627822945
2002-05-31,2.5,2.5,2.46,2.46,1268586.0,9182895.0,221400000.0,0.005729837398373984
2002-06-03,2.45,2.45,2.35,2.36,2392096.0,16546198.0,221400000.0,0.010804408310749775
2002-06-04,2.36,2.43,2.36,2.39,1462752.0,10226992.0,221400000.0,0.006606829268292683
2002-06-05,2.42,2.49,2.37,2.38,2377267.0,16882048.0,221400000.0,0.010737429990966576
2002-06-06,2.36,2.58,2.31,2.51,3248362.0,23320995.0,221400000.0,0.014671915085817526
2002-06-07,2.51,2.55,2.45,2.5,2793109.0,20483399.0,221400000.0,0.0126156684733514
2002-06-10,2.48,2.52,2.46,2.49,1168508.0,8506994.0,221400000.0,0.005277813911472448
2002-06-11,2.51,2.58,2.47,2.57,2286008.0,16802167.0,221400000.0,0.010325239385727191
2002-06-12,2.57,2.6,2.54,2.56,2112061.0,15730319.0,221400000.0,0.00953957091237579
2002-06-13,2.55,2.56,2.49,2.5,1226892.0,8985323.0,221400000.0,0.0055415176151761515
2002-06-14,2.47,2.55,2.46,2.47,1543855.0,11150649.0,221400000.0,0.0069731481481481485
2002-06-17,2.47,2.5,2.45,2.5,820366.0,5879968.0,221400000.0,0.003705356820234869
2002-06-18,2.49,2.67,2.49,2.61,4367734.0,32757516.0,221400000.0,0.019727795844625112
2002-06-19,2.59,2.61,2.54,2.54,1637563.0,12161784.0,221400000.0,0.007396400180668473
2002-06-20,2.55,2.62,2.55,2.56,1414208.0,10581339.0,221400000.0,0.006387570009033424
2002-06-21,2.56,2.68,2.56,2.65,5806495.0,44581566.0,221400000.0,0.02622626467931346
2002-06-24,2.91,2.91,2.76,2.91,22661018.0,188526107.0,221400000.0,0.102353288166215
2002-06-25,2.86,3.06,2.81,2.88,21462584.0,183086859.0,221400000.0,0.0969403071364047
2002-06-26,2.86,2.93,2.81,2.87,6334771.0,52934262.0,221400000.0,0.028612335140018066
2002-06-27,2.9,2.98,2.84,2.93,12015083.0,102089920.0,221400000.0,0.05426866757000903
2002-06-28,2.92,2.97,2.86,2.87,9259005.0,78108555.0,221400000.0,0.041820257452574526
2002-07-02,2.86,2.95,2.82,2.9,5160872.0,43253327.0,221400000.0,0.023310171635049684
2002-07-03,2.97,3.05,2.92,2.93,10461409.0,90476823.0,221400000.0,0.04725116982836495
2002-07-04,2.97,3.07,2.94,3.02,18208876.0,159394433.0,221400000.0,0.08224424570912375
2002-07-05,3.01,3.04,2.93,2.99,6533648.0,56488938.0,221400000.0,0.02951060523938573
2002-07-08,3.0,3.04,2.98,3.0,4480891.0,39060658.0,221400000.0,0.020238893405600724
2002-07-09,3.01,3.02,2.93,2.96,4620814.0,39616463.0,221400000.0,0.020870885275519422
2002-07-10,2.96,2.96,2.89,2.9,4798428.0,40503264.0,221400000.0,0.021673116531165312
2002-07-11,2.89,2.91,2.86,2.87,2654624.0,22200582.0,221400000.0,0.011990171635049684
2002-07-12,2.86,2.9,2.84,2.89,2474032.0,20579418.0,221400000.0,0.011174489611562782
2002-07-15,2.91,2.95,2.89,2.95,4188318.0,35474953.0,221400000.0,0.01891742547425474
2002-07-16,2.95,3.06,2.93,2.94,6254005.0,54378341.0,221400000.0,0.028247538392050586
2002-07-17,2.93,2.97,2.89,2.96,2487565.0,21003811.0,221400000.0,0.011235614272809395
2002-07-18,2.96,3.01,2.94,2.96,3431119.0,29685801.0,221400000.0,0.01549737579042457
2002-07-19,2.96,3.0,2.95,2.98,1922707.0,16575446.0,221400000.0,0.008684313459801264
2002-07-22,2.98,2.99,2.89,2.9,2729471.0,23126127.0,221400000.0,0.01232823396567299
2002-07-23,2.89,2.93,2.86,2.87,2496823.0,20887059.0,221400000.0,0.011277429990966576
2002-07-24,2.87,2.9,2.86,2.89,1376184.0,11458142.0,221400000.0,0.006215826558265583
2002-07-25,2.9,2.92,2.86,2.88,959269.0,8037963.0,221400000.0,0.004332741644083107
2002-07-26,2.88,2.91,2.86,2.88,1297857.0,10868440.0,221400000.0,0.005862046070460704
2002-07-29,2.88,2.9,2.83,2.9,1278266.0,10623958.0,221400000.0,0.0057735591689250226
2002-07-30,2.9,2.99,2.86,2.95,3117810.0,26573674.0,221400000.0,0.014082249322493225
2002-07-31,2.93,2.97,2.88,2.89,1914467.0,16231119.0,221400000.0,0.008647095754290877
2002-08-01,2.89,2.91,2.85,2.87,1567342.0,13050854.0,221400000.0,0.007079232158988256
2002-08-02,2.89,2.89,2.86,2.88,858351.0,7146805.0,221400000.0,0.0038769241192411923
2002-08-05,2.89,2.89,2.84,2.84,1994573.0,16497133.0,221400000.0,0.009008911472448058
2002-08-06,2.83,2.89,2.83,2.86,1276995.0,10616827.0,221400000.0,0.0057678184281842815
2002-08-07,2.85,2.86,2.84,2.85,902500.0,7455380.0,221400000.0,0.004076332429990967
2002-08-08,2.86,2.88,2.84,2.84,625982.0,5178936.0,221400000.0,0.002827380307136405
2002-08-09,2.84,2.85,2.78,2.79,1574307.0,12841617.0,221400000.0,0.007110691056910569
2002-08-12,2.78,2.79,2.76,2.76,1045759.0,8409342.0,221400000.0,0.004723392050587172
2002-08-13,2.75,2.81,2.75,2.79,766167.0,6207313.0,221400000.0,0.0034605555555555557
2002-08-14,2.8,2.83,2.78,2.81,806136.0,6540881.0,221400000.0,0.0036410840108401085
2002-08-15,2.81,2.83,2.78,2.79,648021.0,5261234.0,221400000.0,0.0029269241192411925
2002-08-16,2.79,2.83,2.76,2.82,908320.0,7386175.0,221400000.0,0.0041026196928635955
2002-08-19,2.79,2.8,2.77,2.77,1200439.0,9667849.0,221400000.0,0.005422037037037037
2002-08-20,2.77,2.87,2.77,2.84,1807874.0,14828818.0,221400000.0,0.008165645889792232
2002-08-21,2.84,2.84,2.8,2.82,1162916.0,9499459.0,221400000.0,0.0052525564588979225
2002-08-22,2.81,2.85,2.8,2.84,1482239.0,12134109.0,221400000.0,0.006694846431797651
2002-08-23,2.84,2.86,2.83,2.83,651195.0,5353009.0,221400000.0,0.002941260162601626
2002-08-26,2.83,2.85,2.77,2.78,1804086.0,14557446.0,221400000.0,0.008148536585365854
2002-08-27,2.78,2.8,2.77,2.78,1304307.0,10496712.0,221400000.0,0.005891178861788618
2002-08-28,2.78,2.79,2.77,2.79,875092.0,7055530.0,221400000.0,0.0039525383920505875
2002-08-29,2.8,2.8,2.77,2.77,603732.0,4867041.0,221400000.0,0.0027268834688346883
2002-08-30,2.77,2.79,2.71,2.71,2128190.0,16850133.0,221400000.0,0.00961242095754291
2002-09-02,2.71,2.73,2.68,2.69,1666192.0,13018046.0,221400000.0,0.007525709123757904
2002-09-03,2.69,2.72,2.69,2.7,750360.0,5883419.0,221400000.0,0.003389159891598916
2002-09-04,2.7,2.71,2.67,2.68,1231826.0,9594956.0,221400000.0,0.005563803071364047
2002-09-05,2.67,2.72,2.67,2.68,1358315.0,10576825.0,221400000.0,0.006135117434507679
2002-09-06,2.68,2.69,2.6,2.61,1125456.0,8648603.0,221400000.0,0.005083360433604336
2002-09-09,2.6,2.6,2.55,2.56,1171000.0,8721228.0,221400000.0,0.00528906955736224
2002-09-10,2.55,2.6,2.55,2.58,571364.0,4260580.0,221400000.0,0.002580686540198735
2002-09-11,2.58,2.59,2.55,2.58,794679.0,5905179.0,221400000.0,0.0035893360433604336
2002-09-12,2.58,2.62,2.57,2.6,612373.0,4596680.0,221400000.0,0.0027659123757904245
2002-09-13,2.59,2.59,2.55,2.56,658898.0,4898591.0,221400000.0,0.0029760523938572717
2002-09-16,2.55,2.55,2.5,2.52,1167623.0,8511614.0,221400000.0,0.005273816621499549
2002-09-18,2.48,2.51,2.44,2.48,1303899.0,9357317.0,221400000.0,0.0058893360433604335
2002-09-19,2.48,2.57,2.46,2.56,900658.0,6572779.0,221400000.0,0.004068012646793135
2002-09-20,2.55,2.55,2.51,2.51,539850.0,3957638.0,221400000.0,0.0024383468834688346
2002-09-23,2.51,2.53,2.51,2.52,418705.0,3055242.0,221400000.0,0.0018911698283649503
2002-09-24,2.52,2.52,2.48,2.48,506130.0,3672351.0,221400000.0,0.002286043360433604
2002-09-25,2.48,2.53,2.47,2.52,533888.0,3888860.0,221400000.0,0.0024114182475158084
2002-09-26,2.53,2.54,2.52,2.53,681295.0,4996338.0,221400000.0,0.0030772131887985546
2002-09-27,2.54,2.55,2.5,2.53,628721.0,4614873.0,221400000.0,0.002839751580849142
2002-10-08,2.54,2.55,2.49,2.51,256317.0,1860212.0,221400000.0,0.001157710027100271
2002-10-09,2.51,2.51,2.41,2.44,516416.0,3669663.0,221400000.0,0.0023325022583559167
2002-10-10,2.42,2.46,2.42,2.44,414840.0,2936083.0,221400000.0,0.0018737127371273713
2002-10-11,2.45,2.45,2.34,2.34,1914292.0,13170621.0,221400000.0,0.008646305329719963
2002-10-14,2.34,2.36,2.29,2.35,658531.0,4433308.0,221400000.0,0.002974394760614273
2002-10-15,2.35,2.35,2.29,2.3,1300770.0,8704785.0,221400000.0,0.005875203252032521
2002-10-16,2.31,2.36,2.31,2.33,688140.0,4664161.0,221400000.0,0.003108130081300813
2002-10-17,2.33,2.33,2.27,2.28,1186495.0,7860875.0,221400000.0,0.005359056007226739
2002-10-18,2.28,2.29,2.24,2.28,756965.0,4977196.0,221400000.0,0.003418992773261066
2002-10-21,2.29,2.31,2.26,2.3,617866.0,4077322.0,221400000.0,0.0027907226738934057
2002-10-22,2.32,2.35,2.29,2.34,1597955.0,10766791.0,221400000.0,0.007217502258355917
2002-10-23,2.34,2.39,2.32,2.37,1366275.0,9370336.0,221400000.0,0.006171070460704607
2002-10-24,2.37,2.37,2.31,2.32,879582.0,5957190.0,221400000.0,0.003972818428184282
2002-10-25,2.32,2.34,2.28,2.28,499876.0,3343276.0,221400000.0,0.002257795844625113
2002-10-28,2.31,2.31,2.28,2.3,622084.0,4140929.0,221400000.0,0.002809774164408311
2002-10-29,2.29,2.33,2.28,2.32,434349.0,2889729.0,221400000.0,0.0019618292682926828
2002-10-30,2.33,2.35,2.29,2.33,405162.0,2725224.0,221400000.0,0.00183
2002-10-31,2.34,2.36,2.31,2.32,539854.0,3669509.0,221400000.0,0.0024383649503161697
2002-11-01,2.32,2.34,2.3,2.34,414067.0,2787112.0,221400000.0,0.0018702213188798555
2002-11-04,2.38,2.44,2.36,2.43,3619235.0,25339649.0,221400000.0,0.01634704155374887
2002-11-05,2.43,2.54,2.43,2.48,5073636.0,36467578.0,221400000.0,0.022916151761517616
2002-11-06,2.48,2.51,2.46,2.49,1745895.0,12593872.0,221400000.0,0.00788570460704607
2002-11-07,2.49,2.5,2.47,2.49,1058584.0,7628254.0,221400000.0,0.004781318879855465
2002-11-08,2.55,2.56,2.44,2.44,3619911.0,26328687.0,221400000.0,0.01635009485094851
2002-11-11,2.42,2.46,2.36,2.38,1573472.0,11006226.0,221400000.0,0.007106919602529359
2002-11-12,2.38,2.44,2.35,2.36,1733293.0,11983200.0,221400000.0,0.007828785004516711
2002-11-13,2.35,2.38,2.3,2.37,1362813.0,9227731.0,221400000.0,0.006155433604336043
2002-11-14,2.37,2.37,2.3,2.3,902573.0,6099487.0,221400000.0,0.004076662149954833
2002-11-15,2.3,2.35,2.26,2.31,1255729.0,8390228.0,221400000.0,0.00567176603432701
2002-11-18,2.34,2.34,2.27,2.29,449384.0,2986126.0,221400000.0,0.0020297380307136405
2002-11-19,2.3,2.34,2.28,2.33,629426.0,4203850.0,221400000.0,0.0028429358626919604
2002-11-20,2.24,2.24,2.1,2.1,2887200.0,17656401.0,221400000.0,0.013040650406504066
2002-11-21,1.89,1.99,1.89,1.89,11099187.0,61273162.0,221400000.0,0.05013182926829268
2002-11-22,1.89,1.91,1.81,1.86,5525922.0,29850136.0,221400000.0,0.0249589972899729
2002-11-25,1.78,1.95,1.76,1.94,19063666.0,102059930.0,371752349.00000006,0.05128055290378272
2002-11-26,1.91,1.96,1.86,1.87,12023654.0,66579154.0,371752349.00000006,0.03234318231570878
2002-11-27,1.86,2.0,1.84,1.98,15293809.0,86176974.0,371752349.00000006,0.04113977770722842
2002-11-28,1.97,2.04,1.92,2.03,11671021.0,66986580.0,371752349.00000006,0.03139461265381271
2002-11-29,2.02,2.1,1.99,2.04,17780239.0,105375415.0,371752349.00000006,0.047828181981440544
2002-12-02,2.03,2.03,1.94,1.94,7471670.0,43083767.0,371752349.00000006,0.020098514562445977
2002-12-03,1.93,2.03,1.92,2.0,8112861.0,47011365.0,371752349.00000006,0.02182329451803948
2002-12-04,2.01,2.05,1.99,2.0,5211864.0,30457865.0,371752349.00000006,0.014019720424147203
2002-12-05,2.0,2.01,1.96,1.98,3261304.0,18779043.0,371752349.00000006,0.008772786530529762
2002-12-06,2.0,2.0,1.96,1.97,2107832.0,12069634.0,371752349.00000006,0.005669989727489253
2002-12-09,1.97,1.98,1.93,1.94,2853113.0,16161449.0,371752349.00000006,0.007674767913840403
2002-12-10,1.93,1.98,1.92,1.92,2464580.0,13857745.0,371752349.00000006,0.006629628586422192
2002-12-11,1.9,1.94,1.9,1.91,3237924.0,17981907.0,371752349.00000006,0.008709895199613115
2002-12-12,1.93,1.96,1.91,1.92,1921813.0,10783554.0,371752349.00000006,0.005169605532203375
2002-12-13,1.89,1.97,1.88,1.94,4085495.0,22802056.0,371752349.00000006,0.010989829683631668
2002-12-16,1.94,2.02,1.94,2.0,5955758.0,34454540.0,371752349.00000006,0.016020767632056034
2002-12-17,2.01,2.02,1.99,2.0,2696526.0,15657882.0,371752349.00000006,0.007253554704505713
2002-12-18,2.0,2.01,1.97,1.98,2830333.0,16298372.0,371752349.00000006,0.0076134905606205045
2002-12-19,1.97,2.0,1.97,1.99,1432935.0,8215631.0,371752349.00000006,0.003854541884818056
2002-12-20,2.0,2.04,1.97,2.01,3928137.0,22923004.0,371752349.00000006,0.010566542512956655
2002-12-23,2.03,2.05,2.0,2.01,3847767.0,22667141.0,371752349.00000006,0.010350350200477145
2002-12-24,2.01,2.01,1.98,1.99,1949271.0,11272022.0,371752349.00000006,0.005243466531532259
2002-12-25,2.0,2.01,1.95,1.96,2758928.0,15800827.0,371752349.00000006,0.00742141376489325
2002-12-26,1.95,1.95,1.88,1.88,4827166.0,26740156.0,371752349.00000006,0.012984897104174047
2002-12-27,1.88,1.9,1.86,1.87,3088564.0,16798047.0,371752349.00000006,0.008308122351635765
2002-12-31,1.82,1.85,1.79,1.8,3598114.0,18966207.0,371752349.00000006,0.009678792910599738
2003-01-02,1.8,1.82,1.78,1.79,2458544.0,12794262.0,371752349.00000006,0.006613391970792899
2003-01-03,1.79,1.82,1.79,1.8,1626156.0,8515145.0,371752349.00000006,0.0043742991923905765
2003-01-06,1.79,1.87,1.79,1.85,2059591.0,10970019.0,371752349.00000006,0.005540223230707816
2003-01-07,1.86,1.86,1.81,1.82,1370785.0,7310816.0,371752349.00000006,0.003687360695063153
2003-01-08,1.83,1.91,1.81,1.89,3451197.0,18647008.0,371752349.00000006,0.009283591641810984
2003-01-09,1.89,1.95,1.87,1.93,6709160.0,37225504.0,371752349.00000006,0.018047391006532684
2003-01-10,1.91,1.97,1.89,1.9,5642613.0,31555925.0,371752349.00000006,0.015178419222308665
2003-01-13,1.9,1.93,1.9,1.93,2724379.0,15095474.0,371752349.00000006,0.007328478239151623
2003-01-14,1.93,2.12,1.91,2.1,28891774.0,174025839.0,371752349.00000006,0.07771779809251453
2003-01-15,2.1,2.12,2.02,2.05,13047631.0,77955300.0,371752349.00000006,0.035097642382348464
2003-01-16,2.05,2.12,2.03,2.1,9301946.0,56175267.0,371752349.00000006,0.025021888967270516
2003-01-17,2.11,2.19,2.1,2.12,11456099.0,70944005.0,371752349.00000006,0.03081648046291161
2003-01-20,2.12,2.12,2.07,2.12,4523452.0,27589550.0,371752349.00000006,0.012167917733856738
2003-01-21,2.14,2.14,2.05,2.06,4503796.0,27281625.0,371752349.00000006,0.012115043824511245
2003-01-22,2.04,2.06,2.02,2.04,3597456.0,21284313.0,371752349.00000006,0.00967702291505897
2003-01-23,2.05,2.06,2.02,2.02,2362200.0,13957084.0,371752349.00000006,0.006354230192100278
2003-01-24,2.05,2.11,2.0,2.08,2278026.0,13593583.0,371752349.00000006,0.00612780526102338
2003-01-27,2.1,2.18,2.08,2.15,9843540.0,61466585.0,371752349.00000006,0.02647875669509219
2003-01-28,2.15,2.15,2.11,2.13,2468717.0,15241185.0,371752349.00000006,0.006640756962641276
2003-01-29,2.14,2.18,2.12,2.17,5821482.0,36526316.0,371752349.00000006,0.015659570183374952
2003-02-10,2.16,2.16,2.09,2.12,2496476.0,15312509.0,371752349.00000006,0.006715427640781362
2003-02-11,2.11,2.12,2.09,2.12,1733283.0,10590543.0,371752349.00000006,0.004662466840256603
2003-02-12,2.12,2.15,2.1,2.12,2365300.0,14564904.0,371752349.00000006,0.0063625690768668135
2003-02-13,2.14,2.19,2.11,2.18,6168940.0,38601806.0,371752349.00000006,0.016594219287636564
2003-02-14,2.18,2.19,2.15,2.16,2672609.0,16754925.0,371752349.00000006,0.007189218863550475
2003-02-17,2.15,2.18,2.1,2.12,3217198.0,19880779.0,371752349.00000006,0.008654143030041753
2003-02-18,2.12,2.18,2.12,2.15,3840441.0,24012715.0,371752349.00000006,0.010330643532799841
2003-02-19,2.15,2.24,2.12,2.23,7976941.0,50695264.0,371752349.00000006,0.021457674770469302
2003-02-20,2.22,2.22,2.18,2.18,3290922.0,21009571.0,371752349.00000006,0.008852457849566942
2003-02-21,2.19,2.19,2.13,2.14,4539253.0,28260395.0,371752349.00000006,0.01221042183650062
2003-02-24,2.14,2.16,2.13,2.14,2006987.0,12446553.0,371752349.00000006,0.005398720426108188
2003-02-25,2.14,2.19,2.13,2.17,2476951.0,15536363.0,371752349.00000006,0.006662906116566327
2003-02-26,2.17,2.18,2.15,2.17,1573112.0,9850532.0,371752349.00000006,0.004231612804146665
2003-02-27,2.17,2.19,2.15,2.16,1472992.0,9244466.0,371752349.00000006,0.003962293725815838
2003-02-28,2.16,2.16,2.12,2.13,3006109.0,18547594.0,371752349.00000006,0.008086321466660051
2003-03-03,2.15,2.16,2.12,2.16,3256757.0,20205461.0,371752349.00000006,0.008760555269551233
2003-03-04,2.16,2.17,2.15,2.16,2537868.0,15864433.0,371752349.00000006,0.006826770582154411
2003-03-05,2.17,2.17,2.14,2.17,1828682.0,11450269.0,371752349.00000006,0.004919086604076844
2003-03-06,2.16,2.17,2.11,2.11,2267792.0,14024871.0,371752349.00000006,0.0061002761814425
2003-03-07,2.11,2.12,2.09,2.11,2915421.0,17801847.0,371752349.00000006,0.007842374117722118
2003-03-10,2.1,2.11,2.07,2.07,2632882.0,15889735.0,371752349.00000006,0.007082354710285905
2003-03-11,2.07,2.09,2.06,2.08,2207821.0,13258656.0,371752349.00000006,0.005938956420689623
2003-03-12,2.08,2.08,2.04,2.06,2111273.0,12580187.0,371752349.00000006,0.005679245889580108
2003-03-13,2.07,2.08,2.05,2.05,1083700.0,6480233.0,371752349.00000006,0.00291511271661124
2003-03-14,2.05,2.06,2.03,2.05,1163719.0,6890632.0,371752349.00000006,0.0031303608521381526
2003-03-17,2.04,2.06,2.02,2.04,1470542.0,8672253.0,371752349.00000006,0.003955703316887447
2003-03-18,2.04,2.08,2.04,2.04,1173548.0,6990422.0,371752349.00000006,0.0031568004967737267
2003-03-19,2.05,2.06,2.02,2.04,1292344.0,7630756.0,371752349.00000006,0.00347635732087869
2003-03-20,2.04,2.11,2.04,2.1,3273693.0,19689940.0,371752349.00000006,0.0088061124800048
2003-03-21,2.1,2.11,2.08,2.1,1309154.0,7956825.0,371752349.00000006,0.0035215755960159374
2003-03-24,2.1,2.1,2.08,2.1,1320220.0,7992694.0,371752349.00000006,0.0035513427246696423
2003-03-25,2.1,2.1,2.05,2.06,1396909.0,8357806.0,371752349.00000006,0.0037576332839795983
2003-03-26,2.06,2.06,2.02,2.02,1251139.0,7379564.0,371752349.00000006,0.0033655174025544617
2003-03-27,2.0,2.14,1.98,2.1,6994621.0,42489093.0,371752349.00000006,0.018815270485352063
2003-03-28,2.1,2.17,2.09,2.11,6927836.0,42689746.0,371752349.00000006,0.01863562131788977
2003-03-31,2.11,2.2,2.09,2.18,8320266.0,51893588.0,371752349.00000006,0.02238120625836314
2003-04-01,2.18,2.19,2.14,2.16,6322423.0,39595227.0,371752349.00000006,0.017007082852353406
2003-04-02,2.16,2.16,2.13,2.16,3099339.0,19281252.0,371752349.00000006,0.008337106701106546
2003-04-03,2.16,2.17,2.12,2.13,3318238.0,20506861.0,371752349.00000006,0.008925936874174263
2003-04-04,2.13,2.18,2.12,2.18,6779119.0,42543251.0,371752349.00000006,0.018235578116010773
2003-04-07,2.18,2.21,2.14,2.15,5777865.0,36503924.0,371752349.00000006,0.015542242074709793
2003-04-08,2.15,2.17,2.14,2.15,4976526.0,31021914.0,371752349.00000006,0.013386669952151396
2003-04-09,2.15,2.33,2.14,2.28,29963218.0,194842507.0,371752349.00000006,0.08059994262470685
2003-04-10,2.28,2.34,2.25,2.29,18675381.0,124194657.0,371752349.00000006,0.05023608068714583
2003-04-11,2.29,2.37,2.26,2.33,16975649.0,114689443.0,371752349.00000006,0.0456638647897286
2003-04-14,2.36,2.39,2.31,2.35,15622206.0,106317596.0,371752349.00000006,0.04202315343002714
2003-04-15,2.36,2.37,2.28,2.32,11873387.0,79552739.0,371752349.00000006,0.03193896967144651
2003-04-16,2.32,2.54,2.29,2.38,30160669.0,211406144.0,371752349.00000006,0.08113107847504145
2003-04-17,2.39,2.48,2.36,2.41,13314819.0,93188655.0,371752349.00000006,0.03581636817041336
2003-04-18,2.43,2.44,2.33,2.34,8977366.0,61506891.0,371752349.00000006,0.02414878083258594
2003-04-21,2.33,2.33,2.16,2.19,13810224.0,88245882.0,371752349.00000006,0.03714898920517647
2003-04-22,2.17,2.2,2.12,2.15,5629865.0,35068844.0,371752349.00000006,0.015144127576178407
2003-04-23,2.14,2.15,2.01,2.07,12141087.0,72860381.0,371752349.00000006,0.03265907272047929
2003-04-24,2.05,2.05,1.95,1.96,8648194.0,50043565.0,371752349.00000006,0.023263320388595576
2003-04-25,1.96,2.03,1.95,1.99,5843765.0,33659713.0,371752349.00000006,0.015719510625069377
2003-04-28,1.98,2.03,1.88,2.0,8184952.0,46355701.0,371752349.00000006,0.02201721662826668
2003-04-29,2.0,2.0,1.93,1.95,5345917.0,30404476.0,371752349.00000006,0.014380318011117662
2003-04-30,1.97,2.07,1.95,2.04,12014046.0,70533954.0,371752349.00000006,0.03231733715285817
2003-05-12,2.07,2.08,1.94,1.98,7488326.0,42924635.0,371752349.00000006,0.020143318583307725
2003-05-13,1.97,1.98,1.88,1.9,7852465.0,43441079.0,371752349.00000006,0.02112283895750178
2003-05-14,1.9,1.96,1.89,1.95,3859807.0,21632837.0,371752349.00000006,0.010382737352925239
2003-05-15,1.94,2.05,1.91,2.01,7331529.0,41846835.0,371752349.00000006,0.01972154048177917
2003-05-16,2.04,2.04,1.97,2.01,5431779.0,31516743.0,371752349.00000006,0.01461128359944808
2003-05-19,2.01,2.09,2.0,2.03,7337789.0,43625829.0,371752349.00000006,0.019738379649081917
2003-05-20,2.03,2.03,1.98,2.01,3325740.0,19323831.0,371752349.00000006,0.008946116975309278
2003-05-21,2.01,2.03,1.99,2.0,2347441.0,13648905.0,371752349.00000006,0.006314529030723084
2003-05-22,1.99,2.01,1.95,1.98,2232560.0,12798890.0,371752349.00000006,0.006005503411089407
2003-05-23,1.99,2.08,1.97,2.02,6338824.0,37349980.0,371752349.00000006,0.017051200932694036
2003-05-26,2.03,2.11,2.03,2.09,9448919.0,57020711.0,371752349.00000006,0.025417240873977634
2003-05-27,2.1,2.12,2.07,2.09,5012432.0,30330871.0,371752349.00000006,0.013483255757450505
2003-05-28,2.1,2.11,2.05,2.05,4879260.0,29326525.0,371752349.00000006,0.013125028027731437
2003-05-29,2.04,2.09,2.04,2.09,3279923.0,19576069.0,371752349.00000006,0.008822870948422708
2003-05-30,2.09,2.14,2.07,2.12,7616224.0,46763309.0,371752349.00000006,0.02048735944907237
2003-06-02,2.15,2.21,2.13,2.16,13055910.0,82198328.0,371752349.00000006,0.035119912584600774
2003-06-03,2.16,2.16,2.1,2.1,4163918.0,25593188.0,371752349.00000006,0.011200784638485228
2003-06-04,2.1,2.12,2.08,2.11,3003456.0,18256198.0,371752349.00000006,0.008079184995277594
2003-06-05,2.1,2.11,2.09,2.09,1979928.0,12046765.0,371752349.00000006,0.005325932721947642
2003-06-06,2.07,2.09,2.03,2.03,3665702.0,21873744.0,371752349.00000006,0.009860602118212842
2003-06-09,2.02,2.05,2.01,2.01,2181640.0,12797336.0,371752349.00000006,0.005868530503891987
2003-06-10,2.01,2.04,2.01,2.03,1237662.0,7272589.0,371752349.00000006,0.0033292647735226545
2003-06-11,2.03,2.1,2.03,2.1,3186172.0,19228429.0,371752349.00000006,0.00857068424334287
2003-06-12,2.1,2.14,2.1,2.11,6415625.0,39376421.0,371752349.00000006,0.01725779276784072
2003-06-16,2.12,2.16,2.1,2.11,2705750.0,16674165.0,371752349.00000006,0.007278366921630398
2003-06-17,2.12,2.13,2.08,2.09,1805848.0,10967345.0,371752349.00000006,0.004857663992864238
2003-06-18,2.09,2.11,2.07,2.08,1692211.0,10237131.0,371752349.00000006,0.004551984686988487
2003-06-19,2.08,2.08,2.04,2.05,1767243.0,10530256.0,371752349.00000006,0.0047538179778925885
2003-06-20,2.05,2.06,2.03,2.04,1020694.0,6038164.0,371752349.00000006,0.002745628918675642
2003-06-23,2.04,2.04,2.0,2.01,1306414.0,7638208.0,371752349.00000006,0.003514205097867451
2003-06-24,2.01,2.03,2.0,2.02,1255767.0,7327739.0,371752349.00000006,0.0033779665505220516
2003-06-25,2.03,2.04,2.0,2.0,1320395.0,7720896.0,371752349.00000006,0.0035518134681645276
2003-06-26,2.0,2.01,1.94,1.99,2215940.0,12698758.0,371752349.00000006,0.005960796228889463
2003-06-27,2.0,2.0,1.95,1.95,1120828.0,6398612.0,371752349.00000006,0.00301498565648606
2003-06-30,1.95,1.96,1.93,1.94,1111124.0,6241975.0,371752349.00000006,0.0029888822572039747
2003-07-01,1.94,1.98,1.94,1.94,917172.0,5188485.0,371752349.00000006,0.0024671585868042485
2003-07-02,1.93,1.97,1.93,1.96,952491.0,5359725.0,371752349.00000006,0.0025621653839233705
2003-07-03,1.96,1.97,1.94,1.96,692477.0,3925377.0,371752349.00000006,0.0018627373891859386
2003-07-04,1.97,2.02,1.96,1.99,3858689.0,22292190.0,371752349.00000006,0.01037972997448363
2003-07-07,1.99,1.99,1.94,1.96,1215426.0,6873635.0,371752349.00000006,0.0032694507600811414
2003-07-08,1.96,1.97,1.94,1.96,1251352.0,7078968.0,371752349.00000006,0.0033660903646368077
2003-07-09,1.97,1.97,1.94,1.94,602500.0,3409636.0,371752349.00000006,0.001620702603818651
2003-07-10,1.94,2.02,1.94,1.98,2550996.0,14690403.0,371752349.00000006,0.0068620844141592755
2003-07-11,1.98,2.01,1.97,1.98,1296904.0,7475812.0,371752349.00000006,0.0034886235513739814
2003-07-14,1.98,2.01,1.97,1.98,1932521.0,11182631.0,371752349.00000006,0.005198409654164686
2003-07-15,1.98,2.01,1.98,2.0,957249.0,5532110.0,371752349.00000006,0.0025749642270585893
2003-07-16,2.0,2.0,1.96,1.97,1075749.0,6156897.0,371752349.00000006,0.0028937248221664897
2003-07-17,1.98,2.0,1.95,1.98,1673954.0,9618951.0,371752349.00000006,0.004502874035639247
2003-07-18,1.98,1.98,1.93,1.94,1932212.0,10928184.0,371752349.00000006,0.00519757845565086
2003-07-21,1.94,1.94,1.9,1.92,1628798.0,9013361.0,371752349.00000006,0.004381406074181927
2003-07-22,1.93,1.95,1.9,1.92,1170690.0,6498528.0,371752349.00000006,0.003149112583011546
2003-07-23,1.92,1.94,1.91,1.94,888253.0,4977947.0,371752349.00000006,0.0023893675517837813
2003-07-24,1.94,1.99,1.93,1.98,3991999.0,22870869.0,371752349.00000006,0.010738328919072948
2003-07-25,1.98,1.99,1.92,1.94,2234609.0,12639551.0,371752349.00000006,0.0060110151449238045
2003-07-28,1.94,1.95,1.9,1.91,1542853.0,8575224.0,371752349.00000006,0.004150217218936792
2003-07-29,1.91,1.94,1.9,1.92,545726.0,3035533.0,371752349.00000006,0.0014679826542266178
2003-07-30,1.88,1.96,1.88,1.94,2495294.0,13820280.0,371752349.00000006,0.006712248104718767
2003-07-31,1.95,1.95,1.91,1.91,1132874.0,6316210.0,371752349.00000006,0.003047388948711121
2003-08-01,1.91,1.91,1.86,1.87,2322909.0,12581190.0,371752349.00000006,0.006248538862628679
2003-08-04,1.87,1.87,1.82,1.85,2469842.0,13129804.0,371752349.00000006,0.00664378317082268
2003-08-05,1.85,1.87,1.85,1.87,1256474.0,6767649.0,371752349.00000006,0.0033798683542413874
2003-08-06,1.87,1.89,1.85,1.86,704434.0,3791323.0,371752349.00000006,0.0018949012747193155
2003-08-07,1.86,1.89,1.85,1.86,1275018.0,6889365.0,371752349.00000006,0.0034297510249222387
2003-08-08,1.89,1.89,1.83,1.83,1206385.0,6425644.0,371752349.00000006,0.003245130806153964
2003-08-11,1.82,1.85,1.82,1.83,559876.0,2958043.0,371752349.00000006,0.0015060456282416119
2003-08-12,1.85,1.89,1.85,1.88,2140135.0,11637054.0,371752349.00000006,0.005756883596719384
2003-08-13,1.87,1.88,1.85,1.86,661805.0,3558652.0,371752349.00000006,0.0017802308493281367
2003-08-14,1.86,1.88,1.83,1.83,915951.0,4901074.0,371752349.00000006,0.0024638741421913646
2003-08-15,1.83,1.85,1.82,1.84,816885.0,4333064.0,371752349.00000006,0.0021973902846811597
2003-08-18,1.84,1.87,1.84,1.84,408919.0,2180257.0,371752349.00000006,0.0010999769096280813
2003-08-19,1.85,1.86,1.83,1.84,382897.0,2043356.0,371752349.00000006,0.001029978696920083
2003-08-20,1.84,1.85,1.82,1.83,730418.0,3861027.0,371752349.00000006,0.001964797268839853
2003-08-21,1.83,1.86,1.82,1.83,453087.0,2404093.0,371752349.00000006,0.001218787187811421
2003-08-22,1.85,1.85,1.78,1.79,2158224.0,11229764.0,371752349.00000006,0.005805542334313535
2003-08-25,1.79,1.79,1.74,1.75,1902330.0,9663002.0,371752349.00000006,0.005117196986427111
2003-08-26,1.74,1.76,1.74,1.75,943583.0,4759587.0,371752349.00000006,0.0025382031950523056
2003-08-27,1.75,1.76,1.73,1.73,1317402.0,6606667.0,371752349.00000006,0.0035437624094205784
2003-08-28,1.73,1.75,1.73,1.73,827728.0,4153107.0,371752349.00000006,0.00222655755162424
2003-08-29,1.73,1.74,1.72,1.73,1083361.0,5415867.0,371752349.00000006,0.002914200819212577
2003-09-01,1.66,1.73,1.64,1.73,3820255.0,18705905.0,371752349.00000006,0.010276343943155554
2003-09-02,1.72,1.72,1.68,1.71,2830710.0,13935849.0,371752349.00000006,0.007614504676606629
2003-09-03,1.73,1.78,1.73,1.77,4624674.0,23546779.0,371752349.00000006,0.012440201151223927
2003-09-04,1.75,1.78,1.75,1.76,1373886.0,6989899.0,371752349.00000006,0.0036957022697925164
2003-09-05,1.75,1.75,1.72,1.74,1557441.0,7793047.0,371752349.00000006,0.004189458396670413
2003-09-08,1.73,1.75,1.71,1.73,929375.0,4638306.0,371752349.00000006,0.0024999842031932927
2003-09-09,1.73,1.75,1.72,1.73,918211.0,4614696.0,371752349.00000006,0.002469953458182452
2003-09-10,1.71,1.71,1.68,1.7,1244783.0,6091609.0,371752349.00000006,0.0033484199988202358
2003-09-11,1.7,1.71,1.68,1.68,896688.0,4384972.0,371752349.00000006,0.0024120573882372423
2003-09-12,1.68,1.68,1.65,1.65,1244132.0,5982865.0,371752349.00000006,0.003346668833019263
2003-09-15,1.65,1.67,1.62,1.63,941304.0,4471949.0,371752349.00000006,0.002532072769767488
2003-09-16,1.63,1.63,1.58,1.62,1357812.0,6257579.0,371752349.00000006,0.0036524638072966144
2003-09-17,1.61,1.62,1.57,1.59,1237336.0,5677859.0,371752349.00000006,0.0033283878456407544
2003-09-18,1.57,1.59,1.55,1.58,1230514.0,5577629.0,371752349.00000006,0.0033100369192287198
2003-09-19,1.59,1.59,1.55,1.56,1075291.0,4835133.0,371752349.00000006,0.0028924928191913046
2003-09-22,1.56,1.59,1.56,1.58,989489.0,4500100.0,371752349.00000006,0.0026616886286305614
2003-09-23,1.58,1.6,1.57,1.6,757302.0,3454541.0,371752349.00000006,0.002037114229505514
2003-09-24,1.6,1.6,1.59,1.6,627861.0,2887942.0,371752349.00000006,0.0016889227510973976
2003-09-25,1.6,1.6,1.57,1.57,573438.0,2612224.0,371752349.00000006,0.0015425269041137919
2003-09-26,1.57,1.58,1.56,1.56,444167.0,2010942.0,371752349.00000006,0.0011947927193864212
2003-09-29,1.57,1.57,1.55,1.57,814010.0,3677057.0,371752349.00000006,0.0021896566415509047
2003-09-30,1.59,1.61,1.58,1.6,1742898.0,8012147.0,371752349.00000006,0.004688330832847003
2003-10-08,1.6,1.6,1.58,1.59,630020.0,2884601.0,371752349.00000006,0.0016947303808428657
2003-10-09,1.59,1.59,1.58,1.58,410086.0,1875243.0,371752349.00000006,0.0011031160962482578
2003-10-10,1.58,1.65,1.55,1.65,2520327.0,11802885.0,371752349.00000006,0.006779585944189957
2003-10-13,1.67,1.68,1.64,1.64,2584388.0,12364112.0,371752349.00000006,0.006951907652909006
2003-10-14,1.64,1.66,1.63,1.63,1089370.0,5157154.0,371752349.00000006,0.002930364805845517
2003-10-15,1.64,1.66,1.62,1.63,1049809.0,4996055.0,371752349.00000006,0.0028239471864103804
2003-10-16,1.63,1.63,1.59,1.59,846255.0,3921680.0,371752349.00000006,0.002276394492937017
2003-10-17,1.59,1.6,1.57,1.58,755831.0,3449705.0,371752349.00000006,0.0020331572941856514
2003-10-20,1.58,1.58,1.56,1.56,551588.0,2489741.0,371752349.00000006,0.0014837512163238542
2003-10-21,1.56,1.58,1.55,1.58,845475.0,3813189.0,371752349.00000006,0.0022742963219312433
2003-10-22,1.58,1.61,1.56,1.6,1917621.0,8809200.0,371752349.00000006,0.005158329208028756
2003-10-23,1.6,1.61,1.56,1.57,1063632.0,4882427.0,371752349.00000006,0.0028611305425806466
2003-10-24,1.57,1.57,1.51,1.52,2590812.0,11488732.0,371752349.00000006,0.00696918797411553
2003-10-27,1.52,1.52,1.45,1.45,2589888.0,10989449.0,371752349.00000006,0.006966702448462537
2003-10-28,1.45,1.52,1.45,1.52,2801600.0,12064045.0,371752349.00000006,0.00753619985868603
2003-10-29,1.52,1.52,1.45,1.47,1684522.0,7222740.0,371752349.00000006,0.00453130156280465
2003-10-30,1.39,1.44,1.39,1.43,1468982.0,6048679.0,371752349.00000006,0.0039515069748759
2003-10-31,1.45,1.47,1.42,1.44,1116101.0,4653128.0,371752349.00000006,0.0030022702021985067
2003-11-03,1.44,1.46,1.42,1.45,1660443.0,6914123.0,371752349.00000006,0.0044665299478712905
2003-11-04,1.46,1.51,1.46,1.51,3481300.0,14988129.0,371752349.00000006,0.0093645675928197
2003-11-05,1.53,1.63,1.53,1.59,10348695.0,47226706.0,371752349.00000006,0.02783760486742748
2003-11-06,1.59,1.59,1.51,1.52,4143790.0,18441901.0,371752349.00000006,0.01114664106668496
2003-11-07,1.5,1.54,1.49,1.53,1921283.0,8390095.0,371752349.00000006,0.00516817985190458
2003-11-10,1.52,1.55,1.51,1.55,1095899.0,4866396.0,371752349.00000006,0.0029479275731489722
2003-11-11,1.55,1.57,1.53,1.54,1051272.0,4704841.0,371752349.00000006,0.00282788260202762
2003-11-12,1.56,1.56,1.52,1.53,973179.0,4312532.0,371752349.00000006,0.0026178153349072715
2003-11-13,1.51,1.53,1.5,1.52,983582.0,4309183.0,371752349.00000006,0.002645799018206069
2003-11-14,1.52,1.52,1.46,1.49,1863967.0,8000106.0,371752349.00000006,0.0050140019424598165
2003-11-17,1.49,1.5,1.47,1.5,583058.0,2508491.0,371752349.00000006,0.001568404346518332
2003-11-18,1.5,1.5,1.44,1.46,1335708.0,5664884.0,371752349.00000006,0.0035930048689483862
2003-11-19,1.45,1.5,1.45,1.5,1292699.0,5521987.0,371752349.00000006,0.0034773122576826
2003-11-20,1.49,1.56,1.49,1.54,2092138.0,9236616.0,371752349.00000006,0.005627773450867958
2003-11-21,1.55,1.57,1.51,1.52,2779926.0,12355065.0,371752349.00000006,0.007477897604353805
2003-11-24,1.52,1.59,1.52,1.58,4092164.0,18551938.0,371752349.00000006,0.01100776904573103
2003-11-25,1.58,1.64,1.56,1.61,5517386.0,25450166.0,371752349.00000006,0.014841563247257382
2003-11-26,1.61,1.62,1.58,1.6,2760193.0,12724275.0,371752349.00000006,0.007424816567870563
2003-11-27,1.6,1.68,1.59,1.6,7568102.0,35827237.0,371752349.00000006,0.020357913057867452
2003-11-28,1.6,1.61,1.56,1.6,3253061.0,14863120.0,371752349.00000006,0.008750613166939262
2003-12-01,1.6,1.63,1.59,1.62,2429624.0,11374236.0,371752349.00000006,0.006535598245809604
2003-12-02,1.63,1.67,1.62,1.63,3700982.0,17609189.0,371752349.00000006,0.009955504006781675
2003-12-03,1.63,1.68,1.62,1.64,3283130.0,15702312.0,371752349.00000006,0.00883149765921183
2003-12-04,1.63,1.65,1.6,1.64,3075205.0,14394241.0,371752349.00000006,0.008272187138217651
2003-12-05,1.64,1.7,1.64,1.69,5295058.0,25606333.0,371752349.00000006,0.014243509191652745
2003-12-08,1.67,1.69,1.66,1.67,2733321.0,13237941.0,371752349.00000006,0.007352531886758837
2003-12-09,1.66,1.7,1.64,1.7,2531163.0,12251981.0,371752349.00000006,0.006808734381393242
2003-12-10,1.68,1.71,1.68,1.71,2209487.0,10858422.0,371752349.00000006,0.00594343789876093
2003-12-11,1.71,1.72,1.68,1.69,2149579.0,10505304.0,371752349.00000006,0.005782287605666211
2003-12-12,1.7,1.71,1.66,1.68,2487078.0,12058064.0,371752349.00000006,0.006690147370124619
2003-12-15,1.67,1.69,1.64,1.66,1865890.0,8963312.0,371752349.00000006,0.005019174740977897
2003-12-16,1.65,1.69,1.64,1.67,1931175.0,9233814.0,371752349.00000006,0.005194788964198313
2003-12-17,1.67,1.67,1.62,1.62,2364520.0,11197217.0,371752349.00000006,0.006360470905861041
2003-12-18,1.61,1.63,1.59,1.62,2861461.0,13266880.0,371752349.00000006,0.007697223723527836
2003-12-19,1.62,1.65,1.54,1.59,2887930.0,13248945.0,371752349.00000006,0.007768424349619912
2003-12-22,1.58,1.64,1.55,1.64,3785709.0,17420770.0,371752349.00000006,0.01018341648730241
2003-12-23,1.63,1.76,1.63,1.74,7994385.0,39231620.0,371752349.00000006,0.021504598482039446
2003-12-24,1.75,1.8,1.74,1.79,13224266.0,67554888.0,371752349.00000006,0.03557278396645719
2003-12-25,1.79,1.8,1.75,1.76,3828095.0,19549567.0,371752349.00000006,0.010297433251726405
2003-12-26,1.76,1.76,1.72,1.73,2916776.0,14613267.0,371752349.00000006,0.007846019017353942
2003-12-29,1.7,1.78,1.67,1.74,7901777.0,39475665.0,371752349.00000006,0.021255486404471915
2003-12-31,1.75,1.78,1.74,1.76,11277133.0,57534180.0,371752349.00000006,0.030335068575451013
2004-01-02,1.76,1.77,1.72,1.73,2427741.0,12232237.0,371752349.00000006,0.00653053304580464
2004-01-05,1.73,1.79,1.7,1.79,4633626.0,23585187.0,371752349.00000006,0.012464281698459421
2004-01-06,1.79,1.87,1.77,1.86,9038380.0,47717156.0,371752349.00000006,0.02431290622456833
2004-01-07,1.86,1.88,1.83,1.85,5528577.0,29628367.0,371752349.00000006,0.014871666621264575
2004-01-08,1.83,1.86,1.83,1.85,4456014.0,23763546.0,371752349.00000006,0.011986512020667821
2004-01-09,1.85,1.95,1.79,1.8,10169284.0,54943672.0,371752349.00000006,0.02735499594650846
2004-01-12,1.79,1.81,1.74,1.8,4396660.0,22520577.0,371752349.00000006,0.011826851966979768
2004-01-13,1.8,1.85,1.78,1.81,3386195.0,17638954.0,371752349.00000006,0.009108738678070867
2004-01-14,1.81,1.87,1.79,1.87,5186598.0,27625063.0,371752349.00000006,0.013951755823337108
2004-01-15,1.87,1.91,1.84,1.87,5670087.0,30687917.0,371752349.00000006,0.015252323261042795
2004-01-16,1.87,1.95,1.86,1.9,7671975.0,42531184.0,371752349.00000006,0.020637327566691444
2004-01-29,1.9,2.01,1.89,2.01,9706988.0,54886223.0,371752349.00000006,0.02611143689101477
2004-01-30,2.04,2.04,1.92,1.94,10523831.0,60337998.0,371957765.0,0.028293080532947067
2004-02-02,1.96,2.09,1.96,1.99,8749655.0,50526261.0,371957765.0,0.02352324866776205
2004-02-03,1.99,1.99,1.91,1.96,5645736.0,31585748.0,371957765.0,0.015178432959989422
2004-02-04,1.96,2.03,1.94,2.02,9063634.0,52081179.0,371957765.0,0.024367374075387294
2004-02-05,2.04,2.04,1.97,2.0,4153814.0,23862228.0,371957765.0,0.011167434560749121
2004-02-06,1.99,1.99,1.93,1.96,7954069.0,44762113.0,371957765.0,0.02138433378316487
2004-02-09,2.01,2.03,1.96,1.98,4193806.0,23926296.0,371957765.0,0.011274952144096252
2004-02-10,1.96,2.01,1.94,2.01,7193987.0,40849110.0,371957765.0,0.01934087059588607
2004-02-11,2.01,2.01,1.98,2.0,4214663.0,24250592.0,371957765.0,0.011331025714707153
2004-02-12,2.0,2.1,1.99,2.03,11903052.0,70560330.0,371957765.0,0.03200108485435168
2004-02-13,2.04,2.11,2.03,2.06,11815772.0,70721521.0,371957765.0,0.03176643455742885
2004-02-16,2.1,2.15,2.06,2.13,14220517.0,86393592.0,371957765.0,0.03823153685204018
2004-02-17,2.14,2.14,2.1,2.12,9192475.0,56251789.0,371957765.0,0.024713760176508212
2004-02-18,2.11,2.13,2.09,2.12,5486542.0,33416196.0,371957765.0,0.01475044350801495
2004-02-19,2.12,2.16,2.11,2.12,8339467.0,51575427.0,371957765.0,0.022420467549588593
2004-02-20,2.16,2.17,2.13,2.14,8585253.0,53356727.0,371957765.0,0.023081257626117846
2004-02-23,2.14,2.15,2.08,2.08,6350965.0,38727771.0,371957765.0,0.017074425103075882
2004-02-24,2.08,2.1,2.04,2.1,6773324.0,40540872.0,371957765.0,0.01820992767821368
2004-02-25,2.11,2.17,2.04,2.04,5985602.0,36551181.0,371957765.0,0.01609215497893961
2004-02-26,2.03,2.05,1.97,2.0,3989385.0,23064374.0,371957765.0,0.010725370930218381
2004-02-27,2.01,2.04,2.01,2.02,2095073.0,12229158.0,371957765.0,0.0056325561586273104
2004-03-01,2.02,2.03,1.98,2.01,2412747.0,13923473.0,371957765.0,0.006486615489798956
2004-03-02,2.01,2.04,1.99,2.02,2475993.0,14368368.0,371957765.0,0.006656650923795071
2004-03-03,2.02,2.02,1.95,1.97,3207188.0,18316621.0,371957765.0,0.008622452067911528
2004-03-04,1.97,1.99,1.92,1.94,3668425.0,20504856.0,371957765.0,0.009862477262707501
2004-03-05,1.94,1.99,1.92,1.98,4647961.0,26029908.0,371957765.0,0.012495937542801398
2004-03-08,1.97,1.97,1.91,1.93,2228174.0,12489809.0,371957765.0,0.0059903951729573385
2004-03-09,1.92,1.95,1.91,1.92,1803798.0,10039611.0,371957765.0,0.004849469939147527
2004-03-10,1.92,1.97,1.92,1.97,2469403.0,13876778.0,371957765.0,0.0066389338585255775
2004-03-11,1.96,1.99,1.95,1.97,2619012.0,14911664.0,371957765.0,0.00704115425577955
2004-03-12,1.98,2.03,1.97,2.01,4063844.0,23446272.0,371957765.0,0.010925552259945426
2004-03-15,2.03,2.07,2.0,2.06,7228864.0,42557211.0,371957765.0,0.01943463661795043
2004-03-16,2.09,2.09,2.02,2.04,10906972.0,64504210.0,371957765.0,0.029323146406151784
2004-03-17,2.04,2.04,2.0,2.02,3244398.0,18897048.0,371957765.0,0.008722490307468108
2004-03-18,2.02,2.07,1.99,2.01,4226090.0,24812133.0,371957765.0,0.011361746944575818
2004-03-19,2.01,2.06,2.01,2.04,2956984.0,17313290.0,371957765.0,0.007949784298763059
2004-03-22,2.04,2.06,1.99,2.02,2412579.0,14011340.0,371957765.0,0.006486163825616061
2004-03-23,2.02,2.02,1.96,1.98,3589435.0,20461922.0,371957765.0,0.0096501144424287
2004-03-24,1.98,2.02,1.96,1.97,2349516.0,13458748.0,371957765.0,0.006316620382962028
2004-03-25,1.97,2.0,1.96,1.97,1322076.0,7538873.0,371957765.0,0.003554371287288491
2004-03-26,1.97,1.99,1.95,1.96,1997326.0,11291945.0,371957765.0,0.005369765570023791
2004-03-29,1.96,1.97,1.93,1.95,1913093.0,10745082.0,371957765.0,0.005143307063370487
2004-03-30,1.95,1.95,1.91,1.94,1872797.0,10385788.0,371957765.0,0.0050349721829305
2004-03-31,1.94,1.96,1.91,1.94,1963627.0,10983189.0,371957765.0,0.00527916657419425
2004-04-01,1.94,1.95,1.92,1.94,2454213.0,13685420.0,371957765.0,0.00659809588865553
2004-04-02,1.95,1.95,1.93,1.95,3520041.0,19740956.0,371957765.0,0.009463550250120467
2004-04-05,1.96,1.96,1.91,1.94,2478351.0,13813004.0,371957765.0,0.0066629903532192695
2004-04-06,1.94,1.99,1.91,1.98,7951775.0,45001333.0,371957765.0,0.021378166416286537
2004-04-07,1.98,2.01,1.97,2.0,10249489.0,58775520.0,371957765.0,0.02755551829923486
2004-04-08,2.0,2.01,1.98,2.0,3029673.0,17453317.0,371957765.0,0.008145207023706039
2004-04-09,2.0,2.0,1.92,1.95,3039630.0,17071094.0,371957765.0,0.008171976191974377
2004-04-12,1.94,1.94,1.89,1.92,2262268.0,12453742.0,371957765.0,0.006082056117312136
2004-04-13,1.91,1.91,1.83,1.86,4122890.0,22312590.0,371957765.0,0.01108429608936918
2004-04-14,1.86,1.89,1.79,1.81,5714384.0,30141954.0,371957765.0,0.01536299154824742
2004-04-15,1.82,1.86,1.81,1.84,4918317.0,26047850.0,371957765.0,0.013222783506078976
2004-04-16,1.85,1.88,1.82,1.87,3682865.0,19698673.0,371957765.0,0.009901298874618198
2004-04-19,1.88,1.9,1.86,1.87,5161926.0,27918446.0,371957765.0,0.013877720767571555
2004-04-20,1.87,1.88,1.82,1.85,1924428.0,10250845.0,371957765.0,0.005173780953329473
2004-04-21,1.85,1.92,1.83,1.9,7591525.0,41480754.0,371957765.0,0.02040964247647848
2004-04-22,1.9,1.91,1.86,1.89,2581240.0,14099242.0,371957765.0,0.006939605091992098
2004-04-23,1.87,1.87,1.74,1.78,8608811.0,44170288.0,371957765.0,0.023144592773859687
2004-04-26,1.78,1.81,1.76,1.81,2133756.0,10980084.0,371957765.0,0.005736554525216055
2004-04-27,1.82,1.82,1.78,1.79,1681346.0,8693631.0,371957765.0,0.004520260519362998
2004-04-28,1.78,1.78,1.75,1.76,1649670.0,8403054.0,371957765.0,0.004435100313069146
2004-04-29,1.73,1.81,1.68,1.79,7481146.0,38351110.0,371957765.0,0.020112891042884936
2004-04-30,1.83,1.87,1.78,1.79,3638718.0,19006825.0,371957765.0,0.009782610668176265
2004-05-10,1.79,1.82,1.71,1.72,1905057.0,9618740.0,371957765.0,0.005121702459955366
2004-05-11,1.72,1.74,1.68,1.72,1983342.0,9797283.0,371957765.0,0.005332169903752379
2004-05-12,1.71,1.82,1.71,1.77,7015597.0,35942702.0,371957765.0,0.018861273134061336
2004-05-13,1.77,1.79,1.73,1.76,3751343.0,18953901.0,371957765.0,0.010085400421738742
2004-05-14,1.75,1.77,1.72,1.75,2345588.0,11821578.0,371957765.0,0.00630606004420959
2004-05-17,1.74,1.76,1.72,1.73,1963968.0,9870253.0,371957765.0,0.005280083344946435
2004-05-18,1.73,1.76,1.71,1.75,1865938.0,9323286.0,371957765.0,0.005016531917272919
2004-05-19,1.76,1.77,1.66,1.71,7609751.0,37754291.0,371957765.0,0.020458642663367978
2004-05-20,1.7,1.73,1.69,1.73,3575696.0,17640314.0,371957765.0,0.009613177453090675
2004-05-21,1.73,1.73,1.7,1.71,2218014.0,10952625.0,371957765.0,0.005963080243801336
2004-05-24,1.72,1.72,1.68,1.7,983336.0,4812161.0,371957765.0,0.002643676493754607
2004-05-25,1.7,1.7,1.65,1.65,1330100.0,6392672.0,371957765.0,0.003575943628976263
2004-05-26,1.65,1.68,1.63,1.65,1120693.0,5353429.0,371957765.0,0.003012957667384629
2004-05-27,1.64,1.71,1.64,1.69,2718391.0,13178079.0,371957765.0,0.0073083324393026184
2004-05-28,1.69,1.69,1.66,1.67,1218126.0,5871546.0,371957765.0,0.0032749040741225015
2004-05-31,1.66,1.68,1.65,1.67,663125.0,3183012.0,371957765.0,0.0017827964957257984
2004-06-01,1.67,1.7,1.66,1.69,3455405.0,16831652.0,371957765.0,0.009289777832706356
2004-06-02,1.69,1.69,1.64,1.66,1868873.0,8959158.0,371957765.0,0.005024422598087178
2004-06-04,1.64,1.64,1.59,1.6,4417347.0,20537631.0,371957765.0,0.011875937043551167
2004-06-07,1.61,1.66,1.59,1.61,2884433.0,13455150.0,371957765.0,0.007754732583684602
2004-06-08,1.61,1.63,1.51,1.54,4356064.0,19605593.0,371957765.0,0.011711179090453994
2004-06-09,1.55,1.58,1.45,1.46,4360650.0,18702828.0,371957765.0,0.011723508447256102
2004-06-10,1.47,1.5,1.44,1.47,7330187.0,30913596.0,371957765.0,0.01970704120130413
2004-06-11,1.47,1.49,1.45,1.45,9168877.0,38804175.0,371957765.0,0.024650317489675205
2004-06-14,1.47,1.49,1.42,1.48,5382891.0,22539524.0,371957765.0,0.01447178014955542
2004-06-15,1.47,1.51,1.46,1.5,5446675.0,23298635.0,371957765.0,0.014643261984327709
2004-06-16,1.5,1.52,1.47,1.49,3199644.0,13857377.0,371957765.0,0.00860217019531774
2004-06-17,1.49,1.51,1.45,1.47,1945703.0,8267118.0,371957765.0,0.005230978307443051
2004-06-18,1.45,1.47,1.43,1.46,2137266.0,8890104.0,371957765.0,0.005745991080465816
2004-06-21,1.46,1.46,1.43,1.46,666075.0,2789745.0,371957765.0,0.001790727503699244
2004-06-22,1.46,1.47,1.45,1.46,1227809.0,5187176.0,371957765.0,0.003300936599616357
2004-06-23,1.46,1.46,1.41,1.44,1712912.0,7081149.0,371957765.0,0.004605124993156145
2004-06-24,1.42,1.45,1.42,1.43,1215463.0,5041384.0,371957765.0,0.0032677446591281674
2004-06-25,1.43,1.44,1.41,1.43,1133555.0,4659901.0,371957765.0,0.003047536862148852
2004-06-28,1.43,1.43,1.37,1.38,1439659.0,5782424.0,371957765.0,0.0038704905112009157
2004-06-29,1.38,1.42,1.37,1.41,1553571.0,6266211.0,371957765.0,0.004176740335021639
2004-06-30,1.41,1.41,1.38,1.41,4298576.0,17336677.0,371957765.0,0.011556623908631132
2004-07-01,1.42,1.47,1.42,1.47,9833829.0,41122474.0,371957765.0,0.026438025833389982
2004-07-02,1.47,1.47,1.44,1.45,3905048.0,16379679.0,371957765.0,0.010498632821928049
2004-07-05,1.45,1.47,1.45,1.47,1899934.0,8029963.0,371957765.0,0.0051079293908543625
2004-07-06,1.47,1.5,1.46,1.47,2524235.0,10782158.0,371957765.0,0.006786348444695058
2004-07-07,1.47,1.47,1.44,1.44,1368800.0,5707720.0,371957765.0,0.0036799876996787525
2004-07-08,1.44,1.45,1.42,1.45,863436.0,3564002.0,371957765.0,0.0023213280679864287
2004-07-09,1.45,1.46,1.45,1.45,1343799.0,5651076.0,371957765.0,0.003612773079223121
2004-07-12,1.44,1.44,1.4,1.41,1382406.0,5651257.0,371957765.0,0.003716567121538651
2004-07-13,1.41,1.42,1.39,1.41,1872265.0,7584458.0,371957765.0,0.0050335419130180005
2004-07-14,1.42,1.45,1.38,1.42,2341450.0,9501570.0,371957765.0,0.006294935125228532
2004-07-15,1.45,1.45,1.42,1.45,2421066.0,10049422.0,371957765.0,0.006508980932284073
2004-07-16,1.45,1.52,1.45,1.5,5231006.0,22445185.0,371957765.0,0.014063440778014137
2004-07-19,1.5,1.52,1.48,1.5,3464004.0,15054994.0,371957765.0,0.00931289604882963
2004-07-20,1.49,1.51,1.47,1.5,2245188.0,9613743.0,371957765.0,0.006036136925384526
2004-07-21,1.5,1.52,1.47,1.52,2220961.0,9617376.0,371957765.0,0.0059710031863429444
2004-07-22,1.51,1.52,1.45,1.48,2898104.0,12454134.0,371957765.0,0.007791486756567644
2004-07-23,1.49,1.5,1.45,1.48,2233317.0,9472862.0,371957765.0,0.006004222011603925
2004-07-26,1.48,1.5,1.46,1.49,1759733.0,7536633.0,371957765.0,0.004731002187842483
2004-07-27,1.49,1.5,1.43,1.45,2135401.0,8976988.0,371957765.0,0.005740977070340231
2004-07-28,1.45,1.46,1.41,1.44,1924739.0,7944711.0,371957765.0,0.005174617069763283
2004-07-29,1.44,1.47,1.44,1.47,1047850.0,4389501.0,371957765.0,0.002817120916940664
2004-07-30,1.47,1.48,1.44,1.44,1140419.0,4797982.0,371957765.0,0.003065990570192828
2004-08-02,1.44,1.44,1.41,1.44,913176.0,3767108.0,371957765.0,0.0024550529278505586
2004-08-03,1.43,1.45,1.42,1.43,676260.0,2795766.0,371957765.0,0.0018181096447872247
2004-08-04,1.43,1.49,1.42,1.47,2484157.0,10496225.0,371957765.0,0.006678599652301922
2004-08-05,1.47,1.48,1.43,1.44,1165706.0,4887572.0,371957765.0,0.003133974095150292
2004-08-06,1.43,1.46,1.43,1.44,538078.0,2237889.0,371957765.0,0.001446610477401917
2004-08-09,1.44,1.45,1.43,1.45,413037.0,1722138.0,371957765.0,0.0011104405899417101
2004-08-10,1.45,1.48,1.45,1.47,1576059.0,6678803.0,371957765.0,0.004237198812074806
2004-08-11,1.49,1.49,1.45,1.45,1944147.0,8287406.0,371957765.0,0.005226795036796718
2004-08-12,1.45,1.45,1.42,1.43,1602323.0,6617217.0,371957765.0,0.004307808979333984
2004-08-13,1.42,1.47,1.42,1.46,1526243.0,6411083.0,371957765.0,0.004103269627937462
2004-08-16,1.45,1.46,1.42,1.44,1077180.0,4472518.0,371957765.0,0.002895973955537667
2004-08-17,1.43,1.45,1.42,1.45,832098.0,3455444.0,371957765.0,0.002237076567012924
2004-08-18,1.45,1.47,1.44,1.45,1177676.0,4962956.0,371957765.0,0.0031661551681815272
2004-08-19,1.46,1.46,1.43,1.44,1147643.0,4782588.0,371957765.0,0.003085412130057293
2004-08-20,1.43,1.45,1.42,1.44,1037248.0,4300308.0,371957765.0,0.002788617680827284
2004-08-23,1.43,1.43,1.38,1.39,2329018.0,9384211.0,371957765.0,0.006261511975694337
2004-08-24,1.39,1.42,1.39,1.42,1073455.0,4364708.0,371957765.0,0.0028859593776728925
2004-08-25,1.42,1.43,1.4,1.4,732120.0,2986373.0,371957765.0,0.0019682879855996553
2004-08-26,1.4,1.41,1.39,1.4,615269.0,2486602.0,371957765.0,0.0016541367270555569
2004-08-27,1.39,1.41,1.39,1.41,955122.0,3871433.0,371957765.0,0.002567823795801117
2004-08-30,1.4,1.42,1.39,1.42,614134.0,2491937.0,371957765.0,0.0016510853053437397
2004-08-31,1.44,1.47,1.43,1.45,2910535.0,12204711.0,371957765.0,0.00782490721762456
2004-09-01,1.45,1.45,1.43,1.44,1008443.0,4189226.0,371957765.0,0.0027111760928018266
2004-09-03,1.45,1.47,1.44,1.45,2114947.0,8884958.0,371957765.0,0.005685986956072822
2004-09-06,1.45,1.46,1.43,1.46,1165247.0,4905410.0,371957765.0,0.0031327400840791696
2004-09-07,1.45,1.46,1.43,1.45,861940.0,3594177.0,371957765.0,0.002317306105976844
2004-09-08,1.45,1.45,1.43,1.44,848149.0,3523890.0,371957765.0,0.0022802293158203056
2004-09-09,1.45,1.45,1.41,1.41,1981097.0,8174687.0,371957765.0,0.005326134272260723
2004-09-10,1.41,1.42,1.39,1.42,1088817.0,4413137.0,371957765.0,0.0029272597656349506
2004-09-13,1.4,1.42,1.39,1.4,709264.0,2870826.0,371957765.0,0.0019068401489077665
2004-09-14,1.4,1.45,1.4,1.44,1323716.0,5488859.0,371957765.0,0.003558780390026271
2004-09-15,1.45,1.52,1.44,1.49,5683602.0,24436668.0,371957765.0,0.015280234840641114
2004-09-16,1.5,1.54,1.47,1.54,6269146.0,27373359.0,371957765.0,0.016854456580574412
2004-09-17,1.54,1.56,1.52,1.56,7155593.0,31940128.0,371957765.0,0.019237649199230992
2004-09-20,1.56,1.61,1.54,1.6,8179950.0,36975574.0,371957765.0,0.02199160971945296
2004-09-21,1.6,1.61,1.56,1.58,4456263.0,20329923.0,371957765.0,0.01198056182534595
2004-09-22,1.57,1.58,1.52,1.54,4756934.0,21309971.0,371957765.0,0.01278890897734048
2004-09-23,1.53,1.61,1.53,1.6,5085980.0,22968399.0,371957765.0,0.013673541672130437
2004-09-24,1.6,1.62,1.53,1.54,6554139.0,30004805.0,371957765.0,0.017620653785786675
2004-09-27,1.55,1.58,1.52,1.52,2294968.0,10243734.0,371957765.0,0.0061699693243398215
2004-09-28,1.55,1.55,1.51,1.53,1656456.0,7294900.0,371957765.0,0.0044533443198853506
2004-09-29,1.53,1.54,1.48,1.49,2822050.0,12165678.0,371957765.0,0.007587017305580379
2004-09-30,1.49,1.49,1.45,1.45,2073952.0,8768396.0,371957765.0,0.00557577283001472
2004-10-08,1.42,1.46,1.41,1.46,1718331.0,7127957.0,371957765.0,0.004619693851531772
2004-10-11,1.45,1.46,1.4,1.42,4508392.0,18490535.0,371957765.0,0.012120709457429931
2004-10-12,1.42,1.44,1.4,1.42,2088759.0,8583232.0,371957765.0,0.005615581113086858
2004-10-13,1.42,1.43,1.4,1.41,2012908.0,8189917.0,371957765.0,0.0054116574229872575
2004-10-14,1.41,1.41,1.36,1.36,3442768.0,13759963.0,371957765.0,0.009255803545329937
2004-10-15,1.35,1.36,1.32,1.35,2549541.0,9879196.0,371957765.0,0.0068543830507208255
2004-10-18,1.33,1.38,1.32,1.33,2110429.0,8118572.0,371957765.0,0.005673840415725694
2004-10-19,1.33,1.37,1.33,1.34,2298512.0,8965431.0,371957765.0,0.006179497287817072
2004-10-20,1.34,1.36,1.33,1.36,1379435.0,5377487.0,371957765.0,0.0037085796555423435
2004-10-21,1.35,1.36,1.23,1.25,3645683.0,13596648.0,371957765.0,0.009801335912425433
2004-10-22,1.24,1.26,1.23,1.26,2252978.0,8132141.0,371957765.0,0.006057080163388981
2004-10-25,1.27,1.27,1.21,1.22,2168326.0,7755425.0,371957765.0,0.005829495184755721
2004-10-26,1.21,1.22,1.18,1.21,2408281.0,8308349.0,371957765.0,0.006474608750270343
2004-10-27,1.21,1.25,1.18,1.23,2627491.0,9159248.0,371957765.0,0.007063949854629329
2004-10-28,1.25,1.28,1.24,1.26,3061502.0,11176667.0,371957765.0,0.008230778567023598
2004-10-29,1.23,1.25,1.16,1.23,2080835.0,7397561.0,371957765.0,0.005594277619127
2004-11-01,1.23,1.26,1.21,1.24,1275264.0,4572591.0,371957765.0,0.0034285182888976655
2004-11-02,1.22,1.24,1.22,1.24,2090046.0,7426251.0,371957765.0,0.005619041183345104
2004-11-03,1.24,1.28,1.23,1.27,1625112.0,5900635.0,371957765.0,0.004369076688048171
2004-11-04,1.27,1.28,1.22,1.23,1718227.0,6209954.0,371957765.0,0.0046194142498947426
2004-11-05,1.23,1.25,1.22,1.24,776726.0,2767203.0,371957765.0,0.0020882102031127107
2004-11-08,1.24,1.25,1.22,1.23,616520.0,2191219.0,371957765.0,0.0016575000121317536
2004-11-09,1.22,1.24,1.22,1.23,648648.0,2306642.0,371957765.0,0.001743875410155774
2004-11-10,1.23,1.29,1.23,1.28,3087009.0,11316097.0,371957765.0,0.008299353556982471
2004-11-11,1.3,1.3,1.26,1.26,3934003.0,14568480.0,371957765.0,0.010576477681545376
2004-11-12,1.26,1.32,1.26,1.31,4051598.0,15160826.0,371957765.0,0.01089262916718515
2004-11-15,1.31,1.37,1.31,1.37,7101056.0,27652347.0,371957765.0,0.019091027713858857
2004-11-16,1.39,1.44,1.37,1.38,13716880.0,55720555.0,371957765.0,0.03687752022060892
2004-11-17,1.38,1.4,1.34,1.39,4196406.0,16628435.0,371957765.0,0.011281942185022
2004-11-18,1.39,1.42,1.38,1.42,3895974.0,15816464.0,371957765.0,0.010474237579097186
2004-11-19,1.42,1.44,1.4,1.42,3655679.0,14967092.0,371957765.0,0.009828209931307659
2004-11-22,1.38,1.42,1.37,1.4,4087068.0,16539055.0,371957765.0,0.010987989456276038
2004-11-23,1.4,1.4,1.37,1.37,2366807.0,9445788.0,371957765.0,0.006363106843595536
2004-11-24,1.37,1.42,1.36,1.38,2182126.0,8776846.0,371957765.0,0.005866596171207771
2004-11-25,1.38,1.4,1.37,1.38,1500678.0,6018378.0,371957765.0,0.004034538706296399
2004-11-26,1.38,1.39,1.34,1.35,2095405.0,8242422.0,371957765.0,0.005633448733083983
2004-11-29,1.35,1.35,1.3,1.31,1750354.0,6687092.0,371957765.0,0.004705786959441484
2004-11-30,1.3,1.35,1.3,1.34,1314326.0,5019901.0,371957765.0,0.003533535588375202
2004-12-01,1.33,1.34,1.32,1.33,561050.0,2148171.0,371957765.0,0.0015083701774581853
2004-12-02,1.33,1.35,1.32,1.34,766350.0,2961882.0,371957765.0,0.0020603145628644154
2004-12-03,1.34,1.37,1.34,1.36,947826.0,3711376.0,371957765.0,0.002548208665572555
2004-12-06,1.35,1.36,1.35,1.36,744490.0,2915668.0,371957765.0,0.0020015444495425443
2004-12-07,1.36,1.36,1.32,1.32,1095199.0,4204734.0,371957765.0,0.0029444176276303843
2004-12-08,1.33,1.34,1.31,1.32,814781.0,3105586.0,371957765.0,0.002190520205970159
2004-12-09,1.32,1.36,1.31,1.34,1315911.0,5076404.0,371957765.0,0.0035377968248626293
2004-12-10,1.34,1.34,1.33,1.33,702171.0,2700863.0,371957765.0,0.0018877707795668683
2004-12-13,1.33,1.34,1.31,1.31,766299.0,2909738.0,371957765.0,0.00206017745052318
2004-12-14,1.31,1.32,1.3,1.31,446206.0,1687889.0,371957765.0,0.001199614692813309
2004-12-15,1.31,1.32,1.27,1.32,961306.0,3590786.0,371957765.0,0.002584449339295283
2004-12-16,1.31,1.32,1.29,1.3,551657.0,2076086.0,371957765.0,0.0014831173103752788
2004-12-17,1.28,1.29,1.25,1.26,1484461.0,5445732.0,371957765.0,0.003990939670260681
2004-12-20,1.26,1.26,1.24,1.26,537187.0,1946610.0,371957765.0,0.0014442150441462084
2004-12-21,1.26,1.28,1.25,1.26,463728.0,1687761.0,371957765.0,0.0012467221916982968
2004-12-22,1.27,1.32,1.26,1.32,974362.0,3635431.0,371957765.0,0.0026195500986516576
2004-12-23,1.31,1.32,1.28,1.28,524944.0,1964364.0,371957765.0,0.0014113000168177697
2004-12-24,1.28,1.34,1.27,1.32,1665295.0,6325041.0,371957765.0,0.004477107770555617
2004-12-27,1.32,1.37,1.3,1.35,2663020.0,10394839.0,371957765.0,0.007159468763879684
2004-12-28,1.35,1.36,1.34,1.35,1355873.0,5275855.0,371957765.0,0.003645233753891386
2004-12-29,1.35,1.35,1.32,1.32,1172565.0,4497315.0,371957765.0,0.003152414360807873
2004-12-30,1.31,1.36,1.31,1.35,1581895.0,6130812.0,371957765.0,0.004252888765475833
2004-12-31,1.35,1.35,1.32,1.33,1044728.0,4031352.0,371957765.0,0.0028087274908752072
2005-01-04,1.33,1.33,1.31,1.32,880717.0,3356593.0,371957765.0,0.002367787643847145
2005-01-05,1.32,1.35,1.31,1.34,901026.0,3461746.0,371957765.0,0.0024223879289090792
2005-01-06,1.34,1.4,1.33,1.36,5941657.0,23593000.0,371957765.0,0.015974009844908064
2005-01-07,1.36,1.39,1.34,1.34,2280175.0,9006344.0,371957765.0,0.0061301986799495905
2005-01-10,1.34,1.36,1.32,1.36,1302599.0,5034193.0,371957765.0,0.003502007815322796
2005-01-11,1.36,1.37,1.35,1.37,1332092.0,5231175.0,371957765.0,0.003581299075716298
2005-01-12,1.37,1.37,1.34,1.36,851939.0,3326517.0,371957765.0,0.0022904186447082237
2005-01-13,1.36,1.36,1.35,1.36,980264.0,3832006.0,371957765.0,0.002635417491553107
2005-01-14,1.35,1.37,1.32,1.33,1453830.0,5622630.0,371957765.0,0.0039085889227235245
2005-01-17,1.32,1.32,1.28,1.28,1265776.0,4736102.0,371957765.0,0.0034030100164732413
2005-01-18,1.28,1.31,1.28,1.29,1464466.0,5448437.0,371957765.0,0.003937183567064395
2005-01-19,1.29,1.3,1.23,1.25,2559287.0,9316555.0,371957765.0,0.0068805849502832665
2005-01-20,1.24,1.26,1.22,1.23,1655412.0,5897859.0,371957765.0,0.004450537549605935
2005-01-21,1.23,1.26,1.22,1.25,1937169.0,6959973.0,371957765.0,0.0052080348423429205
2005-01-24,1.29,1.3,1.26,1.28,2971009.0,10944271.0,371957765.0,0.007987490192602916
2005-01-25,1.28,1.28,1.26,1.28,1571884.0,5777686.0,371957765.0,0.004225974419434422
2005-01-26,1.29,1.31,1.28,1.29,3833274.0,14345758.0,371957765.0,0.010305670053695478
2005-01-27,1.29,1.29,1.25,1.26,1097820.0,4025978.0,371957765.0,0.0029514641265789947
2005-01-28,1.25,1.26,1.24,1.26,875861.0,3161820.0,371957765.0,0.00235473239817967
2005-01-31,1.25,1.25,1.18,1.18,2135246.0,7419057.0,371957765.0,0.005740560356361965
2005-02-01,1.18,1.2,1.16,1.16,1902773.0,6428150.0,371957765.0,0.005115561977849824
2005-02-02,1.16,1.23,1.16,1.23,2575772.0,8899040.0,371957765.0,0.0069249044982297924
2005-02-03,1.23,1.23,1.18,1.19,2080597.0,7222366.0,371957765.0,0.005593637761534566
2005-02-04,1.19,1.24,1.19,1.23,1684501.0,5928204.0,371957765.0,0.004528742665178666
2005-02-16,1.23,1.26,1.23,1.24,2022441.0,7258841.0,371957765.0,0.005437286676889243
2005-02-17,1.24,1.25,1.23,1.25,746656.0,2663941.0,371957765.0,0.002007367691329149
2005-02-18,1.25,1.25,1.22,1.22,849700.0,3036828.0,371957765.0,0.0022843991440802424
2005-02-21,1.23,1.25,1.21,1.25,928448.0,3299455.0,371957765.0,0.0024961113528574946
2005-02-22,1.25,1.28,1.23,1.26,2396338.0,8696223.0,371957765.0,0.006442500266125644
2005-02-23,1.26,1.28,1.25,1.27,2888353.0,10574779.0,371957765.0,0.007765271414618808
2005-02-24,1.28,1.28,1.24,1.27,2310433.0,8385189.0,371957765.0,0.00621154662546163
2005-02-25,1.27,1.29,1.26,1.28,2647814.0,9781446.0,371957765.0,0.007118587778373171
2005-02-28,1.28,1.33,1.27,1.32,5668526.0,21299266.0,371957765.0,0.01523970335718089
2005-03-01,1.33,1.34,1.28,1.31,9501593.0,35716616.0,371957765.0,0.025544816896079587
2005-03-02,1.32,1.32,1.26,1.26,3624570.0,13432591.0,371957765.0,0.009744574091631075
2005-03-03,1.26,1.27,1.25,1.27,1824789.0,6624809.0,371957765.0,0.0049059037657138305
2005-03-04,1.27,1.27,1.24,1.24,1380983.0,4975957.0,371957765.0,0.003712741418370443
2005-03-07,1.24,1.26,1.24,1.25,980515.0,3527638.0,371957765.0,0.0026360922993501697
2005-03-08,1.25,1.27,1.24,1.27,1628574.0,5932920.0,371957765.0,0.004378384196388534
2005-03-09,1.27,1.28,1.25,1.26,1355083.0,4942390.0,371957765.0,0.0036431098568408702
2005-03-10,1.26,1.26,1.21,1.21,2282234.0,8114555.0,371957765.0,0.0061357342546673275
2005-03-11,1.21,1.23,1.19,1.2,3002347.0,10476187.0,371957765.0,0.00807174169357642
2005-03-14,1.2,1.24,1.2,1.23,1717953.0,6058101.0,371957765.0,0.00461867760712026
2005-03-15,1.23,1.23,1.17,1.19,2110620.0,7248208.0,371957765.0,0.005674353914886009
2005-03-16,1.18,1.19,1.17,1.17,1461587.0,4959275.0,371957765.0,0.003929443440977768
2005-03-17,1.17,1.18,1.16,1.17,1325049.0,4470207.0,371957765.0,0.0035623641302393568
2005-03-18,1.16,1.17,1.15,1.16,1078129.0,3610672.0,371957765.0,0.0028985253204755652
2005-03-21,1.15,1.16,1.1,1.11,1902202.0,6201397.0,371957765.0,0.005114026857323439
2005-03-22,1.1,1.11,1.06,1.06,1856305.0,5742224.0,371957765.0,0.0049906338156430205
2005-03-23,1.05,1.07,1.04,1.05,1544620.0,4713594.0,371957765.0,0.00415267577489611
2005-03-24,1.05,1.07,1.05,1.07,785860.0,2417041.0,371957765.0,0.0021127667545803217
2005-03-25,1.08,1.1,1.06,1.08,1283093.0,4023312.0,371957765.0,0.0034495663775160066
2005-03-28,1.08,1.08,1.05,1.07,765620.0,2356575.0,371957765.0,0.0020583519744506477
2005-03-29,1.07,1.12,1.07,1.08,2026584.0,6422186.0,371957765.0,0.005448425038256695
2005-03-30,1.09,1.1,1.06,1.08,1589553.0,4991523.0,371957765.0,0.004273477124479442
2005-03-31,1.07,1.09,1.06,1.09,1367820.0,4285851.0,371957765.0,0.003677352991945201
2005-04-01,1.08,1.13,1.07,1.11,2121528.0,6751248.0,371957765.0,0.005703679825046803
2005-04-04,1.11,1.11,1.07,1.08,1001027.0,3131910.0,371957765.0,0.0026912383452997683
2005-04-05,1.08,1.08,1.05,1.05,1265163.0,3857353.0,371957765.0,0.003401361979901132
2005-04-06,1.05,1.07,1.04,1.05,1449572.0,4402694.0,371957765.0,0.0038971413864689716
2005-04-07,1.05,1.1,1.05,1.08,2382389.0,7422220.0,371957765.0,0.0064049986965590035
2005-04-08,1.08,1.1,1.08,1.09,1565283.0,4921934.0,371957765.0,0.004208227780914857
2005-04-11,1.09,1.11,1.08,1.1,2834540.0,9021818.0,371957765.0,0.007620596386796764
2005-04-12,1.1,1.1,1.09,1.09,2310366.0,7282158.0,371957765.0,0.0062113664974839285
2005-04-13,1.09,1.13,1.09,1.11,2041902.0,6536535.0,371957765.0,0.0054896071332184715
2005-04-14,1.12,1.15,1.11,1.14,4990001.0,16286452.0,371957765.0,0.013415504311356425
2005-04-15,1.14,1.14,1.08,1.09,5019686.0,16020191.0,371957765.0,0.013495311759387521
2005-04-18,1.08,1.08,1.06,1.06,1459758.0,4494570.0,371957765.0,0.0039245262160342315
2005-04-19,1.07,1.13,1.06,1.13,1356519.0,4245186.0,371957765.0,0.0036469705102137066
2005-04-20,1.11,1.11,1.09,1.09,2376409.0,7498038.0,371957765.0,0.006388921602429781
2005-04-21,1.08,1.09,1.06,1.06,1308541.0,4049403.0,371957765.0,0.0035179827473154107
2005-04-22,1.06,1.08,1.06,1.06,1294565.0,3978291.0,371957765.0,0.003480408588862233
2005-04-25,1.06,1.08,0.97,1.07,4163852.0,12217458.0,371957765.0,0.01119442149567707
2005-04-26,1.06,1.09,1.04,1.07,4344188.0,13359062.0,371957765.0,0.011679250734286996
2005-04-27,1.08,1.13,1.0,1.0,6267921.0,18937619.0,371957765.0,0.01685116319590747
2005-04-28,0.99,1.02,0.97,1.0,5845080.0,16561626.0,371957765.0,0.01571436477472113
2005-04-29,0.99,1.08,0.97,1.04,5750698.0,17367311.0,371957765.0,0.015460620912161896
2005-05-09,1.02,1.03,0.98,0.99,1918959.0,5521049.0,371957765.0,0.005159077671089888
2005-05-10,0.99,1.02,0.97,1.02,2045763.0,5929920.0,371957765.0,0.0054999873439932085
2005-05-11,1.02,1.04,1.0,1.01,1264360.0,3705772.0,371957765.0,0.0033992031326459875
2005-05-12,1.01,1.01,0.99,1.0,952380.0,2748171.0,371957765.0,0.0025604519911017315
2005-05-13,0.99,1.02,0.99,1.0,1062904.0,3062332.0,371957765.0,0.002857593253900749
2005-05-16,1.0,1.0,0.97,1.0,1321329.0,3758154.0,371957765.0,0.003552362994760978
2005-05-17,1.0,1.01,0.98,1.0,987828.0,2838716.0,371957765.0,0.002655753133692477
2005-05-18,0.99,1.0,0.98,0.99,1042449.0,2968073.0,371957765.0,0.0028026004511560606
2005-05-19,0.99,1.04,0.98,1.02,4776979.0,14082732.0,371957765.0,0.012842799504400721
2005-05-20,1.01,1.02,1.01,1.01,1608651.0,4709764.0,371957765.0,0.004324821663556345
2005-05-23,1.0,1.02,0.99,1.0,1620247.0,4717936.0,371957765.0,0.004355997246085184
2005-05-26,1.0,1.01,0.97,0.98,2831008.0,8018496.0,371957765.0,0.007611100685046863
2005-05-27,0.98,0.99,0.96,0.96,1840007.0,5158934.0,371957765.0,0.004946817012947693
2005-05-31,0.96,0.98,0.96,0.97,1086756.0,3042724.0,371957765.0,0.0029217188139626553
2005-06-01,0.97,0.97,0.93,0.93,1462200.0,3989624.0,371957765.0,0.0039310914775498775
2005-06-02,0.92,0.92,0.84,0.87,3321849.0,8478938.0,371957765.0,0.008930715561214322
2005-06-03,0.86,0.88,0.85,0.87,1773934.0,4430815.0,371957765.0,0.004769181253683466
2005-06-06,0.87,0.88,0.85,0.88,1149523.0,2866210.0,371957765.0,0.003090466467342065
2005-06-07,0.88,0.9,0.87,0.9,2478576.0,6346996.0,371957765.0,0.006663595260607075
2005-06-08,0.89,0.97,0.89,0.97,5808058.0,15755789.0,371957765.0,0.015614831968893027
2005-06-09,0.97,0.98,0.94,0.95,3724537.0,10284040.0,371957765.0,0.010013333099794275
2005-06-10,0.96,0.96,0.91,0.93,3483334.0,9390013.0,371957765.0,0.009364864314635292
2005-06-13,0.93,0.93,0.9,0.93,1579248.0,4179358.0,371957765.0,0.004245772366117965
2005-06-14,0.93,0.94,0.91,0.92,1666172.0,4471111.0,371957765.0,0.004479465565129417
2005-06-15,0.91,0.91,0.89,0.91,1292189.0,3368131.0,371957765.0,0.0034740207668470103
2005-06-16,0.89,0.91,0.88,0.9,1112211.0,2874313.0,371957765.0,0.0029901540031030136
2005-06-17,0.9,0.91,0.88,0.89,929600.0,2390285.0,371957765.0,0.002499208478683057
2005-06-20,0.89,0.92,0.87,0.91,2537611.0,6520532.0,371957765.0,0.006822309516780756
2005-06-21,0.9,0.9,0.89,0.89,1081920.0,2790900.0,371957765.0,0.0029087173378407626
2005-06-22,0.89,0.9,0.88,0.89,956138.0,2450676.0,371957765.0,0.0025705552887167176
2005-06-23,0.89,0.9,0.88,0.89,717329.0,1847387.0,371957765.0,0.001928522718163983
2005-06-24,0.88,0.89,0.87,0.88,1530801.0,3884748.0,371957765.0,0.0041155237073757555
2005-06-27,0.88,0.9,0.88,0.9,1838836.0,4758444.0,371957765.0,0.004943668806053827
2005-06-28,0.9,0.9,0.87,0.87,1205974.0,3061988.0,371957765.0,0.003242233698226464
2005-06-29,0.88,0.89,0.87,0.87,943345.0,2374158.0,371957765.0,0.002536161598884755
2005-06-30,0.87,0.87,0.86,0.86,993800.0,2473462.0,371957765.0,0.002671808720003466
2005-07-01,0.85,0.86,0.81,0.81,1651891.0,3950117.0,371957765.0,0.0044410714211061035
2005-07-04,0.81,0.81,0.73,0.77,1986148.0,4362850.0,371957765.0,0.005339713770997629
2005-07-05,0.76,0.77,0.74,0.76,821614.0,1791606.0,371957765.0,0.0022088905712184825
2005-07-06,0.76,0.77,0.74,0.75,986200.0,2136483.0,371957765.0,0.002651376292682047
2005-07-07,0.76,0.76,0.73,0.74,1496082.0,3194983.0,371957765.0,0.004022182464721498
2005-07-08,0.73,0.73,0.7,0.71,1803843.0,3690671.0,371957765.0,0.004849590920625087
2005-07-11,0.71,0.73,0.7,0.7,1405700.0,2898695.0,371957765.0,0.0037791925112788008
2005-07-12,0.7,0.73,0.7,0.73,1996078.0,4142684.0,371957765.0,0.005366410350379431
2005-07-13,0.72,0.73,0.72,0.72,1258521.0,2628532.0,371957765.0,0.003383505113813123
2005-07-14,0.72,0.73,0.71,0.72,1745686.0,3638023.0,371957765.0,0.004693237147502486
2005-07-15,0.7,0.71,0.7,0.71,1452725.0,2956885.0,371957765.0,0.0039056181553300817
2005-07-18,0.72,0.73,0.7,0.73,3571941.0,7441211.0,371957765.0,0.009603082220907527
2005-07-19,0.72,0.73,0.71,0.72,1541390.0,3191520.0,371957765.0,0.004143991993284506
2005-07-20,0.72,0.74,0.71,0.74,3210129.0,6815463.0,371957765.0,0.008630358879589461
2005-07-21,0.74,0.74,0.72,0.73,1378969.0,2899793.0,371957765.0,0.003707326825130267
2005-07-22,0.81,0.81,0.78,0.81,17046588.0,39483442.0,371957765.0,0.045829364524759955
2005-07-25,0.8,0.82,0.77,0.81,15865407.0,36879534.0,371957765.0,0.04265378624371506
2005-07-26,0.8,0.85,0.79,0.84,14076170.0,33635962.0,371957765.0,0.03784346322222901
2005-07-27,0.83,0.84,0.81,0.84,10405227.0,24850361.0,371957765.0,0.027974216373732645
2005-07-28,0.84,0.84,0.81,0.82,8129580.0,19479496.0,371957765.0,0.021856191118902975
2005-07-29,0.81,0.83,0.81,0.82,4191323.0,9897828.0,371957765.0,0.011268276655012163
2005-08-01,0.83,0.83,0.8,0.81,3895186.0,9222854.0,371957765.0,0.010472119059001228
2005-08-02,0.81,0.82,0.79,0.82,5037318.0,11762258.0,371957765.0,0.013542714990773213
2005-08-03,0.82,0.86,0.82,0.85,11438211.0,27933292.0,371957765.0,0.030751370387441704
2005-08-04,0.85,0.88,0.83,0.86,9202943.0,22887334.0,371957765.0,0.024741903156666186
2005-08-05,0.85,0.87,0.84,0.86,6153854.0,15241260.0,371957765.0,0.016544496658108483
2005-08-08,0.86,0.88,0.84,0.88,9296545.0,23031029.0,371957765.0,0.024993550006947696
2005-08-09,0.88,0.89,0.85,0.89,8004419.0,20173691.0,371957765.0,0.02151969861416927
2005-08-10,0.91,0.92,0.89,0.91,16758919.0,43838618.0,371957765.0,0.04505597295434873
2005-08-11,0.91,0.91,0.89,0.9,6841654.0,17700419.0,371957765.0,0.018393631330696915
2005-08-12,0.9,0.91,0.84,0.85,8790501.0,22370161.0,371957765.0,0.023633062210705564
2005-08-15,0.84,0.87,0.82,0.86,6158774.0,15048264.0,371957765.0,0.01655772396632182
2005-08-16,0.86,0.87,0.84,0.84,3864094.0,9493526.0,371957765.0,0.010388528923438391
2005-08-17,0.84,0.86,0.82,0.85,4880840.0,11815960.0,371957765.0,0.013122027443088867
2005-08-18,0.87,0.88,0.83,0.83,9277610.0,23333385.0,371957765.0,0.024942643689667292
2005-08-19,0.82,0.85,0.81,0.83,4186447.0,10062443.0,371957765.0,0.011255167639799104
2005-08-22,0.83,0.83,0.81,0.83,2459082.0,5848757.0,371957765.0,0.006611186084527635
2005-08-23,0.83,0.84,0.81,0.83,1807256.0,4316248.0,371957765.0,0.004858766693578772
2005-08-24,0.83,0.84,0.82,0.84,2855437.0,6881937.0,371957765.0,0.00767677749649883
2005-08-25,0.84,0.84,0.83,0.84,2121731.0,5116375.0,371957765.0,0.005704225585934468
2005-08-26,0.83,0.86,0.83,0.84,3177770.0,7729661.0,371957765.0,0.00854336244331396
2005-08-29,0.84,0.86,0.84,0.85,3776206.0,9268902.0,371957765.0,0.010152244032329854
2005-08-30,0.84,0.86,0.84,0.84,2354514.0,5771206.0,371957765.0,0.00633005739240314
2005-08-31,0.83,0.83,0.79,0.82,5103690.0,11918327.0,371957765.0,0.013721154604743902
2005-09-01,0.82,0.88,0.81,0.87,11029531.0,27117973.0,371957765.0,0.02965264349300518
2005-09-02,0.88,0.89,0.87,0.89,9647749.0,24499097.0,371957765.0,0.025937753981288707
2005-09-05,0.89,0.94,0.88,0.93,14921352.0,39540363.0,371957765.0,0.04011571582596212
2005-09-06,0.94,0.94,0.9,0.92,8232446.0,21962829.0,371957765.0,0.022132744022698384
2005-09-07,0.92,0.95,0.92,0.94,14350494.0,38654661.0,371957765.0,0.03858097706335019
2005-09-08,0.94,0.96,0.93,0.93,10588351.0,28800070.0,371957765.0,0.0284665410869968
2005-09-09,0.93,0.93,0.9,0.91,5780328.0,15244231.0,371957765.0,0.015540280493942639
2005-09-12,0.92,0.92,0.89,0.91,2710017.0,7058349.0,371957765.0,0.007285819130567149
2005-09-13,0.91,0.92,0.9,0.92,3693750.0,9735781.0,371957765.0,0.009930562949801573
2005-09-14,0.92,0.93,0.91,0.92,3687688.0,9790771.0,371957765.0,0.009914265400535461
2005-09-15,0.92,0.92,0.91,0.91,3034988.0,8003004.0,371957765.0,0.008159496280444637
2005-09-16,0.9,0.93,0.9,0.92,3695423.0,9796934.0,371957765.0,0.009935060772289563
2005-09-19,0.92,0.95,0.92,0.94,4421411.0,12026886.0,371957765.0,0.01188686301521357
2005-09-20,0.93,0.93,0.91,0.92,3753212.0,10032567.0,371957765.0,0.010090425185773444
2005-09-21,0.92,0.93,0.9,0.91,3160332.0,8348244.0,371957765.0,0.00849648077652042
2005-09-22,0.91,0.92,0.85,0.87,3979504.0,10096524.0,371957765.0,0.010698806086223258
2005-09-23,0.87,0.88,0.85,0.85,1750231.0,4359412.0,371957765.0,0.004705456276736151
2005-09-26,0.85,0.87,0.85,0.87,835135.0,2068258.0,371957765.0,0.0022452414725096545
2005-09-27,0.87,0.87,0.83,0.84,1583321.0,3851596.0,371957765.0,0.004256722534075878
2005-09-28,0.83,0.85,0.82,0.84,2267593.0,5463875.0,371957765.0,0.006096372258823525
2005-09-29,0.85,0.87,0.84,0.87,2819413.0,6955695.0,371957765.0,0.007579927790995303
2005-09-30,0.87,0.87,0.82,0.83,5266301.0,12693696.0,371957765.0,0.014158330583581177
2005-10-10,0.83,0.84,0.81,0.82,1744997.0,4166112.0,371957765.0,0.004691384786657163
2005-10-11,0.82,0.84,0.81,0.84,1533435.0,3663001.0,371957765.0,0.004122605156528994
2005-10-12,0.84,0.86,0.83,0.86,3004979.0,7372198.0,371957765.0,0.008078817765775102
2005-10-13,0.85,0.86,0.83,0.84,1832308.0,4459534.0,371957765.0,0.00492611842637564
2005-10-14,0.92,0.92,0.87,0.91,18248802.0,47772899.0,371957765.0,0.049061489548416874
2005-10-17,0.91,0.91,0.87,0.88,7157814.0,18302192.0,371957765.0,0.01924362030726795
2005-10-18,0.89,0.89,0.86,0.88,5287895.0,13394866.0,371957765.0,0.014216385561946798
2005-10-19,0.87,0.89,0.87,0.87,4943508.0,12492835.0,371957765.0,0.013290508937217643
2005-10-20,0.84,0.87,0.82,0.86,6744293.0,16367483.0,371957765.0,0.01813187849432314
2005-10-21,0.84,0.87,0.84,0.86,3306040.0,8178530.0,371957765.0,0.00888821342390849
2005-10-24,0.88,0.89,0.86,0.87,2876078.0,7242279.0,371957765.0,0.007732270356017436
2005-10-25,0.87,0.87,0.84,0.84,2326482.0,5733595.0,371957765.0,0.006254693997314453
2005-10-26,0.84,0.85,0.81,0.82,2953799.0,7041621.0,371957765.0,0.007941221498629018
2005-10-27,0.85,0.85,0.78,0.8,2539788.0,5933588.0,371957765.0,0.006828162331817431
2005-10-28,0.8,0.87,0.8,0.81,4579093.0,10996906.0,371957765.0,0.012310787489541992
2005-10-31,0.8,0.83,0.8,0.82,1740281.0,4069106.0,371957765.0,0.0046787059278087665
2005-11-01,0.82,0.83,0.8,0.82,1664643.0,3901247.0,371957765.0,0.004475354883369621
2005-11-02,0.82,0.84,0.81,0.83,1948611.0,4652302.0,371957765.0,0.005238796399370773
2005-11-03,0.83,0.84,0.81,0.81,1374066.0,3255718.0,371957765.0,0.0036941452210306727
2005-11-04,0.81,0.82,0.8,0.82,1512684.0,3520524.0,371957765.0,0.004066816564509683
2005-11-07,0.81,0.82,0.8,0.82,974690.0,2287214.0,371957765.0,0.0026204319191992136
2005-11-08,0.82,0.84,0.81,0.84,4685994.0,11322806.0,371957765.0,0.012598188399158706
2005-11-09,0.84,0.86,0.83,0.85,5160243.0,12680222.0,371957765.0,0.013873196060310773
2005-11-10,0.84,0.85,0.81,0.81,3312559.0,7937171.0,371957765.0,0.008905739607291166
2005-11-11,0.82,0.86,0.81,0.84,3765586.0,9165549.0,371957765.0,0.01012369240362545
2005-11-14,0.84,0.87,0.83,0.86,4740637.0,11740559.0,371957765.0,0.01274509486312243
2005-11-15,0.87,0.88,0.86,0.87,5481148.0,13730887.0,371957765.0,0.0147359418615713
2005-11-16,0.87,0.87,0.84,0.87,2277723.0,5632414.0,371957765.0,0.006123606533661154
2005-11-17,0.87,0.87,0.85,0.86,1932289.0,4802588.0,371957765.0,0.005194915073220746
2005-11-18,0.86,0.88,0.86,0.88,6568078.0,16568405.0,371957765.0,0.017658128470580525
2005-11-21,0.88,0.89,0.86,0.87,4312831.0,10899754.0,371957765.0,0.011594948152245188
2005-11-22,0.88,0.88,0.84,0.84,3953072.0,9726302.0,371957765.0,0.010627744254781185
2005-11-23,0.84,0.85,0.83,0.84,1375477.0,3346595.0,371957765.0,0.0036979386624715308
2005-11-24,0.84,0.85,0.84,0.84,1305574.0,3190112.0,371957765.0,0.00351000603522822
2005-11-25,0.85,0.86,0.84,0.86,2357857.0,5819562.0,371957765.0,0.006339044971947285
2005-11-28,0.86,0.87,0.85,0.87,4082608.0,10210623.0,371957765.0,0.010975998847611098
2005-11-29,0.88,0.88,0.85,0.86,1631237.0,4031035.0,371957765.0,0.0043855436113828675
2005-11-30,0.86,0.86,0.85,0.86,1184164.0,2926003.0,371957765.0,0.0031835980087685494
2005-12-01,0.86,0.86,0.85,0.85,1086038.0,2680972.0,371957765.0,0.0029197884872762367
2005-12-02,0.85,0.86,0.83,0.83,1583179.0,3834607.0,371957765.0,0.004256340770302241
2005-12-05,0.83,0.83,0.81,0.81,1688768.0,3987840.0,371957765.0,0.004540214397728732
2005-12-06,0.81,0.82,0.8,0.82,1222836.0,2862325.0,371957765.0,0.003287566802107223
2005-12-07,0.82,0.82,0.81,0.82,572088.0,1351157.0,371957765.0,0.0015380455896652676
2005-12-08,0.83,0.83,0.82,0.82,552811.0,1315540.0,371957765.0,0.0014862198131553996
2005-12-09,0.82,0.83,0.82,0.83,1083418.0,2578619.0,371957765.0,0.0029127446768049056
2005-12-12,0.83,0.83,0.82,0.83,1125793.0,2696385.0,371957765.0,0.003026668901508213
2005-12-13,0.83,0.83,0.82,0.82,1009130.0,2390291.0,371957765.0,0.0027130230766925917
2005-12-14,0.82,0.84,0.82,0.84,1560011.0,3728105.0,371957765.0,0.004194054128699262
2005-12-15,0.84,0.85,0.83,0.84,1775124.0,4314001.0,371957765.0,0.004772380541645635
2005-12-16,0.85,0.85,0.84,0.84,1121659.0,2728849.0,371957765.0,0.0030155547364362724
2005-12-19,0.84,0.86,0.84,0.85,1707138.0,4195213.0,371957765.0,0.004589601725346425
2005-12-20,0.85,0.86,0.84,0.85,962956.0,2343788.0,371957765.0,0.002588885326805854
2005-12-21,0.85,0.85,0.83,0.83,1527582.0,3689829.0,371957765.0,0.004106869499014223
2005-12-22,0.83,0.83,0.82,0.83,2200215.0,5226212.0,371957765.0,0.005915228036710028
2005-12-23,0.83,0.83,0.82,0.83,1043420.0,2496673.0,371957765.0,0.0028052109625940997
2005-12-26,0.83,0.85,0.83,0.84,2160019.0,5242164.0,371957765.0,0.005807162003997954
2005-12-27,0.84,0.84,0.83,0.84,1553432.0,3747003.0,371957765.0,0.004176366636679839
2005-12-28,0.84,0.86,0.83,0.86,2939381.0,7203521.0,371957765.0,0.007902459033218462
2005-12-29,0.86,0.86,0.85,0.86,4482128.0,11095583.0,371957765.0,0.012050099290170754
2005-12-30,0.86,0.87,0.85,0.85,2398995.0,5922056.0,371957765.0,0.006449643550256304
2006-01-04,0.85,0.87,0.85,0.87,2391957.0,5936934.0,371957765.0,0.006430722047165758
2006-01-05,0.87,0.9,0.86,0.9,9006646.0,23079509.0,371957765.0,0.024214163132204
2006-01-06,0.9,0.98,0.88,0.93,13508901.0,36040837.0,371957765.0,0.036318373404571884
2006-01-09,0.93,0.96,0.92,0.93,7410697.0,19982643.0,371957765.0,0.01992349050704722
2006-01-10,0.93,0.94,0.91,0.93,5943497.0,15874215.0,371957765.0,0.01597895664310167
2006-01-11,0.93,0.94,0.91,0.91,3686492.0,9756843.0,371957765.0,0.009911049981709616
2006-01-12,0.91,0.92,0.9,0.92,4036443.0,10596383.0,371957765.0,0.010851885294019873
2006-01-13,0.92,0.93,0.9,0.91,2925561.0,7705232.0,371957765.0,0.00786530427722083
2006-01-16,0.9,0.92,0.89,0.89,2959986.0,7728770.0,371957765.0,0.00795785510755502
2006-01-17,0.89,0.9,0.88,0.89,2887489.0,7397974.0,371957765.0,0.007762948570249636
2006-01-18,0.89,0.91,0.88,0.91,3667893.0,9545824.0,371957765.0,0.009861046992795003
2006-01-19,0.91,0.92,0.89,0.91,4208418.0,11008440.0,371957765.0,0.01131423617409896
2006-01-20,0.91,0.91,0.88,0.88,5785379.0,14864691.0,371957765.0,0.015553859992679546
2006-01-23,0.88,0.88,0.86,0.88,3414621.0,8595418.0,371957765.0,0.009180130975354151
2006-01-25,0.88,0.9,0.87,0.89,3158971.0,8056734.0,371957765.0,0.008492821758943518
2006-02-06,0.89,0.91,0.88,0.9,2708285.0,7020457.0,371957765.0,0.007281162687919689
2006-02-07,0.9,0.92,0.9,0.91,4381483.0,11496357.0,371957765.0,0.011779517494412303
2006-02-08,0.91,0.93,0.9,0.91,3467818.0,9182853.0,371957765.0,0.009323149901172247
2006-02-09,0.92,0.93,0.9,0.91,4030634.0,10665988.0,371957765.0,0.010836267929505384
2006-02-10,0.91,0.93,0.91,0.93,4229365.0,11280512.0,371957765.0,0.011370551707664982
2006-02-13,0.93,0.93,0.91,0.92,2770071.0,7351074.0,371957765.0,0.0074472729450882685
2006-02-14,0.91,0.92,0.9,0.91,2406871.0,6320398.0,371957765.0,0.006470817997306764
2006-02-15,0.91,0.94,0.91,0.93,5880219.0,15783855.0,371957765.0,0.015808835177832624
2006-02-16,0.93,0.94,0.9,0.9,5690280.0,15144872.0,371957765.0,0.015298188491911172
2006-02-17,0.9,0.91,0.89,0.9,2975304.0,7704401.0,371957765.0,0.007999037202516797
2006-02-20,0.9,0.91,0.89,0.9,3384589.0,8831141.0,371957765.0,0.009099390625707195
2006-02-21,0.9,0.91,0.88,0.91,3176389.0,8176590.0,371957765.0,0.008539649656191476
2006-02-22,0.91,0.91,0.9,0.9,2583860.0,6770258.0,371957765.0,0.006946648902463429
2006-02-23,0.9,0.92,0.9,0.92,3713119.0,9810230.0,371957765.0,0.00998263606622112
2006-02-24,0.92,0.93,0.91,0.93,5458423.0,14555041.0,371957765.0,0.014674846215402977
2006-02-27,0.93,0.94,0.91,0.91,4133739.0,11051550.0,371957765.0,0.011113463379370504
2006-02-28,0.92,0.93,0.9,0.92,2793177.0,7356937.0,371957765.0,0.0075093929010999405
2006-03-01,0.92,0.97,0.92,0.96,12374556.0,33989253.0,371957765.0,0.03326871264537252
2006-03-02,0.96,0.97,0.93,0.94,8482223.0,23342557.0,371957765.0,0.022804263812048663
2006-03-03,0.93,0.99,0.93,0.98,17683225.0,49573030.0,371957765.0,0.04754094863431605
2006-03-06,0.98,1.0,0.97,0.98,9567672.0,27197105.0,371957765.0,0.025722468786207486
2006-03-07,0.98,0.99,0.93,0.93,7615927.0,20912828.0,371957765.0,0.02047524669904391
2006-03-08,0.93,0.95,0.91,0.92,5018990.0,13400611.0,371957765.0,0.013493440579201243
2006-03-09,0.93,0.94,0.91,0.91,3681373.0,9834243.0,371957765.0,0.00989728766651773
2006-03-10,0.91,0.92,0.9,0.91,3586105.0,9389842.0,371957765.0,0.009641161813089182
2006-03-13,0.91,0.92,0.9,0.92,2208026.0,5847282.0,371957765.0,0.005936227732737344
2006-03-14,0.92,0.92,0.9,0.9,2783455.0,7291399.0,371957765.0,0.007483255524992199
2006-03-15,0.91,0.92,0.9,0.92,4094877.0,10783075.0,371957765.0,0.011008983775348796
2006-03-16,0.92,0.93,0.91,0.93,4091658.0,10888416.0,371957765.0,0.011000329566987262
2006-03-17,0.93,0.93,0.91,0.93,2411211.0,6421968.0,371957765.0,0.006482485988698206
2006-03-20,0.92,0.94,0.91,0.94,4088488.0,10979027.0,371957765.0,0.010991807094012408
2006-03-21,0.95,0.95,0.93,0.93,4286749.0,11687318.0,371957765.0,0.011524827287850812
2006-03-22,0.95,0.98,0.93,0.98,8939833.0,24789145.0,371957765.0,0.024034537899753215
2006-03-23,0.99,0.99,0.96,0.98,11217511.0,31338086.0,371957765.0,0.030158023451936807
2006-03-24,1.0,1.0,0.95,0.96,10530393.0,29488042.0,371957765.0,0.028310722320852744
2006-03-27,0.95,0.95,0.93,0.95,4451527.0,12053402.0,371957765.0,0.011967829196951971
2006-03-28,0.94,0.95,0.93,0.95,3399209.0,9239091.0,371957765.0,0.009138696163528135
2006-03-29,0.95,0.96,0.93,0.96,5599896.0,15291510.0,371957765.0,0.015055193161513915
2006-03-30,0.95,0.95,0.93,0.93,3166363.0,8599152.0,371957765.0,0.008512694982990877
2006-03-31,0.94,0.94,0.92,0.93,3590804.0,9601536.0,371957765.0,0.009653794967823833
2006-04-03,0.93,0.95,0.92,0.94,5385572.0,14440160.0,371957765.0,0.014478987957140779
2006-04-04,0.94,0.95,0.92,0.94,4476746.0,12079810.0,371957765.0,0.012035629905454454
2006-04-05,0.94,0.95,0.93,0.94,3841222.0,10403294.0,371957765.0,0.010327038071110036
2006-04-06,0.94,0.95,0.93,0.95,4753710.0,12929160.0,371957765.0,0.01278024132659255
2006-04-07,0.96,0.97,0.94,0.97,7566983.0,20922323.0,371957765.0,0.02034366186709397
2006-04-10,0.97,0.98,0.95,0.98,7732523.0,21591913.0,371957765.0,0.020788712395881828
2006-04-11,0.98,0.99,0.95,0.97,7175677.0,20117848.0,371957765.0,0.01929164457690512
2006-04-12,0.97,0.97,0.95,0.96,5084287.0,14047359.0,371957765.0,0.013668990080096862
2006-04-13,0.96,0.97,0.93,0.93,5673818.0,15511300.0,371957765.0,0.015253930778942066
2006-04-14,0.93,0.94,0.92,0.94,4869278.0,13074077.0,371957765.0,0.013090943268787519
2006-04-17,0.94,0.94,0.92,0.93,5116565.0,13767021.0,371957765.0,0.013755768749712753
2006-04-18,0.93,0.93,0.92,0.92,4807428.0,12839128.0,371957765.0,0.012924660949073076
2006-04-19,0.92,0.92,0.91,0.91,4189220.0,11049055.0,371957765.0,0.011262622787294143
2006-04-20,0.91,0.91,0.87,0.87,6229220.0,16010093.0,371957765.0,0.016747116436727702
2006-04-21,0.87,0.88,0.86,0.88,4706936.0,11870253.0,371957765.0,0.012654490490338332
2006-04-24,0.87,0.87,0.82,0.82,7155331.0,17206621.0,371957765.0,0.01923694481818386
2006-04-25,0.82,0.85,0.81,0.84,4506960.0,10903437.0,371957765.0,0.012116859557966212
2006-04-26,0.83,0.84,0.8,0.81,6061036.0,14271621.0,371957765.0,0.016294957574013814
2006-04-27,0.81,0.83,0.81,0.82,4023191.0,9538852.0,371957765.0,0.010816257593116788
2006-04-28,0.82,0.83,0.8,0.83,3380217.0,7985443.0,371957765.0,0.009087636603042822
2006-05-08,0.83,0.9,0.83,0.88,10662926.0,26872484.0,371957765.0,0.028667034280088224
2006-05-09,0.88,0.89,0.86,0.89,7099872.0,18036053.0,371957765.0,0.019087844556760363
2006-05-10,0.89,0.92,0.88,0.91,8798452.0,22921287.0,371957765.0,0.023654438293551957
2006-05-11,0.91,0.92,0.88,0.88,8921202.0,23391784.0,371957765.0,0.02398444887956567
2006-05-12,0.88,0.91,0.87,0.91,7287041.0,18676948.0,371957765.0,0.01959104416061861
2006-05-15,0.91,0.96,0.91,0.96,17931055.0,48151680.0,371957765.0,0.04820723395840385
2006-05-16,0.97,1.06,0.94,1.06,28673293.0,83095139.0,371957765.0,0.07708749674845476
2006-05-17,1.06,1.11,1.03,1.08,34778616.0,107306387.0,371957765.0,0.09350151891572958
2006-05-18,1.07,1.08,1.04,1.05,13620610.0,41341072.0,371957765.0,0.036618700512946675
2006-05-19,1.05,1.1,1.04,1.08,19024622.0,58988887.0,371957765.0,0.05114726399111469
2006-05-22,1.08,1.19,1.08,1.19,16372660.0,54923604.0,371957765.0,0.04401752440898767
2006-05-23,1.27,1.27,1.14,1.15,28203477.0,98521035.0,371957765.0,0.07582440710708109
2006-05-24,1.15,1.19,1.06,1.1,16003896.0,52165709.0,371957765.0,0.043026110773625066
2006-05-25,1.1,1.21,1.08,1.19,17594513.0,59318899.0,371957765.0,0.0473024484379295
2006-05-26,1.19,1.31,1.17,1.28,24219144.0,88899918.0,371957765.0,0.0651126183640769
2006-05-29,1.31,1.38,1.28,1.28,22366628.0,85230481.0,371957765.0,0.06013217118884452
2006-05-30,1.27,1.39,1.24,1.38,20762505.0,78938285.0,371957765.0,0.055819522950408096
2006-06-01,1.45,1.52,1.43,1.52,8106838.0,35205625.0,371957765.0,0.021795049768620907
2006-06-02,1.66,1.68,1.56,1.6,30540831.0,143503499.0,371957765.0,0.08210833022937429
2006-06-05,1.61,1.67,1.54,1.59,14731649.0,67459257.0,371957765.0,0.03960570362067855
2006-06-06,1.59,1.68,1.59,1.66,17840062.0,84753718.0,371957765.0,0.0479626013453436
2006-06-07,1.66,1.79,1.63,1.67,25469412.0,126462624.0,371957765.0,0.06847393547490532
2006-06-08,1.64,1.64,1.5,1.55,22200535.0,98743167.0,371957765.0,0.0596856339321213
2006-06-09,1.55,1.59,1.4,1.4,15018916.0,64361839.0,371957765.0,0.040378014423223564
2006-06-12,1.4,1.45,1.33,1.44,11298350.0,46189447.0,371957765.0,0.03037535726670473
2006-06-13,1.42,1.46,1.37,1.42,8079954.0,32944667.0,371957765.0,0.021722772745448666
2006-06-14,1.38,1.45,1.35,1.4,10397067.0,41856157.0,371957765.0,0.027952278399134913
2006-06-15,1.41,1.43,1.34,1.35,10022485.0,39743140.0,371957765.0,0.026945223202962304
2006-06-16,1.35,1.48,1.27,1.46,21201149.0,84103306.0,371957765.0,0.05699880737803659
2006-06-19,1.44,1.5,1.39,1.46,12697637.0,53551648.0,371957765.0,0.03413730857319244
2006-06-20,1.41,1.45,1.38,1.39,18701040.0,76135551.0,371957765.0,0.05027732113617792
2006-06-21,1.37,1.43,1.33,1.38,16597082.0,65538373.0,371957765.0,0.044620877856925506
2006-06-22,1.38,1.4,1.35,1.37,8298868.0,32806628.0,371957765.0,0.02231131806053303
2006-06-23,1.37,1.42,1.37,1.41,12476633.0,50547133.0,371957765.0,0.03354314434059469
2006-07-07,1.55,1.55,1.47,1.49,24437382.0,106810909.0,371957765.0,0.06569934626852057
2006-07-10,1.48,1.48,1.38,1.42,11124976.0,45609228.0,371957765.0,0.029909245206912134
2006-07-11,1.42,1.46,1.42,1.43,8767882.0,36328532.0,371957765.0,0.02357225154312883
2006-07-12,1.43,1.43,1.38,1.39,12757455.0,51511920.0,371957765.0,0.03429812790707568
2006-07-13,1.39,1.41,1.31,1.31,14230341.0,55570542.0,371957765.0,0.03825794845283039
2006-09-29,1.4,1.51,1.39,1.48,35478007.0,112744895.0,494703827.0,0.07171565098888956
2006-10-09,1.5,1.51,1.43,1.45,16550615.0,52562059.0,494703827.0,0.03345560332606847
2006-10-10,1.44,1.56,1.4,1.52,27862118.0,89923418.0,494703827.0,0.05632080545841421
2006-10-11,1.51,1.54,1.49,1.51,19462377.0,63887768.0,494703827.0,0.03934147248875033
2006-10-12,1.5,1.54,1.47,1.49,11462778.0,37386802.0,494703827.0,0.023170991155481803
2006-10-13,1.49,1.51,1.47,1.5,7009935.0,22678388.0,494703827.0,0.01416996315251873
2006-10-16,1.5,1.5,1.45,1.46,6375730.0,20291644.0,494703827.0,0.012887973878560676
2006-10-17,1.45,1.45,1.4,1.42,7622237.0,23688015.0,494703827.0,0.015407677450613295
2006-10-18,1.42,1.45,1.41,1.44,5503387.0,17087094.0,494703827.0,0.011124609715218557
2006-10-19,1.45,1.47,1.42,1.44,7860522.0,24719853.0,494703827.0,0.015889349487486378
2006-10-20,1.43,1.44,1.42,1.42,5580031.0,17281783.0,494703827.0,0.01127953877745118
2006-10-23,1.42,1.45,1.37,1.39,7515416.0,22930050.0,494703827.0,0.015191748253849672
2006-10-24,1.39,1.44,1.39,1.42,5593284.0,17154841.0,494703827.0,0.011306328543926951
2006-10-25,1.4,1.42,1.38,1.4,7259053.0,21979819.0,494703827.0,0.014673533140062003
2006-10-26,1.39,1.42,1.36,1.38,6615417.0,19896261.0,494703827.0,0.013372479934342615
2006-10-27,1.38,1.4,1.34,1.34,6319481.0,18703984.0,494703827.0,0.012774271503664758
2006-10-30,1.35,1.37,1.33,1.36,5896757.0,17240443.0,494703827.0,0.011919772353004255
2006-10-31,1.34,1.45,1.34,1.45,20634668.0,63887682.0,494703827.0,0.04171115498566782
2006-11-01,1.45,1.47,1.42,1.44,10041655.0,31410589.0,494703827.0,0.020298316794707148
2006-11-02,1.45,1.45,1.39,1.45,11936415.0,36671358.0,494703827.0,0.024128406429328068
2006-11-03,1.45,1.45,1.41,1.42,7725472.0,23893051.0,494703827.0,0.0156163578657741
2006-11-06,1.4,1.42,1.39,1.4,5937871.0,18110855.0,494703827.0,0.012002880665000394
2006-11-07,1.4,1.41,1.36,1.37,6446681.0,19267582.0,494703827.0,0.013031395045181245
2006-11-08,1.36,1.39,1.36,1.38,3704739.0,11056096.0,494703827.0,0.0074888019817158195
2006-11-09,1.39,1.41,1.37,1.4,5281247.0,15957959.0,494703827.0,0.010675573366850061
2006-11-10,1.38,1.39,1.34,1.35,7380133.0,21759924.0,494703827.0,0.014918285643260245
2006-11-13,1.35,1.37,1.27,1.28,7333153.0,20943416.0,494703827.0,0.014823319731464297
2006-11-14,1.28,1.3,1.22,1.28,6506132.0,17786368.0,494703827.0,0.013151569979667856
2006-11-15,1.28,1.34,1.26,1.31,7738690.0,21912588.0,494703827.0,0.015643076882847724
2006-11-16,1.32,1.33,1.27,1.27,6907776.0,19439891.0,494703827.0,0.013963457776121065
2006-11-17,1.3,1.4,1.29,1.4,13848024.0,41469844.0,494703827.0,0.02799255482614247
2006-11-20,1.45,1.48,1.41,1.46,37800521.0,119305393.0,494703827.0,0.07641040747396523
2006-11-21,1.46,1.47,1.41,1.47,16990380.0,53267532.0,494703827.0,0.03434454934992852
2006-11-22,1.47,1.47,1.43,1.47,16247067.0,51333191.0,494703827.0,0.03284200791112942
2006-11-23,1.47,1.54,1.47,1.51,24893867.0,81678978.0,494703827.0,0.05032074878207886
2006-11-24,1.52,1.52,1.45,1.48,14161245.0,45316717.0,494703827.0,0.028625703354423413
2006-11-27,1.47,1.51,1.45,1.5,11657207.0,37439989.0,494703827.0,0.023564012170053418
2006-11-28,1.48,1.5,1.44,1.45,10893884.0,34627963.0,494703827.0,0.02202102228734123
2006-11-29,1.43,1.48,1.41,1.46,12281563.0,38699272.0,494703827.0,0.02482609256224735
2006-11-30,1.46,1.56,1.44,1.55,39881773.0,131347057.0,494703827.0,0.08061747418016235
2006-12-01,1.57,1.7,1.55,1.7,69510834.0,245141092.0,494703827.0,0.1405099985207917
2006-12-04,1.75,1.76,1.69,1.73,45682539.0,171189213.0,494703827.0,0.0923432092228387
2006-12-05,1.73,1.86,1.7,1.73,37584568.0,144768872.0,494703827.0,0.0759738775984848
2006-12-06,1.71,1.72,1.58,1.65,33820883.0,121117566.0,494703827.0,0.06836592149508477
2006-12-07,1.62,1.69,1.61,1.63,23886796.0,85825353.0,494703827.0,0.04828504389152421
2006-12-08,1.61,1.61,1.52,1.52,19422781.0,66077506.0,494703827.0,0.039261432679395865
2006-12-11,1.51,1.63,1.51,1.63,16359822.0,55931848.0,494703827.0,0.03306993216367417
2006-12-12,1.63,1.65,1.56,1.6,13278292.0,46211340.0,494703827.0,0.026840892015173354
2006-12-13,1.59,1.63,1.57,1.6,9488368.0,32905470.0,494703827.0,0.019179896095689593
2006-12-14,1.6,1.71,1.58,1.69,23795689.0,85649005.0,494703827.0,0.048100879154913026
2006-12-15,1.7,1.7,1.64,1.68,15838231.0,57274947.0,494703827.0,0.03201558212324078
2006-12-18,1.69,1.69,1.64,1.66,14849098.0,53347481.0,494703827.0,0.030016137311992132
2006-12-19,1.68,1.68,1.58,1.65,17606406.0,62116503.0,494703827.0,0.035589791384411505
2006-12-20,1.61,1.65,1.6,1.63,11277459.0,39755133.0,494703827.0,0.022796385199583265
2006-12-21,1.63,1.63,1.59,1.6,14417478.0,50399849.0,494703827.0,0.029143655684717395
2006-12-22,1.59,1.68,1.57,1.63,15755364.0,55727191.0,494703827.0,0.03184807381730645
2006-12-25,1.63,1.66,1.6,1.63,15832412.0,56365039.0,494703827.0,0.032003819529781
2006-12-26,1.65,1.65,1.57,1.59,10837923.0,37814124.0,494703827.0,0.021907902078954405
2006-12-27,1.59,1.66,1.57,1.65,17905577.0,63381229.0,494703827.0,0.03619453908125922
2006-12-28,1.67,1.71,1.62,1.66,23806222.0,86318997.0,494703827.0,0.04812217068213624
2007-01-04,1.82,1.82,1.75,1.82,55472753.0,218986278.0,494703827.0,0.11213326029111151
2007-01-05,1.86,1.92,1.83,1.88,66129254.0,269011240.0,494703827.0,0.13367443385474356
2007-01-08,1.88,1.88,1.8,1.84,32822059.0,130482247.0,494703827.0,0.06634688718508741
2007-01-09,1.85,1.99,1.81,1.94,41100019.0,169697900.0,494703827.0,0.08308005064209863
2007-01-10,1.96,2.02,1.91,1.96,37254857.0,159116410.0,494703827.0,0.07530739599473525
2007-01-11,2.0,2.15,1.97,2.04,44463945.0,200905538.0,494703827.0,0.08987992930970393
2007-01-12,2.09,2.16,1.89,1.92,36275526.0,160086203.0,494703827.0,0.0733277650589107
2007-01-15,1.98,2.06,1.91,2.04,27382843.0,118851669.0,494703827.0,0.05535199346658784
2007-01-16,2.05,2.12,1.99,2.1,32699529.0,147442370.0,494703827.0,0.0660992036352288
2007-01-17,2.11,2.17,2.0,2.05,34487418.0,158301196.0,494703827.0,0.0697132630025116
2007-01-18,2.03,2.04,1.87,2.0,29709560.0,127335481.0,494703827.0,0.060055245944155594
2007-01-19,2.03,2.14,2.01,2.13,41701794.0,188349799.0,494703827.0,0.08429648554143891
2007-01-22,2.17,2.34,2.17,2.34,77286833.0,374090742.0,494703827.0,0.15622849224491647
2007-01-23,2.34,2.39,2.22,2.29,41327480.0,206495528.0,494703827.0,0.08353984292100493
2007-01-24,2.26,2.3,2.21,2.26,32119477.0,156107266.0,494703827.0,0.06492667985768381
2007-01-25,2.25,2.25,2.16,2.2,30505838.0,146406461.0,494703827.0,0.061664851442517744
2007-01-26,2.19,2.24,1.99,2.14,33748154.0,156604786.0,494703827.0,0.06821890625883514
2007-01-29,2.12,2.28,2.11,2.28,42356165.0,202654848.0,494703827.0,0.08561923859950249
2007-01-30,2.33,2.33,2.22,2.25,50617043.0,251655392.0,494703827.0,0.10231787230544306
2007-01-31,2.22,2.22,2.06,2.08,28244583.0,130564573.0,494703827.0,0.057093924603902446
2007-02-01,2.03,2.06,1.93,2.02,17431501.0,76039844.0,494703827.0,0.035236236407768885
2007-02-02,2.03,2.05,1.93,1.93,14527022.0,62622649.0,494703827.0,0.029365089184968038
2007-02-05,1.92,1.93,1.88,1.91,11869793.0,49154168.0,494703827.0,0.023993735953047317
2007-02-06,1.92,2.03,1.92,2.03,12223565.0,52308334.0,494703827.0,0.02470885473865558
2007-02-07,2.05,2.07,2.03,2.05,16321734.0,72486562.0,494703827.0,0.03299294064284649
2007-02-08,2.1,2.18,2.09,2.17,33011618.0,153351763.0,494703827.0,0.06673006392570317
2007-02-09,2.15,2.15,2.1,2.12,14718635.0,67777363.0,494703827.0,0.029752417904784067
2007-02-12,2.1,2.15,2.09,2.14,13724206.0,63159309.0,494703827.0,0.027742267698284858
2007-02-13,2.15,2.19,2.13,2.16,14798388.0,69455276.0,494703827.0,0.02991363153533882
2007-02-14,2.15,2.21,2.14,2.18,20525477.0,96746735.0,494703827.0,0.04149043504367311
2007-02-15,2.17,2.29,2.16,2.29,37536236.0,181889905.0,494703827.0,0.07587617873835449
2007-02-16,2.31,2.5,2.29,2.43,66197538.0,339384834.0,494703827.0,0.13381246391692053
2007-02-26,2.37,2.47,2.3,2.42,36403215.0,188252100.0,494703827.0,0.07358587707064575
2007-02-27,2.42,2.42,2.18,2.18,36576975.0,182642375.0,494703827.0,0.07393711753113243
2007-02-28,2.07,2.27,2.05,2.23,24412872.0,114456817.0,494703827.0,0.04934845996248984
2007-03-01,2.23,2.24,2.07,2.11,22680850.0,104762548.0,494703827.0,0.04584733079091381
2007-03-02,2.1,2.28,2.09,2.2,27484481.0,131392689.0,494703827.0,0.05555744568759926
2007-03-05,2.18,2.22,2.09,2.19,18636149.0,87666424.0,494703827.0,0.03767132571626538
2007-03-06,2.23,2.34,2.23,2.32,53149151.0,266631925.0,494703827.0,0.10743630451033483
2007-03-07,2.32,2.38,2.27,2.35,32090344.0,162452683.0,494703827.0,0.06486779007674828
2007-03-08,2.35,2.38,2.3,2.36,25123404.0,127801523.0,494703827.0,0.050784737511238215
2007-03-09,2.34,2.35,2.27,2.31,21978639.0,110383530.0,494703827.0,0.044427873407172976
2007-03-12,2.31,2.33,2.25,2.32,17977543.0,89644185.0,494703827.0,0.03634001198054205
2007-03-13,2.32,2.46,2.29,2.44,52784411.0,273669846.0,494703827.0,0.10669901488350524
2007-03-14,2.44,2.53,2.35,2.46,70724480.0,378746160.0,494703827.0,0.14296327648987442
2007-03-15,2.45,2.51,2.43,2.47,28712747.0,153855074.0,494703827.0,0.058040276692664435
2007-03-16,2.48,2.58,2.35,2.53,53285666.0,287704862.0,494703827.0,0.10771225749987982
2007-03-19,2.43,2.63,2.39,2.58,48888463.0,270600151.0,494703827.0,0.09882370083221531
2007-03-20,2.61,2.61,2.54,2.59,30817268.0,172561797.0,494703827.0,0.062294379622820265
2007-03-21,2.59,2.62,2.52,2.56,28761719.0,159879220.0,494703827.0,0.058139269256148284
2007-03-22,2.57,2.69,2.57,2.61,41715997.0,236329817.0,494703827.0,0.0843251956488301
2007-03-23,2.6,2.67,2.5,2.63,34748099.0,196047028.0,494703827.0,0.0702402065711127
2007-03-26,2.76,2.85,2.73,2.8,65382023.0,396210740.0,494703827.0,0.13216397252572698
2007-03-27,2.81,2.89,2.76,2.85,36951902.0,227665497.0,494703827.0,0.07469499927680971
2007-03-28,2.85,2.85,2.62,2.78,43048481.0,258802254.0,494703827.0,0.08701869411655067
2007-03-29,2.77,2.77,2.59,2.59,34385298.0,199742634.0,494703827.0,0.06950683646116204
2007-03-30,2.56,2.66,2.52,2.62,17376394.0,98525551.0,494703827.0,0.035124842484794444
2007-04-02,2.62,2.7,2.6,2.7,17728463.0,102079398.0,494703827.0,0.03583651880663539
2007-04-03,2.7,2.71,2.65,2.71,18437095.0,107197841.0,494703827.0,0.037268955673552935
2007-04-04,2.71,2.76,2.65,2.75,25515678.0,150784615.0,494703827.0,0.05157768468203097
2007-04-05,2.81,2.88,2.81,2.86,56942836.0,353159177.0,494703827.0,0.11510490295843213
2007-04-06,2.83,2.86,2.81,2.84,25818054.0,159021773.0,494703827.0,0.05218891100270385
2007-04-09,2.84,2.88,2.8,2.86,33460652.0,206297434.0,494703827.0,0.0676377464126632
2007-04-10,2.86,2.88,2.76,2.83,25594232.0,157123008.0,494703827.0,0.05173647464020932
2007-04-11,2.84,2.97,2.76,2.93,46452530.0,287969414.0,494703827.0,0.0938996778773656
2007-04-12,2.92,2.94,2.86,2.89,31777374.0,199721215.0,494703827.0,0.06423514892275131
2007-04-13,2.88,2.93,2.81,2.83,36116260.0,225908876.0,494703827.0,0.07300582293655877
2007-04-16,2.81,3.04,2.81,3.03,71672945.0,459426901.0,494703827.0,0.14488051453865142
2007-04-17,3.08,3.26,3.08,3.25,105236843.0,718555619.0,494703827.0,0.2127269636020018
2007-04-18,3.26,3.26,3.14,3.2,47934576.0,332677627.0,494703827.0,0.09689550269034002
2007-04-19,3.18,3.18,2.88,2.97,39449765.0,260549505.0,494703827.0,0.07974420824522953
2007-04-20,2.97,3.14,2.97,3.12,27591686.0,184650560.0,494703827.0,0.05577415110637501
2007-04-23,3.13,3.27,3.13,3.21,37950197.0,264504059.0,494703827.0,0.07671296426012891
2007-04-24,3.25,3.43,3.16,3.42,70098049.0,499522492.0,494703827.0,0.14169700166883892
2007-04-25,3.34,3.49,3.26,3.45,52031855.0,381587435.0,494703827.0,0.10517778953830491
2007-04-26,3.52,3.59,3.45,3.48,52655424.0,400608136.0,494703827.0,0.10643827907965628
2007-04-27,3.48,3.58,3.32,3.54,46159622.0,349588117.0,494703827.0,0.0933075902806792
2007-04-30,3.6,3.64,3.53,3.61,53698412.0,419298890.0,494703827.0,0.108546587006694
2007-05-08,3.67,3.72,3.6,3.62,44321981.0,349542327.0,494703827.0,0.08959296164895042
2007-05-09,3.62,3.84,3.4,3.76,56804145.0,444957668.0,494703827.0,0.1148245513774851
2007-05-10,3.78,4.01,3.78,3.93,64728320.0,543858405.0,494703827.0,0.13084256977053868
2007-05-11,3.89,3.89,3.78,3.81,33411940.0,277437208.0,494703827.0,0.06753927941616672
2007-05-14,3.7,3.81,3.63,3.75,25787631.0,209868964.0,494703827.0,0.05212741360094633
2007-05-15,3.75,3.94,3.73,3.77,56001295.0,468422296.0,494703827.0,0.11320166116281126
2007-05-16,3.76,4.07,3.73,4.04,70913774.0,604310202.0,494703827.0,0.14334591755644535
2007-05-17,4.08,4.19,3.96,4.11,101128341.0,893418826.0,494703827.0,0.20442199045288567
2007-05-21,3.94,4.28,3.9,4.19,52931179.0,481772044.0,494703827.0,0.10699569340505627
2007-05-22,4.2,4.25,4.14,4.17,44248703.0,401720165.0,494703827.0,0.08944483665779282
2007-05-23,4.17,4.21,4.08,4.2,38429839.0,347217336.0,494703827.0,0.07768251810997209
2007-05-24,4.21,4.23,4.01,4.14,32142953.0,287168792.0,494703827.0,0.06497413451382093
2007-05-25,4.15,4.18,4.09,4.11,24873185.0,222661492.0,494703827.0,0.05027894194964455
2007-05-28,4.11,4.31,4.1,4.24,53129957.0,484812139.0,494703827.0,0.1073975055381975
2007-05-29,4.24,4.25,4.13,4.19,36049254.0,327898145.0,494703827.0,0.0728703762382659
2007-05-30,3.86,4.12,3.78,3.78,39889603.0,337320417.0,494703827.0,0.08063330183212834
2007-05-31,3.6,3.72,3.4,3.46,40854698.0,307653556.0,494703827.0,0.08258415595398254
2007-06-01,3.46,3.55,3.12,3.12,37699011.0,268247073.0,494703827.0,0.07620521399362451
2007-06-04,3.04,3.12,2.8,2.8,31412883.0,193822015.0,494703827.0,0.0634983626273827
2007-06-05,2.6,2.94,2.52,2.9,42748053.0,247433388.0,494703827.0,0.08641140550546014
2007-06-06,2.91,2.97,2.76,2.87,35209143.0,220645966.0,494703827.0,0.07117216621006653
2007-06-07,2.88,3.0,2.83,2.99,32266951.0,204855549.0,494703827.0,0.06522478549574673
2007-06-08,3.02,3.06,2.95,3.02,30847069.0,202202897.0,494703827.0,0.06235461970663105
2007-06-11,3.03,3.05,2.95,2.97,24845943.0,161290134.0,494703827.0,0.05022387465783643
2007-06-12,2.97,3.0,2.72,2.94,30524282.0,190554318.0,494703827.0,0.061702134356037636
2007-06-13,2.97,3.23,2.94,3.23,57082710.0,386252944.0,494703827.0,0.11538764586917173
2007-06-14,3.25,3.41,3.08,3.3,57873724.0,412370337.0,494703827.0,0.11698661065745102
2007-06-15,3.3,3.39,3.25,3.34,56367112.0,408410768.0,494703827.0,0.11394112784981549
2007-06-18,3.38,3.46,3.32,3.33,39113108.0,287886329.0,494703827.0,0.07906368591727106
2007-06-19,3.4,3.4,3.27,3.32,24106435.0,173268039.0,494703827.0,0.04872902468975644
2007-06-20,3.33,3.4,3.15,3.2,25122100.0,181086280.0,494703827.0,0.050782101590655375
2007-06-21,3.15,3.29,3.11,3.18,18948236.0,131431505.0,494703827.0,0.038302181963916763
2007-06-22,3.24,3.29,2.86,2.94,24653704.0,162892895.0,494703827.0,0.04983528053442772
2007-06-25,2.94,2.99,2.64,2.64,22758835.0,137084296.0,494703827.0,0.04600497056595441
2007-06-26,2.58,2.91,2.53,2.91,20033350.0,117471049.0,494703827.0,0.04049564387137842
2007-06-27,2.94,2.94,2.79,2.9,16674953.0,104189373.0,494703827.0,0.033706941587900836
2007-06-28,2.85,2.9,2.62,2.67,15314691.0,91785240.0,494703827.0,0.030957292351813562
2007-06-29,2.59,2.85,2.56,2.72,24180502.0,145245692.0,494703827.0,0.048878744574579566
2007-07-02,2.72,2.89,2.69,2.88,18855768.0,115708576.0,494703827.0,0.038115266086267814
2007-07-03,2.89,2.92,2.76,2.84,12666860.0,78121156.0,494703827.0,0.02560493634507501
2007-07-04,2.87,2.99,2.85,2.86,19622896.0,124704334.0,494703827.0,0.03966594743969911
2007-07-05,2.84,2.88,2.62,2.63,14062079.0,83890903.0,494703827.0,0.02842524806261505
2007-07-06,2.58,2.79,2.56,2.79,13348952.0,78218620.0,494703827.0,0.026983724951050357
2007-07-09,2.79,2.88,2.76,2.83,12599308.0,77337157.0,494703827.0,0.025468385956108643
2007-07-10,2.83,2.93,2.68,2.85,18975522.0,116009652.0,494703827.0,0.03835733819783044
2007-07-11,2.81,2.87,2.76,2.82,8975126.0,54931567.0,494703827.0,0.018142422819785464
2007-07-12,2.83,2.9,2.81,2.85,12711471.0,78767213.0,494703827.0,0.025695113533051362
2007-07-13,2.86,2.87,2.73,2.8,8242796.0,49726728.0,494703827.0,0.01666208254338004
2007-07-16,2.88,3.08,2.88,3.08,63656416.0,419522451.0,494703827.0,0.12867581070885872
2007-07-17,3.07,3.3,2.9,3.17,65409689.0,442451555.0,494703827.0,0.13221989689600683
2007-07-18,3.17,3.38,3.04,3.23,58367632.0,412669548.0,494703827.0,0.11798500196360923
2007-07-19,3.18,3.27,3.13,3.15,24358836.0,168916592.0,494703827.0,0.04923923097122109
2007-07-20,3.15,3.27,3.13,3.24,28926987.0,201034312.0,494703827.0,0.058473343890262645
2007-07-23,3.27,3.49,3.27,3.42,48277762.0,356195733.0,494703827.0,0.09758922281391609
2007-07-24,3.44,3.53,3.35,3.41,42058657.0,314207589.0,494703827.0,0.0850178525099625
2007-07-25,3.43,3.59,3.43,3.5,34129990.0,260305786.0,494703827.0,0.06899075393649623
2007-07-26,3.55,3.57,3.42,3.49,30895036.0,233559381.0,494703827.0,0.062451580751567544
2007-07-27,3.49,3.59,3.4,3.55,34893111.0,264154128.0,494703827.0,0.07053333549408745
2007-07-30,3.55,3.7,3.52,3.57,34979132.0,275080802.0,494703827.0,0.07070721933186096
2007-07-31,3.56,3.59,3.42,3.5,24351631.0,185225566.0,494703827.0,0.04922466670143629
2007-08-01,3.5,3.57,3.25,3.28,33899466.0,253096723.0,494703827.0,0.06852477007419633
2007-08-02,3.34,3.5,3.3,3.49,23555547.0,173381354.0,494703827.0,0.04761545335690318
2007-08-03,3.5,3.59,3.45,3.47,24733725.0,187989556.0,494703827.0,0.04999703590326177
2007-08-06,3.54,3.61,3.45,3.58,34151795.0,262512337.0,494703827.0,0.0690348308140337
2007-08-07,3.58,3.72,3.44,3.66,51887709.0,409752731.0,494703827.0,0.10488641115768041
2007-08-08,3.59,3.84,3.55,3.74,52429128.0,425272948.0,494703827.0,0.10598084174513572
2007-08-09,3.73,3.96,3.69,3.91,55494765.0,464468200.0,494703827.0,0.1121777556008274
2007-08-10,3.84,4.28,3.81,4.18,80128545.0,707409735.0,494703827.0,0.16197276153273016
2007-08-13,4.14,4.28,3.87,4.0,58064746.0,512866731.0,494703827.0,0.1173727447230765
2007-08-14,4.0,4.07,3.87,3.99,29783621.0,255278199.0,494703827.0,0.06020495370050978
2007-08-15,3.98,4.18,3.9,4.1,35298228.0,312390700.0,494703827.0,0.07135224365264511
2007-08-16,4.11,4.2,3.94,3.99,31949183.0,283030793.0,494703827.0,0.06458244560942117
2007-08-17,3.92,4.03,3.79,3.88,30216324.0,254663827.0,494703827.0,0.06107962451642809
2007-08-20,4.01,4.09,3.93,4.09,27521039.0,239960176.0,494703827.0,0.05563134444884737
2007-08-21,4.1,4.5,4.05,4.5,65988513.0,614065669.0,494703827.0,0.1333899383802422
2007-08-22,4.49,4.53,4.28,4.32,65539358.0,625969091.0,494703827.0,0.1324820113024919
2007-08-23,4.33,4.37,4.19,4.32,28612172.0,265413146.0,494703827.0,0.05783697323206679
2007-08-24,4.33,4.35,4.24,4.28,21935136.0,204430148.0,494703827.0,0.04433993594312744
2007-08-27,4.28,4.33,4.12,4.22,26892097.0,245116334.0,494703827.0,0.05435999386356071
2007-08-28,4.25,4.49,4.19,4.4,35482956.0,336325787.0,494703827.0,0.07172565495435312
2007-08-29,4.33,4.66,4.27,4.5,52271536.0,510037166.0,494703827.0,0.1056622834656179
2007-08-30,4.53,4.58,4.37,4.5,29131089.0,283555969.0,494703827.0,0.05888591801817616
2007-08-31,4.56,4.91,4.49,4.84,56216061.0,581241642.0,494703827.0,0.11363579162285316
2007-09-03,4.92,5.33,4.89,5.33,84472520.0,957045475.0,494703827.0,0.17075372250960977
2007-09-04,5.41,5.73,5.11,5.19,107030165.0,1267572595.0,494703827.0,0.2163520052979093
2007-09-05,5.28,5.28,4.94,5.12,40577539.0,447442092.0,494703827.0,0.08202390356685071
2007-09-06,5.18,5.27,5.01,5.18,41366647.0,461992588.0,494703827.0,0.08361901554483021
2007-09-07,5.11,5.61,4.95,5.32,53590473.0,620385263.0,494703827.0,0.10832839787188467
2007-09-10,5.2,5.48,5.07,5.33,34589818.0,399827872.0,494703827.0,0.06992025553907834
2007-09-11,5.3,5.53,5.06,5.11,40998114.0,475571268.0,494703827.0,0.0828740587042194
2007-09-12,5.02,5.17,4.6,4.89,42030528.0,442551240.0,494703827.0,0.08496099222616282
2007-09-13,4.88,4.95,4.72,4.85,25923705.0,270855426.0,494703827.0,0.05240247514802428
2007-09-14,4.86,5.34,4.77,5.34,57507240.0,639749067.0,494703827.0,0.11624579568898302
2007-09-17,5.43,5.85,5.38,5.73,80408609.0,982834960.0,494703827.0,0.16253888612024017
2007-09-18,5.76,5.99,5.53,5.68,52712165.0,657456837.0,494703827.0,0.10655297598900523
2007-09-19,5.66,5.76,5.5,5.53,29263499.0,356207771.0,494703827.0,0.059153573113555076
2007-09-20,5.53,6.09,5.53,6.02,87659647.0,1131418968.0,494703827.0,0.17719621764721055
2007-09-21,6.06,6.61,5.89,6.14,95909754.0,1306250047.0,494703827.0,0.19387307872999332
2007-09-24,6.12,6.26,5.76,5.88,40688220.0,527512417.0,494703827.0,0.08224763541196539
2007-09-25,5.79,5.79,5.29,5.3,52904945.0,621973460.0,494703827.0,0.10694266369602999
2007-09-26,5.14,5.48,4.91,5.3,27902958.0,317436833.0,494703827.0,0.05640335990366212
2007-09-27,5.22,5.47,5.12,5.3,18841939.0,216660888.0,494703827.0,0.038087311986773856
2007-09-28,5.32,5.52,5.2,5.42,32185020.0,373754732.0,494703827.0,0.06505916923096695
2007-10-08,5.16,5.39,5.06,5.13,39879779.0,448266082.0,1222490084.0,0.03262176071769266
2007-10-09,5.06,5.24,4.93,5.1,21089758.0,233313855.0,1222490084.0,0.017251475718309383
2007-10-10,5.07,5.21,4.98,5.18,36414822.0,405108392.0,1222490084.0,0.02978741707323329
2007-10-11,5.18,5.45,5.18,5.44,53186728.0,612900254.0,1222490084.0,0.043506878866430135
2007-10-12,5.39,5.85,5.32,5.65,77147765.0,944046819.0,1222490084.0,0.06310706811426374
2007-10-15,5.64,5.76,5.3,5.37,38491312.0,456175670.0,1222490084.0,0.03148599117798652
2007-10-16,5.29,5.53,5.06,5.46,34740684.0,395681032.0,1222490084.0,0.0284179679284826
2007-10-17,5.32,5.46,5.17,5.29,19259820.0,222836133.0,1222490084.0,0.015754581777041227
2007-10-18,5.24,5.24,4.89,4.91,27115198.0,297664448.0,1222490084.0,0.022180300973304253
2007-10-19,4.87,5.02,4.73,4.76,19370202.0,202603013.0,1222490084.0,0.015844874533968
2007-10-22,4.76,4.97,4.6,4.66,20166100.0,210194734.0,1222490084.0,0.01649592112356144
2007-10-23,4.6,4.73,4.24,4.54,26044636.0,253187836.0,1222490084.0,0.021304578532679534
2007-10-24,4.54,4.77,4.38,4.63,30867055.0,308291416.0,1222490084.0,0.02524932954793603
2007-10-25,4.64,4.7,4.17,4.19,24479012.0,235823925.0,1222490084.0,0.020023894116101476
2007-10-26,4.13,4.14,3.83,4.05,32099692.0,277669581.0,1222490084.0,0.026257629751048353
2007-10-29,4.13,4.31,4.07,4.28,25123798.0,226947866.0,1222490084.0,0.020551330705108607
2007-10-30,4.3,4.71,4.22,4.71,32671333.0,325388040.0,1222490084.0,0.026725233543898424
2007-10-31,4.83,5.16,4.6,4.7,52312027.0,554958398.0,1222490084.0,0.042791371222279787
2007-11-01,4.56,4.65,4.39,4.43,23115283.0,226031444.0,1222490084.0,0.018908360323354575
2007-11-02,4.31,4.36,4.15,4.18,18605885.0,170655483.0,1222490084.0,0.015219661282749514
2007-11-05,4.18,4.42,4.18,4.3,12798596.0,119946199.0,1222490084.0,0.010469284100957993
2007-11-06,4.32,4.42,4.22,4.33,9248786.0,86878999.0,1222490084.0,0.007565530486544216
2007-11-07,4.33,4.37,4.2,4.27,8025690.0,74340770.0,1222490084.0,0.006565034845714135
2007-11-08,4.24,4.25,3.96,3.97,12378981.0,110429985.0,1222490084.0,0.010126037963020402
2007-11-09,3.92,4.1,3.88,4.03,9814199.0,85557288.0,1222490084.0,0.008028039759543767
2007-11-12,3.96,4.11,3.8,3.94,11042177.0,94238824.0,1222490084.0,0.009032528888798741
2007-11-13,4.01,4.18,3.96,4.04,11594830.0,102394576.0,1222490084.0,0.009484600449323562
2007-11-14,4.14,4.4,4.05,4.34,17893820.0,163982535.0,1222490084.0,0.014637190300514536
2007-11-15,4.26,4.42,4.19,4.28,21166929.0,199361179.0,1222490084.0,0.017314601792712783
2007-11-19,4.24,4.38,4.21,4.27,9775895.0,91071163.0,1222490084.0,0.007996706990058498
2007-11-20,4.27,4.35,4.19,4.28,9903489.0,91798105.0,1222490084.0,0.008101079206790523
2007-11-21,4.28,4.42,4.24,4.29,14758381.0,139256435.0,1222490084.0,0.012072393218692152
2007-11-22,4.19,4.23,3.96,3.99,11352095.0,101097058.0,1222490084.0,0.009286042601552913
2007-11-23,3.96,4.34,3.94,4.23,12810298.0,115995725.0,1222490084.0,0.010478856366740067
2007-11-26,4.24,4.43,4.24,4.3,21515916.0,202644362.0,1222490084.0,0.017600074046899183
2007-11-27,4.29,4.54,4.29,4.49,34165548.0,327492299.0,1222490084.0,0.02794750521673761
2007-11-28,4.55,4.57,4.36,4.4,18664209.0,180204582.0,1222490084.0,0.015267370463186514
2007-11-29,4.45,4.84,4.44,4.84,62503423.0,642463147.0,1222490084.0,0.051127959087805576
2007-11-30,4.94,5.28,4.76,4.89,108943671.0,1179784402.0,1222490084.0,0.08911620014416412
2007-12-03,4.69,4.83,4.55,4.65,31328269.0,317820631.0,1222490084.0,0.025626603773744802
2007-12-04,4.65,4.87,4.65,4.78,33102783.0,344126145.0,1222490084.0,0.02707816074195658
2007-12-05,4.77,4.9,4.71,4.79,28840980.0,298946039.0,1222490084.0,0.02359199504149107
2007-12-06,4.77,4.83,4.69,4.71,18994885.0,195246707.0,1222490084.0,0.015537864272770657
2007-12-07,4.69,4.79,4.64,4.78,19598392.0,200063160.0,1222490084.0,0.01603153453472102
2007-12-10,4.72,5.16,4.69,4.96,39381314.0,423272695.0,1222490084.0,0.03221401507907855
2007-12-11,4.97,5.46,4.9,5.46,78465612.0,885432525.0,1222490084.0,0.06418507031423905
2007-12-12,5.33,5.76,5.29,5.49,94444314.0,1129715217.0,1222490084.0,0.07725568921669879
2007-12-13,5.43,5.88,5.4,5.55,63567169.0,782521955.0,1222490084.0,0.051998106023083294
2007-12-14,5.55,5.61,5.12,5.47,42432820.0,497811936.0,1222490084.0,0.03471015475328796
2007-12-17,5.43,5.78,5.43,5.54,32664773.0,399904303.0,1222490084.0,0.02671986744720295
2007-12-18,5.5,5.56,5.23,5.35,22701330.0,265433680.0,1222490084.0,0.018569745715827007
2007-12-19,5.43,5.66,5.35,5.57,26712682.0,319957528.0,1222490084.0,0.02185104186088433
2007-12-20,5.57,5.84,5.49,5.74,49844248.0,618615987.0,1222490084.0,0.040772721719679814
2007-12-21,5.82,6.0,5.76,5.81,57285069.0,731412304.0,1222490084.0,0.04685933223487807
2007-12-24,5.78,5.93,5.76,5.81,33687319.0,427266646.0,1222490084.0,0.02755631267762496
2007-12-25,5.81,5.99,5.81,5.87,20142813.0,256476330.0,1222490084.0,0.01647687229829506
2007-12-26,5.87,5.93,5.71,5.88,28650103.0,361356018.0,1222490084.0,0.02343585716970118
2007-12-27,5.88,6.07,5.73,5.93,45204435.0,581605595.0,1222490084.0,0.036977342877163165
2008-01-02,6.11,6.26,5.96,6.19,39236500.0,523219139.0,1222490084.0,0.032095556858520904
2008-01-03,6.11,6.22,5.94,6.15,34593452.0,453529887.0,1222490084.0,0.02829753177777105
2008-01-04,6.05,6.21,5.94,6.08,24102421.0,317846017.0,1222490084.0,0.01971584171966175
2008-01-07,6.07,6.11,5.87,5.94,40688566.0,528897501.0,1222490084.0,0.03328335054208914
2008-01-08,5.99,6.08,5.73,5.77,36497709.0,466272277.0,1222490084.0,0.029855218850184145
2008-01-09,5.75,5.91,5.69,5.89,22613791.0,284894388.0,1222490084.0,0.01849813859103662
2008-01-10,5.9,5.93,5.77,5.8,22737377.0,287155913.0,1222490084.0,0.018599232253568118
2008-01-11,5.8,6.05,5.8,5.98,30808217.0,399481243.0,1222490084.0,0.02520119991419088
2008-01-14,6.03,6.19,5.89,6.18,43425664.0,574377629.0,1222490084.0,0.035522303672117145
2008-01-15,6.24,6.34,6.12,6.17,44763193.0,606245912.0,1222490084.0,0.03661640579818396
2008-01-16,6.18,6.26,5.97,6.03,27673402.0,369098071.0,1222490084.0,0.022636913265956602
2008-01-17,5.97,6.07,5.42,5.66,33091310.0,411772884.0,1222490084.0,0.027068775798757317
2008-01-18,5.65,5.84,5.53,5.79,18256804.0,225265661.0,1222490084.0,0.01493411213632388
2008-01-21,5.8,5.87,5.23,5.36,17431380.0,210666932.0,1222490084.0,0.014258913203585544
2008-01-22,5.19,5.24,4.83,4.83,22341514.0,240841787.0,1222490084.0,0.018275415312080354
2008-01-23,4.65,5.06,4.62,4.95,21678235.0,229362141.0,1222490084.0,0.01773285140200777
2008-01-24,5.06,5.17,4.93,5.07,17631342.0,193894965.0,1222490084.0,0.014422482628497131
2008-01-25,5.05,5.15,4.88,5.03,16306296.0,177437333.0,1222490084.0,0.01333859162820007
2008-01-28,4.91,5.02,4.53,4.53,17556509.0,177955516.0,1222490084.0,0.014361269044044042
2008-01-29,4.53,4.73,4.4,4.64,11062402.0,109936167.0,1222490084.0,0.009049072990272206
2008-01-30,4.68,4.77,4.52,4.61,9010987.0,90917238.0,1222490084.0,0.007371010299335892
2008-01-31,4.73,4.77,4.56,4.59,7150509.0,72429778.0,1222490084.0,0.005849134560342168
2008-02-01,4.68,4.74,4.33,4.55,9399907.0,93237868.0,1222490084.0,0.007689147849153434
2008-02-04,4.7,5.0,4.66,5.0,13282102.0,141411745.0,1222490084.0,0.010864793239500828
2008-02-05,5.08,5.36,4.97,5.22,25435068.0,286633513.0,1222490084.0,0.020805950357303676
2008-02-13,5.18,5.18,4.96,5.05,10089265.0,111013848.0,1222490084.0,0.008253044447598154
2008-02-14,5.06,5.16,5.0,5.09,6768043.0,74495388.0,1222490084.0,0.005536276398950325
2008-02-15,5.01,5.04,4.79,4.98,9128879.0,96923584.0,1222490084.0,0.007467446255375925
2008-02-18,5.02,5.1,4.96,5.06,9402818.0,102840375.0,1222490084.0,0.007691529054562049
2008-02-19,5.05,5.15,4.97,5.12,10679631.0,117560030.0,1222490084.0,0.008735965338104125
2008-02-20,5.13,5.23,5.03,5.04,13277587.0,148117530.0,1222490084.0,0.010861099958009966
2008-02-21,4.99,5.02,4.81,4.91,13441197.0,142871601.0,1222490084.0,0.010994933354404206
2008-02-22,4.89,4.89,4.6,4.7,13228789.0,135691544.0,1222490084.0,0.01082118306981703
2008-02-25,4.65,4.75,4.41,4.46,9699933.0,95830892.0,1222490084.0,0.007934569880732056
2008-02-26,4.58,4.67,4.47,4.64,8179743.0,81162797.0,1222490084.0,0.006691050591785414
2008-02-27,4.68,4.83,4.6,4.71,6945373.0,71171786.0,1222490084.0,0.005681332790262534
2008-02-28,4.73,4.77,4.55,4.71,8536056.0,86627828.0,1222490084.0,0.0069825155326167865
2008-02-29,4.7,4.99,4.66,4.94,16697415.0,176797649.0,1222490084.0,0.013658527965614157
2008-03-03,5.04,5.27,4.94,5.24,35448895.0,393701682.0,1222490084.0,0.028997286328908987
2008-03-04,5.24,5.25,5.02,5.02,18713110.0,208310717.0,1222490084.0,0.015307371605641587
2008-03-05,4.9,5.02,4.75,4.9,12528151.0,132956636.0,1222490084.0,0.010248059402664243
2008-03-06,4.88,5.05,4.81,5.0,11598825.0,124417284.0,1222490084.0,0.009487868369491004
2008-03-07,4.99,5.04,4.88,4.91,6554512.0,70266205.0,1222490084.0,0.0053616074975050675
2008-03-10,4.83,4.83,4.63,4.67,8331035.0,85150599.0,1222490084.0,0.006814807832829833
2008-03-11,4.65,4.73,4.59,4.71,5927817.0,60098496.0,1222490084.0,0.004848969392540283
2008-03-12,4.79,4.83,4.59,4.61,6769957.0,68571145.0,1222490084.0,0.005537842055821534
2008-03-13,4.52,4.6,4.15,4.18,17292563.0,160336972.0,1222490084.0,0.014145360544290516
2008-03-14,4.14,4.21,3.92,4.11,9907413.0,87441790.0,1222490084.0,0.008104289048777266
2008-03-17,4.11,4.11,3.7,3.7,9577974.0,80170910.0,1222490084.0,0.007834807108341339
2008-03-18,3.7,3.82,3.36,3.54,11483102.0,90075331.0,1222490084.0,0.009393206660971166
2008-03-19,3.63,3.84,3.62,3.78,11305426.0,91555764.0,1222490084.0,0.009247867240778371
2008-03-20,3.73,4.15,3.52,4.15,19264345.0,164351407.0,1222490084.0,0.01575828323855754
2008-03-21,4.14,4.4,4.09,4.17,23694740.0,218681823.0,1222490084.0,0.019382357624096687
2008-03-24,4.27,4.29,4.01,4.02,10649741.0,96157769.0,1222490084.0,0.008711515242032834
2008-03-25,4.37,4.42,4.17,4.42,38322001.0,364199201.0,1222490084.0,0.031347494349082995
2008-03-26,4.35,4.43,4.21,4.25,26948114.0,252420605.0,1222490084.0,0.02204362583606854
2008-03-27,4.09,4.1,3.83,3.83,19137751.0,164485042.0,1222490084.0,0.015654729024370557
2008-03-28,3.73,4.09,3.64,4.01,12803467.0,107867479.0,1222490084.0,0.01047326859135489
2008-03-31,3.82,4.12,3.82,3.94,9126115.0,79113270.0,1222490084.0,0.007465185296341431
2008-04-01,3.97,4.12,3.73,3.75,11274995.0,95854253.0,1222490084.0,0.009222974605330213
2008-04-02,3.81,3.89,3.46,3.61,10810048.0,86055921.0,1222490084.0,0.008842646776020802
2008-04-03,3.6,3.76,3.48,3.72,7176686.0,56665281.0,1222490084.0,0.005870547412963719
2008-04-07,3.65,3.96,3.58,3.96,11278885.0,94338451.0,1222490084.0,0.009226156635230425
2008-04-08,4.01,4.31,3.91,4.14,23144578.0,207908636.0,1222490084.0,0.018932323707911564
2008-04-09,4.05,4.15,3.77,3.8,14320280.0,123729725.0,1222490084.0,0.011714025485706926
2008-04-10,3.68,4.03,3.66,4.02,12261588.0,103755858.0,1222490084.0,0.010030010190250346
2008-04-11,4.05,4.15,3.99,4.04,12129051.0,107310870.0,1222490084.0,0.00992159458693818
2008-04-14,3.88,4.01,3.69,3.72,9554534.0,78884357.0,1222490084.0,0.007815633128685566
2008-04-15,3.72,3.82,3.48,3.82,9915983.0,79207500.0,1222490084.0,0.008111299330588271
2008-04-16,3.82,3.83,3.63,3.65,5430695.0,43561509.0,1222490084.0,0.004442322331344162
2008-04-17,3.64,3.72,3.44,3.51,6990404.0,54044232.0,1222490084.0,0.005718168262868298
2008-04-18,3.52,3.52,3.16,3.18,9520390.0,68148534.0,1222490084.0,0.007787703249787669
2008-04-21,3.45,3.45,2.92,3.24,12721215.0,89903487.0,1222490084.0,0.010405986246020136
2008-04-22,3.21,3.34,3.04,3.29,8459460.0,59677740.0,1222490084.0,0.006919859809676788
2008-04-23,3.26,3.43,3.2,3.39,10735221.0,77593559.0,1222490084.0,0.008781438099582982
2008-04-24,3.68,3.73,3.55,3.73,28221546.0,225702472.0,1222490084.0,0.02308529645300583
2008-04-28,3.75,3.85,3.68,3.73,18116096.0,148498336.0,1222490084.0,0.01481901263421618
2008-04-29,3.69,3.79,3.68,3.72,10107687.0,81818783.0,1222490084.0,0.008268113690482908
2008-04-30,3.74,3.93,3.73,3.87,19032858.0,158112214.0,1222490084.0,0.015568926283413519
2008-05-05,3.97,4.24,3.96,4.22,32122938.0,286944929.0,1222490084.0,0.026276645038210387
2008-05-06,4.09,4.12,3.96,3.99,22939826.0,200344732.0,1222490084.0,0.01876483605080923
2008-05-07,3.97,3.97,3.69,3.7,16420278.0,137319928.0,1222490084.0,0.01343182919428899
2008-05-08,3.63,3.77,3.58,3.77,11524853.0,91850638.0,1222490084.0,0.009427359085229193
2008-05-09,3.81,3.82,3.59,3.67,10551452.0,84449529.0,1222490084.0,0.00863111458988325
2008-05-12,3.52,3.76,3.52,3.69,8246963.0,65425716.0,1222490084.0,0.006746036722863103
2008-05-13,3.55,3.67,3.54,3.56,10701244.0,83234032.0,1222490084.0,0.008753644827110107
2008-05-14,3.56,3.71,3.52,3.68,9879509.0,78527445.0,1222490084.0,0.008081463505760427
2008-05-15,3.7,3.8,3.68,3.71,12680640.0,103119218.0,1222490084.0,0.010372795792755076
2008-05-16,3.71,3.76,3.58,3.65,7203260.0,56959633.0,1222490084.0,0.0058922850125956525
2008-05-19,3.64,3.64,3.5,3.57,5669717.0,43766234.0,1222490084.0,0.004637842935665072
2008-05-20,3.56,3.89,3.48,3.59,17466720.0,140745695.0,1222490084.0,0.01428782141352731
2008-05-21,3.54,3.62,3.27,3.55,10610062.0,78974746.0,1222490084.0,0.008679057719048132
2008-05-22,3.53,3.53,3.41,3.42,7698425.0,57579775.0,1222490084.0,0.006297331242811128
2008-05-23,3.42,3.53,3.35,3.4,5600511.0,41777315.0,1222490084.0,0.004581232251532929
2008-05-26,3.41,3.46,3.28,3.29,5185456.0,37672572.0,1222490084.0,0.004241716205200728
2008-05-28,3.36,3.45,3.34,3.38,6043647.0,44490600.0,1222490084.0,0.004943718627332441
2008-05-29,3.36,3.38,3.25,3.25,6613964.0,47368686.0,1222490084.0,0.005410239384812875
2008-05-30,3.29,3.38,3.25,3.33,6350923.0,45698005.0,1222490084.0,0.005195071177362613
2008-06-02,3.33,3.38,3.25,3.34,6097704.0,43709658.0,1222490084.0,0.0049879373909097495
2008-06-03,3.34,3.43,3.27,3.39,9195576.0,67155211.0,1222490084.0,0.007522004571122558
2008-06-04,3.42,3.49,3.31,3.32,5510088.0,40212998.0,1222490084.0,0.004507266007402641
2008-06-05,3.55,3.6,3.33,3.34,10135391.0,75540271.0,1222490084.0,0.008290775632990738
2008-06-06,3.31,3.33,3.23,3.26,6123911.0,43418355.0,1222490084.0,0.0050093747836076515
2008-06-10,3.16,3.16,2.94,2.94,5977797.0,38906641.0,1222490084.0,0.0048898531597414575
2008-06-11,2.92,2.92,2.72,2.85,6174658.0,37703362.0,1222490084.0,0.0050508859587608725
2008-06-12,2.85,2.86,2.69,2.77,5256192.0,31642076.0,1222490084.0,0.004299578433226784
2008-06-13,2.83,2.94,2.69,2.73,8701696.0,52911176.0,1222490084.0,0.007118009474177461
2008-06-16,2.72,2.76,2.5,2.59,5346001.0,30286761.0,1222490084.0,0.004373042423794417
2008-06-17,2.59,2.62,2.33,2.34,8275412.0,43849822.0,1222490084.0,0.006769308077266989
2008-06-18,2.31,2.49,2.15,2.45,10508047.0,53682545.0,1222490084.0,0.008595609189415723
2008-06-19,2.38,2.4,2.21,2.21,7417031.0,36905940.0,1222490084.0,0.006067150234651719
2008-06-20,2.07,2.28,2.0,2.16,11180528.0,51864513.0,1222490084.0,0.009145700358907778
2008-06-23,2.11,2.23,2.05,2.16,5048453.0,23719887.0,1222490084.0,0.004129647402522408
2008-06-24,2.16,2.26,2.12,2.25,7817986.0,37226921.0,1222490084.0,0.006395132445098835
2008-06-25,2.22,2.44,2.2,2.37,12487211.0,63584035.0,1222490084.0,0.010214570378470244
2008-06-26,2.39,2.47,2.35,2.37,10102501.0,52600445.0,1222490084.0,0.008263871529284322
2008-06-27,2.25,2.27,2.14,2.15,8315919.0,39687001.0,1222490084.0,0.006802442906358985
2008-06-30,2.08,2.29,2.07,2.22,7484568.0,35663085.0,1222490084.0,0.006122395672536187
2008-07-01,2.25,2.27,2.07,2.12,7082632.0,33094138.0,1222490084.0,0.005793611001592386
2008-07-02,2.12,2.16,2.07,2.12,5347658.0,24545865.0,1222490084.0,0.00437439785401155
2008-07-03,2.09,2.21,2.04,2.18,9886398.0,46041942.0,1222490084.0,0.008087098725293219
2008-07-04,2.18,2.25,2.15,2.19,7790090.0,37281708.0,1222490084.0,0.006372313446102357
2008-07-07,2.22,2.41,2.22,2.41,28207249.0,145744563.0,1222490084.0,0.023073601470619372
2008-07-08,2.46,2.55,2.39,2.43,27078880.0,145501236.0,1222490084.0,0.022150592756873436
2008-07-09,2.48,2.52,2.42,2.47,18802719.0,100396791.0,1222490084.0,0.015380671995700212
2008-07-10,2.44,2.47,2.38,2.39,14219798.0,74687138.0,1222490084.0,0.011631830953976066
2008-07-11,2.36,2.42,2.31,2.35,8880535.0,45414281.0,1222490084.0,0.007264300231330138
2008-07-14,2.32,2.39,2.29,2.38,6252797.0,31935743.0,1222490084.0,0.005114803859627871
2008-07-15,2.39,2.42,2.33,2.36,10747982.0,55632363.0,1222490084.0,0.008791876630060256
2008-07-16,2.4,2.44,2.19,2.26,11244819.0,57271514.0,1222490084.0,0.009198290560531041
2008-07-17,2.38,2.46,2.26,2.28,13475049.0,69141939.0,1222490084.0,0.01102262437655895
2008-07-18,2.35,2.44,2.23,2.42,14606181.0,74853034.0,1222490084.0,0.011947893231336836
2008-07-21,2.4,2.52,2.38,2.49,17853722.0,95163389.0,1222490084.0,0.014604390034463462
2008-07-22,2.47,2.54,2.4,2.44,14639683.0,78412982.0,1222490084.0,0.011975297952600817
2008-07-23,2.51,2.56,2.47,2.48,19132719.0,104627861.0,1222490084.0,0.015650612835563908
2008-07-24,2.54,2.57,2.47,2.53,14810604.0,80835255.0,1222490084.0,0.012115111765601856
2008-07-25,2.49,2.49,2.41,2.44,9890546.0,52559701.0,1222490084.0,0.00809049179985005
2008-07-28,2.46,2.51,2.46,2.49,7654342.0,41314272.0,1222490084.0,0.006261271236618063
2008-07-29,2.44,2.45,2.39,2.43,7703365.0,40436591.0,1222490084.0,0.0063013721753836325
2008-07-30,2.5,2.59,2.46,2.5,19298404.0,105956949.0,1222490084.0,0.01578614358723911
2008-07-31,2.45,2.47,2.39,2.4,8349946.0,43787785.0,1222490084.0,0.006830277078959113
2008-08-01,2.4,2.45,2.38,2.44,5921417.0,31005902.0,1222490084.0,0.004843734176252018
2008-08-04,2.43,2.46,2.4,2.41,4169546.0,21916955.0,1222490084.0,0.003410699239667616
2008-08-05,2.44,2.65,2.42,2.46,21634922.0,119380290.0,1222490084.0,0.01769742125777439
2008-08-06,2.52,2.62,2.5,2.57,29044632.0,161228314.0,1222490084.0,0.02375858289579386
2008-08-07,2.58,2.59,2.45,2.51,11625432.0,63343526.0,1222490084.0,0.009509632963206923
2008-08-08,2.49,2.49,2.26,2.26,13538343.0,69088441.0,1222490084.0,0.011074399029644808
2008-08-11,2.26,2.26,2.04,2.04,8735176.0,39493767.0,1222490084.0,0.00714539619938545
2008-08-12,2.05,2.05,1.89,1.94,7121792.0,29970885.0,1222490084.0,0.005825643981256211
2008-08-13,1.93,1.93,1.76,1.89,7731710.0,30996718.0,1222490084.0,0.006324558457522834
2008-08-14,1.86,1.92,1.82,1.88,4258164.0,17376566.0,1222490084.0,0.003483188989204104
2008-08-15,1.88,1.92,1.85,1.88,3580988.0,14715845.0,1222490084.0,0.0029292572977630796
2008-08-18,1.89,1.91,1.69,1.69,5604831.0,21624821.0,1222490084.0,0.004584766022527509
2008-08-19,1.67,1.74,1.61,1.72,3802726.0,14010894.0,1222490084.0,0.0031106395460954923
2008-08-20,1.72,1.88,1.69,1.87,8840270.0,34877684.0,1222490084.0,0.007231363358854042
2008-08-21,1.82,1.89,1.8,1.85,8329118.0,33366086.0,1222490084.0,0.006813239721950988
2008-08-22,1.8,2.0,1.75,1.87,12268306.0,50058786.0,1222490084.0,0.010035505531347933
2008-08-25,1.92,1.92,1.84,1.87,7071357.0,28854092.0,1222490084.0,0.005784388022897043
2008-08-26,1.83,1.83,1.71,1.74,5892980.0,22599639.0,1222490084.0,0.004820472637878673
2008-08-27,1.7,1.77,1.66,1.75,4841831.0,18122372.0,1222490084.0,0.003960630080660842
2008-08-28,1.71,1.76,1.71,1.74,2855747.0,10823373.0,1222490084.0,0.002336008313994635
2008-08-29,1.75,1.81,1.75,1.8,4163931.0,16111981.0,1222490084.0,0.003406106155377208
2008-09-01,1.75,1.77,1.7,1.72,3159195.0,11842862.0,1222490084.0,0.002584229550282389
2008-09-02,1.71,1.76,1.69,1.74,2603736.0,9817950.0,1222490084.0,0.0021298626746161812
2008-09-03,1.78,1.81,1.75,1.76,4998012.0,19255360.0,1222490084.0,0.004088386536147969
2008-09-04,1.76,1.78,1.71,1.77,2539227.0,9666129.0,1222490084.0,0.002077094148438099
2008-09-05,1.74,1.74,1.67,1.68,3089748.0,11431627.0,1222490084.0,0.002527421727536892
2008-09-08,1.69,1.72,1.53,1.57,3791473.0,13228121.0,1222490084.0,0.00310143456345614
2008-09-09,1.61,1.61,1.55,1.59,3061104.0,10555734.0,1222490084.0,0.002503990862636723
2008-09-10,1.57,1.63,1.56,1.6,3203635.0,11096618.0,1222490084.0,0.0026205815833840332
2008-09-11,1.6,1.62,1.54,1.54,2886628.0,9790889.0,1222490084.0,0.002361269050588062
2008-09-12,1.53,1.58,1.53,1.55,2060305.0,6969791.0,1222490084.0,0.0016853347335617325
2008-09-16,1.56,1.57,1.52,1.54,3083039.0,10341416.0,1222490084.0,0.0025219337484622085
2008-09-17,1.55,1.57,1.51,1.51,2747311.0,9170007.0,1222490084.0,0.002247307390020515
2008-09-18,1.41,1.46,1.36,1.42,6003288.0,18212714.0,1222490084.0,0.004910704862617111
2008-09-19,1.55,1.57,1.52,1.57,7333791.0,24806949.0,1222490084.0,0.005999059702802465
2008-09-22,1.66,1.72,1.56,1.67,13494763.0,48664649.0,1222490084.0,0.0110387504787319
2008-09-23,1.6,1.6,1.53,1.53,6068995.0,20602112.0,1222490084.0,0.0049644533558441525
2008-09-24,1.52,1.53,1.46,1.53,4620259.0,14965118.0,1222490084.0,0.0037793836207509067
2008-09-25,1.53,1.6,1.52,1.57,6799506.0,23127185.0,1222490084.0,0.005562013213024966
2008-09-26,1.59,1.63,1.56,1.6,10785022.0,37528240.0,1222490084.0,0.008822175444328595
2008-10-06,1.59,1.65,1.55,1.6,6596868.0,23002405.0,1222490084.0,0.005396254813302846
2008-10-07,1.54,1.73,1.52,1.68,11810760.0,42343184.0,1222490084.0,0.009661231738874374
2008-10-08,1.61,1.65,1.57,1.6,6845036.0,23810704.0,1222490084.0,0.005599256868900705
2008-10-09,1.63,1.67,1.59,1.61,5311253.0,18790294.0,1222490084.0,0.004344618471359314
2008-10-10,1.56,1.61,1.51,1.59,5602507.0,18779379.0,1222490084.0,0.004582864984612832
2008-10-13,1.57,1.7,1.56,1.7,12768838.0,45881731.0,1222490084.0,0.010444941981222648
2008-10-14,1.75,1.77,1.61,1.61,17925540.0,66861538.0,1222490084.0,0.014663137341243252
2008-10-16,1.51,1.55,1.45,1.45,9517076.0,30885558.0,1222490084.0,0.007784992389353401
2008-10-17,1.45,1.5,1.38,1.45,4329045.0,13532367.0,1222490084.0,0.0035411698275991904
2008-10-20,1.43,1.49,1.39,1.48,3772094.0,11839393.0,1222490084.0,0.003085582492135781
2008-10-21,1.48,1.52,1.46,1.51,5143866.0,16691662.0,1222490084.0,0.004207695479352453
2008-10-22,1.5,1.54,1.48,1.49,4240848.0,13832893.0,1222490084.0,0.0034690244571341654
2008-10-23,1.45,1.56,1.44,1.52,10022039.0,33174976.0,1222490084.0,0.008198053408505193
2008-10-24,1.51,1.51,1.44,1.47,6221671.0,19873038.0,1222490084.0,0.005089342712410909
2008-10-27,1.44,1.45,1.33,1.33,5299092.0,15939105.0,1222490084.0,0.0043346707424090644
2008-10-28,1.29,1.38,1.28,1.37,3568876.0,10394232.0,1222490084.0,0.002919349650937537
2008-10-29,1.39,1.4,1.31,1.31,3219364.0,9451377.0,1222490084.0,0.0026334479454149912
2008-10-30,1.33,1.33,1.28,1.29,4904517.0,13903298.0,1222490084.0,0.004011907388199314
2008-10-31,1.29,1.3,1.22,1.23,4544492.0,12293576.0,1222490084.0,0.0037174060219207473
2008-11-03,1.21,1.21,1.14,1.17,5450798.0,13825916.0,1222490084.0,0.004458766636507131
2008-11-04,1.15,1.19,1.15,1.16,2714535.0,6905714.0,1222490084.0,0.0022204965386042348
2008-11-05,1.17,1.2,1.15,1.17,10234058.0,26080238.0,1222490084.0,0.008371485490102347
2008-11-06,1.14,1.14,1.11,1.12,4489723.0,10917385.0,1222490084.0,0.0036726048405313692
2008-11-07,1.12,1.16,1.08,1.15,4696507.0,11527447.0,1222490084.0,0.003841754678805231
2008-11-10,1.16,1.24,1.16,1.23,9865926.0,25761232.0,1222490084.0,0.00807035257719113
2008-11-11,1.22,1.26,1.19,1.23,9291183.0,24776968.0,1222490084.0,0.007600211340446341
2008-11-12,1.22,1.28,1.21,1.26,7177302.0,19352912.0,1222490084.0,0.005871051302531465
2008-11-13,1.25,1.34,1.24,1.33,14659864.0,41613548.0,1222490084.0,0.011991806061962299
2008-11-14,1.33,1.43,1.3,1.42,23710960.0,70798040.0,1222490084.0,0.01939562562537726
2008-11-17,1.48,1.56,1.48,1.56,16398240.0,55226932.0,1222490084.0,0.013413802054201366
2008-11-18,1.64,1.67,1.4,1.46,45884212.0,158588096.0,1222490084.0,0.03753340219322384
2008-11-19,1.45,1.57,1.42,1.54,21306246.0,68655912.0,1222490084.0,0.01742856345328033
2008-11-20,1.51,1.58,1.47,1.5,15895217.0,52890752.0,1222490084.0,0.013002327959986954
2008-11-21,1.46,1.54,1.4,1.48,14113667.0,45049332.0,1222490084.0,0.011545015525868266
2008-11-24,1.45,1.47,1.38,1.38,9750322.0,29924380.0,1222490084.0,0.00797578821097415
2008-11-25,1.4,1.43,1.33,1.35,5852383.0,17330008.0,1222490084.0,0.004787264188557623
2008-11-26,1.34,1.39,1.33,1.36,4510147.0,13430816.0,1222490084.0,0.0036893117245112967
2008-11-27,1.5,1.5,1.4,1.41,10779682.0,34064348.0,1222490084.0,0.008817807310738073
2008-12-01,1.35,1.4,1.31,1.4,6961551.0,20672622.0,1222490084.0,0.005694566435436216
2008-12-02,1.37,1.42,1.36,1.41,7686922.0,23250632.0,1222490084.0,0.006287921759535515
2008-12-03,1.42,1.47,1.41,1.47,13809232.0,43551972.0,1222490084.0,0.011295986921068556
2008-12-04,1.49,1.56,1.46,1.51,23640416.0,77399040.0,1222490084.0,0.019337920453839853
2008-12-05,1.49,1.6,1.48,1.6,30850164.0,104646464.0,1222490084.0,0.025235512666947735
2008-12-09,1.76,1.76,1.76,1.76,18067980.0,69200360.0,1222490084.0,0.014779653623758963
2008-12-10,1.82,1.86,1.77,1.8,71916216.0,282186400.0,1222490084.0,0.058827647717754415
2008-12-11,1.83,1.87,1.73,1.76,46768320.0,184392400.0,1222490084.0,0.03825660478731539
2008-12-12,1.75,1.93,1.71,1.83,55922980.0,224241664.0,1222490084.0,0.04574513996630503
2008-12-15,1.84,1.86,1.65,1.66,36219812.0,133600944.0,1222490084.0,0.029627898396924746
2008-12-16,1.64,1.64,1.5,1.6,22347924.0,75168864.0,1222490084.0,0.01828065870839407
2008-12-17,1.57,1.65,1.56,1.61,17216356.0,60116028.0,1222490084.0,0.01408302302434054
2008-12-18,1.61,1.61,1.56,1.61,12292102.0,42330880.0,1222490084.0,0.010054970719909741
2008-12-19,1.69,1.72,1.62,1.63,21309500.0,77164840.0,1222490084.0,0.017431225233561894
2008-12-22,1.63,1.67,1.56,1.65,15999712.0,55823696.0,1222490084.0,0.013087805135931066
2008-12-23,1.64,1.64,1.51,1.52,11035430.0,37709672.0,1222490084.0,0.009027009825627347
2008-12-24,1.52,1.64,1.51,1.57,16761719.0,57733616.0,1222490084.0,0.013711128801270506
2008-12-25,1.56,1.56,1.49,1.5,11516951.0,37787344.0,1222490084.0,0.009420895229118275
2008-12-26,1.51,1.51,1.46,1.47,5897999.0,18917860.0,1222490084.0,0.004824578192652236
2008-12-29,1.46,1.57,1.38,1.56,10171902.0,32184912.0,1222490084.0,0.008320641723912748
2008-12-31,1.47,1.49,1.43,1.44,7748709.0,24525376.0,1222490084.0,0.006338463682785994
2009-01-05,1.44,1.49,1.42,1.47,8861557.0,27905240.0,1222490084.0,0.00724877617903034
2009-01-06,1.46,1.52,1.44,1.51,11681697.0,37999104.0,1222490084.0,0.009555657876403683
2009-01-07,1.52,1.55,1.51,1.54,11652474.0,38802024.0,1222490084.0,0.009531753388029935
2009-01-08,1.52,1.56,1.5,1.52,11353768.0,37817648.0,1222490084.0,0.009287411119810768
2009-01-09,1.54,1.57,1.49,1.53,9293917.0,30840520.0,1222490084.0,0.007602447759404485
2009-01-12,1.51,1.55,1.51,1.54,8857658.0,29506916.0,1222490084.0,0.007245586787107224
2009-01-13,1.54,1.54,1.46,1.47,9898625.0,32251722.0,1222490084.0,0.008097100442411442
2009-01-14,1.47,1.52,1.45,1.51,6789630.0,21970976.0,1222490084.0,0.005553934619890136
2009-01-15,1.52,1.59,1.49,1.55,25372968.0,85130152.0,1222490084.0,0.0207551523992566
2009-01-16,1.52,1.63,1.51,1.57,26531408.0,90549272.0,1222490084.0,0.021702759267534476
2009-01-19,1.7,1.73,1.57,1.6,28578784.0,102823768.0,1222490084.0,0.023377518046191367
2009-01-20,1.55,1.59,1.53,1.58,11052221.0,37315712.0,1222490084.0,0.009040744906361139
2009-01-21,1.56,1.7,1.54,1.6,19576772.0,69262152.0,1222490084.0,0.016013849319697224
2009-01-22,1.6,1.63,1.57,1.61,8883170.0,30785240.0,1222490084.0,0.007266455668036322
2009-01-23,1.63,1.72,1.62,1.71,45796396.0,167106256.0,1222490084.0,0.03746156848172848
2009-02-02,1.73,1.75,1.65,1.69,19904002.0,74070416.0,1222490084.0,0.016281524292511153
2009-02-03,1.7,1.76,1.68,1.72,60862688.0,224616672.0,1222490084.0,0.049785833682066905
2009-02-05,1.71,1.8,1.69,1.74,47354240.0,178321856.0,1222490084.0,0.038735888838506115
2009-02-06,1.72,1.8,1.71,1.79,42551572.0,162773712.0,1222490084.0,0.03480729419151673
2009-02-09,1.8,1.88,1.79,1.83,42902328.0,171007344.0,1222490084.0,0.03509421349220531
2009-02-10,1.82,1.83,1.78,1.83,30162824.0,118062696.0,1222490084.0,0.02467326679763891
2009-02-11,1.8,1.86,1.78,1.82,33384696.0,132643568.0,1222490084.0,0.027308766293436863
2009-02-12,1.82,1.91,1.8,1.89,42665060.0,172193872.0,1222490084.0,0.0349001276643484
2009-02-13,1.93,1.99,1.9,1.98,47945336.0,203805552.0,1222490084.0,0.039219406870869965
2009-02-16,1.98,2.06,1.93,2.04,37291240.0,161506720.0,1222490084.0,0.030504329227753476
2009-02-17,2.01,2.03,1.88,1.91,28462922.0,120590560.0,1222490084.0,0.02328274263531777
2009-02-18,1.87,2.09,1.86,2.07,104263248.0,466750592.0,1222490084.0,0.08528760221829333
2009-02-19,2.03,2.07,1.91,2.02,52151080.0,225906752.0,1222490084.0,0.042659716166662996
2009-02-20,2.02,2.12,1.94,2.07,32675440.0,144947488.0,1222490084.0,0.02672859308035091
2009-02-23,2.05,2.13,1.98,2.1,29021452.0,130629264.0,1222490084.0,0.0237396215967998
2009-02-24,2.07,2.17,1.96,1.98,34944064.0,157823872.0,1222490084.0,0.028584333286093142
2009-02-25,1.99,2.04,1.86,1.92,26883170.0,113376080.0,1222490084.0,0.021990501478783366
2009-02-26,1.96,2.02,1.75,1.83,27823536.0,117175584.0,1222490084.0,0.022759723260053863
2009-02-27,1.8,1.8,1.66,1.77,22470360.0,83870480.0,1222490084.0,0.01838081166799877
2009-03-02,1.76,1.79,1.7,1.77,9602262.0,36458200.0,1222490084.0,0.007854674754155307
2009-03-03,1.73,1.78,1.69,1.74,11039865.0,41879164.0,1222490084.0,0.009030637666914606
2009-03-04,1.73,1.88,1.73,1.86,21841300.0,86155944.0,1222490084.0,0.017866238987014966
2009-03-05,1.95,1.98,1.86,1.93,44408728.0,185933840.0,1222490084.0,0.036326452526055826
2009-03-06,1.9,1.98,1.86,1.91,23388608.0,97309136.0,1222490084.0,0.019131940868978042
2009-03-09,1.89,1.96,1.8,1.8,20515456.0,84361848.0,1222490084.0,0.01678169522068696
2009-03-10,1.78,1.85,1.76,1.82,10286335.0,40456072.0,1222490084.0,0.008414248209149482
2009-03-11,1.86,1.87,1.81,1.83,17041712.0,68370160.0,1222490084.0,0.01394016378786431
2009-03-12,1.82,1.84,1.75,1.82,11640718.0,45494240.0,1222490084.0,0.009522136950110427
2009-03-13,1.82,1.86,1.8,1.82,12817357.0,50968944.0,1222490084.0,0.010484630646705516
2009-03-16,1.8,1.84,1.8,1.82,8304447.0,32728296.0,1222490084.0,0.006793058781162269
2009-03-17,1.84,1.89,1.8,1.87,16531819.0,66293316.0,1222490084.0,0.013523070016165465
2009-03-18,1.88,1.93,1.85,1.88,22345792.0,91738872.0,1222490084.0,0.01827891472696804
2009-03-19,1.88,1.95,1.85,1.92,26818508.0,111665040.0,1222490084.0,0.02193760779821589
2009-03-20,1.95,1.95,1.89,1.89,17067384.0,70967288.0,1222490084.0,0.013961163549200616
2009-03-23,1.89,1.94,1.87,1.92,17468036.0,72740128.0,1563686786.0000002,0.011171058140539916
2009-03-24,1.93,2.0,1.91,1.95,24812114.0,105729560.0,1563686786.0000002,0.015867700758328208
2009-03-25,1.92,2.02,1.91,1.95,26129740.0,111714208.0,1563686786.0000002,0.016710341376511444
2009-03-26,1.93,2.15,1.93,2.15,46309072.0,205984320.0,1563686786.0000002,0.029615311975911263
2009-03-27,2.14,2.17,2.07,2.09,52458096.0,241180656.0,1563686786.0000002,0.03354770051756387
2009-03-30,2.09,2.13,2.04,2.05,24953694.0,113036952.0,1563686786.0000002,0.01595824318745634
2009-03-31,2.03,2.23,1.98,2.23,51949440.0,243068544.0,1563686786.0000002,0.03322240775142036
2009-04-01,2.16,2.28,2.12,2.23,37461784.0,179071952.0,1563686786.0000002,0.023957345125253233
2009-04-02,2.23,2.28,2.16,2.19,34556060.0,167177328.0,1563686786.0000002,0.02209909318757906
2009-04-03,2.2,2.21,2.07,2.09,26432180.0,121705864.0,1563686786.0000002,0.01690375606972738
2009-04-07,2.09,2.29,2.09,2.22,39113056.0,188912912.0,1563686786.0000002,0.025013357118693458
2009-04-08,2.22,2.31,2.14,2.26,49184360.0,240213968.0,1563686786.0000002,0.03145409965752566
2009-04-09,2.25,2.27,2.16,2.26,33449328.0,162254736.0,1563686786.0000002,0.021391322290038203
2009-04-10,2.27,2.47,2.23,2.39,45855212.0,234862576.0,1563686786.0000002,0.029325062033235084
2009-04-13,2.41,2.56,2.37,2.44,44151472.0,236607920.0,1563686786.0000002,0.02823549600552805
2009-04-14,2.43,2.54,2.36,2.48,20434080.0,108715048.0,1563686786.0000002,0.013067885578461362
2009-04-15,2.46,2.59,2.39,2.51,26134450.0,142369856.0,1563686786.0000002,0.01671335348868261
2009-04-16,2.62,2.77,2.5,2.76,57742116.0,330376768.0,1563686786.0000002,0.03692690666505382
2009-04-17,2.69,2.76,2.56,2.66,37997004.0,220444240.0,1563686786.0000002,0.02429962594823641
2009-04-20,2.7,2.92,2.7,2.86,47052564.0,289381856.0,1563686786.0000002,0.030090785713143445
2009-04-21,2.81,3.07,2.79,2.99,42881288.0,273257248.0,1563686786.0000002,0.027423195222933856
2009-04-22,2.95,3.02,2.71,2.72,39281168.0,243845808.0,1563686786.0000002,0.025120867140204887
2009-04-23,2.71,2.86,2.65,2.81,33171300.0,199819632.0,1563686786.0000002,0.021213519418971413
2009-04-24,2.79,2.83,2.65,2.73,17122788.0,101250936.0,1563686786.0000002,0.010950267120822237
2009-04-27,2.68,2.7,2.46,2.46,26591426.0,144931072.0,1563686786.0000002,0.01700559615779729
2009-04-28,2.37,2.37,2.22,2.36,42650364.0,212962432.0,1563686786.0000002,0.02727551603163576
2009-04-29,2.31,2.54,2.29,2.44,29094524.0,153325248.0,1563686786.0000002,0.018606363026463534
2009-04-30,2.43,2.54,2.4,2.46,24979614.0,134530224.0,1563686786.0000002,0.015974819397111664
2009-05-04,2.45,2.55,2.45,2.51,21818740.0,118785776.0,1563686786.0000002,0.01395339539564287
2009-05-05,2.52,2.73,2.52,2.6,41764592.0,238154912.0,1563686786.0000002,0.02670905220529247
2009-05-06,2.61,2.71,2.58,2.6,36237648.0,207988144.0,1563686786.0000002,0.0231744926953677
2009-05-07,2.64,2.66,2.47,2.49,38545748.0,211619168.0,1563686786.0000002,0.024650555562090677
2009-05-08,2.49,2.6,2.46,2.56,44952856.0,248468288.0,1563686786.0000002,0.028747992502380842
2009-05-11,2.53,2.56,2.37,2.38,50475940.0,268346384.0,1563686786.0000002,0.03228008348725663
2009-05-12,2.35,2.43,2.32,2.42,26181540.0,134804208.0,1563686786.0000002,0.01674346821525164
2009-05-13,2.42,2.44,2.37,2.39,32155600.0,167254000.0,1563686786.0000002,0.02056396478367375
2009-05-14,2.39,2.43,2.38,2.39,27773096.0,144750336.0,1563686786.0000002,0.017761290975058477
2009-05-15,2.41,2.46,2.38,2.43,29376932.0,153747024.0,1563686786.0000002,0.01878696696999523
2009-05-18,2.56,2.61,2.48,2.57,93342712.0,516557632.0,1563686786.0000002,0.05969399552117209
2009-05-26,2.67,2.67,2.46,2.47,46740336.0,257463664.0,1563686786.0000002,0.02989111145433699
2009-05-27,2.47,2.47,2.37,2.42,25947748.0,135567328.0,1563686786.0000002,0.016593954897051868
2009-06-01,2.42,2.42,2.34,2.4,53016896.0,272972672.0,1563686786.0000002,0.033905061086830716
2009-06-02,2.39,2.44,2.35,2.44,43173512.0,223476272.0,1563686786.0000002,0.02761007663845539
2009-06-03,2.41,2.45,2.39,2.44,30294556.0,159371344.0,1563686786.0000002,0.01937380060459243
2009-06-04,2.44,2.46,2.38,2.44,25997634.0,136138384.0,1563686786.0000002,0.016625857705495756
2009-06-08,2.44,2.44,2.38,2.4,22342032.0,116559624.0,1563686786.0000002,0.014288048092516142
2009-06-09,2.4,2.49,2.36,2.48,44251328.0,234029888.0,1563686786.0000002,0.028299355341613788
2009-06-10,2.46,2.51,2.44,2.48,31571114.0,169681168.0,1563686786.0000002,0.02019017765108875
2009-06-12,2.43,2.44,2.34,2.38,27782320.0,143657184.0,1563686786.0000002,0.017767189854605573
2009-06-15,2.36,2.38,2.34,2.38,12958584.0,66390044.0,1563686786.0000002,0.008287199275469222
2009-06-16,2.36,2.37,2.34,2.35,13674600.0,69874760.0,1563686786.0000002,0.00874510171885535
2009-06-17,2.36,2.39,2.36,2.38,15659973.0,80700216.0,1563686786.0000002,0.010014776066541498
2009-06-18,2.41,2.46,2.39,2.42,33264660.0,174392432.0,1563686786.0000002,0.021273224470415134
2009-06-19,2.41,2.49,2.39,2.47,43046088.0,228532608.0,1563686786.0000002,0.02752858717321155
2009-06-22,2.48,2.52,2.45,2.46,38173720.0,205922752.0,1563686786.0000002,0.024412638350452872
2009-06-23,2.43,2.48,2.4,2.44,21859780.0,115840096.0,1563686786.0000002,0.01397964106093047
2009-06-24,2.46,2.62,2.46,2.56,63460408.0,352098400.0,1563686786.0000002,0.04058383594986777
2009-06-25,2.56,2.63,2.52,2.52,36768336.0,205176336.0,1563686786.0000002,0.02351387523971824
2009-06-26,2.52,2.56,2.47,2.49,15392340.0,83231048.0,1563686786.0000002,0.009843620946221897
2009-06-29,2.49,2.58,2.46,2.54,26752170.0,146965216.0,1563686786.0000002,0.017108394238230774
2009-06-30,2.51,2.52,2.46,2.47,17896704.0,96396200.0,1563686786.0000002,0.011445197439943064
2009-07-01,2.46,2.47,2.41,2.44,24902938.0,131436184.0,1563686786.0000002,0.015925784001605034
2009-07-02,2.44,2.47,2.41,2.44,22566108.0,119267336.0,1563686786.0000002,0.014431347890152215
2009-07-03,2.43,2.45,2.4,2.44,19586332.0,103033088.0,1563686786.0000002,0.012525738642393308
2009-07-06,2.44,2.53,2.42,2.52,38479044.0,208017888.0,1563686786.0000002,0.024607897402798666
2009-07-07,2.52,2.57,2.46,2.54,51128276.0,281356640.0,1563686786.0000002,0.0326972616624772
2009-07-08,2.53,2.65,2.51,2.62,58420508.0,329371680.0,1563686786.0000002,0.037360748023869274
2009-07-09,2.67,2.76,2.67,2.74,82587432.0,486981216.0,1563686786.0000002,0.052815840575888826
2009-07-10,2.74,2.74,2.65,2.71,62763540.0,366188640.0,1563686786.0000002,0.040138178925558814
2009-07-13,2.69,2.76,2.63,2.65,54912644.0,318170208.0,1563686786.0000002,0.03511741896883945
2009-07-14,2.65,2.68,2.6,2.66,39871036.0,229277056.0,1563686786.0000002,0.025498096138544715
2009-07-15,2.66,2.75,2.64,2.74,56454328.0,331307680.0,1563686786.0000002,0.03610334787340205
2009-07-16,2.76,2.78,2.65,2.67,51381400.0,303730016.0,1563686786.0000002,0.03285913807037824
2009-07-17,2.66,2.69,2.6,2.63,29198670.0,166693600.0,1563686786.0000002,0.01867296587873065
2009-07-20,2.62,2.83,2.59,2.81,96575280.0,576096384.0,1563686786.0000002,0.061761268858097254
2009-07-21,2.81,2.81,2.69,2.7,57528128.0,343857504.0,1563686786.0000002,0.036790058287286695
2009-07-22,2.7,2.74,2.65,2.7,49195024.0,287489280.0,1563686786.0000002,0.03146091943760916
2009-07-23,2.7,2.74,2.65,2.71,31054720.0,181368592.0,1563686786.0000002,0.01985993632359057
2009-07-24,2.72,2.74,2.62,2.68,35778976.0,208577648.0,1563686786.0000002,0.02288116541006569
2009-07-27,2.68,2.93,2.67,2.87,101049128.0,618713664.0,1563686786.0000002,0.06462235845740529
2009-07-28,2.85,2.97,2.81,2.86,87633336.0,550123840.0,1563686786.0000002,0.056042768145512734
2009-07-29,2.87,2.91,2.57,2.65,65766995.0,395348405.0,1563686786.0000002,0.04205893123151326
2009-07-30,2.65,2.74,2.61,2.73,44014520.0,257157792.0,1563686786.0000002,0.02814791324840165
2009-07-31,2.73,2.76,2.64,2.75,61889288.0,361730496.0,1563686786.0000002,0.03957908230350678
2009-08-03,2.74,2.83,2.7,2.8,66134436.0,399613120.0,1563686786.0000002,0.04229391499123405
2009-08-04,2.79,2.89,2.72,2.87,66118980.0,402419680.0,1563686786.0000002,0.04228403065880995
2009-08-05,2.9,3.01,2.83,2.89,95071048.0,604937856.0,1563686786.0000002,0.06079929104165237
2009-08-06,2.85,2.87,2.74,2.79,37737992.0,229806944.0,1563686786.0000002,0.024133984080364285
2009-08-07,2.79,2.82,2.65,2.68,31297958.0,185554960.0,1563686786.0000002,0.02001549049350347
2009-08-10,2.68,2.72,2.61,2.64,27754016.0,159988224.0,1563686786.0000002,0.017749089042951083
2009-08-11,2.65,2.67,2.61,2.66,16017836.0,91824584.0,1563686786.0000002,0.01024363455866666
2009-08-12,2.65,2.65,2.46,2.49,25802078.0,142419312.0,1563686786.0000002,0.016500796854594636
2009-08-13,2.48,2.51,2.4,2.47,18924176.0,101178704.0,1563686786.0000002,0.012102280437125851
2009-08-14,2.45,2.47,2.33,2.34,22344154.0,115499328.0,1563686786.0000002,0.01428940514177882
2009-08-17,2.32,2.33,2.12,2.13,21043514.0,102064104.0,1563686786.0000002,0.013457627312839617
2009-08-18,2.11,2.21,2.09,2.19,17056210.0,79697768.0,1563686786.0000002,0.010907689540327161
2009-08-19,2.18,2.19,2.03,2.04,17918004.0,82081776.0,1563686786.0000002,0.011458819093710751
2009-08-20,2.03,2.12,2.03,2.11,15140743.0,68566136.0,1563686786.0000002,0.009682721076598007
2009-08-21,2.11,2.15,2.09,2.15,15895202.0,73372688.0,1563686786.0000002,0.010165208366734894
2009-08-24,2.15,2.17,2.1,2.16,19224128.0,89551432.0,1563686786.0000002,0.012294104018859437
2009-08-25,2.15,2.15,2.01,2.07,21651142.0,98021760.0,1563686786.0000002,0.013846214084461794
2009-08-26,2.09,2.28,2.09,2.25,43798392.0,211128896.0,1563686786.0000002,0.028009696310115136
2009-08-27,2.24,2.36,2.19,2.33,57817312.0,291155296.0,1563686786.0000002,0.03697499557945359
2009-08-28,2.3,2.39,2.23,2.33,64222336.0,322997344.0,1563686786.0000002,0.04107109977202301
2009-08-31,2.27,2.33,2.1,2.24,49966448.0,243627984.0,1563686786.0000002,0.03195425608719059
2009-09-01,2.22,2.26,2.12,2.19,18915924.0,90548464.0,1563686786.0000002,0.01209700316544083
2009-09-02,2.16,2.27,1.99,2.21,40910280.0,185169200.0,1563686786.0000002,0.02616270749761263
2009-09-03,2.14,2.27,2.11,2.25,48851032.0,234350992.0,1563686786.0000002,0.03124093164780379
2009-09-04,2.22,2.25,2.18,2.23,35761420.0,171897776.0,1563686786.0000002,0.022869938097692662
2009-09-07,2.24,2.28,2.19,2.23,37488208.0,182717712.0,1563686786.0000002,0.023974243650096302
2009-09-08,2.21,2.24,2.14,2.23,24126300.0,115412048.0,1563686786.0000002,0.015429112924664694
2009-09-09,2.23,2.28,2.21,2.26,32342634.0,157853712.0,1563686786.0000002,0.020683575694039277
2009-09-10,2.26,2.27,2.21,2.22,23084138.0,112145080.0,1563686786.0000002,0.014762635462982033
2009-09-11,2.21,2.28,2.2,2.26,27848252.0,136119952.0,1563686786.0000002,0.017809354308887786
2009-09-14,2.3,2.33,2.27,2.3,35861908.0,178318912.0,1563686786.0000002,0.0229342016067916
2009-09-15,2.31,2.4,2.3,2.35,53298440.0,273034048.0,1563686786.0000002,0.034085112490040564
2009-09-16,2.34,2.34,2.28,2.3,30436964.0,152267744.0,1563686786.0000002,0.019464872551528997
2009-09-17,2.3,2.34,2.3,2.33,33130824.0,167033952.0,1563686786.0000002,0.021187634439727238
2009-09-21,2.24,2.37,2.17,2.34,41342164.0,203391856.0,1563686786.0000002,0.02643890347488042
2009-09-22,2.37,2.42,2.33,2.33,62514256.0,322972256.0,1563686786.0000002,0.039978758252421524
2009-09-23,2.3,2.34,2.21,2.23,21383828.0,105177184.0,1563686786.0000002,0.013675262969191578
2009-09-24,2.21,2.22,2.15,2.19,17250864.0,81961568.0,1563686786.0000002,0.011032173549364506
2009-09-25,2.18,2.22,2.16,2.18,10463980.0,49817740.0,1563686786.0000002,0.00669186444093926
2009-09-28,2.17,2.2,2.07,2.09,15500027.0,71792464.0,1563686786.0000002,0.00991248831848861
2009-09-29,2.07,2.09,1.98,2.04,14872977.0,65530164.0,3345194000.0,0.004446073082756934
2009-09-30,2.07,2.08,2.03,2.04,11233553.0,50028632.0,3345194000.0,0.003358117047920091
2009-10-09,2.06,2.15,2.05,2.14,12894380.0,59004716.0,3345194000.0,0.003854598567377557
2009-10-12,2.16,2.17,2.1,2.11,17007970.0,78575624.0,3345194000.0,0.005084300043584916
2009-10-13,2.09,2.17,2.09,2.17,22170994.0,102669392.0,3345194000.0,0.006627715462840122
2009-10-14,2.18,2.24,2.16,2.2,36784792.0,175856448.0,3345194000.0,0.010996310527879699
2009-10-15,2.2,2.24,2.18,2.24,25274210.0,121616128.0,3345194000.0,0.007555379448845119
2009-10-16,2.23,2.24,2.15,2.2,16312784.0,77351576.0,3345194000.0,0.004876483695713911
2009-10-19,2.19,2.23,2.16,2.23,17464220.0,83762512.0,3345194000.0,0.005220689741760867
2009-10-20,2.23,2.28,2.21,2.26,20740652.0,101625840.0,3345194000.0,0.006200134282197086
2009-10-21,2.26,2.31,2.25,2.25,24969232.0,123853632.0,3345194000.0,0.007464210446389656
2009-10-22,2.25,2.27,2.21,2.21,17755264.0,86335168.0,3345194000.0,0.005307693365466996
2009-10-23,2.23,2.37,2.23,2.35,68266360.0,343385696.0,3345194000.0,0.02040729476377155
2009-10-26,2.34,2.49,2.33,2.43,62461412.0,328619360.0,3345194000.0,0.018671984943175193
2009-10-27,2.39,2.42,2.33,2.34,30066600.0,154861376.0,3345194000.0,0.008987998902305816
2009-10-28,2.35,2.49,2.35,2.49,60233184.0,319387808.0,3345194000.0,0.018005886654107354
2009-10-29,2.43,2.56,2.4,2.45,42798760.0,231908992.0,3345194000.0,0.012794104019079312
2009-10-30,2.48,2.55,2.45,2.53,38678432.0,210124592.0,3345194000.0,0.011562388309915659
2009-11-02,2.49,2.58,2.43,2.57,37747220.0,207400512.0,3345194000.0,0.011284015217054676
2009-11-03,2.58,2.69,2.54,2.65,50218280.0,286742816.0,3345194000.0,0.015012068059430932
2009-11-04,2.65,2.71,2.6,2.64,31484590.0,181703152.0,3345194000.0,0.009411887621465302
2009-11-05,2.64,2.9,2.63,2.86,96723912.0,592865408.0,3345194000.0,0.028914290770580123
2009-11-09,3.08,3.08,2.74,2.78,88989832.0,553731776.0,3345194000.0,0.0266022933199091
2009-11-10,2.76,2.8,2.69,2.76,48247832.0,287871264.0,3345194000.0,0.0144230295761621
2009-11-11,2.73,2.75,2.68,2.72,32396846.0,190404576.0,3345194000.0,0.00968459407735396
2009-11-12,2.72,2.82,2.71,2.77,39911352.0,241163360.0,3345194000.0,0.011930952883450108
2009-11-13,2.77,2.82,2.69,2.79,31109702.0,187127920.0,3345194000.0,0.009299819980545224
2009-11-16,2.81,3.03,2.78,2.95,72411864.0,455011936.0,3345194000.0,0.021646536493847592
2009-11-17,2.95,2.95,2.88,2.9,33206316.0,209566736.0,3345194000.0,0.00992657406416489
2009-11-18,2.9,2.96,2.88,2.91,21078940.0,133251936.0,3345194000.0,0.006301260853630612
2009-11-19,2.91,2.91,2.82,2.88,28604028.0,177532128.0,3345194000.0,0.008550783003915468
2009-11-20,2.86,2.89,2.83,2.86,25721092.0,159895376.0,3345194000.0,0.007688968711530631
2009-11-23,2.87,2.92,2.85,2.88,23412828.0,146303392.0,3345194000.0,0.006998944754773565
2009-11-24,2.91,2.94,2.72,2.73,44820656.0,278160832.0,3345194000.0,0.01339852217838487
2009-11-25,2.73,2.78,2.68,2.77,27271520.0,161756256.0,3345194000.0,0.008152447959669903
2009-11-26,2.78,2.93,2.76,2.78,51156096.0,314320384.0,3345194000.0,0.01529241532778069
2009-11-27,2.72,2.73,2.51,2.66,33018932.0,189981952.0,3345194000.0,0.009870558179884336
2009-11-30,2.65,2.77,2.58,2.74,24001368.0,140966688.0,3345194000.0,0.007174880739353233
2009-12-01,2.74,2.9,2.72,2.89,42806356.0,263326320.0,3345194000.0,0.01279637473940226
2009-12-02,2.89,2.91,2.84,2.87,25003564.0,155934144.0,3345194000.0,0.007474473528291632
2009-12-03,2.89,2.97,2.88,2.92,43754264.0,278395968.0,3345194000.0,0.013079738873141587
2009-12-04,2.93,2.95,2.77,2.84,28437906.0,176660208.0,3345194000.0,0.008501123103772159
2009-12-07,2.85,2.9,2.85,2.87,19629920.0,122381776.0,3345194000.0,0.0058680961403135366
2009-12-08,2.86,2.86,2.78,2.8,21809332.0,133107800.0,3345194000.0,0.006519601553751441
2009-12-09,2.79,2.79,2.68,2.74,19090008.0,113580032.0,3345194000.0,0.005706696831334745
2009-12-10,2.75,2.79,2.72,2.76,12867315.0,76794952.0,3345194000.0,0.0038465078557476788
2009-12-11,2.75,2.78,2.72,2.75,11175501.0,66889724.0,3345194000.0,0.0033407631963945886
2009-12-14,2.79,2.88,2.74,2.88,40234256.0,247349920.0,3345194000.0,0.012027480618463383
2009-12-15,2.85,2.88,2.83,2.84,18343856.0,113796128.0,3345194000.0,0.005483644894735552
2009-12-16,2.81,2.91,2.81,2.84,15992906.0,99406808.0,3345194000.0,0.0047808605420193865
2009-12-17,2.84,2.85,2.72,2.74,13275935.0,80044408.0,3345194000.0,0.003968659216774872
2009-12-18,2.74,2.77,2.67,2.71,11141035.0,65585284.0,3345194000.0,0.0033304600570250933
2009-12-21,2.72,2.77,2.61,2.77,17851348.0,103933248.0,3345194000.0,0.00533641636329612
2009-12-22,2.76,2.83,2.7,2.71,17242872.0,103792536.0,3345194000.0,0.0051545207841458525
2009-12-23,2.68,2.74,2.66,2.72,7076197.0,41438116.0,3345194000.0,0.0021153323245228827
2009-12-24,2.71,2.83,2.71,2.79,15478242.0,93280240.0,3345194000.0,0.004627008777368368
2009-12-25,2.78,2.9,2.77,2.88,36635604.0,227251920.0,3345194000.0,0.01095171281546003
2009-12-28,2.88,3.01,2.85,2.98,63144328.0,405319520.0,3345194000.0,0.01887613334234128
2009-12-29,2.97,3.14,2.93,3.09,69638416.0,461450496.0,3345194000.0,0.020817452141789088
2009-12-31,3.06,3.15,2.98,3.06,36699304.0,243875408.0,3345194000.0,0.01097075505934783
2010-01-04,3.09,3.22,3.04,3.04,48965996.0,332968576.0,3345194000.0,0.014637714882903653
2010-01-05,3.08,3.2,3.06,3.15,75175312.0,509466240.0,3345194000.0,0.022472631482658406
2010-01-06,3.17,3.17,3.02,3.04,48318102.0,322513264.0,3345194000.0,0.014444035831703632
2010-01-07,3.04,3.29,3.03,3.18,90891808.0,627749312.0,3345194000.0,0.027170863035148336
2010-01-08,3.17,3.34,3.08,3.25,71151080.0,503101184.0,3345194000.0,0.021269642358559774
2010-01-11,3.26,3.3,3.14,3.23,36730288.0,256516432.0,3345194000.0,0.010980017302434478
2010-01-12,3.21,3.34,3.12,3.32,64529860.0,456547792.0,3345194000.0,0.019290319186271408
2010-01-13,3.22,3.31,3.18,3.21,31484986.0,221818784.0,3345194000.0,0.00941200600024991
2010-01-14,3.2,3.34,3.18,3.28,41431108.0,294977056.0,3345194000.0,0.012385263156636057
2010-01-15,3.28,3.31,3.21,3.23,23248366.0,164167808.0,3345194000.0,0.006949781088929371
2010-01-18,3.25,3.43,3.23,3.41,65753808.0,478082720.0,3345194000.0,0.01965620170310003
2010-01-19,3.43,3.49,3.37,3.41,65020048.0,484287296.0,3345194000.0,0.019436854185437377
2010-01-20,3.4,3.46,3.26,3.28,42567744.0,310461440.0,3345194000.0,0.01272504494507643
2010-01-21,3.29,3.33,3.18,3.22,35248352.0,247869584.0,3345194000.0,0.0105370128010513
2010-01-22,3.18,3.18,2.9,3.06,48819816.0,323909760.0,3345194000.0,0.01459401637094889
2010-01-25,3.02,3.16,2.99,3.04,22316510.0,149904144.0,3345194000.0,0.006671215481075238
2010-01-26,3.04,3.08,2.85,2.92,26911326.0,172225792.0,3345194000.0,0.008044772889105984
2010-01-27,2.93,3.02,2.86,2.93,21152748.0,134916896.0,3345194000.0,0.006323324745889177
2010-01-28,2.93,3.23,2.91,3.22,46296856.0,310102080.0,3345194000.0,0.013839811981009174
2010-01-29,3.19,3.41,3.13,3.26,67356976.0,476364288.0,3345194000.0,0.020135446853007628
2010-02-01,3.24,3.38,3.09,3.3,78503992.0,557432512.0,3345194000.0,0.023467694848191167
2010-02-02,3.3,3.34,3.23,3.25,51624912.0,368171520.0,3345194000.0,0.015432561459813691
2010-02-03,3.22,3.48,3.17,3.43,97631768.0,714435072.0,3345194000.0,0.029185681906639796
2010-02-04,3.41,3.77,3.35,3.77,169533120.0,1351493760.0,3345194000.0,0.05067960781945681
2010-02-05,3.77,4.0,3.43,3.47,191387328.0,1542322560.0,3345194000.0,0.05721262443971859
2010-02-08,3.38,3.75,3.24,3.63,95562704.0,728144256.0,3345194000.0,0.02856716351876752
2010-02-09,3.49,3.58,3.37,3.41,59012088.0,444553568.0,3345194000.0,0.017640856703676978
2010-02-10,3.37,3.45,3.32,3.36,33325900.0,243361552.0,3345194000.0,0.009962322065626089
2010-02-11,3.36,3.4,3.27,3.3,26803368.0,194399120.0,3345194000.0,0.00801250032135655
2010-02-12,3.3,3.52,3.28,3.43,44251488.0,329150400.0,3345194000.0,0.01322837718828863
2010-02-22,3.38,3.5,3.31,3.39,39798544.0,293343520.0,3345194000.0,0.011897230474525544
2010-02-23,3.38,3.44,3.32,3.38,29427132.0,214954592.0,3345194000.0,0.008796838688578302
2010-02-24,3.35,3.41,3.32,3.38,39953688.0,292267072.0,3345194000.0,0.011943608651695537
2010-02-25,3.38,3.6,3.38,3.57,81978832.0,622912128.0,3345194000.0,0.024506450746952194
2010-02-26,3.55,3.61,3.5,3.55,50167984.0,388151360.0,3345194000.0,0.014997032758040341
2010-03-01,3.56,3.72,3.52,3.63,66782268.0,527995776.0,3345194000.0,0.019963645755672166
2010-03-02,3.64,3.64,3.5,3.55,47525368.0,366802784.0,3345194000.0,0.01420705884322404
2010-03-03,3.53,3.59,3.5,3.55,34010336.0,262176608.0,3345194000.0,0.010166924848005826
2010-03-04,3.54,3.6,3.37,3.55,55986544.0,429422016.0,3345194000.0,0.016736411699889455
2010-03-05,3.5,3.57,3.41,3.51,25118716.0,191169360.0,3345194000.0,0.007508896643961456
2010-03-08,3.52,3.6,3.5,3.58,37076396.0,286884064.0,3345194000.0,0.011083481555927699
2010-03-09,3.57,3.61,3.5,3.55,30144996.0,232640864.0,3345194000.0,0.009011434314422423
2010-03-10,3.52,3.6,3.48,3.55,35969768.0,277771168.0,3345194000.0,0.010752670248721001
2010-03-11,3.53,3.6,3.48,3.55,45298188.0,349814816.0,3345194000.0,0.013541273839424559
2010-03-12,3.52,3.55,3.42,3.43,33089792.0,250585008.0,3345194000.0,0.009891740807857482
2010-03-15,3.41,3.41,3.26,3.28,23641360.0,170848240.0,3345194000.0,0.007067261270945721
2010-03-16,3.28,3.35,3.26,3.35,20247578.0,145160240.0,3345194000.0,0.006052736552797835
2010-03-17,3.35,3.39,3.3,3.38,26309328.0,191380960.0,3345194000.0,0.00786481381946757
2010-03-18,3.37,3.41,3.32,3.34,24001884.0,175334704.0,3345194000.0,0.007175034990496814
2010-03-19,3.34,3.43,3.32,3.4,30307722.0,222241264.0,3345194000.0,0.009060079026806816
2010-03-22,3.41,3.52,3.4,3.5,36615972.0,275382208.0,3345194000.0,0.010945844097532161
2010-03-23,3.5,3.52,3.42,3.43,20915376.0,157443072.0,3345194000.0,0.0062523656326060615
2010-03-24,3.43,3.45,3.38,3.4,20233856.0,149777728.0,3345194000.0,0.0060486345485493516
2010-03-25,3.4,3.4,3.32,3.32,15368236.0,111663456.0,3345194000.0,0.0045941239880258064
2010-03-26,3.32,3.42,3.3,3.4,15422836.0,113187192.0,3345194000.0,0.004610445911358205
2010-03-29,3.41,3.46,3.39,3.42,19397204.0,144688528.0,3345194000.0,0.005798528874558546
2010-03-30,3.43,3.44,3.38,3.4,16433322.0,121593328.0,3345194000.0,0.004912516882428941
2010-03-31,3.39,3.44,3.37,3.42,13703759.0,101775224.0,3345194000.0,0.004096551350982932
2010-04-01,3.42,3.49,3.41,3.47,24330352.0,183395744.0,3345194000.0,0.0072732260072211055
2010-04-02,3.47,3.49,3.43,3.47,15382347.0,115517152.0,3345194000.0,0.004598342278504625
2010-04-06,3.48,3.53,3.45,3.53,30834896.0,233900368.0,3345194000.0,0.009217670484880697
2010-04-07,3.54,3.56,3.48,3.51,29568148.0,226636320.0,3345194000.0,0.008838993493351955
2010-04-08,3.52,3.7,3.48,3.67,80019328.0,627022464.0,3345194000.0,0.023920683822821635
2010-04-09,3.64,3.75,3.63,3.72,58819256.0,472420896.0,3345194000.0,0.01758321221429908
2010-04-12,3.72,4.05,3.7,3.96,88293896.0,746983104.0,3345194000.0,0.026394252769794516
2010-04-13,4.0,4.07,3.73,4.0,100887288.0,869123008.0,3345194000.0,0.030158875090652442
2010-04-14,3.96,4.08,3.86,4.01,42411248.0,369475264.0,3345194000.0,0.012678262605995347
2010-04-15,3.98,3.98,3.83,3.9,33090128.0,280222624.0,3345194000.0,0.009891841250462604
2010-04-16,3.86,4.02,3.85,3.94,29195700.0,249801536.0,3345194000.0,0.008727655257064313
2010-04-19,3.87,3.88,3.65,3.67,48282984.0,392314592.0,3345194000.0,0.014433537785850388
2010-04-20,3.67,3.78,3.53,3.72,39212312.0,314328736.0,3345194000.0,0.011721984434983441
2010-04-21,3.71,3.82,3.69,3.78,26079788.0,213758192.0,3345194000.0,0.007796195975480047
2010-04-22,3.77,3.82,3.72,3.76,29111948.0,237776064.0,3345194000.0,0.008702618741992242
2010-04-23,3.78,3.8,3.65,3.73,25195236.0,203952224.0,3345194000.0,0.007531771251532796
2010-04-26,3.73,3.79,3.68,3.69,21923820.0,178571648.0,3345194000.0,0.006553826175701619
2010-04-28,3.45,3.7,3.45,3.67,46158708.0,358596000.0,3345194000.0,0.013798514525614957
2010-04-29,3.62,3.67,3.57,3.61,30061984.0,235639280.0,3345194000.0,0.008986619012230681
2010-04-30,3.58,3.6,3.37,3.59,25547782.0,195341328.0,3345194000.0,0.007637160057084881
2010-05-04,3.54,3.7,3.46,3.62,13128314.0,103745280.0,3345194000.0,0.003924529937576117
2010-05-05,3.58,3.81,3.55,3.72,39924528.0,319306528.0,3345194000.0,0.011934891668465267
2010-05-06,3.68,3.68,3.45,3.47,21378484.0,166496336.0,3345194000.0,0.006390805436097278
2010-05-10,3.34,3.44,3.13,3.13,33122720.0,231140736.0,3345194000.0,0.009901584183159482
2010-05-11,3.14,3.16,2.81,2.89,90675992.0,570103872.0,3345194000.0,0.027106347793281943
2010-05-12,2.81,2.92,2.77,2.78,34355948.0,211376512.0,3345194000.0,0.010270240829081961
2010-05-13,2.81,2.9,2.78,2.88,31386168.0,194201760.0,3345194000.0,0.009382465710508867
2010-05-14,2.89,2.91,2.82,2.84,38668564.0,240930528.0,3345194000.0,0.011559438406262836
2010-05-17,2.78,2.78,2.56,2.56,43359280.0,248837360.0,3345194000.0,0.012961663807838947
2010-05-18,2.53,2.62,2.44,2.58,28896028.0,159743568.0,3345194000.0,0.008638072410748076
2010-05-19,2.57,2.62,2.49,2.56,24714966.0,137907776.0,3345194000.0,0.00738820110283589
2010-05-20,2.57,2.61,2.44,2.45,24144072.0,131951512.0,3345194000.0,0.007217540148643098
2010-05-21,2.35,2.49,2.31,2.48,25944024.0,135990176.0,3345194000.0,0.00775561118428408
2010-05-24,2.49,2.73,2.49,2.73,51799164.0,297351936.0,3345194000.0,0.015484651712277375
2010-05-25,2.73,2.73,2.59,2.62,38248052.0,220410736.0,3345194000.0,0.011433732094461488
2010-05-26,2.63,2.68,2.61,2.66,24785924.0,142380128.0,3345194000.0,0.007409413026568863
2010-05-27,2.66,2.74,2.58,2.72,32621330.0,189206480.0,3345194000.0,0.00975170049928345
2010-05-28,2.75,2.79,2.67,2.7,33658564.0,198507024.0,3345194000.0,0.010061767419169112
2010-05-31,2.67,2.68,2.54,2.55,26091574.0,148144720.0,3345194000.0,0.007799719239003777
2010-06-01,2.56,2.6,2.45,2.54,23743766.0,130766256.0,3345194000.0,0.007097874144220037
2010-06-02,2.51,2.57,2.45,2.57,22627610.0,123396328.0,3345194000.0,0.006764214571710938
2010-06-03,2.58,2.64,2.54,2.54,21492166.0,121206944.0,3345194000.0,0.006424789115369691
2010-06-04,2.51,2.56,2.49,2.55,11379924.0,62486896.0,3345194000.0,0.0034018726567128844
2010-06-07,2.5,2.51,2.42,2.46,18719692.0,100143512.0,3345194000.0,0.005595995927291511
2010-06-08,2.47,2.49,2.42,2.45,13540864.0,72249096.0,3345194000.0,0.004047856118359653
2010-06-09,2.46,2.56,2.44,2.54,23580440.0,128161664.0,3345194000.0,0.007049050070040781
2010-06-10,2.53,2.59,2.5,2.53,24892320.0,137616352.0,3345194000.0,0.007441218655779007
2010-06-11,2.56,2.59,2.54,2.56,20387538.0,113678320.0,3345194000.0,0.006094575680812533
2010-06-17,2.6,2.63,2.55,2.56,16599095.0,93642928.0,3345194000.0,0.004962072453794907
2010-06-18,2.56,2.65,2.51,2.55,25573704.0,143616624.0,3345194000.0,0.007644909084495548
2010-06-21,2.65,2.8,2.65,2.8,80473944.0,483753088.0,3345194000.0,0.024056585059042915
2010-06-22,2.9,3.04,2.86,2.92,139984800.0,894842432.0,3345194000.0,0.041846541635552376
2010-06-23,2.85,2.86,2.79,2.82,48248120.0,295075200.0,3345194000.0,0.014423115669823634
2010-06-24,2.79,2.87,2.77,2.81,23267806.0,142028896.0,3345194000.0,0.006955592411082885
2010-06-25,2.77,2.84,2.73,2.77,27544974.0,166079744.0,3345194000.0,0.00823419329342334
2010-06-28,2.77,2.83,2.72,2.73,20922272.0,126089448.0,3345194000.0,0.00625442709750167
2010-06-29,2.73,2.75,2.47,2.49,37994764.0,212779904.0,3345194000.0,0.011358015110633344
2010-06-30,2.44,2.45,2.35,2.42,27641936.0,143954128.0,3345194000.0,0.008263178757345613
2010-07-01,2.42,2.46,2.38,2.39,21246760.0,111368728.0,3345194000.0,0.00635142834765338
2010-07-02,2.38,2.4,2.21,2.39,38185312.0,191977472.0,3345194000.0,0.011414976829445467
2010-07-05,2.34,2.38,2.29,2.35,21440074.0,109069288.0,3345194000.0,0.0064092169243398145
2010-07-06,2.34,2.4,2.33,2.39,24598888.0,127154824.0,3345194000.0,0.007353501172129329
2010-07-07,2.4,2.56,2.38,2.51,39546640.0,212586880.0,3345194000.0,0.011821927218570881
2010-07-08,2.48,2.5,2.4,2.42,27724972.0,146944672.0,3345194000.0,0.008288001234009149
2010-07-09,2.42,2.57,2.41,2.5,40541356.0,220439328.0,3345194000.0,0.012119283963800007
2010-07-12,2.51,2.65,2.51,2.56,33180498.0,185312352.0,3345194000.0,0.009918856126131997
2010-07-13,2.53,2.53,2.47,2.5,23809672.0,129292056.0,3345194000.0,0.007117575841640276
2010-07-14,2.5,2.56,2.48,2.51,24019096.0,131172176.0,3345194000.0,0.0071801802825187415
2010-07-15,2.51,2.56,2.46,2.46,22494968.0,122768280.0,3345194000.0,0.006724563059720901
2010-07-16,2.42,2.48,2.41,2.47,15135963.0,80413344.0,3345194000.0,0.0045246891510626885
2010-07-19,2.43,2.6,2.42,2.57,36713432.0,202561840.0,3345194000.0,0.010974978431744168
2010-07-20,2.57,2.64,2.55,2.62,41142396.0,232007648.0,3345194000.0,0.01229895665243929
2010-07-21,2.62,2.81,2.59,2.68,61989204.0,363437152.0,3345194000.0,0.018530824819128575
2010-07-22,2.65,2.73,2.62,2.69,39901852.0,231923984.0,3345194000.0,0.0119281129883648
2010-07-23,2.7,2.73,2.63,2.72,34730992.0,201553248.0,3345194000.0,0.010382355104068703
2010-07-26,2.72,2.77,2.7,2.74,34824120.0,206278832.0,3345194000.0,0.010410194446121809
2010-07-27,2.74,2.74,2.68,2.68,23830780.0,140141376.0,3345194000.0,0.0071238857895835036
2010-07-28,2.68,2.79,2.65,2.78,60334196.0,359855488.0,3345194000.0,0.018036082810144943
2010-07-29,2.79,2.8,2.71,2.76,50509280.0,303023648.0,3345194000.0,0.015099058529938772
2010-07-30,2.79,2.81,2.72,2.79,35851488.0,216117904.0,3345194000.0,0.010717312060227299
2010-08-02,2.81,2.82,2.77,2.8,39107304.0,237213696.0,3345194000.0,0.011690593729392077
2010-08-03,2.81,2.81,2.68,2.69,47231016.0,281700928.0,3345194000.0,0.014119066338155574
2010-08-04,2.68,2.72,2.64,2.71,26813268.0,156126912.0,3345194000.0,0.008015459790971765
2010-08-05,2.71,2.8,2.68,2.79,43443608.0,259348896.0,3345194000.0,0.012986872510234086
2010-08-06,2.77,2.97,2.73,2.96,87071952.0,542690944.0,3345194000.0,0.026028969321360736
2010-08-09,2.92,3.01,2.9,2.94,91921072.0,586764800.0,3345194000.0,0.027478547432525587
2010-08-10,2.94,2.95,2.79,2.79,45520688.0,282542752.0,3345194000.0,0.013607787171685709
2010-08-11,2.78,2.84,2.77,2.83,20362456.0,124193552.0,3345194000.0,0.006087077759914672
2010-08-12,2.79,2.82,2.74,2.78,29844170.0,180162192.0,3345194000.0,0.0089215064955874
2010-08-13,2.79,2.82,2.75,2.81,38365564.0,232391216.0,3345194000.0,0.011468860699857766
2010-08-16,2.8,2.88,2.76,2.86,46263024.0,284359456.0,3345194000.0,0.01382969836726958
2010-08-17,2.87,2.94,2.82,2.86,53640224.0,333988384.0,3345194000.0,0.01603501142235697
2010-08-18,2.85,2.86,2.77,2.81,40611832.0,247502608.0,3345194000.0,0.012140351800224441
2010-08-19,2.82,2.82,2.76,2.79,34432944.0,208265616.0,3345194000.0,0.01029325773034389
2010-08-20,2.78,2.79,2.72,2.73,34706384.0,207675632.0,3345194000.0,0.010374998878988783
2010-08-23,2.73,2.76,2.71,2.73,20060584.0,118871240.0,3345194000.0,0.0059968372536839416
2010-08-24,2.74,2.77,2.69,2.76,23821356.0,141976464.0,3345194000.0,0.007121068613658879
2010-08-25,2.73,2.74,2.67,2.68,24679670.0,144506208.0,3345194000.0,0.007377649846316835
2010-08-26,2.68,2.7,2.65,2.68,16986024.0,98769984.0,3345194000.0,0.005077739587001531
2010-08-27,2.68,2.7,2.66,2.7,13992623.0,81551960.0,3345194000.0,0.004182903293501065
2010-08-30,2.75,2.76,2.71,2.75,30654898.0,182535360.0,3345194000.0,0.00916386254429489
2010-08-31,2.74,2.74,2.64,2.66,104261816.0,603589568.0,3345194000.0,0.03116764408880322
2010-09-01,2.65,2.65,2.53,2.57,59075448.0,332387456.0,3345194000.0,0.017659797309214353
2010-09-02,2.59,2.6,2.56,2.59,33603360.0,188118384.0,3345194000.0,0.010045264938296553
2010-09-03,2.59,2.68,2.56,2.65,50676176.0,289009056.0,3345194000.0,0.015148949806797454
2010-09-06,2.65,2.68,2.62,2.65,42252176.0,243450016.0,3345194000.0,0.01263071020694166
2010-09-07,2.67,2.68,2.6,2.64,34211212.0,195558160.0,3345194000.0,0.010226973981180165
2010-09-08,2.63,2.68,2.6,2.67,36279108.0,208239536.0,3345194000.0,0.010845143211425106
2010-09-09,2.67,2.71,2.62,2.67,49659116.0,287705952.0,3345194000.0,0.014844913628327685
2010-09-10,2.67,2.68,2.59,2.63,23921830.0,136538176.0,3345194000.0,0.0071511039419537405
2010-09-13,2.63,2.7,2.63,2.68,40978784.0,238825088.0,3345194000.0,0.012250047082471151
2010-09-14,2.68,2.79,2.68,2.78,73788208.0,441117760.0,3345194000.0,0.02205797571082574
2010-09-16,2.77,2.82,2.73,2.75,69504936.0,418602336.0,3345194000.0,0.02077755012115889
2010-09-17,2.79,2.81,2.73,2.76,45070688.0,271086016.0,3345194000.0,0.013473265825539565
2010-09-20,2.79,2.88,2.74,2.83,70276232.0,429911552.0,3345194000.0,0.021008118512708084
2010-09-21,2.84,2.85,2.75,2.78,39554260.0,238873232.0,3345194000.0,0.011824205113365623
2010-09-27,2.82,2.84,2.78,2.79,44353760.0,269931680.0,3345194000.0,0.013258950004095427
2010-09-28,2.79,2.79,2.69,2.73,43077612.0,254034800.0,3345194000.0,0.012877463011113855
2010-09-29,2.7,2.75,2.67,2.69,25753244.0,151132128.0,3345194000.0,0.007698580112244611
2010-09-30,2.7,2.74,2.68,2.72,21515750.0,126330016.0,3345194000.0,0.006431839229653048
2010-10-08,2.72,2.81,2.7,2.78,63602740.0,381752736.0,3345194000.0,0.019013169340851382
2010-10-11,2.77,2.96,2.76,2.87,119765272.0,748969472.0,3345194000.0,0.03580219024666432
2010-10-12,2.85,2.99,2.84,2.94,83779384.0,533608832.0,3345194000.0,0.02504470114438804
2010-10-13,2.92,2.93,2.86,2.89,59670044.0,373839200.0,3345194000.0,0.017837543652176824
2010-10-14,2.92,2.98,2.88,2.9,83317224.0,529996896.0,3345194000.0,0.024906544732532704
2010-10-15,2.86,3.16,2.84,3.09,124357352.0,818327872.0,3345194000.0,0.0371749297649105
2010-10-18,3.1,3.28,2.99,3.07,122268936.0,834016768.0,3345194000.0,0.03655062636128129
2010-10-19,3.04,3.15,3.01,3.13,56319280.0,376323648.0,3345194000.0,0.01683587857684786
2010-10-20,3.06,3.27,3.05,3.17,85109048.0,587164800.0,3345194000.0,0.02544218601372596
2010-10-21,3.17,3.18,2.99,3.07,58434608.0,391652736.0,3345194000.0,0.017468226954849255
2010-10-22,3.06,3.25,2.98,3.19,99681312.0,678385856.0,3345194000.0,0.02979836505745257
2010-10-25,3.19,3.46,3.16,3.38,110191208.0,793784832.0,3345194000.0,0.03294015474139916
2010-10-26,3.37,3.72,3.34,3.72,138272560.0,1084214016.0,3345194000.0,0.041334690902829554
2010-10-27,3.83,4.03,3.73,3.78,148969664.0,1244180480.0,3345194000.0,0.04453244385826353
2010-10-28,3.76,3.91,3.73,3.83,87180336.0,722660992.0,3345194000.0,0.02606136923598452
2010-10-29,3.86,4.03,3.78,4.0,104868656.0,888949824.0,3345194000.0,0.031349050608126164
2010-11-01,3.95,4.14,3.83,4.07,98521064.0,854868992.0,3345194000.0,0.02945152478451175
2010-11-02,4.05,4.09,3.88,3.89,60308364.0,521549632.0,3345194000.0,0.018028360687003503
2010-11-03,3.88,3.91,3.75,3.78,45620332.0,376586208.0,3345194000.0,0.013637574382831011
2010-11-04,3.81,4.15,3.8,4.12,74969408.0,647905344.0,3345194000.0,0.022411079297643126
2010-11-05,4.13,4.4,4.03,4.28,75122704.0,691811328.0,3345194000.0,0.022456905040484948
2010-11-09,4.32,4.71,4.32,4.71,113638392.0,1137055488.0,3345194000.0,0.03397064325716236
2010-11-10,4.71,4.86,4.51,4.64,98645016.0,998829568.0,3345194000.0,0.029488578539839543
2010-11-11,4.57,4.77,4.49,4.61,56053832.0,566657152.0,3345194000.0,0.016756526527310522
2010-11-12,4.6,4.6,4.15,4.23,65587384.0,617102400.0,3345194000.0,0.01960645152418664
2010-11-16,4.31,4.43,4.01,4.09,83858936.0,768766144.0,3345194000.0,0.02506848212689608
2010-11-17,4.12,4.31,3.96,4.14,56127040.0,509064224.0,3345194000.0,0.016778411057774226
2010-11-18,4.2,4.25,3.94,4.09,36031676.0,318365120.0,3345194000.0,0.010771176798714813
2010-11-19,4.14,4.39,4.05,4.38,65914232.0,610981760.0,3345194000.0,0.019704158264064804
2010-11-22,4.37,4.4,4.25,4.36,61903064.0,583549632.0,3345194000.0,0.018505074444112958
2010-11-23,4.32,4.36,4.04,4.14,42605620.0,385238912.0,3345194000.0,0.012736367457313387
2010-11-24,4.06,4.35,4.04,4.31,35390352.0,325424416.0,3345194000.0,0.010579461759168527
2010-11-25,4.37,4.71,4.37,4.49,76635568.0,762871424.0,3345194000.0,0.022909155044520586
2010-11-26,4.51,4.66,4.47,4.52,50220592.0,497891040.0,3345194000.0,0.0150127592002138
2010-11-29,4.57,4.71,4.49,4.63,36135224.0,361483968.0,3345194000.0,0.010802131057272015
2010-11-30,4.63,4.63,4.17,4.36,59160464.0,561586048.0,3345194000.0,0.017685211679800934
2010-12-01,4.36,4.49,4.31,4.38,24241078.0,230839632.0,3345194000.0,0.007246538765763659
2010-12-02,4.47,4.7,4.42,4.61,55635624.0,553747840.0,3345194000.0,0.016631508964801443
2010-12-03,4.67,4.7,4.22,4.54,55409628.0,531538816.0,3345194000.0,0.0165639505511489
2010-12-06,4.56,4.56,4.33,4.39,31745044.0,305183712.0,3345194000.0,0.00948974678299674
2010-12-07,4.39,4.44,4.24,4.38,27187480.0,254228784.0,3345194000.0,0.008127325350936299
2010-12-08,4.37,4.57,4.29,4.41,31046820.0,300489312.0,3345194000.0,0.009281022266571086
2010-12-09,4.36,4.36,4.16,4.23,41419856.0,381937504.0,3345194000.0,0.012381899525109754
2010-12-10,4.23,4.3,4.14,4.25,26854504.0,246323408.0,3345194000.0,0.008027786729259948
2010-12-13,4.32,4.37,4.27,4.37,41886788.0,392867200.0,3345194000.0,0.01252148246110689
2010-12-14,4.37,4.59,4.34,4.47,51514368.0,502780576.0,3345194000.0,0.015399515842728403
2010-12-15,4.47,4.57,4.43,4.5,42111900.0,410612032.0,3345194000.0,0.012588776615048335
2010-12-16,4.49,4.65,4.45,4.6,68352768.0,679865088.0,3345194000.0,0.020433125253722206
2010-12-17,4.57,4.63,4.51,4.57,31820040.0,314386624.0,3345194000.0,0.009512165811609132
2010-12-20,4.6,4.6,4.24,4.36,65511960.0,622441088.0,3345194000.0,0.019583904550827248
2010-12-22,4.46,4.59,4.43,4.47,60526664.0,591674688.0,3345194000.0,0.018093618486700623
2010-12-23,4.47,4.5,4.32,4.33,43608920.0,417648480.0,3345194000.0,0.013036290271954331
2010-12-24,4.39,4.42,4.18,4.24,46601172.0,432462208.0,3345194000.0,0.01393078308761764
2010-12-28,4.1,4.14,3.82,3.91,59543608.0,509501152.0,3345194000.0,0.017799747339018304
2010-12-29,3.9,3.94,3.69,3.91,44711880.0,369111424.0,3345194000.0,0.013366005080721775
2010-12-30,3.86,3.99,3.81,3.96,33341740.0,282192128.0,3345194000.0,0.009967057217010434
2010-12-31,3.98,4.14,3.92,4.13,31555350.0,275638560.0,3345194000.0,0.009433040355805972
2011-01-04,4.14,4.18,4.03,4.1,40503120.0,360939616.0,3345194000.0,0.012107853834486131
2011-01-05,4.1,4.1,3.97,3.99,34036096.0,296336320.0,3345194000.0,0.01017462544773188
2011-01-06,3.98,4.02,3.91,3.93,25035144.0,215045792.0,3345194000.0,0.007483913937427845
2011-01-07,3.91,3.99,3.87,3.95,20193546.0,173375632.0,3345194000.0,0.006036584425297905
2011-01-10,3.96,3.97,3.83,3.84,16480417.0,139380432.0,3345194000.0,0.004926595288643947
2011-01-11,3.84,3.84,3.71,3.77,20761472.0,169161936.0,3345194000.0,0.006206358136478781
2011-01-12,3.78,3.85,3.78,3.84,13896914.0,115045712.0,3345194000.0,0.0041542923967937285
2011-01-13,3.87,3.96,3.87,3.94,21404728.0,182406736.0,3345194000.0,0.006398650721004521
2011-01-14,3.96,3.96,3.78,3.8,22552284.0,188328016.0,3345194000.0,0.006741696894111373
2011-01-17,3.75,3.75,3.54,3.56,35698936.0,282111104.0,3345194000.0,0.010671708726011107
2011-01-18,3.52,3.53,3.41,3.52,19434726.0,146328032.0,3345194000.0,0.005809745563336536
2011-01-19,3.51,3.64,3.48,3.62,19518836.0,150781056.0,3345194000.0,0.005834889097612874
2011-01-20,3.61,3.61,3.39,3.4,21449512.0,162581968.0,3345194000.0,0.006412038285372986
2011-01-21,3.33,3.48,3.33,3.45,16799098.0,124785328.0,3345194000.0,0.005021860615557722
2011-01-24,3.44,3.47,3.32,3.34,17182756.0,125990160.0,3345194000.0,0.005136549928046027
2011-01-25,3.38,3.4,3.32,3.36,10031967.0,73070816.0,3345194000.0,0.0029989193451859593
2011-01-26,3.37,3.58,3.35,3.57,35278792.0,267906256.0,3345194000.0,0.010546112422777273
2011-01-27,3.52,3.72,3.49,3.64,34907300.0,274388576.0,3345194000.0,0.010435059969616111
2011-01-31,3.67,3.72,3.62,3.66,23377486.0,186238192.0,3345194000.0,0.006988379747183571
2011-02-01,3.68,3.68,3.55,3.61,18010944.0,141071392.0,3345194000.0,0.005384125404983986
2011-02-09,3.59,3.61,3.51,3.53,16390227.0,126655376.0,3345194000.0,0.004899634221513013
2011-02-10,3.52,3.66,3.5,3.63,22437308.0,175174080.0,3345194000.0,0.006707326391234708
2011-02-11,3.63,3.69,3.6,3.64,26926976.0,212958528.0,3345194000.0,0.008049451242588622
2011-02-14,3.67,3.94,3.67,3.84,47320056.0,394400352.0,3345194000.0,0.014145683628513026
2011-02-15,3.84,3.98,3.82,3.85,43831292.0,373283936.0,3345194000.0,0.01310276534036591
2011-02-16,3.85,3.94,3.83,3.89,27157792.0,229538848.0,3345194000.0,0.00811845052932655
2011-02-17,3.96,4.03,3.86,3.95,32867508.0,281025536.0,3345194000.0,0.009825292045842484
2011-02-18,3.95,3.95,3.83,3.85,23616964.0,198779456.0,3345194000.0,0.007059968420366651
2011-02-21,3.79,3.87,3.74,3.87,33297748.0,275418720.0,3345194000.0,0.009953906410211186
2011-02-22,3.9,3.92,3.69,3.71,37013352.0,302847776.0,3345194000.0,0.011064635414268949
2011-02-23,3.68,3.68,3.59,3.67,23670028.0,187324752.0,3345194000.0,0.007075831177504204
2011-02-24,3.63,3.76,3.61,3.7,30330974.0,242814240.0,3345194000.0,0.00906702989423035
2011-02-25,3.69,3.72,3.62,3.66,21636680.0,171811424.0,3345194000.0,0.006467989599407389
2011-02-28,3.67,3.75,3.61,3.73,23345652.0,186645232.0,3345194000.0,0.006978863408220869
2011-03-01,3.74,3.88,3.72,3.81,38802024.0,320847904.0,3345194000.0,0.011599334448166534
2011-03-02,3.77,3.77,3.67,3.73,25170652.0,203158608.0,3345194000.0,0.0075244222009246695
2011-03-03,3.72,3.73,3.61,3.63,31501472.0,250685632.0,3345194000.0,0.009416934264500056
2011-03-04,3.63,3.72,3.63,3.72,17926142.0,143166880.0,3345194000.0,0.005358775006770908
2011-03-07,3.72,3.83,3.68,3.79,57378496.0,469666624.0,3345194000.0,0.017152516715024598
2011-03-08,3.78,3.78,3.65,3.76,39573524.0,321351072.0,3345194000.0,0.011829963822725977
2011-03-09,3.77,3.79,3.73,3.76,22766566.0,185851360.0,3345194000.0,0.006805753567655568
2011-03-10,3.75,3.75,3.7,3.71,18239736.0,147210432.0,3345194000.0,0.005452519644600582
2011-03-11,3.68,3.74,3.68,3.69,17970580.0,144696144.0,3345194000.0,0.005372059139171001
2011-03-14,3.68,3.8,3.65,3.79,35330936.0,287152992.0,3345194000.0,0.01056170015849604
2011-03-15,3.82,3.82,3.58,3.71,40317528.0,322290880.0,3345194000.0,0.012052373644099565
2011-03-16,3.71,3.75,3.67,3.72,25060608.0,202214608.0,3345194000.0,0.0074915260520017676
2011-03-17,3.7,3.7,3.61,3.63,27532080.0,217833040.0,3345194000.0,0.008230338808451768
2011-03-18,3.66,3.66,3.6,3.61,19506734.0,153614720.0,3345194000.0,0.005831271370210517
2011-03-21,3.61,3.61,3.55,3.58,21925180.0,169886368.0,3345194000.0,0.006554232729103305
2011-03-22,3.66,3.77,3.66,3.72,54080648.0,436840736.0,3345194000.0,0.016166670154257122
2011-03-24,3.74,3.77,3.64,3.72,41028564.0,330606816.0,3345194000.0,0.012264928132718162
2011-03-25,3.78,4.07,3.78,3.94,109252848.0,934508416.0,3345194000.0,0.03265964485168872
2011-03-28,3.98,3.99,3.87,3.91,49534784.0,421416704.0,3345194000.0,0.01480774627719648
2011-03-29,3.91,4.0,3.87,3.89,41368976.0,352649216.0,3345194000.0,0.012366689644905497
2011-03-30,3.88,3.91,3.76,3.83,30672766.0,254583728.0,3345194000.0,0.009169203938545867
2011-03-31,3.82,3.86,3.74,3.76,21816662.0,178952736.0,3345194000.0,0.006521792757012
2011-04-01,3.75,3.78,3.71,3.78,19564642.0,159086944.0,3345194000.0,0.005848582174905252
2011-04-06,3.76,3.76,3.68,3.72,29773188.0,240139216.0,3345194000.0,0.008900287397382634
2011-04-07,3.69,3.75,3.64,3.73,25389634.0,203189168.0,3345194000.0,0.00758988387519528
2011-04-08,3.73,3.74,3.69,3.73,25275560.0,203647424.0,3345194000.0,0.007555783012883558
2011-04-11,3.73,3.73,3.66,3.66,38651488.0,309788416.0,3345194000.0,0.011554333769581076
2011-04-13,3.82,3.84,3.75,3.77,60660284.0,499904768.0,3345194000.0,0.01813356235841628
2011-04-14,3.76,3.8,3.74,3.76,26840446.0,219545520.0,3345194000.0,0.008023584282406342
2011-04-15,3.76,3.8,3.74,3.8,32199696.0,264289376.0,3345194000.0,0.00962565878092571
2011-04-18,3.8,3.94,3.8,3.91,66303140.0,559962880.0,3345194000.0,0.019820416992258148
2011-04-19,3.87,3.9,3.8,3.83,38111716.0,318309792.0,3345194000.0,0.011392976311687753
2011-04-20,3.92,3.98,3.82,3.9,57294500.0,483744512.0,3345194000.0,0.017127407259489285
2011-04-21,3.89,3.91,3.8,3.9,56961584.0,478112768.0,3345194000.0,0.01702788657399242
2011-04-22,3.89,4.23,3.84,4.05,135187376.0,1198061056.0,3345194000.0,0.04041241733663279
2011-04-25,4.06,4.19,3.98,4.02,82913592.0,736680000.0,3345194000.0,0.024785884465893457
2011-04-26,3.98,4.14,3.89,4.13,62441004.0,544158144.0,3345194000.0,0.018665884250659303
2011-04-27,4.14,4.26,4.08,4.2,94916056.0,861487616.0,3345194000.0,0.028373856942228163
2011-04-28,4.21,4.23,3.96,3.97,61735712.0,549613440.0,3345194000.0,0.018455046852290182
2011-04-29,3.95,4.21,3.93,4.21,81686624.0,735171776.0,3345194000.0,0.024419099161364033
2011-05-03,4.24,4.3,4.18,4.24,77420440.0,711983232.0,3345194000.0,0.023143781795614844
2011-05-04,4.19,4.21,4.07,4.09,51488820.0,460602048.0,3345194000.0,0.0153918786175032
2011-05-05,4.08,4.16,4.01,4.03,34387396.0,304722496.0,3345194000.0,0.010279641778623302
2011-05-06,4.1,4.19,4.03,4.07,43139616.0,384850240.0,3345194000.0,0.012895998258994845
2011-05-09,4.09,4.1,3.96,3.98,42465980.0,368722304.0,3345194000.0,0.012694623988922616
2011-05-10,3.96,3.96,3.86,3.94,33051460.0,280751776.0,3345194000.0,0.009880281980656429
2011-05-11,3.99,4.11,3.93,4.03,62169860.0,540846208.0,3345194000.0,0.01858482945981608
2011-05-12,4.01,4.07,3.9,3.9,33700276.0,291311552.0,3345194000.0,0.010074236651147886
2011-05-13,3.89,3.94,3.77,3.84,35196688.0,293115904.0,3345194000.0,0.010521568554768422
2011-05-16,3.85,3.86,3.77,3.79,22708104.0,187184864.0,3345194000.0,0.00678827715223691
2011-05-17,3.78,3.81,3.67,3.77,27286616.0,221352768.0,3345194000.0,0.008156960702428618
2011-05-18,3.75,3.8,3.72,3.79,15605096.0,127701808.0,3345194000.0,0.004664930045910641
2011-05-19,3.8,3.8,3.71,3.72,15621973.0,127111112.0,3345194000.0,0.004669975194263771
2011-05-20,3.73,3.74,3.68,3.69,13418930.0,107779696.0,3345194000.0,0.004011405616535244
2011-05-23,3.69,3.71,3.5,3.51,23060696.0,179313808.0,3345194000.0,0.006893679708859935
2011-05-24,3.49,3.55,3.42,3.53,16575772.0,125211824.0,3345194000.0,0.004955100361892314
2011-05-25,3.53,3.53,3.4,3.41,15631374.0,117120280.0,3345194000.0,0.004672785494652926
2011-05-26,3.45,3.49,3.34,3.35,19588572.0,145366800.0,3345194000.0,0.0058557357211569796
2011-05-27,3.38,3.39,3.29,3.3,13987181.0,100561384.0,3345194000.0,0.00418127648202167
2011-05-30,3.29,3.34,3.2,3.3,13521740.0,95874312.0,3345194000.0,0.004042139260084766
2011-05-31,3.3,3.4,3.29,3.39,14383954.0,104249664.0,3345194000.0,0.004299886344409322
2011-06-01,3.38,3.4,3.34,3.39,11157386.0,81297264.0,3345194000.0,0.003335347964871395
2011-06-02,3.34,3.38,3.29,3.37,13240735.0,95055376.0,3345194000.0,0.003958136658142996
2011-06-03,3.34,3.42,3.34,3.39,11062158.0,81035584.0,3345194000.0,0.003306880856536273
2011-06-07,3.38,3.42,3.35,3.39,7916530.0,57886164.0,3345194000.0,0.002366538383125164
2011-06-08,3.39,3.39,3.25,3.34,16571189.0,118554432.0,3345194000.0,0.004953730336715897
2011-06-09,3.32,3.32,3.25,3.25,15854638.0,112293144.0,3345194000.0,0.004739527214266198
2011-06-10,3.25,3.29,3.24,3.26,10136566.0,71227184.0,3345194000.0,0.0030301877858204935
2011-06-13,3.25,3.25,3.2,3.23,8707702.0,60687656.0,3345194000.0,0.0026030484330654665
2011-06-14,3.23,3.33,3.23,3.29,10441734.0,74134456.0,3345194000.0,0.003121413586177663
2011-06-15,3.28,3.3,3.25,3.25,7639206.0,53821156.0,3345194000.0,0.0022836361657948686
2011-06-16,3.24,3.36,3.22,3.27,18176504.0,129582936.0,3345194000.0,0.0054336173029127756
2011-06-17,3.26,3.3,3.23,3.23,7901973.0,55608952.0,3345194000.0,0.002362186767045499
2011-06-20,3.23,3.26,3.04,3.07,18227960.0,122661536.0,3345194000.0,0.0054489993704401
2011-06-21,3.07,3.1,3.05,3.08,8354966.0,55365960.0,3345194000.0,0.0024976028296116756
2011-06-22,3.1,3.11,3.06,3.09,9288668.0,61697788.0,3345194000.0,0.002776720273921333
2011-06-23,3.07,3.14,3.02,3.12,12016081.0,79969896.0,3345194000.0,0.0035920430922690883
2011-06-24,3.14,3.35,3.14,3.3,45476156.0,320691200.0,3345194000.0,0.013594474939271085
2011-06-27,3.38,3.42,3.31,3.34,30751412.0,222799136.0,3345194000.0,0.009192714084743665
2011-06-28,3.34,3.38,3.29,3.35,13964943.0,100551104.0,3345194000.0,0.0041746287360314525
2011-06-29,3.32,3.34,3.27,3.27,15449372.0,110269128.0,3345194000.0,0.004618378485672281
2011-06-30,3.27,3.34,3.26,3.31,15630716.0,111678536.0,3345194000.0,0.004672588794551228
2011-07-01,3.32,3.32,3.27,3.3,10222671.0,72695760.0,3345194000.0,0.003055927698064746
2011-07-04,3.31,3.41,3.3,3.39,23622230.0,171064448.0,3345194000.0,0.007061542619052886
2011-07-05,3.39,3.42,3.36,3.38,17776198.0,129828288.0,3345194000.0,0.005313951298489714
2011-07-06,3.37,3.43,3.32,3.42,19389556.0,141179280.0,3345194000.0,0.005796242609546711
2011-07-07,3.4,3.54,3.38,3.46,36210648.0,271675136.0,3345194000.0,0.010824678030631408
2011-07-08,3.46,3.48,3.38,3.41,9585435.0,70784112.0,3345194000.0,0.0028654347102141163
2011-07-13,3.31,3.44,3.29,3.4,31414708.0,228269760.0,3345194000.0,0.009390997353217781
2011-07-14,3.38,3.4,3.34,3.38,17300236.0,125698440.0,3345194000.0,0.005171668967479913
2011-07-15,3.37,3.42,3.35,3.38,17552484.0,128216736.0,3345194000.0,0.005247075057530296
2011-07-18,3.39,3.4,3.37,3.37,10796184.0,78699384.0,3345194000.0,0.0032273715664921077
2011-07-19,3.36,3.36,3.26,3.29,15943210.0,113606944.0,3345194000.0,0.004766004602423656
2011-07-20,3.3,3.31,3.25,3.27,12990967.0,91655928.0,3345194000.0,0.0038834719301780404
2011-07-21,3.28,3.29,3.23,3.23,8556399.0,60086424.0,3345194000.0,0.0025578184703189113
2011-07-22,3.25,3.26,3.19,3.2,16399720.0,113958328.0,3345194000.0,0.004902472024044047
2011-07-25,3.28,3.33,3.16,3.18,36900040.0,258442848.0,3345194000.0,0.0110307623414367
2011-07-26,3.18,3.47,3.18,3.38,53048396.0,382322368.0,3345194000.0,0.01585809253514146
2011-07-28,3.26,3.36,3.2,3.28,26296624.0,186380912.0,3345194000.0,0.007861016132397702
2011-07-29,3.26,3.27,3.16,3.18,20920028.0,144175360.0,3345194000.0,0.0062537562843888875
2011-08-01,3.18,3.21,3.16,3.17,11637282.0,79673376.0,3345194000.0,0.0034788063113828376
2011-08-02,3.15,3.16,3.03,3.12,12360153.0,82495328.0,3345194000.0,0.0036948987114050784
2011-08-03,3.08,3.12,3.04,3.08,13133983.0,87363960.0,3345194000.0,0.003926224607601233
2011-08-04,3.1,3.12,3.08,3.12,10238962.0,68448016.0,3345194000.0,0.003060797669731561
2011-08-05,3.04,3.17,3.01,3.08,26030084.0,174086128.0,3345194000.0,0.007781337644393718
2011-08-08,3.01,3.05,2.78,2.86,23891788.0,150349040.0,3345194000.0,0.007142123296885024
2011-08-09,2.78,2.87,2.69,2.81,26505396.0,159234656.0,3345194000.0,0.00792342566679242
2011-08-10,2.88,2.89,2.81,2.81,30066278.0,184552272.0,3345194000.0,0.00898790264480924
2011-08-11,2.77,3.0,2.74,2.97,49340440.0,309994624.0,3345194000.0,0.014749649796095533
2011-08-12,2.97,3.01,2.93,2.96,33148844.0,212496704.0,3345194000.0,0.009909393595707753
2011-08-15,3.0,3.03,2.96,3.0,21195608.0,136420480.0,3345194000.0,0.006336137156768785
2011-08-16,3.01,3.04,2.96,2.98,18387852.0,118979224.0,3345194000.0,0.005496796897280098
2011-08-17,2.99,3.06,2.97,3.0,19966554.0,129815984.0,3345194000.0,0.005968728271065893
2011-08-18,2.97,2.99,2.92,2.93,16503251.0,104877000.0,3345194000.0,0.004933421200683727
2011-08-19,2.86,2.97,2.84,2.93,13046659.0,81927064.0,3345194000.0,0.003900120291977087
2011-08-22,2.91,2.95,2.86,2.89,8929616.0,55927452.0,3345194000.0,0.0026693865886403003
2011-08-23,2.91,2.96,2.88,2.95,9258849.0,58487184.0,3345194000.0,0.00276780629165304
2011-08-24,2.97,2.98,2.85,2.91,16743590.0,105343088.0,3345194000.0,0.005005267258042434
2011-08-25,2.88,3.09,2.87,3.04,30140240.0,194445648.0,3345194000.0,0.00901001257326182
2011-08-26,3.0,3.03,2.97,3.01,17569212.0,113541952.0,3345194000.0,0.005252075664371035
2011-08-30,3.0,3.04,2.95,2.96,17283256.0,111618136.0,3345194000.0,0.005166593028685332
2011-08-31,2.96,2.97,2.89,2.94,8790956.0,55508064.0,3345194000.0,0.002627936077847802
2011-09-01,2.95,2.96,2.87,2.88,9954208.0,62385592.0,3345194000.0,0.0029756743555082307
2011-09-02,2.88,2.9,2.81,2.84,10004230.0,61233576.0,3345194000.0,0.002990627748345836
2011-09-05,2.81,2.84,2.79,2.81,7230574.0,43862872.0,3345194000.0,0.0021614812175317784
2011-09-06,2.79,2.99,2.79,2.91,24936208.0,154422224.0,3345194000.0,0.007454338373200478
2011-09-07,2.91,2.95,2.87,2.95,21853790.0,137811536.0,3345194000.0,0.006532891664878031
2011-09-08,2.95,3.07,2.9,2.91,22908632.0,145858160.0,3345194000.0,0.00684822225557023
2011-09-09,2.93,2.94,2.86,2.88,11231270.0,69978544.0,3345194000.0,0.0033574345762906427
2011-09-13,2.84,2.85,2.79,2.83,6217971.0,37796744.0,3345194000.0,0.0018587773982615058
2011-09-14,2.85,2.86,2.79,2.86,5699425.0,34800352.0,3345194000.0,0.001703765162797733
2011-09-15,2.86,2.88,2.85,2.85,7898500.0,48831968.0,3345194000.0,0.0023611485611895753
2011-09-16,2.87,2.88,2.83,2.84,5362301.0,32989912.0,3345194000.0,0.0016029865532462392
2011-09-19,2.83,2.83,2.78,2.78,7384732.0,44538692.0,3345194000.0,0.0022075646434855495
2011-09-20,2.79,2.82,2.78,2.8,4155494.0,25078392.0,3345194000.0,0.0012422281039604877
2011-09-21,2.8,2.88,2.77,2.87,9862118.0,60501416.0,3345194000.0,0.0029481453093602346
2011-09-22,2.85,2.87,2.8,2.81,7311610.0,44542284.0,3345194000.0,0.002185705821545776
2011-09-23,2.78,2.82,2.75,2.8,6546836.0,39344392.0,3345194000.0,0.001957087092706731
2011-09-26,2.78,2.83,2.77,2.79,5625324.0,33860872.0,3345194000.0,0.0016816136821960102
2011-09-27,2.82,2.84,2.78,2.82,7089544.0,43035164.0,3345194000.0,0.0021193222276495774
2011-09-28,2.84,2.85,2.79,2.8,5670974.0,34372616.0,3345194000.0,0.0016952601254217245
2011-09-29,2.8,2.82,2.74,2.74,7836445.0,46802104.0,3345194000.0,0.002342598067556022
2011-09-30,2.74,2.76,2.65,2.66,8814657.0,51299500.0,3345194000.0,0.0026350211676811567
2011-10-10,2.68,2.73,2.66,2.67,5768947.0,33387914.0,3345194000.0,0.001724547813968338
2011-10-11,2.73,2.76,2.64,2.68,6613386.0,38573404.0,3345194000.0,0.0019769813051201215
2011-10-12,2.66,2.79,2.65,2.77,16766545.0,99675216.0,3345194000.0,0.00501212934137751
2011-10-13,2.77,2.8,2.74,2.78,11192977.0,66816280.0,3345194000.0,0.0033459874076062555
2011-10-14,2.78,2.92,2.76,2.82,12768144.0,77801240.0,3345194000.0,0.0038168620414839914
2011-10-17,2.82,2.86,2.81,2.83,9880570.0,60395432.0,3345194000.0,0.002953661282424876
2011-10-18,2.81,2.82,2.76,2.76,8440632.0,50733480.0,3345194000.0,0.0025232115088093545
2011-10-19,2.77,2.79,2.72,2.76,3721862.0,22131336.0,3345194000.0,0.0011125997475781673
2011-10-20,2.74,2.75,2.64,2.66,7918285.0,45735656.0,3345194000.0,0.002367063016375134
2011-10-21,2.67,2.68,2.64,2.64,3990153.0,22901204.0,3345194000.0,0.0011928016730868225
2011-10-24,2.64,2.7,2.62,2.7,5780785.0,33312136.0,3345194000.0,0.0017280866221809556
2011-10-25,2.69,2.76,2.67,2.75,7788768.0,45792636.0,3345194000.0,0.0023283456804000006
2011-10-26,2.73,2.8,2.72,2.77,10476378.0,62621456.0,3345194000.0,0.003131769936212967
2011-10-27,2.8,2.89,2.8,2.87,29679812.0,182747024.0,3345194000.0,0.008872373919120984
2011-10-28,2.9,2.93,2.82,2.87,30091384.0,185456640.0,3345194000.0,0.008995407740178896
2011-10-31,2.88,2.89,2.82,2.85,14670623.0,90345432.0,3345194000.0,0.0043855821216945865
2011-11-01,2.83,2.86,2.8,2.82,11669125.0,71091912.0,3345194000.0,0.0034883253407724632
2011-11-02,2.79,2.86,2.77,2.86,14855392.0,90060800.0,3345194000.0,0.004440816287485868
2011-11-03,2.86,2.95,2.85,2.92,33443284.0,209715968.0,3345194000.0,0.009997412407172798
2011-11-04,2.93,2.94,2.88,2.92,16291173.0,102316952.0,3345194000.0,0.004870023382799324
2011-11-07,2.9,2.92,2.86,2.86,13194932.0,82109424.0,3345194000.0,0.003944444477659592
2011-11-08,2.96,2.99,2.89,2.9,30377182.0,192440176.0,3345194000.0,0.009080843143925285
2011-11-09,2.92,2.93,2.85,2.9,12231196.0,76111632.0,3345194000.0,0.003656348779771816
2011-11-10,2.86,2.87,2.83,2.83,13485526.0,82855152.0,3345194000.0,0.004031313580019574
2011-11-11,2.83,2.86,2.82,2.83,6601599.0,40351824.0,3345194000.0,0.0019734577426600668
2011-11-14,2.85,2.88,2.84,2.87,12777078.0,79018952.0,3345194000.0,0.0038195327386094796
2011-11-15,2.87,2.92,2.86,2.9,14790638.0,92241544.0,3345194000.0,0.004421458964711762
2011-11-16,2.91,2.92,2.82,2.82,12857704.0,79225088.0,3345194000.0,0.003843634778730322
2011-11-17,2.82,2.85,2.78,2.79,10508813.0,63598372.0,3345194000.0,0.0031414659359068563
2011-11-18,2.79,2.79,2.7,2.71,9773170.0,57786392.0,3345194000.0,0.002921555521144663
2011-11-21,2.73,2.74,2.69,2.71,5683557.0,33194874.0,3345194000.0,0.0016990216411962953
2011-11-22,2.69,2.71,2.67,2.7,6262268.0,36244760.0,3345194000.0,0.0018720193806398074
2011-11-23,2.71,2.73,2.67,2.68,4663927.0,27034986.0,3345194000.0,0.0013942171963718696
2011-11-24,2.64,2.68,2.64,2.66,7419689.0,42495184.0,3345194000.0,0.0022180145605905067
2011-11-25,2.65,2.69,2.63,2.65,6342381.0,36500120.0,3345194000.0,0.0018959680664260429
2011-11-28,2.69,2.69,2.64,2.65,3910268.0,22433294.0,3345194000.0,0.0011689211447826345
2011-11-29,2.67,2.71,2.65,2.71,8593048.0,49672904.0,3345194000.0,0.002568774187685378
2011-11-30,2.69,2.71,2.58,2.59,11290962.0,64293672.0,3345194000.0,0.003375278683388766
2011-12-01,2.65,2.69,2.61,2.64,11888739.0,67966464.0,3345194000.0,0.003553975942800328
2011-12-02,2.62,2.63,2.51,2.56,10741603.0,59344804.0,3345194000.0,0.00321105532294988
2011-12-05,2.55,2.55,2.49,2.49,6624902.0,35814704.0,3345194000.0,0.001980423855836164
2011-12-06,2.49,2.5,2.43,2.46,5289866.0,28099906.0,3345194000.0,0.0015813331005615817
2011-12-07,2.46,2.52,2.45,2.48,4207585.0,22531556.0,3345194000.0,0.0012577999960540404
2011-12-08,2.47,2.5,2.43,2.48,4879791.0,25963722.0,3345194000.0,0.0014587467871818496
2011-12-09,2.46,2.51,2.43,2.49,8788652.0,46938464.0,3345194000.0,0.0026272473285555336
2011-12-13,2.45,2.46,2.33,2.34,10252212.0,52486012.0,3345194000.0,0.003064758576034753
2011-12-14,2.34,2.35,2.31,2.34,5237309.0,26301522.0,3345194000.0,0.0015656219041406867
2011-12-15,2.33,2.34,2.26,2.26,5294747.0,26206154.0,3345194000.0,0.0015827922087627802
2011-12-16,2.27,2.35,2.25,2.34,6480603.0,32070788.0,3345194000.0,0.001937287643108292
2011-12-19,2.34,2.34,2.26,2.33,5249270.0,26067564.0,3345194000.0,0.001569197481521251
2011-12-20,2.33,2.37,2.3,2.33,5968073.0,30143444.0,3345194000.0,0.001784073808574331
2011-12-21,2.36,2.38,2.31,2.31,7210204.0,36538380.0,3345194000.0,0.0021553918845962296
2011-12-22,2.29,2.34,2.24,2.31,8697461.0,42849604.0,3345194000.0,0.002599987026163505
2011-12-23,2.29,2.39,2.29,2.36,8434664.0,42757176.0,3345194000.0,0.002521427456823132
2011-12-26,2.35,2.36,2.26,2.27,24101102.0,119418240.0,3345194000.0,0.0072046948547677655
2011-12-27,2.27,2.28,2.12,2.13,28325600.0,132592512.0,3345194000.0,0.008467550760882627
2011-12-29,2.13,2.14,2.04,2.07,23781878.0,106622960.0,3345194000.0,0.00710926720542964
2011-12-30,2.07,2.09,2.06,2.08,20985108.0,93900680.0,3345194000.0,0.006273211060404868
2012-01-04,2.1,2.1,2.0,2.0,20622700.0,91220968.0,3345194000.0,0.006164874144817909
2012-01-05,1.99,2.02,1.96,1.98,14630181.0,62633800.0,3345194000.0,0.00437349253884827
2012-01-06,1.98,2.01,1.96,2.0,10370642.0,44503048.0,3345194000.0,0.00310016160497717
2012-01-09,1.99,2.08,1.97,2.08,17057432.0,75279576.0,3345194000.0,0.005099086032080651
2012-01-10,2.09,2.21,2.07,2.2,33188404.0,153962688.0,3345194000.0,0.009921219516715622
2012-01-11,2.21,2.21,2.16,2.17,19203580.0,90055416.0,3345194000.0,0.005740647627611433
2012-01-12,2.16,2.19,2.14,2.17,13917443.0,64936672.0,3345194000.0,0.0041604292606049155
2012-01-13,2.17,2.17,2.08,2.1,14359140.0,65485096.0,3345194000.0,0.0042924685384465
2012-01-16,2.08,2.11,2.06,2.07,7968547.0,35808420.0,3345194000.0,0.002382088153930684
2012-01-17,2.1,2.19,2.07,2.19,20229856.0,93735816.0,3345194000.0,0.006047438803250275
2012-01-18,2.19,2.23,2.15,2.16,20460604.0,96531592.0,3345194000.0,0.00611641776231812
2012-01-19,2.17,2.29,2.14,2.24,31737880.0,152984576.0,3345194000.0,0.009487605203166095
2012-01-20,2.23,2.24,2.2,2.24,18897600.0,90842304.0,3345194000.0,0.005649179090958551
2012-01-30,2.22,2.22,2.14,2.14,22535252.0,105261920.0,3345194000.0,0.006736605410627904
2012-01-31,2.13,2.16,2.12,2.15,8372843.0,38700440.0,3345194000.0,0.002502946914289575
2012-02-01,2.14,2.15,2.08,2.09,13144446.0,59809108.0,3345194000.0,0.003929352378367294
2012-02-02,2.09,2.12,2.07,2.12,11730304.0,53036260.0,3345194000.0,0.0035066139661855187
2012-02-03,2.12,2.16,2.09,2.15,17068038.0,78244448.0,3345194000.0,0.005102256550741153
2012-02-06,2.14,2.17,2.13,2.15,15824748.0,73383840.0,3345194000.0,0.004730592007518846
2012-02-07,2.14,2.14,2.07,2.09,13102985.0,59232668.0,3345194000.0,0.003916958179406038
2012-02-08,2.09,2.15,2.07,2.15,15825488.0,72383120.0,3345194000.0,0.004730813220399176
2012-02-09,2.14,2.19,2.13,2.17,24646308.0,114986672.0,3345194000.0,0.007367676732649885
2012-02-10,2.17,2.22,2.16,2.19,24232856.0,114355016.0,3345194000.0,0.0072440809113014076
2012-02-13,2.17,2.23,2.16,2.2,23731616.0,112349936.0,3345194000.0,0.007094242067874091
2012-02-14,2.19,2.2,2.17,2.18,13931023.0,65400200.0,3345194000.0,0.004164488815895281
2012-02-16,2.22,2.22,2.17,2.2,26229092.0,124462928.0,3345194000.0,0.00784082836451339
2012-02-17,2.21,2.22,2.18,2.21,17425116.0,82769040.0,3345194000.0,0.005209000135717091
2012-02-20,2.23,2.24,2.2,2.21,23351914.0,112004544.0,3345194000.0,0.0069807353474865734
2012-02-21,2.21,2.22,2.18,2.22,13441309.0,63817012.0,3345194000.0,0.004018095512547254
2012-02-22,2.21,2.28,2.21,2.27,31952058.0,154612432.0,3345194000.0,0.009551630787332514
2012-02-23,2.27,2.3,2.25,2.29,35673336.0,175101296.0,3345194000.0,0.010664055956097016
2012-02-24,2.28,2.35,2.26,2.34,38914892.0,193441392.0,3345194000.0,0.011633074793270585
2012-02-27,2.35,2.54,2.33,2.47,81539008.0,428422848.0,3345194000.0,0.024374971376846903
2012-02-28,2.43,2.45,2.39,2.43,37946084.0,198141696.0,3345194000.0,0.011343462890343579
2012-02-29,2.42,2.43,2.36,2.36,25419634.0,131198856.0,3345194000.0,0.007598851964938356
2012-03-01,2.36,2.4,2.35,2.36,16201718.0,83010728.0,3345194000.0,0.004843282033867094
2012-03-02,2.37,2.42,2.37,2.42,23167200.0,119567488.0,3345194000.0,0.006925517623193154
2012-03-05,2.42,2.44,2.37,2.38,22488962.0,116729400.0,3345194000.0,0.006722767648154338
2012-03-06,2.38,2.39,2.32,2.32,21794196.0,110096536.0,3345194000.0,0.006515076853539735
2012-03-07,2.3,2.36,2.29,2.34,15000240.0,75441408.0,3345194000.0,0.004484116616256038
2012-03-08,2.33,2.4,2.33,2.37,14433152.0,73732656.0,3345194000.0,0.004314593413715318
2012-03-09,2.38,2.4,2.36,2.4,14279971.0,73328632.0,3345194000.0,0.004268802048550846
2012-03-12,2.39,2.4,2.35,2.37,13742214.0,70297560.0,3345194000.0,0.004108046947351933
2012-03-13,2.37,2.39,2.36,2.39,14816984.0,75948984.0,3345194000.0,0.004429334741124132
2012-03-14,2.41,2.42,2.28,2.29,35817316.0,182932320.0,3345194000.0,0.010707096808137286
2012-03-15,2.29,2.3,2.21,2.23,18749030.0,90911864.0,3345194000.0,0.00560476612118759
2012-03-16,2.23,2.28,2.23,2.27,16429853.0,79934016.0,3345194000.0,0.004911479872318317
2012-03-19,2.26,2.27,2.23,2.27,12990871.0,63079592.0,3345194000.0,0.0038834432322908626
2012-03-20,2.24,2.25,2.17,2.19,20405128.0,97050064.0,3345194000.0,0.006099833970765223
2012-03-21,2.2,2.21,2.16,2.18,11974738.0,56508812.0,3345194000.0,0.003579684167794155
2012-03-22,2.18,2.22,2.17,2.2,10527038.0,49885576.0,3345194000.0,0.003146914050425775
2012-03-23,2.18,2.21,2.16,2.17,8685678.0,40774092.0,3345194000.0,0.0025964646594487497
2012-03-26,2.16,2.17,2.11,2.13,11859965.0,54653720.0,3345194000.0,0.0035453743489914187
2012-03-27,2.14,2.14,2.09,2.1,12900989.0,59129640.0,3345194000.0,0.0038565742375479568
2012-03-28,2.1,2.11,2.01,2.02,19778844.0,87591960.0,3345194000.0,0.005912614933543466
2012-03-29,2.02,2.04,1.99,2.01,12943955.0,56428128.0,3345194000.0,0.0038694183356779905
2012-03-30,2.02,2.05,2.01,2.04,11344787.0,49721304.0,3345194000.0,0.0033913689310694686
2012-04-05,2.05,2.1,2.03,2.09,16375016.0,73107584.0,3345194000.0,0.004895087101076948
2012-04-06,2.08,2.09,2.06,2.08,9569989.0,42797752.0,3345194000.0,0.002860817339741731
2012-04-09,2.06,2.15,2.04,2.1,22354048.0,101000240.0,3345194000.0,0.006682436952834424
2012-04-10,2.08,2.1,2.04,2.1,12871376.0,57459612.0,3345194000.0,0.0038477218361625664
2012-04-11,2.07,2.1,2.05,2.09,9129025.0,40912252.0,3345194000.0,0.002728997182226203
2012-04-12,2.12,2.16,2.11,2.13,21016424.0,96615160.0,3345194000.0,0.00628257255035134
2012-04-13,2.12,2.15,2.12,2.14,14750099.0,67880992.0,3345194000.0,0.004409340385041944
2012-04-16,2.12,2.22,2.11,2.16,20117226.0,94111560.0,3345194000.0,0.006013769604991519
2012-04-17,2.16,2.17,2.1,2.11,14835648.0,67960496.0,3345194000.0,0.004434914088689625
2012-04-18,2.13,2.16,2.11,2.16,12646865.0,58436560.0,3345194000.0,0.0037806073429523072
2012-04-19,2.15,2.17,2.14,2.15,11570683.0,53804840.0,3345194000.0,0.003458897451089533
2012-04-20,2.15,2.23,2.14,2.21,27995036.0,132584168.0,3345194000.0,0.00836873317362162
2012-04-23,2.21,2.26,2.19,2.23,24215394.0,116412400.0,3345194000.0,0.007238860885198288
2012-04-24,2.21,2.3,2.19,2.26,33672580.0,163663584.0,3345194000.0,0.010065957310697078
2012-04-25,2.26,2.28,2.22,2.28,28413056.0,137976288.0,3345194000.0,0.008493694536101644
2012-04-27,2.27,2.29,2.23,2.23,19498608.0,94434248.0,3345194000.0,0.0058288422136354425
2012-05-02,2.26,2.29,2.2,2.26,30427164.0,147472208.0,3345194000.0,0.0090957845793099
2012-05-03,2.25,2.32,2.25,2.29,32730544.0,161992560.0,3345194000.0,0.009784348531056794
2012-05-04,2.29,2.3,2.26,2.28,13466048.0,66209556.0,3345194000.0,0.00402549089828572
2012-05-07,2.29,2.33,2.26,2.3,22881464.0,113352056.0,3345194000.0,0.0068401007534989
2012-05-08,2.29,2.29,2.24,2.28,17626656.0,85980552.0,3345194000.0,0.005269247762611077
2012-05-09,2.29,2.29,2.24,2.25,14336493.0,69815784.0,3345194000.0,0.004285698527499451
2012-05-10,2.27,2.29,2.23,2.25,9716737.0,47253048.0,3345194000.0,0.0029046856475289625
2012-05-11,2.25,2.25,2.19,2.19,12682533.0,60485336.0,3345194000.0,0.003791269803784175
2012-05-14,2.2,2.22,2.15,2.15,12066849.0,56863596.0,3345194000.0,0.003607219491604971
2012-05-15,2.13,2.15,2.11,2.15,6819211.0,31327044.0,3345194000.0,0.0020385098741657432
2012-05-16,2.13,2.14,2.11,2.11,7575698.0,34692220.0,3345194000.0,0.0022646513176814258
2012-05-17,2.11,2.2,2.1,2.19,16508348.0,76929032.0,3345194000.0,0.004934944879131076
2012-05-18,2.17,2.2,2.14,2.15,12977287.0,60458196.0,3345194000.0,0.003879382481255198
2012-05-21,2.16,2.17,2.11,2.14,6101878.0,28151320.0,3345194000.0,0.0018240729835100745
2012-05-22,2.15,2.18,2.14,2.18,9493503.0,44478816.0,3345194000.0,0.0028379528960054334
2012-05-23,2.16,2.2,2.15,2.18,9368192.0,44054336.0,3345194000.0,0.0028004928862122793
2012-05-24,2.17,2.24,2.17,2.24,18406692.0,88184792.0,3345194000.0,0.00550242885763875
2012-05-25,2.24,2.35,2.24,2.29,53270868.0,264924080.0,3345194000.0,0.015924597497185514
2012-05-28,2.3,2.34,2.27,2.32,27787534.0,138262576.0,3345194000.0,0.00830670328835936
2012-05-29,2.31,2.36,2.28,2.33,24137258.0,120918160.0,3345194000.0,0.007215503196526121
2012-05-30,2.32,2.34,2.29,2.3,12934307.0,64425432.0,3345194000.0,0.0038665341980166175
2012-05-31,2.29,2.33,2.29,2.29,12157720.0,60534124.0,3345194000.0,0.003634384134373074
2012-06-01,2.31,2.34,2.28,2.29,14042713.0,70060984.0,3345194000.0,0.004197877014008754
2012-06-04,2.25,2.27,2.22,2.23,11511382.0,55779096.0,3345194000.0,0.0034411702280943944
2012-06-05,2.24,2.45,2.22,2.36,31493700.0,160180288.0,3345194000.0,0.00941461093138395
2012-06-06,2.32,2.35,2.3,2.34,16793452.0,84127784.0,3345194000.0,0.005020172821068075
2012-06-07,2.36,2.36,2.3,2.33,12788670.0,64168264.0,3345194000.0,0.0038229980084862046
2012-06-08,2.35,2.43,2.33,2.42,41664056.0,215235280.0,3345194000.0,0.012454899775618394
2012-06-11,2.4,2.41,2.29,2.37,29602328.0,150021168.0,3345194000.0,0.008849211136932567
2012-06-12,2.37,2.37,2.31,2.33,12716806.0,62621584.0,3345194000.0,0.0038015152484429902
2012-06-13,2.34,2.41,2.33,2.39,18061788.0,90121464.0,3345194000.0,0.005399324523480552
2012-06-14,2.37,2.39,2.35,2.36,11130263.0,55587252.0,3345194000.0,0.0033272399149346793
2012-06-15,2.36,2.38,2.32,2.35,9793061.0,48475616.0,3345194000.0,0.0029275016635806474
2012-06-18,2.36,2.38,2.35,2.36,7305328.0,36415672.0,3345194000.0,0.002183827903553576
2012-06-19,2.36,2.39,2.35,2.36,7624670.0,38051692.0,3345194000.0,0.0022792908273780235
2012-06-20,2.36,2.37,2.33,2.33,9978853.0,49313004.0,3345194000.0,0.0029830416412321677
2012-06-21,2.33,2.36,2.28,2.29,9899213.0,48309696.0,3345194000.0,0.002959234352327548
2012-06-25,2.34,2.46,2.29,2.33,23722124.0,117380496.0,3345194000.0,0.007091404564279381
2012-06-26,2.33,2.45,2.25,2.44,56523596.0,283939936.0,3345194000.0,0.016896956050979406
2012-06-27,2.4,2.42,2.33,2.34,38892016.0,194447328.0,3345194000.0,0.011626236325905164
2012-06-28,2.3,2.33,2.26,2.27,18065988.0,87263928.0,3345194000.0,0.0054005800560445825
2012-06-29,2.26,2.33,2.25,2.32,11275968.0,54291184.0,3345194000.0,0.0033707964321351767
2012-07-02,2.32,2.33,2.29,2.3,9818818.0,47747544.0,3345194000.0,0.0029352013664977277
2012-07-03,2.33,2.35,2.29,2.31,13363222.0,65432776.0,3345194000.0,0.003994752471755001
2012-07-04,2.3,2.32,2.26,2.28,8983968.0,43066416.0,3345194000.0,0.002685634375764156
2012-07-05,2.26,2.27,2.22,2.23,8630170.0,40640144.0,3345194000.0,0.0025798713019334605
2012-07-06,2.26,2.3,2.23,2.29,8083706.0,38480352.0,3345194000.0,0.002416513362154781
2012-07-09,2.28,2.32,2.26,2.29,13150378.0,63537840.0,3345194000.0,0.003931125668645824
2012-07-10,2.29,2.33,2.29,2.32,15282432.0,74250424.0,3345194000.0,0.0045684740556153096
2012-07-11,2.31,2.31,2.2,2.27,23459600.0,111213440.0,3345194000.0,0.00701292660455567
2012-07-12,2.23,2.31,2.22,2.29,11519677.0,55058892.0,3345194000.0,0.0034436499049083553
2012-07-13,2.3,2.3,2.26,2.28,7194916.0,34560320.0,3345194000.0,0.002150821746063158
2012-07-16,2.29,2.32,2.24,2.26,7483607.0,35845492.0,3345194000.0,0.002237121972597105
2012-07-17,2.24,2.3,2.23,2.29,11451479.0,54859972.0,3345194000.0,0.003423263045431745
2012-07-18,2.26,2.32,2.21,2.31,36802492.0,177200624.0,3345194000.0,0.011001601700828114
2012-07-19,2.28,2.35,2.26,2.29,36328912.0,176889456.0,3345194000.0,0.010860031436143914
2012-07-20,2.29,2.29,2.16,2.24,33124464.0,154551312.0,3345194000.0,0.00990210552810988
2012-07-23,2.18,2.23,2.18,2.21,8210073.0,38149868.0,3345194000.0,0.002454289048706891
2012-07-24,2.19,2.21,2.14,2.21,16668433.0,76434168.0,3345194000.0,0.0049828001006817545
2012-07-25,2.18,2.27,2.16,2.21,21924118.0,102624008.0,3345194000.0,0.0065539152587264
2012-07-26,2.18,2.2,2.13,2.14,13859147.0,63000280.0,3345194000.0,0.00414300246861617
2012-07-27,2.14,2.16,2.09,2.1,11111193.0,49632376.0,3345194000.0,0.0033215391992213305
2012-07-30,2.09,2.12,2.05,2.05,7091034.0,31021706.0,3345194000.0,0.0021197676427734836
2012-07-31,2.06,2.07,2.03,2.05,5040489.0,21766678.0,3345194000.0,0.0015067852566996115
2012-08-01,2.05,2.09,2.05,2.07,4272573.0,18637504.0,3345194000.0,0.0012772272699281416
2012-08-02,2.07,2.09,2.05,2.07,7676309.0,33421328.0,3345194000.0,0.0022947276002527805
2012-08-03,2.06,2.08,2.04,2.08,7048435.0,30577308.0,3345194000.0,0.00210703325427464
2012-08-06,2.09,2.09,2.05,2.09,11486347.0,50140100.0,3345194000.0,0.0034336863572037974
2012-08-07,2.08,2.11,2.07,2.1,12021486.0,52805056.0,3345194000.0,0.0035936588431044656
2012-08-08,2.09,2.1,2.07,2.07,8850600.0,38833716.0,3345194000.0,0.0026457658360023364
2012-08-09,2.07,2.13,2.07,2.11,13790543.0,61189252.0,3345194000.0,0.004122494240991703
2012-08-10,2.1,2.1,2.08,2.08,8662812.0,38109476.0,3345194000.0,0.002589629181446577
2012-08-13,2.08,2.09,2.06,2.07,7313347.0,31962418.0,3345194000.0,0.0021862250739419
2012-08-14,2.07,2.08,1.97,2.04,12001873.0,51042380.0,3345194000.0,0.0035877958049667672
2012-08-15,2.03,2.03,2.0,2.01,4232765.0,17948876.0,3345194000.0,0.0012653272127117292
2012-08-16,2.01,2.02,2.0,2.01,4816454.0,20419580.0,3345194000.0,0.0014398130571799423
2012-08-17,2.01,2.01,1.97,2.01,6210651.0,26061382.0,3345194000.0,0.0018565891843641954
2012-08-20,1.97,1.99,1.96,1.98,4813526.0,20022904.0,3345194000.0,0.001438937771621018
2012-08-21,1.98,2.0,1.97,1.99,4612505.0,19316696.0,3345194000.0,0.0013788452926795875
2012-08-22,2.01,2.01,1.96,1.97,5202887.0,21692586.0,3345194000.0,0.0015553319179694809
2012-08-23,1.97,1.99,1.96,1.97,3754441.0,15574444.0,3345194000.0,0.0011223387941028233
2012-08-24,1.97,2.0,1.96,1.96,3990380.0,16592880.0,3345194000.0,0.0011928695316325451
2012-08-27,1.96,1.96,1.9,1.92,4927343.0,20000356.0,3345194000.0,0.0014729618072972749
2012-08-28,1.92,1.94,1.9,1.93,4132312.0,16733817.0,3345194000.0,0.0012352981620796881
2012-08-29,1.92,1.93,1.85,1.85,8689115.0,34653632.0,3345194000.0,0.002597492103596981
2012-08-30,1.86,1.87,1.82,1.85,6704757.0,26057232.0,3345194000.0,0.0020042954160506086
2012-08-31,1.85,1.88,1.84,1.85,3873683.0,15175901.0,3345194000.0,0.001157984559340953
2012-09-03,1.84,1.87,1.84,1.85,5194412.0,20297406.0,3345194000.0,0.001552798432617062
2012-09-04,1.86,1.86,1.81,1.82,5966278.0,22997382.0,3345194000.0,0.00178353721787137
2012-09-05,1.82,1.82,1.79,1.8,4858476.0,18455700.0,3345194000.0,0.001452374959419394
2012-09-06,1.8,1.84,1.8,1.84,3774723.0,14441134.0,3345194000.0,0.0011284018206417924
2012-09-07,1.83,1.94,1.83,1.91,15198246.0,60865592.0,3345194000.0,0.004543307802178289
2012-09-10,1.9,1.92,1.89,1.9,7664473.0,30781054.0,3345194000.0,0.0022911893899128124
2012-09-11,1.89,1.91,1.87,1.91,5097491.0,20311188.0,3345194000.0,0.0015238252250841058
2012-09-12,1.93,1.96,1.9,1.92,8653106.0,35238120.0,3345194000.0,0.0025867277054783667
2012-09-13,1.92,1.93,1.89,1.89,4900192.0,19730844.0,3345194000.0,0.0014648453871434661
2012-09-14,1.91,1.92,1.88,1.9,7648226.0,30592826.0,3345194000.0,0.002286332571444287
2012-09-17,1.9,1.9,1.81,1.81,5727953.0,22388170.0,3345194000.0,0.001712293218270749
2012-09-18,1.81,1.83,1.79,1.81,4857325.0,18514758.0,3345194000.0,0.0014520308837095847
2012-09-19,1.81,1.85,1.81,1.84,4928232.0,18976498.0,3345194000.0,0.0014732275616899946
2012-09-20,1.85,1.88,1.81,1.82,6623566.0,25791898.0,3345194000.0,0.0019800244769062722
2012-09-21,1.81,1.87,1.79,1.84,7504303.0,29188568.0,3345194000.0,0.0022433087587745283
2012-09-24,1.81,1.83,1.78,1.82,8164674.0,31070728.0,3345194000.0,0.002440717638498694
2012-09-25,1.82,1.83,1.79,1.79,5362968.0,20445460.0,3345194000.0,0.0016031859437748604
2012-09-26,1.8,1.81,1.73,1.75,6508272.0,24338304.0,3345194000.0,0.0019455589122783312
2012-09-27,1.75,1.81,1.74,1.79,7261799.0,27272660.0,3345194000.0,0.002170815504272697
2012-09-28,1.78,1.83,1.77,1.82,9125822.0,34722716.0,3345194000.0,0.002728039689177967
2012-10-08,1.82,1.84,1.8,1.81,4525589.0,17311418.0,3345194000.0,0.0013528629430759472
2012-10-09,1.82,1.86,1.81,1.86,9517738.0,37008448.0,3345194000.0,0.002845197617836215
2012-10-10,1.85,1.91,1.83,1.88,12245255.0,48295952.0,3345194000.0,0.003660551525561746
2012-10-11,1.87,1.87,1.84,1.84,5830985.0,22768656.0,3345194000.0,0.0017430932256843699
2012-10-12,1.86,1.87,1.83,1.83,3695863.0,14352955.0,3345194000.0,0.0011048277020704927
2012-10-15,1.83,1.84,1.81,1.82,3570587.0,13709431.0,3345194000.0,0.0010673781550487058
2012-10-16,1.82,1.85,1.82,1.84,4621027.0,17882034.0,3345194000.0,0.0013813928280392706
2012-10-17,1.86,1.86,1.83,1.85,4589183.0,17853060.0,3345194000.0,0.00137187349971332
2012-10-18,1.87,1.88,1.85,1.87,7019929.0,27625080.0,3345194000.0,0.002098511775400769
2012-10-19,1.88,1.92,1.87,1.9,13429075.0,53652760.0,3345194000.0,0.004014438325550028
2012-10-22,1.89,1.91,1.88,1.9,4721427.0,18845806.0,3345194000.0,0.0014114060350460989
2012-10-23,1.92,1.92,1.87,1.88,6419064.0,25532980.0,3345194000.0,0.0019188914006183198
2012-10-24,1.87,1.92,1.87,1.9,7908251.0,31682462.0,3345194000.0,0.0023640634892923996
2012-10-25,1.9,2.05,1.9,1.96,26920440.0,111618592.0,3345194000.0,0.00804749739476993
2012-10-26,1.95,2.04,1.89,2.0,29930600.0,123860928.0,3345194000.0,0.008947343562137203
2012-10-29,1.98,2.11,1.94,2.04,33624396.0,143470080.0,3345194000.0,0.010051553362824399
2012-10-30,2.02,2.07,1.98,2.01,34304704.0,146478384.0,3345194000.0,0.010254922136055488
2012-10-31,2.01,2.07,1.94,1.97,23689744.0,99258472.0,3345194000.0,0.007081725006083354
2012-11-01,1.97,2.03,1.96,2.01,25219112.0,106165952.0,3345194000.0,0.007538908655222986
2012-11-02,2.0,2.05,1.97,2.04,24368400.0,102947464.0,3345194000.0,0.007284599936505925
2012-11-05,2.02,2.06,2.0,2.02,16541662.0,70683512.0,3345194000.0,0.004944903643854437
2012-11-06,2.03,2.03,1.96,1.96,13676791.0,56971724.0,3345194000.0,0.004088489636176557
2012-11-07,1.96,1.97,1.92,1.94,14371110.0,58878704.0,3345194000.0,0.004296046806253987
2012-11-08,1.92,1.96,1.9,1.91,10513664.0,42783616.0,3345194000.0,0.003142916076018312
2012-11-09,1.91,1.92,1.88,1.92,8139438.0,32646562.0,3345194000.0,0.0024331736814068184
2012-11-12,1.92,1.94,1.9,1.94,7613423.0,30842004.0,3345194000.0,0.0022759286905333445
2012-11-13,1.94,1.96,1.88,1.89,7578698.0,30543502.0,3345194000.0,0.0022655481266557337
2012-11-14,1.9,1.93,1.89,1.93,8540254.0,34250320.0,3345194000.0,0.0025529921433555124
2012-11-15,1.9,1.91,1.85,1.85,8590749.0,33979244.0,3345194000.0,0.0025680869330747336
2012-11-16,1.87,1.87,1.81,1.82,8242344.0,31846464.0,3345194000.0,0.002463936022843518
2012-11-19,1.81,1.83,1.79,1.82,4297854.0,16404919.0,3345194000.0,0.001284784679154632
2012-11-20,1.82,1.84,1.78,1.79,6003812.0,22854466.0,3345194000.0,0.0017947574938852575
2012-11-21,1.79,1.83,1.77,1.83,6994149.0,26464156.0,3345194000.0,0.002090805196948219
2012-11-22,1.81,1.82,1.79,1.8,3727050.0,14190746.0,3345194000.0,0.00111415062923107
2012-11-23,1.81,1.83,1.81,1.82,4852255.0,18600804.0,3345194000.0,0.0014505152765430047
2012-11-26,1.81,1.81,1.79,1.8,3280802.0,12460771.0,3345194000.0,0.0009807508921754612
2012-11-27,1.79,1.8,1.77,1.77,5280848.0,19741604.0,3345194000.0,0.001578637292784813
2012-11-28,1.76,1.78,1.75,1.76,4413941.0,16373882.0,3345194000.0,0.0013194873002881147
2012-11-29,1.77,1.79,1.76,1.77,4349288.0,16250259.0,3345194000.0,0.0013001601700828114
2012-11-30,1.77,1.8,1.76,1.79,5816604.0,21870698.0,3345194000.0,0.001738794222397864
2012-12-03,1.79,1.81,1.78,1.79,7095410.0,26905972.0,3345194000.0,0.0021210757881306736
2012-12-04,1.8,1.81,1.78,1.81,6489170.0,24482052.0,3345194000.0,0.0019398486306025898
2012-12-05,1.81,1.88,1.79,1.86,13787255.0,53787488.0,3345194000.0,0.004121511338355862
2012-12-06,1.86,1.87,1.84,1.85,11112242.0,43305228.0,3345194000.0,0.0033218527834260134
2012-12-07,1.85,1.88,1.84,1.88,15395692.0,60404900.0,3345194000.0,0.00460233158375867
2012-12-10,1.88,1.89,1.87,1.88,14557484.0,57617048.0,3345194000.0,0.0043517607648465234
2012-12-11,1.88,1.89,1.86,1.88,7831193.0,30883672.0,3345194000.0,0.002341028053978334
2012-12-12,1.88,1.89,1.87,1.88,6731714.0,26586442.0,3345194000.0,0.002012353842557412
2012-12-13,1.89,1.9,1.86,1.87,7657600.0,30330900.0,3345194000.0,0.0022891348005526736
2012-12-14,1.87,1.97,1.87,1.95,31956192.0,129547968.0,3345194000.0,0.009552866590099109
2012-12-17,1.94,2.0,1.93,1.98,35944956.0,149488672.0,3345194000.0,0.010745253040630827
2012-12-18,1.97,2.02,1.95,1.96,20643362.0,86100280.0,3345194000.0,0.00617105076716029
2012-12-19,1.95,1.98,1.95,1.96,10069020.0,41558652.0,3345194000.0,0.003009995832827633
2012-12-20,1.95,2.0,1.94,1.97,16656702.0,69256072.0,3345194000.0,0.004979293278655887
2012-12-21,1.97,1.99,1.93,1.94,13968819.0,57632944.0,3345194000.0,0.004175787413226258
2012-12-24,1.94,1.97,1.94,1.95,8003822.0,32880432.0,3345194000.0,0.0023926331327869177
2012-12-25,1.95,1.99,1.93,1.98,17204458.0,71612520.0,3345194000.0,0.005143037444166168
2012-12-26,1.98,1.99,1.97,1.98,14215524.0,59171472.0,3345194000.0,0.004249536499228445
2012-12-27,1.98,2.0,1.97,1.99,15449518.0,64502108.0,3345194000.0,0.004618422130375697
2012-12-28,1.99,1.99,1.97,1.99,11768415.0,49206476.0,3345194000.0,0.003518006728458798
2012-12-31,2.0,2.01,1.98,2.01,11775514.0,49622956.0,3345194000.0,0.0035201288774283344
2013-01-04,2.01,2.02,1.97,1.99,16428903.0,69051904.0,3345194000.0,0.004911195882809786
2013-01-07,1.98,1.99,1.97,1.99,9694448.0,40517576.0,3345194000.0,0.0028980226557861815
2013-01-08,1.98,2.01,1.97,1.99,13481744.0,56493080.0,3345194000.0,0.004030183002839297
2013-01-09,2.0,2.03,1.98,2.01,18936018.0,80204200.0,3345194000.0,0.005660663626683535
2013-01-10,2.01,2.07,2.01,2.04,26595154.0,114138880.0,3345194000.0,0.007950257593431053
2013-01-11,2.05,2.07,1.98,1.99,23591100.0,100782288.0,3345194000.0,0.007052236731262821
2013-01-14,1.98,2.04,1.97,2.03,17692998.0,74987128.0,3345194000.0,0.005289079796268916
2013-01-15,2.04,2.07,2.02,2.05,20766492.0,89739816.0,3345194000.0,0.006207858796829123
2013-01-16,2.05,2.08,2.02,2.06,16997156.0,73539448.0,3345194000.0,0.005081067346168862
2013-01-17,2.06,2.06,2.01,2.02,10093498.0,43103296.0,3345194000.0,0.0030173131961853334
2013-01-18,2.03,2.06,2.02,2.05,13320568.0,57122376.0,3345194000.0,0.003982001641758296
2013-01-21,2.05,2.1,2.04,2.09,24744496.0,108387936.0,3345194000.0,0.007397028692506324
2013-01-22,2.1,2.11,2.03,2.05,21781996.0,94813232.0,3345194000.0,0.006511429830377551
2013-01-23,2.04,2.07,2.02,2.04,9120173.0,39211256.0,3345194000.0,0.0027263509978793458
2013-01-24,2.05,2.07,2.0,2.01,13381714.0,57419816.0,3345194000.0,0.004000280402272634
2013-01-25,2.01,2.03,1.98,2.0,9135454.0,38476080.0,3345194000.0,0.002730919043858144
2013-01-28,2.01,2.04,2.0,2.04,14655839.0,62527496.0,3345194000.0,0.004381162647069199
2013-01-29,2.03,2.06,2.02,2.04,10689392.0,45881472.0,3345194000.0,0.003195447558497355
2013-01-30,2.04,2.07,2.02,2.07,16492546.0,71121216.0,3345194000.0,0.004930221087327073
2013-01-31,2.07,2.1,2.06,2.07,17215378.0,75320656.0,3345194000.0,0.005146301828832647
2013-02-01,2.06,2.1,2.03,2.08,18606782.0,81003784.0,3345194000.0,0.005562243026861821
2013-02-04,2.09,2.16,2.07,2.13,30581460.0,136201888.0,3345194000.0,0.009141909258476489
2013-02-05,2.11,2.15,2.09,2.13,22899200.0,102319176.0,3345194000.0,0.0068454026881550065
2013-02-06,2.14,2.15,2.11,2.13,14277599.0,63916480.0,3345194000.0,0.004268092971588494
2013-02-07,2.13,2.13,2.07,2.1,15104752.0,66604996.0,3345194000.0,0.004515359049430317
2013-02-08,2.1,2.12,2.09,2.11,9226016.0,40933612.0,3345194000.0,0.0027579913153018927
2013-02-18,2.11,2.12,2.07,2.08,13074969.0,57552896.0,3345194000.0,0.0039085831793313035
2013-02-19,2.09,2.1,2.04,2.05,10497296.0,45541392.0,3345194000.0,0.0031380230862544894
2013-02-20,2.04,2.07,2.03,2.05,12082863.0,52033352.0,3345194000.0,0.003612006657909825
2013-02-21,2.04,2.05,1.98,2.01,22338332.0,94353696.0,3345194000.0,0.006677738869554352
2013-02-22,2.01,2.02,1.99,2.01,11639401.0,49221196.0,3345194000.0,0.0034794397574550236
2013-02-25,2.0,2.02,1.97,1.98,10883109.0,45518084.0,3940432094.0,0.002761907511760308
2013-02-26,2.03,2.04,1.93,1.94,13598245.0,56575040.0,3940432094.0,0.0034509527573652944
2013-02-27,1.93,1.96,1.91,1.93,9631021.0,39158528.0,3940432094.0,0.00244415352688476
2013-02-28,1.93,1.97,1.93,1.97,11253792.0,46240076.0,3940432094.0,0.00285597917475494
2013-03-01,1.97,1.98,1.95,1.97,8885325.0,36741544.0,3940432094.0,0.0022549113366347484
2013-03-04,1.96,1.97,1.89,1.9,14534113.0,58769768.0,3940432094.0,0.0036884566599005067
2013-03-05,1.91,1.95,1.89,1.94,9581804.0,38861404.0,3940432094.0,0.0024316632723071106
2013-03-06,1.95,1.97,1.92,1.97,11799842.0,48348440.0,3940432094.0,0.002994555347868406
2013-03-07,1.96,1.98,1.95,1.96,14317661.0,59180652.0,3940432094.0,0.0036335256282683196
2013-03-08,1.97,1.97,1.93,1.95,8336020.0,34122680.0,3940432094.0,0.0021155091119811594
2013-03-11,1.91,1.94,1.91,1.92,8279301.0,33511356.0,3940432094.0,0.002101115005282464
2013-03-12,1.92,1.94,1.88,1.9,10447600.0,41910920.0,3940432094.0,0.00265138435348456
2013-03-13,1.9,1.9,1.87,1.88,5974661.0,23650708.0,3940432094.0,0.001516245136947664
2013-03-14,1.88,1.95,1.87,1.95,16919712.0,68663624.0,3940432094.0,0.004293872244559989
2013-03-15,2.15,2.15,2.14,2.15,99346168.0,449017344.0,3940432094.0,0.02521199848901647
2013-03-18,2.16,2.18,2.11,2.15,91638176.0,415396544.0,3940432094.0,0.023255869867554683
2013-03-19,2.14,2.16,2.09,2.11,40258172.0,179405024.0,3940432094.0,0.010216689702964337
2013-03-20,2.13,2.16,2.1,2.14,45438240.0,204518832.0,3940432094.0,0.011531283604452339
2013-03-21,2.14,2.21,2.11,2.21,61080796.0,278501280.0,3940432094.0,0.015501040125271094
2013-03-22,2.19,2.21,2.17,2.17,39100324.0,180388400.0,3940432094.0,0.00992285187696474
2013-03-25,2.18,2.24,2.17,2.2,30882076.0,143525744.0,3940432094.0,0.00783723085775882
2013-03-26,2.21,2.22,2.16,2.16,24155514.0,111016328.0,3940432094.0,0.006130168830159772
2013-03-27,2.17,2.25,2.16,2.2,31360640.0,145531184.0,3940432094.0,0.00795868048271967
2013-03-28,2.17,2.18,2.13,2.13,27897088.0,125983400.0,3940432094.0,0.007079702767236674
2013-03-29,2.14,2.16,2.13,2.14,12019899.0,54263192.0,3940432094.0,0.003050401253786966
2013-04-01,2.14,2.16,2.13,2.13,14388108.0,65069568.0,3940432094.0,0.003651403616854208
2013-04-02,2.14,2.2,2.14,2.17,21633624.0,98771904.0,3940432094.0,0.005490165414331335
2013-04-03,2.17,2.18,2.13,2.14,14367331.0,64995536.0,3940432094.0,0.0036461308448575438
2013-04-08,2.06,2.14,2.02,2.11,22062564.0,96618152.0,3940432094.0,0.005599021496549611
2013-04-09,2.11,2.15,2.1,2.13,14210221.0,63506164.0,3940432094.0,0.0036062595829623755
2013-04-10,2.14,2.14,2.11,2.13,8720760.0,39011208.0,3940432094.0,0.002213148150244459
2013-04-11,2.15,2.27,2.15,2.17,30563598.0,141697904.0,3940432094.0,0.007756407741815535
2013-04-12,2.15,2.17,2.13,2.14,13259367.0,60004712.0,3940432094.0,0.0033649525442120205
2013-04-15,2.14,2.16,2.13,2.14,8779784.0,39579928.0,3940432094.0,0.002228127218172028
2013-04-16,2.13,2.18,2.12,2.17,16192783.0,73545312.0,3940432094.0,0.004109392729963893
2013-04-17,2.17,2.18,2.16,2.17,11418104.0,52131184.0,3940432094.0,0.0028976781549886546
2013-04-18,2.17,2.21,2.16,2.2,16508229.0,76308536.0,3940432094.0,0.004189446387145379
2013-04-19,2.2,2.26,2.2,2.23,26057614.0,122675520.0,3940432094.0,0.006612882389136281
2013-04-22,2.22,2.31,2.22,2.29,34195668.0,164232640.0,3940432094.0,0.008678151833162893
2013-04-23,2.3,2.32,2.23,2.25,24247450.0,115733208.0,3940432094.0,0.006153500281586124
2013-04-24,2.26,2.4,2.26,2.39,51815180.0,255428288.0,3940432094.0,0.01314961881436752
2013-04-25,2.37,2.38,2.32,2.35,36701376.0,181805936.0,3940432094.0,0.009314048592763288
2013-04-26,2.37,2.37,2.21,2.24,43069900.0,205964432.0,3940432094.0,0.010930247996300073
2013-05-02,2.22,2.27,2.21,2.25,14162654.0,67070832.0,3940432094.0,0.003594188064188475
2013-05-03,2.26,2.34,2.25,2.3,22168264.0,107590568.0,3940432094.0,0.005625845965917056
2013-05-06,2.31,2.32,2.27,2.31,21098648.0,102107904.0,3940432094.0,0.005354399592909213
2013-05-07,2.3,2.31,2.25,2.27,19155746.0,91416424.0,3940432094.0,0.004861331331954175
2013-05-08,2.27,2.29,2.25,2.27,15026984.0,71767504.0,3940432094.0,0.003813537104948775
2013-05-09,2.27,2.3,2.26,2.29,16081788.0,77073552.0,3940432094.0,0.004081224499335326
2013-05-10,2.28,2.3,2.24,2.26,15529380.0,74227624.0,3940432094.0,0.003941034797591413
2013-05-13,2.27,2.27,2.22,2.25,13290277.0,62738776.0,3940432094.0,0.0033727968616022543
2013-05-14,2.25,2.25,2.22,2.23,10398970.0,48874472.0,3940432094.0,0.002639043067341335
2013-05-15,2.23,2.25,2.22,2.24,7035019.0,33066672.0,3940432094.0,0.0017853420214275616
2013-05-16,2.24,2.29,2.22,2.29,13831600.0,65950488.0,3940432094.0,0.0035101734200827977
2013-05-17,2.29,2.3,2.26,2.3,16315578.0,78519192.0,3940432094.0,0.0041405555560374546
2013-05-20,2.29,2.31,2.27,2.3,21329700.0,102885968.0,3940432094.0,0.005413035801956393
2013-05-21,2.3,2.31,2.28,2.3,16742763.0,80923336.0,3940432094.0,0.004248966255628107
2013-05-22,2.31,2.35,2.28,2.33,27317092.0,133237744.0,3940432094.0,0.0069325118028540755
2013-05-23,2.33,2.34,2.29,2.3,22369836.0,109357328.0,3940432094.0,0.005677000761937252
2013-05-24,2.3,2.37,2.3,2.36,30609278.0,151031216.0,3940432094.0,0.007768000379097511
2013-05-27,2.36,2.38,2.35,2.38,17339284.0,86560696.0,3940432094.0,0.004400350922530071
2013-05-28,2.38,2.45,2.35,2.42,32863788.0,166529072.0,3940432094.0,0.008340148292376587
2013-05-29,2.42,2.47,2.41,2.42,29887478.0,153638624.0,3940432094.0,0.007584822498402887
2013-05-30,2.42,2.45,2.41,2.44,16113437.0,82535376.0,3940432094.0,0.004089256359609784
2013-05-31,2.45,2.45,2.39,2.4,20034904.0,101740704.0,3940432094.0,0.005084443411804167
2013-06-03,2.41,2.49,2.41,2.45,39370888.0,203710880.0,3940432094.0,0.009991515412725699
2013-06-04,2.45,2.47,2.41,2.45,23941080.0,123022112.0,3940432094.0,0.006075749925104534
2013-06-05,2.45,2.47,2.39,2.4,22354160.0,114306728.0,3940432094.0,0.00567302251802236
2013-06-06,2.4,2.41,2.31,2.34,26719360.0,131813968.0,3940432094.0,0.006780819809250087
2013-06-07,2.34,2.38,2.32,2.34,24421984.0,59254856.0,3940432094.0,0.006197793393568883
2013-06-13,2.29,2.29,2.1,2.1,83496768.0,183505776.0,7880864188.0,0.010594874623919861
2013-06-14,2.12,2.13,2.08,2.1,27426736.0,59506984.0,7880864188.0,0.0034801685888410593
2013-06-17,2.1,2.11,2.0,2.05,34467528.0,72456176.0,7880864188.0,0.0043735721334321265
2013-06-18,2.05,2.05,1.99,2.04,21320274.0,44608752.0,7880864188.0,0.0027053218392551243
2013-06-19,2.03,2.06,2.0,2.05,17226732.0,35920312.0,7880864188.0,0.0021858937787851648
2013-06-20,2.05,2.07,2.0,2.02,22824460.0,47985976.0,7880864188.0,0.0028961874555273074
2013-06-21,1.99,2.02,1.97,2.0,22202282.0,45569356.0,7880864188.0,0.0028172395146469943
2013-06-24,1.99,1.99,1.8,1.85,33731488.0,66343260.0,7880864188.0,0.0042801762846468175
2013-06-25,1.85,2.04,1.82,2.0,79902776.0,160520800.0,7880864188.0,0.010138834281862897
2013-06-26,2.02,2.04,1.95,2.0,37270204.0,76303312.0,7880864188.0,0.004729202675101346
2013-06-27,1.99,2.02,1.95,1.97,25626072.0,52236444.0,7880864188.0,0.003251682986622228
2013-06-28,1.95,1.99,1.94,1.96,24154840.0,48951404.0,7880864188.0,0.0030649988914642112
2013-07-01,1.96,1.99,1.94,1.98,13837815.0,27993838.0,7880864188.0,0.0017558753291384596
2013-07-02,1.98,1.98,1.94,1.95,15093771.0,30358072.0,7880864188.0,0.0019152431306940828
2013-07-03,1.95,1.96,1.87,1.92,24391180.0,47984712.0,7880864188.0,0.0030949879883908995
2013-07-04,1.92,2.05,1.87,1.98,38132436.0,77344928.0,7880864188.0,0.0048386109810220216
2013-07-05,1.97,2.0,1.95,1.97,18117088.0,36774756.0,7880864188.0,0.002298870728870883
2013-07-08,1.94,1.95,1.89,1.91,14253259.0,28260082.0,7880864188.0,0.0018085908676999016
2013-07-09,1.91,1.93,1.91,1.92,8242205.0,16318361.0,7880864188.0,0.0010458504046485415
2013-07-10,1.92,1.96,1.91,1.96,13932628.0,27856008.0,7880864188.0,0.0017679061163387226
2013-07-11,1.96,2.04,1.95,2.02,40690920.0,84183472.0,7880864188.0,0.005163256088330906
2013-07-12,2.02,2.02,1.96,1.97,22964912.0,46996948.0,7880864188.0,0.002914009358893421
2013-07-15,1.97,1.99,1.93,1.97,25407804.0,51329216.0,7880864188.0,0.0032239870392244347
2013-07-16,1.95,1.97,1.93,1.97,19427522.0,39043524.0,7880864188.0,0.002465151224098217
2013-07-17,1.97,1.97,1.92,1.94,27417160.0,55030728.0,7880864188.0,0.0034789534936723616
2013-07-18,1.94,1.94,1.91,1.92,15779098.0,31296252.0,7880864188.0,0.002002204025292867
2013-07-19,1.92,1.94,1.89,1.89,19776708.0,38995024.0,7880864188.0,0.002509459309058201
2013-07-22,1.89,1.91,1.87,1.9,13239289.0,25904762.0,7880864188.0,0.0016799285819642906
2013-07-23,1.9,1.95,1.9,1.94,21520172.0,42860796.0,7880864188.0,0.002730686824012047
2013-07-24,1.94,1.94,1.89,1.91,18599096.0,36664692.0,7880864188.0,0.0023600325492628576
2013-07-25,1.92,1.93,1.9,1.91,13601843.0,26856030.0,7880864188.0,0.001725932927598371
2013-07-26,1.91,1.92,1.89,1.91,12385602.0,24309770.0,7880864188.0,0.0015716045479960503
2013-07-29,1.9,1.9,1.87,1.89,12233763.0,23786668.0,7880864188.0,0.0015523377523277272
2013-07-30,1.89,1.91,1.87,1.9,13223289.0,25821710.0,7880864188.0,0.0016778983477642947
2013-07-31,1.9,1.91,1.88,1.88,11555958.0,22572208.0,7880864188.0,0.0014663313215822163
2013-08-01,1.89,1.92,1.88,1.92,13537566.0,26586894.0,7880864188.0,0.0017177768423688004
2013-08-02,1.92,1.94,1.91,1.92,11705392.0,23199092.0,7880864188.0,0.0014852929476723523
2013-08-05,1.92,1.93,1.89,1.92,16384670.0,32297968.0,7880864188.0,0.002079044836852859
2013-08-06,1.92,1.94,1.9,1.94,22912506.0,45639296.0,7880864188.0,0.0029073595805506097
2013-08-07,1.94,1.95,1.91,1.92,17116516.0,34015444.0,7880864188.0,0.0021719085104984935
2013-08-08,1.92,1.94,1.91,1.93,11624851.0,23079826.0,7880864188.0,0.001475073129378486
2013-08-09,1.92,1.94,1.91,1.93,11267809.0,22341528.0,7880864188.0,0.001429768199426304
2013-08-12,1.93,1.98,1.92,1.98,33054716.0,66494448.0,7880864188.0,0.004194300930896844
2013-08-13,1.97,2.0,1.94,1.97,174342192.0,353699936.0,11812064188.000002,0.014759671910445258
2013-08-14,1.95,1.97,1.91,1.93,67924328.0,136009232.0,11812064188.000002,0.005750419818155494
2013-08-15,1.93,1.93,1.91,1.92,35832764.0,70946544.0,11812064188.000002,0.003033573423720714
2013-08-16,1.92,2.11,1.86,1.91,104726896.0,207967616.0,11812064188.000002,0.008866096080513442
2013-08-19,1.9,1.9,1.87,1.9,59520236.0,115881608.0,11812064188.000002,0.00503893604476576
2013-08-20,1.89,1.9,1.86,1.88,45537212.0,88310296.0,11812064188.000002,0.003855144306298447
2013-08-21,1.88,1.88,1.84,1.86,50781692.0,97473064.0,11812064188.000002,0.004299137829913729
2013-08-22,1.85,1.86,1.82,1.83,51471688.0,97686336.0,11812064188.000002,0.004357552344855239
2013-08-23,1.83,1.85,1.81,1.83,51004124.0,96203640.0,11812064188.000002,0.004317968746886392
2013-08-26,1.83,1.86,1.82,1.86,71879128.0,136620000.0,11812064188.000002,0.006085230054288289
2013-08-27,1.85,1.95,1.84,1.91,109229928.0,214857376.0,11812064188.000002,0.009247319203612846
2013-08-28,1.88,1.96,1.86,1.93,120820664.0,237305760.0,11812064188.000002,0.010228581734489976
2013-08-29,1.91,1.93,1.89,1.9,78808520.0,155061312.0,11812064188.000002,0.006671866893515732
2013-08-30,1.92,1.97,1.9,1.95,163109520.0,327301152.0,11812064188.000002,0.013808722794251715
2013-09-02,1.95,1.96,1.89,1.92,76284768.0,150745520.0,11812064188.000002,0.0064582080477939225
2013-09-03,1.92,2.01,1.92,1.97,163039280.0,331369312.0,11812064188.000002,0.013802776331475856
2013-09-04,1.96,1.97,1.93,1.95,85473712.0,171336976.0,11812064188.000002,0.0072361367699672365
2013-09-05,1.95,1.95,1.91,1.92,55480056.0,109935456.0,11812064188.000002,0.004696897605446706
2013-09-06,1.92,1.96,1.91,1.95,61408068.0,122814872.0,11812064188.000002,0.005198758406882439
2013-09-09,1.95,2.0,1.94,2.0,157487744.0,321969152.0,11812064188.000002,0.013332787690062964
2013-09-10,1.98,2.2,1.98,2.13,351172608.0,763585216.0,11812064188.000002,0.029729994894267496
2013-09-11,2.12,2.18,2.08,2.14,253623520.0,558471552.0,11812064188.000002,0.02147156635481703
2013-09-12,2.14,2.15,2.1,2.13,107888376.0,236439776.0,11812064188.000002,0.009133744473688596
2013-09-13,2.15,2.24,2.14,2.17,213806480.0,481958336.0,11812064188.000002,0.01810068728014602
2013-09-16,2.13,2.13,2.05,2.09,145077024.0,312483328.0,11812064188.000002,0.012282105963103827
2013-09-17,2.06,2.08,1.99,2.0,99909168.0,208622944.0,11812064188.000002,0.00845823104326666
2013-09-18,1.97,2.03,1.97,2.03,56249740.0,116420040.0,11812064188.000002,0.004762058443362058
2013-09-23,2.03,2.05,2.0,2.04,66204920.0,137692160.0,11812064188.000002,0.005604856098501248
2013-09-24,2.03,2.03,1.98,2.0,66744136.0,137477616.0,11812064188.000002,0.005650505698047769
2013-09-25,2.0,2.03,1.97,2.01,66787524.0,137342480.0,11812064188.000002,0.005654178891768141
2013-09-26,1.99,2.0,1.93,1.94,80814256.0,163348592.0,11812064188.000002,0.006841670914902413
2013-09-27,1.94,1.96,1.93,1.95,34781060.0,69956064.0,11812064188.000002,0.002944536995941356
2013-09-30,1.96,1.98,1.95,1.98,31350836.0,63422744.0,11812064188.000002,0.0026541369485487253
2013-10-08,1.98,1.98,1.95,1.98,54133592.0,109595280.0,11812064188.000002,0.004582907029492345
2013-10-09,1.96,1.98,1.95,1.98,46687720.0,94590144.0,11812064188.000002,0.0039525454024733914
2013-10-10,1.98,1.99,1.95,1.97,47563712.0,96127072.0,11812064188.000002,0.004026706191481796
2013-10-11,1.97,2.02,1.96,2.0,83715512.0,171691488.0,11812064188.000002,0.007087288950312974
2013-10-14,2.0,2.0,1.97,1.99,58119708.0,118885296.0,11812064188.000002,0.004920368453385515
2013-10-15,1.98,1.99,1.96,1.97,46811092.0,95121160.0,11812064188.000002,0.003962989978293199
2013-10-16,1.97,1.97,1.93,1.94,58546052.0,117443472.0,11812064188.000002,0.004956462398797116
2013-10-17,1.94,1.96,1.93,1.95,43005192.0,86315880.0,11812064188.000002,0.003640785498244195
2013-10-18,1.94,1.95,1.93,1.95,31760500.0,63555308.0,11812064188.000002,0.002688818778369476
2013-10-21,1.95,1.99,1.95,1.97,52275332.0,106041840.0,11812064188.000002,0.004425588209477142
2013-10-22,1.97,2.0,1.95,2.0,89779208.0,183322704.0,11812064188.000002,0.007600636651738451
2013-10-23,2.0,2.07,1.99,2.02,152769392.0,320289024.0,11812064188.000002,0.012933335746278793
2013-10-24,2.02,2.03,1.99,2.01,42444568.0,87835376.0,11812064188.000002,0.003593323514371
2013-10-25,2.01,2.02,1.95,1.96,53495024.0,108870112.0,11812064188.000002,0.004528846368304208
2013-10-28,1.95,1.97,1.95,1.96,24760040.0,49977140.0,11812064188.000002,0.0020961653785418794
2013-10-29,1.96,1.98,1.91,1.94,52038336.0,104367752.0,11812064188.000002,0.004405524315797935
2013-10-30,1.94,1.99,1.94,1.99,48441004.0,98575696.0,11812064188.000002,0.00410097703746071
2013-10-31,2.01,2.01,1.97,1.98,38172112.0,78113248.0,11812064188.000002,0.003231620772834899
2013-11-01,1.99,1.99,1.96,1.97,31911440.0,64887864.0,11812064188.000002,0.0027015972392377585
2013-11-04,1.98,1.98,1.96,1.96,26613222.0,53908104.0,11812064188.000002,0.002253054299098429
2013-11-05,1.96,1.98,1.94,1.98,24682160.0,49816512.0,11812064188.000002,0.0020895721194162543
2013-11-06,1.97,1.98,1.96,1.96,19878916.0,40299992.0,11812064188.000002,0.0016829332861393689
2013-11-07,1.96,1.97,1.95,1.95,22515656.0,45447668.0,11812064188.000002,0.0019061576064642357
2013-11-08,1.95,1.96,1.93,1.93,32936868.0,66006184.0,11812064188.000002,0.0027884091616654865
2013-11-11,1.93,1.96,1.93,1.94,16986260.0,34053352.0,11812064188.000002,0.0014380433199183355
2013-11-12,1.95,1.96,1.94,1.96,15229966.0,30645004.0,11812064188.000002,0.0012893568607146818
2013-11-13,1.95,1.95,1.93,1.93,21920488.0,43805312.0,11812064188.000002,0.0018557711549069679
2013-11-14,1.93,1.94,1.92,1.93,20656724.0,41086172.0,11812064188.000002,0.0017487818954611998
2013-11-15,1.94,1.97,1.93,1.96,39023320.0,78689552.0,11812064188.000002,0.003303683368030136
2013-11-18,1.97,1.98,1.95,1.98,87419216.0,177062880.0,11812064188.000002,0.007400841597932568
2013-11-19,1.98,1.98,1.95,1.97,42319112.0,85622512.0,11812064188.000002,0.0035827025087615443
2013-11-20,1.96,2.03,1.95,2.01,168548928.0,346828224.0,11812064188.000002,0.014269218767980502
2013-11-21,1.99,2.04,1.98,2.03,147429344.0,306100736.0,11812064188.000002,0.012481251511465286
2013-11-22,2.03,2.03,1.98,2.0,81215264.0,167514368.0,11812064188.000002,0.006875619934617984
2013-11-25,1.99,2.01,1.98,1.99,43475960.0,89162912.0,11812064188.000002,0.0036806403443157445
2013-11-26,1.99,1.99,1.96,1.98,44773312.0,91276880.0,11812064188.000002,0.0037904731372426564
2013-11-27,1.98,2.0,1.97,1.98,36945872.0,75450016.0,11812064188.000002,0.0031278082655132955
2013-11-28,1.98,2.01,1.98,2.0,73939560.0,152180752.0,11812064188.000002,0.006259664595720362
2013-11-29,2.01,2.01,1.99,2.0,44613040.0,91780952.0,11812064188.000002,0.003776904636644529
2013-12-02,1.98,1.99,1.95,1.97,72756784.0,147561952.0,11812064188.000002,0.0061595317162189455
2013-12-03,1.96,1.99,1.95,1.98,35048960.0,71315832.0,11812064188.000002,0.0029672171977872083
2013-12-04,1.98,2.04,1.97,2.01,128210520.0,266382576.0,11812064188.000002,0.010854201091308866
2013-12-05,2.02,2.03,1.99,2.01,90991720.0,187790512.0,11812064188.000002,0.00770328695745147
2013-12-06,2.0,2.01,1.98,2.01,48607912.0,99971152.0,11812064188.000002,0.004115107336563687
2013-12-09,2.01,2.02,1.99,2.0,32380456.0,66745596.0,11812064188.000002,0.0027413037623767434
2013-12-10,2.0,2.01,1.98,1.99,37348640.0,76756352.0,11812064188.000002,0.003161906285435095
2013-12-11,1.99,1.99,1.97,1.98,36560692.0,74504888.0,11812064188.000002,0.003095199231743287
2013-12-12,1.98,1.99,1.96,1.98,45246324.0,92096640.0,11812064188.000002,0.0038305179585771476
2013-12-13,1.97,1.98,1.95,1.98,58314408.0,118239936.0,11812064188.000002,0.004936851601199578
2013-12-16,1.98,1.98,1.95,1.97,61618696.0,125033808.0,11812064188.000002,0.005216590006562873
2013-12-17,1.96,1.97,1.95,1.96,30700376.0,61945128.0,11812064188.000002,0.0025990695200580464
2013-12-18,1.96,1.97,1.95,1.96,35721876.0,72110488.0,11812064188.000002,0.003024185733454634
2013-12-19,1.96,1.97,1.94,1.95,30624660.0,61705488.0,11812064188.000002,0.002592659463458716
2013-12-20,1.95,1.95,1.92,1.93,49273160.0,98219456.0,11812064188.000002,0.004171426705423521
2013-12-23,1.93,1.95,1.91,1.94,36691504.0,73194016.0,11812064188.000002,0.003106273672071244
2013-12-24,1.94,1.96,1.93,1.94,28133676.0,56384080.0,11812064188.000002,0.0023817747306674217
2013-12-25,1.94,1.95,1.93,1.94,19421226.0,38792308.0,11812064188.000002,0.0016441856131911494
2013-12-26,1.95,1.95,1.92,1.93,25827808.0,51400776.0,11812064188.000002,0.002186561771839907
2013-12-27,1.93,1.95,1.92,1.94,35248564.0,70285008.0,11812064188.000002,0.0029841155143577173
2013-12-30,1.94,1.95,1.92,1.93,23876500.0,47571992.0,11812064188.000002,0.0020213655818308524
2013-12-31,1.93,1.94,1.92,1.94,19728208.0,39328728.0,11812064188.000002,0.001670174466207362
2014-01-02,1.93,1.94,1.92,1.93,21026744.0,41857736.0,11812064188.000002,0.0017801074956366463
2014-01-03,1.93,1.93,1.91,1.92,30334784.0,59937440.0,11812064188.000002,0.0025681187908559978
2014-01-06,1.92,1.92,1.86,1.87,46768288.0,90952016.0,11812064188.000002,0.003959366225550347
2014-01-07,1.86,1.87,1.83,1.85,42115296.0,80568584.0,11812064188.000002,0.003565447607606583
2014-01-08,1.85,1.86,1.84,1.85,24909576.0,47567496.0,11812064188.000002,0.002108824977882011
2014-01-09,1.84,1.86,1.83,1.83,25371660.0,48328092.0,11812064188.000002,0.002147944643390554
2014-01-10,1.83,1.84,1.82,1.84,24586856.0,46503652.0,11812064188.000002,0.002081503758248964
2014-01-13,1.84,1.84,1.82,1.84,20004776.0,37830456.0,11812064188.000002,0.0016935884940688908
2014-01-14,1.83,1.84,1.82,1.84,20410958.0,38624304.0,11812064188.000002,0.0017279755405270913
2014-01-15,1.83,1.84,1.82,1.83,31653868.0,59810264.0,11812064188.000002,0.002679791397693004
2014-01-16,1.82,1.83,1.81,1.81,53671796.0,100635328.0,11812064188.000002,0.004543811745835731
2014-01-17,1.81,1.81,1.78,1.79,33318750.0,61766000.0,11812064188.000002,0.002820738989367232
2014-01-20,1.79,1.79,1.77,1.78,19165172.0,35301028.0,11812064188.000002,0.001622508284324267
2014-01-21,1.78,1.81,1.78,1.81,20839308.0,38759056.0,11812064188.000002,0.00176423931231011
2014-01-22,1.8,1.83,1.8,1.83,65914800.0,123903408.0,11812064188.000002,0.005580294769051757
2014-01-23,1.82,1.83,1.8,1.81,30077656.0,56320480.0,11812064188.000002,0.002546350537999633
2014-01-24,1.8,1.83,1.8,1.82,43137656.0,80742112.0,11812064188.000002,0.0036519997955839073
2014-01-27,1.81,1.82,1.78,1.8,38315544.0,71152560.0,11812064188.000002,0.003243763612368883
2014-01-28,1.8,1.81,1.79,1.81,30746964.0,57269004.0,11812064188.000002,0.0026030136232442895
2014-01-29,1.81,1.81,1.8,1.8,24508456.0,45657776.0,11812064188.000002,0.002074866476335135
2014-01-30,1.81,1.81,1.78,1.79,22290644.0,41264544.0,11812064188.000002,0.0018871082687347141
2014-02-07,1.78,1.8,1.77,1.79,24730336.0,45615256.0,11812064188.000002,0.0020936506614249355
2014-02-10,1.79,1.83,1.79,1.83,51421768.0,96492536.0,11812064188.000002,0.004353326157187658
2014-02-11,1.82,1.85,1.8,1.84,93122368.0,175890656.0,11812064188.000002,0.00788366592983841
2014-02-12,1.83,1.84,1.82,1.84,58538544.0,110483120.0,11812064188.000002,0.004955826777462817
2014-02-13,1.84,1.84,1.8,1.81,83002344.0,155777440.0,11812064188.000002,0.007026912712201729
2014-02-14,1.81,1.84,1.8,1.84,101489400.0,190389168.0,11812064188.000002,0.00859201223297653
2014-02-17,1.84,1.85,1.82,1.84,67801216.0,128334448.0,11812064188.000002,0.005739997253729789
2014-02-18,1.84,1.84,1.81,1.82,58367384.0,109990960.0,11812064188.000002,0.004941336507407065
2014-02-19,1.82,1.95,1.81,1.91,210249984.0,411884096.0,11812064188.000002,0.01779959714523014
2014-02-20,1.9,1.91,1.86,1.88,97173376.0,188581824.0,11812064188.000002,0.008226621059062602
2014-02-21,1.87,1.88,1.84,1.86,45101756.0,86521072.0,11812064188.000002,0.0038182789461827797
2014-02-24,1.85,1.85,1.81,1.83,42820368.0,80757008.0,11812064188.000002,0.0036251384447691755
2014-02-25,1.83,1.84,1.78,1.8,57557712.0,107666152.0,11812064188.000002,0.004872790317078829
2014-02-26,1.79,1.81,1.78,1.81,31701424.0,58780256.0,11812064188.000002,0.0026838174509926727
2014-02-27,1.8,1.81,1.79,1.8,39082456.0,72612840.0,11812064188.000002,0.0033086897749594244
2014-02-28,1.8,1.81,1.79,1.8,33724480.0,62798648.0,11812064188.000002,0.002855087769863378
2014-03-03,1.8,1.86,1.79,1.84,55998440.0,105678656.0,11812064188.000002,0.00474078358437041
2014-03-04,1.82,1.83,1.8,1.82,39866592.0,74599872.0,11812064188.000002,0.003375074107750014
2014-03-05,1.82,1.83,1.8,1.81,26074500.0,48771212.0,11812064188.000002,0.002207446521200702
2014-03-06,1.81,1.82,1.78,1.81,36806064.0,68400032.0,11812064188.000002,0.00311597223094941
2014-03-07,1.8,1.82,1.79,1.81,27375924.0,51009432.0,11812064188.000002,0.002317624046422935
2014-03-10,1.79,1.79,1.75,1.76,49972884.0,91616088.0,11812064188.000002,0.004230664785141277
2014-03-11,1.76,1.76,1.74,1.75,31366164.0,56785712.0,11812064188.000002,0.002655434604890245
2014-03-12,1.76,1.77,1.74,1.76,25638732.0,46598968.0,11812064188.000002,0.002170554747412112
2014-03-13,1.76,1.78,1.75,1.77,24975364.0,45614388.0,11812064188.000002,0.0021143945378634776
2014-03-14,1.76,1.77,1.75,1.76,19474780.0,35419544.0,11812064188.000002,0.0016487194524209096
2014-03-17,1.76,1.78,1.75,1.77,28094502.0,51364000.0,11812064188.000002,0.002378458290849917
2014-03-18,1.77,1.78,1.76,1.78,20605312.0,37670972.0,11812064188.000002,0.0017444293962551565
2014-03-19,1.76,1.77,1.73,1.75,45169252.0,81555144.0,11812064188.000002,0.003823993104091655
2014-03-20,1.75,1.76,1.74,1.74,29128064.0,52711188.0,11812064188.000002,0.002465958831276205
2014-03-21,1.74,1.78,1.73,1.77,49358996.0,89519872.0,11812064188.000002,0.004178693513208666
2014-03-24,1.77,1.79,1.76,1.78,55663804.0,102134520.0,11812064188.000002,0.004712453565613827
2014-03-25,1.78,1.79,1.77,1.78,38964508.0,71730496.0,11812064188.000002,0.003298704390684267
2014-03-26,1.78,1.81,1.78,1.79,45985488.0,85181456.0,11812064188.000002,0.0038930949974617587
2014-03-27,1.78,1.79,1.77,1.77,31373210.0,57636648.0,11812064188.000002,0.002656031113670409
2014-03-28,1.77,1.78,1.76,1.77,25794480.0,47167544.0,11812064188.000002,0.002183740249752865
2014-03-31,1.77,1.78,1.76,1.76,21209588.0,38763996.0,11812064188.000002,0.0017955869238796586
2014-04-01,1.76,1.78,1.76,1.77,17280564.0,31631088.0,11812064188.000002,0.001462958863494452
2014-04-02,1.77,1.79,1.77,1.79,36221816.0,66649748.0,11812064188.000002,0.003066510257944426
2014-04-03,1.79,1.79,1.75,1.76,58301912.0,106676624.0,11812064188.000002,0.004935793699735353
2014-04-04,1.76,1.78,1.75,1.77,18114476.0,33113562.0,11812064188.000002,0.0015335571930266585
2014-04-08,1.77,1.79,1.76,1.79,80685736.0,148416096.0,11812064188.000002,0.006830790513479386
2014-04-09,1.79,1.79,1.77,1.79,36568504.0,67386320.0,11812064188.000002,0.0030958605894768434
2014-04-10,1.79,1.81,1.77,1.8,93224072.0,172779600.0,11812064188.000002,0.00789227610993744
2014-04-11,1.79,1.8,1.78,1.79,47971484.0,88776280.0,11812064188.000002,0.004061227846080851
2014-04-14,1.79,1.8,1.78,1.8,26923412.0,49867196.0,11812064188.000002,0.002279314738854177
2014-04-15,1.79,1.8,1.77,1.77,34341716.0,63133520.0,11812064188.000002,0.002907342480824656
2014-04-16,1.77,1.78,1.75,1.76,58517136.0,106709888.0,11812064188.000002,0.004954014393136143
2014-04-17,1.77,1.77,1.75,1.76,49786212.0,90380888.0,11812064188.000002,0.004214861281449717
2014-04-18,1.75,1.76,1.73,1.75,56584328.0,102169112.0,11812064188.000002,0.004790384398476653
2014-04-21,1.74,1.75,1.73,1.73,72511280.0,130451248.0,11812064188.000002,0.006138747541997356
2014-04-22,1.73,1.74,1.72,1.73,51109084.0,91145400.0,11812064188.000002,0.004326854577366947
2014-04-23,1.73,1.73,1.72,1.73,22539882.0,40127428.0,11812064188.000002,0.0019082085604392922
2014-04-24,1.73,1.73,1.72,1.73,26576480.0,47253112.0,11812064188.000002,0.0022499437504749863
2014-04-25,1.73,1.73,1.69,1.71,38565532.0,68056176.0,11812064188.000002,0.003264927398479524
2014-04-28,1.7,1.7,1.66,1.67,40582328.0,70144688.0,11812064188.000002,0.00343566775070762
2014-04-29,1.67,1.68,1.65,1.66,34517380.0,59209900.0,11812064188.000002,0.002922214055953621
2014-04-30,1.66,1.68,1.66,1.67,19170862.0,32989184.0,11812064188.000002,0.0016229899952182683
2014-05-05,1.67,1.68,1.64,1.67,31752928.0,54130760.0,11812064188.000002,0.0026881777388458594
2014-05-06,1.67,1.7,1.66,1.68,45355424.0,78540840.0,11812064188.000002,0.0038397542781791723
2014-05-07,1.67,1.68,1.66,1.66,17876856.0,30700594.0,11812064188.000002,0.0015134404720016069
2014-05-08,1.66,1.68,1.65,1.67,18335116.0,31500778.0,11812064188.000002,0.0015522364006984345
2014-05-09,1.67,1.68,1.65,1.67,25261822.0,43217412.0,11812064188.000002,0.002138645845292963
2014-05-12,1.66,1.71,1.66,1.7,56339816.0,98068920.0,11812064188.000002,0.004769684206189482
2014-05-13,1.7,1.7,1.68,1.69,26336842.0,45835680.0,11812064188.000002,0.0022296561871680202
2014-05-14,1.69,1.7,1.68,1.7,20234832.0,35214352.0,11812064188.000002,0.001713064852843991
2014-05-15,1.69,1.7,1.67,1.67,17630540.0,30463228.0,11812064188.000002,0.0014925875545030518
2014-05-16,1.67,1.68,1.66,1.67,17713814.0,30440192.0,11812064188.000002,0.001499637465397085
2014-05-19,1.67,1.67,1.65,1.67,17452920.0,29819522.0,11812064188.000002,0.0014775503859630734
2014-05-20,1.67,1.67,1.66,1.66,12338593.0,21144494.0,11812064188.000002,0.001044575512257621
2014-05-21,1.66,1.68,1.65,1.68,22721176.0,39017548.0,11812064188.000002,0.0019235567669097732
2014-05-22,1.67,1.69,1.66,1.67,17808120.0,30707096.0,11812064188.000002,0.001507621336674707
2014-05-23,1.67,1.68,1.66,1.68,14621650.0,25109892.0,11812064188.000002,0.0012378573098895183
2014-05-26,1.68,1.68,1.66,1.67,19192808.0,32990822.0,11812064188.000002,0.001624847926198892
2014-05-27,1.67,1.68,1.65,1.66,30654680.0,52407436.0,11812064188.000002,0.0025952009328854145
2014-05-28,1.66,1.67,1.65,1.67,15118850.0,25879774.0,11812064188.000002,0.0012799498681491585
2014-05-29,1.67,1.67,1.65,1.66,14745246.0,25247804.0,11812064188.000002,0.001248320849371937
2014-05-30,1.66,1.66,1.65,1.65,13835742.0,23605814.0,11812064188.000002,0.0011713229609822027
2014-06-03,1.66,1.67,1.64,1.65,45562636.0,77458896.0,11812064188.000002,0.003857296682004789
2014-06-04,1.64,1.65,1.61,1.63,42145420.0,70670720.0,11812064188.000002,0.003567997881590922
2014-06-05,1.62,1.63,1.6,1.62,33919876.0,56514920.0,11812064188.000002,0.0028716298404862675
2014-06-06,1.62,1.63,1.61,1.62,16820580.0,27989916.0,11812064188.000002,0.0014240169823228866
2014-06-09,1.61,1.62,1.59,1.6,33278278.0,55132012.0,11812064188.000002,0.002817312661897634
2014-06-10,1.6,1.61,1.59,1.6,22761604.0,37602932.0,11812064188.000002,0.0019269793693742156
2014-06-11,1.6,1.62,1.6,1.62,28417582.0,47286456.0,11812064188.000002,0.002405809987797875
2014-06-12,1.61,1.62,1.6,1.6,26228076.0,43405464.0,11812064188.000002,0.0022204481437414956
2014-06-13,1.6,1.62,1.6,1.62,21954892.0,36467608.0,11812064188.000002,0.001858683770301909
2014-06-16,1.61,1.63,1.61,1.62,33251492.0,55455964.0,11812064188.000002,0.002815044980349881
2014-06-17,1.62,1.63,1.6,1.61,23555384.0,39166056.0,11812064188.000002,0.001994180155567573
2014-06-18,1.6,1.61,1.6,1.61,29554150.0,48860480.0,11812064188.000002,0.00250203093461212
2014-06-19,1.6,1.61,1.57,1.58,36010668.0,59067080.0,11812064188.000002,0.0030486346354757885
2014-06-20,1.58,1.6,1.57,1.6,31630602.0,51869036.0,11812064188.000002,0.0026778217165577085
2014-06-23,1.59,1.6,1.59,1.6,18860692.0,30978132.0,11812064188.000002,0.0015967312486466821
2014-06-24,1.59,1.61,1.59,1.6,21620440.0,35626920.0,11812064188.000002,0.0018303693288396136
2014-06-25,1.6,1.61,1.59,1.6,13647649.0,22438634.0,11812064188.000002,0.0011553991565559547
2014-06-26,1.6,1.64,1.59,1.62,48353432.0,80438648.0,11812064188.000002,0.00409356326129033
2014-06-27,1.61,1.63,1.6,1.62,47356604.0,78876648.0,11812064188.000002,0.00400917259221382
2014-06-30,1.61,1.63,1.61,1.62,26532656.0,44382268.0,11812064188.000002,0.002246233645339889
2014-07-01,1.62,1.63,1.61,1.63,20508408.0,34313548.0,11812064188.000002,0.001736225580354931
2014-07-02,1.62,1.63,1.61,1.63,27102836.0,45291296.0,11812064188.000002,0.00229450463260554
2014-07-03,1.62,1.7,1.62,1.66,120893128.0,206653296.0,11812064188.000002,0.010234716479344616
2014-07-04,1.65,1.66,1.63,1.64,57615532.0,97388680.0,11812064188.000002,0.004877685312490277
2014-07-07,1.64,1.64,1.62,1.64,25666084.0,43111188.0,11812064188.000002,0.002172870346071641
2014-07-08,1.63,1.64,1.62,1.63,23212056.0,39043888.0,11812064188.000002,0.001965114278974319
2014-07-09,1.63,1.64,1.61,1.62,26192720.0,43960280.0,11812064188.000002,0.002217454932780458
2014-07-10,1.62,1.63,1.61,1.62,25417512.0,42449424.0,11812064188.000002,0.0021518264373996472
2014-07-11,1.62,1.63,1.61,1.63,20752008.0,34729336.0,11812064188.000002,0.0017568485634443284
2014-07-14,1.63,1.64,1.62,1.64,37789900.0,63465600.0,11812064188.000002,0.0031992630075944853
2014-07-15,1.64,1.68,1.63,1.66,73255464.0,124817528.0,11812064188.000002,0.006201749570106551
2014-07-16,1.66,1.71,1.65,1.69,117723112.0,204258768.0,11812064188.000002,0.009966345435169251
2014-07-17,1.68,1.69,1.65,1.66,55539832.0,95294712.0,11812064188.000002,0.0047019581942691685
2014-07-18,1.65,1.67,1.63,1.65,45682248.0,77620416.0,11812064188.000002,0.003867422939202199
2014-07-21,1.65,1.66,1.64,1.65,27583736.0,46896248.0,11812064188.000002,0.0023352172457734017
2014-07-22,1.65,1.67,1.64,1.67,34845136.0,59562556.0,11812064188.000002,0.002949961619358582
2014-07-23,1.66,1.67,1.64,1.66,42594128.0,72622992.0,11812064188.000002,0.0036059851455321258
2014-07-24,1.65,1.68,1.64,1.68,80283376.0,138025376.0,11812064188.000002,0.006796727034514485
2014-07-25,1.68,1.7,1.67,1.69,89828112.0,156018128.0,11812064188.000002,0.007604776825650618
2014-07-28,1.69,1.74,1.69,1.73,169741792.0,300992256.0,11812064188.000002,0.014370205689573076
2014-07-29,1.72,1.75,1.71,1.75,118422808.0,211718304.0,11812064188.000002,0.01002558114442918
2014-07-30,1.74,1.77,1.73,1.73,103451792.0,186515216.0,11812064188.000002,0.008758146785647994
2014-07-31,1.73,1.75,1.72,1.74,66076636.0,118174160.0,11812064188.000002,0.005593995676651329
2014-08-01,1.73,1.76,1.73,1.73,86699712.0,156371360.0,11812064188.000002,0.0073399289590788995
2014-08-04,1.73,1.76,1.73,1.76,65309876.0,117958656.0,11812064188.000002,0.005529082382260416
2014-08-05,1.76,1.77,1.75,1.76,79236360.0,144058352.0,11812064188.000002,0.006708087489102628
2014-08-06,1.76,1.83,1.75,1.82,173132384.0,320700992.0,11812064188.000002,0.0146572505232309
2014-08-07,1.8,1.83,1.77,1.78,115841984.0,215667920.0,11812064188.000002,0.00980709062838357
2014-08-08,1.78,1.79,1.77,1.77,40106080.0,73748296.0,11812064188.000002,0.0033953489721757677
2014-08-11,1.78,1.82,1.77,1.81,70225760.0,130631240.0,11812064188.000002,0.005945257228735946
2014-08-12,1.81,1.81,1.78,1.8,61100520.0,113324592.0,11812064188.000002,0.00517272163675445
2014-08-13,1.8,1.8,1.75,1.77,109082184.0,199538480.0,11812064188.000002,0.009234811313573602
2014-08-14,1.76,1.79,1.75,1.76,70289128.0,128324504.0,11812064188.000002,0.005950621913433847
2014-08-15,1.76,1.78,1.75,1.77,50017964.0,91405280.0,11812064188.000002,0.0042344812222417285
2014-08-18,1.77,1.78,1.75,1.77,69008808.0,125926560.0,11812064188.000002,0.005842231036139032
2014-08-19,1.77,1.8,1.76,1.79,89564544.0,164331888.0,11812064188.000002,0.007582463367494188
2014-08-20,1.78,1.8,1.77,1.79,69331992.0,128057832.0,11812064188.000002,0.00586959153764463
2014-08-21,1.79,1.8,1.76,1.78,58196576.0,106737608.0,11812064188.000002,0.004926876037392559
2014-08-22,1.77,1.78,1.76,1.77,38125620.0,69842320.0,11812064188.000002,0.003227684796932632
2014-08-25,1.77,1.92,1.75,1.83,223311504.0,421398336.0,11812064188.000002,0.018905375084810702
2014-08-26,1.8,1.81,1.77,1.78,105389432.0,195208288.0,11812064188.000002,0.00892218585360095
2014-08-27,1.77,1.79,1.76,1.78,42242604.0,77558464.0,11812064188.000002,0.0035762254020694113
2014-08-28,1.77,1.78,1.75,1.77,46786000.0,85448648.0,11812064188.000002,0.003960865709443941
2014-08-29,1.77,1.78,1.75,1.78,39126624.0,71381904.0,11812064188.000002,0.003312429002862103
2014-09-01,1.77,1.78,1.76,1.78,57579564.0,105468208.0,11812064188.000002,0.004874640290093892
2014-09-02,1.78,1.81,1.77,1.8,99827832.0,184908336.0,11812064188.000002,0.008451345201917895
2014-09-03,1.8,1.83,1.79,1.82,114750968.0,215535520.0,11812064188.000002,0.009714726077815991
2014-09-04,1.81,1.84,1.81,1.84,99046840.0,187315824.0,11812064188.000002,0.008385227037677521
2014-09-05,1.84,1.88,1.84,1.87,158087488.0,304177856.0,11812064188.000002,0.013383561542156426
2014-09-09,1.87,1.94,1.86,1.93,264285616.0,520612000.0,11812064188.000002,0.022374210958698522
2014-09-10,1.91,1.93,1.89,1.91,115925376.0,228081376.0,11812064188.000002,0.009814150529064158
2014-09-11,1.91,1.94,1.89,1.9,138516736.0,273205760.0,11812064188.000002,0.011726717176217226
2014-09-12,1.89,1.95,1.88,1.94,195463248.0,387942208.0,11812064188.000002,0.016547763785314775
2014-09-15,1.94,1.99,1.92,1.98,198549952.0,402592640.0,11812064188.000002,0.0168090817015462
2014-09-16,1.97,2.08,1.95,1.98,378056512.0,784429248.0,11812064188.000002,0.03200596491712867
2014-09-17,1.98,2.03,1.97,2.0,198705504.0,408532992.0,11812064188.000002,0.01682225061068217
2014-09-18,2.0,2.04,1.97,1.99,165428576.0,341159744.0,11812064188.000002,0.014005052238715449
2014-09-19,1.99,2.0,1.95,1.97,139616640.0,283664704.0,11812064188.000002,0.011819834177826258
2014-09-22,1.97,1.97,1.91,1.92,122038288.0,243426208.0,11812064188.000002,0.010331664818074723
2014-09-23,1.92,1.93,1.89,1.93,218385760.0,429166464.0,11812064188.000002,0.01848836549854346
2014-09-24,1.91,1.96,1.9,1.94,278719168.0,555543552.0,11812064188.000002,0.02359614404086575
2014-09-25,1.95,1.98,1.93,1.95,347269856.0,698938432.0,11812064188.000002,0.029399591000597088
2014-09-26,1.94,1.97,1.93,1.96,164550624.0,331422400.0,11812064188.000002,0.013930725517659198
2014-09-29,1.96,1.99,1.95,1.97,181544880.0,367407136.0,11812064188.000002,0.015369445772605378
2014-09-30,1.97,2.03,1.95,1.99,290763264.0,595987584.0,11812064188.000002,0.024615787670320095
2014-10-08,1.99,1.99,1.97,1.99,164816096.0,336041952.0,11812064188.000002,0.01395320016694782
2014-10-09,1.99,2.01,1.97,2.01,217089296.0,445271360.0,11812064188.000002,0.018378607882993326
2014-10-10,2.0,2.08,1.99,2.04,373692224.0,781130816.0,11812064188.000002,0.03163648775119575
2014-10-13,2.02,2.03,1.99,2.01,197085712.0,407384768.0,11812064188.000002,0.016685120302700474
2014-10-14,2.0,2.04,1.99,2.0,191082272.0,396111168.0,11812064188.000002,0.01617687382651734
2014-10-15,2.01,2.13,2.0,2.08,530590688.0,1142678272.0,11812064188.000002,0.044919387463118646
2014-10-16,2.06,2.12,2.05,2.05,340177088.0,730725440.0,11812064188.000002,0.02879912287858962
2014-10-17,2.04,2.05,1.99,2.03,250354320.0,519989184.0,11812064188.000002,0.021194798471747007
2014-10-20,2.03,2.06,2.01,2.05,160919920.0,336498400.0,11812064188.000002,0.013623352992229776
2014-10-21,2.05,2.05,2.01,2.02,140395328.0,294168064.0,11812064188.000002,0.011885757287251204
2014-10-22,2.01,2.03,1.99,2.0,108175856.0,223938048.0,11812064188.000002,0.009158082302828744
2014-10-23,2.0,2.0,1.94,1.95,160614000.0,326089376.0,11812064188.000002,0.013597454047292548
2014-10-24,1.95,1.97,1.94,1.95,83689832.0,168375232.0,11812064188.000002,0.0070851149018493625
2014-10-27,1.94,1.97,1.91,1.96,107435936.0,215162528.0,11812064188.000002,0.00909544126158282
2014-10-28,1.95,2.01,1.94,2.0,143540352.0,293874688.0,11812064188.000002,0.01215201252849812
2014-10-29,2.01,2.1,2.0,2.07,455461856.0,967916032.0,11812064188.000002,0.03855904004168115
2014-10-30,2.05,2.28,2.05,2.21,765375296.0,1702266496.0,11812064188.000002,0.06479606644684108
2014-10-31,2.23,2.3,2.17,2.22,708180672.0,1637729536.0,11812064188.000002,0.059954014872307254
2014-11-03,2.23,2.44,2.21,2.44,966407296.0,2390730496.0,11812064188.000002,0.08181527636649513
2014-11-04,2.45,2.58,2.42,2.51,1000948864.0,2578827520.0,11812064188.000002,0.08473953815937389
2014-11-05,2.52,2.53,2.42,2.45,489535584.0,1240884992.0,11812064188.000002,0.04144369487064964
2014-11-06,2.42,2.44,2.34,2.42,377276736.0,929998144.0,11812064188.000002,0.03193994969848533
2014-11-07,2.41,2.49,2.37,2.4,444911456.0,1112910720.0,11812064188.000002,0.03766585153270587
2014-11-10,2.42,2.51,2.38,2.5,436384576.0,1103589760.0,11812064188.000002,0.036943972624473846
2014-11-11,2.49,2.66,2.37,2.45,639989504.0,1663691648.0,11812064188.000002,0.05418100459106648
2014-11-12,2.47,2.57,2.43,2.52,377248384.0,978572928.0,11812064188.000002,0.03193754944061771
2014-11-13,2.53,2.58,2.47,2.56,445551104.0,1161816320.0,11812064188.000002,0.03772000362583874
2014-11-14,2.61,2.64,2.49,2.52,356484800.0,939163904.0,11812064188.000002,0.030179720862180598
2014-11-17,2.51,2.52,2.36,2.43,274965600.0,691771392.0,11812064188.000002,0.02327836994649423
2014-11-18,2.4,2.45,2.37,2.39,223345120.0,552726592.0,11812064188.000002,0.018908220988749672
2014-11-19,2.41,2.45,2.39,2.43,199032960.0,497092672.0,11812064188.000002,0.016849972776324704
2014-11-20,2.42,2.43,2.38,2.41,118124736.0,293128960.0,11812064188.000002,0.010000346604957001
2014-11-21,2.39,2.43,2.36,2.43,201502688.0,498480608.0,11812064188.000002,0.017059057992988954
2014-11-24,2.46,2.5,2.42,2.48,364718240.0,928296064.0,11812064188.000002,0.03087675737239229
2014-11-25,2.47,2.54,2.45,2.51,354595328.0,917672576.0,11812064188.000002,0.030019759658962662
2014-11-26,2.53,2.54,2.43,2.48,316411744.0,809396224.0,11812064188.000002,0.026787167675692617
2014-11-27,2.48,2.52,2.44,2.52,335703712.0,860131008.0,11812064188.000002,0.02842041040896517
2014-11-28,2.69,2.77,2.67,2.77,1211661696.0,3424391936.0,11812064188.000002,0.10257831964974756
2014-12-01,2.88,3.05,2.82,3.05,1080066176.0,3315569664.0,11812064188.000002,0.09143754713907247
2014-12-02,2.91,3.24,2.79,3.09,982444416.0,3037947648.0,11812064188.000002,0.08317296624565208
2014-12-03,3.08,3.17,2.93,2.99,678098560.0,2122588032.0,11812064188.000002,0.057407287092876395
2014-12-04,2.99,3.05,2.94,3.04,544007168.0,1679291776.0,11812064188.000002,0.0460552160352009
2014-12-05,3.03,3.1,2.89,2.95,595719872.0,1833718016.0,11812064188.000002,0.050433172603751845
2014-12-08,2.95,3.06,2.95,3.03,527900800.0,1637012224.0,11812064188.000002,0.0446916636752025
2014-12-09,3.15,3.23,2.91,2.97,828113344.0,2667163136.0,11812064188.000002,0.07010741990729182
2014-12-10,2.93,3.04,2.86,3.03,413187712.0,1261743360.0,11812064188.000002,0.03498014448818875
2014-12-11,3.18,3.33,3.12,3.33,999118720.0,3377663744.0,11812064188.000002,0.0845845996176532
2014-12-12,3.47,3.49,3.24,3.32,778718976.0,2690883328.0,11812064188.000002,0.06592573182857478
2014-12-15,3.37,3.43,3.23,3.27,399395200.0,1359104384.0,11812064188.000002,0.03381248134477204
2014-12-16,3.34,3.38,3.27,3.33,398448576.0,1359934848.0,11812064188.000002,0.03373234090657821
2014-12-17,3.34,3.58,3.26,3.45,668009344.0,2354834688.0,11812064188.000002,0.056553142056122385
2014-12-18,3.36,3.51,3.31,3.39,396133056.0,1389605888.0,11812064188.000002,0.03353631081707426
2014-12-19,3.41,3.71,3.38,3.64,760001600.0,2809879296.0,11812064188.000002,0.06434113359899395
2014-12-22,3.54,3.61,3.4,3.49,647854912.0,2349431552.0,11812064188.000002,0.05484688380360839
2014-12-23,3.49,3.53,3.24,3.32,405999872.0,1428421376.0,11812064188.000002,0.03437162764595027
2014-12-24,3.27,3.3,3.1,3.16,383846720.0,1259403136.0,11812064188.000002,0.032496159341053515
2014-12-25,3.21,3.29,3.12,3.27,371667008.0,1233975424.0,11812064188.000002,0.03146503456843558
2014-12-26,3.28,3.43,3.22,3.39,517287488.0,1779760000.0,11812064188.000002,0.043793149086128205
2014-12-29,3.39,3.47,3.32,3.36,502941504.0,1755865856.0,11812064188.000002,0.04257862944149453
2014-12-30,3.4,3.42,3.26,3.29,308991296.0,1056652608.0,11812064188.000002,0.026158958424380003
2014-12-31,3.26,3.34,3.23,3.31,242736480.0,821422208.0,11812064188.000002,0.02054987817003217
2015-01-05,3.37,3.62,3.37,3.53,659624768.0,2378544896.0,11812064188.000002,0.055843310491837626
2015-01-06,3.64,3.7,3.53,3.56,671728000.0,2491819264.0,11812064188.000002,0.05686796052822126
2015-01-07,3.62,3.66,3.5,3.57,453083040.0,1671567104.0,11812064188.000002,0.03835765136294228
2015-01-08,3.52,3.53,3.39,3.43,310765600.0,1104044928.0,11812064188.000002,0.02630916959592126
2015-01-09,3.39,3.53,3.36,3.41,311449952.0,1108841088.0,11812064188.000002,0.026367106294292342
2015-01-12,3.41,3.42,3.27,3.38,263863072.0,907362560.0,11812064188.000002,0.02233843871827764
2015-01-13,3.42,3.47,3.35,3.36,207386816.0,729242944.0,11812064188.000002,0.017557203609737105
2015-01-14,3.34,3.34,3.26,3.29,177049616.0,602324864.0,11812064188.000002,0.014988880282234373
2015-01-15,3.2,3.34,3.2,3.33,195477968.0,656655104.0,11812064188.000002,0.01654900996885778
2015-01-16,3.36,3.38,3.3,3.32,169138480.0,581274688.0,11812064188.000002,0.014319129773425168
2015-01-19,3.13,3.3,2.99,3.03,371064992.0,1202048384.0,11812064188.000002,0.03141406837062135
2015-01-20,3.08,3.18,3.05,3.18,225279744.0,724966144.0,11812064188.000002,0.019072004724531046
2015-01-21,3.23,3.28,3.2,3.28,254691056.0,851188928.0,11812064188.000002,0.021561943107178783
2015-01-22,3.28,3.29,3.23,3.27,173979600.0,583932160.0,11812064188.000002,0.014728975158867463
2015-01-23,3.27,3.33,3.25,3.27,227003408.0,770204160.0,11812064188.000002,0.0192179287537749
2015-01-26,3.28,3.34,3.26,3.34,222616736.0,758632704.0,11812064188.000002,0.018846556576128215
2015-01-27,3.32,3.32,3.21,3.27,224345696.0,755797952.0,11812064188.000002,0.018992928960538082
2015-01-28,3.23,3.25,3.21,3.21,128587392.0,427702464.0,11812064188.000002,0.010886106776378109
2015-01-29,3.18,3.23,3.15,3.19,104999288.0,345995744.0,11812064188.000002,0.008889156571522009
2015-01-30,3.21,3.22,3.1,3.12,126311832.0,410655840.0,11812064188.000002,0.01069345966882922
2015-02-02,3.06,3.08,3.01,3.02,130975016.0,411304000.0,11812064188.000002,0.011088241133421783
2015-02-03,3.03,3.06,2.97,3.06,164674592.0,513025504.0,11812064188.000002,0.013941220550367023
2015-02-04,3.04,3.04,2.98,2.98,142253024.0,441529824.0,11812064188.000002,0.012043028359473048
2015-02-05,3.04,3.06,2.96,2.96,158431360.0,493501664.0,11812064188.000002,0.013412673473358878
2015-02-06,2.95,2.96,2.79,2.81,225113184.0,660861952.0,11812064188.000002,0.019057903886832483
2015-02-09,2.78,2.82,2.73,2.8,116972952.0,335689216.0,11812064188.000002,0.009902837483632541
2015-02-10,2.79,2.93,2.77,2.91,137535936.0,408191232.0,11812064188.000002,0.011643683424927895
2015-02-11,2.93,2.96,2.91,2.95,94403752.0,285431616.0,11812064188.000002,0.007992146884530626
2015-02-12,2.95,2.99,2.9,2.97,97777688.0,296609728.0,11812064188.000002,0.008277781634418594
2015-02-13,2.96,3.0,2.94,2.98,118229112.0,362862240.0,11812064188.000002,0.010009182994460035
2015-02-16,2.98,2.99,2.95,2.98,92881920.0,284181888.0,11812064188.000002,0.007863309792572893
2015-02-17,2.98,3.2,2.97,3.13,249186288.0,794031040.0,11812064188.000002,0.02109591380760959
2015-02-25,3.12,3.12,3.07,3.09,142046736.0,453666912.0,11812064188.000002,0.012025564180755701
2015-02-26,3.07,3.11,3.0,3.11,149503952.0,472734016.0,11812064188.000002,0.012656886181831166
2015-02-27,3.13,3.17,3.11,3.12,170517552.0,551638848.0,11812064188.000002,0.014435880916836749
2015-03-02,3.15,3.15,3.09,3.12,142033888.0,455776608.0,11812064188.000002,0.01202447647925023
2015-03-03,3.11,3.12,3.01,3.02,171706688.0,542041344.0,11812064188.000002,0.014536552228901583
2015-03-04,3.0,3.05,3.0,3.04,116481160.0,363975648.0,11812064188.000002,0.009861202762370222
2015-03-05,3.03,3.03,2.96,2.99,129588480.0,399213440.0,11812064188.000002,0.010970858093681058
2015-03-06,3.0,3.07,2.99,3.03,132329232.0,414190528.0,11812064188.000002,0.011202887987557216
2015-03-09,3.01,3.06,2.99,3.05,114072992.0,355792320.0,11812064188.000002,0.009657329166555659
2015-03-10,3.04,3.15,3.02,3.12,229634512.0,734963712.0,11812064188.000002,0.019440675934803003
2015-03-11,3.1,3.32,3.1,3.23,474106784.0,1587880320.0,11812064188.000002,0.040137504880954675
2015-03-12,3.21,3.29,3.16,3.22,245572608.0,815218176.0,11812064188.000002,0.0207899825205386
2015-03-13,3.24,3.44,3.23,3.34,521991424.0,1803933056.0,11812064188.000002,0.044191380582768634
2015-03-16,3.43,3.49,3.32,3.47,577836928.0,2033960320.0,11812064188.000002,0.048919216726491424
2015-03-17,3.49,3.82,3.41,3.82,637334080.0,2433793024.0,11812064188.000002,0.053956198498097754
2015-03-18,4.2,4.2,4.05,4.2,1238618880.0,5330140672.0,11812064188.000002,0.10486049349937716
2015-03-19,4.15,4.28,4.07,4.19,1186603008.0,5115268096.0,11812064188.000002,0.10045687096802965
2015-03-20,4.22,4.23,3.99,4.06,815903232.0,3442289152.0,11812064188.000002,0.0690737214947481
2015-03-23,4.09,4.18,4.04,4.16,675074752.0,2873168384.0,11812064188.000002,0.057151293902196657
2015-03-24,4.11,4.57,4.09,4.57,1288391040.0,5753306112.0,11812064188.000002,0.10907416514963487
2015-03-25,4.5,4.53,4.36,4.41,729195392.0,3337750528.0,11812064188.000002,0.06173310442562589
2015-03-26,4.41,4.41,4.18,4.21,564472128.0,2482896640.0,11812064188.000002,0.04778776334228298
2015-03-27,4.18,4.26,4.13,4.23,357443296.0,1549958784.0,11812064188.000002,0.030260866374492813
2015-04-14,4.65,4.65,4.65,4.65,15591498.0,74839192.0,11812064188.000002,0.0013199638735319067
2015-04-15,5.12,5.12,5.12,5.12,28908356.0,152636112.0,11812064188.000002,0.002447358525986364
2015-04-16,5.2,5.58,4.81,5.29,1239199872.0,6743749120.0,11812064188.000002,0.10490967982200063
2015-04-17,5.39,5.82,5.21,5.71,1015965504.0,5701971456.0,11812064188.000002,0.08601083500986473
2015-04-20,5.62,6.14,5.36,5.92,1015006848.0,6117490688.0,11812064188.000002,0.08592967595207923
2015-04-21,5.82,6.06,5.72,5.91,587029312.0,3561308416.0,11812064188.000002,0.049697436676340544
2015-04-22,5.98,6.11,5.91,5.95,584539200.0,3597056512.0,11812064188.000002,0.0494866257663787
2015-04-23,5.96,5.98,5.82,5.85,507282464.0,3066501632.0,11812064188.000002,0.04294613167742125
2015-04-24,5.79,5.96,5.71,5.9,542154624.0,3278434816.0,11812064188.000002,0.04589838112721911
2015-04-27,5.98,6.13,5.85,5.97,669417088.0,4140237312.0,11812064188.000002,0.056672320548348164
2015-04-28,5.92,5.97,5.75,5.78,531094272.0,3195782912.0,11812064188.000002,0.0449620204857627
2015-04-29,5.72,5.76,5.53,5.67,332115168.0,1935499520.0,11812064188.000002,0.028116607115748593
2015-04-30,5.72,5.95,5.69,5.78,481026624.0,2898717184.0,11812064188.000002,0.0407233330554265
2015-05-04,5.78,5.8,5.58,5.68,323454016.0,1895336704.0,11812064188.000002,0.027383360846328645
2015-05-05,5.68,5.7,5.22,5.31,414220288.0,2336736256.0,11812064188.000002,0.03506756155463587
2015-05-06,5.28,5.4,4.92,5.02,376317728.0,2010240768.0,11812064188.000002,0.03185876084065858
2015-05-07,4.96,4.96,4.65,4.65,361208448.0,1778131456.0,11812064188.000002,0.030579621161130787
2015-05-08,4.7,5.12,4.7,5.12,647179776.0,3338039808.0,11812064188.000002,0.054789727324499014
2015-05-11,5.14,5.56,5.13,5.38,570755072.0,3141376000.0,11812064188.000002,0.04831967240576258
2015-05-12,5.38,5.43,5.19,5.37,364273248.0,1999570816.0,11812064188.000002,0.030839084702068326
2015-05-13,5.31,5.4,5.21,5.25,295479648.0,1608759936.0,11812064188.000002,0.025015073004782756
2015-05-14,5.21,5.31,5.1,5.28,294450240.0,1579188992.0,11812064188.000002,0.024927924138706852
2015-05-15,5.3,5.3,5.04,5.07,219299152.0,1160474624.0,11812064188.000002,0.018565692541934225
2015-05-18,5.0,5.07,4.88,4.94,176364864.0,906680448.0,11812064188.000002,0.014930909720180059
2015-05-19,4.94,5.2,4.92,5.14,250811296.0,1320636544.0,11812064188.000002,0.021233485698020655
2015-05-20,5.2,5.4,5.15,5.19,344428576.0,1882402304.0,11812064188.000002,0.029159050485850605
2015-05-21,5.19,5.33,5.1,5.25,281195232.0,1507772288.0,11812064188.000002,0.023805765658272426
2015-05-22,5.26,5.47,5.23,5.43,456414624.0,2511040768.0,11812064188.000002,0.038639700626049454
2015-05-25,5.43,5.77,5.43,5.67,524103232.0,3043751168.0,11812064188.000002,0.044370164575675254
2015-05-26,5.72,5.78,5.48,5.69,576732672.0,3352069120.0,11812064188.000002,0.0488257312880088
2015-05-27,5.71,6.0,5.67,5.84,679728384.0,4108780288.0,11812064188.000002,0.057545266702033596
2015-05-28,5.82,5.83,5.28,5.31,590262720.0,3426292736.0,11812064188.000002,0.049971174437034804
2015-05-29,5.31,5.41,4.92,5.21,356707552.0,1915544320.0,11812064188.000002,0.03019857887009985
2015-06-01,5.21,5.47,5.17,5.44,321208928.0,1770073856.0,11812064188.000002,0.02719329347416851
2015-06-02,5.44,5.54,5.36,5.51,339829184.0,1908210816.0,11812064188.000002,0.028769669601460175
2015-06-03,5.48,5.59,5.37,5.54,396750048.0,2239767040.0,11812064188.000002,0.03358854487118877
2015-06-04,5.57,5.67,5.19,5.59,423259328.0,2410496768.0,11812064188.000002,0.035832799522880474
2015-06-05,5.7,5.81,5.59,5.77,605088256.0,3569672960.0,11812064188.000002,0.051226292574223856
2015-06-08,5.83,6.35,5.83,6.35,902076864.0,5746817536.0,11812064188.000002,0.07636911293763787
2015-06-09,6.57,6.57,6.12,6.29,997878912.0,6475993600.0,11812064188.000002,0.0844796384541963
2015-06-10,6.1,6.71,6.0,6.43,832669504.0,5431227904.0,11812064188.000002,0.07049314080479833
2015-06-11,6.32,6.5,6.26,6.3,481032416.0,3119353600.0,11812064188.000002,0.04072382340155972
2015-06-12,6.31,6.36,6.12,6.21,461101792.0,2926461440.0,11812064188.000002,0.03903651255708872
2015-06-15,6.23,6.51,6.2,6.33,635503040.0,4145932032.0,11812064188.000002,0.053801184101726615
2015-06-16,6.24,6.56,6.15,6.36,681082176.0,4435999232.0,11812064188.000002,0.0576598776606648
2015-06-17,6.26,6.35,5.88,6.23,523575872.0,3271876096.0,11812064188.000002,0.044325518695699784
2015-06-18,6.23,6.86,6.14,6.45,950825792.0,6430920704.0,11812064188.000002,0.08049615857708882
2015-06-19,6.07,6.37,5.8,5.82,613085504.0,3797061888.0,11812064188.000002,0.05190333325675964
2015-06-23,5.82,6.35,5.47,6.19,603024832.0,3689066752.0,11812064188.000002,0.05105160473244119
2015-06-24,6.19,6.8,6.15,6.72,1164985728.0,7877600256.0,11812064188.000002,0.09862676916228758
2015-06-25,6.66,6.67,6.23,6.37,781020864.0,5181474816.0,11812064188.000002,0.06612060784375412
2015-06-26,6.09,6.28,5.74,5.81,620981056.0,3785229824.0,11812064188.000002,0.052571764436470055
2015-06-29,5.97,6.21,5.3,6.01,736705984.0,4477947904.0,11812064188.000002,0.06236894519659208
2015-06-30,5.98,6.3,5.49,6.25,725134720.0,4395705856.0,11812064188.000002,0.06138933114981477
2015-07-01,6.07,6.21,5.68,5.75,534272288.0,3268247808.0,11812064188.000002,0.04523106880360274
2015-07-02,5.77,5.84,5.17,5.17,499267456.0,2739714048.0,11812064188.000002,0.04226758744734989
2015-07-03,4.82,5.13,4.65,4.65,509631264.0,2465099776.0,11812064188.000002,0.04314497922537025
2015-07-06,5.11,5.11,4.27,4.76,531155904.0,2584073728.0,11812064188.000002,0.04496723820207536
2015-07-07,4.7,4.88,4.37,4.67,512712064.0,2445880064.0,11812064188.000002,0.04340579731363715
2015-07-08,4.23,4.4,4.2,4.2,302919232.0,1302935424.0,11812064188.000002,0.025644902294701274
2015-07-10,4.62,4.62,4.62,4.62,93187976.0,439847232.0,11812064188.000002,0.00788922025116242
2015-07-13,5.08,5.08,4.82,5.08,582884032.0,2973398272.0,11812064188.000002,0.049346500554251806
2015-07-14,5.14,5.5,4.94,5.13,621612288.0,3307261440.0,11812064188.000002,0.05262520403770768
2015-07-15,5.03,5.08,4.63,4.65,386409824.0,1907057024.0,11812064188.000002,0.03271314969593187
2015-07-16,4.65,5.07,4.65,4.95,418233984.0,2101383680.0,11812064188.000002,0.03540735787948801
2015-07-17,4.98,5.26,4.95,5.19,512055744.0,2668184576.0,11812064188.000002,0.04335023378218709
2015-07-20,5.2,5.35,5.09,5.2,452434624.0,2410927104.0,11812064188.000002,0.03830275697787293
2015-07-21,5.13,5.67,5.03,5.55,685451008.0,3730673664.0,11812064188.000002,0.058029739518039254
2015-07-22,5.38,5.56,5.29,5.37,534540192.0,2955533568.0,11812064188.000002,0.04525374934408542
2015-07-23,5.39,5.82,5.39,5.61,637729728.0,3664105984.0,11812064188.000002,0.053989693744457994
2015-07-24,5.61,5.65,5.35,5.41,494257984.0,2792970496.0,11812064188.000002,0.04184348951490814
2015-07-27,5.29,5.56,4.9,4.97,460049056.0,2465812480.0,11812064188.000002,0.03894738876100662
2015-07-28,4.81,5.33,4.62,5.24,570696256.0,2916790528.0,11812064188.000002,0.04831469308977987
2015-07-29,5.24,5.47,5.19,5.45,436555872.0,2380135168.0,11812064188.000002,0.0369584744081819
2015-07-30,5.38,5.44,5.1,5.15,343388896.0,1861546368.0,11812064188.000002,0.029071032000389258
2015-07-31,5.09,5.24,5.05,5.19,219113104.0,1152099328.0,11812064188.000002,0.01854994186558851
2015-08-03,5.18,5.33,5.06,5.29,286243744.0,1518447744.0,11812064188.000002,0.024233168686197792
2015-08-04,5.37,5.68,5.3,5.63,518082112.0,2917116928.0,11812064188.000002,0.043860421324693186
2015-08-05,5.64,5.64,5.33,5.38,418644512.0,2339085312.0,11812064188.000002,0.035442112854864545
2015-08-06,5.24,5.4,5.19,5.27,189733888.0,1025160128.0,11812064188.000002,0.016062720704883453
2015-08-07,5.33,5.47,5.17,5.36,239573392.0,1314943744.0,11812064188.000002,0.020282093644850414
2015-08-10,5.42,5.62,5.38,5.56,450391296.0,2540754688.0,11812064188.000002,0.03812977044753593
2015-08-11,5.49,5.53,5.11,5.36,563710464.0,3092928512.0,11812064188.000002,0.04772328147121646
2015-08-12,5.14,5.27,5.09,5.19,407590880.0,2152503552.0,11812064188.000002,0.034506321123286464
2015-08-13,5.17,5.31,5.13,5.3,286278848.0,1534119424.0,11812064188.000002,0.024236140563038393
2015-08-14,5.31,5.32,5.21,5.23,270463648.0,1449139712.0,11812064188.000002,0.022897238255339555
2015-08-17,5.26,5.43,5.15,5.41,348722752.0,1883479168.0,11812064188.000002,0.029522592025386304
2015-08-18,5.37,5.37,4.9,4.97,345176320.0,1822409344.0,11812064188.000002,0.029222353900740582
2015-08-19,4.89,5.2,4.84,5.14,248613488.0,1273888640.0,11812064188.000002,0.021047421013218756
2015-08-20,5.14,5.15,4.94,4.97,149247632.0,769010176.0,11812064188.000002,0.012635186333614934
2015-08-21,4.89,4.97,4.71,4.74,180259024.0,890586176.0,11812064188.000002,0.015260586221934606
2015-08-24,4.57,4.58,4.27,4.27,182013728.0,801215104.0,11812064188.000002,0.015409138072997404
2015-08-25,3.84,4.01,3.84,3.84,383056064.0,1513091840.0,11812064188.000002,0.03242922303022622
2015-08-26,3.86,3.96,3.47,3.51,308210560.0,1175533312.0,11812064188.000002,0.0260928619328969
2015-08-27,3.54,3.72,3.38,3.64,222119184.0,810808832.0,11812064188.000002,0.018804434217827327
2015-08-28,3.67,3.91,3.56,3.88,303697952.0,1162569088.0,11812064188.000002,0.02571082811322088
2015-08-31,3.8,3.87,3.69,3.82,212387328.0,818651008.0,11812064188.000002,0.017980542995674413
2015-09-01,3.76,4.07,3.58,3.9,293286496.0,1147318272.0,11812064188.000002,0.024829402493253702
2015-09-02,3.75,4.11,3.7,3.98,323394784.0,1314539136.0,11812064188.000002,0.02737834631211538
2015-09-07,3.99,4.15,3.91,3.93,170940400.0,699229568.0,11812064188.000002,0.014471678893656886
2015-09-08,3.91,4.01,3.81,3.98,123879088.0,495157696.0,11812064188.000002,0.01048750548831677
2015-09-09,3.99,4.09,3.96,4.06,172634096.0,712585984.0,11812064188.000002,0.014615065855752863
2015-09-10,3.99,4.07,3.92,3.95,102470584.0,418827968.0,11812064188.000002,0.008675078493401765
2015-09-11,3.94,4.0,3.9,3.96,75371920.0,304201920.0,11812064188.000002,0.006380927059012354
2015-09-14,3.99,4.01,3.66,3.92,160589744.0,631634560.0,11812064188.000002,0.01359540055354125
2015-09-15,3.8,3.89,3.69,3.72,95688080.0,368904640.0,11812064188.000002,0.008100877075931446
2015-09-16,3.72,4.04,3.69,3.97,124168248.0,489806592.0,11812064188.000002,0.0105119855449265
2015-09-17,3.91,3.97,3.82,3.83,119053712.0,474789152.0,11812064188.000002,0.010078992977446558
2015-09-18,3.86,3.88,3.78,3.82,60372912.0,235636000.0,11812064188.000002,0.0051111229196784645
2015-09-21,3.79,3.91,3.75,3.89,73271304.0,288641952.0,11812064188.000002,0.006203090571962611
2015-09-22,3.89,4.01,3.85,3.94,136824336.0,548971136.0,11812064188.000002,0.011583439932454927
2015-09-23,3.88,3.9,3.8,3.81,87620872.0,343679232.0,11812064188.000002,0.007417913635198067
2015-09-24,3.85,3.87,3.81,3.83,44353900.0,173678656.0,11812064188.000002,0.0037549660494614976
2015-09-25,3.83,3.84,3.72,3.74,60672948.0,233576192.0,11812064188.000002,0.005136523729835322
2015-09-28,3.74,3.77,3.7,3.76,32682626.0,124910880.0,11812064188.000002,0.0027668852352836534
2015-09-29,3.72,3.73,3.65,3.67,38718024.0,145939632.0,11812064188.000002,0.003277837250438754
2015-09-30,3.68,3.75,3.68,3.71,40540548.0,153927248.0,11812064188.000002,0.0034321306889938475
2015-10-08,3.79,3.82,3.75,3.79,70142104.0,271463072.0,11812064188.000002,0.0059381749780244245
2015-10-09,3.78,3.91,3.76,3.84,91129464.0,356119744.0,11812064188.000002,0.007714948255409869
2015-10-12,3.82,4.0,3.81,3.97,199015680.0,800223680.0,11812064188.000002,0.016848509865209003
2015-10-13,3.95,4.05,3.92,3.98,141614720.0,577461248.0,11812064188.000002,0.011988990048315844
2015-10-14,3.93,3.98,3.87,3.88,119127584.0,477466432.0,11812064188.000002,0.01008524692246618
2015-10-15,3.86,3.95,3.86,3.95,116153808.0,465773216.0,11812064188.000002,0.009833489401285327
2015-10-16,3.99,4.14,3.97,4.04,227301088.0,940335488.0,11812064188.000002,0.019243130106837508
2015-10-19,4.1,4.14,4.02,4.1,210946944.0,879816128.0,11812064188.000002,0.01785860122689675
2015-10-20,4.11,4.12,4.04,4.1,139657024.0,581958528.0,11812064188.000002,0.011823253055285546
2015-10-21,4.14,4.16,3.84,3.89,206573504.0,850806464.0,11812064188.000002,0.01748834925989144
2015-10-22,3.94,4.11,3.91,4.08,188249392.0,771684608.0,11812064188.000002,0.015937044449118767
2015-10-23,4.04,4.08,3.94,4.05,168312768.0,688446208.0,11812064188.000002,0.014249225649399254
2015-10-26,4.1,4.13,3.97,4.01,157672240.0,650182528.0,11812064188.000002,0.013348406975317731
2015-10-27,4.0,4.0,3.9,3.97,118404424.0,476746368.0,11812064188.000002,0.010024024769547755
2015-10-28,3.97,4.02,3.93,3.94,87759456.0,356704000.0,11812064188.000002,0.007429646046891257
2015-10-29,3.94,3.96,3.91,3.94,83689560.0,336541184.0,11812064188.000002,0.007085091874544763
2015-10-30,3.94,3.94,3.89,3.91,67380696.0,269434304.0,11812064188.000002,0.005704396363546072
2015-11-02,3.88,3.9,3.83,3.84,71508960.0,282194656.0,11812064188.000002,0.0060538919245500455
2015-11-03,3.84,3.89,3.83,3.85,44078708.0,173349760.0,11812064188.000002,0.003731668512670293
2015-11-04,3.86,3.97,3.85,3.97,121046536.0,485605920.0,11812064188.000002,0.010247703879138452
2015-11-05,3.97,4.37,3.94,4.15,491437472.0,2087677568.0,11812064188.000002,0.04160470720259516
2015-11-06,4.09,4.18,4.06,4.16,297761024.0,1253532032.0,11812064188.000002,0.025208212490285865
2015-11-09,4.13,4.28,4.1,4.19,307271968.0,1319153792.0,11812064188.000002,0.026013401477462405
2015-11-10,4.17,4.19,4.11,4.14,180689696.0,765183296.0,11812064188.000002,0.015297046572398797
2015-11-11,4.14,4.17,4.09,4.14,126469304.0,533437920.0,11812064188.000002,0.010706791123644711
2015-11-12,4.16,4.18,4.11,4.12,150415056.0,635891712.0,11812064188.000002,0.012734019524953837
2015-11-13,4.09,4.15,4.05,4.08,157718944.0,659763328.0,11812064188.000002,0.013352360898972113
2015-11-16,3.97,4.03,3.95,4.03,108278632.0,442031104.0,11812064188.000002,0.009166783237598843
2015-11-17,4.06,4.14,4.02,4.03,155570320.0,648932224.0,11812064188.000002,0.013170460092660645
2015-11-18,4.05,4.06,3.97,3.99,84781256.0,348055072.0,11812064188.000002,0.007177513993373839
2015-11-19,3.99,4.02,3.96,4.02,96837640.0,394898208.0,11812064188.000002,0.008198197915177126
2015-11-20,4.02,4.02,3.98,4.01,101136016.0,413635936.0,11812064188.000002,0.008562095023386777
2015-11-23,3.99,4.0,3.95,3.97,124787152.0,507129760.0,11812064188.000002,0.010564381467446864
2015-11-24,3.98,3.98,3.9,3.95,92005912.0,369325152.0,11812064188.000002,0.00778914764901716
2015-11-25,3.93,3.97,3.91,3.97,84328592.0,340254624.0,11812064188.000002,0.007139191817605452
2015-11-26,3.96,3.98,3.92,3.93,95651848.0,385753248.0,11812064188.000002,0.008097809703504126
2015-11-27,3.92,3.92,3.68,3.73,198155648.0,772590400.0,11812064188.000002,0.016775700237161628
2015-11-30,3.74,3.76,3.57,3.71,118525520.0,445947264.0,11812064188.000002,0.010034276661009962
2015-12-01,3.72,3.78,3.69,3.76,85717056.0,327778400.0,11812064188.000002,0.007256738080299364
2015-12-02,3.77,3.85,3.72,3.85,105937184.0,410170656.0,11812064188.000002,0.00896855810414768
2015-12-03,3.88,3.9,3.84,3.86,93281178.0,368148395.0,11812064188.000002,0.007897110658674317
2015-12-04,3.83,3.84,3.77,3.8,85347600.0,330980992.0,11812064188.000002,0.0072254602279172775
2015-12-07,3.81,3.83,3.78,3.83,58423115.0,227269816.0,11812064188.000002,0.004946054649732826
2015-12-08,3.9,4.05,3.87,3.88,236787344.0,953033920.0,11812064188.000002,0.020046229027484857
2015-12-09,3.84,3.94,3.75,3.8,150074522.0,583979983.0,11812064188.000002,0.01270519018618797
2015-12-10,3.79,3.81,3.73,3.75,83320560.0,320457440.0,11812064188.000002,0.007053852626761563
2015-12-11,3.75,3.75,3.7,3.73,56630244.0,215265696.0,11812064188.000002,0.004794271610675063
2015-12-14,3.71,3.8,3.68,3.8,73589016.0,282276128.0,11812064188.000002,0.00622998781828157
2015-12-15,3.8,3.81,3.75,3.77,63706024.0,245901632.0,11812064188.000002,0.005393301542055588
2015-12-16,3.76,3.78,3.75,3.75,49582424.0,190452656.0,11812064188.000002,0.004197608750752582
2015-12-17,3.77,3.84,3.76,3.83,118949576.0,463030336.0,11812064188.000002,0.010070176906153465
2015-12-18,3.83,4.08,3.82,3.92,296857632.0,1205974144.0,11812064188.000002,0.02513173203897594
2015-12-21,3.91,4.03,3.88,3.96,181997440.0,736148032.0,11812064188.000002,0.015407759143816124
2015-12-22,3.97,3.98,3.91,3.95,119897515.0,482168858.0,11812064188.000002,0.010150428671205929
2015-12-23,3.95,3.95,3.91,3.91,100686616.0,404548128.0,11812064188.000002,0.00852404917527358
2015-12-24,3.91,3.91,3.83,3.86,86035088.0,339331904.0,11812064188.000002,0.007283662417564911
2015-12-25,3.86,3.9,3.85,3.88,48765683.0,192987697.0,11812064188.000002,0.004128464104482395
2015-12-28,3.88,3.91,3.81,3.82,84033689.0,331466336.0,11812064188.000002,0.007114225563163693
2015-12-29,3.82,3.86,3.8,3.86,51973706.0,203509508.0,11812064188.000002,0.004400052791179431
2015-12-30,3.86,3.86,3.81,3.85,53068846.0,207550686.0,11812064188.000002,0.004492766476321149
2015-12-31,3.85,3.85,3.8,3.81,46310613.0,180815023.0,11812064188.000002,0.00392061982249025
2016-01-04,3.8,3.81,3.53,3.54,91970763.0,348027897.0,11812064188.000002,0.0077861719625121955
2016-01-05,3.45,3.61,3.45,3.56,107926199.0,390736353.0,11812064188.000002,0.00913694653891598
2016-01-06,3.56,3.68,3.56,3.68,79172865.0,293643157.0,11812064188.000002,0.006702712052685298
2016-01-07,3.65,3.72,3.44,3.45,31813749.0,117155037.0,11812064188.000002,0.00269332679654077
2016-01-08,3.52,3.68,3.39,3.62,163573367.0,595616398.0,11812064188.000002,0.013847991713944111
2016-01-11,3.57,3.84,3.53,3.66,250542149.0,952345084.0,11812064188.000002,0.021210699926142322
2016-01-12,3.8,3.81,3.54,3.65,186935520.0,700618355.0,11812064188.000002,0.015825813086074298
2016-01-13,3.65,3.67,3.51,3.52,105403833.0,385618301.0,11812064188.000002,0.008923405030856575
2016-01-14,3.44,3.54,3.41,3.52,109427145.0,388416275.0,11812064188.000002,0.009264015438653657
2016-01-15,3.5,3.51,3.26,3.31,110968074.0,384174200.0,11812064188.000002,0.009394469267508181
2016-01-18,3.22,3.41,3.19,3.3,73377548.0,247896296.0,11812064188.000002,0.006212085104866346
2016-01-19,3.3,3.38,3.26,3.38,82656076.0,282077946.0,11812064188.000002,0.006997597937536706
2016-01-20,3.38,3.62,3.35,3.47,179697010.0,642732651.0,11812064188.000002,0.015213006561762173
2016-01-21,3.44,3.48,3.33,3.34,104234448.0,363378852.0,11812064188.000002,0.008824405822810619
2016-01-22,3.36,3.38,3.27,3.34,66581332.0,226208382.0,11812064188.000002,0.005636722840334771
2016-01-25,3.35,3.36,3.32,3.34,47407511.0,161476934.0,11812064188.000002,0.00401348233851978
2016-01-26,3.33,3.36,3.08,3.11,94082969.0,309691690.0,11812064188.000002,0.007964989649783639
2016-01-27,3.11,3.15,2.87,2.99,109311944.0,335219373.0,11812064188.000002,0.009254262613223109
2016-01-28,2.97,2.99,2.88,2.89,69290298.0,208210512.0,11812064188.000002,0.005866061756622753
2016-01-29,2.89,2.98,2.88,2.97,59252814.0,178072331.0,11812064188.000002,0.005016296310021371
2016-02-01,2.97,2.98,2.92,2.94,45775185.0,137332144.0,11812064188.000002,0.003875290912023953
2016-02-02,2.95,3.02,2.95,3.0,64212048.0,196337764.0,11812064188.000002,0.005436141133167366
2016-02-03,2.99,3.02,2.97,2.99,49842249.0,152294979.0,11812064188.000002,0.004219605329493151
2016-02-04,2.98,3.03,2.98,3.01,80374381.0,246989022.0,11812064188.000002,0.00680443144574622
2016-02-05,3.01,3.1,3.0,3.01,90561333.0,281970932.0,11812064188.000002,0.007666850734861582
2016-02-15,2.93,3.08,2.9,3.02,78466733.0,239740860.0,11812064188.000002,0.006642931476762136
2016-02-16,3.02,3.1,3.01,3.1,106003681.0,332741817.0,11812064188.000002,0.008974187687507679
2016-02-17,3.11,3.11,3.05,3.11,92837616.0,292673300.0,11812064188.000002,0.007859559051017916
2016-02-18,3.1,3.11,3.07,3.08,67497024.0,213217909.0,11812064188.000002,0.005714244599904132
2016-02-19,3.08,3.08,3.04,3.06,45240164.0,141623998.0,11812064188.000002,0.003829996457855347
2016-02-22,3.09,3.17,3.07,3.12,103925957.0,331099075.0,11812064188.000002,0.008798289219049406
2016-02-23,3.11,3.11,3.04,3.08,70452451.0,221683432.0,11812064188.000002,0.005964448709275841
2016-02-24,3.07,3.1,3.05,3.1,60390796.0,190170923.0,11812064188.000002,0.005112636964955849
2016-02-25,3.14,3.19,2.96,2.99,183411372.0,581836726.0,11812064188.000002,0.015527461507221533
2016-02-26,2.99,3.03,2.96,3.0,64396483.0,196812753.0,11812064188.000002,0.005451755254210441
2016-02-29,3.0,3.01,2.87,2.95,78688603.0,234578659.0,11812064188.000002,0.006661714815259856
2016-03-01,2.95,2.99,2.93,2.99,51884998.0,157118598.0,11812064188.000002,0.004392542842148666
2016-03-02,2.99,3.1,2.97,3.08,121204715.0,377587101.0,11812064188.000002,0.010261095188014059
2016-03-03,3.07,3.13,3.05,3.1,132573943.0,418649114.0,11812064188.000002,0.011223605027026795
2016-03-04,3.07,3.12,3.05,3.11,137189765.0,432998123.0,11812064188.000002,0.011614376862206057
2016-03-07,3.1,3.15,3.08,3.12,75755675.0,241218716.0,11812064188.000002,0.006413415453410842
2016-03-08,3.1,3.1,2.99,3.08,78007124.0,242547204.0,11812064188.000002,0.006604021342793602
2016-03-09,3.03,3.09,3.01,3.08,61167620.0,190415242.0,11812064188.000002,0.005178402269616924
2016-03-10,3.05,3.08,3.02,3.02,34149579.0,106569013.0,11812064188.000002,0.002891076314560914
2016-03-11,3.02,3.03,2.99,3.01,27486850.0,84656035.0,11812064188.000002,0.0023270149537389217
2016-03-14,3.03,3.1,3.03,3.08,61517808.0,193737549.0,11812064188.000002,0.005208048908377638
2016-03-15,3.07,3.12,3.04,3.11,65073604.0,205421064.0,11812064188.000002,0.0055090797818478626
2016-03-16,3.11,3.16,3.09,3.12,105556911.0,337647443.0,11812064188.000002,0.008936364493111743
2016-03-17,3.11,3.15,3.09,3.13,63703118.0,203504259.0,11812064188.000002,0.005393055522396895
2016-03-18,3.13,3.18,3.12,3.15,165429483.0,532811124.0,11812064188.000002,0.014005129024617181
2016-03-21,3.17,3.22,3.14,3.19,220793847.0,717961602.0,11812064188.000002,0.018692232236962168
2016-03-22,3.18,3.18,3.14,3.14,81436516.0,262951527.0,11812064188.000002,0.006894350953725107
2016-03-23,3.13,3.16,3.11,3.15,55986914.0,179321965.0,11812064188.000002,0.004739807802338027
2016-03-24,3.16,3.2,3.14,3.15,116792923.0,378942337.0,11812064188.000002,0.009887596371060287
2016-03-25,3.13,3.13,3.09,3.12,89931036.0,285540816.0,11812064188.000002,0.0076134902899835126
2016-03-28,3.12,3.14,3.08,3.09,67057261.0,213658903.0,11812064188.000002,0.0056770146125792445
2016-03-29,3.08,3.1,3.03,3.05,65574451.0,205118972.0,11812064188.000002,0.005551481092239387
2016-03-30,3.06,3.11,3.05,3.11,64184380.0,202610036.0,11812064188.000002,0.005433798782198083
2016-03-31,3.12,3.13,3.09,3.1,54245562.0,172175672.0,11812064188.000002,0.0045923863210215726
2016-04-01,3.08,3.18,3.08,3.14,104279165.0,334555414.0,11812064188.000002,0.008828191528618535
2016-04-05,3.14,3.18,3.1,3.17,130836581.0,422330765.0,11812064188.000002,0.011076521335950598
2016-04-06,3.15,3.16,3.11,3.14,88209897.0,283067243.0,11812064188.000002,0.007467780025240072
2016-04-07,3.14,3.15,3.1,3.1,73917959.0,235748980.0,11812064188.000002,0.006257835872166528
2016-04-08,3.08,3.1,3.06,3.09,50982022.0,160467151.0,11812064188.000002,0.004316097609069308
2016-04-11,3.09,3.13,3.08,3.12,61708127.0,196682425.0,11812064188.000002,0.005224161164201082
2016-04-12,3.11,3.12,3.07,3.09,47468637.0,150059100.0,11812064188.000002,0.004018657217273157
2016-04-13,3.1,3.15,3.09,3.13,97905925.0,313672675.0,11812064188.000002,0.008288638077285733
2016-04-14,3.16,3.19,3.14,3.15,94243970.0,304729747.0,11812064188.000002,0.00797861986694446
2016-04-15,3.14,3.15,3.11,3.13,56708428.0,181194608.0,11812064188.000002,0.004800890606199946
2016-04-18,3.15,3.16,3.11,3.11,60813403.0,194715194.0,11812064188.000002,0.005148414538906838
2016-04-19,3.11,3.15,3.09,3.12,56178453.0,179313631.0,11812064188.000002,0.004756023342395334
2016-04-20,3.12,3.15,2.99,3.07,124563953.0,391181936.0,11812064188.000002,0.010545485616861599
2016-04-21,3.05,3.06,3.02,3.02,48459630.0,150692885.0,11812064188.000002,0.004102553899870493
2016-04-22,3.02,3.05,3.0,3.02,29153864.0,90157109.0,11812064188.000002,0.0024681430388447867
2016-04-25,3.02,3.03,2.99,3.0,24555571.0,75453188.0,11812064188.000002,0.002078855194924039
2016-04-26,3.0,3.02,2.99,3.02,27508021.0,84645150.0,11812064188.000002,0.00232880727383328
2016-04-27,3.02,3.03,3.0,3.01,27098914.0,83362084.0,11812064188.000002,0.0022941725991914323
2016-04-28,3.01,3.01,2.97,2.99,36229644.0,110745033.0,11812064188.000002,0.0030671729702253115
2016-04-29,3.0,3.01,2.99,3.0,28028003.0,86032344.0,11812064188.000002,0.0023728285381715026
2016-05-03,3.01,3.06,2.99,3.05,58179088.0,180868615.0,11812064188.000002,0.004925395517161576
2016-05-04,3.06,3.28,3.05,3.25,355867344.0,1158812742.0,11812064188.000002,0.030127447526193542
2016-05-05,3.23,3.34,3.2,3.21,265311461.0,884086810.0,11812064188.000002,0.02246105818401602
2016-05-06,3.23,3.31,3.15,3.17,218763515.0,720397984.0,11812064188.000002,0.01852034593769344
2016-05-09,3.13,3.18,3.05,3.09,160860193.0,510185700.0,11812064188.000002,0.013618296551708509
2016-05-10,3.1,3.19,3.06,3.13,125450349.0,402111274.0,11812064188.000002,0.010620527200270916
2016-05-11,3.13,3.45,3.1,3.4,488102631.0,1659724542.0,11812064188.000002,0.041322382204447256
2016-05-12,3.31,3.4,3.26,3.32,299267784.0,1015898858.0,11812064188.000002,0.025335773598659347
2016-05-13,3.3,3.34,3.26,3.33,138788998.0,467045318.0,11812064188.000002,0.011749766661528743
2016-05-16,3.31,3.34,3.26,3.33,105679435.0,357491790.0,11812064188.000002,0.008946737277923094
2016-05-17,3.32,3.32,3.21,3.22,117221026.0,389825488.0,11812064188.000002,0.00992383923201891
2016-05-18,3.23,3.27,3.1,3.15,167324902.0,541155309.0,11812064188.000002,0.014165593696145598
2016-05-19,3.14,3.19,3.13,3.15,102572156.0,331009705.0,11812064188.000002,0.00868367749848533
2016-05-20,3.12,3.15,3.09,3.15,80633814.0,257320107.0,11812064188.000002,0.00682639483807722
2016-05-23,3.15,3.21,3.13,3.18,105032026.0,340987191.0,11812064188.000002,0.008891928144676282
2016-05-24,3.18,3.18,3.12,3.14,83447891.0,267889705.0,11812064188.000002,0.007064632368386177
2016-05-25,3.16,3.16,3.06,3.09,116779611.0,371172921.0,11812064188.000002,0.009886469387682267
2016-05-26,3.08,3.1,3.03,3.06,82164185.0,256788362.0,11812064188.000002,0.006955954835012787
2016-05-27,3.07,3.1,3.05,3.09,46977993.0,148025094.0,11812064188.000002,0.0039771196847817195
2016-05-30,3.08,3.08,3.0,3.04,57746886.0,179216937.0,11812064188.000002,0.004888805638109016
2016-05-31,3.04,3.15,3.03,3.14,94640576.0,301218862.0,11812064188.000002,0.008012196216826042
2016-06-01,3.14,3.18,3.13,3.14,84182189.0,271234895.0,11812064188.000002,0.007126797455564249
2016-06-02,3.15,3.21,3.13,3.17,78386817.0,254615919.0,11812064188.000002,0.006636165851488851
2016-06-03,3.16,3.18,3.14,3.17,77501832.0,250111697.0,11812064188.000002,0.006561243722222142
2016-06-06,3.19,3.27,3.18,3.2,94714920.0,311359046.0,11812064188.000002,0.008018490120991881
2016-06-07,3.18,3.19,3.14,3.16,52807352.0,170576280.0,11812064188.000002,0.004470628601362286
2016-06-08,3.16,3.16,3.11,3.13,58113752.0,185994516.0,11812064188.000002,0.004919864223142164
2016-06-13,3.1,3.12,3.04,3.04,63596630.0,200887966.0,11812064188.000002,0.005384040332646387
2016-06-14,3.03,3.07,3.02,3.07,48048157.0,150037200.0,11812064188.000002,0.004067718921542318
2016-06-15,3.05,3.14,3.04,3.11,75701608.0,239707295.0,11812064188.000002,0.006408838184007335
2016-06-16,3.1,3.15,3.07,3.08,60249717.0,191225612.0,11812064188.000002,0.005100693328538488
2016-06-17,3.09,3.15,3.08,3.11,82761458.0,263784714.0,11812064188.000002,0.007006519494203073
2016-06-20,3.09,3.1,3.05,3.08,60523591.0,190309737.0,11812064188.000002,0.005123879284493437
2016-06-21,3.09,3.11,3.07,3.08,61912628.0,195772076.0,11812064188.000002,0.005241474056913582
2016-06-22,3.08,3.1,3.07,3.09,32728944.0,103170922.0,11812064188.000002,0.002770806480483714
2016-06-23,3.1,3.1,3.05,3.07,46201445.0,145066571.0,11812064188.000002,0.003911377746062075
2016-06-24,3.08,3.08,3.01,3.04,71539556.0,222968828.0,11812064188.000002,0.0060564821576806005
2016-06-27,3.03,3.07,3.03,3.07,41164041.0,128657930.0,11812064188.000002,0.0034849151126201106
2016-06-28,3.06,3.07,3.04,3.07,62397859.0,195064985.0,11812064188.000002,0.005282553329111658
2016-06-29,3.07,3.12,3.06,3.11,80097342.0,253499081.0,11812064188.000002,0.006780977543397683
2016-06-30,3.12,3.12,3.08,3.1,51578901.0,163398962.0,11812064188.000002,0.0043666289125316084
2016-07-01,3.1,3.11,3.09,3.11,34556950.0,109487340.0,11812064188.000002,0.002925564020817527
2016-07-04,3.1,3.16,3.09,3.15,101550609.0,325231683.0,11812064188.000002,0.008597194138444177
2016-07-05,3.15,3.25,3.14,3.21,186032052.0,610225323.0,11812064188.000002,0.015749326200664562
2016-07-06,3.2,3.21,3.15,3.18,90165898.0,291933890.0,11812064188.000002,0.007633373520912667
2016-07-07,3.16,3.23,3.16,3.2,100523257.0,328535429.0,11812064188.000002,0.008510219331700096
2016-07-08,3.21,3.23,3.17,3.17,94489182.0,308838530.0,11812064188.000002,0.00799937932067729
2016-07-11,3.18,3.22,3.16,3.19,103196453.0,336525545.0,11812064188.000002,0.008736529988114892
2016-07-12,3.18,3.5,3.17,3.45,416691316.0,1424415750.0,11812064188.000002,0.035276756828270625
2016-07-13,3.41,3.42,3.31,3.33,251875427.0,864630069.0,11812064188.000002,0.02132357418577888
2016-07-14,3.34,3.35,3.29,3.32,113948419.0,385706687.0,11812064188.000002,0.009646782915026941
2016-07-15,3.32,3.34,3.3,3.34,76952730.0,261117872.0,11812064188.000002,0.006514757181744497
2016-07-18,3.32,3.37,3.3,3.35,110174888.0,375587899.0,11812064188.000002,0.009327318768884426
2016-07-19,3.34,3.35,3.28,3.31,80210348.0,270419568.0,11812064188.000002,0.0067905445418664865
2016-07-20,3.3,3.32,3.29,3.31,42971821.0,144929046.0,11812064188.000002,0.003637960335811205
2016-07-21,3.31,3.34,3.29,3.31,80018609.0,270841051.0,11812064188.000002,0.0067743120699675615
2016-07-22,3.32,3.32,3.25,3.27,64975837.0,217472824.0,11812064188.000002,0.00550080290505106
2016-07-25,3.26,3.29,3.25,3.27,37167970.0,124057714.0,11812064188.000002,0.0031466109063104587
2016-07-26,3.27,3.35,3.26,3.34,101469558.0,344044096.0,11812064188.000002,0.008590332424969717
2016-07-27,3.35,3.36,3.21,3.28,151810574.0,508117076.0,11812064188.000002,0.012852162973701576
2016-07-28,3.27,3.42,3.24,3.32,159926681.0,543784420.0,11812064188.000002,0.013539266165051082
2016-07-29,3.32,3.37,3.3,3.31,103109996.0,350334719.0,11812064188.000002,0.008729210606961526
2016-08-01,3.3,3.31,3.24,3.29,76603881.0,255865633.0,11812064188.000002,0.006485223901663409
2016-08-02,3.3,3.32,3.27,3.3,47578439.0,159929196.0,11812064188.000002,0.004027952967639257
2016-08-03,3.31,3.37,3.3,3.35,111394687.0,379749273.0,11812064188.000002,0.009430585986246758
2016-08-04,3.32,3.34,3.3,3.33,74313055.0,251882633.0,11812064188.000002,0.006291284386643903
2016-08-05,3.33,3.33,3.29,3.3,66828497.0,225492639.0,11812064188.000002,0.0056576476335009895
2016-08-08,3.28,3.31,3.27,3.31,59656083.0,200084982.0,11812064188.000002,0.0050504367442064215
2016-08-09,3.3,3.32,3.28,3.32,57002439.0,192251106.0,11812064188.000002,0.004825781344628094
2016-08-10,3.32,3.32,3.28,3.29,60032646.0,202166047.0,11812064188.000002,0.005082316269580366
2016-08-11,3.3,3.31,3.28,3.28,40690562.0,136751362.0,11812064188.000002,0.003444830755435444
2016-08-12,3.27,3.32,3.27,3.32,56416563.0,189945645.0,11812064188.000002,0.004776181546432347
2016-08-15,3.32,3.45,3.31,3.44,250700742.0,868195234.0,11812064188.000002,0.021224126283930077
2016-08-16,3.45,3.45,3.4,3.43,152781122.0,534875042.0,11812064188.000002,0.012934328798789623
2016-08-17,3.43,3.43,3.38,3.4,97250361.0,337440653.0,11812064188.000002,0.00823313854819699
2016-08-18,3.39,3.43,3.39,3.4,74087093.0,257438782.0,11812064188.000002,0.006272154622666701
2016-08-19,3.39,3.4,3.35,3.38,57234959.0,196862949.0,11812064188.000002,0.004845466303691914
2016-08-22,3.38,3.39,3.36,3.38,33624778.0,115768520.0,11812064188.000002,0.002846647077498932
2016-08-23,3.38,3.39,3.34,3.37,56988929.0,195839457.0,11812064188.000002,0.004824637598726872
2016-08-24,3.37,3.38,3.34,3.38,41132804.0,141405139.0,11812064188.000002,0.0034822706129371732
2016-08-25,3.37,3.38,3.3,3.33,69897661.0,238059870.0,11812064188.000002,0.005917480627222612
2016-08-26,3.34,3.36,3.32,3.33,36725866.0,125216656.0,11812064188.000002,0.003109182731779445
2016-08-29,3.33,3.35,3.31,3.34,31223665.0,106207873.0,11812064188.000002,0.0026433707523974043
2016-08-30,3.32,3.32,3.27,3.28,73198423.0,245889884.0,11812064188.000002,0.0061969205242182
2016-08-31,3.28,3.29,3.26,3.29,42996612.0,143823722.0,11812064188.000002,0.0036400591222388295
2016-09-01,3.29,3.3,3.26,3.26,42122120.0,140921772.0,11812064188.000002,0.003566025322042552
2016-09-02,3.27,3.29,3.26,3.28,41386929.0,138392487.0,11812064188.000002,0.0035037846341916604
2016-09-05,3.28,3.29,3.26,3.28,39951700.0,133714690.0,11812064188.000002,0.0033822792836316743
2016-09-06,3.27,3.29,3.25,3.29,52031161.0,173737476.0,11812064188.000002,0.004404916885979928
2016-09-07,3.29,3.32,3.27,3.29,70970284.0,238740064.0,11812064188.000002,0.00600828804097589
2016-09-08,3.29,3.29,3.26,3.27,83290477.0,278262609.0,11812064188.000002,0.007051305823804755
2016-09-09,3.27,3.28,3.22,3.22,84661773.0,280670057.0,11812064188.000002,0.007167398657214272
2016-09-12,3.2,3.2,3.13,3.18,105294854.0,340802277.0,11812064188.000002,0.008914178955018729
2016-09-13,3.18,3.19,3.14,3.16,56831922.0,183286274.0,11812064188.000002,0.00481134551044314
2016-09-14,3.14,3.16,3.13,3.15,40906205.0,131323578.0,11812064188.000002,0.0034630869210444215
2016-09-19,3.15,3.17,3.15,3.17,26636752.0,86119158.0,11812064188.000002,0.0022550463302646586
2016-09-20,3.17,3.17,3.15,3.16,16591223.0,53471187.0,11812064188.000002,0.0014045998003342375
2016-09-21,3.15,3.17,3.15,3.16,20991546.0,67811510.0,11812064188.000002,0.0017771276608304861
2016-09-22,3.16,3.2,3.16,3.18,51778154.0,168173323.0,11812064188.000002,0.00438349751372008
2016-09-23,3.17,3.18,3.15,3.16,30631543.0,99136108.0,11812064188.000002,0.0025932421727879623
2016-09-26,3.16,3.16,3.11,3.12,38827803.0,124626667.0,11812064188.000002,0.0032871310536430683
2016-09-27,3.11,3.13,3.1,3.12,33010114.0,105122903.0,11812064188.000002,0.002794610110020848
2016-09-28,3.12,3.16,3.11,3.15,46311636.0,148509833.0,11812064188.000002,0.00392070642886012
2016-09-29,3.13,3.15,3.12,3.13,25211057.0,80758800.0,11812064188.000002,0.0021343481205945507
2016-09-30,3.13,3.14,3.12,3.13,20562548.0,65821491.0,11812064188.000002,0.0017408090298806289
2016-10-10,3.14,3.16,3.13,3.16,37532395.0,120729719.0,11812064188.000002,0.0031774628382166725
2016-10-11,3.16,3.17,3.15,3.16,40300095.0,130173119.0,11812064188.000002,0.0034117741284322924
2016-10-12,3.15,3.16,3.14,3.15,23368859.0,75168899.0,11812064188.000002,0.0019783890967796014
2016-10-13,3.15,3.16,3.14,3.15,27968234.0,89973847.0,11812064188.000002,0.0023677685419634968
2016-10-14,3.14,3.22,3.13,3.21,88811786.0,287806132.0,11812064188.000002,0.007518735471334876
2016-10-17,3.19,3.2,3.14,3.16,52257414.0,169202421.0,11812064188.000002,0.004424071285786683
2016-10-18,3.16,3.19,3.14,3.19,40532827.0,131449643.0,11812064188.000002,0.0034314770352482267
2016-10-19,3.18,3.24,3.17,3.2,78781746.0,258396414.0,11812064188.000002,0.006669600227878476
2016-10-20,3.19,3.2,3.17,3.19,53264931.0,173393073.0,11812064188.000002,0.004509366877138409
2016-10-21,3.19,3.2,3.15,3.17,57707723.0,186988263.0,11812064188.000002,0.0048854901295428
2016-10-24,3.16,3.2,3.15,3.19,69430323.0,225722345.0,11812064188.000002,0.005877916162234792
2016-10-25,3.19,3.2,3.18,3.2,50236580.0,163774689.0,11812064188.000002,0.0042529890796763415
2016-10-26,3.2,3.2,3.16,3.17,45386070.0,147483523.0,11812064188.000002,0.003842348744270132
2016-10-27,3.18,3.18,3.15,3.17,30646042.0,99128266.0,11812064188.000002,0.00259446964664598
2016-10-28,3.17,3.18,3.13,3.14,60526920.0,195060563.0,11812064188.000002,0.00512416111499715
2016-10-31,3.15,3.16,3.13,3.15,50256921.0,161641569.0,11812064188.000002,0.00425471113262799
2016-11-01,3.16,3.16,3.14,3.16,56367072.0,181420979.0,11812064188.000002,0.004771991677565035
2016-11-02,3.15,3.17,3.13,3.14,76867328.0,247443369.0,11812064188.000002,0.006507527116055661
2016-11-03,3.15,3.19,3.13,3.17,110178166.0,355414928.0,11812064188.000002,0.009327596281768527
2016-11-04,3.16,3.17,3.13,3.15,80875313.0,260437092.0,11812064188.000002,0.0068468399521704314
2016-11-07,3.14,3.15,3.13,3.14,65408088.0,209905638.0,11812064188.000002,0.0055373969324048165
2016-11-08,3.15,3.16,3.13,3.15,74405633.0,239187183.0,11812064188.000002,0.0062991219668099546
2016-11-09,3.14,3.15,3.12,3.14,101916240.0,326749590.0,11812064188.000002,0.008628148169355341
2016-11-10,3.14,3.19,3.14,3.19,129109309.0,418392560.0,11812064188.000002,0.010930291856283974
2016-11-11,3.17,3.2,3.16,3.2,149815842.0,487234980.0,11812064188.000002,0.012683290542240658
2016-11-14,3.2,3.28,3.19,3.25,212834483.0,701437836.0,11812064188.000002,0.01801839878386546
2016-11-15,3.24,3.28,3.23,3.24,147872596.0,491272787.0,11812064188.000002,0.012518776874767181
2016-11-16,3.23,3.33,3.21,3.3,220905460.0,737412114.0,11812064188.000002,0.01870168130515411
2016-11-17,3.29,3.31,3.26,3.3,158850023.0,533174808.0,11812064188.000002,0.013448117151393182
2016-11-18,3.29,3.3,3.23,3.24,112044233.0,373489144.0,11812064188.000002,0.009485576036221247
2016-11-21,3.24,3.27,3.22,3.25,81355833.0,270388262.0,11812064188.000002,0.0068875203948392215
2016-11-22,3.25,3.27,3.24,3.27,96213560.0,320190749.0,11812064188.000002,0.008145363796595717
2016-11-23,3.27,3.29,3.24,3.26,103919805.0,347170778.0,11812064188.000002,0.00879776839560127
2016-11-24,3.25,3.28,3.24,3.26,89051903.0,296133509.0,11812064188.000002,0.007539063586402515
2016-11-25,3.25,3.28,3.24,3.28,101646779.0,338568379.0,11812064188.000002,0.008605335814485669
2016-11-28,3.29,3.33,3.28,3.32,152095369.0,512980031.0,11812064188.000002,0.012876273492868016
2016-11-29,3.31,3.38,3.29,3.34,202952308.0,692424456.0,11812064188.000002,0.017181781674212485
2016-11-30,3.33,3.35,3.28,3.3,126447675.0,426821082.0,11812064188.000002,0.01070496002963305
2016-12-01,3.28,3.33,3.27,3.31,116862729.0,393526748.0,11812064188.000002,0.009893506091739838
2016-12-02,3.31,3.35,3.28,3.3,152451532.0,515877202.0,11812064188.000002,0.012906425970397036
2016-12-05,3.26,3.32,3.25,3.3,107292493.0,360164269.0,11812064188.000002,0.009083297490797549
2016-12-06,3.29,3.3,3.25,3.26,82001066.0,273778155.0,11812064188.000002,0.006942145309649242
2016-12-07,3.26,3.27,3.24,3.27,57182867.0,190165643.0,11812064188.000002,0.004841056236224373
2016-12-08,3.26,3.28,3.25,3.26,44954580.0,149951193.0,11812064188.000002,0.0038058191425737273
2016-12-09,3.25,3.27,3.24,3.26,56369927.0,187427463.0,11812064188.000002,0.004772233379604116
2016-12-12,3.26,3.26,3.17,3.2,112791966.0,369416237.0,11812064188.000002,0.009548878519859935
2016-12-13,3.19,3.2,3.16,3.19,51754060.0,167996097.0,11812064188.000002,0.00438145773476049
2016-12-14,3.18,3.19,3.15,3.16,51435528.0,166295879.0,11812064188.000002,0.0043544910678909015
2016-12-15,3.15,3.18,3.14,3.15,49725679.0,160596597.0,11812064188.000002,0.004209736605606734
2016-12-16,3.16,3.17,3.14,3.16,27635312.0,89162248.0,11812064188.000002,0.002339583629089571
2016-12-19,3.16,3.18,3.15,3.16,40348680.0,130655444.0,11812064188.000002,0.0034158872960570806
2016-12-20,3.16,3.17,3.14,3.16,43266210.0,139358627.0,11812064188.000002,0.0036628830754200092
2016-12-21,3.16,3.32,3.15,3.27,218003540.0,724341115.0,11812064188.000002,0.018456007056029382
2016-12-22,3.24,3.27,3.21,3.23,109799775.0,363055503.0,11812064188.000002,0.009295561999362205
2016-12-23,3.22,3.23,3.19,3.21,81169405.0,265665646.0,11812064188.000002,0.006871737547994434
2016-12-26,3.19,3.2,3.15,3.19,58342517.0,189015923.0,11812064188.000002,0.0049392312868796265
2016-12-27,3.18,3.19,3.17,3.18,28629765.0,93043197.0,11812064188.000002,0.00242377323254688
2016-12-28,3.18,3.2,3.17,3.19,38414710.0,125088809.0,11812064188.000002,0.0032521589273977955
2016-12-29,3.17,3.19,3.17,3.19,27864420.0,90584178.0,11812064188.000002,0.002358979730935407
2016-12-30,3.18,3.2,3.17,3.19,34298582.0,111656089.0,11812064188.000002,0.0029036907905431366
2017-01-03,3.18,3.21,3.18,3.21,29978017.0,98046088.0,11812064188.000002,0.002537915179165296
2017-01-04,3.2,3.22,3.2,3.22,46341562.0,152073275.0,11812064188.000002,0.003923239940321259
2017-01-05,3.22,3.23,3.21,3.23,51314323.0,168935795.0,11812064188.000002,0.004344229948575013
2017-01-06,3.23,3.23,3.2,3.2,39329654.0,128965725.0,11812064188.000002,0.00332961736187951
2017-01-09,3.2,3.24,3.18,3.22,66051539.0,216610064.0,11812064188.000002,0.005591870984506031
2017-01-10,3.22,3.4,3.2,3.28,239365147.0,804311831.0,11812064188.000002,0.020264463788062844
2017-01-11,3.25,3.26,3.21,3.22,116254782.0,384508144.0,11812064188.000002,0.009842037780162457
2017-01-12,3.21,3.23,3.21,3.22,49109849.0,161493258.0,11812064188.000002,0.004157600925492024
2017-01-13,3.21,3.24,3.2,3.22,62886373.0,206860648.0,11812064188.000002,0.005323910537489876
2017-01-16,3.22,3.26,3.18,3.24,152483417.0,501251735.0,11812064188.000002,0.012909125329246813
2017-01-17,3.23,3.24,3.21,3.23,36115847.0,118954517.0,11812064188.000002,0.0030575390063229137
2017-01-18,3.23,3.26,3.22,3.25,56163971.0,186427461.0,11812064188.000002,0.004754797307743854
2017-01-19,3.24,3.28,3.23,3.26,63862458.0,212612873.0,11812064188.000002,0.005406545120613088
2017-01-20,3.25,3.28,3.24,3.27,59535089.0,198568223.0,11812064188.000002,0.005040193487983439
2017-01-23,3.27,3.29,3.26,3.27,68492105.0,228867808.0,11812064188.000002,0.005798487369344118
2017-01-24,3.27,3.27,3.25,3.26,47047214.0,156633812.0,11812064188.000002,0.00398297987982454
2017-01-25,3.26,3.28,3.25,3.28,42199441.0,140853886.0,11812064188.000002,0.0035725712566708574
2017-01-26,3.28,3.28,3.26,3.27,51280081.0,171172421.0,11812064188.000002,0.004341331047971781
2017-02-03,3.26,3.27,3.24,3.25,32577445.0,108314092.0,11812064188.000002,0.0027579806951181117
2017-02-06,3.25,3.26,3.24,3.26,42135622.0,139833089.0,11812064188.000002,0.0035671683906701094
2017-02-07,3.25,3.26,3.24,3.25,28577254.0,94825188.0,11812064188.000002,0.0024193276928711517
2017-02-08,3.25,3.27,3.23,3.27,56532392.0,187677467.0,11812064188.000002,0.004785987537845573
2017-02-09,3.27,3.32,3.26,3.28,228746247.0,766362387.0,11812064188.000002,0.019365476123333777
2017-02-10,3.27,3.3,3.26,3.29,148227377.0,496989021.0,11812064188.000002,0.012548812353270627
2017-02-13,3.28,3.33,3.28,3.32,145412270.0,490943015.0,11812064188.000002,0.012310487623977342
2017-02-14,3.32,3.33,3.29,3.31,92678894.0,313176094.0,11812064188.000002,0.00784612177219232
2017-02-15,3.31,3.38,3.3,3.32,226241315.0,771369698.0,11812064188.000002,0.019153410563908117
2017-02-16,3.31,3.37,3.29,3.35,146544995.0,498369988.0,11812064188.000002,0.012406383225454919
2017-02-17,3.34,3.36,3.3,3.31,115881012.0,393689684.0,11812064188.000002,0.009810394707956693
2017-02-20,3.31,3.38,3.31,3.38,173520902.0,594979469.0,11812064188.000002,0.014690142149437495
2017-02-21,3.38,3.41,3.35,3.37,120724720.0,415910811.0,11812064188.000002,0.010220459191429512
2017-02-22,3.36,3.38,3.34,3.36,83110108.0,284898702.0,11812064188.000002,0.0070360359271017525
2017-02-23,3.35,3.38,3.33,3.34,91942734.0,314549817.0,11812064188.000002,0.007783799049568794
2017-02-24,3.34,3.45,3.32,3.42,254181056.0,879948686.0,11812064188.000002,0.02151876691105566
2017-02-27,3.37,3.38,3.33,3.34,135228321.0,463206285.0,11812064188.000002,0.011448322566463857
2017-02-28,3.33,3.35,3.32,3.34,55599253.0,189434907.0,11812064188.000002,0.004706988729072761
2017-03-01,3.34,3.39,3.33,3.35,98256563.0,337608524.0,11812064188.000002,0.008318322812690085
2017-03-02,3.35,3.36,3.32,3.32,68781600.0,234442608.0,11812064188.000002,0.005822995786788556
2017-03-03,3.32,3.32,3.29,3.32,72232328.0,243680023.0,11812064188.000002,0.006115131686583753
2017-03-06,3.31,3.34,3.3,3.33,55319042.0,187652027.0,11812064188.000002,0.00468326628771618
2017-03-07,3.33,3.34,3.3,3.31,57646122.0,195412168.0,11812064188.000002,0.004880275037665583
2017-03-08,3.31,3.34,3.3,3.32,60170768.0,203978452.0,11812064188.000002,0.0050940095687194206
2017-03-09,3.32,3.34,3.29,3.31,66059700.0,223289960.0,11812064188.000002,0.005592561888303209
2017-03-10,3.31,3.34,3.3,3.31,65145398.0,220929078.0,11812064188.000002,0.005515157805033085
2017-03-13,3.31,3.33,3.28,3.33,71593806.0,241815584.0,11812064188.000002,0.006061074919719188
2017-03-14,3.32,3.34,3.31,3.32,57522405.0,195254204.0,11812064188.000002,0.004869801254418987
2017-03-15,3.32,3.36,3.31,3.34,92114801.0,313592074.0,11812064188.000002,0.007798366105526279
2017-03-16,3.34,3.36,3.33,3.35,86135274.0,294060602.0,11812064188.000002,0.00729214408498607
2017-03-17,3.35,3.36,3.3,3.31,73197081.0,248792891.0,11812064188.000002,0.006196806911560951
2017-03-20,3.31,3.32,3.29,3.31,40826445.0,137786895.0,11812064188.000002,0.003456334502607597
2017-03-21,3.3,3.32,3.3,3.31,36714809.0,123982220.0,11812064188.000002,0.003108246654915654
2017-03-22,3.3,3.33,3.29,3.32,74974903.0,253080507.0,11812064188.000002,0.006347315914196248
2017-03-23,3.32,3.37,3.32,3.35,134376460.0,459234178.0,11812064188.000002,0.01137620468880574
2017-03-24,3.35,3.39,3.34,3.37,159141958.0,546282848.0,11812064188.000002,0.013472832137305346
2017-03-27,3.38,3.39,3.36,3.37,89976931.0,310076409.0,11812064188.000002,0.0076173757243385536
2017-03-28,3.38,3.38,3.33,3.34,70610344.0,241635231.0,11812064188.000002,0.005977815805617936
2017-03-29,3.31,3.4,3.3,3.37,200681999.0,685794024.0,11812064188.000002,0.016989579112165247
2017-03-30,3.35,3.36,3.31,3.34,130340343.0,443751573.0,11812064188.000002,0.011034510219849135
2017-03-31,3.33,3.41,3.31,3.38,168825428.0,580330282.0,11812064188.000002,0.014292627039015881
2017-04-05,3.35,3.39,3.34,3.39,123513804.0,424608964.0,11812064188.000002,0.010456580834150813
2017-04-06,3.38,3.41,3.36,3.4,131171038.0,452679326.0,11812064188.000002,0.011104836200708934
2017-04-07,3.39,3.45,3.36,3.37,261267959.0,908720706.0,11812064188.000002,0.022118738506807713
2017-04-10,3.35,3.41,3.33,3.38,160485524.0,551107317.0,11812064188.000002,0.013586577370874677
2017-04-11,3.36,3.38,3.33,3.37,109293671.0,374464046.0,11812064188.000002,0.00925271563551378
2017-04-12,3.37,3.38,3.34,3.36,92839245.0,318343195.0,11812064188.000002,0.007859696960867885
2017-04-13,3.36,3.51,3.35,3.44,245545026.0,856686732.0,11812064188.000002,0.02078764745026121
2017-04-14,3.45,3.45,3.37,3.39,178050834.0,619592722.0,11812064188.000002,0.015073642605234375
2017-04-17,3.38,3.39,3.34,3.37,81725622.0,280513492.0,11812064188.000002,0.0069188264387376
2017-04-18,3.36,3.39,3.33,3.34,58837801.0,201955363.0,11812064188.000002,0.004981161638096577
2017-04-19,3.33,3.34,3.28,3.33,96059828.0,324719314.0,11812064188.000002,0.008132348967218463
2017-04-20,3.32,3.33,3.28,3.32,67098212.0,226112695.0,11812064188.000002,0.005680481491809515
2017-04-21,3.31,3.34,3.29,3.33,65174776.0,220466247.0,11812064188.000002,0.005517644923248193
2017-04-24,3.32,3.33,3.26,3.32,108881004.0,365323599.0,11812064188.000002,0.009217779574091152
2017-04-25,3.3,3.31,3.28,3.3,46029926.0,155014499.0,11812064188.000002,0.0038968570833506203
2017-04-26,3.3,3.3,3.26,3.27,46997825.0,157534206.0,11812064188.000002,0.003978798646196452
2017-04-27,3.27,3.27,3.21,3.26,79262107.0,262748094.0,11812064188.000002,0.00671026720973318
2017-04-28,3.25,3.27,3.24,3.27,37984968.0,126437454.0,11812064188.000002,0.0032157773099971234
2017-05-02,3.25,3.26,3.23,3.25,40230274.0,133473474.0,11812064188.000002,0.0034058631378646206
2017-05-03,3.24,3.26,3.23,3.24,41049728.0,135963759.0,11812064188.000002,0.0034752374645663406
2017-05-04,3.23,3.24,3.19,3.2,51120203.0,167754418.0,11812064188.000002,0.004327795903101639
2017-05-05,3.22,3.23,3.19,3.19,55011591.0,180434196.0,11812064188.000002,0.004657237729531375
2017-05-08,3.18,3.19,3.17,3.18,39119313.0,127157075.0,11812064188.000002,0.0033118100593917967
2017-05-09,3.17,3.2,3.16,3.19,35623711.0,115670868.0,11812064188.000002,0.0030158751622930136
2017-05-10,3.19,3.19,3.14,3.14,48318845.0,156215514.0,11812064188.000002,0.004090635153260309
2017-05-11,3.14,3.14,3.06,3.12,58502593.0,185720045.0,11812064188.000002,0.00495278319427297
2017-05-12,3.11,3.14,3.1,3.13,39498341.0,126073661.0,11812064188.000002,0.003343898269713669
2017-05-15,3.13,3.15,3.11,3.12,39841470.0,127508202.0,11812064188.000002,0.0033729472991245136
2017-05-16,3.12,3.16,3.1,3.16,42024344.0,134450620.0,11812064188.000002,0.0035577476833128763
2017-05-17,3.15,3.18,3.15,3.16,37071169.0,119882714.0,11812064188.000002,0.003138415810308666
2017-05-18,3.15,3.16,3.11,3.12,30944884.0,99175494.0,11812064188.000002,0.002619769373708384
2017-05-19,3.12,3.13,3.09,3.1,50168169.0,159376482.0,11812064188.000002,0.004247197458592069
2017-05-22,3.11,3.12,3.09,3.1,29002582.0,92053554.0,11812064188.000002,0.002455335624527339
2017-05-23,3.1,3.11,3.08,3.08,26500130.0,83706078.0,11812064188.000002,0.0022434800199377307
2017-05-24,3.08,3.09,3.06,3.08,30121825.0,94741311.0,11812064188.000002,0.0025500898505615194
2017-05-25,3.08,3.13,3.06,3.13,57621225.0,182470637.0,11812064188.000002,0.004878167277361903
2017-05-26,3.13,3.21,3.12,3.16,74686473.0,242108799.0,11812064188.000002,0.00632289765880842
2017-05-31,3.17,3.19,3.15,3.16,39655308.0,128411616.0,11812064188.000002,0.003357186971629077
2017-06-01,3.17,3.2,3.16,3.18,61464515.0,199854405.0,11812064188.000002,0.005203537165201188
2017-06-02,3.18,3.18,3.14,3.17,49583006.0,160012236.0,11812064188.000002,0.004197658022411687
2017-06-05,3.17,3.19,3.15,3.19,41729395.0,135509490.0,11812064188.000002,0.0035327775345475455
2017-06-06,3.18,3.19,3.16,3.18,25518911.0,82749565.0,11812064188.000002,0.002160410796440213
2017-06-07,3.19,3.21,3.18,3.2,52156199.0,167751118.0,11812064188.000002,0.004415502504040405
2017-06-08,3.21,3.25,3.21,3.22,94791086.0,307914486.0,11812064188.000002,0.008024938274234849
2017-06-09,3.22,3.24,3.21,3.24,56333686.0,182912185.0,11812064188.000002,0.004769165245243924
2017-06-12,3.24,3.24,3.21,3.22,42219174.0,136882342.0,11812064188.000002,0.00357424183682399
2017-06-13,3.22,3.23,3.2,3.22,36894976.0,119398430.0,11812064188.000002,0.003123499450458624
2017-06-14,3.22,3.23,3.21,3.22,27273790.0,88266992.0,11812064188.000002,0.0023089774628644267
2017-06-15,3.22,3.23,3.21,3.23,25365507.0,82218345.0,11812064188.000002,0.00214742373528321
2017-06-16,3.22,3.23,3.21,3.22,17984426.0,58176090.0,11812064188.000002,0.0015225472630152623
2017-06-19,3.21,3.23,3.21,3.23,49409606.0,160070375.0,11812064188.000002,0.004182978115729825
2017-06-20,3.22,3.23,3.2,3.21,31125602.0,100606986.0,11812064188.000002,0.0026350688164750087
2017-06-21,3.22,3.23,3.2,3.22,32765266.0,105894116.0,11812064188.000002,0.002773881472239761
2017-06-22,3.22,3.26,3.21,3.22,87285350.0,284396110.0,11812064188.000002,0.007389508608383121
2017-06-23,3.21,3.21,3.17,3.2,62693852.0,201491525.0,11812064188.000002,0.005307611862090229
2017-06-26,3.19,3.22,3.18,3.22,55495498.0,179094059.0,11812064188.000002,0.0046982049129379476
2017-06-27,3.22,3.22,3.2,3.22,34933109.0,112736054.0,11812064188.000002,0.0029574093438714047
2017-06-28,3.21,3.21,3.19,3.2,34168921.0,110001271.0,11812064188.000002,0.0028927137929636855
2017-06-29,3.2,3.21,3.18,3.19,38803151.0,124704707.0,11812064188.000002,0.003285044034845368
2017-06-30,3.19,3.2,3.18,3.2,31184624.0,100074949.0,11812064188.000002,0.0026400655722545754
2017-07-03,3.19,3.21,3.19,3.21,33415443.0,107538872.0,11812064188.000002,0.002828924942174552
2017-07-04,3.2,3.21,3.19,3.2,20885478.0,67137597.0,11812064188.000002,0.0017681480279473738
2017-07-05,3.19,3.21,3.19,3.2,39153566.0,125970182.0,11812064188.000002,0.0033147098912463166
2017-07-06,3.21,3.21,3.18,3.21,57261176.0,184214113.0,11812064188.000002,0.004847685814150267
2017-07-07,3.2,3.22,3.19,3.21,48355611.0,156100498.0,11812064188.000002,0.004093747733704746
2017-07-10,3.21,3.24,3.2,3.22,70059336.0,227200345.0,11812064188.000002,0.005931167904689682
2017-07-11,3.22,3.24,3.2,3.23,56453898.0,182901968.0,11812064188.000002,0.0047793422979661845
2017-07-12,3.22,3.23,3.2,3.21,34533269.0,111518852.0,11812064188.000002,0.0029235592061108762
2017-07-13,3.21,3.24,3.2,3.23,45657932.0,148148705.0,11812064188.000002,0.003865364365898415
2017-07-14,3.22,3.25,3.21,3.24,52343439.0,170254593.0,11812064188.000002,0.004431354094162157
2017-07-17,3.24,3.24,3.19,3.2,82506434.0,266652225.0,11812064188.000002,0.006984929364320517
2017-07-18,3.19,3.21,3.18,3.21,44410324.0,142714764.0,11812064188.000002,0.0037597428606184606
2017-07-19,3.2,3.27,3.19,3.25,112177019.0,365263381.0,11812064188.000002,0.009496817593825962
2017-07-20,3.25,3.26,3.23,3.25,71762059.0,234612270.0,11812064188.000002,0.006075319085457038
2017-07-21,3.24,3.3,3.23,3.29,122954892.0,404862668.0,11812064188.000002,0.010409263786841857
2017-07-24,3.28,3.33,3.27,3.3,98405666.0,326806384.0,11812064188.000002,0.008330945754593116
2017-07-25,3.3,3.31,3.25,3.26,66218295.0,217665674.0,11812064188.000002,0.005605988415409379
2017-07-26,3.26,3.29,3.24,3.25,62179409.0,203962569.0,11812064188.000002,0.005264059525105587
2017-07-27,3.25,3.26,3.23,3.26,45236131.0,147907736.0,11812064188.000002,0.0038296550272691418
2017-07-28,3.25,3.26,3.23,3.24,35308110.0,115178103.0,11812064188.000002,0.0029891566315623204
2017-07-31,3.24,3.26,3.23,3.26,46293739.0,151149547.0,11812064188.000002,0.00391919128301303
2017-08-01,3.26,3.28,3.24,3.27,59983175.0,196910311.0,11812064188.000002,0.005078128093897215
2017-08-02,3.26,3.28,3.26,3.27,59665148.0,196257740.0,11812064188.000002,0.005051204179927708
2017-08-03,3.27,3.27,3.23,3.25,53173229.0,173865096.0,11812064188.000002,0.0045016034584386385
2017-08-04,3.25,3.29,3.24,3.27,77934735.0,256195288.0,11812064188.000002,0.00659789294737957
2017-08-07,3.26,3.29,3.25,3.28,51561617.0,169487077.0,11812064188.000002,0.0043651656627790745
2017-08-08,3.27,3.31,3.27,3.3,81105435.0,268863178.0,11812064188.000002,0.006866321898453266
2017-08-09,3.3,3.3,3.27,3.29,41747980.0,137860369.0,11812064188.000002,0.0035343509259297967
2017-08-10,3.29,3.37,3.29,3.32,142410547.0,476451146.0,11812064188.000002,0.012056364131908151
2017-08-11,3.31,3.31,3.25,3.26,98375546.0,324099595.0,11812064188.000002,0.00832839581924561
2017-08-14,3.25,3.29,3.25,3.28,50565431.0,166388421.0,11812064188.000002,0.004280829344914155
2017-08-15,3.28,3.28,3.26,3.26,35900015.0,118012355.0,11812064188.000002,0.0030392668401236084
2017-08-16,3.26,3.29,3.25,3.28,51148063.0,168143132.0,11812064188.000002,0.004330154508638875
2017-08-17,3.28,3.31,3.27,3.29,66776190.0,221403429.0,11812064188.000002,0.005653219364303711
2017-08-18,3.28,3.29,3.26,3.28,53530650.0,176401345.0,11812064188.000002,0.004531862437251428
2017-08-21,3.28,3.3,3.27,3.28,50468748.0,166452054.0,11812064188.000002,0.0042726442386989165
2017-08-22,3.28,3.28,3.26,3.26,41982113.0,137918435.0,11812064188.000002,0.0035541724402962578
2017-08-23,3.26,3.28,3.25,3.27,41861687.0,137418851.0,11812064188.000002,0.003543977270503467
2017-08-24,3.26,3.27,3.24,3.24,33239395.0,108890303.0,11812064188.000002,0.002814020857909682
2017-08-25,3.25,3.28,3.24,3.27,39429339.0,129465842.0,11812064188.000002,0.0033380566150374184
2017-08-28,3.26,3.29,3.25,3.29,81847175.0,269802640.0,11812064188.000002,0.0069291170194579026
2017-08-29,3.29,3.31,3.27,3.28,69485506.0,229696513.0,11812064188.000002,0.005882587911314522
2017-08-30,3.28,3.36,3.27,3.31,175663410.0,587070964.0,11812064188.000002,0.014871525180032315
2017-08-31,3.29,3.3,3.26,3.28,93175623.0,307630788.0,11812064188.000002,0.007888174455964951
2017-09-01,3.27,3.29,3.27,3.29,53492979.0,176571208.0,11812064188.000002,0.004528673240223675
2017-09-04,3.28,3.32,3.27,3.29,64516701.0,213925070.0,11812064188.000002,0.005461932814887951
2017-09-05,3.3,3.31,3.29,3.3,69381178.0,230490993.0,11812064188.000002,0.005873755585453477
2017-09-06,3.3,3.3,3.27,3.29,58135981.0,192138583.0,16436002728.0,0.0035371119098782373
2017-09-07,3.29,3.29,3.26,3.27,48018397.0,158268216.0,16436002728.0,0.0029215374196912827
2017-09-08,3.27,3.31,3.27,3.3,95909674.0,317601671.0,16436002728.0,0.005835340598758265
2017-09-11,3.29,3.31,3.28,3.29,63971210.0,211982994.0,16436002728.0,0.0038921391690340925
2017-09-12,3.29,3.29,3.27,3.28,49706947.0,164078612.0,16436002728.0,0.0030242722529681973
2017-09-13,3.28,3.29,3.27,3.28,25233150.0,83113197.0,16436002728.0,0.001535236420776043
2017-09-14,3.28,3.33,3.27,3.3,81049914.0,268927213.0,16436002728.0,0.00493124242805857
2017-09-15,3.29,3.3,3.27,3.29,50321500.0,166378153.0,16436002728.0,0.0030616629135911152
2017-09-18,3.28,3.29,3.28,3.28,23742913.0,78410835.0,16436002728.0,0.0014445673557568906
2017-09-19,3.28,3.29,3.27,3.27,35931300.0,118562698.0,16436002728.0,0.002186133733038889
2017-09-20,3.28,3.29,3.27,3.28,28918800.0,95402887.0,16436002728.0,0.001759478899984276
2017-09-21,3.28,3.29,3.27,3.27,26571016.0,87589398.0,16436002728.0,0.0016166349227196355
2017-09-22,3.27,3.28,3.24,3.27,64843449.0,212649221.0,16436002728.0,0.00394520797258899
2017-09-25,3.26,3.27,3.23,3.23,49028900.0,159986282.0,16436002728.0,0.002983018487608029
2017-09-26,3.24,3.24,3.22,3.23,27289220.0,88718447.0,16436002728.0,0.0016603319220378752
2017-09-27,3.23,3.23,3.22,3.22,19602808.0,63564965.0,16436002728.0,0.001192674905474742
2017-09-28,3.22,3.23,3.21,3.22,21859136.0,70704556.0,16436002728.0,0.001329954512769779
2017-09-29,3.21,3.23,3.21,3.23,35815324.0,116182839.0,16436002728.0,0.0021790775161521377
2017-10-09,3.24,3.26,3.23,3.24,43225690.0,141210502.0,16436002728.0,0.002629939329856748
2017-10-10,3.24,3.25,3.23,3.25,26307203.0,85794432.0,16436002728.0,0.0016005840005845003
2017-10-11,3.25,3.3,3.24,3.27,90267483.0,297412248.0,16436002728.0,0.0054920581660784454
2017-10-12,3.26,3.27,3.24,3.25,42628907.0,139432188.0,16436002728.0,0.0025936298323544545
2017-10-13,3.25,3.27,3.24,3.26,24265554.0,79471956.0,16436002728.0,0.0014763659024381733
2017-10-16,3.26,3.27,3.24,3.25,28462410.0,93167047.0,16436002728.0,0.001731711199555357
2017-10-17,3.24,3.25,3.23,3.24,23272201.0,75820571.0,16436002728.0,0.0014159282755748152
2017-10-18,3.24,3.25,3.23,3.24,29304005.0,95422661.0,16436002728.0,0.0017829155595160838
2017-10-19,3.23,3.24,3.21,3.23,36176618.0,117221134.0,16436002728.0,0.002201059381571551
2017-10-20,3.21,3.23,3.21,3.23,17612655.0,57142957.0,16436002728.0,0.0010715899292226012
2017-10-23,3.24,3.24,3.22,3.22,27279864.0,88529644.0,16436002728.0,0.001659762683874872
2017-10-24,3.22,3.24,3.21,3.24,25671102.0,83344343.0,16436002728.0,0.0015618823155989926
2017-10-25,3.23,3.24,3.22,3.24,21735666.0,70715979.0,16436002728.0,0.0013224423456058214
2017-10-26,3.23,3.24,3.22,3.23,32027549.0,103992201.0,16436002728.0,0.0019486215432076193
2017-10-27,3.23,3.26,3.21,3.24,58483794.0,190270201.0,16436002728.0,0.0035582735637034388
2017-10-30,3.23,3.23,3.19,3.19,53810891.0,173612951.0,16436002728.0,0.0032739645940998165
2017-10-31,3.19,3.21,3.19,3.21,28109638.0,90525344.0,16436002728.0,0.00171024783003431
2017-11-01,3.21,3.28,3.2,3.25,107098964.0,349259785.0,16436002728.0,0.006516119872476575
2017-11-02,3.24,3.27,3.21,3.22,54911381.0,178864150.0,16436002728.0,0.003340920655023634
2017-11-03,3.21,3.23,3.19,3.2,44842693.0,144433976.0,16436002728.0,0.002728321097416649
2017-11-06,3.2,3.21,3.19,3.21,25865947.0,83367819.0,16436002728.0,0.001573737083648408
2017-11-07,3.21,3.22,3.2,3.21,27418613.0,88606219.0,16436002728.0,0.0016682044566280264
2017-11-08,3.21,3.22,3.2,3.21,33569611.0,108470444.0,16436002728.0,0.002042443747153411
2017-11-09,3.2,3.22,3.2,3.22,34492054.0,111293158.0,16436002728.0,0.0020985670646817382
2017-11-10,3.21,3.23,3.2,3.22,41522985.0,134129385.0,16436002728.0,0.002526343277448013
2017-11-13,3.22,3.22,3.2,3.2,24430435.0,78795377.0,16436002728.0,0.0014863975994832896
2017-11-14,3.2,3.22,3.19,3.21,51491216.0,165907286.0,16436002728.0,0.0031328308258479864
2017-11-15,3.2,3.21,3.19,3.19,47873346.0,154106548.0,16436002728.0,0.0029127122203772855
2017-11-16,3.19,3.22,3.18,3.21,44706754.0,144214745.0,16436002728.0,0.0027200502908069366
2017-11-17,3.2,3.27,3.19,3.21,106009720.0,343762603.0,16436002728.0,0.006449848041178787
2017-11-20,3.2,3.2,3.09,3.15,78978941.0,250453126.0,16436002728.0,0.004805240197816058
2017-11-21,3.14,3.15,3.13,3.14,37693800.0,119170164.0,16436002728.0,0.0022933678354643797
2017-11-22,3.14,3.22,3.14,3.22,89688963.0,288005453.0,16436002728.0,0.005456859826824434
2017-11-23,3.2,3.21,3.15,3.15,51505268.0,165004215.0,16436002728.0,0.003133685778249282
2017-11-24,3.15,3.21,3.14,3.2,63412798.0,203009189.0,16436002728.0,0.0038581642415994126
2017-11-27,3.19,3.19,3.13,3.14,48404500.0,153945005.0,16436002728.0,0.0029450287153785387
2017-11-28,3.14,3.16,3.14,3.15,24173000.0,76562543.0,16436002728.0,0.0014707347279043358
2017-11-29,3.15,3.19,3.14,3.19,40676730.0,129657671.0,16436002728.0,0.002474855393562575
2017-11-30,3.18,3.21,3.16,3.17,38716588.0,124331603.0,16436002728.0,0.0023555963478907984
2017-12-01,3.16,3.17,3.14,3.16,31520950.0,100076500.0,16436002728.0,0.0019177990245950512
2017-12-04,3.16,3.19,3.14,3.17,35482646.0,113035286.0,16436002728.0,0.002158836706661807
2017-12-05,3.16,3.17,3.14,3.15,28753902.0,91279059.0,16436002728.0,0.001749446168624413
2017-12-06,3.15,3.16,3.13,3.15,33266142.0,105309374.0,16436002728.0,0.0020239800729242126
2017-12-07,3.15,3.18,3.14,3.16,46379776.0,147794537.0,16436002728.0,0.0028218403688257164
2017-12-08,3.16,3.18,3.14,3.17,51826801.0,165055512.0,16436002728.0,0.0031532485031600197
2017-12-11,3.17,3.19,3.16,3.18,30476255.0,97538566.0,16436002728.0,0.001854237645512272
2017-12-12,3.18,3.18,3.14,3.16,26029795.0,82702155.0,16436002728.0,0.0015837059308621453
2017-12-13,3.15,3.21,3.13,3.18,66634342.0,212288707.0,16436002728.0,0.0040541695631677675
2017-12-14,3.18,3.18,3.15,3.16,33202070.0,105800182.0,16436002728.0,0.002020081801485571
2017-12-15,3.16,3.16,3.13,3.14,28496638.0,90071856.0,16436002728.0,0.001733793701034971
2017-12-18,3.14,3.15,3.11,3.12,32214842.0,101439545.0,16436002728.0,0.00196001683214128
2017-12-19,3.12,3.15,3.12,3.15,21864440.0,68972243.0,16436002728.0,0.0013302772189707805
2017-12-20,3.14,3.22,3.11,3.16,130870373.0,417408679.0,16436002728.0,0.007962420983117276
2017-12-21,3.14,3.15,3.09,3.12,85677009.0,268828443.0,16436002728.0,0.005212764345313876
2017-12-22,3.11,3.13,3.1,3.11,29280759.0,91732302.0,16436002728.0,0.001781501225362902
2017-12-25,3.11,3.16,3.1,3.11,39360611.0,124050464.0,16436002728.0,0.0023947800235483143
2017-12-26,3.11,3.15,3.11,3.14,44877832.0,141682607.0,16436002728.0,0.0027304590259982827
2017-12-27,3.13,3.14,3.11,3.11,39173100.0,122974102.0,16436002728.0,0.002383371471049077
2017-12-28,3.11,3.19,3.11,3.17,113592958.0,361414182.0,16436002728.0,0.006911227740701553
2017-12-29,3.16,3.18,3.15,3.17,25463291.0,81115103.0,16436002728.0,0.0015492386696079892
2018-01-02,3.17,3.18,3.15,3.17,35415774.0,112847272.0,16436002728.0,0.0021547680775001635
2018-01-03,3.16,3.24,3.15,3.22,115490888.0,372621342.0,16436002728.0,0.007026701681136396
2018-01-04,3.21,3.21,3.17,3.19,69197073.0,221981873.0,16436002728.0,0.004210091355248892
2018-01-05,3.19,3.22,3.17,3.19,58089524.0,186622741.0,16436002728.0,0.003534285371043411
2018-01-08,3.22,3.26,3.21,3.23,101999341.0,331615536.0,16436002728.0,0.006205848385887418
2018-01-09,3.22,3.24,3.2,3.23,53930043.0,174791268.0,16436002728.0,0.0032812140453180876
2018-07-20,2.91,2.91,2.91,2.91,17258700.0,50222817.0,16436002728.0,0.0010500545835635858
2018-07-23,2.62,2.62,2.62,2.62,42048000.0,110165760.0,16436002728.0,0.002558286263141584
2018-07-24,2.5,2.67,2.49,2.6,265689014.0,685559965.0,16436002728.0,0.016165062661335425
2018-07-25,2.58,2.59,2.5,2.5,328069597.0,828740973.0,16436002728.0,0.0199604248325603
2018-07-26,2.52,2.54,2.49,2.52,273368401.0,688069174.0,16436002728.0,0.016632292262539955
2018-07-27,2.51,2.51,2.42,2.44,213714207.0,528123837.0,16436002728.0,0.013002809170621597
2018-07-30,2.43,2.48,2.42,2.45,101134927.0,247378147.0,16436002728.0,0.006153255671326267
2018-07-31,2.44,2.45,2.43,2.44,59968164.0,146309455.0,16436002728.0,0.003648585668450858
2018-08-01,2.45,2.45,2.4,2.41,87413263.0,212175715.0,16436002728.0,0.005318401587454397
2018-08-02,2.4,2.4,2.25,2.3,150428145.0,347511357.0,16436002728.0,0.009152355806301617
2018-08-03,2.28,2.29,2.24,2.25,78951303.0,178939875.0,16436002728.0,0.004803558645405939
2018-08-06,2.26,2.27,2.2,2.22,65936282.0,147222199.0,16436002728.0,0.0040116981659824415
2018-08-07,2.22,2.26,2.19,2.25,69081297.0,154024601.0,16436002728.0,0.004203047306770926
2018-08-08,2.25,2.28,2.23,2.25,69363953.0,156237145.0,16436002728.0,0.004220244675539823
2018-08-09,2.23,2.28,2.23,2.27,74953072.0,169451895.0,16436002728.0,0.004560298099264224
2018-08-10,2.26,2.27,2.24,2.26,51134245.0,115369349.0,16436002728.0,0.00311111198058448
2018-08-13,2.24,2.24,2.21,2.24,46771410.0,103998736.0,16436002728.0,0.002845668181857946
2018-08-14,2.23,2.25,2.22,2.25,36036203.0,80632071.0,16436002728.0,0.00219251624597321
2018-08-15,2.25,2.25,2.21,2.21,38666102.0,85960586.0,16436002728.0,0.002352524676460981
2018-08-16,2.2,2.23,2.16,2.19,59416314.0,130555180.0,16436002728.0,0.0036150099865084424
2018-08-17,2.2,2.21,2.15,2.16,50635908.0,110438421.0,16436002728.0,0.0030807921389388567
2018-08-20,2.16,2.17,2.11,2.14,57704782.0,123365781.0,16436002728.0,0.003510876881377943
2018-08-21,2.14,2.18,2.13,2.16,57913133.0,125147501.0,16436002728.0,0.0035235533820726682
2018-08-22,2.16,2.17,2.14,2.14,31518900.0,67722647.0,16436002728.0,0.0019176742984049959
2018-08-23,2.14,2.15,2.12,2.14,33751901.0,72101957.0,16436002728.0,0.002053534643341293
2018-08-24,2.13,2.17,2.12,2.15,51210562.0,109928986.0,16436002728.0,0.003115755262851037
2018-08-27,2.18,2.2,2.17,2.19,100571776.0,220180611.0,16436002728.0,0.0061189924134454066
2018-08-28,2.19,2.2,2.15,2.16,76294163.0,166190952.0,16436002728.0,0.004641892816799489
2018-08-29,2.16,2.16,2.12,2.13,74022479.0,157999828.0,16436002728.0,0.0045036789190778725
2018-08-30,2.11,2.13,2.09,2.1,80133798.0,168694233.0,16436002728.0,0.004875504058142184
2018-08-31,2.09,2.1,2.03,2.04,77011255.0,158768560.0,16436002728.0,0.0046855221597648785
2018-09-03,2.03,2.03,1.98,1.99,67839590.0,135611319.0,16436002728.0,0.004127499314929537
2018-09-04,1.99,2.02,1.98,2.01,45395601.0,90983386.0,16436002728.0,0.0027619611502415417
2018-09-05,2.0,2.02,1.99,2.0,40351645.0,80936233.0,16436002728.0,0.0024550765577118004
2018-09-06,1.99,2.0,1.97,1.98,41532652.0,82443989.0,16436002728.0,0.002526931437486678
2018-09-07,1.98,2.01,1.98,2.0,40356299.0,80557892.0,16436002728.0,0.0024553597165842475
2018-09-10,2.0,2.0,1.97,1.97,34326900.0,67974930.0,16436002728.0,0.002088518757758629
2018-09-11,1.97,1.98,1.95,1.96,28723485.0,56401822.0,16436002728.0,0.0017475955361742138
2018-09-12,1.97,1.97,1.95,1.97,19960924.0,39190739.0,16436002728.0,0.0012144634148785474
2018-09-13,1.98,1.99,1.96,1.98,35334636.0,69887964.0,16436002728.0,0.002149831475739823
2018-09-14,1.98,1.98,1.96,1.97,29221169.0,57660529.0,16436002728.0,0.0017778756479651517
2018-09-17,1.96,1.97,1.95,1.95,33789801.0,66226729.0,16436002728.0,0.002055840556806216
2018-09-18,1.95,1.98,1.95,1.98,30437060.0,59824407.0,16436002728.0,0.001851852941600461
2018-09-19,1.98,2.05,1.96,2.03,101482901.0,205175155.0,16436002728.0,0.006174427120720541
2018-09-20,2.03,2.04,2.0,2.02,46981049.0,94850680.0,16436002728.0,0.0028584230471052526
2018-09-21,2.02,2.11,2.01,2.09,109536021.0,226332113.0,16436002728.0,0.006664395401528921
2018-09-25,2.06,2.06,2.03,2.04,66708403.0,136588895.0,16436002728.0,0.00405867558578322
2018-09-26,2.04,2.06,2.03,2.05,51176933.0,104900339.0,16436002728.0,0.0031137092057557368
2018-09-27,2.06,2.06,2.02,2.03,41328600.0,84271443.0,16436002728.0,0.0025145164967388047
2018-09-28,2.03,2.07,2.02,2.06,47814424.0,97955381.0,16436002728.0,0.0029091272854648797
2018-10-08,2.03,2.03,1.99,1.99,52727992.0,106188772.0,16436002728.0,0.0032080788055707603
2018-10-09,2.0,2.01,1.98,1.99,25141851.0,50104843.0,16436002728.0,0.0015296816030073367
2018-10-10,2.0,2.0,1.98,1.98,25512994.0,50725277.0,16436002728.0,0.0015522627017174099
2018-10-11,1.96,1.96,1.79,1.81,84120918.0,157916716.0,16436002728.0,0.0051180885883338
2018-10-12,1.81,1.84,1.75,1.81,59775777.0,107937306.0,16436002728.0,0.0036368804501454204
2018-10-15,1.81,1.83,1.8,1.8,33217302.0,60454570.0,16436002728.0,0.002021008547498703
2018-10-16,1.81,1.83,1.78,1.79,33862203.0,61092283.0,16436002728.0,0.002060245642470789
2018-10-17,1.89,1.97,1.86,1.92,151910171.0,290830486.0,16436002728.0,0.009242525297298064
2018-10-18,1.9,1.9,1.82,1.83,74004318.0,137196299.0,16436002728.0,0.004502573966718071
2018-10-19,1.8,1.86,1.78,1.85,61618583.0,112219111.0,16436002728.0,0.0037490005337507022
2018-10-22,1.85,1.95,1.85,1.92,94167237.0,179938849.0,16436002728.0,0.005729327170260129
2018-10-23,1.92,1.96,1.9,1.94,85085516.0,164200146.0,16436002728.0,0.005176776702223969
2018-10-24,1.94,1.98,1.93,1.93,55373851.0,107848524.0,16436002728.0,0.003369058275079644
2018-10-25,1.89,1.92,1.87,1.92,47003871.0,89079094.0,16436002728.0,0.002859811584231808
2018-10-26,1.93,1.95,1.92,1.93,43757277.0,84604948.0,16436002728.0,0.002662282169463023
2018-10-29,1.93,1.94,1.9,1.92,37712300.0,72308040.0,16436002728.0,0.0022944934132770726
2018-10-30,1.91,1.96,1.89,1.93,62737946.0,120432726.0,16436002728.0,0.0038171048665695986
2018-10-31,1.93,1.95,1.91,1.94,50829263.0,98300202.0,16436002728.0,0.003092556252342817
2018-11-01,1.94,1.96,1.93,1.95,57575970.0,112147165.0,16436002728.0,0.0035030396960153147
2018-11-02,2.04,2.07,1.98,2.01,121482936.0,244430808.0,16436002728.0,0.00739127012877921
2018-11-05,2.0,2.01,1.98,2.0,69622911.0,138810150.0,16436002728.0,0.004236000209551681
2018-11-06,2.0,2.0,1.96,1.98,43041474.0,85142219.0,16436002728.0,0.0026187312518922575
2018-11-07,1.98,2.0,1.97,1.97,43308687.0,86066718.0,16436002728.0,0.0026349890369767527
2018-11-08,1.99,2.05,1.97,2.02,101900705.0,204348338.0,16436002728.0,0.006199847170042402
2018-11-09,2.0,2.0,1.95,1.96,61476315.0,121499932.0,16436002728.0,0.003740344657844961
2018-11-12,1.96,2.0,1.95,2.0,56710685.0,112413652.0,16436002728.0,0.003450393988033901
2018-11-13,1.98,2.09,1.97,2.08,146543301.0,299268748.0,16436002728.0,0.00891599395699492
2018-11-14,2.16,2.2,2.08,2.1,240662541.0,514922031.0,16436002728.0,0.01464240089167257
2018-11-15,2.12,2.12,2.06,2.1,122596384.0,255954017.0,16436002728.0,0.007459014580908264
2018-11-16,2.09,2.1,2.07,2.08,90075759.0,187900900.0,16436002728.0,0.005480393286048133
2018-11-19,2.08,2.09,2.05,2.08,64433027.0,133206207.0,16436002728.0,0.003920237059235416
2018-11-20,2.07,2.07,2.04,2.04,53862900.0,110621173.0,16436002728.0,0.0032771289279625387
2018-11-21,2.06,2.08,2.05,2.07,58761793.0,121318959.0,16436002728.0,0.003575187591073756
2018-11-22,2.06,2.09,2.04,2.08,62481855.0,129186584.0,16436002728.0,0.003801523766697686
2018-11-23,2.07,2.08,1.99,2.01,83513664.0,169148942.0,16436002728.0,0.005081142013789522
2018-11-26,2.04,2.05,2.01,2.02,39701447.0,80627915.0,16436002728.0,0.002415517182433021
2018-11-27,2.02,2.03,2.0,2.01,31960651.0,64258885.0,16436002728.0,0.001944551332152833
2018-11-28,2.0,2.09,1.99,2.06,98360438.0,200955244.0,16436002728.0,0.00598445008970675
2018-11-29,2.07,2.07,2.01,2.01,53547300.0,109141655.0,16436002728.0,0.0032579271788984337
2018-11-30,2.0,2.01,1.99,2.01,37979784.0,75957629.0,16436002728.0,0.0023107676865554727
2018-12-03,2.05,2.08,2.03,2.05,102751073.0,211060815.0,16436002728.0,0.006251585297254521
2018-12-04,2.05,2.08,2.04,2.07,71643787.0,147548952.0,16436002728.0,0.004358954435919464
2018-12-05,2.05,2.09,2.04,2.07,90847556.0,187648485.0,16436002728.0,0.0055273509930266786
2018-12-06,2.06,2.07,2.02,2.02,62444918.0,126978572.0,16436002728.0,0.003799276444121067
2018-12-07,2.03,2.04,2.01,2.03,31462998.0,63718865.0,16436002728.0,0.0019142731064652572
2018-12-10,2.01,2.02,2.0,2.01,34408920.0,69044810.0,16436002728.0,0.0020935090222017148
2018-12-11,2.01,2.02,2.0,2.01,28847765.0,57936987.0,16436002728.0,0.0017551569853937541
2018-12-12,2.02,2.02,1.99,2.01,28584500.0,57341554.0,16436002728.0,0.001739139404698692
2018-12-13,2.01,2.04,2.0,2.02,49371629.0,99733638.0,16436002728.0,0.0030038708204818934
2018-12-14,2.01,2.02,1.97,1.99,42914500.0,85658428.0,16436002728.0,0.0026110058942063713
2018-12-17,1.98,1.99,1.95,1.97,46792632.0,92222930.0,16436002728.0,0.0028469593717142146
2018-12-18,1.97,1.98,1.94,1.95,35153870.0,68731507.0,16436002728.0,0.002138833302826889
2018-12-19,1.97,1.97,1.94,1.95,20981906.0,41007496.0,16436002728.0,0.0012765820465736296
2018-12-20,1.93,1.94,1.91,1.93,26256967.0,50602300.0,16436002728.0,0.001597527539665665
2018-12-21,1.93,1.93,1.9,1.9,26268934.0,50181207.0,16436002728.0,0.0015982556364053677
2018-12-24,1.89,1.91,1.88,1.9,22803362.0,43303501.0,16436002728.0,0.0013874031525410197
2018-12-25,1.89,1.9,1.86,1.88,39573624.0,74324925.0,16436002728.0,0.0024077401698518386
2018-12-26,1.88,1.89,1.87,1.88,23713431.0,44662219.0,16436002728.0,0.0014427736106177652
2018-12-27,1.9,1.9,1.86,1.86,30993818.0,58337648.0,16436002728.0,0.0018857272362944816
2018-12-28,1.87,1.89,1.86,1.88,31738909.0,59629539.0,16436002728.0,0.0019310600956478497
2019-01-02,1.88,1.89,1.87,1.87,22464250.0,42227243.0,16436002728.0,0.0013667708853400478
2019-01-03,1.87,1.89,1.86,1.88,16349305.0,30667999.0,16436002728.0,0.0009947251330244486
2019-01-04,1.87,1.92,1.86,1.91,40694741.0,77103340.0,16436002728.0,0.002475951219615787
2019-01-07,1.91,1.93,1.9,1.92,51455129.0,98551837.0,16436002728.0,0.003130635219008708
2019-01-08,1.91,1.92,1.9,1.91,34598542.0,66041017.0,16436002728.0,0.0021050460122556875
2019-01-09,1.89,1.93,1.89,1.91,56657433.0,108333879.0,16436002728.0,0.003447154027510575
2019-01-10,1.91,1.92,1.89,1.91,37715035.0,71887826.0,16436002728.0,0.0022946598162672197
2019-01-11,1.91,1.96,1.9,1.95,86716632.0,167739573.0,16436002728.0,0.005276017133549846
2019-01-14,1.95,1.95,1.91,1.92,49266878.0,95113720.0,16436002728.0,0.0029974975555382495
2019-01-15,1.92,1.94,1.91,1.93,30838490.0,59364163.0,16436002728.0,0.0018762767632950225
2019-01-16,1.93,1.94,1.91,1.91,29029912.0,55783672.0,16436002728.0,0.0017662391811693547
2019-01-17,1.91,1.96,1.91,1.93,54647764.0,105698626.0,16436002728.0,0.003324881657929109
2019-01-18,1.92,1.95,1.92,1.94,51034376.0,98741194.0,16436002728.0,0.0031050357464992994
2019-01-21,1.94,1.95,1.93,1.94,33261771.0,64564809.0,16436002728.0,0.0020237141323501974
2019-01-22,1.94,1.99,1.93,1.95,84637453.0,166191120.0,16436002728.0,0.00514951563349485
2019-01-23,1.94,1.95,1.92,1.92,51746898.0,99781374.0,16436002728.0,0.0031483870413239324
2019-01-24,1.92,1.94,1.91,1.93,34144500.0,65716287.0,16436002728.0,0.0020774211689459144
2019-01-25,1.93,1.94,1.92,1.92,29661819.0,57206860.0,16436002728.0,0.0018046856946226225
2019-01-28,1.93,1.95,1.92,1.93,41110732.0,79568702.0,16436002728.0,0.002501260962312004
2019-01-29,1.93,1.93,1.88,1.91,41812042.0,79488192.0,16436002728.0,0.002543930096140101
2019-01-30,1.9,1.92,1.89,1.9,25033900.0,47651121.0,16436002728.0,0.001523113643523119
2019-01-31,1.88,1.89,1.83,1.85,65514181.0,122105156.0,16436002728.0,0.0039860166783978156
2019-02-01,1.84,1.88,1.84,1.87,31067158.0,57941649.0,16436002728.0,0.0018901893917962606
2019-02-11,1.87,1.9,1.87,1.9,34853137.0,65814397.0,16436002728.0,0.002120536092429882
2019-02-12,1.9,1.93,1.89,1.93,51721106.0,98910514.0,16436002728.0,0.0031468178033269064
2019-02-13,1.93,1.95,1.91,1.95,60630675.0,117229342.0,16436002728.0,0.0036888941918165395
2019-02-14,1.95,1.95,1.93,1.94,43933735.0,85273535.0,16436002728.0,0.0026730182348507093
2019-02-15,1.94,1.99,1.93,1.95,99159084.0,194417109.0,16436002728.0,0.006033041344722756
2019-02-18,1.95,2.0,1.95,2.0,86661508.0,171498685.0,16436002728.0,0.005272663276720283
2019-02-19,2.0,2.04,1.98,2.0,90062086.0,180689647.0,16436002728.0,0.005479561392781487
2019-02-20,2.0,2.03,1.98,2.02,85353861.0,171178324.0,16436002728.0,0.0051931033605021925
2019-02-21,2.02,2.04,1.99,2.01,99484029.0,200274518.0,16436002728.0,0.006052811662687381
2019-02-22,2.0,2.03,1.99,2.02,84749079.0,170103867.0,16436002728.0,0.005156307187490508
2019-02-25,2.03,2.17,2.03,2.16,278486869.0,589684727.0,16436002728.0,0.016943710317446962
2019-02-26,2.17,2.28,2.13,2.21,327380042.0,716420733.0,16436002728.0,0.01991847089695859
2019-02-27,2.19,2.26,2.18,2.22,249328715.0,552392398.0,16436002728.0,0.015169668630880017
2019-02-28,2.22,2.22,2.17,2.18,149035813.0,326498686.0,16436002728.0,0.009067643481593368
2019-03-01,2.18,2.19,2.14,2.16,130877830.0,282123203.0,16436002728.0,0.007962874682238857
2019-03-04,2.16,2.24,2.16,2.2,225241935.0,495434026.0,16436002728.0,0.013704179704003271
2019-03-05,2.19,2.26,2.18,2.24,196355535.0,434504783.0,16436002728.0,0.011946672086242307
2019-03-06,2.21,2.34,2.2,2.32,381010484.0,863925910.0,16436002728.0,0.023181456605073397
2019-03-07,2.3,2.55,2.28,2.46,493671269.0,1184286184.0,16436002728.0,0.03003596903515919
2019-03-08,2.4,2.41,2.23,2.24,341930483.0,799902796.0,16436002728.0,0.020803749467472103
2019-03-11,2.24,2.32,2.24,2.32,171357300.0,391577262.0,16436002728.0,0.010425728374215928
2019-03-12,2.32,2.43,2.31,2.35,246217315.0,580674282.0,16436002728.0,0.014980364695398218
2019-03-13,2.33,2.34,2.25,2.28,181915716.0,417157338.0,16436002728.0,0.01106812398431235
2019-03-14,2.25,2.32,2.24,2.26,160708605.0,366817409.0,16436002728.0,0.009777840005235608
2019-03-15,2.26,2.3,2.24,2.24,139125300.0,314955614.0,16436002728.0,0.008464667614284908
2019-03-18,2.25,2.29,2.23,2.28,129621998.0,293322721.0,16436002728.0,0.007886467296526966
2019-03-19,2.28,2.32,2.27,2.29,128832316.0,295253814.0,16436002728.0,0.007838421429592743
2019-03-20,2.29,2.29,2.24,2.27,110389676.0,250187697.0,16436002728.0,0.006716333516539436
2019-03-21,2.28,2.3,2.27,2.28,155172768.0,354463832.0,16436002728.0,0.00944102836729585
2019-03-22,2.28,2.29,2.25,2.28,110501243.0,250546767.0,16436002728.0,0.006723121480854502
2019-03-25,2.25,2.27,2.23,2.24,109453386.0,246314035.0,16436002728.0,0.006659367719228818
2019-03-26,2.25,2.26,2.14,2.15,136545017.0,299068556.0,16436002728.0,0.008307677922648736
2019-03-27,2.09,2.13,2.06,2.12,166926999.0,350011697.0,16436002728.0,0.010156179806153656
2019-03-28,2.11,2.15,2.09,2.11,100670999.0,213197573.0,16436002728.0,0.0061250293435702085
2019-03-29,2.11,2.19,2.1,2.18,157875422.0,341733656.0,16436002728.0,0.009605463360689702
2019-04-01,2.18,2.24,2.17,2.24,179195799.0,398241778.0,16436002728.0,0.010902638674714145
2019-04-02,2.23,2.24,2.21,2.22,120748348.0,268159396.0,16436002728.0,0.007346576293413232
2019-04-03,2.21,2.26,2.2,2.26,161734760.0,361138564.0,16436002728.0,0.009840273372823938
2019-04-04,2.49,2.49,2.41,2.44,806877866.0,1991995121.0,16436002728.0,0.04909209856879746
2019-04-08,2.38,2.4,2.28,2.32,476381669.0,1111087425.0,16436002728.0,0.028984034432438188
2019-04-09,2.31,2.35,2.28,2.33,221374199.0,513104451.0,16436002728.0,0.013468858740384117
2019-04-10,2.31,2.37,2.28,2.32,220690384.0,513356069.0,16436002728.0,0.013427254038114565
2019-04-11,2.32,2.32,2.26,2.27,150327964.0,344049529.0,16436002728.0,0.00914626058949873
2019-04-12,2.27,2.28,2.25,2.27,104655834.0,236975412.0,16436002728.0,0.006367474849691446
2019-04-15,2.29,2.31,2.25,2.25,123815708.0,282527326.0,16436002728.0,0.007533200745280383
2019-04-16,2.24,2.27,2.2,2.27,129040734.0,288055556.0,16436002728.0,0.007851102006704412
2019-04-17,2.26,2.29,2.25,2.28,124867013.0,282954224.0,16436002728.0,0.007597164290273534
2019-04-18,2.27,2.29,2.25,2.26,93401714.0,211876582.0,16436002728.0,0.005682751186265196
2019-04-19,2.26,2.27,2.23,2.25,93485036.0,210070184.0,16436002728.0,0.005687820667049478
2019-04-22,2.26,2.28,2.23,2.24,112757997.0,253828421.0,16436002728.0,0.006860427006860253
2019-04-23,2.24,2.24,2.2,2.21,78771744.0,174674230.0,16436002728.0,0.004792633908840028
2019-04-24,2.21,2.22,2.19,2.22,57648308.0,127466437.0,16436002728.0,0.0035074408877890763
2019-04-25,2.21,2.22,2.15,2.17,83668875.0,182981264.0,16436002728.0,0.005090585368269842
2019-04-26,2.15,2.16,2.12,2.12,74659200.0,159769987.0,16436002728.0,0.004542418326130616
2019-04-29,2.13,2.14,2.09,2.1,82394217.0,174292801.0,16436002728.0,0.005013032570238936
2019-04-30,2.12,2.23,2.11,2.19,131456177.0,286420720.0,16436002728.0,0.00799806249581927
2019-05-06,2.13,2.15,2.04,2.07,138027114.0,290020519.0,16436002728.0,0.008397851733430304
2019-05-07,2.09,2.11,2.06,2.08,72139924.0,150416686.0,16436002728.0,0.004389140425068443
2019-05-08,2.05,2.1,2.03,2.07,58766452.0,121448799.0,16436002728.0,0.0035754710541564226
2019-05-09,2.05,2.08,2.05,2.06,46655226.0,96062477.0,16436002728.0,0.0028385993098260574
2019-05-10,2.06,2.11,2.05,2.1,77943406.0,162694065.0,16436002728.0,0.004742236131855673
2019-05-13,2.09,2.09,2.05,2.06,51641432.0,107200760.0,16436002728.0,0.003141970274318879
2019-05-14,2.03,2.05,2.02,2.03,47976412.0,97700719.0,16436002728.0,0.0029189829664769086
2019-05-15,2.05,2.09,2.04,2.06,66131129.0,136266288.0,16436002728.0,0.004023553055715945
2019-05-16,2.06,2.09,2.05,2.07,45675796.0,94648504.0,16436002728.0,0.0027790087867403277
2019-05-17,2.08,2.08,2.02,2.03,57966700.0,118525391.0,16436002728.0,0.003526812507839832
2019-05-20,2.03,2.03,1.98,2.01,45302613.0,90732756.0,16436002728.0,0.002756303570260639
2019-05-21,2.01,2.04,1.99,2.03,39366610.0,79686859.0,16436002728.0,0.0023951450149698465
2019-05-22,2.03,2.11,2.01,2.08,100862959.0,207869466.0,16436002728.0,0.006136708582322888
2019-05-23,2.06,2.06,2.01,2.01,54754122.0,111279855.0,16436002728.0,0.0033313526960373476
2019-05-24,2.02,2.04,2.01,2.02,29745474.0,60276699.0,16436002728.0,0.0018097754358075329
2019-05-27,2.01,2.05,2.0,2.05,45643479.0,92429887.0,16436002728.0,0.002777042554406663
2019-05-28,2.04,2.05,2.02,2.03,36379122.0,74090224.0,16436002728.0,0.002213380138835421
2019-05-29,2.03,2.03,2.01,2.02,30133518.0,60920215.0,16436002728.0,0.0018333848259020561
2019-05-30,2.02,2.03,2.0,2.01,32055410.0,64415861.0,16436002728.0,0.001950316663393535
2019-05-31,2.01,2.02,2.0,2.01,23967186.0,48231746.0,16436002728.0,0.0014582125834750592
2019-06-03,2.02,2.03,2.01,2.02,37953749.0,76634274.0,16436002728.0,0.002309183663941772
2019-06-04,2.01,2.02,1.98,2.0,38697972.0,77092716.0,16436002728.0,0.0023544637124010095
2019-06-05,2.01,2.01,1.99,1.99,22732601.0,45398633.0,16436002728.0,0.0013830979086705344
2019-06-06,1.99,2.0,1.97,1.98,32991331.0,65484393.0,16436002728.0,0.0020072600099899423
2019-06-10,1.98,1.99,1.97,1.98,20717089.0,41017524.0,16436002728.0,0.0012604700390263892
2019-06-11,1.97,2.03,1.97,2.03,60025728.0,120700029.0,16436002728.0,0.0036520879798676072
2019-06-12,2.02,2.02,2.0,2.01,30151020.0,60554234.0,16436002728.0,0.0018344496833549077
2019-06-13,2.0,2.08,1.99,2.04,88795779.0,181001994.0,16436002728.0,0.0054025166866594355
2019-06-14,2.03,2.04,1.99,2.0,62299101.0,125167010.0,16436002728.0,0.00379040463980142
2019-06-17,2.0,2.01,1.99,2.0,20859221.0,41633669.0,16436002728.0,0.0012691176404141565
2019-06-18,2.0,2.0,1.98,2.0,21960901.0,43725526.0,16436002728.0,0.0013361461033702502
2019-06-19,2.02,2.04,2.01,2.02,49020709.0,98962131.0,16436002728.0,0.002982520130426204
2019-06-20,2.01,2.05,2.0,2.04,77572321.0,157529829.0,16436002728.0,0.004719658561984147
2019-06-21,2.05,2.07,2.04,2.05,73161886.0,150051012.0,16436002728.0,0.004451318681966575
2019-06-24,2.04,2.05,2.03,2.04,37567100.0,76636899.0,16436002728.0,0.00228565914849853
2019-06-25,2.04,2.04,2.01,2.03,37506053.0,75986153.0,16436002728.0,0.002281944924242775
2019-06-26,2.02,2.03,2.01,2.03,21895749.0,44296493.0,16436002728.0,0.0013321821225241645
2019-06-27,2.03,2.05,2.02,2.03,44278900.0,90243496.0,16436002728.0,0.0026940187789435857
2019-06-28,2.04,2.04,2.02,2.03,37817355.0,76653662.0,16436002728.0,0.0023008851742020715
2019-07-01,2.05,2.06,2.04,2.05,74783577.0,153480083.0,16436002728.0,0.004549985677028418
2019-07-02,2.05,2.06,2.04,2.05,47371281.0,97010476.0,16436002728.0,0.002882165559591893
2019-07-03,2.05,2.05,2.02,2.03,48756400.0,99178260.0,16436002728.0,0.0029664390306372796
2019-07-04,2.03,2.04,2.02,2.03,31380287.0,63753480.0,16436002728.0,0.001909240800169816
2019-07-05,2.04,2.04,2.02,2.04,26802802.0,54472128.0,16436002728.0,0.0016307372567138454
2019-07-08,2.03,2.04,1.99,2.0,52806756.0,106128302.0,16436002728.0,0.0032128709683188123
2019-07-09,2.0,2.01,1.98,1.99,30990058.0,61702213.0,16436002728.0,0.0018854984702093072
2019-07-10,1.99,2.0,1.98,1.98,22409800.0,44446671.0,16436002728.0,0.0013634580360480943
2019-07-11,1.99,2.0,1.98,1.99,25063272.0,49918391.0,16436002728.0,0.0015249006960374118
2019-07-12,1.99,2.0,1.98,1.99,18428074.0,36706580.0,16436002728.0,0.0011212016878414332
2019-07-15,1.99,2.0,1.97,1.99,32053024.0,63710658.0,16436002728.0,0.0019501714942767197
2019-07-16,2.0,2.01,1.99,2.0,24417674.0,48831150.0,16436002728.0,0.0014856211941607072
2019-07-17,2.0,2.01,1.99,2.0,20947002.0,41901248.0,16436002728.0,0.0012744584158723195
2019-07-18,2.0,2.0,1.98,1.98,17978569.0,35695219.0,16436002728.0,0.0010938528848849678
2019-07-19,1.99,2.0,1.98,1.99,17246652.0,34378523.0,16436002728.0,0.001049321558618325
2019-07-22,2.0,2.0,1.97,1.98,33143300.0,65640710.0,16436002728.0,0.0020165061145638427
2019-07-23,1.98,1.98,1.97,1.97,18412000.0,36335172.0,16436002728.0,0.0011202237128273126
2019-07-24,1.97,1.99,1.97,1.98,25655400.0,50855615.0,16436002728.0,0.0015609269738252139
2019-07-25,1.98,1.99,1.97,1.98,23242203.0,45974779.0,16436002728.0,0.0014141031359410224
2019-07-26,1.97,1.98,1.97,1.98,18778405.0,37085786.0,16436002728.0,0.0011425165419332486
2019-07-29,1.98,1.98,1.97,1.98,15240194.0,30069617.0,16436002728.0,0.000927244552839916
2019-07-30,1.98,1.99,1.97,1.98,44677588.0,88446338.0,16436002728.0,0.0027182757717536927
2019-07-31,1.98,1.98,1.96,1.97,35329909.0,69552320.0,16436002728.0,0.002149543875398169
2019-08-01,1.96,1.97,1.93,1.94,53124524.0,103565882.0,16436002728.0,0.003232204622934156
2019-08-02,1.91,1.93,1.9,1.91,56765093.0,108446692.0,16436002728.0,0.0034537042819600097
2019-08-05,1.9,1.91,1.88,1.88,48437670.0,91694921.0,16436002728.0,0.0029470468459756754
2019-08-06,1.85,1.86,1.82,1.84,66276841.0,121972818.0,16436002728.0,0.004032418471620979
2019-08-07,1.84,1.85,1.83,1.83,27700976.0,50967098.0,16436002728.0,0.0016853839986780514
2019-08-08,1.85,1.85,1.84,1.84,22852650.0,42189664.0,16436002728.0,0.0013904019352022098
2019-08-09,1.85,1.86,1.83,1.83,27947600.0,51561710.0,16436002728.0,0.001700389106920085
2019-08-12,1.83,1.85,1.83,1.85,27983513.0,51406856.0,16436002728.0,0.00170257412724372
2019-08-13,1.83,2.01,1.83,1.9,95999311.0,183492544.0,16436002728.0,0.005840794297049961
2019-08-14,1.88,1.9,1.86,1.89,67950714.0,127784784.0,16436002728.0,0.004134260326219143
2019-08-15,1.86,1.89,1.85,1.88,38705806.0,72333682.0,16436002728.0,0.0023549403489731523
2019-08-16,1.89,1.89,1.87,1.87,26495600.0,49727962.0,16436002728.0,0.0016120464591346593
2019-08-19,1.88,1.92,1.87,1.92,45913433.0,87232846.0,16436002728.0,0.0027934671075335684
2019-08-20,1.92,1.93,1.9,1.91,29273700.0,56080121.0,16436002728.0,0.0017810717413748046
2019-08-21,1.91,1.92,1.89,1.9,25309800.0,48213359.0,16436002728.0,0.0015398999634432284
2019-08-22,1.91,1.91,1.89,1.9,20385201.0,38675152.0,16436002728.0,0.001240277294750763
2019-08-23,1.9,1.91,1.9,1.9,17967245.0,34203072.0,16436002728.0,0.0010931639095795118
2019-08-26,1.87,1.88,1.86,1.87,31391750.0,58656419.0,16436002728.0,0.0019099382325193782
2019-08-27,1.88,1.92,1.87,1.9,47207264.0,89676992.0,16436002728.0,0.002872186430072732
2019-08-28,1.9,1.93,1.89,1.91,45995774.0,88027706.0,16436002728.0,0.0027984769022727555
2019-08-29,1.91,1.91,1.88,1.9,36871510.0,69890751.0,16436002728.0,0.002243338031161709
2019-08-30,1.9,1.91,1.87,1.87,33282594.0,62726922.0,16436002728.0,0.0020249810462309387
2019-09-02,1.87,1.9,1.86,1.89,42818736.0,80652909.0,16436002728.0,0.0026051794167115203
2019-09-03,1.89,1.9,1.88,1.89,31608710.0,59713412.0,16436002728.0,0.0019231385223702916
2019-09-04,1.89,1.91,1.88,1.9,48146693.0,91200568.0,16436002728.0,0.0029293432105592433
2019-09-05,1.91,1.93,1.9,1.91,96620431.0,185128750.0,16436002728.0,0.005878584507375363
2019-09-06,1.91,1.92,1.9,1.91,42917025.0,81835026.0,16436002728.0,0.002611159520367293
2019-09-09,1.91,1.92,1.9,1.92,55051230.0,105113583.0,16436002728.0,0.003349429354025111
2019-09-10,1.91,1.92,1.9,1.91,46623414.0,88929220.0,16436002728.0,0.002836663802724577
2019-09-11,1.92,1.92,1.9,1.9,49094401.0,93620309.0,16436002728.0,0.002987003702327446
2019-09-12,1.91,1.91,1.89,1.9,67205250.0,127701846.0,16436002728.0,0.0040889047727833885
2019-09-16,1.9,1.9,1.87,1.88,95506581.0,179766625.0,16436002728.0,0.005810815596744649
2019-09-17,1.89,1.89,1.85,1.86,72213793.0,134870823.0,16436002728.0,0.00439363476601146
2019-09-18,1.86,1.87,1.85,1.86,46745848.0,86831257.0,16436002728.0,0.002844112937531024
2019-09-19,1.86,1.86,1.85,1.86,36082531.0,66846116.0,16436002728.0,0.0021953349361843694
2019-09-20,1.86,1.87,1.85,1.85,44143149.0,82000258.0,16436002728.0,0.0026857594106381314
2019-09-23,1.85,1.86,1.83,1.84,63451373.0,116585525.0,16436002728.0,0.0038605112234439878
2019-09-24,1.84,1.85,1.83,1.84,58763598.0,107848985.0,16436002728.0,0.003575297410963048
2019-09-25,1.83,1.84,1.82,1.82,42144777.0,76893122.0,16436002728.0,0.002564174373626935
2019-09-26,1.83,1.83,1.79,1.8,63529370.0,114936306.0,16436002728.0,0.003865256720344346
2019-09-27,1.8,1.82,1.79,1.81,29620820.0,53482746.0,16436002728.0,0.001802191231663563
2019-09-30,1.8,1.84,1.8,1.81,63720966.0,115814745.0,16436002728.0,0.0038769138125930346
2019-10-08,1.81,1.82,1.8,1.8,28230121.0,51086648.0,16436002728.0,0.0017175782620130508
2019-10-09,1.8,1.81,1.79,1.8,52700071.0,94615414.0,16436002728.0,0.003206380034862209
2019-10-10,1.8,1.83,1.79,1.81,100661006.0,182079968.0,16436002728.0,0.0061244213490252225
2019-10-11,1.81,1.81,1.78,1.8,117523441.0,210808196.0,16436002728.0,0.007150366360051142
2019-10-14,1.81,1.83,1.8,1.83,133131031.0,241817518.0,16436002728.0,0.008099964036462529
2019-10-15,1.82,1.82,1.79,1.8,97449148.0,175394549.0,16436002728.0,0.005929005343494368
2019-10-16,1.8,1.81,1.77,1.78,100931788.0,180423680.0,16436002728.0,0.006140896279364502
2019-10-17,1.78,1.79,1.77,1.79,34280816.0,61064839.0,16436002728.0,0.0020857149130061887
2019-10-18,1.78,1.79,1.76,1.77,46518384.0,82523073.0,16436002728.0,0.0028302735628506766
2019-10-21,1.76,1.77,1.75,1.76,36784405.0,64705445.0,16436002728.0,0.0022380383849252426
2019-10-22,1.76,1.77,1.75,1.76,25670800.0,45177176.0,16436002728.0,0.001561863941301726
2019-10-23,1.76,1.77,1.75,1.76,20124372.0,35310605.0,16436002728.0,0.0012244079252747128
2019-10-24,1.76,1.77,1.75,1.76,41402778.0,72818647.0,16436002728.0,0.002519029637873397
2019-10-25,1.76,1.78,1.75,1.77,57493846.0,101524690.0,16436002728.0,0.00349804310399966
2019-10-28,1.77,1.79,1.76,1.78,49654074.0,88353016.0,16436002728.0,0.0030210553515795206
2019-10-29,1.78,1.79,1.76,1.76,29133300.0,51593291.0,16436002728.0,0.001772529518407123
2019-10-30,1.76,1.77,1.73,1.74,53242500.0,92892631.0,16436002728.0,0.0032393825239087656
2019-10-31,1.73,1.74,1.7,1.72,62515726.0,107719849.0,16436002728.0,0.003803584547567617
2019-11-01,1.71,1.74,1.71,1.73,35419704.0,60963670.0,16436002728.0,0.002155007186732806
2019-11-04,1.72,1.77,1.72,1.75,75930108.0,132720729.0,16436002728.0,0.004619742966496787
2019-11-05,1.74,1.75,1.72,1.74,54539271.0,94727553.0,16436002728.0,0.0033182807220570815
2019-11-06,1.74,1.74,1.71,1.71,43521381.0,74962364.0,16436002728.0,0.0026479297746682634
2019-11-07,1.71,1.72,1.71,1.71,23420770.0,40149642.0,16436002728.0,0.001424967517199356
2019-11-08,1.72,1.73,1.71,1.72,35833954.0,61572926.0,16436002728.0,0.0021802110034305415
2019-11-11,1.71,1.72,1.67,1.68,53032800.0,89820929.0,16436002728.0,0.0032266239472967797
2019-11-12,1.68,1.69,1.65,1.67,42346819.0,70708806.0,16436002728.0,0.00257646702186651
2019-11-13,1.66,1.67,1.64,1.65,38570966.0,63760066.0,16436002728.0,0.0023467364077697176
2019-11-14,1.65,1.66,1.63,1.64,35289781.0,58056640.0,16436002728.0,0.002147102405859372
2019-11-15,1.64,1.66,1.63,1.64,33075004.0,54384528.0,16436002728.0,0.002012350846331643
2019-11-18,1.65,1.66,1.64,1.65,32542815.0,53713076.0,16436002728.0,0.001979971379814923
2019-11-19,1.65,1.67,1.64,1.66,25889500.0,42967443.0,16436002728.0,0.0015751700963090763
2019-11-20,1.67,1.67,1.65,1.65,23937200.0,39643025.0,16436002728.0,0.0014563881739457934
2019-11-21,1.65,1.66,1.64,1.65,24299382.0,40059931.0,16436002728.0,0.0014784240671002157
2019-11-22,1.65,1.67,1.64,1.66,39218592.0,65069296.0,16436002728.0,0.002386139297311511
2019-11-25,1.66,1.7,1.66,1.69,58010832.0,97635872.0,16436002728.0,0.0035294975889225222
2019-11-26,1.69,1.7,1.67,1.68,42013867.0,70644581.0,16436002728.0,0.0025562095416561434
2019-11-27,1.68,1.68,1.66,1.67,24043128.0,40189279.0,16436002728.0,0.0014628330499751423
2019-11-28,1.67,1.67,1.65,1.66,31185196.0,51774387.0,16436002728.0,0.001897371064977594
2019-11-29,1.66,1.66,1.64,1.65,23741833.0,39231715.0,16436002728.0,0.0014445016463494468
2019-12-02,1.65,1.66,1.64,1.65,21459470.0,35453154.0,16436002728.0,0.0013056380164407088
2019-12-03,1.65,1.66,1.64,1.66,22908528.0,37829431.0,16436002728.0,0.0013938016669328944
2019-12-04,1.66,1.66,1.65,1.66,16205400.0,26820781.0,16436002728.0,0.0009859696586927945
2019-12-05,1.66,1.68,1.65,1.67,31073586.0,51809356.0,16436002728.0,0.0018905804844546385
2019-12-06,1.67,1.68,1.66,1.67,22358205.0,37297183.0,16436002728.0,0.0013603188907915591
2019-12-09,1.67,1.68,1.66,1.67,26043005.0,43374275.0,16436002728.0,0.0015845096542624522
2019-12-10,1.67,1.67,1.66,1.67,25362872.0,42252363.0,16436002728.0,0.001543128972398647
2019-12-11,1.67,1.69,1.66,1.67,65090942.0,109199973.0,16436002728.0,0.003960265952567199
2019-12-12,1.67,1.68,1.65,1.66,52283318.0,86836725.0,16436002728.0,0.003181023930528518
2019-12-13,1.67,1.68,1.66,1.68,59266916.0,99050859.0,16436002728.0,0.0036059203068294844
2019-12-16,1.68,1.69,1.67,1.68,75110350.0,126026829.0,16436002728.0,0.004569867214249346
2019-12-17,1.68,1.72,1.68,1.71,96661634.0,164722499.0,16436002728.0,0.005881091382111384
2019-12-18,1.71,1.76,1.71,1.73,99285562.0,172247995.0,16436002728.0,0.006040736524754853
2019-12-19,1.72,1.74,1.72,1.73,59151646.0,102305825.0,16436002728.0,0.0035989070444257475
2019-12-20,1.73,1.78,1.73,1.75,132962264.0,233369198.0,16436002728.0,0.008089695907234701
2019-12-23,1.75,1.76,1.69,1.7,90034923.0,154799658.0,16436002728.0,0.005477908740342234
2019-12-24,1.7,1.76,1.68,1.74,147250692.0,253251679.0,16436002728.0,0.008959033071292151
2019-12-25,1.74,1.74,1.71,1.72,63846264.0,109827422.0,16436002728.0,0.0038845371990132954
2019-12-26,1.72,1.73,1.71,1.72,38885282.0,66734627.0,16436002728.0,0.0023658600356494175
2019-12-27,1.71,1.73,1.71,1.71,73587717.0,126534101.0,16436002728.0,0.0044772271103750575
2019-12-30,1.71,1.74,1.7,1.73,83867671.0,144490935.0,16436002728.0,0.005102680523234822
2019-12-31,1.72,1.74,1.72,1.73,53779116.0,93016545.0,16436002728.0,0.0032720313381539613
2020-01-02,1.74,1.76,1.73,1.74,79472588.0,138691756.0,16436002728.0,0.004835274690275654
2020-01-03,1.75,1.79,1.74,1.76,100406622.0,177077414.0,16436002728.0,0.006108944106522297
2020-01-06,1.75,1.77,1.74,1.76,80510299.0,141519991.0,16436002728.0,0.00489841114852363
2020-01-07,1.76,1.82,1.75,1.81,138667779.0,247831184.0,16436002728.0,0.008436831101504305
2020-01-08,1.78,1.79,1.76,1.77,120527442.0,214248454.0,16436002728.0,0.007333135920856973
2020-01-09,1.78,1.79,1.76,1.78,104054003.0,184867478.0,16436002728.0,0.006330858221551398
2020-01-10,1.78,1.79,1.75,1.76,66100803.0,116478515.0,16436002728.0,0.004021707959891743
2020-01-13,1.76,1.76,1.73,1.74,57514137.0,100159955.0,16436002728.0,0.003499277649913031
2020-01-14,1.75,1.77,1.74,1.75,60799822.0,106813842.0,16436002728.0,0.0036991854410210584
2020-01-15,1.75,1.76,1.73,1.73,41794376.0,72540969.0,16436002728.0,0.002542855260592045
2020-01-16,1.74,1.74,1.71,1.72,43218221.0,74504706.0,16436002728.0,0.0026294849006306396
2020-01-17,1.72,1.74,1.71,1.72,48150570.0,82906373.0,16436002728.0,0.0029295790951635575
2020-01-20,1.71,1.77,1.7,1.75,118382542.0,205921642.0,16436002728.0,0.007202635820832896
2020-01-21,1.75,1.76,1.72,1.72,57351703.0,99346234.0,16436002728.0,0.0034893948333494097
2020-01-22,1.72,1.73,1.69,1.72,65894381.0,112693140.0,16436002728.0,0.004009148823499757
2020-01-23,1.71,1.72,1.64,1.67,109582979.0,184062318.0,16436002728.0,0.006667252422227756
2020-02-03,1.5,1.5,1.5,1.5,39571300.0,59356950.0,16436002728.0,0.0024075987729417466
2020-02-04,1.4,1.47,1.4,1.45,162567532.0,233651053.0,16436002728.0,0.009890940923431076
2020-02-05,1.45,1.5,1.44,1.48,104173339.0,153910389.0,16436002728.0,0.006338118867705751
2020-02-06,1.48,1.5,1.46,1.49,107339208.0,158486305.0,16436002728.0,0.0065307368084783395
2020-02-07,1.48,1.5,1.47,1.48,71000478.0,105195264.0,16436002728.0,0.0043198142014813125
2020-02-10,1.47,1.51,1.47,1.5,71897523.0,106920545.0,16436002728.0,0.004374392252777922
2020-02-11,1.5,1.54,1.49,1.52,75102710.0,113898716.0,16436002728.0,0.004569402381033725
2020-02-12,1.51,1.53,1.5,1.53,52499110.0,79664473.0,16436002728.0,0.0031941531568721216
2020-02-13,1.52,1.54,1.51,1.52,64552307.0,98236823.0,16436002728.0,0.00392749429823531
2020-02-14,1.52,1.53,1.5,1.52,56031919.0,84736077.0,16436002728.0,0.0034090964772441478
2020-02-17,1.51,1.56,1.51,1.56,105508965.0,162233349.0,16436002728.0,0.006419381083470942
2020-02-18,1.55,1.58,1.54,1.57,82098640.0,128019920.0,16436002728.0,0.004995049061420428
2020-02-19,1.56,1.63,1.55,1.6,172159444.0,274338302.0,16436002728.0,0.010474532454701597
2020-02-20,1.72,1.76,1.72,1.76,323616698.0,567480744.0,16436002728.0,0.01968950135598931
2020-02-21,1.8,1.9,1.77,1.81,561909768.0,1028194912.0,16436002728.0,0.03418773878899054
2020-02-24,1.77,1.77,1.7,1.72,256335113.0,442035254.0,16436002728.0,0.015595952205782573
2020-02-25,1.66,1.89,1.63,1.88,437616309.0,771864075.0,16436002728.0,0.026625470696380868
2020-02-26,1.86,2.03,1.82,1.94,568073934.0,1104397338.0,16436002728.0,0.03456277924755039
2020-02-27,1.95,1.96,1.87,1.89,243580612.0,463891542.0,16436002728.0,0.014819942295643552
2020-02-28,1.83,1.85,1.78,1.78,200052716.0,361481958.0,16436002728.0,0.012171616135059089
2020-03-02,1.88,1.9,1.8,1.82,238666401.0,439278452.0,16436002728.0,0.014520951654103425
2020-03-03,1.8,1.88,1.75,1.78,341988131.0,614570701.0,16436002728.0,0.02080725688962054
2020-03-04,1.75,1.78,1.73,1.75,177518713.0,310338973.0,16436002728.0,0.010800601334628837
2020-03-05,1.75,1.78,1.75,1.77,144865640.0,255270307.0,16436002728.0,0.00881392163273435
2020-03-06,1.74,1.76,1.73,1.74,117476017.0,204699871.0,16436002728.0,0.007147480986959836
2020-03-09,1.72,1.79,1.72,1.75,187877748.0,330915795.0,16436002728.0,0.01143086619716458
2020-03-10,1.73,1.77,1.68,1.75,205913940.0,354312904.0,16436002728.0,0.012528224983146888
2020-03-11,1.75,1.93,1.73,1.87,572138659.0,1063066993.0,16436002728.0,0.03481008542456114
2020-03-12,1.81,1.85,1.77,1.78,291355840.0,524258767.0,16436002728.0,0.017726684816354577
2020-03-13,1.69,1.81,1.68,1.78,239736953.0,418708179.0,16436002728.0,0.014586086225916084
2020-03-16,1.8,1.81,1.71,1.72,198510555.0,349010269.0,16436002728.0,0.012077787907750949
2020-03-17,1.71,1.75,1.67,1.7,141377022.0,240568853.0,16436002728.0,0.008601666983125606
2020-03-18,1.71,1.72,1.66,1.66,137015050.0,231093926.0,16436002728.0,0.008336275691082983
2020-03-19,1.65,1.66,1.58,1.61,132258211.0,213879732.0,16436002728.0,0.008046859883680106
2020-03-20,1.63,1.69,1.61,1.66,126305137.0,208831033.0,16436002728.0,0.007684662693857397
2020-03-23,1.64,1.64,1.6,1.6,81063013.0,131060594.0,16436002728.0,0.0049320393979920005
2020-03-24,1.63,1.64,1.6,1.62,73111207.0,118296915.0,16436002728.0,0.00444823526802228
2020-03-25,1.66,1.67,1.64,1.66,100624156.0,166691579.0,16436002728.0,0.0061221793197064256
2020-03-26,1.64,1.69,1.63,1.64,98891390.0,163533799.0,16436002728.0,0.00601675429461513
2020-03-27,1.65,1.66,1.61,1.61,79025903.0,128628192.0,16436002728.0,0.004808097461883069
2020-03-30,1.59,1.6,1.55,1.56,86091331.0,134668805.0,16436002728.0,0.005237972542638775
2020-03-31,1.58,1.58,1.55,1.55,56215426.0,87778002.0,16436002728.0,0.003420261418199492
2020-04-01,1.55,1.57,1.54,1.54,51037500.0,79302855.0,16436002728.0,0.0031052258170445345
2020-04-02,1.53,1.57,1.53,1.56,56164987.0,87066876.0,16436002728.0,0.003417192606345739
2020-04-03,1.56,1.59,1.54,1.57,85785650.0,134455209.0,16436002728.0,0.005219374285808405
2020-04-07,1.58,1.61,1.57,1.59,93153045.0,147956353.0,16436002728.0,0.005667621656043327
2020-04-08,1.58,1.62,1.57,1.59,80192953.0,127801903.0,16436002728.0,0.004879103169250824
2020-04-09,1.6,1.6,1.58,1.59,56901494.0,90557310.0,16436002728.0,0.003462003197594018
2020-04-10,1.59,1.6,1.56,1.58,61644336.0,97082268.0,16436002728.0,0.003750567398908015
2020-04-13,1.57,1.58,1.54,1.56,51969947.0,80852822.0,16436002728.0,0.0031619577983803314
2020-04-14,1.57,1.58,1.56,1.57,55966023.0,87816656.0,16436002728.0,0.0034050872299173788
2020-04-15,1.57,1.57,1.55,1.56,64577958.0,100718066.0,16436002728.0,0.0039290549575041415
2020-04-16,1.55,1.55,1.53,1.53,65113087.0,100017255.0,16436002728.0,0.0039616132996300145
2020-04-17,1.54,1.58,1.53,1.56,101096610.0,156769895.0,16436002728.0,0.006150924386729026
2020-04-20,1.55,1.56,1.53,1.53,65332250.0,100379357.0,16436002728.0,0.003974947624503704
2020-04-21,1.52,1.53,1.47,1.49,96734869.0,144785155.0,16436002728.0,0.005885547149198551
2020-04-22,1.48,1.5,1.47,1.49,69478429.0,102953768.0,16436002728.0,0.00422720962936068
2020-04-23,1.49,1.5,1.47,1.47,61332950.0,90789156.0,16436002728.0,0.0037316220382170285
2020-04-24,1.48,1.48,1.45,1.45,63159000.0,92475799.0,16436002728.0,0.00384272265253423
2020-04-27,1.45,1.46,1.44,1.44,44132922.0,64002696.0,16436002728.0,0.0026851371790548658
2020-04-28,1.44,1.45,1.38,1.4,93067175.0,131036489.0,16436002728.0,0.005662397149731113
2020-04-29,1.4,1.41,1.38,1.4,50916261.0,71096833.0,16436002728.0,0.0030978493884805834
2020-04-30,1.41,1.47,1.41,1.46,99534472.0,143702804.0,16436002728.0,0.006055880717909309
2020-05-06,1.43,1.48,1.42,1.47,84916570.0,122992159.0,16436002728.0,0.00516649768227028
2020-05-07,1.46,1.47,1.44,1.44,56786290.0,82268856.0,16436002728.0,0.00345499395076518
2020-05-08,1.45,1.49,1.44,1.47,74097153.0,108551829.0,16436002728.0,0.004508222237866253
2020-05-11,1.47,1.48,1.45,1.46,52520923.0,76848815.0,16436002728.0,0.0031954803043763524
2020-05-12,1.46,1.46,1.44,1.44,39363899.0,57014230.0,16436002728.0,0.0023949800721887542
2020-05-13,1.44,1.44,1.42,1.44,56930562.0,81580316.0,16436002728.0,0.0034637717541269562
2020-05-14,1.43,1.47,1.42,1.45,79922325.0,115460234.0,16436002728.0,0.004862637608586311
2020-05-15,1.45,1.46,1.43,1.44,37510015.0,54137738.0,16436002728.0,0.002282185980420823
2020-05-18,1.44,1.45,1.42,1.43,51301704.0,73687885.0,16436002728.0,0.0031213005284188465
2020-05-19,1.44,1.47,1.43,1.45,57893269.0,83845801.0,16436002728.0,0.0035223448157120554
2020-05-20,1.45,1.52,1.43,1.5,148081690.0,219346705.0,16436002728.0,0.009009592688113358
2020-05-21,1.49,1.55,1.49,1.5,105382195.0,159814447.0,16436002728.0,0.006411668137562018
2020-05-22,1.49,1.54,1.47,1.52,94782959.0,142611956.0,16436002728.0,0.0057667889552324
2020-05-25,1.51,1.54,1.5,1.5,59644402.0,90214775.0,16436002728.0,0.003628887326624201
2020-05-26,1.51,1.53,1.5,1.52,70136004.0,106151709.0,16436002728.0,0.004267217836397526
2020-05-27,1.53,1.57,1.52,1.55,95647856.0,147490889.0,16436002728.0,0.0058194110565007685
2020-05-28,1.55,1.57,1.53,1.54,62658846.0,96899014.0,16436002728.0,0.003812292260894787
2020-05-29,1.55,1.65,1.53,1.62,241934668.0,387807851.0,16436002728.0,0.01471979969849029
2020-06-01,1.63,1.71,1.58,1.69,212029845.0,346760345.0,16436002728.0,0.012900329143824659
2020-06-02,1.78,1.79,1.69,1.7,474112075.0,821230258.0,16436002728.0,0.028845947694588384
2020-06-03,1.67,1.67,1.62,1.64,214491671.0,352830797.0,16436002728.0,0.01305011166946309
2020-06-04,1.62,1.63,1.6,1.61,95605111.0,154309869.0,16436002728.0,0.005816810363333008
2020-06-05,1.62,1.68,1.61,1.65,148617293.0,245539673.0,16436002728.0,0.009042179869368052
2020-06-08,1.66,1.69,1.63,1.68,153771929.0,255520584.0,16436002728.0,0.009355798459319895
2020-06-09,1.68,1.71,1.63,1.7,175058807.0,292458431.0,16436002728.0,0.01065093562571475
2020-06-10,1.67,1.68,1.65,1.65,98620999.0,164260424.0,16436002728.0,0.006000303153515028
2020-06-11,1.66,1.7,1.63,1.64,132504170.0,220634344.0,16436002728.0,0.008061824531962927
2020-06-12,1.61,1.64,1.59,1.63,113504344.0,183068187.0,16436002728.0,0.006905836283820797
2020-06-15,1.61,1.62,1.57,1.58,109492651.0,174252810.0,16436002728.0,0.006661756682083705
2020-06-16,1.59,1.6,1.58,1.59,68716201.0,109230702.0,16436002728.0,0.0041808341199004945
2020-06-17,1.58,1.59,1.55,1.57,78184598.0,122367865.0,16436002728.0,0.004756910746115082
2020-06-18,1.56,1.58,1.55,1.58,79575458.0,124521953.0,16436002728.0,0.004841533511334667
2020-06-19,1.57,1.58,1.56,1.57,67873996.0,106549765.0,16436002728.0,0.00412959264629297
2020-06-22,1.57,1.58,1.55,1.55,73237755.0,114015204.0,16436002728.0,0.004455934706997452
2020-06-23,1.55,1.55,1.51,1.51,96861523.0,147543963.0,16436002728.0,0.005893253037430379
2020-06-24,1.51,1.52,1.5,1.51,62016074.0,93452764.0,16436002728.0,0.003773184698634226
2020-06-29,1.5,1.51,1.46,1.47,90329486.0,133572827.0,16436002728.0,0.005495830555328197
2020-06-30,1.48,1.51,1.47,1.5,64437260.0,96615311.0,16436002728.0,0.003920494603607369
2020-07-01,1.5,1.55,1.49,1.54,92408669.0,140603492.0,16436002728.0,0.005622332298751368
2020-07-02,1.55,1.61,1.55,1.59,146663944.0,232252663.0,16436002728.0,0.008923334123700688
2020-07-03,1.59,1.63,1.57,1.61,174185816.0,278943174.0,16436002728.0,0.010597821068942815
2020-07-06,1.62,1.71,1.61,1.69,358933590.0,596052922.0,16436002728.0,0.02183825325050165
2020-07-07,1.72,1.74,1.67,1.68,331774790.0,567677787.0,16436002728.0,0.020185856347833042
2020-07-08,1.67,1.72,1.66,1.7,243630403.0,412652949.0,16436002728.0,0.014822971681852839
2020-07-09,1.71,1.72,1.68,1.7,277329038.0,471451529.0,16436002728.0,0.01687326551288219
2020-07-10,1.71,1.78,1.68,1.73,358165413.0,619764450.0,16436002728.0,0.02179151579172213
2020-07-13,1.74,1.79,1.72,1.75,329191396.0,574810877.0,16436002728.0,0.020028677376598206
2020-07-14,1.75,1.75,1.67,1.69,248230629.0,424366986.0,16436002728.0,0.015102858834229807
2020-07-15,1.71,1.74,1.66,1.66,257780317.0,438965423.0,16436002728.0,0.015683881371037454
2020-07-16,1.67,1.69,1.6,1.6,228382151.0,374707543.0,16436002728.0,0.01389523686382294
2020-07-17,1.61,1.63,1.58,1.59,150563600.0,240097792.0,16436002728.0,0.009160597165362067
2020-07-20,1.59,1.64,1.59,1.64,131464551.0,213049940.0,16436002728.0,0.007998571987095134
2020-07-21,1.64,1.66,1.62,1.63,100066741.0,163732221.0,16436002728.0,0.006088265051789544
2020-07-22,1.64,1.67,1.62,1.65,154119787.0,254630165.0,16436002728.0,0.009376962851037073
2020-07-23,1.63,1.64,1.58,1.62,147802855.0,237695891.0,16436002728.0,0.008992627796794316
2020-07-24,1.62,1.62,1.56,1.58,117963320.0,187453623.0,16436002728.0,0.007177129497492743
2020-07-27,1.58,1.59,1.54,1.56,105306525.0,164297572.0,16436002728.0,0.006407064220097883
2020-07-28,1.55,1.58,1.55,1.56,94836105.0,148152052.0,16436002728.0,0.00577002246649907
2020-07-29,1.55,1.59,1.54,1.58,109157602.0,170677736.0,16436002728.0,0.006641371616107217
2020-07-30,1.58,1.6,1.56,1.59,131477985.0,207898065.0,16436002728.0,0.00799938933911328
2020-07-31,1.58,1.6,1.56,1.58,118685354.0,187669042.0,16436002728.0,0.007221059521839233
2020-08-03,1.58,1.6,1.57,1.59,167047084.0,264853912.0,16436002728.0,0.010163486022998913
2020-08-04,1.59,1.6,1.56,1.57,135453658.0,213002273.0,16436002728.0,0.008241277410428037
2020-08-05,1.57,1.59,1.55,1.58,123884927.0,194545898.0,16436002728.0,0.007537412170719128
2020-08-06,1.58,1.68,1.57,1.66,347398719.0,568183208.0,16436002728.0,0.02113644812240019
2020-08-07,1.65,1.74,1.63,1.69,383450583.0,649091217.0,16436002728.0,0.02332991721562338
2020-08-10,1.68,1.69,1.65,1.67,197700244.0,330019494.0,16436002728.0,0.012028486930292508
2020-08-11,1.68,1.72,1.65,1.65,197393607.0,332438707.0,16436002728.0,0.012009830508468142
2020-08-12,1.66,1.74,1.66,1.71,336262738.0,572322676.0,16436002728.0,0.02045891227720171
2020-08-13,1.7,1.72,1.68,1.68,182631177.0,308927395.0,16436002728.0,0.01111165409390409
2020-08-14,1.68,1.71,1.66,1.7,155041934.0,261499447.0,16436002728.0,0.009433068159320398
2020-08-17,1.7,1.72,1.68,1.71,193701655.0,329613337.0,16436002728.0,0.011785204602699067
2020-08-18,1.71,1.73,1.69,1.71,172973698.0,295853162.0,16436002728.0,0.010524073332339252
2020-08-19,1.71,1.71,1.68,1.68,194331497.0,329084137.0,16436002728.0,0.01182352547733162
2020-08-20,1.68,1.71,1.66,1.67,150434500.0,253505445.0,16436002728.0,0.009152742457490787
2020-08-21,1.67,1.72,1.66,1.69,171383310.0,289952585.0,16436002728.0,0.01042731087577853
2020-08-24,1.69,1.7,1.67,1.68,105192791.0,177077144.0,16436002728.0,0.006400144411073621
2020-08-25,1.69,1.71,1.67,1.67,126262524.0,212919495.0,16436002728.0,0.007682070031839435
2020-08-26,1.68,1.68,1.61,1.62,172575096.0,283606448.0,16436002728.0,0.010499821571944923
2020-08-27,1.62,1.64,1.61,1.63,85074126.0,138123333.0,16436002728.0,0.005176083711343614
2020-08-28,1.63,1.65,1.62,1.64,78522582.0,128412171.0,16436002728.0,0.004777474383490502
2020-08-31,1.63,1.66,1.63,1.64,128423408.0,211148510.0,16436002728.0,0.007813542631093679
2020-09-01,1.63,1.65,1.61,1.63,83844017.0,136799405.0,16436002728.0,0.005101241365527717
2020-09-02,1.64,1.64,1.6,1.62,125029758.0,201565504.0,16436002728.0,0.007607066028712818
2020-09-03,1.61,1.65,1.61,1.62,121674266.0,198102000.0,16436002728.0,0.007402911037044213
2020-09-04,1.6,1.64,1.59,1.63,129885031.0,209480975.0,16436002728.0,0.007902470761867836
2020-09-07,1.63,1.69,1.62,1.67,230340832.0,382131850.0,16436002728.0,0.014014407019268536
2020-09-08,1.68,1.7,1.65,1.7,231647726.0,388842430.0,16436002728.0,0.014093921121427547
2020-09-09,1.69,1.87,1.68,1.87,867848253.0,1595439438.0,16436002728.0,0.05280166153304133
2020-09-10,1.89,1.89,1.7,1.71,733373755.0,1296873443.0,16436002728.0,0.04461995821834716
2020-09-11,1.7,1.82,1.69,1.78,429898964.0,761709584.0,16436002728.0,0.026155931652872867
2020-09-14,1.79,1.83,1.74,1.77,270618896.0,479309943.0,16436002728.0,0.01646500675854597
2020-09-15,1.77,1.86,1.74,1.82,344693592.0,625343584.0,16436002728.0,0.020971862666631702
2020-09-16,1.81,1.96,1.79,1.91,573090960.0,1091255196.0,16436002728.0,0.03486802536383712
2020-09-17,1.89,1.92,1.84,1.88,338447516.0,636135988.0,16436002728.0,0.020591838636253603
2020-09-18,1.88,1.89,1.82,1.85,302527406.0,560969850.0,16436002728.0,0.018406385725686283
2020-09-21,1.86,1.94,1.84,1.85,257876092.0,483235600.0,16436002728.0,0.01568970851779479
2020-09-22,1.84,1.84,1.77,1.78,241058705.0,433727288.0,16436002728.0,0.0146665043191638
2020-09-23,1.78,1.81,1.76,1.76,131225419.0,233105744.0,16436002728.0,0.007984022707446218
2020-09-24,1.75,1.81,1.72,1.78,193955441.0,341680422.0,16436002728.0,0.011800645461659721
2020-09-25,1.79,1.8,1.76,1.76,109015481.0,193570739.0,16436002728.0,0.006632724683981934
2020-09-28,1.77,1.82,1.77,1.79,120940074.0,217107795.0,16436002728.0,0.007358241295127631
2020-09-29,1.8,1.81,1.76,1.77,118079189.0,209181256.0,16436002728.0,0.007184179204280794
2020-09-30,1.77,1.78,1.74,1.75,105951115.0,185683435.0,16436002728.0,0.006446282393194307
2020-10-09,1.77,1.78,1.74,1.77,110734027.0,195084281.0,16436002728.0,0.006737284535208553
2020-10-12,1.77,1.81,1.76,1.79,172821951.0,308641686.0,16436002728.0,0.010514840734699105
2020-10-13,1.79,1.8,1.77,1.78,126492395.0,225336070.0,16436002728.0,0.00769605585331952
2020-10-14,1.77,1.77,1.72,1.73,131520180.0,228923014.0,16436002728.0,0.00800195656915688
2020-10-15,1.73,1.73,1.7,1.7,92425690.0,158212698.0,16436002728.0,0.00562336789118109
2020-10-16,1.7,1.72,1.68,1.69,96016224.0,162770765.0,16436002728.0,0.005841823318538938
2020-10-19,1.69,1.72,1.68,1.68,86132886.0,146052883.0,16436002728.0,0.005240500833774259
2020-10-20,1.68,1.69,1.66,1.69,64225612.0,107673780.0,16436002728.0,0.003907617506693809
2020-10-21,1.69,1.71,1.67,1.7,93644696.0,158317026.0,16436002728.0,0.005697534707783239
2020-10-22,1.69,1.7,1.66,1.68,72838857.0,121887348.0,16436002728.0,0.004431664937358119
2020-10-23,1.67,1.68,1.65,1.65,78925300.0,131021304.0,16436002728.0,0.004801976569737644
2020-10-26,1.65,1.65,1.6,1.61,129634418.0,209158799.0,16436002728.0,0.007887222954712569
2020-10-27,1.59,1.6,1.55,1.58,138607567.0,218137293.0,16436002728.0,0.00843316768035523
2020-10-28,1.58,1.58,1.54,1.58,104967377.0,163672690.0,16436002728.0,0.00638642976258333
2020-10-29,1.56,1.57,1.54,1.56,76330212.0,118929837.0,16436002728.0,0.004644086111641098
2020-10-30,1.57,1.6,1.55,1.55,111687732.0,175044060.0,16436002728.0,0.0067953098967142005
2020-11-02,1.54,1.54,1.5,1.51,110131103.0,166730505.0,16436002728.0,0.006700601406714491
2020-11-03,1.51,1.54,1.5,1.53,82142547.0,125283742.0,16436002728.0,0.004997720453043235
2020-11-04,1.54,1.54,1.51,1.52,66130426.0,100389361.0,16436002728.0,0.004023510283759062
2020-11-05,1.52,1.56,1.52,1.55,92318453.0,142197374.0,16436002728.0,0.005616843372916238
2020-11-06,1.56,1.57,1.54,1.56,97080627.0,150942611.0,16436002728.0,0.005906583772623477
2020-11-09,1.56,1.6,1.56,1.59,131783907.0,208739389.0,16436002728.0,0.008018002258876238
2020-11-10,1.67,1.67,1.6,1.61,185784530.0,304195844.0,16436002728.0,0.011303510535654858
2020-11-11,1.6,1.6,1.56,1.58,108500730.0,171660664.0,16436002728.0,0.006601406181027254
2020-11-12,1.58,1.6,1.56,1.58,85130780.0,134551062.0,16436002728.0,0.005179530656500388
2020-11-13,1.57,1.64,1.56,1.61,156261043.0,249686731.0,16436002728.0,0.009507241242653073
2020-11-16,1.61,1.65,1.6,1.64,142355386.0,232402456.0,16436002728.0,0.008661192648592508
2020-11-17,1.65,1.67,1.62,1.64,118782452.0,195075696.0,16436002728.0,0.007226967162620685
2020-11-18,1.63,1.66,1.62,1.64,100447624.0,164857567.0,16436002728.0,0.006111438752007489
2020-11-19,1.63,1.64,1.6,1.61,90771739.0,146454031.0,16436002728.0,0.005522738131782086
2020-11-20,1.61,1.62,1.6,1.61,61446971.0,98958273.0,16436002728.0,0.0037385593089078978
2020-11-23,1.61,1.62,1.58,1.61,127131404.0,203455950.0,16436002728.0,0.007734934466968774
2020-11-24,1.61,1.62,1.59,1.61,87723500.0,141175011.0,16436002728.0,0.005337277040636908
2020-11-25,1.62,1.63,1.6,1.6,92627412.0,149897590.0,16436002728.0,0.005635641069966607
2020-11-26,1.59,1.61,1.58,1.59,77132723.0,122754112.0,16436002728.0,0.00469291252115689
2020-11-27,1.59,1.6,1.56,1.59,96963800.0,152988649.0,16436002728.0,0.005899475779157342
2020-11-30,1.58,1.62,1.58,1.59,116738387.0,186728437.0,16436002728.0,0.007102602070096225
2020-12-01,1.58,1.62,1.58,1.61,127296637.0,204012799.0,16436002728.0,0.007744987580413354
2020-12-02,1.61,1.64,1.6,1.63,142003998.0,230321494.0,16436002728.0,0.008639813484460258
2020-12-03,1.62,1.63,1.6,1.61,84225510.0,136036521.0,16436002728.0,0.005124452179392459
2020-12-04,1.62,1.63,1.59,1.61,74472182.0,119613358.0,16436002728.0,0.004531039768759035
2020-12-07,1.6,1.62,1.58,1.6,118672207.0,189960707.0,16436002728.0,0.0072202596314876934
2020-12-08,1.6,1.6,1.58,1.6,85626645.0,136235585.0,16436002728.0,0.005209700096613418
2020-12-09,1.6,1.6,1.58,1.58,115021480.0,182892004.0,16436002728.0,0.006998141938979605
2020-12-10,1.58,1.59,1.53,1.56,171329913.0,266564244.0,16436002728.0,0.010424062093158834
2020-12-11,1.55,1.56,1.5,1.55,215615876.0,329709021.0,16436002728.0,0.013118510599458693
2020-12-14,1.53,1.54,1.5,1.51,137972791.0,208870304.0,16436002728.0,0.008394546611077929
2020-12-15,1.51,1.52,1.49,1.49,89451998.0,133957081.0,16436002728.0,0.0054424423918847135
2020-12-16,1.49,1.52,1.48,1.51,93250044.0,140010175.0,16436002728.0,0.00567352327346243
2020-12-17,1.51,1.52,1.49,1.51,76178041.0,114700382.0,16436002728.0,0.004634827716974324
2020-12-18,1.51,1.53,1.5,1.52,98320900.0,149433531.0,16436002728.0,0.005982044516973871
2020-12-21,1.52,1.53,1.51,1.52,72421552.0,110088267.0,16436002728.0,0.00440627524821618
2020-12-22,1.52,1.52,1.49,1.49,84568790.0,127301469.0,16436002728.0,0.005145338036232528
2020-12-23,1.5,1.5,1.49,1.49,64892206.0,96832851.0,16436002728.0,0.0039481744481248545
2020-12-24,1.49,1.5,1.48,1.48,61991646.0,92062379.0,16436002728.0,0.00377169844918512
2020-12-25,1.47,1.5,1.47,1.49,50055417.0,74452799.0,16436002728.0,0.0030454738800162603
2020-12-28,1.5,1.5,1.47,1.47,55066017.0,81547522.0,16436002728.0,0.0033503290253286944
2020-12-29,1.47,1.51,1.47,1.5,76066875.0,113538872.0,16436002728.0,0.004628064150318873
2020-12-30,1.49,1.5,1.49,1.49,41298440.0,61670845.0,16436002728.0,0.0025126815006938953
2020-12-31,1.49,1.53,1.49,1.52,92768636.0,139905782.0,16436002728.0,0.005644233426778487
2021-01-04,1.51,1.52,1.49,1.5,82917169.0,124368321.0,16436002728.0,0.005044850038795881
2021-01-05,1.49,1.5,1.47,1.48,94676824.0,140379170.0,16436002728.0,0.005760331484899958
2021-01-06,1.47,1.48,1.45,1.46,116005045.0,169556991.0,16436002728.0,0.007057984043916983
2021-01-07,1.45,1.46,1.4,1.41,141447704.0,201539045.0,16436002728.0,0.008605967420474621
2021-01-08,1.41,1.43,1.39,1.43,81138348.0,114501352.0,16436002728.0,0.004936622933371419
2021-01-11,1.42,1.42,1.37,1.38,117310004.0,163479134.0,16436002728.0,0.0071373804167209915
2021-01-12,1.38,1.4,1.37,1.4,66969230.0,92935428.0,16436002728.0,0.004074544833575182
2021-01-13,1.39,1.41,1.38,1.4,78308024.0,108956470.0,16436002728.0,0.004764420236229107
2021-01-14,1.39,1.45,1.39,1.41,97969807.0,138207591.0,16436002728.0,0.005960683301244582
2021-01-15,1.41,1.42,1.39,1.41,58052666.0,81493211.0,16436002728.0,0.003532042854988263
2021-01-18,1.4,1.41,1.39,1.4,50856040.0,71287966.0,16436002728.0,0.0030941854197531135
2021-01-19,1.39,1.43,1.39,1.42,85056593.0,120212888.0,16436002728.0,0.005175016967787401
2021-01-20,1.42,1.43,1.41,1.43,52893541.0,74992445.0,16436002728.0,0.0032181511451012217
2021-01-21,1.42,1.44,1.41,1.43,67680273.0,96875761.0,16436002728.0,0.004117806143016844
2021-01-22,1.44,1.44,1.4,1.41,58002010.0,82308951.0,16436002728.0,0.0035289608404109776
2021-01-25,1.42,1.55,1.41,1.51,354246751.0,537387335.0,16436002728.0,0.02155309638617383
2021-01-26,1.5,1.51,1.45,1.47,152331173.0,223872183.0,16436002728.0,0.009268139919476412
2021-01-27,1.47,1.55,1.46,1.53,177939902.0,270969768.0,16436002728.0,0.010826227334269398
2021-01-28,1.53,1.53,1.48,1.5,107013610.0,160754878.0,16436002728.0,0.006510926760659029
2021-01-29,1.51,1.54,1.5,1.53,161753855.0,246507423.0,16436002728.0,0.00984143515165277
2021-02-01,1.38,1.48,1.38,1.38,482752782.0,671263585.0,16436002728.0,0.029371665969463084
2021-02-02,1.35,1.36,1.24,1.24,386945341.0,493133767.0,16436002728.0,0.023542545435381847
2021-02-03,1.21,1.35,1.2,1.34,289906746.0,373251968.0,16436002728.0,0.01763851897554881
2021-02-04,1.32,1.33,1.24,1.28,189520426.0,242224289.0,16436002728.0,0.011530810084202366
2021-02-05,1.28,1.32,1.27,1.3,105474244.0,136459457.0,16436002728.0,0.006417268586863671
2021-02-08,1.3,1.31,1.27,1.3,99719496.0,128116150.0,16436002728.0,0.006067137956245294
2021-02-09,1.3,1.33,1.28,1.32,92208043.0,120301250.0,16436002728.0,0.005610125802845997
2021-02-10,1.34,1.44,1.34,1.42,174903525.0,245372649.0,16436002728.0,0.01064148795144931
2021-02-19,1.35,1.4,1.35,1.35,114045306.0,154314405.0,16436002728.0,0.006938749517588909
2021-02-22,1.31,1.42,1.31,1.39,231728917.0,316827943.0,16436002728.0,0.014098860947816216
2021-02-23,1.38,1.43,1.37,1.42,127316979.0,180507253.0,16436002728.0,0.007746225229270965
2021-02-24,1.45,1.49,1.44,1.49,196606746.0,292058373.0,16436002728.0,0.011961956276939844
2021-02-25,1.54,1.55,1.47,1.48,162005252.0,243322229.0,16436002728.0,0.009856730658970476
2021-02-26,1.47,1.53,1.43,1.5,106445398.0,158256520.0,16436002728.0,0.006476355581193841
2021-03-01,1.5,1.52,1.43,1.44,183314622.0,266818935.0,16436002728.0,0.011153236284617389
2021-03-02,1.46,1.5,1.44,1.47,106627456.0,155875944.0,16436002728.0,0.006487432362027532
2021-03-03,1.46,1.5,1.46,1.48,82804940.0,122440923.0,16436002728.0,0.005038021797047733
2021-03-04,1.48,1.49,1.44,1.45,94268906.0,137656875.0,16436002728.0,0.005735512920024383
2021-03-05,1.44,1.45,1.41,1.43,86332875.0,123558610.0,16436002728.0,0.0052526685732976475
2021-03-08,1.43,1.45,1.38,1.38,117732703.0,166184782.0,16436002728.0,0.007163098287847887
2021-03-09,1.37,1.39,1.35,1.36,88682214.0,120962491.0,16436002728.0,0.005395607159940598
2021-03-10,1.36,1.36,1.33,1.34,77381700.0,104241268.0,16436002728.0,0.004708060790728289
2021-03-11,1.33,1.37,1.33,1.36,68179311.0,92056810.0,16436002728.0,0.004148168634935262
2021-03-12,1.35,1.36,1.34,1.35,56063610.0,75627225.0,16436002728.0,0.0034110246224583127
2021-03-15,1.34,1.38,1.34,1.37,98546065.0,134143891.0,16436002728.0,0.005995744015795225
2021-03-16,1.39,1.44,1.38,1.42,114488662.0,162125736.0,16436002728.0,0.006965724202817253
2021-03-17,1.41,1.45,1.41,1.43,77556651.0,110796273.0,16436002728.0,0.004718705167155775
2021-03-18,1.43,1.43,1.4,1.41,57283000.0,80862803.0,16436002728.0,0.003485214802405331
2021-03-19,1.41,1.42,1.37,1.38,69821290.0,97086997.0,16436002728.0,0.004248069993384343
2021-03-22,1.42,1.45,1.42,1.45,71111526.0,102844237.0,16436002728.0,0.0043265705887755804
2021-03-23,1.52,1.52,1.52,1.52,37845610.0,57525327.0,16436002728.0,0.0023026042661532953
2021-03-24,1.6,1.6,1.6,1.6,46197603.0,73916165.0,16436002728.0,0.002810756591156974
2021-03-25,1.65,1.65,1.53,1.57,272053349.0,432643812.0,16436002728.0,0.016552281810986568
2021-03-26,1.57,1.65,1.57,1.65,111685410.0,182648661.0,16436002728.0,0.006795168621488197
2021-03-29,1.68,1.73,1.65,1.7,295440730.0,502590745.0,16436002728.0,0.017975217873181164
2021-03-30,1.67,1.71,1.62,1.62,212823501.0,350949749.0,16436002728.0,0.012948616797041457
2021-03-31,1.65,1.69,1.62,1.65,106586410.0,175446173.0,16436002728.0,0.0064849350394924074
2021-04-01,1.69,1.72,1.65,1.7,151278618.0,255721652.0,16436002728.0,0.009204100321928348
2021-04-02,1.69,1.72,1.67,1.71,100259641.0,169751094.0,16436002728.0,0.006100001482063517
2021-04-06,1.71,1.75,1.7,1.72,86181300.0,148256594.0,16436002728.0,0.0052434464404890555
2021-04-07,1.71,1.73,1.7,1.72,79076805.0,135856319.0,16436002728.0,0.0048111944436031616
2021-04-08,1.73,1.76,1.72,1.73,93058245.0,161784756.0,16436002728.0,0.005661853830278824
2021-04-09,1.74,1.81,1.73,1.8,160718962.0,284605217.0,16436002728.0,0.009778470146284584
2021-04-12,1.82,1.88,1.71,1.74,240472407.0,432942334.0,16436002728.0,0.014630832750492106
2021-04-13,1.74,1.75,1.66,1.71,113881964.0,194693334.0,16436002728.0,0.006928811456449401
2021-04-14,1.7,1.74,1.69,1.72,83534648.0,143395431.0,16436002728.0,0.005082418723239336
2021-04-15,1.72,1.76,1.71,1.76,79221806.0,137688077.0,16436002728.0,0.004820016600814962
2021-04-16,1.76,1.8,1.75,1.78,78081521.0,138328373.0,16436002728.0,0.004750639330752975
2021-04-19,1.78,1.79,1.73,1.75,118136004.0,207198688.0,16436002728.0,0.00718763594500664
2021-04-20,1.74,1.75,1.7,1.71,84113600.0,144653381.0,16436002728.0,0.005117643346256325
2021-04-21,1.7,1.75,1.7,1.72,66098400.0,114003007.0,16436002728.0,0.004021561756460181
2021-04-22,1.72,1.72,1.66,1.66,102771800.0,172978627.0,16436002728.0,0.006252846370299045
2021-04-23,1.66,1.67,1.63,1.65,69572889.0,114783227.0,16436002728.0,0.004232956768830246
2021-04-26,1.65,1.65,1.6,1.61,88797294.0,143776036.0,16436002728.0,0.005402608862355988
2021-04-27,1.6,1.61,1.55,1.57,101120230.0,158401929.0,16436002728.0,0.006152361475806637
2021-04-28,1.56,1.64,1.55,1.64,84772402.0,136859979.0,16436002728.0,0.005157726206481072
2021-04-29,1.63,1.64,1.6,1.62,50458105.0,81718922.0,16436002728.0,0.003069974241002085
2021-04-30,1.63,1.68,1.63,1.67,97644129.0,162328250.0,16436002728.0,0.005940868386061757
2021-05-06,1.69,1.73,1.68,1.7,92448007.0,157710995.0,16436002728.0,0.005624725703075461
2021-05-07,1.7,1.71,1.67,1.69,66045137.0,111245204.0,16436002728.0,0.0040183211266743716
2021-05-10,1.68,1.69,1.63,1.63,78532506.0,129232986.0,16436002728.0,0.004778078179934456
2021-05-11,1.61,1.66,1.61,1.65,53423748.0,87686102.0,16436002728.0,0.0032504100226868737
2021-05-12,1.64,1.68,1.63,1.67,58035633.0,96419932.0,16436002728.0,0.003531006532454014
2021-05-13,1.65,1.66,1.64,1.65,51871147.0,85608080.0,16436002728.0,0.003155946604440111
2021-05-14,1.65,1.66,1.63,1.66,63837890.0,105093624.0,16436002728.0,0.0038840277077374307
2021-05-17,1.65,1.66,1.63,1.64,52844221.0,86569970.0,16436002728.0,0.0032151504154946256
2021-05-18,1.64,1.72,1.63,1.72,104439579.0,175176491.0,16436002728.0,0.006354317453481503
2021-05-19,1.72,1.76,1.71,1.72,87846798.0,152133297.0,16436002728.0,0.005344778742969311
2021-05-20,1.81,1.81,1.77,1.81,330891523.0,596923401.0,16436002728.0,0.02013211657821769
2021-05-21,1.83,1.84,1.76,1.8,231264081.0,415693650.0,16436002728.0,0.01407057937548427
2021-05-24,1.82,1.89,1.81,1.89,218014456.0,409866831.0,16436002728.0,0.013264445109186769
2021-05-25,1.94,1.98,1.91,1.98,261884026.0,513885622.0,16436002728.0,0.015933559414288753
2021-05-26,2.07,2.08,2.04,2.08,140345720.0,290947129.0,16436002728.0,0.008538920461537173
2021-05-27,2.18,2.18,2.18,2.18,58270221.0,127029082.0,16436002728.0,0.003545279345855314
2021-05-28,2.29,2.29,2.29,2.29,26616551.0,60951902.0,16436002728.0,0.0016194053651899588
2021-05-31,2.4,2.4,2.18,2.18,817529688.0,1849795442.0,16436002728.0,0.04974017719084915
2021-06-01,2.15,2.29,2.1,2.29,544070476.0,1205267284.0,16436002728.0,0.033102359801457926
2021-06-02,2.31,2.4,2.3,2.4,509301528.0,1211726991.0,16436002728.0,0.03098694593986441
2021-06-03,2.43,2.5,2.34,2.41,443145298.0,1068982802.0,16436002728.0,0.026961865688003798
2021-06-04,2.36,2.44,2.29,2.3,372400229.0,875825760.0,16436002728.0,0.022657591092120438
2021-06-07,2.23,2.3,2.19,2.19,323900970.0,716812663.0,16436002728.0,0.019706797045501195
2021-06-08,2.18,2.29,2.1,2.25,311884494.0,691651254.0,16436002728.0,0.018975690084833137
2021-06-09,2.23,2.26,2.19,2.21,190377998.0,420586619.0,16436002728.0,0.011582986517498952
2021-06-10,2.22,2.24,2.12,2.13,245374894.0,531790586.0,16436002728.0,0.014929110079909205
2021-06-11,2.11,2.24,2.11,2.24,253615438.0,552237222.0,16436002728.0,0.015430481619959
2021-06-15,2.27,2.35,2.22,2.33,304712440.0,701330163.0,16436002728.0,0.01853932766030142
2021-06-16,2.34,2.35,2.25,2.27,180086395.0,410865937.0,16436002728.0,0.010956824355669454
2021-06-17,2.28,2.33,2.23,2.28,130577400.0,298308647.0,16436002728.0,0.00794459590698116
2021-06-18,2.3,2.38,2.25,2.34,186943623.0,429799044.0,16436002728.0,0.011374032122879069
2021-06-21,2.32,2.34,2.27,2.29,175537701.0,403895486.0,16436002728.0,0.010680072515500254
2021-06-22,2.28,2.29,2.23,2.23,159278751.0,358314988.0,16436002728.0,0.009690844765355042
2021-06-23,2.29,2.32,2.24,2.3,178866669.0,407390343.0,16436002728.0,0.010882613732795676
2021-06-24,2.28,2.28,2.24,2.25,127869675.0,288247821.0,16436002728.0,0.0077798523835825445
2021-06-25,2.25,2.28,2.23,2.26,109708426.0,247378078.0,16436002728.0,0.006674884874112562
2021-06-28,2.25,2.25,2.16,2.18,185894942.0,409317395.0,16436002728.0,0.011310228227409187
2021-06-29,2.16,2.19,2.12,2.15,143981200.0,309694632.0,16436002728.0,0.00876011049540147
2021-06-30,2.15,2.26,2.15,2.21,138955300.0,307801563.0,16436002728.0,0.008454324466816918
2021-07-01,2.21,2.21,2.12,2.14,148312000.0,320202791.0,16436002728.0,0.009023605219250727
2021-07-02,2.14,2.19,2.12,2.15,92221588.0,198201330.0,16436002728.0,0.00561094990833102
2021-07-05,2.13,2.14,2.1,2.12,105144650.0,222662456.0,16436002728.0,0.006397215414236819
2021-07-06,2.12,2.17,2.1,2.15,120653500.0,257383361.0,16436002728.0,0.00734080554723062
2021-07-07,2.13,2.14,2.11,2.12,99328632.0,210849489.0,16436002728.0,0.0060433569915868905
2021-07-08,2.13,2.13,2.1,2.11,87831224.0,185108320.0,16436002728.0,0.0053438311889771545
2021-07-09,2.12,2.12,2.06,2.07,125635952.0,262034793.0,16436002728.0,0.00764394811069053
2021-07-12,2.06,2.06,1.98,1.99,214088785.0,429938064.0,16436002728.0,0.013025599261752568
2021-07-13,1.99,2.09,1.98,2.09,167744256.0,345753831.0,16436002728.0,0.01020590339244923
2021-07-14,2.11,2.19,2.05,2.16,204567553.0,435890502.0,16436002728.0,0.012446308046146973
2021-07-15,2.14,2.24,2.13,2.17,164412789.0,360423258.0,16436002728.0,0.010003210130886028
2021-07-16,2.16,2.18,2.12,2.14,114598527.0,244723102.0,16436002728.0,0.006972408613973552
2021-07-19,2.13,2.14,2.09,2.11,91185607.0,192691217.0,16436002728.0,0.0055479187068190414
2021-07-20,2.1,2.22,2.09,2.22,197306736.0,432633231.0,16436002728.0,0.012004545099269954
2021-07-21,2.25,2.26,2.19,2.21,139284300.0,309105303.0,16436002728.0,0.008474341499269676
2021-07-22,2.19,2.21,2.16,2.18,98759680.0,215540349.0,16436002728.0,0.006008740789009195
2021-07-23,2.18,2.24,2.17,2.21,118246292.0,261418012.0,16436002728.0,0.007194346092347521
2021-07-26,2.2,2.23,2.13,2.15,144151741.0,313428923.0,16436002728.0,0.008770486558415226
2021-07-27,2.15,2.19,2.11,2.12,109249994.0,234615275.0,16436002728.0,0.006646992934229939
2021-07-28,2.11,2.11,2.01,2.06,135057502.0,278537457.0,16436002728.0,0.008217174469673159
2021-07-29,2.08,2.12,2.07,2.11,86112532.0,180896895.0,16436002728.0,0.005239262454812121
2021-07-30,2.11,2.22,2.07,2.2,155472855.0,333396175.0,16436002728.0,0.00945928627373248
2021-08-02,2.16,2.2,2.12,2.18,125975954.0,271679721.0,16436002728.0,0.007664634527310599
2021-08-03,2.17,2.22,2.16,2.17,95733052.0,209148062.0,16436002728.0,0.005824594555275374
2021-08-04,2.16,2.21,2.16,2.19,91500622.0,200385093.0,16436002728.0,0.0055670848632874475
2021-08-05,2.19,2.21,2.17,2.2,107155565.0,234467292.0,16436002728.0,0.006519563593005021
2021-08-06,2.21,2.25,2.19,2.2,120259300.0,266465242.0,16436002728.0,0.007316821613513667
2021-08-09,2.09,2.12,2.09,2.09,183694300.0,385174268.0,16436002728.0,0.0111763366701724
2021-08-10,2.04,2.12,2.04,2.09,143072098.0,297944574.0,16436002728.0,0.008704798871581204
2021-08-11,2.09,2.18,2.09,2.14,140053144.0,300134933.0,16436002728.0,0.008521119539692498
2021-08-12,2.15,2.17,2.12,2.14,101815600.0,218901308.0,16436002728.0,0.006194669207893794
2021-08-13,2.14,2.16,2.13,2.15,79384900.0,170310395.0,16436002728.0,0.004829939573127577
2021-08-16,2.14,2.15,2.1,2.11,102447600.0,217138903.0,16436002728.0,0.006233121379657147
2021-08-17,2.1,2.13,2.08,2.09,95846403.0,201597718.0,16436002728.0,0.005831491061796811
2021-08-18,2.11,2.11,2.09,2.1,71881264.0,150776329.0,16436002728.0,0.004373403021985675
2021-08-19,2.1,2.11,2.06,2.07,102717211.0,213116116.0,16436002728.0,0.006249525063962986
2021-08-20,2.08,2.09,2.04,2.05,104325612.0,214714489.0,16436002728.0,0.006347383468261006
2021-08-23,2.06,2.08,2.03,2.05,115198302.0,236190588.0,16436002728.0,0.007008900150871282
2021-08-24,2.05,2.06,2.03,2.04,99632565.0,203218368.0,16436002728.0,0.006061848896524471
2021-08-25,2.04,2.11,2.02,2.09,143608168.0,295631366.0,16436002728.0,0.008737414466070416
2021-08-26,2.08,2.1,2.05,2.07,96538502.0,200426882.0,16436002728.0,0.005873599779558275
2021-08-27,2.07,2.11,2.06,2.09,80495202.0,168143258.0,16436002728.0,0.004897492616186429
2021-08-30,2.09,2.1,2.07,2.09,81193104.0,169575992.0,16436002728.0,0.004939954400328814
2021-08-31,2.15,2.19,2.15,2.19,200985156.0,439210298.0,16436002728.0,0.012228347690500577
2021-09-01,2.2,2.26,2.17,2.18,199926330.0,440065902.0,16436002728.0,0.012163926552495033
2021-09-02,2.18,2.21,2.17,2.19,91265842.0,199780997.0,16436002728.0,0.005552800368213714
2021-09-03,2.18,2.25,2.18,2.23,135336753.0,299568001.0,16436002728.0,0.008234164671282476
2021-09-06,2.23,2.34,2.22,2.34,237268588.0,549683575.0,16436002728.0,0.014435905854152399
2021-09-07,2.38,2.46,2.34,2.46,230066191.0,557493720.0,16436002728.0,0.013997697299481733
2021-09-08,2.51,2.58,2.37,2.41,444929181.0,1129423443.0,16436002728.0,0.02707040077585463
2021-09-09,2.41,2.49,2.36,2.48,291665377.0,707823617.0,16436002728.0,0.017745517680106338
2021-09-10,2.51,2.59,2.45,2.48,251628216.0,634811391.0,16436002728.0,0.015309574971737617
2021-09-13,2.36,2.36,2.36,2.36,124976200.0,294943832.0,16436002728.0,0.007603807450524049
2021-09-14,2.24,2.24,2.24,2.24,57096300.0,127895712.0,16436002728.0,0.0034738555928037203
2021-09-15,2.13,2.34,2.13,2.17,704510036.0,1534151560.0,16436002728.0,0.04286383055898456
2021-09-16,2.15,2.2,2.06,2.08,369817625.0,783020087.0,16436002728.0,0.022500460186100305
2021-09-17,2.06,2.18,2.06,2.18,276912992.0,586387779.0,16436002728.0,0.016847952423873557
2021-09-22,2.26,2.29,2.2,2.27,310770422.0,701294465.0,16436002728.0,0.018907907667268672
2021-09-23,2.25,2.29,2.21,2.24,181408544.0,406319216.0,16436002728.0,0.01103726660320861
2021-09-24,2.25,2.28,2.24,2.25,147529779.0,333040373.0,16436002728.0,0.008976013294806262
2021-09-28,2.3,2.36,2.25,2.36,255693923.0,598633647.0,16436002728.0,0.01555694089563551
2021-09-29,2.43,2.48,2.36,2.39,439520544.0,1074055274.0,16436002728.0,0.026741328245902685
2021-09-30,2.41,2.41,2.27,2.34,246596622.0,574139786.0,16436002728.0,0.01500344250855493
2021-10-08,2.36,2.37,2.23,2.24,200292745.0,453337468.0,16436002728.0,0.012186219990021408
2021-10-11,2.2,2.29,2.14,2.24,184545608.0,405241122.0,16436002728.0,0.011228131988905812
2021-10-12,2.21,2.25,2.18,2.19,119993500.0,264993702.0,16436002728.0,0.007300649798237245
2021-10-13,2.19,2.26,2.18,2.2,117699414.0,260424506.0,16436002728.0,0.007161072917047522
2021-10-14,2.19,2.24,2.18,2.19,111827862.0,245652860.0,16436002728.0,0.006803835692330022
2021-10-15,2.18,2.18,2.15,2.17,87018900.0,188480448.0,16436002728.0,0.005294407736484284
2021-10-18,2.18,2.21,2.16,2.19,83207820.0,181387862.0,16436002728.0,0.005062533839705992
2021-10-19,2.19,2.19,2.17,2.19,66812620.0,145748651.0,16436002728.0,0.004065016361075406
2021-10-20,2.19,2.29,2.18,2.28,154466017.0,347064991.0,16436002728.0,0.009398028191906735
2021-10-21,2.25,2.27,2.21,2.23,98024785.0,218896308.0,16436002728.0,0.005964028275135731
2021-10-22,2.23,2.27,2.22,2.23,76644796.0,171897048.0,16436002728.0,0.004663226045188571
2021-10-25,2.29,2.29,2.22,2.23,117100687.0,263707790.0,16436002728.0,0.007124645142611831
2021-10-26,2.22,2.23,2.13,2.15,159226302.0,344786530.0,16436002728.0,0.009687653660992992
2021-10-27,2.13,2.15,2.11,2.13,89733075.0,190980640.0,16436002728.0,0.005459543691066246
2021-10-28,2.13,2.18,2.11,2.13,92529310.0,198018494.0,16436002728.0,0.00562967234377305
2021-10-29,2.08,2.11,2.06,2.09,127453312.0,265349720.0,16436002728.0,0.007754520007645985
2021-11-01,2.13,2.13,2.05,2.07,128955912.0,268376398.0,16436002728.0,0.007845941262854237
2021-11-02,2.07,2.07,1.97,1.97,241044100.0,482595569.0,16436002728.0,0.014665615721112212
2021-11-03,1.92,1.95,1.87,1.93,214349300.0,407193567.0,16436002728.0,0.013041449526826825
2021-11-04,1.92,1.93,1.89,1.9,131929130.0,251152044.0,16436002728.0,0.008026837923021791
2021-11-05,1.9,1.99,1.86,1.95,177164930.0,341537915.0,16436002728.0,0.010779076453801377
2021-11-08,1.94,2.0,1.93,1.96,120150292.0,236441577.0,16436002728.0,0.007310189343989016
2021-11-09,1.95,1.97,1.92,1.93,82402957.0,159626480.0,16436002728.0,0.005013564329702879
2021-11-10,1.92,1.93,1.88,1.9,95531200.0,181256885.0,16436002728.0,0.005812313467024146
2021-11-11,1.91,1.94,1.89,1.93,71513023.0,137173603.0,16436002728.0,0.004350998486887085
2021-11-12,1.92,1.92,1.9,1.91,61704101.0,117815737.0,16436002728.0,0.003754203623663453
2021-11-15,1.9,1.91,1.87,1.88,97231428.0,183191599.0,16436002728.0,0.005915758813690068
2021-11-16,1.88,1.9,1.87,1.88,82470042.0,155351069.0,16436002728.0,0.005017645918219879
2021-11-17,1.87,1.92,1.86,1.89,89191275.0,168587653.0,16436002728.0,0.0054265794716653205
2021-11-18,1.89,1.9,1.87,1.88,73530428.0,138144486.0,16436002728.0,0.004473741530520389
2021-11-19,1.88,1.88,1.85,1.87,83020122.0,154697941.0,16436002728.0,0.0050511139097445396
2021-11-22,1.86,1.87,1.82,1.84,118946701.0,218764167.0,16436002728.0,0.007236960407494038
2021-11-23,1.83,1.87,1.79,1.86,194960765.0,354046101.0,16436002728.0,0.011861811428630957
2021-11-24,1.85,1.95,1.84,1.9,207173201.0,394942454.0,16436002728.0,0.012604840996227414
2021-11-25,1.89,1.92,1.87,1.88,102447132.0,193731284.0,16436002728.0,0.006233092905580589
2021-11-26,1.88,1.92,1.85,1.89,102663431.0,192887386.0,16436002728.0,0.006246252978840464
2021-11-29,1.85,1.86,1.82,1.83,101662630.0,187320484.0,16436002728.0,0.00618536220043392
2021-11-30,1.88,1.92,1.88,1.92,189952542.0,362563698.0,16436002728.0,0.011557100904856944
2021-12-01,1.95,2.02,1.93,2.02,172088914.0,340683695.0,16436002728.0,0.010470241265343261
2021-12-02,2.1,2.12,2.01,2.03,275445429.0,571912508.0,16436002728.0,0.01675866289135846
2021-12-03,2.07,2.07,2.01,2.05,217146240.0,443425027.0,16436002728.0,0.0132116210731746
2021-12-06,2.03,2.03,1.95,1.95,193477134.0,381392317.0,16436002728.0,0.011771544286154003
2021-12-07,1.94,2.04,1.94,1.97,139405104.0,276256709.0,32872676656.0,0.004240759140450324
2021-12-08,1.96,1.98,1.94,1.96,108246015.0,211934695.0,32872676656.0,0.0032928871637911685
2021-12-09,2.0,2.06,1.96,1.96,245245504.0,491709951.0,32872676656.0,0.007460466531715701
2021-12-10,1.97,1.97,1.91,1.92,211255296.0,408554636.0,32872676656.0,0.006426470780298968
2021-12-13,1.9,1.92,1.9,1.91,113310274.0,216206413.0,32872676656.0,0.003446943952442593
2021-12-14,1.91,1.91,1.87,1.88,105833311.0,199283242.0,32872676656.0,0.0032194917410439425
2021-12-15,1.87,1.95,1.86,1.91,141981409.0,270957292.0,32872676656.0,0.004319131371192593
2021-12-16,1.9,1.92,1.88,1.9,98519636.0,186796565.0,32872676656.0,0.0029970068160548756
2021-12-17,1.89,1.92,1.88,1.91,85534369.0,162717341.0,32872676656.0,0.002601989789121357
2021-12-20,1.87,1.89,1.86,1.87,120903426.0,226442217.0,32872676656.0,0.0036779306797924656
2021-12-21,1.87,1.92,1.86,1.91,89989109.0,170263256.0,32872676656.0,0.0027375047654835546
2021-12-22,1.9,1.91,1.88,1.88,67567461.0,127873611.0,32872676656.0,0.002055429246211608
2021-12-23,1.88,1.9,1.87,1.88,60473553.0,113941752.0,32872676656.0,0.0018396297214502068
2021-12-24,1.88,1.89,1.85,1.86,80995978.0,150942144.0,32872676656.0,0.002463930115809916
2021-12-27,1.85,1.86,1.84,1.84,81369146.0,150463487.0,32872676656.0,0.0024752820359442286
2021-12-28,1.85,1.85,1.81,1.83,82608582.0,150737088.0,32872676656.0,0.0025129861758586697
2021-12-29,1.82,1.86,1.81,1.85,93688757.0,172263572.0,32872676656.0,0.0028500495405475203
2021-12-30,1.84,1.85,1.82,1.83,75794926.0,139079173.0,32872676656.0,0.0023057120292687126
2021-12-31,1.82,1.88,1.82,1.86,81611249.0,150791366.0,32872676656.0,0.0024826469062446768
2022-01-04,1.9,1.92,1.88,1.9,104321446.0,197774232.0,32872676656.0,0.0031735002017536955
2022-01-05,1.89,1.9,1.87,1.88,77257792.0,145333119.0,32872676656.0,0.002350212999339034
2022-01-06,1.87,1.89,1.87,1.87,51547908.0,96862921.0,32872676656.0,0.0015681080229465083
2022-01-07,1.87,1.9,1.87,1.88,91312875.0,171950024.0,32872676656.0,0.002777774257799398
2022-01-10,1.89,1.91,1.88,1.89,74411416.0,140796597.0,32872676656.0,0.0022636251005261005
2022-01-11,1.89,1.92,1.88,1.9,73193211.0,139263056.0,32872676656.0,0.0022265668161415325
2022-01-12,1.9,1.91,1.89,1.89,53536053.0,101472560.0,32872676656.0,0.001628588190740728
2022-01-13,1.89,1.9,1.87,1.88,58139064.0,109623401.0,32872676656.0,0.0017686136303533505
2022-01-14,1.87,1.88,1.85,1.86,60777300.0,113409229.0,32872676656.0,0.001848869826938987
2022-01-17,1.86,1.87,1.85,1.86,59487009.0,110375326.0,32872676656.0,0.0018096186575406932
2022-01-18,1.86,1.9,1.84,1.88,104078164.0,194410711.0,32872676656.0,0.0031660994658006775
2022-01-19,1.87,1.88,1.85,1.86,60828600.0,113247373.0,32872676656.0,0.0018504303935012064
2022-01-20,1.86,1.89,1.85,1.86,71430043.0,133416522.0,32872676656.0,0.0021729305388632665
2022-01-21,1.86,1.87,1.85,1.86,57917148.0,107674917.0,32872676656.0,0.0017618628566843163
2022-01-24,1.86,1.87,1.85,1.86,52459145.0,97658306.0,32872676656.0,0.0015958282177312454
2022-01-25,1.86,1.87,1.84,1.85,75496663.0,140176108.0,32872676656.0,0.002296638749258046
2022-01-26,1.85,1.87,1.85,1.86,50757572.0,94277453.0,32872676656.0,0.0015440656850416715
2022-01-27,1.85,1.86,1.82,1.83,84529745.0,155424830.0,32872676656.0,0.0025714287243649636
2022-01-28,1.85,1.88,1.81,1.83,156937638.0,287540066.0,32872676656.0,0.004774105852172989
2022-02-07,1.84,1.85,1.81,1.83,81642929.0,149122921.0,32872676656.0,0.002483610624542749
2022-02-08,1.83,1.85,1.82,1.84,93094211.0,170533846.0,32872676656.0,0.002831963212919816
2022-02-09,1.83,1.85,1.83,1.85,64939415.0,119561719.0,32872676656.0,0.001975483033510358
2022-02-10,1.85,1.94,1.84,1.94,138867349.0,265105074.0,32872676656.0,0.004224400417805758
2022-02-11,2.03,2.04,1.96,1.98,364411305.0,730546893.0,32872676656.0,0.011085537962528123
2022-02-14,1.97,2.04,1.95,1.99,176621494.0,352135664.0,32872676656.0,0.005372896641434965
2022-02-15,2.01,2.03,1.99,2.0,102774889.0,205810989.0,32872676656.0,0.0031264533179180976
2022-02-16,2.01,2.02,1.97,1.99,104116836.0,207867021.0,32872676656.0,0.003167275883541304
2022-02-17,1.99,2.0,1.95,1.96,101681796.0,200099344.0,32872676656.0,0.0030932009907212953
2022-02-18,1.96,2.0,1.95,1.99,91805225.0,181406968.0,32872676656.0,0.002792751742144596
2022-02-21,1.99,2.0,1.97,1.99,82415496.0,163706088.0,32872676656.0,0.0025071124223453624
2022-02-22,1.98,1.99,1.97,1.97,66535710.0,131666169.0,32872676656.0,0.002024042967242089
2022-02-23,1.98,2.04,1.98,2.0,98891200.0,198370721.0,32872676656.0,0.0030083099418662684
2022-02-24,1.99,2.0,1.91,1.94,152277752.0,298471529.0,32872676656.0,0.0046323502522635585
2022-02-25,1.95,1.98,1.95,1.97,69520501.0,136561743.0,32872676656.0,0.0021148415058349366
2022-02-28,1.96,1.97,1.93,1.93,90187031.0,174991316.0,32872676656.0,0.002743525632055242
2022-03-01,1.93,1.96,1.93,1.95,55663461.0,108420657.0,32872676656.0,0.001693304794814759
2022-03-02,1.94,1.95,1.93,1.94,52067524.0,100822652.0,32872676656.0,0.0015839149499405462
2022-03-03,1.94,1.97,1.94,1.95,67537084.0,132157426.0,32872676656.0,0.002054505165695808
2022-03-04,1.95,1.96,1.94,1.95,57541442.0,112264307.0,32872676656.0,0.0017504337295727148
2022-03-07,1.95,1.95,1.91,1.92,82539568.0,159194058.0,32872676656.0,0.0025108867423162718
2022-03-08,1.91,1.93,1.88,1.89,87443588.0,166439018.0,32872676656.0,0.0026600689963602216
2022-03-09,1.9,1.91,1.81,1.86,111191430.0,206671971.0,32872676656.0,0.00338248786868121
2022-03-10,1.89,1.9,1.87,1.87,59177972.0,111414017.0,32872676656.0,0.0018002176281315594
2022-03-11,1.86,1.89,1.84,1.88,72413330.0,134552712.0,32872676656.0,0.0022028425235272996
2022-03-14,1.86,1.87,1.84,1.84,62464006.0,115734687.0,32872676656.0,0.001900180099529526
2022-03-15,1.84,1.85,1.81,1.81,100187177.0,182904639.0,32872676656.0,0.003047734081663642
2022-03-16,1.82,1.84,1.79,1.83,135443012.0,246190640.0,32872676656.0,0.00412023071371277
2022-03-17,1.84,1.85,1.83,1.84,91142665.0,167565492.0,32872676656.0,0.0027725964013753175
2022-03-18,1.83,1.89,1.82,1.86,102923259.0,191046257.0,32872676656.0,0.0031309667927882047
2022-03-21,1.86,1.86,1.84,1.85,54375859.0,100552693.0,32872676656.0,0.001654135425874278
2022-03-22,1.79,1.84,1.79,1.83,97854138.0,177912904.0,32872676656.0,0.002976762100147979
2022-03-23,1.82,1.83,1.82,1.82,40526142.0,73833752.0,32872676656.0,0.0012328214834493275
2022-03-24,1.82,1.83,1.81,1.82,43447751.0,78989971.0,32872676656.0,0.0013216980002773767
2022-03-25,1.82,1.83,1.82,1.82,35990122.0,65626319.0,32872676656.0,0.0010948339369082375
2022-03-28,1.82,1.83,1.8,1.81,49998948.0,90413125.0,32872676656.0,0.001520988038887733
2022-03-29,1.8,1.83,1.8,1.81,38690312.0,70327318.0,32872676656.0,0.0011769747990064616
2022-03-30,1.82,1.83,1.81,1.82,39194521.0,71269349.0,32872676656.0,0.0011923130388850195
2022-03-31,1.81,1.83,1.8,1.81,67499431.0,122341669.0,32872676656.0,0.00205335974634362
2022-04-01,1.81,1.83,1.8,1.82,77802769.0,141090029.0,32872676656.0,0.0023667914181183434
2022-04-06,1.81,1.82,1.8,1.81,56751358.0,102550195.0,32872676656.0,0.0017263990576088853
2022-04-07,1.81,1.82,1.8,1.8,46559288.0,84068102.0,32872676656.0,0.0014163522029929342
2022-04-08,1.8,1.81,1.78,1.79,58298391.0,104541281.0,32872676656.0,0.0017734604215552748
2022-04-11,1.79,1.8,1.71,1.72,100934704.0,176664985.0,32872676656.0,0.0030704741526296478
2022-04-12,1.71,1.81,1.71,1.81,102103877.0,180285799.0,32872676656.0,0.003106040863921063
2022-04-13,1.79,1.8,1.77,1.77,57838448.0,102932407.0,32872676656.0,0.0017594687711395471
2022-04-14,1.78,1.79,1.77,1.77,43223624.0,76858447.0,32872676656.0,0.0013148799671021227
2022-04-15,1.77,1.77,1.73,1.75,50753753.0,88783356.0,32872676656.0,0.0015439495095309285
2022-04-18,1.75,1.75,1.73,1.74,36076275.0,62692876.0,32872676656.0,0.0010974547457003405
2022-04-19,1.73,1.74,1.72,1.74,35352996.0,61259030.0,32872676656.0,0.0010754523086134906
2022-04-20,1.74,1.74,1.72,1.73,40400383.0,69810766.0,32872676656.0,0.0012289958442622294
2022-04-21,1.72,1.73,1.66,1.68,80067805.0,135820942.0,32872676656.0,0.0024356947211168407
2022-04-22,1.67,1.71,1.65,1.69,55037760.0,92151705.0,32872676656.0,0.0016742707195994146
2022-04-25,1.73,1.77,1.73,1.77,157846374.0,278578828.0,32872676656.0,0.004801749965535267
2022-04-26,1.8,1.8,1.7,1.73,135409427.0,237215263.0,32872676656.0,0.0041192090445511306
2022-04-27,1.7,1.77,1.65,1.73,103536957.0,174922066.0,32872676656.0,0.0031496357319324704
2022-04-28,1.73,1.81,1.71,1.79,118623907.0,211382752.0,32872676656.0,0.003608586798128849
2022-04-29,1.78,1.8,1.75,1.79,103066567.0,183040889.0,32872676656.0,0.003135326279589345
2022-05-05,1.75,1.77,1.71,1.73,93057977.0,160961125.0,32872676656.0,0.0028308609601163963
2022-05-06,1.7,1.7,1.67,1.68,69656068.0,117297070.0,32872676656.0,0.0021189655083133064
2022-05-09,1.67,1.72,1.66,1.69,47775861.0,80803244.0,32872676656.0,0.001453360841283359
2022-05-10,1.67,1.69,1.66,1.68,46365015.0,77834222.0,32872676656.0,0.0014104423404638499
2022-05-11,1.68,1.71,1.67,1.69,59648023.0,101070166.0,32872676656.0,0.0018145167679588057
2022-05-12,1.68,1.69,1.66,1.67,53721416.0,89808899.0,32872676656.0,0.0016342270074984793
2022-05-13,1.67,1.68,1.66,1.68,40606091.0,67839978.0,32872676656.0,0.0012352535640747246
2022-05-16,1.67,1.68,1.66,1.67,45099451.0,75366826.0,32872676656.0,0.001371943376316706
2022-05-17,1.67,1.68,1.66,1.68,40483684.0,67725880.0,32872676656.0,0.0012315298940711852
2022-05-19,1.72,1.74,1.7,1.71,134364854.0,231311126.0,32872676656.0,0.004087432715202259
2022-05-20,1.7,1.71,1.68,1.7,76255529.0,129021724.0,32872676656.0,0.0023197237571489834
2022-05-23,1.7,1.7,1.68,1.69,53654348.0,90516373.0,32872676656.0,0.0016321867720560832
2022-05-24,1.69,1.69,1.66,1.66,57721094.0,96763448.0,32872676656.0,0.0017558988154213664
2022-05-25,1.66,1.68,1.66,1.67,35150574.0,58736984.0,32872676656.0,0.0010692945502380998
2022-05-26,1.68,1.68,1.67,1.68,43005639.0,72019036.0,32872676656.0,0.0013082487760287238
2022-05-27,1.68,1.69,1.67,1.68,34525344.0,57992946.0,32872676656.0,0.0010502748030315429
2022-05-30,1.68,1.68,1.67,1.67,32442448.0,54298019.0,32872676656.0,0.0009869122718389445
2022-05-31,1.67,1.68,1.66,1.67,46439218.0,77448023.0,32872676656.0,0.001412699625466118
2022-06-01,1.67,1.68,1.66,1.67,43543198.0,72628538.0,32872676656.0,0.0013246015362747283
2022-06-02,1.67,1.67,1.65,1.66,54973389.0,91347890.0,32872676656.0,0.001672312527978038
2022-06-06,1.66,1.67,1.65,1.66,62556311.0,103597007.0,32872676656.0,0.0019029880546274918
2022-06-07,1.66,1.67,1.65,1.67,43136917.0,71482867.0,32872676656.0,0.001312242305407964
2022-06-08,1.66,1.67,1.65,1.66,40269933.0,66860114.0,32872676656.0,0.0012250275029748706
2022-06-09,1.66,1.67,1.64,1.65,44760569.0,73949430.0,32872676656.0,0.00136163445004501
2022-06-10,1.64,1.65,1.63,1.64,54477973.0,89343506.0,32872676656.0,0.0016572417746839167
2022-06-13,1.63,1.64,1.6,1.61,89975534.0,145131975.0,32872676656.0,0.0027370918085423824
2022-06-14,1.6,1.6,1.57,1.59,69788081.0,110632520.0,32872676656.0,0.0021229813966871514
2022-06-15,1.58,1.67,1.58,1.62,270068585.0,439767988.0,32872676656.0,0.008215594605397197
2022-06-16,1.6,1.61,1.58,1.6,98458608.0,157230874.0,32872676656.0,0.0029951503198334503
2022-06-17,1.59,1.6,1.58,1.59,48002453.0,76382365.0,32872676656.0,0.0014602538607466416
2022-06-20,1.59,1.63,1.59,1.61,76788432.0,123416315.0,32872676656.0,0.002335934880008756
2022-06-21,1.61,1.64,1.6,1.61,62978661.0,101818050.0,32872676656.0,0.0019158361109150807
2022-06-22,1.61,1.62,1.59,1.6,48717982.0,78057774.0,32872676656.0,0.0014820205397271134
2022-06-23,1.6,1.61,1.59,1.6,49055225.0,78459552.0,32872676656.0,0.0014922796069618603
2022-06-24,1.6,1.61,1.59,1.6,71170463.0,113547805.0,32872676656.0,0.002165034011217635
2022-06-27,1.6,1.63,1.59,1.6,111177314.0,178375281.0,32872676656.0,0.0033820584543031926
2022-06-28,1.59,1.61,1.58,1.6,91095244.0,144980293.0,32872676656.0,0.0027711538355478906
2022-06-29,1.6,1.61,1.58,1.58,75776989.0,120767102.0,32872676656.0,0.0023051663785391505
2022-06-30,1.59,1.61,1.57,1.58,175501325.0,278464062.0,32872676656.0,0.00533882065146548
2022-07-01,1.58,1.59,1.56,1.57,81161068.0,127115723.0,32872676656.0,0.002468952219781783
2022-07-04,1.57,1.57,1.56,1.57,52507051.0,82083997.0,32872676656.0,0.0015972855374530716
2022-07-05,1.56,1.57,1.54,1.55,79871118.0,124172950.0,32872676656.0,0.00242971142374017
2022-07-06,1.54,1.55,1.51,1.52,93363988.0,142124475.0,32872676656.0,0.0028401699373926392
2022-07-07,1.51,1.52,1.5,1.51,59769139.0,89892469.0,32872676656.0,0.0018182011652248826
2022-07-08,1.51,1.52,1.5,1.51,35921744.0,54384748.0,32872676656.0,0.0010927538507407633
2022-07-11,1.51,1.51,1.48,1.48,73439029.0,109374485.0,32872676656.0,0.002234044698231038
2022-07-12,1.48,1.48,1.45,1.46,74534304.0,108914263.0,32872676656.0,0.002267363402742436
2022-07-13,1.46,1.5,1.46,1.49,79965062.0,119090407.0,32872676656.0,0.0024325692378750845
2022-07-14,1.48,1.48,1.46,1.47,49745175.0,73262771.0,32872676656.0,0.0015132681625096807
2022-07-15,1.43,1.43,1.4,1.4,154862370.0,217382796.0,32872676656.0,0.004710975367797869
2022-07-18,1.35,1.39,1.33,1.37,155565774.0,210488968.0,32872676656.0,0.004732373199418361
2022-07-19,1.36,1.4,1.36,1.39,72533262.0,100130552.0,32872676656.0,0.0022064909030388023
2022-07-20,1.38,1.39,1.37,1.38,46804174.0,64522336.0,32872676656.0,0.0014238017332688724
2022-07-21,1.37,1.45,1.36,1.43,123879581.0,174058211.0,32872676656.0,0.0037684665078038053
2022-07-22,1.41,1.43,1.38,1.4,82404433.0,116114143.0,32872676656.0,0.0025067758814510573
2022-07-25,1.39,1.42,1.38,1.39,61561597.0,86142823.0,32872676656.0,0.001872728456043254
2022-07-26,1.39,1.42,1.38,1.42,54735474.0,76993203.0,32872676656.0,0.0016650750583162368
2022-07-27,1.41,1.42,1.39,1.4,47651552.0,66741895.0,32872676656.0,0.0014495793116774543
2022-07-28,1.4,1.41,1.38,1.38,71215168.0,99073392.0,32872676656.0,0.002166393955236427
2022-07-29,1.38,1.39,1.36,1.37,63088480.0,86618691.0,32872676656.0,0.0019191768489130604
2022-08-01,1.37,1.37,1.35,1.36,51632131.0,70121222.0,32872676656.0,0.001570670120365023
2022-08-02,1.35,1.36,1.3,1.3,140308971.0,184879743.0,32872676656.0,0.004268255136880996
2022-08-03,1.29,1.32,1.27,1.28,93466095.0,121127225.0,32872676656.0,0.0028432760732594723
2022-08-04,1.28,1.3,1.27,1.28,82064081.0,104961280.0,32872676656.0,0.002496422237190152
2022-08-05,1.28,1.32,1.27,1.31,83087594.0,107439311.0,32872676656.0,0.0025275579128976908
2022-08-08,1.28,1.3,1.27,1.29,71805658.0,92453002.0,32872676656.0,0.0021843568977183933
2022-08-09,1.29,1.35,1.28,1.33,102472632.0,135671070.0,32872676656.0,0.003117258538826544
2022-08-10,1.32,1.32,1.3,1.31,53322602.0,69878926.0,32872676656.0,0.0016220949257646602
2022-08-11,1.38,1.38,1.38,1.38,36942380.0,50980484.0,32872676656.0,0.0011238020069551345
2022-08-12,1.45,1.45,1.45,1.45,15344276.0,22249200.0,32872676656.0,0.00046677902625855464
2022-08-15,1.52,1.52,1.52,1.52,13781630.0,20948078.0,32872676656.0,0.0004192427085941158
2022-08-16,1.55,1.59,1.48,1.54,436747196.0,675831164.0,32872676656.0,0.013286024760636091
2022-08-17,1.52,1.54,1.49,1.5,175436349.0,264750226.0,32872676656.0,0.005336844055501605
2022-08-18,1.49,1.57,1.48,1.54,138123626.0,211939399.0,32872676656.0,0.004201776066044483
2022-08-19,1.53,1.56,1.52,1.54,86807321.0,133459807.0,32872676656.0,0.0026407134991897814
2022-08-22,1.53,1.54,1.51,1.54,79334960.0,121071485.0,32872676656.0,0.002413401282475718
2022-08-23,1.53,1.57,1.52,1.55,77529263.0,119755394.0,32872676656.0,0.0023584712559708513
2022-08-24,1.55,1.56,1.51,1.52,80392126.0,123187172.0,32872676656.0,0.002445560695932153
2022-08-25,1.52,1.53,1.5,1.52,55290469.0,83753849.0,32872676656.0,0.001681958228670991
2022-08-26,1.52,1.53,1.51,1.52,47522616.0,72290130.0,32872676656.0,0.0014456570268769416
2022-08-29,1.51,1.54,1.5,1.53,60074280.0,91323474.0,32872676656.0,0.0018274836767524102
2022-08-30,1.52,1.54,1.52,1.52,47894533.0,73126788.0,32872676656.0,0.0014569708910898247
2022-08-31,1.52,1.53,1.51,1.52,63365536.0,96225497.0,32872676656.0,0.0019276050034834741
2022-09-01,1.52,1.52,1.5,1.5,48854366.0,73724873.0,32872676656.0,0.0014861693956729558
2022-09-02,1.53,1.54,1.52,1.54,69437974.0,106292556.0,32872676656.0,0.0021123310014162177
2022-09-05,1.53,1.54,1.52,1.53,41971993.0,64118269.0,32872676656.0,0.0012768048503996455
2022-09-06,1.53,1.55,1.52,1.54,68539441.0,105448896.0,32872676656.0,0.002084997267403536
2022-09-07,1.54,1.55,1.53,1.55,41311420.0,63696313.0,32872676656.0,0.001256709954966802
2022-09-08,1.54,1.6,1.54,1.59,112799699.0,177230097.0,32872676656.0,0.003431412056292396
2022-09-09,1.57,1.59,1.56,1.58,59074322.0,92943836.0,32872676656.0,0.0017970645535862566
2022-09-13,1.58,1.58,1.55,1.55,57379840.0,89605951.0,32872676656.0,0.0017455177319589184
2022-09-14,1.54,1.56,1.52,1.55,59893410.0,92140463.0,32872676656.0,0.0018219815388555562
2022-09-15,1.54,1.55,1.51,1.53,51591977.0,78800596.0,32872676656.0,0.0015694486195903766
2022-09-16,1.53,1.53,1.5,1.5,56978672.0,86117096.0,32872676656.0,0.001733314040601562
2022-09-19,1.5,1.5,1.43,1.43,107987429.0,156979165.0,32872676656.0,0.0032850208740239557
2022-09-20,1.43,1.45,1.42,1.44,39815106.0,57244267.0,32872676656.0,0.0012111914833297535
2022-09-21,1.43,1.45,1.4,1.44,52001047.0,74046081.0,32872676656.0,0.0015818926929550363
2022-09-22,1.43,1.45,1.42,1.44,32178923.0,46177389.0,32872676656.0,0.0009788957357120666
2022-09-23,1.51,1.51,1.51,1.51,16576370.0,25030319.0,32872676656.0,0.0005042598195901532
2022-09-26,1.53,1.59,1.52,1.56,224577153.0,350041304.0,32872676656.0,0.006831727009945497
2022-09-27,1.55,1.63,1.53,1.61,154826844.0,244822843.0,32872676656.0,0.004709894652638231
2022-09-28,1.6,1.65,1.59,1.59,121738972.0,195911722.0,32872676656.0,0.00370334832401851
2022-09-30,1.65,1.73,1.62,1.63,443762396.0,742234918.0,32872676656.0,0.013499429956489516
2022-10-10,1.6,1.6,1.52,1.53,201537318.0,314738726.0,32872676656.0,0.006130845994349989
2022-10-11,1.53,1.54,1.48,1.51,132097513.0,199284076.0,32872676656.0,0.004018459293179864
2022-10-12,1.5,1.52,1.47,1.51,117263830.0,175232339.0,32872676656.0,0.003567212710638722
2022-10-13,1.51,1.54,1.49,1.51,112633243.0,170386229.0,32872676656.0,0.0034263483980530047
2022-10-14,1.51,1.53,1.5,1.52,112424164.0,170523993.0,32872676656.0,0.003419988131069335
2022-10-17,1.5,1.52,1.5,1.51,88487903.0,133589128.0,32872676656.0,0.00269183747724568
2022-10-18,1.53,1.61,1.52,1.57,236318529.0,371066507.0,32872676656.0,0.007188904374078908
2022-10-19,1.56,1.59,1.54,1.54,132189784.0,206221837.0,32872676656.0,0.004021266213984203
2022-10-20,1.53,1.61,1.51,1.57,194202327.0,303284120.0,32872676656.0,0.00590771262809698
2022-10-21,1.56,1.59,1.55,1.56,130436427.0,204754404.0,32872676656.0,0.003967928391258411
2022-10-24,1.56,1.57,1.5,1.51,148225582.0,227627192.0,32872676656.0,0.004509081616660672
2022-10-25,1.5,1.53,1.5,1.53,110975286.0,168169257.0,32872676656.0,0.0033759126815657257
2022-10-26,1.53,1.54,1.51,1.52,89144202.0,136031166.0,32872676656.0,0.0027118023558854064
2022-10-27,1.53,1.54,1.52,1.52,76911352.0,117417792.0,32872676656.0,0.002339674155677918
2022-10-28,1.52,1.52,1.48,1.49,102040245.0,152702332.0,32872676656.0,0.0031041051529758948
2022-10-31,1.46,1.48,1.44,1.45,105098888.0,152614061.0,32872676656.0,0.003197150299010321
2022-11-01,1.44,1.52,1.44,1.51,119378098.0,176613146.0,32872676656.0,0.0036315295906459394
2022-11-02,1.51,1.55,1.49,1.53,161035164.0,245282384.0,32872676656.0,0.004898754235475603
2022-11-03,1.51,1.53,1.5,1.51,82129666.0,124385609.0,32872676656.0,0.0024984173591781275
2022-11-04,1.51,1.56,1.5,1.55,168430567.0,259453143.0,32872676656.0,0.005123725358983131
2022-11-07,1.54,1.57,1.52,1.57,157935321.0,244474093.0,32872676656.0,0.00480445576892727
2022-11-08,1.57,1.57,1.55,1.56,95714988.0,149427330.0,32872676656.0,0.002911688299727484
2022-11-09,1.57,1.6,1.56,1.57,141230262.0,222950593.0,32872676656.0,0.004296281178375608
2022-11-10,1.57,1.64,1.55,1.61,268789494.0,429903686.0,32872676656.0,0.008176684144488121
2022-11-11,1.63,1.64,1.59,1.6,257308452.0,414974816.0,32872676656.0,0.007827426244982562
2022-11-14,1.61,1.62,1.57,1.57,155248236.0,247129784.0,32872676656.0,0.004722713566181831
2022-11-15,1.58,1.61,1.57,1.6,125995595.0,201276040.0,32872676656.0,0.0038328365018308595
2022-11-16,1.61,1.63,1.6,1.62,127552504.0,206140376.0,32872676656.0,0.003880198297655777
2022-11-17,1.61,1.63,1.6,1.62,117328953.0,189923100.0,32872676656.0,0.0035691937784015173
2022-11-18,1.64,1.67,1.61,1.62,167288537.0,274323423.0,32872676656.0,0.0050889843486312545
2022-11-21,1.61,1.61,1.56,1.57,140633480.0,222131844.0,32872676656.0,0.004278126830731663
2022-11-22,1.58,1.59,1.56,1.57,106493266.0,167514102.0,32872676656.0,0.0032395678366690774
2022-11-23,1.57,1.57,1.54,1.56,103102097.0,160385876.0,32872676656.0,0.003136407116430586
2022-11-24,1.56,1.56,1.53,1.54,97104727.0,149926022.0,32872676656.0,0.0029539647171468227
2022-11-25,1.54,1.56,1.53,1.56,78716137.0,121870687.0,32872676656.0,0.0023945764387772344
2022-11-28,1.54,1.58,1.53,1.57,120065038.0,186979583.0,32872676656.0,0.0036524265807872827
2022-11-29,1.57,1.63,1.56,1.63,220629509.0,353767454.0,32872676656.0,0.006711638097159033
2022-11-30,1.62,1.65,1.61,1.64,169868556.0,275828831.0,32872676656.0,0.005167469560742179
2022-12-01,1.66,1.7,1.62,1.63,201731762.0,331616641.0,32872676656.0,0.006136761058767614
2022-12-02,1.62,1.65,1.61,1.63,102513680.0,167391509.0,32872676656.0,0.003118507235439526
2022-12-05,1.66,1.79,1.66,1.79,459480253.0,805440584.0,32872676656.0,0.013977573466507923
2022-12-06,1.79,1.85,1.76,1.78,545466250.0,978760571.0,32872676656.0,0.016593301960412164
2022-12-07,1.78,1.96,1.77,1.96,839297211.0,1611784611.0,32872676656.0,0.025531757568235912
2022-12-08,1.96,1.96,1.88,1.92,626587130.0,1199751854.0,32872676656.0,0.019061031645125674
2022-12-09,1.92,1.93,1.83,1.88,358126456.0,669683441.0,32872676656.0,0.010894350336836167
2022-12-12,1.88,1.92,1.84,1.87,321995600.0,607814474.0,32872676656.0,0.009795235215238507
2022-12-13,1.86,1.95,1.84,1.91,348998082.0,662711741.0,32872676656.0,0.010616661540894025
2022-12-14,1.89,1.94,1.86,1.92,263518462.0,500940296.0,32872676656.0,0.008016337238297325
2022-12-15,1.92,1.92,1.85,1.86,210827672.0,394803034.0,32872676656.0,0.006413462286817439
2022-12-16,1.88,1.91,1.85,1.91,220777709.0,417568001.0,32872676656.0,0.006716146400560999
2022-12-19,1.9,1.91,1.83,1.84,199457390.0,371251205.0,32872676656.0,0.006067573750907033
2022-12-20,1.84,1.86,1.81,1.82,129514044.0,237223681.0,32872676656.0,0.003939869130686101
2022-12-21,1.83,1.87,1.82,1.83,105005879.0,193517206.0,32872676656.0,0.0031943209279501755
2022-12-22,1.84,1.88,1.83,1.83,127500750.0,236060165.0,32872676656.0,0.003878623920231584
2022-12-23,1.82,1.85,1.8,1.82,114034053.0,207946592.0,32872676656.0,0.0034689615997298543
2022-12-26,1.82,1.95,1.81,1.89,258772005.0,489008856.0,32872676656.0,0.007871948113868248
2022-12-27,1.93,1.94,1.86,1.88,178921589.0,336230747.0,32872676656.0,0.005442866453265916
2022-12-28,1.86,1.89,1.84,1.85,102163302.0,189837526.0,32872676656.0,0.003107848596239969
2022-12-29,1.85,1.85,1.82,1.83,85949841.0,157642698.0,32872676656.0,0.0026146286138920855
2022-12-30,1.83,1.87,1.82,1.86,97984790.0,181661490.0,32872676656.0,0.002980736586356304
2023-01-03,1.86,1.87,1.83,1.85,88750194.0,163803233.0,32872676656.0,0.0026998164745979424
2023-01-04,1.85,1.88,1.84,1.86,96605203.0,179369618.0,32872676656.0,0.0029387689968461204
2023-01-05,1.86,1.88,1.85,1.87,121450260.0,226423507.0,32872676656.0,0.0036945655892561035
2023-01-06,1.86,1.89,1.83,1.84,114730617.0,212637970.0,32872676656.0,0.0034901513558087184
2023-01-09,1.85,1.85,1.83,1.84,80459359.0,148186581.0,32872676656.0,0.002447605950740685
2023-01-10,1.85,1.85,1.83,1.84,52672082.0,96711883.0,32872676656.0,0.00160230584662129
2023-01-11,1.84,1.85,1.8,1.8,114941462.0,208605321.0,32872676656.0,0.003496565345220241
2023-01-12,1.8,1.81,1.76,1.79,145344073.0,258626560.0,32872676656.0,0.004421424957905624
2023-01-13,1.79,1.82,1.78,1.8,85235713.0,153621562.0,32872676656.0,0.002592904553893167
2023-01-16,1.8,1.84,1.79,1.81,101869171.0,185529741.0,32872676656.0,0.003098901013325503
2023-01-17,1.81,1.82,1.78,1.79,73932914.0,132647152.0,32872676656.0,0.002249068877891499
2023-01-18,1.8,1.84,1.79,1.8,87092928.0,157997154.0,32872676656.0,0.0026494017786076324
2023-01-19,1.8,1.81,1.79,1.8,59857059.0,107801422.0,32872676656.0,0.0018208757268652399
2023-01-20,1.81,1.84,1.8,1.83,104842461.0,191638596.0,32872676656.0,0.0031893496868884846
2023-01-30,1.86,1.87,1.82,1.83,129643860.0,238543335.0,32872676656.0,0.0039438181854393375
2023-01-31,1.82,1.84,1.81,1.81,87973428.0,159996532.0,32872676656.0,0.0026761869415322733
2023-02-01,1.81,1.82,1.78,1.82,126226889.0,226903555.0,32872676656.0,0.003839872558018812
2023-02-02,1.82,1.82,1.79,1.8,89592981.0,161240363.0,32872676656.0,0.002725454392946346
2023-02-03,1.8,1.8,1.77,1.78,95891623.0,170853487.0,32872676656.0,0.0029170616072268524
2023-02-06,1.78,1.8,1.76,1.78,87579017.0,155796451.0,32872676656.0,0.002664188800823278
2023-02-07,1.78,1.79,1.77,1.78,71440751.0,127185438.0,32872676656.0,0.002173256280515279
2023-02-08,1.78,1.8,1.78,1.79,65041676.0,116582145.0,32872676656.0,0.0019785938541189174
2023-02-09,1.79,1.8,1.78,1.8,68486232.0,122459744.0,32872676656.0,0.0020833786282961455
2023-02-10,1.8,1.81,1.79,1.8,86810200.0,156280811.0,32872676656.0,0.0026408010795237508
2023-02-13,1.8,1.84,1.79,1.84,161034242.0,292830616.0,32872676656.0,0.004898726187866045
2023-02-14,1.84,1.84,1.81,1.82,86290027.0,157082962.0,32872676656.0,0.0026249772083664544
2023-02-15,1.82,1.82,1.79,1.8,78445011.0,141182066.0,32872676656.0,0.0023863286771837007
2023-02-16,1.8,1.83,1.78,1.79,122675961.0,221744365.0,32872676656.0,0.0037318519049652408
2023-02-17,1.78,1.8,1.78,1.78,79997168.0,142974859.0,32872676656.0,0.0024335459152639073
2023-02-20,1.79,1.8,1.77,1.8,79714375.0,142380672.0,32872676656.0,0.002424943238853972
2023-02-21,1.8,1.8,1.78,1.79,57158128.0,102225198.0,32872676656.0,0.0017387731640516521
2023-02-22,1.79,1.8,1.78,1.79,49466923.0,88416214.0,32872676656.0,0.0015048036251398829
2023-02-23,1.79,1.79,1.78,1.78,52232346.0,93127609.0,32872676656.0,0.0015889289012449926
2023-02-24,1.78,1.79,1.77,1.77,42516129.0,75531519.0,32872676656.0,0.0012933576856218629
2023-02-27,1.77,1.79,1.76,1.77,66690728.0,118423553.0,32872676656.0,0.002028758676936867
2023-02-28,1.77,1.79,1.77,1.79,53653786.0,95511065.0,32872676656.0,0.0016321696757908206
2023-03-01,1.79,1.79,1.78,1.79,49184782.0,87772358.0,32872676656.0,0.001496220782831284
2023-03-02,1.79,1.8,1.78,1.78,63652727.0,113854638.0,32872676656.0,0.001936341468816229
2023-03-03,1.78,1.79,1.77,1.78,113399922.0,201727203.0,32872676656.0,0.003449671080535572
2023-03-06,1.78,1.8,1.77,1.79,91010033.0,162831319.0,32872676656.0,0.0027685616827733627
2023-03-07,1.79,1.8,1.77,1.77,93960677.0,167463995.0,32872676656.0,0.002858321455939307
2023-03-08,1.77,1.78,1.76,1.77,50697898.0,89869291.0,32872676656.0,0.0015422503780429604
2023-03-09,1.77,1.78,1.76,1.77,46405717.0,82118335.0,32872676656.0,0.0014116805116181472
2023-03-10,1.76,1.77,1.74,1.74,83550068.0,146367647.0,32872676656.0,0.0025416265573479013
2023-03-13,1.74,1.76,1.73,1.75,69265385.0,120835906.0,32872676656.0,0.002107080774858579
2023-03-14,1.74,1.76,1.72,1.73,79763086.0,138751909.0,32872676656.0,0.0024264250469984605
2023-03-15,1.74,1.74,1.72,1.72,64756025.0,111980975.0,32872676656.0,0.00196990423620343
2023-03-16,1.72,1.72,1.67,1.68,136937611.0,231195073.0,32872676656.0,0.004165697014362407
2023-03-17,1.68,1.72,1.67,1.69,103061951.0,175182342.0,32872676656.0,0.0031351858590191466
2023-03-20,1.69,1.7,1.67,1.68,67126406.0,113107407.0,32872676656.0,0.002042012176326625
2023-03-21,1.68,1.69,1.67,1.69,54716453.0,92032497.0,32872676656.0,0.0016644964318721829
2023-03-22,1.69,1.7,1.68,1.69,41870759.0,70860292.0,32872676656.0,0.001273725271542731
2023-03-23,1.69,1.7,1.69,1.7,42565051.0,72109971.0,32872676656.0,0.0012948459124709252
2023-03-24,1.7,1.78,1.69,1.76,199693153.0,348907873.0,32872676656.0,0.006074745755866264
2023-03-27,1.76,1.78,1.73,1.75,99599257.0,174683684.0,32872676656.0,0.003029849319611791
2023-03-28,1.75,1.76,1.72,1.72,56852168.0,98575794.0,32872676656.0,0.0017294657382158506
2023-03-29,1.73,1.76,1.72,1.74,83836827.0,146258127.0,32872676656.0,0.0025503498810675006
2023-03-30,1.75,1.75,1.72,1.74,65505086.0,113616294.0,32872676656.0,0.001992690972064298
2023-03-31,1.74,1.77,1.74,1.76,72854484.0,127812516.0,32872676656.0,0.0022162626050319643
2023-04-03,1.76,1.83,1.75,1.81,217453813.0,392215607.0,32872676656.0,0.006615032151947073
2023-04-04,1.81,1.82,1.78,1.79,108307865.0,194843755.0,32872676656.0,0.0032947686655820704
2023-04-06,1.79,1.82,1.78,1.8,101221802.0,182420135.0,32872676656.0,0.003079207788865126
2023-04-07,1.8,1.81,1.78,1.79,85886889.0,153918698.0,32872676656.0,0.0026127135888194767
2023-04-10,1.8,1.8,1.77,1.77,72427205.0,128966173.0,32872676656.0,0.002203264606588719
2023-04-11,1.78,1.78,1.75,1.76,79779255.0,140798633.0,32872676656.0,0.0024269169144593675
2023-04-12,1.77,1.78,1.75,1.77,55331363.0,97618952.0,32872676656.0,0.0016832022405422465
2023-04-13,1.76,1.77,1.75,1.75,51930910.0,91247365.0,32872676656.0,0.0015797590973025144
2023-04-14,1.75,1.77,1.75,1.75,56708329.0,99628163.0,32872676656.0,0.0017250900981818729
2023-04-17,1.76,1.78,1.74,1.75,258190950.0,453192350.0,32872676656.0,0.007854272187868046
2023-04-18,1.75,1.75,1.71,1.73,84700092.0,146266933.0,32872676656.0,0.0025766107483839572
2023-04-19,1.72,1.74,1.71,1.71,76068730.0,130962508.0,32872676656.0,0.00231404125669565
2023-04-20,1.71,1.72,1.7,1.71,56472968.0,96688926.0,32872676656.0,0.0017179303222237736
2023-04-21,1.72,1.73,1.68,1.69,121671287.0,206967424.0,32872676656.0,0.003701289319188806
2023-04-24,1.69,1.7,1.67,1.68,76096794.0,127741310.0,32872676656.0,0.0023148949748243463
2023-04-25,1.68,1.72,1.68,1.7,90320032.0,153234273.0,32872676656.0,0.0027475715757851005
2023-04-26,1.7,1.7,1.68,1.69,56559290.0,95642041.0,32872676656.0,0.0017205562720636156
2023-04-27,1.69,1.71,1.68,1.7,64797685.0,109984292.0,32872676656.0,0.0019711715501017158
2023-04-28,1.72,1.74,1.69,1.71,182193638.0,311723692.0,32872676656.0,0.005542403495358373
2023-05-04,1.71,1.72,1.69,1.7,110424292.0,188104260.0,32872676656.0,0.0033591512232346646
2023-05-05,1.71,1.71,1.69,1.69,68541215.0,116415004.0,32872676656.0,0.0020850512331945957
2023-05-08,1.7,1.7,1.68,1.69,115344242.0,194826435.0,32872676656.0,0.003508818074263724
2023-05-09,1.69,1.71,1.68,1.69,99568231.0,168994837.0,32872676656.0,0.003028905496255857
2023-05-10,1.69,1.7,1.67,1.68,95694935.0,160684328.0,32872676656.0,0.0029110782794297806
2023-05-11,1.68,1.69,1.67,1.68,48583506.0,81714283.0,32872676656.0,0.0014779297259060412
2023-05-12,1.68,1.7,1.67,1.69,117174086.0,197099893.0,32872676656.0,0.0035644826621872637
2023-05-15,1.69,1.69,1.67,1.69,57892853.0,97309636.0,32872676656.0,0.0017611237930463218
2023-05-16,1.69,1.69,1.67,1.67,63617131.0,106923491.0,32872676656.0,0.001935258624228534
2023-05-17,1.67,1.68,1.66,1.68,71921390.0,120251487.0,32872676656.0,0.0021878775115464393
2023-05-18,1.68,1.68,1.67,1.67,47332284.0,79284004.0,32872676656.0,0.0014398670511475006
2023-05-19,1.67,1.68,1.66,1.67,46669337.0,78090287.0,32872676656.0,0.0014196999376831032
2023-05-22,1.68,1.68,1.67,1.68,55853907.0,93608451.0,32872676656.0,0.0016990982384698938
2023-05-23,1.68,1.68,1.66,1.67,61784556.0,103364434.0,32872676656.0,0.0018795109581903465
2023-05-24,1.67,1.67,1.65,1.66,82077926.0,136311214.0,32872676656.0,0.002496843407639546
2023-05-25,1.66,1.66,1.62,1.64,101438461.0,165757870.0,32872676656.0,0.0030857986424870335
2023-05-26,1.63,1.64,1.61,1.62,59275059.0,95928064.0,32872676656.0,0.0018031710535862608
2023-05-29,1.62,1.65,1.62,1.62,86627227.0,141701337.0,32872676656.0,0.002635234967523966
2023-05-30,1.63,1.63,1.58,1.61,105766997.0,169009946.0,32872676656.0,0.0032174744425837666
2023-05-31,1.61,1.71,1.6,1.71,386943180.0,646745278.0,32872676656.0,0.011770966631321584
2023-06-01,1.69,1.7,1.65,1.67,149163993.0,249288947.0,32872676656.0,0.004537628455417372
2023-06-02,1.67,1.68,1.65,1.68,69105220.0,115519148.0,32872676656.0,0.002102208491360765
2023-06-05,1.68,1.72,1.67,1.7,100511533.0,170514598.0,32872676656.0,0.0030576011211929832
2023-06-06,1.7,1.71,1.67,1.69,65889468.0,111292198.0,32872676656.0,0.0020043840265734397
2023-06-07,1.68,1.69,1.67,1.67,42169812.0,70850448.0,32872676656.0,0.0012828225836700481
2023-06-08,1.68,1.69,1.67,1.68,48495819.0,81491409.0,32872676656.0,0.0014752622522190759
2023-06-09,1.68,1.7,1.67,1.68,47703197.0,80410318.0,32872676656.0,0.0014511503732779576
2023-06-12,1.68,1.69,1.66,1.67,46730605.0,78141390.0,32872676656.0,0.001421563734800726
2023-06-13,1.67,1.67,1.64,1.64,65023124.0,107378492.0,32872676656.0,0.001978029494842849
2023-06-14,1.64,1.66,1.64,1.65,49112357.0,80893805.0,32872676656.0,0.0014940175853016793
2023-06-15,1.64,1.65,1.63,1.65,49180957.0,80713770.0,32872676656.0,0.0014961044247981362
2023-06-16,1.65,1.67,1.64,1.65,68594700.0,113530648.0,32872676656.0,0.0020866782683326133
2023-06-19,1.66,1.68,1.65,1.66,76560721.0,127361287.0,32872676656.0,0.0023290078201169528
2023-06-20,1.66,1.67,1.63,1.64,80917651.0,133229917.0,32872676656.0,0.0024615473770746537
2023-06-21,1.64,1.65,1.61,1.62,60523914.0,98681550.0,32872676656.0,0.0018411617232560534
2023-06-26,1.61,1.62,1.58,1.58,91464301.0,145568385.0,32872676656.0,0.0027823806974144197
2023-06-27,1.58,1.6,1.58,1.58,52480432.0,83424596.0,32872676656.0,0.0015964757768035644
2023-06-28,1.59,1.6,1.57,1.58,70724883.0,111889553.0,32872676656.0,0.002151479289018928
2023-06-29,1.59,1.59,1.57,1.57,45852184.0,72270688.0,32872676656.0,0.0013948418158893962
2023-06-30,1.58,1.6,1.57,1.58,48389447.0,76671555.0,32872676656.0,0.001472026373342733
2023-07-03,1.59,1.64,1.58,1.63,107367884.0,173561243.0,32872676656.0,0.0032661740667960775
2023-07-04,1.63,1.63,1.61,1.62,53921416.0,87297690.0,32872676656.0,0.0016403110876630769
2023-07-05,1.62,1.63,1.61,1.62,56816459.0,91997588.0,32872676656.0,0.0017283794561228625
2023-07-06,1.62,1.63,1.61,1.62,41339262.0,67006879.0,32872676656.0,0.0012575569197665155
2023-07-07,1.61,1.62,1.61,1.61,29447263.0,47474202.0,32872676656.0,0.0008957975435999433
2023-07-10,1.62,1.63,1.61,1.62,34848078.0,56441933.0,32872676656.0,0.0010600925006707491
2023-07-11,1.62,1.62,1.61,1.61,25574813.0,41242469.0,32872676656.0,0.0007779960624329635
2023-07-12,1.61,1.62,1.59,1.6,46617610.0,74676557.0,32872676656.0,0.0014181263816097326
2023-07-13,1.6,1.61,1.59,1.6,40153931.0,64227083.0,32872676656.0,0.0012214986756386025
2023-07-14,1.6,1.61,1.59,1.61,40559316.0,64956600.0,32872676656.0,0.0012338306498262293
2023-07-17,1.6,1.6,1.59,1.6,32952713.0,52548599.0,32872676656.0,0.0010024347376648866
2023-07-18,1.6,1.62,1.59,1.6,69116298.0,110789667.0,32872676656.0,0.002102545488561082
2023-07-19,1.6,1.62,1.59,1.6,50961909.0,81671769.0,32872676656.0,0.0015502816984846383
2023-07-20,1.6,1.61,1.59,1.59,36670238.0,58522898.0,32872676656.0,0.001115523338234365
2023-07-21,1.59,1.61,1.59,1.6,41325879.0,66074809.0,32872676656.0,0.0012571498035423014
2023-07-24,1.6,1.61,1.59,1.6,33006078.0,52821839.0,32872676656.0,0.0010040581223548053
2023-07-25,1.6,1.63,1.6,1.62,65954809.0,106432752.0,32872676656.0,0.0020063717259836147
2023-07-26,1.62,1.65,1.61,1.64,109216280.0,177916809.0,32872676656.0,0.003322403013995685
2023-07-27,1.63,1.66,1.63,1.64,108146579.0,177570695.0,32872676656.0,0.003289862280814934
2023-07-28,1.63,1.67,1.63,1.66,94144155.0,155673467.0,32872676656.0,0.0028639029302415073
2023-07-31,1.66,1.7,1.66,1.67,164152542.0,274991282.0,32872676656.0,0.004993586123752368
2023-08-01,1.68,1.71,1.66,1.7,157942415.0,266789242.0,32872676656.0,0.004804671571250708
2023-08-02,1.7,1.71,1.67,1.68,93058992.0,156990984.0,32872676656.0,0.0028308918368232312
2023-08-03,1.68,1.69,1.67,1.68,76693434.0,128831569.0,32872676656.0,0.002333045002771374
2023-08-04,1.69,1.71,1.67,1.67,129481412.0,218227218.0,32872676656.0,0.003938876452166445
2023-08-07,1.67,1.68,1.65,1.66,64672608.0,107501637.0,32872676656.0,0.001967366657627979
2023-08-08,1.65,1.68,1.65,1.66,67456030.0,112161231.0,32872676656.0,0.0020520394705275014
2023-08-09,1.67,1.67,1.64,1.65,66100879.0,109419018.0,32872676656.0,0.0020108152339318288
2023-08-10,1.65,1.69,1.65,1.69,109067507.0,182551205.0,32872676656.0,0.0033178772797040467
2023-08-11,1.69,1.7,1.66,1.66,103248275.0,173074706.0,32872676656.0,0.003140853909782089
2023-08-14,1.66,1.68,1.64,1.65,86285111.0,142645582.0,32872676656.0,0.002624827661676009
2023-08-15,1.65,1.65,1.62,1.63,61077369.0,99844026.0,32872676656.0,0.0018579980461935403
2023-08-16,1.63,1.64,1.62,1.62,39461236.0,64286535.0,32872676656.0,0.0012004266160905227
2023-08-17,1.62,1.64,1.62,1.63,41677173.0,67862960.0,32872676656.0,0.0012678363078290121
2023-08-18,1.64,1.64,1.61,1.61,52189820.0,84667245.0,32872676656.0,0.0015876352432795944
2023-08-21,1.61,1.62,1.59,1.59,68534824.0,109580629.0,32872676656.0,0.002084856816412936
2023-08-22,1.6,1.6,1.57,1.58,80460860.0,127663784.0,32872676656.0,0.0024476516117623204
2023-08-23,1.59,1.59,1.57,1.58,53337698.0,84286194.0,32872676656.0,0.0016225541521354841
2023-08-24,1.57,1.58,1.56,1.56,66750294.0,104804534.0,32872676656.0,0.0020305706985322895
2023-08-25,1.56,1.57,1.54,1.54,70533872.0,109299057.0,32872676656.0,0.0021456686578373283
2023-08-28,1.6,1.61,1.54,1.54,114582873.0,179908116.0,32872676656.0,0.0034856569241095265
2023-08-29,1.54,1.57,1.53,1.56,65860143.0,102692553.0,32872676656.0,0.002003491948319306
2023-08-30,1.57,1.57,1.55,1.56,67850318.0,105786260.0,32872676656.0,0.0020640338695271957
2023-08-31,1.56,1.56,1.54,1.56,107500383.0,166859155.0,32872676656.0,0.0032702047394847227
2023-09-01,1.55,1.57,1.55,1.56,48941859.0,76236011.0,32872676656.0,0.0014888309678021613
2023-09-04,1.56,1.57,1.54,1.56,95820932.0,148650687.0,32872676656.0,0.0029149111586722746
2023-09-05,1.55,1.56,1.54,1.55,52421720.0,81113127.0,32872676656.0,0.0015946897342304452
2023-09-06,1.54,1.55,1.53,1.53,74309938.0,114050015.0,32872676656.0,0.0022605380990913856
2023-09-07,1.53,1.54,1.49,1.49,120189724.0,181766766.0,32872676656.0,0.0036562195788842978
2023-09-08,1.48,1.49,1.47,1.48,65306818.0,96611781.0,32872676656.0,0.001986659580033926
2023-09-11,1.48,1.51,1.48,1.51,65555843.0,98112919.0,32872676656.0,0.0019942350203488706
2023-09-12,1.51,1.52,1.5,1.51,54098370.0,81759865.0,32872676656.0,0.001645694099270308
2023-09-13,1.52,1.52,1.49,1.51,52667861.0,79264453.0,32872676656.0,0.0016021774421094163
2023-09-14,1.51,1.51,1.49,1.5,39056616.0,58641051.0,32872676656.0,0.0011881179135095252
2023-09-15,1.5,1.51,1.48,1.5,109861519.0,164151560.0,32872676656.0,0.003342031443002309
2023-09-18,1.49,1.5,1.48,1.49,68410859.0,101847436.0,32872676656.0,0.0020810857514249144
2023-09-19,1.52,1.56,1.51,1.52,200879403.0,308505333.0,32872676656.0,0.0061108319563425335
2023-09-20,1.51,1.52,1.47,1.48,134106993.0,199585790.0,32872676656.0,0.0040795884802256425
2023-09-21,1.47,1.48,1.46,1.47,70919159.0,104346890.0,32872676656.0,0.002157389242809215
2023-09-22,1.46,1.49,1.46,1.48,63347763.0,93414266.0,32872676656.0,0.0019270643416996471
2023-09-25,1.49,1.49,1.47,1.48,68925636.0,101980464.0,32872676656.0,0.0020967454740993697
2023-09-26,1.48,1.48,1.47,1.47,32785821.0,48303534.0,32872676656.0,0.0009973578161307365
2023-09-27,1.47,1.49,1.47,1.47,61962812.0,91463390.0,32872676656.0,0.0018849335771594492
2023-09-28,1.48,1.49,1.47,1.48,48018346.0,70946555.0,32872676656.0,0.0014607373321769213
2023-10-09,1.48,1.48,1.46,1.46,61469052.0,90062866.0,32872676656.0,0.0018699132000490907
2023-10-10,1.46,1.47,1.45,1.46,43632656.0,63689961.0,32872676656.0,0.0013273228844915513
2023-10-11,1.46,1.47,1.44,1.44,57377412.0,83243799.0,32872676656.0,0.0017454438712257202
2023-10-12,1.45,1.46,1.44,1.46,51254463.0,74354590.0,32872676656.0,0.0015591813084270068
2023-10-13,1.45,1.46,1.43,1.43,57195882.0,82321334.0,32872676656.0,0.001739921655864323
2023-10-16,1.43,1.44,1.4,1.4,70093140.0,98843099.0,32872676656.0,0.0021322614137418115
2023-10-17,1.4,1.42,1.4,1.41,51572334.0,72724563.0,32872676656.0,0.0015688510716570106
2023-10-18,1.41,1.42,1.4,1.4,33481844.0,46977707.0,32872676656.0,0.001018531114772755
2023-10-19,1.39,1.4,1.37,1.38,64463823.0,89284522.0,32872676656.0,0.0019610153342421513
2023-10-20,1.37,1.39,1.35,1.37,100155260.0,136852124.0,32872676656.0,0.003046763153730575
2023-10-23,1.37,1.37,1.33,1.34,70253960.0,94729143.0,32872676656.0,0.0021371536226021644
2023-10-24,1.34,1.37,1.33,1.36,67992166.0,92027911.0,32872676656.0,0.002068348942543135
2023-10-25,1.37,1.41,1.36,1.39,85268671.0,118214650.0,32872676656.0,0.002593907149463491
2023-10-26,1.38,1.39,1.36,1.39,64971938.0,89574737.0,32872676656.0,0.0019764723962063238
2023-10-27,1.39,1.43,1.38,1.43,98069541.0,138814660.0,32872676656.0,0.002983314745746453
2023-10-30,1.46,1.47,1.44,1.46,90767381.0,132094627.0,32872676656.0,0.002761180111672863
2023-10-31,1.47,1.48,1.45,1.46,105066621.0,154050058.0,32872676656.0,0.0031961687239369656
2023-11-01,1.47,1.48,1.45,1.46,66978683.0,98022651.0,32872676656.0,0.0020375183834558507
2023-11-02,1.45,1.46,1.43,1.43,69235560.0,99814837.0,32872676656.0,0.002106173486404033
2023-11-03,1.44,1.45,1.43,1.45,60938544.0,87822250.0,32872676656.0,0.001853774934049289
2023-11-06,1.45,1.47,1.45,1.46,59571951.0,87134060.0,32872676656.0,0.0018122026272273993
2023-11-07,1.46,1.46,1.44,1.44,49889009.0,72149496.0,32872676656.0,0.0015176436504416545
2023-11-08,1.45,1.45,1.43,1.44,52654972.0,75804641.0,32872676656.0,0.0016017853535632088
2023-11-09,1.44,1.45,1.43,1.43,40374594.0,57931377.0,32872676656.0,0.0012282113325454054
2023-11-10,1.43,1.43,1.41,1.43,43210252.0,61450560.0,32872676656.0,0.0013144731855023177
2023-11-13,1.43,1.45,1.42,1.44,49489614.0,71122268.0,32872676656.0,0.0015054938944549573
2023-11-14,1.44,1.45,1.43,1.44,38630595.0,55803577.0,32872676656.0,0.001175158183930515
2023-11-15,1.46,1.47,1.45,1.45,41443211.0,60368837.0,32872676656.0,0.0012607190900116643
2023-11-16,1.45,1.46,1.44,1.45,53987692.0,78318242.0,32872676656.0,0.0016423272301480214
2023-11-17,1.45,1.48,1.44,1.47,101969943.0,149868438.0,32872676656.0,0.0031019665379572368
2023-11-20,1.47,1.48,1.46,1.47,53113919.0,78123232.0,32872676656.0,0.0016157467052597167
2023-11-21,1.48,1.49,1.47,1.47,70017316.0,103571673.0,32872676656.0,0.002129954817269809
2023-11-22,1.47,1.48,1.46,1.47,58712514.0,86359696.0,32872676656.0,0.001786058209205293
2023-11-23,1.47,1.48,1.46,1.47,47110370.0,69163196.0,32872676656.0,0.0014331163383192681
2023-11-24,1.47,1.48,1.45,1.46,69394327.0,101780269.0,32872676656.0,0.002111003242181497
2023-11-27,1.46,1.47,1.44,1.46,71194672.0,103570687.0,32872676656.0,0.002165770458701159
2023-11-28,1.45,1.46,1.44,1.45,50370660.0,73065668.0,32872676656.0,0.0015322956669184475
2023-11-29,1.45,1.46,1.44,1.44,41305758.0,59840893.0,32872676656.0,0.001256537714657342
2023-11-30,1.44,1.46,1.44,1.45,59903263.0,86798604.0,32872676656.0,0.001822281271064865
2023-12-01,1.45,1.45,1.43,1.44,57841739.0,83356233.0,32872676656.0,0.0017595688846786556
2023-12-04,1.44,1.45,1.43,1.44,36634166.0,52848835.0,32872676656.0,0.001114426013535878
2023-12-05,1.45,1.45,1.42,1.42,60151147.0,86119650.0,32872676656.0,0.0018298220017024707
2023-12-06,1.41,1.43,1.4,1.42,57577747.0,81497242.0,32872676656.0,0.0017515381422245934
2023-12-07,1.42,1.42,1.4,1.41,55048764.0,77534280.0,32872676656.0,0.0016746054656900707
2023-12-08,1.41,1.43,1.4,1.42,46177397.0,65534930.0,32872676656.0,0.0014047349257022424
2023-12-11,1.41,1.43,1.4,1.41,53175648.0,75095703.0,32872676656.0,0.001617624526182119
2023-12-12,1.41,1.43,1.41,1.43,30288233.0,43103818.0,32872676656.0,0.0009213801880800515
2023-12-13,1.43,1.43,1.41,1.41,36777442.0,52158094.0,32872676656.0,0.0011187845268841926
2023-12-14,1.42,1.43,1.39,1.39,69739138.0,98069229.0,32872676656.0,0.002121492531009672
2023-12-15,1.4,1.41,1.39,1.4,48047087.0,67205866.0,32872676656.0,0.0014616116449169749
2023-12-18,1.4,1.4,1.38,1.39,46531787.0,64615333.0,32872676656.0,0.0014155156115499012
2023-12-19,1.38,1.39,1.36,1.38,77063281.0,105896674.0,32872676656.0,0.0023442958967545536
2023-12-20,1.37,1.38,1.35,1.35,69174977.0,94188754.0,32872676656.0,0.002104330527260974
2023-12-21,1.35,1.37,1.34,1.36,88695631.0,119890041.0,32872676656.0,0.0026981566462678376
2023-12-22,1.36,1.37,1.35,1.35,68099693.0,92521450.0,32872676656.0,0.0020716199569824284
2023-12-25,1.35,1.35,1.33,1.34,61680694.0,82915485.0,32872676656.0,0.0018763514345200695
2023-12-26,1.34,1.35,1.33,1.33,53287946.0,71140348.0,32872676656.0,0.0016210406763537389
2023-12-27,1.34,1.36,1.33,1.35,65381706.0,87869145.0,32872676656.0,0.0019889377030107578
2023-12-28,1.34,1.38,1.34,1.37,86122344.0,117506839.0,32872676656.0,0.0026198762242952535
2023-12-29,1.37,1.37,1.36,1.37,40159638.0,54877305.0,32872676656.0,0.001221672284866099
2024-01-02,1.37,1.38,1.36,1.37,38710685.0,53180741.0,32872676656.0,0.0011775945538324282
2024-01-03,1.37,1.38,1.35,1.37,61143369.0,83381979.0,32872676656.0,0.0018600057926478574
2024-01-04,1.36,1.37,1.34,1.35,62649953.0,84638429.0,32872676656.0,0.001905836681801358
2024-01-05,1.35,1.37,1.34,1.35,49238175.0,66757580.0,32872676656.0,0.001497845019292426
2024-01-08,1.35,1.36,1.33,1.33,67698927.0,90517933.0,32872676656.0,0.0020594284946262027
2024-01-09,1.33,1.36,1.32,1.35,70316462.0,94599947.0,32872676656.0,0.002139054958494403
2024-01-10,1.35,1.36,1.34,1.35,50685196.0,68472209.0,32872676656.0,0.0015418639781117067
2024-01-11,1.35,1.37,1.34,1.36,77055301.0,104459001.0,32872676656.0,0.002344053141955986
2024-01-12,1.36,1.39,1.35,1.36,103182883.0,141411074.0,32872676656.0,0.0031388646589314718
2024-01-15,1.36,1.38,1.35,1.36,67162675.0,91749302.0,32872676656.0,0.002043115493844074
2024-01-16,1.37,1.42,1.36,1.41,210940196.0,295280807.0,32872676656.0,0.006416885311999645
2024-01-17,1.41,1.42,1.36,1.37,117441741.0,163295822.0,32872676656.0,0.0035726248345695406
2024-01-18,1.36,1.37,1.34,1.37,132943283.0,179822887.0,32872676656.0,0.004044187955583923
2024-01-19,1.38,1.39,1.36,1.37,71137183.0,97860772.0,32872676656.0,0.002164021620278246
2024-01-22,1.38,1.38,1.32,1.33,129939029.0,175799580.0,32872676656.0,0.0039527973447298585
2024-01-23,1.32,1.36,1.32,1.35,98187264.0,131573038.0,32872676656.0,0.0029868959265925378
2024-01-24,1.36,1.38,1.34,1.38,93763406.0,127340390.0,32872676656.0,0.0028523203930485557
2024-01-25,1.38,1.41,1.37,1.4,110270658.0,153310595.0,32872676656.0,0.0033544776153746256
2024-01-26,1.4,1.53,1.39,1.46,293367408.0,427626384.0,32872676656.0,0.008924354139761049
2024-01-29,1.45,1.45,1.41,1.41,157012483.0,224389291.0,32872676656.0,0.0047763826670725856
2024-01-30,1.41,1.41,1.38,1.38,96217842.0,134339433.0,32872676656.0,0.002926985319962927
2024-01-31,1.38,1.39,1.35,1.37,109590117.0,150496165.0,32872676656.0,0.0033337752853781484
2024-02-01,1.37,1.4,1.36,1.38,86721258.0,119725398.0,32872676656.0,0.0026380954282337527
2024-02-02,1.38,1.4,1.34,1.36,131749783.0,180595504.0,32872676656.0,0.004007881207201687
2024-02-05,1.36,1.36,1.31,1.34,153963716.0,205723352.0,32872676656.0,0.004683637952916687
2024-02-06,1.33,1.39,1.32,1.38,140615175.0,190925748.0,32872676656.0,0.004277569985294598
2024-02-07,1.38,1.41,1.37,1.4,165710315.0,230522730.0,32872676656.0,0.005040974202803597
2024-02-08,1.4,1.42,1.39,1.41,163907476.0,230178212.0,32872676656.0,0.0049861311178042815
2024-02-19,1.45,1.46,1.41,1.43,147771503.0,212230389.0,32872676656.0,0.00449526835147537
2024-02-20,1.42,1.43,1.41,1.42,79043739.0,112210625.0,32872676656.0,0.002404542222927647
2024-02-21,1.42,1.46,1.41,1.45,158168898.0,228793580.0,32872676656.0,0.004811561274890301
2024-02-22,1.45,1.46,1.43,1.44,107231849.0,154437649.0,32872676656.0,0.003262035827570122
2024-02-23,1.44,1.45,1.42,1.43,93680629.0,134015733.0,32872676656.0,0.002849802283529631
2024-02-26,1.43,1.43,1.41,1.42,98795320.0,140440236.0,32872676656.0,0.0030053932338353602
2024-02-27,1.42,1.44,1.41,1.43,85495143.0,121877662.0,32872676656.0,0.0026007965184786748
2024-02-28,1.44,1.44,1.41,1.41,115715763.0,164977691.0,32872676656.0,0.0035201198919978813
2024-02-29,1.41,1.43,1.4,1.43,117844665.0,167096169.0,32872676656.0,0.0035848819441507422
2024-03-01,1.43,1.43,1.41,1.42,96132869.0,136366588.0,32872676656.0,0.0029244004072437953
2024-03-04,1.42,1.42,1.4,1.4,96790156.0,136427591.0,32872676656.0,0.0029443953412395347
2024-03-05,1.4,1.41,1.39,1.39,75458829.0,105520967.0,32872676656.0,0.002295487823813309
2024-03-06,1.39,1.4,1.38,1.39,81403689.0,113109823.0,32872676656.0,0.002476332847849857
2024-03-07,1.39,1.41,1.38,1.39,92036348.0,128438458.0,32872676656.0,0.0027997825964440077
2024-03-08,1.39,1.4,1.38,1.4,46340757.0,64602603.0,32872676656.0,0.0014097044023806858
2024-03-11,1.4,1.41,1.39,1.4,101503229.0,141961811.0,32872676656.0,0.003087768911007537
2024-03-12,1.41,1.42,1.4,1.41,104964295.0,147798957.0,32872676656.0,0.0031930559260023527
2024-03-13,1.41,1.41,1.4,1.4,51332995.0,72036200.0,32872676656.0,0.0015615702833444375
2024-03-14,1.4,1.41,1.39,1.39,70357924.0,98403187.0,32872676656.0,0.0021403162491533253
2024-03-15,1.39,1.43,1.39,1.42,235830332.0,334479289.0,32872676656.0,0.007174053225658328
2024-03-18,1.43,1.44,1.42,1.42,100416446.0,143229187.0,32872676656.0,0.0030547085365399277
2024-03-19,1.43,1.43,1.41,1.41,82502902.0,117189910.0,32872676656.0,0.002509771347899696
2024-03-20,1.41,1.42,1.4,1.41,87264986.0,123098148.0,32872676656.0,0.002654635851932434
2024-03-21,1.41,1.42,1.4,1.4,66547981.0,93559256.0,32872676656.0,0.002024416255980588
2024-03-22,1.4,1.41,1.38,1.38,108762495.0,150957141.0,32872676656.0,0.0033085986924082256
2024-03-25,1.38,1.39,1.38,1.38,58100923.0,80309703.0,32872676656.0,0.0017674533658455609
2024-03-26,1.38,1.39,1.37,1.38,64954198.0,89480237.0,32872676656.0,0.0019759327382957237
2024-03-27,1.38,1.38,1.36,1.36,73313238.0,100376605.0,32872676656.0,0.002230218085591113
2024-03-28,1.36,1.38,1.36,1.37,73533857.0,100697586.0,32872676656.0,0.00223692940400028
2024-03-29,1.37,1.38,1.36,1.37,49437875.0,67653305.0,32872676656.0,0.0015039199733367767
2024-04-01,1.38,1.4,1.37,1.4,96040617.0,133385603.0,32872676656.0,0.002921594064427073
2024-04-02,1.39,1.4,1.38,1.39,71493037.0,99342989.0,32872676656.0,0.00217484684159271
2024-04-03,1.39,1.39,1.37,1.38,77111264.0,106579084.0,32872676656.0,0.002345755558847243
2024-04-08,1.38,1.39,1.37,1.38,66810030.0,92192937.0,32872676656.0,0.0020323878915958515
2024-04-09,1.37,1.38,1.37,1.37,49111693.0,67421826.0,32872676656.0,0.0014939973861555328
2024-04-10,1.38,1.38,1.36,1.36,69991740.0,95611497.0,32872676656.0,0.0021291767850983604
2024-04-11,1.36,1.37,1.35,1.36,56046231.0,76322623.0,32872676656.0,0.001704948811637774
2024-04-12,1.36,1.37,1.35,1.35,61353244.0,83195838.0,32872676656.0,0.001866390274270582
2024-04-15,1.35,1.37,1.33,1.36,104037183.0,140489183.0,32872676656.0,0.0031648528073545505
2024-04-16,1.35,1.36,1.33,1.33,99434000.0,133034601.0,32872676656.0,0.0030248221354329864
2024-04-17,1.33,1.36,1.33,1.35,80796349.0,108662619.0,32872676656.0,0.0024578573216140235
2024-04-18,1.35,1.37,1.34,1.35,74670716.0,101373333.0,32872676656.0,0.0022715131104595015
2024-04-19,1.35,1.37,1.34,1.36,84955518.0,115046059.0,32872676656.0,0.0025843809096845697
2024-04-22,1.35,1.37,1.34,1.35,76388697.0,103648827.0,32872676656.0,0.002323774781085779
2024-04-23,1.35,1.36,1.35,1.35,34692301.0,47022359.0,32872676656.0,0.0010553537018917465
2024-04-24,1.36,1.37,1.35,1.37,72800490.0,99358262.0,32872676656.0,0.0022146200859099277
2024-04-25,1.37,1.39,1.36,1.38,76397778.0,105584987.0,32872676656.0,0.0023240510287456527
2024-04-26,1.38,1.39,1.37,1.39,97895180.0,135344484.0,32872676656.0,0.002978010614238556
2024-04-29,1.41,1.42,1.38,1.39,170968178.0,238707153.0,32872676656.0,0.005200920502735955
2024-04-30,1.39,1.39,1.37,1.37,112165941.0,154466808.0,32872676656.0,0.0034121328839076207
2024-05-06,1.38,1.4,1.38,1.39,87797276.0,121795578.0,32872676656.0,0.0026708283270865025
2024-05-07,1.38,1.4,1.38,1.39,119937928.0,166696600.0,32872676656.0,0.0036485598436386724
2024-05-08,1.39,1.39,1.38,1.38,54235952.0,75089926.0,32872676656.0,0.0016498793988563363
2024-05-09,1.38,1.4,1.38,1.4,99079664.0,137810034.0,32872676656.0,0.003014043092286972
2024-05-10,1.39,1.4,1.38,1.39,58552981.0,81393244.0,32872676656.0,0.0017812051514007993
2024-05-13,1.39,1.39,1.38,1.38,49591397.0,68683624.0,32872676656.0,0.0015085901741119234
2024-05-14,1.39,1.4,1.38,1.39,73005810.0,101309336.0,32872676656.0,0.0022208660026069036
2024-05-15,1.39,1.39,1.38,1.38,36513862.0,50519140.0,32872676656.0,0.0011107663176352694
2024-05-16,1.38,1.39,1.37,1.38,71889665.0,99329118.0,32872676656.0,0.00218691242433033
2024-05-17,1.38,1.39,1.37,1.39,72060755.0,99710010.0,32872676656.0,0.002192117050707135
2024-05-20,1.38,1.41,1.38,1.4,198137796.0,276969855.0,32872676656.0,0.006027431172503424
2024-05-21,1.39,1.4,1.38,1.39,86335091.0,119920604.0,32872676656.0,0.002626348073309142
2024-05-22,1.39,1.41,1.38,1.4,160496562.0,224739113.0,32872676656.0,0.004882369746751541
2024-05-23,1.4,1.41,1.38,1.39,92659325.0,128939725.0,32872676656.0,0.0028187338064875104
2024-05-24,1.39,1.4,1.38,1.38,71452932.0,99018223.0,32872676656.0,0.002173626831417704
2024-05-27,1.39,1.39,1.38,1.39,54776724.0,75898274.0,32872676656.0,0.001666329899850185
2024-05-28,1.39,1.39,1.38,1.38,78936684.0,109191157.0,32872676656.0,0.0024012855669175415
2024-05-29,1.37,1.38,1.37,1.37,66465479.0,91259404.0,32872676656.0,0.00202190651207189
2024-05-30,1.37,1.38,1.36,1.36,73972440.0,100973471.0,32872676656.0,0.0022502712746544284
2024-05-31,1.36,1.37,1.36,1.36,70902807.0,96640983.0,32872676656.0,0.0021568918084149576
2024-06-03,1.36,1.37,1.32,1.33,188851806.0,252762449.0,32872676656.0,0.005744947634665165
2024-06-04,1.33,1.34,1.32,1.33,98832860.0,131248233.0,32872676656.0,0.0030065352156822553
2024-06-05,1.33,1.33,1.29,1.31,150403894.0,197373320.0,32872676656.0,0.004575346740818196
2024-06-06,1.3,1.31,1.26,1.26,174968149.0,222943694.0,32872676656.0,0.0053226012238362826
2024-06-07,1.26,1.29,1.26,1.29,96153316.0,123219682.0,32872676656.0,0.0029250224131794227
2024-06-11,1.28,1.29,1.27,1.27,43746874.0,55781032.0,32872676656.0,0.0013307974418327513
2024-06-12,1.27,1.28,1.27,1.27,50224326.0,63932545.0,32872676656.0,0.0015278441279844165
2024-06-13,1.27,1.28,1.26,1.26,52050996.0,65794553.0,32872676656.0,0.0015834121615557438
2024-06-14,1.26,1.27,1.25,1.26,64037892.0,80627637.0,32872676656.0,0.001948058342499215
2024-06-17,1.26,1.26,1.25,1.25,57133014.0,71584232.0,32872676656.0,0.0017380091861053835
2024-06-18,1.25,1.26,1.25,1.26,28624576.0,35959026.0,32872676656.0,0.0008707710753080818
2024-06-19,1.25,1.26,1.23,1.23,93439874.0,116202962.0,32872676656.0,0.0028424784199294925
2024-06-20,1.23,1.24,1.18,1.2,164583649.0,198255866.0,32872676656.0,0.005006700571489964
2024-06-21,1.2,1.24,1.19,1.22,106416574.0,129968972.0,32872676656.0,0.0032372348352891606
2024-06-24,1.21,1.22,1.16,1.17,143017305.0,169248699.0,32872676656.0,0.004350643742723522
2024-06-25,1.17,1.18,1.16,1.17,109613723.0,128053577.0,32872676656.0,0.003334493389359976
2024-06-26,1.16,1.17,1.05,1.11,516503144.0,562073352.0,32872676656.0,0.015712232666813476
2024-06-27,1.07,1.11,1.06,1.09,225238888.0,244188015.0,32872676656.0,0.006851857253884096
2024-06-28,1.08,1.08,1.0,1.02,588879596.0,605277505.0,32872676656.0,0.017913953346799228
2024-07-01,1.04,1.12,1.04,1.12,482098871.0,525450813.0,32872676656.0,0.014665640892129973
2024-07-02,1.14,1.21,1.1,1.15,469405113.0,545225990.0,32872676656.0,0.014279491685819963
2024-07-03,1.14,1.18,1.12,1.15,222280600.0,255354474.0,32872676656.0,0.006761864947174261
2024-07-04,1.14,1.15,1.09,1.1,233692527.0,259770700.0,32872676656.0,0.0071090203406769395
2024-07-05,1.09,1.12,1.07,1.11,169291188.0,185467696.0,32872676656.0,0.005149905794759812
2024-07-08,1.17,1.17,1.12,1.13,227003308.0,259774247.0,32872676656.0,0.006905531617504193
2024-07-09,1.12,1.15,1.1,1.13,148511863.0,166799913.0,32872676656.0,0.0045177903994286775
2024-07-10,1.13,1.13,1.09,1.09,139269528.0,153316341.0,32872676656.0,0.004236634864188347
2024-07-11,1.11,1.14,1.1,1.12,154840357.0,173424575.0,32872676656.0,0.004710305723514552
2024-07-12,1.12,1.13,1.11,1.12,112624128.0,126202532.0,32872676656.0,0.003426071116099503
2024-07-15,1.11,1.11,1.09,1.1,110745054.0,121989928.0,32872676656.0,0.0033689089318434478
2024-07-16,1.1,1.1,1.09,1.09,56797587.0,62059581.0,32872676656.0,0.001727805362318531
2024-07-17,1.09,1.09,1.06,1.08,131566182.0,141361152.0,32872676656.0,0.004002295991190186
2024-07-18,1.08,1.09,1.06,1.09,103573544.0,111578157.0,32872676656.0,0.0031507487231373812
2024-07-19,1.08,1.09,1.08,1.08,45147867.0,48860067.0,32872676656.0,0.0013734162104429516
2024-07-22,1.08,1.09,1.07,1.08,75082854.0,81172861.0,32872676656.0,0.002284050513613886
2024-07-23,1.08,1.09,1.07,1.08,52521641.0,56661965.0,32872676656.0,0.001597729371101079
2024-07-24,1.07,1.08,1.06,1.06,81917861.0,87447171.0,32872676656.0,0.0024919741661818145
2024-07-25,1.05,1.07,1.04,1.06,88031833.0,92942458.0,32872676656.0,0.00267796364504234
2024-07-26,1.06,1.08,1.05,1.07,64484270.0,69019026.0,32872676656.0,0.0019616373401777788
2024-07-29,1.07,1.08,1.06,1.07,41859814.0,44656554.0,32872676656.0,0.0012733923202557236
2024-07-30,1.07,1.07,1.06,1.06,41959387.0,44603703.0,32872676656.0,0.001276421370826871
2024-07-31,1.06,1.12,1.06,1.1,187674934.0,204849524.0,32872676656.0,0.005709146716707814
2024-08-01,1.1,1.11,1.08,1.09,89846546.0,98107243.0,32872676656.0,0.002733167941881027
2024-08-02,1.08,1.1,1.08,1.08,65507208.0,71275163.0,32872676656.0,0.0019927555241548447
2024-08-05,1.09,1.15,1.08,1.12,276788971.0,309633519.0,32872676656.0,0.008420031441202395
2024-08-06,1.11,1.13,1.1,1.12,141105286.0,157551968.0,32872676656.0,0.004292479358362354
2024-08-07,1.12,1.12,1.1,1.11,75949837.0,84401520.0,32872676656.0,0.0023104244839806027
2024-08-08,1.11,1.14,1.1,1.13,151857436.0,170574412.0,32872676656.0,0.004619564071071244
2024-08-09,1.13,1.14,1.11,1.11,68729057.0,77067339.0,32872676656.0,0.0020907654621259873
2024-08-12,1.11,1.12,1.09,1.09,72614103.0,79993320.0,32872676656.0,0.0022089501186617335
2024-08-13,1.1,1.1,1.08,1.09,67012938.0,72953027.0,32872676656.0,0.002038560434286042
2024-08-14,1.09,1.09,1.08,1.08,45218908.0,48971019.0,32872676656.0,0.0013755773061378176
2024-08-15,1.08,1.1,1.07,1.09,90175064.0,98140865.0,32872676656.0,0.0027431615911185933
2024-08-16,1.09,1.1,1.08,1.08,49657008.0,54104111.0,32872676656.0,0.0015105860870303204
2024-08-19,1.08,1.09,1.08,1.08,38678987.0,41871502.0,32872676656.0,0.0011766302879671411
2024-08-20,1.08,1.09,1.07,1.07,58790786.0,63158232.0,32872676656.0,0.00178843927481851
2024-08-21,1.07,1.08,1.06,1.07,65493552.0,70019310.0,32872676656.0,0.0019923401031612057
2024-08-22,1.06,1.07,1.05,1.06,70552450.0,74744587.0,32872676656.0,0.002146233808043818
2024-08-23,1.05,1.07,1.05,1.06,65229357.0,68989194.0,32872676656.0,0.0019843031853657763
2024-08-26,1.06,1.07,1.05,1.06,56546883.0,60147519.0,32872676656.0,0.0017201788461506048
2024-08-27,1.06,1.08,1.06,1.07,72511769.0,77468367.0,32872676656.0,0.002205837077363914
2024-08-28,1.06,1.07,1.05,1.05,77150407.0,81524303.0,32872676656.0,0.0023469463045966573
2024-08-29,1.05,1.06,1.04,1.05,78657991.0,82510997.0,32872676656.0,0.0023928076141509808
2024-08-30,1.05,1.08,1.04,1.06,118516159.0,126136064.0,32872676656.0,0.0036053090607809737
2024-09-02,1.06,1.07,1.05,1.05,67792979.0,71702541.0,32872676656.0,0.0020622895941644066
2024-09-03,1.05,1.06,1.04,1.05,38422670.0,40409905.0,32872676656.0,0.0011688330220893954
2024-09-04,1.05,1.06,1.04,1.05,55190944.0,57883614.0,32872676656.0,0.0016789306382790832
2024-09-05,1.04,1.06,1.04,1.05,49282538.0,51697546.0,32872676656.0,0.0014991945595341362
2024-09-06,1.05,1.06,1.04,1.05,58958804.0,61926761.0,32872676656.0,0.0017935504497239867
2024-09-09,1.04,1.05,1.03,1.03,91054063.0,94506320.0,32872676656.0,0.002769901093021599
2024-09-10,1.03,1.04,1.01,1.03,134279763.0,137636190.0,32872676656.0,0.0040848442128758305
2024-09-11,1.03,1.04,1.02,1.03,55065823.0,56772828.0,32872676656.0,0.0016751244073077102
2024-09-12,1.03,1.05,1.02,1.03,62335805.0,64643668.0,32872676656.0,0.001896280173723618
2024-09-13,1.03,1.04,1.02,1.03,50930543.0,52431534.0,32872676656.0,0.0015493275321924245
2024-09-18,1.03,1.04,1.02,1.02,72453362.0,74372732.0,32872676656.0,0.0022040603130130455
2024-09-19,1.03,1.05,1.02,1.03,83224370.0,86178320.0,32872676656.0,0.002531718693640656
2024-09-20,1.03,1.04,1.02,1.04,94804437.0,97788171.0,32872676656.0,0.0028839889733377117
2024-09-23,1.03,1.04,1.02,1.03,56147725.0,57914318.0,32872676656.0,0.0017080362997989025
2024-09-24,1.03,1.06,1.03,1.06,180062925.0,188917608.0,32872676656.0,0.005477586351859622
2024-09-25,1.07,1.15,1.06,1.1,369053217.0,407952378.0,32872676656.0,0.01122674678615316
2024-09-26,1.1,1.14,1.09,1.13,288699562.0,322305842.0,32872676656.0,0.008782356393461067
2024-09-27,1.15,1.19,1.14,1.18,381997712.0,442960018.0,32872676656.0,0.011620523512504324
2024-09-30,1.24,1.29,1.21,1.29,728233147.0,917013909.0,32872676656.0,0.022153144224325922
2024-10-08,1.42,1.42,1.26,1.32,1022967132.0,1369098598.0,32872676656.0,0.03111907018418245
2024-10-09,1.28,1.28,1.19,1.19,517495743.0,637227924.0,32872676656.0,0.015742427926249972
2024-10-10,1.2,1.23,1.18,1.2,318700391.0,384887954.0,32872676656.0,0.009694993636662989
2024-10-11,1.2,1.2,1.15,1.15,249787391.0,292370907.0,32872676656.0,0.007598632554748419
2024-10-14,1.16,1.17,1.14,1.16,245479680.0,283927667.0,32872676656.0,0.007467590259498825
2024-10-15,1.15,1.16,1.12,1.13,239278846.0,273272758.0,32872676656.0,0.007278958403782013
2024-10-16,1.12,1.14,1.11,1.13,211789124.0,238599494.0,32872676656.0,0.006442710042029502
2024-10-17,1.13,1.14,1.11,1.11,215097865.0,241231785.0,32872676656.0,0.006543363269468957
2024-10-18,1.11,1.15,1.1,1.13,256635761.0,288152925.0,32872676656.0,0.007806962715132545
2024-10-21,1.13,1.14,1.12,1.13,195835333.0,221438383.0,32872676656.0,0.005957389325163324
2024-10-22,1.13,1.14,1.12,1.14,201673969.0,228199971.0,32872676656.0,0.0061350029725428515
2024-10-23,1.14,1.19,1.13,1.17,419275519.0,490344637.0,32872676656.0,0.01275452934324631
2024-10-24,1.16,1.19,1.15,1.18,264559440.0,309175334.0,32872676656.0,0.008048004206305238
2024-10-25,1.17,1.18,1.16,1.18,171271284.0,201042453.0,32872676656.0,0.005210141108747807
2024-10-28,1.18,1.27,1.17,1.26,531791924.0,654137138.0,32872676656.0,0.016177323482507958
2024-10-29,1.26,1.27,1.21,1.22,369119727.0,453893703.0,32872676656.0,0.011228770047011897
2024-10-30,1.21,1.27,1.2,1.25,389631498.0,483718224.0,32872676656.0,0.011852746342421238
2024-10-31,1.3,1.38,1.28,1.38,721762450.0,973508948.0,32872676656.0,0.021956303027981818
2024-11-01,1.52,1.52,1.48,1.52,1293997144.0,1964102743.0,32872676656.0,0.03936391178428169
2024-11-04,1.6,1.67,1.42,1.67,2311266364.0,3607543817.0,32872676656.0,0.07030964920157003
2024-11-05,1.68,1.84,1.61,1.84,1011521398.0,1785508270.0,32872676656.0,0.030770886368189147
2024-11-06,2.02,2.02,2.02,2.02,401520605.0,811071622.0,32872676656.0,0.01221441774278863
2024-11-07,2.13,2.22,1.9,2.22,3682193821.0,7823454706.0,32872676656.0,0.11201381194274963
2024-11-08,2.36,2.44,2.18,2.23,4461792911.0,10447899581.0,32872676656.0,0.13572952874178631
2024-11-11,2.13,2.2,2.01,2.01,2952924335.0,6043183463.0,32872676656.0,0.08982914187065522
2024-11-12,1.97,2.08,1.91,1.95,2091596127.0,4128356036.0,32872676656.0,0.06362719254314926
2024-11-13,1.9,1.95,1.86,1.87,1763355247.0,3331134816.0,32872676656.0,0.053641973407058965
2024-11-14,1.85,1.87,1.71,1.73,1906594472.0,3379400913.0,32872676656.0,0.05799936804513312
2024-11-15,1.71,1.79,1.68,1.69,1295170871.0,2247176066.0,32872676656.0,0.03939961703007845
2024-11-18,1.7,1.84,1.66,1.78,1747465134.0,3050774943.0,32872676656.0,0.05315858980047639
2024-11-19,1.77,1.77,1.67,1.74,1200508838.0,2052769101.0,32872676656.0,0.036519960043499534
2024-11-20,1.73,1.87,1.7,1.81,1407342893.0,2530795320.0,32872676656.0,0.04281193490044348
2024-11-21,1.8,1.83,1.76,1.78,984303736.0,1753362416.0,32872676656.0,0.029942914180684538
2024-11-22,1.77,1.81,1.7,1.71,1023251583.0,1799500194.0,32872676656.0,0.031127723297616948
2024-11-25,1.69,1.72,1.63,1.66,913762892.0,1519960907.0,32872676656.0,0.02779703343181267
2024-11-26,1.66,1.72,1.65,1.67,743618056.0,1254966740.0,32872676656.0,0.022621159322731118
2024-11-27,1.67,1.7,1.63,1.7,750886204.0,1248292538.0,32872676656.0,0.022842259298131915
2024-11-28,1.7,1.84,1.68,1.77,1492148322.0,2623555022.0,32872676656.0,0.04539175004258893
2024-11-29,1.75,1.77,1.7,1.74,1035789316.0,1796376242.0,32872676656.0,0.03150912616088855
2024-12-02,1.82,1.91,1.82,1.91,1414939370.0,2680922631.0,32872676656.0,0.043043022775626084
2024-12-03,2.0,2.08,1.93,1.96,3339566931.0,6664398225.0,32872676656.0,0.10159096461621582
2024-12-04,1.88,1.98,1.84,1.86,1895623190.0,3597762354.0,32872676656.0,0.05766561724915109
2024-12-05,1.84,1.92,1.81,1.9,1369250801.0,2567623578.0,32872676656.0,0.04165315819361735
2024-12-06,1.88,1.99,1.86,1.95,1678018126.0,3224448608.0,32872676656.0,0.05104598398115914
2024-12-09,1.97,2.02,1.92,1.95,1378287236.0,2707554044.0,32872676656.0,0.04192805016832822
2024-12-10,2.01,2.05,1.96,1.99,1705424437.0,3416061023.0,32872676656.0,0.0518796949468586
2024-12-11,1.96,2.01,1.93,1.98,1270930707.0,2496758651.0,32872676656.0,0.03866222152518349
2024-12-12,1.97,1.97,1.92,1.93,1066295336.0,2066547991.0,32872676656.0,0.032437131516802636
2024-12-13,1.93,1.96,1.87,1.88,893675584.0,1701627515.0,32872676656.0,0.02718596947099786
2024-12-16,1.87,1.91,1.85,1.89,808809821.0,1523126449.0,32872676656.0,0.024604318944389157
2024-12-17,1.89,1.89,1.81,1.83,728185983.0,1343022577.0,32872676656.0,0.022151709476541506
2024-12-18,1.86,1.9,1.84,1.86,707368694.0,1323640867.0,32872676656.0,0.02151843920111353
2024-12-19,1.84,1.86,1.82,1.84,525989035.0,966673061.0,32872676656.0,0.01600079727319665
2024-12-20,1.83,1.86,1.83,1.84,462647755.0,852448132.0,32872676656.0,0.01407393014695554
2024-12-23,1.83,1.84,1.76,1.77,669301587.0,1199603596.0,32872676656.0,0.02036042254800196
2024-12-24,1.77,1.79,1.75,1.78,467083037.0,829676784.0,32872676656.0,0.014208853203158523
2024-12-25,1.77,1.78,1.7,1.72,588969391.0,1016288571.0,32872676656.0,0.017916684946691127
2024-12-26,1.72,1.74,1.71,1.72,340366335.0,587708607.0,32872676656.0,0.0103540803373514
2024-12-27,1.72,1.82,1.72,1.77,766539128.0,1358619029.0,32872676656.0,0.023318427520263686
2024-12-30,1.74,1.74,1.71,1.72,417359201.0,719437952.0,32872676656.0,0.012696234181582004
2024-12-31,1.73,1.75,1.69,1.7,427961212.0,732036603.0,32872676656.0,0.01301875160573173
2025-01-02,1.7,1.72,1.65,1.67,519062480.0,871874199.0,32872676656.0,0.015790088693774178
2025-01-03,1.66,1.68,1.58,1.59,664599717.0,1072050719.0,32872676656.0,0.020217389777984377
2025-01-06,1.58,1.62,1.54,1.6,506517452.0,804990898.0,32872676656.0,0.015408463913678573
2025-01-07,1.6,1.63,1.59,1.62,391915969.0,629228173.0,32872676656.0,0.01192224086590973
2025-01-08,1.61,1.63,1.57,1.6,433178650.0,692412938.0,32872676656.0,0.01317746816096082
2025-01-09,1.59,1.62,1.58,1.6,315492527.0,504783351.0,32872676656.0,0.009597409127997355
2025-01-10,1.6,1.61,1.55,1.56,340061022.0,537577868.0,32872676656.0,0.010344792593514932
2025-01-13,1.62,1.72,1.61,1.64,958449981.0,1588071805.0,32872676656.0,0.02915643259080521
2025-01-14,1.63,1.69,1.61,1.69,811228733.0,1346235180.0,32872676656.0,0.02467790321698469
2025-01-15,1.69,1.69,1.64,1.65,478900593.0,794805034.0,32872676656.0,0.01456834799342663
2025-01-16,1.66,1.69,1.64,1.66,389270177.0,647609224.0,32872676656.0,0.011841754812775475
2025-01-17,1.65,1.67,1.64,1.66,306214574.0,507925251.0,32872676656.0,0.009315170078920512
2025-01-20,1.66,1.67,1.63,1.64,356336376.0,588620744.0,32872676656.0,0.010839895385730953
2025-01-21,1.66,1.75,1.65,1.68,725970970.0,1229124430.0,32872676656.0,0.02208432789325338
2025-01-22,1.67,1.67,1.62,1.63,477965800.0,785292692.0,32872676656.0,0.014539911215680107
2025-01-23,1.65,1.67,1.62,1.63,348089419.0,572452295.0,32872676656.0,0.010589019648221006
2025-01-24,1.63,1.64,1.61,1.63,286100789.0,465347960.0,32872676656.0,0.008703300677153109
2025-01-27,1.63,1.65,1.62,1.63,219014576.0,357857876.0,32872676656.0,0.0066625111879967626
2025-02-05,1.59,1.59,1.54,1.56,540662925.0,844645025.0,32872676656.0,0.016447182888629085
2025-02-06,1.56,1.56,1.51,1.55,529843875.0,813603384.0,32872676656.0,0.01611806305110514
2025-02-07,1.55,1.61,1.53,1.59,635339084.0,1003580098.0,32872676656.0,0.019327269593790025
2025-02-10,1.58,1.64,1.58,1.61,473033347.0,760383944.0,32872676656.0,0.014389864018379557
2025-02-11,1.61,1.62,1.57,1.59,344013533.0,545182891.0,32872676656.0,0.010465029562392201
2025-02-12,1.58,1.6,1.57,1.59,329802946.0,522306561.0,32872676656.0,0.01003273780992226
2025-02-13,1.59,1.63,1.58,1.62,642742188.0,1033132383.0,32872676656.0,0.01955247498480429
2025-02-14,1.61,1.61,1.57,1.58,454227692.0,719728628.0,32872676656.0,0.013817788455540728
2025-02-17,1.58,1.59,1.56,1.58,360541954.0,568121241.0,32872676656.0,0.010967830754183294
2025-02-18,1.58,1.58,1.53,1.54,428866519.0,666717663.0,32872676656.0,0.013046291407539589
2025-02-19,1.54,1.55,1.53,1.54,278927087.0,429930323.0,32872676656.0,0.008485073786928438
2025-02-20,1.54,1.57,1.53,1.55,337668088.0,524411070.0,32872676656.0,0.010271998582091976
2025-02-21,1.56,1.56,1.53,1.54,311683432.0,480408200.0,32872676656.0,0.009481534931324517
2025-02-24,1.54,1.57,1.53,1.56,447851165.0,697453549.0,32872676656.0,0.013623811948342123
2025-02-25,1.55,1.58,1.54,1.55,412654043.0,643723973.0,32872676656.0,0.012553101389286515
2025-02-26,1.55,1.56,1.54,1.55,300480337.0,465856388.0,32872676656.0,0.009140732290966505
2025-02-27,1.55,1.64,1.55,1.6,974704271.0,1558083733.0,32872676656.0,0.029650894607698295
2025-02-28,1.58,1.59,1.54,1.54,544040487.0,847905231.0,32872676656.0,0.016549929678473577
2025-03-03,1.55,1.55,1.52,1.53,412411789.0,631695285.0,32872676656.0,0.012545731925505543
2025-03-04,1.52,1.53,1.5,1.52,299685165.0,454036199.0,32872676656.0,0.009116542840003287
2025-03-05,1.52,1.54,1.51,1.53,286529884.0,436830519.0,32872676656.0,0.008716353919044248
2025-03-06,1.54,1.55,1.52,1.54,298858180.0,459777415.0,32872676656.0,0.00909138562482869
2025-03-07,1.54,1.54,1.52,1.52,230679013.0,352574427.0,32872676656.0,0.007017348036911254
2025-03-10,1.52,1.53,1.51,1.51,181635047.0,275420040.0,32872676656.0,0.005525410933242259
2025-03-11,1.5,1.51,1.49,1.5,297063746.0,445506856.0,32872676656.0,0.00903679822329829
2025-03-12,1.5,1.51,1.49,1.5,228621663.0,343153669.0,32872676656.0,0.00695476262527808
2025-03-13,1.5,1.53,1.49,1.5,411346974.0,618455518.0,32872676656.0,0.012513339826403213
2025-03-14,1.49,1.52,1.49,1.51,346133494.0,521242371.0,32872676656.0,0.010529519625741304
2025-03-17,1.51,1.54,1.51,1.52,289325691.0,440660589.0,32872676656.0,0.008801403488607964
2025-03-18,1.52,1.53,1.5,1.52,209982544.0,317456943.0,32872676656.0,0.006387753154310709
2025-03-19,1.52,1.52,1.5,1.51,159945520.0,241322877.0,32872676656.0,0.004865606828241239
2025-03-20,1.51,1.52,1.5,1.5,176326991.0,265986061.0,32872676656.0,0.005363937742131394
2025-03-21,1.5,1.51,1.48,1.49,299297315.0,447460547.0,32872676656.0,0.00910474428754409
2025-03-24,1.49,1.49,1.45,1.47,311571259.0,458665440.0,32872676656.0,0.009478122583703
2025-03-25,1.46,1.49,1.46,1.48,261098298.0,385209932.0,32872676656.0,0.00794271487935996
2025-03-26,1.47,1.49,1.47,1.47,155802834.0,229960963.0,32872676656.0,0.004739584659637459
2025-03-27,1.47,1.48,1.46,1.46,145219667.0,213127556.0,32872676656.0,0.004417640477520839
2025-03-28,1.46,1.47,1.44,1.44,239407457.0,346854382.0,32872676656.0,0.007282870801952258
2025-03-31,1.44,1.44,1.39,1.4,328718900.0,463159419.0,32872676656.0,0.009999760696091702
2025-04-01,1.4,1.45,1.4,1.42,335934388.0,479328902.0,32872676656.0,0.010219258733185162
2025-04-02,1.42,1.44,1.42,1.43,162754763.0,232216045.0,32872676656.0,0.004951065126310413
2025-04-03,1.41,1.44,1.41,1.44,192073675.0,274390525.0,32872676656.0,0.005842958181044325
2025-04-07,1.41,1.41,1.3,1.3,489861464.0,654861805.0,32872676656.0,0.014901782082615694
2025-04-08,1.28,1.34,1.27,1.33,431946480.0,568073720.0,32872676656.0,0.013139985055678758
2025-04-09,1.31,1.44,1.28,1.38,606885611.0,817702324.0,32872676656.0,0.01846170354032396
2025-04-10,1.39,1.42,1.37,1.38,403320126.0,561530218.0,32872676656.0,0.012269159892898014
2025-04-11,1.38,1.4,1.37,1.38,239663784.0,331420747.0,32872676656.0,0.007290668372034012
2025-04-14,1.39,1.45,1.38,1.42,453122738.0,641315340.0,32872676656.0,0.013784175311969765
2025-04-15,1.41,1.42,1.38,1.38,253906292.0,353706255.0,32872676656.0,0.007723931174118625
2025-04-16,1.39,1.4,1.36,1.37,259749604.0,357611718.0,32872676656.0,0.0079016870672924
2025-04-17,1.36,1.39,1.35,1.37,171202072.0,235040542.0,32872676656.0,0.005208035651966047
2025-04-18,1.37,1.38,1.35,1.37,149675200.0,203926900.0,32872676656.0,0.00455317957726089
2025-04-21,1.36,1.37,1.35,1.36,116662176.0,159009967.0,32872676656.0,0.003548910154801968
2025-04-22,1.37,1.38,1.36,1.37,164758668.0,225942424.0,32872676656.0,0.005012024719621602
2025-04-23,1.37,1.38,1.36,1.36,102016617.0,139249389.0,32872676656.0,0.003103386379745249
2025-04-24,1.37,1.37,1.34,1.35,181257644.0,245317176.0,32872676656.0,0.0055139301827104616
2025-04-25,1.35,1.38,1.34,1.36,253375555.0,345431109.0,32872676656.0,0.007707785941847035
2025-04-28,1.36,1.37,1.34,1.34,213425610.0,287940019.0,32872676656.0,0.0064924926020907105
2025-04-29,1.34,1.35,1.32,1.33,243291317.0,324261365.0,32872676656.0,0.007401019379892629
2025-04-30,1.32,1.35,1.32,1.34,224187921.0,300600775.0,32872676656.0,0.006819886416492363
2025-05-06,1.36,1.4,1.36,1.38,361991108.0,498579294.0,32872676656.0,0.011011914599717528
2025-05-07,1.39,1.4,1.36,1.36,235599594.0,323273792.0,32872676656.0,0.007167034083213232
2025-05-08,1.36,1.38,1.36,1.37,188485370.0,257736903.0,32872676656.0,0.005733800504669193
2025-05-09,1.36,1.37,1.34,1.34,234000846.0,315857763.0,32872676656.0,0.007118399528238282
2025-05-12,1.35,1.36,1.34,1.36,184914693.0,250072819.0,32872676656.0,0.005625179079119769
2025-05-13,1.37,1.38,1.36,1.36,247475688.0,339045929.0,32872676656.0,0.007528309622904715
2025-05-14,1.37,1.39,1.35,1.37,313040472.0,428288951.0,32872676656.0,0.009522816632057344
2025-05-15,1.38,1.39,1.35,1.36,266698612.0,364859474.0,32872676656.0,0.00811307867597455
2025-05-16,1.35,1.36,1.34,1.35,233926054.0,315845692.0,32872676656.0,0.007116124325619929
2025-05-19,1.35,1.37,1.34,1.36,202826772.0,274938205.0,32872676656.0,0.006170071701872794
2025-05-20,1.36,1.37,1.35,1.36,150396740.0,204505250.0,32872676656.0,0.004575129113270709
2025-05-21,1.36,1.38,1.36,1.37,238501098.0,326390905.0,32872676656.0,0.007255298997882736
2025-05-22,1.37,1.38,1.35,1.36,241089944.0,328959144.0,32872676656.0,0.007334052730871725
2025-05-23,1.35,1.36,1.33,1.34,247624572.0,333067995.0,32872676656.0,0.007532838733860845
2025-05-26,1.33,1.36,1.33,1.35,205674092.0,276752795.0,32872676656.0,0.0062566883175441046
2025-05-27,1.34,1.35,1.34,1.34,80202609.0,107648740.0,32872676656.0,0.002439795512829383
2025-05-28,1.35,1.36,1.34,1.34,180158023.0,242840724.0,32872676656.0,0.005480479271137087
2025-05-29,1.34,1.36,1.33,1.35,222910410.0,300354014.0,32872676656.0,0.006781024019816587
2025-05-30,1.35,1.36,1.34,1.35,223884048.0,302202042.0,32872676656.0,0.00681064247803308
2025-06-03,1.34,1.35,1.34,1.34,112477387.0,150973304.0,32872676656.0,0.003421607196062337
2025-06-04,1.34,1.35,1.33,1.34,144640123.0,193965828.0,32872676656.0,0.004400010516746282
2025-06-05,1.34,1.35,1.33,1.34,118141224.0,158180237.0,32872676656.0,0.0035939033877984065
2025-06-06,1.34,1.37,1.33,1.35,346401496.0,468050642.0,32872676656.0,0.010537672354002665
2025-06-09,1.41,1.45,1.38,1.38,725344168.0,1023680419.0,32872676656.0,0.02206526032517673
2025-06-10,1.37,1.39,1.35,1.38,428489728.0,587601893.0,32872676656.0,0.013034829274293093
2025-06-11,1.37,1.38,1.36,1.37,160410573.0,219985348.0,32872676656.0,0.004879753926905173
2025-06-12,1.37,1.37,1.35,1.35,158403370.0,214477117.0,32872676656.0,0.004818694007112069
2025-06-13,1.34,1.35,1.32,1.32,424348532.0,565299195.0,32872676656.0,0.012908852432086539
2025-06-16,1.32,1.33,1.32,1.32,111959887.0,148309555.0,32872676656.0,0.003405864638636441
2025-06-17,1.32,1.33,1.32,1.33,106931039.0,141724898.0,32872676656.0,0.0032528850667985594
2025-06-18,1.32,1.33,1.32,1.32,112916711.0,149366110.0,32872676656.0,0.0034349716082334955
2025-06-19,1.32,1.33,1.3,1.3,207351268.0,271287230.0,32872676656.0,0.0063077086837148005
2025-06-20,1.3,1.31,1.3,1.3,107009856.0,139271077.0,32872676656.0,0.003255282711530225
2025-06-23,1.29,1.31,1.29,1.3,179945569.0,233486479.0,32872676656.0,0.00547401633530064
2025-06-24,1.3,1.33,1.3,1.32,227862289.0,300452150.0,32872676656.0,0.006931662163823524
2025-06-25,1.32,1.33,1.31,1.33,154594344.0,204265697.0,32872676656.0,0.004702821909446886
2025-06-26,1.33,1.33,1.32,1.32,122229652.0,161900314.0,32872676656.0,0.0037182750062943336
2025-06-27,1.32,1.34,1.32,1.33,247878182.0,330631769.0,32872676656.0,0.0075405536517135635
2025-06-30,1.34,1.35,1.33,1.34,142780894.0,191067208.0,32872676656.0,0.004343452025344559
2025-07-01,1.33,1.34,1.33,1.33,112786492.0,150380586.0,32872676656.0,0.0034310102940587266
2025-07-02,1.34,1.36,1.32,1.35,327105870.0,438996373.0,32872676656.0,0.009950691676952197
2025-07-03,1.34,1.35,1.34,1.34,91381226.0,122847200.0,32872676656.0,0.0027798535226160504
2025-07-04,1.35,1.37,1.34,1.35,267707059.0,363121959.0,32872676656.0,0.00814375603792329
2025-07-07,1.35,1.37,1.34,1.35,156300812.0,211794961.0,32872676656.0,0.004754733349998489
2025-07-08,1.36,1.37,1.35,1.36,195432949.0,265570881.0,32872676656.0,0.005945148642598567
2025-07-09,1.36,1.42,1.36,1.39,584499253.0,812421321.0,32872676656.0,0.017780701556997056
2025-07-10,1.38,1.41,1.37,1.41,365205279.0,510464610.0,32872676656.0,0.011109690969851153
2025-07-11,1.41,1.43,1.4,1.4,389832291.0,550905554.0,32872676656.0,0.011858854545963688
2025-07-14,1.41,1.42,1.4,1.41,213510000.0,300787787.0,32872676656.0,0.006495059779716162
2025-07-15,1.41,1.42,1.37,1.38,329322759.0,456641029.0,32872676656.0,0.01001813032891227
2025-07-16,1.38,1.41,1.37,1.4,306987493.0,428172308.0,32872676656.0,0.009338682584704215
2025-07-17,1.39,1.42,1.38,1.41,296115930.0,415576113.0,32872676656.0,0.00900796528067185
2025-07-18,1.41,1.43,1.4,1.41,220977186.0,311919048.0,32872676656.0,0.0067222145708559665
2025-07-21,1.41,1.5,1.4,1.47,785969307.0,1137962586.0,32872676656.0,0.02390950135350609
2025-07-22,1.49,1.52,1.45,1.52,833479242.0,1241602559.0,32872676656.0,0.025354772619280194
2025-07-23,1.52,1.59,1.47,1.48,1103012196.0,1690394704.0,32872676656.0,0.033554073114964174
2025-07-24,1.49,1.63,1.49,1.63,944293210.0,1488770768.0,32872676656.0,0.028725777942625957
2025-07-25,1.69,1.7,1.57,1.6,1856098792.0,3034654377.0,32872676656.0,0.056463269219703786
2025-07-28,1.59,1.63,1.54,1.54,835386539.0,1310235137.0,32872676656.0,0.025412793358508677
2025-07-29,1.54,1.56,1.52,1.53,469733199.0,723251793.0,32872676656.0,0.014289472193444374
2025-07-30,1.53,1.58,1.52,1.54,613161763.0,945851238.0,32872676656.0,0.01865262659978996
2025-07-31,1.53,1.53,1.47,1.48,554922499.0,828181009.0,32872676656.0,0.016880964845274144
2025-08-01,1.48,1.5,1.47,1.48,230611528.0,342147794.0,32872676656.0,0.007015295116161714
2025-08-04,1.48,1.51,1.47,1.5,259480369.0,387236558.0,32872676656.0,0.007893496830676824
2025-08-05,1.5,1.54,1.49,1.52,412056656.0,626976047.0,32872676656.0,0.012534928637300073
2025-08-06,1.52,1.53,1.5,1.52,310716562.0,468403110.0,32872676656.0,0.009452122358380794
2025-08-07,1.51,1.52,1.5,1.51,235735294.0,355683224.0,32872676656.0,0.007171162131604912
2025-08-08,1.51,1.54,1.5,1.52,311141172.0,473610345.0,32872676656.0,0.009465039164774243
2025-08-11,1.52,1.54,1.51,1.53,280967427.0,429504896.0,32872676656.0,0.008547141747543613
2025-08-12,1.54,1.54,1.52,1.52,174674101.0,266325802.0,32872676656.0,0.005313656165815085
2025-08-13,1.53,1.53,1.51,1.52,227235550.0,344256309.0,32872676656.0,0.006912596512232125
2025-08-14,1.52,1.52,1.48,1.48,340244803.0,509384912.0,32872676656.0,0.010350383285198581
2025-08-15,1.48,1.51,1.48,1.51,290928582.0,435679275.0,32872676656.0,0.008850164075303524
2025-08-18,1.51,1.54,1.5,1.53,429958132.0,658334864.0,32872676656.0,0.013079498712543172
2025-08-19,1.53,1.54,1.52,1.53,298189866.0,456260303.0,32872676656.0,0.009071055245073074
2025-08-20,1.53,1.54,1.51,1.53,278709842.0,424972857.0,32872676656.0,0.008478465106951648
2025-08-21,1.53,1.62,1.52,1.57,791874504.0,1239119046.0,32872676656.0,0.024089139813184796
2025-08-22,1.55,1.57,1.53,1.56,441604329.0,682741236.0,32872676656.0,0.013433780693346652
2025-08-25,1.56,1.6,1.56,1.59,520644287.0,823372486.0,32872676656.0,0.015838207896738787
2025-08-26,1.58,1.62,1.57,1.61,542770887.0,870214197.0,32872676656.0,0.016511307937588714
2025-08-27,1.61,1.65,1.57,1.57,608521282.0,978909029.0,32872676656.0,0.0185114613077585
2025-08-28,1.58,1.61,1.54,1.58,561767297.0,887349235.0,32872676656.0,0.01708918634398653
2025-08-29,1.6,1.62,1.58,1.59,400230668.0,639572622.0,32872676656.0,0.012175177342212228
2025-09-01,1.59,1.62,1.57,1.59,489004834.0,778800595.0,32872676656.0,0.014875723054658698
2025-09-02,1.59,1.62,1.56,1.58,590444379.0,936235418.0,32872676656.0,0.017961554672860224
2025-09-03,1.58,1.58,1.52,1.53,478932455.0,739269706.0,32872676656.0,0.014569317248237651
2025-09-04,1.53,1.54,1.5,1.51,360404930.0,548160165.0,32872676656.0,0.010963662429180924
2025-09-05,1.52,1.56,1.5,1.55,424277186.0,649583954.0,32872676656.0,0.012906682058169422
2025-09-08,1.56,1.61,1.56,1.59,502455452.0,798826190.0,32872676656.0,0.015284896245535595
2025-09-09,1.59,1.6,1.57,1.58,265079569.0,419437422.0,32872676656.0,0.008063826738964898
2025-09-10,1.57,1.6,1.57,1.58,217355070.0,343658142.0,32872676656.0,0.006612028350308609
2025-09-11,1.58,1.59,1.56,1.58,347979417.0,546866367.0,32872676656.0,0.010585673343289677
2025-09-12,1.59,1.62,1.58,1.61,638143321.0,1022784596.0,32872676656.0,0.01941257560733268
2025-09-15,1.6,1.66,1.6,1.62,604797636.0,983152362.0,32872676656.0,0.018398186503915583
2025-09-16,1.63,1.69,1.62,1.69,1023292812.0,1702439382.0,32872676656.0,0.03112897750032248
2025-09-17,1.68,1.74,1.66,1.71,880829821.0,1496457043.0,32872676656.0,0.02679519621166075
2025-09-18,1.7,1.86,1.69,1.73,1553070258.0,2743348477.0,32872676656.0,0.047245019754621344
2025-09-19,1.72,1.74,1.64,1.66,919568600.0,1538220635.0,32872676656.0,0.0279736453962339
2025-09-22,1.65,1.67,1.62,1.64,513195137.0,840828229.0,32872676656.0,0.015611601767948227
2025-09-23,1.63,1.64,1.58,1.6,564952618.0,904367528.0,32872676656.0,0.01718608508555641
2025-09-24,1.59,1.63,1.58,1.6,383885822.0,614827403.0,32872676656.0,0.011677960575502215
2025-09-25,1.6,1.61,1.58,1.58,309056333.0,491477055.0,32872676656.0,0.009401617526742847
2025-09-26,1.58,1.6,1.56,1.59,333857549.0,528088332.0,32872676656.0,0.010156080458360348
2025-09-29,1.58,1.6,1.56,1.6,359413555.0,568450988.0,32872676656.0,0.010933504404315035
2025-09-30,1.6,1.63,1.59,1.62,405374077.0,654448300.0,32872676656.0,0.01233164190558879
2025-10-09,1.62,1.65,1.61,1.64,460436746.0,751920792.0,32872676656.0,0.014006670366952306
2025-10-10,1.64,1.69,1.63,1.64,446591832.0,737784685.0,32872676656.0,0.013585502533712508
2025-10-13,1.59,1.63,1.58,1.62,431016620.0,692057440.0,32872676656.0,0.013111698341769496
2025-10-14,1.63,1.68,1.63,1.63,536732731.0,885249635.0,32872676656.0,0.016327624811836982
2025-10-15,1.63,1.68,1.63,1.67,519253700.0,859018056.0,32872676656.0,0.01579590568281955
2025-10-16,1.67,1.7,1.65,1.7,756569225.0,1267674812.0,32872676656.0,0.023015139074837373
2025-10-17,1.69,1.73,1.67,1.68,807768577.0,1369868279.0,32872676656.0,0.024572643884554626
2025-10-20,1.7,1.77,1.69,1.74,925213887.0,1604434793.0,32872676656.0,0.028145377289534704
2025-10-21,1.74,1.75,1.69,1.74,793043909.0,1364699545.0,32872676656.0,0.0241247135820092
2025-10-22,1.74,1.75,1.7,1.72,523484738.0,899515050.0,32872676656.0,0.015924615554676846
2025-10-23,1.71,1.72,1.68,1.7,433764375.0,737267525.0,32872676656.0,0.013195286150232865
2025-10-24,1.71,1.73,1.67,1.68,446690129.0,756448423.0,32872676656.0,0.013588492767852204
2025-10-27,1.69,1.7,1.67,1.68,363384510.0,611367628.0,32872676656.0,0.011054302447065081
2025-10-28,1.69,1.72,1.68,1.69,416522119.0,705853831.0,32872676656.0,0.012670769811620295
2025-10-29,1.7,1.78,1.69,1.75,883998361.0,1538785836.0,32872676656.0,0.02689158446848442
2025-10-30,1.74,1.75,1.72,1.74,516102693.0,896531449.0,32872676656.0,0.01570005078688351
2025-10-31,1.79,1.82,1.75,1.77,880618327.0,1567255973.0,32872676656.0,0.026788762479409093
2025-11-03,1.78,1.84,1.77,1.83,1025720821.0,1861715104.0,32872676656.0,0.031202838507304303
2025-11-04,1.83,1.88,1.79,1.81,876786440.0,1604471250.0,32872676656.0,0.026672194940960698
2025-11-05,1.8,1.93,1.78,1.87,1396604750.0,2608415064.0,32872676656.0,0.04248527628628892
2025-11-06,1.86,1.89,1.79,1.8,1053279807.0,1918328629.0,32872676656.0,0.03204119390769942
2025-11-07,1.86,1.88,1.8,1.83,910145644.0,1674531096.0,32872676656.0,0.02768699529777652
2025-11-10,1.82,1.87,1.8,1.84,801869504.0,1476996983.0,32872676656.0,0.02439319171941056
2025-11-11,1.84,1.85,1.81,1.83,572279880.0,1046244353.0,32872676656.0,0.01740898333253146
2025-11-12,1.82,1.86,1.79,1.85,887633473.0,1617547752.0,32872676656.0,0.027002166032560875
2025-11-13,1.85,1.91,1.84,1.87,728242126.0,1366274742.0,32872676656.0,0.02215341736910491
2025-11-14,1.88,1.92,1.88,1.9,985842808.0,1878957300.0,32872676656.0,0.029989733367819977
2025-11-17,1.9,1.91,1.85,1.87,665579313.0,1246180783.0,32872676656.0,0.02024718948094897
2025-11-18,1.86,1.89,1.8,1.81,724155352.0,1326714659.0,32872676656.0,0.022029096065951947
2025-11-19,1.8,1.82,1.74,1.76,677114829.0,1199126568.0,32872676656.0,0.020598104501368963
2025-11-20,1.76,1.81,1.76,1.77,537743684.0,957110303.0,32872676656.0,0.016358378407310185
2025-11-21,1.75,1.76,1.69,1.69,652296065.0,1123736561.0,32872676656.0,0.019843107752557817
2025-11-24,1.7,1.72,1.65,1.67,517393733.0,867782616.0,32872676656.0,0.01573932474116202
2025-11-25,1.68,1.7,1.66,1.69,400896542.0,674786112.0,32872676656.0,0.012195433496189833
2025-11-26,1.69,1.75,1.68,1.71,507448293.0,872235808.0,32872676656.0,0.015436780470001044
2025-11-27,1.72,1.73,1.68,1.69,385061464.0,653825441.0,32872676656.0,0.011713724076366554
2025-11-28,1.69,1.74,1.67,1.73,472178145.0,806354244.0,32872676656.0,0.014363848430754935
2025-12-01,1.72,1.77,1.72,1.76,563027300.0,984856624.0,32872676656.0,0.017127516140284696
2025-12-02,1.77,1.77,1.72,1.76,481643844.0,842204469.0,32872676656.0,0.014651798788404691
2025-12-03,1.75,1.78,1.74,1.77,436747857.0,771738026.0,32872676656.0,0.013286044868521035
2025-12-04,1.77,1.78,1.73,1.76,448934802.0,788179523.0,32872676656.0,0.013656776620228744
2025-12-05,1.75,1.77,1.73,1.77,345796733.0,605559018.0,32872676656.0,0.010519275221139754
2025-12-08,1.77,1.8,1.76,1.79,431283471.0,768376323.0,32872676656.0,0.01311981605614951
2025-12-09,1.78,1.79,1.72,1.73,549849460.0,958652051.0,32872676656.0,0.016726640965503494
2025-12-10,1.73,1.82,1.73,1.8,832090364.0,1483049396.0,32872676656.0,0.025312522393825965
2025-12-11,1.78,1.79,1.73,1.73,643353132.0,1127183667.0,32872676656.0,0.019571060146164693
2025-12-12,1.74,1.75,1.72,1.73,388905951.0,673262939.0,32872676656.0,0.01183067491186532
2025-12-15,1.73,1.76,1.7,1.75,407132111.0,706735054.0,32872676656.0,0.012385122004529231
2025-12-16,1.74,1.77,1.71,1.72,422434790.0,731098686.0,32872676656.0,0.012850635633374753
2025-12-17,1.72,1.75,1.69,1.75,460480318.0,796482625.0,32872676656.0,0.014007995844656965
2025-12-18,1.74,1.74,1.68,1.69,523234457.0,893835416.0,32872676656.0,0.015917001906338466
2025-12-19,1.69,1.75,1.66,1.73,777425278.0,1325129897.0,32872676656.0,0.023649588566682856
2025-12-22,1.75,1.9,1.75,1.9,2508058469.0,4699932753.0,32872676656.0,0.07629614391446957
2025-12-23,1.88,1.91,1.78,1.8,2209376460.0,4059446488.0,32872676656.0,0.06721011748207426
2025-12-24,1.77,1.81,1.75,1.79,997413297.0,1775330954.0,32872676656.0,0.03034171228091795
2025-12-25,1.8,1.8,1.75,1.76,726203711.0,1281637845.0,32872676656.0,0.022091407967761323
2025-12-26,1.75,1.82,1.75,1.8,1022287856.0,1833606736.0,42845514933.0,0.023859856920814475
2025-12-29,1.79,1.89,1.78,1.81,1039668584.0,1902706469.0,42845514933.0,0.024265517303871588
2025-12-30,1.79,1.81,1.77,1.77,663641288.0,1183033446.0,42845514933.0,0.015489165879737334
2025-12-31,1.78,1.82,1.76,1.81,735772683.0,1317043061.0,42845514933.0,0.01717268853345724
2026-01-05,1.8,1.8,1.77,1.78,682032866.0,1212424057.0,42845514933.0,0.015918419163978636
2026-01-06,1.78,1.79,1.76,1.78,618943327.0,1100290947.0,42845514933.0,0.014445930407602227
2026-01-07,1.78,1.8,1.75,1.76,704465543.0,1247063283.0,42845514933.0,0.016441990348385668
2026-01-08,1.75,1.76,1.73,1.74,546344023.0,951828263.0,42845514933.0,0.01275148691419276
2026-01-09,1.73,1.75,1.72,1.73,445765469.0,771002343.0,42845514933.0,0.010404017076164661
2026-01-12,1.73,1.75,1.72,1.74,531686059.0,923330986.0,42845514933.0,0.012409374932975555
2026-01-13,1.74,1.74,1.71,1.72,516108165.0,890163016.0,42845514933.0,0.012045792092989617
2026-01-14,1.71,1.72,1.68,1.69,663459697.0,1128601766.0,42845514933.0,0.015484927606483203
2026-01-15,1.68,1.69,1.67,1.68,309737795.0,519145657.0,42845514933.0,0.007229176624072667
2026-01-16,1.68,1.7,1.68,1.69,251031551.0,423185166.0,42845514933.0,0.00585899250814356
2026-01-19,1.68,1.72,1.68,1.71,404046440.0,689645276.0,42845514933.0,0.009430308881380717
2026-01-20,1.71,1.73,1.7,1.72,410536558.0,704567324.0,42845514933.0,0.009581786066569153
2026-01-21,1.71,1.72,1.7,1.7,269534206.0,459252596.0,42845514933.0,0.006290838292444055
2026-01-22,1.7,1.74,1.7,1.73,479223124.0,825789797.0,42845514933.0,0.011184907562655947
2026-01-23,1.74,1.75,1.73,1.74,363136843.0,631537455.0,42845514933.0,0.008475492558972812
2026-01-26,1.74,1.74,1.7,1.71,334150055.0,573425944.0,42845514933.0,0.007798950614143154
2026-01-27,1.71,1.71,1.68,1.69,293480850.0,496116818.0,42845514933.0,0.006849744960678683
2026-01-28,1.69,1.7,1.68,1.69,352961544.0,596106573.0,42845514933.0,0.008238004480794462
2026-01-29,1.68,1.69,1.67,1.68,305589295.0,513373858.0,42845514933.0,0.007132352020459262
2026-01-30,1.68,1.7,1.66,1.69,403765677.0,679455303.0,42845514933.0,0.009423755966788861
2026-02-02,1.74,1.75,1.68,1.68,570642933.0,976114346.0,42845514933.0,0.013318615353143666
2026-02-03,1.68,1.7,1.65,1.67,503922151.0,840950499.0,42845514933.0,0.011761374598671812
2026-02-04,1.67,1.75,1.66,1.75,1096777587.0,1888996997.0,42845514933.0,0.025598422348642427
2026-02-05,1.73,1.76,1.73,1.74,550558855.0,958720995.0,42845514933.0,0.012849859684518685
2026-02-06,1.74,1.74,1.72,1.72,315410959.0,544457270.0,42845514933.0,0.00736158637591884
2026-02-09,1.73,1.75,1.72,1.75,414738152.0,720092030.0,42845514933.0,0.009679849866399083
2026-02-10,1.74,1.75,1.72,1.73,336583684.0,582728266.0,42845514933.0,0.007855750701709041
2026-02-11,1.73,1.74,1.7,1.71,449975346.0,773168455.0,42845514933.0,0.010502274198446498
2026-02-12,1.71,1.72,1.68,1.68,403256258.0,681617226.0,42845514933.0,0.009411866297571521
2026-02-13,1.69,1.7,1.66,1.67,431258826.0,723229496.0,42845514933.0,0.010065436876517514
2026-02-24,1.68,1.69,1.67,1.67,274565817.0,459574225.0,42845514933.0,0.006408274411670729
2026-02-25,1.67,1.72,1.67,1.71,500582052.0,851846519.0,42845514933.0,0.011683417804238996
2026-02-26,1.71,1.71,1.68,1.68,362893251.0,613621304.0,42845514933.0,0.008469807203098785
2026-02-27,1.68,1.71,1.68,1.7,464591589.0,787933073.0,42845514933.0,0.010843412425466438
2026-03-02,1.66,1.67,1.63,1.63,713635550.0,1174653608.0,42845514933.0,0.0166560152472424
2026-03-03,1.62,1.63,1.55,1.56,830337563.0,1318065755.0,42845514933.0,0.01937980123003415
2026-03-04,1.54,1.55,1.51,1.53,530959338.0,810567098.0,42845514933.0,0.012392413507698336
2026-03-05,1.55,1.56,1.53,1.55,503726226.0,779353677.0,42845514933.0,0.011756801774647958
2026-03-06,1.53,1.58,1.53,1.57,488135029.0,759226172.0,42845514933.0,0.011392908447087749
2026-03-09,1.53,1.53,1.51,1.53,500505638.0,761684875.0,42845514933.0,0.01168163432701578
2026-03-10,1.57,1.58,1.54,1.55,292947136.0,456000840.0,42845514933.0,0.006837288254280484
2026-03-11,1.55,1.56,1.53,1.54,308542913.0,475450011.0,42845514933.0,0.0072012884775101045
2026-03-12,1.54,1.57,1.53,1.55,453960063.0,705565677.0,42845514933.0,0.01059527616157452
2026-03-13,1.54,1.58,1.54,1.55,455103226.0,709810189.0,42845514933.0,0.010621957203961047
2026-03-16,1.55,1.57,1.53,1.55,376460018.0,582782964.0,42845514933.0,0.008786451011002954
2026-03-17,1.56,1.59,1.55,1.57,504828569.0,794337231.0,42845514933.0,0.011782530091876115
2026-03-18,1.57,1.58,1.53,1.54,478846599.0,740108956.0,42845514933.0,0.01117611959498678
2026-03-19,1.52,1.53,1.49,1.5,552960723.0,832323874.0,42845514933.0,0.012905918480958779
2026-03-20,1.49,1.51,1.47,1.47,322923114.0,480337039.0,42845514933.0,0.0075369175631328856
2026-03-23,1.45,1.46,1.38,1.39,605887008.0,854235011.0,42845514933.0,0.014141200285431518
2026-03-24,1.42,1.43,1.39,1.43,392063905.0,554855713.0,42845514933.0,0.009150640518922294
2026-03-25,1.45,1.48,1.44,1.48,423854249.0,620405770.0,42845514933.0,0.009892616523871993
2026-03-26,1.47,1.49,1.45,1.46,328911222.0,481675351.0,42845514933.0,0.007676678002687969
2026-03-27,1.44,1.47,1.43,1.46,261188891.0,380524638.0,42845514933.0,0.006096061429263625
2026-03-30,1.43,1.46,1.43,1.46,247978634.0,357946377.0,42845514933.0,0.005787738445617434
2026-03-31,1.46,1.48,1.44,1.45,254075790.0,370546132.0,42845514933.0,0.005930044029049784
2026-04-01,1.47,1.49,1.45,1.47,364420102.0,535064117.0,42845514933.0,0.00850544339518068
2026-04-02,1.46,1.47,1.44,1.44,252636196.0,366420000.0,42845514933.0,0.005896444386187487
2026-04-03,1.43,1.44,1.41,1.42,254676440.0,362140437.0,42845514933.0,0.00594406299931865
2026-04-07,1.42,1.43,1.41,1.42,190458502.0,270378168.0,42845514933.0,0.004445237787381735
2026-04-08,1.48,1.5,1.46,1.49,511004126.0,757261912.0,42845514933.0,0.011926665528447646
2026-04-09,1.47,1.47,1.45,1.45,257319147.0,375447058.0,42845514933.0,0.006005742897532793
2026-04-10,1.46,1.47,1.45,1.46,220053818.0,321325786.0,42845514933.0,0.005135982572367513
2026-04-13,1.44,1.46,1.43,1.45,205636621.0,297851362.0,42845514933.0,0.004799490012468419
2026-04-14,1.46,1.47,1.45,1.46,188538032.0,274911800.0,42845514933.0,0.004400414659383316
2026-04-15,1.48,1.49,1.45,1.46,313290082.0,460867028.0,42845514933.0,0.007312085815514407
2026-04-16,1.46,1.47,1.45,1.47,171703967.0,251184148.0,42845514933.0,0.004007513208056979
2026-04-17,1.46,1.48,1.45,1.48,290589636.0,426398487.0,42845514933.0,0.006782264992133057
2026-04-20,1.48,1.5,1.47,1.49,405404368.0,603874439.0,42845514933.0,0.00946200246709496
2026-04-21,1.49,1.5,1.48,1.49,233498562.0,347495981.0,42845514933.0,0.005449778404230528
2026-04-22,1.48,1.49,1.47,1.47,133358645.0,196569347.0,42845514933.0,0.003112546207194396
2026-04-23,1.47,1.47,1.44,1.45,360321312.0,522818817.0,42845514933.0,0.008409779006354695
2026-04-24,1.44,1.45,1.43,1.44,150672703.0,216425060.0,42845514933.0,0.0035166505347319454
2026-04-27,1.43,1.44,1.42,1.43,244208023.0,348692658.0,42845514933.0,0.00569973364497736
2026-04-28,1.42,1.44,1.42,1.43,197689054.0,282425135.0,42845514933.0,0.0046139964546846445
2026-04-29,1.43,1.45,1.42,1.44,233393153.0,336086939.0,42845514933.0,0.005447318193397146
2026-04-30,1.5,1.57,1.5,1.51,1135237255.0,1734866493.0,42845514933.0,0.026496058146931737
2026-05-06,1.51,1.52,1.49,1.5,535339469.0,803834438.0,42845514933.0,0.012494644301443014
2026-05-07,1.52,1.55,1.51,1.52,513945885.0,783936705.0,42845514933.0,0.011995325200401648
2026-05-08,1.51,1.65,1.5,1.6,1416096548.0,2245094618.0,42845514933.0,0.03305122018522666
2026-05-11,1.59,1.6,1.57,1.58,601899434.0,951917124.0,42845514933.0,0.014048131640878276
2026-05-12,1.58,1.59,1.54,1.55,494009154.0,770077787.0,42845514933.0,0.011530008561514794
2026-05-13,1.54,1.57,1.54,1.56,508594963.0,790808219.0,42845514933.0,0.011870436469145469
2026-05-14,1.57,1.58,1.53,1.53,380868078.0,587851659.0,42845514933.0,0.008889333658274042
2026-05-15,1.53,1.53,1.5,1.51,359189563.0,542918398.0,42845514933.0,0.008383364362913724
2026-05-18,1.5,1.52,1.48,1.51,347797476.0,520704160.0,42845514933.0,0.008117476859453573
2026-05-19,1.51,1.53,1.5,1.52,204045844.0,309443112.0,42845514933.0,0.0047623618089099465
2026-05-20,1.52,1.52,1.48,1.48,304185405.0,452938190.0,42845514933.0,0.00709958569702505
2026-05-21,1.51,1.52,1.48,1.48,434913622.0,653379835.0,42845514933.0,0.010150738593761786
2026-05-22,1.48,1.49,1.46,1.46,332110757.0,487443336.0,42845514933.0,0.007751354080335847
2026-05-25,1.5,1.52,1.48,1.51,406142136.0,610206604.0,42845514933.0,0.009479221725660384
2026-05-26,1.5,1.52,1.47,1.5,391207357.0,585733576.0,42845514933.0,0.009130648974851942
2026-05-27,1.49,1.5,1.47,1.47,243939017.0,360699271.0,42845514933.0,0.005693455134836435
2026-05-28,1.48,1.49,1.45,1.47,333536061.0,489526552.0,42845514933.0,0.007784620199373716
2026-05-29,1.46,1.5,1.46,1.47,396390649.0,588203124.0,42845514933.0,0.009251625277928364
2026-06-01,1.49,1.53,1.48,1.52,593756934.0,894170988.0,42845514933.0,0.013858088412019133
2026-06-02,1.51,1.53,1.49,1.51,399338295.0,600581839.0,42845514933.0,0.009320422350494989
2026-06-03,1.5,1.52,1.49,1.49,319640098.0,479827519.0,42845514933.0,0.0074602930668435105
2026-06-04,1.49,1.5,1.48,1.48,223086753.0,332701545.0,42845514933.0,0.005206770261691419
2026-06-05,1.49,1.51,1.48,1.49,424745358.0,635094911.0,42845514933.0,0.009913414710132408
2026-06-08,1.47,1.48,1.43,1.44,437111752.0,634092994.0,42845514933.0,0.01020204221336905
2026-06-09,1.45,1.46,1.42,1.46,320540570.0,462551864.0,42845514933.0,0.007481309782394908
2026-06-10,1.45,1.47,1.43,1.46,294143704.0,426580839.0,42845514933.0,0.0068652157515196035
2026-06-11,1.44,1.49,1.43,1.48,466037702.0,681777840.0,42845514933.0,0.010877164219610151
2026-06-12,1.5,1.56,1.5,1.53,1418190526.0,2181606320.0,42845514933.0,0.03310009293196047
2026-06-15,1.59,1.6,1.51,1.52,679623035.0,1049979246.0,42845514933.0,0.015862174513779696
2026-06-16,1.51,1.52,1.48,1.49,403597677.0,603296645.0,42845514933.0,0.009419834902932757
2026-06-17,1.51,1.52,1.47,1.48,361578660.0,537667380.0,42845514933.0,0.008439125088481755
2026-06-18,1.47,1.48,1.45,1.45,295790959.0,431792816.0,42845514933.0,0.006903662132723702
2026-06-22,1.44,1.45,1.42,1.44,375130234.0,537757046.0,42845514933.0,0.00875541429684327
2026-06-23,1.44,1.47,1.43,1.43,363153472.0,524509151.0,42845514933.0,0.00847588067427557
2026-06-24,1.43,1.45,1.41,1.42,389307105.0,554990539.0,42845514933.0,0.009086297728216872
2026-06-25,1.43,1.45,1.41,1.43,426621072.0,610038166.0,42845514933.0,0.009957193248047828
2026-06-26,1.42,1.43,1.39,1.39,344021218.0,482628102.0,42845514933.0,0.008029340259720668
2026-06-29,1.4,1.4,1.36,1.38,292452168.0,403214445.0,42845514933.0,0.006825735866573766
2026-06-30,1.37,1.38,1.35,1.35,276718041.0,376268169.0,42845514933.0,0.006458506600579312
2026-07-01,1.35,1.39,1.35,1.38,349815541.0,479756544.0,42845514933.0,0.008164577822136733
2026-07-02,1.38,1.4,1.36,1.37,274372428.0,378162962.0,42845514933.0,0.00640376077703937
2026-07-03,1.37,1.39,1.36,1.37,242155256.0,331885370.0,42845514933.0,0.005651822749211256
2026-07-06,1.38,1.39,1.37,1.38,166484552.0,229293022.0,42845514933.0,0.0038856938062324957
2026-07-07,1.37,1.38,1.35,1.35,213207817.0,289969978.0,42845514933.0,0.004976199196891561
2026-07-08,1.35,1.36,1.34,1.35,230791569.0,311481562.0,42845514933.0,0.005386598092260113
2026-07-09,1.33,1.34,1.31,1.32,318314180.0,421007898.0,42845514933.0,0.007429346583831848
2026-07-10,1.32,1.35,1.31,1.34,273148859.0,364510396.0,42845514933.0,0.006375203085483711
2026-07-13,1.33,1.34,1.31,1.31,256396933.0,338228935.0,42845514933.0,0.005984218730967352
2026-07-14,1.3,1.33,1.3,1.33,226502045.0,298442284.0,42845514933.0,0.005286482035615497
2026-07-15,1.32,1.35,1.31,1.34,254754487.0,340669761.0,42845514933.0,0.005945884590216135
2026-07-16,1.33,1.35,1.32,1.33,262532984.0,350305782.0,42845514933.0,0.006127432110701388
2026-07-17,1.33,1.34,1.31,1.32,274552137.0,364275637.0,42845514933.0,0.006407955125042446
2026-07-20,1.32,1.34,1.31,1.33,236694519.0,314658230.0,42845514933.0,0.005524370972554137
2026-07-21,1.33,1.35,1.33,1.34,285489399.0,381938215.0,42845514933.0,0.006663227165000496
2026-07-22,1.33,1.34,1.32,1.33,224395531.0,298494731.0,42845514933.0,0.005237316702831095
2026-07-23,1.33,1.35,1.32,1.35,236957814.0,317449806.0,42845514933.0,0.0055305161898636206
2026-07-24,1.33,1.34,1.32,1.33,167078900.0,222212704.0,42845514933.0,0.0038995656899274266
2026-07-27,1.33,1.34,1.32,1.34,171061314.0,228143560.0,42845514933.0,0.0039925139018050886
2026-07-28,1.34,1.35,1.33,1.34,247198989.0,331205033.0,42845514933.0,0.005769541791866881
2026-07-29,1.34,1.36,1.33,1.35,304059183.0,410646623.0,42845514933.0,0.007096639717727162
2026-07-30,1.35,1.37,1.34,1.35,300872437.0,408703743.0,42845514933.0,0.00702226213106533
2026-07-31,1.36,1.37,1.35,1.37,279213908.0,379485700.0,42845514933.0,0.006516759302265893
2026-08-03,1.37,1.38,1.36,1.38,285054587.0,390740751.0,42845514933.0,0.006653078798230253
2026-08-04,1.38,1.38,1.35,1.36,249185580.0,339685344.0,42845514933.0,0.005815908161908331
2026-08-05,1.37,1.37,1.35,1.36,255989629.0,347586239.0,42845514933.0,0.005974712391724215
2026-08-06,1.35,1.36,1.33,1.34,292492851.0,392688167.0,42845514933.0,0.006826685394197921
2026-08-07,1.34,1.35,1.33,1.33,164986571.0,220053838.0,42845514933.0,0.003850731430302542
2026-08-10,1.34,1.35,1.33,1.34,159431652.0,213760600.0,42845514933.0,0.0037210814772400905
2026-08-11,1.33,1.35,1.33,1.33,188744301.0,252420010.0,42845514933.0,0.0044052289089103105
2026-08-12,1.33,1.35,1.33,1.34,214455080.0,287256591.0,42845514933.0,0.005005309898488926
2026-08-13,1.34,1.35,1.33,1.33,188502664.0,251452212.0,42845514933.0,0.004399589182082943
