date,open,high,low,close,volume,amount,outstanding_share,turnover
2004-03-02,1.02,1.04,0.94,0.96,31467965.0,389794283.0,60000000.0,0.5244660833333333
2004-03-03,0.95,0.96,0.93,0.94,9257258.0,110674987.0,60000000.0,0.15428763333333334
2004-03-04,0.93,0.95,0.92,0.94,5933821.0,70889107.0,60000000.0,0.09889701666666667
2004-03-05,0.94,0.96,0.92,0.93,5210158.0,61940288.0,60000000.0,0.08683596666666667
2004-03-08,0.92,0.93,0.89,0.91,5285623.0,60714251.0,60000000.0,0.08809371666666667
2004-03-09,0.91,0.92,0.9,0.92,3569055.0,41230725.0,60000000.0,0.05948425
2004-03-10,0.92,0.93,0.91,0.92,3749538.0,43812772.0,60000000.0,0.0624923
2004-03-11,0.92,0.94,0.91,0.92,3471516.0,40699075.0,60000000.0,0.0578586
2004-03-12,0.92,0.93,0.91,0.92,2437847.0,28310449.0,60000000.0,0.04063078333333333
2004-03-15,0.91,0.92,0.9,0.92,2764125.0,32053867.0,60000000.0,0.04606875
2004-03-16,0.92,0.94,0.91,0.93,3464953.0,40752014.0,60000000.0,0.057749216666666665
2004-03-17,0.95,0.95,0.93,0.94,3403564.0,40510952.0,60000000.0,0.056726066666666665
2004-03-18,0.95,0.95,0.9,0.91,3244439.0,37683875.0,60000000.0,0.05407398333333333
2004-03-19,0.91,0.92,0.9,0.92,2198255.0,25305921.0,60000000.0,0.036637583333333335
2004-03-22,0.91,0.93,0.91,0.91,1933837.0,22489754.0,60000000.0,0.03223061666666667
2004-03-23,0.91,0.91,0.9,0.9,1894735.0,21728284.0,60000000.0,0.031578916666666665
2004-03-24,0.9,0.91,0.9,0.9,1529617.0,17492422.0,60000000.0,0.025493616666666667
2004-03-25,0.9,0.91,0.9,0.91,1372359.0,15707578.0,60000000.0,0.02287265
2004-03-26,0.91,0.91,0.9,0.9,930654.0,10695224.0,60000000.0,0.0155109
2004-03-29,0.9,0.9,0.88,0.88,1475953.0,16774388.0,60000000.0,0.024599216666666666
2004-03-30,0.88,0.9,0.88,0.89,1314743.0,14806508.0,60000000.0,0.021912383333333334
2004-03-31,0.89,0.9,0.89,0.89,1695467.0,19226532.0,60000000.0,0.028257783333333335
2004-04-01,0.89,0.91,0.88,0.91,2477081.0,28342006.0,60000000.0,0.041284683333333336
2004-04-02,0.91,0.91,0.9,0.9,1121376.0,12881641.0,60000000.0,0.0186896
2004-04-05,0.9,0.91,0.9,0.91,1643751.0,18851321.0,60000000.0,0.02739585
2004-04-06,0.91,0.92,0.91,0.91,1507278.0,17460316.0,60000000.0,0.0251213
2004-04-07,0.92,0.92,0.9,0.9,1448040.0,16730732.0,60000000.0,0.024134
2004-04-08,0.9,0.91,0.89,0.89,1433716.0,16278536.0,60000000.0,0.023895266666666668
2004-04-09,0.9,0.9,0.88,0.88,1543353.0,17389949.0,60000000.0,0.02572255
2004-04-12,0.88,0.88,0.86,0.87,1592462.0,17581885.0,60000000.0,0.026541033333333332
2004-04-13,0.87,0.88,0.86,0.87,1050487.0,11598559.0,60000000.0,0.017508116666666667
2004-04-14,0.87,0.87,0.83,0.84,1780240.0,19023566.0,60000000.0,0.029670666666666668
2004-04-15,0.84,0.84,0.79,0.8,1942041.0,20141513.0,60000000.0,0.03236735
2004-04-16,0.8,0.81,0.78,0.81,2165851.0,21730647.0,60000000.0,0.03609751666666667
2004-04-19,0.81,0.81,0.77,0.78,956427.0,9578169.0,60000000.0,0.01594045
2004-04-20,0.78,0.8,0.78,0.79,1133635.0,11311403.0,60000000.0,0.018893916666666666
2004-04-21,0.79,0.8,0.78,0.79,605855.0,6083147.0,60000000.0,0.010097583333333333
2004-04-23,0.77,0.78,0.74,0.75,1088290.0,10479068.0,60000000.0,0.018138166666666667
2004-04-26,0.75,0.75,0.71,0.73,1388871.0,12874163.0,60000000.0,0.02314785
2004-04-27,0.67,0.68,0.66,0.66,3457063.0,29269223.0,60000000.0,0.057617716666666666
2004-04-28,0.65,0.69,0.65,0.68,3405667.0,29203848.0,60000000.0,0.05676111666666667
2004-04-29,0.68,0.69,0.67,0.69,2469950.0,21436520.0,60000000.0,0.04116583333333333
2004-04-30,0.69,0.7,0.67,0.69,1512380.0,13117951.0,60000000.0,0.025206333333333334
2004-05-10,0.69,0.69,0.67,0.67,734834.0,6302294.0,60000000.0,0.012247233333333333
2004-05-11,0.67,0.69,0.67,0.69,1080538.0,9362509.0,60000000.0,0.018008966666666668
2004-05-12,0.69,0.71,0.69,0.71,1503246.0,13345949.0,60000000.0,0.0250541
2004-05-13,0.71,0.71,0.69,0.7,1092601.0,9677114.0,60000000.0,0.018210016666666665
2004-05-14,0.7,0.7,0.67,0.67,1076620.0,9296107.0,60000000.0,0.017943666666666667
2004-05-17,0.67,0.68,0.66,0.67,577829.0,4921220.0,60000000.0,0.009630483333333334
2004-05-18,0.67,0.68,0.67,0.68,931457.0,8018368.0,60000000.0,0.015524283333333333
2004-05-19,0.69,0.7,0.68,0.68,825969.0,7234150.0,60000000.0,0.01376615
2004-05-20,0.68,0.69,0.67,0.67,612885.0,5248927.0,60000000.0,0.01021475
2004-05-21,0.67,0.68,0.67,0.68,363051.0,3098292.0,60000000.0,0.00605085
2004-05-24,0.67,0.67,0.61,0.62,5297822.0,41865293.0,60000000.0,0.08829703333333333
2004-05-25,0.62,0.63,0.61,0.61,2283447.0,17918231.0,60000000.0,0.03805745
2004-05-26,0.61,0.63,0.6,0.61,1408917.0,10936773.0,60000000.0,0.02348195
2004-05-27,0.61,0.64,0.6,0.63,2323635.0,18384642.0,60000000.0,0.03872725
2004-05-28,0.63,0.63,0.61,0.62,1235576.0,9757038.0,60000000.0,0.020592933333333334
2004-05-31,0.61,0.63,0.61,0.63,973840.0,7683823.0,60000000.0,0.016230666666666668
2004-06-01,0.63,0.67,0.62,0.66,4671045.0,38472072.0,60000000.0,0.07785075
2004-06-02,0.67,0.73,0.67,0.7,10786147.0,95773304.0,60000000.0,0.17976911666666667
2004-06-03,0.69,0.71,0.67,0.7,4139704.0,36315397.0,60000000.0,0.06899506666666666
2004-06-04,0.69,0.7,0.68,0.69,1664991.0,14585709.0,60000000.0,0.02774985
2004-06-07,0.69,0.7,0.67,0.67,1702579.0,14739323.0,60000000.0,0.028376316666666665
2004-06-08,0.67,0.68,0.65,0.65,1443909.0,12077907.0,60000000.0,0.02406515
2004-06-09,0.65,0.66,0.63,0.64,1095380.0,9043082.0,60000000.0,0.018256333333333333
2004-06-10,0.64,0.65,0.62,0.63,1322791.0,10620744.0,60000000.0,0.022046516666666665
2004-06-11,0.63,0.67,0.63,0.64,1482900.0,12241625.0,60000000.0,0.024715
2004-06-14,0.64,0.64,0.61,0.62,1417140.0,11151366.0,60000000.0,0.023619
2004-06-15,0.62,0.65,0.61,0.64,651342.0,5204616.0,60000000.0,0.0108557
2004-06-16,0.64,0.65,0.63,0.64,913269.0,7399518.0,60000000.0,0.01522115
2004-06-17,0.64,0.65,0.61,0.62,696180.0,5540728.0,60000000.0,0.011603
2004-06-18,0.62,0.63,0.61,0.62,622476.0,4873592.0,60000000.0,0.0103746
2004-06-21,0.61,0.65,0.61,0.64,738242.0,5953308.0,60000000.0,0.012304033333333334
2004-06-22,0.65,0.66,0.64,0.65,1358576.0,11277912.0,60000000.0,0.022642933333333334
2004-06-23,0.65,0.65,0.63,0.63,704189.0,5687838.0,60000000.0,0.011736483333333334
2004-06-24,0.63,0.65,0.63,0.64,708107.0,5726705.0,60000000.0,0.011801783333333333
2004-06-25,0.64,0.64,0.61,0.61,918672.0,7229952.0,60000000.0,0.0153112
2004-06-28,0.61,0.61,0.6,0.6,609279.0,4657623.0,60000000.0,0.01015465
2004-06-29,0.6,0.61,0.59,0.61,701490.0,5343787.0,60000000.0,0.0116915
2004-06-30,0.61,0.61,0.6,0.61,439332.0,3392740.0,60000000.0,0.0073222
2004-07-01,0.61,0.63,0.61,0.62,816824.0,6443196.0,60000000.0,0.013613733333333333
2004-07-02,0.62,0.63,0.61,0.62,554235.0,4358540.0,60000000.0,0.00923725
2004-07-05,0.61,0.62,0.61,0.62,280784.0,2184983.0,60000000.0,0.004679733333333333
2004-07-06,0.62,0.63,0.61,0.62,517090.0,4082056.0,60000000.0,0.008618166666666666
2004-07-07,0.61,0.61,0.61,0.61,452780.0,3504886.0,60000000.0,0.007546333333333334
2004-07-08,0.6,0.61,0.6,0.61,390406.0,3000803.0,60000000.0,0.006506766666666667
2004-07-09,0.61,0.62,0.61,0.61,264875.0,2052228.0,60000000.0,0.004414583333333334
2004-07-12,0.61,0.61,0.6,0.6,572700.0,4380036.0,60000000.0,0.009545
2004-07-13,0.6,0.6,0.59,0.6,291485.0,2213368.0,60000000.0,0.004858083333333333
2004-07-14,0.6,0.6,0.54,0.55,1497618.0,10596107.0,60000000.0,0.0249603
2004-07-15,0.55,0.55,0.53,0.54,899246.0,6147654.0,60000000.0,0.014987433333333333
2004-07-16,0.54,0.57,0.54,0.57,1132266.0,7948441.0,60000000.0,0.0188711
2004-07-19,0.59,0.61,0.59,0.59,2796554.0,21315042.0,60000000.0,0.04660923333333333
2004-07-20,0.59,0.59,0.57,0.58,1075172.0,7908378.0,60000000.0,0.017919533333333335
2004-07-21,0.58,0.59,0.58,0.58,458304.0,3366945.0,60000000.0,0.0076384
2004-07-22,0.58,0.58,0.56,0.56,588900.0,4254682.0,60000000.0,0.009815
2004-07-23,0.56,0.57,0.56,0.57,290429.0,2069832.0,60000000.0,0.004840483333333334
2004-07-26,0.56,0.58,0.56,0.58,498147.0,3608250.0,60000000.0,0.00830245
2004-07-27,0.56,0.57,0.54,0.54,576518.0,4049869.0,60000000.0,0.009608633333333333
2004-07-28,0.54,0.56,0.54,0.56,389229.0,2714518.0,60000000.0,0.00648715
2004-07-29,0.56,0.57,0.55,0.57,437275.0,3100828.0,60000000.0,0.0072879166666666665
2004-07-30,0.56,0.57,0.55,0.55,310503.0,2204011.0,60000000.0,0.00517505
2004-08-02,0.54,0.56,0.54,0.55,123400.0,864066.0,60000000.0,0.0020566666666666667
2004-08-03,0.55,0.56,0.54,0.55,154475.0,1082678.0,60000000.0,0.0025745833333333332
2004-08-04,0.55,0.57,0.55,0.57,595485.0,4276717.0,60000000.0,0.00992475
2004-08-05,0.56,0.57,0.56,0.56,327795.0,2340463.0,60000000.0,0.00546325
2004-08-06,0.56,0.56,0.55,0.55,296070.0,2085663.0,60000000.0,0.0049345
2004-08-09,0.55,0.55,0.55,0.55,197871.0,1380417.0,60000000.0,0.00329785
2004-08-10,0.55,0.55,0.55,0.55,209708.0,1465113.0,60000000.0,0.0034951333333333333
2004-08-11,0.55,0.55,0.54,0.54,293230.0,2019043.0,60000000.0,0.004887166666666666
2004-08-12,0.54,0.54,0.51,0.52,689879.0,4564006.0,60000000.0,0.011497983333333333
2004-08-13,0.52,0.52,0.51,0.52,285200.0,1876098.0,60000000.0,0.004753333333333333
2004-08-16,0.52,0.52,0.5,0.51,506110.0,3268037.0,60000000.0,0.008435166666666667
2004-08-17,0.51,0.52,0.5,0.51,196253.0,1266778.0,60000000.0,0.003270883333333333
2004-08-18,0.51,0.52,0.51,0.52,406455.0,2676744.0,60000000.0,0.00677425
2004-08-19,0.51,0.52,0.51,0.52,419564.0,2758014.0,60000000.0,0.006992733333333333
2004-08-20,0.52,0.53,0.52,0.53,539050.0,3604406.0,60000000.0,0.008984166666666666
2004-08-23,0.53,0.53,0.52,0.53,252056.0,1674222.0,60000000.0,0.004200933333333334
2004-08-24,0.53,0.54,0.52,0.53,336530.0,2266354.0,60000000.0,0.005608833333333334
2004-08-25,0.53,0.53,0.52,0.53,232712.0,1560494.0,60000000.0,0.003878533333333333
2004-08-27,0.52,0.53,0.52,0.53,487514.0,3268071.0,60000000.0,0.008125233333333334
2004-08-30,0.51,0.53,0.51,0.53,348048.0,2336120.0,60000000.0,0.0058008
2004-08-31,0.55,0.56,0.54,0.54,613026.0,4228012.0,60000000.0,0.0102171
2004-09-01,0.54,0.54,0.53,0.54,239898.0,1626861.0,60000000.0,0.0039983
2004-09-02,0.53,0.55,0.53,0.55,232070.0,1586200.0,60000000.0,0.0038678333333333334
2004-09-03,0.55,0.55,0.54,0.55,235456.0,1630266.0,60000000.0,0.003924266666666666
2004-09-06,0.55,0.55,0.54,0.55,128646.0,892924.0,60000000.0,0.0021441
2004-09-07,0.56,0.56,0.55,0.56,319964.0,2251289.0,60000000.0,0.005332733333333333
2004-09-08,0.56,0.56,0.55,0.55,374380.0,2630245.0,60000000.0,0.006239666666666667
2004-09-09,0.55,0.56,0.54,0.55,690350.0,4835681.0,60000000.0,0.011505833333333333
2004-09-10,0.55,0.55,0.54,0.55,304547.0,2120824.0,60000000.0,0.0050757833333333335
2004-09-13,0.55,0.55,0.54,0.55,490010.0,3402329.0,60000000.0,0.008166833333333333
2004-09-14,0.55,0.56,0.55,0.56,399529.0,2835603.0,60000000.0,0.006658816666666667
2004-09-15,0.56,0.6,0.56,0.59,1911172.0,14175571.0,60000000.0,0.03185286666666667
2004-09-16,0.59,0.59,0.58,0.59,1011524.0,7545413.0,60000000.0,0.016858733333333334
2004-09-17,0.59,0.61,0.58,0.61,1224056.0,9268889.0,60000000.0,0.020400933333333333
2004-09-20,0.61,0.63,0.6,0.62,2159618.0,16835443.0,60000000.0,0.03599363333333333
2004-09-21,0.62,0.63,0.61,0.61,1364228.0,10652593.0,60000000.0,0.022737133333333333
2004-09-22,0.61,0.62,0.61,0.61,1133693.0,8813569.0,60000000.0,0.018894883333333334
2004-09-23,0.61,0.65,0.61,0.65,3222927.0,25854446.0,60000000.0,0.05371545
2004-09-24,0.66,0.68,0.63,0.63,3620491.0,30276171.0,60000000.0,0.060341516666666664
2004-09-27,0.65,0.65,0.62,0.63,1679136.0,13486388.0,60000000.0,0.0279856
2004-09-28,0.64,0.64,0.62,0.63,800436.0,6396167.0,60000000.0,0.0133406
2004-09-29,0.63,0.64,0.63,0.64,1014366.0,8206147.0,60000000.0,0.0169061
2004-09-30,0.64,0.64,0.63,0.63,716973.0,5786393.0,60000000.0,0.01194955
2004-10-08,0.63,0.64,0.6,0.64,1162535.0,9230965.0,60000000.0,0.019375583333333335
2004-10-11,0.64,0.66,0.63,0.64,1615039.0,13129553.0,60000000.0,0.026917316666666666
2004-10-12,0.64,0.64,0.62,0.63,754796.0,6044347.0,60000000.0,0.012579933333333333
2004-10-13,0.62,0.63,0.62,0.62,476176.0,3756612.0,60000000.0,0.007936266666666667
2004-10-14,0.62,0.62,0.6,0.6,1291360.0,10003321.0,60000000.0,0.021522666666666666
2004-10-15,0.6,0.62,0.59,0.61,942021.0,7219184.0,60000000.0,0.01570035
2004-10-18,0.61,0.62,0.6,0.62,455053.0,3553448.0,60000000.0,0.007584216666666667
2004-10-19,0.62,0.64,0.62,0.63,896192.0,7171244.0,60000000.0,0.014936533333333333
2004-10-20,0.63,0.64,0.63,0.64,1174613.0,9507087.0,60000000.0,0.019576883333333333
2004-10-21,0.65,0.65,0.64,0.64,1020499.0,8300232.0,60000000.0,0.017008316666666665
2004-10-22,0.65,0.67,0.64,0.66,2911965.0,24235483.0,60000000.0,0.04853275
2004-10-25,0.67,0.68,0.66,0.66,2052393.0,17484483.0,60000000.0,0.03420655
2004-10-26,0.65,0.67,0.65,0.67,1099654.0,9243790.0,60000000.0,0.018327566666666666
2004-10-27,0.67,0.68,0.66,0.68,1392868.0,11945318.0,60000000.0,0.023214466666666666
2004-10-28,0.68,0.7,0.68,0.69,2551151.0,22382086.0,60000000.0,0.042519183333333335
2004-10-29,0.67,0.7,0.66,0.67,2132338.0,18388510.0,60000000.0,0.035538966666666665
2004-11-01,0.67,0.68,0.66,0.66,1327462.0,11276852.0,60000000.0,0.022124366666666666
2004-11-02,0.66,0.67,0.65,0.66,603095.0,5057322.0,60000000.0,0.010051583333333333
2004-11-03,0.66,0.69,0.66,0.69,1135348.0,9772484.0,60000000.0,0.018922466666666665
2004-11-04,0.69,0.69,0.66,0.66,1124195.0,9686636.0,60000000.0,0.018736583333333334
2004-11-05,0.67,0.67,0.65,0.67,968861.0,8095840.0,60000000.0,0.016147683333333333
2004-11-08,0.66,0.67,0.65,0.67,420764.0,3537297.0,60000000.0,0.007012733333333333
2004-11-09,0.67,0.68,0.67,0.68,443384.0,3782550.0,60000000.0,0.007389733333333333
2004-11-10,0.68,0.71,0.67,0.71,2451223.0,21667789.0,60000000.0,0.040853716666666665
2004-11-11,0.71,0.72,0.69,0.69,2421464.0,21629839.0,60000000.0,0.04035773333333333
2004-11-12,0.69,0.7,0.69,0.69,716421.0,6299287.0,60000000.0,0.01194035
2004-11-15,0.7,0.71,0.69,0.71,1239380.0,11088856.0,60000000.0,0.020656333333333332
2004-11-16,0.71,0.71,0.69,0.7,937268.0,8340745.0,60000000.0,0.015621133333333334
2004-11-17,0.7,0.7,0.68,0.69,1676519.0,14634148.0,60000000.0,0.027941983333333333
2004-11-18,0.69,0.71,0.69,0.71,1100209.0,9708713.0,60000000.0,0.018336816666666665
2004-11-19,0.71,0.71,0.7,0.71,801946.0,7172749.0,60000000.0,0.013365766666666667
2004-11-22,0.71,0.71,0.7,0.7,826920.0,7395864.0,60000000.0,0.013782
2004-11-23,0.7,0.7,0.69,0.69,857180.0,7517592.0,60000000.0,0.014286333333333333
2004-11-24,0.69,0.69,0.68,0.68,729360.0,6350090.0,60000000.0,0.012156
2004-11-25,0.68,0.69,0.68,0.68,580120.0,5015767.0,60000000.0,0.009668666666666667
2004-11-29,0.68,0.68,0.65,0.65,926052.0,7772941.0,60000000.0,0.0154342
2004-11-30,0.65,0.66,0.65,0.66,377681.0,3150094.0,60000000.0,0.006294683333333334
2004-12-01,0.66,0.67,0.66,0.66,340799.0,2861361.0,60000000.0,0.005679983333333334
2004-12-02,0.66,0.66,0.65,0.65,625516.0,5165022.0,60000000.0,0.010425266666666667
2004-12-03,0.65,0.66,0.65,0.66,396660.0,3308569.0,60000000.0,0.006611
2004-12-06,0.65,0.66,0.65,0.65,288700.0,2385443.0,60000000.0,0.004811666666666666
2004-12-07,0.65,0.66,0.65,0.65,318802.0,2652051.0,60000000.0,0.005313366666666666
2004-12-08,0.66,0.66,0.65,0.65,201481.0,1673418.0,60000000.0,0.003358016666666667
2004-12-09,0.65,0.67,0.65,0.65,654592.0,5470628.0,60000000.0,0.010909866666666667
2004-12-10,0.65,0.65,0.62,0.63,546399.0,4430078.0,60000000.0,0.00910665
2004-12-13,0.62,0.63,0.62,0.62,329629.0,2597503.0,60000000.0,0.005493816666666667
2004-12-14,0.62,0.64,0.62,0.64,311716.0,2489680.0,60000000.0,0.005195266666666667
2004-12-15,0.64,0.65,0.63,0.64,435174.0,3533865.0,60000000.0,0.0072529
2004-12-16,0.64,0.64,0.62,0.62,251303.0,2011914.0,60000000.0,0.0041883833333333335
2004-12-17,0.62,0.63,0.61,0.61,327860.0,2574134.0,60000000.0,0.005464333333333333
2004-12-20,0.61,0.61,0.61,0.61,196190.0,1519635.0,60000000.0,0.0032698333333333334
2004-12-21,0.61,0.62,0.61,0.62,190900.0,1490698.0,60000000.0,0.003181666666666667
2004-12-22,0.61,0.63,0.61,0.63,369399.0,2922243.0,60000000.0,0.00615665
2004-12-23,0.63,0.64,0.62,0.63,520518.0,4172388.0,60000000.0,0.0086753
2004-12-24,0.63,0.64,0.63,0.64,375501.0,3029930.0,60000000.0,0.00625835
2004-12-27,0.64,0.64,0.64,0.64,215500.0,1754573.0,60000000.0,0.0035916666666666666
2004-12-28,0.64,0.64,0.62,0.63,287870.0,2313786.0,60000000.0,0.004797833333333334
2004-12-29,0.63,0.64,0.62,0.62,192650.0,1544349.0,60000000.0,0.0032108333333333333
2004-12-30,0.62,0.63,0.62,0.62,294599.0,2328232.0,60000000.0,0.004909983333333334
2004-12-31,0.62,0.63,0.61,0.62,229940.0,1806369.0,60000000.0,0.0038323333333333334
2005-01-04,0.61,0.61,0.61,0.61,135700.0,1051717.0,60000000.0,0.0022616666666666666
2005-01-05,0.61,0.63,0.61,0.62,331410.0,2587105.0,60000000.0,0.0055235
2005-01-06,0.62,0.62,0.62,0.62,88110.0,689790.0,60000000.0,0.0014685
2005-01-07,0.62,0.63,0.61,0.63,213311.0,1688960.0,60000000.0,0.0035551833333333335
2005-01-10,0.62,0.63,0.62,0.63,111605.0,882901.0,60000000.0,0.0018600833333333334
2005-01-11,0.63,0.64,0.61,0.62,301200.0,2380979.0,60000000.0,0.00502
2005-01-12,0.62,0.62,0.56,0.56,1975290.0,14339333.0,60000000.0,0.0329215
2005-01-14,0.56,0.58,0.56,0.57,1181973.0,8583695.0,60000000.0,0.01969955
2005-01-17,0.57,0.57,0.55,0.55,679650.0,4806407.0,60000000.0,0.0113275
2005-01-18,0.56,0.57,0.55,0.56,558439.0,3944760.0,60000000.0,0.009307316666666666
2005-01-19,0.56,0.56,0.55,0.56,287965.0,2030906.0,60000000.0,0.004799416666666666
2005-01-20,0.55,0.56,0.54,0.54,691621.0,4778725.0,60000000.0,0.011527016666666667
2005-01-21,0.53,0.57,0.53,0.56,621528.0,4312786.0,60000000.0,0.0103588
2005-01-24,0.58,0.58,0.56,0.57,529200.0,3818994.0,60000000.0,0.00882
2005-01-25,0.56,0.58,0.56,0.57,667842.0,4835397.0,60000000.0,0.0111307
2005-01-26,0.58,0.58,0.57,0.57,308852.0,2233838.0,60000000.0,0.005147533333333333
2005-01-27,0.57,0.59,0.57,0.57,579200.0,4250481.0,60000000.0,0.009653333333333333
2005-01-28,0.57,0.57,0.55,0.56,250400.0,1780906.0,60000000.0,0.004173333333333334
2005-01-31,0.55,0.55,0.54,0.54,273095.0,1888273.0,60000000.0,0.004551583333333334
2005-02-01,0.54,0.56,0.54,0.56,346520.0,2440266.0,60000000.0,0.005775333333333334
2005-02-02,0.56,0.59,0.56,0.59,885620.0,6485360.0,60000000.0,0.014760333333333334
2005-02-03,0.6,0.6,0.58,0.59,1166906.0,8751169.0,60000000.0,0.019448433333333334
2005-02-04,0.6,0.61,0.59,0.6,937449.0,7121854.0,60000000.0,0.01562415
2005-02-16,0.61,0.61,0.6,0.61,885359.0,6816858.0,60000000.0,0.014755983333333333
2005-02-17,0.61,0.61,0.6,0.61,414454.0,3197869.0,60000000.0,0.006907566666666667
2005-02-18,0.61,0.61,0.59,0.59,565229.0,4277495.0,60000000.0,0.009420483333333333
2005-02-21,0.6,0.61,0.59,0.61,435237.0,3317485.0,60000000.0,0.00725395
2005-02-22,0.61,0.63,0.6,0.62,912682.0,7129056.0,60000000.0,0.015211366666666667
2005-02-23,0.62,0.64,0.61,0.64,976936.0,7764733.0,60000000.0,0.016282266666666666
2005-02-24,0.63,0.64,0.63,0.63,450575.0,3613626.0,60000000.0,0.007509583333333333
2005-02-25,0.63,0.64,0.63,0.64,736379.0,5949400.0,60000000.0,0.012272983333333333
2005-02-28,0.64,0.64,0.62,0.63,508411.0,4052866.0,60000000.0,0.008473516666666667
2005-03-01,0.63,0.63,0.61,0.62,658911.0,5182265.0,60000000.0,0.01098185
2005-03-02,0.62,0.63,0.61,0.61,505700.0,3960972.0,60000000.0,0.008428333333333333
2005-03-03,0.61,0.62,0.61,0.62,356689.0,2788236.0,60000000.0,0.005944816666666667
2005-03-04,0.62,0.63,0.61,0.62,231287.0,1819827.0,60000000.0,0.0038547833333333332
2005-03-07,0.62,0.64,0.62,0.64,921780.0,7365223.0,60000000.0,0.015363
2005-03-08,0.64,0.66,0.63,0.66,1535354.0,12670953.0,60000000.0,0.025589233333333333
2005-03-09,0.66,0.66,0.64,0.65,859517.0,7119403.0,60000000.0,0.014325283333333333
2005-03-10,0.65,0.65,0.63,0.64,728699.0,5924496.0,60000000.0,0.012144983333333333
2005-03-11,0.63,0.65,0.63,0.64,610130.0,4948715.0,60000000.0,0.010168833333333334
2005-03-14,0.64,0.65,0.62,0.65,1220305.0,9901704.0,60000000.0,0.020338416666666668
2005-03-15,0.65,0.67,0.64,0.65,1237949.0,10308087.0,60000000.0,0.020632483333333333
2005-03-16,0.65,0.65,0.64,0.64,469940.0,3831691.0,60000000.0,0.007832333333333334
2005-03-17,0.64,0.64,0.62,0.62,642990.0,5158441.0,60000000.0,0.0107165
2005-03-18,0.62,0.63,0.59,0.6,652255.0,5008316.0,60000000.0,0.010870916666666666
2005-03-21,0.59,0.61,0.58,0.6,530576.0,4032096.0,60000000.0,0.008842933333333334
2005-03-22,0.6,0.61,0.59,0.61,578520.0,4428573.0,60000000.0,0.009642
2005-03-23,0.61,0.62,0.6,0.61,834630.0,6466507.0,60000000.0,0.0139105
2005-03-24,0.61,0.61,0.6,0.61,331646.0,2561493.0,60000000.0,0.005527433333333333
2005-03-25,0.61,0.62,0.6,0.61,273999.0,2116538.0,60000000.0,0.00456665
2005-03-28,0.6,0.6,0.57,0.58,518789.0,3837610.0,60000000.0,0.008646483333333333
2005-03-29,0.58,0.59,0.57,0.58,307395.0,2262856.0,60000000.0,0.00512325
2005-03-30,0.57,0.58,0.56,0.56,359300.0,2594905.0,60000000.0,0.005988333333333333
2005-03-31,0.55,0.57,0.55,0.57,204101.0,1447072.0,60000000.0,0.003401683333333333
2005-04-01,0.57,0.6,0.56,0.59,939474.0,6927951.0,60000000.0,0.0156579
2005-04-04,0.58,0.58,0.57,0.58,407386.0,2984498.0,60000000.0,0.006789766666666666
2005-04-05,0.58,0.58,0.57,0.58,192596.0,1408929.0,60000000.0,0.0032099333333333335
2005-04-06,0.58,0.6,0.56,0.59,1201746.0,8835198.0,60000000.0,0.0200291
2005-04-07,0.59,0.61,0.58,0.59,990042.0,7497775.0,60000000.0,0.0165007
2005-04-08,0.6,0.61,0.59,0.6,492028.0,3719442.0,60000000.0,0.008200466666666666
2005-04-11,0.6,0.6,0.59,0.59,535701.0,4044644.0,60000000.0,0.00892835
2005-04-12,0.58,0.59,0.58,0.58,312400.0,2307971.0,60000000.0,0.005206666666666667
2005-04-13,0.58,0.61,0.58,0.61,1618498.0,12409148.0,60000000.0,0.026974966666666666
2005-04-14,0.62,0.62,0.6,0.6,599690.0,4626576.0,60000000.0,0.009994833333333333
2005-04-15,0.6,0.62,0.6,0.62,1012240.0,7869589.0,60000000.0,0.016870666666666666
2005-04-18,0.62,0.64,0.61,0.64,1806146.0,14375871.0,60000000.0,0.030102433333333335
2005-04-19,0.6,0.64,0.57,0.62,2204710.0,17408013.0,60000000.0,0.03674516666666667
2005-04-20,0.62,0.64,0.61,0.63,1511294.0,12072351.0,60000000.0,0.025188233333333334
2005-04-21,0.63,0.66,0.63,0.64,2113011.0,17288376.0,60000000.0,0.03521685
2005-04-22,0.64,0.65,0.63,0.64,1199437.0,9757544.0,60000000.0,0.019990616666666666
2005-04-25,0.64,0.65,0.62,0.65,1689344.0,13794941.0,60000000.0,0.028155733333333332
2005-04-26,0.65,0.66,0.64,0.65,1257134.0,10414303.0,60000000.0,0.020952233333333334
2005-04-27,0.65,0.66,0.64,0.64,1478849.0,12259913.0,60000000.0,0.024647483333333334
2005-04-28,0.64,0.67,0.64,0.67,1912168.0,15939141.0,60000000.0,0.031869466666666665
2005-04-29,0.66,0.67,0.66,0.66,1098946.0,9248090.0,60000000.0,0.018315766666666667
2005-05-09,0.66,0.67,0.65,0.65,1144080.0,9581767.0,60000000.0,0.019068
2005-05-10,0.65,0.67,0.63,0.65,1300863.0,10561884.0,60000000.0,0.02168105
2005-05-11,0.65,0.67,0.63,0.63,1109524.0,9133681.0,60000000.0,0.018492066666666668
2005-05-12,0.63,0.64,0.63,0.64,1225865.0,9854736.0,60000000.0,0.020431083333333332
2005-05-13,0.63,0.66,0.63,0.65,1150892.0,9420162.0,60000000.0,0.019181533333333334
2005-05-16,0.66,0.67,0.65,0.66,1264817.0,10611109.0,60000000.0,0.021080283333333335
2005-05-17,0.66,0.67,0.65,0.67,1131684.0,9565444.0,60000000.0,0.0188614
2005-05-18,0.67,0.67,0.65,0.66,628489.0,5294499.0,60000000.0,0.010474816666666666
2005-05-19,0.66,0.67,0.66,0.66,575570.0,4844597.0,60000000.0,0.009592833333333333
2005-05-23,0.66,0.66,0.64,0.65,684391.0,5631100.0,60000000.0,0.011406516666666667
2005-05-24,0.65,0.65,0.64,0.65,372545.0,3049054.0,60000000.0,0.006209083333333333
2005-05-25,0.65,0.65,0.62,0.62,859099.0,6887599.0,60000000.0,0.014318316666666667
2005-05-26,0.62,0.62,0.6,0.61,1198803.0,9236752.0,60000000.0,0.01998005
2005-05-27,0.6,0.61,0.6,0.61,457031.0,3518675.0,60000000.0,0.007617183333333334
2005-05-30,0.6,0.61,0.59,0.61,325999.0,2479912.0,60000000.0,0.005433316666666667
2005-05-31,0.61,0.61,0.6,0.61,174599.0,1346846.0,60000000.0,0.0029099833333333333
2005-06-01,0.61,0.61,0.58,0.6,373072.0,2804797.0,60000000.0,0.006217866666666667
2005-06-02,0.59,0.6,0.59,0.6,291339.0,2188585.0,60000000.0,0.00485565
2005-06-03,0.59,0.6,0.58,0.59,203494.0,1513861.0,60000000.0,0.0033915666666666667
2005-06-06,0.58,0.6,0.58,0.6,235533.0,1757826.0,60000000.0,0.00392555
2005-06-07,0.6,0.62,0.6,0.61,736800.0,5691151.0,60000000.0,0.01228
2005-06-08,0.61,0.68,0.61,0.68,2302372.0,19251034.0,60000000.0,0.038372866666666665
2005-06-09,0.67,0.71,0.67,0.7,2320040.0,20350608.0,60000000.0,0.03866733333333333
2005-06-10,0.7,0.71,0.67,0.68,1891495.0,16651150.0,60000000.0,0.031524916666666666
2005-06-13,0.68,0.69,0.66,0.68,1000379.0,8561317.0,60000000.0,0.016672983333333332
2005-06-14,0.68,0.69,0.64,0.65,1251857.0,10511424.0,60000000.0,0.020864283333333334
2005-06-15,0.65,0.66,0.64,0.66,594051.0,4920251.0,60000000.0,0.00990085
2005-06-16,0.65,0.69,0.65,0.69,1174547.0,9972153.0,60000000.0,0.019575783333333333
2005-06-17,0.69,0.7,0.68,0.69,1497803.0,13021323.0,60000000.0,0.024963383333333332
2005-06-20,0.69,0.74,0.67,0.74,3177017.0,28979881.0,60000000.0,0.052950283333333334
2005-06-21,0.74,0.74,0.71,0.72,1633142.0,15014456.0,60000000.0,0.027219033333333333
2005-06-22,0.72,0.74,0.71,0.73,1071436.0,9855642.0,60000000.0,0.017857266666666666
2005-06-23,0.73,0.73,0.7,0.7,1006200.0,9090132.0,60000000.0,0.01677
2005-06-24,0.7,0.73,0.7,0.73,1299043.0,11766552.0,60000000.0,0.021650716666666667
2005-06-27,0.73,0.77,0.73,0.77,2867812.0,27690084.0,60000000.0,0.04779686666666667
2005-06-28,0.76,0.76,0.74,0.76,957996.0,9146082.0,60000000.0,0.0159666
2005-06-29,0.76,0.77,0.75,0.76,897827.0,8668317.0,60000000.0,0.014963783333333333
2005-06-30,0.76,0.76,0.74,0.74,1125762.0,10639788.0,60000000.0,0.0187627
2005-07-01,0.75,0.76,0.71,0.74,1744675.0,16246086.0,60000000.0,0.029077916666666665
2005-07-04,0.74,0.76,0.73,0.76,1271857.0,12040515.0,60000000.0,0.021197616666666665
2005-07-05,0.76,0.77,0.72,0.73,1704568.0,15947470.0,60000000.0,0.028409466666666668
2005-07-06,0.72,0.73,0.71,0.72,994070.0,9020932.0,60000000.0,0.016567833333333334
2005-07-07,0.71,0.74,0.71,0.73,879637.0,8136522.0,60000000.0,0.014660616666666666
2005-07-08,0.74,0.74,0.73,0.73,863550.0,7730442.0,60000000.0,0.0143925
2005-07-11,0.74,0.76,0.71,0.71,1903344.0,17097771.0,60000000.0,0.0317224
2005-07-12,0.71,0.74,0.7,0.74,1356379.0,12015867.0,60000000.0,0.022606316666666668
2005-07-13,0.74,0.74,0.73,0.73,887276.0,7933451.0,60000000.0,0.014787933333333333
2005-07-14,0.73,0.74,0.72,0.72,958844.0,8513861.0,60000000.0,0.015980733333333334
2005-07-15,0.72,0.73,0.71,0.72,856229.0,7510586.0,60000000.0,0.014270483333333334
2005-07-18,0.71,0.74,0.66,0.74,1071074.0,9475609.0,60000000.0,0.017851233333333334
2005-07-19,0.73,0.74,0.72,0.74,802459.0,7172248.0,60000000.0,0.013374316666666667
2005-07-20,0.74,0.74,0.72,0.72,1349915.0,12043364.0,60000000.0,0.022498583333333332
2005-07-21,0.72,0.72,0.71,0.72,969677.0,8462204.0,60000000.0,0.01616128333333333
2005-07-22,0.73,0.74,0.72,0.73,1881055.0,16845788.0,60000000.0,0.031350916666666666
2005-07-25,0.73,0.76,0.72,0.75,1585170.0,14397768.0,60000000.0,0.0264195
2005-07-26,0.75,0.79,0.75,0.79,3039767.0,28637154.0,60000000.0,0.050662783333333336
2005-07-27,0.79,0.8,0.77,0.8,2279544.0,21852229.0,60000000.0,0.0379924
2005-07-28,0.79,0.79,0.77,0.78,1721546.0,16437007.0,60000000.0,0.028692433333333333
2005-07-29,0.78,0.79,0.77,0.77,948807.0,9023392.0,60000000.0,0.01581345
2005-08-01,0.77,0.8,0.77,0.79,827261.0,7955237.0,60000000.0,0.013787683333333333
2005-08-02,0.78,0.79,0.77,0.78,852714.0,8090478.0,60000000.0,0.0142119
2005-08-03,0.78,0.8,0.78,0.78,1264460.0,12114935.0,60000000.0,0.021074333333333334
2005-08-04,0.77,0.77,0.74,0.75,2372245.0,21794589.0,60000000.0,0.039537416666666665
2005-08-05,0.74,0.77,0.74,0.76,1820125.0,16864828.0,60000000.0,0.030335416666666667
2005-08-08,0.76,0.78,0.76,0.76,2213121.0,20778081.0,60000000.0,0.03688535
2005-08-09,0.76,0.79,0.75,0.79,1642534.0,15498100.0,60000000.0,0.027375566666666667
2005-08-10,0.79,0.8,0.77,0.79,1378081.0,13200182.0,60000000.0,0.022968016666666667
2005-08-11,0.79,0.83,0.79,0.82,3797325.0,37917788.0,60000000.0,0.06328875
2005-08-12,0.83,0.84,0.8,0.81,2237136.0,22404748.0,60000000.0,0.0372856
2005-08-15,0.81,0.86,0.81,0.85,1787644.0,18270064.0,60000000.0,0.029794066666666667
2005-08-16,0.85,0.86,0.83,0.85,1354746.0,13957035.0,60000000.0,0.0225791
2005-08-17,0.84,0.85,0.83,0.85,1151722.0,11813637.0,60000000.0,0.019195366666666668
2005-08-18,0.85,0.85,0.8,0.81,1808081.0,18167970.0,60000000.0,0.030134683333333332
2005-08-19,0.8,0.82,0.79,0.81,1201723.0,11834617.0,60000000.0,0.02002871666666667
2005-08-22,0.8,0.85,0.8,0.84,1389730.0,14115462.0,60000000.0,0.023162166666666668
2005-08-23,0.84,0.84,0.82,0.83,778642.0,7878432.0,60000000.0,0.012977366666666667
2005-08-24,0.83,0.84,0.82,0.84,800893.0,8124101.0,60000000.0,0.013348216666666666
2005-08-25,0.84,0.84,0.81,0.82,1011285.0,10151306.0,60000000.0,0.01685475
2005-08-26,0.82,0.83,0.8,0.8,947644.0,9349591.0,60000000.0,0.015794066666666665
2005-08-29,0.81,0.81,0.79,0.79,772285.0,7482927.0,60000000.0,0.012871416666666666
2005-08-30,0.79,0.81,0.79,0.79,739821.0,7195658.0,60000000.0,0.01233035
2005-08-31,0.79,0.8,0.77,0.8,737325.0,7069087.0,60000000.0,0.01228875
2005-09-01,0.8,0.82,0.79,0.82,1342349.0,13266516.0,60000000.0,0.02237248333333333
2005-09-02,0.82,0.84,0.81,0.83,1070591.0,10764462.0,60000000.0,0.01784318333333333
2005-09-05,0.83,0.83,0.81,0.82,873776.0,8707575.0,60000000.0,0.014562933333333333
2005-09-06,0.82,0.82,0.79,0.79,1095152.0,10767227.0,60000000.0,0.018252533333333334
2005-09-07,0.79,0.83,0.79,0.82,1145646.0,11311332.0,60000000.0,0.0190941
2005-09-08,0.81,0.84,0.81,0.83,2164097.0,21825047.0,60000000.0,0.03606828333333333
2005-09-09,0.83,0.84,0.81,0.81,818005.0,8203586.0,60000000.0,0.013633416666666667
2005-09-12,0.81,0.83,0.81,0.82,669748.0,6746605.0,60000000.0,0.011162466666666667
2005-09-13,0.82,0.83,0.81,0.83,1543363.0,15462673.0,60000000.0,0.025722716666666666
2005-09-14,0.83,0.85,0.83,0.84,2050143.0,21005731.0,60000000.0,0.03416905
2005-09-15,0.84,0.86,0.84,0.84,1210823.0,12481038.0,60000000.0,0.020180383333333333
2005-09-16,0.84,0.84,0.83,0.83,694900.0,7106000.0,60000000.0,0.011581666666666667
2005-09-19,0.83,0.83,0.82,0.83,1011241.0,10213605.0,60000000.0,0.016854016666666666
2005-09-20,0.83,0.83,0.8,0.81,1933219.0,19134515.0,60000000.0,0.032220316666666665
2005-09-21,0.81,0.81,0.79,0.79,1221695.0,11915933.0,60000000.0,0.020361583333333332
2005-09-22,0.79,0.8,0.78,0.78,1237761.0,11932846.0,60000000.0,0.02062935
2005-09-23,0.78,0.79,0.76,0.76,1368698.0,13036446.0,60000000.0,0.022811633333333334
2005-09-26,0.76,0.77,0.75,0.77,627967.0,5852261.0,60000000.0,0.010466116666666667
2005-09-27,0.77,0.77,0.75,0.75,704919.0,6523586.0,60000000.0,0.01174865
2005-09-28,0.75,0.76,0.73,0.73,1783843.0,16152426.0,60000000.0,0.029730716666666667
2005-09-29,0.74,0.77,0.74,0.77,1111453.0,10255295.0,60000000.0,0.018524216666666666
2005-09-30,0.77,0.77,0.76,0.76,775666.0,7218583.0,60000000.0,0.012927766666666667
2005-10-10,0.76,0.78,0.76,0.77,1490808.0,13990847.0,60000000.0,0.0248468
2005-10-11,0.78,0.79,0.78,0.79,1885157.0,18027912.0,60000000.0,0.03141928333333333
2005-10-12,0.79,0.82,0.78,0.81,1376122.0,13512152.0,60000000.0,0.022935366666666665
2005-10-13,0.81,0.81,0.8,0.81,954623.0,9380417.0,60000000.0,0.015910383333333333
2005-10-14,0.8,0.8,0.79,0.8,954726.0,9254796.0,60000000.0,0.0159121
2005-10-17,0.8,0.8,0.77,0.79,1782657.0,17094757.0,60000000.0,0.02971095
2005-10-18,0.8,0.82,0.79,0.81,1296331.0,12761735.0,60000000.0,0.021605516666666668
2005-10-19,0.81,0.82,0.8,0.81,1302218.0,12923713.0,60000000.0,0.021703633333333333
2005-10-20,0.8,0.85,0.8,0.84,3158620.0,32057648.0,60000000.0,0.052643666666666665
2005-10-21,0.92,0.92,0.84,0.85,4406639.0,47096080.0,60000000.0,0.07344398333333334
2005-10-24,0.86,0.87,0.83,0.84,1995313.0,20487742.0,60000000.0,0.033255216666666663
2005-10-25,0.84,0.86,0.84,0.85,1981019.0,20457943.0,60000000.0,0.03301698333333333
2005-10-26,0.84,0.85,0.81,0.81,1318569.0,13266874.0,60000000.0,0.02197615
2005-10-27,0.8,0.82,0.79,0.81,932598.0,9133664.0,60000000.0,0.0155433
2005-10-28,0.81,0.81,0.79,0.8,792433.0,7726254.0,60000000.0,0.013207216666666667
2005-10-31,0.8,0.83,0.8,0.83,1156150.0,11652650.0,60000000.0,0.019269166666666667
2005-11-01,0.83,0.84,0.82,0.83,838033.0,8469001.0,60000000.0,0.013967216666666667
2005-11-02,0.84,0.85,0.83,0.84,1290593.0,13311944.0,60000000.0,0.021509883333333334
2005-11-03,0.85,0.86,0.83,0.84,1011410.0,10463699.0,60000000.0,0.016856833333333335
2005-11-04,0.84,0.86,0.83,0.85,1472897.0,15278234.0,60000000.0,0.024548283333333334
2005-11-07,0.86,0.87,0.83,0.84,1400661.0,14400802.0,60000000.0,0.02334435
2005-11-08,0.84,0.84,0.8,0.82,2010338.0,19970286.0,60000000.0,0.03350563333333333
2005-11-09,0.81,0.83,0.81,0.82,749843.0,7485679.0,60000000.0,0.012497383333333334
2005-11-10,0.81,0.82,0.79,0.79,1029568.0,10088203.0,60000000.0,0.017159466666666668
2005-11-11,0.79,0.81,0.79,0.79,523145.0,5078877.0,60000000.0,0.008719083333333334
2005-11-14,0.78,0.8,0.78,0.79,300990.0,2913305.0,60000000.0,0.0050165
2005-11-15,0.79,0.8,0.79,0.79,251095.0,2434342.0,60000000.0,0.004184916666666667
2005-11-16,0.78,0.79,0.77,0.79,415680.0,3936589.0,60000000.0,0.006928
2005-11-17,0.78,0.79,0.78,0.79,299310.0,2862305.0,60000000.0,0.0049885
2005-11-18,0.79,0.82,0.79,0.8,802840.0,7923611.0,60000000.0,0.013380666666666667
2005-11-21,0.8,0.81,0.8,0.8,357345.0,3501932.0,60000000.0,0.00595575
2005-11-22,0.8,0.81,0.8,0.8,268953.0,2628928.0,60000000.0,0.00448255
2005-11-23,0.79,0.8,0.79,0.8,232112.0,2254952.0,60000000.0,0.0038685333333333335
2005-11-24,0.8,0.81,0.78,0.79,525329.0,5082102.0,60000000.0,0.008755483333333333
2005-11-25,0.8,0.8,0.78,0.78,386969.0,3698835.0,60000000.0,0.006449483333333333
2005-11-28,0.78,0.78,0.77,0.77,500554.0,4706263.0,60000000.0,0.008342566666666667
2005-11-29,0.77,0.77,0.75,0.75,427400.0,3969979.0,60000000.0,0.007123333333333333
2005-11-30,0.75,0.76,0.75,0.76,555751.0,5152683.0,60000000.0,0.009262516666666666
2005-12-01,0.77,0.78,0.76,0.77,188801.0,1773266.0,60000000.0,0.0031466833333333335
2005-12-02,0.76,0.78,0.76,0.76,263800.0,2491177.0,60000000.0,0.004396666666666667
2005-12-05,0.77,0.77,0.76,0.77,302510.0,2830034.0,60000000.0,0.005041833333333333
2005-12-06,0.76,0.77,0.76,0.77,229685.0,2157989.0,60000000.0,0.0038280833333333335
2005-12-07,0.77,0.78,0.76,0.77,167901.0,1574396.0,60000000.0,0.00279835
2005-12-08,0.77,0.78,0.77,0.78,291743.0,2771038.0,60000000.0,0.004862383333333334
2005-12-09,0.78,0.79,0.77,0.79,332560.0,3194281.0,60000000.0,0.005542666666666667
2005-12-12,0.79,0.79,0.77,0.78,345300.0,3298598.0,60000000.0,0.005755
2005-12-13,0.79,0.79,0.78,0.79,225001.0,2152204.0,60000000.0,0.003750016666666667
2005-12-14,0.79,0.8,0.78,0.8,472353.0,4565051.0,60000000.0,0.00787255
2005-12-15,0.8,0.82,0.79,0.81,1323644.0,13126023.0,60000000.0,0.022060733333333332
2005-12-16,0.81,0.82,0.8,0.81,460128.0,4558563.0,60000000.0,0.0076688
2005-12-19,0.81,0.83,0.81,0.82,557228.0,5584265.0,60000000.0,0.009287133333333333
2005-12-20,0.82,0.83,0.81,0.83,1683027.0,16863951.0,60000000.0,0.02805045
2005-12-21,0.82,0.85,0.82,0.85,2751683.0,28313800.0,60000000.0,0.04586138333333333
2005-12-22,0.85,0.86,0.85,0.86,1465070.0,15301622.0,60000000.0,0.024417833333333333
2005-12-23,0.86,0.88,0.85,0.87,1133604.0,11958491.0,60000000.0,0.0188934
2005-12-26,0.88,0.9,0.88,0.89,2236202.0,24186174.0,60000000.0,0.037270033333333334
2005-12-27,0.88,0.89,0.87,0.88,669200.0,7173762.0,60000000.0,0.011153333333333333
2005-12-28,0.88,0.88,0.87,0.88,921990.0,9888527.0,60000000.0,0.0153665
2005-12-29,0.88,0.92,0.88,0.92,2421367.0,26968169.0,60000000.0,0.040356116666666664
2005-12-30,0.92,0.94,0.9,0.92,2749534.0,31048356.0,60000000.0,0.045825566666666664
2006-01-04,0.92,0.96,0.92,0.93,1362452.0,15676842.0,60000000.0,0.02270753333333333
2006-01-05,0.93,0.94,0.92,0.93,1167492.0,13203558.0,60000000.0,0.0194582
2006-01-06,0.93,0.95,0.92,0.94,2160223.0,24592292.0,60000000.0,0.036003716666666664
2006-01-25,1.03,1.03,1.03,1.03,1089371.0,13704287.0,60000000.0,0.018156183333333333
2006-02-06,1.13,1.13,1.06,1.07,4537075.0,60337856.0,60000000.0,0.07561791666666667
2006-02-07,1.07,1.13,1.06,1.1,2580839.0,34727137.0,60000000.0,0.04301398333333333
2006-02-08,1.11,1.11,1.07,1.09,1403467.0,18662869.0,60000000.0,0.023391116666666666
2006-02-09,1.1,1.11,1.09,1.1,1842106.0,24792082.0,60000000.0,0.030701766666666668
2006-02-10,1.1,1.12,1.07,1.1,3223196.0,43030704.0,60000000.0,0.05371993333333333
2006-03-03,1.08,1.16,1.06,1.14,5056819.0,60630168.0,69000000.0,0.07328723188405797
2006-03-06,1.14,1.18,1.11,1.17,1872033.0,22950539.0,69000000.0,0.027130913043478262
2006-03-07,1.16,1.2,1.14,1.17,2078115.0,25959701.0,69000000.0,0.030117608695652175
2006-03-08,1.16,1.17,1.14,1.16,1027614.0,12598488.0,69000000.0,0.01489295652173913
2006-03-09,1.16,1.16,1.1,1.11,1139342.0,13663312.0,69000000.0,0.016512202898550724
2006-03-10,1.1,1.2,1.1,1.19,2337481.0,28653904.0,69000000.0,0.03387653623188406
2006-03-13,1.19,1.22,1.18,1.19,1595594.0,20397273.0,69000000.0,0.02312455072463768
2006-03-14,1.19,1.21,1.17,1.2,1146431.0,14456475.0,69000000.0,0.016614942028985506
2006-03-15,1.21,1.23,1.19,1.22,2096920.0,26997518.0,69000000.0,0.030390144927536233
2006-03-16,1.22,1.23,1.21,1.22,1568755.0,20345009.0,69000000.0,0.022735579710144928
2006-03-17,1.22,1.23,1.2,1.23,1337241.0,17253334.0,69000000.0,0.01938030434782609
2006-03-20,1.23,1.23,1.21,1.22,1205336.0,15629492.0,69000000.0,0.01746863768115942
2006-03-21,1.23,1.23,1.2,1.21,1855370.0,23994764.0,69000000.0,0.02688942028985507
2006-03-22,1.21,1.23,1.18,1.22,1671225.0,21428252.0,69000000.0,0.024220652173913042
2006-03-23,1.22,1.31,1.21,1.31,2953062.0,39992732.0,69000000.0,0.042798
2006-03-24,1.31,1.31,1.28,1.28,1495650.0,20513856.0,69000000.0,0.021676086956521737
2006-03-27,1.28,1.29,1.25,1.26,1325717.0,17817280.0,69000000.0,0.019213289855072462
2006-03-28,1.27,1.3,1.26,1.26,1453422.0,19716247.0,69000000.0,0.02106408695652174
2006-03-29,1.27,1.31,1.26,1.27,1785198.0,24355832.0,69000000.0,0.025872434782608696
2006-03-30,1.26,1.28,1.25,1.25,1526229.0,20379033.0,69000000.0,0.022119260869565217
2006-03-31,1.25,1.25,1.22,1.23,2179352.0,28490666.0,69000000.0,0.0315848115942029
2006-04-03,1.23,1.28,1.23,1.27,2085503.0,27952783.0,69000000.0,0.03022468115942029
2006-04-04,1.27,1.34,1.26,1.32,2984804.0,41176999.0,69000000.0,0.04325802898550725
2006-04-05,1.32,1.35,1.3,1.31,1819258.0,25515383.0,69000000.0,0.026366057971014493
2006-04-06,1.31,1.38,1.3,1.33,2213933.0,31401098.0,69000000.0,0.032085985507246374
2006-04-07,1.33,1.37,1.3,1.32,2180752.0,30939429.0,69000000.0,0.03160510144927536
2006-04-10,1.32,1.35,1.29,1.34,1761440.0,24680612.0,69000000.0,0.025528115942028987
2006-04-11,1.33,1.39,1.33,1.38,2443549.0,35383209.0,69000000.0,0.0354137536231884
2006-04-12,1.37,1.38,1.34,1.36,1358239.0,19593846.0,69000000.0,0.019684623188405796
2006-04-13,1.36,1.36,1.29,1.29,2231564.0,31056051.0,69000000.0,0.03234150724637681
2006-04-14,1.28,1.32,1.28,1.31,997521.0,13750073.0,69000000.0,0.014456826086956523
2006-04-17,1.31,1.32,1.26,1.28,2761659.0,37656741.0,69000000.0,0.04002404347826087
2006-04-18,1.28,1.31,1.28,1.3,2446970.0,33781553.0,69000000.0,0.03546333333333333
2006-04-19,1.3,1.41,1.29,1.39,5179907.0,75152035.0,69000000.0,0.07507111594202899
2006-04-20,1.39,1.47,1.39,1.41,4317513.0,65364868.0,69000000.0,0.06257265217391304
2006-04-21,1.41,1.52,1.4,1.51,3719324.0,58558072.0,69000000.0,0.05390324637681159
2006-04-24,1.51,1.55,1.44,1.51,2898231.0,45930091.0,69000000.0,0.04200334782608696
2006-04-26,1.46,1.54,1.43,1.47,2677043.0,42144116.0,69000000.0,0.03879772463768116
2006-04-27,1.47,1.49,1.42,1.47,2114013.0,32474948.0,69000000.0,0.030637869565217392
2006-04-28,1.44,1.59,1.43,1.56,2219413.0,35857087.0,69000000.0,0.03216540579710145
2006-05-08,1.56,1.61,1.53,1.57,1652623.0,27548215.0,69000000.0,0.023951057971014492
2006-05-09,1.61,1.66,1.57,1.6,2504872.0,42966917.0,69000000.0,0.03630249275362319
2006-05-10,1.61,1.66,1.57,1.58,2146770.0,36483308.0,69000000.0,0.031112608695652175
2006-05-11,1.57,1.62,1.54,1.54,2297381.0,38367092.0,69000000.0,0.0332953768115942
2006-05-12,1.51,1.56,1.47,1.56,4600606.0,73487718.0,69000000.0,0.06667544927536231
2006-05-15,1.56,1.6,1.52,1.59,4111887.0,67967309.0,69000000.0,0.059592565217391306
2006-05-16,1.61,1.73,1.57,1.65,4638350.0,81805702.0,69000000.0,0.06722246376811594
2006-05-17,1.66,1.68,1.56,1.61,2622303.0,44995554.0,69000000.0,0.03800439130434782
2006-05-18,1.6,1.6,1.47,1.55,2535560.0,41455673.0,69000000.0,0.03674724637681159
2006-05-19,1.58,1.62,1.54,1.6,3987263.0,67293832.0,69000000.0,0.057786420289855076
2006-05-22,1.61,1.73,1.61,1.62,5926468.0,52322246.0,69000000.0,0.08589084057971015
2006-05-23,1.6,1.6,1.46,1.46,7295699.0,57639217.0,138000000.0,0.05286738405797101
2006-05-24,1.44,1.47,1.32,1.37,10852713.0,78225384.0,138000000.0,0.07864284782608695
2006-05-25,1.34,1.38,1.33,1.36,3381776.0,24157094.0,138000000.0,0.0245056231884058
2006-05-26,1.36,1.49,1.36,1.46,6493874.0,48737239.0,138000000.0,0.04705705797101449
2006-05-29,1.46,1.52,1.44,1.48,6128117.0,48314053.0,138000000.0,0.04440664492753623
2006-05-30,1.48,1.53,1.46,1.5,6009236.0,47722243.0,138000000.0,0.0435451884057971
2006-05-31,1.5,1.59,1.49,1.54,7811882.0,63923354.0,138000000.0,0.05660784057971015
2006-06-01,1.54,1.56,1.52,1.56,6783008.0,55285114.0,138000000.0,0.04915223188405797
2006-06-02,1.56,1.58,1.5,1.53,5934065.0,48452763.0,138000000.0,0.04300047101449275
2006-06-05,1.53,1.6,1.53,1.6,7420869.0,61447269.0,138000000.0,0.05377441304347826
2006-06-06,1.6,1.66,1.59,1.63,9369964.0,80693697.0,138000000.0,0.06789828985507246
2006-06-07,1.63,1.64,1.46,1.46,10798340.0,87358097.0,138000000.0,0.07824884057971014
2006-06-08,1.46,1.46,1.34,1.4,7773595.0,57068185.0,138000000.0,0.056330398550724636
2006-06-09,1.4,1.43,1.36,1.37,4666183.0,34428137.0,138000000.0,0.033812920289855074
2006-06-12,1.36,1.4,1.33,1.38,2259925.0,16382037.0,138000000.0,0.01637626811594203
2006-06-13,1.38,1.42,1.35,1.38,2368061.0,17383581.0,138000000.0,0.01715986231884058
2006-06-14,1.37,1.38,1.33,1.34,2364453.0,16816610.0,138000000.0,0.017133717391304346
2006-06-15,1.34,1.39,1.34,1.37,2445096.0,17719089.0,138000000.0,0.017718086956521738
2006-06-16,1.37,1.44,1.37,1.42,4516569.0,33611258.0,138000000.0,0.032728760869565214
2006-06-19,1.42,1.45,1.39,1.43,5713232.0,42974560.0,138000000.0,0.04140023188405797
2006-06-20,1.42,1.43,1.4,1.43,2874585.0,21585823.0,138000000.0,0.02083032608695652
2006-06-21,1.43,1.57,1.43,1.51,10278074.0,81565783.0,138000000.0,0.07447879710144928
2006-06-22,1.51,1.53,1.49,1.49,4056828.0,32203858.0,138000000.0,0.029397304347826086
2006-06-23,1.49,1.5,1.45,1.49,3148472.0,24612534.0,138000000.0,0.022815014492753624
2006-06-26,1.49,1.58,1.49,1.57,5757795.0,47115340.0,138000000.0,0.04172315217391304
2006-06-27,1.57,1.72,1.57,1.72,12938902.0,116577247.0,138000000.0,0.09376015942028985
2006-06-28,1.78,1.81,1.72,1.73,14876085.0,138422141.0,138000000.0,0.10779771739130435
2006-06-29,1.72,1.8,1.7,1.75,8048895.0,74717228.0,138000000.0,0.05832532608695652
2006-06-30,1.75,1.76,1.7,1.71,5973823.0,54187024.0,138000000.0,0.04328857246376812
2006-07-03,1.71,1.75,1.66,1.74,4573811.0,41472499.0,138000000.0,0.033143557971014495
2006-07-04,1.74,1.77,1.69,1.71,5097223.0,46407141.0,138000000.0,0.036936398550724635
2006-07-05,1.7,1.71,1.6,1.67,6125041.0,53573480.0,138000000.0,0.04438435507246377
2006-07-06,1.66,1.75,1.64,1.74,6689610.0,60646501.0,138000000.0,0.0484754347826087
2006-07-07,1.75,1.79,1.71,1.73,6251436.0,57811037.0,138000000.0,0.04530026086956522
2006-07-10,1.73,1.78,1.7,1.74,5242528.0,48207926.0,138000000.0,0.03798933333333333
2006-07-11,1.74,1.76,1.72,1.75,4611596.0,42261763.0,138000000.0,0.03341736231884058
2006-07-12,1.75,1.76,1.7,1.71,3900817.0,35508630.0,138000000.0,0.028266789855072465
2006-07-13,1.7,1.7,1.54,1.54,9514633.0,79688949.0,138000000.0,0.06894661594202899
2006-07-14,1.48,1.53,1.46,1.51,4331817.0,34328287.0,138000000.0,0.03138997826086957
2006-07-17,1.49,1.51,1.46,1.46,4332694.0,33942418.0,138000000.0,0.03139633333333333
2006-07-18,1.48,1.54,1.47,1.51,4048549.0,32328903.0,138000000.0,0.0293373115942029
2006-07-19,1.52,1.52,1.48,1.49,1936349.0,15261623.0,138000000.0,0.014031514492753623
2006-07-20,1.49,1.5,1.44,1.45,2388840.0,18420908.0,138000000.0,0.017310434782608696
2006-07-21,1.45,1.49,1.45,1.48,2595117.0,20155296.0,138000000.0,0.018805195652173912
2006-07-24,1.47,1.5,1.45,1.49,1670586.0,13101944.0,138000000.0,0.012105695652173913
2006-07-25,1.5,1.54,1.47,1.54,3963256.0,31685556.0,138000000.0,0.028719246376811593
2006-07-26,1.54,1.56,1.52,1.52,1880726.0,15280395.0,138000000.0,0.013628449275362319
2006-07-27,1.52,1.54,1.47,1.49,3126515.0,24690016.0,138000000.0,0.022655905797101448
2006-07-28,1.49,1.49,1.41,1.43,3520532.0,26820308.0,138000000.0,0.02551110144927536
2006-07-31,1.43,1.45,1.33,1.36,3653572.0,26469214.0,138000000.0,0.026475159420289857
2006-08-01,1.36,1.36,1.32,1.34,3930873.0,27877812.0,138000000.0,0.02848458695652174
2006-08-02,1.33,1.39,1.33,1.38,3523750.0,25122105.0,138000000.0,0.025534420289855073
2006-08-03,1.38,1.38,1.34,1.36,1603372.0,11560340.0,138000000.0,0.01161863768115942
2006-08-04,1.36,1.44,1.36,1.38,6088706.0,45389781.0,138000000.0,0.04412105797101449
2006-08-07,1.39,1.48,1.39,1.45,5223698.0,39997901.0,138000000.0,0.03785288405797101
2006-08-08,1.46,1.5,1.45,1.5,3739171.0,29381022.0,138000000.0,0.027095442028985506
2006-08-09,1.5,1.52,1.47,1.5,2807689.0,22280574.0,138000000.0,0.020345572463768117
2006-08-10,1.5,1.51,1.48,1.5,2288652.0,18085044.0,138000000.0,0.016584434782608695
2006-08-11,1.51,1.57,1.49,1.57,4579988.0,37355837.0,138000000.0,0.03318831884057971
2006-08-14,1.57,1.61,1.46,1.48,5225617.0,42415170.0,138000000.0,0.03786678985507246
2006-08-15,1.46,1.56,1.42,1.56,3740681.0,30045016.0,138000000.0,0.027106384057971014
2006-08-16,1.55,1.58,1.54,1.57,2752126.0,22713700.0,138000000.0,0.019942942028985507
2006-08-17,1.56,1.56,1.5,1.53,2045118.0,16513591.0,138000000.0,0.014819695652173913
2006-08-18,1.53,1.56,1.49,1.5,1689352.0,13547995.0,138000000.0,0.01224168115942029
2006-08-21,1.46,1.49,1.42,1.49,1929246.0,14989349.0,138000000.0,0.01398004347826087
2006-08-22,1.49,1.52,1.47,1.51,1169697.0,9314695.0,138000000.0,0.008476065217391304
2006-08-23,1.5,1.51,1.46,1.47,1576064.0,12357072.0,138000000.0,0.011420753623188406
2006-08-24,1.46,1.53,1.46,1.53,1854708.0,14628274.0,138000000.0,0.01343991304347826
2006-08-25,1.53,1.6,1.53,1.56,6522328.0,54224291.0,138000000.0,0.0472632463768116
2006-08-28,1.57,1.6,1.57,1.59,4453218.0,37318773.0,138000000.0,0.03226969565217391
2006-08-29,1.59,1.61,1.56,1.56,3900992.0,32734476.0,138000000.0,0.028268057971014494
2006-08-30,1.55,1.59,1.55,1.59,1977523.0,16452606.0,138000000.0,0.014329876811594203
2006-08-31,1.59,1.6,1.56,1.58,2579959.0,21442569.0,138000000.0,0.018695355072463768
2006-09-01,1.59,1.59,1.55,1.55,2771479.0,22869541.0,138000000.0,0.02008318115942029
2006-09-04,1.54,1.56,1.52,1.56,1702217.0,13913043.0,138000000.0,0.01233490579710145
2006-09-05,1.56,1.57,1.54,1.56,2526048.0,20805967.0,138000000.0,0.01830469565217391
2006-09-06,1.56,1.57,1.53,1.55,2243910.0,18424610.0,138000000.0,0.016260217391304347
2006-09-07,1.56,1.56,1.51,1.51,1677751.0,13548540.0,138000000.0,0.012157615942028986
2006-09-08,1.49,1.52,1.49,1.51,1236572.0,9869032.0,138000000.0,0.008960666666666667
2006-09-11,1.5,1.51,1.47,1.49,2345157.0,18416003.0,138000000.0,0.016993891304347825
2006-09-12,1.49,1.56,1.49,1.56,3267942.0,26734187.0,138000000.0,0.023680739130434784
2006-09-13,1.56,1.56,1.51,1.52,1897176.0,15316650.0,138000000.0,0.013747652173913043
2006-09-14,1.52,1.52,1.47,1.5,1563793.0,12323053.0,138000000.0,0.011331833333333333
2006-09-15,1.5,1.51,1.48,1.51,1973088.0,15590330.0,138000000.0,0.014297739130434783
2006-09-18,1.51,1.54,1.49,1.53,2088817.0,16651451.0,138000000.0,0.015136355072463768
2006-09-19,1.53,1.54,1.52,1.53,1498763.0,12131906.0,138000000.0,0.010860601449275363
2006-09-20,1.52,1.53,1.5,1.5,1951970.0,15635426.0,138000000.0,0.014144710144927537
2006-09-21,1.5,1.52,1.49,1.51,1794957.0,14275531.0,138000000.0,0.013006934782608696
2006-09-22,1.51,1.52,1.47,1.49,4461554.0,35073622.0,138000000.0,0.03233010144927536
2006-09-25,1.48,1.53,1.48,1.49,1373358.0,10928747.0,138000000.0,0.00995186956521739
2006-09-26,1.49,1.58,1.49,1.58,7110599.0,58239848.0,138000000.0,0.051526079710144924
2006-09-27,1.58,1.6,1.56,1.58,3968430.0,33152564.0,138000000.0,0.02875673913043478
2006-09-28,1.59,1.72,1.59,1.67,9583894.0,84368094.0,138000000.0,0.06944850724637681
2006-09-29,1.68,1.7,1.65,1.68,4327563.0,38390597.0,138000000.0,0.031359152173913045
2006-10-09,1.7,1.74,1.67,1.71,4515523.0,40766221.0,138000000.0,0.03272118115942029
2006-10-10,1.71,1.73,1.67,1.7,3707836.0,33260700.0,138000000.0,0.026868376811594204
2006-10-11,1.7,1.71,1.64,1.67,2863281.0,25190056.0,138000000.0,0.02074841304347826
2006-10-12,1.68,1.74,1.65,1.73,8024627.0,72414138.0,138000000.0,0.058149471014492755
2006-10-13,1.72,1.74,1.69,1.69,2847453.0,25864728.0,138000000.0,0.02063371739130435
2006-10-16,1.69,1.71,1.67,1.7,2814690.0,25279844.0,138000000.0,0.020396304347826088
2006-10-17,1.69,1.77,1.68,1.73,4025912.0,36987602.0,138000000.0,0.02917327536231884
2006-10-18,1.73,1.81,1.72,1.79,5273213.0,49655842.0,138000000.0,0.038211688405797105
2006-10-19,1.8,1.94,1.78,1.91,8404559.0,82941499.0,138000000.0,0.06090260144927536
2006-10-20,1.91,1.94,1.87,1.91,4107489.0,41496370.0,138000000.0,0.02976441304347826
2006-10-23,1.9,1.96,1.87,1.89,6122821.0,62122729.0,138000000.0,0.04436826811594203
2006-10-24,1.87,1.93,1.83,1.92,7908459.0,78519456.0,138000000.0,0.05730767391304348
2006-10-25,1.92,2.01,1.92,1.97,4934667.0,51675830.0,138000000.0,0.03575845652173913
2006-10-26,1.97,1.97,1.89,1.91,2599572.0,26463497.0,138000000.0,0.018837478260869567
2006-10-27,1.91,1.93,1.84,1.85,2323408.0,22994789.0,138000000.0,0.016836289855072465
2006-10-30,1.84,1.87,1.78,1.83,2051162.0,19788542.0,138000000.0,0.014863492753623189
2006-10-31,1.83,1.83,1.76,1.8,4466074.0,42289384.0,138000000.0,0.03236285507246377
2006-11-01,1.8,1.87,1.74,1.87,3983382.0,38263293.0,138000000.0,0.02886508695652174
2006-11-02,1.86,1.9,1.83,1.89,2294066.0,22733829.0,138000000.0,0.016623666666666665
2006-11-03,1.88,1.99,1.86,1.99,5382277.0,55899093.0,138000000.0,0.03900200724637681
2006-11-06,1.99,2.07,1.94,1.97,3589608.0,38142783.0,138000000.0,0.026011652173913043
2006-11-07,1.96,1.97,1.87,1.88,4167030.0,41787208.0,138000000.0,0.03019586956521739
2006-11-08,1.87,1.92,1.85,1.87,2939251.0,29201847.0,138000000.0,0.021298920289855073
2006-11-09,1.87,1.94,1.87,1.93,2366367.0,24014109.0,138000000.0,0.01714758695652174
2006-11-10,1.94,1.94,1.8,1.89,2847363.0,28246005.0,138000000.0,0.020633065217391305
2006-11-13,1.89,1.89,1.79,1.81,2169561.0,20973781.0,138000000.0,0.01572145652173913
2006-11-14,1.8,1.86,1.72,1.78,2602320.0,24333097.0,138000000.0,0.018857391304347826
2006-11-15,1.78,1.85,1.78,1.8,4222040.0,40491424.0,138000000.0,0.03059449275362319
2006-11-16,1.8,1.85,1.78,1.8,4075293.0,39233759.0,138000000.0,0.029531108695652175
2006-11-17,1.8,1.84,1.8,1.83,1850382.0,17792633.0,138000000.0,0.013408565217391304
2006-11-20,1.82,1.83,1.74,1.76,3744438.0,34874367.0,138000000.0,0.027133608695652175
2006-11-21,1.75,1.8,1.74,1.8,1767199.0,16542278.0,138000000.0,0.012805789855072464
2006-11-22,1.8,1.88,1.79,1.84,2169609.0,21215227.0,138000000.0,0.015721804347826086
2006-11-23,1.83,1.88,1.82,1.83,2190885.0,21287456.0,138000000.0,0.015875978260869564
2006-11-24,1.83,1.83,1.77,1.79,2237574.0,21292506.0,138000000.0,0.016214304347826086
2006-11-27,1.79,1.87,1.76,1.87,4378226.0,41984542.0,138000000.0,0.03172627536231884
2006-11-28,1.86,1.97,1.86,1.93,4652541.0,47281379.0,138000000.0,0.03371406521739131
2006-11-29,1.91,2.1,1.88,2.05,8262643.0,88348074.0,138000000.0,0.05987422463768116
2006-11-30,2.06,2.15,2.04,2.08,6616667.0,73265914.0,138000000.0,0.04794686231884058
2006-12-01,2.05,2.14,2.05,2.1,4117865.0,45780052.0,138000000.0,0.029839601449275364
2006-12-04,2.1,2.22,2.1,2.16,4481891.0,51643109.0,138000000.0,0.032477471014492755
2006-12-05,2.16,2.2,2.13,2.19,4261057.0,48676023.0,138000000.0,0.03087722463768116
2006-12-06,2.19,2.23,2.04,2.18,4649243.0,52560374.0,138000000.0,0.03369016666666667
2006-12-07,2.15,2.19,2.06,2.07,5489391.0,60933423.0,138000000.0,0.039778195652173914
2006-12-08,2.04,2.06,1.97,1.98,4002600.0,42590882.0,138000000.0,0.029004347826086956
2006-12-11,1.98,2.1,1.98,2.09,2417915.0,26220632.0,138000000.0,0.017521123188405797
2006-12-12,2.12,2.17,2.04,2.14,5647613.0,62970815.0,138000000.0,0.04092473188405797
2006-12-13,2.17,2.17,2.1,2.13,2998996.0,33815748.0,138000000.0,0.02173185507246377
2006-12-14,2.13,2.15,2.1,2.13,3649487.0,40950857.0,138000000.0,0.026445557971014493
2006-12-15,2.12,2.31,2.07,2.31,10277358.0,117427396.0,138000000.0,0.07447360869565217
2006-12-18,2.29,2.4,2.23,2.38,8388614.0,104028983.0,138000000.0,0.06078705797101449
2006-12-19,2.36,2.38,2.28,2.38,4587083.0,56651359.0,138000000.0,0.033239731884057974
2006-12-20,2.36,2.51,2.31,2.44,5168400.0,66386222.0,138000000.0,0.03745217391304348
2006-12-21,2.43,2.48,2.37,2.39,3910648.0,50061149.0,138000000.0,0.028338028985507246
2006-12-22,2.34,2.44,2.34,2.44,3025975.0,38302812.0,138000000.0,0.021927355072463767
2006-12-25,2.42,2.49,2.38,2.44,2264950.0,29392254.0,138000000.0,0.01641268115942029
2006-12-26,2.43,2.55,2.43,2.46,2410224.0,31820885.0,138000000.0,0.017465391304347825
2006-12-27,2.46,2.51,2.42,2.47,2222622.0,28886111.0,138000000.0,0.01610595652173913
2006-12-28,2.48,2.55,2.41,2.53,3102967.0,40479218.0,138000000.0,0.02248526811594203
2006-12-29,2.53,2.59,2.44,2.56,5514883.0,73455924.0,138000000.0,0.03996292028985507
2007-01-04,2.52,2.6,2.46,2.47,2949178.0,39354323.0,138000000.0,0.02137085507246377
2007-01-05,2.45,2.46,2.39,2.45,2060910.0,26439578.0,138000000.0,0.01493413043478261
2007-01-08,2.45,2.57,2.43,2.56,3295337.0,43452071.0,138000000.0,0.023879253623188407
2007-01-09,2.57,2.66,2.53,2.63,3072698.0,42393872.0,138000000.0,0.022265927536231883
2007-01-10,2.64,2.66,2.55,2.58,3147166.0,43265431.0,138000000.0,0.02280555072463768
2007-01-11,2.57,2.66,2.56,2.59,3472687.0,47962864.0,138000000.0,0.025164398550724637
2007-01-12,2.55,2.59,2.42,2.44,2937477.0,38984625.0,138000000.0,0.021286065217391303
2007-01-15,2.44,2.59,2.4,2.55,2242012.0,29909636.0,138000000.0,0.01624646376811594
2007-01-16,2.57,2.8,2.5,2.8,6396899.0,90984863.0,138000000.0,0.04635434057971014
2007-01-17,2.81,2.91,2.72,2.9,9251925.0,137257416.0,138000000.0,0.0670429347826087
2007-01-18,2.88,2.94,2.8,2.93,5235399.0,79086036.0,138000000.0,0.03793767391304348
2007-01-19,2.91,3.04,2.89,2.93,4636514.0,72324031.0,138000000.0,0.033597927536231885
2007-01-22,2.96,3.05,2.92,3.03,4279659.0,67465455.0,138000000.0,0.031012021739130435
2007-01-23,3.02,3.17,2.98,3.03,5543506.0,89947914.0,138000000.0,0.040170333333333336
2007-01-24,3.03,3.03,2.87,2.94,5439991.0,84966940.0,138000000.0,0.03942022463768116
2007-01-25,2.93,3.0,2.83,2.83,3271984.0,50683025.0,138000000.0,0.023710028985507246
2007-01-26,2.82,2.86,2.68,2.84,2572538.0,37809312.0,138000000.0,0.018641579710144927
2007-01-29,2.85,2.95,2.8,2.83,3897513.0,58699863.0,138000000.0,0.028242847826086957
2007-01-30,2.93,2.99,2.7,2.87,6562114.0,100243559.0,138000000.0,0.04755155072463768
2007-01-31,2.87,2.92,2.72,2.73,3421666.0,51237071.0,138000000.0,0.02479468115942029
2007-02-01,2.72,2.83,2.67,2.78,2482233.0,36279962.0,138000000.0,0.017987195652173913
2007-02-02,2.78,2.94,2.78,2.83,4734483.0,71794280.0,138000000.0,0.03430784782608696
2007-02-05,2.89,3.02,2.89,2.99,4600212.0,72266700.0,138000000.0,0.03333486956521739
2007-02-06,3.02,3.08,2.88,3.06,4661164.0,73585239.0,138000000.0,0.03377655072463768
2007-02-07,3.06,3.25,3.02,3.17,4761163.0,79520410.0,138000000.0,0.03450118115942029
2007-02-08,3.17,3.39,3.16,3.33,4239118.0,74311684.0,138000000.0,0.030718246376811593
2007-02-09,3.34,3.39,3.21,3.28,2048564.0,35690671.0,138000000.0,0.014844666666666667
2007-02-12,3.27,3.38,3.25,3.33,1545968.0,27285828.0,138000000.0,0.011202666666666666
2007-02-13,3.33,3.41,3.31,3.41,1747339.0,31270276.0,138000000.0,0.012661876811594202
2007-02-14,3.41,3.43,3.34,3.34,2454833.0,43851189.0,138000000.0,0.01778864492753623
2007-02-15,3.35,3.42,3.26,3.36,2818860.0,50220529.0,138000000.0,0.020426521739130434
2007-02-16,3.4,3.46,3.33,3.34,2319297.0,41397352.0,138000000.0,0.0168065
2007-02-26,3.36,3.53,3.34,3.5,1942860.0,35631380.0,138000000.0,0.014078695652173913
2007-02-27,3.51,3.57,3.15,3.15,3219446.0,56180441.0,138000000.0,0.02332931884057971
2007-02-28,3.06,3.4,3.06,3.16,4382451.0,73424786.0,138000000.0,0.03175689130434783
2007-03-01,3.19,3.21,2.87,2.95,5784614.0,92423881.0,138000000.0,0.041917492753623185
2007-03-02,2.89,3.1,2.89,3.06,3237002.0,52296703.0,138000000.0,0.023456536231884057
2007-03-05,3.07,3.32,3.07,3.27,4943701.0,84291353.0,154497030.0,0.03199867984517243
2007-03-06,3.27,3.44,3.21,3.39,6514483.0,117064964.0,154497030.0,0.04216574907621202
2007-03-07,3.4,3.42,3.31,3.39,2053797.0,36810808.0,154497030.0,0.013293440009817664
2007-03-08,3.4,3.51,3.4,3.48,3332990.0,61178099.0,154497030.0,0.021573165516515107
2007-03-09,3.51,3.57,3.33,3.46,2194315.0,39629445.0,154497030.0,0.01420295911190008
2007-03-12,3.45,3.45,3.31,3.4,2404231.0,42768670.0,154497030.0,0.015561664842359752
2007-03-13,3.4,3.4,3.3,3.34,3308821.0,58411886.0,154497030.0,0.0214167288523281
2007-03-14,3.31,3.52,3.28,3.45,5150197.0,93230339.0,154497030.0,0.03333524922776833
2007-03-15,3.44,3.51,3.4,3.49,2228543.0,40946791.0,154497030.0,0.014424503823795188
2007-03-16,3.5,3.51,3.33,3.44,2750575.0,49723056.0,154497030.0,0.017803416674093995
2007-03-19,3.33,3.44,3.31,3.42,2435259.0,43621023.0,154497030.0,0.015762497181984664
2007-03-20,3.44,3.46,3.36,3.42,1841085.0,33159760.0,154497030.0,0.011916636844086906
2007-03-21,3.45,3.76,3.44,3.75,5503261.0,107737689.0,154497030.0,0.03562049704126998
2007-03-22,3.75,3.78,3.67,3.7,1933000.0,38098892.0,154497030.0,0.012511567374466681
2007-03-23,3.7,3.96,3.66,3.86,3288131.0,66559119.0,154497030.0,0.0212828104203686
2007-03-26,3.87,4.24,3.87,4.24,4722848.0,103850803.0,154497030.0,0.030569183109863018
2007-03-27,4.25,4.42,4.19,4.21,3898647.0,88415132.0,154497030.0,0.025234446254403724
2007-03-28,4.21,4.37,3.97,4.3,2822733.0,62714078.0,154497030.0,0.0182704677235543
2007-03-29,4.29,4.44,4.21,4.25,2231715.0,50905861.0,154497030.0,0.014445034962808023
2007-03-30,4.23,4.31,4.14,4.23,1189252.0,26527920.0,154497030.0,0.007697571920961846
2007-04-02,4.23,4.4,4.23,4.38,3043756.0,69312416.0,154497030.0,0.01970106480364056
2007-04-03,4.38,4.53,4.38,4.48,1492773.0,35192238.0,154497030.0,0.009662146903406492
2007-04-04,4.53,4.67,4.46,4.52,1658827.0,39969261.0,154497030.0,0.01073695073620509
2007-04-05,4.5,4.59,4.44,4.52,1430669.0,34199661.0,154497030.0,0.009260171538572618
2007-04-06,4.49,4.97,4.48,4.97,4715904.0,121343645.0,154497030.0,0.030524237262036687
2007-04-09,5.01,5.45,4.98,5.42,3473248.0,95392667.0,154497030.0,0.02248100173835057
2007-04-10,5.67,5.86,4.88,5.08,8213827.0,222198444.0,154497030.0,0.05316495080843949
2007-04-11,5.08,5.12,4.84,4.94,5113997.0,134122780.0,154497030.0,0.03310094051646171
2007-04-12,4.94,5.21,4.88,5.03,6719520.0,179845398.0,154497030.0,0.04349287491157597
2007-04-13,5.01,5.25,5.0,5.06,4637135.0,125467973.0,154497030.0,0.030014395745989422
2007-04-16,5.11,5.18,5.03,5.1,4545695.0,122400574.0,154497030.0,0.029422539708368504
2007-04-17,5.11,5.21,5.01,5.19,4807498.0,130590328.0,154497030.0,0.031117090082573108
2007-04-18,5.27,5.71,5.22,5.62,5297724.0,155059411.0,154497030.0,0.034290134897738814
2007-04-19,5.55,5.55,5.06,5.17,5565563.0,154444246.0,154497030.0,0.036023753984138075
2007-04-20,5.17,5.44,5.17,5.41,3825021.0,107631600.0,154497030.0,0.02475789340416447
2007-04-23,5.48,5.57,5.39,5.48,5129822.0,147980743.0,154497030.0,0.03320336966995417
2007-04-24,5.52,5.52,5.3,5.32,5258002.0,149202018.0,154497030.0,0.03403302963170231
2007-04-25,5.29,5.29,5.06,5.11,4737100.0,128602553.0,154497030.0,0.030661430837861416
2007-04-26,5.1,5.51,5.08,5.45,8061574.0,225961944.0,154497030.0,0.05217947555367246
2007-04-27,5.46,5.54,5.35,5.39,5456961.0,157056867.0,154497030.0,0.03532081490498555
2007-05-08,5.48,5.92,5.39,5.43,5810605.0,171249075.0,154497030.0,0.037609816835961186
2007-05-09,5.44,5.57,4.88,5.17,7171218.0,196623281.0,154497030.0,0.046416542764608486
2007-05-10,5.16,5.21,4.91,5.04,4577516.0,122666669.0,154497030.0,0.02962850483274662
2007-05-11,5.04,5.28,5.04,5.19,5759395.0,157599822.0,154497030.0,0.03727835415347466
2007-05-14,5.1,5.29,4.95,5.14,4239451.0,115573231.0,154497030.0,0.027440339791645185
2007-05-15,5.14,5.42,5.02,5.22,6354404.0,173383319.0,154497030.0,0.04112961912601168
2007-05-16,5.39,5.74,5.33,5.74,10158395.0,299073891.0,154497030.0,0.06575139340866294
2007-05-17,5.91,6.2,5.76,5.82,9565348.0,300355818.0,154497030.0,0.06191282770937409
2007-05-18,5.81,5.97,5.54,5.79,5416110.0,166060822.0,154497030.0,0.03505640205510747
2007-05-21,5.61,5.97,5.58,5.96,9303329.0,287990596.0,154497030.0,0.060216879250041246
2007-05-22,6.15,6.15,5.79,5.82,8226722.0,129582617.0,154497030.0,0.053248415196072055
2007-05-25,6.06,6.27,5.83,6.15,47124902.0,749595177.0,308994060.0,0.15251070522197094
2007-05-28,6.24,6.77,6.09,6.64,27602871.0,476637100.0,308994060.0,0.08933139685597839
2007-05-29,6.72,6.96,6.51,6.88,20276773.0,358455657.0,308994060.0,0.06562188606473536
2007-05-30,6.34,6.81,6.19,6.19,24142689.0,411027626.0,308994060.0,0.078133181589316
2007-05-31,6.04,6.24,5.57,6.07,22471810.0,347781472.0,308994060.0,0.07272570223518213
2007-06-01,6.13,6.24,5.47,5.47,19048769.0,293954626.0,308994060.0,0.06164768669015838
2007-06-04,5.32,5.53,4.92,4.92,12857139.0,170480643.0,308994060.0,0.041609663952763366
2007-06-05,4.54,5.06,4.43,5.06,14384919.0,175444627.0,308994060.0,0.04655403084447643
2007-06-06,5.08,5.21,4.81,5.14,13198579.0,177254788.0,308994060.0,0.04271466901337845
2007-06-07,5.17,5.65,5.03,5.56,15801359.0,227316768.0,308994060.0,0.051138067184851387
2007-06-08,5.64,5.85,5.56,5.59,15560546.0,232849833.0,308994060.0,0.050358722106179
2007-06-11,5.68,5.85,5.68,5.74,14157734.0,215399497.0,308994060.0,0.045818790173506894
2007-06-12,5.76,5.84,5.45,5.79,15011494.0,226543718.0,308994060.0,0.048581820634351354
2007-06-13,5.87,6.19,5.87,6.02,14022475.0,224600422.0,308994060.0,0.04538105036711709
2007-06-14,6.01,6.01,5.73,5.74,13647295.0,210391398.0,308994060.0,0.04416685226894006
2007-06-15,5.67,5.73,5.53,5.59,9369771.0,139026186.0,308994060.0,0.030323466412266954
2007-06-18,5.67,6.01,5.67,5.91,11592065.0,178705014.0,308994060.0,0.0375154946344276
2007-06-19,5.91,5.91,5.73,5.79,9091773.0,139216985.0,308994060.0,0.02942377921439655
2007-06-20,5.87,6.02,5.81,5.82,14126789.0,220064086.0,308994060.0,0.04571864261727232
2007-06-21,5.82,6.05,5.68,6.01,13952684.0,216581547.0,308994060.0,0.045155185183818745
2007-06-22,6.04,6.05,5.41,5.56,12774022.0,193783807.0,308994060.0,0.04134067172682866
2007-06-25,5.58,5.66,5.0,5.0,9331329.0,127993686.0,308994060.0,0.03019905625370274
2007-06-26,4.84,4.92,4.53,4.83,9013270.0,111307729.0,308994060.0,0.029169719314345397
2007-06-27,4.92,5.1,4.83,5.05,7249708.0,95320454.0,308994060.0,0.02346228921034922
2007-06-28,5.1,5.1,4.55,4.55,8993139.0,113916566.0,308994060.0,0.02910456919463112
2007-06-29,4.43,4.44,4.16,4.21,7478751.0,85094355.0,308994060.0,0.024203542941893447
2007-07-02,4.21,4.35,4.12,4.33,5229116.0,58675553.0,308994060.0,0.01692303081813288
2007-07-03,4.31,4.43,4.27,4.42,4940297.0,56924871.0,308994060.0,0.015988323529585003
2007-07-04,4.45,4.5,4.22,4.25,3450496.0,39395160.0,308994060.0,0.01116686838575473
2007-07-05,4.17,4.18,3.82,3.82,8901795.0,91628568.0,308994060.0,0.028808951861404714
2007-07-06,3.67,4.09,3.61,4.04,7983146.0,80805063.0,308994060.0,0.025835920599897616
2007-07-09,4.07,4.34,4.07,4.25,7675613.0,85762330.0,308994060.0,0.024840649040308412
2007-07-10,4.26,4.26,3.98,4.01,4272097.0,46061159.0,308994060.0,0.013825822412249607
2007-07-11,3.91,4.07,3.9,4.05,3408995.0,35983600.0,308994060.0,0.011032558360506995
2007-07-12,4.04,4.28,4.04,4.19,4328682.0,47843297.0,308994060.0,0.014008948909891666
2007-07-13,4.2,4.24,4.08,4.17,2381892.0,26007779.0,308994060.0,0.007708536533032382
2007-07-16,4.16,4.23,3.95,3.98,3038490.0,32498894.0,308994060.0,0.00983349000301171
2007-07-17,3.88,4.09,3.79,4.09,2990395.0,31611755.0,308994060.0,0.009677839761709335
2007-07-18,4.09,4.23,3.98,4.17,4162016.0,45657418.0,308994060.0,0.013469566372894029
2007-07-19,4.17,4.2,4.05,4.09,2724259.0,29594922.0,308994060.0,0.008816541651318476
2007-07-20,4.09,4.44,4.09,4.4,7231647.0,82660317.0,308994060.0,0.023403838248541087
2007-07-23,4.4,4.69,4.4,4.69,10880911.0,131720542.0,308994060.0,0.0352139811360775
2007-07-24,4.75,4.91,4.68,4.82,9091321.0,115516860.0,308994060.0,0.029422316403104967
2007-07-25,4.82,4.89,4.73,4.89,6200629.0,79299299.0,308994060.0,0.020067146274591816
2007-07-26,4.91,5.03,4.88,4.96,7763685.0,101405831.0,308994060.0,0.02512567717321168
2007-07-27,5.0,5.03,4.84,4.95,8467707.0,110475351.0,308994060.0,0.027404109321713176
2007-07-30,4.93,5.26,4.92,5.1,14533586.0,196083641.0,308994060.0,0.047035163070772296
2007-07-31,5.11,5.26,5.02,5.23,10300913.0,140152133.0,308994060.0,0.03333692887170711
2007-08-01,5.29,5.64,5.15,5.33,21531462.0,307886655.0,308994060.0,0.06968244632275455
2007-08-02,5.4,5.85,5.4,5.69,20287549.0,301841949.0,308994060.0,0.0656567605215453
2007-08-03,5.75,5.86,5.53,5.62,14736521.0,219507011.0,308994060.0,0.047691923268686785
2007-08-06,5.62,5.71,5.41,5.64,14098234.0,206170594.0,308994060.0,0.045626229837557396
2007-08-07,5.64,5.64,5.41,5.46,10245342.0,147893411.0,308994060.0,0.033157083990546614
2007-08-08,5.39,5.51,5.19,5.23,11687088.0,163691445.0,308994060.0,0.0378230183454012
2007-08-09,5.22,5.39,5.17,5.28,7165992.0,99885868.0,308994060.0,0.02319135843582236
2007-08-10,5.29,5.29,4.92,5.07,9523536.0,128125835.0,308994060.0,0.030821097337599305
2007-08-13,4.96,5.09,4.82,4.87,9007067.0,116401048.0,308994060.0,0.02914964449478414
2007-08-14,4.81,5.29,4.81,5.23,6706980.0,90268092.0,308994060.0,0.021705854151371065
2007-08-15,5.27,5.27,5.05,5.13,6813499.0,92368800.0,308994060.0,0.02205058246103501
2007-08-16,5.14,5.18,5.02,5.12,4233074.0,56939552.0,308994060.0,0.013699531958640241
2007-08-17,5.09,5.28,5.03,5.1,5227503.0,71566999.0,308994060.0,0.016917810653059157
2007-08-20,5.2,5.37,5.2,5.35,6334464.0,88958423.0,308994060.0,0.020500277578151503
2007-08-21,5.44,5.46,5.28,5.29,7140955.0,100560426.0,308994060.0,0.02311033098823971
2007-08-22,5.19,5.37,5.12,5.26,7548961.0,105208484.0,308994060.0,0.024430764138313858
2007-08-23,5.29,5.34,5.18,5.23,7665444.0,106082395.0,308994060.0,0.024807739022555966
2007-08-24,5.26,5.3,5.13,5.17,9386335.0,128983412.0,308994060.0,0.030377072620748763
2007-08-27,5.18,5.19,5.02,5.03,11214759.0,150688712.0,308994060.0,0.03629441614508706
2007-08-28,5.04,5.2,5.03,5.1,8409114.0,113737311.0,308994060.0,0.02721448431727134
2007-08-29,5.1,5.39,5.0,5.32,13871073.0,192018052.0,308994060.0,0.04489106683798388
2007-08-30,5.39,5.68,5.32,5.64,22254107.0,325443006.0,308994060.0,0.07202114823825416
2007-08-31,5.64,5.64,5.44,5.46,13059506.0,189859396.0,308994060.0,0.04226458592763887
2007-09-03,5.53,5.56,5.4,5.47,12727858.0,184157154.0,308994060.0,0.04119127079659719
2007-09-04,5.47,5.51,5.35,5.39,8066374.0,115573776.0,308994060.0,0.026105272056038877
2007-09-05,5.39,5.5,5.26,5.46,7957270.0,112815053.0,308994060.0,0.02575217788976267
2007-09-06,5.49,5.62,5.37,5.6,14284572.0,208311425.0,308994060.0,0.046229277028820556
2007-09-07,5.56,5.56,5.32,5.32,10221558.0,146551170.0,308994060.0,0.03308011163709749
2007-09-10,5.26,5.3,5.07,5.27,7675458.0,105390533.0,308994060.0,0.024840147412542493
2007-09-11,5.26,5.27,4.77,4.81,9422170.0,127299754.0,308994060.0,0.030493045723921038
2007-09-12,4.81,5.03,4.79,5.0,9689524.0,125160707.0,308994060.0,0.031358285657659565
2007-09-13,5.0,5.03,4.89,4.96,5500593.0,71644983.0,308994060.0,0.017801614050444853
2007-09-14,4.97,5.03,4.87,5.02,5863081.0,76247211.0,308994060.0,0.01897473692536355
2007-09-17,5.0,5.2,4.9,5.09,7170111.0,95890810.0,308994060.0,0.023204688789163132
2007-09-18,5.1,5.46,5.05,5.45,12930647.0,181226018.0,308994060.0,0.04184755849351926
2007-09-19,5.44,5.44,5.21,5.23,8154493.0,113966224.0,308994060.0,0.026390452295426
2007-09-20,5.23,5.47,5.18,5.28,6669523.0,93813710.0,308994060.0,0.02158463175635156
2007-09-21,5.28,5.41,5.11,5.25,5954140.0,83144199.0,308994060.0,0.0192694319107623
2007-09-24,5.3,5.3,5.03,5.12,6938761.0,93632405.0,308994060.0,0.022455968894677134
2007-09-25,5.11,5.17,4.99,5.0,5078504.0,67747585.0,308994060.0,0.01643560397245177
2007-09-26,5.0,5.07,4.96,5.0,3269868.0,43266538.0,308994060.0,0.010582300514126388
2007-09-27,5.11,5.15,5.03,5.06,2767278.0,37120875.0,308994060.0,0.008955764392364047
2007-09-28,5.13,5.28,5.07,5.23,7263367.0,99815176.0,308994060.0,0.02350649394360526
2007-10-08,5.33,5.37,5.18,5.19,4486671.0,61925759.0,308994060.0,0.014520250000922347
2007-10-09,5.18,5.29,5.06,5.25,4243461.0,57800152.0,308994060.0,0.01373314749157314
2007-10-10,5.26,5.39,5.18,5.33,9844760.0,137879501.0,308994060.0,0.0318606771923059
2007-10-11,5.34,5.37,5.13,5.17,6266266.0,86652561.0,308994060.0,0.020279567833763536
2007-10-12,5.17,5.37,4.69,5.33,13118317.0,175626145.0,308994060.0,0.042454916447261154
2007-10-15,5.34,5.48,5.15,5.41,13706111.0,194160972.0,308994060.0,0.04435719897010318
2007-10-16,5.43,5.95,5.43,5.95,40830528.0,629489286.0,308994060.0,0.13214017123824323
2007-10-17,5.91,6.32,5.68,6.19,29301366.0,463241730.0,308994060.0,0.09482825009645816
2007-10-18,6.13,6.41,6.02,6.15,21709700.0,355813900.0,308994060.0,0.07025927941786324
2007-10-19,6.11,6.23,5.66,5.77,13153558.0,206594864.0,308994060.0,0.0425689671833821
2007-10-22,5.71,6.32,5.56,5.88,15678404.0,250816519.0,308994060.0,0.05074014691415103
2007-10-23,5.87,6.16,5.45,5.69,11896340.0,182241877.0,308994060.0,0.03850022230200801
2007-10-24,5.76,5.9,5.56,5.67,10350424.0,155826473.0,308994060.0,0.033497161725374265
2007-10-25,5.52,5.68,5.1,5.1,12430457.0,172421944.0,308994060.0,0.04022878951135824
2007-10-26,4.83,5.03,4.59,4.59,12522593.0,154849911.0,308994060.0,0.040526970000653084
2007-10-29,4.62,4.79,4.16,4.76,7332912.0,88867811.0,308994060.0,0.02373156299509447
2007-10-30,4.71,4.8,4.39,4.68,6432420.0,78098700.0,308994060.0,0.020817293380979558
2007-10-31,4.69,5.0,4.6,4.92,6964456.0,89259594.0,308994060.0,0.022539125833033812
2007-11-01,4.85,4.95,4.62,4.62,5905862.0,74117996.0,308994060.0,0.019113189425065322
2007-11-02,4.53,4.54,4.39,4.4,5522832.0,64827354.0,308994060.0,0.017873586307775625
2007-11-05,4.39,4.57,4.24,4.4,4034751.0,47197035.0,308994060.0,0.013057697613992968
2007-11-06,4.41,4.58,4.41,4.51,3201174.0,38150747.0,343370060.0,0.009322810497805195
2007-11-07,4.54,4.62,4.39,4.6,3526718.0,42202463.0,343370060.0,0.010270895488092352
2007-11-08,4.59,4.64,4.43,4.43,2911943.0,34979083.0,343370060.0,0.00848048021426213
2007-11-09,4.44,4.51,4.16,4.22,4227416.0,47735911.0,343370060.0,0.012311545159178991
2007-11-12,4.09,4.24,3.84,3.91,5337252.0,56462158.0,343370060.0,0.015543731448222364
2007-11-13,3.94,4.08,3.85,3.94,5343381.0,55439240.0,343370060.0,0.015561580995151411
2007-11-14,4.0,4.1,3.94,4.09,3069640.0,32778511.0,343370060.0,0.008939742737034207
2007-11-15,4.09,4.14,3.97,3.98,3148838.0,33809271.0,343370060.0,0.009170391850704746
2007-11-16,3.97,4.06,3.86,4.01,2845635.0,29545510.0,343370060.0,0.008287370774260283
2007-11-19,4.02,4.22,4.02,4.2,3457307.0,37923812.0,343370060.0,0.010068749150697647
2007-11-20,4.26,4.41,4.2,4.33,4119236.0,47132732.0,343370060.0,0.011996491482105342
2007-11-21,4.34,4.38,4.16,4.19,3054344.0,34372395.0,343370060.0,0.008895196045922
2007-11-26,4.5,4.5,4.19,4.2,3585406.0,40866472.0,343370060.0,0.010441813127213246
2007-11-27,4.17,4.34,4.14,4.21,1648884.0,18456891.0,343370060.0,0.004802061076612212
2007-11-28,4.24,4.3,4.14,4.19,1318775.0,14681849.0,343370060.0,0.003840681391965275
2007-11-29,4.21,4.28,4.11,4.25,2495428.0,27711572.0,343370060.0,0.007267459486712383
2007-11-30,4.31,4.31,4.12,4.14,1984246.0,21860308.0,343370060.0,0.005778739124779836
2007-12-03,4.12,4.16,4.0,4.11,1723812.0,18584895.0,343370060.0,0.005020274627321904
2007-12-04,4.12,4.19,4.05,4.08,1839257.0,19888243.0,343370060.0,0.005356486235287957
2007-12-05,4.05,4.24,4.02,4.23,3000939.0,32848644.0,343370060.0,0.008739664139616599
2007-12-06,4.18,4.27,4.16,4.19,2210881.0,24560137.0,343370060.0,0.006438770462398498
2007-12-07,4.22,4.34,4.21,4.32,3409248.0,38750601.0,343370060.0,0.009928786452726834
2007-12-10,4.23,4.57,4.19,4.53,6055655.0,71488248.0,343370060.0,0.017635943564794206
2007-12-11,4.52,4.73,4.47,4.65,6081554.0,74245347.0,343370060.0,0.017711369477000995
2007-12-12,4.64,4.68,4.5,4.57,4256467.0,51447942.0,343370060.0,0.01239615067196016
2007-12-13,4.57,5.03,4.54,4.82,12688320.0,162611024.0,343370060.0,0.03695231902280589
2007-12-14,4.77,4.91,4.69,4.89,6968824.0,88925166.0,343370060.0,0.020295374617111346
2007-12-17,4.98,5.11,4.89,4.9,6752533.0,89523914.0,343370060.0,0.0196654682123421
2007-12-18,4.87,4.98,4.64,4.65,5004933.0,62805247.0,343370060.0,0.014575915558857986
2007-12-19,4.75,4.84,4.67,4.79,3678920.0,46387912.0,343370060.0,0.010714154868365635
2007-12-20,4.84,4.96,4.79,4.83,4172361.0,53897164.0,343370060.0,0.012151207941659211
2007-12-21,4.81,5.1,4.75,5.05,8477720.0,111967896.0,343370060.0,0.02468974726567599
2007-12-24,5.11,5.28,5.07,5.1,7489513.0,102475597.0,343370060.0,0.021811782308568197
2007-12-25,5.1,5.23,5.05,5.14,4347103.0,59250364.0,343370060.0,0.012660110785430738
2007-12-26,5.18,5.2,5.05,5.18,5282642.0,71688883.0,343370060.0,0.015384690208575552
2007-12-27,5.19,5.28,5.15,5.16,5431752.0,74822358.0,343370060.0,0.01581894472686407
2007-12-28,5.18,5.3,5.15,5.2,5473810.0,75625506.0,343370060.0,0.01594143065356368
2008-01-02,5.24,5.43,5.18,5.32,6144464.0,86764142.0,343370060.0,0.017894582888211046
2008-01-03,5.35,5.53,5.33,5.49,9615361.0,139125696.0,343370060.0,0.028002910329456215
2008-01-04,5.6,5.61,5.35,5.48,5750303.0,82624689.0,343370060.0,0.016746663934531742
2008-01-07,5.53,5.82,5.44,5.71,12469779.0,184465117.0,343370060.0,0.036315859920926126
2008-01-08,5.71,5.81,5.33,5.49,10834311.0,160043117.0,343370060.0,0.03155287039295156
2008-01-09,5.46,5.84,5.37,5.82,12244885.0,184616556.0,343370060.0,0.03566089891471609
2008-01-10,5.88,6.17,5.83,5.87,16553062.0,262585924.0,343370060.0,0.04820764512782506
2008-01-14,5.68,5.83,5.38,5.66,19095063.0,282183239.0,343370060.0,0.055610739620105494
2008-01-15,5.62,5.8,5.57,5.79,12334686.0,186784449.0,343370060.0,0.03592242724948121
2008-01-16,5.75,6.23,5.62,5.94,16618196.0,263943104.0,343370060.0,0.048397335516090136
2008-01-17,5.94,6.17,5.49,5.71,13092640.0,201729139.0,343370060.0,0.03812982413201663
2008-01-18,5.78,5.81,5.49,5.65,6144851.0,91173226.0,343370060.0,0.017895709952114053
2008-01-21,5.67,5.73,5.22,5.24,7667657.0,112282367.0,343370060.0,0.022330592830370824
2008-01-22,5.09,5.46,4.72,4.98,12124125.0,162875789.0,343370060.0,0.035309208380020086
2008-01-23,5.01,5.48,5.01,5.48,14882437.0,211491126.0,343370060.0,0.043342267523266295
2008-01-24,5.64,6.03,5.64,6.02,31692940.0,498176285.0,343370060.0,0.0922996606052374
2008-01-31,6.02,6.39,5.42,5.61,20555319.0,312579014.0,343370060.0,0.05986345751868989
2008-02-01,5.49,6.16,5.26,6.09,26363137.0,407485173.0,343370060.0,0.07677762295291558
2008-02-05,6.7,6.7,5.83,5.9,27821301.0,458166957.0,343370060.0,0.08102424829934211
2008-02-13,5.79,6.23,5.7,6.07,17661967.0,283473270.0,343370060.0,0.051437120056419594
2008-02-14,6.07,6.2,5.96,6.1,13426945.0,215184910.0,343370060.0,0.03910342386869723
2008-02-15,6.02,6.54,5.98,6.47,23481600.0,396048892.0,343370060.0,0.06838569443125006
2008-02-18,6.62,7.11,6.62,7.11,37361166.0,686422696.0,343370060.0,0.10880729088610697
2008-02-19,7.15,7.51,7.0,7.28,36875804.0,711851448.0,343370060.0,0.10739376636390488
2008-02-20,7.34,8.01,7.32,8.01,39738752.0,821670631.0,343370060.0,0.11573155795819821
2008-02-21,8.06,8.34,7.79,8.19,31956883.0,683824794.0,343370060.0,0.09306834439787791
2008-02-22,8.25,8.48,7.8,8.2,22546771.0,487444998.0,343370060.0,0.06566318274808235
2008-02-26,8.25,8.4,7.38,7.57,28859558.0,594968209.0,343370060.0,0.08404797436328607
2008-02-27,7.61,8.33,7.5,8.33,27738480.0,598820572.0,343370060.0,0.08078304788716872
2008-02-28,8.5,9.16,8.44,9.05,29989462.0,710755616.0,343370060.0,0.0873386048859356
2008-02-29,9.05,9.69,9.05,9.58,32304354.0,806819890.0,343370060.0,0.09408028760573942
2008-03-03,9.76,10.08,9.39,9.97,33131337.0,851439789.0,343370060.0,0.09648871832331567
2008-03-04,9.95,10.03,9.56,9.65,22834259.0,587317802.0,343370060.0,0.06650043687559713
2008-03-05,9.62,10.03,9.12,9.62,24927892.0,630887044.0,343370060.0,0.07259774483541169
2008-03-06,9.67,9.76,8.96,9.02,22924973.0,558027808.0,343370060.0,0.06676462414923422
2008-03-07,8.82,9.23,8.67,8.84,16685861.0,393417491.0,343370060.0,0.04859439696052708
2008-03-10,8.72,9.07,8.36,8.78,15231567.0,352174244.0,343370060.0,0.04435904225313063
2008-03-11,8.66,9.0,8.36,8.97,14426474.0,332867775.0,343370060.0,0.042014361997665145
2008-03-12,9.17,9.31,8.33,8.35,17283146.0,402219113.0,343370060.0,0.050333875935484884
2008-03-13,8.06,8.27,7.51,7.62,20432936.0,422041427.0,343370060.0,0.05950704030514484
2008-03-14,7.64,8.06,7.64,7.83,13187890.0,274130041.0,343370060.0,0.03840722164302852
2008-03-17,7.57,7.59,7.04,7.04,15371831.0,292483459.0,343370060.0,0.044767534478690425
2008-03-18,6.7,7.21,6.47,6.93,24129062.0,431185503.0,343370060.0,0.07027130437639205
2008-03-19,7.13,7.56,6.81,7.51,26321438.0,503718932.0,343370060.0,0.07665618254544383
2008-03-20,7.19,8.26,7.06,8.03,31268687.0,633946225.0,343370060.0,0.09106410442424712
2008-03-21,7.92,8.44,7.83,7.88,25549241.0,547831372.0,343370060.0,0.07440730563404392
2008-03-24,8.02,8.24,7.79,7.81,16076855.0,339453362.0,343370060.0,0.04682078280208822
2008-03-25,7.56,8.11,7.3,8.03,17384127.0,355492543.0,343370060.0,0.050627963894114704
2008-03-26,8.0,8.27,7.68,7.75,10553630.0,221354448.0,343370060.0,0.030735440358428456
2008-03-27,7.74,7.93,7.0,7.01,14600604.0,290142450.0,343370060.0,0.04252148250782261
2008-03-28,6.81,7.28,6.36,7.16,18087326.0,327903265.0,343370060.0,0.05267589725207841
2008-03-31,6.82,7.07,6.44,6.44,14468266.0,253584518.0,343370060.0,0.0421360732499508
2008-04-01,6.3,6.49,5.8,5.8,14977708.0,236242762.0,343370060.0,0.04361972619278454
2008-04-02,5.81,5.92,5.22,5.31,17097979.0,247291670.0,343370060.0,0.049794612261767957
2008-04-03,5.28,5.71,4.92,5.62,13534562.0,193812121.0,343370060.0,0.039416837915338336
2008-04-07,5.49,6.19,5.34,6.19,19403282.0,308207696.0,343370060.0,0.05650836884264167
2008-04-08,6.3,6.62,6.21,6.37,23592436.0,400047787.0,343370060.0,0.06870848320322395
2008-04-09,6.21,6.49,5.74,5.74,21056319.0,338418731.0,343370060.0,0.06132252474196498
2008-04-10,5.64,6.1,5.37,6.08,17871882.0,273678446.0,343370060.0,0.05204845757373255
2008-04-11,6.11,6.23,5.9,5.98,13655871.0,218752698.0,343370060.0,0.03977012730812931
2008-04-14,5.68,5.98,5.45,5.49,11182228.0,167222375.0,343370060.0,0.03256611249099586
2008-04-15,5.49,6.01,5.39,5.98,15336150.0,230453752.0,343370060.0,0.04466362035175694
2008-04-16,5.98,5.98,5.59,5.67,10283332.0,157716037.0,343370060.0,0.029948248836838016
2008-04-17,5.75,6.01,5.52,5.76,12891957.0,197487766.0,343370060.0,0.03754537305902559
2008-04-18,5.6,5.85,5.45,5.52,10287613.0,153037375.0,343370060.0,0.02996071643520696
2008-04-21,5.98,6.04,5.36,5.57,15408537.0,234499632.0,343370060.0,0.04487443372319649
2008-04-22,5.37,5.56,5.01,5.21,13880218.0,189686409.0,343370060.0,0.04042349528086403
2008-04-23,5.12,5.44,4.92,5.4,22547051.0,310718459.0,343370060.0,0.06566399819483387
2008-04-24,5.86,5.94,5.7,5.94,27700959.0,428217956.0,343370060.0,0.08067377511015375
2008-04-25,5.93,6.39,5.79,6.06,26231888.0,429159600.0,343370060.0,0.07639538520044525
2008-04-28,5.98,6.61,5.89,6.49,29521339.0,495526306.0,343370060.0,0.08597528567283938
2008-04-29,6.43,6.58,6.28,6.4,22449365.0,380685687.0,343370060.0,0.06537950629708368
2008-04-30,6.44,6.77,6.44,6.68,24778771.0,434244122.0,343370060.0,0.07216345828171507
2008-05-05,6.7,7.34,6.68,7.34,29025003.0,541999518.0,343370060.0,0.08452980146259695
2008-05-06,7.19,7.63,7.12,7.22,32322224.0,628998892.0,343370060.0,0.09413233058234606
2008-05-07,7.21,7.37,6.91,6.92,20975191.0,393530221.0,343370060.0,0.06108625487032853
2008-05-08,6.85,7.53,6.77,7.41,24303034.0,466298530.0,343370060.0,0.07077796474159687
2008-05-09,7.51,7.85,7.29,7.64,29871005.0,600313494.0,343370060.0,0.08699362140077094
2008-05-12,7.45,8.02,7.39,7.78,23472139.0,481271949.0,343370060.0,0.0683581410679778
2008-05-14,7.49,7.87,7.08,7.42,30910461.0,607385962.0,343370060.0,0.09002083932419734
2008-05-15,7.41,7.68,7.19,7.2,19936579.0,391189880.0,343370060.0,0.05806149493639603
2008-05-16,7.14,7.32,6.77,6.98,18803655.0,349885621.0,343370060.0,0.05476206923806927
2008-05-19,7.04,7.29,6.89,7.23,12280191.0,231050152.0,343370060.0,0.035763720925464496
2008-05-20,7.33,7.49,6.74,6.86,16398333.0,311899977.0,343370060.0,0.047757026340619214
2008-05-21,6.74,7.27,6.67,7.26,17072770.0,313481894.0,343370060.0,0.049721195843341726
2008-05-22,7.25,7.9,7.16,7.53,34485398.0,693484734.0,343370060.0,0.1004321634798328
2008-05-23,7.39,7.55,7.11,7.14,17501885.0,336657008.0,343370060.0,0.05097091167471037
2008-05-26,7.17,7.37,6.92,6.93,11603653.0,219161040.0,343370060.0,0.033793432659795675
2008-05-27,6.92,7.03,6.68,6.81,9670408.0,173476894.0,343370060.0,0.02816322424849738
2008-05-28,6.81,7.11,6.68,7.06,10393955.0,189571790.0,343370060.0,0.030270417286818774
2008-05-29,7.11,7.18,6.78,6.81,8363704.0,155054352.0,343370060.0,0.02435769734845257
2008-05-30,6.73,6.89,6.52,6.68,11305496.0,199169653.0,343370060.0,0.03292510709873773
2008-06-02,6.62,6.77,6.47,6.57,8078848.0,140909738.0,343370060.0,0.023528108420402174
2008-06-03,6.62,6.75,6.55,6.69,7423440.0,130529405.0,343370060.0,0.02161935726137567
2008-06-04,6.63,6.65,6.16,6.17,11442394.0,191042778.0,343370060.0,0.03332379648942019
2008-06-05,6.11,6.26,5.92,5.93,8054784.0,129599325.0,343370060.0,0.02345802659672774
2008-06-06,6.01,6.12,5.9,5.99,5789033.0,91650707.0,343370060.0,0.016859457694127437
2008-06-10,5.68,5.94,5.39,5.46,10983096.0,162329413.0,343370060.0,0.03198617841054634
2008-06-11,5.46,5.66,5.24,5.62,9755030.0,141077198.0,343370060.0,0.028409669730669006
2008-06-12,5.62,5.73,5.48,5.6,10158395.0,150805334.0,343370060.0,0.029584393583995065
2008-06-13,5.67,5.67,5.18,5.19,8405629.0,119153307.0,343370060.0,0.024479795937945203
2008-06-16,5.19,5.26,4.77,4.89,9203703.0,120692936.0,343370060.0,0.026804034690735702
2008-06-17,4.83,5.02,4.4,4.4,9535822.0,117624127.0,343370060.0,0.0277712681181347
2008-06-18,4.31,4.84,4.2,4.84,16497246.0,201570787.0,343370060.0,0.048045091642527016
2008-06-19,4.86,5.01,4.36,4.36,15336717.0,191116076.0,343370060.0,0.044665271631428784
2008-06-20,4.5,4.79,4.26,4.77,18012115.0,223139333.0,343370060.0,0.05245685951768771
2008-06-23,4.65,4.86,4.62,4.72,9582685.0,120112565.0,343370060.0,0.02790774769355255
2008-06-24,4.67,5.11,4.67,4.98,11124387.0,144065812.0,343370060.0,0.032397661578298355
2008-06-25,4.98,5.36,4.98,5.3,12335838.0,170790743.0,343370060.0,0.0359257822304018
2008-06-26,5.32,5.55,5.2,5.35,15932531.0,226407563.0,343370060.0,0.04640046659863123
2008-06-27,5.15,5.34,4.84,4.96,14251872.0,191163560.0,343370060.0,0.04150586687726938
2008-06-30,4.87,5.14,4.84,5.03,7366997.0,96878586.0,343370060.0,0.02145497775781616
2008-07-01,5.11,5.22,4.88,5.04,8809665.0,117544611.0,343370060.0,0.025656473951165108
2008-07-02,5.04,5.39,5.0,5.3,11169127.0,154155539.0,343370060.0,0.0325279583199537
2008-07-03,5.37,5.83,5.32,5.83,16753387.0,251303513.0,343370060.0,0.048791053593898084
2008-07-04,6.2,6.38,5.91,6.05,35644142.0,574841005.0,343370060.0,0.10380678501789002
2008-07-07,6.12,6.41,5.99,6.39,28351105.0,464955581.0,343370060.0,0.08256720169487113
2008-07-08,6.28,6.41,6.12,6.27,19728082.0,326720646.0,343370060.0,0.05745428707441761
2008-07-09,6.17,6.39,5.99,6.27,21040603.0,343261725.0,343370060.0,0.061276754880725474
2008-07-10,6.27,6.66,6.16,6.22,22583374.0,385031465.0,343370060.0,0.06576978202467623
2008-07-11,6.19,6.3,5.93,6.09,13416468.0,215410867.0,343370060.0,0.03907291159864083
2008-07-14,6.11,6.69,6.1,6.69,25409058.0,435945817.0,343370060.0,0.07399904930558011
2008-07-22,6.82,6.82,6.05,6.32,21582813.0,367064693.0,343370060.0,0.06285583839196697
2008-07-23,6.25,6.45,6.04,6.13,12907390.0,211803954.0,343370060.0,0.03759031873658408
2008-07-24,6.24,6.42,6.15,6.28,9195165.0,152662542.0,343370060.0,0.02677916938943366
2008-07-25,6.19,6.72,6.19,6.5,15414561.0,266173781.0,343370060.0,0.04489197747759371
2008-07-28,6.51,6.6,6.37,6.53,9446477.0,162063273.0,343370060.0,0.027511067796650645
2008-07-29,6.51,6.52,6.27,6.32,7646682.0,128826634.0,343370060.0,0.022269507131751673
2008-07-30,6.4,6.49,6.21,6.21,6266250.0,104224503.0,343370060.0,0.018249261452789448
2008-07-31,6.22,6.32,5.74,5.75,10974347.0,172595174.0,343370060.0,0.03196069861187082
2008-08-01,5.75,6.01,5.41,5.94,10362613.0,156423773.0,343370060.0,0.03017913967222419
2008-08-04,5.86,6.24,5.71,6.05,9360811.0,149211392.0,343370060.0,0.02726158186301974
2008-08-05,6.4,6.41,5.78,5.84,11552751.0,187070354.0,343370060.0,0.033645190264986996
2008-08-07,5.82,5.83,5.26,5.37,12485199.0,179780067.0,343370060.0,0.03636076773845687
2008-08-08,5.38,5.46,4.93,4.95,8014231.0,110420282.0,343370060.0,0.02333992369631761
2008-08-11,4.91,4.91,4.46,4.46,8032734.0,96792631.0,343370060.0,0.023393810165044677
2008-08-12,4.43,4.43,4.16,4.32,7891248.0,89582465.0,343370060.0,0.022981759096876414
2008-08-13,4.3,4.6,4.24,4.54,10071052.0,118667335.0,343370060.0,0.029330023706784454
2008-08-14,4.5,4.62,4.39,4.54,7029820.0,84106800.0,343370060.0,0.020473013867312716
2008-08-15,4.5,4.54,4.35,4.4,5283697.0,61820317.0,343370060.0,0.015387762695442928
2008-08-18,4.43,4.43,3.96,3.96,6133304.0,67035786.0,343370060.0,0.01786208151054288
2008-08-19,3.88,4.24,3.75,4.15,8743979.0,93522130.0,343370060.0,0.025465175967875592
2008-08-20,4.12,4.57,3.95,4.56,12188136.0,140409396.0,343370060.0,0.03549562824434955
2008-08-21,4.47,4.69,4.31,4.34,11133917.0,131850382.0,343370060.0,0.032425415890948675
2008-08-22,4.39,4.46,4.12,4.36,7559821.0,86674910.0,343370060.0,0.022016540987877628
2008-08-25,4.35,4.42,4.18,4.24,4221644.0,47902418.0,343370060.0,0.012294735306858146
2008-08-26,4.14,4.14,3.82,3.82,8013982.0,82733327.0,343370060.0,0.023339198531170714
2008-08-27,3.67,3.91,3.58,3.73,7294087.0,72164743.0,343370060.0,0.021242641248337146
2008-08-28,3.74,3.89,3.67,3.81,5320864.0,53306398.0,343370060.0,0.015496004514779185
2008-08-29,3.83,4.03,3.79,3.94,7561079.0,78451696.0,343370060.0,0.022020204673639864
2008-09-01,3.88,3.92,3.64,3.66,5778251.0,57028626.0,343370060.0,0.01682805716957384
2008-09-02,3.71,3.71,3.41,3.63,5785315.0,54540365.0,343370060.0,0.016848629726191038
2008-09-03,3.55,3.6,3.42,3.47,4858685.0,44713862.0,343370060.0,0.014149996071294043
2008-09-04,3.46,3.71,3.39,3.58,6465790.0,61015155.0,343370060.0,0.018830383755648352
2008-09-05,3.41,3.5,3.32,3.33,7621250.0,68177523.0,343370060.0,0.022195441268234046
2008-09-08,3.27,3.38,3.0,3.0,6800725.0,55608062.0,343370060.0,0.019805818247519893
2008-09-09,3.0,3.08,2.84,3.02,7506088.0,59419349.0,343370060.0,0.021860053843949005
2008-09-10,2.97,3.1,2.85,2.93,6862693.0,54145901.0,343370060.0,0.019986288262873006
2008-09-11,2.94,3.05,2.89,2.94,5388970.0,42308500.0,343370060.0,0.015694350287849792
2008-09-12,2.94,3.03,2.91,2.95,3559594.0,27879554.0,343370060.0,0.010366640585961397
2008-09-16,2.96,2.97,2.77,2.8,5548348.0,42373331.0,343370060.0,0.016158508403440883
2008-09-17,2.77,2.87,2.68,2.71,5928042.0,43288919.0,343370060.0,0.017264294970854476
2008-09-18,2.61,2.95,2.45,2.93,9712439.0,68461468.0,343370060.0,0.02828563154283166
2008-09-19,3.23,3.23,3.2,3.23,6229889.0,53121762.0,343370060.0,0.01814336695517367
2008-09-22,3.55,3.55,3.31,3.52,24386608.0,223083490.0,343370060.0,0.07102135812306991
2008-09-23,3.37,3.44,3.17,3.17,14230961.0,124649146.0,343370060.0,0.04144496756647915
2008-09-24,3.04,3.32,3.03,3.29,11460822.0,96357745.0,343370060.0,0.03337746453491024
2008-09-25,3.27,3.43,3.25,3.36,12543034.0,111532398.0,343370060.0,0.036529201177295426
2008-09-26,3.41,3.44,3.15,3.24,10474969.0,90430017.0,343370060.0,0.03050635515513496
2008-10-06,3.25,3.43,3.13,3.28,14972374.0,131514160.0,343370060.0,0.04360419193216788
2008-10-07,3.09,3.25,3.07,3.1,9090379.0,75217848.0,343370060.0,0.0264740000919125
2008-10-08,3.06,3.14,2.92,2.95,7153573.0,57072046.0,343370060.0,0.020833420945320626
2008-10-09,3.06,3.1,2.87,2.96,7262892.0,57088739.0,343370060.0,0.021151791743287112
2008-10-10,2.82,2.82,2.69,2.69,7757241.0,56050776.0,343370060.0,0.02259148919390351
2008-10-13,2.66,2.76,2.46,2.75,10304365.0,70991048.0,343370060.0,0.030009503449427127
2008-10-14,2.93,2.93,2.55,2.56,10489222.0,76718072.0,343370060.0,0.030547864307097713
2008-10-15,2.53,2.63,2.49,2.55,5643413.0,38061764.0,343370060.0,0.016435367137134786
2008-10-16,2.42,2.49,2.35,2.36,7608330.0,48348697.0,343370060.0,0.022157814225270543
2008-10-17,2.38,2.43,2.33,2.4,5151465.0,32354522.0,343370060.0,0.015002662142412766
2008-10-20,2.44,2.59,2.44,2.58,12772341.0,84647572.0,343370060.0,0.03719701420677155
2008-10-21,2.6,2.66,2.48,2.54,12323224.0,83642221.0,343370060.0,0.03588904635424533
2008-10-22,2.49,2.55,2.44,2.44,6228124.0,40975638.0,343370060.0,0.018138226728329196
2008-10-23,2.35,2.43,2.29,2.43,5545773.0,34919764.0,343370060.0,0.016151009205636623
2008-10-24,2.43,2.47,2.35,2.38,4748017.0,30204784.0,343370060.0,0.013827696567371074
2008-10-27,2.31,2.32,2.14,2.14,7503814.0,44147776.0,343370060.0,0.02185343125140264
2008-10-28,2.05,2.2,2.01,2.19,9416050.0,52523200.0,343370060.0,0.02742245494554767
2008-10-29,2.21,2.23,1.98,1.99,8030124.0,45140228.0,343370060.0,0.023386209036396474
2008-10-30,1.99,2.1,1.99,1.99,7613839.0,41066952.0,343370060.0,0.022173858140106917
2008-10-31,1.98,2.06,1.97,2.0,5727115.0,30413800.0,343370060.0,0.016679133294265666
2008-11-03,1.96,1.98,1.82,1.85,6910131.0,34757608.0,343370060.0,0.020124442416441318
2008-11-04,1.81,1.82,1.69,1.71,9220097.0,42267016.0,343370060.0,0.026851779098037844
2008-11-05,1.74,1.85,1.73,1.77,10925087.0,51666792.0,343370060.0,0.0318172382297979
2008-11-06,1.71,1.85,1.67,1.81,10526515.0,48999352.0,377746060.0,0.0278666440624159
2008-11-07,1.73,1.99,1.73,1.99,15704807.0,79412432.0,377746060.0,0.04157503853249985
2008-11-10,2.02,2.19,1.99,2.19,20272356.0,112278768.0,377746060.0,0.05366662461019448
2008-11-11,2.16,2.3,2.1,2.12,19068404.0,110833896.0,377746060.0,0.050479425251980126
2008-11-12,2.08,2.29,2.08,2.28,17657344.0,103598280.0,377746060.0,0.04674395280257854
2008-11-13,2.24,2.47,2.21,2.41,19552276.0,122703504.0,377746060.0,0.05176037044569042
2008-11-14,2.48,2.56,2.37,2.5,21723918.0,141537744.0,377746060.0,0.05750931723814671
2008-11-17,2.48,2.75,2.38,2.75,29785920.0,199450416.0,377746060.0,0.07885170264912889
2008-11-18,2.68,2.8,2.47,2.47,26444312.0,181436768.0,377746060.0,0.07000552699345164
2008-11-19,2.39,2.68,2.35,2.67,26296574.0,175570464.0,377746060.0,0.06961442298034823
2008-11-20,2.54,2.68,2.53,2.55,18462222.0,126288408.0,377746060.0,0.04887469110862467
2008-11-21,2.46,2.58,2.35,2.45,14561648.0,94261392.0,377746060.0,0.0385487753333549
2008-11-24,2.46,2.52,2.27,2.29,11700696.0,74339584.0,377746060.0,0.030975031215414926
2008-11-25,2.37,2.41,2.19,2.3,11336401.0,69203848.0,377746060.0,0.030010639952141392
2008-11-26,2.33,2.37,2.27,2.34,8002484.0,49302876.0,377746060.0,0.021184824535297603
2008-11-27,2.54,2.57,2.34,2.35,13797495.0,89611256.0,377746060.0,0.036525847549541614
2008-11-28,2.33,2.38,2.24,2.29,8229440.0,50148900.0,377746060.0,0.021785640861482446
2008-12-01,2.27,2.44,2.23,2.44,12472621.0,77677616.0,377746060.0,0.033018533667829655
2008-12-02,2.37,2.65,2.35,2.59,25043276.0,169141888.0,377746060.0,0.06629659088965746
2008-12-03,2.65,2.74,2.61,2.71,25773824.0,182730800.0,377746060.0,0.06823055679257117
2008-12-04,2.76,2.85,2.65,2.67,25724342.0,186997600.0,377746060.0,0.06809956402986705
2008-12-05,2.66,2.91,2.63,2.89,23937924.0,175167856.0,377746060.0,0.06337041344653602
2008-12-08,2.96,3.07,2.93,3.02,26374664.0,209458704.0,377746060.0,0.0698211491603645
2008-12-09,2.99,3.09,2.84,3.03,28127680.0,220393952.0,377746060.0,0.07446187526085646
2008-12-10,2.99,3.31,2.96,3.23,31398536.0,261265136.0,377746060.0,0.0831207504851275
2008-12-11,3.25,3.25,3.02,3.04,22871184.0,188539344.0,377746060.0,0.060546452820712415
2008-12-12,3.01,3.01,2.74,2.79,20571842.0,155036464.0,377746060.0,0.05445944823355669
2008-12-15,2.83,2.88,2.68,2.84,13437062.0,99512592.0,377746060.0,0.03557168008582273
2008-12-16,2.81,2.89,2.67,2.86,12844531.0,94238240.0,377746060.0,0.0340030839765741
2008-12-17,2.88,2.98,2.84,2.87,15191771.0,116838368.0,377746060.0,0.04021688803319352
2008-12-18,2.84,2.94,2.78,2.91,12163135.0,92362728.0,377746060.0,0.03219923723360609
2008-12-19,2.92,3.03,2.88,2.94,15185915.0,119103752.0,377746060.0,0.04020138555515311
2008-12-22,2.91,2.94,2.82,2.86,11533805.0,87706448.0,377746060.0,0.03053322382766878
2008-12-23,2.87,2.87,2.58,2.61,14885358.0,106861488.0,377746060.0,0.039405726693747645
2008-12-24,2.51,2.59,2.46,2.51,10435601.0,69748056.0,377746060.0,0.027625969149751024
2008-12-25,2.5,2.58,2.49,2.53,8780080.0,58730864.0,377746060.0,0.0232433397187518
2008-12-26,2.55,2.56,2.49,2.49,6217226.0,41421708.0,377746060.0,0.016458744798026483
2008-12-29,2.5,2.54,2.42,2.54,6815940.0,44922316.0,377746060.0,0.018043709046230687
2008-12-30,2.55,2.64,2.53,2.56,9807442.0,67117808.0,377746060.0,0.025963055709965578
2008-12-31,2.59,2.61,2.52,2.52,7270876.0,49210288.0,377746060.0,0.019248052514432578
2009-01-05,2.58,2.77,2.56,2.77,14034861.0,98701512.0,377746060.0,0.03715422207183312
2009-01-06,2.74,2.86,2.72,2.83,16864452.0,124756632.0,377746060.0,0.04464494480763082
2009-01-07,2.82,2.97,2.8,2.91,18288456.0,139943264.0,377746060.0,0.04841468366341134
2009-01-08,2.84,2.91,2.79,2.81,13460399.0,101522432.0,377746060.0,0.03563345968452987
2009-01-09,2.79,2.89,2.79,2.86,9365695.0,70655440.0,377746060.0,0.02479362723200872
2009-01-12,2.86,2.97,2.83,2.87,11006495.0,84388520.0,377746060.0,0.029137286038138956
2009-01-13,2.84,2.84,2.69,2.69,10161381.0,74155800.0,377746060.0,0.026900031730311098
2009-01-14,2.69,2.85,2.68,2.84,11133723.0,82200240.0,377746060.0,0.029474094316165732
2009-01-15,2.8,2.97,2.79,2.94,17856776.0,137410976.0,377746060.0,0.0472719053641486
2009-01-16,2.96,3.02,2.89,2.91,16044998.0,125203888.0,377746060.0,0.042475619732473185
2009-01-19,2.9,2.97,2.87,2.93,8714264.0,67179200.0,377746060.0,0.02306910626678674
2009-01-20,2.93,2.95,2.85,2.95,7896795.0,60628276.0,377746060.0,0.020905036044585084
2009-01-21,2.91,3.08,2.9,3.03,21411106.0,170606224.0,377746060.0,0.056681215947030655
2009-01-22,3.05,3.22,3.03,3.18,24932792.0,208044784.0,377746060.0,0.06600410868613693
2009-01-23,3.13,3.18,3.01,3.04,15211618.0,124548856.0,377746060.0,0.040269428620910035
2009-02-02,3.13,3.19,3.09,3.13,16268097.0,134700544.0,377746060.0,0.04306622549550881
2009-02-03,3.14,3.27,3.11,3.26,23338150.0,197446400.0,377746060.0,0.061782643080380506
2009-02-04,3.28,3.31,3.18,3.3,22054044.0,189383840.0,377746060.0,0.058383253553988095
2009-02-05,3.29,3.29,3.2,3.21,19536464.0,166693568.0,377746060.0,0.051718511637156454
2009-02-06,3.22,3.33,3.22,3.31,19953528.0,173316352.0,377746060.0,0.05282259727606424
2009-02-09,3.35,3.46,3.28,3.42,25775928.0,230172592.0,377746060.0,0.06823612667197641
2009-02-10,3.38,3.76,3.33,3.76,32453776.0,305582496.0,377746060.0,0.08591426737846054
2009-02-11,3.64,3.83,3.56,3.65,31341484.0,305911328.0,377746060.0,0.08296971780460133
2009-02-12,3.63,3.69,3.41,3.59,18134708.0,170807680.0,377746060.0,0.048007669490980266
2009-02-13,3.6,3.75,3.6,3.73,20169264.0,197382128.0,377746060.0,0.05339371110846265
2009-02-16,3.79,3.97,3.71,3.91,23301390.0,234990320.0,377746060.0,0.06168532902765419
2009-02-17,3.92,3.92,3.63,3.64,21512702.0,213017472.0,377746060.0,0.05695016911625762
2009-02-18,3.58,3.6,3.39,3.4,20730216.0,191581152.0,377746060.0,0.05487870872829223
2009-02-19,3.47,3.5,3.37,3.48,12634535.0,115224488.0,377746060.0,0.03344716553761011
2009-02-20,3.48,3.56,3.4,3.56,12549903.0,116146640.0,377746060.0,0.03322312084472833
2009-02-23,3.55,3.78,3.5,3.75,17431656.0,170326176.0,377746060.0,0.04614649322881091
2009-02-24,3.71,3.82,3.52,3.53,21166338.0,205636064.0,377746060.0,0.05603324625013958
2009-02-25,3.6,3.71,3.49,3.7,20417372.0,194429456.0,377746060.0,0.05405052272418143
2009-02-26,3.72,3.83,3.37,3.47,25673336.0,249392736.0,377746060.0,0.06796453681078765
2009-02-27,3.41,3.48,3.13,3.13,18582214.0,158599280.0,377746060.0,0.04919234366071217
2009-03-02,3.05,3.22,3.05,3.2,8176622.0,68584752.0,377746060.0,0.021645816769074972
2009-03-03,3.1,3.24,3.05,3.17,9025670.0,75333344.0,377746060.0,0.023893485480695684
2009-03-04,3.2,3.37,3.2,3.36,13761284.0,119928176.0,377746060.0,0.03642998685413158
2009-03-05,3.44,3.44,3.24,3.32,15976169.0,141340096.0,377746060.0,0.0422934100225956
2009-03-06,3.27,3.28,3.18,3.24,9541955.0,81571120.0,377746060.0,0.02526023699625087
2009-03-09,3.23,3.31,2.99,3.02,12105007.0,99908432.0,377746060.0,0.03204535607863124
2009-03-10,2.95,3.1,2.93,3.09,7394499.0,59194204.0,377746060.0,0.01957531734414384
2009-03-11,3.16,3.18,3.03,3.04,8384547.0,68696432.0,377746060.0,0.022196252688909582
2009-03-12,3.04,3.06,2.91,3.02,8571789.0,67274440.0,377746060.0,0.022691934894039662
2009-03-13,3.05,3.11,3.0,3.02,9379137.0,75657352.0,377746060.0,0.024829211984368545
2009-03-16,3.0,3.03,2.93,3.03,6572835.0,51788320.0,377746060.0,0.01740014177778585
2009-03-17,3.03,3.21,3.03,3.19,11576289.0,95651104.0,377746060.0,0.030645690917332137
2009-03-18,3.18,3.34,3.18,3.24,15677195.0,134732160.0,377746060.0,0.041501941807149494
2009-03-19,3.26,3.35,3.24,3.33,14437185.0,125946448.0,377746060.0,0.03821928678753129
2009-03-20,3.33,3.36,3.19,3.26,14922016.0,128780344.0,377746060.0,0.039502770723803184
2009-03-23,3.29,3.48,3.28,3.47,19425004.0,174197360.0,377746060.0,0.05142344568729585
2009-03-24,3.53,3.55,3.41,3.45,14567582.0,132880656.0,377746060.0,0.03856448429932002
2009-03-25,3.45,3.52,3.32,3.33,16394921.0,148995584.0,377746060.0,0.04340196427197679
2009-03-26,3.32,3.66,3.23,3.63,31026812.0,285788416.0,377746060.0,0.08213669257066507
2009-03-27,3.84,4.0,3.84,4.0,75941312.0,798642048.0,377746060.0,0.20103799891387353
2009-03-30,4.03,4.06,3.78,3.83,61866104.0,645320704.0,377746060.0,0.1637769669920581
2009-03-31,3.67,4.21,3.63,4.21,40067320.0,412454432.0,377746060.0,0.10606945840811682
2009-04-01,4.09,4.23,4.01,4.09,34687536.0,377256384.0,377746060.0,0.09182765797742537
2009-04-02,4.1,4.2,4.01,4.05,21164608.0,228751552.0,377746060.0,0.056028666453860565
2009-04-03,4.06,4.12,3.87,3.92,20826364.0,219616304.0,377746060.0,0.055133239510161934
2009-04-07,3.93,4.05,3.88,4.0,12403225.0,129741832.0,377746060.0,0.03283482294957623
2009-04-08,3.99,4.11,3.89,3.91,20023072.0,211250224.0,377746060.0,0.05300669979191841
2009-04-09,3.87,4.02,3.82,3.96,14503003.0,150346480.0,377746060.0,0.03839352553405852
2009-04-10,3.97,4.3,3.95,4.17,36625920.0,402686240.0,377746060.0,0.09695910527829198
2009-04-13,4.2,4.3,4.13,4.19,25938248.0,287763616.0,377746060.0,0.06866583333787783
2009-04-14,4.17,4.2,4.07,4.15,17821996.0,194127376.0,377746060.0,0.04717983292797283
2009-04-15,4.12,4.41,4.08,4.33,26312232.0,298728640.0,377746060.0,0.06965587410759493
2009-04-16,4.31,4.35,4.17,4.22,14857856.0,167349056.0,377746060.0,0.03933292116931676
2009-04-17,4.19,4.21,3.97,4.03,17785432.0,191086448.0,377746060.0,0.04708303774233939
2009-04-20,4.02,4.11,4.0,4.08,10695729.0,114741728.0,377746060.0,0.02831460108412514
2009-04-21,4.03,4.16,3.97,4.11,11818246.0,127328992.0,377746060.0,0.03128621910709009
2009-04-22,4.12,4.14,3.79,3.8,15721828.0,164625952.0,377746060.0,0.041620097903866955
2009-04-23,3.8,3.94,3.8,3.86,11066231.0,113251872.0,377746060.0,0.029295424021100313
2009-04-24,3.89,3.91,3.77,3.77,10204882.0,102999672.0,377746060.0,0.027015191104839055
2009-04-27,3.75,3.75,3.55,3.55,10383472.0,99425984.0,377746060.0,0.0274879690340119
2009-04-28,3.56,3.64,3.52,3.6,7316817.0,69251224.0,377746060.0,0.019369671254810705
2009-04-29,3.56,3.73,3.56,3.68,10293461.0,99426472.0,377746060.0,0.027249684616167804
2009-04-30,3.67,3.67,3.55,3.62,15299442.0,145270080.0,377746060.0,0.04050192343501875
2009-05-04,3.64,3.8,3.61,3.8,13631470.0,133756888.0,377746060.0,0.03608633270721606
2009-05-05,3.84,4.02,3.8,3.88,14360321.0,148363008.0,377746060.0,0.03801580617412661
2009-05-06,3.89,3.99,3.82,3.94,12821772.0,132296464.0,377746060.0,0.03394283450633476
2009-05-07,3.97,3.99,3.74,3.92,18997040.0,193120704.0,377746060.0,0.050290504684549195
2009-05-08,3.92,3.99,3.78,3.91,21823700.0,225279696.0,377746060.0,0.05777346823948343
2009-05-11,4.05,4.07,3.74,3.75,24071072.0,245398208.0,377746060.0,0.06372289362859271
2009-05-12,3.7,3.74,3.56,3.74,16213468.0,156115232.0,377746060.0,0.042921607177054344
2009-05-13,3.71,3.74,3.65,3.7,10465803.0,102073856.0,377746060.0,0.027705922333114474
2009-05-14,3.67,3.7,3.64,3.7,8138429.0,78810952.0,377746060.0,0.021544709162552217
2009-05-15,3.7,3.78,3.67,3.77,10275015.0,101070696.0,377746060.0,0.02720085286925296
2009-05-18,3.75,3.76,3.66,3.75,6725871.0,65969472.0,377746060.0,0.0178052710860836
2009-05-19,3.77,3.84,3.69,3.83,14828447.0,147789824.0,377746060.0,0.03925506727985462
2009-05-20,3.8,3.86,3.76,3.78,13401293.0,135148160.0,377746060.0,0.03547698948865277
2009-05-21,3.75,3.77,3.63,3.65,9518265.0,92593832.0,377746060.0,0.02519752290732033
2009-05-22,3.68,3.75,3.66,3.66,7857157.0,76955680.0,377746060.0,0.020800103116892867
2009-05-25,3.56,3.67,3.52,3.63,8303765.0,78722464.0,377746060.0,0.021982400028209427
2009-05-27,3.66,3.74,3.6,3.66,8239194.0,79972288.0,377746060.0,0.021811462441196607
2009-06-01,3.68,3.81,3.65,3.78,12909671.0,127388008.0,377746060.0,0.03417552786652493
2009-06-02,3.82,3.92,3.8,3.82,20234304.0,206219056.0,377746060.0,0.053565890270304874
2009-06-03,3.83,3.94,3.77,3.89,19672434.0,200539728.0,377746060.0,0.052078462446438226
2009-06-04,3.89,3.89,3.75,3.81,11917074.0,119638400.0,377746060.0,0.031547844602270635
2009-06-05,3.81,3.85,3.75,3.77,9751105.0,97551872.0,377746060.0,0.025813915835415993
2009-06-08,3.76,3.8,3.62,3.64,12105910.0,117659536.0,377746060.0,0.03204774657345202
2009-06-09,3.62,3.66,3.56,3.66,9900377.0,94341448.0,377746060.0,0.02620908077770553
2009-06-10,3.64,3.67,3.59,3.66,7915938.0,75956312.0,377746060.0,0.020955712946416967
2009-06-11,3.67,3.68,3.6,3.61,7677168.0,73855016.0,377746060.0,0.02032362164148052
2009-06-12,3.6,3.62,3.49,3.5,9974495.0,93710232.0,377746060.0,0.02640529195724768
2009-06-15,3.5,3.54,3.46,3.53,5628204.0,52063584.0,377746060.0,0.0148994379981091
2009-06-16,3.52,3.53,3.48,3.51,4503654.0,41682816.0,377746060.0,0.011922438052696036
2009-06-17,3.52,3.56,3.48,3.55,6138863.0,57234488.0,377746060.0,0.01625129591027369
2009-06-18,3.6,3.62,3.56,3.58,7294350.0,69074496.0,377746060.0,0.01931019479064851
2009-06-19,3.56,3.6,3.53,3.57,8436403.0,79485792.0,377746060.0,0.022333530096912194
2009-06-22,3.6,3.6,3.5,3.52,8219595.0,77131096.0,377746060.0,0.02175957837918945
2009-06-23,3.48,3.56,3.47,3.55,6200103.0,57812456.0,377746060.0,0.016413415403988593
2009-06-24,3.55,3.67,3.52,3.66,14541619.0,138907616.0,377746060.0,0.0384957529404807
2009-06-25,3.65,3.69,3.59,3.67,12707564.0,122034072.0,377746060.0,0.033640493828049456
2009-06-26,3.66,3.78,3.62,3.73,13710896.0,134200984.0,377746060.0,0.03629659565476341
2009-06-29,3.74,3.8,3.68,3.75,13935023.0,137821248.0,377746060.0,0.036889922822755584
2009-06-30,3.77,3.77,3.64,3.7,9875683.0,96252160.0,377746060.0,0.026143708818564513
2009-07-01,3.67,3.86,3.63,3.82,15262571.0,151272992.0,377746060.0,0.04040431553409187
2009-07-02,3.81,3.88,3.76,3.85,18708720.0,189594576.0,377746060.0,0.04952724060179476
2009-07-03,3.83,3.99,3.79,3.89,23389204.0,241392192.0,377746060.0,0.06191779736895204
2009-07-06,3.89,3.92,3.78,3.78,13480202.0,136065552.0,377746060.0,0.0356858837918786
2009-07-07,3.78,3.82,3.7,3.76,11286086.0,112101960.0,377746060.0,0.029877442004292515
2009-07-08,3.75,3.78,3.7,3.75,7238218.0,71493520.0,377746060.0,0.019161597608721583
2009-07-09,3.75,3.86,3.71,3.81,11656408.0,116473328.0,377746060.0,0.030857788430672183
2009-07-10,3.84,3.88,3.8,3.85,14039565.0,142507056.0,377746060.0,0.0371666748820623
2009-07-13,3.86,3.97,3.82,3.89,16597741.0,171704800.0,377746060.0,0.04393888582186668
2009-07-14,3.91,3.97,3.86,3.88,15404200.0,158929408.0,377746060.0,0.04077924730704008
2009-07-15,3.88,3.92,3.84,3.89,15395598.0,157676928.0,377746060.0,0.040756475395137146
2009-07-16,3.91,3.95,3.83,3.91,25860196.0,266084464.0,377746060.0,0.06845920775454283
2009-07-17,3.89,3.96,3.85,3.94,21449120.0,221647296.0,377746060.0,0.05678184969023899
2009-07-20,3.95,4.06,3.91,4.03,27904532.0,295679680.0,377746060.0,0.07387113978104762
2009-07-21,4.03,4.03,3.83,3.86,18636974.0,193879712.0,377746060.0,0.049337308772988926
2009-07-22,3.93,3.98,3.87,3.9,14581382.0,150696976.0,377746060.0,0.03860101677830869
2009-07-23,3.92,4.04,3.86,4.03,24504120.0,256250400.0,377746060.0,0.06486929340838128
2009-07-24,4.03,4.04,3.86,3.89,20145752.0,209859648.0,377746060.0,0.05333146823556545
2009-07-27,3.91,3.94,3.87,3.92,17011938.0,175256560.0,377746060.0,0.04503538170590052
2009-07-28,3.93,4.09,3.89,4.01,31667190.0,335284032.0,377746060.0,0.083831953138042
2009-07-29,4.0,4.03,3.61,3.66,25199081.0,256403225.0,377746060.0,0.06670905051928272
2009-07-30,3.67,3.74,3.5,3.66,15326483.0,146403968.0,377746060.0,0.040573508562868926
2009-07-31,3.68,3.83,3.64,3.78,13979002.0,137758192.0,377746060.0,0.037006347597642715
2009-08-03,3.79,3.97,3.78,3.94,24066388.0,248270080.0,377746060.0,0.06371049376398526
2009-08-04,3.93,4.31,3.88,4.23,50893432.0,545703360.0,377746060.0,0.1347292199420955
2009-08-05,4.16,4.24,4.0,4.06,33793612.0,367394048.0,377746060.0,0.08946118987978326
2009-08-06,4.03,4.31,4.03,4.09,41039736.0,452016416.0,377746060.0,0.10864371689277183
2009-08-07,4.08,4.11,3.78,3.83,23829204.0,249129456.0,377746060.0,0.06308260104685143
2009-08-10,3.85,3.92,3.79,3.89,10739820.0,109192000.0,377746060.0,0.028431322354493915
2009-08-11,3.9,3.92,3.84,3.87,7535146.0,77321536.0,377746060.0,0.019947649487065466
2009-08-12,3.82,3.87,3.6,3.61,11776960.0,115361864.0,377746060.0,0.031176923460167923
2009-08-13,3.63,3.67,3.54,3.63,6955506.0,66493964.0,377746060.0,0.018413179478298198
2009-08-14,3.64,3.66,3.45,3.46,9183309.0,85747976.0,377746060.0,0.02431080022383291
2009-08-17,3.41,3.44,3.11,3.12,10160972.0,87921336.0,377746060.0,0.02689894899234687
2009-08-18,3.1,3.19,3.07,3.18,6296226.0,52294448.0,377746060.0,0.016667880003831147
2009-08-19,3.18,3.21,2.88,2.96,7734663.0,62796756.0,377746060.0,0.020475827067527853
2009-08-20,2.97,3.07,2.93,3.06,8072854.0,64484280.0,377746060.0,0.021371113705328917
2009-08-21,3.05,3.14,3.03,3.12,7967264.0,65020372.0,377746060.0,0.021091587295443928
2009-08-24,3.11,3.16,3.09,3.13,8937028.0,73789384.0,377746060.0,0.023658825190658508
2009-08-25,3.17,3.19,3.01,3.09,12465769.0,102440248.0,377746060.0,0.033000394497827455
2009-08-26,3.07,3.36,3.04,3.26,14660854.0,125603408.0,377746060.0,0.038811401500786005
2009-08-27,3.25,3.4,3.2,3.35,15988651.0,139430976.0,377746060.0,0.04232645338511274
2009-08-28,3.32,3.34,3.18,3.21,9639733.0,82339656.0,377746060.0,0.02551908284629097
2009-08-31,3.19,3.27,3.02,3.03,10848931.0,90375496.0,377746060.0,0.028720169841083186
2009-09-01,2.96,3.2,2.96,3.18,12927629.0,106502104.0,377746060.0,0.034223067740269744
2009-09-02,3.21,3.25,3.07,3.13,14244407.0,119429696.0,377746060.0,0.03770894923430836
2009-09-03,3.14,3.24,3.07,3.23,13179222.0,110597696.0,377746060.0,0.0348891051305737
2009-09-04,3.22,3.45,3.19,3.38,22298892.0,197230416.0,377746060.0,0.05903143503336607
2009-09-07,3.38,3.49,3.3,3.41,20061578.0,179241888.0,377746060.0,0.053108635997421126
2009-09-08,3.33,3.43,3.32,3.38,11327850.0,100903040.0,377746060.0,0.029988003051573852
2009-09-09,3.39,3.43,3.28,3.34,10302753.0,90931528.0,377746060.0,0.02727428315202017
2009-09-10,3.35,3.37,3.25,3.31,8623341.0,75487680.0,377746060.0,0.022828407528592092
2009-09-11,3.27,3.38,3.27,3.35,7202113.0,63602764.0,377746060.0,0.01906601752510668
2009-09-14,3.36,3.55,3.35,3.5,17830600.0,163169728.0,377746060.0,0.04720261013443793
2009-09-15,3.5,3.51,3.42,3.46,15183388.0,138997392.0,377746060.0,0.040194695875848445
2009-09-16,3.46,3.49,3.42,3.44,9467590.0,86277680.0,377746060.0,0.02506337193828044
2009-09-17,3.46,3.57,3.44,3.5,12363592.0,115186176.0,377746060.0,0.03272990325828944
2009-09-18,3.5,3.54,3.37,3.4,13054976.0,119671488.0,377746060.0,0.034560191044745774
2009-09-21,3.35,3.41,3.22,3.38,9196541.0,80657760.0,377746060.0,0.024345829047164647
2009-09-22,3.4,3.42,3.33,3.36,8952069.0,79924528.0,377746060.0,0.023698642945475062
2009-09-23,3.35,3.37,3.11,3.22,10345447.0,88029160.0,377746060.0,0.027387306170711615
2009-09-24,3.22,3.27,3.09,3.17,10888273.0,91663400.0,377746060.0,0.02882431917357391
2009-09-25,3.17,3.19,3.09,3.16,5442405.0,45118880.0,377746060.0,0.01440757581958631
2009-09-28,3.14,3.18,3.04,3.07,5427141.0,44911492.0,377746060.0,0.014367167721087547
2009-09-29,3.07,3.1,2.92,2.96,7285912.0,57662352.0,377746060.0,0.019287857032843705
2009-09-30,2.97,3.01,2.93,2.95,5323544.0,41763084.0,377746060.0,0.014092917342407224
2009-10-09,2.99,3.08,2.99,3.08,4737686.0,38206812.0,377746060.0,0.012541986539846372
2009-10-12,3.13,3.13,3.04,3.07,4213660.0,34373256.0,377746060.0,0.011154742421403416
2009-10-13,3.08,3.14,3.07,3.13,4953878.0,40672180.0,377746060.0,0.01311430753242006
2009-10-14,3.13,3.25,3.12,3.24,9626944.0,81054256.0,377746060.0,0.02548522676848039
2009-10-15,3.37,3.41,3.29,3.29,25434308.0,225564320.0,377746060.0,0.06733176250733099
2009-10-16,3.3,3.32,3.15,3.22,11669472.0,99110488.0,377746060.0,0.03089237251078145
2009-10-19,3.21,3.26,3.18,3.25,8210897.0,70040232.0,377746060.0,0.021736552328302246
2009-10-20,3.26,3.35,3.26,3.3,10340103.0,90254744.0,377746060.0,0.02737315910058731
2009-10-21,3.31,3.32,3.22,3.24,8171906.0,70350656.0,377746060.0,0.02163333219147276
2009-10-22,3.22,3.27,3.19,3.23,5620755.0,48031264.0,377746060.0,0.01487971840129848
2009-10-23,3.22,3.3,3.22,3.29,9244446.0,80108200.0,377746060.0,0.024472647047595945
2009-10-26,3.33,3.36,3.28,3.32,9656772.0,84624752.0,377746060.0,0.025564189868717623
2009-10-27,3.31,3.31,3.18,3.19,7721519.0,66116072.0,377746060.0,0.020441031204931695
2009-10-28,3.18,3.25,3.17,3.25,6363049.0,54098976.0,377746060.0,0.01684477926784994
2009-10-29,3.2,3.23,3.13,3.14,5502904.0,46301948.0,377746060.0,0.01456773367801639
2009-10-30,3.18,3.28,3.18,3.18,7113918.0,60556748.0,377746060.0,0.01883254056971501
2009-11-02,3.14,3.31,3.1,3.29,8993821.0,76820080.0,377746060.0,0.02380917222538337
2009-11-03,3.3,3.42,3.27,3.4,19203158.0,170903280.0,377746060.0,0.05083615696746115
2009-11-04,3.41,3.43,3.36,3.38,14057064.0,125991448.0,377746060.0,0.03721299965378858
2009-11-05,3.38,3.46,3.36,3.44,16362774.0,147341872.0,377746060.0,0.04331686212690081
2009-11-06,3.45,3.51,3.41,3.44,14942515.0,136550720.0,377746060.0,0.03955703733878786
2009-11-09,3.48,3.51,3.44,3.5,15236750.0,139993200.0,377746060.0,0.04033596008916678
2009-11-10,3.53,3.58,3.51,3.52,20996746.0,196997344.0,377746060.0,0.05558428855617978
2009-11-11,3.5,3.55,3.49,3.52,10247413.0,95290352.0,687520000.0,0.014904894403071911
2009-11-12,3.52,3.59,3.51,3.54,11507526.0,108020840.0,687520000.0,0.016737732720502677
2009-11-13,3.53,3.58,3.46,3.56,11840243.0,110330584.0,687520000.0,0.017221670642308586
2009-11-16,3.62,3.92,3.62,3.92,21907510.0,221789168.0,687520000.0,0.03186454212241099
2009-11-17,4.08,4.08,3.87,3.89,33267794.0,346060608.0,687520000.0,0.04838811089131952
2009-11-18,3.86,4.01,3.85,3.94,21894018.0,228659712.0,687520000.0,0.031844917966022804
2009-11-19,3.95,4.15,3.93,4.0,27413224.0,291998656.0,687520000.0,0.039872620432860134
2009-11-20,3.99,4.22,3.96,4.15,27090912.0,295061504.0,687520000.0,0.03940381661624389
2009-11-23,4.16,4.18,4.07,4.16,20073166.0,218384384.0,687520000.0,0.029196483011403304
2009-11-24,4.17,4.26,3.86,3.87,27462536.0,294407168.0,687520000.0,0.039944344891784965
2009-11-25,3.85,4.01,3.85,4.0,19535862.0,202586496.0,687520000.0,0.028414972655340934
2009-11-26,4.12,4.4,4.08,4.18,51534720.0,579632576.0,687520000.0,0.07495741214801024
2009-11-27,4.04,4.08,3.78,3.82,27809148.0,288508416.0,687520000.0,0.04044849313474517
2009-11-30,3.9,4.18,3.88,4.15,26426188.0,284502496.0,687520000.0,0.0384369734698627
2009-12-01,4.12,4.33,4.09,4.28,28447380.0,317449856.0,687520000.0,0.04137680358389574
2009-12-02,4.3,4.57,4.24,4.39,33076866.0,386369024.0,687520000.0,0.048110405515475914
2009-12-03,4.35,4.55,4.3,4.41,25531140.0,297929600.0,687520000.0,0.037135123341866416
2009-12-04,4.39,4.46,4.2,4.26,24772980.0,282170240.0,687520000.0,0.03603237723993484
2009-12-07,4.29,4.38,4.23,4.31,14085286.0,160685344.0,687520000.0,0.020487092739120315
2009-12-08,4.31,4.31,4.16,4.23,13096169.0,146445584.0,687520000.0,0.019048418955084943
2009-12-09,4.17,4.24,4.08,4.11,10796990.0,118487128.0,687520000.0,0.01570425587619269
2009-12-10,4.14,4.23,4.08,4.22,10912439.0,119758624.0,687520000.0,0.01587217680940191
2009-12-11,4.22,4.35,4.17,4.25,14200472.0,160974560.0,687520000.0,0.020654631138003258
2009-12-14,4.27,4.29,4.11,4.19,8578120.0,94468520.0,687520000.0,0.012476902490109378
2009-12-15,4.26,4.41,4.25,4.29,16750567.0,191716992.0,687520000.0,0.024363752327205026
2009-12-16,4.24,4.34,4.22,4.28,8784035.0,99348464.0,687520000.0,0.012776406504538049
2009-12-17,4.26,4.29,4.03,4.06,10741964.0,117625144.0,687520000.0,0.015624220386316034
2009-12-18,4.02,4.05,3.87,3.89,8076320.0,84267192.0,687520000.0,0.011747032813590878
2009-12-21,3.92,3.95,3.86,3.94,5843476.0,60358228.0,687520000.0,0.008499354200605073
2009-12-22,3.95,3.97,3.71,3.73,9465931.0,95282440.0,687520000.0,0.013768226378868978
2009-12-23,3.72,3.8,3.67,3.78,8204102.0,81166864.0,687520000.0,0.01193289213404701
2009-12-24,3.76,3.93,3.74,3.92,7830205.0,79833944.0,687520000.0,0.011389057772864789
2009-12-25,3.92,3.92,3.86,3.87,6574908.0,67566280.0,687520000.0,0.00956322434256458
2009-12-28,3.9,4.0,3.89,3.97,7043556.0,73667816.0,687520000.0,0.010244874330928555
2009-12-29,4.0,4.01,3.9,3.98,7125593.0,74577488.0,687520000.0,0.010364197405166396
2009-12-30,3.95,3.99,3.88,3.92,9352973.0,96760672.0,687520000.0,0.013603928612985804
2009-12-31,3.92,3.99,3.91,3.97,7149407.0,74772552.0,687520000.0,0.010398834942983477
2010-01-04,4.07,4.22,4.07,4.1,18791410.0,206057024.0,687520000.0,0.027332164882476147
2010-01-05,4.1,4.19,4.05,4.19,12655776.0,138238880.0,687520000.0,0.01840786595299046
2010-01-06,4.2,4.26,4.12,4.13,10592389.0,117164832.0,687520000.0,0.01540666307889225
2010-01-07,4.12,4.16,4.0,4.03,8982640.0,96851944.0,687520000.0,0.013065278101000699
2010-01-08,4.03,4.07,3.93,4.06,6208386.0,65783144.0,687520000.0,0.009030116942052595
2010-01-11,4.08,4.13,3.98,4.0,7366456.0,78261680.0,687520000.0,0.010714533395392134
2010-01-12,3.99,4.14,3.93,4.14,9462546.0,101138159.0,687520000.0,0.013763302885734234
2010-01-13,4.05,4.28,4.03,4.26,23920890.0,266429312.0,687520000.0,0.03479300965790086
2010-01-14,4.26,4.38,4.2,4.37,20383060.0,232280384.0,687520000.0,0.029647224808005586
2010-01-15,4.36,4.42,4.27,4.33,14081515.0,161391664.0,687520000.0,0.020481607807772865
2010-01-18,4.3,4.51,4.24,4.51,20527624.0,239003968.0,687520000.0,0.029857493600186177
2010-01-19,4.51,4.72,4.45,4.59,24859536.0,300138432.0,687520000.0,0.03615827321387014
2010-01-20,4.59,4.63,4.35,4.37,21393948.0,254777952.0,687520000.0,0.031117564579939493
2010-01-21,4.34,4.42,4.31,4.36,10858390.0,125113056.0,687520000.0,0.015793562369094717
2010-01-22,4.28,4.29,4.08,4.19,14308120.0,158168256.0,687520000.0,0.020811205492203864
2010-01-25,4.17,4.23,4.07,4.08,6860070.0,75240432.0,687520000.0,0.009977993367465673
2010-01-26,4.07,4.12,3.92,3.98,6699352.0,71260528.0,687520000.0,0.009744228531533628
2010-01-27,4.01,4.2,3.95,4.11,12986556.0,140771632.0,687520000.0,0.018888986502210846
2010-01-28,4.11,4.22,4.07,4.2,10954607.0,120762448.0,687520000.0,0.015933510297882245
2010-01-29,4.22,4.37,4.18,4.33,12677513.0,143630608.0,687520000.0,0.018439482487782172
2010-02-01,4.36,4.39,4.16,4.16,11682972.0,130864640.0,687520000.0,0.016992919478706073
2010-02-02,4.24,4.5,4.22,4.37,24266108.0,281564256.0,687520000.0,0.0352951303234815
2010-02-03,4.37,4.38,4.12,4.33,16311371.0,182916656.0,687520000.0,0.023724940365371188
2010-02-04,4.3,4.54,4.24,4.53,21518544.0,252874144.0,687520000.0,0.031298789853386084
2010-02-05,4.46,4.65,4.38,4.48,23276020.0,276401536.0,687520000.0,0.03385504421689551
2010-02-08,4.44,4.5,4.36,4.43,8674229.0,101499888.0,687520000.0,0.012616693332557598
2010-02-09,4.43,4.58,4.39,4.5,13952229.0,166083184.0,687520000.0,0.020293560914591575
2010-02-10,4.55,4.58,4.38,4.43,10217439.0,119888776.0,687520000.0,0.014861297125901791
2010-02-11,4.44,4.53,4.24,4.26,15119651.0,174679856.0,687520000.0,0.021991579881312544
2010-02-12,4.24,4.34,4.19,4.29,8631369.0,97322032.0,687520000.0,0.012554353327903188
2010-02-22,4.29,4.36,4.22,4.28,7196205.0,81682072.0,687520000.0,0.010466902781010007
2010-02-23,4.26,4.38,4.17,4.38,9085242.0,102612872.0,687520000.0,0.013214513032348149
2010-02-24,4.33,4.62,4.32,4.58,21265460.0,253883776.0,687520000.0,0.0309306783802653
2010-02-25,4.6,4.72,4.56,4.68,26275268.0,322645696.0,687520000.0,0.03821745985571329
2010-02-26,4.7,4.78,4.62,4.72,20153658.0,251624112.0,687520000.0,0.029313558878287176
2010-03-01,4.71,4.83,4.67,4.79,18513874.0,231944976.0,687520000.0,0.02692848789853386
2010-03-02,4.81,4.84,4.59,4.65,18472566.0,229704096.0,687520000.0,0.02686840528275541
2010-03-03,4.65,4.99,4.62,4.94,30204632.0,385755456.0,687520000.0,0.04393273213870142
2010-03-04,4.92,4.92,4.58,4.61,22707164.0,286138656.0,687520000.0,0.03302764137770538
2010-03-05,4.65,4.68,4.5,4.64,11439176.0,138741888.0,687520000.0,0.016638317430765652
2010-03-08,4.65,4.76,4.57,4.73,12251704.0,151546480.0,687520000.0,0.01782014195950663
2010-03-09,4.73,4.73,4.59,4.62,11621423.0,142219520.0,687520000.0,0.016903396264835932
2010-03-10,4.61,4.67,4.5,4.53,8821811.0,106203520.0,687520000.0,0.01283135181521992
2010-03-11,4.53,4.58,4.39,4.44,9901946.0,116493088.0,687520000.0,0.014402411566208983
2010-03-12,4.47,4.5,4.37,4.38,7022866.0,82297264.0,687520000.0,0.010214780660926228
2010-03-15,4.37,4.45,4.33,4.44,5380590.0,62505456.0,687520000.0,0.007826085059343728
2010-03-16,4.45,4.46,4.35,4.44,4323231.0,50437952.0,687520000.0,0.006288153071910636
2010-03-17,4.45,4.57,4.43,4.56,7675059.0,91575728.0,687520000.0,0.011163397428438445
2010-03-18,4.59,4.61,4.47,4.52,7502681.0,89840640.0,687520000.0,0.010912673085873865
2010-03-19,4.52,4.54,4.42,4.47,6773045.0,79730296.0,687520000.0,0.009851415231556901
2010-03-22,4.48,4.54,4.41,4.47,6304998.0,74258648.0,687520000.0,0.009170639399581104
2010-03-23,4.5,4.59,4.5,4.53,9920239.0,119127848.0,687520000.0,0.01442901879218059
2010-03-24,4.53,4.55,4.46,4.48,6048069.0,71614496.0,687520000.0,0.008796935361880382
2010-03-25,4.46,4.47,4.33,4.33,8444182.0,97654528.0,687520000.0,0.012282089248312776
2010-03-26,4.33,4.39,4.24,4.37,5734081.0,65600856.0,687520000.0,0.008340238829415871
2010-03-30,4.45,4.47,4.29,4.36,9611842.0,110404408.0,687520000.0,0.013980454386781475
2010-03-31,4.36,4.36,4.28,4.3,6127172.0,69711576.0,687520000.0,0.008911990923900395
2010-04-01,4.3,4.35,4.29,4.34,10243793.0,116876528.0,687520000.0,0.01489962910169886
2010-04-02,4.37,4.45,4.35,4.42,13843767.0,160566320.0,687520000.0,0.020135802594833604
2010-04-06,4.42,4.44,4.33,4.39,9962888.0,115025736.0,687520000.0,0.014491051896672097
2010-04-07,4.37,4.37,4.29,4.31,10547319.0,120151512.0,687520000.0,0.015341108622294625
2010-04-08,4.31,4.35,4.28,4.3,8264412.0,94265008.0,687520000.0,0.012020613218524552
2010-04-09,4.31,4.37,4.3,4.35,10030197.0,114716680.0,687520000.0,0.014588953048638584
2010-04-12,4.39,4.54,4.35,4.54,30676980.0,362228512.0,687520000.0,0.04461976378868979
2010-04-13,4.56,4.59,4.34,4.47,17974544.0,212264960.0,687520000.0,0.026144030719106353
2010-04-14,4.47,4.65,4.43,4.64,23442292.0,283417792.0,687520000.0,0.03409688736327671
2010-04-15,4.61,4.64,4.49,4.54,13821544.0,166804480.0,687520000.0,0.02010347917151501
2010-04-16,4.54,4.57,4.45,4.49,11184190.0,133242992.0,687520000.0,0.016267439492669303
2010-04-19,4.43,4.44,4.2,4.21,14556179.0,165798016.0,687520000.0,0.021172008087037467
2010-04-20,4.22,4.26,4.11,4.15,13016860.0,143644800.0,687520000.0,0.018933063765417733
2010-04-21,4.16,4.28,4.09,4.27,10789291.0,119595944.0,687520000.0,0.015693057656504538
2010-04-22,4.24,4.34,4.16,4.28,9125222.0,102840872.0,687520000.0,0.013272664067954387
2010-04-23,4.28,4.37,4.23,4.24,6710626.0,76200424.0,687520000.0,0.009760626599953456
2010-04-26,4.2,4.3,4.19,4.19,5362089.0,59991120.0,687520000.0,0.007799175296718641
2010-04-28,4.02,4.09,3.95,3.98,7384316.0,78192688.0,687520000.0,0.010740510821503374
2010-04-29,3.98,4.07,3.82,3.83,5494625.0,57594208.0,687520000.0,0.007991949325110543
2010-04-30,3.87,3.87,3.45,3.6,8904166.0,85147344.0,687520000.0,0.012951137421456831
2010-05-04,3.52,3.63,3.47,3.6,3016987.0,28475794.0,687520000.0,0.004388217070048871
2010-05-05,3.59,3.77,3.56,3.75,5882359.0,57557196.0,687520000.0,0.008555909646264835
2010-05-06,3.74,3.86,3.66,3.67,7219119.0,72192352.0,687520000.0,0.010500231265999535
2010-05-07,3.63,3.88,3.55,3.8,12049614.0,120860408.0,687520000.0,0.017526201419595065
2010-05-10,3.8,3.98,3.77,3.84,9970733.0,101444056.0,687520000.0,0.014502462473818943
2010-05-11,3.93,3.94,3.59,3.65,5414778.0,53477220.0,687520000.0,0.007875811612753084
2010-05-12,3.6,3.69,3.44,3.5,5267996.0,49221252.0,687520000.0,0.007662316732604142
2010-05-13,3.5,3.58,3.38,3.55,6309586.0,58030692.0,687520000.0,0.009177312659995345
2010-05-14,3.52,3.53,3.44,3.47,4789370.0,43947744.0,687520000.0,0.006966153711892018
2010-05-17,3.43,3.46,3.17,3.18,5040846.0,43909356.0,687520000.0,0.007331926343960903
2010-05-18,3.18,3.2,2.97,3.1,7004640.0,57161288.0,687520000.0,0.010188270886665116
2010-05-19,3.08,3.15,3.06,3.09,4151127.0,34068272.0,687520000.0,0.0060378272632068885
2010-05-20,3.12,3.14,2.99,2.99,4297321.0,34589848.0,687520000.0,0.006250466895508494
2010-05-21,2.93,3.06,2.82,3.04,5505544.0,42970520.0,687520000.0,0.008007831044915058
2010-05-24,3.06,3.19,3.06,3.16,7151572.0,59302944.0,687520000.0,0.010401983942285316
2010-05-26,3.11,3.22,3.02,3.22,8994273.0,73967680.0,687520000.0,0.013082198336048406
2010-05-27,3.16,3.44,3.12,3.38,9659197.0,82942824.0,687520000.0,0.014049332383057948
2010-05-28,3.37,3.59,3.31,3.53,11311388.0,102368304.0,687520000.0,0.016452449383290668
2010-05-31,3.45,3.58,3.35,3.44,16408645.0,151377584.0,687520000.0,0.02386642570397952
2010-06-01,3.45,3.54,3.31,3.5,13037795.0,118109840.0,687520000.0,0.018963513788689785
2010-06-02,3.45,3.78,3.42,3.49,21001912.0,194499072.0,687520000.0,0.03054734698626949
2010-06-03,3.46,3.55,3.33,3.33,12127444.0,109248240.0,687520000.0,0.01763940539911566
2010-06-04,3.3,3.39,3.22,3.38,7723191.0,66822460.0,687520000.0,0.01123340557365604
2010-06-07,3.32,3.44,3.25,3.41,5072742.0,44922684.0,687520000.0,0.007378319176169421
2010-06-08,3.37,3.5,3.31,3.35,8985069.0,80214376.0,687520000.0,0.013068811089131953
2010-06-09,3.31,3.4,3.18,3.33,14713194.0,127069776.0,687520000.0,0.0214003868978357
2010-06-10,3.3,3.6,3.26,3.51,19379512.0,175313376.0,687520000.0,0.02818756108913195
2010-06-11,3.47,3.53,3.35,3.45,20074896.0,181814816.0,687520000.0,0.02919899930183849
2010-06-17,3.46,3.48,3.35,3.43,12172331.0,110219600.0,687520000.0,0.017704693681638354
2010-06-18,3.41,3.42,3.22,3.24,4452807.0,39119056.0,687520000.0,0.006476621771003025
2010-06-21,3.21,3.32,3.14,3.27,4020553.0,34364808.0,687520000.0,0.005847906969979055
2010-06-22,3.22,3.32,3.22,3.25,2975705.0,25773424.0,687520000.0,0.0043281722713521065
2010-06-23,3.22,3.29,3.17,3.21,3043133.0,25921214.0,687520000.0,0.00442624650919246
2010-06-24,3.21,3.23,3.1,3.14,4077432.0,34111292.0,687520000.0,0.005930637654177333
2010-06-25,3.13,3.15,3.04,3.06,3295034.0,26902526.0,687520000.0,0.004792637305096579
2010-06-28,3.07,3.11,2.94,2.97,6568744.0,52181280.0,687520000.0,0.009554258785198977
2010-06-29,2.98,2.99,2.81,2.82,6396368.0,48538380.0,687520000.0,0.009303537351640679
2010-06-30,2.8,2.82,2.73,2.73,3609993.0,26309788.0,687520000.0,0.005250746160111706
2010-07-01,2.72,2.78,2.72,2.73,2304610.0,16665503.0,687520000.0,0.0033520624854549686
2010-07-02,2.73,2.75,2.59,2.75,3954836.0,28057808.0,687520000.0,0.005752321387014196
2010-07-05,2.72,2.72,2.65,2.7,1720442.0,12216308.0,687520000.0,0.0025023882941587155
2010-07-06,2.69,2.77,2.69,2.77,2724635.0,19776126.0,687520000.0,0.003962990167558762
2010-07-07,2.77,2.8,2.73,2.79,2884173.0,21083618.0,687520000.0,0.0041950386897835696
2010-07-08,2.8,2.81,2.64,2.71,7850804.0,55949872.0,687520000.0,0.01141901908308122
2010-07-09,2.7,2.8,2.67,2.79,6810642.0,49608124.0,687520000.0,0.009906100186176402
2010-07-12,2.79,2.85,2.79,2.83,6206998.0,46273908.0,687520000.0,0.009028098091691878
2010-07-13,2.8,2.9,2.78,2.85,8800738.0,66604272.0,687520000.0,0.012800701070514313
2010-07-14,2.85,2.97,2.84,2.94,10799547.0,82844192.0,687520000.0,0.015707975040726088
2010-07-15,2.91,2.99,2.86,2.87,9040203.0,69726880.0,687520000.0,0.013149003665347917
2010-07-16,2.82,2.94,2.81,2.93,7238706.0,55578840.0,687520000.0,0.010528720619036537
2010-07-19,2.88,3.14,2.87,3.08,11827257.0,93852312.0,687520000.0,0.017202782464510125
2010-07-20,3.04,3.1,3.02,3.08,20304048.0,164055536.0,687520000.0,0.029532301605771468
2010-07-21,3.08,3.14,3.03,3.05,9859124.0,80014464.0,687520000.0,0.01434012683267396
2010-07-22,3.03,3.06,2.98,3.05,6926776.0,55366892.0,687520000.0,0.0100750174540377
2010-07-23,3.04,3.06,2.97,3.0,5432045.0,43255308.0,687520000.0,0.00790092651850128
2010-07-26,2.98,3.05,2.98,3.04,5488492.0,43882140.0,687520000.0,0.007983028857342332
2010-07-27,3.03,3.09,3.02,3.07,7981699.0,64640828.0,687520000.0,0.011609406271817547
2010-07-28,3.06,3.15,3.05,3.13,10304818.0,84778096.0,687520000.0,0.014988390155922737
2010-07-29,3.13,3.15,3.09,3.14,9037189.0,74652520.0,687520000.0,0.013144619792878752
2010-07-30,3.14,3.16,3.08,3.11,5526118.0,45450188.0,687520000.0,0.008037755992552943
2010-08-02,3.09,3.2,3.07,3.16,11497342.0,95326384.0,687520000.0,0.01672292006050733
2010-08-03,3.19,3.21,3.08,3.09,9614584.0,80213608.0,687520000.0,0.013984442634396091
2010-08-04,3.1,3.12,3.03,3.08,8382455.0,68142224.0,687520000.0,0.012192307132883407
2010-08-05,3.1,3.31,3.09,3.19,18811572.0,158093152.0,687520000.0,0.027361490574819642
2010-08-06,3.16,3.36,3.15,3.29,18481112.0,160321808.0,687520000.0,0.026880835466604608
2010-08-09,3.36,3.52,3.35,3.45,20164370.0,182880400.0,687520000.0,0.029329139515941353
2010-08-10,3.44,3.46,3.27,3.29,14791682.0,130662344.0,687520000.0,0.02151454794042355
2010-08-11,3.29,3.36,3.25,3.31,10028521.0,87434728.0,687520000.0,0.014586515301373051
2010-08-12,3.25,3.3,3.16,3.19,8613776.0,73343448.0,687520000.0,0.012528764254130789
2010-08-13,3.21,3.24,3.15,3.22,6304400.0,53212304.0,687520000.0,0.009169769606702351
2010-08-16,3.24,3.33,3.22,3.29,7527449.0,65287032.0,687520000.0,0.010948698219688155
2010-08-17,3.35,3.37,3.25,3.28,7711654.0,66948392.0,687520000.0,0.011216624970909937
2010-08-18,3.28,3.33,3.2,3.25,9177696.0,78573336.0,687520000.0,0.013348987665813359
2010-08-19,3.25,3.3,3.19,3.29,8743937.0,75262456.0,687520000.0,0.01271808383756109
2010-08-20,3.28,3.32,3.23,3.23,8952455.0,77466024.0,687520000.0,0.013021373923667675
2010-08-23,3.2,3.23,3.15,3.19,6466795.0,54341624.0,687520000.0,0.009405973644403072
2010-08-24,3.21,3.33,3.15,3.3,11396372.0,98756256.0,687520000.0,0.016576058878287177
2010-08-25,3.27,3.32,3.18,3.18,6910649.0,59304120.0,687520000.0,0.010051560681871073
2010-08-26,3.18,3.21,3.12,3.16,6010721.0,50174356.0,687520000.0,0.00874261257854317
2010-08-27,3.14,3.22,3.13,3.18,4411731.0,37074992.0,687520000.0,0.006416876599953456
2010-08-30,3.2,3.35,3.2,3.33,13605181.0,118935728.0,687520000.0,0.01978877850826158
2010-08-31,3.31,3.53,3.29,3.48,24322694.0,221831216.0,687520000.0,0.03537743483825925
2010-09-01,3.44,3.5,3.36,3.42,9847749.0,88944904.0,687520000.0,0.014323581859436817
2010-09-02,3.45,3.65,3.43,3.55,16694134.0,156923568.0,687520000.0,0.02428167035140796
2010-09-03,3.55,3.7,3.51,3.59,15722285.0,150070224.0,687520000.0,0.022868112927623925
2010-09-06,3.63,3.68,3.51,3.53,8819635.0,83317368.0,687520000.0,0.012828186816383523
2010-09-07,3.52,3.59,3.41,3.55,8443817.0,77762528.0,687520000.0,0.012281558354666046
2010-09-08,3.56,3.6,3.47,3.56,7055447.0,66042352.0,687520000.0,0.010262169827786828
2010-09-09,3.58,3.66,3.52,3.56,14122251.0,134564128.0,687520000.0,0.020540858447754246
2010-09-10,3.55,3.71,3.55,3.7,13782653.0,132232000.0,687520000.0,0.020046912089830116
2010-09-13,3.73,3.89,3.73,3.77,16766521.0,168342880.0,687520000.0,0.024386957470328135
2010-09-14,3.8,3.98,3.78,3.88,16700111.0,171675104.0,687520000.0,0.02429036391668606
2010-09-15,3.82,3.86,3.69,3.7,10407442.0,103448400.0,687520000.0,0.015137657086339306
2010-09-16,3.69,3.69,3.49,3.55,7123567.0,67096104.0,687520000.0,0.010361250581801257
2010-09-17,3.58,3.63,3.47,3.62,7469804.0,70305144.0,687520000.0,0.010864853386083314
2010-09-20,3.61,3.66,3.56,3.6,5363904.0,51346280.0,687520000.0,0.007801815219920875
2010-09-21,3.58,3.61,3.51,3.56,4283594.0,40130320.0,687520000.0,0.00623050093088201
2010-09-27,3.56,3.69,3.55,3.69,4844338.0,46325004.0,687520000.0,0.0070461048405864556
2010-09-28,3.67,3.74,3.63,3.65,4707854.0,45837784.0,687520000.0,0.006847588433791017
2010-09-29,3.63,3.73,3.6,3.7,4841861.0,46938064.0,687520000.0,0.007042502036304399
2010-09-30,3.69,3.75,3.66,3.72,4763756.0,46863148.0,687520000.0,0.006928898068419828
2010-10-08,3.75,3.84,3.75,3.82,7643838.0,76842168.0,687520000.0,0.011117986385850593
2010-10-11,3.82,4.01,3.82,3.88,13837840.0,143759936.0,687520000.0,0.02012718175471259
2010-10-12,3.88,3.88,3.79,3.83,7679768.0,77616208.0,687520000.0,0.011170246683732838
2010-10-13,3.84,3.84,3.67,3.72,11523966.0,113444848.0,687520000.0,0.016761644752152666
2010-10-14,3.71,3.78,3.63,3.64,11540290.0,112916096.0,687520000.0,0.016785388061438214
2010-10-15,3.61,3.64,3.54,3.56,8045640.0,76071384.0,687520000.0,0.0117024086572027
2010-10-18,3.56,3.58,3.21,3.38,9676150.0,86440744.0,687520000.0,0.014073990574819641
2010-10-19,3.36,3.48,3.34,3.46,5381497.0,48930964.0,687520000.0,0.007827404293693274
2010-10-20,3.43,3.53,3.39,3.44,8465834.0,77352776.0,687520000.0,0.012313582150337444
2010-10-21,3.47,3.5,3.39,3.43,8073070.0,73158768.0,687520000.0,0.011742305678380265
2010-10-22,3.44,3.59,3.44,3.53,8482027.0,78677912.0,687520000.0,0.012337134919711426
2010-10-25,3.52,3.66,3.5,3.62,9352517.0,88788384.0,687520000.0,0.013603265359553177
2010-10-26,3.63,3.66,3.52,3.62,9177749.0,87000536.0,687520000.0,0.01334906475447987
2010-10-27,3.6,3.63,3.53,3.53,5801773.0,54886616.0,687520000.0,0.008438697056085642
2010-10-28,3.51,3.54,3.46,3.49,6697557.0,61831160.0,687520000.0,0.009741617698394229
2010-10-29,3.49,3.57,3.47,3.56,7567703.0,70401312.0,687520000.0,0.011007247789155225
2010-11-01,3.71,3.92,3.71,3.92,30517224.0,312560608.0,687520000.0,0.04438739818478008
2010-11-02,4.19,4.29,3.9,3.93,43982436.0,470996704.0,687520000.0,0.0639725913427973
2010-11-03,3.88,4.08,3.84,3.89,20791392.0,217960640.0,687520000.0,0.030241144984873167
2010-11-04,3.89,4.03,3.88,3.98,14907960.0,155939968.0,687520000.0,0.02168367465673726
2010-11-05,4.03,4.03,3.94,3.97,14822198.0,155898048.0,687520000.0,0.021558933558296484
2010-11-08,4.0,4.2,3.97,4.15,21188006.0,229465008.0,687520000.0,0.030818021293925996
2010-11-09,4.2,4.2,4.05,4.11,14696581.0,159121120.0,687520000.0,0.02137622323714219
2010-11-10,4.11,4.2,4.07,4.16,15423259.0,169296720.0,687520000.0,0.02243317867116593
2010-11-11,4.14,4.15,4.02,4.03,18482724.0,199184304.0,687520000.0,0.026883180125669072
2010-11-12,3.98,4.05,3.66,3.68,14470749.0,147439104.0,687520000.0,0.02104774988363975
2010-11-15,3.7,3.82,3.67,3.82,7718761.0,76194144.0,687520000.0,0.011226962124738189
2010-11-16,3.82,3.85,3.64,3.69,7705747.0,76389952.0,687520000.0,0.011208033220851756
2010-11-17,3.62,3.78,3.55,3.58,7381035.0,71526248.0,687520000.0,0.010735738596695368
2010-11-18,3.59,3.65,3.5,3.59,5309991.0,50161576.0,687520000.0,0.007723398592040959
2010-11-19,3.62,3.63,3.53,3.61,6106650.0,57886484.0,687520000.0,0.008882141610425878
2010-11-22,3.59,3.7,3.55,3.67,8355468.0,80356888.0,687520000.0,0.012153054456597626
2010-11-23,3.64,3.71,3.51,3.68,8100985.0,77338280.0,687520000.0,0.01178290813358157
2010-11-24,3.61,3.78,3.61,3.78,10231694.0,100898440.0,687520000.0,0.014882031068187107
2010-11-25,3.78,3.84,3.73,3.78,10435341.0,104269416.0,687520000.0,0.015178236269490343
2010-11-26,3.78,3.88,3.71,3.85,9865345.0,99309440.0,687520000.0,0.014349175296718641
2010-11-29,3.82,3.94,3.8,3.86,9827309.0,100651760.0,687520000.0,0.01429385181521992
2010-11-30,3.83,3.88,3.57,3.68,9220877.0,90232880.0,687520000.0,0.013411794565976262
2010-12-01,3.66,3.73,3.65,3.68,4188846.0,40787432.0,687520000.0,0.006092689667209681
2010-12-02,3.72,3.82,3.71,3.78,9421245.0,93682544.0,687520000.0,0.013703230451477776
2010-12-03,3.84,3.86,3.71,3.8,8480406.0,85110456.0,687520000.0,0.012334777170118688
2010-12-06,3.81,3.83,3.64,3.66,5677331.0,55673032.0,687520000.0,0.008257695776122877
2010-12-07,3.61,3.67,3.56,3.67,3539708.0,33876516.0,687520000.0,0.005148516406795439
2010-12-08,3.66,3.71,3.58,3.61,4296433.0,41304208.0,687520000.0,0.006249175296718641
2010-12-09,3.63,3.63,3.48,3.48,4300594.0,40312944.0,687520000.0,0.006255227484291366
2010-12-10,3.48,3.51,3.44,3.5,3749699.0,34448008.0,687520000.0,0.005453948976029788
2010-12-13,3.52,3.65,3.52,3.64,5264078.0,50031420.0,687520000.0,0.007656617989294857
2010-12-14,3.64,3.74,3.61,3.73,5759939.0,56005124.0,687520000.0,0.008377849371654643
2010-12-15,3.71,3.82,3.69,3.71,10165973.0,101092536.0,687520000.0,0.014786439667209682
2010-12-16,3.71,3.74,3.67,3.69,4588296.0,44797812.0,687520000.0,0.006673690947172446
2010-12-17,3.67,3.77,3.65,3.76,4273633.0,41784408.0,687520000.0,0.00621601262508727
2010-12-20,3.81,3.82,3.65,3.77,8263682.0,81908368.0,687520000.0,0.01201955143123109
2010-12-21,3.78,3.79,3.71,3.78,5379094.0,53473536.0,687520000.0,0.007823909122643705
2010-12-22,3.78,3.78,3.71,3.75,4383503.0,43216120.0,687520000.0,0.006375818885268792
2010-12-23,3.76,3.76,3.61,3.61,6048272.0,58292528.0,687520000.0,0.008797230626018152
2010-12-24,3.59,3.59,3.53,3.56,2739504.0,25748596.0,687520000.0,0.003984617174773097
2010-12-27,3.57,3.62,3.45,3.47,3158728.0,29573328.0,687520000.0,0.004594379799860368
2010-12-28,3.46,3.48,3.39,3.4,3240345.0,29289324.0,687520000.0,0.004713091982778683
2010-12-29,3.4,3.43,3.37,3.42,2056210.0,18491216.0,687520000.0,0.002990763905050035
2010-12-30,3.42,3.46,3.37,3.42,2661006.0,24004756.0,687520000.0,0.0038704415871538282
2010-12-31,3.42,3.49,3.42,3.47,2834138.0,25929512.0,687520000.0,0.00412226262508727
2011-01-04,3.48,3.55,3.43,3.55,4845445.0,44768096.0,687520000.0,0.007047714975564347
2011-01-05,3.52,3.6,3.49,3.51,4549658.0,42439296.0,687520000.0,0.006617491854782406
2011-01-06,3.52,3.52,3.44,3.47,3416148.0,31312508.0,687520000.0,0.004968797998603677
2011-01-07,3.47,3.51,3.45,3.47,2471486.0,22707960.0,687520000.0,0.0035947841517337677
2011-01-10,3.47,3.47,3.38,3.38,2777053.0,25087160.0,687520000.0,0.0040392323132417965
2011-01-11,3.36,3.39,3.33,3.37,2148000.0,19032580.0,687520000.0,0.003124272748429137
2011-01-12,3.37,3.58,3.36,3.56,5492274.0,50171504.0,687520000.0,0.007988529788224343
2011-01-13,3.6,3.6,3.52,3.58,7963734.0,74906952.0,687520000.0,0.011583276122876426
2011-01-14,3.56,3.72,3.46,3.67,11612694.0,110573824.0,687520000.0,0.016890699906911798
2011-01-17,3.67,3.67,3.52,3.64,8319098.0,79142464.0,687520000.0,0.012100154177333023
2011-01-18,3.63,3.95,3.58,3.67,16755394.0,163732112.0,687520000.0,0.024370773213870142
2011-01-19,3.64,3.7,3.53,3.63,11348817.0,108059920.0,687520000.0,0.01650688998138236
2011-01-20,3.59,3.59,3.34,3.35,8296246.0,76086800.0,687520000.0,0.012066915871538282
2011-01-21,3.34,3.39,3.27,3.38,3999294.0,35451452.0,687520000.0,0.005816985687689086
2011-01-24,3.37,3.4,3.27,3.32,2710232.0,23813412.0,687520000.0,0.003942040958808471
2011-01-25,3.33,3.36,3.19,3.24,2960092.0,25376816.0,687520000.0,0.004305463113800326
2011-01-26,3.22,3.28,3.22,3.28,1425938.0,12267632.0,687520000.0,0.00207403130090761
2011-01-27,3.26,3.33,3.23,3.33,2465675.0,21466456.0,687520000.0,0.0035863320339771933
2011-01-28,3.32,3.36,3.31,3.34,2919558.0,25735728.0,687520000.0,0.004246506283453572
2011-01-31,3.34,3.41,3.31,3.4,3592205.0,32069858.0,687520000.0,0.00522487345822667
2011-02-01,3.4,3.43,3.37,3.39,1644433.0,14768742.0,687520000.0,0.0023918329648592042
2011-02-09,3.36,3.51,3.33,3.46,5472812.0,50137508.0,687520000.0,0.007960222248080056
2011-02-10,3.48,3.58,3.47,3.55,6590618.0,61656748.0,687520000.0,0.009586074586921107
2011-02-11,3.55,3.55,3.5,3.51,4743888.0,44089816.0,687520000.0,0.0069
2011-02-14,3.51,3.57,3.49,3.56,5121588.0,47823724.0,687520000.0,0.007449365836630207
2011-02-15,3.56,3.63,3.52,3.6,6829966.0,64747672.0,687520000.0,0.009934207004887131
2011-02-16,3.59,3.6,3.54,3.6,4290475.0,40535672.0,687520000.0,0.006240509367000233
2011-02-17,3.6,3.63,3.53,3.57,4544648.0,42871056.0,687520000.0,0.006610204794042355
2011-02-18,3.62,3.65,3.57,3.58,5985904.0,57067032.0,687520000.0,0.008706516174074936
2011-02-21,3.55,3.65,3.52,3.63,7295715.0,69490688.0,687520000.0,0.01061164038864324
2011-02-22,3.64,3.7,3.57,3.62,12006444.0,115561016.0,687520000.0,0.017463410518966722
2011-02-23,3.58,3.62,3.5,3.56,6793877.0,63641980.0,687520000.0,0.009881715441005353
2011-02-24,3.56,3.59,3.51,3.59,5225964.0,49081852.0,687520000.0,0.007601181056551082
2011-02-25,3.58,3.67,3.54,3.67,9438893.0,90814944.0,687520000.0,0.01372889952292297
2011-02-28,3.71,3.71,3.64,3.68,8067960.0,78406744.0,687520000.0,0.011734873167326042
2011-03-01,3.67,3.75,3.65,3.73,10271948.0,100266064.0,687520000.0,0.014940580637654178
2011-03-02,3.69,3.72,3.61,3.69,7109173.0,68950032.0,687520000.0,0.01034031446357924
2011-03-03,3.71,3.78,3.66,3.67,10138228.0,99807008.0,687520000.0,0.014746084477542472
2011-03-04,3.69,3.69,3.6,3.68,5693227.0,54973964.0,687520000.0,0.008280816558063765
2011-03-07,3.69,3.75,3.67,3.72,8172929.0,80057688.0,687520000.0,0.01188755090760996
2011-03-08,3.72,3.74,3.69,3.73,5894781.0,57743696.0,687520000.0,0.008573977484291366
2011-03-09,3.73,3.83,3.71,3.77,11151729.0,111570464.0,687520000.0,0.016220224866185712
2011-03-10,3.75,3.92,3.41,3.84,20978542.0,211489136.0,687520000.0,0.030513355247847335
2011-03-11,3.77,3.87,3.74,3.75,12648049.0,126750160.0,687520000.0,0.018396627007214335
2011-03-14,3.72,3.78,3.69,3.77,7016083.0,69377984.0,687520000.0,0.010204914766115895
2011-03-15,3.75,3.75,3.6,3.67,8821138.0,85339664.0,687520000.0,0.012830372934605538
2011-03-16,3.65,3.74,3.63,3.7,6934267.0,67680680.0,687520000.0,0.010085913137072376
2011-03-17,3.66,3.8,3.61,3.73,12978757.0,128031560.0,687520000.0,0.018877642832208517
2011-03-18,3.74,3.83,3.69,3.79,13567191.0,135060640.0,687520000.0,0.01973352193390738
2011-03-21,3.77,3.78,3.69,3.71,7582287.0,74644832.0,687520000.0,0.011028460262974169
2011-03-22,3.7,3.74,3.64,3.7,4424150.0,43008864.0,687520000.0,0.006434940074470561
2011-03-23,3.7,3.75,3.67,3.74,5597315.0,54885440.0,687520000.0,0.008141312252734467
2011-03-24,3.74,3.78,3.71,3.74,6964335.0,69068384.0,687520000.0,0.010129647137537817
2011-03-25,3.74,3.8,3.71,3.77,9652133.0,96176736.0,687520000.0,0.01403905777286479
2011-03-28,3.78,3.86,3.75,3.83,12901473.0,129988360.0,687520000.0,0.018765233011403305
2011-03-29,3.82,3.92,3.79,3.86,16437294.0,168223904.0,687520000.0,0.02390809576448685
2011-03-30,3.86,3.91,3.76,3.76,10980610.0,111553936.0,687520000.0,0.015971331743076564
2011-03-31,3.74,3.75,3.6,3.63,9860760.0,95545528.0,687520000.0,0.014342506399813824
2011-04-01,3.64,3.67,3.6,3.67,4572434.0,44041928.0,687520000.0,0.006650619618338375
2011-04-06,3.66,3.71,3.62,3.65,6593006.0,63739592.0,687520000.0,0.009589547940423552
2011-04-07,3.63,3.68,3.6,3.67,5353580.0,51466440.0,687520000.0,0.007786798929485687
2011-04-08,3.66,3.69,3.61,3.68,5251661.0,50852912.0,687520000.0,0.0076385574237840355
2011-04-11,3.67,3.69,3.55,3.56,8541175.0,81581520.0,687520000.0,0.012423165871538282
2011-04-12,3.55,3.58,3.54,3.58,4859186.0,45729532.0,687520000.0,0.007067701303234815
2011-04-13,3.58,3.61,3.53,3.61,4105636.0,38833352.0,687520000.0,0.005971660460786596
2011-04-14,3.62,3.68,3.6,3.61,6619741.0,63600052.0,687520000.0,0.009628434081917617
2011-04-15,3.62,3.64,3.55,3.61,5955092.0,56575036.0,687520000.0,0.00866170002327205
2011-04-18,3.58,3.63,3.57,3.61,8338261.0,79368584.0,687520000.0,0.012128026821037934
2011-04-19,3.57,3.58,3.41,3.44,14585217.0,133562528.0,687520000.0,0.02121424394926693
2011-04-20,3.44,3.46,3.4,3.44,8234582.0,74483128.0,687520000.0,0.011977225389806842
2011-04-21,3.46,3.47,3.42,3.46,6545166.0,59669272.0,687520000.0,0.009519964510123342
2011-04-22,3.47,3.47,3.4,3.41,6455091.0,58523112.0,687520000.0,0.009388950139632302
2011-04-25,3.42,3.42,3.29,3.31,6407277.0,56398508.0,687520000.0,0.009319404526413777
2011-04-26,3.27,3.29,3.22,3.24,4873575.0,41910884.0,687520000.0,0.007088630148941122
2011-04-27,3.24,3.27,3.19,3.22,4024847.0,34360968.0,687520000.0,0.00585415260646963
2011-04-28,3.22,3.25,3.1,3.1,3634946.0,30612942.0,687520000.0,0.005287040377007214
2011-04-29,3.1,3.15,3.09,3.15,2903055.0,23905856.0,687520000.0,0.004222502618105655
2011-05-03,3.16,3.2,3.12,3.2,2239148.0,18692412.0,687520000.0,0.0032568478007912495
2011-05-04,3.2,3.2,3.09,3.1,2855866.0,23638582.0,687520000.0,0.00415386606935071
2011-05-05,3.11,3.15,3.11,3.13,1807251.0,14942299.0,687520000.0,0.002628652257388876
2011-05-06,3.14,3.16,3.1,3.16,2305397.0,19089194.0,687520000.0,0.0033532071794275075
2011-05-09,3.17,3.23,3.17,3.18,4011350.0,33830656.0,687520000.0,0.005834521177565744
2011-05-11,3.2,3.23,3.15,3.19,3707200.0,31277084.0,687520000.0,0.005392134047009542
2011-05-12,3.18,3.18,3.11,3.13,2828163.0,23533648.0,687520000.0,0.004113571968815452
2011-05-13,3.12,3.19,3.11,3.17,3359215.0,27941032.0,687520000.0,0.004885988771235746
2011-05-16,3.16,3.21,3.15,3.19,2530699.0,21337664.0,687520000.0,0.003680909646264836
2011-05-17,3.19,3.21,3.16,3.19,3067418.0,25821686.0,687520000.0,0.004461569117989295
2011-05-18,3.2,3.21,3.16,3.2,5449172.0,45985324.0,687520000.0,0.007925837793809634
2011-05-19,3.2,3.22,3.19,3.21,3224732.0,27340988.0,687520000.0,0.004690382825226902
2011-05-20,3.21,3.22,3.16,3.22,2616275.0,22100320.0,687520000.0,0.0038053802071212474
2011-05-23,3.22,3.22,3.03,3.07,3758430.0,31247596.0,687520000.0,0.005466648242960205
2011-05-24,3.05,3.21,3.03,3.2,6518774.0,53702888.0,687520000.0,0.009481577263206888
2011-05-25,3.2,3.26,3.17,3.23,10035252.0,85535432.0,687520000.0,0.014596305562020014
2011-05-26,3.24,3.33,3.15,3.17,14606528.0,123505520.0,687520000.0,0.02124524086572027
2011-05-27,3.16,3.19,2.99,3.0,6266908.0,50867364.0,687520000.0,0.00911523737491273
2011-05-30,3.0,3.02,2.83,2.84,4128756.0,31709126.0,687520000.0,0.0060052885734233185
2011-05-31,2.84,2.9,2.84,2.89,2234370.0,16899404.0,687520000.0,0.003249898184780079
2011-06-01,2.91,2.96,2.89,2.92,2437174.0,18874882.0,687520000.0,0.003544877239934838
2011-06-02,2.9,2.9,2.79,2.82,3099517.0,23205980.0,687520000.0,0.004508257214335583
2011-06-03,2.85,2.87,2.82,2.86,2205704.0,16613534.0,687520000.0,0.003208203397719339
2011-06-07,2.86,2.9,2.84,2.9,2230375.0,16956204.0,687520000.0,0.0032440874447288806
2011-06-08,2.9,2.9,2.84,2.89,1805764.0,13696656.0,687520000.0,0.002626489411217128
2011-06-09,2.89,2.9,2.82,2.82,2126436.0,16074550.0,687520000.0,0.00309290784268094
2011-06-10,2.86,2.87,2.8,2.86,2593599.0,19417602.0,687520000.0,0.0037723978938794507
2011-06-13,2.85,2.85,2.81,2.85,1354838.0,10131287.0,687520000.0,0.0019706161275308354
2011-06-14,2.84,2.88,2.83,2.88,1792087.0,13593938.0,687520000.0,0.002606596171747731
2011-06-15,2.88,2.9,2.85,2.85,2048894.0,15525821.0,687520000.0,0.002980122760065162
2011-06-16,2.84,2.87,2.8,2.83,2094556.0,15687103.0,687520000.0,0.0030465382825226902
2011-06-17,2.83,2.86,2.8,2.84,3004584.0,22584280.0,687520000.0,0.004370176867582034
2011-06-20,2.85,2.85,2.79,2.81,2034442.0,15123252.0,687520000.0,0.0029591022806609263
2011-06-21,2.83,2.84,2.8,2.83,1728848.0,12903434.0,687520000.0,0.002514614847568071
2011-06-22,2.85,2.85,2.82,2.83,1899515.0,14206367.0,687520000.0,0.002762850535257156
2011-06-23,2.83,2.88,2.81,2.86,2222057.0,16712199.0,687520000.0,0.003231988887595997
2011-06-24,2.87,3.0,2.85,2.95,6705413.0,51777704.0,687520000.0,0.009753044275075635
2011-06-27,2.95,2.99,2.93,2.97,4688616.0,36667760.0,687520000.0,0.006819606702350477
2011-06-28,2.99,2.99,2.92,2.94,3145255.0,24495676.0,687520000.0,0.0045747832790318825
2011-06-29,2.94,2.96,2.9,2.9,2295352.0,17783272.0,687520000.0,0.003338596695368862
2011-06-30,2.9,3.0,2.9,2.94,3150842.0,24575492.0,687520000.0,0.00458290958808471
2011-07-01,2.95,2.99,2.92,2.96,3864938.0,30114610.0,687520000.0,0.005621564463579242
2011-07-04,2.96,3.03,2.96,3.02,4283339.0,33982628.0,687520000.0,0.006230130032580871
2011-07-05,3.03,3.04,2.99,3.02,3661311.0,29166740.0,687520000.0,0.005325388352338841
2011-07-06,3.03,3.03,2.98,3.03,3370640.0,26782040.0,687520000.0,0.004902606469629974
2011-07-07,3.02,3.05,2.99,3.01,4055589.0,32407512.0,687520000.0,0.005898866942052595
2011-07-08,3.04,3.04,3.0,3.02,1977852.0,15790130.0,687520000.0,0.0028767919478706076
2011-07-11,3.0,3.05,3.0,3.04,2567920.0,20570766.0,687520000.0,0.0037350477077030485
2011-07-12,3.02,3.03,2.99,2.99,3074543.0,24383082.0,687520000.0,0.004471932452874098
2011-07-13,3.01,3.03,2.98,3.02,2437051.0,19381558.0,687520000.0,0.003544698336048406
2011-07-14,3.04,3.09,3.02,3.05,3702516.0,29817684.0,687520000.0,0.0053853211542936935
2011-07-15,3.05,3.07,3.03,3.07,3114724.0,25142036.0,687520000.0,0.0045303758436118224
2011-07-18,3.08,3.1,3.05,3.06,2966788.0,24075792.0,687520000.0,0.004315202466837328
2011-07-19,3.05,3.07,3.01,3.02,2641570.0,21165080.0,687520000.0,0.0038421718640912267
2011-07-20,3.05,3.06,3.02,3.05,1821595.0,14603165.0,687520000.0,0.002649515650453805
2011-07-21,3.05,3.07,3.0,3.0,2560370.0,20533156.0,687520000.0,0.0037240662089830113
2011-07-22,3.0,3.02,2.99,3.01,1651022.0,13119720.0,687520000.0,0.002401416686060042
2011-07-25,3.02,3.02,2.86,2.88,2560904.0,19856746.0,687520000.0,0.0037248429136606935
2011-07-26,2.87,2.93,2.84,2.91,1604202.0,12266729.0,687520000.0,0.002333316848964394
2011-07-27,2.9,2.94,2.86,2.93,1237925.0,9528129.0,687520000.0,0.0018005658017221317
2011-07-28,2.91,2.91,2.87,2.89,1438860.0,10986849.0,687520000.0,0.0020928263905050037
2011-07-29,2.88,2.92,2.88,2.89,1539790.0,11760315.0,687520000.0,0.002239629392599488
2011-08-01,2.9,2.91,2.87,2.88,1633672.0,12475987.0,687520000.0,0.002376181056551082
2011-08-02,2.87,2.87,2.79,2.86,2641717.0,19751176.0,687520000.0,0.00384238567605306
2011-08-03,2.8,2.88,2.8,2.86,1281395.0,9631288.0,687520000.0,0.001863793053292995
2011-08-04,2.86,2.88,2.83,2.84,1585191.0,11957816.0,687520000.0,0.0023056652897370257
2011-08-05,2.79,2.79,2.71,2.76,2256546.0,16439928.0,687520000.0,0.0032821532464510123
2011-08-08,2.69,2.75,2.53,2.57,3142092.0,21874120.0,687520000.0,0.004570182685594601
2011-08-09,2.52,2.72,2.5,2.7,4407216.0,30514718.0,687520000.0,0.0064103095182685595
2011-08-10,2.75,2.95,2.71,2.89,9982438.0,75174552.0,687520000.0,0.014519487433092856
2011-08-11,2.83,2.93,2.8,2.91,4571029.0,34802088.0,687520000.0,0.006648576041424249
2011-08-12,2.95,2.95,2.89,2.92,3526030.0,27081806.0,687520000.0,0.0051286217128228995
2011-08-15,2.91,3.21,2.91,3.21,34305684.0,289199040.0,687520000.0,0.04989772515708634
2011-08-16,3.18,3.25,3.16,3.22,33752704.0,286648960.0,687520000.0,0.04909341400977426
2011-08-17,3.21,3.27,3.18,3.22,25893540.0,220647920.0,687520000.0,0.037662235280428204
2011-08-18,3.23,3.25,3.18,3.18,19185148.0,163192208.0,687520000.0,0.027904858040493367
2011-08-19,3.14,3.23,3.07,3.21,13392865.0,112492416.0,687520000.0,0.019479964219222712
2011-08-22,3.19,3.27,3.18,3.21,18997188.0,161709776.0,687520000.0,0.0276314696299744
2011-08-23,3.21,3.24,3.14,3.21,22301072.0,189571120.0,687520000.0,0.03243697928787526
2011-08-24,3.23,3.27,3.19,3.24,23837620.0,203675968.0,687520000.0,0.03467189318128927
2011-08-25,3.24,3.32,3.22,3.24,36041768.0,310823808.0,687520000.0,0.052422864789387943
2011-08-26,3.26,3.28,3.19,3.24,25751992.0,220889200.0,687520000.0,0.03745635326972306
2011-08-29,3.2,3.25,3.18,3.22,18955200.0,161682720.0,687520000.0,0.027570397952059577
2011-08-30,3.22,3.27,3.22,3.22,26135664.0,223932160.0,687520000.0,0.038014405399115665
2011-08-31,3.25,3.52,3.2,3.4,45608832.0,400148448.0,687520000.0,0.06633818943448917
2011-09-01,3.35,3.41,3.12,3.16,30653014.0,264559648.0,687520000.0,0.04458490516639516
2011-09-02,3.1,3.11,2.94,3.02,19086738.0,152580496.0,687520000.0,0.027761720386316035
2011-09-05,2.96,2.97,2.88,2.89,8431425.0,65006228.0,687520000.0,0.012263534151733767
2011-09-06,2.83,2.92,2.82,2.85,6713480.0,50706372.0,687520000.0,0.009764777751919944
2011-09-07,2.86,2.93,2.85,2.91,7013983.0,53643280.0,687520000.0,0.010201860309518269
2011-09-08,2.92,2.93,2.79,2.8,8182215.0,61924192.0,687520000.0,0.011901057423784035
2011-09-09,2.77,2.82,2.76,2.8,5723015.0,42202364.0,687520000.0,0.008324143297649522
2011-09-13,2.75,2.77,2.71,2.74,3869732.0,28053576.0,687520000.0,0.0056285373516406795
2011-09-14,2.76,2.86,2.74,2.85,5605496.0,41399160.0,687520000.0,0.008153211542936932
2011-09-15,2.85,2.88,2.8,2.8,5085122.0,38132048.0,687520000.0,0.007396325925063998
2011-09-16,2.81,2.85,2.77,2.77,3690908.0,27312586.0,687520000.0,0.005368437281824528
2011-09-19,2.76,2.76,2.66,2.66,4352772.0,31037510.0,687520000.0,0.006331120549220386
2011-09-20,2.65,2.71,2.64,2.69,2807737.0,19868728.0,687520000.0,0.0040838622876425415
2011-09-21,2.68,2.79,2.65,2.77,4858631.0,35233896.0,687520000.0,0.007066894053991157
2011-09-22,2.74,2.81,2.68,2.68,5494448.0,39829420.0,687520000.0,0.007991691878054456
2011-09-23,2.61,2.66,2.58,2.64,4472619.0,31060632.0,687520000.0,0.0065054383872469165
2011-09-26,2.63,2.65,2.55,2.56,4234145.0,29084664.0,687520000.0,0.006158577205026763
2011-09-27,2.57,2.62,2.57,2.59,3396613.0,23301142.0,687520000.0,0.004940384279730045
2011-09-28,2.61,2.64,2.49,2.5,4942901.0,33250368.0,687520000.0,0.007189465033744473
2011-09-29,2.5,2.55,2.49,2.5,4348302.0,28890332.0,687520000.0,0.006324618920176868
2011-09-30,2.53,2.53,2.38,2.43,3807376.0,24616268.0,687520000.0,0.005537840353735164
2011-10-10,2.46,2.48,2.41,2.42,1867491.0,12007861.0,687520000.0,0.0027162715266464974
2011-10-11,2.5,2.51,2.4,2.42,2816558.0,18201704.0,687520000.0,0.004096692459855713
2011-10-12,2.42,2.51,2.4,2.51,4055354.0,26526556.0,687520000.0,0.0058985251338142895
2011-10-13,2.55,2.57,2.52,2.55,5424887.0,36483260.0,687520000.0,0.0078905151850128
2011-10-14,2.55,2.56,2.51,2.54,3733843.0,24970484.0,687520000.0,0.005430886374214568
2011-10-17,2.55,2.58,2.52,2.55,3371828.0,22696300.0,687520000.0,0.004904334419362346
2011-10-18,2.55,2.55,2.41,2.43,4260266.0,27907494.0,687520000.0,0.006196570281591808
2011-10-19,2.45,2.46,2.36,2.38,3425551.0,21705536.0,687520000.0,0.004982474691645334
2011-10-20,2.39,2.39,2.32,2.33,2725531.0,16868844.0,687520000.0,0.003964293402373749
2011-10-21,2.33,2.36,2.29,2.3,2274136.0,13943766.0,687520000.0,0.0033077379567139865
2011-10-24,2.3,2.34,2.24,2.32,3758887.0,22828056.0,687520000.0,0.005467312950895974
2011-10-25,2.33,2.38,2.29,2.38,3918214.0,24277478.0,687520000.0,0.005699054572957878
2011-10-26,2.34,2.41,2.34,2.38,4921843.0,30936252.0,687520000.0,0.00715883610658599
2011-10-27,2.38,2.41,2.36,2.38,3081949.0,19434812.0,687520000.0,0.004482704503141727
2011-10-28,2.41,2.44,2.4,2.44,5914629.0,37843316.0,687520000.0,0.00860284646264836
2011-10-31,2.46,2.49,2.43,2.48,5321905.0,34539128.0,687520000.0,0.0077407275424714915
2011-11-01,2.45,2.48,2.42,2.44,4172293.0,26951648.0,687520000.0,0.006068613276704678
2011-11-02,2.41,2.47,2.36,2.46,4969474.0,31552152.0,687520000.0,0.007228115545729579
2011-11-03,2.47,2.56,2.44,2.49,8015720.0,53126908.0,687520000.0,0.011658889923202234
2011-11-04,2.5,2.55,2.47,2.53,6773191.0,45080252.0,687520000.0,0.009851627589015591
2011-11-07,2.52,2.54,2.48,2.49,4641942.0,30748908.0,687520000.0,0.006751719222713521
2011-11-08,2.51,2.51,2.44,2.45,4549792.0,29695552.0,687520000.0,0.006617686758203398
2011-11-09,2.46,2.49,2.43,2.49,3121928.0,20324024.0,687520000.0,0.004540854084244822
2011-11-10,2.46,2.46,2.41,2.41,3750271.0,24211376.0,687520000.0,0.005454780951826856
2011-11-11,2.41,2.44,2.4,2.41,2607555.0,16656939.0,687520000.0,0.00379269693972539
2011-11-14,2.43,2.49,2.43,2.49,4261007.0,27813268.0,687520000.0,0.006197648068419828
2011-11-15,2.47,2.54,2.47,2.54,6991125.0,46533724.0,687520000.0,0.010168613276704678
2011-11-16,2.54,2.57,2.46,2.47,6079424.0,40359772.0,687520000.0,0.008842541307889225
2011-11-17,2.49,2.55,2.47,2.51,5149753.0,34171496.0,687520000.0,0.007490331917616942
2011-11-18,2.48,2.49,2.38,2.4,4687837.0,30170156.0,687520000.0,0.006818473644403072
2011-11-21,2.41,2.41,2.35,2.38,3144264.0,19696086.0,687520000.0,0.004573341866418432
2011-11-22,2.35,2.38,2.33,2.37,2627839.0,16345638.0,687520000.0,0.0038222000814521757
2011-11-23,2.37,2.38,2.35,2.36,2449138.0,15335773.0,687520000.0,0.0035622789155224576
2011-11-24,2.34,2.37,2.3,2.33,2843938.0,17519424.0,687520000.0,0.004136516755876193
2011-11-25,2.35,2.35,2.32,2.32,2064006.0,12739052.0,687520000.0,0.003002103211542937
2011-11-28,2.32,2.37,2.32,2.35,2519904.0,15646154.0,687520000.0,0.003665208284849895
2011-11-29,2.37,2.41,2.35,2.41,3741261.0,23578036.0,687520000.0,0.0054416758785198974
2011-11-30,2.4,2.4,2.24,2.27,4773495.0,29161138.0,687520000.0,0.006943063474517105
2011-12-01,2.35,2.37,2.3,2.3,3293435.0,20281540.0,687520000.0,0.004790311554572958
2011-12-02,2.3,2.3,2.25,2.26,1741701.0,10426654.0,687520000.0,0.0025333095764486853
2011-12-05,2.25,2.27,2.18,2.18,2218386.0,12945228.0,687520000.0,0.0032266494065627182
2011-12-06,2.18,2.21,2.15,2.18,1472223.0,8461874.0,687520000.0,0.002141352978822434
2011-12-07,2.18,2.2,2.16,2.2,1213709.0,7013057.0,687520000.0,0.001765343553642076
2011-12-08,2.2,2.2,2.13,2.18,2101572.0,12053233.0,687520000.0,0.0030567430765650453
2011-12-09,2.16,2.18,2.14,2.16,1469682.0,8368252.0,687520000.0,0.0021376570863393066
2011-12-12,2.16,2.18,2.12,2.13,1462330.0,8309218.0,687520000.0,0.002126963579241331
2011-12-13,2.11,2.13,2.02,2.03,2336917.0,12757791.0,687520000.0,0.003399053118454736
2011-12-14,2.01,2.04,1.98,1.99,2110400.0,11204405.0,687520000.0,0.0030695834303002094
2011-12-15,2.0,2.0,1.88,1.89,4194537.0,21276810.0,687520000.0,0.006100967244589249
2011-12-16,1.89,1.94,1.88,1.94,2623826.0,13226078.0,687520000.0,0.0038163631603444262
2011-12-19,1.93,1.95,1.89,1.94,2426542.0,12285650.0,687520000.0,0.003529412962531999
2011-12-20,1.93,1.96,1.92,1.93,2204990.0,11325988.0,687520000.0,0.003207164882476146
2011-12-21,1.95,1.96,1.89,1.89,2080849.0,10557245.0,687520000.0,0.0030266014079590414
2011-12-22,1.89,1.89,1.78,1.83,2590664.0,12492884.0,687520000.0,0.0037681289271584827
2011-12-23,1.83,1.87,1.82,1.85,1787075.0,8747325.0,687520000.0,0.0025993062020013965
2011-12-26,1.85,1.92,1.84,1.89,2591658.0,12891491.0,687520000.0,0.0037695747032813593
2011-12-27,1.88,1.9,1.82,1.83,2317652.0,11328660.0,687520000.0,0.003371032115429369
2011-12-28,1.82,1.84,1.78,1.83,1987328.0,9465649.0,687520000.0,0.0028905748196416106
2011-12-29,1.82,1.87,1.81,1.85,2227039.0,10853873.0,687520000.0,0.00323923522224808
2011-12-30,1.85,1.89,1.85,1.89,2447087.0,12103621.0,687520000.0,0.003559295729578776
2012-01-04,1.9,1.91,1.83,1.84,1796270.0,8919178.0,687520000.0,0.002612680358389574
2012-01-05,1.81,1.83,1.76,1.76,2071795.0,9780527.0,687520000.0,0.003013432336513847
2012-01-06,1.76,1.79,1.73,1.79,1334089.0,6173363.0,687520000.0,0.0019404366418431464
2012-01-09,1.79,1.86,1.76,1.85,2434627.0,11751166.0,687520000.0,0.00354117262043286
2012-01-10,1.87,1.96,1.85,1.93,6978756.0,35442960.0,687520000.0,0.010150622527344659
2012-01-11,1.93,1.93,1.9,1.91,3803403.0,19255724.0,687520000.0,0.005532061612753084
2012-01-12,1.91,1.96,1.9,1.9,3755379.0,19124748.0,687520000.0,0.005462210553874796
2012-01-13,1.89,1.92,1.83,1.84,3158409.0,15589905.0,687520000.0,0.0045939158133581565
2012-01-16,1.83,1.86,1.79,1.8,1743939.0,8446533.0,687520000.0,0.0025365647544798695
2012-01-17,1.79,1.91,1.79,1.9,2785995.0,13710847.0,687520000.0,0.004052238480335118
2012-01-18,1.91,1.93,1.86,1.87,2840709.0,14236823.0,687520000.0,0.004131820165231557
2012-01-19,1.87,1.91,1.86,1.9,1852952.0,9256166.0,687520000.0,0.0026951245054689316
2012-01-20,1.9,1.93,1.9,1.93,3141363.0,15910783.0,687520000.0,0.004569122352804282
2012-01-30,1.93,1.95,1.9,1.91,2737600.0,13915363.0,687520000.0,0.0039818478007912494
2012-01-31,1.91,1.93,1.89,1.92,1741966.0,8773840.0,687520000.0,0.002533695019781243
2012-02-01,1.93,1.95,1.9,1.91,2156569.0,10968413.0,687520000.0,0.0031367363858505934
2012-02-02,1.93,2.0,1.93,1.99,7496849.0,39019152.0,687520000.0,0.010904190423551315
2012-02-03,1.98,1.99,1.95,1.99,4771167.0,24882748.0,687520000.0,0.006939677391203165
2012-02-06,1.99,2.01,1.97,1.99,3943307.0,20692644.0,687520000.0,0.005735552420293228
2012-02-07,1.99,1.99,1.92,1.93,2969598.0,15245995.0,687520000.0,0.004319289620665581
2012-02-08,1.92,1.98,1.91,1.97,3307068.0,17034618.0,687520000.0,0.004810140795904119
2012-02-09,1.98,2.01,1.96,1.99,5146065.0,27006378.0,687520000.0,0.007484967710030254
2012-02-10,1.99,2.02,1.97,2.01,6048498.0,32079780.0,687520000.0,0.008797559343728183
2012-02-13,1.99,2.05,1.98,2.03,5575492.0,29808140.0,687520000.0,0.008109570630672563
2012-02-14,2.03,2.05,2.0,2.04,3672083.0,19698038.0,687520000.0,0.005341056260181522
2012-02-15,2.04,2.12,2.01,2.1,8477786.0,46327036.0,687520000.0,0.012330966371887363
2012-02-16,2.08,2.12,2.05,2.12,7847866.0,43417468.0,687520000.0,0.011414745752850826
2012-02-17,2.11,2.18,2.1,2.14,10141227.0,57378080.0,687520000.0,0.01475044653246451
2012-02-20,2.16,2.16,2.11,2.14,7157602.0,40358280.0,687520000.0,0.010410754596229928
2012-02-21,2.14,2.32,2.09,2.31,17279534.0,100909288.0,687520000.0,0.02513313649057482
2012-02-22,2.27,2.35,2.25,2.3,23211436.0,140505008.0,687520000.0,0.03376110658599023
2012-02-23,2.29,2.29,2.24,2.26,9126904.0,54489176.0,687520000.0,0.013275110542238771
2012-02-24,2.26,2.26,2.23,2.26,7325955.0,43438616.0,687520000.0,0.010655624563649057
2012-02-27,2.27,2.29,2.24,2.24,8308973.0,49793988.0,687520000.0,0.012085427333023039
2012-02-28,2.23,2.32,2.21,2.29,9047456.0,54014648.0,687520000.0,0.013159553176634862
2012-02-29,2.29,2.29,2.21,2.22,5628558.0,33380332.0,687520000.0,0.008186755294391435
2012-03-01,2.21,2.24,2.2,2.22,3018030.0,17744094.0,687520000.0,0.0043897341168256925
2012-03-02,2.21,2.26,2.21,2.26,3750685.0,22203992.0,687520000.0,0.005455383116127531
2012-03-05,2.27,2.3,2.25,2.27,5759957.0,34655520.0,687520000.0,0.008377875552711194
2012-03-06,2.26,2.29,2.2,2.22,4411873.0,26031084.0,687520000.0,0.006417083139399581
2012-03-07,2.19,2.23,2.18,2.18,3717752.0,21641808.0,687520000.0,0.005407481964161042
2012-03-08,2.19,2.23,2.19,2.21,3341663.0,19526824.0,687520000.0,0.004860459332092158
2012-03-09,2.23,2.25,2.22,2.25,4473852.0,26445324.0,687520000.0,0.006507231789620665
2012-03-12,2.26,2.29,2.24,2.28,5327525.0,31912680.0,687520000.0,0.0077489018501279965
2012-03-13,2.29,2.29,2.25,2.28,4209618.0,25222974.0,687520000.0,0.00612290260646963
2012-03-14,2.29,2.3,2.1,2.13,9787472.0,57555700.0,687520000.0,0.01423590877356295
2012-03-15,2.12,2.15,2.03,2.07,5069907.0,27909958.0,687520000.0,0.007374195659762625
2012-03-16,2.06,2.12,2.05,2.11,4318996.0,23867140.0,687520000.0,0.0062819932511054225
2012-03-19,2.12,2.15,2.1,2.15,3866478.0,21792298.0,687520000.0,0.005623804398417501
2012-03-20,2.15,2.15,2.08,2.09,3055361.0,17035046.0,687520000.0,0.004444032173609495
2012-03-21,2.09,2.22,2.09,2.2,8465825.0,48346168.0,687520000.0,0.01231356905980917
2012-03-22,2.17,2.24,2.17,2.2,4976435.0,28993194.0,687520000.0,0.007238240342099139
2012-03-23,2.19,2.19,2.11,2.12,3139984.0,17766916.0,687520000.0,0.0045671165929718404
2012-03-26,2.11,2.14,2.09,2.11,1387167.0,7747178.0,687520000.0,0.0020176387595997208
2012-03-27,2.13,2.18,2.13,2.15,2077566.0,11834283.0,687520000.0,0.003021826274144752
2012-03-28,2.13,2.15,2.05,2.05,2649722.0,14567629.0,687520000.0,0.003854028973702583
2012-03-29,2.05,2.08,1.97,1.98,2011963.0,10679419.0,687520000.0,0.0029264065045380497
2012-03-30,1.98,2.02,1.95,1.98,1794759.0,9408112.0,687520000.0,0.002610482604142425
2012-04-05,1.98,2.07,1.98,2.04,1538752.0,8195948.0,687520000.0,0.0022381196183383755
2012-04-06,2.04,2.08,2.01,2.04,1632667.0,8817356.0,687520000.0,0.002374719280893647
2012-04-09,2.04,2.06,2.01,2.01,1356519.0,7269189.0,687520000.0,0.0019730611473120782
2012-04-10,2.0,2.04,1.96,2.04,1453394.0,7640486.0,687520000.0,0.0021139661391668604
2012-04-11,2.01,2.04,2.0,2.03,1896996.0,10132567.0,687520000.0,0.002759186641843146
2012-04-12,2.04,2.1,2.02,2.09,3420355.0,18702828.0,687520000.0,0.004974917093320922
2012-04-13,2.1,2.13,2.09,2.12,3505094.0,19569476.0,687520000.0,0.005098170235047708
2012-04-16,2.09,2.15,2.08,2.13,2824341.0,15882999.0,687520000.0,0.004108012857807773
2012-04-17,2.15,2.16,2.1,2.1,2611478.0,14637753.0,687520000.0,0.003798402955550384
2012-04-18,2.1,2.16,2.1,2.15,4220972.0,23811942.0,687520000.0,0.006139417035140796
2012-04-19,2.15,2.17,2.13,2.16,2872876.0,16309258.0,687520000.0,0.004178607167791482
2012-04-20,2.16,2.23,2.13,2.19,5023965.0,29027632.0,687520000.0,0.0073073728764254135
2012-04-23,2.18,2.21,2.13,2.14,3093435.0,17703712.0,687520000.0,0.0044994109262276
2012-04-24,2.14,2.16,2.06,2.11,3586397.0,19973080.0,687520000.0,0.005216425703979521
2012-04-25,2.11,2.21,2.1,2.19,4414837.0,25228382.0,687520000.0,0.006421394286711659
2012-04-26,2.2,2.23,2.16,2.19,3889859.0,22589752.0,687520000.0,0.005657812136374215
2012-04-27,2.18,2.19,2.12,2.13,3290798.0,18634350.0,687520000.0,0.004786476029788224
2012-05-02,2.13,2.15,2.01,2.03,7858279.0,42681540.0,687520000.0,0.011429891494065628
2012-05-03,2.02,2.05,2.01,2.04,2921278.0,15643481.0,687520000.0,0.004249008028857342
2012-05-04,2.02,2.05,2.01,2.04,3174296.0,16999992.0,687520000.0,0.00461702350477077
2012-05-07,2.03,2.04,2.01,2.03,2252401.0,12028817.0,687520000.0,0.003276124330928555
2012-05-08,2.02,2.05,2.02,2.04,2410259.0,12984955.0,687520000.0,0.003505729287875262
2012-05-09,2.04,2.06,2.01,2.02,2422728.0,13023841.0,687520000.0,0.0035238654875494532
2012-05-10,2.02,2.05,2.01,2.03,1897583.0,10163048.0,687520000.0,0.0027600404351873402
2012-05-11,2.03,2.03,1.96,1.98,3407401.0,17957760.0,687520000.0,0.004956075459622993
2012-05-14,2.0,2.01,1.97,1.98,2023112.0,10592135.0,687520000.0,0.0029426227600651616
2012-05-15,1.97,1.98,1.92,1.96,2181674.0,11223142.0,687520000.0,0.0031732516872236445
2012-05-16,1.96,1.97,1.92,1.93,1835568.0,9444051.0,687520000.0,0.0026698394228531533
2012-05-17,1.93,1.97,1.93,1.96,1507288.0,7770351.0,687520000.0,0.002192355131487084
2012-05-18,1.96,1.96,1.92,1.92,1723956.0,8820615.0,687520000.0,0.0025074994181987433
2012-05-22,1.94,1.95,1.92,1.95,1540471.0,7875812.0,687520000.0,0.002240619909239004
2012-05-23,1.95,1.95,1.9,1.92,1997596.0,10118064.0,687520000.0,0.002905509657900861
2012-05-24,1.91,1.94,1.9,1.91,1272739.0,6433308.0,687520000.0,0.001851202874098208
2012-05-25,1.91,1.91,1.87,1.87,1703503.0,8484048.0,687520000.0,0.0024777504654410055
2012-05-28,1.87,1.91,1.84,1.91,1563697.0,7723135.0,687520000.0,0.00227440219920875
2012-05-29,1.91,1.96,1.9,1.96,3263152.0,16727471.0,687520000.0,0.004746264835932046
2012-05-30,1.96,1.97,1.94,1.96,2037627.0,10520565.0,687520000.0,0.002963734873167326
2012-05-31,1.95,1.98,1.93,1.96,2074589.0,10745662.0,687520000.0,0.0030174962182918314
2012-06-01,1.97,1.98,1.95,1.97,1824918.0,9454049.0,687520000.0,0.002654348964393763
2012-06-04,1.95,1.95,1.89,1.89,2025766.0,10249776.0,687520000.0,0.0029464830114033047
2012-06-05,1.89,1.91,1.88,1.88,933789.0,4671310.0,687520000.0,0.0013581990342099138
2012-06-06,1.9,1.91,1.88,1.88,852402.0,4260318.0,687520000.0,0.001239821387014196
2012-06-07,1.91,1.91,1.87,1.87,978261.0,4877235.0,687520000.0,0.0014228836979287875
2012-06-08,1.89,1.9,1.85,1.87,982789.0,4861830.0,687520000.0,0.0014294696881545265
2012-06-11,1.85,1.9,1.85,1.89,799607.0,3970858.0,687520000.0,0.0011630308936467302
2012-06-12,1.88,1.9,1.88,1.88,586029.0,2927880.0,687520000.0,0.0008523810216430068
2012-06-13,1.88,1.96,1.88,1.94,2115464.0,10787544.0,687520000.0,0.003076949034209914
2012-06-14,1.93,1.99,1.93,1.95,2155859.0,11187247.0,687520000.0,0.0031357036886199676
2012-06-15,1.95,1.96,1.91,1.95,1179440.0,6036090.0,687520000.0,0.0017154991854782407
2012-06-18,1.95,1.99,1.95,1.96,2285445.0,11919111.0,687520000.0,0.003324186932743775
2012-06-19,1.97,2.0,1.95,1.98,2232496.0,11691460.0,687520000.0,0.003247172445892483
2012-06-20,1.98,2.11,1.97,2.1,13078172.0,71389216.0,687520000.0,0.019022242262043285
2012-06-28,2.3,2.3,2.19,2.3,16520736.0,99917920.0,687520000.0,0.024029462415638816
2012-06-29,2.3,2.48,2.23,2.38,38882424.0,242265120.0,687520000.0,0.05655460786595299
2012-07-02,2.37,2.61,2.34,2.54,25533044.0,169173536.0,687520000.0,0.03713789271584827
2012-07-03,2.53,2.67,2.47,2.59,18192196.0,121991864.0,687520000.0,0.026460606236909472
2012-07-04,2.56,2.65,2.53,2.61,12747855.0,86955616.0,687520000.0,0.01854179514777752
2012-07-05,2.61,2.63,2.55,2.59,10984081.0,74177864.0,687520000.0,0.0159763803234815
2012-07-06,2.58,2.66,2.54,2.61,11728573.0,79864520.0,687520000.0,0.017059246276471957
2012-07-09,2.6,2.84,2.58,2.7,20841080.0,147721952.0,687520000.0,0.030313416336979288
2012-07-10,2.66,2.76,2.65,2.74,10168490.0,72148480.0,687520000.0,0.014790100651617408
2012-07-11,2.71,2.77,2.59,2.66,9965759.0,69383144.0,687520000.0,0.014495227775191995
2012-07-12,2.67,2.79,2.62,2.76,10533546.0,75620416.0,687520000.0,0.01532107575052362
2012-07-13,2.76,2.84,2.71,2.82,9065823.0,66146092.0,687520000.0,0.013186268035838958
2012-07-16,2.84,2.93,2.74,2.75,10543045.0,77797160.0,687520000.0,0.015334892075866883
2012-07-17,2.67,2.86,2.57,2.81,8185805.0,58471400.0,687520000.0,0.011906279090062834
2012-07-18,2.78,2.97,2.7,2.96,8801289.0,65600352.0,687520000.0,0.012801502501745403
2012-07-19,2.91,2.98,2.86,2.87,7992963.0,61127912.0,687520000.0,0.011625789795205958
2012-07-20,2.83,2.9,2.65,2.72,9242327.0,66723304.0,687520000.0,0.013442993658366303
2012-07-23,2.68,2.77,2.63,2.72,4330157.0,30680314.0,687520000.0,0.006298226960670235
2012-07-24,2.67,2.74,2.64,2.73,4180629.0,29482690.0,687520000.0,0.0060807380148941124
2012-07-25,2.69,2.73,2.46,2.48,15056536.0,100748904.0,687520000.0,0.021899778915522458
2012-07-26,2.52,2.6,2.48,2.5,13193471.0,88045304.0,687520000.0,0.019189945019781243
2012-07-27,2.5,2.52,2.42,2.44,7099670.0,45540768.0,687520000.0,0.010326492320223412
2012-07-30,2.42,2.48,2.42,2.47,7397223.0,47451452.0,687520000.0,0.010759284093553641
2012-07-31,2.45,2.48,2.34,2.43,6422242.0,40716132.0,687520000.0,0.009341171165929718
2012-08-01,2.45,2.62,2.42,2.58,6801884.0,45384688.0,687520000.0,0.009893361647661159
2012-08-02,2.57,2.61,2.54,2.58,4271554.0,28747116.0,687520000.0,0.00621298871305562
2012-08-03,2.57,2.62,2.55,2.62,2991221.0,20306654.0,687520000.0,0.004350740342099139
2012-08-06,2.63,2.68,2.55,2.67,4104871.0,28263624.0,687520000.0,0.005970547765883174
2012-08-07,2.67,2.69,2.6,2.65,2962497.0,20435182.0,687520000.0,0.0043089611938561785
2012-08-08,2.6,2.64,2.55,2.57,2404976.0,16311351.0,687520000.0,0.0034980451477775194
2012-08-09,2.56,2.67,2.53,2.65,3933843.0,27120006.0,687520000.0,0.005721787002559925
2012-08-10,2.63,2.67,2.61,2.65,2345625.0,16271987.0,687520000.0,0.0034117189318128927
2012-08-13,2.64,2.67,2.57,2.62,2325965.0,15893610.0,687520000.0,0.003383123400046544
2012-08-14,2.62,2.62,2.36,2.48,5338267.0,34222556.0,687520000.0,0.007764526122876425
2012-08-15,2.45,2.47,2.39,2.41,2900057.0,18328130.0,687520000.0,0.0042181420176867586
2012-08-16,2.41,2.41,2.32,2.39,3763254.0,23201806.0,687520000.0,0.005473664766115895
2012-08-17,2.37,2.37,2.32,2.36,2411166.0,14781703.0,687520000.0,0.003507048522224808
2012-08-20,2.35,2.38,2.32,2.37,2979623.0,18349364.0,687520000.0,0.0043338710146613914
2012-08-21,2.38,2.46,2.35,2.37,4334659.0,27092980.0,687520000.0,0.006304775133814289
2012-08-22,2.37,2.4,2.3,2.33,3855169.0,23707360.0,687520000.0,0.005607355422387712
2012-08-23,2.33,2.34,2.28,2.34,3481878.0,21144684.0,687520000.0,0.005064402490109378
2012-08-24,2.33,2.33,2.18,2.2,4578378.0,27020192.0,687520000.0,0.0066592651850127995
2012-08-27,2.2,2.2,2.09,2.1,5927292.0,33149560.0,687520000.0,0.008621264835932046
2012-08-28,2.11,2.2,2.1,2.17,4290692.0,24197394.0,687520000.0,0.0062408249941819875
2012-08-29,2.17,2.18,2.13,2.15,2070346.0,11646059.0,687520000.0,0.0030113247614614847
2012-08-30,2.15,2.18,2.08,2.09,2222396.0,12361074.0,687520000.0,0.0032324819641610424
2012-08-31,2.12,2.14,2.08,2.11,1950491.0,10752508.0,687520000.0,0.002836995287409821
2012-09-03,2.1,2.23,2.08,2.22,5256975.0,30125922.0,687520000.0,0.007646286653479171
2012-09-04,2.24,2.33,2.23,2.26,6755877.0,40406872.0,687520000.0,0.009826444321619734
2012-09-05,2.25,2.28,2.21,2.28,1856354.0,10960784.0,687520000.0,0.0027000727251570863
2012-09-06,2.28,2.31,2.25,2.27,1864036.0,11100443.0,687520000.0,0.0027112462182918317
2012-09-07,2.27,2.36,2.27,2.35,3393537.0,20655052.0,687520000.0,0.004935910228066093
2012-09-10,2.35,2.35,2.29,2.32,4071420.0,24691144.0,687520000.0,0.005921893181289272
2012-09-11,2.32,2.32,2.25,2.3,2990898.0,17766340.0,687520000.0,0.004350270537584361
2012-09-12,2.31,2.31,2.28,2.31,1913221.0,11480531.0,687520000.0,0.0027827859553176634
2012-09-13,2.3,2.33,2.27,2.27,1930573.0,11624045.0,687520000.0,0.0028080244938329065
2012-09-14,2.27,2.3,2.2,2.21,4433367.0,25846528.0,687520000.0,0.006448346229927857
2012-09-17,2.18,2.2,2.1,2.11,4345770.0,24348830.0,687520000.0,0.006320936118222016
2012-09-18,2.1,2.15,2.08,2.1,2760517.0,15247850.0,687520000.0,0.0040151806492902025
2012-09-19,2.08,2.13,2.08,2.11,3036026.0,16708359.0,687520000.0,0.004415909355364208
2012-09-20,2.1,2.11,2.02,2.02,2950858.0,15862221.0,687520000.0,0.004292032231789621
2012-09-21,2.02,2.08,2.02,2.02,2094662.0,11230027.0,687520000.0,0.003046692459855713
2012-09-24,2.02,2.05,1.99,2.04,1156782.0,6149608.0,687520000.0,0.0016825430532929951
2012-09-25,2.04,2.08,2.03,2.06,1232122.0,6629608.0,687520000.0,0.0017921253199906912
2012-09-26,2.06,2.08,1.98,2.0,1647180.0,8671890.0,687520000.0,0.0023958284849895277
2012-09-27,2.0,2.08,1.99,2.05,1669752.0,8937634.0,687520000.0,0.0024286595299045847
2012-09-28,2.05,2.15,2.04,2.15,5031328.0,28009600.0,687520000.0,0.007318082383057947
2012-10-08,2.15,2.16,2.05,2.08,5532461.0,30150572.0,687520000.0,0.008046981905980917
2012-10-09,2.08,2.14,2.07,2.14,3391754.0,18816284.0,687520000.0,0.004933316848964394
2012-10-10,2.13,2.21,2.1,2.21,4840924.0,27346702.0,687520000.0,0.0070411391668606
2012-10-11,2.2,2.21,2.17,2.19,3203426.0,18354776.0,687520000.0,0.004659393181289271
2012-10-12,2.18,2.2,2.12,2.14,1819175.0,10266181.0,687520000.0,0.0026459957528508263
2012-10-15,2.16,2.23,2.1,2.22,3442647.0,19528608.0,687520000.0,0.005007340877356295
2012-10-16,2.2,2.21,2.14,2.17,2506167.0,14280722.0,687520000.0,0.0036452277751919944
2012-10-17,2.17,2.21,2.16,2.2,2179401.0,12432589.0,687520000.0,0.0031699456015824995
2012-10-18,2.21,2.21,2.18,2.2,3882846.0,22333236.0,687520000.0,0.005647611705841285
2012-10-19,2.2,2.21,2.14,2.14,3172944.0,18082788.0,687520000.0,0.004615057016523156
2012-10-22,2.16,2.16,2.09,2.1,6372285.0,35362332.0,687520000.0,0.009268508552478473
2012-10-23,2.09,2.11,2.08,2.1,2756655.0,15133508.0,687520000.0,0.004009563358156854
2012-10-24,2.1,2.1,2.06,2.08,3236720.0,17606904.0,687520000.0,0.004707819408889923
2012-10-25,2.08,2.1,2.07,2.07,1492066.0,8134666.0,687520000.0,0.0021702146846637187
2012-10-26,2.06,2.07,1.99,2.01,2040904.0,10785586.0,687520000.0,0.002968501279962765
2012-10-29,2.02,2.04,2.0,2.02,1012320.0,5329961.0,687520000.0,0.0014724226204328602
2012-10-30,2.04,2.08,2.03,2.04,2798462.0,15039096.0,687520000.0,0.004070371771003025
2012-10-31,2.04,2.06,2.01,2.04,1373843.0,7304228.0,687520000.0,0.0019982589597393532
2012-11-01,2.05,2.1,2.04,2.1,4528404.0,24675524.0,687520000.0,0.006586577845008146
2012-11-02,2.09,2.12,2.09,2.12,4136741.0,22850560.0,687520000.0,0.006016902781010007
2012-11-05,2.12,2.16,2.11,2.16,3844868.0,21491944.0,687520000.0,0.005592372585524785
2012-11-06,2.16,2.16,2.1,2.13,3819992.0,21280364.0,687520000.0,0.005556190365371189
2012-11-07,2.13,2.16,2.12,2.15,1957047.0,11001342.0,687520000.0,0.0028465310100069816
2012-11-08,2.13,2.13,2.07,2.07,2224768.0,12326362.0,687520000.0,0.0032359320456132185
2012-11-09,2.05,2.09,2.03,2.06,993702.0,5354556.0,687520000.0,0.0014453426809401908
2012-11-12,2.05,2.08,2.05,2.06,1365593.0,7371071.0,687520000.0,0.001986259308820107
2012-11-13,2.06,2.07,2.03,2.05,1012140.0,5424801.0,687520000.0,0.0014721608098673493
2012-11-14,2.06,2.14,2.04,2.13,2744652.0,15126380.0,687520000.0,0.003992104956946707
2012-11-15,2.12,2.2,2.1,2.13,4429517.0,24872648.0,687520000.0,0.006442746392832209
2012-11-16,2.13,2.17,2.1,2.16,4648345.0,26049216.0,687520000.0,0.006761032406329998
2012-11-19,2.18,2.18,2.04,2.08,11327770.0,61737160.0,687520000.0,0.016476277053758436
2012-11-20,2.06,2.09,2.04,2.08,2996132.0,16215107.0,687520000.0,0.004357883407028159
2012-11-21,2.07,2.11,2.06,2.1,2075570.0,11328578.0,687520000.0,0.0030189230858738655
2012-11-22,2.1,2.14,2.09,2.13,2560593.0,14225466.0,687520000.0,0.0037243905631836167
2012-11-23,2.12,2.15,2.12,2.14,3463258.0,19317574.0,687520000.0,0.0050373196416104256
2012-11-26,2.15,2.16,2.11,2.12,2786072.0,15502116.0,687520000.0,0.00405235047707703
2012-11-27,2.1,2.1,2.02,2.04,3544539.0,19054228.0,687520000.0,0.005155543111473121
2012-11-28,2.04,2.05,2.0,2.02,1307603.0,6914377.0,687520000.0,0.0019019126716313707
2012-11-29,2.04,2.17,2.02,2.11,3910382.0,21399600.0,687520000.0,0.005687662904351873
2012-11-30,2.1,2.17,2.05,2.16,3713693.0,20755576.0,687520000.0,0.005401578135908774
2012-12-03,2.17,2.2,2.14,2.16,4517223.0,25761972.0,687520000.0,0.006570315045380498
2012-12-04,2.16,2.28,2.11,2.27,6401097.0,36989640.0,687520000.0,0.009310415696997906
2012-12-05,2.25,2.41,2.23,2.39,7764416.0,47483672.0,687520000.0,0.011293367465673726
2012-12-06,2.36,2.39,2.32,2.37,4539729.0,28048340.0,687520000.0,0.006603050093088201
2012-12-07,2.37,2.49,2.34,2.48,11481835.0,73190784.0,687520000.0,0.016700365080288573
2012-12-10,2.5,2.63,2.4,2.6,9680064.0,63083072.0,687520000.0,0.01407968350011636
2012-12-11,2.55,2.59,2.49,2.55,4492743.0,29746672.0,687520000.0,0.006534708808471026
2012-12-12,2.51,2.52,2.45,2.49,3501092.0,22779458.0,687520000.0,0.0050923493134745175
2012-12-13,2.46,2.58,2.44,2.54,4451634.0,29264984.0,687520000.0,0.006474915638817779
2012-12-14,2.54,2.73,2.49,2.72,11939923.0,82646456.0,687520000.0,0.017366655515475914
2012-12-17,2.7,2.76,2.65,2.69,12027175.0,85516864.0,687520000.0,0.01749356382359786
2012-12-18,2.67,2.71,2.57,2.63,11734294.0,81285448.0,687520000.0,0.017067567488945775
2012-12-19,2.62,2.62,2.52,2.56,12930352.0,86800344.0,687520000.0,0.018807237607633233
2012-12-20,2.52,2.57,2.51,2.57,3225924.0,21436076.0,687520000.0,0.0046921165929718405
2012-12-21,2.57,2.64,2.52,2.57,4009257.0,27175908.0,687520000.0,0.005831476902490109
2012-12-24,2.59,2.61,2.54,2.56,2496797.0,16731957.0,687520000.0,0.0036315990807540143
2012-12-25,2.54,2.67,2.53,2.65,7827703.0,53370360.0,687520000.0,0.011385418606004189
2012-12-26,2.63,2.65,2.55,2.61,8141564.0,55081008.0,687520000.0,0.0118419304165697
2012-12-27,2.6,2.6,2.52,2.54,10389470.0,69156640.0,687520000.0,0.015111516755876193
2012-12-28,2.51,2.6,2.51,2.59,4605363.0,30883760.0,687520000.0,0.006698514952292297
2012-12-31,2.58,2.63,2.52,2.55,6216086.0,41869108.0,687520000.0,0.009041316616243892
2013-01-04,2.58,2.59,2.44,2.45,5304416.0,34592116.0,687520000.0,0.007715289737025832
2013-01-07,2.44,2.49,2.44,2.47,7467428.0,48042096.0,687520000.0,0.010861397486618572
2013-01-08,2.47,2.5,2.43,2.5,7477714.0,48283800.0,687520000.0,0.010876358505934373
2013-01-09,2.5,2.54,2.47,2.5,10298750.0,67495152.0,687520000.0,0.01497956423085874
2013-01-10,2.52,2.53,2.47,2.51,6684794.0,43741852.0,687520000.0,0.00972305387479637
2013-01-11,2.51,2.52,2.43,2.45,6990660.0,44974584.0,687520000.0,0.010167936932743775
2013-01-14,2.43,2.54,2.43,2.52,8058251.0,52702040.0,687520000.0,0.011720751396323016
2013-01-15,2.53,2.62,2.5,2.61,15307335.0,102771296.0,687520000.0,0.022264566848964395
2013-01-16,2.6,2.6,2.48,2.53,11052092.0,73338016.0,687520000.0,0.016075302536653478
2013-01-17,2.51,2.51,2.44,2.45,7951262.0,51263836.0,687520000.0,0.011565135559692808
2013-01-18,2.46,2.49,2.45,2.49,7393576.0,47804460.0,687520000.0,0.010753979520595765
2013-01-21,2.48,2.51,2.46,2.51,8225429.0,53490152.0,687520000.0,0.011963912322550617
2013-01-22,2.54,2.59,2.46,2.5,14311093.0,95271408.0,687520000.0,0.020815529730044215
2013-01-23,2.47,2.48,2.4,2.46,8605973.0,55021800.0,687520000.0,0.012517414766115894
2013-01-24,2.46,2.47,2.37,2.39,7391364.0,46956300.0,687520000.0,0.010750762159646265
2013-01-25,2.39,2.4,2.36,2.38,4393425.0,27313780.0,687520000.0,0.006390250465441005
2013-01-28,2.39,2.41,2.37,2.4,11854371.0,74167704.0,687520000.0,0.017242219862694905
2013-01-29,2.4,2.41,2.38,2.39,10767019.0,67681096.0,687520000.0,0.015660662962531997
2013-01-30,2.4,2.42,2.39,2.42,7108518.0,44865064.0,687520000.0,0.01033936176402141
2013-01-31,2.42,2.43,2.38,2.4,4911089.0,30840908.0,687520000.0,0.00714319437979986
2013-02-01,2.42,2.54,2.42,2.5,16283155.0,105974008.0,687520000.0,0.023683900104724227
2013-02-04,2.5,2.5,2.43,2.45,10328870.0,66421888.0,687520000.0,0.01502337386548755
2013-02-05,2.43,2.47,2.41,2.45,5266996.0,33726976.0,687520000.0,0.007660862229462415
2013-02-06,2.47,2.47,2.43,2.44,6868003.0,43860024.0,687520000.0,0.009989531940888993
2013-02-07,2.43,2.44,2.41,2.43,4801754.0,30519606.0,687520000.0,0.0069841662787991626
2013-02-08,2.44,2.46,2.41,2.46,10578931.0,67262272.0,687520000.0,0.015387088375610892
2013-02-18,2.48,2.51,2.46,2.49,10160749.0,66134232.0,687520000.0,0.0147788413427973
2013-02-19,2.49,2.51,2.44,2.46,7077439.0,45697588.0,687520000.0,0.010294157260879684
2013-02-20,2.45,2.51,2.43,2.5,8207916.0,53260340.0,687520000.0,0.011938439609029556
2013-02-21,2.49,2.5,2.44,2.48,8324011.0,53901352.0,687520000.0,0.012107300151268327
2013-02-22,2.48,2.54,2.47,2.51,10539976.0,69381400.0,687520000.0,0.015330428205724925
2013-02-25,2.52,2.56,2.49,2.52,8974164.0,59289716.0,687520000.0,0.013052949732371422
2013-02-26,2.52,2.56,2.45,2.46,11574609.0,76356312.0,687520000.0,0.016835305154759134
2013-02-27,2.47,2.47,2.3,2.34,14668943.0,90581736.0,687520000.0,0.021336023679311148
2013-02-28,2.33,2.37,2.28,2.36,13943802.0,84721584.0,687520000.0,0.020281303816616244
2013-03-01,2.36,2.36,2.32,2.34,8559362.0,52355180.0,687520000.0,0.012449618920176868
2013-03-04,2.34,2.38,2.29,2.32,9427864.0,57563096.0,687520000.0,0.013712857807772864
2013-03-05,2.31,2.34,2.29,2.33,7608889.0,46131764.0,687520000.0,0.011067152955550384
2013-03-06,2.36,2.36,2.32,2.36,7329141.0,44988668.0,687520000.0,0.010660258610658599
2013-03-07,2.36,2.36,2.33,2.36,6327871.0,38893712.0,687520000.0,0.00920390824994182
2013-03-08,2.36,2.36,2.33,2.33,3783460.0,23206544.0,687520000.0,0.005503054456597626
2013-03-11,2.33,2.34,2.31,2.33,3067126.0,18628836.0,687520000.0,0.00446114440307191
2013-03-12,2.33,2.34,2.21,2.29,7619484.0,45363592.0,687520000.0,0.011082563416336979
2013-03-13,2.27,2.27,2.23,2.25,2556464.0,15060357.0,687520000.0,0.0037183849197114267
2013-03-14,2.23,2.26,2.22,2.23,2019620.0,11870026.0,687520000.0,0.002937543635094252
2013-03-15,2.24,2.27,2.22,2.23,2964025.0,17419954.0,687520000.0,0.004311183674656737
2013-03-18,2.23,2.24,2.18,2.19,2972890.0,17161504.0,687520000.0,0.004324077845008145
2013-03-19,2.2,2.21,2.17,2.2,1828005.0,10475912.0,687520000.0,0.0026588390155922736
2013-03-20,2.18,2.25,2.18,2.25,3655978.0,21295792.0,687520000.0,0.005317631487084012
2013-03-21,2.25,2.27,2.23,2.26,3881332.0,22914608.0,687520000.0,0.00564540958808471
2013-03-22,2.26,2.26,2.23,2.26,2445507.0,14395031.0,687520000.0,0.0035569976146148474
2013-03-25,2.26,2.28,2.24,2.28,3105111.0,18365402.0,687520000.0,0.004516393704910402
2013-03-26,2.27,2.27,2.22,2.23,2780981.0,16314235.0,687520000.0,0.004044945601582499
2013-03-27,2.23,2.25,2.2,2.21,2579784.0,15028627.0,687520000.0,0.0037523039329764953
2013-03-28,2.2,2.2,2.12,2.13,4109122.0,23123958.0,687520000.0,0.005976730858738655
2013-03-29,2.15,2.16,2.13,2.14,1819734.0,10216183.0,687520000.0,0.0026468088201070513
2013-04-01,2.13,2.16,2.12,2.15,1414524.0,7947744.0,687520000.0,0.0020574296020479405
2013-04-02,2.15,2.17,2.14,2.15,1927046.0,10856008.0,687520000.0,0.0028028944612520364
2013-04-03,2.15,2.16,2.12,2.14,1983488.0,11105359.0,687520000.0,0.0028849895275773795
2013-04-08,2.1,2.2,2.05,2.2,5541733.0,30798950.0,687520000.0,0.008060468059111007
2013-04-09,2.21,2.25,2.2,2.21,4068079.0,23696892.0,687520000.0,0.0059170336862927626
2013-04-10,2.21,2.22,2.18,2.2,1822517.0,10498533.0,687520000.0,0.002650856702350477
2013-04-11,2.2,2.23,2.16,2.16,1421653.0,8152760.0,687520000.0,0.0020677987549453107
2013-04-12,2.16,2.17,2.11,2.12,2340770.0,13093745.0,687520000.0,0.003404657319059809
2013-04-15,2.12,2.18,2.09,2.16,2314913.0,12875172.0,687520000.0,0.0033670482313241795
2013-04-16,2.13,2.17,2.12,2.15,2558729.0,14368520.0,687520000.0,0.003721679369327438
2013-04-17,2.15,2.16,2.09,2.13,4124483.0,22850200.0,687520000.0,0.00599907348149872
2013-04-18,2.12,2.14,2.1,2.12,2033985.0,11310539.0,687520000.0,0.002958437572725157
2013-04-19,2.12,2.16,2.1,2.16,3578700.0,20076676.0,687520000.0,0.00520523039329765
2013-04-22,2.15,2.15,2.11,2.13,3198713.0,17806182.0,687520000.0,0.0046525381079823135
2013-04-23,2.13,2.13,2.07,2.07,3405158.0,18673816.0,687520000.0,0.0049528130090761
2013-04-24,2.07,2.1,2.07,2.09,2235160.0,12190101.0,687520000.0,0.0032510472422620433
2013-04-25,2.08,2.08,2.05,2.05,2376658.0,12854194.0,687520000.0,0.0034568565278101002
2013-04-26,2.05,2.07,2.02,2.02,2497945.0,13319102.0,687520000.0,0.0036332688503607166
2013-05-02,2.01,2.01,1.97,1.98,3154767.0,16369843.0,687520000.0,0.0045886185129159875
2013-05-03,1.98,2.03,1.97,1.99,5888916.0,30809046.0,687520000.0,0.008565446823365139
2013-05-06,2.0,2.19,2.0,2.19,15826178.0,89156264.0,687520000.0,0.023019225622527343
2013-05-07,2.19,2.19,2.14,2.16,6453514.0,36448976.0,687520000.0,0.009386656388177799
2013-05-08,2.17,2.25,2.14,2.22,9266887.0,53350180.0,687520000.0,0.013478716255527112
2013-05-09,2.2,2.22,2.17,2.21,3953397.0,22728184.0,687520000.0,0.005750228356993251
2013-05-10,2.21,2.24,2.19,2.22,3952878.0,22932524.0,687520000.0,0.0057494734698626945
2013-05-13,2.25,2.25,2.19,2.22,4434095.0,25687608.0,687520000.0,0.006449405108215033
2013-05-14,2.22,2.22,2.16,2.17,3065014.0,17438468.0,687520000.0,0.004458072492436583
2013-05-15,2.2,2.39,2.19,2.31,15249135.0,92501992.0,687520000.0,0.022179914766115895
2013-05-16,2.27,2.33,2.27,2.33,5242280.0,31737020.0,687520000.0,0.007624912729811496
2013-05-17,2.31,2.39,2.29,2.37,9174289.0,56717952.0,687520000.0,0.013344032173609495
2013-05-20,2.37,2.38,2.34,2.38,4314251.0,26699892.0,687520000.0,0.006275091633697929
2013-05-21,2.38,2.39,2.34,2.37,3574299.0,22134204.0,687520000.0,0.00519882912497091
2013-05-22,2.4,2.4,2.33,2.34,3720203.0,22567974.0,687520000.0,0.005411046951361415
2013-05-23,2.32,2.34,2.27,2.28,4030321.0,23966514.0,687520000.0,0.005862114556667442
2013-05-24,2.28,2.4,2.28,2.4,5497945.0,33203736.0,687520000.0,0.007996778275541076
2013-05-27,2.4,2.44,2.37,2.43,6195231.0,38579724.0,687520000.0,0.009010982953223178
2013-05-28,2.44,2.45,2.41,2.43,5908167.0,37038816.0,687520000.0,0.008593447463346521
2013-05-29,2.43,2.47,2.41,2.43,4273179.0,26859716.0,687520000.0,0.006215352280660926
2013-05-30,2.42,2.42,2.35,2.36,5776171.0,35507688.0,687520000.0,0.008401458866651152
2013-05-31,2.36,2.42,2.36,2.38,4627299.0,28590812.0,687520000.0,0.006730420933209216
2013-06-03,2.38,2.41,2.36,2.38,2891968.0,17785000.0,687520000.0,0.004206376541773331
2013-06-04,2.37,2.39,2.24,2.29,3068882.0,18299720.0,687520000.0,0.0044636985105887825
2013-06-05,2.29,2.31,2.25,2.27,2144641.0,12561140.0,687520000.0,0.0031193870723760764
2013-06-06,2.26,2.29,2.18,2.2,3265688.0,18820336.0,687520000.0,0.004749953455899464
2013-06-07,2.2,2.22,2.1,2.13,5123020.0,28326662.0,687520000.0,0.00745144868512916
2013-06-13,2.1,2.19,2.05,2.15,3669760.0,20084456.0,687520000.0,0.005337677449383291
2013-06-14,2.13,2.2,2.13,2.15,2264633.0,12566000.0,687520000.0,0.003293915813358157
2013-06-17,2.15,2.16,2.11,2.15,1590598.0,8749780.0,687520000.0,0.0023135297882243425
2013-06-18,2.13,2.18,2.13,2.14,2175117.0,12043528.0,687520000.0,0.0031637145101233418
2013-06-19,2.14,2.14,2.09,2.12,2102829.0,11471558.0,687520000.0,0.003058571387014196
2013-06-20,2.12,2.16,2.1,2.1,1897243.0,10374153.0,687520000.0,0.0027595459041191528
2013-06-21,2.09,2.13,2.02,2.1,3811510.0,20245580.0,687520000.0,0.005543853269723063
2013-06-24,2.08,2.09,2.0,2.03,3349762.0,17535702.0,687520000.0,0.004872239353037003
2013-06-25,2.01,2.01,1.84,1.99,4539205.0,22768542.0,687520000.0,0.006602287933441936
2013-06-26,2.01,2.01,1.96,2.0,1229045.0,6297679.0,687520000.0,0.0017876498138235978
2013-06-27,2.0,2.03,1.98,1.98,1448960.0,7468516.0,687520000.0,0.002107516872236444
2013-06-28,1.98,2.01,1.94,1.99,1514163.0,7710995.0,687520000.0,0.0022023548405864556
2013-07-01,1.99,2.03,1.98,2.01,1345654.0,6935206.0,687520000.0,0.0019572579706772166
2013-07-02,2.01,2.04,1.99,2.04,1431179.0,7431409.0,687520000.0,0.0020816543518734
2013-07-03,2.04,2.09,2.01,2.08,2112381.0,11128112.0,687520000.0,0.0030724648010239703
2013-07-04,2.06,2.11,2.05,2.1,1786128.0,9603476.0,687520000.0,0.002597928787526181
2013-07-05,2.08,2.11,2.07,2.08,1677163.0,9024492.0,687520000.0,0.002439438852687922
2013-07-08,2.08,2.12,2.04,2.09,2873908.0,15463449.0,687520000.0,0.004180108215033744
2013-07-09,2.08,2.25,2.08,2.22,8329630.0,46936664.0,687520000.0,0.01211547300442169
2013-07-10,2.22,2.28,2.17,2.27,7011105.0,40412908.0,687520000.0,0.010197674249476379
2013-07-11,2.25,2.37,2.23,2.35,7873510.0,47305852.0,687520000.0,0.011452045031417267
2013-07-12,2.33,2.38,2.27,2.27,6339168.0,37924004.0,687520000.0,0.009220339771933907
2013-07-15,2.25,2.41,2.24,2.38,8710811.0,52500608.0,687520000.0,0.012669901966488248
2013-07-16,2.36,2.4,2.34,2.38,6014162.0,36667568.0,687520000.0,0.008747617523853852
2013-07-17,2.38,2.4,2.32,2.32,4913416.0,29941980.0,687520000.0,0.007146579008610658
2013-07-18,2.33,2.36,2.31,2.32,3520152.0,21146632.0,687520000.0,0.00512007214335583
2013-07-19,2.32,2.35,2.25,2.27,2922122.0,17413400.0,687520000.0,0.0042502356295089595
2013-07-22,2.26,2.33,2.22,2.32,2771165.0,16369675.0,687520000.0,0.004030668198743309
2013-07-23,2.31,2.39,2.29,2.3,4834284.0,29050856.0,687520000.0,0.007031481265999535
2013-07-24,2.3,2.34,2.17,2.31,6265088.0,36698616.0,687520000.0,0.009112590179194788
2013-07-25,2.31,2.32,2.18,2.2,5478849.0,31312986.0,687520000.0,0.00796900308354666
2013-07-26,2.18,2.22,2.15,2.18,3827471.0,21600032.0,687520000.0,0.005567068594368164
2013-07-29,2.18,2.22,2.12,2.19,2934563.0,16457180.0,687520000.0,0.004268331103095183
2013-07-30,2.19,2.21,2.09,2.12,4536190.0,24954460.0,687520000.0,0.00659790260646963
2013-07-31,2.14,2.15,2.09,2.1,2103267.0,11465865.0,687520000.0,0.0030592084593902722
2013-08-01,2.11,2.16,2.11,2.15,3598167.0,19793308.0,687520000.0,0.005233545205957645
2013-08-02,2.16,2.17,2.09,2.13,6937116.0,37858852.0,687520000.0,0.010090057016523156
2013-08-05,2.1,2.21,2.1,2.21,7118928.0,39346768.0,687520000.0,0.010354503141726786
2013-08-06,2.19,2.25,2.18,2.21,4348272.0,24816856.0,687520000.0,0.006324575285082616
2013-08-07,2.22,2.25,2.21,2.22,5594456.0,32131632.0,687520000.0,0.008137153828252268
2013-08-08,2.21,2.26,2.19,2.25,4347708.0,25100738.0,687520000.0,0.006323754945310682
2013-08-09,2.25,2.26,2.21,2.23,2060584.0,11879535.0,687520000.0,0.0029971259017919478
2013-08-12,2.26,2.28,2.21,2.27,3992668.0,23187264.0,687520000.0,0.005807348149872004
2013-08-13,2.29,2.31,2.25,2.28,4212478.0,24766108.0,687520000.0,0.006127062485454969
2013-08-14,2.27,2.29,2.23,2.24,2803066.0,16276682.0,687520000.0,0.0040770683034675355
2013-08-15,2.24,2.26,2.21,2.22,2779264.0,16029938.0,687520000.0,0.0040424482196881545
2013-08-16,2.21,2.24,2.13,2.15,3289826.0,18483340.0,687520000.0,0.004785062252734466
2013-08-19,2.15,2.2,2.13,2.19,1575348.0,8802973.0,687520000.0,0.0022913486153130092
2013-08-20,2.19,2.2,2.15,2.17,2382542.0,13349966.0,687520000.0,0.0034654148242960203
2013-08-21,2.17,2.18,2.14,2.18,1199118.0,6689986.0,687520000.0,0.0017441208983011403
2013-08-22,2.17,2.2,2.17,2.18,1242951.0,7003949.0,687520000.0,0.0018078761345124506
2013-08-23,2.18,2.21,2.14,2.16,2488972.0,13916151.0,687520000.0,0.0036202175936700023
2013-08-26,2.16,2.2,2.16,2.2,3126495.0,17632064.0,687520000.0,0.004547496800093088
2013-08-27,2.22,2.32,2.22,2.29,8506915.0,50048384.0,687520000.0,0.012373334593902724
2013-08-28,2.29,2.31,2.26,2.27,5110155.0,30017004.0,687520000.0,0.007432736502210845
2013-08-29,2.27,2.31,2.27,2.31,4199243.0,24845768.0,687520000.0,0.006107812136374215
2013-08-30,2.31,2.32,2.24,2.27,4686940.0,27412816.0,687520000.0,0.006817168955084943
2013-09-02,2.28,2.39,2.26,2.37,9039370.0,54587728.0,687520000.0,0.013147792064230859
2013-09-03,2.37,2.45,2.34,2.38,9597477.0,59114832.0,687520000.0,0.01395956044915057
2013-09-04,2.39,2.43,2.37,2.38,5979641.0,36851440.0,687520000.0,0.008697406620898301
2013-09-05,2.36,2.38,2.31,2.32,5617176.0,33806776.0,687520000.0,0.008170200139632301
2013-09-06,2.32,2.34,2.29,2.3,5113140.0,30551864.0,687520000.0,0.007437078194088899
2013-09-09,2.31,2.34,2.3,2.33,4117237.0,24680824.0,687520000.0,0.005988534151733768
2013-09-10,2.33,2.39,2.3,2.38,5132420.0,30925632.0,687520000.0,0.007465121014661392
2013-09-11,2.38,2.43,2.34,2.37,5952020.0,36524352.0,687520000.0,0.008657231789620665
2013-09-12,2.37,2.37,2.34,2.36,2848028.0,17293776.0,687520000.0,0.004142465673725855
2013-09-13,2.37,2.39,2.31,2.31,4156189.0,24905516.0,687520000.0,0.006045189958110309
2013-09-16,2.33,2.34,2.27,2.3,5091820.0,30262614.0,687520000.0,0.0074060681871072846
2013-09-17,2.3,2.32,2.27,2.27,2744715.0,16160480.0,687520000.0,0.003992196590644636
2013-09-18,2.27,2.32,2.25,2.31,2791059.0,16409796.0,687520000.0,0.004059604084244822
2013-09-23,2.31,2.35,2.3,2.34,3982852.0,23910500.0,687520000.0,0.005793070747032813
2013-09-24,2.35,2.37,2.32,2.34,4173823.0,25212508.0,687520000.0,0.00607083866651152
2013-09-25,2.34,2.49,2.32,2.45,13039496.0,81571560.0,687520000.0,0.018965987898533862
2013-09-26,2.46,2.46,2.41,2.43,7203712.0,45147032.0,687520000.0,0.01047782173609495
2013-09-27,2.42,2.48,2.39,2.43,5091397.0,31914982.0,687520000.0,0.007405452932278333
2013-09-30,2.43,2.54,2.43,2.51,8388552.0,53906816.0,687520000.0,0.012201175238538515
2013-10-08,2.51,2.69,2.5,2.67,17562978.0,118804520.0,687520000.0,0.025545406679078425
2013-10-09,2.66,2.76,2.62,2.73,15339224.0,107392952.0,687520000.0,0.022310949499650918
2013-10-10,2.72,2.72,2.66,2.67,6208930.0,42941720.0,687520000.0,0.009030908191761694
2013-10-11,2.67,2.74,2.66,2.7,7658177.0,53386472.0,687520000.0,0.011138842506399814
2013-10-14,2.7,2.85,2.7,2.76,11308864.0,81006208.0,687520000.0,0.01644877821736095
2013-10-15,2.76,2.8,2.66,2.7,9916977.0,69420832.0,687520000.0,0.014424274202932278
2013-10-16,2.69,2.69,2.55,2.57,11165513.0,74826952.0,687520000.0,0.016240273737491272
2013-10-17,2.58,2.7,2.58,2.64,13758218.0,93837320.0,687520000.0,0.02001137130556202
2013-10-18,2.74,2.91,2.74,2.81,31261658.0,228262000.0,687520000.0,0.04547017977658832
2013-10-21,2.84,2.95,2.75,2.92,20680518.0,152274352.0,687520000.0,0.03007987840353735
2013-10-22,2.89,2.97,2.82,2.83,11486572.0,85415144.0,687520000.0,0.016707255061670933
2013-10-23,2.84,2.94,2.75,2.77,10120662.0,73487584.0,687520000.0,0.0147205346753549
2013-10-24,2.77,2.83,2.75,2.8,7361948.0,52749072.0,687520000.0,0.01070797649522923
2013-10-25,2.8,2.81,2.66,2.73,7199290.0,50272024.0,687520000.0,0.010471389923202234
2013-10-28,2.74,2.76,2.7,2.72,3580531.0,25151730.0,687520000.0,0.005207893588550151
2013-10-29,2.74,2.76,2.57,2.72,7996919.0,55021448.0,687520000.0,0.01163154380963463
2013-10-30,2.69,2.83,2.69,2.83,8953225.0,64565072.0,687520000.0,0.013022493891086805
2013-10-31,2.83,2.83,2.7,2.79,6497270.0,46184956.0,687520000.0,0.009450299627647195
2013-11-01,2.76,2.84,2.71,2.83,6037577.0,43418892.0,687520000.0,0.008781674714917384
2013-11-04,2.84,2.88,2.75,2.78,6485438.0,46691332.0,687520000.0,0.009433089946474285
2013-11-05,2.79,2.89,2.76,2.87,11740571.0,85317232.0,687520000.0,0.017076697405166395
2013-11-06,2.88,2.96,2.81,2.83,13350730.0,99646680.0,687520000.0,0.019418678729346054
2013-11-07,2.83,2.85,2.7,2.74,8929424.0,63421684.0,687520000.0,0.012987875261810566
2013-11-08,2.7,2.73,2.59,2.67,6967347.0,47591400.0,687520000.0,0.010134028101000699
2013-11-11,2.66,2.72,2.59,2.71,3635084.0,24893872.0,687520000.0,0.005287241098440773
2013-11-12,2.7,2.72,2.67,2.71,2725024.0,18984256.0,687520000.0,0.003963555969280894
2013-11-13,2.71,2.74,2.64,2.72,4809141.0,33486756.0,687520000.0,0.006994910693507098
2013-11-14,2.72,2.81,2.68,2.79,8520371.0,60674500.0,687520000.0,0.012392906388177798
2013-11-15,2.8,2.84,2.77,2.83,7222409.0,52405772.0,687520000.0,0.010505016581335815
2013-11-18,2.83,2.84,2.81,2.84,7166926.0,52216140.0,687520000.0,0.010424316383523388
2013-11-19,2.84,2.9,2.83,2.84,5694851.0,41965484.0,687520000.0,0.00828317867116593
2013-11-20,2.87,2.87,2.78,2.83,4530390.0,32874886.0,687520000.0,0.006589466488247615
2013-11-21,2.82,2.88,2.79,2.88,5943469.0,43636976.0,687520000.0,0.00864479433325576
2013-11-22,2.9,2.98,2.88,2.93,11185378.0,84790696.0,687520000.0,0.016269167442401675
2013-11-25,2.93,2.96,2.83,2.85,5644295.0,42151276.0,687520000.0,0.00820964481033279
2013-11-26,2.82,2.85,2.79,2.82,4299861.0,31137088.0,687520000.0,0.00625416133348848
2013-11-27,2.82,2.86,2.81,2.84,3321536.0,24298084.0,687520000.0,0.0048311845473586225
2013-11-28,2.84,2.88,2.84,2.87,3815010.0,28150860.0,687520000.0,0.005548944030719106
2013-11-29,2.87,2.94,2.87,2.9,4139753.0,31020478.0,687520000.0,0.006021283744472888
2013-12-02,2.85,2.87,2.76,2.86,6437417.0,46785728.0,687520000.0,0.009363243251105423
2013-12-03,2.84,3.07,2.83,3.05,8599352.0,65645316.0,687520000.0,0.012507784500814521
2013-12-04,3.07,3.26,3.03,3.16,14396020.0,117599504.0,687520000.0,0.020939056318361647
2013-12-05,3.22,3.22,3.14,3.16,7663357.0,62687616.0,687520000.0,0.011146376832673959
2013-12-06,3.15,3.29,3.12,3.17,8169591.0,67867568.0,687520000.0,0.011882695776122876
2013-12-09,3.17,3.22,3.14,3.2,5453556.0,44693724.0,687520000.0,0.007932214335582964
2013-12-10,3.21,3.22,3.11,3.15,5962352.0,48582580.0,687520000.0,0.008672259716080986
2013-12-11,3.14,3.19,3.1,3.18,5265007.0,42633624.0,687520000.0,0.007657969222713521
2013-12-12,3.16,3.28,3.16,3.21,5368306.0,44687664.0,687520000.0,0.007808217942750756
2013-12-13,3.19,3.22,3.13,3.21,4227785.0,34559136.0,687520000.0,0.00614932656504538
2013-12-16,3.19,3.36,3.08,3.09,18307312.0,153370432.0,687520000.0,0.026628042820572493
2013-12-17,3.08,3.13,2.95,3.11,10021707.0,78337616.0,687520000.0,0.014576604316965325
2013-12-18,3.1,3.17,3.02,3.16,6028959.0,48205768.0,687520000.0,0.008769139806841983
2013-12-19,3.16,3.16,3.09,3.12,4025875.0,32292078.0,687520000.0,0.005855647835699325
2013-12-20,3.08,3.13,3.01,3.1,3997425.0,31623472.0,687520000.0,0.005814267221317198
2013-12-23,3.1,3.16,3.07,3.14,3703684.0,29801512.0,687520000.0,0.00538702001396323
2013-12-24,3.15,3.26,3.14,3.18,6095899.0,50177952.0,687520000.0,0.008866504247149173
2013-12-25,3.21,3.34,3.17,3.34,12360102.0,104533776.0,687520000.0,0.01797780719106353
2013-12-26,3.36,3.36,3.19,3.22,10442846.0,88200088.0,687520000.0,0.015189152315569002
2013-12-27,3.2,3.32,3.19,3.27,7457716.0,62875000.0,687520000.0,0.01084727135210612
2013-12-30,3.28,3.42,3.28,3.4,8706176.0,75439376.0,687520000.0,0.012663160344426345
2013-12-31,3.4,3.49,3.33,3.47,9611522.0,84560448.0,687520000.0,0.013979988945776123
2014-01-02,3.46,3.46,3.4,3.43,5301734.0,46838672.0,687520000.0,0.00771138875959972
2014-01-03,3.43,3.45,3.32,3.34,5586772.0,48382776.0,687520000.0,0.00812597742611124
2014-01-06,3.31,3.43,3.2,3.42,6458309.0,55010728.0,687520000.0,0.009393630730742378
2014-01-07,3.4,3.49,3.31,3.36,4700067.0,41054548.0,687520000.0,0.006836262217826391
2014-01-08,3.37,3.53,3.37,3.53,10491805.0,93854544.0,687520000.0,0.015260363334884803
2014-01-09,3.49,3.56,3.48,3.53,5000611.0,45403024.0,687520000.0,0.007273404410053526
2014-01-10,3.53,3.55,3.39,3.5,5997270.0,53593768.0,687520000.0,0.008723048056783802
2014-01-13,3.57,3.6,3.34,3.38,8491352.0,74779552.0,687520000.0,0.01235069816150803
2014-01-14,3.38,3.46,3.31,3.45,5877845.0,51313792.0,687520000.0,0.008549344019083081
2014-01-15,3.45,3.61,3.4,3.58,9605550.0,86928536.0,687520000.0,0.013971302653013731
2014-01-16,3.58,3.63,3.51,3.58,5785843.0,53295536.0,687520000.0,0.008415526821037933
2014-01-17,3.58,3.62,3.54,3.57,5002179.0,46235656.0,687520000.0,0.007275685070979753
2014-01-20,3.57,3.6,3.43,3.47,6984997.0,62761484.0,687520000.0,0.010159700081452176
2014-01-21,3.46,3.55,3.4,3.52,4970337.0,44681788.0,687520000.0,0.007229370781940889
2014-01-22,3.52,3.54,3.45,3.48,6140527.0,55424252.0,687520000.0,0.008931415813358157
2014-01-23,3.48,3.53,3.4,3.49,8929173.0,79257824.0,687520000.0,0.012987510181521993
2014-01-24,3.46,3.5,3.39,3.49,7471320.0,66623932.0,687520000.0,0.010867058412846171
2014-01-27,3.47,3.59,3.43,3.57,7621598.0,69624160.0,687520000.0,0.01108563823597859
2014-01-28,3.56,3.56,3.45,3.5,4891301.0,44148956.0,687520000.0,0.007114412671631371
2014-01-29,3.5,3.52,3.41,3.48,5858399.0,51978544.0,687520000.0,0.008521059750989062
2014-01-30,3.45,3.48,3.42,3.47,2435343.0,21606472.0,687520000.0,0.0035422140446823365
2014-02-07,3.44,3.44,3.35,3.41,3449852.0,30049836.0,687520000.0,0.005017820572492436
2014-02-10,3.4,3.47,3.38,3.45,5154843.0,45546768.0,687520000.0,0.007497735338608332
2014-02-11,3.45,3.47,3.33,3.36,7889842.0,68835912.0,687520000.0,0.01147579997672795
2014-02-12,3.36,3.59,3.34,3.56,11142790.0,99892152.0,687520000.0,0.016207223062601816
2014-02-13,3.57,3.59,3.49,3.57,8806141.0,80449104.0,687520000.0,0.012808559750989061
2014-02-14,3.57,3.82,3.55,3.8,16019294.0,154373168.0,687520000.0,0.023300113451245056
2014-02-17,3.8,3.97,3.73,3.85,13078638.0,130181680.0,687520000.0,0.01902292006050733
2014-02-18,3.85,3.94,3.78,3.83,5729211.0,56794264.0,687520000.0,0.008333155399115662
2014-02-19,3.83,3.88,3.8,3.86,4667217.0,46162260.0,687520000.0,0.006788481789620666
2014-02-20,3.86,3.99,3.8,3.82,9303468.0,93664320.0,687520000.0,0.013531923434954619
2014-02-21,3.8,3.85,3.75,3.81,3994276.0,38926168.0,687520000.0,0.005809686990923901
2014-02-24,3.78,3.84,3.69,3.79,5276374.0,50891336.0,687520000.0,0.007674502559925529
2014-02-25,3.76,3.82,3.49,3.64,6305959.0,59544216.0,687520000.0,0.009172037177100302
2014-02-26,3.57,3.64,3.5,3.61,4165555.0,38242188.0,687520000.0,0.006058812834535723
2014-02-27,3.61,3.66,3.52,3.53,4326247.0,39781696.0,687520000.0,0.006292539853386083
2014-02-28,3.51,3.58,3.49,3.56,5410489.0,49261296.0,687520000.0,0.007869573248778218
2014-03-03,3.55,3.65,3.53,3.59,4716190.0,43639428.0,687520000.0,0.0068597131719804515
2014-03-04,3.56,3.62,3.53,3.61,2480498.0,22912202.0,687520000.0,0.0036078921340470097
2014-03-05,3.62,3.79,3.62,3.76,6786185.0,65206852.0,687520000.0,0.00987052740283919
2014-03-06,3.76,3.76,3.64,3.71,4839085.0,45843832.0,687520000.0,0.0070384643355829645
2014-03-07,3.68,3.73,3.49,3.61,6099456.0,56720008.0,687520000.0,0.008871677914824296
2014-03-10,3.62,3.66,3.49,3.59,5542771.0,51576788.0,687520000.0,0.00806197783337212
2014-03-11,3.59,3.72,3.54,3.62,4205926.0,39678084.0,687520000.0,0.0061175325808703745
2014-03-12,3.62,3.62,3.35,3.51,6641203.0,59426996.0,687520000.0,0.009659650628345357
2014-03-13,3.49,3.54,3.43,3.49,2543797.0,22859508.0,687520000.0,0.003699960728415173
2014-03-14,3.47,3.47,3.35,3.43,2527894.0,22183680.0,687520000.0,0.0036768297649522924
2014-03-17,3.36,3.49,3.36,3.49,1751068.0,15586844.0,687520000.0,0.00254693390737724
2014-03-18,3.49,3.55,3.47,3.48,2193854.0,19797704.0,687520000.0,0.0031909675354898767
2014-03-19,3.49,3.5,3.42,3.48,2394113.0,21291228.0,687520000.0,0.003482244880148941
2014-03-20,3.43,3.47,3.38,3.39,1727166.0,15231450.0,687520000.0,0.0025121683732836865
2014-03-21,3.36,3.43,3.32,3.41,2151819.0,18738656.0,687520000.0,0.003129827495927391
2014-03-24,3.41,3.51,3.4,3.49,2904568.0,26103596.0,687520000.0,0.004224703281359088
2014-03-25,3.48,3.52,3.41,3.47,2680439.0,23812832.0,687520000.0,0.003898706946707005
2014-03-26,3.45,3.51,3.44,3.5,2001819.0,17955516.0,687520000.0,0.0029116520246683735
2014-03-27,3.5,3.51,3.45,3.48,1492330.0,13372051.0,687520000.0,0.0021705986734931347
2014-03-28,3.45,3.49,3.38,3.42,1970853.0,17401830.0,687520000.0,0.0028666118803816615
2014-03-31,3.39,3.41,3.2,3.33,4885620.0,41312536.0,687520000.0,0.007106149639283221
2014-04-01,3.33,3.34,3.28,3.33,1560338.0,13288630.0,687520000.0,0.00226951652315569
2014-04-02,3.34,3.38,3.29,3.32,1393344.0,11926359.0,687520000.0,0.002026623225506167
2014-04-03,3.31,3.33,3.28,3.31,1312563.0,11181338.0,687520000.0,0.0019091270072143355
2014-04-04,3.31,3.34,3.24,3.33,1300555.0,11035897.0,687520000.0,0.0018916613334884803
2014-04-08,3.34,3.36,3.29,3.36,2065803.0,17809426.0,687520000.0,0.00300471695368862
2014-04-09,3.36,3.48,3.32,3.47,3344146.0,29296550.0,687520000.0,0.004864070863393065
2014-04-10,3.46,3.52,3.45,3.49,3243327.0,29119212.0,687520000.0,0.004717429311147312
2014-04-11,3.48,3.5,3.45,3.49,1648982.0,14779458.0,687520000.0,0.002398449499650919
2014-04-14,3.49,3.61,3.46,3.61,4207839.0,38686988.0,687520000.0,0.006120315045380498
2014-04-15,3.6,3.66,3.57,3.6,4827107.0,45029608.0,687520000.0,0.007021042296951362
2014-04-16,3.58,3.63,3.49,3.51,3130278.0,28718000.0,687520000.0,0.004552999185478241
2014-04-17,3.52,3.57,3.5,3.53,2136639.0,19453360.0,687520000.0,0.0031077481382359787
2014-04-18,3.52,3.55,3.49,3.53,1519671.0,13782204.0,687520000.0,0.0022103662438910866
2014-04-21,3.5,3.64,3.49,3.56,3860970.0,35627920.0,687520000.0,0.005615792995112869
2014-04-22,3.55,3.61,3.51,3.6,1639924.0,14982012.0,687520000.0,0.002385274610193158
2014-04-23,3.6,3.62,3.53,3.59,1611948.0,14841892.0,687520000.0,0.0023445834303002094
2014-04-24,3.54,3.59,3.53,3.56,1241878.0,11378113.0,687520000.0,0.0018063154526413777
2014-04-25,3.53,3.58,3.37,3.43,2324033.0,20744484.0,687520000.0,0.003380313299976728
2014-04-28,3.37,3.37,3.09,3.09,5697103.0,46103328.0,687520000.0,0.008286454212241098
2014-04-29,3.06,3.17,3.01,3.12,3959083.0,31360480.0,687520000.0,0.00575849866185711
2014-04-30,3.12,3.17,3.08,3.16,2055362.0,16604208.0,687520000.0,0.0029895304863858507
2014-05-05,3.16,3.21,3.1,3.2,2613485.0,21245840.0,687520000.0,0.0038013221433558296
2014-05-06,3.18,3.42,3.18,3.31,3525983.0,30315280.0,687520000.0,0.005128553351175238
2014-05-07,3.31,3.33,3.17,3.2,1574240.0,13174522.0,687520000.0,0.002289737025831976
2014-05-08,3.22,3.24,3.15,3.22,1442685.0,11906494.0,687520000.0,0.0020983898650221086
2014-05-09,3.18,3.2,3.09,3.12,1468797.0,11822209.0,687520000.0,0.0021363698510588783
2014-05-12,3.16,3.24,3.11,3.23,2680236.0,22078012.0,687520000.0,0.0038984116825692343
2014-05-13,3.22,3.32,3.21,3.27,2288250.0,19347822.0,687520000.0,0.0033282668140563183
2014-05-14,3.29,3.35,3.29,3.29,1265072.0,10811041.0,687520000.0,0.0018400511985105887
2014-05-15,3.53,3.62,3.38,3.41,7387009.0,66138472.0,687520000.0,0.010744427798464044
2014-05-16,3.34,3.42,3.25,3.41,3636019.0,31171384.0,687520000.0,0.005288601058878287
2014-05-19,3.32,3.5,3.32,3.47,3066016.0,27167912.0,687520000.0,0.004459529904584594
2014-05-20,3.48,3.52,3.46,3.46,2481594.0,22365364.0,687520000.0,0.0036094862694903422
2014-05-21,3.46,3.61,3.46,3.56,5033741.0,46360400.0,687520000.0,0.007321592099138934
2014-05-22,3.56,3.6,3.52,3.54,2434981.0,22356778.0,687520000.0,0.0035416875145450315
2014-05-23,3.55,3.55,3.47,3.51,1952619.0,17600208.0,687520000.0,0.0028400904700954153
2014-05-26,3.52,3.58,3.5,3.53,2204078.0,20131504.0,687520000.0,0.0032058383756108913
2014-05-27,3.51,3.53,3.46,3.49,2288959.0,20542984.0,687520000.0,0.0033292980567838026
2014-05-28,3.48,3.49,3.42,3.45,2072409.0,18417948.0,687520000.0,0.0030143254014428672
2014-05-29,3.45,3.47,3.42,3.44,1456970.0,12938770.0,687520000.0,0.0021191674424016755
2014-05-30,3.42,3.47,3.42,3.44,1173253.0,10397641.0,687520000.0,0.001706500174540377
2014-06-03,3.44,3.58,3.43,3.56,4121857.0,37668080.0,687520000.0,0.0059952539562485455
2014-06-04,3.59,3.59,3.46,3.51,3111566.0,28039170.0,687520000.0,0.004525782522690249
2014-06-05,3.51,3.59,3.51,3.57,4001313.0,36671024.0,687520000.0,0.005819922329532232
2014-06-06,3.57,3.62,3.56,3.6,4184474.0,38745308.0,687520000.0,0.006086330579474051
2014-06-09,3.57,3.72,3.57,3.68,6970784.0,66090836.0,687520000.0,0.010139027228298814
2014-06-10,3.68,3.71,3.61,3.69,3405315.0,32125802.0,687520000.0,0.004953041366069351
2014-06-11,3.66,3.69,3.6,3.62,3293365.0,30878802.0,687520000.0,0.004790209739353037
2014-06-12,3.61,3.65,3.57,3.61,1830920.0,16990464.0,687520000.0,0.0026630788922504074
2014-06-13,3.6,3.78,3.6,3.74,6576599.0,63018296.0,687520000.0,0.00956568390737724
2014-06-16,3.73,3.88,3.71,3.73,6410901.0,62728876.0,687520000.0,0.009324675645799394
2014-06-17,3.75,3.75,3.61,3.62,3880924.0,35413304.0,687520000.0,0.005644816150802885
2014-06-18,3.62,3.66,3.53,3.59,3808484.0,34053988.0,687520000.0,0.005539451943216198
2014-06-19,3.56,3.6,3.53,3.55,1917691.0,17042308.0,687520000.0,0.0027892875843611824
2014-06-20,3.57,3.62,3.55,3.57,2307307.0,20607468.0,687520000.0,0.0033559852804282055
2014-06-23,3.54,3.69,3.54,3.67,3445703.0,31503524.0,687520000.0,0.005011785838957412
2014-06-24,3.68,3.75,3.65,3.73,2015725.0,18685190.0,687520000.0,0.002931878345357226
2014-06-25,3.73,3.74,3.65,3.65,1578918.0,14494737.0,687520000.0,0.0022965411915289737
2014-06-26,3.64,3.7,3.63,3.65,1744114.0,15918953.0,687520000.0,0.002536819292529672
2014-06-27,3.65,3.72,3.64,3.68,1815478.0,16741301.0,687520000.0,0.002640618454735862
2014-06-30,3.68,3.83,3.65,3.8,4554064.0,42758280.0,687520000.0,0.006623900395624854
2014-07-01,3.86,3.86,3.78,3.79,3481559.0,33119384.0,687520000.0,0.005063938503607168
2014-07-02,3.79,3.93,3.77,3.86,3601498.0,34738036.0,687520000.0,0.005238390155922736
2014-07-03,3.87,3.98,3.81,3.97,5476065.0,53831784.0,687520000.0,0.007964953746800093
2014-07-04,3.97,3.98,3.89,3.96,3495484.0,34310300.0,687520000.0,0.005084192459855713
2014-07-07,3.95,3.95,3.84,3.84,4550345.0,44236080.0,687520000.0,0.006618491098440773
2014-07-08,3.84,3.99,3.81,3.97,5245319.0,51768536.0,687520000.0,0.007629332964859204
2014-07-09,3.97,4.05,3.85,3.94,5587515.0,55250720.0,687520000.0,0.008127058121945543
2014-07-10,3.92,4.12,3.92,4.07,9748126.0,98728592.0,687520000.0,0.014178679892948569
2014-07-11,4.07,4.23,4.05,4.13,7115012.0,73704768.0,687520000.0,0.010348807307423784
2014-07-14,4.13,4.19,4.08,4.1,5182636.0,53327696.0,687520000.0,0.007538160344426344
2014-07-15,4.11,4.25,4.1,4.14,4483413.0,46793856.0,687520000.0,0.006521138294158716
2014-07-16,4.14,4.18,4.03,4.09,2655663.0,27105024.0,687520000.0,0.003862670176867582
2014-07-17,4.06,4.15,4.04,4.04,1562477.0,15854747.0,687520000.0,0.002272627705375844
2014-07-18,4.04,4.07,4.0,4.05,2462916.0,24721040.0,687520000.0,0.0035823190598091694
2014-07-21,4.01,4.1,3.86,3.92,5741504.0,56940152.0,687520000.0,0.00835103560623691
2014-07-22,3.92,4.05,3.89,4.0,4468564.0,44404820.0,687520000.0,0.006499540377007214
2014-07-23,4.01,4.05,3.95,4.03,3687848.0,36824120.0,687520000.0,0.005363986502210844
2014-07-24,4.01,4.04,3.89,3.93,3474121.0,34129256.0,687520000.0,0.0050531199092390035
2014-07-25,3.93,4.0,3.88,3.94,1992615.0,19461672.0,687520000.0,0.00289826477775192
2014-07-28,3.94,4.05,3.91,4.03,5672301.0,56218620.0,687520000.0,0.00825037962531999
2014-07-29,4.01,4.04,3.97,3.99,5862715.0,58521844.0,687520000.0,0.008527337386548754
2014-07-30,3.99,4.03,3.97,4.01,3770354.0,37591416.0,687520000.0,0.005483991738422155
2014-07-31,4.04,4.08,3.94,4.03,6477084.0,64872424.0,687520000.0,0.0094209390272283
2014-08-01,4.01,4.03,3.97,3.97,3932873.0,39235976.0,687520000.0,0.005720376134512451
2014-08-04,3.99,4.14,3.95,4.12,8857706.0,90189328.0,687520000.0,0.012883561205492203
2014-08-05,4.1,4.14,4.06,4.11,3222131.0,32890340.0,687520000.0,0.004686599662555271
2014-08-06,4.11,4.11,4.05,4.09,3268269.0,33228240.0,687520000.0,0.004753707528508262
2014-08-07,4.07,4.15,4.03,4.04,3030758.0,30957680.0,687520000.0,0.004408247032813591
2014-08-08,4.05,4.06,4.01,4.03,1639749.0,16504042.0,687520000.0,0.002385020072143356
2014-08-11,4.01,4.17,4.01,4.16,4966920.0,51107364.0,687520000.0,0.0072244007447056086
2014-08-12,4.16,4.18,4.1,4.14,3761896.0,38732032.0,687520000.0,0.0054716895508494295
2014-08-13,4.14,4.14,4.04,4.08,3476593.0,35347616.0,687520000.0,0.005056715441005353
2014-08-14,4.07,4.1,4.0,4.02,3800630.0,38397416.0,687520000.0,0.005528028275541075
2014-08-15,4.02,4.09,4.01,4.07,2771172.0,28177626.0,687520000.0,0.004030678380265301
2014-08-18,4.1,4.1,4.06,4.09,2757889.0,28078328.0,687520000.0,0.004011358215033745
2014-08-19,4.11,4.11,4.05,4.1,4709107.0,48058524.0,687520000.0,0.006849410926227601
2014-08-20,4.08,4.18,4.07,4.14,4637285.0,48057200.0,687520000.0,0.0067449456015824995
2014-08-21,4.14,4.15,4.06,4.11,2000161.0,20532104.0,687520000.0,0.0029092404584593902
2014-08-22,4.11,4.19,4.1,4.17,3810106.0,39497008.0,687520000.0,0.005541811147312078
2014-08-25,4.18,4.32,4.15,4.17,4966126.0,52290176.0,687520000.0,0.007223245869211078
2014-08-26,4.17,4.23,4.03,4.03,4017795.0,41327416.0,687520000.0,0.005843895450314173
2014-08-27,4.03,4.07,3.96,4.04,3959244.0,39582072.0,687520000.0,0.005758732836862928
2014-08-28,4.04,4.05,3.93,4.02,3128300.0,30967560.0,687520000.0,0.004550122178263905
2014-08-29,4.01,4.04,3.94,4.02,2695033.0,26809224.0,687520000.0,0.003919933965557365
2014-09-01,4.01,4.01,3.91,3.98,7347567.0,72441952.0,687520000.0,0.010687059285548056
2014-09-02,3.95,4.04,3.95,4.04,5763224.0,57470920.0,687520000.0,0.008382627414475215
2014-09-03,4.04,4.05,3.99,4.04,4034613.0,40515160.0,687520000.0,0.005868357284151734
2014-09-04,4.04,4.12,4.02,4.09,5270860.0,53814112.0,687520000.0,0.007666482429602048
2014-09-05,4.11,4.15,4.07,4.12,5891980.0,60491740.0,687520000.0,0.00856990342099139
2014-09-09,4.12,4.17,4.0,4.04,6852217.0,69880176.0,687520000.0,0.009966571154293693
2014-09-10,4.03,4.03,3.93,3.97,9897751.0,98071360.0,687520000.0,0.014396309925529439
2014-09-11,3.97,4.01,3.92,3.99,7156586.0,70901712.0,687520000.0,0.010409276821037934
2014-09-12,3.99,4.03,3.93,4.01,4666681.0,46247328.0,687520000.0,0.0067877021759367
2014-09-15,4.01,4.07,3.98,4.05,5840595.0,58798696.0,687520000.0,0.008495163777053758
2014-09-16,4.05,4.07,3.89,3.93,8372898.0,83229520.0,687520000.0,0.012178406446357924
2014-09-17,3.93,3.94,3.81,3.89,6223034.0,60147928.0,687520000.0,0.009051422504072608
2014-09-18,3.89,3.91,3.85,3.89,2782636.0,26928860.0,687520000.0,0.004047352804282057
2014-09-19,3.9,3.9,3.81,3.87,3227623.0,31014404.0,687520000.0,0.004694587793809634
2014-09-22,3.86,3.87,3.8,3.85,3045100.0,29100946.0,687520000.0,0.004429107516872237
2014-09-23,3.82,3.89,3.79,3.84,6584732.0,62996108.0,687520000.0,0.009577513381428903
2014-09-24,3.84,3.88,3.78,3.87,5984499.0,57161536.0,687520000.0,0.00870447259716081
2014-09-25,3.87,3.88,3.84,3.84,6027902.0,58013444.0,687520000.0,0.008767602397021177
2014-09-26,3.83,3.87,3.79,3.87,5257694.0,50258616.0,687520000.0,0.007647332441238073
2014-09-29,3.87,3.95,3.87,3.94,6951501.0,67570352.0,687520000.0,0.010110980044216896
2014-09-30,3.94,3.95,3.89,3.93,4100643.0,40197488.0,687520000.0,0.005964398126599954
2014-10-08,3.95,3.97,3.91,3.95,5284164.0,52061308.0,687520000.0,0.007685833139399581
2014-10-09,3.97,3.97,3.93,3.95,5224501.0,51515720.0,687520000.0,0.007599053118454736
2014-10-10,3.95,3.97,3.91,3.92,4606530.0,45196452.0,687520000.0,0.0067002123574586925
2014-10-13,3.91,3.91,3.8,3.87,5020796.0,48066856.0,687520000.0,0.0073027635559692805
2014-10-14,3.87,3.88,3.8,3.81,4109296.0,39315868.0,687520000.0,0.005976983942285316
2014-10-15,3.8,3.89,3.8,3.85,2971566.0,28558300.0,687520000.0,0.004322152082848499
2014-10-16,3.83,3.85,3.77,3.78,4730851.0,44940436.0,687520000.0,0.006881037642541308
2014-10-17,3.77,3.77,3.7,3.74,3537615.0,32939968.0,687520000.0,0.005145472131719804
2014-10-20,3.74,3.8,3.73,3.77,2469470.0,23212768.0,687520000.0,0.0035918518734000464
2014-10-21,3.76,3.83,3.75,3.8,2535989.0,24074174.0,687520000.0,0.0036886039678845706
2014-10-22,3.79,3.81,3.72,3.73,2470241.0,23141224.0,687520000.0,0.003592973295322318
2014-10-23,3.73,3.73,3.6,3.65,4358365.0,39634536.0,687520000.0,0.006339255585292064
2014-10-24,3.63,3.66,3.61,3.65,2631479.0,23798068.0,687520000.0,0.0038274944728880615
2014-10-27,3.63,3.73,3.63,3.72,3456383.0,31694956.0,687520000.0,0.005027319932511054
2014-10-28,3.72,3.76,3.7,3.75,2638555.0,24593732.0,687520000.0,0.0038377865371189202
2014-10-29,3.75,3.79,3.73,3.77,2674104.0,25127972.0,687520000.0,0.0038894926693041655
2014-10-30,3.76,3.78,3.74,3.75,2839201.0,26640920.0,687520000.0,0.004129626774493833
2014-10-31,3.75,3.79,3.74,3.76,3961595.0,37173176.0,687520000.0,0.0057621523737491276
2014-11-03,3.76,3.79,3.76,3.77,4340799.0,40901136.0,687520000.0,0.006313705783104491
2014-11-04,3.75,3.77,3.69,3.69,3437074.0,31969108.0,687520000.0,0.004999234931347451
2014-11-05,3.69,3.71,3.67,3.69,2267007.0,20854172.0,687520000.0,0.0032973688038166163
2014-11-06,3.71,3.71,3.64,3.68,2754447.0,25220168.0,687520000.0,0.004006351815219921
2014-11-07,3.69,3.69,3.65,3.65,3122692.0,28618008.0,687520000.0,0.004541965324645101
2014-11-10,3.65,3.67,3.59,3.65,3859055.0,34946668.0,687520000.0,0.005613007621596462
2014-11-11,3.65,3.67,3.56,3.62,4427411.0,39917768.0,687520000.0,0.006439683209215732
2014-11-12,3.61,3.73,3.57,3.72,5508959.0,50546204.0,687520000.0,0.008012798173144054
2014-11-13,3.73,3.82,3.7,3.8,10812955.0,101992824.0,687520000.0,0.015727477018850362
2014-11-14,3.79,3.81,3.74,3.77,4589047.0,43205508.0,687520000.0,0.006674783279031883
2014-11-17,3.81,3.85,3.75,3.82,5859482.0,55646780.0,687520000.0,0.008522634977891552
2014-11-18,3.79,3.88,3.78,3.85,9135045.0,87748080.0,687520000.0,0.01328695165231557
2014-11-19,3.85,3.88,3.79,3.82,5638051.0,53965196.0,687520000.0,0.008200562892715849
2014-11-20,3.8,3.83,3.77,3.8,3173855.0,30166462.0,687520000.0,0.004616382068885269
2014-11-21,3.81,3.84,3.79,3.81,4262862.0,40521572.0,687520000.0,0.006200346171747731
2014-11-24,3.81,3.84,3.79,3.81,6608213.0,62875928.0,687520000.0,0.00961166656969979
2014-11-25,3.82,3.86,3.79,3.86,6489535.0,62009720.0,687520000.0,0.00943904904584594
2014-11-26,3.88,3.88,3.81,3.83,5023858.0,48155160.0,687520000.0,0.0073072172445892486
2014-11-27,3.84,4.03,3.83,4.01,14217203.0,139466000.0,687520000.0,0.02067896643006749
2014-11-28,4.01,4.01,3.91,3.97,10626940.0,105169120.0,687520000.0,0.015456917616942052
2014-12-01,3.97,3.99,3.87,3.9,8361076.0,81597520.0,687520000.0,0.01216121131021643
2014-12-02,3.88,3.95,3.88,3.93,4968101.0,48678888.0,687520000.0,0.007226118512915988
2014-12-03,3.92,3.98,3.89,3.97,8020254.0,78912832.0,687520000.0,0.011665484640446823
2014-12-04,3.97,3.99,3.93,3.95,11479172.0,113175224.0,687520000.0,0.016696491738422154
2014-12-05,3.93,3.95,3.77,3.77,11870019.0,113754816.0,687520000.0,0.017264979927856645
2014-12-08,3.78,3.84,3.72,3.77,10044913.0,94477424.0,687520000.0,0.014610357516872237
2014-12-09,3.76,3.79,3.71,3.71,8480540.0,79322608.0,687520000.0,0.01233497207353968
2014-12-10,3.7,3.84,3.68,3.81,5294038.0,49658484.0,687520000.0,0.007700194903420991
2014-12-11,3.8,3.87,3.75,3.84,7060056.0,67387984.0,687520000.0,0.010268873632767047
2014-12-12,3.86,3.88,3.78,3.84,7985300.0,76056416.0,687520000.0,0.011614643937630906
2014-12-15,3.87,3.89,3.81,3.88,6392485.0,61466776.0,687520000.0,0.009297889515941354
2014-12-16,3.89,3.89,3.84,3.85,4839693.0,46576884.0,687520000.0,0.0070393486734931345
2014-12-17,3.85,3.88,3.73,3.76,5972061.0,56315848.0,687520000.0,0.008686381487084012
2014-12-18,3.76,3.79,3.73,3.77,3329202.0,31246368.0,687520000.0,0.0048423347684431
2014-12-19,3.76,3.76,3.63,3.67,8151761.0,74769944.0,687520000.0,0.011856761985105888
2014-12-22,3.71,3.74,3.56,3.73,8212871.0,75008504.0,687520000.0,0.011945646672096811
2014-12-23,3.76,3.77,3.63,3.65,3820423.0,35014008.0,687520000.0,0.005556817256225273
2014-12-24,3.67,3.7,3.64,3.67,2829257.0,25887798.0,687520000.0,0.0041151631952525015
2014-12-25,3.67,3.74,3.65,3.71,3170828.0,29294618.0,687520000.0,0.004611979287875261
2014-12-26,3.71,3.74,3.66,3.67,6038905.0,55537772.0,687520000.0,0.008783606295089598
2014-12-29,3.67,3.71,3.63,3.66,3973687.0,36424616.0,687520000.0,0.005779740225738888
2014-12-30,3.66,3.71,3.57,3.67,4044948.0,36717172.0,687520000.0,0.00588338957412148
2014-12-31,3.66,3.74,3.64,3.73,5510781.0,50720256.0,687520000.0,0.00801544827786828
2015-01-05,3.73,3.87,3.69,3.85,12406014.0,117988992.0,687520000.0,0.018044586339306494
2015-01-06,3.81,3.89,3.8,3.87,9272331.0,89266784.0,687520000.0,0.013486634570630672
2015-01-07,3.87,3.99,3.84,3.99,14959880.0,147158256.0,687520000.0,0.021759192459855713
2015-01-08,4.01,4.15,4.0,4.06,22372744.0,227875152.0,687520000.0,0.032541226437049105
2015-01-09,4.06,4.16,4.0,4.01,15289410.0,155438176.0,687520000.0,0.02223849488014894
2015-01-12,4.01,4.01,3.87,3.89,9730095.0,95229080.0,687520000.0,0.014152453746800093
2015-01-13,3.84,4.01,3.82,3.99,8963377.0,88020664.0,687520000.0,0.013037260006981615
2015-01-14,3.95,4.17,3.95,4.1,16799490.0,171751904.0,687520000.0,0.024434910984407726
2015-01-15,4.12,4.15,4.04,4.07,7571686.0,76991488.0,687520000.0,0.011013041075168723
2015-01-16,4.07,4.13,4.0,4.1,11406786.0,115686192.0,687520000.0,0.01659120607400512
2015-01-19,4.01,4.05,3.83,3.97,12169111.0,120666848.0,687520000.0,0.01770001018152199
2015-01-20,3.95,4.09,3.93,4.07,9192558.0,92393432.0,687520000.0,0.013370604491505702
2015-01-21,4.05,4.11,4.05,4.07,8587643.0,87362232.0,687520000.0,0.012490753723528043
2015-01-22,4.09,4.39,4.05,4.33,20363464.0,216381360.0,687520000.0,0.029618722364440308
2015-01-23,4.35,4.43,4.27,4.33,15640354.0,169775952.0,687520000.0,0.022748944030719108
2015-01-26,4.31,4.48,4.29,4.42,12876380.0,141463904.0,687520000.0,0.018728735164067953
2015-01-27,4.38,4.44,4.33,4.34,4505100.0,49347952.0,687520000.0,0.006552682103793344
2015-05-11,4.78,4.78,4.78,4.78,95850.0,1142532.0,687520000.0,0.00013941412613451245
2015-05-12,5.25,5.25,5.25,5.25,850242.0,11146673.0,687520000.0,0.001236679660228066
2015-05-13,5.78,5.78,5.78,5.78,327305.0,4719738.0,687520000.0,0.00047606615080288573
2015-05-14,6.35,6.35,6.35,6.35,180596.0,2864253.0,687520000.0,0.0002626774493832907
2015-05-15,6.99,6.99,6.99,6.99,1212131.0,21151686.0,687520000.0,0.001763048347684431
2015-05-18,7.69,7.69,7.25,7.69,42687896.0,815251136.0,687520000.0,0.062089678845706306
2015-05-19,7.9,8.02,6.92,7.45,43413432.0,814123648.0,687520000.0,0.06314497323714219
2015-05-20,7.46,7.68,7.29,7.48,28870752.0,536949056.0,687520000.0,0.04199259948801489
2015-05-21,7.49,8.23,7.49,8.23,32950740.0,633562432.0,687520000.0,0.04792695485222248
2015-05-22,8.76,8.82,7.86,7.99,33660512.0,683122304.0,687520000.0,0.04895932045613219
2015-05-25,7.76,8.0,7.49,7.79,27012762.0,514795936.0,687520000.0,0.03929014719571794
2015-05-26,7.8,8.21,7.61,8.15,29376888.0,576955264.0,687520000.0,0.042728775890155925
2015-05-27,8.09,8.74,7.85,8.53,31941596.0,654043200.0,687520000.0,0.046459151733767745
2015-05-28,8.52,8.91,7.69,7.79,29806906.0,618874624.0,687520000.0,0.043354238422154995
2015-05-29,7.82,8.3,7.57,7.93,23778944.0,468059776.0,687520000.0,0.03458654875494531
2015-06-01,7.91,8.49,7.69,8.29,20611136.0,416126016.0,687520000.0,0.029978962066558063
2015-06-02,8.3,9.12,8.18,9.12,32292676.0,695767488.0,687520000.0,0.04696979869676519
2015-06-03,9.17,9.2,8.61,8.7,27725984.0,604601536.0,687520000.0,0.040327530835466606
2015-06-04,8.68,9.57,8.28,9.23,37893280.0,850964864.0,687520000.0,0.05511589481033279
2015-06-05,9.18,9.63,8.85,9.48,27854848.0,636394944.0,687520000.0,0.04051496392832209
2015-06-08,9.36,9.37,8.87,9.17,18264336.0,412175200.0,687520000.0,0.026565534093553642
2015-06-09,9.19,9.25,8.7,8.81,17156800.0,375614752.0,687520000.0,0.024954619501978123
2015-06-10,8.59,8.83,8.5,8.71,18424174.0,394002752.0,687520000.0,0.026798018966720967
2015-06-11,8.68,8.88,8.57,8.83,14504574.0,312610400.0,687520000.0,0.021096948452408656
2015-06-12,8.91,8.91,8.6,8.63,15587315.0,334725216.0,687520000.0,0.02267179863858506
2015-06-15,8.63,8.76,8.08,8.13,17741408.0,369786048.0,687520000.0,0.02580493367465674
2015-06-16,8.14,8.18,7.73,7.86,12643015.0,247616256.0,687520000.0,0.018389305038398883
2015-06-17,7.9,8.09,7.53,8.05,12628070.0,243257328.0,687520000.0,0.018367567488945778
2015-06-18,8.02,8.27,7.89,7.93,11636395.0,233371616.0,687520000.0,0.016925173085873865
2015-06-19,7.65,7.91,7.17,7.34,9199943.0,172179552.0,687520000.0,0.013381345997207354
2015-06-23,7.38,7.6,6.61,7.34,11214177.0,199384304.0,687520000.0,0.016311055678380267
2015-06-24,7.35,7.49,7.23,7.44,9216946.0,168319456.0,687520000.0,0.013406076914126135
2015-06-25,7.44,7.79,7.29,7.55,14812756.0,277434592.0,687520000.0,0.021545200139632303
2015-06-26,7.39,7.48,6.79,6.83,11770960.0,205567680.0,687520000.0,0.01712089830114033
2015-06-29,6.88,7.17,6.14,6.14,15692474.0,249958960.0,687520000.0,0.022824752734465905
2015-06-30,5.93,6.46,5.53,6.37,13204640.0,193843744.0,687520000.0,0.01920619036537119
2015-07-01,6.3,6.62,5.73,5.73,11272105.0,174917440.0,687520000.0,0.016395312136374216
2015-07-02,5.73,5.84,5.16,5.16,12128836.0,159942336.0,687520000.0,0.017641430067488945
2015-07-03,4.83,5.17,4.64,4.64,13341671.0,157200832.0,687520000.0,0.019405502385385152
2015-07-06,5.1,5.11,4.18,4.18,19241292.0,214294240.0,687520000.0,0.027986519664882477
2015-07-07,3.85,3.96,3.76,3.76,8725600.0,81520832.0,687520000.0,0.012691412613451246
2015-07-13,4.14,4.14,4.14,4.14,1190028.0,12162086.0,687520000.0,0.0017308994647428438
2015-07-14,4.55,4.55,4.55,4.55,345158.0,3879576.0,687520000.0,0.000502033395392134
2015-07-15,5.0,5.0,4.42,4.55,35778036.0,428569472.0,687520000.0,0.05203926576681406
2015-07-16,4.09,4.86,4.09,4.78,19452196.0,221856608.0,687520000.0,0.028293280195485222
2015-07-17,4.9,5.25,4.9,5.25,17070594.0,216272736.0,687520000.0,0.024829232604142423
2015-07-20,5.55,5.78,5.42,5.78,31181230.0,440292160.0,687520000.0,0.045353196997905514
2015-07-21,5.76,6.13,5.59,5.81,26513864.0,389011840.0,687520000.0,0.03856449848731673
2015-07-22,5.79,6.01,5.3,5.76,17888956.0,252335024.0,687520000.0,0.02601954270421224
2015-07-23,5.78,6.03,5.78,5.97,14533024.0,211003536.0,687520000.0,0.021138329066790786
2015-07-24,5.99,6.02,5.76,5.83,14090815.0,205583792.0,687520000.0,0.020495134686990924
2015-07-27,5.69,5.98,5.24,5.24,17203376.0,238067744.0,687520000.0,0.025022364440307192
2015-07-28,4.92,5.38,4.72,4.96,18859992.0,229363696.0,687520000.0,0.027431917616942053
2015-07-29,5.13,5.26,4.66,5.17,13562920.0,167647616.0,687520000.0,0.01972730975098906
2015-07-30,5.13,5.23,4.89,4.95,11545434.0,145981888.0,687520000.0,0.016792870025599257
2015-07-31,4.9,5.18,4.86,4.98,9339311.0,116437064.0,687520000.0,0.013584057191063533
2015-08-03,4.97,5.06,4.58,4.67,9163455.0,108337680.0,687520000.0,0.013328274086572027
2015-08-04,4.72,5.03,4.66,5.02,9475507.0,113331128.0,687520000.0,0.013782154700954154
2015-08-05,4.98,5.07,4.8,4.89,9695391.0,118674872.0,687520000.0,0.014101976669769607
2015-08-06,4.77,4.89,4.72,4.81,5007631.0,59509084.0,687520000.0,0.007283615022108448
2015-08-07,4.86,5.06,4.86,4.98,8496346.0,104662736.0,687520000.0,0.012357961950197812
2015-08-10,5.06,5.42,5.03,5.37,11420524.0,147411488.0,687520000.0,0.016611188038166164
2015-08-11,5.31,5.66,5.31,5.42,12273671.0,165890640.0,687520000.0,0.017852093030020943
2015-08-12,5.42,5.58,5.35,5.51,10761709.0,145997824.0,687520000.0,0.01565293955084943
2015-08-13,5.47,5.75,5.42,5.73,11876980.0,164514592.0,687520000.0,0.017275104724226203
2015-08-14,5.72,6.11,5.72,5.98,16433381.0,242400160.0,687520000.0,0.023902404293693273
2015-08-17,5.99,6.1,5.87,5.99,13255155.0,196759392.0,687520000.0,0.019279664591575516
2015-08-18,6.0,6.02,5.39,5.39,14499775.0,204453056.0,687520000.0,0.02108996829183151
2015-08-19,5.26,5.67,5.04,5.59,11952044.0,159339936.0,687520000.0,0.017384285548056783
2015-08-20,5.57,6.0,5.43,5.67,13798447.0,195968880.0,687520000.0,0.020069884512450547
2015-08-21,5.55,5.67,5.1,5.16,10483454.0,139700928.0,687520000.0,0.015248216779148243
2015-08-24,4.94,4.96,4.64,4.64,8687212.0,101430816.0,687520000.0,0.012635577146846638
2015-08-25,4.19,4.41,4.18,4.18,9604065.0,100575056.0,687520000.0,0.013969142715848266
2015-08-26,4.3,4.43,3.89,4.1,11425613.0,118550264.0,687520000.0,0.01661859000465441
2015-08-27,4.21,4.46,4.11,4.45,8435663.0,89704464.0,687520000.0,0.012269698336048405
2015-08-28,4.47,4.78,4.47,4.74,7702784.0,87883136.0,687520000.0,0.01120372352804282
2015-08-31,4.74,4.74,4.44,4.52,5966204.0,67229976.0,687520000.0,0.008677862462182918
2015-09-01,4.47,4.51,4.12,4.15,7118955.0,74745584.0,687520000.0,0.010354542413311612
2015-09-02,3.93,4.31,3.89,4.02,5881614.0,59335224.0,687520000.0,0.00855482604142425
2015-09-07,4.13,4.31,4.06,4.11,3901988.0,40536996.0,687520000.0,0.005675453804980218
2015-09-08,4.09,4.42,4.03,4.41,4766204.0,49788216.0,687520000.0,0.006932458692110775
2015-09-09,4.42,4.72,4.41,4.65,6897630.0,77233104.0,687520000.0,0.010032624505468931
2015-09-10,4.67,4.8,4.58,4.6,7276932.0,84380360.0,687520000.0,0.010584320456132185
2015-09-11,4.54,4.68,4.46,4.55,4525403.0,50934212.0,687520000.0,0.006582212881079823
2015-09-14,4.58,4.61,4.09,4.09,5689211.0,60185176.0,687520000.0,0.00827497527344659
2015-09-15,4.02,4.14,3.72,3.78,5331169.0,51977928.0,687520000.0,0.007754202059576449
2015-09-16,3.79,4.16,3.79,4.15,6430560.0,62813560.0,687520000.0,0.009353269723062602
2015-09-17,4.09,4.28,4.01,4.05,6429482.0,66237928.0,687520000.0,0.00935170176867582
2015-09-18,4.08,4.15,4.04,4.1,3553179.0,35899312.0,687520000.0,0.0051681100186176405
2015-09-21,4.05,4.32,4.04,4.27,4117898.0,42911140.0,687520000.0,0.005989495578310449
2015-09-22,4.27,4.42,4.25,4.34,3984187.0,42731752.0,687520000.0,0.005795012508727019
2015-09-23,4.27,4.32,4.17,4.2,3240721.0,33926976.0,687520000.0,0.004713638875959972
2015-09-24,4.25,4.32,4.2,4.26,2709319.0,28504488.0,687520000.0,0.003940712997440075
2015-09-25,4.23,4.27,4.04,4.08,2821315.0,28859152.0,687520000.0,0.004103611531300908
2015-09-28,4.13,4.32,4.06,4.31,3752627.0,38559528.0,687520000.0,0.0054582077612287646
2015-09-29,4.29,4.49,4.21,4.38,7733753.0,83618712.0,687520000.0,0.011248768035838958
2015-09-30,4.44,4.46,4.3,4.37,3890449.0,41989720.0,687520000.0,0.005658670293227834
2015-10-08,4.59,4.59,4.46,4.54,5781091.0,64486384.0,687520000.0,0.008408615022108448
2015-10-09,4.54,4.64,4.47,4.57,4533458.0,50991384.0,687520000.0,0.0065939289038864325
2015-10-12,4.59,4.85,4.59,4.79,5346753.0,62746996.0,687520000.0,0.007776869036537119
2015-10-13,4.74,4.98,4.74,4.89,8321190.0,100733800.0,687520000.0,0.012103196997905515
2015-10-14,4.89,4.98,4.84,4.9,5106215.0,61759820.0,687520000.0,0.007427005759832441
2015-10-22,4.45,4.86,4.45,4.85,36993276.0,420047744.0,687520000.0,0.053806836164766114
2015-10-23,4.72,4.8,4.59,4.71,27477360.0,317273088.0,687520000.0,0.039965906446357925
2015-10-26,4.76,4.8,4.61,4.79,20136384.0,234197728.0,687520000.0,0.029288433791016987
2015-10-27,4.73,4.79,4.49,4.74,16310697.0,187854224.0,687520000.0,0.023723960030253666
2015-10-28,4.73,4.84,4.54,4.61,16811088.0,195080864.0,687520000.0,0.024451780311845472
2015-10-29,4.64,4.79,4.55,4.73,13913294.0,160777488.0,687520000.0,0.020236929834768443
2015-10-30,4.73,5.03,4.67,4.93,21623520.0,258954592.0,687520000.0,0.03145147777519199
2015-11-02,4.77,5.21,4.74,5.13,26183300.0,326816224.0,687520000.0,0.03808369211077496
2015-11-03,5.07,5.37,5.07,5.18,26449016.0,342570880.0,687520000.0,0.038470176867582036
2015-11-04,5.12,5.38,5.08,5.37,24053816.0,311626624.0,687520000.0,0.034986350942518035
2015-11-05,5.34,5.37,5.2,5.26,17352160.0,226763184.0,687520000.0,0.02523877123574587
2015-11-06,5.25,5.51,5.23,5.34,16978568.0,225202176.0,687520000.0,0.024695380498021877
2015-11-09,5.26,5.38,5.13,5.32,16041736.0,208823456.0,687520000.0,0.023332755410751686
2015-11-10,5.27,5.3,5.17,5.23,13811607.0,178591648.0,687520000.0,0.02008902577379567
2015-11-11,5.23,5.36,5.18,5.35,12257991.0,159573696.0,687520000.0,0.017829286420758667
2015-11-12,5.34,5.34,5.14,5.19,15570928.0,200489248.0,687520000.0,0.022647963695601583
2015-11-13,5.11,5.29,5.02,5.21,13151737.0,166735072.0,687520000.0,0.019129242785664417
2015-11-16,5.12,5.54,5.06,5.52,20342460.0,271317792.0,687520000.0,0.029588171980451477
2015-11-17,5.53,5.58,5.38,5.52,15119080.0,204404096.0,687520000.0,0.021990749360018616
2015-11-18,5.47,5.6,5.38,5.41,10424434.0,141849904.0,687520000.0,0.015162372003723529
2015-11-19,5.36,5.56,5.35,5.52,9455298.0,127914736.0,687520000.0,0.013752760646962998
2015-11-20,5.55,5.72,5.52,5.71,16097732.0,224264416.0,687520000.0,0.02341420176867582
2015-11-23,5.72,5.81,5.44,5.54,15876341.0,219972656.0,687520000.0,0.023092187863625786
2015-11-24,5.58,5.58,5.37,5.49,9203346.0,123908576.0,687520000.0,0.01338629567139865
2015-11-25,5.42,5.66,5.38,5.65,10910592.0,149192944.0,687520000.0,0.01586949034209914
2015-11-26,5.65,5.69,5.52,5.62,11060462.0,153306400.0,687520000.0,0.01608747672794973
2015-11-27,5.66,5.66,5.06,5.09,11340796.0,149803072.0,687520000.0,0.01649522341168257
2015-11-30,5.04,5.26,5.0,5.25,10550785.0,134596016.0,687520000.0,0.01534614993018385
2015-12-01,5.19,5.3,5.14,5.25,6811316.0,87949120.0,687520000.0,0.009907080521293927
2015-12-02,5.22,5.3,5.08,5.26,5055402.0,65168772.0,687520000.0,0.007353098091691878
2015-12-03,5.26,5.36,5.26,5.34,4738973.0,62191297.0,687520000.0,0.006892851117058413
2015-12-04,5.36,5.67,5.32,5.57,15004919.0,204971056.0,687520000.0,0.021824701826855947
2015-12-07,5.63,5.72,5.57,5.6,12771841.0,177862577.0,687520000.0,0.018576682860134978
2015-12-08,5.57,5.57,5.36,5.42,8357138.0,112205016.0,687520000.0,0.01215548347684431
2015-12-09,5.42,5.49,5.36,5.4,4487036.0,60066143.0,687520000.0,0.006526407959041192
2015-12-10,5.4,5.42,5.23,5.27,7258274.0,95636272.0,687520000.0,0.010557182336513846
2015-12-11,5.29,5.4,5.15,5.36,6502263.0,84825256.0,687520000.0,0.009457561961833838
2015-12-14,5.26,5.54,5.21,5.53,7557625.0,101809888.0,687520000.0,0.010992589306492903
2015-12-15,5.53,5.62,5.47,5.53,7709994.0,105513720.0,687520000.0,0.01121421049569467
2015-12-16,5.53,5.66,5.51,5.61,8383615.0,116001328.0,687520000.0,0.01219399435652781
2015-12-24,5.99,6.07,5.79,5.89,23787236.0,347711296.0,687520000.0,0.03459860949499651
2015-12-25,5.88,6.19,5.8,6.17,19497490.0,292397508.0,687520000.0,0.028359160460786594
2015-12-28,6.08,6.34,5.99,6.15,18990441.0,287300517.0,687520000.0,0.02762165609727717
2015-12-29,6.15,6.15,5.9,5.98,9355053.0,138292798.0,687520000.0,0.013606953979520596
2015-12-30,6.0,6.06,5.89,5.93,7554800.0,111086453.0,687520000.0,0.010988480335117524
2015-12-31,5.93,5.99,5.73,5.75,8300563.0,119504522.0,687520000.0,0.012073194961601117
2016-01-04,5.75,5.77,5.18,5.22,7286434.0,97670275.0,687520000.0,0.010598141144984873
2016-01-05,4.9,5.22,4.83,5.02,9001485.0,111801176.0,687520000.0,0.01309268821270654
2016-01-06,5.08,5.17,5.04,5.15,6836343.0,86252512.0,687520000.0,0.009943482371421923
2016-01-07,5.14,5.14,4.64,4.66,2506599.0,30250792.0,687520000.0,0.00364585612054922
2016-01-08,4.78,4.93,4.45,4.75,7677367.0,90824630.0,687520000.0,0.01116675442168955
2016-01-11,4.7,5.14,4.66,4.81,10134108.0,122929526.0,687520000.0,0.014740091924598558
2016-01-12,4.85,5.03,4.77,5.0,8766665.0,106444515.0,687520000.0,0.012751141784966256
2016-01-13,5.02,5.13,4.94,4.99,9916911.0,123068928.0,687520000.0,0.014424178205724924
2016-01-14,4.81,5.13,4.75,5.11,7792873.0,96496562.0,687520000.0,0.011334758261577845
2016-01-15,5.06,5.1,4.78,4.83,7196984.0,87547891.0,687520000.0,0.010468035838957413
2016-01-18,4.72,4.93,4.67,4.85,5191827.0,61838084.0,687520000.0,0.007551528682801955
2016-01-19,4.85,5.0,4.8,4.99,5950241.0,72190898.0,687520000.0,0.008654644228531534
2016-01-20,4.96,4.99,4.82,4.87,4955820.0,60139992.0,687520000.0,0.007208255759832441
2016-01-21,4.81,4.91,4.48,4.55,5430773.0,63963177.0,687520000.0,0.007899076390505003
2016-01-22,4.66,4.69,4.52,4.65,3725498.0,42448817.0,687520000.0,0.005418748545496858
2016-01-25,4.71,4.87,4.7,4.8,4956921.0,58912671.0,687520000.0,0.007209857167791482
2016-01-26,4.64,4.87,4.39,4.5,7464882.0,87036179.0,687520000.0,0.010857694321619735
2016-01-27,4.55,4.68,4.38,4.62,5569676.0,61814034.0,687520000.0,0.008101111240400279
2016-01-28,4.64,4.73,4.57,4.59,4739104.0,54393047.0,687520000.0,0.006893041656969979
2016-01-29,4.56,4.84,4.56,4.8,8564980.0,100470174.0,687520000.0,0.012457790318827088
2016-02-01,4.86,5.14,4.81,4.99,8708568.0,107452848.0,687520000.0,0.012666639515941354
2016-02-02,5.06,5.25,5.0,5.19,6771812.0,86360759.0,687520000.0,0.00984962182918315
2016-02-03,5.18,5.66,5.06,5.59,11575568.0,154409461.0,687520000.0,0.01683670002327205
2016-05-05,6.15,6.15,5.67,5.73,27631025.0,399918403.0,687520000.0,0.04018941267163137
2016-05-06,5.73,5.77,5.19,5.3,20872562.0,281313481.0,687520000.0,0.03035920700488713
2016-05-09,5.29,5.29,5.06,5.25,8652194.0,110305049.0,687520000.0,0.012584643355829648
2016-05-10,5.22,5.25,5.08,5.16,3697167.0,47189105.0,687520000.0,0.005377541016988597
2016-05-11,5.16,5.32,5.13,5.26,7316538.0,94779940.0,687520000.0,0.010641927507563416
2016-05-12,5.16,5.18,4.94,5.04,6381601.0,79305327.0,687520000.0,0.0092820587037468
2016-05-13,5.13,5.46,5.05,5.44,10305244.0,133893557.0,687520000.0,0.014989009774261113
2016-05-16,5.49,5.55,5.35,5.51,10241004.0,138207938.0,687520000.0,0.014895572492436584
2016-05-17,5.54,5.57,5.26,5.34,9215117.0,123950389.0,687520000.0,0.013403416627879916
2016-05-18,5.29,5.29,5.06,5.17,6732077.0,85784974.0,687520000.0,0.009791827146846637
2016-05-19,5.24,5.46,5.24,5.3,7675037.0,50278731.0,687520000.0,0.011163365429369328
2016-05-20,5.11,5.39,5.04,5.25,12862530.0,82047592.0,1375040000.0,0.00935429514777752
2016-05-23,5.2,5.36,5.17,5.26,9826370.0,63446771.0,1375040000.0,0.0071462430183849195
2016-05-24,5.25,5.28,5.0,5.06,10017047.0,62532904.0,1375040000.0,0.007284913166162439
2016-05-25,5.1,5.21,5.0,5.08,10418360.0,65279204.0,1375040000.0,0.00757676867582034
2016-05-26,5.08,5.11,4.86,4.99,8469835.0,51399430.0,1375040000.0,0.006159700808703747
2016-05-27,4.98,5.01,4.9,4.9,6120642.0,36996989.0,1375040000.0,0.00445124650919246
2016-05-30,4.86,5.28,4.8,5.26,11377208.0,69521418.0,1375040000.0,0.008274092390039562
2016-05-31,5.19,5.53,5.16,5.46,22435554.0,147113063.0,1375040000.0,0.01631629188969048
2016-06-01,5.52,5.52,5.39,5.43,14598734.0,97324228.0,1375040000.0,0.010616952234116826
2016-06-02,5.7,5.79,5.56,5.6,33600053.0,232672641.0,1375040000.0,0.02443569132534326
2016-06-03,5.65,5.7,5.56,5.59,17358359.0,119327893.0,1375040000.0,0.012623893850360716
2016-06-06,5.57,5.62,5.47,5.5,12429706.0,83863156.0,1375040000.0,0.009039523213870143
2016-06-07,5.51,5.57,5.49,5.56,10166339.0,68696770.0,1375040000.0,0.007393486007679776
2016-06-08,5.54,5.54,5.44,5.52,8580771.0,57537906.0,1375040000.0,0.006240379188969048
2016-06-13,5.48,5.51,5.23,5.25,10950191.0,72142867.0,1375040000.0,0.00796354360600419
2016-06-14,5.24,5.28,5.05,5.15,8558886.0,53922061.0,1375040000.0,0.006224463288340702
2016-06-15,5.03,5.34,5.03,5.29,10565485.0,67663976.0,1375040000.0,0.0076837655631836164
2016-06-16,5.24,5.34,5.16,5.19,6098197.0,39133952.0,1375040000.0,0.004434923347684431
2016-06-17,5.19,5.34,5.19,5.25,5119136.0,32972123.0,1375040000.0,0.0037228996974633466
2016-06-20,5.25,5.43,5.19,5.39,10337548.0,67826339.0,1375040000.0,0.0075179980218757275
2016-06-21,5.45,5.48,5.18,5.22,8055736.0,52413002.0,1375040000.0,0.005858546660460787
2016-06-22,5.21,5.26,5.19,5.22,4811901.0,30745174.0,1375040000.0,0.003499462561089132
2016-06-23,5.26,5.26,5.12,5.17,4918699.0,31154350.0,1375040000.0,0.003577131574354201
2016-06-24,5.16,5.19,4.91,5.04,7841028.0,48449619.0,1375040000.0,0.00570239993018385
2016-06-27,5.01,5.12,4.97,5.11,5276247.0,32802321.0,1375040000.0,0.003837158919013265
2016-06-28,5.1,5.17,5.02,5.16,7823229.0,48583472.0,1375040000.0,0.005689455579474052
2016-06-29,5.17,5.25,5.17,5.19,10663254.0,67952469.0,1375040000.0,0.00775486822201536
2016-06-30,5.21,5.25,5.15,5.2,5260357.0,33444383.0,1375040000.0,0.0038256028915522457
2016-07-01,5.23,5.25,5.12,5.17,5064855.0,32086651.0,1375040000.0,0.0036834237549453106
2016-07-04,5.11,5.3,5.11,5.28,11141659.0,71220495.0,1375040000.0,0.00810278900977426
2016-07-05,5.28,5.29,5.2,5.23,7438754.0,47599239.0,1375040000.0,0.005409845531766349
2016-07-06,5.23,5.25,5.16,5.19,7726428.0,49046586.0,1375040000.0,0.005619056900162904
2016-07-07,5.2,5.39,5.15,5.35,22320857.0,145007530.0,1375040000.0,0.016232878316267164
2016-07-08,5.36,5.46,5.28,5.43,19193588.0,126942348.0,1375040000.0,0.013958567023504771
2016-07-11,5.42,5.53,5.32,5.4,16683492.0,110287730.0,1634219264.0,0.010208845512666775
2016-07-12,5.42,5.45,5.3,5.44,13043275.0,85711414.0,1634219264.0,0.007981349435371727
2016-07-13,5.46,5.51,5.36,5.51,14375413.0,95668239.0,1634219264.0,0.008796501985182816
2016-07-14,5.47,5.49,5.44,5.46,7263896.0,48546676.0,1634219264.0,0.004444872337522512
2016-07-15,5.46,5.49,5.42,5.43,5926650.0,39509362.0,1634219264.0,0.00362659413614647
2016-07-18,5.44,5.57,5.32,5.56,17016224.0,114049369.0,1634219264.0,0.01041244854643936
2016-07-19,5.52,5.64,5.46,5.57,10197265.0,69100231.0,1634219264.0,0.0062398389399967325
2016-07-20,5.57,5.57,5.4,5.41,7909221.0,53229928.0,1634219264.0,0.0048397550893146245
2016-07-21,5.42,5.58,5.39,5.45,16244587.0,108890750.0,1634219264.0,0.009940273840756781
2016-07-22,5.42,5.44,5.17,5.18,22099246.0,142710652.0,1634219264.0,0.013522815748670553
2016-07-25,5.18,5.2,5.05,5.17,12763186.0,80086439.0,1634219264.0,0.007809959337255738
2016-07-26,5.15,5.3,5.12,5.27,12632601.0,81150775.0,1634219264.0,0.007730052679148934
2016-07-27,5.26,5.29,4.81,4.9,21400331.0,130047370.0,1634219264.0,0.013095140579618084
2016-07-28,4.91,4.94,4.75,4.86,11879126.0,70375175.0,1634219264.0,0.007268991537233525
2016-07-29,4.87,4.94,4.83,4.89,7251769.0,43378753.0,1634219264.0,0.004437451668664212
2016-08-01,4.9,4.9,4.75,4.81,5705268.0,33515181.0,1634219264.0,0.003491127614072722
2016-08-02,4.82,4.94,4.81,4.87,6116300.0,36429495.0,1634219264.0,0.0037426434351467783
2016-08-03,4.84,4.92,4.84,4.86,3226539.0,19251734.0,1634219264.0,0.0019743611344432174
2016-08-04,4.86,4.9,4.84,4.88,3439046.0,20494752.0,1634219264.0,0.0021043969287098062
2016-08-05,4.88,4.96,4.85,4.94,5517465.0,33117296.0,1634219264.0,0.0033762085183692953
2016-08-08,4.94,5.03,4.87,5.02,9014373.0,54987904.0,1634219264.0,0.005516011956642802
2016-08-09,5.05,5.14,5.02,5.09,8705893.0,54336091.0,1634219264.0,0.005327249036760835
2016-08-10,5.08,5.13,5.03,5.04,4846067.0,30072767.0,1634219264.0,0.002965371359127486
2016-08-11,5.04,5.07,4.94,4.94,5848792.0,35676103.0,1634219264.0,0.0035789518143876193
2016-08-12,4.94,5.08,4.9,5.06,6955291.0,42425333.0,1634219264.0,0.0042560329285165005
2016-08-15,5.07,5.23,5.05,5.2,13044252.0,82568952.0,1634219264.0,0.00798194727436526
2016-08-16,5.21,5.22,5.14,5.21,8434322.0,53461656.0,1634219264.0,0.005161071213513733
2016-08-17,5.21,5.23,5.17,5.17,4817972.0,30633539.0,1634219264.0,0.002948179663607245
2016-08-25,5.31,5.52,5.21,5.39,42672698.0,280286042.0,1634219264.0,0.02611197832508233
2016-08-26,5.32,5.43,5.23,5.31,22243960.0,144616598.0,1634219264.0,0.013611368125446353
2016-08-29,5.26,5.29,5.16,5.21,14401148.0,91752839.0,1634219264.0,0.008812249566041097
2016-08-30,5.21,5.24,5.08,5.15,9348227.0,58879064.0,1634219264.0,0.00572030155679281
2016-08-31,5.17,5.19,5.1,5.15,6118413.0,38461487.0,1634219264.0,0.0037439364072996265
2016-09-01,5.13,5.19,5.13,5.13,8530588.0,53879284.0,1634219264.0,0.005219977629635873
2016-09-02,5.12,5.17,5.11,5.16,5809643.0,36560145.0,1634219264.0,0.003554996032649876
2016-09-05,5.17,5.21,5.12,5.14,8667143.0,54674148.0,1634219264.0,0.005303537408307041
2016-09-06,5.16,5.17,5.06,5.17,11244899.0,70479601.0,1634219264.0,0.00688089979583058
2016-09-07,5.17,5.19,5.14,5.14,8585611.0,54244158.0,1634219264.0,0.005253646918214274
2016-09-08,5.14,5.16,5.09,5.11,6183983.0,38729090.0,1634219264.0,0.0037840595422084073
2016-09-09,5.1,5.13,4.99,5.0,9905567.0,61386895.0,1634219264.0,0.006061345143952483
2016-09-12,4.95,5.0,4.81,4.85,15412725.0,92649357.0,1634219264.0,0.009431246675109565
2016-09-13,4.94,4.98,4.9,4.95,8491950.0,51317919.0,1634219264.0,0.005196334535437223
2016-09-14,4.93,4.96,4.85,4.92,8034390.0,48255786.0,1634219264.0,0.0049163476266548285
2016-09-19,4.93,4.99,4.92,4.97,7360024.0,44602645.0,1634219264.0,0.004503694309651707
2016-09-20,4.98,5.0,4.92,4.99,5246179.0,31864888.0,1634219264.0,0.003210205090325015
2016-09-21,5.0,5.01,4.93,4.94,5824868.0,35435767.0,1634219264.0,0.003564312407958495
2016-09-22,4.97,5.12,4.95,5.07,15354881.0,94772959.0,1634219264.0,0.009395851179979726
2016-09-23,5.08,5.11,5.02,5.05,6742142.0,41677542.0,1634219264.0,0.0041256042861088195
2016-09-26,5.05,5.05,4.95,4.96,5548670.0,33957643.0,1634219264.0,0.003395303263295763
2016-09-27,4.95,4.99,4.91,4.98,4970671.0,30094855.0,1634219264.0,0.0030416181656270085
2016-09-28,4.98,5.02,4.91,4.96,8768764.0,53193463.0,1634219264.0,0.005365720618503246
2016-09-29,4.98,4.98,4.92,4.93,5962752.0,36046937.0,1634219264.0,0.003648685418996505
2016-09-30,4.94,4.98,4.9,4.93,6588828.0,39779861.0,1634219264.0,0.004031789457598757
2016-10-10,4.94,5.03,4.92,5.02,9316247.0,56781970.0,1634219264.0,0.005700732579297266
2016-10-11,5.01,5.09,4.99,5.03,11774776.0,72607146.0,1634219264.0,0.00720513841648118
2016-10-12,5.0,5.03,4.98,5.03,6311095.0,38671691.0,1634219264.0,0.0038618410264927585
2016-10-13,5.03,5.03,4.97,4.97,6851328.0,41800859.0,1634219264.0,0.004192416618092197
2016-10-14,4.97,5.0,4.94,4.98,6801025.0,41454441.0,1634219264.0,0.004161635558837715
2016-10-17,4.99,4.99,4.9,4.9,14763317.0,89074411.0,1634219264.0,0.009033865482569663
2016-10-18,4.93,4.93,4.83,4.91,17306983.0,103288116.0,1634219264.0,0.010590367756183787
2016-10-19,4.92,4.92,4.86,4.88,7296860.0,43652369.0,1634219264.0,0.0044650434374025345
2016-10-20,4.9,5.01,4.87,4.98,16195448.0,98272738.0,1634219264.0,0.009910205048225401
2016-10-21,5.0,5.03,4.96,4.99,16660577.0,101796732.0,1634219264.0,0.010194823526446939
2016-10-24,4.99,5.01,4.95,5.0,15493074.0,94471049.0,1634219264.0,0.009480413272132374
2016-10-25,5.03,5.04,5.0,5.03,14025780.0,86161444.0,1634219264.0,0.008582557009926424
2016-10-26,5.03,5.03,4.9,4.95,12582415.0,76491847.0,1634219264.0,0.007699343213714558
2016-10-27,4.95,4.97,4.92,4.95,6628900.0,40135177.0,1634219264.0,0.004056310035028445
2016-10-28,4.95,4.99,4.93,4.97,7455603.0,45357407.0,1634219264.0,0.004562180341548097
2016-10-31,5.0,5.02,4.92,4.97,13954956.0,84861167.0,1634219264.0,0.008539218884155804
2016-11-01,4.96,5.19,4.95,5.17,28945146.0,180223575.0,1634219264.0,0.01771191090304024
2016-11-02,5.17,5.21,5.11,5.15,18610102.0,117451254.0,1634219264.0,0.011387763202869697
2016-11-03,5.12,5.21,5.07,5.1,13813058.0,86881186.0,1634219264.0,0.008452389654366479
2016-11-04,5.16,5.23,5.13,5.18,12287245.0,78107633.0,1634219264.0,0.0075187248557608485
2016-11-07,5.19,5.22,5.06,5.08,16287720.0,101771267.0,1634219264.0,0.00996666748385607
2016-11-08,5.1,5.13,5.06,5.11,8209688.0,51219254.0,1634219264.0,0.005023614750388844
2016-11-09,5.11,5.12,4.98,5.04,10286971.0,63572775.0,1634219264.0,0.006294731206889016
2016-11-10,5.06,5.1,5.05,5.08,9163476.0,56958717.0,1634219264.0,0.005607250019542053
2016-11-11,5.07,5.11,5.03,5.1,8576661.0,53272652.0,1634219264.0,0.005248170296932688
2016-11-14,5.11,5.12,5.05,5.08,13543960.0,84142736.0,1634219264.0,0.008287725091949473
2016-11-15,5.08,5.12,5.06,5.1,11084505.0,69019199.0,1634219264.0,0.006782752623334637
2016-11-16,5.1,5.17,5.08,5.14,12885992.0,80808332.0,1634219264.0,0.007885105924195005
2016-11-17,5.14,5.16,5.1,5.13,7270530.0,45494249.0,1634219264.0,0.004448931768313802
2016-11-18,5.12,5.15,5.04,5.07,11587596.0,72286215.0,1634219264.0,0.0070906005425719915
2016-11-21,5.05,5.12,5.03,5.07,11312410.0,70191969.0,1634219264.0,0.006922210653857523
2016-11-22,5.08,5.11,5.07,5.1,8275128.0,51548792.0,1634219264.0,0.005063658336608618
2016-11-23,5.1,5.16,5.08,5.12,13640704.0,85268682.0,1634219264.0,0.008346924002481958
2016-11-24,5.11,5.12,5.06,5.07,6941127.0,43201735.0,1634219264.0,0.004247365792892771
2016-11-25,5.08,5.1,4.99,5.09,8793022.0,54255824.0,1634219264.0,0.005380564403871817
2016-11-28,5.1,5.22,5.06,5.21,21642450.0,136886530.0,1634219264.0,0.013243296341414319
2016-11-29,5.19,5.46,5.16,5.31,29746933.0,194285849.0,1634219264.0,0.018202534785442353
2016-11-30,5.33,5.35,5.23,5.26,16036169.0,103655871.0,1634219264.0,0.009812740158715937
2016-12-01,5.26,5.54,5.26,5.49,29028872.0,192912304.0,1634219264.0,0.01776314393023824
2016-12-02,5.5,5.53,5.35,5.45,17302983.0,114931276.0,1634219264.0,0.010587920104214363
2016-12-05,5.44,5.51,5.35,5.43,11761776.0,77968435.0,1634219264.0,0.007197183547580553
2016-12-06,5.41,5.46,5.3,5.34,13159954.0,86309587.0,1634219264.0,0.008052746831406828
2016-12-07,5.31,5.39,5.3,5.35,9893704.0,64698355.0,1634219264.0,0.006054086020124164
2016-12-08,5.36,5.48,5.28,5.35,13419761.0,88631132.0,1634219264.0,0.008211726110211854
2016-12-09,5.35,5.35,5.24,5.29,10877314.0,70393330.0,1634219264.0,0.006655969758535413
2016-12-12,5.3,5.31,5.04,5.06,16149143.0,101993126.0,1634219264.0,0.009881870417114358
2016-12-13,5.05,5.17,5.02,5.15,10716777.0,67109362.0,1634219264.0,0.0065577350824815635
2016-12-14,5.17,5.2,5.1,5.16,8171916.0,51457634.0,1634219264.0,0.005000501572841575
2016-12-15,5.14,5.43,5.12,5.37,14956831.0,97187361.0,1634219264.0,0.009152279213372435
2016-12-16,5.37,5.43,5.3,5.42,10574886.0,69625110.0,1634219264.0,0.006470910136083184
2016-12-19,5.44,5.48,5.37,5.44,11441301.0,75889822.0,1634219264.0,0.007001080731355276
2016-12-20,5.47,5.51,5.31,5.32,15842482.0,104872597.0,1634219264.0,0.009694220566965487
2016-12-21,5.32,5.7,5.32,5.61,30691767.0,208571035.0,1634219264.0,0.018780690985662006
2016-12-22,5.55,5.61,5.48,5.55,20400542.0,138077013.0,1634219264.0,0.012483356700903508
2016-12-23,5.54,5.54,5.35,5.38,23996524.0,158661968.0,1634219264.0,0.01468378480698169
2016-12-26,5.37,5.38,5.22,5.35,11533313.0,74852742.0,1634219264.0,0.007057384069607932
2016-12-27,5.35,5.4,5.28,5.3,7609456.0,49536885.0,1634219264.0,0.004656324991161039
2016-12-28,5.31,5.33,5.21,5.26,10256390.0,65842628.0,1634219264.0,0.006276018295669779
2016-12-29,5.25,5.32,5.2,5.25,9018228.0,57977147.0,1634219264.0,0.005518370881228334
2016-12-30,5.25,5.27,5.17,5.21,9524859.0,60818557.0,1634219264.0,0.005828384972458628
2017-01-03,5.21,5.29,5.18,5.28,14072633.0,90217571.0,1634219264.0,0.008611226969357276
2017-01-04,5.23,5.3,5.23,5.29,10848730.0,69965688.0,1634219264.0,0.00663847883756191
2017-01-05,5.29,5.29,5.21,5.22,11049208.0,70827479.0,1634219264.0,0.006761153930443449
2017-01-06,5.22,5.27,5.2,5.22,7757432.0,49618636.0,1634219264.0,0.004746873428117905
2017-01-09,5.22,5.26,5.12,5.19,9370887.0,59336274.0,1634219264.0,0.005734167505199596
2017-01-10,5.16,5.18,5.11,5.12,11476660.0,72165003.0,1634219264.0,0.00702271736285199
2017-01-11,5.11,5.15,5.07,5.08,7087763.0,44285599.0,1634219264.0,0.004337094266439879
2017-01-12,5.08,5.12,5.05,5.08,5714293.0,35556818.0,1634219264.0,0.0034966501288287346
2017-01-13,5.12,5.12,4.89,5.08,20862976.0,127644046.0,1634219264.0,0.012766326073610647
2017-01-16,5.05,5.18,4.9,5.15,32250502.0,200229970.0,1634219264.0,0.01973450118380198
2017-01-17,5.08,5.17,5.05,5.15,5848731.0,36641035.0,1634219264.0,0.0035789144876950856
2017-01-18,5.17,5.17,5.05,5.07,5520639.0,34434004.0,1634219264.0,0.0033781507302070328
2017-01-19,5.07,5.07,4.98,5.0,5374016.0,32939765.0,1634219264.0,0.0032884302115288246
2017-01-20,5.01,5.08,4.97,5.06,10372003.0,63982013.0,1634219264.0,0.006346763392455029
2017-01-23,5.13,5.17,5.08,5.11,5614556.0,35069706.0,1634219264.0,0.003435619762710128
2017-01-24,5.11,5.12,5.03,5.05,5821700.0,36161993.0,1634219264.0,0.003562373867598712
2017-01-25,5.03,5.08,5.02,5.06,2708086.0,16757941.0,1634219264.0,0.0016571130078172913
2017-01-26,5.06,5.1,5.06,5.09,3241800.0,20147237.0,1634219264.0,0.001983699538619562
2017-02-03,5.09,5.11,5.03,5.03,4325630.0,26741936.0,1634219264.0,0.0026469091971247256
2017-02-06,5.06,5.09,5.03,5.08,7021147.0,43451500.0,1634219264.0,0.004296331070541095
2017-02-07,5.08,5.08,5.01,5.03,5843019.0,36025804.0,1634219264.0,0.0035754192406827483
2017-02-08,5.04,5.06,4.99,5.06,7689790.0,47225635.0,1634219264.0,0.004705482409488963
2017-02-09,5.07,5.08,5.03,5.08,7864042.0,48732101.0,1634219264.0,0.004812109472232974
2017-02-10,5.08,5.1,5.06,5.09,8337380.0,51854644.0,1634219264.0,0.005101751144208761
2017-02-13,5.09,5.11,5.07,5.1,9274703.0,57749717.0,1634219264.0,0.00567531126594283
2017-02-14,5.09,5.09,5.03,5.05,8099978.0,50043696.0,1634219264.0,0.004956481775997471
2017-02-15,5.05,5.06,4.99,5.01,8483558.0,52166356.0,1634219264.0,0.005191199361605371
2017-02-16,5.0,5.03,4.99,5.01,6092307.0,37317759.0,1634219264.0,0.0037279618067211817
2017-02-17,4.99,5.01,4.94,4.94,10397497.0,63179775.0,1634219264.0,0.006362363502282152
2017-02-20,4.94,5.0,4.94,4.98,7195282.0,43763238.0,1933879842.0,0.0037206458455860984
2017-02-21,4.99,5.0,4.96,4.99,9520366.0,58006293.0,1933879842.0,0.0049229356412103294
2017-02-22,4.99,5.09,4.98,5.08,14086525.0,87093368.0,1933879842.0,0.00728407458109282
2017-02-23,5.09,5.1,5.03,5.06,7237960.0,44737359.0,1933879842.0,0.0037427144348919686
2017-02-24,5.06,5.12,5.04,5.1,10736758.0,66884289.0,1933879842.0,0.005551926115997025
2017-02-27,5.11,5.15,5.03,5.04,10178885.0,63309642.0,1933879842.0,0.005263452660778083
2017-02-28,5.04,5.08,5.03,5.08,5862151.0,36270462.0,1933879842.0,0.0030312901932611387
2017-03-01,5.07,5.08,5.04,5.05,8623275.0,53356084.0,1933879842.0,0.004459054183574245
2017-03-02,5.05,5.07,4.98,5.0,10890577.0,66725495.0,1933879842.0,0.0056314651838643036
2017-03-03,4.99,5.02,4.97,5.02,5570005.0,34018293.0,1933879842.0,0.0028802228964957587
2017-03-06,5.02,5.03,4.99,5.0,12318698.0,75429008.0,1933879842.0,0.006369939710039131
2017-03-07,5.0,5.02,4.99,5.0,8439950.0,51646417.0,1933879842.0,0.0043642577044866885
2017-03-08,5.01,5.08,4.99,5.07,13156404.0,80954372.0,1933879842.0,0.006803113468721911
2017-03-09,5.07,5.08,5.0,5.05,11423312.0,70560370.0,1933879842.0,0.00590693989973344
2017-03-10,5.06,5.23,5.03,5.13,28521555.0,179767715.0,1933879842.0,0.014748359427803582
2017-03-13,5.39,5.55,5.25,5.35,43416185.0,283799295.0,1933879842.0,0.0224503012323141
2017-03-14,5.35,5.38,5.17,5.24,19665833.0,126517699.0,1933879842.0,0.010169108014312712
2017-03-15,5.21,5.26,5.15,5.25,17377018.0,110717642.0,1933879842.0,0.008985572744803449
2017-03-16,5.22,5.43,5.21,5.32,20212707.0,131169574.0,1933879842.0,0.010451893939334003
2017-03-17,5.3,5.52,5.27,5.32,23042705.0,152039762.0,1933879842.0,0.011915272345033317
2017-03-20,5.29,5.37,5.21,5.26,11945812.0,77051365.0,1933879842.0,0.006177122146144176
2017-03-21,5.3,5.34,5.23,5.3,11558869.0,74626422.0,1933879842.0,0.005977035774904158
2017-03-22,5.26,5.27,5.15,5.21,11678881.0,74343280.0,1933879842.0,0.006039093405059651
2017-03-23,5.19,5.44,5.17,5.36,23908100.0,155892704.0,1933879842.0,0.012362763952942635
2017-03-24,5.36,5.42,5.23,5.28,14926198.0,97086886.0,1933879842.0,0.0077182654660506046
2017-03-27,5.26,5.32,5.26,5.29,9345450.0,60439250.0,1933879842.0,0.004832487415730558
2017-03-28,5.3,5.3,5.21,5.22,9136226.0,58455308.0,1933879842.0,0.004724298687839573
2017-03-29,5.23,5.24,5.17,5.18,9617407.0,61169914.0,1933879842.0,0.004973115077332711
2017-03-30,5.18,5.19,5.04,5.06,13874520.0,86496730.0,1933879842.0,0.007174447811427159
2017-03-31,5.05,5.17,5.05,5.12,7855276.0,48967514.0,1933879842.0,0.004061925580586304
2017-04-05,5.11,5.27,5.11,5.24,17798054.0,113588244.0,1933879842.0,0.009203288442984866
2017-04-06,5.22,5.45,5.21,5.38,28138917.0,184121246.0,1933879842.0,0.014550499151435903
2017-04-07,5.37,5.39,5.3,5.32,15330191.0,100276012.0,1933879842.0,0.007927168310594552
2017-04-10,5.31,5.39,5.28,5.34,11298744.0,73701903.0,1933879842.0,0.005842526383808286
2017-04-11,5.34,5.35,5.23,5.3,9888457.0,63854896.0,1933879842.0,0.005113273733580806
2017-04-12,5.3,5.39,5.24,5.35,11986853.0,78117445.0,1933879842.0,0.0061983442505938275
2017-04-13,5.31,5.41,5.31,5.35,9036472.0,59270890.0,1933879842.0,0.004672716372416689
2017-04-14,5.36,5.38,5.21,5.3,12338413.0,79580510.0,1933879842.0,0.0063801342420735565
2017-04-17,5.3,5.3,5.17,5.27,7620791.0,48688547.0,1933879842.0,0.0039406745106348754
2017-04-18,5.3,5.35,5.23,5.24,11179935.0,72613269.0,1933879842.0,0.005781090819188548
2017-04-19,5.21,5.28,5.16,5.26,10430032.0,66582348.0,1933879842.0,0.005393319571092566
2017-04-20,5.26,5.35,5.23,5.35,12183908.0,78955906.0,1933879842.0,0.0063002404468932875
2017-04-21,5.35,5.48,5.34,5.37,19437446.0,128403981.0,1933879842.0,0.01005101019094236
2017-04-24,5.39,5.39,5.22,5.26,14332847.0,93076422.0,1933879842.0,0.007411446507026572
2017-04-25,5.26,5.32,5.21,5.21,9326140.0,59934994.0,1933879842.0,0.004822502307255551
2017-04-26,5.21,5.25,5.15,5.2,8684778.0,55196750.0,1933879842.0,0.004490857090179029
2017-04-27,5.18,5.25,5.12,5.23,8421113.0,53413256.0,1933879842.0,0.004354517182045274
2017-04-28,5.23,5.25,5.17,5.22,7569602.0,48208441.0,1933879842.0,0.003914204924009958
2017-05-02,5.21,5.37,5.2,5.36,13520222.0,87457311.0,1933879842.0,0.006991242013266717
2017-05-03,5.36,5.41,5.32,5.39,12580269.0,82543693.0,1933879842.0,0.0065051968208064085
2017-05-04,5.39,5.39,5.31,5.35,9593820.0,62811259.0,1933879842.0,0.004960918352651198
2017-05-05,5.34,5.38,5.25,5.26,7710237.0,49990917.0,1933879842.0,0.003986926608649142
2017-05-08,5.24,5.29,5.17,5.18,10997510.0,70374342.0,1933879842.0,0.005686759725788589
2017-05-09,5.17,5.21,5.12,5.19,8843252.0,55863958.0,1933879842.0,0.004572803236241603
2017-05-10,5.19,5.2,4.9,4.92,14086959.0,87351032.0,1933879842.0,0.007284299000413284
2017-05-11,4.93,4.94,4.66,4.72,17112108.0,100136370.0,1933879842.0,0.008848589053135184
2017-05-12,4.74,4.76,4.54,4.61,15401535.0,87582615.0,1933879842.0,0.00796405995114561
2017-05-15,4.63,4.69,4.61,4.62,9375999.0,53426279.0,1933879842.0,0.00484828415725324
2017-05-16,4.64,4.72,4.59,4.72,8169740.0,46470674.0,1933879842.0,0.004224533408213683
2017-05-17,4.72,4.88,4.69,4.75,11439070.0,66816998.0,1933879842.0,0.005915088286028062
2017-05-18,4.68,4.78,4.68,4.71,5155234.0,29776492.0,1933879842.0,0.0026657467997952275
2017-05-19,4.7,4.76,4.7,4.74,5491379.0,31811940.0,1933879842.0,0.002839565768636829
2017-05-22,4.71,4.77,4.63,4.66,6932351.0,39871590.0,1933879842.0,0.00358468548533534
2017-05-23,4.66,4.66,4.35,4.36,11374124.0,62739434.0,1933879842.0,0.005881505020620614
2017-05-24,4.36,4.49,4.29,4.45,9563193.0,51373995.0,1933879842.0,0.0049450812777022575
2017-05-25,4.44,4.5,4.37,4.49,6897329.0,37507886.0,1933879842.0,0.003566575776945298
2017-05-26,4.48,4.5,4.44,4.5,4079486.0,22282265.0,1933879842.0,0.002109482663504592
2017-05-31,4.53,4.58,4.48,4.5,5361583.0,29621637.0,1933879842.0,0.0027724488789619434
2017-06-01,4.5,4.5,4.28,4.29,6322560.0,33837597.0,1933879842.0,0.0032693654810845275
2017-06-02,4.29,4.36,4.21,4.33,7894722.0,41345940.0,1933879842.0,0.004082322918178492
2017-06-05,4.32,4.39,4.29,4.36,3906233.0,20847273.0,1933879842.0,0.0020198943673564594
2017-06-06,4.36,4.42,4.34,4.4,4562663.0,24520053.0,1933879842.0,0.0023593311750337797
2017-06-07,4.41,4.5,4.38,4.48,7562917.0,41162295.0,1933879842.0,0.003910748142541526
2017-06-08,4.48,4.52,4.41,4.45,5232042.0,28480405.0,1933879842.0,0.00270546384856521
2017-06-09,4.46,4.5,4.41,4.48,4500715.0,24536374.0,1933879842.0,0.002327298161061239
2017-06-12,4.47,4.47,4.4,4.41,5455900.0,29541208.0,1933879842.0,0.0028212197477365296
2017-06-13,4.4,4.44,4.37,4.43,4911525.0,26474165.0,1933879842.0,0.002539726043641133
2017-06-14,4.41,4.43,4.38,4.43,3336337.0,18003492.0,1933879842.0,0.001725203876446425
2017-06-15,4.45,4.6,4.42,4.59,10569139.0,57662532.0,1933879842.0,0.005465251134253252
2017-06-16,4.55,4.7,4.55,4.69,11709415.0,65378414.0,1933879842.0,0.006054882390154207
2017-06-19,4.69,4.69,4.6,4.65,7393883.0,41251020.0,1933879842.0,0.0038233414710778088
2017-06-20,4.65,4.7,4.61,4.65,5737103.0,32246821.0,1933879842.0,0.0029666284716359332
2017-06-21,4.65,4.69,4.64,4.66,3845937.0,21598548.0,1933879842.0,0.001988715594668265
2017-06-22,4.66,4.66,4.55,4.56,6223640.0,34573215.0,1933879842.0,0.003218214423065484
2017-06-23,4.55,4.6,4.51,4.56,4026497.0,22058207.0,1933879842.0,0.00208208230550448
2017-06-26,4.56,4.64,4.53,4.64,5382036.0,29871106.0,1933879842.0,0.0027830250272601995
2017-06-27,4.64,4.72,4.6,4.64,5616759.0,31593101.0,1933879842.0,0.002904399165871237
2017-06-28,4.64,4.67,4.55,4.59,5496177.0,30326427.0,2284142539.0,0.002406232056956582
2017-06-29,4.6,4.63,4.56,4.6,3673833.0,20368827.0,2284142539.0,0.0016084079418302887
2017-06-30,4.57,4.63,4.57,4.63,2821134.0,15655414.0,2284142539.0,0.0012350954250145419
2017-07-03,4.83,5.02,4.83,4.96,25981202.0,154365053.0,2284142539.0,0.0113745974939789
2017-07-04,4.93,5.08,4.89,5.03,19450796.0,117071354.0,2284142539.0,0.008515578895752968
2017-07-05,5.04,5.04,4.89,4.99,12334995.0,73705426.0,2284142539.0,0.005400273752355347
2017-07-06,4.99,4.99,4.9,4.98,10123833.0,60364314.0,2284142539.0,0.004432224708897644
2017-07-07,4.98,5.01,4.93,4.98,16080334.0,96412135.0,2284142539.0,0.007039987096006709
2017-07-10,5.02,5.07,4.95,4.99,12767736.0,77084340.0,2284142539.0,0.005589728216168912
2017-07-11,4.99,5.01,4.89,4.9,8594570.0,51236689.0,2284142539.0,0.003762711763059547
2017-07-12,4.88,4.93,4.82,4.89,7895557.0,46286659.0,2284142539.0,0.003456683138284655
2017-07-13,4.91,4.98,4.86,4.95,7994401.0,47638293.0,2284142539.0,0.0034999571451876017
2017-07-14,4.96,5.01,4.92,4.94,5586444.0,33337732.0,2284142539.0,0.002445751044260903
2017-07-17,4.94,4.95,4.72,4.75,11092300.0,64224545.0,2284142539.0,0.004856220577572282
2017-07-18,4.75,4.84,4.71,4.83,4433595.0,25573990.0,2284142539.0,0.0019410325425404636
2017-07-19,4.83,4.96,4.8,4.94,9639675.0,56961176.0,2284142539.0,0.004220259828539536
2017-07-20,4.95,5.11,4.94,5.03,16792679.0,101993359.0,2284142539.0,0.007351852484368971
2017-07-21,5.03,5.06,4.99,5.03,8325545.0,50482212.0,2284142539.0,0.0036449323358098886
2017-07-24,5.05,5.1,5.01,5.09,11164647.0,68078152.0,2284142539.0,0.004887894170075697
2017-07-25,5.07,5.14,5.0,5.13,11117129.0,67942928.0,2284142539.0,0.00486709073982182
2017-07-26,5.13,5.14,5.03,5.09,7601502.0,46424402.0,2284142539.0,0.003327945550774579
2017-07-27,5.09,5.18,5.06,5.13,9936618.0,61328593.0,2284142539.0,0.004350261785479579
2017-07-28,5.11,5.41,5.09,5.36,35139621.0,224604773.0,2284142539.0,0.015384162940804982
2017-07-31,5.39,5.9,5.38,5.9,83391726.0,573846139.0,2284142539.0,0.036508985133873906
2017-08-01,6.01,6.22,5.75,5.9,115461433.0,832133495.0,2284142539.0,0.05054913650465489
2017-08-02,5.89,5.92,5.7,5.74,47626621.0,333534119.0,2284142539.0,0.02085098464163755
2017-08-03,5.82,6.0,5.77,5.91,69354637.0,492525588.0,2284142539.0,0.030363532842553484
2017-08-04,5.93,6.02,5.79,5.81,51421512.0,366490690.0,2284142539.0,0.022512391902876776
2017-08-07,5.85,6.09,5.71,5.98,46730959.0,333986687.0,2284142539.0,0.02045886287834684
2017-08-08,6.02,6.37,6.0,6.25,66138503.0,494089813.0,2284142539.0,0.028955506003121637
2017-08-09,6.19,6.35,6.03,6.13,39064205.0,290049696.0,2284142539.0,0.01710234993351262
2017-08-10,6.3,6.34,5.82,5.96,46350297.0,337355543.0,2284142539.0,0.02029220865537236
2017-08-11,5.91,6.05,5.72,5.74,45842392.0,325037534.0,2284142539.0,0.020069847313499905
2017-08-14,5.83,6.07,5.81,5.96,35161836.0,251914527.0,2284142539.0,0.015393888691112021
2017-08-15,6.06,6.06,5.87,5.96,20922748.0,149650065.0,2284142539.0,0.009160001025662785
2017-08-16,6.0,6.01,5.82,5.86,20979398.0,149217658.0,2284142539.0,0.009184802455097571
2017-08-17,5.89,5.96,5.83,5.9,18344438.0,130032815.0,2284142539.0,0.008031214202608921
2017-08-18,5.85,5.87,5.47,5.8,52747418.0,361373519.0,2284142539.0,0.023092874940761305
2017-08-21,5.72,5.89,5.62,5.86,27427248.0,191015196.0,2284142539.0,0.012007677949909238
2017-08-22,5.86,6.11,5.84,6.08,47091416.0,340093091.0,2284142539.0,0.020616671331123087
2017-08-23,6.06,6.12,5.97,6.01,20208951.0,147134797.0,2284142539.0,0.008847499950177145
2017-08-24,6.02,6.05,5.88,5.92,19907759.0,143115377.0,2284142539.0,0.008715637776579232
2017-08-25,5.92,5.98,5.83,5.94,17721264.0,126553993.0,2284142539.0,0.007758387971601102
2017-08-28,5.93,5.98,5.85,5.92,28085164.0,200262448.0,2284142539.0,0.012295714264966893
2017-08-29,5.92,5.98,5.87,5.96,17173430.0,122540712.0,2284142539.0,0.007518545671636826
2017-08-30,6.05,6.21,5.91,6.11,39702153.0,292366818.0,2284142539.0,0.017381644237220696
2017-08-31,6.07,6.22,6.0,6.2,25204018.0,185856794.0,2284142539.0,0.011034345523390299
2017-09-01,6.17,6.4,6.15,6.26,29150385.0,220451946.0,2284142539.0,0.01276206913635174
2017-09-04,6.3,6.35,6.16,6.29,25632837.0,192987650.0,2284142539.0,0.011222082931489066
2017-09-05,6.27,6.55,6.18,6.4,55629748.0,428330870.0,2284142539.0,0.024354762038780103
2017-09-06,6.43,6.61,6.34,6.49,38262465.0,300297933.0,2284142539.0,0.016751347320360904
2017-09-07,6.52,6.57,6.25,6.3,27845977.0,215243660.0,2284142539.0,0.012190997945422005
2017-09-08,6.33,6.5,6.26,6.41,25632590.0,197665348.0,2284142539.0,0.011221974794629925
2017-09-11,6.53,6.96,6.53,6.88,69759305.0,566244160.0,2284142539.0,0.030540696917514043
2017-09-12,6.91,7.53,6.89,7.01,110129205.0,951730204.0,2284142539.0,0.048214681491906664
2017-09-13,7.18,7.46,7.18,7.44,69177638.0,611876534.0,2284142539.0,0.030286042494653616
2017-09-14,7.51,7.86,7.51,7.64,60774419.0,562668565.0,2284142539.0,0.026607104400151446
2017-09-15,7.61,7.62,7.3,7.43,42527149.0,382961739.0,2284142539.0,0.018618430449887084
2017-09-18,7.49,8.03,7.47,7.96,49089283.0,461485811.0,2284142539.0,0.021491339599800693
2017-09-19,7.95,8.49,7.71,7.76,79013784.0,775044872.0,2284142539.0,0.03459231753312222
2017-09-20,7.88,7.95,7.56,7.87,47047628.0,442480453.0,2284142539.0,0.02059750089878257
2017-09-21,7.9,8.07,7.57,7.6,42960725.0,402464519.0,2284142539.0,0.0188082504775767
2017-09-22,7.67,7.92,7.62,7.67,36808089.0,343984980.0,2284142539.0,0.016114619981691083
2017-09-25,7.73,7.91,7.6,7.63,25067123.0,233438588.0,2284142539.0,0.01097441274876585
2017-09-26,7.63,7.71,7.23,7.37,48405465.0,428492488.0,2284142539.0,0.021191963361967752
2017-09-27,7.45,7.69,7.28,7.62,33111431.0,297993267.0,2284142539.0,0.014496219230913767
2017-09-28,7.62,8.15,7.61,8.01,52344209.0,498653862.0,2284142539.0,0.022916349617531466
2017-09-29,7.99,8.0,7.76,7.82,33176613.0,313867424.0,2284142539.0,0.014524755978899967
2017-10-09,7.88,8.44,7.72,8.33,50555355.0,489591661.0,2284142539.0,0.022133187459541466
2017-10-10,8.25,8.48,8.12,8.44,36145981.0,360114711.0,2284142539.0,0.015824748404635356
2017-10-11,8.42,8.83,8.26,8.49,38878545.0,399925237.0,2284142539.0,0.017021067790725996
2017-10-12,8.4,8.4,8.04,8.07,36389885.0,359485143.0,2284142539.0,0.015931529831729123
2017-10-13,8.12,8.4,8.04,8.12,26473765.0,261395917.0,2284142539.0,0.011590242092155178
2017-10-16,8.12,8.17,7.72,7.74,44042334.0,416723086.0,2284142539.0,0.01928178003255514
2017-10-17,7.74,7.92,7.5,7.79,28930932.0,270590758.0,2284142539.0,0.012665992382710928
2017-10-18,7.78,7.85,7.58,7.62,20713261.0,192562383.0,2284142539.0,0.00906828739727788
2017-10-19,7.62,7.76,7.52,7.71,26602550.0,245302258.0,2284142539.0,0.011646624300270957
2017-10-20,7.7,8.09,7.62,7.96,32082634.0,307409486.0,2284142539.0,0.014045810824943442
2017-10-23,8.1,8.2,7.84,8.03,28832952.0,279087836.0,2284142539.0,0.012623096635914453
2017-10-24,8.05,8.28,7.91,8.22,31578850.0,311240674.0,2284142539.0,0.013825253661194565
2017-10-25,8.2,8.43,8.17,8.22,18837723.0,188059709.0,2284142539.0,0.008247174893142691
2017-10-26,8.21,8.63,8.13,8.46,50038556.0,506953393.0,2284142539.0,0.0219069323151378
2017-10-27,8.42,8.54,8.25,8.35,26587302.0,268646837.0,2284142539.0,0.011639948709873399
2017-10-30,8.37,8.4,7.89,7.99,42065000.0,407097525.0,2284142539.0,0.01841610113281989
2017-10-31,8.0,8.17,7.89,8.16,24008341.0,232122994.0,2284142539.0,0.010510876878336533
2017-11-01,8.13,8.47,8.06,8.39,38292548.0,384231684.0,2284142539.0,0.016764517689322717
2017-11-02,8.3,8.45,8.24,8.31,19617040.0,196938399.0,2284142539.0,0.008588360693369145
2017-11-03,8.3,8.35,7.79,7.91,39822671.0,382965587.0,2284142539.0,0.017434407144063087
2017-11-06,7.82,8.42,7.81,8.4,55264166.0,543452124.0,2284142539.0,0.024194709855626922
2017-11-07,8.74,8.97,8.55,8.73,71413567.0,752094807.0,2284142539.0,0.03126493455669581
2017-11-08,8.77,9.44,8.77,9.27,68763146.0,759238919.0,2284142539.0,0.03010457746218613
2017-11-09,9.14,9.65,9.12,9.37,56499792.0,640690459.0,2284142539.0,0.02473566821479349
2017-11-10,9.52,10.3,9.39,10.3,84907131.0,1025565401.0,2284142539.0,0.037172431032772776
2017-11-13,10.51,11.33,10.49,11.02,87851518.0,1149903164.0,2284142539.0,0.03846148675049915
2017-11-14,10.88,11.33,10.4,10.52,83645053.0,1091076793.0,2284142539.0,0.036619891960253885
2017-11-15,10.64,10.68,9.99,10.35,68247047.0,851481229.0,2284142539.0,0.029878628778516873
2017-11-16,10.56,11.22,10.37,11.11,64855289.0,838755750.0,2284142539.0,0.02839371356762775
2017-11-17,11.04,11.96,10.62,10.81,73893617.0,1016856291.0,2284142539.0,0.03235070304865943
2017-11-20,10.87,11.78,10.62,11.59,63111937.0,858821548.0,2284142539.0,0.027630472232976527
2017-11-21,11.58,12.18,11.45,11.79,66223004.0,944591723.0,2284142539.0,0.028992500629576517
2017-11-22,11.83,11.83,10.83,11.34,68105305.0,926615701.0,2284142539.0,0.02981657398220716
2017-11-23,11.2,11.2,10.2,10.2,57733786.0,732723776.0,2284142539.0,0.025275912082647834
2017-11-24,9.83,10.73,9.44,10.42,70405519.0,855714000.0,2284142539.0,0.030823610084694458
2017-11-27,10.39,10.39,9.54,9.63,47368937.0,565484444.0,2284142539.0,0.02073817031608639
2017-11-28,9.75,10.15,9.7,10.13,39062748.0,467683928.0,2284142539.0,0.017101712057384
2017-11-29,10.29,10.34,9.8,10.1,37348933.0,453511158.0,2284142539.0,0.016351402052321745
2017-11-30,10.05,10.05,9.09,9.32,79046202.0,898948406.0,2284142539.0,0.03460651016753381
2017-12-01,9.29,9.68,9.29,9.32,48073384.0,550348660.0,2284142539.0,0.021046577951762405
2017-12-04,9.42,9.74,9.4,9.44,35386560.0,406569464.0,2284142539.0,0.015492273094082944
2017-12-05,9.39,9.54,8.96,9.03,45010401.0,495203591.0,2284142539.0,0.019705600780810115
2017-12-06,9.12,9.16,8.25,8.73,78355181.0,814369604.0,2284142539.0,0.03430398044874379
2017-12-07,8.67,8.86,8.51,8.73,40942232.0,429806782.0,2284142539.0,0.017924552124459165
2017-12-08,8.78,9.11,8.53,8.91,52484940.0,557913935.0,2284142539.0,0.022977961796980483
2017-12-11,8.8,9.8,8.67,9.8,67389467.0,754577063.0,2284142539.0,0.02950317935478019
2017-12-12,9.71,9.86,9.34,9.46,54649843.0,630195088.0,2284142539.0,0.023925758601705198
2017-12-13,9.41,9.71,9.36,9.67,33928257.0,391894675.0,2284142539.0,0.014853826510693079
2017-12-14,9.61,9.81,9.5,9.8,28054154.0,325683051.0,2284142539.0,0.012282138054432512
2017-12-15,9.7,9.73,9.39,9.47,27530785.0,315990756.0,2284142539.0,0.01205300655713588
2017-12-18,9.52,9.61,8.99,9.18,27703860.0,309673069.0,2284142539.0,0.012128778973718855
2017-12-19,9.19,9.41,9.06,9.25,20671109.0,230112811.0,2284142539.0,0.009049833207453784
2017-12-20,9.27,9.71,9.17,9.66,41366051.0,473797010.0,2284142539.0,0.018110100527312146
2017-12-21,9.59,10.25,9.28,9.98,56079412.0,663081470.0,2284142539.0,0.024551625409748565
2017-12-22,10.07,10.98,10.07,10.91,88734962.0,1148117378.0,2284142539.0,0.03884825946057126
2017-12-25,10.78,11.33,10.67,10.74,58215255.0,766108087.0,2284142539.0,0.025486699715984756
2017-12-26,10.73,10.73,9.75,10.25,58645442.0,719645468.0,2284142539.0,0.025675036035918773
2017-12-27,10.05,10.12,9.71,9.82,45973347.0,549268064.0,2284142539.0,0.020127179549892356
2017-12-28,9.69,10.17,9.51,9.82,34221583.0,406754054.0,2284142539.0,0.014982244941238319
2017-12-29,9.87,10.16,9.69,10.05,48080690.0,577428784.0,2782481409.0,0.017279788409181065
2018-01-02,10.12,10.67,9.93,10.54,47578075.0,594232650.0,2782481409.0,0.017099152880629364
2018-01-03,10.56,10.96,10.39,10.6,40305088.0,517819454.0,2782481409.0,0.014485303610522703
2018-01-04,10.59,10.97,10.37,10.86,40736839.0,529853344.0,2782481409.0,0.014640471224079256
2018-01-05,10.84,11.03,10.55,10.68,33090283.0,426366009.0,2782481409.0,0.011892364453170727
2018-01-08,10.6,10.6,10.17,10.47,39492310.0,493633636.0,2782481409.0,0.014193198154805712
2018-01-09,10.66,10.78,10.16,10.33,49771645.0,623448304.0,2782481409.0,0.01788750316139129
2018-01-10,10.26,10.63,10.17,10.38,44565605.0,557487001.0,2782481409.0,0.01601649694975554
2018-01-11,10.29,10.29,9.95,10.12,38751721.0,470869141.0,2782481409.0,0.013927036807741704
2018-01-12,10.1,10.34,9.96,10.25,24883234.0,304366196.0,2782481409.0,0.008942821295953536
2018-01-15,10.2,10.2,9.73,9.95,39996273.0,479399011.0,2782481409.0,0.014374318143018363
2018-01-16,9.83,10.1,9.73,9.85,31109906.0,371947086.0,2782481409.0,0.011180633911649614
2018-01-17,9.86,9.89,8.86,9.18,78687839.0,868028554.0,2782481409.0,0.028279735758694517
2018-01-18,9.24,9.46,9.14,9.22,31385611.0,351546054.0,2782481409.0,0.011279719928579764
2018-01-19,9.29,9.74,9.26,9.54,44805979.0,514556409.0,2782481409.0,0.016102885307723542
2018-01-22,9.55,10.2,9.55,10.1,49772948.0,597598878.0,2782481409.0,0.017887971448437446
2018-01-23,10.2,10.45,10.06,10.31,52523217.0,651028558.0,2782481409.0,0.018876394584385163
2018-01-24,10.29,10.49,9.95,10.31,47891993.0,596772933.0,2782481409.0,0.017211972322651373
2018-01-25,10.24,10.58,10.2,10.25,35239600.0,440776712.0,2782481409.0,0.012664810584543964
2018-01-26,10.35,10.39,10.01,10.1,22578261.0,277300003.0,2782481409.0,0.008114433730615449
2018-01-29,10.1,10.25,9.84,9.95,33401174.0,403003446.0,2782481409.0,0.012004096017304244
2018-01-30,9.95,10.16,9.91,10.09,30237764.0,367188973.0,2782481409.0,0.01086719354249601
2018-01-31,9.97,10.08,9.84,9.91,21386045.0,255925132.0,2782481409.0,0.007685961505735976
2018-02-01,9.88,9.95,9.13,9.21,50946506.0,576471114.0,2782481409.0,0.018309738147831774
2018-02-02,9.13,9.52,8.94,9.42,26508920.0,298866169.0,2782481409.0,0.009527078928274701
2018-02-05,9.12,9.12,8.48,8.48,80940877.0,840080402.0,2782481409.0,0.029089458329602805
2018-02-06,8.13,8.2,7.63,7.76,73963490.0,701381178.0,2782481409.0,0.026581845169122566
2018-02-07,7.96,8.02,7.67,7.76,33941260.0,322843025.0,2782481409.0,0.012198198302499422
2018-02-08,7.76,7.9,7.68,7.69,27190873.0,255481087.0,2782481409.0,0.009772166998870324
2018-02-09,7.43,7.57,7.23,7.34,37257881.0,333837408.0,2782481409.0,0.013390163499202018
2018-02-12,7.47,8.08,7.47,8.08,41367941.0,390398929.0,2782481409.0,0.014867283880565902
2018-02-13,8.15,8.59,8.08,8.13,54791380.0,549291549.0,2782481409.0,0.01969155295082153
2018-02-14,8.2,8.47,8.15,8.46,29942972.0,301540524.0,2782481409.0,0.010761247821153007
2018-02-22,8.69,8.69,8.32,8.61,35271848.0,359982217.0,2782481409.0,0.012676400239696984
2018-02-23,8.53,8.55,8.09,8.22,41875057.0,418035038.0,2782481409.0,0.015049537029988472
2018-02-26,8.18,8.62,8.18,8.49,37155138.0,377817664.0,2782481409.0,0.013353238544495159
2018-02-27,8.54,8.64,8.36,8.38,28737838.0,293914801.0,2782481409.0,0.010328132977653257
2018-02-28,8.3,8.53,8.17,8.36,20034286.0,201986206.0,2782481409.0,0.007200150892364866
2018-03-01,8.39,8.72,8.3,8.7,39863180.0,414211545.0,2782481409.0,0.014326485658111364
2018-03-02,8.61,8.67,8.4,8.46,29786248.0,304379277.0,2782481409.0,0.010704922557130372
2018-03-05,8.46,8.5,8.32,8.35,21077273.0,212726966.0,2782481409.0,0.00757499149206355
2018-03-06,8.4,8.54,8.35,8.42,24493626.0,249449136.0,2782481409.0,0.008802799515847547
2018-03-07,8.4,8.61,8.36,8.5,26592994.0,272932063.0,2782481409.0,0.009557294404190573
2018-03-08,8.5,8.52,8.36,8.42,18390519.0,186357830.0,2782481409.0,0.0066093951034193596
2018-03-09,8.43,8.69,8.39,8.61,27369910.0,282338284.0,2782481409.0,0.009836511364090843
2018-03-12,8.61,9.08,8.61,8.82,34810067.0,372545459.0,2782481409.0,0.01251044010120105
2018-03-13,8.8,9.04,8.66,8.69,21743890.0,231703897.0,2782481409.0,0.007814567935537283
2018-03-14,8.62,8.73,8.54,8.64,16845662.0,175359869.0,2782481409.0,0.006054186721791678
2018-03-15,8.64,8.64,8.38,8.49,19050176.0,194348321.0,2782481409.0,0.006846470182471576
2018-03-16,8.43,8.53,8.33,8.34,16688930.0,168828590.0,2782481409.0,0.005997858582637524
2018-03-19,8.35,8.43,8.18,8.33,14121593.0,141852954.0,2782481409.0,0.0050751796415686315
2018-03-20,8.27,8.42,8.18,8.4,16234109.0,163093319.0,2782481409.0,0.005834399808563106
2018-03-21,8.49,9.23,8.46,9.03,78108715.0,844534199.0,2782481409.0,0.02807160355046958
2018-03-22,9.19,9.27,8.8,8.93,37478508.0,406924651.0,2782481409.0,0.01346945495440685
2018-03-23,8.67,8.83,8.29,8.54,37757528.0,389126357.0,2782481409.0,0.013569732353960176
2018-03-26,8.36,8.7,8.31,8.63,31272621.0,320815552.0,2782481409.0,0.011239112289788527
2018-03-27,8.75,8.91,8.65,8.86,30257595.0,320273002.0,2782481409.0,0.010874320634140129
2018-03-28,8.7,8.75,8.5,8.55,31454804.0,327173192.0,2782481409.0,0.011304587300478886
2018-03-29,8.63,8.7,8.43,8.64,16292433.0,167946847.0,2782481409.0,0.005855360954902251
2018-03-30,8.74,8.98,8.71,8.81,22259027.0,237001223.0,2782481409.0,0.007999703763699073
2018-04-02,8.83,8.88,8.73,8.83,21432088.0,227915858.0,2782481409.0,0.007702508965802043
2018-04-03,8.71,8.98,8.62,8.72,25185833.0,267983674.0,2782481409.0,0.009051572786267626
2018-04-04,8.82,9.0,8.77,8.92,26844085.0,288642675.0,2782481409.0,0.009647534360219692
2018-04-09,8.89,8.94,8.55,8.58,23230895.0,245074311.0,2782481409.0,0.008348984803585438
2018-04-10,8.6,8.76,8.46,8.65,22499014.0,232272539.0,2782481409.0,0.008085953037179844
2018-04-11,8.69,8.9,8.64,8.87,26994085.0,286366718.0,2782481409.0,0.009701443076200621
2018-04-12,8.82,8.93,8.78,8.87,14025715.0,149702659.0,2782481409.0,0.0050407219090965
2018-04-13,8.87,8.95,8.72,8.77,10953946.0,116495774.0,2782481409.0,0.003936754425229657
2018-04-16,8.78,8.83,8.57,8.69,13319582.0,138936995.0,2782481409.0,0.004786943753484751
2018-04-17,8.69,8.69,8.3,8.33,26927583.0,273409952.0,2782481409.0,0.009677542826666196
2018-04-18,8.49,9.16,8.49,9.15,87895815.0,944419165.0,2782481409.0,0.03158900351164934
2018-04-19,9.08,10.06,9.04,9.73,89453373.0,1043968845.0,2782481409.0,0.03214877652395485
2018-04-20,9.79,9.89,9.56,9.7,39289496.0,458767803.0,2782481409.0,0.014120308539319337
2018-04-23,9.66,9.91,9.34,9.48,43911566.0,508637858.0,2782481409.0,0.01578144093181253
2018-04-24,9.51,10.04,9.51,9.91,55520749.0,660538879.0,2782481409.0,0.019953681925930167
2018-04-25,9.86,9.98,9.6,9.61,39937721.0,470495572.0,2782481409.0,0.014353275055430928
2018-04-26,9.66,9.93,9.66,9.89,33146776.0,393267379.0,2782481409.0,0.011912667553783465
2018-04-27,10.0,10.0,9.65,9.77,29599945.0,350110794.0,2782481409.0,0.010637966853707737
2018-05-02,9.77,10.03,9.75,9.98,23101466.0,276858175.0,2782481409.0,0.008302469128914133
2018-05-03,9.95,10.45,9.9,10.29,32557277.0,401399276.0,2782481409.0,0.011700806659369848
2018-05-04,10.33,10.92,10.14,10.15,32935105.0,410728084.0,2782481409.0,0.011836594808314135
2018-05-07,10.32,11.14,10.26,11.1,43403068.0,557829419.0,2782481409.0,0.015598691103420055
2018-05-08,11.09,11.09,10.66,10.89,32726763.0,422185565.0,2782481409.0,0.011761718476948142
2018-05-09,10.93,10.96,10.45,10.6,29542854.0,370841576.0,2782481409.0,0.010617448837013954
2018-05-10,10.6,10.87,10.59,10.67,17214755.0,219881159.0,2782481409.0,0.006186835586508675
2018-05-11,10.77,10.91,10.58,10.61,19124092.0,244771694.0,2782481409.0,0.00687303496014122
2018-05-14,10.67,10.79,10.51,10.62,18239531.0,230763946.0,2782481409.0,0.006555131308695835
2018-05-15,10.74,10.93,10.67,10.88,22876432.0,294054294.0,2782481409.0,0.008221593835633782
2018-05-16,10.69,10.82,10.4,10.52,23984429.0,301889543.0,2782481409.0,0.008619798472838601
2018-05-17,10.6,10.64,10.28,10.31,23818993.0,293936056.0,2782481409.0,0.008560342190591793
2018-05-18,10.35,10.35,9.83,9.99,37696078.0,448887606.0,2782481409.0,0.013547647749979989
2018-05-21,10.19,10.21,9.92,9.93,28212600.0,337288495.0,2782481409.0,0.010139366936557311
2018-05-22,10.03,10.24,9.87,10.19,31361330.0,375736845.0,2782481409.0,0.01127099354502821
2018-05-23,10.47,10.51,9.93,10.03,27706238.0,336562267.0,2782481409.0,0.009957384768280404
2018-05-24,10.08,10.12,9.72,9.77,23378018.0,272863200.0,2782481409.0,0.008401859550393855
2018-05-25,9.87,9.87,9.33,9.47,36863917.0,416078213.0,2782481409.0,0.013248576209983943
2018-05-28,9.48,9.69,9.46,9.58,24899787.0,283490491.0,2782481409.0,0.008948770302457752
2018-05-29,9.56,9.66,9.14,9.27,28552307.0,318340346.0,2782481409.0,0.010261454724422204
2018-05-30,9.24,9.5,9.03,9.35,27430496.0,304864457.0,2782481409.0,0.00985828545386698
2018-05-31,9.45,9.51,9.21,9.48,23435828.0,260793252.0,2782481409.0,0.008422635969532905
2018-06-01,9.4,9.41,8.67,8.81,57263934.0,609085177.0,2782481409.0,0.02058016769304495
2018-06-04,7.93,7.93,7.93,7.93,11531000.0,108737330.0,2782481409.0,0.0041441426931740554
2018-06-05,7.14,7.14,7.14,7.14,10182700.0,86451123.0,2782481409.0,0.0036595752147934655
2018-06-06,6.98,7.21,6.42,6.71,162806373.0,1306096915.0,2782481409.0,0.05851121681294942
2018-06-07,6.64,6.84,6.53,6.71,72143103.0,573708783.0,2782481409.0,0.025927613664066713
2018-06-08,6.67,6.77,6.56,6.61,51261067.0,405814539.0,2782481409.0,0.01842278867854962
2018-06-11,6.59,6.62,5.95,5.98,108140036.0,795657719.0,2782481409.0,0.038864603245943916
2018-06-12,6.14,6.26,6.02,6.21,66635032.0,487767132.0,2782481409.0,0.02394806009645472
2018-06-13,6.23,6.24,5.98,6.03,35517222.0,258190061.0,2782481409.0,0.012764585554864349
2018-06-14,6.08,6.12,5.97,6.05,30691442.0,221201025.0,2782481409.0,0.011030241532154653
2018-06-15,6.08,6.09,5.69,5.9,51322286.0,357519029.0,2782481409.0,0.0184447902631072
2018-06-19,5.83,5.85,5.31,5.35,62818314.0,410285249.0,2782481409.0,0.02257636431884602
2018-06-20,5.3,5.71,5.14,5.59,77126895.0,500311045.0,2782481409.0,0.0277187458469736
2018-06-21,5.61,5.7,5.47,5.54,44122982.0,292550039.0,2782481409.0,0.015857422032464694
2018-06-22,5.61,5.66,5.46,5.64,33035254.0,219411609.0,2782481409.0,0.011872587501625963
2018-06-25,5.7,5.77,5.56,5.58,31330625.0,211350169.0,2782481409.0,0.011259958430866914
2018-06-26,5.46,5.68,5.38,5.64,30610842.0,203412390.0,2782481409.0,0.0110012745821009
2018-06-27,5.66,5.9,5.6,5.8,39844201.0,273143279.0,2782481409.0,0.014319664767974017
2018-06-28,5.78,5.82,5.68,5.7,29716033.0,203238570.0,2782481409.0,0.010679687887179698
2018-06-29,5.76,5.81,5.69,5.8,23163010.0,159069678.0,2782481409.0,0.00832458751568967
2018-07-02,5.81,5.81,5.25,5.33,62801879.0,405652685.0,2782481409.0,0.02257045772053171
2018-07-03,5.29,5.39,5.13,5.36,37348559.0,233992776.0,2782481409.0,0.01342275239618681
2018-07-04,5.29,5.46,5.27,5.31,27904988.0,177785092.0,2782481409.0,0.010028813816955138
2018-07-05,5.34,5.37,5.03,5.06,26565618.0,163637448.0,2782481409.0,0.009547455704132613
2018-07-06,5.13,5.34,5.05,5.25,33976615.0,210384054.0,2782481409.0,0.012210904586856128
2018-07-09,5.32,5.44,5.25,5.39,24804716.0,158638274.0,2782481409.0,0.008914602598877597
2018-07-10,5.41,5.44,5.24,5.3,28876605.0,182035052.0,2782481409.0,0.010378004649590095
2018-07-11,5.24,5.26,5.09,5.22,24548549.0,151224000.0,2782481409.0,0.008822538371899684
2018-07-12,5.22,5.4,5.22,5.33,24814776.0,157004816.0,2782481409.0,0.008918218076762718
2018-07-13,5.34,5.37,5.24,5.31,22122460.0,139736080.0,2782481409.0,0.007950622752929955
2018-07-16,5.33,5.43,5.31,5.35,24462554.0,156395310.0,2782481409.0,0.008791632505027817
2018-07-17,5.35,5.39,5.25,5.35,16127047.0,102248591.0,2782481409.0,0.005795922642227436
2018-07-18,5.35,5.38,5.24,5.25,15958074.0,100751678.0,2782481409.0,0.005735195192457798
2018-07-19,5.27,5.31,5.16,5.18,17155268.0,106610676.0,2782481409.0,0.006165456467924958
2018-07-20,5.18,5.34,5.17,5.31,23780675.0,149377865.0,2782481409.0,0.008546571029398745
2018-07-23,5.27,5.35,5.27,5.34,15823320.0,100311921.0,2782481409.0,0.005686765758369169
2018-07-24,5.37,5.87,5.31,5.87,55655901.0,375065913.0,2782481409.0,0.020002254397811864
2018-07-25,6.03,6.08,5.71,5.75,63968503.0,447555735.0,2782481409.0,0.022989732399681957
2018-07-26,5.74,5.99,5.74,5.87,52477156.0,366560305.0,2782481409.0,0.01885984065527318
2018-07-27,6.01,6.19,5.9,5.96,55656920.0,400782275.0,2782481409.0,0.020002620617689093
2018-07-30,5.98,6.19,5.96,6.05,44171888.0,319340303.0,2782481409.0,0.015874998430223115
2018-07-31,6.05,6.1,5.9,5.95,26033389.0,185070790.0,2782481409.0,0.009356177157480515
2018-08-01,5.92,6.0,5.74,5.79,32735628.0,228163110.0,2782481409.0,0.011764904482062615
2018-08-02,5.76,5.78,5.4,5.61,33362986.0,220794659.0,2782481409.0,0.011990371576998378
2018-08-03,5.57,5.78,5.49,5.56,26660196.0,178325094.0,2782481409.0,0.00958144622773291
2018-08-06,5.52,5.52,5.13,5.21,33540595.0,209679072.0,2782481409.0,0.012054202731242759
2018-08-07,5.26,5.32,5.09,5.31,26564519.0,165851744.0,2782481409.0,0.009547060732940192
2018-08-08,5.31,5.59,5.31,5.4,32295684.0,209430347.0,2782481409.0,0.011606792374439186
2018-08-09,5.38,5.65,5.31,5.58,28896752.0,189663662.0,2782481409.0,0.010385245308929213
2018-08-10,5.58,5.6,5.44,5.53,18598313.0,122004280.0,2782481409.0,0.006684074488276302
2018-08-13,5.46,5.51,5.31,5.47,20664426.0,132819175.0,2782481409.0,0.007426617814286356
2018-08-14,5.44,5.51,5.36,5.44,11654573.0,75223502.0,2782481409.0,0.004188553771573465
2018-08-15,5.4,5.43,5.2,5.27,21391503.0,134637507.0,2782481409.0,0.007687923064214802
2018-08-16,5.15,5.32,5.13,5.19,17345482.0,107717874.0,2782481409.0,0.006233817751268936
2018-08-17,5.24,5.26,4.86,4.89,42305748.0,253043032.0,2782481409.0,0.015204323688618758
2018-08-20,4.94,4.98,4.72,4.86,29617593.0,170680833.0,2782481409.0,0.010644309393838614
2018-08-21,4.86,4.98,4.86,4.98,31765149.0,186616116.0,2782481409.0,0.011416122636886232
2018-08-22,4.98,4.99,4.82,4.87,18846721.0,110192572.0,2782481409.0,0.006773350197072242
2018-08-23,4.89,4.98,4.86,4.94,18143840.0,106301690.0,2782481409.0,0.00652074078242296
2018-08-24,4.95,4.98,4.89,4.94,12268497.0,72063762.0,2782481409.0,0.004409192801905977
2018-08-27,5.03,5.22,5.01,5.18,35102947.0,213705591.0,2782481409.0,0.012615698666111015
2018-08-28,5.22,5.33,5.17,5.26,27605972.0,172470381.0,2782481409.0,0.009921350026170112
2018-08-29,5.22,5.24,5.13,5.19,18315393.0,112920129.0,2782481409.0,0.00658239546210747
2018-08-30,5.19,5.28,5.14,5.25,21105868.0,130924119.0,2782481409.0,0.007585268290286715
2018-08-31,5.22,5.5,5.15,5.38,36908772.0,235037938.0,2782481409.0,0.01326469671301944
2018-09-03,5.46,5.67,5.38,5.6,50265032.0,333229666.0,2782481409.0,0.018064822225735848
2018-09-04,5.55,5.67,5.46,5.61,42974557.0,286171073.0,2782481409.0,0.015444687918128691
2018-09-05,5.63,5.68,5.54,5.55,22087600.0,147423923.0,2782481409.0,0.007938094367335986
2018-09-06,5.48,5.61,5.4,5.45,27329351.0,179031889.0,2782481409.0,0.009821934806681039
2018-09-07,5.49,5.57,5.4,5.45,16197193.0,105744867.0,2782481409.0,0.0058211325141687585
2018-09-10,5.42,5.49,5.29,5.3,18698456.0,119038046.0,2782481409.0,0.006720065025239491
2018-09-11,5.35,5.41,5.28,5.35,12529164.0,79766444.0,2782481409.0,0.004502874290363318
2018-09-12,5.35,5.42,5.26,5.35,12861491.0,81724285.0,2782481409.0,0.004622309769401949
2018-09-13,5.38,5.43,5.17,5.29,18271856.0,115153367.0,2782481409.0,0.006566748636989726
2018-09-14,5.3,5.62,5.3,5.51,33989189.0,221547520.0,2782481409.0,0.01221542357482109
2018-09-17,5.5,5.5,5.33,5.35,28680715.0,183162159.0,2782481409.0,0.010307603460433398
2018-09-18,5.34,5.35,5.11,5.29,30646458.0,190571138.0,2782481409.0,0.011014074667623412
2018-09-19,5.25,5.36,5.18,5.27,24504794.0,153722409.0,2782481409.0,0.008806813199448047
2018-09-20,5.27,5.35,5.23,5.26,14654752.0,92076136.0,2782481409.0,0.005266792422259811
2018-09-21,5.29,5.45,5.18,5.4,24468753.0,154737392.0,2782481409.0,0.008793860372563588
2018-09-25,5.35,5.38,5.29,5.36,16833639.0,106735245.0,2782481409.0,0.006049865758510087
2018-09-26,5.36,5.74,5.36,5.6,46701278.0,309248172.0,2782481409.0,0.01678403954432315
2018-09-27,5.61,5.63,5.47,5.48,29760803.0,195697956.0,2782481409.0,0.010695777841942807
2018-09-28,5.5,5.68,5.47,5.61,31500590.0,209305967.0,2782481409.0,0.011321042396944906
2018-10-08,5.5,5.5,5.38,5.4,19928881.0,129095583.0,2782481409.0,0.007162269237645067
2018-10-09,5.4,5.53,5.31,5.45,19657259.0,126754861.0,2782481409.0,0.0070646506159639175
2018-10-10,5.47,5.56,5.19,5.24,32320769.0,205624900.0,2782481409.0,0.011615807708708396
2018-10-11,5.03,5.07,4.77,4.82,38945802.0,226200158.0,2782481409.0,0.01399678785778367
2018-10-12,4.74,4.82,4.34,4.66,37717446.0,205684023.0,2782481409.0,0.013555327226267193
2018-10-15,4.65,4.73,4.47,4.54,19848754.0,109095293.0,2782481409.0,0.007133472279742373
2018-10-16,4.54,4.61,4.34,4.36,24259582.0,127884320.0,2782481409.0,0.008718686105693941
2018-10-17,4.5,4.51,4.31,4.41,15821034.0,82697603.0,2782481409.0,0.00568594418953762
2018-10-18,4.38,4.4,4.22,4.24,16734865.0,85275553.0,2782481409.0,0.006014367228428084
2018-10-19,4.21,4.58,4.17,4.56,32608106.0,171321996.0,2782481409.0,0.011719074166867146
2018-10-22,4.57,4.92,4.57,4.79,31227579.0,177774679.0,2782481409.0,0.011222924580553774
2018-10-23,4.8,5.02,4.71,4.81,37187617.0,213892993.0,2782481409.0,0.01336491121907079
2018-10-24,4.79,4.89,4.71,4.84,21998358.0,126797070.0,2782481409.0,0.007906021556458852
2018-10-25,4.71,4.98,4.64,4.98,31255822.0,180745408.0,2782481409.0,0.011233074872990103
2018-10-26,5.03,5.09,4.92,4.97,17983958.0,107379822.0,2782481409.0,0.006463280560233206
2018-10-29,5.08,5.19,4.98,5.06,39778925.0,241964691.0,2782481409.0,0.014296205132344876
2018-10-30,5.11,5.19,5.04,5.15,24231611.0,147698637.0,2782481409.0,0.008708633567729256
2018-10-31,5.15,5.4,5.15,5.38,29992620.0,188757533.0,2782481409.0,0.010779090887359816
2018-11-01,5.42,5.65,5.42,5.51,52611972.0,346297563.0,2782481409.0,0.01890829237163108
2018-11-02,5.78,6.03,5.66,5.91,87082710.0,603389236.0,2782481409.0,0.03129678053493151
2018-11-05,6.49,6.5,6.23,6.5,39989641.0,308730620.0,2782481409.0,0.014371934658989127
2018-11-06,6.7,6.79,6.32,6.56,88883923.0,694326299.0,2782481409.0,0.03194412106851924
2018-11-07,6.49,6.61,6.33,6.35,41556689.0,318283309.0,2782481409.0,0.014935118296059027
2018-11-08,6.43,6.59,6.28,6.52,40188732.0,309122623.0,2782481409.0,0.014443486260144855
2018-11-09,6.42,6.54,6.35,6.45,22803355.0,174883754.0,2782481409.0,0.008195330587382192
2018-11-12,6.43,7.03,6.43,6.92,47453574.0,380119622.0,2782481409.0,0.01705440828697375
2018-11-13,6.83,7.09,6.75,6.77,41076641.0,335972958.0,2782481409.0,0.014762593154130936
2018-11-14,6.82,6.85,6.64,6.72,24739205.0,198505351.0,2782481409.0,0.008891058506260086
2018-11-15,6.66,6.72,6.58,6.67,27687236.0,218585176.0,2782481409.0,0.009950555612139941
2018-11-16,6.77,6.93,6.69,6.71,36670627.0,296127868.0,2782481409.0,0.013179109438570915
2018-11-19,6.73,6.79,6.44,6.61,40774221.0,320267717.0,2782481409.0,0.014653905994884583
2018-11-20,6.55,6.7,6.38,6.41,32235509.0,250115236.0,2782481409.0,0.011585165994544835
2018-11-21,6.36,6.77,6.24,6.68,39694721.0,311368875.0,2782481409.0,0.01426594293554182
2018-11-22,6.7,6.78,6.6,6.63,23949497.0,190041148.0,2782481409.0,0.008607244211060962
2018-11-23,6.65,6.71,6.44,6.54,20195608.0,158135511.0,2782481409.0,0.007258128638228037
2018-11-26,6.5,6.59,6.43,6.54,15173378.0,117690070.0,2782481409.0,0.005453182167155317
2018-11-27,6.61,6.81,6.57,6.71,23846288.0,190454386.0,2782481409.0,0.008570151779943124
2018-11-28,6.71,7.28,6.66,7.14,58095437.0,486600709.0,2782481409.0,0.020879002753473562
2018-11-29,7.19,7.4,7.03,7.05,37686041.0,322487964.0,2782481409.0,0.013544040538097985
2018-11-30,7.01,7.22,6.95,7.13,26675691.0,224886215.0,2782481409.0,0.00958701499809374
2018-12-03,7.48,7.64,7.19,7.29,39840351.0,350679275.0,2782481409.0,0.014318281110930507
2018-12-04,7.24,7.33,7.15,7.21,18730237.0,161093564.0,2782481409.0,0.006731486844590091
2018-12-05,7.1,7.88,7.07,7.82,65219447.0,588638555.0,2782481409.0,0.023439310965042284
2018-12-06,7.75,8.26,7.71,7.86,68808243.0,647666477.0,2782481409.0,0.024729093526892277
2018-12-07,7.88,7.93,7.58,7.88,40518565.0,373258434.0,2782481409.0,0.014562025416932444
2018-12-10,7.77,7.94,7.5,7.51,40723571.0,370661701.0,2782481409.0,0.014635702818455021
2018-12-11,7.51,7.6,7.45,7.56,18110737.0,161918119.0,2782481409.0,0.006508843847588848
2018-12-12,7.56,7.81,7.5,7.52,28671102.0,260823190.0,2782481409.0,0.010304148630521901
2018-12-13,7.54,7.66,7.34,7.56,28772726.0,257999551.0,2782481409.0,0.010340671426207542
2018-12-14,7.59,7.63,7.23,7.3,35823147.0,316341251.0,2782481409.0,0.012874532381107456
2018-12-17,7.35,7.41,7.15,7.31,22107378.0,191951667.0,2782481409.0,0.007945202411233792
2018-12-18,7.37,7.44,7.27,7.36,16486022.0,144193357.0,2782481409.0,0.0059249351843558
2018-12-19,7.36,7.36,6.92,7.01,32116841.0,271642881.0,2782481409.0,0.011542517731158003
2018-12-20,7.03,7.29,6.98,7.1,32640113.0,277832761.0,2782481409.0,0.011730577208683158
2018-12-21,7.15,7.31,6.89,7.09,34456652.0,291105730.0,2782481409.0,0.01238342577547838
2018-12-24,7.03,7.31,6.96,7.29,26549679.0,227535042.0,2782481409.0,0.009541727363972479
2018-12-25,7.18,7.41,7.1,7.21,29325420.0,252782786.0,2782481409.0,0.010539304918676638
2018-12-26,7.35,7.35,7.08,7.13,16673468.0,142552347.0,2782481409.0,0.005992301672194209
2018-12-27,7.22,7.28,6.89,6.94,21179556.0,178288493.0,2782481409.0,0.007611751126708067
2018-12-28,6.97,7.0,6.59,6.96,32580767.0,264516981.0,2782481409.0,0.011709248764292463
2019-01-02,6.98,7.07,6.9,6.96,14361367.0,118939667.0,2782481409.0,0.005161352364672709
2019-01-03,7.09,7.09,6.62,6.67,28063011.0,226141672.0,2782481409.0,0.010085605930458168
2019-01-04,6.56,6.84,6.53,6.79,22370981.0,179098287.0,2782481409.0,0.0080399390729586
2019-01-07,6.87,7.14,6.82,7.14,30594146.0,255483368.0,2782481409.0,0.010995274182620782
2019-01-08,7.14,7.18,7.01,7.13,19556055.0,165043166.0,2782481409.0,0.007028278764683024
2019-01-09,7.14,7.19,6.82,6.98,28602094.0,239516890.0,2782481409.0,0.010279347746039154
2019-01-10,7.14,7.64,7.14,7.5,70962867.0,630105635.0,2782481409.0,0.025503446948636918
2019-01-11,7.5,7.55,7.34,7.35,25984331.0,229380564.0,2782481409.0,0.009338546132223232
2019-01-14,7.35,7.5,7.26,7.35,21617414.0,189423607.0,2782481409.0,0.007769113543787922
2019-01-15,7.31,7.68,7.29,7.65,38995673.0,349671555.0,2782481409.0,0.01401471106828157
2019-01-16,7.68,7.76,7.58,7.71,24048552.0,219385477.0,2782481409.0,0.00864284373013757
2019-01-17,7.72,8.07,7.67,7.78,35462862.0,331124830.0,2782481409.0,0.012745049036192859
2019-01-18,7.89,8.29,7.82,8.19,46592585.0,446368788.0,2782481409.0,0.01674497621054905
2019-01-21,8.19,8.28,7.99,8.05,32296014.0,311110384.0,2782481409.0,0.011606910973614343
2019-01-22,8.03,8.14,7.74,7.82,29228266.0,273246086.0,2782481409.0,0.01050438860272723
2019-01-23,7.83,7.99,7.75,7.91,24986090.0,234434996.0,2782481409.0,0.0089797868618931
2019-01-24,7.89,8.7,7.89,8.49,102407521.0,1040258538.0,2782481409.0,0.0368043864260011
2019-01-25,8.63,8.69,8.39,8.5,45528579.0,464490701.0,2782481409.0,0.01636258156217568
2019-01-28,8.64,8.74,8.3,8.45,41790682.0,422432306.0,2782481409.0,0.015019213377249199
2019-01-29,8.49,8.68,8.28,8.49,40842332.0,412742085.0,2782481409.0,0.014678384505245763
2019-01-30,8.56,8.93,8.54,8.62,51749887.0,537729159.0,2782481409.0,0.018598466402188277
2019-01-31,8.63,8.77,8.53,8.62,27790592.0,286760618.0,2782481409.0,0.009987700873799441
2019-02-01,8.74,9.28,8.71,9.03,51260567.0,552259751.0,2782481409.0,0.018422608982829686
2019-02-11,9.03,9.24,8.99,9.23,32241875.0,350824886.0,2782481409.0,0.011587453880451066
2019-02-12,9.14,9.2,8.92,9.14,31980325.0,343944350.0,2782481409.0,0.011493455049352317
2019-02-13,9.08,9.24,9.02,9.2,35641855.0,388750832.0,2782481409.0,0.012809377588190025
2019-02-14,9.11,9.55,9.08,9.48,41973967.0,471859923.0,2782481409.0,0.015085084437306297
2019-02-15,9.44,9.83,9.39,9.66,49539706.0,567352061.0,2782481409.0,0.017804146270218618
2019-02-18,9.52,10.35,9.52,10.31,57968801.0,699046461.0,2782481409.0,0.020833490859093824
2019-02-19,10.63,10.91,10.08,10.29,79662528.0,998536238.0,2782481409.0,0.02863003064183276
2019-02-20,10.42,10.55,10.08,10.5,28795928.0,354335370.0,2959470591.0,0.009730094324157453
2019-02-21,10.35,11.06,10.33,10.66,50791195.0,648890176.0,2959470591.0,0.017162257045047286
2019-02-22,10.78,11.29,10.6,11.17,55370015.0,722690641.0,2959470591.0,0.018709432412805482
2019-02-25,11.51,11.58,10.93,11.26,80950022.0,1086009361.0,2959470591.0,0.027352872586798412
2019-02-26,11.19,11.35,10.74,10.97,75447681.0,988802685.0,2959470591.0,0.02549364106858935
2019-02-27,10.82,10.87,9.87,9.87,116971847.0,1415555707.0,2959470591.0,0.039524585023997624
2019-02-28,9.77,10.19,9.59,10.0,60972554.0,722415355.0,2959470591.0,0.020602520662115275
2019-03-01,10.03,10.24,9.93,10.08,51769907.0,619380416.0,2959470591.0,0.017492962139051715
2019-03-04,10.22,10.28,9.86,10.03,91622581.0,1095943089.0,2959470591.0,0.030959111835282976
2019-03-05,10.0,10.15,9.82,10.08,61261392.0,727145090.0,2959470591.0,0.020700118523326795
2019-03-06,10.07,10.18,9.82,9.94,60190091.0,714466317.0,2959470591.0,0.020338127766176543
2019-03-07,9.94,9.96,9.53,9.65,61667757.0,711824549.0,2959470591.0,0.02083742855480195
2019-03-08,9.59,9.96,9.43,9.53,53949485.0,622835044.0,2959470591.0,0.018229437779873514
2019-03-11,9.51,10.48,9.51,10.48,109032165.0,1325883276.0,2959470591.0,0.036841780192570936
2019-03-12,10.48,10.88,10.38,10.6,80772930.0,1021589447.0,2959470591.0,0.027293033505937616
2019-03-13,10.5,10.71,10.17,10.61,47338633.0,588787017.0,2959470591.0,0.015995642309797158
2019-03-14,10.59,10.98,10.36,10.5,66215452.0,839899186.0,2959470591.0,0.02237408683883083
2019-03-15,10.68,10.88,10.6,10.76,58646843.0,751540747.0,2959470591.0,0.01981666693304877
2019-03-18,10.71,10.73,10.24,10.55,44572633.0,554268362.0,2959470591.0,0.015061015688261658
2019-03-19,10.54,10.55,10.32,10.38,32127096.0,398026896.0,2959470591.0,0.01085569023652447
2019-03-20,10.36,10.52,10.13,10.43,31783556.0,389963270.0,2959470591.0,0.010739608664014596
2019-03-21,10.43,10.49,10.24,10.3,25435158.0,312249832.0,2959470591.0,0.008594495947130024
2019-03-22,10.24,10.28,9.77,9.93,51762177.0,612607230.0,2959470591.0,0.017490350185405845
2019-03-25,9.81,10.08,9.62,9.66,39645983.0,464125761.0,2959470591.0,0.01339630916440487
2019-03-26,9.87,9.87,9.42,9.45,28881314.0,329819911.0,2959470591.0,0.009758946106046978
2019-03-27,9.56,9.65,9.33,9.52,22490467.0,254418145.0,2959470591.0,0.007599489945396116
2019-03-28,9.51,9.84,9.41,9.66,27871267.0,321711427.0,2959470591.0,0.009417652969676022
2019-03-29,9.73,10.25,9.66,10.22,50941452.0,609056313.0,2959470591.0,0.017213028625767478
2019-04-01,10.22,11.24,10.22,11.24,81650308.0,1062220189.0,2959470591.0,0.02758949801640384
2019-04-02,11.65,11.87,11.33,11.61,78088514.0,1081773022.0,2959470591.0,0.02638597397705987
2019-04-03,11.61,11.68,11.43,11.61,36760802.0,505074969.0,2959470591.0,0.012421411488863145
2019-04-04,11.61,11.72,11.19,11.23,45844995.0,618627271.0,2959470591.0,0.015490944609964533
2019-04-08,11.3,11.6,10.97,11.18,39549601.0,530222637.0,2959470591.0,0.013363741853111727
2019-04-09,10.94,11.18,10.88,10.95,29719371.0,389113023.0,2959470591.0,0.010042124118543065
2019-04-10,11.01,11.3,10.9,11.12,33574430.0,442851817.0,2959470591.0,0.011344741894750593
2019-04-11,11.26,11.32,10.17,10.67,62316888.0,791504386.0,2959470591.0,0.021056768798281326
2019-04-12,10.56,10.84,10.44,10.56,33052204.0,417083215.0,2959470591.0,0.011168282631533674
2019-04-15,10.47,11.03,10.47,10.59,35263604.0,452705595.0,2959470591.0,0.011915510871180675
2019-04-16,10.61,10.87,10.3,10.79,26377176.0,333312868.0,2959470591.0,0.008912802201925986
2019-04-17,10.91,11.71,10.84,11.62,58387749.0,793441235.0,2959470591.0,0.01972911951805234
2019-04-18,11.66,12.48,11.4,12.02,69423270.0,995392144.0,2959470591.0,0.02345800299929387
2019-04-19,12.03,12.4,11.81,12.27,43699621.0,632788486.0,2959470591.0,0.014766026441652855
2019-04-22,12.43,13.15,12.33,12.51,50676923.0,771988879.0,2959470591.0,0.017123644733660407
2019-04-23,12.61,12.88,12.18,12.22,47651285.0,703821076.0,2959470591.0,0.016101286880468278
2019-04-24,12.48,12.66,12.1,12.34,36818665.0,542719274.0,2959470591.0,0.01244096329660064
2019-04-25,12.6,12.62,12.05,12.1,37483056.0,550742733.0,2959470591.0,0.012665459867717267
2019-04-26,12.14,12.44,11.86,11.96,33107914.0,478171057.0,2959470591.0,0.011187106944290632
2019-04-29,12.08,12.53,11.94,12.23,45259322.0,658833636.0,2959470591.0,0.015293046715056883
2019-04-30,12.06,12.23,11.66,11.99,35874360.0,509933220.0,2959470591.0,0.012121884268455634
2019-05-06,11.64,11.91,11.3,11.72,50198386.0,692098077.0,2959470591.0,0.016961947908067588
2019-05-07,11.89,12.59,11.61,12.44,49631991.0,720935120.0,2959470591.0,0.016770564016055804
2019-05-08,12.27,12.41,11.89,11.98,39930343.0,577630585.0,2959470591.0,0.013492393917152462
2019-05-09,11.77,12.35,11.67,12.35,35417989.0,506273727.0,2959470591.0,0.011967677295969453
2019-05-10,12.4,13.03,11.88,12.67,57736942.0,862346875.0,2959470591.0,0.019509212957068374
2019-05-13,12.45,12.61,11.94,12.4,26993130.0,396894055.0,2959470591.0,0.009120931994421025
2019-05-14,12.08,13.06,12.08,12.9,38551731.0,583711166.0,2959470591.0,0.013026563304004125
2019-05-15,13.03,14.1,12.92,13.91,73867358.0,1187010836.0,2959470591.0,0.024959652657011316
2019-05-16,13.78,14.0,13.35,13.6,48963363.0,796032886.0,2959470591.0,0.016544635769958897
2019-05-17,13.62,13.78,13.09,13.15,34541000.0,550828328.0,2959470591.0,0.011671344227931204
2019-05-20,13.03,13.14,12.09,12.82,35123237.0,528939793.0,2959470591.0,0.011868081104374793
2019-05-21,12.79,13.08,12.57,12.72,34386333.0,523013907.0,2959470591.0,0.011619082515829602
2019-05-22,12.69,13.16,12.61,12.81,32970695.0,504282167.0,2959470591.0,0.011140740881246352
2019-05-23,12.79,12.82,12.32,12.43,27555505.0,405943304.0,2959470591.0,0.00931095753537765
2019-05-24,12.26,12.71,12.02,12.34,23927813.0,346807121.0,2959470591.0,0.00808516667567723
2019-05-27,12.58,13.16,12.45,13.13,39127519.0,593085950.0,2959470591.0,0.013221121074488825
2019-05-28,13.12,13.27,12.82,13.24,32827349.0,503644036.0,2959470591.0,0.011092304515486906
2019-05-29,13.0,13.16,12.82,12.85,23096810.0,351242512.0,2959470591.0,0.007804372197594851
2019-05-30,12.71,13.03,12.53,12.95,28882289.0,434164841.0,2959470591.0,0.009759275556862596
2019-05-31,13.16,13.49,12.79,13.08,44012241.0,682983916.0,2959470591.0,0.014871660199579256
2019-06-03,13.0,13.24,12.57,12.57,35589481.0,535914017.0,2959470591.0,0.012025624146504654
2019-06-04,12.74,12.88,12.32,12.68,24887278.0,368986748.0,2959470591.0,0.00840936824163224
2019-06-05,12.78,12.82,12.21,12.28,24040513.0,351414770.0,2959470591.0,0.008123247810979853
2019-06-06,12.28,12.37,11.8,11.9,27533988.0,389075601.0,2959470591.0,0.00930368697824982
2019-06-10,11.91,12.38,11.72,12.25,22258916.0,317254248.0,2959470591.0,0.007521249262517169
2019-06-11,12.32,12.75,12.25,12.66,28139986.0,416104410.0,2959470591.0,0.009508452655544567
2019-06-12,12.68,12.68,12.18,12.2,23169378.0,337758739.0,2959470591.0,0.007828892799428395
2019-06-13,12.35,12.49,11.96,12.11,22603078.0,323797143.0,2959470591.0,0.007637541007752491
2019-06-14,12.27,12.36,11.98,12.08,20214611.0,288395303.0,2959470591.0,0.006830482134701503
2019-06-17,12.01,12.03,11.06,11.52,46607681.0,629247268.0,2959470591.0,0.015748654891769458
2019-06-18,11.48,11.88,11.43,11.8,24671187.0,340845337.0,2959470591.0,0.00833635146604503
2019-06-19,12.19,12.54,11.92,12.08,40388244.0,583777171.0,2959470591.0,0.013647117873995458
2019-06-20,12.1,12.7,11.98,12.6,37426391.0,548606308.0,2959470591.0,0.01264631286211014
2019-06-21,12.57,12.75,12.24,12.37,36160530.0,527570345.0,2959470591.0,0.01221858061707632
2019-06-24,12.57,12.66,12.2,12.48,25056646.0,366205586.0,2959470591.0,0.008466597396236805
2019-06-25,12.35,12.35,11.84,12.06,37880892.0,538029718.0,2959470591.0,0.012799887964826883
2019-06-26,11.93,11.99,11.46,11.9,44200288.0,609495483.0,2959470591.0,0.014935200956014501
2019-06-27,12.02,12.2,11.88,12.12,26913972.0,383270994.0,2959470591.0,0.009094184642972179
2019-06-28,12.19,12.22,11.82,11.94,16962682.0,239547063.0,2959470591.0,0.005731660943543399
2019-07-01,12.32,12.61,12.15,12.41,31411509.0,458815543.0,2959470591.0,0.010613894625452624
2019-07-02,12.49,12.49,11.57,12.11,68736665.0,960338001.0,2959470591.0,0.023226000355953527
2019-07-03,11.98,11.99,11.79,11.85,30431467.0,424401955.0,2959470591.0,0.010282740126745866
2019-07-04,11.73,11.92,11.68,11.77,19124536.0,265010548.0,2959470591.0,0.006462147675384689
2019-07-05,12.18,12.26,11.79,11.85,33233326.0,468220093.0,2959470591.0,0.011229483442432357
2019-07-08,11.76,11.76,11.47,11.54,24732929.0,337115452.0,2959470591.0,0.008357213981181272
2019-07-09,11.45,11.55,11.15,11.29,28750896.0,382768888.0,2959470591.0,0.00971487808915348
2019-07-10,11.38,11.51,11.25,11.31,15031528.0,200952397.0,2959470591.0,0.005079127343151219
2019-07-11,11.22,11.29,10.59,10.94,53467505.0,683557985.0,2959470591.0,0.01806657757052873
2019-07-12,11.05,11.62,11.05,11.55,46094232.0,620552705.0,2959470591.0,0.015575161361689639
2019-07-15,11.43,11.64,11.3,11.54,30335297.0,409825337.0,2959470591.0,0.010250244449886476
2019-07-16,11.54,11.54,11.32,11.35,18873335.0,253069876.0,2959470591.0,0.006377267291452534
2019-07-17,11.35,11.55,11.3,11.4,17388043.0,234533274.0,2959470591.0,0.0058753896906015915
2019-07-18,11.72,11.87,11.55,11.63,38453637.0,529027464.0,2959470591.0,0.012993417510868585
2019-07-19,11.61,11.86,11.52,11.55,23616660.0,324615459.0,2959470591.0,0.007980028614516481
2019-07-22,11.63,11.65,11.32,11.42,12322692.0,166246726.0,2959470591.0,0.004163816338460786
2019-07-23,11.45,12.0,11.35,11.93,36808018.0,513416689.0,2959470591.0,0.0124373656936941
2019-07-24,12.04,12.15,11.84,12.0,25275411.0,355978716.0,2959470591.0,0.00854051771180449
2019-07-25,11.94,12.2,11.75,12.1,35170945.0,498969487.0,2959470591.0,0.011884201555155781
2019-07-26,11.93,12.28,11.87,12.1,29336089.0,417161648.0,2959470591.0,0.009912613792890365
2019-07-29,12.01,12.68,12.01,12.56,36121253.0,529399955.0,2959470591.0,0.01220530898663017
2019-07-30,12.63,12.66,12.36,12.39,24142375.0,355363087.0,2959470591.0,0.0081576668048059
2019-07-31,12.37,12.56,12.31,12.37,16414512.0,240001095.0,2959470591.0,0.0055464352475466105
2019-08-01,12.27,12.44,12.15,12.26,21770703.0,314233562.0,2959470591.0,0.007356282933240339
2019-08-02,11.8,12.14,11.8,12.01,18780771.0,265062206.0,2959470591.0,0.006345990075763521
2019-08-05,12.07,12.18,11.68,11.68,19148229.0,268848501.0,2959470591.0,0.006470153499153322
2019-08-06,11.62,11.62,11.12,11.3,30415993.0,405849029.0,2959470591.0,0.010277511488878316
2019-08-07,11.5,11.6,11.23,11.24,21558737.0,288646097.0,2959470591.0,0.007284659988026893
2019-08-08,11.28,11.44,11.08,11.14,26569897.0,350640896.0,2959470591.0,0.008977922294886559
2019-08-09,11.24,11.41,11.07,11.21,22914316.0,303446129.0,2959470591.0,0.007742707790266398
2019-08-12,11.22,11.35,10.96,11.04,34007947.0,445712113.0,2959470591.0,0.011491226540118709
2019-08-13,11.06,11.26,10.74,10.87,29520532.0,380429041.0,2959470591.0,0.009974936763951779
2019-08-14,10.96,11.13,10.65,10.87,35467561.0,452169092.0,2959470591.0,0.011984427589130249
2019-08-15,10.66,11.15,10.51,11.06,43040467.0,550980957.0,2959470591.0,0.014543299443788932
2019-08-16,11.04,11.25,10.85,11.02,35883183.0,466354489.0,2959470591.0,0.012124865544913266
2019-08-19,11.14,11.42,10.94,11.2,44054979.0,579372065.0,2959470591.0,0.014886101295946278
2019-08-20,11.24,11.7,11.21,11.64,42514664.0,575560148.0,2959470591.0,0.014365631518451537
2019-08-21,11.55,12.8,11.55,12.8,109214446.0,1611253393.0,2959470591.0,0.03690337262756736
2019-08-22,12.82,13.09,12.57,12.7,60441133.0,908962793.0,2959470591.0,0.02042295442428338
2019-08-23,12.82,12.91,12.49,12.6,28023848.0,416470178.0,2959470591.0,0.009469209825981338
2019-08-26,12.44,12.53,12.26,12.35,31210295.0,454215641.0,2959470591.0,0.010545904762464321
2019-08-27,12.49,12.78,12.4,12.66,38423765.0,568944809.0,2959470591.0,0.012983323813674619
2019-08-28,12.6,13.02,12.54,12.9,57471327.0,871153973.0,2959470591.0,0.019419462107437446
2019-08-29,12.94,13.18,12.78,12.82,32582605.0,497315779.0,2959470591.0,0.011009605940699817
2019-08-30,12.91,12.97,12.39,12.44,30520749.0,453864451.0,2959470591.0,0.010312908360304771
2019-09-02,12.57,13.25,12.43,13.06,46433587.0,705660836.0,2959470591.0,0.0156898288299294
2019-09-03,13.08,13.31,12.91,13.07,32208727.0,496388225.0,2959470591.0,0.010883273210401029
2019-09-04,12.99,13.16,12.71,12.82,26255023.0,398373928.0,2959470591.0,0.008871526914254104
2019-09-05,12.87,13.05,12.78,12.85,29763198.0,452141795.0,2959470591.0,0.010056933186128762
2019-09-06,12.79,12.93,12.52,12.65,30449625.0,453958308.0,2959470591.0,0.01028887568357661
2019-09-09,12.74,12.8,12.46,12.61,29476152.0,437897888.0,2959470591.0,0.00995994083862143
2019-09-10,12.7,12.7,12.44,12.53,22517095.0,332477048.0,2959470591.0,0.007608487500594325
2019-09-11,12.55,12.59,12.24,12.29,24445370.0,355546284.0,2959470591.0,0.008260048291860184
2019-09-12,12.41,12.91,12.41,12.84,50628180.0,759898411.0,2959470591.0,0.017107174558167456
2019-09-16,12.88,12.89,12.58,12.66,26800344.0,401074442.0,2959470591.0,0.009055789938072744
2019-09-17,12.61,12.65,12.01,12.21,36496019.0,525288616.0,2959470591.0,0.012331941770594875
2019-09-18,12.2,12.31,12.02,12.14,17704490.0,252879686.0,2959470591.0,0.005982316585216575
2019-09-19,12.12,12.38,11.97,12.12,24343306.0,348110333.0,2959470591.0,0.008225561042583106
2019-09-20,12.18,12.27,11.92,12.27,27772398.0,394242576.0,2959470591.0,0.00938424530537935
2019-09-23,12.1,12.12,11.72,11.85,38030417.0,530157636.0,2959470591.0,0.01285041220401166
2019-09-24,11.81,12.05,11.58,11.85,30866950.0,430779794.0,2959470591.0,0.010429889080117574
2019-09-25,11.77,11.77,11.23,11.26,40097271.0,538708498.0,2959470591.0,0.013548798599972302
2019-09-26,11.37,11.47,10.87,11.02,33391021.0,438017979.0,2959470591.0,0.01128276831050287
2019-09-27,11.12,11.12,10.7,10.97,30296324.0,387141579.0,2959470591.0,0.010237075540515145
2019-09-30,11.04,11.04,10.73,10.82,16310787.0,208548034.0,2959683285.0,0.0055109906802071895
2019-10-08,10.86,11.01,10.61,10.81,21591511.0,276078913.0,2959683285.0,0.007295209967035375
2019-10-09,10.81,11.16,10.75,11.1,19657371.0,254672321.0,2959683285.0,0.006641714368434527
2019-10-10,11.1,11.19,10.94,11.01,19923971.0,258698936.0,2959683285.0,0.006731791574110944
2019-10-11,11.08,11.08,10.62,10.74,32363122.0,409405626.0,2959683285.0,0.010934657152006722
2019-10-14,10.75,11.21,10.75,10.97,40623168.0,527226950.0,2959683285.0,0.013725511849826188
2019-10-15,10.88,11.07,10.62,10.71,26672399.0,338078133.0,3882584914.0,0.0068697529070963674
2019-10-16,10.64,10.69,9.7,10.33,84071557.0,1004776047.0,3882584914.0,0.021653501175686072
2019-10-17,10.34,10.76,10.28,10.55,36861324.0,458597617.0,3882584914.0,0.009494016181612351
2019-10-18,10.49,10.67,10.14,10.28,27346748.0,333290054.0,3882584914.0,0.007043438483828612
2019-10-21,10.2,10.36,10.04,10.29,17982158.0,216382587.0,3882584914.0,0.004631491235429036
2019-10-22,10.29,10.68,10.12,10.66,29948422.0,367746054.0,3882584914.0,0.007713526597193181
2019-10-23,10.65,10.99,10.57,10.65,28040043.0,355273574.0,3882584914.0,0.007222003799296686
2019-10-24,10.66,10.75,10.32,10.4,16674533.0,205942291.0,3882584914.0,0.004294698858967441
2019-10-25,10.4,10.97,10.19,10.93,42721240.0,540915557.0,3882584914.0,0.011003298304166851
2019-10-28,10.85,11.08,10.77,11.0,28083627.0,362565589.0,3882584914.0,0.007233229310384118
2019-10-29,10.96,11.34,10.92,11.17,26522586.0,349508401.0,3882584914.0,0.0068311670156559
2019-10-30,11.1,11.23,10.79,11.11,18649553.0,242790619.0,3882584914.0,0.00480338573736085
2019-10-31,11.16,11.16,10.7,10.8,21239353.0,271521101.0,3882584914.0,0.005470415578913466
2019-11-01,10.71,10.82,10.48,10.68,18695456.0,234281383.0,3882584914.0,0.004815208530942126
2019-11-04,10.68,10.79,10.64,10.69,13852367.0,174650794.0,3882584914.0,0.0035678207448987167
2019-11-05,10.7,11.04,10.67,11.04,20605106.0,264532602.0,3882584914.0,0.005307058688066597
2019-11-06,11.0,11.27,10.9,11.04,22120668.0,288492964.0,3882584914.0,0.005697407394809653
2019-11-07,11.25,11.29,10.96,11.08,19237254.0,251483955.0,3882584914.0,0.004954754223309692
2019-11-08,11.13,11.24,10.94,10.96,15756208.0,205486796.0,3882584914.0,0.00405817473384434
2019-11-11,10.91,10.91,10.54,10.65,15987253.0,201698498.0,3882584914.0,0.004117682769114062
2019-11-12,10.67,10.78,10.34,10.52,14631254.0,180934259.0,3882584914.0,0.0037684311674013784
2019-11-13,10.57,10.57,10.12,10.22,25030463.0,302427809.0,3882584914.0,0.006446855266382978
2019-11-14,10.28,10.28,9.97,10.05,25195452.0,297962811.0,3882584914.0,0.006489349893971179
2019-11-15,10.06,10.06,9.73,9.74,29123137.0,337110117.0,3882584914.0,0.007500965888726986
2019-11-18,9.54,10.05,9.5,9.96,34295951.0,397078689.0,3882584914.0,0.008833277767173645
2019-11-19,9.98,10.57,9.89,10.46,39217577.0,478938816.0,3882584914.0,0.010100893571854022
2019-11-20,10.54,10.79,10.46,10.53,28753323.0,359838508.0,3882584914.0,0.0074057164587231486
2019-11-21,10.47,10.62,10.37,10.61,13398948.0,166086821.0,3882584914.0,0.003451037980311897
2019-11-22,10.7,10.88,10.53,10.79,31892165.0,403287637.0,3882584914.0,0.00821415775995054
2019-11-25,10.75,10.84,10.43,10.57,19412073.0,243537991.0,3882584914.0,0.004999780669317256
2019-11-26,10.58,10.7,10.4,10.7,23128543.0,288631816.0,3882584914.0,0.005956996050904658
2019-11-27,10.61,10.68,10.3,10.47,22210968.0,273116470.0,3882584914.0,0.005720665096057703
2019-11-28,10.4,10.92,10.4,10.79,32204641.0,409245743.0,3882584914.0,0.008294639193562787
2019-11-29,10.74,11.25,10.74,11.13,43432566.0,567637644.0,3882584914.0,0.01118650769063386
2019-12-02,11.31,11.61,11.19,11.34,50674812.0,681038777.0,3882584914.0,0.013051823236955997
2019-12-03,11.32,11.76,11.17,11.63,41524544.0,565249533.0,3882584914.0,0.01069507684178881
2019-12-04,11.6,11.69,11.36,11.53,23428316.0,318460926.0,3882584914.0,0.006034205695159717
2019-12-05,11.59,11.76,11.41,11.66,28842692.0,394235934.0,3882584914.0,0.0074287343712684095
2019-12-06,11.65,11.86,11.38,11.72,27502252.0,376531399.0,3882584914.0,0.0070834901513244794
2019-12-09,11.71,11.81,11.41,11.52,20889364.0,283932364.0,3882584914.0,0.005380272283209103
2019-12-10,11.49,11.53,11.28,11.34,26790093.0,357466042.0,3882584914.0,0.006900066217070765
2019-12-11,11.4,11.43,11.02,11.13,22657142.0,297261661.0,3882584914.0,0.005835581835776947
2019-12-12,11.04,11.2,10.96,10.99,21250149.0,276794593.0,3882584914.0,0.005473196200648504
2019-12-13,11.04,11.25,10.93,11.21,28798947.0,376716185.0,3882584914.0,0.007417467392961698
2019-12-16,11.15,11.59,11.13,11.53,28405445.0,382935021.0,3882584914.0,0.007316116872956046
2019-12-17,11.54,11.64,11.37,11.47,24869126.0,336034698.0,3882584914.0,0.006405301249259426
2019-12-18,11.47,11.48,11.24,11.31,20058445.0,267697078.0,3882584914.0,0.0051662604796284955
2019-12-19,11.37,11.41,11.19,11.29,17291954.0,229747006.0,3882584914.0,0.004453722039059053
2019-12-20,11.24,11.35,11.03,11.12,16614639.0,218035910.0,3882584914.0,0.004279272538274741
2019-12-23,11.05,11.11,10.82,10.82,19163552.0,246841384.0,3882584914.0,0.00493577150905295
2019-12-24,10.82,10.94,10.64,10.91,21171717.0,269162592.0,3882584914.0,0.0054529952258501975
2019-12-25,10.94,11.26,10.89,11.16,28211209.0,369698620.0,3882584914.0,0.007266089377279232
2019-12-26,11.18,11.19,11.02,11.09,18166166.0,237121596.0,3882584914.0,0.004678884403659948
2019-12-27,11.08,11.13,10.94,11.04,20535439.0,267145496.0,3882584914.0,0.005289115229895523
2019-12-30,11.06,11.15,10.79,11.1,20334308.0,263451453.0,3882584914.0,0.005237311855480001
2019-12-31,11.1,11.25,11.0,11.15,18891582.0,246940201.0,3882594596.0,0.004865710682094608
2020-01-02,11.3,12.02,11.18,12.02,76309404.0,1059516384.0,3882594596.0,0.019654229179275354
2020-01-03,12.04,12.43,11.98,12.2,51022900.0,732963251.0,3882594596.0,0.013141444139587939
2020-01-06,12.04,12.97,12.01,12.74,64163344.0,958493844.0,3882594596.0,0.01652589329468072
2020-01-07,12.89,13.0,12.66,12.9,45033264.0,682788582.0,3882594596.0,0.011598755133073903
2020-01-08,13.27,13.28,12.6,12.65,54524022.0,829822141.0,3882594596.0,0.014043192162316604
2020-01-09,12.82,13.04,12.61,12.68,47324391.0,711506630.0,3882594596.0,0.012188857175239317
2020-01-10,12.85,12.88,12.29,12.37,40494972.0,593199612.0,3882594596.0,0.010429873889413924
2020-01-13,12.46,12.47,12.06,12.19,46615496.0,667688159.0,3882594596.0,0.012006274373334033
2020-01-14,12.28,12.53,12.15,12.24,53979612.0,781651221.0,3882594596.0,0.01390297407192909
2020-01-15,12.18,12.28,11.89,12.05,35447557.0,503281154.0,3882594596.0,0.009129863065414929
2020-01-16,12.05,12.15,11.93,11.99,32554210.0,460877196.0,3882594596.0,0.00838465340510663
2020-01-17,12.16,12.26,11.87,11.88,44260954.0,625974061.0,3882594596.0,0.01139983918114947
2020-01-20,11.88,11.98,11.71,11.96,30879229.0,432401189.0,3882594596.0,0.007953245757827248
2020-01-21,11.87,12.2,11.85,12.03,43720751.0,620030392.0,3882594596.0,0.011260704644528897
2020-01-22,11.9,11.97,11.56,11.92,40003184.0,554567750.0,3882594596.0,0.010303209106923714
2020-01-23,11.72,12.2,11.37,11.5,41476629.0,573201449.0,3882594596.0,0.010682709197280302
2020-02-03,10.35,10.62,10.35,10.35,53464018.0,653423482.0,3882594596.0,0.013770177822603655
2020-02-04,10.35,11.38,10.34,11.15,52391636.0,668885545.0,3882594596.0,0.013493975408603283
2020-02-05,11.33,11.42,11.13,11.21,36743596.0,486079805.0,3882594596.0,0.009463670515035147
2020-02-06,11.33,12.14,11.3,11.96,55079588.0,770712805.0,3882594596.0,0.014186283589006468
2020-02-07,11.96,12.57,11.86,12.48,57891875.0,838181131.0,3882594596.0,0.014910615457931781
2020-02-10,12.28,12.88,12.25,12.71,56653127.0,844945813.0,3882594596.0,0.014591563862569185
2020-02-11,12.73,12.91,12.45,12.66,32544056.0,485061907.0,3882594596.0,0.008382038143649649
2020-02-12,13.92,13.92,13.92,13.92,19578258.0,320887649.0,3882594596.0,0.005042570764449701
2020-02-13,15.31,15.31,15.21,15.31,198369729.0,3576083544.0,3882594596.0,0.0510920530318484
2020-02-14,14.85,15.5,14.55,15.12,204831198.0,3627686210.0,3882594596.0,0.05275626721652193
2020-02-17,15.22,16.23,15.22,15.98,164213134.0,3049664905.0,3882594596.0,0.0422946897853252
2020-02-18,15.77,17.07,15.67,16.89,133519968.0,2594627483.0,3882594596.0,0.034389366362781594
2020-02-19,16.65,16.97,16.11,16.15,96742824.0,1872392362.0,3882594596.0,0.02491705523406132
2020-02-20,16.61,16.73,15.81,16.48,86584723.0,1667469686.0,3882594596.0,0.022300737524644718
2020-02-21,16.43,16.65,16.02,16.11,99044504.0,1900689432.0,3882594596.0,0.025509875304014357
2020-02-24,15.92,16.35,15.8,16.1,81775074.0,1550228063.0,3882594596.0,0.02106196564643856
2020-02-25,15.8,16.56,15.25,16.14,107301965.0,2015349644.0,3882594596.0,0.027636664695960444
2020-02-26,15.77,16.05,15.29,15.38,59556011.0,1094195786.0,3882594596.0,0.015339229869983572
2020-02-27,15.49,15.85,15.22,15.62,54715480.0,1005905932.0,3882594596.0,0.014092504032321587
2020-02-28,14.95,15.12,14.46,14.65,81864378.0,1423899634.0,3882594596.0,0.021084966760202023
2020-03-02,14.98,15.02,14.29,14.76,68450684.0,1181814605.0,3882594596.0,0.0176301394100019
2020-03-03,15.02,15.64,14.8,14.97,86092355.0,1544222442.0,3882594596.0,0.022173923357513475
2020-03-04,14.52,14.69,14.04,14.39,77876018.0,1311479933.0,3882594596.0,0.02005772585173608
2020-03-05,14.64,14.71,14.29,14.59,56393260.0,964168738.0,3882594596.0,0.014524632589273815
2020-03-06,14.29,14.52,14.23,14.31,40546267.0,686368003.0,3882594596.0,0.010443085415554934
2020-03-09,13.89,13.89,12.88,12.91,132620250.0,2069372300.0,3882594596.0,0.034157635241297286
2020-03-10,12.76,13.56,12.63,13.42,105327862.0,1628761522.0,3882594596.0,0.027128215268344746
2020-03-11,13.62,14.06,13.24,13.27,94260100.0,1518073858.0,3882594596.0,0.024277605521089023
2020-03-12,12.9,13.08,12.71,12.8,79469484.0,1204205907.0,3882594596.0,0.02046813851795718
2020-03-13,12.09,12.71,11.98,12.54,97537344.0,1412885906.0,3882594596.0,0.025121691587498413
2020-03-16,12.54,12.71,11.29,11.42,123373991.0,1722040446.0,4287855684.0,0.028772887916999213
2020-03-17,11.55,11.78,10.91,11.21,93331690.0,1237377947.0,4287855684.0,0.02176651848341452
2020-03-18,11.38,11.98,11.18,11.19,98463717.0,1340024328.0,4287855684.0,0.022963393420029107
2020-03-19,11.25,11.53,10.95,11.45,103081561.0,1363831492.0,4287855684.0,0.02404035224054896
2020-03-20,11.77,11.81,11.06,11.27,101669763.0,1357879203.0,4287855684.0,0.023711097222646173
2020-03-23,10.63,10.79,10.14,10.14,119991578.0,1458142845.0,4287855684.0,0.027984052366254966
2020-03-24,10.38,10.5,9.52,10.0,186619453.0,2178685250.0,4287855684.0,0.04352279245226575
2020-03-25,10.38,10.74,10.23,10.3,216269864.0,2661104039.0,4287855684.0,0.0504377665524062
2020-03-26,10.21,10.21,9.72,9.78,193686771.0,2258633933.0,4287855684.0,0.045171009771326064
2020-03-27,9.95,10.54,9.78,10.23,227045157.0,2714070381.0,4287855684.0,0.05295074595145819
2020-03-30,10.03,10.11,9.62,9.9,157803134.0,1826545284.0,4287855684.0,0.03680234262287266
2020-03-31,10.06,10.12,9.6,9.86,132775493.0,1543069640.0,4287855684.0,0.03096547616923014
2020-04-01,9.77,10.61,9.73,10.06,208175310.0,2500839517.0,4287855684.0,0.0485499805361453
2020-04-02,10.11,10.78,10.08,10.73,199763522.0,2450851937.0,4287855684.0,0.046588210220183335
2020-04-03,10.73,10.73,10.29,10.39,143792611.0,1771569731.0,4287855684.0,0.03353485322198638
2020-04-07,10.68,10.96,10.55,10.83,150161056.0,1899888130.0,4287855684.0,0.03502008161336243
2020-04-08,10.7,10.74,10.53,10.64,110931564.0,1388089203.0,4287855684.0,0.025871104854097045
2020-04-09,10.66,10.71,10.34,10.44,117245849.0,1442430483.0,4287855684.0,0.027343702223351227
2020-04-10,10.41,10.41,9.95,10.01,120754853.0,1441822315.0,4287855684.0,0.028162060922570918
2020-04-13,9.81,9.89,9.53,9.6,96106048.0,1090937706.0,4287855684.0,0.02241354539020908
2020-04-14,9.77,10.07,9.7,10.07,94831378.0,1106164366.0,4287855684.0,0.02211627092624883
2020-04-15,10.08,10.31,9.94,10.11,106684419.0,1277195187.0,4287855684.0,0.02488059926972113
2020-04-16,10.03,10.43,9.95,10.34,96798650.0,1164176669.0,4287855684.0,0.022575071815313454
2020-04-17,10.74,11.25,10.54,10.89,237528031.0,3051125274.0,4287855684.0,0.05539552832580827
2020-04-20,10.68,10.91,10.38,10.83,166576810.0,2076851484.0,4287855684.0,0.038848511301715724
2020-04-21,10.46,10.79,10.34,10.68,147826255.0,1832060572.0,4287855684.0,0.03447556678542356
2020-04-22,10.45,11.44,10.36,11.19,179937452.0,2325476009.0,4287855684.0,0.041964437532594906
2020-04-23,11.13,11.38,10.98,11.29,143667387.0,1894033113.0,4287855684.0,0.033505648880882435
2020-04-24,11.21,11.27,10.79,10.81,91639678.0,1184030364.0,4287855684.0,0.021371912851906514
2020-04-27,10.73,11.25,10.73,11.11,117338739.0,1522358916.0,4287855684.0,0.027365365732304345
2020-04-28,11.11,11.96,10.64,11.7,177756119.0,2398148553.0,4287855684.0,0.04145571402118113
2020-04-29,11.48,12.31,11.48,12.04,154696250.0,2186055261.0,4287855684.0,0.036077765065005395
2020-04-30,12.04,12.96,12.04,12.83,139149497.0,2078672649.0,4287855684.0,0.0324520010128214
2020-05-06,12.71,12.99,12.44,12.82,113120539.0,1692619259.0,4287855684.0,0.02638161060832942
2020-05-07,12.85,13.21,12.7,12.72,104848205.0,1595199175.0,4287855684.0,0.024452363308596837
2020-05-08,12.76,12.88,12.43,12.45,117965052.0,1746609530.0,4287855684.0,0.027511432448667272
2020-05-11,12.26,12.49,12.04,12.15,109305746.0,1574048500.0,4287855684.0,0.025491936775734077
2020-05-12,12.23,12.8,12.03,12.79,137857554.0,2020053468.0,4287855684.0,0.03215069819500017
2020-05-13,12.49,12.68,12.38,12.43,90705190.0,1337140253.0,4287855684.0,0.021153974546872834
2020-05-14,12.32,12.39,11.89,11.98,100946219.0,1438735226.0,4287855684.0,0.02354235460318258
2020-05-15,11.94,12.25,11.73,11.95,92949956.0,1313056674.0,4287855684.0,0.021677491699834923
2020-05-18,12.02,12.47,11.81,12.3,117813610.0,1701075871.0,4287855684.0,0.02747611362938772
2020-05-19,12.53,12.78,12.4,12.45,113434305.0,1679960752.0,4287855684.0,0.026454786112153118
2020-05-20,12.52,12.66,12.22,12.27,68604664.0,1006141072.0,4287855684.0,0.015999760499402105
2020-05-21,12.38,12.44,11.48,11.53,116229809.0,1616026980.0,4287855684.0,0.02710674462149179
2020-05-22,11.63,11.64,11.13,11.3,78191468.0,1049122719.0,4287855684.0,0.018235564291906797
2020-05-25,11.28,11.37,10.91,11.23,61010481.0,798689081.0,4287855684.0,0.0142286694087347
2020-05-26,11.37,11.56,11.34,11.49,56066152.0,745008407.0,4287855684.0,0.013075568799857024
2020-05-27,11.41,11.59,11.21,11.47,45356274.0,601280973.0,4287855684.0,0.010577845278059503
2020-05-28,11.48,11.53,11.1,11.28,43617932.0,571711080.0,4287855684.0,0.010172434712007438
2020-05-29,11.27,11.93,11.18,11.8,93422338.0,1271832271.0,4287855684.0,0.021787659120292353
2020-06-01,12.03,12.34,11.78,12.28,82269277.0,1156402934.0,4287855684.0,0.019186577875506688
2020-06-02,12.28,12.47,12.15,12.16,51553313.0,734496202.0,4287855684.0,0.012023098909874599
2020-06-03,12.19,12.32,12.0,12.04,49495773.0,698579705.0,4287855684.0,0.011543246006317781
2020-06-04,12.13,12.24,12.02,12.09,36009564.0,506061337.0,4287855684.0,0.008398035440970779
2020-06-05,12.14,12.17,11.85,12.03,41126543.0,571554842.0,4287855684.0,0.009591400931113986
2020-06-08,12.1,12.85,12.03,12.73,102598047.0,1493734875.0,4287855684.0,0.023927588650625865
2020-06-09,12.78,12.84,12.62,12.78,54976358.0,812944181.0,4287855684.0,0.012821410525811905
2020-06-10,12.73,13.01,12.56,12.88,57937199.0,859964206.0,4287855684.0,0.013511928401926132
2020-06-11,12.88,13.44,12.79,13.04,93340060.0,1424939272.0,4287855684.0,0.02176847050806666
2020-06-12,12.68,12.89,12.59,12.81,62510200.0,924498669.0,4287855684.0,0.014578429081289947
2020-06-15,12.53,12.89,12.23,12.84,63600515.0,929126418.0,4287855684.0,0.014832708861290117
2020-06-16,12.9,13.13,12.75,13.02,54010616.0,812778097.0,4287855684.0,0.012596183262776062
2020-06-17,13.13,13.16,12.63,12.77,45795906.0,678873949.0,4287855684.0,0.01068037484817551
2020-06-18,12.74,12.95,12.55,12.81,36508508.0,541422130.0,4287855684.0,0.008514397566184505
2020-06-19,12.88,12.97,12.77,12.81,48149610.0,719348470.0,4287855684.0,0.011229298173366415
2020-06-22,12.84,13.55,12.84,13.55,85103778.0,1320313867.0,4287855684.0,0.019847631140563357
2020-06-23,13.43,14.34,13.42,14.16,95224035.0,1546624734.0,4287855684.0,0.022207845136981992
2020-06-24,14.34,15.32,14.21,14.82,112243789.0,1934300352.0,4287855684.0,0.02617713777514346
2020-06-29,14.82,15.66,14.82,14.99,109534359.0,1933680057.0,4287855684.0,0.02554525316901967
2020-06-30,15.33,15.5,14.71,14.97,88217468.0,1539634605.0,4287855684.0,0.020573795972000816
2020-07-01,15.46,15.65,15.0,15.65,92045349.0,1642927381.0,4287855684.0,0.021466522146131074
2020-07-02,16.03,17.1,16.01,16.4,113189036.0,2173897961.0,4287855684.0,0.0263975852597748
2020-07-03,16.4,16.82,16.12,16.38,67798817.0,1291861488.0,4287855684.0,0.01581182343729272
2020-07-06,16.2,17.24,16.18,16.88,85969062.0,1687909068.0,4287855684.0,0.020049429909871005
2020-07-07,16.84,17.89,16.8,16.88,74173648.0,1499161643.0,4287855684.0,0.01729854115118115
2020-07-08,16.93,17.33,16.72,17.07,58477020.0,1150056224.0,4287855684.0,0.013637823730449973
2020-07-09,17.36,17.92,17.09,17.38,61587326.0,1253069583.0,4287855684.0,0.014363199356221617
2020-07-10,17.38,17.4,16.93,17.04,46153309.0,920412363.0,4287855684.0,0.010763727233689239
2020-07-13,16.75,17.66,16.71,17.63,53667029.0,1087576964.0,4287855684.0,0.012516053000630793
2020-07-14,17.69,18.29,16.76,17.11,95003508.0,1930531044.0,4287855684.0,0.02215641453477612
2020-07-15,17.61,18.74,16.88,18.15,104695315.0,2161988541.0,4287855684.0,0.02441670679138463
2020-07-16,18.12,18.44,16.38,16.55,87930028.0,1775112207.0,4287855684.0,0.0205067601337676
2020-07-17,16.6,17.49,16.42,17.23,61888237.0,1227385154.0,4287855684.0,0.014433376858025803
2020-07-20,18.95,18.95,17.79,18.95,110345096.0,2378010255.0,4287855684.0,0.025734330661302172
2020-07-21,20.03,20.85,19.04,19.89,156608816.0,3663620383.0,4287855684.0,0.036523807595572985
2020-07-22,19.08,20.28,18.69,19.62,107061173.0,2420289223.0,4287855684.0,0.024968464633615222
2020-07-23,19.49,21.54,19.41,21.28,123472234.0,2984833521.0,4287855684.0,0.028795799835505845
2020-07-24,21.07,21.63,19.92,20.34,82342120.0,1989134571.0,4287855684.0,0.019203566087183637
2020-07-27,21.28,22.21,20.59,21.17,105556757.0,2640358533.0,4287855684.0,0.02461760954173009
2020-07-28,21.31,21.53,19.73,20.43,71662340.0,1707765623.0,4287855684.0,0.016712861924762484
2020-07-29,20.42,21.39,19.62,21.34,87966186.0,2122532066.0,4287855684.0,0.020515192786978137
2020-07-30,21.78,23.47,21.11,23.47,98118026.0,2526663214.0,4287855684.0,0.02288277246972755
2020-07-31,22.83,24.42,22.73,23.52,82593139.0,2264813905.0,4287855684.0,0.01926210793618678
2020-08-03,23.82,24.22,23.27,23.66,57856348.0,1588865013.0,4287855684.0,0.013493072590080204
2020-08-04,23.33,23.55,22.07,22.52,79722400.0,2100793429.0,4287855684.0,0.01859260336057523
2020-08-05,22.52,22.91,21.71,22.67,58416179.0,1518138553.0,4287855684.0,0.013623634586858452
2020-08-06,22.66,22.66,21.03,21.48,87994096.0,2201863610.0,4287855684.0,0.020521701867986655
2020-08-07,21.27,22.27,20.67,22.05,99787288.0,2503517742.0,4287855684.0,0.023272072418937317
2020-08-10,22.65,23.22,21.79,22.64,97293365.0,2553858170.0,4287855684.0,0.02269044766666172
2020-08-11,22.72,22.96,21.0,21.05,101967603.0,2578649481.0,4287855684.0,0.023780558515644295
2020-08-12,21.05,21.18,19.31,20.11,106201815.0,2464124397.0,4287855684.0,0.024768047907089964
2020-08-13,20.63,20.9,20.07,20.15,63015543.0,1495159697.0,4287855684.0,0.014696283560834507
2020-08-14,20.31,20.49,19.77,20.22,44414491.0,1035586100.0,4287855684.0,0.01035820565643832
2020-08-17,20.24,20.35,19.3,20.05,87778585.0,2017641889.0,4287855684.0,0.020471441081271243
2020-08-18,20.14,20.57,19.62,20.07,72988416.0,1698117380.0,4287855684.0,0.01702212513176551
2020-08-19,19.81,19.87,19.38,19.42,52076739.0,1183607877.0,4287855684.0,0.012145170648891644
2020-08-20,19.2,19.66,18.96,19.07,47634242.0,1063592736.0,4287855684.0,0.011109105695358567
2020-08-21,19.41,20.1,19.25,19.67,67927640.0,1552271712.0,4287855684.0,0.0158418671256754
2020-08-24,19.65,20.86,19.65,20.8,82923605.0,1954798548.0,4287855684.0,0.01933917816064259
2020-08-25,20.8,20.8,20.01,20.21,58390987.0,1376488819.0,4287855684.0,0.013617759389124068
2020-08-26,20.21,20.21,18.53,18.88,92731636.0,2053219567.0,4287855684.0,0.02162657580711618
2020-08-27,18.93,20.32,18.85,19.99,76061302.0,1735151542.0,4287855684.0,0.01773877378471957
2020-08-28,20.07,20.54,19.73,20.39,49916588.0,1172230140.0,4287855684.0,0.011641387135826934
2020-08-31,20.68,21.54,20.44,21.02,63957420.0,1565520461.0,4287855684.0,0.014915945104835297
2020-09-01,20.93,22.17,20.5,21.97,68409583.0,1700576508.0,4287855684.0,0.015954264331998914
2020-09-02,21.92,22.27,21.3,21.73,45762789.0,1152449613.0,4287855684.0,0.010672651407266906
2020-09-03,21.53,21.53,20.72,20.92,49244581.0,1200454152.0,4287855684.0,0.011484663810807491
2020-09-04,20.42,20.77,19.87,20.49,44036683.0,1039932965.0,4287855684.0,0.010270094482032479
2020-09-07,20.33,20.59,19.87,19.94,38272438.0,896247111.0,4287855684.0,0.008925775683825464
2020-09-08,20.17,20.83,19.94,20.71,53684414.0,1277505170.0,4287855684.0,0.012520107474773863
2020-09-09,20.07,20.66,19.5,19.81,45799234.0,1053296439.0,4287855684.0,0.010681150993700282
2020-09-10,20.07,20.31,19.23,19.39,42207892.0,971426453.0,4287855684.0,0.00984358968924664
2020-09-11,19.17,21.33,18.74,21.33,101698717.0,2407551512.0,4287855684.0,0.0237178497819984
2020-09-14,21.76,22.83,21.45,21.54,123377388.0,3162983331.0,4287855684.0,0.028773680154483484
2020-09-15,21.81,21.94,20.98,21.54,48685737.0,1214936740.0,4287855684.0,0.011354331999015106
2020-09-16,21.61,22.66,21.4,21.6,75657264.0,1930770805.0,4287855684.0,0.017644545333536463
2020-09-17,21.2,22.07,21.11,21.62,52498265.0,1317511846.0,4287855684.0,0.012243477595548665
2020-09-18,21.57,21.69,20.72,21.41,56135678.0,1376963201.0,4287855684.0,0.01309178343139405
2020-09-21,21.36,21.61,20.94,21.11,31870254.0,782618037.0,4287855684.0,0.007432678790688516
2020-09-22,20.94,21.42,20.55,20.81,29526473.0,719708617.0,4287855684.0,0.006886069675846861
2020-09-23,21.16,22.39,20.81,22.05,74459135.0,1874709759.0,4287855684.0,0.017365121516995534
2020-09-24,21.81,22.27,20.85,20.93,60352578.0,1500522231.0,4287855684.0,0.01407523537352336
2020-09-25,21.14,22.08,21.14,21.37,48695645.0,1217491972.0,4287855684.0,0.011356642711112289
2020-09-28,21.62,23.51,21.62,23.07,105162622.0,2804786467.0,4287855684.0,0.024525690636560148
2020-09-29,23.47,23.48,22.63,23.17,63211196.0,1688198070.0,4287855684.0,0.01474191312824977
2020-09-30,23.16,23.78,22.87,22.9,61726229.0,1666383580.0,4287855684.0,0.014395593869991823
2020-10-09,24.64,25.19,24.45,25.19,90733671.0,2634884036.0,4287855684.0,0.02116061679467662
2020-10-12,25.83,26.08,24.7,25.93,94023751.0,2785515220.0,4287855684.0,0.021927918738227758
2020-10-13,25.84,27.26,25.24,26.78,70769735.0,2155147317.0,4287855684.0,0.01650469143914406
2020-10-14,26.36,28.31,26.21,27.21,92578891.0,2944947368.0,4287855684.0,0.0215909531063406
2020-10-15,27.46,27.61,24.95,25.6,114361364.0,3420034451.0,4287855684.0,0.026670991849547517
2020-10-16,26.17,26.17,24.41,24.73,78276430.0,2259070281.0,4287855684.0,0.018255378858035277
2020-10-19,24.74,24.87,23.26,23.43,92937268.0,2579662706.0,4287855684.0,0.021674532645021734
2020-10-20,23.69,24.29,23.61,24.25,76424393.0,2126085413.0,4287855684.0,0.01782345270741626
2020-10-21,24.64,24.68,23.6,24.15,50036716.0,1396222077.0,4287855684.0,0.011669403004096067
2020-10-22,23.82,24.1,23.33,23.84,41124677.0,1134994986.0,4287855684.0,0.00959096574855713
2020-10-23,23.17,24.83,22.94,24.03,75220042.0,2100114375.0,4287855684.0,0.017542577815918864
2020-10-26,23.69,25.67,23.35,25.5,89927363.0,2600030337.0,4287855684.0,0.02097257221962044
2020-10-27,25.16,26.24,24.96,26.08,71377394.0,2113836865.0,4287855684.0,0.016646407729239237
2020-10-28,25.76,28.01,25.5,26.54,80255034.0,2503008821.0,4287855684.0,0.018716822559926436
2020-10-29,26.06,27.53,25.93,26.34,71305847.0,2208655708.0,4287855684.0,0.016629721766540685
2020-10-30,26.33,27.39,25.67,26.45,65801164.0,2025222134.0,4287855684.0,0.015345937188496105
2020-11-02,25.93,28.92,25.54,27.74,115600019.0,3699511913.0,4287855684.0,0.026959867010300245
2020-11-03,27.9,28.08,26.7,27.74,63625393.0,2021617387.0,4287855684.0,0.014838510828947946
2020-11-04,27.45,28.03,25.24,25.99,114536224.0,3497521783.0,4287855684.0,0.026711772139950594
2020-11-05,27.14,27.89,26.53,27.71,88937016.0,2800443097.0,4287855684.0,0.02074160665711435
2020-11-06,28.26,28.3,25.85,26.36,109025861.0,3353139011.0,4287855684.0,0.025426662890457485
2020-11-09,26.64,28.08,25.65,27.74,102242633.0,3214590483.0,4287855684.0,0.023844700133335926
2020-11-10,27.57,29.62,26.89,28.91,92377978.0,3043964101.0,4287855684.0,0.021544096818534624
2020-11-11,28.69,29.9,28.0,28.26,67099807.0,2255472262.0,4287855684.0,0.015648802558906272
2020-11-12,29.17,29.17,27.39,27.95,60264423.0,1955309633.0,4287855684.0,0.01405467614613869
2020-11-13,27.74,28.0,25.93,26.64,93244258.0,2886352566.0,4287855684.0,0.02174612787177937
2020-11-16,26.7,27.24,25.67,26.95,57077682.0,1760030368.0,4287855684.0,0.013311474593928988
2020-11-17,26.7,26.81,24.98,25.4,86533704.0,2573748046.0,4287855684.0,0.02018111391269483
2020-11-18,25.77,26.27,24.9,25.52,76677717.0,2274166416.0,4287855684.0,0.017882532121153358
2020-11-19,25.5,26.98,25.03,26.85,83592946.0,2551132539.0,4287855684.0,0.019495279729661724
2020-11-20,26.7,27.87,26.46,27.63,71913855.0,2276501747.0,4287855684.0,0.01677151944930057
2020-11-23,27.65,28.88,27.2,28.25,67520800.0,2201256849.0,4287855684.0,0.01574698520100659
2020-11-24,27.82,28.06,27.29,27.62,43880649.0,1408641724.0,4287855684.0,0.010233704731187497
2020-11-25,27.9,28.59,27.33,27.46,42367388.0,1370436859.0,4287855684.0,0.009880786836668171
2020-11-26,26.99,27.55,26.1,27.2,54814860.0,1701782621.0,4287855684.0,0.012783746478348127
2020-11-27,27.04,27.37,26.51,26.94,48062588.0,1503429202.0,4287855684.0,0.01120900318062104
2020-11-30,27.02,27.02,25.68,26.53,61287121.0,1882458306.0,4287855684.0,0.01429318650548128
2020-12-01,26.3,27.74,26.3,27.23,54010690.0,1707895328.0,4287855684.0,0.01259620052081958
2020-12-02,27.15,27.29,25.83,26.27,91992308.0,2804530229.0,4287855684.0,0.021454152093613232
2020-12-03,25.93,26.15,25.72,25.86,55138444.0,1656371863.0,4287855684.0,0.01285921170475662
2020-12-04,25.74,25.96,24.9,25.33,79000818.0,2316155931.0,4287855684.0,0.018424318312481713
2020-12-07,25.33,25.93,24.98,25.63,73074899.0,2156592889.0,4287855684.0,0.017042294420653362
2020-12-08,25.41,25.71,25.03,25.15,60671343.0,1779984697.0,4287855684.0,0.014149576728151843
2020-12-09,25.28,25.38,23.97,24.5,88080445.0,2516334339.0,4287855684.0,0.020541839905822725
2020-12-10,25.44,26.94,24.9,26.62,152668816.0,4602714225.0,4287855684.0,0.03560493338655938
2020-12-11,26.83,27.35,26.13,26.49,103123979.0,3195773369.0,4287855684.0,0.02405024483095453
2020-12-14,27.18,27.74,26.27,27.02,106436884.0,3339283484.0,4287855684.0,0.024822869948064232
2020-12-15,27.1,27.44,26.44,27.38,85954273.0,2698381887.0,4287855684.0,0.020045980866551943
2020-12-16,28.01,28.46,27.57,27.82,99547368.0,3239304850.0,4287855684.0,0.0232161190432453
2020-12-17,27.76,27.88,26.8,27.62,75404193.0,2391277142.0,4287855684.0,0.01758552492365086
2020-12-18,27.57,29.08,27.41,28.98,110495956.0,3640996607.0,4287855684.0,0.025769513748401612
2020-12-21,30.15,31.43,29.36,30.75,145629560.0,5127424787.0,4287855684.0,0.033963260597461846
2020-12-22,30.65,31.51,29.82,29.83,116268791.0,4141933380.0,4287855684.0,0.02711583587895772
2020-12-23,30.42,32.81,30.42,32.81,140264397.0,5187570834.0,4287855684.0,0.03271201442795573
2020-12-24,32.91,33.67,31.96,32.92,103529617.0,3943192858.0,4287855684.0,0.024144846429024546
2020-12-25,32.79,35.26,32.23,34.96,101059316.0,3930750962.0,4287855684.0,0.023568730724100553
2020-12-28,34.54,35.41,33.87,34.92,89727635.0,3595285141.0,4287855684.0,0.02092599229372758
2020-12-29,34.47,34.68,31.51,31.83,159094483.0,6030831291.0,4287855684.0,0.037103506909912126
2020-12-30,32.22,33.17,32.16,32.69,88969126.0,3378198952.0,4287855684.0,0.020749095248701006
2020-12-31,33.59,34.2,32.47,33.11,100327169.0,3879782746.0,4287855684.0,0.023397981740469417
2021-01-04,32.99,36.42,32.74,35.88,129691074.0,5261705697.0,4287855684.0,0.03024613782687188
2021-01-05,35.36,37.6,35.03,36.61,112149575.0,4758171356.0,4287855684.0,0.02615516548714143
2021-01-06,36.43,37.36,35.33,36.53,100325719.0,4219561918.0,4287855684.0,0.023397643576103154
2021-01-07,37.4,38.46,36.62,37.96,112954992.0,4905109807.0,4287855684.0,0.02634300226602496
2021-01-08,38.01,38.47,35.41,36.27,139121474.0,5895594658.0,4287855684.0,0.032445465578313994
2021-01-11,36.28,36.28,33.19,33.87,154156350.0,6166180857.0,4287855684.0,0.03595185131235401
2021-01-12,33.94,35.17,33.42,34.81,105019869.0,4189526445.0,4287855684.0,0.024492398238093314
2021-01-13,34.8,35.8,33.44,33.9,109641162.0,4377964825.0,4287855684.0,0.025570161423371263
2021-01-14,33.33,33.66,31.93,32.66,97512733.0,3713413629.0,4287855684.0,0.022741607970591392
2021-01-15,32.61,33.49,31.89,33.17,80191790.0,3047655766.0,4287855684.0,0.018702072996354138
2021-01-18,32.65,33.3,31.96,32.99,80262017.0,3055167601.0,4287855684.0,0.01871845111287099
2021-01-19,33.68,33.98,31.87,32.04,94525287.0,3590686096.0,4287855684.0,0.02204488536139828
2021-01-20,32.3,33.24,31.88,33.01,90721944.0,3442182907.0,4287855684.0,0.02115788186121238
2021-01-21,33.85,36.27,33.34,36.01,161331517.0,6543016916.0,4287855684.0,0.03762522083054323
2021-01-22,36.59,38.77,36.15,38.64,155114957.0,6813318605.0,4287855684.0,0.03617541457349104
2021-01-25,38.64,40.89,37.04,38.16,168006203.0,7673620186.0,4287855684.0,0.039181869769290494
2021-01-26,38.77,40.22,37.63,39.47,140005721.0,6378899892.0,4287855684.0,0.03265168683788192
2021-01-27,39.11,43.42,37.71,43.42,168111848.0,7940495912.0,4287855684.0,0.03920650795858269
2021-01-28,42.64,44.36,41.43,42.37,170410460.0,8454526978.0,4287855684.0,0.03974258290359009
2021-01-29,42.47,42.82,38.29,39.63,189455538.0,8846491777.0,4287855684.0,0.04418421513274046
2021-02-01,37.81,38.64,36.88,37.39,142065234.0,6206201071.0,4287855684.0,0.03313199987819366
2021-02-02,38.38,40.11,36.78,39.25,133151201.0,5949902200.0,4287855684.0,0.03105309758834691
2021-02-03,39.28,41.13,39.15,39.9,135279956.0,6295119387.0,4287855684.0,0.03154955902662325
2021-02-04,38.83,39.9,37.8,38.77,109994117.0,4949754633.0,4287855684.0,0.025652476460539385
2021-02-05,39.42,41.11,38.5,39.27,116863114.0,5416703678.0,4287855684.0,0.02725444198975051
2021-02-08,39.28,40.38,37.17,40.21,110561153.0,4979202876.0,4287855684.0,0.025784718784392743
2021-02-09,40.21,43.93,40.21,43.93,130002209.0,6425617487.0,4287855684.0,0.030318699737283416
2021-02-10,44.8,47.81,43.23,46.57,133401404.0,7056620291.0,4287855684.0,0.031111449132437734
2021-02-18,46.91,47.35,45.27,46.6,99034947.0,5319839608.0,4287855684.0,0.023096613855159775
2021-02-19,45.54,45.56,42.16,43.9,114824989.0,5849382929.0,4287855684.0,0.026779116990449534
2021-02-22,43.06,45.94,42.94,43.12,107948565.0,5529298351.0,4287855684.0,0.025175419360032734
2021-02-23,41.6,44.09,41.42,43.24,77080000.0,3853790379.0,4287855684.0,0.017976351276844885
2021-02-24,43.06,43.53,39.91,40.69,110766855.0,5312308050.0,4287855684.0,0.0258326919474746
2021-02-25,41.82,42.25,40.65,41.06,76690769.0,3684813948.0,4287855684.0,0.01788557606688332
2021-02-26,39.24,41.0,38.77,40.47,78160226.0,3617195550.0,4287855684.0,0.01822827813250629
2021-03-01,41.48,42.63,40.39,40.92,98554540.0,4739344560.0,4287855684.0,0.022984574869847695
2021-03-02,41.64,41.86,39.43,40.35,84583469.0,3981130296.0,4287855684.0,0.019726286338325374
2021-03-03,39.65,39.88,36.32,37.13,226171041.0,9753393533.0,4287855684.0,0.052746887411334806
2021-03-04,35.41,35.76,33.42,33.42,166053455.0,6532931486.0,4287855684.0,0.03872645612109178
2021-03-05,31.06,33.17,30.43,32.08,160753579.0,5985612268.0,4287855684.0,0.0374904359770892
2021-03-08,32.33,32.72,28.95,29.1,233951487.0,8262472238.0,4287855684.0,0.05456141816362493
2021-03-09,29.0,29.56,27.73,27.91,158144957.0,5245927363.0,4287855684.0,0.03688206149057511
2021-03-10,28.76,29.0,27.9,28.5,145754627.0,4834848028.0,4287855684.0,0.0339924283235275
2021-03-11,28.51,30.32,28.35,29.79,130977007.0,4478558299.0,4287855684.0,0.030546039011699163
2021-03-12,30.41,30.58,28.13,29.02,156939144.0,5318767258.0,4287855684.0,0.0366008456361098
2021-03-15,28.43,28.58,26.36,26.79,167628303.0,5282366523.0,4287855684.0,0.039093737138938656
2021-03-16,27.14,27.45,26.49,26.87,113860924.0,3554851905.0,4287855684.0,0.026554280831994532
2021-03-17,26.87,27.7,26.29,27.36,105188013.0,3326012881.0,4287855684.0,0.02453161224443859
2021-03-18,27.39,28.23,26.89,28.08,110212204.0,3534679211.0,4287855684.0,0.02570333801374272
2021-03-19,27.14,27.28,26.27,26.56,114925128.0,3560149629.0,4287855684.0,0.02680247108801715
2021-03-22,26.53,27.32,26.27,27.07,80167240.0,2509655909.0,4287855684.0,0.018696347523808127
2021-03-23,27.05,27.12,26.02,26.72,76734267.0,2358535845.0,4287855684.0,0.01789572053143755
2021-03-24,26.83,27.05,25.76,25.95,72669437.0,2213705842.0,4287855684.0,0.016947733868740905
2021-03-25,25.42,26.65,25.27,26.41,72755939.0,2204977965.0,4287855684.0,0.016967907588748037
2021-03-26,26.89,28.0,26.71,27.59,122242934.0,3896540736.0,4287855684.0,0.02850910641795751
2021-03-29,27.65,27.66,26.89,26.99,94282296.0,2969470134.0,4287855684.0,0.0219882157769002
2021-03-30,26.89,29.0,26.6,28.5,145476098.0,4750753283.0,4287855684.0,0.03392747068023757
2021-03-31,28.43,28.71,27.89,28.2,83802685.0,2751459602.0,4287855684.0,0.01954419438898261
2021-04-01,28.68,29.53,28.38,28.52,89243801.0,2989979901.0,4287855684.0,0.0208131540744271
2021-04-02,28.52,28.95,27.84,28.86,63666656.0,2103124690.0,4287855684.0,0.014848134053944527
2021-04-06,29.37,30.06,29.05,29.4,89718751.0,3077354242.0,4287855684.0,0.020923920395638018
2021-04-07,29.2,29.2,28.08,28.43,72405547.0,2384041558.0,4287855684.0,0.01688619028624938
2021-04-08,28.0,28.64,27.74,28.24,50289956.0,1648526770.0,4287855684.0,0.011728462827621602
2021-04-09,27.91,28.53,27.58,27.73,49126552.0,1590915565.0,4287855684.0,0.011457137464610622
2021-04-12,27.57,27.95,26.7,26.77,57141196.0,1800309281.0,4287855684.0,0.013326287126038451
2021-04-13,25.84,27.21,25.82,26.67,63381972.0,1964385009.0,4287855684.0,0.014781740961224012
2021-04-14,27.11,27.64,26.99,27.48,61119865.0,1942723795.0,4287855684.0,0.014254179595658239
2021-04-15,27.78,27.96,27.23,27.81,47586809.0,1528357326.0,4287855684.0,0.011098043522679343
2021-04-16,27.7,27.7,26.52,27.28,62753094.0,1969422091.0,4287855684.0,0.014635076043758006
2021-04-19,27.45,29.0,27.26,28.84,91721706.0,3026981843.0,4287855684.0,0.021391043159931126
2021-04-20,28.9,30.17,28.65,29.3,114856411.0,3943092925.0,4287855684.0,0.026786445128874816
2021-04-21,29.33,29.91,28.74,29.25,77617664.0,2635479099.0,4287855684.0,0.01810174355672181
2021-04-22,29.54,29.63,28.33,29.45,70185330.0,2368229522.0,4287855684.0,0.0163683983726165
2021-04-23,29.69,30.8,29.57,30.5,99014852.0,3486109468.0,4287855684.0,0.023091927363477004
2021-04-26,30.4,31.01,29.7,29.71,89891929.0,3172860271.0,4287855684.0,0.02096430841537623
2021-04-27,29.38,29.81,28.94,29.46,52676274.0,1795136261.0,4287855684.0,0.012284992285668539
2021-04-28,29.63,29.99,29.12,29.63,52254675.0,1790038224.0,4287855684.0,0.012186668314184801
2021-04-29,29.76,29.85,28.73,29.35,58211960.0,1971908047.0,4287855684.0,0.013576007284297397
2021-04-30,29.36,30.76,29.35,30.35,105221365.0,3691540932.0,4287855684.0,0.02453939049129621
2021-05-06,30.15,32.09,29.94,31.5,109266243.0,3970335062.0,4287855684.0,0.025482724012313097
2021-05-07,31.51,32.67,30.83,31.01,98271539.0,3624532462.0,4287855684.0,0.02291857428100885
2021-05-10,30.58,33.54,30.44,33.23,120558739.0,4590484379.0,4287855684.0,0.028116323842208864
2021-05-11,32.82,33.25,31.44,33.09,96746398.0,3640214516.0,4287855684.0,0.022562885770854222
2021-05-12,32.75,33.59,32.42,33.35,62474539.0,2406740255.0,4287855684.0,0.014570112336831156
2021-05-13,32.74,33.25,32.21,32.38,58333386.0,2209780806.0,4287855684.0,0.013604325867978537
2021-05-14,32.2,32.47,31.1,32.22,60835543.0,2250198940.0,4287855684.0,0.014187870927420887
2021-05-17,32.22,34.41,32.22,34.14,91938955.0,3609518366.0,4287855684.0,0.021441709277452446
2021-05-18,34.2,34.41,33.62,34.01,42446297.0,1676506420.0,4287855684.0,0.009899189741480114
2021-05-19,33.77,35.28,33.77,35.14,66046772.0,2670636840.0,4287855684.0,0.015403217101371082
2021-05-20,35.33,35.57,34.0,34.19,61488670.0,2463054946.0,4287855684.0,0.014340191119174802
2021-05-21,34.68,35.19,33.38,34.06,62373735.0,2460193737.0,4287855684.0,0.014546603150088667
2021-05-24,33.98,35.1,32.72,34.97,72060657.0,2801890932.0,4287855684.0,0.016805756142608087
2021-05-25,34.63,34.79,34.06,34.65,59240074.0,2357354382.0,4287855684.0,0.013815780745852173
2021-05-26,34.72,34.87,33.58,33.68,60075427.0,2349337999.0,4287855684.0,0.014010599102989773
2021-05-27,33.71,34.5,33.2,33.32,55443596.0,2157334927.0,4287855684.0,0.012930378279027918
2021-05-28,32.94,34.46,32.94,33.26,72880101.0,2830675996.0,4287855684.0,0.01699686425360579
2021-05-31,33.09,34.92,32.75,34.78,90628392.0,3559299750.0,4287855684.0,0.021136063962734805
2021-06-01,34.54,34.82,33.81,34.27,59183398.0,2340305616.0,4287855684.0,0.013802562950250636
2021-06-02,34.76,35.19,33.09,33.29,66188085.0,2575118532.0,4287855684.0,0.015436173667639696
2021-06-03,32.85,32.85,30.98,31.18,114075448.0,4157996697.0,4287855684.0,0.026604311433724083
2021-06-04,30.77,31.53,30.39,30.92,71443656.0,2554878206.0,4287855684.0,0.016661861141126968
2021-06-07,30.65,30.81,29.65,30.33,98061928.0,3404114474.0,4287855684.0,0.02286968947343891
2021-06-08,30.33,31.19,29.77,30.1,87638599.0,3072330653.0,4501548184.0,0.01946854624626628
2021-06-09,30.14,30.16,29.19,29.9,76744955.0,2629356257.0,4501548184.0,0.017048569039597776
2021-06-10,29.68,31.59,29.67,30.85,117223311.0,4179067283.0,4501548184.0,0.02604066561292194
2021-06-11,30.87,32.16,30.43,31.42,130503001.0,4713308055.0,4501548184.0,0.0289906929051323
2021-06-15,31.64,32.43,30.65,30.98,101904987.0,3708041401.0,4501548184.0,0.022637764350097202
2021-06-16,30.59,30.61,29.08,29.09,94182193.0,3220576447.0,4501548184.0,0.02092217813745832
2021-06-17,29.09,30.16,29.09,29.88,55429886.0,1900222600.0,4501548184.0,0.012313516091423003
2021-06-18,29.77,30.85,29.64,30.16,72829486.0,2554361095.0,4501548184.0,0.01617876406585188
2021-06-21,30.25,31.22,29.73,30.79,63395825.0,2245686511.0,4501548184.0,0.014083115943383625
2021-06-22,31.19,31.48,30.59,30.77,65120687.0,2331540526.0,4501548184.0,0.014466286783613821
2021-06-23,30.82,31.51,30.55,31.11,83429869.0,3005029220.0,4501548184.0,0.018533594574537158
2021-06-24,31.9,34.19,31.13,34.19,185520069.0,7057777469.0,4501548184.0,0.041212503213761
2021-06-25,34.19,34.55,33.33,33.89,121577927.0,4751427343.0,4501548184.0,0.02700802524609831
2021-06-28,34.5,36.58,34.06,35.89,152147054.0,6185312877.0,4501548184.0,0.03379882826552457
2021-06-29,36.4,37.7,35.97,37.49,149622814.0,6392949965.0,4501548184.0,0.03323807896399049
2021-06-30,36.84,38.34,36.14,37.5,107279078.0,4626612897.0,4501548184.0,0.023831596067616367
2021-07-01,38.75,39.32,37.41,37.44,135249553.0,5999991809.0,4501548184.0,0.03004511947261209
2021-07-02,36.76,38.22,36.26,36.38,150822577.0,6493263687.0,4501548184.0,0.03350460126941962
2021-07-05,37.27,37.41,36.08,36.92,107243758.0,4549896925.0,4501548184.0,0.02382374987813748
2021-07-06,37.11,37.11,34.42,35.17,132162639.0,5409156278.0,4501548184.0,0.02935937450803037
2021-07-07,35.06,37.05,34.55,36.66,117901378.0,4920051212.0,4501548184.0,0.02619129534569034
2021-07-08,36.67,36.92,35.46,35.56,114105335.0,4760467701.0,4501548184.0,0.025348020355656378
2021-07-09,35.43,36.27,34.15,35.94,102191777.0,4153296738.0,4501548184.0,0.02270147354264108
2021-07-12,36.32,36.36,35.23,35.33,121497934.0,5005100602.0,4501548184.0,0.026990255137520038
2021-07-13,36.11,37.27,35.32,36.9,146852282.0,6182832579.0,4501548184.0,0.03262261693031786
2021-07-14,36.9,36.9,34.6,34.86,134738239.0,5495550849.0,4501548184.0,0.0299315332175949
2021-07-15,34.25,35.42,33.46,35.04,122065762.0,4862966616.0,4501548184.0,0.02711639573999504
2021-07-16,34.67,34.83,33.53,33.54,102939762.0,4053825628.0,4501548184.0,0.022867635265103273
2021-07-19,33.5,34.94,33.37,34.23,77018648.0,3046033601.0,4501548184.0,0.01710936878866473
2021-07-20,33.8,34.72,33.63,34.4,59412400.0,2353444897.0,4501548184.0,0.013198214829993699
2021-07-21,34.52,37.84,34.5,37.84,184279008.0,7778055892.0,4501548184.0,0.04093680673129056
2021-07-22,38.83,39.44,37.36,38.47,196619326.0,8701403867.0,4501548184.0,0.04367815648377385
2021-07-23,38.13,39.05,37.4,37.74,111786371.0,4909359425.0,4501548184.0,0.024832872254333734
2021-07-26,37.66,38.73,35.95,37.29,125220265.0,5427983718.0,4501548184.0,0.027817155316714033
2021-07-27,37.27,39.76,36.27,36.45,146572261.0,6472174318.0,4501548184.0,0.03256041144266023
2021-07-28,35.97,37.05,34.41,35.83,103014144.0,4263295994.0,4501548184.0,0.02288415891362588
2021-07-29,36.45,38.01,35.85,37.96,129508664.0,5531895091.0,4501548184.0,0.028769805121783853
2021-07-30,37.27,38.88,37.04,37.46,121701705.0,5320628138.0,4501548184.0,0.02703552200831002
2021-08-02,37.4,40.48,37.27,39.75,164261330.0,7469660053.0,4501548184.0,0.03648996373821776
2021-08-03,39.74,40.34,38.14,39.65,114117720.0,5190312206.0,4501548184.0,0.025350771631327273
2021-08-04,39.65,43.62,39.57,43.62,182694745.0,8970240449.0,4501548184.0,0.04058486936768952
2021-08-05,43.34,45.38,42.83,44.44,169223499.0,8643112978.0,4501548184.0,0.03759228871557493
2021-08-06,44.44,45.67,43.34,43.93,101575147.0,5180781336.0,4501548184.0,0.0225644917810792
2021-08-09,43.36,43.92,41.28,42.92,99397586.0,4866385968.0,4501548184.0,0.022080755761604884
2021-08-10,42.73,44.1,41.49,42.73,95103840.0,4688953402.0,4501548184.0,0.021126918142969277
2021-08-11,42.43,42.72,40.25,40.89,129833602.0,6187291902.0,4501548184.0,0.028841988732114836
2021-08-12,40.82,41.49,39.44,41.33,117044842.0,5454243102.0,4501548184.0,0.02600101947503668
2021-08-13,40.4,41.13,39.84,39.96,84023952.0,3905279046.0,4501548184.0,0.0186655676148595
2021-08-16,39.26,41.48,39.07,40.74,95087269.0,4471201646.0,4501548184.0,0.021123236965000573
2021-08-17,40.74,42.73,40.74,41.58,111980998.0,5416113311.0,4501548184.0,0.024876107823974366
2021-08-18,42.21,43.11,40.65,41.13,113841900.0,5499304003.0,4501548184.0,0.025289499378154386
2021-08-19,41.13,42.8,40.3,42.49,97688712.0,4735271763.0,4501548184.0,0.021701136588344914
2021-08-20,42.47,42.89,41.17,42.43,79795712.0,3852917139.0,4501548184.0,0.017726281878670213
2021-08-23,42.73,44.16,41.17,43.71,107938438.0,5311889468.0,4501548184.0,0.023978070118997975
2021-08-24,43.46,46.27,43.35,43.94,106194018.0,5490014567.0,4501548184.0,0.023590554551309453
2021-08-25,44.19,48.1,43.77,47.36,152562650.0,8089135821.0,4501548184.0,0.033891151169337344
2021-08-26,46.89,48.07,46.48,46.97,95254338.0,5202745701.0,4501548184.0,0.021160350640822997
2021-08-27,46.45,51.21,46.2,49.72,135860578.0,7730604070.0,4501548184.0,0.030180856106993077
2021-08-30,50.17,54.01,50.01,52.43,151184041.0,9097955983.0,4501548184.0,0.03358489897705824
2021-08-31,51.88,53.4,50.87,52.87,104708161.0,6305525759.0,4501548184.0,0.02326047766680975
2021-09-01,52.89,53.39,47.58,48.84,148791731.0,8490754323.0,4501548184.0,0.0330534573702566
2021-09-02,49.4,53.65,49.4,53.65,122835981.0,7330539453.0,4501548184.0,0.02728749665206294
2021-09-03,52.87,54.4,49.59,50.75,120952450.0,7201934221.0,4501548184.0,0.026869078160688193
2021-09-06,51.03,51.03,46.02,48.23,116234892.0,6406516631.0,4501548184.0,0.025821092488388212
2021-09-07,48.23,49.91,47.41,49.56,75467463.0,4256096504.0,4501548184.0,0.016764779563670222
2021-09-08,49.4,50.48,47.24,47.77,78984294.0,4397243176.0,4501548184.0,0.017546028781994707
2021-09-09,47.8,49.6,47.39,49.32,67838603.0,3785374711.0,4501548184.0,0.015070060394137504
2021-09-10,48.63,51.12,48.17,50.83,86068251.0,4934805020.0,4501548184.0,0.019119700041402468
2021-09-13,50.29,50.95,47.7,48.07,91806026.0,5174621862.0,4501548184.0,0.02039432263022512
2021-09-14,46.82,46.97,44.2,45.04,144757784.0,7598073250.0,4501548184.0,0.032157333007012415
2021-09-15,45.5,46.46,45.08,45.94,76769768.0,4055997216.0,4501548184.0,0.017054081143208753
2021-09-16,45.99,46.27,42.9,42.9,121148105.0,6149634208.0,4501548184.0,0.026912542096206072
2021-09-17,44.06,44.18,41.33,42.83,105337782.0,5143945769.0,4501548184.0,0.02340034532439429
2021-09-22,42.41,43.75,41.78,42.56,59198643.0,2929262421.0,4501548184.0,0.013150729611294992
2021-09-23,43.4,44.63,42.51,42.64,74837270.0,3754043157.0,4501548184.0,0.016624784838690954
2021-09-24,42.56,45.16,41.72,44.07,99949819.0,5060955486.0,4501548184.0,0.022203432000407086
2021-09-27,44.38,44.63,42.0,43.47,84915665.0,4247427414.0,4501548184.0,0.018863657908143365
2021-09-28,43.47,44.37,42.56,42.87,51979485.0,2594399085.0,4501548184.0,0.011547024018259404
2021-09-29,42.21,44.18,42.04,43.56,63491448.0,3184862025.0,4501548184.0,0.014104358190737519
2021-09-30,43.5,44.93,42.82,44.15,61067387.0,3100347154.0,4501548184.0,0.013565863232799288
2021-10-08,45.56,45.93,42.71,43.73,65026983.0,3291649359.0,4501548184.0,0.014445470834040505
2021-10-11,43.6,45.5,43.42,44.64,62287645.0,3208189686.0,4501548184.0,0.013836938416296645
2021-10-12,44.72,45.82,44.26,45.7,64760935.0,3365114001.0,4501548184.0,0.014386369389576215
2021-10-13,45.73,48.06,45.35,47.58,76562785.0,4159699336.0,4501548184.0,0.01700810074012528
2021-10-14,47.32,48.75,46.59,47.12,66499826.0,3653209395.0,4501548184.0,0.014772656713164264
2021-10-15,46.95,48.8,46.46,48.45,59510994.0,3305041581.0,4501548184.0,0.013220117072504494
2021-10-18,48.96,49.16,46.98,48.37,61553723.0,3408063301.0,4501548184.0,0.013673900730149333
2021-10-19,47.91,48.54,46.7,46.71,64260887.0,3492130356.0,4501548184.0,0.01427528582908533
2021-10-20,46.63,48.52,46.58,47.28,67707662.0,3732464517.0,4501548184.0,0.015040972401596313
2021-10-21,47.24,47.54,46.21,46.74,44468170.0,2399211210.0,4501548184.0,0.00987841697619825
2021-10-22,47.15,48.3,46.6,47.34,44631757.0,2441694284.0,4501548184.0,0.009914757140362534
2021-10-25,47.5,49.82,47.5,49.4,82720978.0,4682937354.0,4501548184.0,0.018376117419784125
2021-10-26,49.58,49.73,48.02,48.64,62013196.0,3472044132.0,4501548184.0,0.013775970725008684
2021-10-27,48.98,49.65,48.36,49.01,61721104.0,3493270798.0,4501548184.0,0.013711083715459793
2021-10-28,48.69,49.0,47.32,48.05,58023439.0,3231451383.0,4501548184.0,0.012889662984444909
2021-10-29,48.19,49.76,46.46,49.6,94340272.0,5249457416.0,4501548184.0,0.020957294722583824
2021-11-01,48.97,49.29,47.15,47.67,90260072.0,5033122426.0,4501548184.0,0.02005089544988418
2021-11-02,47.06,47.37,44.31,44.48,105406707.0,5570250340.0,4501548184.0,0.023415656723313662
2021-11-03,43.6,45.28,43.59,44.61,69876183.0,3594614890.0,4501548184.0,0.015522700223083961
2021-11-04,45.1,46.42,44.29,45.68,71351429.0,3756735645.0,4501548184.0,0.01585041991855307
2021-11-05,45.77,45.77,43.34,43.38,83971617.0,4256636024.0,4501548184.0,0.018653941614678936
2021-11-08,43.09,44.2,42.83,43.68,44207119.0,2225318422.0,4501548184.0,0.009820425594271502
2021-11-09,44.46,45.13,43.55,43.75,50324286.0,2565158083.0,4501548184.0,0.011179328520545278
2021-11-10,43.67,43.94,41.43,42.21,89628210.0,4366657806.0,4501548184.0,0.019910529963573082
2021-11-11,42.3,42.9,42.01,42.38,48393665.0,2371874234.0,4501548184.0,0.010750449183684669
2021-11-12,42.47,43.25,42.47,42.88,42199315.0,2089936497.0,4501548184.0,0.00937440037851653
2021-11-15,43.08,43.08,41.62,41.89,41278155.0,2000526640.0,4501548184.0,0.00916976855800773
2021-11-16,41.75,42.3,41.45,42.16,31482838.0,1524284526.0,4501548184.0,0.0069937800759082135
2021-11-17,42.23,43.51,42.04,43.51,57916179.0,2867432542.0,4501548184.0,0.012865835626474769
2021-11-18,43.51,43.51,42.3,42.82,35552196.0,1754778610.0,4501548184.0,0.007897770843898625
2021-11-19,42.77,43.08,41.6,42.41,54485195.0,2653380472.0,4501548184.0,0.012103656958212401
2021-11-22,42.04,42.91,41.69,42.66,65493922.0,3193761518.0,4501548184.0,0.014549199369405217
2021-11-23,42.59,42.62,41.78,41.93,54986569.0,2669802413.0,4501548184.0,0.012215035084027439
2021-11-24,42.12,42.17,39.76,40.2,99694852.0,4665246084.0,4501548184.0,0.02214679215349703
2021-11-25,40.04,40.13,38.66,39.0,91948438.0,4175244144.0,4501548184.0,0.02042595885718059
2021-11-26,39.21,39.46,38.57,38.94,65200586.0,2930537743.0,4501548184.0,0.014484036010487365
2021-11-29,38.22,38.83,38.05,38.39,65073478.0,2881004143.0,4501548184.0,0.014455799502778354
2021-11-30,38.73,39.44,38.4,38.93,66451731.0,2986126377.0,4501548184.0,0.014761972611154438
2021-12-01,38.4,40.01,38.29,39.57,77944271.0,3543940447.0,4501548184.0,0.01731499204585655
2021-12-02,39.55,40.25,39.11,39.57,52367391.0,2397298368.0,4501548184.0,0.011633195705009031
2021-12-03,39.21,39.57,37.18,38.11,96698595.0,4250850102.0,4501548184.0,0.021481186260251302
2021-12-06,38.11,39.61,38.11,38.6,79292481.0,3567449926.0,4501548184.0,0.01761449122811389
2021-12-07,39.17,39.28,38.22,38.98,46291856.0,2066870838.0,4501548184.0,0.010283541152472089
2021-12-08,39.0,40.81,38.66,40.26,92843118.0,4277820406.0,4501548184.0,0.020624708257038174
2021-12-09,40.22,40.73,39.78,40.35,59375971.0,2766020372.0,4501548184.0,0.013190122280828174
2021-12-10,40.22,42.36,40.03,41.97,93708191.0,4514690712.0,4501548184.0,0.020816880586343626
2021-12-13,41.76,42.31,41.07,41.82,62036148.0,2986546131.0,4501548184.0,0.013781069415295189
2021-12-14,41.82,41.84,40.35,40.52,50237127.0,2369773794.0,4501548184.0,0.01115996651520014
2021-12-15,40.25,42.19,40.2,40.97,52107411.0,2496375172.0,4501548184.0,0.011575442241228712
2021-12-16,41.04,41.63,40.66,40.91,30148818.0,1427180893.0,4501548184.0,0.00669743314248172
2021-12-17,40.58,40.61,39.02,39.1,55630159.0,2539817762.0,4501548184.0,0.012358005896222124
2021-12-20,38.75,39.5,38.19,38.27,40416410.0,1800264055.0,4501548184.0,0.008978335529907993
2021-12-21,38.31,39.0,38.01,38.79,27869874.0,1240036749.0,4501548184.0,0.006191175315874393
2021-12-22,39.06,39.14,38.5,38.61,21819061.0,975226844.0,4501548184.0,0.004847012651681082
2021-12-23,38.57,38.74,37.96,38.19,32426072.0,1432226290.0,4501548184.0,0.007203315542695521
2021-12-24,38.44,38.54,35.75,35.77,84498547.0,3545927262.0,4501548184.0,0.018770996898430623
2021-12-27,35.54,35.69,34.01,34.97,76880138.0,3081499506.0,4501548184.0,0.017078599374601298
2021-12-28,34.76,35.97,34.54,35.77,58580161.0,2375495414.0,4501548184.0,0.0130133364357208
2021-12-29,35.61,37.02,35.45,36.58,66927741.0,2802583647.0,4501548184.0,0.014867716231025464
2021-12-30,36.41,37.43,36.25,36.49,58743922.0,2499708769.0,4501548184.0,0.013049715253253413
2021-12-31,37.21,39.94,37.21,38.97,105094305.0,4727491110.0,4501548184.0,0.023346257932668615
2022-01-04,39.52,39.59,36.4,36.85,85532863.0,3665824310.0,4501548184.0,0.019000765848516794
2022-01-05,36.86,37.17,35.83,36.17,50274292.0,2110149801.0,4501548184.0,0.011168222563670775
2022-01-06,36.06,36.48,35.1,36.32,50266189.0,2080192243.0,4501548184.0,0.011166422516294008
2022-01-07,36.69,37.37,35.54,36.49,58840336.0,2478574472.0,4501548184.0,0.01307113321793114
2022-01-10,36.49,36.82,35.47,36.31,39507748.0,1649806421.0,4501548184.0,0.00877648008754492
2022-01-11,36.25,36.61,35.01,35.36,38241236.0,1572818017.0,4501548184.0,0.008495129772446305
2022-01-12,35.7,36.89,34.97,36.84,57811929.0,2411480810.0,4501548184.0,0.012842676927347536
2022-01-13,36.76,36.9,35.6,35.61,38847560.0,1618473227.0,4501548184.0,0.008629822099445066
2022-01-14,35.41,36.36,35.19,35.9,30841627.0,1280142361.0,4501548184.0,0.0068513377485597965
2022-01-17,36.19,36.98,35.91,36.0,37433361.0,1570361338.0,4501548184.0,0.008315663738322434
2022-01-18,35.89,36.23,35.36,35.78,31433962.0,1295431130.0,4501548184.0,0.006982922478032504
2022-01-19,35.6,35.71,35.02,35.11,30589067.0,1244154228.0,4501548184.0,0.00679523260657827
2022-01-20,35.26,35.37,34.5,34.67,31748400.0,1274090586.0,4501548184.0,0.00705277355751614
2022-01-21,34.58,35.47,34.13,34.62,30570819.0,1228861592.0,4501548184.0,0.006791178890111376
2022-01-24,34.63,35.62,34.06,35.4,32569723.0,1317554155.0,4501548184.0,0.007235227008290977
2022-01-25,35.02,35.4,33.46,33.67,40331053.0,1598384678.0,4501548184.0,0.008959373831285419
2022-01-26,34.28,35.03,33.87,34.71,34858247.0,1384136108.0,4501548184.0,0.007743612991614264
2022-01-27,34.46,34.65,33.5,33.53,31566361.0,1236830372.0,4501548184.0,0.0070123343591427835
2022-01-28,33.95,34.04,31.57,32.37,43809196.0,1650789058.0,4501548184.0,0.009732028673093506
2022-02-07,32.94,34.87,32.94,34.54,53027091.0,2098664708.0,4501548184.0,0.011779745285960933
2022-02-08,34.65,34.65,32.88,33.59,43051273.0,1657460897.0,4501548184.0,0.009563659265720746
2022-02-09,33.46,34.03,33.26,33.8,37657014.0,1458256145.0,4501548184.0,0.008365347311808314
2022-02-10,33.8,34.32,33.0,33.44,38478513.0,1490612616.0,4501548184.0,0.00854783986024307
2022-02-11,32.94,33.66,32.74,32.85,29369301.0,1120940509.0,4501548184.0,0.006524266718812045
2022-02-14,32.79,32.88,31.9,32.46,42102327.0,1566708732.0,4501548184.0,0.009352854902152482
2022-02-15,32.59,33.63,32.41,33.49,45549304.0,1745011484.0,4501548184.0,0.010118586348114052
2022-02-16,33.89,33.97,33.18,33.29,28088569.0,1087486378.0,4501548184.0,0.006239757490508736
2022-02-17,33.25,34.66,33.02,34.37,50262040.0,1979816011.0,4501548184.0,0.011165500833390614
2022-02-18,34.02,34.3,33.66,33.85,33228891.0,1298747649.0,4501548184.0,0.007381658407679947
2022-02-21,33.93,34.5,33.56,34.3,28754603.0,1129099463.0,4501548184.0,0.006387714142926077
2022-02-22,33.97,36.33,33.91,36.24,89681026.0,3684142590.0,4501548184.0,0.019922262815881036
2022-02-23,36.24,37.51,36.12,37.24,73109021.0,3116132769.0,4501548184.0,0.01624086159065314
2022-02-24,36.4,38.09,36.08,36.51,76909976.0,3283467124.0,4501548184.0,0.017085227760832072
2022-02-25,37.29,38.13,36.4,36.48,53403601.0,2280536349.0,4501548184.0,0.011863385399230906
2022-02-28,36.83,37.32,36.42,37.18,41131742.0,1757165585.0,4501548184.0,0.009137243525726526
2022-03-01,38.11,39.13,37.41,37.57,71320089.0,3139452221.0,4501548184.0,0.015843457869338225
2022-03-02,37.36,38.47,36.75,38.15,53387493.0,2321383187.0,4501548184.0,0.01185980707476528
2022-03-03,38.05,38.44,37.28,37.45,39651969.0,1728037365.0,4501548184.0,0.008808518176243518
2022-03-04,36.86,37.89,36.75,37.03,31617618.0,1359036942.0,4501548184.0,0.007023720886156353
2022-03-07,36.83,37.7,36.01,36.62,38195813.0,1616976504.0,4501548184.0,0.00848503924400068
2022-03-08,36.62,37.75,36.47,37.09,52654436.0,2259434618.0,4501548184.0,0.01169696154473063
2022-03-09,37.7,38.09,35.58,37.57,73988643.0,3185143341.0,4501548184.0,0.016436265919129837
2022-03-10,40.13,40.28,38.58,38.88,114065563.0,5188503707.0,4501548184.0,0.025339185173098216
2022-03-11,38.19,39.55,38.02,39.48,71255726.0,3203179123.0,4501548184.0,0.015829159899535577
2022-03-14,39.0,39.59,38.14,38.15,47697378.0,2137543853.0,4501548184.0,0.010595771954531633
2022-03-15,37.65,39.4,37.1,38.11,71685518.0,3176710944.0,4501548184.0,0.015924636385053963
2022-03-16,38.74,39.57,37.06,39.52,77037470.0,3426826047.0,4501548184.0,0.017113550016817948
2022-03-17,39.76,40.3,38.57,38.72,76222489.0,3453112765.0,4501548184.0,0.01693250541467491
2022-03-18,38.31,38.71,37.66,38.4,35058900.0,1543875792.0,4501548184.0,0.00778818721181548
2022-03-21,38.31,39.13,37.95,38.81,39113859.0,1748603388.0,4501548184.0,0.008688979302503896
2022-03-22,39.35,39.74,38.13,38.74,53016960.0,2380614663.0,4501548184.0,0.011777494726911936
2022-03-23,39.13,39.16,38.02,38.19,35219044.0,1568332105.0,4501548184.0,0.00782376252800763
2022-03-24,37.81,37.82,36.5,36.71,53585392.0,2279523857.0,4501548184.0,0.011903769505447106
2022-03-25,36.92,37.22,35.78,35.79,37283678.0,1563651493.0,4501548184.0,0.008282412289291625
2022-03-28,36.32,38.01,36.06,37.44,65169146.0,2799898672.0,4501548184.0,0.014477051746693021
2022-03-29,37.51,38.95,37.22,37.79,50388818.0,2211614004.0,4501548184.0,0.011193664032987279
2022-03-30,38.13,38.83,37.28,38.73,49860329.0,2200552511.0,4501548184.0,0.011076262423941212
2022-03-31,38.23,38.46,36.84,37.0,48463467.0,2093890488.0,4501548184.0,0.010765955404466242
2022-04-01,37.02,38.27,36.43,37.55,43151547.0,1869916435.0,4501548184.0,0.009585934713167118
2022-04-06,37.26,37.26,35.54,35.88,57279084.0,2376747391.0,4501548184.0,0.012724307651218512
2022-04-07,35.36,36.49,35.36,35.82,28678048.0,1192673087.0,4501548184.0,0.006370707771590966
2022-04-08,35.83,35.87,34.56,35.42,35202541.0,1430842072.0,4501548184.0,0.007820096455952986
2022-04-11,35.19,35.19,33.72,33.89,38684388.0,1525779518.0,4501548184.0,0.0085935741257857
2022-04-12,33.8,34.54,33.63,34.37,29651048.0,1167226777.0,4501548184.0,0.006586855630111812
2022-04-13,34.23,34.89,33.89,34.06,27214456.0,1079441409.0,4501548184.0,0.006045576963216618
2022-04-14,34.49,34.63,33.7,34.1,29187977.0,1148319293.0,4501548184.0,0.006483986354682103
2022-04-15,33.72,34.37,33.26,34.23,28449923.0,1110809607.0,4501548184.0,0.00632003076210991
2022-04-18,33.95,35.08,33.72,34.93,30862097.0,1235224958.0,4501548184.0,0.006855885072983149
2022-04-19,34.96,35.49,34.58,34.63,30198745.0,1215840840.0,4501548184.0,0.0067085242155879585
2022-04-20,34.29,34.52,33.76,33.96,24097078.0,947215893.0,4501548184.0,0.005353064549136458
2022-04-21,33.63,33.87,32.31,32.45,46527048.0,1764547135.0,4501548184.0,0.010335788066286308
2022-04-22,32.08,32.75,31.79,31.92,30152091.0,1119526310.0,4501548184.0,0.0066981602256687076
2022-04-25,31.24,31.69,30.46,30.48,46247326.0,1655915559.0,4501548184.0,0.010273649000221386
2022-04-26,31.51,32.68,31.18,31.66,64205956.0,2362904436.0,4501548184.0,0.014263083138420984
2022-04-27,31.72,34.67,31.53,34.51,71438331.0,2740602211.0,4501548184.0,0.015869724832428895
2022-04-28,34.02,35.41,33.82,34.41,57806144.0,2311257249.0,4501548184.0,0.012841391813923545
2022-04-29,34.66,35.97,34.37,35.62,58009163.0,2354883425.0,4501548184.0,0.012886491631075697
2022-05-05,35.94,36.14,35.2,35.29,43597290.0,1788424356.0,4501548184.0,0.009684954646261318
2022-05-06,34.54,34.72,34.07,34.3,28711423.0,1140633383.0,4501548184.0,0.0063781218874986055
2022-05-09,34.15,35.03,33.82,34.25,26894796.0,1067434502.0,4501548184.0,0.005974565838391568
2022-05-10,33.81,35.36,33.64,34.69,40553120.0,1623547191.0,4501548184.0,0.009008705081540454
2022-05-11,34.82,35.95,34.21,35.26,50977631.0,2080606059.0,4501548184.0,0.011324466364970047
2022-05-12,34.76,35.47,34.67,34.89,30566378.0,1233518094.0,4501548184.0,0.0067901923406358455
2022-05-13,35.28,35.66,34.59,34.97,33968825.0,1374784356.0,4501548184.0,0.007546031634346713
2022-05-16,35.02,35.48,34.32,34.43,32790216.0,1313868851.0,4501548184.0,0.0072842086010647044
2022-05-17,35.05,36.62,34.95,36.49,73451287.0,3057105309.0,4501548184.0,0.01631689454331963
2022-05-18,36.58,36.71,35.9,36.33,43469553.0,1817647660.0,4501548184.0,0.009656578408847262
2022-05-19,35.8,39.72,35.69,39.37,114851937.0,5066629637.0,4501548184.0,0.025513874850484106
2022-05-20,39.37,39.99,39.0,39.87,80190646.0,3660539002.0,4501548184.0,0.017814014806066997
2022-05-23,39.87,40.04,38.81,39.65,55879061.0,2537717987.0,4501548184.0,0.012413298428885593
2022-05-24,39.66,40.28,38.83,38.97,56140690.0,2558934491.0,4501548184.0,0.012471418211081843
2022-05-25,39.18,39.39,38.52,39.15,41273016.0,1854266453.0,4501548184.0,0.0091686269507673
2022-05-26,39.34,39.57,38.53,38.99,38959385.0,1754600980.0,4501548184.0,0.008654663552969313
2022-05-27,39.18,39.51,38.4,38.72,41464986.0,1861446448.0,4501548184.0,0.009211272279030657
2022-05-30,38.98,39.24,38.44,38.74,34503957.0,1513086604.0,4501548184.0,0.007664908957908868
2022-05-31,39.81,40.26,38.98,39.98,69427855.0,3119262979.0,4501548184.0,0.015423106043109723
2022-06-01,39.94,40.57,39.18,39.83,49203003.0,2213426563.0,4501548184.0,0.010930240217106604
2022-06-02,40.26,42.18,39.84,41.91,75690146.0,3534015008.0,4501548184.0,0.016814247655734967
2022-06-06,41.61,44.62,41.5,43.5,84891839.0,4141296175.0,4501548184.0,0.01885836506243204
2022-06-07,44.95,46.1,44.02,44.28,111904964.0,5685070874.0,4501548184.0,0.024859217190598443
2022-06-08,44.51,44.86,43.49,44.73,68230911.0,3411215533.0,4501548184.0,0.015157209966676655
2022-06-09,44.4,45.9,44.4,44.97,64900863.0,3308306571.0,4501548184.0,0.01441745380637694
2022-06-10,44.25,47.82,44.24,47.36,95152239.0,4995356985.0,4501548184.0,0.021137669777300777
2022-06-13,47.35,49.11,46.77,47.41,93058455.0,5024688910.0,4501548184.0,0.020672544466092957
2022-06-14,46.74,47.78,45.29,47.42,90780515.0,4753897709.0,4501548184.0,0.020166509673863794
2022-06-15,47.79,48.18,46.05,46.44,67239849.0,3564753755.0,4501548184.0,0.014937049710806782
2022-06-16,46.36,48.26,46.32,47.45,68657354.0,3690822462.0,4501548184.0,0.015251942485927638
2022-06-17,47.78,48.72,47.34,48.22,85203813.0,4630102526.0,4501548184.0,0.01892766877467683
2022-06-20,49.52,49.52,47.32,48.0,83908306.0,4578589613.0,4501548184.0,0.018639877342252614
2022-06-21,48.04,48.25,46.34,47.12,92624731.0,4933945228.0,4501548184.0,0.020576194503308685
2022-06-22,47.51,48.92,47.35,48.35,71720201.0,3914179204.0,4501548184.0,0.015932341067661445
2022-06-23,48.65,48.86,47.13,48.82,57579229.0,3140757678.0,4501548184.0,0.01279098360085442
2022-06-24,48.8,51.7,48.75,51.28,92254382.0,5266673678.0,4501548184.0,0.020493923030281618
2022-06-27,51.47,51.47,50.23,50.92,58619636.0,3368778224.0,4501548184.0,0.013022105640977851
2022-06-28,50.92,52.71,50.53,52.22,54635417.0,3195457780.0,4501548184.0,0.012137028143826707
2022-06-29,51.85,52.24,50.09,50.37,73308323.0,4225342924.0,4501548184.0,0.016285135691885333
2022-06-30,50.36,53.67,50.34,52.96,83190524.0,4946176760.0,4501548184.0,0.018480425089236367
2022-07-01,53.09,54.03,52.09,52.79,57023900.0,3407884505.0,4501548184.0,0.012667619598670944
2022-07-04,53.97,58.07,52.98,58.07,135514825.0,8678228528.0,4501548184.0,0.030104048531939473
2022-07-05,59.16,60.04,56.8,59.94,131029971.0,8696450643.0,4501548184.0,0.029107757074715787
2022-07-06,59.28,59.28,57.09,57.85,80822264.0,5305137763.0,4501548184.0,0.017954326088804116
2022-07-07,57.95,58.38,55.72,57.33,80100118.0,5185950520.0,4501548184.0,0.017793904391538554
2022-07-08,58.4,58.98,56.08,56.39,66358650.0,4277960560.0,4501548184.0,0.014741295058411397
2022-07-11,55.75,56.41,52.66,53.35,106124435.0,6470536266.0,4501548184.0,0.02357509698045698
2022-07-12,54.24,55.33,52.9,53.19,79317048.0,4830927142.0,4501548184.0,0.017619948683859295
2022-07-13,53.19,53.57,50.76,52.97,91991059.0,5444302454.0,4501548184.0,0.020435426933108666
2022-07-14,52.65,54.09,51.76,53.14,79351616.0,4768321828.0,4501548184.0,0.017627627819700353
2022-07-15,52.27,54.73,52.16,52.82,75659430.0,4593238506.0,4501548184.0,0.016807424225496196
2022-07-18,53.09,53.42,50.32,51.93,80304529.0,4679246724.0,4501548184.0,0.017839313435637324
2022-07-19,52.17,52.5,50.88,51.19,53549128.0,3115844752.0,4501548184.0,0.011895713610337755
2022-07-20,51.49,52.04,50.54,50.72,59047346.0,3404067427.0,4501548184.0,0.013117119618951078
2022-07-21,50.88,51.05,49.19,49.22,80788658.0,4556283471.0,4501548184.0,0.017946860657217838
2022-07-22,49.25,50.01,48.55,49.64,74097087.0,4129638715.0,4501548184.0,0.01646035629772124
2022-07-25,49.29,49.46,47.49,47.62,74192143.0,4021061978.0,4501548184.0,0.016481472588409374
2022-07-26,48.21,49.64,47.63,48.1,65961428.0,3617679519.0,4501548184.0,0.014653053861435686
2022-07-27,48.31,49.06,47.17,49.03,74827136.0,4104783291.0,4501548184.0,0.016622533613204572
2022-07-28,49.38,49.74,47.72,47.86,93677665.0,5122285070.0,4501548184.0,0.0208100993638059
2022-07-29,47.72,48.84,47.6,47.61,50421614.0,2737393237.0,4501548184.0,0.011200949526479622
2022-08-01,47.16,47.83,46.11,47.33,74998693.0,3973306192.0,4501548184.0,0.016660644279354892
2022-08-02,46.8,46.8,44.92,45.19,80263888.0,4143625442.0,4501548184.0,0.017830285208383322
2022-08-03,45.98,46.03,43.86,43.96,76704987.0,3885540234.0,4501548184.0,0.0170396903164638
2022-08-04,44.73,45.26,43.89,44.52,57868997.0,2910473871.0,4501548184.0,0.012855354343575766
2022-08-05,44.59,45.33,43.8,44.97,66567852.0,3353407776.0,4501548184.0,0.014787768403013945
2022-08-08,44.49,44.84,44.13,44.76,53912033.0,2713157658.0,4501548184.0,0.011976331430066949
2022-08-09,44.77,46.71,44.32,46.19,112359591.0,5826932710.0,4501548184.0,0.024960210666935295
2022-08-10,45.92,46.31,45.12,45.43,69000696.0,3548980048.0,4501548184.0,0.015328214467469532
2022-08-11,45.77,46.19,44.34,46.06,87704975.0,4487041783.0,4501548184.0,0.019483291395554235
2022-08-12,46.0,46.0,45.16,45.23,50253681.0,2578772743.0,4501548184.0,0.011163643916690329
2022-08-15,44.95,47.34,44.8,47.17,105181886.0,5558111770.0,4501548184.0,0.023365713683539235
2022-08-16,47.06,47.95,46.46,47.39,108854797.0,5814797050.0,4501548184.0,0.02418163541754505
2022-08-17,47.47,49.13,47.08,48.49,96882571.0,5300374781.0,4501548184.0,0.021522055755029544
2022-08-18,48.75,50.82,48.75,50.58,125413321.0,7081121803.0,4501548184.0,0.027860041895310744
2022-08-19,51.76,54.84,50.67,53.05,199479698.0,11865312371.0,4501548184.0,0.04431357609566798
2022-08-22,54.86,55.96,53.26,54.13,165985988.0,10255941730.0,4501548184.0,0.03687308926070578
2022-08-23,53.62,55.48,51.83,52.25,156913352.0,9447824945.0,4501548184.0,0.034857641323872146
2022-08-24,52.27,53.51,51.26,51.7,110413229.0,6506052997.0,4501548184.0,0.024527834533115817
2022-08-25,51.36,51.58,49.79,50.86,96584849.0,5515683392.0,4501548184.0,0.021455918064654887
2022-08-26,51.02,51.49,49.6,49.93,71985288.0,4115971673.0,4501548184.0,0.015991229030016756
2022-08-29,48.85,50.75,48.75,50.24,59730451.0,3378324975.0,4501548184.0,0.013268868522234616
2022-08-30,50.1,50.2,48.86,49.16,48554095.0,2707361064.0,4501548184.0,0.010786088033574184
2022-08-31,48.88,49.35,46.33,46.79,90881991.0,4860143669.0,4501548184.0,0.02018905214055574
2022-09-01,47.27,47.34,46.06,46.73,49754041.0,2632364479.0,4501548184.0,0.011052650991683798
2022-09-02,46.69,47.12,45.65,46.19,48120959.0,2521258338.0,4501548184.0,0.010689868692517365
2022-09-05,46.24,47.19,46.07,46.41,47199300.0,2485782142.0,4501548184.0,0.010485126021256869
2022-09-06,46.98,50.61,46.55,50.32,120311127.0,6590403460.0,4501548184.0,0.026726610953010738
2022-09-07,49.55,51.33,49.53,50.16,91920391.0,5238977053.0,4501548184.0,0.020419728334068632
2022-09-08,50.16,51.32,49.87,49.99,62393719.0,3560410096.0,4501548184.0,0.013860502309353932
2022-09-09,49.73,49.87,47.49,48.27,78047674.0,4256472251.0,4501548184.0,0.017337962587495433
2022-09-13,49.11,49.54,47.54,48.65,56642343.0,3107898473.0,4501548184.0,0.01258285831557368
2022-09-14,47.67,48.53,47.13,47.54,45955507.0,2476597033.0,4501548184.0,0.010208822636474527
2022-09-15,47.53,47.76,44.95,45.39,82063477.0,4253534555.0,4501548184.0,0.018230056337435397
2022-09-16,44.88,45.39,43.81,43.81,62298217.0,3144574212.0,4501548184.0,0.013839286941641231
2022-09-19,43.81,44.88,43.72,44.12,43892797.0,2191376298.0,4501548184.0,0.009750600283700084
2022-09-20,44.65,45.88,44.31,44.5,61372866.0,3119634994.0,4501548184.0,0.013633724108105648
2022-09-21,43.97,44.91,43.63,44.32,40031563.0,2003607915.0,4501548184.0,0.008892843387145227
2022-09-22,43.8,44.15,42.65,43.46,51798652.0,2547067397.0,4501548184.0,0.0115068527277148
2022-09-23,44.21,44.64,43.26,43.62,58210800.0,2884670406.0,4501548184.0,0.012931284442739178
2022-09-26,42.79,44.21,42.43,43.07,52608480.0,2584589330.0,4501548184.0,0.011686752612576278
2022-09-27,43.21,43.8,42.44,43.64,50952921.0,2485868937.0,4501548184.0,0.011318977142375957
2022-09-28,43.86,44.04,41.48,41.5,62084016.0,2989323782.0,4501548184.0,0.013791703090209552
2022-09-29,41.99,43.03,41.85,42.45,58791604.0,2818991213.0,4501548184.0,0.01306030760904991
2022-09-30,42.27,42.57,41.24,41.55,41899836.0,1976588054.0,4501713420.0,0.00930753073126543
2022-10-10,42.03,42.68,40.99,41.2,53044300.0,2507485214.0,4501713420.0,0.011783135675482425
2022-10-11,41.76,42.59,41.48,41.97,52350875.0,2483133782.0,4501713420.0,0.011629099881706819
2022-10-12,41.96,42.86,40.52,42.79,71143368.0,3354750611.0,4501713420.0,0.01580361994700231
2022-10-13,42.25,43.19,41.85,42.03,63242703.0,3029944226.0,4501713420.0,0.01404858486082839
2022-10-14,42.65,45.88,42.19,44.55,116383121.0,5766699538.0,4501713420.0,0.02585307196209749
2022-10-17,43.88,44.14,42.96,44.03,65471619.0,3221290597.0,4501713420.0,0.014543711003265063
2022-10-18,44.24,44.55,43.58,43.81,45319512.0,2254022660.0,4501713420.0,0.010067169491211192
2022-10-19,43.71,44.34,42.74,43.29,49532705.0,2431704706.0,4501713420.0,0.011003078245704944
2022-10-20,42.81,42.81,41.6,41.81,53128460.0,2526344468.0,4501713420.0,0.011801830779356896
2022-10-21,42.11,42.59,41.28,41.59,42799391.0,2029928305.0,4501713420.0,0.009507355756999743
2022-10-24,41.67,42.19,40.09,40.54,54765444.0,2544519376.0,4501713420.0,0.012165466543625516
2022-10-25,40.33,42.04,40.28,41.91,57300216.0,2679962419.0,4501713420.0,0.012728534816416635
2022-10-26,42.08,42.87,41.4,42.23,62357925.0,2975439523.0,4501713420.0,0.013852042363016525
2022-10-27,42.55,43.33,41.59,41.66,59943247.0,2877638579.0,4501713420.0,0.013315651488094948
2022-10-28,41.14,41.47,39.81,39.97,56152811.0,2569632413.0,4501713420.0,0.012473652976337174
2022-10-31,38.95,39.64,38.24,38.49,67720270.0,2972183037.0,4501713420.0,0.015043221032048726
2022-11-01,38.71,39.88,38.54,39.87,71834153.0,3191951854.0,4501713420.0,0.01595706929740543
2022-11-02,39.81,40.51,39.44,40.22,59768873.0,2706445448.0,4501713420.0,0.013276916459066824
2022-11-03,40.08,40.9,39.68,40.12,55869273.0,2539776541.0,4501713420.0,0.012410668513856664
2022-11-04,39.99,42.54,39.98,42.2,93329152.0,4385795469.0,4501713420.0,0.020731917670583303
2022-11-07,42.01,42.6,41.7,41.97,56344297.0,2679835358.0,4501713420.0,0.0125161892246797
2022-11-08,42.19,42.37,40.93,41.44,49667305.0,2327921757.0,4501713420.0,0.011032977972196196
2022-11-09,41.19,41.35,40.28,40.3,48588087.0,2232254688.0,4501713420.0,0.010793243031450012
2022-11-10,40.26,40.33,39.49,39.81,39766140.0,1788365980.0,4501713420.0,0.008833556535013729
2022-11-11,41.14,41.21,40.26,40.61,50009262.0,2297015941.0,4501713420.0,0.011108939493531776
2022-11-14,40.79,41.24,39.55,39.67,51717461.0,2352594716.0,4501713420.0,0.011488394789910905
2022-11-15,39.68,40.81,39.64,40.52,54308583.0,2469496610.0,4501713420.0,0.01206398051877767
2022-11-16,40.61,40.75,39.64,39.81,42010986.0,1900001937.0,4501713420.0,0.009332221330073028
2022-11-17,39.72,39.72,38.57,39.09,55201152.0,2427545216.0,4501713420.0,0.0122622536909513
2022-11-18,39.11,39.7,38.58,38.88,43024460.0,1906224160.0,4501713420.0,0.009557352053743128
2022-11-21,38.63,39.33,38.38,38.97,34898514.0,1531156431.0,4501713420.0,0.007752273577645909
2022-11-22,38.84,38.84,37.94,38.04,43425026.0,1879977247.0,4501713420.0,0.009646332840085587
2022-11-23,38.0,39.35,37.88,39.15,54109952.0,2368697951.0,4501713420.0,0.012019857096989528
2022-11-24,39.24,39.43,38.8,38.85,30592304.0,1348590334.0,4501713420.0,0.006795702246190518
2022-11-25,38.64,38.64,37.85,38.12,35789972.0,1543874445.0,4501713420.0,0.007950299954900283
2022-11-28,37.16,38.06,36.75,37.93,34723823.0,1469998543.0,4501713420.0,0.007713468130985557
2022-11-29,38.1,38.53,37.96,38.18,36073889.0,1558022335.0,4501713420.0,0.008013368607546768
2022-11-30,38.15,38.52,37.87,38.33,34833947.0,1502377062.0,4501713420.0,0.007737930816573393
2022-12-01,38.75,39.36,38.61,38.83,50590444.0,2228832390.0,4501713420.0,0.011238041892058069
2022-12-02,38.58,39.26,37.94,38.05,56442932.0,2457391605.0,4501713420.0,0.012538099770909007
2022-12-05,37.91,38.05,37.07,37.28,63625585.0,2680728918.0,4501713420.0,0.014133637365125743
2022-12-06,37.28,37.64,36.33,37.28,61009002.0,2551550720.0,4501713420.0,0.013552395789779084
2022-12-07,37.16,37.91,36.9,37.47,49653842.0,2106866317.0,4501713420.0,0.011029987333134147
2022-12-08,37.25,38.26,37.01,37.41,48361392.0,2059721796.0,4501713420.0,0.010742885538902208
2022-12-09,37.51,37.51,36.85,37.15,41556103.0,1740478150.0,4501713420.0,0.009231174693479267
2022-12-12,36.88,37.06,36.57,36.64,29608509.0,1228930956.0,4501713420.0,0.006577164345570447
2022-12-13,36.74,36.95,36.1,36.13,43702882.0,1799562439.0,4501713420.0,0.009708055116489402
2022-12-14,36.13,36.44,35.84,36.05,36373538.0,1483167611.0,4501713420.0,0.008079931929562944
2022-12-15,36.01,36.76,35.7,36.63,39955647.0,1638345116.0,4501713420.0,0.008875653172964529
2022-12-16,36.28,36.43,35.48,35.82,41468875.0,1679709137.0,4501713420.0,0.009211798071321919
2022-12-19,35.53,36.22,35.48,35.62,29602102.0,1200992638.0,4501713420.0,0.006575741109703958
2022-12-20,35.59,35.67,34.86,35.29,32236287.0,1283841450.0,4501713420.0,0.007160892751809154
2022-12-21,35.35,35.36,34.41,34.59,33905787.0,1332587612.0,4501713420.0,0.007531751543615586
2022-12-22,34.93,34.95,33.57,33.75,56631135.0,2187739753.0,4501713420.0,0.01257990674137582
2022-12-23,33.59,33.89,33.32,33.61,31954977.0,1212060397.0,4501713420.0,0.007098403211993002
2022-12-26,33.44,34.65,33.03,34.5,50336619.0,1936551154.0,4501713420.0,0.011181657805307384
2022-12-27,34.49,35.61,34.35,35.45,50139397.0,1994581236.0,4501713420.0,0.011137847375455544
2022-12-28,34.68,35.53,34.68,35.01,42231333.0,1675266104.0,4501713420.0,0.009381168692875167
2022-12-29,34.75,35.26,34.29,34.41,32074693.0,1254538992.0,4501713420.0,0.0071249966418342105
2022-12-30,34.57,34.79,34.13,34.13,37061565.0,1441801313.0,4501946097.0,0.00823234312483151
2023-01-03,34.11,34.33,33.36,34.26,46467240.0,1778614083.0,4501946097.0,0.010321589596766777
2023-01-04,34.26,34.42,33.09,33.18,51454229.0,1943882234.0,4501946097.0,0.011429330314347386
2023-01-05,33.19,34.36,33.09,34.11,56616223.0,2163759003.0,4501946097.0,0.012575944220595586
2023-01-06,34.11,36.54,33.98,35.83,106110254.0,4290111496.0,4501946097.0,0.02356986327995122
2023-01-09,35.83,35.93,35.18,35.47,56262151.0,2258530718.0,4501946097.0,0.012497295566797632
2023-01-10,35.59,35.98,35.13,35.37,45019089.0,1802581772.0,4501946097.0,0.009999917375732187
2023-01-11,35.51,35.55,34.92,35.01,35476969.0,1409379891.0,4501946097.0,0.007880362899867035
2023-01-12,35.0,35.63,34.87,35.1,40937894.0,1628291966.0,4501946097.0,0.009093377201313035
2023-01-13,35.12,35.35,34.69,35.07,36220136.0,1430164799.0,4501946097.0,0.008045439731971984
2023-01-16,35.03,36.28,34.86,36.12,65895486.0,2669604281.0,4501946097.0,0.014637111280366358
2023-01-17,36.41,36.43,35.77,36.07,38841645.0,1582282386.0,4501946097.0,0.00862774546009852
2023-01-18,36.21,36.54,35.9,36.19,39004789.0,1598322743.0,4501946097.0,0.008663984010379856
2023-01-19,35.93,36.24,35.63,36.22,36770320.0,1496172294.0,4501946097.0,0.008167649991301084
2023-01-20,36.36,37.25,36.32,37.1,70436033.0,2934624868.0,4501946097.0,0.015645685550730395
2023-01-30,37.87,38.01,36.84,36.9,79948297.0,3372659639.0,4501946097.0,0.017758608227956312
2023-01-31,36.93,37.74,36.9,37.35,61872516.0,2617096528.0,4501946097.0,0.013743504401625447
2023-02-01,37.5,37.68,36.88,37.64,67276645.0,2831837404.0,4501946097.0,0.014943902825676147
2023-02-02,37.77,37.77,36.91,37.02,72372215.0,3047981707.0,4501946097.0,0.01607576222385854
2023-02-03,36.95,36.95,35.85,36.26,62691822.0,2562992178.0,4501946097.0,0.013925493697442642
2023-02-06,35.99,36.18,35.84,36.05,34009829.0,1382910235.0,4501946097.0,0.007554472725176212
2023-02-07,36.11,36.32,35.93,36.03,33743728.0,1376618547.0,4501946097.0,0.007495364731818111
2023-02-08,36.14,36.34,36.0,36.08,34333692.0,1402184791.0,4501946097.0,0.007626411169800375
2023-02-09,36.08,36.44,35.73,36.42,42947761.0,1758312843.0,4501946097.0,0.00953982124055627
2023-02-10,36.46,36.5,35.83,35.94,37201861.0,1515636792.0,4501946097.0,0.008263506536604364
2023-02-13,35.94,36.01,35.66,35.74,42306463.0,1710072455.0,4501946097.0,0.009397372178265776
2023-02-14,35.84,36.17,35.49,35.7,47898219.0,1935278498.0,4501946097.0,0.01063944746737824
2023-02-15,35.74,36.36,35.73,35.96,57886670.0,2358337800.0,4501946097.0,0.012858143734456179
2023-02-16,35.83,36.13,34.86,35.05,64334700.0,2581396493.0,4501946097.0,0.014290419879276489
2023-02-17,34.89,35.12,34.36,34.36,47565830.0,1862401977.0,4501946097.0,0.010565615175112125
2023-02-20,34.37,35.34,34.09,35.28,44047778.0,1730039468.0,4501946097.0,0.009784163792932237
2023-02-21,35.3,37.56,35.11,36.97,124409921.0,5150742326.0,4501946097.0,0.027634698043786907
2023-02-22,36.63,37.16,36.54,36.79,56125619.0,2339829304.0,4501946097.0,0.012466968237891809
2023-02-23,36.79,37.82,36.74,37.45,84733105.0,3578981954.0,4501946097.0,0.018821439256339455
2023-02-24,37.43,37.43,36.78,36.91,53311860.0,2225831108.0,4501946097.0,0.011841958755464859
2023-02-27,36.68,37.09,36.2,36.44,39632017.0,1638673930.0,4501946097.0,0.008803307757596192
2023-02-28,36.56,37.55,36.24,37.07,66084300.0,2756452000.0,4501946097.0,0.01467905180918029
2023-03-01,37.12,37.37,36.85,37.05,42590922.0,1783328266.0,4501946097.0,0.009460557963673016
2023-03-02,37.21,37.34,36.46,36.49,41832495.0,1739490719.0,4501946097.0,0.00929209148636326
2023-03-03,36.49,36.79,36.23,36.46,29932580.0,1233274285.0,4501946097.0,0.00664880906058525
2023-03-06,36.46,37.43,36.04,37.2,72341614.0,3016915061.0,4501946097.0,0.01606896494122995
2023-03-07,36.98,37.0,36.1,36.12,62690494.0,2584932895.0,4501946097.0,0.013925198713901882
2023-03-08,35.83,36.4,35.42,35.64,43007328.0,1738991833.0,4501946097.0,0.009553052629541512
2023-03-09,35.64,35.79,35.3,35.31,29126770.0,1167256038.0,4501946097.0,0.006469817579426251
2023-03-10,35.04,35.12,34.59,34.71,32462306.0,1276393999.0,4501946097.0,0.00721072738334921
2023-03-13,34.59,35.66,34.59,35.25,36907014.0,1470878357.0,4501946097.0,0.00819801330464486
2023-03-14,34.95,35.11,33.83,34.59,48172410.0,1875890464.0,4501946097.0,0.01070035246137244
2023-03-15,34.68,35.48,34.62,34.71,34086983.0,1347983395.0,4501946097.0,0.007571610646941071
2023-03-16,34.36,34.45,33.47,33.6,49526936.0,1897114095.0,4501946097.0,0.011001228120657349
2023-03-17,33.79,33.96,33.24,33.62,37758636.0,1434809559.0,4501946097.0,0.008387180829455408
2023-03-20,33.63,34.32,33.28,33.87,34910007.0,1334973667.0,4501946097.0,0.007754425807821928
2023-03-21,33.88,34.32,33.57,34.25,29719170.0,1140604536.0,4501946097.0,0.006601405116734786
2023-03-22,34.51,34.82,34.08,34.27,30390981.0,1181631950.0,4501946097.0,0.006750631914551775
2023-03-23,34.06,34.25,33.78,34.13,29682823.0,1141781742.0,4501946097.0,0.006593331497189625
2023-03-24,34.2,34.77,34.1,34.55,37890532.0,1477371785.0,4501946097.0,0.008416478381482496
2023-03-27,34.53,34.93,34.19,34.66,32902869.0,1286260232.0,4501946097.0,0.0073085879508699055
2023-03-28,34.54,34.67,34.13,34.19,23202601.0,900808115.0,4501946097.0,0.005153904667019828
2023-03-29,34.5,34.75,34.15,34.23,26075121.0,1014112769.0,4501946097.0,0.005791966504746892
2023-03-30,34.33,34.37,33.69,34.36,29603534.0,1139380295.0,4501946097.0,0.006575719336072717
2023-03-31,34.32,34.75,34.24,34.43,27881185.0,1086468303.0,4501955828.0,0.006193127179656548
2023-04-03,34.42,34.99,33.9,34.81,52390555.0,2043137219.0,4501955828.0,0.01163728765932263
2023-04-04,34.81,34.81,34.15,34.5,36268305.0,1409279512.0,4501955828.0,0.008056121913597772
2023-04-06,34.27,34.55,34.02,34.33,27892773.0,1079863628.0,4501955828.0,0.0061957011720373545
2023-04-07,34.32,34.66,33.98,34.43,24860826.0,968756233.0,4501955828.0,0.0055222278826854805
2023-04-10,35.64,36.26,35.57,35.81,88763058.0,3598830639.0,4501955828.0,0.019716554624533734
2023-04-11,35.82,36.14,35.5,35.86,48745528.0,1972898650.0,4501955828.0,0.010827633558025216
2023-04-12,35.86,35.9,35.04,35.31,46286595.0,1847961361.0,4501955828.0,0.010281441393120662
2023-04-13,35.61,35.68,35.11,35.19,33707024.0,1347577571.0,4501955828.0,0.007487195629588038
2023-04-14,35.21,35.89,34.95,35.46,35896669.0,1440402195.0,4501955828.0,0.00797357201435429
2023-04-17,35.39,35.99,35.23,35.89,40933435.0,1655863782.0,4501955828.0,0.009092367087525319
2023-04-18,35.91,36.23,35.71,35.98,40392187.0,1642998462.0,4501955828.0,0.008972142007431532
2023-04-19,35.92,35.96,35.18,35.31,39413211.0,1577302062.0,4501955828.0,0.008754686297646188
2023-04-20,35.29,35.55,34.98,35.12,33461835.0,1329391230.0,4501955828.0,0.007432732856214066
2023-04-21,35.14,35.48,34.58,34.64,46810097.0,1850255825.0,4501955828.0,0.01039772463089569
2023-04-24,34.64,34.72,34.01,34.33,34800362.0,1348021240.0,4501955828.0,0.007730054076399081
2023-04-25,34.33,35.11,33.39,33.58,59325386.0,2281551725.0,4501955828.0,0.01317769171146119
2023-04-26,33.63,36.27,33.27,35.62,100608819.0,4005543380.0,4501955828.0,0.022347802342764345
2023-04-27,35.63,35.7,34.84,35.21,48048006.0,1908665994.0,4501955828.0,0.010672696009402072
2023-04-28,35.21,35.46,34.87,35.24,35647710.0,1414734758.0,4501955828.0,0.007918271827166404
2023-05-04,34.94,35.36,34.42,34.52,39757776.0,1562606364.0,4501955828.0,0.00883122303260413
2023-05-05,34.41,34.41,33.53,33.9,41377138.0,1582243582.0,4501955828.0,0.009190924918155373
2023-05-08,33.74,34.48,33.64,34.16,34116817.0,1313250624.0,4501955828.0,0.007578221178406462
2023-05-09,34.07,34.28,33.67,33.9,30783060.0,1181106871.0,4501955828.0,0.006837708137548612
2023-05-10,33.76,34.67,33.56,34.43,39273828.0,1515788598.0,4501955828.0,0.008723725753979122
2023-05-11,34.29,34.75,34.07,34.15,31456201.0,1220851798.0,4501955828.0,0.006987230039965643
2023-05-12,34.15,34.35,33.78,33.82,23080636.0,884715936.0,4501955828.0,0.005126801968257783
2023-05-15,33.82,34.72,33.78,34.65,42876271.0,1670034532.0,4501955828.0,0.009523920855315865
2023-05-16,34.59,35.08,34.29,34.47,37386576.0,1465009887.0,4501955828.0,0.008304518619990334
2023-05-17,34.53,34.8,34.16,34.21,27722811.0,1076208509.0,4501955828.0,0.006157948247199017
2023-05-18,34.33,34.38,33.78,33.94,28978140.0,1113090495.0,4501955828.0,0.006436789055052452
2023-05-19,33.9,33.96,33.62,33.96,19482814.0,744020928.0,4501955828.0,0.004327633309688706
2023-05-22,33.96,34.19,33.81,34.07,21073802.0,810303874.0,4501965227.0,0.004681022828344471
2023-05-23,34.11,34.36,33.91,34.02,22768552.0,877972259.0,4501965227.0,0.005057469538735733
2023-05-24,34.04,34.6,33.8,34.23,38466909.0,1488466790.0,4501965227.0,0.008544470483534457
2023-05-25,34.06,34.67,33.9,34.57,48029573.0,1871843066.0,4501965227.0,0.010668579293315808
2023-05-26,34.48,34.48,33.72,33.96,34471929.0,1324402838.0,4501965227.0,0.007657084686762731
2023-05-29,34.03,34.04,33.11,33.35,41853140.0,1581890503.0,4501965227.0,0.009296637776984766
2023-05-30,33.29,33.57,31.9,32.94,54678946.0,2017075187.0,4501965227.0,0.012145572709462423
2023-05-31,33.07,33.09,32.21,32.7,34651061.0,1179504428.0,4501965227.0,0.007696874421016047
2023-06-01,32.61,32.97,32.27,32.28,26166853.0,890244086.0,4501965227.0,0.00581231788354726
2023-06-02,32.28,32.73,32.12,32.5,25823541.0,876211039.0,4501965227.0,0.005736059631275335
2023-06-05,32.59,32.64,31.85,31.86,28948738.0,967295739.0,4501965227.0,0.006430244691003696
2023-06-06,31.82,31.83,30.63,30.78,49202266.0,1591442397.0,4501965227.0,0.010929063979640552
2023-06-07,31.0,31.07,30.02,30.2,38033504.0,1205676061.0,4501965227.0,0.008448200304146863
2023-06-08,30.09,30.53,30.04,30.05,28258296.0,892135439.0,4501965227.0,0.006276880112383862
2023-06-09,30.05,30.49,29.73,30.49,39233367.0,1234973610.0,4501965227.0,0.00871472013259955
2023-06-12,30.44,30.91,29.88,30.59,35107419.0,1114875823.0,4501965227.0,0.00779824304049428
2023-06-13,30.34,30.65,30.14,30.49,23259985.0,737067954.0,4501965227.0,0.005166629200177072
2023-06-14,30.55,30.86,30.37,30.41,25401628.0,810297869.0,4501965227.0,0.005642342114873914
2023-06-15,30.36,32.0,30.15,31.99,70750621.0,2319654782.0,4501965227.0,0.015715496995774552
2023-06-16,31.63,33.02,31.51,33.02,66918021.0,2263803309.0,4501965227.0,0.014864179891632023
2023-06-19,33.02,33.21,32.46,32.97,35780972.0,1226138057.0,4501965227.0,0.007947856146335357
2023-06-20,32.89,33.51,32.88,33.11,30830980.0,1068054973.0,4501965227.0,0.006848338102456872
2023-06-21,32.97,33.93,32.8,32.83,41420098.0,1442461691.0,4501965227.0,0.009200448229050704
2023-06-26,32.47,33.32,32.2,32.56,30757737.0,1046779608.0,4501965227.0,0.006832068985236523
2023-06-27,32.58,33.3,32.58,32.83,25210575.0,866773944.0,4501965227.0,0.0055999044259166155
2023-06-28,32.78,33.38,32.7,32.99,29475487.0,1015698763.0,4501965227.0,0.006547248926585278
2023-06-29,32.94,33.24,32.62,32.63,22902601.0,784663100.0,4501965227.0,0.005087245201860819
2023-06-30,32.63,33.1,32.36,32.88,24250880.0,831728877.0,4501967811.0,0.005386728874592569
2023-07-03,32.88,33.23,32.74,32.79,28472330.0,978051468.0,4501967811.0,0.006324418830901321
2023-07-04,32.71,32.8,31.96,32.18,34882679.0,1173954265.0,4501967811.0,0.007748318172059894
2023-07-05,32.12,32.16,31.31,31.41,36121581.0,1189385328.0,4501967811.0,0.008023509388881323
2023-07-06,31.43,31.57,31.13,31.19,19211017.0,627599894.0,4501967811.0,0.004267248857946132
2023-07-07,31.05,31.21,30.83,30.86,17597017.0,568487890.0,4501967811.0,0.003908738964548763
2023-07-10,30.96,33.28,30.96,33.1,90795819.0,3097048023.0,4501967811.0,0.020168029362216157
2023-07-11,33.09,33.24,32.58,32.71,30771820.0,1053002176.0,4501967811.0,0.006835193251451704
2023-07-12,32.88,33.75,32.31,33.22,55579028.0,1929053665.0,4501967811.0,0.012345496532471764
2023-07-13,32.95,33.72,32.95,33.31,31509978.0,1095690829.0,4501967811.0,0.006999156662784055
2023-07-14,33.32,33.36,32.78,32.84,23971738.0,823967762.0,4501967811.0,0.005324724433041932
2023-07-17,32.77,33.11,32.32,32.58,17968313.0,611771841.0,4501967811.0,0.00399121312153691
2023-07-18,32.76,32.87,32.3,32.61,15830368.0,537443698.0,4501967811.0,0.003516321898464147
2023-07-19,32.68,32.78,32.16,32.39,13820728.0,466944493.0,4501967811.0,0.003069930434915764
2023-07-20,32.52,33.16,32.41,32.44,26403570.0,901326210.0,4501967811.0,0.005864895332100366
2023-07-21,32.39,32.54,31.78,32.13,20071493.0,673422997.0,4501967811.0,0.004458382165895944
2023-07-24,31.91,32.25,31.7,31.81,15116585.0,503670745.0,4501967811.0,0.0033577727861724155
2023-07-25,32.17,33.02,32.02,32.85,33570023.0,1148112309.0,4501967811.0,0.007456744341435719
2023-07-26,32.79,33.47,32.72,32.96,23257974.0,803915304.0,4501967811.0,0.005166179541126888
2023-07-27,32.93,33.21,32.54,32.59,17348535.0,593918139.0,4501967811.0,0.0038535448782221426
2023-07-28,32.48,33.22,32.31,33.17,30445414.0,1045922988.0,4501967811.0,0.006762690289701851
2023-07-31,33.35,34.02,33.18,33.35,38233332.0,1339347395.0,4501967811.0,0.008492582267376855
2023-08-01,33.34,33.53,32.95,33.14,20723425.0,717233382.0,4501967811.0,0.004603192619317464
2023-08-02,33.14,33.39,32.87,32.92,16243558.0,560060197.0,4501967811.0,0.0036081017639244066
2023-08-03,33.24,34.1,33.22,33.92,52258278.0,1843468093.0,4501967811.0,0.011607874643686563
2023-08-04,34.09,34.56,33.78,34.03,41418253.0,1474672822.0,4501967811.0,0.0092000331274692
2023-08-07,34.04,34.12,33.6,33.77,18887582.0,665477890.0,4501967811.0,0.0041954058298352415
2023-08-08,33.87,34.07,33.45,33.66,16465735.0,578495402.0,4501967811.0,0.0036574528497889344
2023-08-09,33.45,33.76,33.38,33.58,12959865.0,453760281.0,4501967811.0,0.0028787111645565697
2023-08-10,33.6,33.93,33.49,33.73,15983999.0,562570898.0,4501967811.0,0.00355044719798864
2023-08-11,33.67,33.81,33.23,33.26,19851111.0,693051541.0,4501967811.0,0.004409429794565894
2023-08-14,32.97,33.21,32.67,32.97,18416766.0,632787048.0,4501967811.0,0.004090825784005145
2023-08-15,32.87,33.01,31.54,31.86,45544324.0,1515681083.0,4501967811.0,0.010116537014928914
2023-08-16,31.63,32.08,31.4,31.45,28695120.0,948285127.0,4501967811.0,0.006373906079445311
2023-08-17,31.36,31.56,30.88,31.49,23971960.0,781617090.0,4501967811.0,0.005324773744811656
2023-08-18,31.49,31.7,31.1,31.1,17775242.0,581829167.0,4501967811.0,0.003948327208508333
2023-08-21,31.04,31.04,30.34,30.34,25499897.0,814223484.0,4501967811.0,0.0056641668866876755
2023-08-22,30.59,30.84,29.34,30.19,38209580.0,1193853455.0,4501967811.0,0.008487306352266587
2023-08-23,29.91,29.99,29.28,29.33,25667180.0,793761185.0,4501967811.0,0.005701324637925094
2023-08-24,29.35,30.18,29.35,29.94,26306834.0,819439896.0,4501967811.0,0.005843407839505763
2023-08-25,29.81,30.5,29.66,30.27,26507420.0,835562898.0,4501967811.0,0.005887963022577018
2023-08-28,32.4,32.42,30.91,31.11,47389273.0,1560214950.0,4501967811.0,0.010526346475470169
2023-08-29,31.12,31.54,31.04,31.35,28355800.0,927106655.0,4501967811.0,0.006298534594298102
2023-08-30,31.35,31.55,31.06,31.13,19131890.0,624812633.0,4501967811.0,0.004249672766041018
2023-08-31,31.1,31.38,30.74,30.74,20619873.0,666379761.0,4501967811.0,0.004580191122117288
2023-09-01,30.78,31.14,30.68,30.82,13445254.0,432944482.0,4501967811.0,0.0029865282393064184
2023-09-04,31.05,31.09,30.49,31.01,23846399.0,767848498.0,4501967811.0,0.0052968834965310685
2023-09-05,30.91,31.43,30.63,31.12,29423108.0,954195416.0,4501967811.0,0.006535610478624099
2023-09-06,30.91,30.98,30.48,30.71,21708360.0,694516645.0,4501967811.0,0.004821971393699954
2023-09-07,30.69,30.7,30.02,30.02,20707777.0,654207242.0,4501967811.0,0.004599716805927203
2023-09-08,29.85,30.03,29.71,29.78,12668243.0,394162765.0,4501967811.0,0.0028139346018971347
2023-09-11,29.9,30.36,29.64,30.2,17086727.0,536537593.0,4501967811.0,0.0037953907529615608
2023-09-12,30.14,30.52,30.06,30.3,13975096.0,442002396.0,4501967811.0,0.0031042194406307364
2023-09-13,30.48,30.48,29.76,29.88,14879015.0,465975299.0,4501967811.0,0.003305002528815282
2023-09-14,30.02,30.07,29.68,29.79,13780367.0,428698339.0,4501967811.0,0.0030609652442048526
2023-09-15,29.89,30.02,29.52,29.52,29035209.0,899115874.0,4501967811.0,0.006449448378785843
2023-09-18,29.6,29.76,29.0,29.71,22057151.0,678572178.0,4501967811.0,0.004899446625563623
2023-09-19,29.6,29.61,29.15,29.29,17245430.0,527514007.0,4501967811.0,0.0038306426709366803
2023-09-20,29.14,29.27,28.94,29.08,13713599.0,416036812.0,4501967811.0,0.0030461343962727857
2023-09-21,28.95,29.02,28.47,28.49,23235032.0,696179929.0,4501967811.0,0.005161083547338584
2023-09-22,28.38,29.3,28.25,29.29,25252475.0,761720319.0,4501967811.0,0.005609208252955232
2023-09-25,29.07,29.74,29.01,29.69,25458342.0,780804705.0,4501967811.0,0.005654936478620682
2023-09-26,29.64,29.92,29.5,29.71,18610219.0,577391325.0,4501967811.0,0.004133796548817661
2023-09-27,30.13,31.09,30.08,30.91,50142449.0,1606219983.0,4501967811.0,0.011137895939078718
2023-09-28,30.88,31.03,30.7,30.92,24051892.0,774427986.0,4501969638.0,0.005342526479295638
2023-10-09,30.86,30.86,30.48,30.56,18413235.0,587676016.0,4501969638.0,0.0040900398004861
2023-10-10,30.56,30.8,30.26,30.28,14528441.0,462035944.0,4501969638.0,0.003227129938276141
2023-10-11,30.56,30.79,30.11,30.3,15681241.0,498389749.0,4501969638.0,0.003483195636780525
2023-10-12,30.4,30.72,30.25,30.58,18045983.0,574692619.0,4501969638.0,0.004008463950462564
2023-10-13,30.33,30.4,29.81,29.97,18927881.0,592350297.0,4501969638.0,0.00420435554256841
2023-10-16,29.95,30.14,29.24,29.36,18656430.0,574241571.0,4501969638.0,0.004144059489545585
2023-10-17,29.43,29.9,29.26,29.77,15642630.0,483088044.0,4501969638.0,0.003474619168455618
2023-10-18,29.69,29.69,29.05,29.21,16450166.0,501960607.0,4501969638.0,0.0036539931014079397
2023-10-19,29.1,29.1,28.55,28.62,21035801.0,631053868.0,4501969638.0,0.004672577269833644
2023-10-20,28.56,28.9,28.36,28.64,18612263.0,555984737.0,4501969638.0,0.004134248894727886
2023-10-23,28.51,28.51,27.15,27.46,28999621.0,835855628.0,4501969638.0,0.006441540777001571
2023-10-24,27.68,27.86,27.35,27.76,18510836.0,533983298.0,4501969638.0,0.004111719422484475
2023-10-25,27.87,28.36,27.72,27.75,18475928.0,538933280.0,4501969638.0,0.004103965483029764
2023-10-26,26.64,26.82,25.67,26.14,59782621.0,1627370731.0,4501969638.0,0.013279214612064428
2023-10-27,25.88,26.69,25.57,26.54,47582689.0,1300511036.0,4501969638.0,0.010569304732392334
2023-10-30,26.16,26.87,26.11,26.57,33785055.0,934493144.0,4501969638.0,0.007504505298043061
2023-10-31,26.51,26.77,25.97,26.16,31921177.0,872857305.0,4501969638.0,0.007090491399711212
2023-11-01,26.16,26.18,25.64,25.65,30432896.0,819287670.0,4501969638.0,0.006759906984517073
2023-11-02,25.44,25.72,24.93,24.94,42174934.0,1109367147.0,4501969638.0,0.009368107160033229
2023-11-03,24.96,25.55,24.96,25.22,31588096.0,833612403.0,4501969638.0,0.007016505783018344
2023-11-06,25.36,26.13,25.36,25.93,42316397.0,1143238633.0,4501969638.0,0.009399529628724698
2023-11-07,25.91,26.03,25.68,26.01,21821639.0,588903369.0,4501969638.0,0.004847131534564116
2023-11-08,25.98,26.22,25.78,25.91,27363714.0,742914262.0,4501969638.0,0.006078164936748958
2023-11-09,25.91,27.1,25.84,26.76,66049740.0,1840274532.0,4501969638.0,0.014671298411808614
2023-11-10,26.67,26.67,25.98,26.11,33955894.0,928029180.0,4501969638.0,0.007542452910696418
2023-11-13,26.31,26.45,26.09,26.29,19812077.0,542632891.0,4501969638.0,0.004400757577921275
2023-11-14,26.35,26.59,25.97,26.13,22727122.0,621790732.0,4501969638.0,0.005048261944764364
2023-11-15,26.56,26.87,26.33,26.53,35620758.0,988742598.0,4501969638.0,0.007912260824536462
2023-11-16,26.55,26.59,26.05,26.07,25886974.0,707480471.0,4501969638.0,0.005750144066164846
2023-11-17,25.89,26.2,25.87,26.16,18217241.0,495088335.0,4501969638.0,0.0040465046334903785
2023-11-20,26.15,26.24,25.83,26.07,18306593.0,497086315.0,4501969638.0,0.004066351946374455
2023-11-21,26.11,26.3,25.85,25.89,19755461.0,537876085.0,4501969638.0,0.004388181748994727
2023-11-22,25.88,25.89,25.42,25.42,20962169.0,559513300.0,4501969638.0,0.004656221761929173
2023-11-23,25.4,25.58,25.26,25.46,17579015.0,466147367.0,4501969638.0,0.0039047386840683975
2023-11-24,25.44,25.44,25.19,25.2,16076823.0,424037937.0,4501969638.0,0.0035710642880173063
2023-11-27,25.16,25.16,24.39,24.61,35519300.0,911796264.0,4501969638.0,0.007889724466418092
2023-11-28,24.6,24.72,24.4,24.54,16406417.0,419946401.0,4501969638.0,0.0036442753548396986
2023-11-29,24.52,24.53,23.88,23.94,30787007.0,773336248.0,4501969638.0,0.006838563889932658
2023-11-30,23.91,24.0,23.38,23.48,35285312.0,868777030.0,4501969638.0,0.007837749882221662
2023-12-01,23.41,23.44,22.9,23.3,34906112.0,842929686.0,4501969638.0,0.0077535200827136275
2023-12-04,23.28,23.5,23.07,23.09,21821155.0,529638128.0,4501969638.0,0.004847024026064744
2023-12-05,23.07,23.18,22.46,22.51,31795816.0,757450055.0,4501969638.0,0.007062645587748852
2023-12-06,22.38,23.1,22.37,22.85,34990696.0,835013504.0,4501969638.0,0.007772308303603891
2023-12-07,22.78,22.78,22.28,22.49,25828819.0,606443894.0,4501969638.0,0.005737226386865295
2023-12-08,22.7,22.78,22.33,22.67,30678779.0,724669077.0,4501969638.0,0.006814523745573071
2023-12-11,22.48,22.72,21.91,22.64,38664028.0,896116463.0,4501969638.0,0.008588247169338195
2023-12-12,22.53,22.76,22.47,22.58,19774554.0,466162426.0,4501969638.0,0.004392422781594956
2023-12-13,22.5,22.51,21.87,21.88,27035714.0,623027654.0,4501969638.0,0.006005307937174497
2023-12-14,22.03,22.33,21.87,21.93,21199130.0,487915837.0,4501969638.0,0.004708856723746745
2023-12-15,22.14,22.41,21.79,21.79,34922828.0,804417250.0,4501969638.0,0.00775723312419194
2023-12-18,21.67,21.95,21.37,21.51,21542815.0,486135078.0,4501969638.0,0.004785197753925856
2023-12-19,21.46,21.98,21.42,21.74,23246493.0,526687446.0,4501969638.0,0.005163627227465544
2023-12-20,21.85,21.91,21.62,21.66,15061622.0,341221844.0,4501969638.0,0.0033455627672094044
2023-12-21,21.55,22.7,21.38,22.36,56822734.0,1316394258.0,4501969638.0,0.012621749716029515
2023-12-22,22.37,23.05,22.1,22.66,42951805.0,1011586829.0,4501969638.0,0.009540669629900333
2023-12-25,22.7,22.82,22.53,22.71,21296277.0,503854590.0,4501969638.0,0.004730435500995709
2023-12-26,22.68,22.83,22.53,22.75,17172660.0,406159427.0,4501969638.0,0.003814477080220593
2023-12-27,22.8,22.81,22.38,22.47,24365703.0,572038721.0,4501969638.0,0.005412231747263507
2023-12-28,22.4,24.58,22.39,24.43,88620519.0,2204971152.0,4501969638.0,0.019684832667900814
2023-12-29,24.39,24.39,23.88,23.99,47283873.0,1187156565.0,4501973746.0,0.010502920644975258
2024-01-02,23.96,24.01,23.54,23.62,27762731.0,687802157.0,4501973746.0,0.006166790960224316
2024-01-03,23.56,24.04,23.53,23.82,27706838.0,688636694.0,4501973746.0,0.006154375739000589
2024-01-04,23.77,23.83,23.19,23.29,28679823.0,700465142.0,4501973746.0,0.006370499833652295
2024-01-05,23.29,23.81,22.87,23.0,26914576.0,653862574.0,4501973746.0,0.005978394703859297
2024-01-08,22.81,23.48,22.73,22.96,27817005.0,670744102.0,4501973746.0,0.006178846561403293
2024-01-09,23.01,24.04,22.7,23.54,46077285.0,1129064695.0,4501973746.0,0.010234907531599807
2024-01-10,23.35,24.33,23.3,23.82,44243637.0,1102397104.0,4501973746.0,0.009827608843634515
2024-01-11,23.82,24.23,23.69,24.2,41718850.0,1045938124.0,4501973746.0,0.009266791046275463
2024-01-12,24.2,25.43,24.0,24.93,72130388.0,1872691079.0,4501973746.0,0.016021947721060744
2024-01-15,24.82,25.24,24.58,24.61,41345658.0,1073414044.0,4501973746.0,0.009183895849400629
2024-01-16,24.44,25.1,24.27,24.94,38412603.0,993249201.0,4501973746.0,0.008532391605821683
2024-01-17,24.91,24.92,24.21,24.21,28661475.0,732483194.0,4501973746.0,0.0063664242878949924
2024-01-18,24.01,25.63,23.96,25.6,86622638.0,2261132373.0,4501973746.0,0.019241035796124788
2024-01-19,25.5,25.87,24.93,24.99,52319886.0,1381720910.0,4501973746.0,0.011621544005334588
2024-01-22,24.8,25.47,24.4,24.85,56291487.0,1468436398.0,4501973746.0,0.01250373506731685
2024-01-23,24.82,25.88,24.51,25.16,52210315.0,1379036148.0,4501973746.0,0.01159720556931031
2024-01-24,25.28,25.4,24.26,24.91,53487847.0,1380621375.0,4501973746.0,0.011880977104214326
2024-01-25,24.88,25.22,24.29,25.06,57351958.0,1483102041.0,4501973746.0,0.012739291971872818
2024-01-26,24.9,25.35,24.74,25.03,36262934.0,947311535.0,4501973746.0,0.008054896817694591
2024-01-29,24.85,24.85,23.32,23.46,60970145.0,1514842881.0,4501973746.0,0.013542981021195853
2024-01-30,23.24,23.71,23.0,23.0,38058487.0,923563511.0,4501973746.0,0.008453733661555654
2024-01-31,22.89,23.33,22.33,22.33,37727927.0,891589812.0,4501973774.0,0.0083803080368633
2024-02-01,22.9,24.15,22.89,23.69,70447800.0,1747417724.0,4501973774.0,0.01564820310745773
2024-02-02,23.65,23.84,22.28,23.02,47003935.0,1134132661.0,4501973774.0,0.010440739408891989
2024-02-05,23.01,23.29,22.07,22.84,41874695.0,997140386.0,4501973774.0,0.009301408027260533
2024-02-06,22.84,24.22,22.71,24.07,52344914.0,1295835906.0,4501973774.0,0.011627103272414577
2024-02-07,24.21,24.83,23.83,24.54,52612772.0,1340224818.0,4501973774.0,0.011686601175655805
2024-02-08,24.86,25.08,24.52,24.9,43114784.0,1118918538.0,4501973774.0,0.009576862541714132
2024-02-19,24.98,25.17,24.65,24.92,29912412.0,775884747.0,4501973774.0,0.006644288372524846
2024-02-20,24.73,24.74,24.31,24.58,26893988.0,686790104.0,4501973774.0,0.005973821561404769
2024-02-21,24.33,25.4,24.27,24.89,39445045.0,1026143834.0,4501973774.0,0.008761722519976634
2024-02-22,24.89,25.64,24.86,25.14,30380748.0,798010458.0,4501973774.0,0.006748317410344825
2024-02-23,25.3,25.66,24.99,25.21,33466658.0,883712612.0,4501973774.0,0.007433774535355612
2024-02-26,25.19,25.32,24.82,24.86,29651793.0,773413651.0,4501973774.0,0.0065863984306719775
2024-02-27,24.82,25.21,24.69,25.21,30619677.0,796639494.0,4501973774.0,0.00680138946540207
2024-02-28,25.32,26.07,24.92,24.92,52595255.0,1402320316.0,4501973774.0,0.011682710215628191
2024-02-29,24.92,25.45,24.81,25.4,36139151.0,949928598.0,4501973774.0,0.008027401494142956
2024-03-01,25.42,25.72,25.11,25.66,40262969.0,1070819630.0,4501973774.0,0.008943403720503326
2024-03-04,25.64,26.45,25.54,26.45,61054459.0,1660813606.0,4501973774.0,0.01356170916690018
2024-03-05,26.26,26.26,25.73,25.92,44091557.0,1191569359.0,4501973774.0,0.00979382804374373
2024-03-06,25.87,26.8,25.61,26.31,52977686.0,1453028276.0,4501973774.0,0.011767657622965087
2024-03-07,26.12,26.3,25.41,25.59,45972942.0,1237585535.0,4501973774.0,0.010211730300497303
2024-03-08,25.57,26.31,25.49,25.97,44066322.0,1191983062.0,4501973774.0,0.009788222724551127
2024-03-11,26.34,26.62,25.82,26.52,67232638.0,1842466472.0,4501973774.0,0.014934035908490835
2024-03-12,26.54,26.96,26.26,26.84,53813181.0,1498731944.0,4501973774.0,0.011953241778258301
2024-03-13,26.74,26.77,26.31,26.39,32654455.0,902626073.0,4501973774.0,0.007253364110779025
2024-03-14,26.27,26.55,25.48,25.58,47366745.0,1279490114.0,4501973774.0,0.01052132850563336
2024-03-15,25.49,25.62,25.08,25.42,28579619.0,754372678.0,4501973774.0,0.006348242001109445
2024-03-18,25.51,25.7,25.41,25.6,32306781.0,861538656.0,4501973774.0,0.007176137094929243
2024-03-19,25.6,25.91,25.21,25.21,32293834.0,859450703.0,4501973774.0,0.007173261245213109
2024-03-20,25.16,25.52,25.09,25.25,21993783.0,580389805.0,4501973774.0,0.004885364532112443
2024-03-21,25.24,25.33,24.95,24.98,23208363.0,606938673.0,4501973774.0,0.005155152865179707
2024-03-22,24.92,24.98,24.32,24.46,28432985.0,728218857.0,4501973774.0,0.0063156709539729985
2024-03-25,24.36,24.72,24.23,24.32,17870491.0,455637792.0,4501973774.0,0.003969479143394051
2024-03-26,24.32,24.52,24.04,24.4,23479087.0,595064642.0,4501973774.0,0.005215287378082359
2024-03-27,24.38,24.38,23.6,23.6,25687388.0,639925000.0,4501973774.0,0.005705805784198689
2024-03-28,23.62,24.0,23.56,23.67,20911154.0,518252378.0,4501973774.0,0.004644885787822006
2024-03-29,23.69,24.03,23.68,23.83,19450335.0,483550227.0,4501974054.0,0.004320401398741602
2024-04-01,23.84,24.32,23.84,24.14,34113692.0,858029815.0,4501974054.0,0.0075774963584452504
2024-04-02,24.16,24.32,23.91,24.2,25423026.0,639961685.0,4501974054.0,0.005647084078019433
2024-04-03,24.15,24.34,23.97,24.28,24167422.0,609583998.0,4501974054.0,0.005368183314723297
2024-04-08,24.05,24.12,23.12,23.15,45385383.0,1109119187.0,4501974054.0,0.010081218251285816
2024-04-09,22.99,23.53,22.97,23.45,27027336.0,657462929.0,4501974054.0,0.0060034410851360276
2024-04-10,23.44,23.44,22.83,22.99,20821163.0,500831951.0,4501974054.0,0.004624896267782889
2024-04-11,22.83,23.03,22.66,22.82,16519765.0,393989799.0,4501974054.0,0.0036694491798152863
2024-04-12,22.77,22.85,22.2,22.34,26323316.0,616216207.0,4501974054.0,0.005847060796943456
2024-04-15,22.24,22.79,22.24,22.59,22329320.0,526452093.0,4501974054.0,0.004959895310849342
2024-04-16,22.52,22.52,22.24,22.27,19694280.0,459884147.0,4501974054.0,0.004374587628398624
2024-04-17,22.33,22.95,22.33,22.95,24434542.0,580050597.0,4501974054.0,0.005427517286175812
2024-04-18,22.9,23.03,22.62,22.82,22246971.0,530805068.0,4501974054.0,0.004941603557273634
2024-04-19,22.69,22.7,21.99,22.07,31207684.0,724043497.0,4501974054.0,0.006931999968385424
2024-04-22,22.12,22.79,22.1,22.38,24894113.0,584002579.0,4501974054.0,0.005529599393821829
2024-04-23,22.39,22.69,21.85,21.94,25002584.0,575590732.0,4501974054.0,0.005553693490922104
2024-04-24,21.94,21.94,20.65,20.97,54202025.0,1188117506.0,4501974054.0,0.012039612923100157
2024-04-25,20.92,20.92,20.34,20.36,51851760.0,1112642931.0,4501974054.0,0.011517560825107322
2024-04-26,20.23,20.92,20.21,20.78,47296627.0,1019369444.0,4501974054.0,0.010505752905878475
2024-04-29,20.78,21.65,20.73,21.55,46092371.0,1025610826.0,4501974054.0,0.010238257805827862
2024-04-30,21.08,21.73,20.44,20.8,79900271.0,1738175035.0,4501974054.0,0.01774783018329674
2024-05-06,21.08,21.4,20.99,21.1,51019488.0,1125268233.0,4501974054.0,0.011332692589525083
2024-05-07,21.11,21.51,20.92,21.45,39112680.0,869903308.0,4501974054.0,0.008687895472264754
2024-05-08,21.45,21.54,21.26,21.37,28798559.0,642756221.0,4501974054.0,0.006396873605793553
2024-05-09,21.37,22.17,21.35,21.84,48007752.0,1095965871.0,4501974054.0,0.010663711390638769
2024-05-10,21.84,21.85,21.39,21.65,25899290.0,582883919.0,4501974054.0,0.00575287411463167
2024-05-13,21.75,22.12,21.51,21.93,40350484.0,921590972.0,4501974054.0,0.008962842414462302
2024-05-14,21.84,21.91,21.59,21.63,25769310.0,582969614.0,4501974054.0,0.005724002335620746
2024-05-15,21.6,21.83,21.21,21.33,23820705.0,531904454.0,4501974054.0,0.005291168877091889
2024-05-16,21.23,21.53,21.14,21.32,22433032.0,499679104.0,4501974054.0,0.004982932316117698
2024-05-17,21.22,21.22,20.71,20.99,39163662.0,853577065.0,4501974054.0,0.008699219837840496
2024-05-20,20.93,21.23,20.84,20.93,26769509.0,586439705.0,4501974054.0,0.005946171319271668
2024-05-21,20.87,20.92,20.47,20.56,25698776.0,551475867.0,4501974054.0,0.005708334986330421
2024-05-22,20.79,22.62,20.78,22.43,142143944.0,3247587545.0,4501974054.0,0.03157369240582478
2024-05-23,22.22,22.26,21.69,21.93,83605093.0,1915546363.0,4501974054.0,0.01857076295802215
2024-05-24,21.9,22.36,21.8,21.81,42799421.0,983786530.0,4501974054.0,0.00950681200882816
2024-05-27,21.8,21.81,20.94,21.38,37403649.0,829128571.0,4501974054.0,0.008308277335975956
2024-05-28,21.26,21.56,20.94,21.06,30847679.0,679863149.0,4501974054.0,0.006852033936666486
2024-05-29,21.56,22.59,21.56,22.04,82801361.0,1922749860.0,4501974054.0,0.018392234163684497
2024-05-30,22.68,22.95,22.23,22.56,70306501.0,1657802877.0,4501974054.0,0.015616816124813677
2024-05-31,22.57,22.71,22.05,22.05,38445025.0,893932105.0,4501974054.0,0.008539592751726685
2024-06-03,22.01,22.35,21.82,22.12,34667335.0,796945215.0,4501974054.0,0.007700474188472522
2024-06-04,22.11,22.18,21.8,22.11,29205300.0,671461323.0,4501974054.0,0.006487220861268873
2024-06-05,21.97,22.13,21.81,21.84,21703086.0,497212034.0,4501977571.0,0.004820789454794909
2024-06-06,21.86,22.12,21.11,21.22,42161742.0,946272598.0,4501977571.0,0.009365160384536265
2024-06-07,21.24,21.37,20.6,20.87,32426641.0,707792935.0,4501977571.0,0.007202754897954155
2024-06-11,20.84,21.13,20.57,21.06,20535837.0,448498412.0,4501977571.0,0.004561514729056832
2024-06-12,20.99,21.12,20.74,20.97,19081389.0,416470478.0,4501977571.0,0.00423844603822883
2024-06-13,20.97,21.04,20.61,20.73,21737405.0,470858211.0,4501977571.0,0.004828412549192596
2024-06-14,20.91,20.97,20.28,20.97,26760862.0,556349702.0,4501977571.0,0.0059442459625705674
2024-06-17,20.8,20.99,20.46,20.88,19900547.0,412714406.0,4501977571.0,0.0044204011872897
2024-06-18,20.77,21.09,20.66,20.84,19601940.0,408851056.0,4501977571.0,0.004354073224679777
2024-06-19,20.76,20.8,20.3,20.55,24600251.0,503526170.0,4501977571.0,0.00546432109268276
2024-06-20,20.42,20.5,20.09,20.32,23893284.0,483418625.0,4501977571.0,0.005307286325438692
2024-06-21,20.48,21.21,20.46,20.92,54511248.0,1144110457.0,4501977571.0,0.012108289555048075
2024-06-24,20.83,20.9,20.36,20.36,29066836.0,595460673.0,4501977571.0,0.006456459531748298
2024-06-25,20.3,20.44,19.54,19.69,30821082.0,612786288.0,4501977571.0,0.0068461207355935095
2024-06-26,19.68,19.92,19.21,19.89,20257774.0,396497877.0,4501977571.0,0.004499750094379135
2024-06-27,19.61,19.68,19.35,19.45,16837448.0,328252321.0,4501977571.0,0.003740011524815302
2024-06-28,19.45,19.58,19.05,19.11,22643317.0,437470509.0,4501977571.0,0.005029637896434558
2024-07-01,19.0,19.23,18.59,18.84,22930509.0,431824832.0,4501977571.0,0.005093430306652232
2024-07-02,18.71,18.77,18.27,18.28,26167648.0,484189191.0,4501977571.0,0.005812478535779893
2024-07-03,18.28,18.45,17.68,17.92,31649126.0,566764373.0,4501977571.0,0.007030049683914785
2024-07-04,17.92,17.97,17.3,17.38,35466904.0,619070087.0,4501977571.0,0.007878072122896412
2024-07-05,17.33,17.88,17.15,17.68,32079994.0,565154850.0,4501977571.0,0.00712575606920988
2024-07-08,17.55,17.59,16.63,16.73,38005015.0,644129202.0,4501977571.0,0.008441849032037303
2024-07-09,16.74,16.78,16.24,16.42,41623283.0,684346813.0,4501977571.0,0.009245555390617916
2024-07-10,15.8,17.04,15.79,16.78,52893242.0,883571547.0,4501977571.0,0.011748890607700454
2024-07-11,17.0,17.79,16.9,17.25,37269810.0,646997957.0,4501977571.0,0.008278541910132498
2024-07-12,17.19,17.6,17.12,17.37,26129561.0,454937762.0,4501977571.0,0.005804018475861927
2024-07-15,17.3,17.59,17.2,17.51,21701147.0,378787291.0,4501977571.0,0.004820358755181368
2024-07-16,17.45,18.11,17.29,18.08,33414270.0,596167188.0,4501977571.0,0.007422131601730274
2024-07-17,18.25,18.52,18.06,18.06,32276206.0,588953435.0,4501977571.0,0.007169339582656042
2024-07-18,17.91,18.1,17.65,17.98,23684867.0,423610172.0,4501977571.0,0.0052609917811605195
2024-07-19,17.95,18.41,17.77,18.31,24366038.0,441920235.0,4501977571.0,0.005412296622034859
2024-07-22,18.2,18.59,18.19,18.45,18706639.0,344474677.0,4501977571.0,0.0041552048416458
2024-07-23,18.4,18.53,17.98,17.99,17606345.0,321610505.0,4501977571.0,0.003910802468989022
2024-07-24,17.9,18.08,17.45,17.5,21296014.0,376008513.0,4501977571.0,0.004730368746654958
2024-07-25,17.56,18.08,17.46,17.68,24166214.0,429979193.0,4501977571.0,0.0053679107945071546
2024-07-26,17.68,17.9,17.49,17.81,14562352.0,258543262.0,4501977571.0,0.003234656719261563
2024-07-29,17.8,17.9,17.56,17.57,13535050.0,239031759.0,4501977571.0,0.003006467665940311
2024-07-30,17.55,17.71,17.42,17.57,12528658.0,219687148.0,4501977571.0,0.002782923238157554
2024-07-31,17.51,18.27,17.25,18.13,28400040.0,509025053.0,4501977657.0,0.0063083476115972205
2024-08-01,18.18,18.25,17.85,17.89,15665017.0,281667894.0,4501977657.0,0.003479585682892695
2024-08-02,17.82,18.01,17.77,17.85,14773810.0,264422149.0,4501977657.0,0.0032816266817825303
2024-08-05,17.8,18.81,17.77,18.27,42182820.0,780574131.0,4501977657.0,0.00936984214801935
2024-08-06,18.58,19.13,18.55,18.83,38607820.0,726931948.0,4501977657.0,0.008575746692116469
2024-08-07,18.73,19.18,18.63,19.07,27209364.0,514374745.0,4501977657.0,0.006043869177736348
2024-08-08,19.0,19.24,18.82,18.95,16980600.0,321967963.0,4501977657.0,0.0037718090345467033
2024-08-09,18.96,19.05,18.63,18.67,14177654.0,265998193.0,4501977657.0,0.0031492057669267994
2024-08-12,18.95,19.12,18.61,18.67,11323800.0,212236805.0,4501977657.0,0.002515294580014838
2024-08-13,18.61,18.83,18.38,18.57,12287666.0,228087675.0,4501977657.0,0.0027293929326579953
2024-08-14,19.01,19.45,18.5,18.87,46901116.0,887034219.0,4501977657.0,0.010417891774090606
2024-08-15,18.49,20.19,18.4,19.8,55834156.0,1088039659.0,4501977657.0,0.012402139738118207
2024-08-16,19.58,19.96,19.15,19.18,38311889.0,745232162.0,4501977657.0,0.008510013136211352
2024-08-19,19.18,19.22,18.82,18.93,22611452.0,428276062.0,4501977657.0,0.005022559799878634
2024-08-20,18.86,19.06,18.4,18.61,23763156.0,443972349.0,4501977657.0,0.005278381593709451
2024-08-21,18.6,19.05,18.43,18.75,19232370.0,360785301.0,4501977657.0,0.004271982551956054
2024-08-22,18.83,18.86,18.21,18.24,17487854.0,322281800.0,4501977657.0,0.003884482627942105
2024-08-23,18.24,18.5,18.08,18.32,11693791.0,214264010.0,4501977657.0,0.002597478684021821
2024-08-26,18.4,18.82,18.08,18.19,17626432.0,323962985.0,4501977657.0,0.003915264211183534
2024-08-27,18.03,18.48,17.77,18.02,22070848.0,399945709.0,4501977657.0,0.004902478350971523
2024-08-28,17.96,18.25,17.85,18.04,13725910.0,247388662.0,4501977657.0,0.0030488623102466897
2024-08-29,18.0,18.98,17.86,18.83,31528332.0,585580218.0,4501978061.0,0.007003217601863831
2024-08-30,18.7,19.42,18.57,19.01,32639535.0,621262385.0,4501978061.0,0.00725004310499682
2024-09-02,18.86,19.19,18.2,18.21,22402390.0,415976478.0,4501978061.0,0.004976121539566961
2024-09-03,18.29,19.18,18.06,19.0,35925795.0,675985519.0,4501978089.0,0.007980002187878263
2024-09-04,18.97,19.52,18.93,19.2,27105993.0,522401176.0,4501978089.0,0.006020907357641296
2024-09-05,19.2,19.43,19.01,19.37,21429839.0,413347810.0,4501978089.0,0.004760094024526915
2024-09-06,19.39,19.39,19.07,19.11,12308330.0,235652480.0,4501978089.0,0.0027339826531083767
2024-09-09,19.06,19.35,18.85,18.96,15441522.0,294033546.0,4501978089.0,0.0034299416156043402
2024-09-10,18.82,19.19,18.61,18.69,17296056.0,325419016.0,4501978089.0,0.0038418792046679816
2024-09-11,18.57,19.2,18.52,19.01,18076834.0,342903733.0,4501978089.0,0.004015309191346
2024-09-12,19.01,19.73,18.88,18.89,25602379.0,492977561.0,4501978089.0,0.005686917726800158
2024-09-13,18.97,19.0,18.56,18.6,16872402.0,315434193.0,4501978089.0,0.0037477752371175522
2024-09-18,18.55,18.66,18.29,18.31,13116573.0,241506559.0,4501978089.0,0.0029135132914237514
2024-09-19,18.39,18.97,18.18,18.56,23918938.0,445805943.0,4501978089.0,0.005312984098799331
2024-09-20,18.53,18.56,17.58,17.81,43078300.0,766384698.0,4501978089.0,0.009568749369361935
2024-09-23,17.81,17.83,17.39,17.43,18416794.0,323225562.0,4501978089.0,0.004090822664152686
2024-09-24,17.6,18.18,17.39,18.18,40388107.0,721296442.0,4501978089.0,0.008971191374450068
2024-09-25,18.39,19.02,18.33,18.34,38283138.0,715432474.0,4501978089.0,0.00850362601575958
2024-09-26,18.32,19.44,18.21,19.44,45214600.0,854668764.0,4501978089.0,0.010043274113322767
2024-09-27,19.78,20.8,19.7,20.76,38746961.0,787868303.0,4501978089.0,0.00860665250563373
2024-09-30,21.8,22.84,21.45,22.83,95192328.0,2128903126.0,4501978229.0,0.021144555383855013
2024-10-08,25.11,25.11,23.21,24.38,112901856.0,2754352424.0,4501978229.0,0.025078276761253526
2024-10-09,23.6,23.61,21.94,21.94,80226023.0,1815927400.0,4501978229.0,0.017820171248988954
2024-10-10,21.5,22.34,21.06,21.53,51476362.0,1120261147.0,4501978229.0,0.011434165022924637
2024-10-11,21.4,21.5,20.3,20.63,36494658.0,762190220.0,4501978229.0,0.008106360391730806
2024-10-14,20.67,21.05,20.5,20.92,39369694.0,819057062.0,4501978229.0,0.008744976540845018
2024-10-15,20.7,21.19,20.46,20.85,41690892.0,872028460.0,4501978229.0,0.009260571659685829
2024-10-16,20.55,21.0,20.36,20.77,30661134.0,633049476.0,4501978229.0,0.006810591353483864
2024-10-17,20.98,21.03,20.01,20.03,39511042.0,806937223.0,4501978229.0,0.008776373405247758
2024-10-18,19.91,20.99,19.7,20.43,51409593.0,1040257378.0,4501978229.0,0.011419333987187969
2024-10-21,20.87,22.23,20.75,21.65,82089988.0,1775762167.0,4501978229.0,0.01823420368210759
2024-10-22,21.7,22.65,21.11,22.32,69391469.0,1513451593.0,4501978229.0,0.015413550548291645
2024-10-23,22.34,24.55,22.15,24.55,151190045.0,3620915259.0,4501978229.0,0.03358302446379956
2024-10-24,24.61,26.5,24.55,25.15,228853484.0,5822346907.0,4501978229.0,0.050833982831328346
2024-10-25,25.4,27.67,25.4,27.67,136690254.0,3749062573.0,4501978229.0,0.030362264552834646
2024-10-28,28.98,29.36,28.0,28.8,260042497.0,7464752522.0,4501978229.0,0.05776182908324766
2024-10-29,30.6,31.68,29.25,29.31,223698839.0,6756298517.0,4501978229.0,0.049689009502315834
2024-10-30,28.01,30.24,28.0,28.88,149517525.0,4375335215.0,4501978229.0,0.0332115166699088
2024-10-31,29.9,31.29,29.1,30.75,158301228.0,4796617797.0,4501982991.0,0.0351625557707488
2024-11-01,30.18,30.79,29.2,29.73,99601756.0,2979431775.0,4501982991.0,0.022123974301794514
2024-11-04,29.7,31.2,29.44,30.4,76693837.0,2332954088.0,4501982991.0,0.017035567916031693
2024-11-05,30.3,31.12,29.4,31.12,117079938.0,3545559638.0,4501982991.0,0.02600630394074272
2024-11-06,31.07,32.05,29.76,29.91,112773589.0,3468903656.0,4501982991.0,0.02504975901185052
2024-11-07,28.9,29.54,27.8,29.5,103008927.0,2972379370.0,4501982991.0,0.022880789911007463
2024-11-08,29.71,30.77,29.71,30.09,81476251.0,2472145311.0,4501982991.0,0.01809785846878603
2024-11-11,30.0,30.75,29.55,30.23,64274128.0,1946032366.0,4501982991.0,0.014276848252979106
2024-11-12,30.28,30.62,29.3,29.63,59398951.0,1784219713.0,4501982991.0,0.013193952780085037
2024-11-13,29.4,29.99,29.04,29.8,61771584.0,1817868757.0,4501982991.0,0.013720972318973384
2024-11-14,29.81,29.99,28.84,28.9,51015918.0,1489559900.0,4501982991.0,0.011331877108817803
2024-11-15,28.74,29.25,26.51,26.55,105016808.0,2893618030.0,4501982991.0,0.023326789152678076
2024-11-18,26.4,27.5,26.1,26.74,65616660.0,1763219166.0,4501982991.0,0.01457505728723887
2024-11-19,26.97,27.7,26.58,27.41,44720234.0,1217297114.0,4501982991.0,0.009933452456262289
2024-11-20,27.28,27.5,26.7,27.0,36052733.0,972385950.0,4501982991.0,0.008008189518279769
2024-11-21,28.5,28.59,26.76,27.15,78111601.0,2136492993.0,4501982991.0,0.017350487808628863
2024-11-22,26.85,27.05,25.99,25.99,51060622.0,1351226226.0,4501982991.0,0.01134180695530753
2024-11-25,25.68,26.55,25.67,25.99,43580579.0,1141357329.0,4501982991.0,0.00968030734170315
2024-11-26,26.5,27.5,26.27,26.31,49421792.0,1329934002.0,4501982991.0,0.01097778292339177
2024-11-27,26.15,27.16,25.96,27.01,40692751.0,1078686291.0,4501982991.0,0.0090388504535334
2024-11-28,27.0,27.76,26.8,27.02,38268189.0,1040907014.0,4501982991.0,0.008500296219799733
2024-11-29,27.0,27.94,26.92,27.45,41586594.0,1142705781.0,4501983851.0,0.009237392975268582
2024-12-02,27.0,27.55,26.4,27.54,38279155.0,1042626333.0,4501983851.0,0.008502730411060287
2024-12-03,27.8,28.1,27.55,28.0,44923115.0,1250917331.0,4501983851.0,0.009978515358295095
2024-12-04,27.95,28.23,26.66,26.86,57784627.0,1568963258.0,4501983851.0,0.012835369675340935
2024-12-05,26.71,27.21,26.69,27.17,30635833.0,825885519.0,4501983851.0,0.006804962881684935
2024-12-06,26.96,27.15,25.28,26.01,84956154.0,2198875353.0,4501983851.0,0.01887082602065069
2024-12-09,25.7,25.99,25.5,25.74,36360958.0,936701960.0,4501983851.0,0.00807665225007934
2024-12-10,26.46,26.49,25.2,25.26,54681136.0,1402813142.0,4501983851.0,0.012146008917347403
2024-12-11,25.21,25.5,24.81,25.26,33601756.0,847052193.0,4501983851.0,0.007463766444327923
2024-12-12,25.26,25.6,25.06,25.25,34789496.0,880072043.0,4501983851.0,0.007727592357372052
2024-12-13,25.1,25.11,24.0,24.07,61625457.0,1504688493.0,4501983851.0,0.013688511340686282
2024-12-16,24.09,24.25,23.31,23.59,40694830.0,958692154.0,4501983851.0,0.009039310523284239
2024-12-17,23.59,23.81,23.46,23.5,25548067.0,603508036.0,4501983851.0,0.005674846433384063
2024-12-18,23.52,23.73,23.37,23.47,20331092.0,478639179.0,4501983851.0,0.0045160295267349685
2024-12-19,23.21,23.3,22.9,23.13,34293697.0,792292851.0,4501983851.0,0.0076174633528244525
2024-12-20,23.2,23.29,22.43,22.66,49821285.0,1129761387.0,4501983851.0,0.011066517928298094
2024-12-23,22.6,23.59,22.44,22.91,59534971.0,1377287523.0,4501983851.0,0.013224163606623297
2024-12-24,23.65,24.26,23.47,23.86,73926404.0,1763500420.0,4501983851.0,0.016420850550936374
2024-12-25,24.3,24.42,23.43,23.74,55030605.0,1313998030.0,4501983851.0,0.01222363447345027
2024-12-26,23.71,23.71,22.35,22.39,84287852.0,1912419854.0,4501983851.0,0.018722379908421398
2024-12-27,22.25,22.53,21.92,22.05,53733922.0,1193514889.0,4501983851.0,0.011935609673069883
2024-12-30,22.06,22.8,21.7,22.6,67346118.0,1499981291.0,4501983851.0,0.014959209146216904
2024-12-31,22.5,23.09,22.09,22.11,49817357.0,1123210576.0,4501984831.0,0.011065643015268524
2025-01-02,22.16,22.7,21.82,22.09,47984144.0,1064505062.0,4501984831.0,0.01065844195422168
2025-01-03,22.3,22.6,21.21,21.29,45690644.0,996303050.0,4501984831.0,0.010148999988933993
2025-01-06,21.3,21.85,20.95,21.14,61262298.0,1304668612.0,4501984831.0,0.013607841940771746
2025-01-07,21.08,21.4,20.91,21.12,30549663.0,646173182.0,4501984831.0,0.006785820953824533
2025-01-08,21.05,21.38,20.71,21.15,37006071.0,778916004.0,4501984831.0,0.008219945732642562
2025-01-09,21.15,21.59,20.76,20.9,36123358.0,761999699.0,4501984831.0,0.008023873770355669
2025-01-10,20.9,21.02,20.05,20.05,35299600.0,721408350.0,4501984831.0,0.00784089714317387
2025-01-13,19.98,20.42,19.82,20.18,30810627.0,622202176.0,4501984831.0,0.00684378738636403
2025-01-14,20.3,20.82,20.05,20.71,34184829.0,701574668.0,4501984831.0,0.007593279471891672
2025-01-15,20.66,22.37,20.26,21.54,103234046.0,2207789552.0,4501984831.0,0.0229307849482623
2025-01-16,21.54,22.06,21.35,21.72,58248815.0,1259812107.0,4501984831.0,0.012938474292251563
2025-01-17,21.66,22.1,21.2,21.72,37974279.0,820138032.0,4501984974.0,0.008435007939677766
2025-01-20,21.45,21.87,21.07,21.17,48894756.0,1044301804.0,4501984974.0,0.010860710615956845
2025-01-21,21.25,21.31,20.05,20.19,62853548.0,1281737085.0,4501984974.0,0.013961296708672667
2025-01-22,20.08,20.18,19.5,19.98,45540044.0,902868864.0,4501984974.0,0.010115547755713144
2025-01-23,20.05,20.53,19.8,19.8,46936873.0,944024703.0,4501984974.0,0.010425817338589811
2025-01-24,19.79,20.88,19.71,20.71,66939229.0,1364722882.0,4501984974.0,0.014868825503992008
2025-01-27,20.68,20.98,20.45,20.46,34447721.0,710983321.0,4501984974.0,0.007651673916937422
2025-02-05,20.8,21.14,20.32,20.58,40507782.0,839016677.0,4501984974.0,0.00899776037324464
2025-02-06,20.5,21.08,20.12,21.08,43688679.0,905026721.0,4501984974.0,0.00970431470835913
2025-02-07,21.1,23.07,21.09,22.74,109697814.0,2457021106.0,4501985117.0,0.024366543013607214
2025-02-10,22.55,22.55,21.68,22.12,75523824.0,1663053442.0,4501985117.0,0.016775671628680777
2025-02-11,22.04,22.24,21.18,21.39,56120465.0,1203770482.0,4501985117.0,0.012465715354784902
2025-02-12,21.39,21.77,21.25,21.77,41230226.0,887419524.0,4501985117.0,0.009158232408256983
2025-02-13,21.68,21.88,21.4,21.43,34502743.0,744436866.0,4501985117.0,0.007663895393548455
2025-02-14,21.43,21.8,21.28,21.47,35671367.0,767869046.0,4501985117.0,0.007923475105526432
2025-02-17,21.32,21.88,21.03,21.78,51990246.0,1123412700.0,4501985117.0,0.011548293619114601
2025-02-18,21.7,21.75,20.8,20.9,52676015.0,1121006980.0,4501985117.0,0.011700619533611843
2025-02-19,20.88,21.53,20.7,21.19,53264240.0,1121489485.0,4501985117.0,0.011831278561732304
2025-02-20,21.03,21.1,20.46,20.49,50611633.0,1042182419.0,4501985117.0,0.01124207026115764
2025-02-21,20.49,20.7,20.38,20.58,50496309.0,1038006551.0,4501985117.0,0.011216454005882934
2025-02-24,20.58,21.22,20.4,20.8,50739172.0,1058167181.0,4501985117.0,0.011270399763962614
2025-02-25,20.58,21.75,20.53,21.42,92215180.0,1967380520.0,4501985117.0,0.02048322631094118
2025-02-26,21.58,22.13,21.25,22.07,84740956.0,1842088075.0,4501985117.0,0.018823020022880277
2025-02-27,21.97,21.98,21.27,21.56,50787721.0,1093396033.0,4501985117.0,0.011281183673446604
2025-02-28,21.5,21.75,21.07,21.09,46377080.0,994316852.0,4501985117.0,0.010301473415555052
2025-03-03,21.09,21.85,21.09,21.31,56747827.0,1223651160.0,4501985117.0,0.012605067659089732
2025-03-04,21.22,21.36,20.8,21.28,38225921.0,805831125.0,4501985117.0,0.00849090345848871
2025-03-05,21.19,21.26,20.33,20.64,55498614.0,1144909219.0,4501985117.0,0.01232758717713904
2025-03-06,20.88,21.68,20.68,21.33,62619178.0,1327232653.0,4501985663.0,0.01390923532134758
2025-03-07,21.18,21.92,20.85,21.42,55355223.0,1181272190.0,4501985663.0,0.012295735069736493
2025-03-10,21.5,21.97,21.48,21.77,50775987.0,1103098011.0,4501985663.0,0.011278575899809568
2025-03-11,21.42,22.07,21.21,22.07,46835246.0,1018531543.0,4501985663.0,0.010403241926094957
2025-03-12,22.04,22.09,21.45,21.45,48139680.0,1040650971.0,4501985663.0,0.010692988295285026
2025-03-13,21.45,21.52,20.88,21.02,32752747.0,693122890.0,4501985663.0,0.0072751779884999606
2025-03-14,21.09,21.98,21.04,21.63,72565955.0,1574338135.0,4501985663.0,0.016118655285020173
2025-03-17,21.85,22.18,21.6,21.66,38803290.0,847847362.0,4501985663.0,0.008619150060585166
2025-03-18,21.63,21.78,21.4,21.49,38491028.0,827781075.0,4501985663.0,0.00854978911113427
2025-03-19,21.46,21.5,21.07,21.12,42832590.0,908260837.0,4501985663.0,0.009514155132039567
2025-03-20,21.15,21.23,20.91,21.0,31276700.0,659140629.0,4501985663.0,0.0069473122175955715
2025-03-21,20.95,21.25,20.75,20.79,37555848.0,785919473.0,4501985663.0,0.008342062994259696
2025-03-24,20.81,20.88,20.2,20.51,34098850.0,698561430.0,4501985663.0,0.007574180051314837
2025-03-25,20.5,20.77,20.36,20.5,30587113.0,628448268.0,4501985663.0,0.006794138251346093
2025-03-26,20.5,21.03,20.42,20.81,44918350.0,933406182.0,4501985663.0,0.009977452920200471
2025-03-27,20.59,20.68,20.27,20.32,37535392.0,765105720.0,4501985663.0,0.008337519221460036
2025-03-28,20.28,20.52,19.97,19.98,32447124.0,654130298.0,4501985663.0,0.00720729172166624
2025-03-31,19.91,19.92,19.08,19.13,51117821.0,989269890.0,4501985691.0,0.011354505435721519
2025-04-01,19.13,19.32,18.94,19.18,29165985.0,558688450.0,4501985691.0,0.006478471279530328
2025-04-02,19.08,19.2,18.87,18.89,25413274.0,482901177.0,4501985691.0,0.005644903325837781
2025-04-03,18.56,19.09,18.52,18.62,29590998.0,556132783.0,4501985691.0,0.006572876954974756
2025-04-07,17.63,17.72,16.76,16.76,60650744.0,1028927229.0,4501985691.0,0.013471998394230347
2025-04-08,16.86,17.16,16.69,17.01,57109339.0,962818709.0,4501985691.0,0.01268536661814992
2025-04-09,16.79,17.2,16.48,17.2,55845970.0,938312504.0,4501985691.0,0.012404741781308341
2025-04-10,17.8,17.85,17.29,17.47,46571649.0,814429964.0,4501985719.0,0.010344690522551167
2025-04-11,17.47,17.48,17.25,17.31,33503185.0,581826700.0,4501985719.0,0.0074418683423637935
2025-04-14,17.46,17.87,17.36,17.4,47663175.0,838814496.0,4501985719.0,0.01058714486784004
2025-04-15,17.48,17.48,17.14,17.25,26062183.0,450207735.0,4501985719.0,0.005789041686651339
2025-04-16,17.23,17.45,16.85,17.45,31076737.0,529773306.0,4501985719.0,0.006902895508718516
2025-04-17,17.25,17.36,17.16,17.27,22137949.0,381720587.0,4501985719.0,0.00491737432808147
2025-04-18,17.13,17.17,16.85,16.93,25442542.0,431767060.0,4501985719.0,0.005651404421969469
2025-04-21,16.88,17.05,16.76,17.01,20803187.0,351590004.0,4501985719.0,0.004620891379597911
2025-04-22,16.98,17.18,16.82,16.91,22216400.0,376562847.0,4501985719.0,0.004934800194109634
2025-04-23,17.03,17.26,16.95,17.01,23299436.0,397985793.0,4501985719.0,0.005175368704895707
2025-04-24,17.05,17.11,16.79,16.8,22209228.0,375298649.0,4501985719.0,0.004933207119309389
2025-04-25,16.81,16.86,16.63,16.66,31057166.0,519307354.0,4501985719.0,0.0068985483158970455
2025-04-28,16.54,16.83,16.48,16.6,26651288.0,443966354.0,4501985719.0,0.005919896166600879
2025-04-29,16.54,16.74,16.29,16.31,28708835.0,472772805.0,4501985719.0,0.00637692715879537
2025-04-30,16.08,16.45,16.05,16.31,34545821.0,563209062.0,4501985719.0,0.0076734630352566875
2025-05-06,16.38,16.63,16.38,16.63,32730339.0,541139092.0,4501985719.0,0.007270200538812504
2025-05-07,16.85,16.9,16.52,16.7,29053280.0,484055340.0,4501985719.0,0.006453436730681908
2025-05-08,16.6,16.94,16.58,16.9,29437053.0,495453222.0,4501985719.0,0.0065386820033135696
2025-05-09,16.93,16.93,16.47,16.5,26948752.0,447714991.0,4501985719.0,0.005985970121199311
2025-05-12,16.65,17.1,16.65,17.06,46871772.0,791824597.0,4501985719.0,0.01041135510541143
2025-05-13,17.6,18.77,17.6,18.35,161401211.0,2975933759.0,4501985719.0,0.03585111572407456
2025-05-14,18.0,18.25,17.62,17.79,97408093.0,1738848652.0,4501985719.0,0.021636695245145447
2025-05-15,17.75,17.75,17.17,17.2,52042975.0,903320344.0,4501985805.0,0.011560004241283919
2025-05-16,17.1,17.44,17.1,17.22,34305124.0,591615305.0,4501985805.0,0.007619998259856797
2025-05-19,17.1,17.12,16.87,16.98,31652035.0,536586321.0,4501985805.0,0.007030682985460901
2025-05-20,17.0,17.18,16.78,17.15,30745405.0,522910206.0,4501985805.0,0.0068292985210778555
2025-05-21,17.04,17.25,17.01,17.18,26663220.0,457522589.0,4501985805.0,0.005922546439481721
2025-05-22,17.07,17.17,16.92,16.99,18590761.0,316536066.0,4501985805.0,0.004129457933730646
2025-05-23,16.9,17.22,16.84,16.84,25376013.0,432347172.0,4501985805.0,0.005636626613041931
2025-05-26,16.95,17.39,16.8,17.13,31628489.0,542553408.0,4501985805.0,0.007025452849023365
2025-05-27,17.07,17.13,16.89,16.95,18396961.0,312315851.0,4501985805.0,0.004086410263570345
2025-05-28,16.98,17.04,16.84,16.88,16192838.0,273719522.0,4501985805.0,0.0035968212032156774
2025-05-29,16.92,17.05,16.84,17.0,20130350.0,341804884.0,4501985805.0,0.0044714379102756855
2025-05-30,16.89,16.93,16.2,16.29,56598580.0,930387813.0,4501985805.0,0.012571914362133356
2025-06-03,16.1,16.26,16.06,16.19,26056415.0,421492955.0,4501985805.0,0.005787760363673559
2025-06-04,16.25,16.35,16.21,16.31,22341847.0,363400540.0,4501985805.0,0.004962664914488774
2025-06-05,16.3,16.34,16.17,16.23,23795676.0,385652547.0,4501985805.0,0.005285595519553176
2025-06-06,16.28,16.29,16.05,16.09,35448923.0,571315733.0,4501985805.0,0.007874063698874768
2025-06-09,16.04,16.33,15.95,16.27,35572214.0,576380310.0,4501985805.0,0.007901449613744395
2025-06-10,16.22,16.34,15.91,15.96,38850825.0,624739168.0,4501985805.0,0.008629708462619198
2025-06-11,15.95,16.45,15.93,16.14,43925145.0,712886530.0,4501985805.0,0.00975683773840775
2025-06-12,16.11,16.11,15.88,16.0,39714642.0,633963323.0,4501985805.0,0.008821583123583394
2025-06-13,15.91,15.93,15.64,15.93,56320844.0,888542464.0,4501985805.0,0.012510222475035103
2025-06-16,15.78,15.88,15.56,15.66,49746875.0,778595584.0,4501985805.0,0.01104998486329079
2025-06-17,15.64,15.71,15.48,15.59,28162375.0,439411524.0,4501985805.0,0.00625554504608217
2025-06-18,15.54,15.62,15.37,15.39,31221217.0,483129548.0,4501985805.0,0.006934987881420031
2025-06-19,15.38,15.45,14.97,14.98,41989768.0,636399670.0,4501985805.0,0.009326943668584046
2025-06-20,15.22,15.65,15.15,15.23,60413426.0,931911706.0,4501985805.0,0.013419283981949384
2025-06-23,15.04,15.15,14.89,15.06,41606202.0,625003826.0,4501985805.0,0.009241744377290412
2025-06-24,15.09,15.5,15.03,15.48,52552681.0,805377050.0,4501985805.0,0.011673222279295925
2025-06-25,15.47,15.67,15.29,15.67,52856800.0,819437446.0,4501985805.0,0.011740774469190047
2025-06-26,15.76,16.36,15.65,15.67,90370682.0,1443508915.0,4501985805.0,0.02007351553610685
2025-06-27,15.76,16.04,15.53,15.65,59361586.0,932202088.0,4501985805.0,0.013185644862334256
2025-06-30,16.2,17.0,16.0,16.75,162979039.0,2685242251.0,4501986092.0,0.03620158651525217
2025-07-01,16.47,16.58,16.11,16.18,71033309.0,1154842964.0,4501986092.0,0.015778216002538464
2025-07-02,16.5,17.8,16.5,17.8,196579461.0,3390677250.0,4501986092.0,0.04366505293059888
2025-07-03,18.0,18.47,17.43,18.32,213515007.0,3841653722.0,4501986092.0,0.04742684731510272
2025-07-04,18.49,18.78,17.86,18.36,134906844.0,2453301374.0,4501986092.0,0.029966073027130977
2025-07-07,18.05,18.56,17.9,18.2,69362257.0,1264944427.0,4501986092.0,0.015407034935815613
2025-07-08,18.35,20.02,18.18,20.02,145148665.0,2802186092.0,4501986092.0,0.03224102918885694
2025-07-09,20.0,20.87,19.84,20.27,185737197.0,3791536330.0,4501986092.0,0.0412567238557342
2025-07-10,20.26,21.64,20.03,20.81,199511741.0,4162005084.0,4501986092.0,0.04431638324128346
2025-07-11,20.69,20.9,20.26,20.39,125595980.0,2574081967.0,4501986092.0,0.027897904932043936
2025-07-14,20.39,21.03,20.32,20.63,120638995.0,2489058967.0,4501986092.0,0.026796838669576238
2025-07-15,20.39,20.91,20.03,20.16,117980586.0,2395339782.0,4501986092.0,0.026206341732074815
2025-07-16,19.95,20.84,19.51,20.63,135805205.0,2737191069.0,4501986092.0,0.03016562073377458
2025-07-17,20.85,21.11,20.15,20.79,131708134.0,2705640446.0,4501986092.0,0.029255562169337772
2025-07-18,21.0,21.49,20.31,20.36,96259574.0,1988256192.0,4501986092.0,0.02138157960351158
2025-07-21,20.34,20.8,20.17,20.53,74915643.0,1539261713.0,4501986092.0,0.01664057628545868
2025-07-22,20.5,22.0,20.38,21.67,163908704.0,3483401309.0,4501986092.0,0.03640808759744165
2025-07-23,22.1,22.87,21.01,21.18,185971337.0,4066179645.0,4501986092.0,0.041308732012848695
2025-07-24,20.75,22.15,20.65,21.87,137975580.0,2941589183.0,4501986092.0,0.030647713515859525
2025-07-25,21.67,21.8,21.05,21.13,90614046.0,1936396012.0,4501986092.0,0.02012757128704164
2025-07-28,20.7,21.04,20.41,20.6,77917229.0,1611971916.0,4501986092.0,0.01730730113503869
2025-07-29,20.81,21.35,20.6,21.31,87934086.0,1847465774.0,4501986092.0,0.01953228735118891
2025-07-30,21.26,22.6,21.18,21.85,139415852.0,3051582017.0,4501986092.0,0.030967632762735776
2025-07-31,21.35,21.38,20.01,20.43,152609797.0,3151732016.0,4501986092.0,0.03389832706751063
2025-08-01,20.12,21.35,20.0,20.58,105181603.0,2182502838.0,4501986092.0,0.023363378040395778
2025-08-04,20.15,20.26,19.65,20.07,79770689.0,1584394859.0,4501986092.0,0.01771899943044071
2025-08-05,20.11,20.58,19.96,20.55,60041303.0,1215415638.0,4501986092.0,0.01333662560768302
2025-08-06,20.58,20.65,20.28,20.42,49031257.0,1001775884.0,4501986092.0,0.01089102809249638
2025-08-07,20.38,20.5,19.96,20.14,58049947.0,1170690834.0,4501986092.0,0.012894297275407932
2025-08-08,20.0,20.54,19.94,20.15,61672440.0,1250865398.0,4501986092.0,0.013698940587486826
2025-08-11,20.29,21.04,20.23,20.88,82702424.0,1707231929.0,4501986092.0,0.01837020868344344
2025-08-12,20.75,20.75,20.14,20.36,70251910.0,1428309771.0,4501986092.0,0.015604648385039924
2025-08-13,20.29,20.42,20.1,20.18,60454416.0,1220752433.0,4501986092.0,0.013428387996894772
2025-08-14,20.09,20.13,19.51,19.56,83068215.0,1644287720.0,4501986092.0,0.01845145971188398
2025-08-15,19.48,21.17,19.42,20.81,152272725.0,3124532534.0,4501986092.0,0.0338234552235929
2025-08-18,20.99,21.08,20.66,20.79,112507533.0,2348784408.0,4501986092.0,0.02499064428473583
2025-08-19,20.79,21.06,20.56,20.61,72755277.0,1512681749.0,4501986092.0,0.01616070674436015
2025-08-20,21.15,21.3,20.18,20.77,109344330.0,2261013690.0,4501986092.0,0.024288020390445933
2025-08-21,20.61,21.11,20.54,20.66,96854771.0,2015043349.0,4501986092.0,0.021513787253165953
2025-08-22,20.5,21.13,20.44,21.03,100560534.0,2103489636.0,4501986092.0,0.022336926846285778
2025-08-25,21.3,22.0,21.27,21.57,141000590.0,3053199939.0,4501986092.0,0.03131964140239285
2025-08-26,21.55,22.06,21.25,21.32,87098064.0,1879767778.0,4501986092.0,0.019346586644230796
2025-08-27,21.34,21.9,20.84,20.9,93069820.0,1992749410.0,4501986092.0,0.02067305808993601
2025-08-28,20.71,22.0,20.7,21.53,119309501.0,2556096854.0,4501986092.0,0.026501525895873426
2025-08-29,21.56,22.25,21.32,22.03,132668049.0,2900030612.0,4501986092.0,0.02946878250818017
2025-09-01,21.81,22.79,21.22,22.58,152739419.0,3327435504.0,4501986092.0,0.033927119248861506
2025-09-02,22.62,23.2,21.69,21.9,152864147.0,3420343738.0,4501986092.0,0.03395482435444183
2025-09-03,21.9,22.39,21.53,21.98,112293188.0,2463757945.0,4501986092.0,0.024943033075900494
2025-09-04,21.99,23.5,21.99,22.97,216959229.0,4992093442.0,4501986092.0,0.048191892326263544
2025-09-05,22.9,24.5,22.77,24.39,213351980.0,5108988387.0,4501986092.0,0.047390635075289345
2025-09-08,24.4,24.41,23.5,24.08,162742564.0,3872756272.0,4501986092.0,0.036149059698161325
2025-09-09,23.84,24.14,23.37,23.68,104400522.0,2470208404.0,4501986092.0,0.023189881058388664
2025-09-10,23.06,23.06,22.08,22.26,134808658.0,3029102778.0,4501986092.0,0.029944263541718644
2025-09-11,22.11,22.49,22.02,22.44,77331823.0,1723111697.0,4501986092.0,0.017177268303297993
2025-09-12,22.49,22.64,22.06,22.23,77103703.0,1717882293.0,4501986092.0,0.017126597333788476
2025-09-15,22.05,22.59,22.05,22.16,71212381.0,1591216729.0,4501986092.0,0.015817992224930223
2025-09-16,22.59,23.0,22.18,22.39,70764837.0,1592914989.0,4501986092.0,0.01571858187784024
2025-09-17,22.58,23.29,22.58,22.99,115380524.0,2649574517.0,4501986092.0,0.025628805074504882
2025-09-18,22.99,23.07,21.85,22.1,105601065.0,2361332867.0,4501986092.0,0.023456550696069986
2025-09-19,22.19,22.29,21.8,21.83,54696345.0,1201519394.0,4501986092.0,0.012149381158061561
2025-09-22,21.8,21.83,21.03,21.28,62231319.0,1323272419.0,4501986092.0,0.013823081130922338
2025-09-23,21.07,21.36,20.31,20.77,70445301.0,1460641704.0,4501986092.0,0.015647605203663522
2025-09-24,20.61,21.79,20.51,21.74,77342550.0,1645105532.0,4501986092.0,0.01717965102945058
2025-09-25,21.64,22.42,21.5,21.97,84740926.0,1878949864.0,4501986092.0,0.018823009282632853
2025-09-26,21.97,22.17,21.68,21.74,43430517.0,949272877.0,4501986092.0,0.00964696827410812
2025-09-29,21.51,22.25,21.5,21.89,57040505.0,1249755297.0,4501986092.0,0.012670075791962264
2025-09-30,21.85,22.49,21.57,22.29,65274779.0,1448445629.0,4501989837.0,0.014499095147557527
2025-10-09,22.46,22.98,22.02,22.7,75636236.0,1705748477.0,4501989837.0,0.01680062344396625
2025-10-10,22.72,22.9,21.67,21.79,72023559.0,1597762627.0,4501989837.0,0.01599816117043802
2025-10-13,20.7,21.97,20.63,21.9,74152725.0,1590450665.0,4501989837.0,0.016471100043489503
2025-10-14,21.89,23.99,21.83,23.12,199901597.0,4650648126.0,4501989837.0,0.04440294275146761
2025-10-15,23.12,24.9,23.01,24.37,178451951.0,4302862944.0,4501989837.0,0.03963846153835731
2025-10-16,24.0,24.99,23.9,24.84,128977581.0,3169297940.0,4501989837.0,0.028649016472668685
2025-10-17,24.8,25.24,23.5,23.6,117676386.0,2843272523.0,4501989837.0,0.02613874981077617
2025-10-20,23.98,23.98,22.85,23.03,71314424.0,1652680784.0,4501989837.0,0.015840645266210093
2025-10-21,23.1,23.56,22.67,23.08,67917210.0,1567871825.0,4501989837.0,0.015086042496545956
2025-10-22,22.93,23.07,22.38,22.47,51036604.0,1154450336.0,4501989837.0,0.011336454733982555
2025-10-23,22.31,22.95,21.61,22.87,76118032.0,1706070619.0,4501989837.0,0.01690764189968117
2025-10-24,22.8,23.04,22.0,22.21,111289575.0,2489314583.0,4501989837.0,0.024720085790811173
2025-10-27,22.6,23.42,22.51,22.93,112597657.0,2582537349.0,4501989837.0,0.025010642199723827
2025-10-28,23.11,23.37,22.52,22.61,66617537.0,1523974942.0,4501989837.0,0.014797353928366942
2025-10-29,22.4,24.87,22.4,24.87,183210400.0,4402599975.0,4501989837.0,0.040695427274017634
2025-10-30,24.96,25.68,24.61,24.78,167128226.0,4203238551.0,4501989837.0,0.03712319042269753
2025-10-31,24.58,26.02,24.57,24.78,105448271.0,2656477342.0,4501989837.0,0.02342259196885877
2025-11-03,25.0,25.46,24.51,25.21,118603906.0,2963795291.0,4501989837.0,0.026344774265202323
2025-11-04,25.19,25.27,24.06,24.3,87189102.0,2137770750.0,4501989837.0,0.019366792275590825
2025-11-05,23.82,25.1,23.6,24.4,109622631.0,2658303840.0,4501989837.0,0.024349817518257537
2025-11-06,24.4,25.5,24.08,24.96,127007874.0,3144419696.0,4501989837.0,0.028211497270867785
2025-11-07,24.8,27.46,24.75,26.65,306178029.0,8189760849.0,4501989837.0,0.06800948915602806
2025-11-10,27.2,27.67,26.41,27.16,230594152.0,6265343933.0,4501989837.0,0.051220495902687666
2025-11-11,26.9,27.75,26.55,26.72,142180595.0,3860638237.0,4501989837.0,0.03158172278210765
2025-11-12,26.45,26.6,24.05,25.1,229430468.0,5714663879.0,4501989837.0,0.05096201375542998
2025-11-13,25.09,26.3,25.09,25.62,162522265.0,4173883395.0,4501989837.0,0.03610009593186916
2025-11-14,25.17,27.2,24.84,25.76,146806654.0,3816426846.0,4501989837.0,0.032609281521130185
2025-11-17,25.46,25.59,24.59,25.22,108617823.0,2718315435.0,4501989837.0,0.02412662554395722
2025-11-18,25.08,25.68,24.63,24.88,62532238.0,1561000152.0,4501989837.0,0.013889910964719044
2025-11-19,24.83,25.96,24.2,25.91,114984333.0,2890244661.0,4501989837.0,0.025540780224555623
2025-11-20,25.6,25.66,24.4,24.59,101943597.0,2552470614.0,4501989837.0,0.022644119753929156
2025-11-21,24.0,24.0,22.9,22.97,85843854.0,2015144903.0,4501989837.0,0.019067980406016184
2025-11-24,23.13,23.3,22.22,22.72,63164414.0,1431557128.0,4501989837.0,0.014030332427869495
2025-11-25,22.94,23.19,22.71,22.73,54218947.0,1241998133.0,4501989837.0,0.012043329497191843
2025-11-26,23.4,23.65,22.77,22.86,54052495.0,1249336394.0,4501989837.0,0.012006356512794589
2025-11-27,22.86,23.69,22.74,23.0,65401132.0,1515990816.0,4501989837.0,0.014527161181594644
2025-11-28,22.8,23.27,22.56,22.88,45939802.0,1049010393.0,4501989837.0,0.01020433267584029
2025-12-01,23.18,23.65,22.75,23.32,70064404.0,1625564452.0,4501989837.0,0.015562985821107263
2025-12-02,22.91,22.94,22.29,22.35,67267103.0,1516488634.0,4501989837.0,0.014941638127913881
2025-12-03,22.4,22.45,21.73,22.02,47392858.0,1042268695.0,4501989837.0,0.010527091289833135
2025-12-04,21.88,21.99,21.6,21.72,36648391.0,796543748.0,4501989837.0,0.008140487279380769
2025-12-05,21.72,21.94,21.56,21.84,39193551.0,854518155.0,4501989837.0,0.0087058284045611
2025-12-08,21.6,21.94,21.54,21.89,49017277.0,1067908847.0,4501989837.0,0.01088791373919754
2025-12-09,21.83,22.7,21.41,22.68,120124975.0,2649985233.0,4501989837.0,0.026682640198949874
2025-12-10,22.18,22.21,21.56,22.0,99070261.0,2165289479.0,4501989837.0,0.022005882862236235
2025-12-11,21.87,22.04,21.23,21.26,63744352.0,1379965455.0,4501989837.0,0.014159150577398338
2025-12-12,21.24,21.75,21.05,21.62,54352738.0,1164296603.0,4501989837.0,0.012073047689556568
2025-12-15,21.4,22.04,21.36,21.74,57180697.0,1243793555.0,4501989837.0,0.012701205260406278
2025-12-16,21.73,21.88,20.8,20.8,62844754.0,1328835824.0,4501989837.0,0.013959328269358775
2025-12-17,20.8,21.25,20.8,21.18,65552496.0,1381040044.0,4501989837.0,0.01456078275904824
2025-12-18,20.94,21.2,20.75,20.76,44104407.0,923220847.0,4501989837.0,0.009796647393009209
2025-12-19,20.72,21.21,20.68,20.8,58217546.0,1219971577.0,4501989837.0,0.012931514309857825
2025-12-22,20.81,21.08,20.75,20.84,50457556.0,1053559213.0,4501989837.0,0.011207834274815578
2025-12-23,20.81,21.13,20.42,20.86,63904378.0,1329040883.0,4501989837.0,0.01419469619295811
2025-12-24,20.7,21.09,20.49,21.04,51248103.0,1069848129.0,4501989837.0,0.011383433738302329
2025-12-25,20.92,21.42,20.78,21.38,59406312.0,1257249904.0,4501989837.0,0.01319556777133613
2025-12-26,21.98,22.3,21.71,21.8,103553893.0,2273115883.0,4501989837.0,0.02300180514601193
2025-12-29,21.7,22.12,21.47,21.51,62258900.0,1350657404.0,4501989837.0,0.013829196034233517
2025-12-30,21.29,21.44,20.95,21.01,64275795.0,1353871264.0,4501989837.0,0.014277196823445427
2025-12-31,20.92,21.04,20.5,20.52,54150453.0,1119216240.0,4501990089.0,0.01202811466251542
2026-01-05,20.72,21.12,20.59,21.11,64867222.0,1358080816.0,4501990089.0,0.014408566149111308
2026-01-06,21.11,21.63,21.0,21.59,71351669.0,1529812440.0,4501990089.0,0.01584891738752115
2026-01-07,21.56,22.0,21.38,21.65,65022064.0,1404587205.0,4501990089.0,0.014442960271918982
2026-01-08,21.4,21.9,21.26,21.66,76938950.0,1665540339.0,4501990089.0,0.017089986534619402
2026-01-09,21.0,21.26,20.7,20.83,157342481.0,3290765405.0,4501990089.0,0.03494953962347561
2026-01-12,20.53,21.59,20.52,21.27,121943348.0,2583880466.0,4501990089.0,0.027086542970841267
2026-01-13,21.22,21.26,20.38,20.45,120993682.0,2499282150.0,4501990089.0,0.026875599370072268
2026-01-14,20.65,21.05,20.33,20.57,110864727.0,2299402012.0,4501990089.0,0.024625715474337197
2026-01-15,20.45,20.65,19.88,20.02,97305891.0,1962152979.0,4501990089.0,0.021613972726806686
2026-01-16,20.15,20.32,19.9,20.02,70378983.0,1409732847.0,4501990089.0,0.015632860492510073
2026-01-19,19.0,19.49,18.88,19.27,99396586.0,1910048972.0,4501990089.0,0.0220783662413789
2026-01-20,19.26,19.44,18.5,18.59,91503966.0,1722217722.0,4501990089.0,0.020325225998070826
2026-01-21,18.51,18.69,18.3,18.49,52780389.0,977829765.0,4501990089.0,0.011723790580739326
2026-01-22,18.47,19.16,18.46,18.82,76904810.0,1448974200.0,4501990089.0,0.017082403221612245
2026-01-23,19.0,20.5,18.95,20.28,187635144.0,3758030271.0,4501990089.0,0.041678266786606424
2026-01-26,20.36,20.5,19.55,19.6,101083414.0,2006558621.0,4501990089.0,0.022453051206617173
2026-01-27,19.48,19.78,18.75,19.5,92994656.0,1790032050.0,4501990089.0,0.020656344008224227
2026-01-28,19.4,19.59,18.88,19.02,88527480.0,1693629821.0,4501990089.0,0.01966407705256945
2026-01-29,19.0,19.44,18.81,19.06,73383555.0,1401468622.0,4501990089.0,0.016300248012385173
2026-01-30,18.8,19.0,18.01,18.2,93786610.0,1722820701.0,4501990089.0,0.02083225599033521
2026-02-02,18.5,18.58,17.79,17.84,56452282.0,1027163457.0,4501990089.0,0.012539406103521522
2026-02-03,18.2,18.69,18.02,18.66,81040885.0,1493056997.0,4501990089.0,0.01800112470216502
2026-02-04,18.68,19.58,18.6,19.56,128378622.0,2462656694.0,4501990089.0,0.028515971706307326
2026-02-05,19.34,19.34,18.3,18.37,104996215.0,1961700343.0,4501990089.0,0.023322178175501532
2026-02-06,18.19,18.81,18.02,18.57,60267308.0,1114630255.0,4501990089.0,0.013386814899316408
2026-02-09,18.8,19.49,18.79,19.08,97431034.0,1874722935.0,4501990089.0,0.021641769989245305
2026-02-10,18.92,19.18,18.79,18.85,49363887.0,934069447.0,4501990089.0,0.010964903525801609
2026-02-11,18.75,18.96,18.64,18.67,33688038.0,631471645.0,4501990089.0,0.007482921404538881
2026-02-12,18.67,18.73,18.41,18.42,37580046.0,695474963.0,4501990089.0,0.008347429749306141
2026-02-13,18.33,18.36,18.0,18.01,54526794.0,989423355.0,4501990089.0,0.012111709026909855
2026-02-24,18.23,18.36,18.07,18.16,39867050.0,726796663.0,4501990089.0,0.008855428202165462
2026-03-11,18.73,19.15,18.43,18.62,162512375.0,3059711251.0,4501990089.0,0.03609789710489965
2026-03-12,18.63,19.87,18.0,19.55,187955752.0,3549935392.0,4501990089.0,0.04174948151468487
2026-03-13,19.5,19.74,19.1,19.32,111005932.0,2153374971.0,4501990089.0,0.024657080492297815
2026-03-16,19.33,19.43,18.7,18.79,78191053.0,1481434815.0,4501990089.0,0.017368108648450648
2026-03-17,18.8,19.27,18.36,18.44,76600284.0,1443158926.0,4501990089.0,0.017014760691535586
2026-03-18,18.35,18.58,18.12,18.35,50134411.0,915039132.0,4501990089.0,0.011136055390814078
2026-03-19,18.01,18.36,18.0,18.1,51643765.0,937855944.0,4501990089.0,0.01147131912311058
2026-03-20,18.11,18.99,18.03,18.46,87184513.0,1610181149.0,4501990089.0,0.019365771864541304
2026-03-23,18.3,18.64,17.93,17.94,79911148.0,1462546565.0,4501990089.0,0.017750183012453097
2026-03-24,18.07,18.26,17.02,17.42,90310935.0,1571234722.0,4501990089.0,0.02006022519255706
2026-03-25,17.3,17.59,17.21,17.45,51355433.0,894074767.0,4501990089.0,0.011407273668922554
2026-03-26,17.4,17.4,16.71,16.76,65064117.0,1106417382.0,4501990089.0,0.014452301252056354
2026-03-27,16.49,17.15,16.46,16.98,46224599.0,777396504.0,4501990089.0,0.010267592350534826
2026-03-30,16.75,17.05,16.46,16.75,39026223.0,650117378.0,4501990089.0,0.00866866035430759
2026-03-31,16.72,16.85,16.48,16.52,33302675.0,554495240.0,4501990405.0,0.007397322518282888
2026-04-01,16.7,16.86,16.48,16.69,36289447.0,604515628.0,4501990405.0,0.008060756184574764
2026-04-02,16.8,16.8,16.07,16.21,51730269.0,847739692.0,4501990405.0,0.011490532930178468
2026-04-03,16.11,16.19,15.6,15.61,47569548.0,750811152.0,4501990405.0,0.010566337046646815
2026-04-07,15.59,15.74,15.49,15.64,26562967.0,415533307.0,4501990405.0,0.005900271793226978
2026-04-08,15.89,16.4,15.76,16.4,54829815.0,886408069.0,4501990405.0,0.012179016405522526
2026-04-09,16.2,16.2,15.96,16.02,33332746.0,534652126.0,4501990405.0,0.007404002008307257
2026-04-10,16.15,16.49,16.11,16.29,36534486.0,596652100.0,4501990405.0,0.008115185221057796
2026-04-13,16.26,17.92,16.18,17.57,146997012.0,2539619470.0,4501990405.0,0.03265156048239068
2026-04-14,17.5,17.79,17.4,17.62,100428111.0,1763224718.0,4501990405.0,0.022307491124028727
2026-04-15,17.57,17.68,17.29,17.34,52133933.0,911954109.0,4501990405.0,0.01158019638204893
2026-04-16,17.49,17.98,17.42,17.59,66446662.0,1172708303.0,4501990405.0,0.014759396627367978
2026-04-17,17.41,17.65,17.32,17.61,44699258.0,782191667.0,4501990405.0,0.009928776825102984
2026-04-20,17.8,18.71,17.6,18.24,102863376.0,1867685003.0,4501990405.0,0.022848421863751172
2026-04-21,18.26,18.79,18.2,18.24,73226655.0,1347521878.0,4501990405.0,0.016265395616719445
2026-04-22,18.2,18.57,17.88,18.47,68038972.0,1246917844.0,4501990405.0,0.015113086852525178
2026-04-23,18.61,18.83,18.09,18.33,78106156.0,1438744865.0,4501990405.0,0.01734924977033575
2026-04-24,18.1,18.24,17.79,17.85,61548697.0,1105570751.0,4501990405.0,0.013671441176694377
2026-04-27,17.64,17.9,17.52,17.62,47139329.0,833623346.0,4501990405.0,0.010470775092644827
2026-04-28,17.55,17.72,17.13,17.23,48414829.0,840063701.0,4501990405.0,0.010754094221575757
2026-04-29,17.01,17.46,16.81,17.33,53082884.0,913763746.0,4501990405.0,0.011790981149370086
2026-04-30,17.1,17.72,17.1,17.37,59071215.0,1029495072.0,4501990405.0,0.013121133029158466
2026-05-06,17.37,17.52,17.19,17.36,56652581.0,982816837.0,4501990405.0,0.01258389643324884
2026-05-07,17.59,17.88,17.39,17.49,83390089.0,1467555652.0,4501990405.0,0.018522937967034605
2026-05-08,17.46,17.46,17.06,17.22,61125579.0,1051610430.0,4501990405.0,0.013577456525032287
2026-05-11,17.12,17.45,17.11,17.22,63156535.0,1091860170.0,4501990405.0,0.014028580542920993
2026-05-12,17.22,17.4,16.7,16.99,72911719.0,1240976267.0,4501990405.0,0.01619544078082059
2026-05-13,16.86,17.28,16.82,17.21,54257466.0,929826762.0,4501990742.0,0.012051883068932352
2026-05-14,17.3,17.84,16.91,16.94,87390244.0,1518136739.0,4501990742.0,0.019411466839484675
2026-05-15,16.83,16.9,16.1,16.25,86166547.0,1404649487.0,4501990742.0,0.01913965441912941
2026-05-18,16.1,16.22,15.91,16.07,43988501.0,705786302.0,4501990742.0,0.009770899924253998
2026-05-19,16.08,16.18,15.81,16.11,45061741.0,719599460.0,4501990742.0,0.01000929224034375
2026-05-20,16.02,16.47,15.83,16.15,54038696.0,872474846.0,4501990742.0,0.012003289010761808
2026-05-21,16.25,16.44,15.57,15.59,52994273.0,847092023.0,4501990742.0,0.011771297640753789
2026-05-22,15.65,16.1,15.42,16.1,50473565.0,791191241.0,4501990742.0,0.011211388004227042
2026-05-25,15.86,15.86,15.44,15.6,54988560.0,855960384.0,4501990742.0,0.012214276561477656
2026-05-26,15.48,15.58,15.14,15.3,46336617.0,709172387.0,4501990742.0,0.010292472742717159
2026-05-27,15.27,15.87,15.16,15.33,62344464.0,963571055.0,4501990742.0,0.013848199068553304
2026-05-28,15.29,15.3,14.85,15.13,47786829.0,718686796.0,4501990742.0,0.010614599571293388
2026-05-29,15.14,15.23,14.76,14.77,51798810.0,771812793.0,4501990742.0,0.011505756668213069
2026-06-01,14.6,14.88,14.5,14.53,40342011.0,592116462.0,4501990742.0,0.008960927134665352
2026-06-02,14.58,14.6,13.96,14.11,50409125.0,712936952.0,4501990742.0,0.011197074336409197
2026-06-03,14.09,14.24,13.94,13.98,38328816.0,540739797.0,4501990742.0,0.008513748294154088
2026-06-04,13.9,14.16,13.77,13.89,45222865.0,631260143.0,4501990742.0,0.01004508174086334
2026-06-05,13.82,13.92,13.5,13.6,45916677.0,629211798.0,4501990742.0,0.010199194008027128
2026-06-08,13.31,13.48,12.81,12.89,53767425.0,705685855.0,4501990742.0,0.011943033222701372
2026-06-09,13.05,13.19,12.69,13.17,46453834.0,604542315.0,4501990742.0,0.010318509446637151
2026-06-10,13.0,14.16,12.69,13.97,77968850.0,1036863660.0,4501990742.0,0.017318749519543104
2026-06-11,13.6,14.33,13.5,14.2,101906357.0,1410282477.0,4501990742.0,0.022635843305783502
2026-06-12,14.2,14.32,13.7,13.7,91921668.0,1290749125.0,4501990742.0,0.020418004671232174
2026-06-15,13.58,13.69,13.42,13.57,53743811.0,728632976.0,4501990742.0,0.011937787987570232
2026-06-16,13.36,13.74,13.31,13.51,51814293.0,700424851.0,4501990742.0,0.011509195813446211
2026-06-17,13.45,13.53,13.12,13.18,48849406.0,645916254.0,4501990742.0,0.010850623379624889
2026-06-18,13.17,13.18,12.82,12.85,50334167.0,652124356.0,4501990742.0,0.011180424368806932
2026-06-22,12.8,13.04,12.4,13.0,80523860.0,1019624166.0,4501990742.0,0.017886278452058178
2026-06-23,12.95,13.1,12.35,12.36,61273004.0,777505260.0,4501990742.0,0.013610202133107808
2026-06-24,12.35,12.42,12.03,12.24,53442855.0,652099416.0,4501990742.0,0.011870938449833
2026-06-25,12.19,12.48,12.07,12.25,58444910.0,715001286.0,4501990742.0,0.012982014701797448
2026-06-26,12.24,12.77,11.95,11.96,84241081.0,1035293248.0,4501990742.0,0.018711962291280963
2026-06-29,11.96,12.16,11.65,12.03,65491807.0,784817434.0,4501990742.0,0.014547299351154463
2026-06-30,11.89,12.31,11.89,12.11,55174106.0,670464711.0,4501990940.0,0.012255490234282879
2026-07-01,12.08,12.77,11.84,12.54,85744466.0,1054382179.0,4501990940.0,0.019045899279397482
2026-07-02,12.38,12.59,12.06,12.09,63150559.0,778984237.0,4501990940.0,0.0140272514631049
2026-07-03,12.1,12.17,11.69,11.8,65789821.0,781208245.0,4501990940.0,0.014613494757499445
2026-07-06,11.8,12.02,11.61,11.64,56446413.0,665833248.0,4501990940.0,0.012538100087780274
2026-07-07,11.66,11.74,11.41,11.45,44588907.0,515527341.0,4501990940.0,0.009904264045453632
2026-07-08,11.5,11.61,11.11,11.12,48113044.0,542591991.0,4501990940.0,0.010687059268049082
2026-07-09,11.12,11.2,10.85,11.09,51160383.0,565254320.0,4501990940.0,0.011363946236639916
2026-07-10,11.19,11.68,11.11,11.36,75258713.0,858417153.0,4501990940.0,0.016716762428668947
2026-07-13,11.31,11.33,10.67,10.68,63491105.0,691344159.0,4501990940.0,0.014102894884990594
2026-07-14,10.71,10.78,10.52,10.68,41176681.0,437290350.0,4501990940.0,0.009146326935966691
2026-07-15,10.56,11.0,10.51,10.8,54881946.0,594663739.0,4501990940.0,0.012190594501729496
2026-07-16,10.75,10.92,10.61,10.72,38966425.0,419220381.0,4501990940.0,0.008655376147869369
2026-07-17,10.72,10.85,10.42,10.48,54648206.0,578787420.0,4501990940.0,0.012138675250199415
2026-07-20,10.44,10.67,10.32,10.6,51460268.0,540936086.0,4501990940.0,0.011430557876689108
2026-07-21,10.61,10.74,10.52,10.72,54148245.0,575392276.0,4501990940.0,0.01202762193919475
2026-07-22,10.66,11.14,10.56,11.09,69774621.0,765996092.0,4501990940.0,0.01549861426420374
2026-07-23,11.0,11.64,10.98,11.6,70702543.0,804266663.0,4501990940.0,0.015704727961980306
2026-07-24,11.5,11.62,11.12,11.14,41189984.0,466347063.0,4501990940.0,0.009149281850842642
2026-07-27,11.15,11.24,11.08,11.17,43135162.0,481195393.0,4501990940.0,0.009581352467137573
2026-07-28,11.05,11.31,11.01,11.19,33362500.0,372843140.0,4501990940.0,0.0074106102043821525
2026-07-29,11.15,11.64,11.13,11.54,64975940.0,745425513.0,4501990940.0,0.01443271229683994
2026-07-30,11.42,12.19,11.41,11.69,74891774.0,885226908.0,4501990940.0,0.016635256489432208
2026-07-31,11.56,11.79,11.52,11.68,47754105.0,558912755.0,4501990940.0,0.010607330320393758
2026-08-03,11.9,12.85,11.9,12.85,124565816.0,1549139406.0,4501990940.0,0.027669050795557575
2026-08-04,12.97,13.0,12.68,12.84,106326458.0,1368381519.0,4501990940.0,0.023617652593499
2026-08-05,12.82,12.98,12.45,12.79,78755152.0,1002668019.0,4501990940.0,0.017493405262161633
2026-08-06,12.6,12.76,12.12,12.31,85326270.0,1053267259.0,4501990940.0,0.01895300793297465
2026-08-07,12.92,13.4,12.65,13.08,151996191.0,1979419459.0,4501990940.0,0.03376199397682484
2026-08-10,12.88,13.0,12.65,12.71,90407726.0,1156667338.0,4501990940.0,0.020081720999642883
2026-08-11,12.6,13.05,12.5,12.84,70986326.0,906604523.0,4501990940.0,0.015767762962223996
2026-08-12,12.74,13.65,12.7,13.49,130508665.0,1726447679.0,4501990940.0,0.028989099875887357
2026-08-13,13.4,13.45,12.86,12.89,104058841.0,1362377278.0,4501990940.0,0.023113960553638964
