date,open,high,low,close,volume,amount,outstanding_share,turnover
2015-03-23,9.43,11.32,9.43,11.32,239605.0,3456296.0,1000000000.0,0.000239605
2015-03-24,12.44,12.44,12.44,12.44,158906.0,2523427.0,1000000000.0,0.000158906
2015-03-25,13.69,13.69,13.69,13.69,117167.0,2046907.0,1000000000.0,0.000117167
2015-03-26,15.06,15.06,15.06,15.06,585800.0,11259076.0,1000000000.0,0.0005858
2015-03-27,16.57,16.57,16.57,16.57,33632584.0,710992896.0,1000000000.0,0.033632584
2015-03-30,16.53,18.01,15.93,17.37,461367104.0,9839962112.0,1000000000.0,0.461367104
2015-03-31,17.37,18.52,17.37,17.75,336978272.0,7689205248.0,1000000000.0,0.336978272
2015-04-01,17.79,18.39,17.55,18.3,198219952.0,4553018880.0,1000000000.0,0.198219952
2015-04-02,18.38,19.6,18.03,19.56,217007344.0,5175281152.0,1000000000.0,0.217007344
2015-04-03,19.61,21.52,19.22,21.52,236521056.0,6263204864.0,1000000000.0,0.236521056
2015-04-07,22.56,23.67,21.63,23.67,217606512.0,6298695168.0,1000000000.0,0.217606512
2015-04-08,23.74,26.04,23.67,26.04,220480368.0,7055832576.0,1000000000.0,0.220480368
2015-04-09,27.03,28.64,25.0,25.73,282434816.0,9816445952.0,1000000000.0,0.282434816
2015-04-10,25.62,25.75,24.38,25.51,241831680.0,7735108608.0,1000000000.0,0.24183168
2015-04-13,25.31,25.43,24.2,24.89,164624912.0,5189817344.0,1000000000.0,0.164624912
2015-04-14,24.46,24.79,23.75,24.54,164496624.0,5104906752.0,1000000000.0,0.164496624
2015-04-15,24.27,24.84,23.48,23.52,126747600.0,3922020864.0,1000000000.0,0.1267476
2015-04-16,23.0,23.98,22.68,23.71,107908960.0,3206386688.0,1000000000.0,0.10790896
2015-04-17,24.28,25.98,24.27,24.72,188748592.0,6009433600.0,1000000000.0,0.188748592
2015-04-20,24.76,24.76,23.26,23.37,133884200.0,4103339520.0,1000000000.0,0.1338842
2015-04-21,23.32,25.71,23.04,25.63,225239168.0,7193533952.0,1000000000.0,0.225239168
2015-04-22,25.55,27.08,24.92,26.53,214457264.0,7043258368.0,1000000000.0,0.214457264
2015-04-23,26.23,26.94,25.51,25.73,162690352.0,5416232960.0,1000000000.0,0.162690352
2015-04-24,24.92,25.45,24.29,24.7,102368216.0,3249565184.0,1000000000.0,0.102368216
2015-04-27,25.48,26.12,24.96,25.26,114078416.0,3698016000.0,1000000000.0,0.114078416
2015-04-28,25.5,26.23,25.18,25.83,159168704.0,5244000256.0,1000000000.0,0.159168704
2015-04-29,25.43,25.83,24.86,25.53,98677336.0,3194639872.0,1000000000.0,0.098677336
2015-04-30,25.56,26.49,25.35,25.44,104307552.0,3436266240.0,1000000000.0,0.104307552
2015-05-04,25.31,25.32,24.68,25.09,71648304.0,2282226688.0,1000000000.0,0.071648304
2015-05-05,25.07,25.78,23.85,24.07,94351688.0,2997582592.0,1000000000.0,0.094351688
2015-05-06,24.07,24.79,23.35,23.67,85871144.0,2640956672.0,1000000000.0,0.085871144
2015-05-07,23.35,23.99,23.18,23.71,64280480.0,1945233408.0,1000000000.0,0.06428048
2015-05-08,24.17,24.32,23.05,23.63,87578832.0,2624214016.0,1000000000.0,0.087578832
2015-05-11,23.62,24.68,23.35,24.65,102745384.0,3144549888.0,1000000000.0,0.102745384
2015-05-12,24.64,25.77,24.1,24.91,128876784.0,4111222016.0,1000000000.0,0.128876784
2015-05-13,24.53,25.06,24.13,24.24,75386624.0,2353707520.0,1000000000.0,0.075386624
2015-05-14,24.43,24.7,23.68,24.04,63250700.0,1950644224.0,1000000000.0,0.0632507
2015-05-15,23.7,23.84,23.17,23.3,65725704.0,1966924672.0,1000000000.0,0.065725704
2015-05-18,22.96,24.6,22.78,23.73,81385824.0,2456440320.0,1000000000.0,0.081385824
2015-05-19,23.9,26.1,23.77,26.1,224982064.0,7305580032.0,1000000000.0,0.224982064
2015-05-20,26.88,27.75,25.71,26.72,215409728.0,7280045056.0,1000000000.0,0.215409728
2015-05-21,26.64,28.9,26.38,28.04,166970656.0,5925664256.0,1000000000.0,0.166970656
2015-05-22,28.43,30.84,27.83,30.84,215942192.0,8226238464.0,1000000000.0,0.215942192
2015-05-25,31.34,33.93,30.84,31.63,255426624.0,10646008832.0,1000000000.0,0.255426624
2015-05-26,31.19,32.79,30.08,32.1,179829536.0,7158517760.0,1000000000.0,0.179829536
2015-05-27,31.93,32.27,31.03,31.29,121010248.0,4883979776.0,1000000000.0,0.121010248
2015-05-28,31.11,32.43,28.2,28.36,174144480.0,6803646976.0,1000000000.0,0.17414448
2015-05-29,28.56,29.53,27.17,28.34,141978400.0,5173902336.0,1000000000.0,0.1419784
2015-06-01,28.02,31.11,27.89,30.52,133416448.0,5005418496.0,1000000000.0,0.133416448
2015-06-02,30.52,30.71,29.45,30.24,99195848.0,3812100352.0,1000000000.0,0.099195848
2015-06-03,30.29,30.54,29.27,29.41,82329360.0,3134693888.0,1000000000.0,0.08232936
2015-06-04,29.13,30.54,27.5,30.11,104181064.0,3899437056.0,1000000000.0,0.104181064
2015-06-05,31.34,32.1,29.93,30.54,127895592.0,5049216512.0,1000000000.0,0.127895592
2015-06-08,30.95,32.28,29.96,32.1,147481136.0,5881497600.0,1000000000.0,0.147481136
2015-06-09,32.09,32.15,30.19,30.63,108870712.0,4315725824.0,1000000000.0,0.108870712
2015-06-10,30.09,30.6,29.66,30.01,73295792.0,2822493952.0,1000000000.0,0.073295792
2015-06-11,29.78,30.09,29.23,29.64,66432540.0,2506926592.0,1000000000.0,0.06643254
2015-06-12,29.74,31.23,29.74,30.73,113964136.0,4453708800.0,1000000000.0,0.113964136
2015-06-15,31.42,31.8,30.13,30.66,94134808.0,3699290112.0,1000000000.0,0.094134808
2015-06-16,30.22,31.11,28.91,29.38,77168856.0,2969017600.0,1000000000.0,0.077168856
2015-06-17,29.14,29.5,28.04,29.24,66663000.0,2444375808.0,1000000000.0,0.066663
2015-06-18,28.9,29.11,26.64,26.92,61733632.0,2220241408.0,1000000000.0,0.061733632
2015-06-19,26.25,27.65,25.66,25.69,66399680.0,2267800576.0,1000000000.0,0.06639968
2015-06-23,25.47,26.63,23.52,26.34,74752976.0,2436780544.0,1000000000.0,0.074752976
2015-06-24,26.21,26.32,25.29,26.17,73686528.0,2436676864.0,1000000000.0,0.073686528
2015-06-25,26.2,26.64,24.79,25.17,71045336.0,2361610496.0,1000000000.0,0.071045336
2015-06-26,24.41,25.52,22.65,22.65,80296464.0,2429757696.0,1000000000.0,0.080296464
2015-06-29,23.52,23.57,20.38,20.63,101971728.0,2824547328.0,1000000000.0,0.101971728
2015-06-30,20.63,22.56,19.08,22.53,98935480.0,2654663936.0,1000000000.0,0.09893548
2015-07-01,22.08,23.0,20.47,20.63,80261376.0,2260632320.0,1000000000.0,0.080261376
2015-07-02,21.41,22.0,19.09,20.41,83205352.0,2200872448.0,1000000000.0,0.083205352
2015-07-03,20.0,21.06,18.51,19.13,67408016.0,1694862336.0,1000000000.0,0.067408016
2015-07-06,21.04,21.04,19.52,20.64,145106992.0,3763350272.0,1000000000.0,0.145106992
2015-07-07,19.92,20.93,18.58,20.21,119068848.0,2998560512.0,1000000000.0,0.119068848
2015-07-08,18.19,19.25,18.19,18.25,132672104.0,3096405504.0,1000000000.0,0.132672104
2015-07-09,18.25,20.08,16.65,20.08,100680992.0,2445928704.0,1000000000.0,0.100680992
2015-07-10,20.0,22.08,19.67,22.08,117667360.0,3236904448.0,1000000000.0,0.11766736
2015-07-13,21.57,23.39,21.22,22.3,124531608.0,3514284288.0,1000000000.0,0.124531608
2015-07-14,22.03,22.27,20.86,21.11,87819648.0,2404373504.0,1000000000.0,0.087819648
2015-07-15,20.56,21.48,19.05,19.57,74652120.0,1907168256.0,1000000000.0,0.07465212
2015-07-16,19.57,20.37,18.9,19.94,50793848.0,1276897152.0,1000000000.0,0.050793848
2015-07-17,20.15,21.37,19.94,20.98,50626096.0,1324528512.0,1000000000.0,0.050626096
2015-07-20,20.78,21.15,20.18,20.42,55067448.0,1440051840.0,1000000000.0,0.055067448
2015-07-21,20.0,21.09,19.73,20.45,58369104.0,1516173824.0,1000000000.0,0.058369104
2015-07-22,20.22,20.59,19.79,20.07,41259916.0,1057518912.0,1000000000.0,0.041259916
2015-07-23,20.08,21.02,20.08,20.95,62219192.0,1635624832.0,1000000000.0,0.062219192
2015-07-24,21.07,21.41,20.24,20.33,67301840.0,1792346240.0,1000000000.0,0.06730184
2015-07-27,19.68,19.95,18.3,18.3,56839872.0,1390375296.0,1000000000.0,0.056839872
2015-07-28,17.64,20.12,16.52,19.98,128226704.0,3064151040.0,1000000000.0,0.128226704
2015-07-29,19.77,19.89,19.1,19.75,67591168.0,1669051008.0,1000000000.0,0.067591168
2015-07-30,19.52,20.06,18.5,18.65,40778568.0,1002755328.0,1000000000.0,0.040778568
2015-07-31,18.3,19.0,18.27,18.88,34468464.0,818424896.0,1000000000.0,0.034468464
2015-08-03,18.25,19.04,18.25,19.03,31139024.0,740554752.0,1000000000.0,0.031139024
2015-08-04,19.04,19.52,18.67,19.37,34112016.0,831361408.0,1000000000.0,0.034112016
2015-08-05,19.22,19.35,18.66,18.74,25342208.0,611547648.0,1000000000.0,0.025342208
2015-08-06,18.2,18.6,18.08,18.11,20413374.0,474232512.0,1000000000.0,0.020413374
2015-08-07,18.26,18.66,18.19,18.4,23122532.0,541498240.0,1000000000.0,0.023122532
2015-08-10,18.49,19.94,18.25,19.52,62625048.0,1526161408.0,1000000000.0,0.062625048
2015-08-11,19.27,19.65,19.1,19.18,41306344.0,1015353600.0,1000000000.0,0.041306344
2015-08-12,18.87,19.67,18.79,19.08,34265712.0,836792256.0,1000000000.0,0.034265712
2015-08-13,19.04,19.34,18.64,19.2,29595188.0,714700288.0,1000000000.0,0.029595188
2015-08-14,19.29,19.67,19.2,19.48,42980336.0,1061136896.0,1000000000.0,0.042980336
2015-08-17,19.45,19.45,18.74,19.04,29937800.0,722711040.0,1000000000.0,0.0299378
2015-08-18,19.13,19.91,17.32,17.39,58733620.0,1416611456.0,1000000000.0,0.05873362
2015-08-19,16.93,17.71,16.53,17.55,37445232.0,817147776.0,1000000000.0,0.037445232
2015-08-20,17.45,17.46,16.73,16.77,24319988.0,528521024.0,1000000000.0,0.024319988
2015-08-21,16.53,16.93,15.59,15.67,28912684.0,594587584.0,1000000000.0,0.028912684
2015-08-24,15.04,15.06,14.1,14.1,35756192.0,649164800.0,1000000000.0,0.035756192
2015-08-25,12.9,13.46,12.69,12.69,32735334.0,537909248.0,1000000000.0,0.032735334
2015-08-26,12.92,13.38,11.71,12.27,46323832.0,751509888.0,1000000000.0,0.046323832
2015-08-27,12.68,13.26,12.24,13.19,36437384.0,587719168.0,1000000000.0,0.036437384
2015-08-28,13.39,14.01,13.01,13.98,48181840.0,821152000.0,1000000000.0,0.04818184
2015-08-31,13.78,13.78,12.91,13.08,36988692.0,623587136.0,1000000000.0,0.036988692
2015-09-01,12.93,13.59,12.12,12.77,36993024.0,606142656.0,1000000000.0,0.036993024
2015-09-02,12.12,13.0,11.94,12.12,33062476.0,522101248.0,1000000000.0,0.033062476
2015-09-07,12.42,12.82,12.21,12.44,25761472.0,412280800.0,1000000000.0,0.025761472
2015-09-08,12.27,13.05,12.09,13.02,26168488.0,419312192.0,1000000000.0,0.026168488
2015-09-09,13.15,14.16,13.0,13.68,51832144.0,889288192.0,1000000000.0,0.051832144
2015-09-10,13.3,13.48,13.07,13.23,29779352.0,502704832.0,1000000000.0,0.029779352
2015-09-11,13.21,13.42,13.03,13.22,19152430.0,321814176.0,1000000000.0,0.01915243
2015-09-14,13.13,13.2,11.9,12.91,53216068.0,850893440.0,1000000000.0,0.053216068
2015-09-15,12.37,12.72,11.75,12.26,22200688.0,345620992.0,1000000000.0,0.022200688
2015-09-16,12.2,13.42,12.2,13.28,26882356.0,435996960.0,1000000000.0,0.026882356
2015-09-17,13.02,13.35,12.61,12.66,24078852.0,399473824.0,1000000000.0,0.024078852
2015-09-18,12.79,12.9,12.56,12.67,14219382.0,229535952.0,1000000000.0,0.014219382
2015-09-21,12.64,12.97,12.45,12.93,15765203.0,255091216.0,1000000000.0,0.015765203
2015-09-22,13.03,14.01,12.96,13.42,41402444.0,712811072.0,1000000000.0,0.041402444
2015-09-23,12.9,13.26,12.8,12.86,21901488.0,362182656.0,1000000000.0,0.021901488
2015-09-24,12.93,13.18,12.85,13.05,15319344.0,253133600.0,1000000000.0,0.015319344
2015-09-25,13.0,13.13,12.46,12.69,15751601.0,255066000.0,1000000000.0,0.015751601
2015-09-28,12.66,12.96,12.4,12.95,11435452.0,184501856.0,1000000000.0,0.011435452
2015-09-29,12.68,13.23,12.48,12.82,15558837.0,253280880.0,1000000000.0,0.015558837
2015-09-30,12.84,13.19,12.78,12.89,16649077.0,274903552.0,1000000000.0,0.016649077
2015-10-08,13.68,13.86,13.25,13.27,31995304.0,547238912.0,1000000000.0,0.031995304
2015-10-09,13.32,14.55,13.24,14.28,57314036.0,1023041792.0,1000000000.0,0.057314036
2015-10-12,14.17,15.47,14.07,15.12,57209380.0,1077692288.0,1000000000.0,0.05720938
2015-10-13,14.92,15.1,14.58,14.95,25964038.0,490248672.0,1000000000.0,0.025964038
2015-10-14,14.8,15.23,14.57,14.67,27504462.0,519881504.0,1000000000.0,0.027504462
2015-10-15,14.64,15.15,14.64,15.14,28628260.0,544927680.0,1000000000.0,0.02862826
2015-10-16,15.35,15.82,15.26,15.48,41136224.0,810023488.0,1000000000.0,0.041136224
2015-10-19,15.47,16.61,15.47,16.0,48129608.0,985769984.0,1000000000.0,0.048129608
2015-10-20,15.89,16.8,15.72,16.76,39306772.0,814733248.0,1000000000.0,0.039306772
2015-10-21,17.04,17.08,15.34,16.16,53279992.0,1098353280.0,1000000000.0,0.053279992
2015-10-22,15.9,16.33,15.51,16.2,26918464.0,545250368.0,1000000000.0,0.026918464
2015-10-23,16.25,16.41,15.42,16.19,40804196.0,824348672.0,1000000000.0,0.040804196
2015-10-26,16.74,17.45,16.53,16.58,44262140.0,951371328.0,1000000000.0,0.04426214
2015-10-27,16.75,16.82,15.79,16.67,29546760.0,615024960.0,1000000000.0,0.02954676
2015-10-28,16.5,17.15,16.22,16.27,23922116.0,505498944.0,1000000000.0,0.023922116
2015-10-29,16.38,16.53,15.91,15.97,21785064.0,446373536.0,1000000000.0,0.021785064
2015-10-30,16.02,16.93,15.67,16.34,41395668.0,860130112.0,1000000000.0,0.041395668
2015-11-02,15.75,16.23,15.49,15.55,30316736.0,610401472.0,1000000000.0,0.030316736
2015-11-03,15.57,15.79,15.34,15.46,20584852.0,406347168.0,1000000000.0,0.020584852
2015-11-04,15.6,17.0,15.53,17.0,63855688.0,1346848000.0,1000000000.0,0.063855688
2015-11-05,17.88,18.71,17.84,18.71,152055200.0,3566537728.0,1000000000.0,0.1520552
2015-11-06,18.52,20.57,18.14,20.57,143692176.0,3533124864.0,1000000000.0,0.143692176
2015-11-09,20.89,22.2,20.34,20.57,135800944.0,3642716160.0,1000000000.0,0.135800944
2015-11-10,20.14,22.2,19.95,20.98,109043816.0,2902685952.0,1000000000.0,0.109043816
2015-11-11,20.46,22.12,20.03,21.37,86424936.0,2276816384.0,1000000000.0,0.086424936
2015-11-12,21.29,21.6,20.42,20.74,68406792.0,1814253056.0,1000000000.0,0.068406792
2015-11-13,20.4,21.83,20.34,21.13,82539688.0,2202731776.0,1000000000.0,0.082539688
2015-11-16,20.49,20.91,20.18,20.8,54229560.0,1409667072.0,1000000000.0,0.05422956
2015-11-17,21.14,22.88,20.99,21.52,156005680.0,4395289600.0,1000000000.0,0.15600568
2015-11-18,21.13,21.56,19.47,19.96,89938928.0,2340952064.0,1000000000.0,0.089938928
2015-11-19,19.96,20.38,19.63,20.34,50804028.0,1278518784.0,1000000000.0,0.050804028
2015-11-20,20.25,20.25,19.81,19.93,34991040.0,882477056.0,1000000000.0,0.03499104
2015-11-23,19.93,20.57,19.63,19.77,37274224.0,945554688.0,1000000000.0,0.037274224
2015-11-24,19.66,20.47,19.47,20.18,39026584.0,985806400.0,1000000000.0,0.039026584
2015-11-25,19.9,20.25,19.62,20.17,43838700.0,1102334336.0,1000000000.0,0.0438387
2015-11-26,20.5,20.96,19.86,19.93,49680364.0,1285622656.0,1000000000.0,0.049680364
2015-11-27,19.47,19.61,17.94,17.94,68075360.0,1606230272.0,1000000000.0,0.06807536
2015-11-30,17.57,18.53,16.85,17.89,51673340.0,1151367936.0,1000000000.0,0.05167334
2015-12-01,17.66,17.77,17.23,17.64,30490292.0,674701056.0,1000000000.0,0.030490292
2015-12-02,17.69,18.99,17.46,18.64,62403484.0,1436216576.0,1000000000.0,0.062403484
2015-12-03,18.41,19.07,18.22,18.69,46343450.0,1094255766.0,1000000000.0,0.04634345
2015-12-04,18.3,18.58,18.06,18.14,30161340.0,695831808.0,1000000000.0,0.03016134
2015-12-07,18.16,18.17,17.63,17.85,20317667.0,458092373.0,1000000000.0,0.020317667
2015-12-08,17.64,18.04,17.41,17.47,23018202.0,515208736.0,1000000000.0,0.023018202
2015-12-09,17.46,18.03,17.34,17.66,23782400.0,533720601.0,1000000000.0,0.0237824
2015-12-10,17.85,18.9,17.71,17.85,46116156.0,1069355776.0,1000000000.0,0.046116156
2015-12-11,17.41,18.56,17.34,18.03,35121664.0,795120000.0,1000000000.0,0.035121664
2015-12-14,17.79,19.84,17.73,19.84,78308384.0,1883895936.0,1000000000.0,0.078308384
2015-12-15,19.78,20.1,19.39,19.52,66480856.0,1653701888.0,1000000000.0,0.066480856
2015-12-16,19.56,20.06,19.32,19.46,37500616.0,931369856.0,1000000000.0,0.037500616
2015-12-17,19.82,21.23,19.55,20.19,72619272.0,1866183552.0,1000000000.0,0.072619272
2015-12-18,19.86,20.34,19.66,19.81,41711600.0,1047396800.0,1000000000.0,0.0417116
2015-12-21,20.02,20.58,19.83,20.06,43515412.0,1109860352.0,1000000000.0,0.043515412
2015-12-22,20.11,20.34,19.73,20.16,31085877.0,787605746.0,1000000000.0,0.031085877
2015-12-23,20.34,21.21,20.11,20.35,77191688.0,2012994560.0,1000000000.0,0.077191688
2015-12-24,20.14,20.14,18.91,19.14,53491776.0,1311618944.0,1000000000.0,0.053491776
2015-12-25,19.07,19.43,19.01,19.32,20493576.0,498049662.0,1000000000.0,0.020493576
2015-12-28,19.6,19.67,18.6,18.67,33100319.0,798193462.0,1000000000.0,0.033100319
2015-12-29,18.68,18.93,18.6,18.8,21090526.0,499807441.0,1000000000.0,0.021090526
2015-12-30,18.83,18.95,18.37,18.6,26421606.0,622088011.0,1000000000.0,0.026421606
2015-12-31,18.64,18.81,18.4,18.43,18604583.0,436853159.0,1000000000.0,0.018604583
2016-01-04,18.33,18.35,16.59,16.6,24291712.0,535127201.0,1000000000.0,0.024291712
2016-01-05,15.85,16.92,15.44,16.29,33797169.0,691588408.0,1000000000.0,0.033797169
2016-01-06,16.3,16.62,15.98,16.54,27561873.0,569643137.0,1000000000.0,0.027561873
2016-01-07,16.23,16.28,14.88,14.92,5948019.0,117318113.0,1000000000.0,0.005948019
2016-01-08,15.43,16.22,14.27,15.46,40775544.0,797497489.0,1000000000.0,0.040775544
2016-01-11,15.0,15.34,14.34,14.43,32619922.0,614108119.0,1000000000.0,0.032619922
2016-01-12,14.62,15.11,14.52,14.78,27198714.0,510913997.0,1000000000.0,0.027198714
2016-01-13,15.03,15.19,14.58,14.64,28131777.0,530843388.0,1000000000.0,0.028131777
2016-01-14,14.21,15.11,14.09,15.09,22219677.0,416041368.0,1000000000.0,0.022219677
2016-01-15,14.99,15.07,14.39,14.45,22526390.0,418614144.0,1000000000.0,0.02252639
2016-01-18,14.16,14.66,14.09,14.39,19540369.0,356763194.0,1000000000.0,0.019540369
2016-01-19,14.37,15.03,14.37,14.98,28976051.0,541861962.0,1000000000.0,0.028976051
2016-01-20,14.88,15.18,14.73,14.81,21047071.0,396825260.0,1000000000.0,0.021047071
2016-01-21,14.57,14.98,14.13,14.16,18861587.0,347237552.0,1000000000.0,0.018861587
2016-01-22,14.33,14.5,14.05,14.38,14688999.0,265265748.0,1000000000.0,0.014688999
2016-01-25,14.54,14.63,14.32,14.45,10851822.0,198727309.0,1000000000.0,0.010851822
2016-01-26,14.24,14.35,13.0,13.0,20159952.0,351007881.0,1000000000.0,0.020159952
2016-01-27,13.05,13.21,12.36,12.72,22464257.0,364044389.0,1000000000.0,0.022464257
2016-01-28,12.72,13.99,12.72,13.08,35465954.0,597872577.0,1000000000.0,0.035465954
2016-01-29,13.29,14.39,13.22,14.39,38183481.0,681855599.0,1000000000.0,0.038183481
2016-02-01,14.64,15.03,14.4,14.81,63117551.0,1177561732.0,1000000000.0,0.063117551
2016-02-02,14.59,15.26,14.55,15.11,55326933.0,1041424466.0,1000000000.0,0.055326933
2016-02-03,14.68,14.79,14.27,14.65,36093260.0,664615129.0,1000000000.0,0.03609326
2016-02-04,14.92,14.94,14.53,14.67,38527792.0,717580535.0,1000000000.0,0.038527792
2016-02-05,14.39,14.5,14.05,14.1,35477340.0,639838356.0,1000000000.0,0.03547734
2016-02-15,13.35,13.73,13.18,13.6,25061416.0,425872517.0,1000000000.0,0.025061416
2016-02-16,13.86,14.5,13.75,14.34,37723916.0,678911637.0,1000000000.0,0.037723916
2016-02-17,14.24,14.35,14.04,14.29,28187065.0,506138478.0,1000000000.0,0.028187065
2016-02-18,14.41,14.69,14.17,14.2,33088669.0,605393177.0,1000000000.0,0.033088669
2016-02-19,14.0,14.28,13.93,14.12,20726994.0,368608967.0,1000000000.0,0.020726994
2016-02-22,14.4,15.54,14.24,15.54,54886118.0,1043954253.0,1000000000.0,0.054886118
2016-02-23,15.83,15.83,15.03,15.42,57040862.0,1106537203.0,1000000000.0,0.057040862
2016-02-24,15.19,15.47,14.81,15.44,46436501.0,889024375.0,1000000000.0,0.046436501
2016-02-25,15.27,15.34,13.9,14.06,47766306.0,880885210.0,1000000000.0,0.047766306
2016-02-26,14.09,14.58,13.85,14.46,34154746.0,614679191.0,1000000000.0,0.034154746
2016-02-29,14.23,14.23,13.06,13.67,34043569.0,581405843.0,1000000000.0,0.034043569
2016-03-01,13.71,15.03,13.58,14.75,53372905.0,969506404.0,1000000000.0,0.053372905
2016-03-02,14.72,15.98,14.57,15.6,75456660.0,1452218835.0,1000000000.0,0.07545666
2016-03-03,15.35,15.81,15.27,15.36,49194704.0,962708798.0,1000000000.0,0.049194704
2016-03-04,15.3,16.18,15.21,15.83,79732297.0,1584951381.0,1000000000.0,0.079732297
2016-03-07,15.97,16.21,15.59,15.89,70117439.0,1410805717.0,1000000000.0,0.070117439
2016-03-08,15.75,15.76,14.77,15.68,52514419.0,1012182440.0,1000000000.0,0.052514419
2016-03-09,15.14,15.64,14.99,15.33,37136347.0,716473322.0,1000000000.0,0.037136347
2016-03-10,15.19,15.42,14.65,14.67,28395104.0,538602290.0,1000000000.0,0.028395104
2016-03-11,14.35,15.15,14.28,14.97,31286922.0,583154438.0,1000000000.0,0.031286922
2016-03-14,15.27,15.94,15.05,15.44,48416284.0,950094705.0,1000000000.0,0.048416284
2016-03-15,15.33,15.43,15.0,15.21,28194082.0,541295210.0,1000000000.0,0.028194082
2016-03-16,15.26,15.42,15.11,15.15,33419280.0,643952140.0,1000000000.0,0.03341928
2016-03-17,15.27,15.91,15.17,15.72,52083456.0,1024812516.0,1000000000.0,0.052083456
2016-03-18,15.67,16.71,15.59,16.4,82359577.0,1686766426.0,1000000000.0,0.082359577
2016-03-21,17.16,18.03,16.62,18.03,140497794.0,3149773096.0,1000000000.0,0.140497794
2016-03-22,17.41,17.79,17.15,17.2,87359851.0,1923607123.0,1000000000.0,0.087359851
2016-03-23,16.82,17.42,16.48,17.22,123053164.0,2629734151.0,3158663507.0,0.03895735133777262
2016-03-24,16.7,16.93,16.32,16.34,75192258.0,1575313089.0,3158663507.0,0.02380508649730001
2016-03-25,16.27,16.6,16.08,16.46,58676650.0,1213100460.0,3158663507.0,0.018576416851609892
2016-03-28,16.38,16.56,15.91,16.02,64119340.0,1317796803.0,3158663507.0,0.020299515873692588
2016-03-29,16.03,16.17,15.65,15.79,62816733.0,1262164667.0,3158663507.0,0.019887124051292622
2016-03-30,15.95,16.25,15.88,16.18,73861769.0,1503145470.0,3158663507.0,0.023383867523815983
2016-03-31,16.22,16.47,15.9,16.07,84910765.0,1736998739.0,3158663507.0,0.026881864691135016
2016-04-01,15.98,16.09,15.47,15.74,54873836.0,1091788191.0,3158663507.0,0.017372485507998116
2016-04-05,15.74,16.14,15.64,16.02,69256731.0,1397473871.0,3158663507.0,0.021925960409052207
2016-04-06,15.92,16.02,15.65,15.83,51945267.0,1039807818.0,3158663507.0,0.0164453310347502
2016-04-07,15.89,15.94,15.23,15.26,61007742.0,1196772439.0,3158663507.0,0.019314416323485895
2016-04-08,14.96,14.96,14.29,14.81,84214929.0,1559099634.0,3158663507.0,0.02666157025380165
2016-04-11,15.43,15.68,15.22,15.24,83372352.0,1629680729.0,3158663507.0,0.026394819142728013
2016-04-12,15.07,15.2,14.75,14.96,39695115.0,749174119.0,3158663507.0,0.012567060376019977
2016-04-13,15.03,15.75,15.03,15.42,87612710.0,1717557089.0,3158663507.0,0.027737272364035958
2016-04-14,15.43,15.49,15.19,15.39,45141082.0,874492269.0,3158663507.0,0.01429119686220505
2016-04-15,15.44,15.49,15.22,15.35,30233251.0,585561817.0,3158663507.0,0.009571532685580237
2016-04-18,15.19,15.19,14.86,15.06,34049562.0,644666599.0,3158663507.0,0.010779737038953924
2016-04-19,15.14,15.19,14.92,15.11,28057070.0,533123551.0,3158663507.0,0.008882576424434564
2016-04-20,15.18,15.52,14.4,14.99,78340119.0,1486345195.0,3158663507.0,0.024801666535985343
2016-04-21,14.71,14.95,14.56,14.61,36860908.0,686164960.0,3158663507.0,0.011669779930122833
2016-04-22,14.5,14.71,14.5,14.69,26490647.0,489617699.0,3158663507.0,0.008386663201475358
2016-04-25,14.6,14.64,14.3,14.42,27805974.0,505702297.0,3158663507.0,0.008803082043522023
2016-04-26,14.42,14.61,14.34,14.5,21382018.0,391022153.0,3158663507.0,0.006769324416043282
2016-04-27,14.54,14.56,14.31,14.37,34076304.0,620984128.0,3158663507.0,0.010788203277899838
2016-04-28,14.37,14.43,14.06,14.24,37395690.0,671800935.0,3158663507.0,0.011839086346844606
2016-04-29,14.17,14.39,14.11,14.3,27473014.0,495127284.0,3158663507.0,0.00869767037201535
2016-05-03,14.34,14.69,14.13,14.62,46646491.0,854589757.0,3158663507.0,0.014767793687623086
2016-05-04,14.53,14.58,14.28,14.4,36963889.0,673902781.0,3158663507.0,0.011702382643191756
2016-05-05,14.32,14.42,14.25,14.39,23878332.0,432698774.0,3158663507.0,0.007559631453962279
2016-05-06,14.43,14.5,13.93,13.96,44023304.0,791067818.0,3158663507.0,0.013937319978034622
2016-05-09,13.77,13.78,13.37,13.46,35340662.0,604293430.0,3158663507.0,0.011188485864885765
2016-05-10,13.44,13.58,13.4,13.46,19642499.0,334390386.0,3158663507.0,0.006218610800571104
2016-05-11,13.53,13.57,13.29,13.36,18842090.0,318860759.0,3158663507.0,0.005965209639533788
2016-05-12,13.34,13.42,13.1,13.38,18210998.0,305623231.0,3158663507.0,0.005765412478930444
2016-05-13,13.33,13.51,13.25,13.28,14640377.0,246709683.0,3158663507.0,0.00463499102311945
2016-05-16,13.28,13.37,13.21,13.35,15041379.0,252725894.0,3158663507.0,0.004761944083840014
2016-05-17,13.36,13.61,13.32,13.37,23956568.0,406842134.0,3158663507.0,0.007584400157506236
2016-05-18,13.29,13.37,13.06,13.24,25700801.0,428155722.0,3158663507.0,0.008136606176328614
2016-05-19,13.27,13.37,13.18,13.2,16102631.0,269865635.0,3158663507.0,0.005097925424571032
2016-05-20,13.14,13.44,13.07,13.42,22309558.0,373361353.0,3158663507.0,0.007062973928865542
2016-05-23,13.45,13.7,13.37,13.51,30128592.0,515745060.0,3158663507.0,0.009538398735171129
2016-05-24,13.52,13.52,13.12,13.14,22091198.0,368807108.0,3158663507.0,0.006993843424930543
2016-05-25,13.22,13.4,13.14,13.16,19014452.0,318738429.0,3158663507.0,0.006019777655284128
2016-05-26,13.16,13.25,12.99,13.22,20040855.0,332167922.0,3158663507.0,0.006344726165223651
2016-05-27,13.21,13.22,13.08,13.11,14629303.0,242815672.0,3158663507.0,0.004631485109945901
2016-05-30,13.12,13.2,12.99,13.12,12357022.0,204598290.0,3158663507.0,0.003912104588733579
2016-05-31,13.12,14.1,13.12,14.01,80728994.0,1412800901.0,3158663507.0,0.0255579595044215
2016-06-01,13.99,14.07,13.72,13.74,50014196.0,875926799.0,3158663507.0,0.015833974049202195
2016-06-02,13.69,13.81,13.57,13.73,30852229.0,534659455.0,3158663507.0,0.009767494679831372
2016-06-03,13.82,13.84,13.63,13.67,36857747.0,639302278.0,3158663507.0,0.01166877919041346
2016-06-06,13.73,13.74,13.53,13.58,18773066.0,323241904.0,3158663507.0,0.005943357359337738
2016-06-07,13.62,13.75,13.57,13.71,25040895.0,432686619.0,3158663507.0,0.007927686803138793
2016-06-08,13.71,14.09,13.62,13.94,55357671.0,974132962.0,3158663507.0,0.017525662634630235
2016-06-13,13.69,13.9,13.11,13.17,43126232.0,744042328.0,3158663507.0,0.013653316316988746
2016-06-14,13.14,13.41,13.07,13.38,28564474.0,479448852.0,3158663507.0,0.009043215251228089
2016-06-15,13.15,13.88,13.09,13.69,30675982.0,526416287.0,3158663507.0,0.009711696713504976
2016-06-16,13.67,13.81,13.59,13.64,22422020.0,388202100.0,3158663507.0,0.007098578227883392
2016-06-17,13.69,13.94,13.57,13.64,21628504.0,367805424.0,3158663507.0,0.006847359318923489
2016-06-20,13.62,13.7,13.35,13.46,21229453.0,353447592.0,3158663507.0,0.00672102392450251
2016-06-21,13.57,14.13,13.42,13.52,36884430.0,629831643.0,3158663507.0,0.011677226750573276
2016-06-22,13.41,13.7,13.34,13.65,20524174.0,343805133.0,3158663507.0,0.006497739931624822
2016-06-23,13.63,13.63,13.41,13.5,16481114.0,275868772.0,3158663507.0,0.005217749204204802
2016-06-24,13.5,13.69,12.99,13.29,32494195.0,536392483.0,3158663507.0,0.01028732403055556
2016-06-27,13.13,13.5,13.13,13.49,20461189.0,339752362.0,3158663507.0,0.00647779953599217
2016-06-28,13.46,13.84,13.35,13.59,34359162.0,575339144.0,3158663507.0,0.010877753177524522
2016-06-29,13.63,13.8,13.5,13.53,34577400.0,583711094.0,3158663507.0,0.010946845057528947
2016-06-30,13.59,13.73,13.48,13.58,31073074.0,522129308.0,3158663507.0,0.009837411908909612
2016-07-01,13.63,13.69,13.47,13.5,22495073.0,377850777.0,3158663507.0,0.007121706047557157
2016-07-04,13.39,13.94,13.37,13.76,59440705.0,1012075755.0,3158663507.0,0.01881830871451544
2016-07-05,13.75,13.87,13.7,13.77,37273152.0,636401655.0,3158663507.0,0.011800292091068882
2016-07-06,13.79,13.87,13.67,13.82,28963187.0,493564082.0,3158663507.0,0.009169443638366003
2016-07-07,13.85,14.7,13.79,14.33,82230467.0,1440411454.0,3158663507.0,0.02603331023319414
2016-07-08,14.19,14.32,14.02,14.13,49921258.0,874377553.0,3128372988.0,0.015957578649186316
2016-07-11,14.02,14.27,13.93,13.96,46612569.0,812763627.0,3128372988.0,0.014899939738259881
2016-07-12,13.99,14.3,13.83,14.23,55280472.0,967453562.0,3128372988.0,0.01767067808475784
2016-07-13,14.3,14.6,14.14,14.24,58401196.0,1038189502.0,3128372988.0,0.01866823304766369
2016-07-14,14.18,14.22,14.05,14.15,28356096.0,495882694.0,3128372988.0,0.009064167255237789
2016-07-15,14.26,14.28,13.97,14.03,25709480.0,447867151.0,3128372988.0,0.00821816327484541
2016-07-18,13.97,13.97,13.76,13.86,25981457.0,445652627.0,3128372988.0,0.008305102076913854
2016-07-19,13.87,14.01,13.81,13.99,26669364.0,459654667.0,3128372988.0,0.00852499497416067
2016-07-20,14.02,14.04,13.88,13.9,17634448.0,304794985.0,3128372988.0,0.0056369390950641975
2016-07-21,13.9,14.17,13.89,13.97,28781343.0,500355782.0,3128372988.0,0.009200099575850192
2016-07-22,13.96,13.97,13.8,13.82,25088057.0,430001051.0,3128372988.0,0.00801952231918453
2016-07-25,13.85,13.87,13.77,13.81,13447643.0,230115540.0,3128372988.0,0.0042986060330987615
2016-07-26,13.82,13.97,13.8,13.92,23161332.0,398195670.0,3128372988.0,0.007403635080869072
2016-07-27,13.9,13.92,13.13,13.59,49814826.0,832470760.0,3128372988.0,0.01592355713052206
2016-07-28,13.45,13.47,13.18,13.33,21055159.0,347330459.0,3128372988.0,0.0067303863959843144
2016-07-29,13.31,13.38,13.25,13.3,16451040.0,270906442.0,3128372988.0,0.005258656836350359
2016-08-01,13.29,13.34,12.97,13.11,21823325.0,353890170.0,3128372988.0,0.006975934482144941
2016-08-02,13.17,13.2,13.09,13.17,10330009.0,167981183.0,3128372988.0,0.003302038804076261
2016-08-03,13.23,13.24,13.12,13.15,10289532.0,167670786.0,3126154848.0,0.0032914338861310304
2016-08-04,13.21,13.22,13.09,13.2,10226753.0,166698175.0,3126154848.0,0.0032713520274092324
2016-08-05,13.21,13.33,13.14,13.21,13538997.0,221772619.0,3126154848.0,0.004330878557938919
2016-08-08,13.21,13.28,13.12,13.27,10023231.0,163947766.0,3126154848.0,0.0032062490463044394
2016-08-09,13.25,13.36,13.21,13.35,13107527.0,215777403.0,3126154848.0,0.004192859163193953
2016-08-10,13.35,13.4,13.25,13.25,15041889.0,247832292.0,3126154848.0,0.004811626336943371
2016-08-11,13.25,13.45,13.21,13.24,20534459.0,339066291.0,3126154848.0,0.006568599445141753
2016-08-12,13.16,13.45,13.13,13.4,25567119.0,420107300.0,3126154848.0,0.008178455720565764
2016-08-15,13.41,14.44,13.39,13.99,85940837.0,1484904511.0,3126154848.0,0.02749090853736238
2016-08-16,13.88,14.01,13.76,13.8,36543205.0,626404044.0,3126154848.0,0.011689505727260763
2016-08-17,13.88,13.94,13.63,13.73,32337314.0,551151627.0,3126154848.0,0.010344117797200044
2016-08-18,13.67,13.8,13.59,13.65,18163406.0,307842360.0,3126154848.0,0.005810142773836135
2016-08-19,13.65,13.72,13.6,13.67,13737385.0,232350152.0,3126154848.0,0.004394339265947967
2016-08-22,13.65,13.71,13.43,13.47,16543390.0,277379172.0,3126154848.0,0.005291929160381757
2016-08-23,13.45,13.56,13.39,13.48,13504698.0,225242410.0,3126154848.0,0.004319906932518014
2016-08-24,13.5,13.53,13.33,13.4,14212788.0,236440298.0,3126154848.0,0.004546412027252209
2016-08-25,13.37,13.5,13.29,13.43,16577035.0,274877331.0,3126154848.0,0.0053026915831137994
2016-08-26,13.46,13.5,13.41,13.42,9266893.0,154353570.0,3126154848.0,0.0029643102950989843
2016-08-29,13.43,13.44,13.34,13.4,8644251.0,143320985.0,3126154848.0,0.0027651384593217693
2016-08-30,13.41,13.54,13.35,13.42,12391642.0,206059445.0,3126154848.0,0.0039638605899281415
2016-08-31,13.42,13.52,13.37,13.47,11883216.0,197765222.0,3126154848.0,0.0038012243723635278
2016-09-01,13.45,13.49,13.31,13.35,15176612.0,251476682.0,3126154848.0,0.004854721770967118
2016-09-02,13.31,13.48,13.29,13.42,16007359.0,265539121.0,3126154848.0,0.005120462606080094
2016-09-05,13.43,13.56,13.38,13.38,13041250.0,217269005.0,3126154848.0,0.004171658357980353
2016-09-06,13.39,13.49,13.28,13.45,11067415.0,183189042.0,3126154848.0,0.003540264490442797
2016-09-07,13.43,13.49,13.38,13.4,10898767.0,181260241.0,3126154848.0,0.0034863170667865776
2016-09-08,13.39,13.46,13.34,13.42,9019607.0,149582545.0,3126154848.0,0.0028852080074569615
2016-09-09,13.45,13.45,13.32,13.39,16864978.0,279572947.0,3126154848.0,0.005394799304580066
2016-09-12,13.25,13.34,13.08,13.32,26371239.0,430703977.0,3126154848.0,0.008435679063329623
2016-09-13,13.28,13.31,13.1,13.23,12585838.0,205427217.0,3126154848.0,0.0040259803534850366
2016-09-14,13.13,13.2,13.08,13.13,8634627.0,140341788.0,3126154848.0,0.002762059917001271
2016-09-19,13.13,13.17,13.1,13.14,7521019.0,122245966.0,3126154848.0,0.0024058369996648355
2016-09-20,13.18,13.18,13.1,13.12,4757986.0,77294540.0,3126154848.0,0.0015219930653927736
2016-09-21,13.11,13.24,13.08,13.16,8596453.0,139990722.0,3126154848.0,0.0027498487496547706
2016-09-22,13.25,13.25,13.13,13.14,8849663.0,144321962.0,3126154848.0,0.0028308460170044653
2016-09-23,13.15,13.17,13.03,13.04,10289574.0,166541333.0,3126154848.0,0.003291447321166095
2016-09-26,13.04,13.04,12.72,12.74,15695312.0,250016610.0,3126154848.0,0.005020644454013943
2016-09-27,12.75,12.81,12.72,12.79,9279950.0,146662590.0,3126154848.0,0.0029684869915951135
2016-09-28,12.79,12.79,12.68,12.7,6698928.0,105514918.0,3126154848.0,0.002142865061302299
2016-09-29,12.7,12.87,12.7,12.74,12302454.0,194693375.0,3126154848.0,0.003935330973086845
2016-09-30,12.7,12.81,12.7,12.79,7464525.0,117996399.0,3126154848.0,0.0023877655979759067
2016-10-10,12.85,12.9,12.79,12.89,13259825.0,211104781.0,3126154848.0,0.004241576519628627
2016-10-11,12.89,12.94,12.86,12.91,11029806.0,176119593.0,3126154848.0,0.003528234056306094
2016-10-12,12.89,12.91,12.81,12.84,8778051.0,139623349.0,3126154848.0,0.002807938642455884
2016-10-13,12.83,12.92,12.83,12.87,11456706.0,182538104.0,3126154848.0,0.0036647915912833245
2016-10-14,12.93,13.0,12.87,12.94,14564016.0,233098458.0,3126154848.0,0.004658763467624621
2016-10-17,12.93,13.05,12.83,12.87,15730077.0,252492807.0,3126154848.0,0.005031765144347705
2016-10-18,12.84,13.06,12.84,13.05,26043549.0,418789918.0,3126154848.0,0.008330857000465512
2016-10-19,13.06,13.07,12.87,12.91,15349085.0,246306607.0,3126154848.0,0.00490989274245957
2016-10-20,12.92,12.97,12.86,12.87,10029157.0,160153927.0,3126154848.0,0.003208144665775686
2016-10-21,12.89,13.03,12.84,12.88,18645172.0,298116430.0,3126154848.0,0.005964250942952651
2016-10-24,12.89,13.23,12.81,13.06,39550891.0,639056269.0,3126154848.0,0.012651609700429018
2016-10-25,13.05,13.05,12.95,12.98,18291277.0,293956744.0,3126154848.0,0.005851046377853641
2016-10-26,13.0,13.04,12.89,12.92,17193754.0,275884173.0,3126154848.0,0.00549996875906513
2016-10-27,12.89,12.94,12.87,12.92,9943620.0,158865253.0,3126154848.0,0.0031807829373396413
2016-10-28,12.95,13.26,12.93,12.94,32157203.0,521059966.0,3126154848.0,0.010286503568616573
2016-10-31,12.87,12.91,12.78,12.89,16481130.0,261837173.0,3126154848.0,0.0052720133203075425
2016-11-01,12.89,13.04,12.84,12.97,19168225.0,307548932.0,3126154848.0,0.006131566071419377
2016-11-02,12.92,13.1,12.85,12.88,21922953.0,351833652.0,3126154848.0,0.0070127533874483235
2016-11-03,12.88,13.23,12.83,13.07,49373554.0,800856043.0,3126154848.0,0.0157937006964282
2016-11-04,13.08,13.2,13.0,13.04,24580597.0,398343491.0,3126154848.0,0.007862885300043844
2016-11-07,13.04,13.06,12.95,13.01,16556638.0,266319286.0,3126154848.0,0.005296166954299251
2016-11-08,13.08,13.17,13.0,13.03,19079899.0,308387110.0,3126154848.0,0.006103312192678691
2016-11-09,13.06,13.06,12.8,12.88,24778062.0,396079453.0,3126154848.0,0.007926050757163261
2016-11-10,12.99,13.13,12.96,13.03,34027619.0,549745796.0,3126154848.0,0.010884815581598472
2016-11-11,13.0,13.54,12.97,13.39,81741512.0,1344688783.0,3126154848.0,0.02614762095111675
2016-11-14,13.29,13.78,13.25,13.46,77136387.0,1292881513.0,3126154848.0,0.024674525335604873
2016-11-15,13.42,13.55,13.3,13.39,30757355.0,510257477.0,3126154848.0,0.00983871768849756
2016-11-16,13.43,13.61,13.34,13.54,39869345.0,665428223.0,3126154848.0,0.012753477335106083
2016-11-17,13.54,13.54,13.28,13.46,35847563.0,594668027.0,3126154848.0,0.011466982521014264
2016-11-18,13.41,13.46,13.27,13.32,23330083.0,385706995.0,3126154848.0,0.007462868646742095
2016-11-21,13.26,13.52,13.25,13.36,30664777.0,508714964.0,3126154848.0,0.009809103672397484
2016-11-22,13.38,13.53,13.35,13.47,31140287.0,518432958.0,3126154848.0,0.009961210661052962
2016-11-23,13.5,13.56,13.31,13.35,31442872.0,523039632.0,3126154848.0,0.010058002091648149
2016-11-24,13.31,13.67,13.29,13.42,37621723.0,627386484.0,3126154848.0,0.012034503992682579
2016-11-25,13.38,13.55,13.16,13.51,31075895.0,513834133.0,3126154848.0,0.009940612833008329
2016-11-28,13.59,13.65,13.4,13.42,32740421.0,546340648.0,3126154848.0,0.010473064384813225
2016-11-29,13.39,13.57,13.27,13.49,39807695.0,661731508.0,3126154848.0,0.01273375662292209
2016-11-30,13.42,13.76,13.36,13.74,72408407.0,1216892912.0,3126154848.0,0.023162130643120338
2016-12-01,13.68,13.8,13.58,13.77,55261230.0,936673513.0,3126154848.0,0.017677061018059975
2016-12-02,13.73,13.73,13.39,13.55,49824601.0,834661430.0,3126154848.0,0.01593798241692217
2016-12-05,13.35,13.45,13.08,13.15,41713807.0,682338349.0,3126154848.0,0.013343487136181682
2016-12-06,13.17,13.21,12.97,13.0,24735710.0,401122661.0,3126154848.0,0.007912503123709629
2016-12-07,13.04,13.08,12.94,13.07,17542344.0,282739867.0,3126154848.0,0.005611476351282775
2016-12-08,13.08,13.08,12.93,12.99,17519372.0,281967219.0,3126154848.0,0.005604128026866058
2016-12-09,12.97,13.06,12.96,13.0,17633593.0,284022846.0,3126154848.0,0.005640665244487595
2016-12-12,13.0,13.02,12.68,12.81,42500214.0,673255285.0,3126154848.0,0.013595044412847972
2016-12-13,12.88,12.88,12.73,12.81,14515884.0,230136590.0,3126154848.0,0.004643366917440681
2016-12-14,12.82,12.83,12.54,12.56,18979873.0,298825903.0,3126154848.0,0.0060713156970271746
2016-12-15,12.48,12.67,12.45,12.55,21379937.0,332312988.0,3126154848.0,0.006839052458862716
2016-12-16,12.62,12.64,12.54,12.59,12413771.0,193320930.0,3126154848.0,0.003970939253998208
2016-12-19,12.62,12.62,12.5,12.53,11672696.0,181428545.0,3126154848.0,0.0037338828585115565
2016-12-20,12.62,12.62,12.5,12.58,13345458.0,207524375.0,3126154848.0,0.004268968956716248
2016-12-21,12.63,12.67,12.59,12.62,12827750.0,200558270.0,3126154848.0,0.004103363596402375
2016-12-22,12.61,12.61,12.5,12.58,10059949.0,156353592.0,3126154848.0,0.0032179944657687027
2016-12-23,12.58,12.58,12.41,12.48,12584404.0,194438153.0,3126154848.0,0.004025521643002119
2016-12-26,12.41,12.56,12.33,12.55,14785294.0,228360325.0,3126154848.0,0.0047295462697438334
2016-12-27,12.58,12.59,12.47,12.49,8028383.0,124438094.0,3126154848.0,0.0025681335027713894
2016-12-28,12.47,12.5,12.38,12.42,9678053.0,148964968.0,3126154848.0,0.0030958328907448925
2016-12-29,12.51,12.51,12.4,12.43,7373805.0,113621346.0,3126154848.0,0.002358745922236543
2016-12-30,12.51,12.56,12.43,12.54,9057679.0,140001078.0,3126154848.0,0.002897386546861162
2017-01-03,12.57,12.66,12.53,12.61,10229763.0,159789590.0,3126154848.0,0.003272314871588856
2017-01-04,12.62,12.64,12.56,12.61,8653471.0,135025926.0,3126154848.0,0.0027680877694002187
2017-01-05,12.62,12.62,12.45,12.48,13888394.0,215180271.0,3126154848.0,0.004442644294758875
2017-01-06,12.48,12.49,12.33,12.33,14430820.0,221311985.0,3126154848.0,0.004616156493090006
2017-01-09,12.29,12.37,12.28,12.33,8685359.0,132520591.0,3126154848.0,0.0027782881598320624
2017-01-10,12.34,12.39,12.31,12.31,8074953.0,123447779.0,3126154848.0,0.002583030397603644
2017-01-11,12.3,12.35,12.2,12.23,9828852.0,149220320.0,3126154848.0,0.003144070744380478
2017-01-12,12.2,12.27,12.16,12.16,9198402.0,139088624.0,3126154848.0,0.0029424012716084114
2017-01-13,12.16,12.31,12.06,12.29,16003325.0,241733223.0,3126154848.0,0.005119172202950326
2017-01-16,12.24,12.54,11.81,12.49,48550277.0,735805786.0,3126154848.0,0.015530349378265987
2017-01-17,12.35,12.36,12.15,12.32,9247730.0,140369869.0,3126154848.0,0.002958180400409903
2017-01-18,12.26,12.37,12.21,12.26,6676094.0,101875621.0,3126154848.0,0.002135560880572222
2017-01-19,12.19,12.33,12.18,12.26,6330912.0,96160164.0,3126154848.0,0.0020251434454855257
2017-01-20,12.24,12.36,12.22,12.31,6503334.0,99144817.0,3126154848.0,0.0020802981030068283
2017-01-23,12.32,12.37,12.29,12.33,6508959.0,99303736.0,3126154848.0,0.0020820974380601123
2017-01-24,12.35,12.37,12.24,12.25,4757101.0,72266842.0,3126154848.0,0.001521709970011057
2017-01-25,12.23,12.28,12.2,12.22,4961205.0,75087915.0,3126154848.0,0.0015869991223160292
2017-01-26,12.25,12.29,12.23,12.29,5244097.0,79639362.0,3126154848.0,0.0016774911208748927
2017-02-03,12.26,12.36,12.21,12.24,4246441.0,64462295.0,3126154848.0,0.0013583591365337255
2017-02-14,12.52,12.72,12.41,12.45,32756516.0,507570171.0,3126154848.0,0.010478212882179021
2017-02-15,12.37,12.51,12.3,12.34,16268814.0,249526841.0,3126154848.0,0.005204097298765669
2017-02-16,12.33,12.54,12.28,12.5,19669189.0,303109045.0,3126154848.0,0.006291815331087528
2017-02-17,12.53,12.87,12.49,12.52,32460667.0,509048878.0,3126154848.0,0.010383576175302753
2017-02-20,12.46,12.6,12.38,12.6,17276641.0,267015373.0,3126154848.0,0.0055264828007649605
2017-02-21,12.58,12.71,12.49,12.58,20197178.0,314544860.0,3126154848.0,0.006460709396056123
2017-02-22,12.55,12.58,12.42,12.49,16253121.0,251107675.0,3126154848.0,0.005199077393878347
2017-02-23,12.5,12.51,12.34,12.41,12327264.0,189671313.0,3126154848.0,0.00394326724022853
2017-02-24,12.39,12.45,12.37,12.41,10868800.0,166908709.0,3126154848.0,0.0034767311692680426
2017-02-27,12.41,12.45,12.33,12.33,9911890.0,151980811.0,3126154848.0,0.0031706330882301835
2017-02-28,12.33,12.41,12.3,12.34,8207329.0,125462936.0,3126154848.0,0.0026253750690727142
2017-03-01,12.33,12.41,12.3,12.34,8359300.0,127918169.0,3126154848.0,0.002673987824162957
2017-03-02,12.37,12.56,12.36,12.37,14705100.0,226366682.0,3126154848.0,0.004703893669697068
2017-03-03,12.35,12.36,12.27,12.35,10367767.0,157993894.0,3126154848.0,0.0033164598377565715
2017-03-06,12.34,12.43,12.3,12.4,8441988.0,129313900.0,3126154848.0,0.002700438209387125
2017-03-07,12.42,12.5,12.37,12.44,9607412.0,147844530.0,3126154848.0,0.0030732361214117314
2017-03-08,12.44,12.47,12.38,12.43,8083385.0,124397171.0,3126154848.0,0.00258572764083374
2017-03-09,12.44,12.46,12.27,12.42,9958295.0,152356621.0,3126154848.0,0.003185477202567542
2017-03-10,12.43,12.45,12.29,12.31,9017770.0,137940758.0,3126154848.0,0.0028846203846137823
2017-03-13,12.32,12.35,12.18,12.33,10397021.0,157753198.0,3126154848.0,0.0033258176595607975
2017-03-14,12.33,12.36,12.26,12.29,8673752.0,132104397.0,3126154848.0,0.002774575291927446
2017-03-15,12.29,12.31,12.24,12.29,6814056.0,103562867.0,3126154848.0,0.002179692411704873
2017-03-16,12.31,12.54,12.3,12.53,29354278.0,453039635.0,3126154848.0,0.009389898910087515
2017-03-17,12.56,12.58,12.32,12.36,15561377.0,239426019.0,3126154848.0,0.004977801086838549
2017-03-20,12.29,12.35,12.18,12.24,17480336.0,265042823.0,3126154848.0,0.0055916411214189474
2017-03-21,12.22,12.27,12.17,12.18,11623812.0,175587749.0,3126154848.0,0.003718245757223604
2017-03-22,12.1,12.18,12.08,12.08,11981846.0,179739239.0,3126154848.0,0.003832774313040043
2017-03-23,12.08,12.2,12.01,12.06,10353260.0,155220606.0,3126154848.0,0.003311819312668929
2017-03-24,12.05,12.24,12.03,12.16,10335661.0,155159465.0,3126154848.0,0.003306189713095108
2017-03-27,12.16,12.21,12.11,12.12,7952763.0,119629854.0,3126154848.0,0.002543944042019508
2017-03-28,12.14,12.14,12.03,12.04,6452300.0,96527731.0,3126154848.0,0.0020639732558762874
2017-03-29,12.07,12.12,11.93,11.95,10195879.0,151621071.0,3126154848.0,0.0032614759971096607
2017-03-30,11.94,12.0,11.84,11.89,12026970.0,177267496.0,3126154848.0,0.003847208658807934
2017-03-31,11.89,11.94,11.85,11.86,8098401.0,119154384.0,3126154848.0,0.0025905309857510933
2017-04-05,11.87,12.08,11.86,12.03,12070223.0,179295396.0,3126154848.0,0.003861044505751879
2017-04-06,12.04,12.08,11.95,11.97,8095806.0,120234397.0,3126154848.0,0.0025897008925131787
2017-04-07,11.99,12.07,11.95,12.01,9762750.0,145170123.0,3126154848.0,0.0031229259184796464
2017-04-10,12.02,12.16,11.98,12.07,14360637.0,214475421.0,3126154848.0,0.004593706229615405
2017-04-11,12.09,12.12,11.93,12.07,11515424.0,171284717.0,3126154848.0,0.0036835744100670986
2017-04-12,12.06,12.16,11.97,12.09,13181306.0,196947868.0,3126154848.0,0.0042164597215755065
2017-04-13,12.04,12.05,11.96,11.99,6775582.0,100655828.0,3126154848.0,0.002167385279822198
2017-04-14,11.99,11.99,11.87,11.98,9240651.0,136437324.0,3126154848.0,0.002955915957237957
2017-04-17,11.94,12.02,11.85,11.99,10346598.0,152863915.0,3126154848.0,0.0033096882602022663
2017-04-18,11.95,12.0,11.79,11.79,8184169.0,120301139.0,3126154848.0,0.002617966606879993
2017-04-19,11.78,11.78,11.53,11.74,13863843.0,199626319.0,3126154848.0,0.004434790877000089
2017-04-20,11.71,11.74,11.5,11.66,10330762.0,148373104.0,3126154848.0,0.0033046226122193678
2017-04-21,11.66,11.81,11.53,11.78,11244419.0,162500579.0,3126154848.0,0.0035968848463132815
2017-04-24,11.74,11.92,11.57,11.91,16238090.0,236336131.0,3126154848.0,0.005194269250734185
2017-04-25,11.83,11.9,11.79,11.81,5741958.0,84104737.0,3126154848.0,0.0018367477873572052
2017-04-26,11.81,11.98,11.74,11.83,7765606.0,114086082.0,3126154848.0,0.0024840759263630692
2017-04-27,11.82,11.82,11.64,11.75,8265526.0,119986726.0,3126154848.0,0.0026439912294453304
2017-04-28,11.75,11.77,11.66,11.75,6957816.0,100813995.0,3126154848.0,0.002225678617440002
2017-05-02,11.75,11.76,11.61,11.62,8419438.0,121521672.0,3126154848.0,0.002693224875084627
2017-05-03,11.62,11.68,11.56,11.63,6529551.0,93876275.0,3126154848.0,0.0020886844438231743
2017-05-04,11.6,11.66,11.53,11.62,8844631.0,127046150.0,3126154848.0,0.002829236371851021
2017-05-05,11.57,11.66,11.32,11.65,21570793.0,308097126.0,3126154848.0,0.006900103817250194
2017-05-08,11.57,11.75,11.41,11.73,20613512.0,296516044.0,3126154848.0,0.006593887060069265
2017-05-09,11.61,11.75,11.57,11.71,9860381.0,142514958.0,3126154848.0,0.0031541562972506984
2017-05-10,11.7,11.74,11.59,11.7,13768606.0,198731054.0,3126154848.0,0.004404326295227715
2017-05-11,11.62,11.73,11.55,11.63,12201407.0,175848110.0,3126154848.0,0.003903007878130546
2017-05-12,11.57,11.78,11.57,11.61,12144312.0,175486344.0,3126154848.0,0.0038847442274874797
2017-05-15,11.56,11.67,11.54,11.58,9378881.0,134921465.0,3126154848.0,0.003000133216689591
2017-05-16,11.55,11.64,11.42,11.61,10912942.0,155641247.0,3126154848.0,0.0034908513911208533
2017-05-17,11.59,11.72,11.52,11.55,10892511.0,156780762.0,3126154848.0,0.003484315886325539
2017-05-18,11.5,11.53,11.4,11.4,9018481.0,128116955.0,3126154848.0,0.0028848478205645172
2017-05-19,11.41,11.48,11.4,11.43,5323058.0,75314242.0,3126154848.0,0.001702749306677978
2017-05-22,11.4,11.42,11.15,11.15,10104456.0,141488835.0,3126154848.0,0.00323223144447386
2017-05-23,11.15,11.21,10.94,10.94,11606377.0,158610351.0,3126154848.0,0.0037126686182628915
2017-05-24,10.86,10.97,10.79,10.9,8207041.0,110671067.0,3126154848.0,0.002625282943117986
2017-05-25,10.9,11.34,10.83,11.22,19853186.0,273365756.0,3126154848.0,0.006350672620296254
2017-05-26,11.13,11.33,11.07,11.15,9051138.0,125719359.0,3126154848.0,0.0028952942000907565
2017-05-31,11.29,11.4,11.19,11.21,9851681.0,137712750.0,3126154848.0,0.003151373325701619
2017-06-01,11.2,11.27,11.16,11.19,7285208.0,101237934.0,3126154848.0,0.002330405355531512
2017-06-02,11.17,11.28,11.13,11.22,5697499.0,79073410.0,3126154848.0,0.001822526162977836
2017-06-05,11.21,11.25,11.11,11.11,6048784.0,83556925.0,3126154848.0,0.0019348958366121217
2017-06-06,11.11,11.15,11.07,11.11,5604579.0,77081638.0,3126154848.0,0.0017928027473065212
2017-06-07,11.13,11.31,11.11,11.26,15041909.0,208845846.0,3126154848.0,0.004811632734579116
2017-06-08,11.25,11.27,11.18,11.19,7514540.0,104351993.0,3126154848.0,0.0024037644855652396
2017-06-09,11.19,11.28,11.16,11.2,7879306.0,109428559.0,3126154848.0,0.002520446485573449
2017-06-12,11.19,11.19,10.91,10.92,10591972.0,144643522.0,3126154848.0,0.003388178933867066
2017-06-13,10.9,11.06,10.88,11.03,6507937.0,88669989.0,3126154848.0,0.0020817705188735424
2017-06-14,11.01,11.04,10.95,11.0,6442669.0,87728903.0,3126154848.0,0.002060892474383278
2017-06-15,11.0,11.15,11.0,11.09,8914371.0,122291713.0,3126154848.0,0.0028515449276938698
2017-06-16,11.07,11.17,11.05,11.07,9590944.0,131738178.0,3126154848.0,0.00306796830813929
2017-06-19,11.07,11.33,11.06,11.22,17620749.0,245025475.0,3126154848.0,0.00563655668281215
2017-06-20,11.24,11.28,11.18,11.21,9879058.0,137226393.0,3126154848.0,0.0031601307293911756
2017-06-21,11.33,11.4,11.17,11.19,10704629.0,149186885.0,3126154848.0,0.0034242158563733438
2017-06-22,11.19,11.4,11.18,11.19,17893040.0,249933802.0,3126154848.0,0.005723657614544371
2017-06-23,11.17,11.19,11.07,11.13,11896019.0,163801286.0,3126154848.0,0.003805319818885696
2017-06-26,11.15,11.34,11.12,11.31,14742535.0,205460293.0,3126154848.0,0.0047158684444027895
2017-06-27,11.35,11.35,11.24,11.28,9226618.0,128753385.0,3126154848.0,0.002951427056117471
2017-06-28,11.24,11.28,11.2,11.23,6701838.0,93252534.0,3126154848.0,0.0021437959173031982
2017-06-29,11.23,11.28,11.22,11.25,5546894.0,77257905.0,3126154848.0,0.001774350366408977
2017-06-30,11.24,11.24,11.17,11.24,5432073.0,75330998.0,3126154848.0,0.0017376212197150894
2017-07-03,11.21,11.24,11.17,11.23,6358799.0,88128343.0,3126154848.0,0.00203406398888658
2017-07-04,11.22,11.27,11.19,11.19,4968186.0,68976177.0,3126154848.0,0.0015892322170728249
2017-07-05,11.21,11.27,11.18,11.25,6766449.0,94001896.0,3126154848.0,0.002164463799459239
2017-07-06,11.26,11.28,11.16,11.21,7082360.0,98364123.0,3126154848.0,0.0022655179747513264
2017-07-07,11.19,11.38,11.15,11.34,15341225.0,214141591.0,3126154848.0,0.004907378471611781
2017-07-10,11.36,12.02,11.34,11.79,54166699.0,788060267.0,3126154848.0,0.017326940485578916
2017-07-11,11.8,12.03,11.7,11.72,35257266.0,517782633.0,3126154848.0,0.011278157261645666
2017-07-12,11.81,11.87,11.6,11.71,19161880.0,277755956.0,3126154848.0,0.006129536421479273
2017-07-13,11.69,11.95,11.67,11.88,21977721.0,321737533.0,3126154848.0,0.0070302726731724585
2017-07-14,11.92,12.09,11.82,11.91,20998651.0,310624620.0,3126154848.0,0.006717086011729129
2017-07-17,11.91,11.98,11.41,11.43,28050022.0,404803229.0,3126154848.0,0.00897269116977535
2017-07-18,11.43,11.61,11.32,11.53,16672331.0,237064897.0,3126154848.0,0.005333175037911622
2017-07-19,11.61,12.68,11.49,12.68,123332816.0,1900807936.0,3126154848.0,0.039451921608714885
2017-07-20,13.04,13.29,12.96,13.18,168990440.0,2742905092.0,3126154848.0,0.054056963975445405
2017-07-21,13.03,13.15,12.83,12.85,80814282.0,1297959227.0,3126154848.0,0.025851016961524486
2017-07-24,12.84,13.17,12.84,13.05,73478274.0,1185516186.0,3126154848.0,0.02350436161120065
2017-07-25,12.99,13.07,12.78,12.97,43003179.0,687225754.0,3126154848.0,0.013755933755972411
2017-07-26,12.92,13.08,12.71,12.92,50031091.0,797957959.0,3126154848.0,0.01600403480717152
2017-07-27,12.9,13.22,12.7,13.05,62071717.0,996686513.0,3126154848.0,0.01985561177166615
2017-07-28,12.9,12.98,12.72,12.78,36018522.0,572536966.0,3126154848.0,0.011521669191480817
2017-07-31,12.83,13.33,12.73,13.23,82580509.0,1338286372.0,3126154848.0,0.026416000810974543
2017-08-01,13.22,13.64,13.08,13.2,115349909.0,1911256285.0,3126154848.0,0.0368983350501005
2017-08-02,13.21,13.49,12.88,13.16,78154086.0,1265114213.0,3126154848.0,0.025000068710607903
2017-08-03,13.08,13.25,12.96,13.0,39168359.0,629535160.0,3126154848.0,0.012529244680588516
2017-08-04,12.95,13.34,12.87,12.99,50054804.0,806000642.0,3126154848.0,0.016011620163992595
2017-08-07,12.83,12.99,12.72,12.9,44094607.0,694003165.0,3126154848.0,0.01410506169526763
2017-08-08,12.87,13.16,12.69,13.03,52482826.0,833381876.0,3126154848.0,0.016788300180836085
2017-08-09,12.96,12.96,12.74,12.82,34381625.0,540560428.0,3126154848.0,0.010998055653575865
2017-08-10,12.8,13.03,12.52,12.68,45091595.0,705297375.0,3126154848.0,0.014423979998574914
2017-08-11,12.55,12.58,12.03,12.05,47454013.0,719185851.0,3126154848.0,0.015179674490647624
2017-08-14,12.12,12.42,12.04,12.35,34046960.0,510886558.0,3126154848.0,0.010891002415245682
2017-08-15,12.29,12.41,12.15,12.2,23717700.0,357018939.0,3126154848.0,0.007586860265470765
2017-08-16,12.21,12.39,12.16,12.2,23247582.0,350156552.0,3126154848.0,0.007436478079412143
2017-08-17,12.16,12.38,12.15,12.37,29421340.0,443158671.0,3126154848.0,0.009411350822504107
2017-08-18,12.3,12.36,12.2,12.23,21821265.0,328130601.0,3126154848.0,0.006980225248266397
2017-08-21,12.28,12.37,12.23,12.36,18229456.0,275213731.0,3126154848.0,0.005831270965884029
2017-08-22,12.37,12.47,12.21,12.28,23686394.0,358464662.0,3126154848.0,0.007576846046239102
2017-08-23,12.31,12.61,12.21,12.37,32572774.0,495259834.0,3126154848.0,0.010419437162826043
2017-08-24,12.37,12.37,12.11,12.14,19954106.0,299562687.0,3126154848.0,0.006382955090265574
2017-08-25,12.15,12.49,12.14,12.43,41238913.0,625742141.0,3126154848.0,0.013191577194707151
2017-08-28,12.81,13.68,12.75,13.68,277137061.0,4621563263.0,3126154848.0,0.08865109838602594
2017-08-29,13.76,13.9,13.55,13.65,240220000.0,4048834641.0,3126154848.0,0.07684200293331087
2017-08-30,13.62,14.01,13.49,13.62,139617219.0,2356845709.0,3126154848.0,0.044661005544662
2017-08-31,13.52,13.76,13.52,13.7,85218369.0,1427075192.0,3126154848.0,0.0272598041822911
2017-09-01,13.69,13.89,13.65,13.8,88744534.0,1496882368.0,3126154848.0,0.028387760144631197
2017-09-04,13.67,13.77,13.53,13.59,63432618.0,1059393906.0,3126154848.0,0.02029093921581712
2017-09-05,13.61,13.79,13.56,13.59,52167339.0,874256496.0,3126154848.0,0.01668738163542179
2017-09-06,13.51,13.55,13.25,13.44,52629279.0,865053677.0,3126154848.0,0.01683514782822428
2017-09-07,13.48,13.61,13.3,13.3,46051735.0,761262289.0,3126154848.0,0.014731111297785591
2017-09-08,13.32,13.39,13.19,13.34,37878053.0,618097668.0,3126154848.0,0.012116499291208494
2017-09-11,13.27,13.43,13.13,13.33,32459146.0,529956056.0,3126154848.0,0.010383089635104346
2017-09-12,13.38,13.6,13.34,13.39,65173318.0,1076888298.0,3126154848.0,0.020847757442884033
2017-09-13,13.41,13.51,13.28,13.48,32721780.0,537890868.0,3126154848.0,0.01046710146841709
2017-09-14,13.49,13.63,13.38,13.52,47385444.0,786669337.0,3126154848.0,0.015157740516377645
2017-09-15,13.52,13.61,13.34,13.48,41772051.0,692028498.0,3126154848.0,0.0133621183309983
2017-09-18,13.52,13.74,13.47,13.58,63939896.0,1068598005.0,3126154848.0,0.020453208209089968
2017-09-19,13.57,13.6,13.14,13.24,42791700.0,700415974.0,3126154848.0,0.013688285475486466
2017-09-20,13.25,13.45,13.25,13.34,29931737.0,489454732.0,3126154848.0,0.00957461752707139
2017-09-21,13.34,13.57,13.25,13.26,32517048.0,535261001.0,3126154848.0,0.010401611430349723
2017-09-22,13.21,13.38,13.06,13.32,30633109.0,496359418.0,3126154848.0,0.009798973655958837
2017-09-25,13.26,13.34,13.12,13.27,32037610.0,521116306.0,3126154848.0,0.010248247946033927
2017-09-26,13.21,13.31,13.19,13.22,15976175.0,259583080.0,3126154848.0,0.005110487412426475
2017-09-27,13.26,13.27,12.99,13.0,31424103.0,505655135.0,3126154848.0,0.010051998230383245
2017-09-28,13.03,13.03,12.85,12.9,30535944.0,484007748.0,3126154848.0,0.009767892342100643
2017-09-29,12.94,13.21,12.9,13.09,32665331.0,525348082.0,3126154848.0,0.010449044461408586
2017-10-09,13.44,13.49,13.1,13.14,28363428.0,461317341.0,3126154848.0,0.009072944041190373
2017-10-10,13.07,13.22,12.95,13.17,25820605.0,414694337.0,3126154848.0,0.00825954127528874
2017-10-11,13.12,13.25,13.05,13.14,22817422.0,368875455.0,3126154848.0,0.007298877729808475
2017-10-12,13.15,13.21,13.08,13.17,16378333.0,264058843.0,3126154848.0,0.0052391304322235545
2017-10-13,13.19,13.19,13.05,13.12,18008605.0,289712247.0,3126154848.0,0.005760624753287973
2017-10-16,13.17,13.21,12.84,12.86,32221602.0,516883087.0,3126154848.0,0.010307103635833717
2017-10-17,12.86,12.93,12.68,12.72,19712875.0,308508236.0,3126154848.0,0.006305789686845352
2017-10-18,12.76,12.99,12.68,12.72,22344668.0,351475328.0,3126154848.0,0.007147652335358661
2017-10-19,12.72,12.79,12.39,12.44,26916008.0,413143138.0,3126154848.0,0.008609940744688281
2017-10-20,12.44,12.52,12.39,12.51,13511633.0,206724018.0,3126154848.0,0.004322125312712597
2017-10-23,12.55,12.55,12.45,12.52,14516120.0,222624848.0,3126154848.0,0.004643442409542472
2017-10-24,12.47,12.72,12.46,12.69,26703137.0,414163586.0,3126154848.0,0.008541847188754484
2017-10-25,12.66,12.79,12.61,12.71,16508141.0,257120220.0,3126154848.0,0.005280653647262965
2017-10-26,12.69,12.91,12.61,12.76,25885686.0,405783246.0,3126154848.0,0.00828035950188479
2017-10-27,12.72,12.83,12.68,12.71,16122307.0,251900329.0,3126154848.0,0.005157232377760963
2017-10-30,12.68,12.68,12.24,12.58,34485001.0,526164757.0,3126154848.0,0.011031123753214672
2017-10-31,12.53,12.53,12.35,12.42,17373974.0,264977739.0,3126154848.0,0.005557617854763412
2017-11-01,12.36,12.55,12.36,12.37,25039569.0,382334006.0,3126154848.0,0.008009702083701773
2017-11-02,12.36,12.76,12.33,12.51,33204157.0,509876926.0,3126154848.0,0.010621405085305614
2017-11-03,12.47,12.59,12.38,12.57,22842592.0,350108772.0,3126154848.0,0.00730692915439357
2017-11-06,12.53,12.59,12.37,12.46,16603324.0,253317407.0,3126154848.0,0.005311100955418827
2017-11-07,12.46,12.92,12.46,12.77,48043945.0,750690727.0,3126154848.0,0.015368382993163876
2017-11-08,12.68,13.46,12.68,13.03,73758842.0,1184705307.0,3126154848.0,0.023594110204485944
2017-11-09,12.98,13.21,12.95,13.12,32143540.0,516089876.0,3126154848.0,0.01028213302375737
2017-11-10,13.25,13.27,12.97,13.12,31527625.0,507001882.0,3126154848.0,0.010085113032762988
2017-11-13,13.2,13.35,13.07,13.12,31715437.0,514051482.0,3126154848.0,0.010145190670990076
2017-11-14,13.04,13.11,12.85,12.91,31590596.0,501262194.0,3126154848.0,0.01010525630878794
2017-11-15,12.86,13.27,12.84,12.98,38555392.0,618045280.0,3126154848.0,0.012333167701102949
2017-11-16,12.9,12.95,12.49,12.54,32953126.0,514058135.0,3126154848.0,0.010541104840370338
2017-11-17,12.47,12.85,12.41,12.82,47683555.0,741090584.0,3126154848.0,0.015253100795856674
2017-11-20,12.69,12.73,12.46,12.71,22347102.0,345828990.0,3126154848.0,0.007148430927628829
2017-11-21,12.69,13.54,12.64,13.28,76212532.0,1236430614.0,3126154848.0,0.02437900094704458
2017-11-22,13.24,13.43,13.1,13.24,47112335.0,765199097.0,3126154848.0,0.015070377921343454
2017-11-23,13.19,13.41,12.55,12.69,49023842.0,783575776.0,3126154848.0,0.01568183419684526
2017-11-24,12.57,12.75,12.38,12.72,37378802.0,576385062.0,3126154848.0,0.011956797989041904
2017-11-27,12.64,12.9,12.5,12.75,24483489.0,382108073.0,3126154848.0,0.007831822219447525
2017-11-28,12.65,12.82,12.57,12.76,17488911.0,272893802.0,3126154848.0,0.0055943841077446205
2017-11-29,12.8,12.8,12.5,12.75,21722867.0,337222607.0,3126154848.0,0.006948749520164524
2017-11-30,12.69,12.92,12.6,12.72,21934525.0,343187152.0,3126154848.0,0.007016455059490386
2017-12-01,12.67,12.72,12.54,12.64,17672362.0,273421880.0,3126154848.0,0.005653066741497509
2017-12-04,12.57,12.62,12.29,12.51,26108449.0,398393795.0,3126154848.0,0.008351617328458068
2017-12-05,12.46,12.88,12.43,12.77,56506681.0,880253703.0,3126154848.0,0.018075458109872874
2017-12-06,12.72,12.87,12.63,12.86,17515077.0,273937698.0,3126154848.0,0.0056027541345898164
2017-12-07,12.84,12.9,12.66,12.85,13377660.0,209738047.0,3126154848.0,0.004279269790029288
2017-12-08,12.8,12.89,12.72,12.73,9640932.0,151381619.0,3126154848.0,0.0030839585589203674
2017-12-11,12.69,12.77,12.52,12.61,18008959.0,278770578.0,3126154848.0,0.00576073799144066
2017-12-12,12.57,12.59,12.44,12.46,10669468.0,163895270.0,3126154848.0,0.0034129684928518294
2017-12-13,12.47,12.56,12.42,12.53,8113007.0,124459310.0,3126154848.0,0.002595203179135674
2017-12-14,12.53,12.55,12.28,12.32,15128066.0,229642467.0,3126154848.0,0.0048391927897232555
2017-12-15,12.28,12.36,11.83,11.97,24261401.0,358054977.0,3126154848.0,0.00776078031308064
2017-12-18,11.91,11.99,11.6,11.8,15051556.0,217477144.0,3126154848.0,0.004814718634180721
2017-12-19,11.79,11.89,11.75,11.8,9212879.0,133463254.0,3126154848.0,0.002947032200242437
2017-12-20,11.8,11.8,11.46,11.76,20017721.0,284930914.0,3126154848.0,0.006403304370161513
2017-12-21,11.69,11.81,11.54,11.7,12648852.0,181553542.0,3126154848.0,0.0040461373844268385
2017-12-22,11.73,11.73,11.48,11.52,16063862.0,228087494.0,3126154848.0,0.005138536886705108
2017-12-25,11.53,11.58,11.25,11.3,19412572.0,271561941.0,3126154848.0,0.006209728226488671
2017-12-26,11.32,11.38,11.26,11.36,14111526.0,195653439.0,3126154848.0,0.00451402015771165
2017-12-27,11.34,11.35,11.05,11.15,21896084.0,299303039.0,3126154848.0,0.007004158483706691
2017-12-28,11.14,11.4,11.07,11.25,17199494.0,237049305.0,3126154848.0,0.005501804880523948
2017-12-29,11.24,11.38,11.13,11.3,11146413.0,153301095.0,3126154848.0,0.003565534511872011
2018-01-02,11.34,11.48,11.26,11.4,20602551.0,287632687.0,3126154848.0,0.006590380835799213
2018-01-03,11.38,11.75,11.33,11.66,32534177.0,463539937.0,3126154848.0,0.010407090685483537
2018-01-04,11.62,11.66,11.51,11.58,13903921.0,197139738.0,3126154848.0,0.004447611099269514
2018-01-05,11.57,11.71,11.52,11.57,16809537.0,238896860.0,3126154848.0,0.005377064738413111
2018-01-08,11.53,11.92,11.51,11.7,30014949.0,431956505.0,3126154848.0,0.009601235530352078
2018-01-09,11.67,11.72,11.51,11.55,12711152.0,180744795.0,3126154848.0,0.004066066019772543
2018-01-10,11.55,11.64,11.33,11.38,16617900.0,233535434.0,3126154848.0,0.00531576355234979
2018-01-11,11.35,11.48,11.35,11.42,12644628.0,176837620.0,3126154848.0,0.0040447862037574925
2018-01-12,11.43,11.53,11.36,11.39,10376316.0,145249952.0,3126154848.0,0.003319194507155776
2018-01-15,11.38,11.39,11.11,11.17,19473008.0,267962343.0,3126154848.0,0.0062290606021829405
2018-01-16,11.22,11.48,11.17,11.46,12671042.0,175372957.0,3126154848.0,0.004053235561285926
2018-01-17,11.6,12.1,11.6,11.75,53466187.0,779264360.0,3126154848.0,0.017102859455028506
2018-01-18,11.72,11.93,11.57,11.72,25402382.0,365698966.0,3126154848.0,0.008125759354579482
2018-01-19,11.72,12.44,11.67,12.19,61778038.0,916741432.0,3126154848.0,0.019761669208268214
2018-01-22,12.07,12.36,12.0,12.17,28450294.0,423994757.0,3126154848.0,0.009100730892521674
2018-01-23,12.11,12.35,12.07,12.24,23559509.0,353195367.0,3126154848.0,0.007536257845663824
2018-01-24,12.25,12.57,12.12,12.5,43268692.0,659613767.0,3126154848.0,0.013840866528950647
2018-01-25,12.39,12.48,12.29,12.33,22860412.0,347007721.0,3126154848.0,0.007312629447842374
2018-01-26,12.18,12.39,12.12,12.18,21904548.0,328884299.0,3126154848.0,0.007006865963153979
2018-01-29,12.35,12.55,12.07,12.14,38509257.0,582700693.0,3126154848.0,0.012318409954848149
2018-01-30,12.07,12.28,11.97,12.09,24638255.0,366550149.0,3126154848.0,0.007881329044133132
2018-01-31,12.02,12.08,11.7,11.83,21600675.0,315402309.0,3126154848.0,0.006909662524816813
2018-02-01,11.75,12.03,11.69,12.02,31238952.0,455139464.0,3126154848.0,0.00999277179759203
2018-02-02,11.93,12.1,11.74,12.0,15464476.0,225961234.0,3126154848.0,0.00494680422177219
2018-02-05,11.81,12.11,11.76,12.08,14534198.0,213089489.0,3126154848.0,0.004649225232492386
2018-02-06,11.84,12.11,11.76,12.06,45612936.0,668871094.0,3126154848.0,0.014590747489421867
2018-02-07,12.17,12.27,11.81,12.03,25938179.0,382213484.0,3126154848.0,0.00829715105654293
2018-02-08,11.9,12.06,11.29,11.61,26563077.0,378793724.0,3126154848.0,0.00849704454563218
2018-02-09,11.25,11.36,10.58,11.14,34804030.0,464617282.0,3126154848.0,0.011133175319919406
2018-02-12,11.0,11.09,10.77,10.85,16359429.0,218913140.0,3126154848.0,0.005233083386917371
2018-02-13,10.97,11.0,10.78,10.79,11863330.0,158547857.0,3126154848.0,0.0037948632031422646
2018-02-14,10.79,10.84,10.6,10.71,11265939.0,147624654.0,3138154848.0,0.003589988240121413
2018-02-22,10.78,10.87,10.62,10.71,19834622.0,261091426.0,3138154848.0,0.006320472685610446
2018-02-23,10.72,10.85,10.68,10.78,11500503.0,152106281.0,3138154848.0,0.0036647340736960343
2018-02-26,10.84,11.09,10.77,11.02,18719126.0,251200617.0,3138154848.0,0.005965010302767571
2018-02-27,10.99,11.04,10.89,11.0,15844562.0,213048848.0,3138154848.0,0.005049005790806662
2018-02-28,10.89,11.23,10.8,10.94,15271703.0,204692189.0,3138154848.0,0.004866459349427234
2018-03-01,10.88,10.99,10.83,10.96,10553739.0,141593308.0,3138154848.0,0.003363039592111294
2018-03-02,10.88,11.0,10.81,10.83,9768631.0,130472274.0,3138154848.0,0.0031128581835997405
2018-03-05,10.82,10.92,10.78,10.87,8013475.0,106654357.0,3138154848.0,0.0025535626468869517
2018-03-06,10.89,11.08,10.89,11.04,13876258.0,186972798.0,3138154848.0,0.00442178881288907
2018-03-07,11.01,11.09,10.87,10.99,10200660.0,137515100.0,3138154848.0,0.0032505279357075245
2018-03-08,10.91,10.96,10.87,10.92,7455454.0,99793401.0,3138154848.0,0.002375744461670363
2018-03-09,10.92,11.11,10.89,11.07,15681804.0,211915047.0,3138154848.0,0.004997141555966967
2018-03-12,11.08,11.21,11.0,11.15,20967848.0,285739426.0,3138154848.0,0.006681584885259302
2018-03-13,11.12,11.12,10.99,11.05,10402889.0,140923606.0,3138154848.0,0.0033149699437648654
2018-03-14,11.0,11.08,10.88,10.89,9193099.0,123832228.0,3138154848.0,0.0029294599678084464
2018-03-15,10.88,10.96,10.78,10.87,8274155.0,110304504.0,3138154848.0,0.002636630568205792
2018-03-16,10.92,10.93,10.8,10.83,8491309.0,113037016.0,3138154848.0,0.002705828555723328
2018-03-19,10.78,10.84,10.69,10.79,9649156.0,127483739.0,3138154848.0,0.0030747864485239067
2018-03-20,10.74,10.75,10.61,10.65,8224828.0,107650797.0,3138154848.0,0.0026209120959221704
2018-03-21,10.71,10.96,10.67,10.72,15053179.0,199766084.0,3138154848.0,0.00479682479964099
2018-03-22,10.7,10.84,10.69,10.7,9188873.0,121235578.0,3138154848.0,0.002928113316605848
2018-03-23,10.48,10.57,9.81,9.88,19496094.0,244683384.0,5168372011.0,0.003772192473472475
2018-03-26,9.88,9.95,9.63,9.92,12702880.0,152695521.0,5168372011.0,0.00245781069415361
2018-03-27,10.07,10.12,9.98,10.06,13118024.0,161569466.0,5168372011.0,0.0025381346335133226
2018-03-28,9.95,10.12,9.9,9.95,10402109.0,127445988.0,5168372011.0,0.0020126471116747946
2018-03-29,9.99,10.17,9.94,10.14,19058488.0,235940609.0,5168372011.0,0.003687522484727735
2018-03-30,10.19,10.22,10.05,10.12,13036743.0,161773627.0,5168372011.0,0.0025224080178929673
2018-04-02,10.17,10.43,10.05,10.12,21029053.0,263602402.0,5168372011.0,0.004068796316372591
2018-04-03,10.03,10.22,9.91,10.08,15465769.0,190983915.0,5168372011.0,0.0029923869580370265
2018-04-04,10.1,10.29,10.01,10.02,11269788.0,140405062.0,5168372011.0,0.0021805295702426557
2018-04-09,9.99,10.22,9.94,10.16,13740458.0,170624681.0,5168372011.0,0.0026585659799170367
2018-04-10,10.19,10.32,10.12,10.29,12569386.0,157910586.0,5168372011.0,0.002431981671065512
2018-04-11,10.31,10.32,10.19,10.22,9131313.0,114694048.0,5168372011.0,0.0017667677521210846
2018-04-12,10.15,10.27,10.1,10.17,9865616.0,123260034.0,5168372011.0,0.0019088440187747158
2018-04-13,10.2,10.23,9.96,9.97,10318682.0,127498942.0,5168372011.0,0.0019965052782652724
2018-04-16,9.95,10.02,9.73,9.75,11312660.0,136951531.0,5168372011.0,0.002188824638768829
2018-04-17,9.78,9.96,9.74,9.75,11770064.0,142260588.0,5168372011.0,0.0022773252341258374
2018-04-18,9.86,9.95,9.74,9.83,10795885.0,130085976.0,5168372011.0,0.0020888366737190737
2018-04-19,9.86,9.95,9.8,9.83,10635565.0,128723526.0,5168372011.0,0.0020578172347818636
2018-04-20,9.82,9.85,9.42,9.44,14095366.0,166631114.0,5168372011.0,0.0027272351854704755
2018-04-23,9.46,9.69,9.46,9.68,10961512.0,129172516.0,5168372011.0,0.0021208829350267914
2018-04-24,9.68,9.91,9.68,9.88,12609999.0,152403326.0,5168372011.0,0.002439839658051271
2018-04-25,9.88,9.95,9.81,9.86,9981177.0,121142868.0,5168372011.0,0.0019312032838883818
2018-04-26,9.84,9.94,9.68,9.69,7532100.0,90561288.0,5168372011.0,0.001457344785547404
2018-04-27,9.73,9.96,9.73,9.91,10436435.0,126344300.0,5168372011.0,0.0020192886614562233
2018-05-02,10.07,10.17,9.68,9.79,16349402.0,198844893.0,5168372011.0,0.0031633562687057126
2018-05-03,9.72,10.07,9.72,10.02,21022589.0,256722722.0,5168372011.0,0.004067545632407458
2018-05-04,9.95,10.03,9.89,9.95,10909376.0,133094407.0,5168372011.0,0.0021107954258674203
2018-05-07,9.95,10.06,9.95,10.03,13691120.0,168156253.0,5168372011.0,0.002649019840456682
2018-05-08,10.02,10.06,9.97,10.03,11025927.0,135414731.0,5168372011.0,0.002133346240660152
2018-05-09,9.95,9.95,9.8,9.82,13060567.0,157876370.0,5168372011.0,0.0025270175932001035
2018-05-10,9.85,9.9,9.81,9.88,6912263.0,83501531.0,5168372011.0,0.0013374159184533206
2018-05-11,9.91,9.92,9.77,9.77,6355541.0,76651034.0,5168372011.0,0.001229698827110996
2018-05-14,9.77,9.86,9.76,9.79,5965452.0,71770109.0,5168372011.0,0.0011542226425078441
2018-05-15,9.8,9.83,9.62,9.76,7239717.0,86382097.0,5168372011.0,0.0014007731998763816
2018-05-16,9.73,9.77,9.66,9.67,5966244.0,71133903.0,5168372011.0,0.0011543758822510966
2018-05-17,9.68,9.72,9.58,9.59,6797790.0,80341231.0,5168372011.0,0.0013152671645021027
2018-05-18,9.59,9.67,9.55,9.66,7012128.0,82599160.0,5168372011.0,0.0013567382504734334
2018-05-21,9.69,9.8,9.69,9.73,10150787.0,121279682.0,5188372011.0,0.0019564493406561937
2018-05-22,9.74,9.75,9.67,9.73,5753310.0,68479646.0,5188372011.0,0.0011088854052489414
2018-05-23,9.73,9.73,9.59,9.59,6015900.0,71277428.0,5188372011.0,0.0011594966566093442
2018-05-24,9.59,9.67,9.56,9.58,5065404.0,59667849.0,5188372011.0,0.0009762993072317689
2018-05-25,9.55,9.61,9.46,9.47,7044799.0,82273979.0,5188372011.0,0.001357805297126756
2018-05-28,9.46,9.54,9.44,9.48,5594327.0,65123177.0,5188372011.0,0.0010782432308514742
2018-05-29,9.5,9.51,9.27,9.28,8035800.0,92470379.0,5188372011.0,0.001548809526950476
2018-05-30,9.23,9.23,8.69,8.76,14654949.0,161060006.0,5188372011.0,0.0028245756026995883
2018-05-31,8.84,8.88,8.72,8.78,11813721.0,127231393.0,5188372011.0,0.002276961053477551
2018-06-01,8.78,8.94,8.62,8.73,14195375.0,152656721.0,5188372011.0,0.0027359979141634455
2018-06-04,8.74,8.8,8.58,8.61,10362001.0,110457216.0,5188372011.0,0.001997158449323074
2018-06-05,8.62,8.7,8.55,8.69,8616584.0,91126433.0,5188372011.0,0.001660749071526051
2018-06-06,8.62,8.79,8.56,8.71,9448693.0,100373445.0,5188372011.0,0.0018211286661726615
2018-06-07,8.72,8.88,8.65,8.76,15003266.0,161623075.0,5188372011.0,0.0028917097633306154
2018-06-08,8.76,8.76,8.61,8.62,12752325.0,135262992.0,5188372011.0,0.002457866354410106
2018-06-11,8.62,8.76,8.53,8.7,10537343.0,112178932.0,5188372011.0,0.002030953635872584
2018-06-12,8.71,8.82,8.61,8.81,8111862.0,87055876.0,5188372011.0,0.0015634696168281368
2018-06-13,8.76,8.84,8.69,8.7,6703943.0,72112688.0,5188372011.0,0.0012921091598263963
2018-06-14,8.63,8.84,8.62,8.74,7197980.0,77317572.0,5188372011.0,0.0013873292016723896
2018-06-15,8.69,8.81,8.5,8.53,10110095.0,107180434.0,5188372011.0,0.0019486064180759069
2018-06-19,8.45,8.52,7.68,7.69,23797007.0,231718274.0,5188372011.0,0.004586603842119909
2018-06-20,7.69,7.78,7.34,7.54,19807880.0,183656199.0,5188372011.0,0.003817744748835436
2018-06-21,7.5,7.53,7.21,7.28,16074603.0,145791552.0,5188372011.0,0.0030981978481727647
2018-06-22,7.19,7.37,7.17,7.35,13218896.0,118495359.0,5188372011.0,0.0025477926355269593
2018-06-25,7.43,7.43,7.19,7.28,14051621.0,125515000.0,5188372011.0,0.002708290957203685
2018-06-26,7.2,7.37,7.1,7.32,12210286.0,109050739.0,5188372011.0,0.0023533944701946315
2018-06-27,7.3,7.35,7.25,7.28,9180855.0,82113317.0,5188372011.0,0.0017695059221920547
2018-06-28,7.27,7.52,7.26,7.35,15843529.0,143578248.0,5188372011.0,0.0030536609492167735
2018-06-29,7.37,7.49,7.31,7.44,13804629.0,125394400.0,5188372011.0,0.002660686043855848
2018-07-02,7.46,7.46,7.13,7.27,11659845.0,104577532.0,5188372011.0,0.0022473031955456673
2018-07-03,7.24,7.32,7.14,7.3,12366311.0,110017742.0,5188372011.0,0.0023834665235611223
2018-07-04,7.27,7.31,7.22,7.26,7950788.0,70833694.0,5188372011.0,0.001532424425839807
2018-07-05,7.24,7.35,7.02,7.26,12378032.0,109409415.0,5188372011.0,0.002385725613690965
2018-07-06,7.21,7.4,7.05,7.28,12746749.0,113272566.0,5188372011.0,0.002456791643501139
2018-07-09,7.25,7.4,7.25,7.39,12792942.0,115362836.0,5188372011.0,0.0024656948215889987
2018-07-10,7.43,7.44,7.28,7.34,9173100.0,80821583.0,5188372011.0,0.001768011233687923
2018-07-11,7.24,7.24,6.78,6.89,16219812.0,135766617.0,5188372011.0,0.003126185239919567
2018-07-12,6.89,7.16,6.88,7.11,15281119.0,129315573.0,5188372011.0,0.0029452627852440245
2018-07-13,7.14,7.24,7.09,7.21,13278530.0,114412609.0,5188372011.0,0.002559286414283295
2018-07-16,7.24,7.37,7.17,7.23,10746449.0,93612405.0,5188372011.0,0.0020712564513909524
2018-07-17,7.24,7.38,7.23,7.31,8235443.0,72161248.0,5188372011.0,0.001587288456290302
2018-07-18,7.29,7.39,7.25,7.27,6655004.0,58482430.0,5188372011.0,0.0012826767213088336
2018-07-19,7.27,7.3,7.07,7.12,8693200.0,74663027.0,5188372011.0,0.0016755159386353416
2018-07-20,7.13,7.4,7.09,7.35,14644382.0,127954797.0,5188372011.0,0.0028225389330125274
2018-07-23,7.35,7.54,7.28,7.49,15722227.0,139807014.0,5188372011.0,0.0030302813612182984
2018-07-24,7.49,7.78,7.49,7.65,20882307.0,191815436.0,5188372011.0,0.004024828396215014
2018-07-25,7.67,7.68,7.56,7.59,9595063.0,87444970.0,5188372011.0,0.0018493398275330416
2018-07-26,7.61,7.65,7.55,7.58,9098923.0,82849705.0,5188372011.0,0.0017537144562319628
2018-07-27,7.59,7.61,7.45,7.46,7629275.0,68586345.0,5188372011.0,0.0014704564329282826
2018-07-30,7.46,7.65,7.44,7.45,9346749.0,84506391.0,5188372011.0,0.0018014801136433006
2018-07-31,7.43,7.7,7.41,7.61,12679485.0,115462533.0,5188372011.0,0.002443827268576328
2018-08-01,7.63,7.64,7.33,7.36,13108519.0,117614158.0,5188372011.0,0.0025265187176648656
2018-08-02,7.27,7.36,6.97,7.11,11415836.0,97816155.0,5188372011.0,0.0022002732216959376
2018-08-03,7.08,7.14,6.96,6.98,7239769.0,60977148.0,5188372011.0,0.0013953835585903982
2018-08-06,6.76,6.89,6.68,6.69,13257950.0,107578458.0,5188372011.0,0.0025553198521408027
2018-08-07,6.72,6.9,6.69,6.88,9726155.0,79507971.0,5188372011.0,0.0018746063272601368
2018-08-08,6.88,6.89,6.8,6.81,6120280.0,50318662.0,5188372011.0,0.00117961472057598
2018-08-09,6.79,7.03,6.76,6.93,9295399.0,77337317.0,5188372011.0,0.0017915829821555946
2018-08-10,6.9,6.96,6.85,6.95,4927351.0,40886618.0,5188372011.0,0.0009496911535166325
2018-08-13,6.86,7.1,6.83,7.07,8847219.0,74077046.0,5188372011.0,0.0017052013581992165
2018-08-14,7.03,7.06,6.95,6.99,5951003.0,49908621.0,5188372011.0,0.0011469884941525254
2018-08-15,6.99,7.0,6.8,6.81,6758955.0,55865833.0,5188372011.0,0.001302712100379496
2018-08-16,6.79,7.16,6.68,6.93,11412969.0,94926895.0,5188372011.0,0.0021997206398853193
2018-08-17,6.96,7.03,6.79,6.81,7361095.0,61230862.0,5188372011.0,0.0014187677723173193
2018-08-20,6.79,6.99,6.77,6.99,7715428.0,64031976.0,5188372011.0,0.0014870614488788243
2018-08-21,7.04,7.07,6.96,7.04,7594733.0,64052111.0,5188372011.0,0.0014637988532622975
2018-08-22,7.04,7.11,6.99,7.04,7570962.0,64157754.0,5188372011.0,0.001459217261975165
2018-08-23,7.04,7.22,7.02,7.15,10458354.0,89563822.0,5188372011.0,0.0020157293998631894
2018-08-24,7.12,7.29,7.09,7.2,8682953.0,74959719.0,5188372011.0,0.0016735409453275613
2018-08-27,7.23,7.38,7.22,7.34,9533600.0,83677352.0,5188372011.0,0.0018374935297213791
2018-08-28,7.33,7.44,7.26,7.31,8144066.0,71532670.0,5188372011.0,0.001569676573448002
2018-08-29,7.32,7.35,7.23,7.28,4634851.0,40471097.0,5188372011.0,0.0008933150880803331
2018-08-30,7.24,7.34,7.23,7.27,5976248.0,52259613.0,5188372011.0,0.00115185418226172
2018-08-31,7.32,7.38,7.21,7.32,8124652.0,71095174.0,5188372011.0,0.001565934744612514
2018-09-03,7.25,7.39,7.1,7.19,9132454.0,79355749.0,5188372011.0,0.0017601771770871578
2018-09-04,7.19,7.34,7.17,7.32,6583179.0,57395042.0,5188372011.0,0.001268833265240587
2018-09-05,7.34,7.37,7.26,7.26,5089710.0,44684571.0,5188372011.0,0.0009809840137155114
2018-09-06,7.21,7.31,7.14,7.2,6154380.0,53263297.0,5188372011.0,0.0011861871097430835
2018-09-07,7.17,7.44,7.17,7.36,8810572.0,77427841.0,5188372011.0,0.0016981380636007751
2018-09-10,7.33,7.34,7.0,7.01,10992783.0,94193165.0,5188372011.0,0.002118734542683894
2018-09-11,7.01,7.18,7.0,7.14,9615198.0,81949060.0,5188372011.0,0.0018532206209605968
2018-09-12,7.17,7.36,7.14,7.3,8595180.0,75080965.0,5188372011.0,0.0016566236927069106
2018-09-13,7.37,7.44,7.3,7.4,9037759.0,79861128.0,5188372011.0,0.0017419257872871908
2018-09-14,7.42,7.47,7.33,7.37,7518841.0,66724149.0,5188372011.0,0.0014491715289611294
2018-09-17,7.34,7.44,7.32,7.39,6966272.0,61716356.0,5188372011.0,0.0013426701063899483
2018-09-18,7.34,7.54,7.33,7.5,11574447.0,103671279.0,5188372011.0,0.002230843697302491
2018-09-19,7.5,7.58,7.43,7.49,12257083.0,110440107.0,5188372011.0,0.002362414062448384
2018-09-20,7.5,7.53,7.39,7.42,7570847.0,67595520.0,5188372011.0,0.0014591950970263608
2018-09-21,7.44,7.56,7.39,7.55,9631800.0,86674707.0,5188372011.0,0.0018564204686131556
2018-09-25,7.51,7.58,7.42,7.44,6359816.0,56986292.0,5188372011.0,0.001225782574286576
2018-09-26,7.48,7.55,7.41,7.45,7982295.0,71657718.0,5188372011.0,0.0015384970435960515
2018-09-27,7.49,7.49,7.34,7.38,7485384.0,66226296.0,5188372011.0,0.001442723070768643
2018-09-28,7.44,7.46,7.37,7.44,6007044.0,53520212.0,5188372011.0,0.0011577897628127498
2018-10-08,7.28,7.42,7.09,7.11,10530034.0,91716633.0,5188372011.0,0.0020295449088220748
2018-10-09,7.11,7.2,7.09,7.09,6012111.0,51411958.0,5188372011.0,0.0011587663697309233
2018-10-10,7.14,7.19,7.09,7.13,4952199.0,42392604.0,5188372011.0,0.0009544803243677817
2018-10-11,6.94,6.99,6.54,6.63,13815113.0,112132757.0,5188372011.0,0.0026627067162320332
2018-10-12,6.57,6.63,6.34,6.38,11202949.0,87304637.0,5188372011.0,0.00215924166120863
2018-10-15,6.5,6.7,6.44,6.52,11747223.0,92692760.0,5188372011.0,0.0022641443163856434
2018-10-16,6.51,6.73,6.4,6.44,8748319.0,69173556.0,5188372011.0,0.0016861395022277634
2018-10-17,6.51,6.69,6.48,6.64,11047493.0,87387798.0,5188372011.0,0.0021292792761540475
2018-10-18,6.57,6.69,6.34,6.47,9965281.0,77651176.0,5188372011.0,0.0019206951581097797
2018-10-19,6.39,6.8,6.35,6.79,18462688.0,147688306.0,5188372011.0,0.0035584742113435167
2018-10-22,6.79,7.48,6.79,7.48,24825767.0,217542436.0,5188372011.0,0.004784885691960071
2018-10-23,7.89,7.96,7.54,7.59,60206651.0,562584393.0,5188372011.0,0.0116041507571844
2018-10-24,7.53,7.91,7.45,7.66,44874075.0,414459380.0,5188372011.0,0.008648970217413348
2018-10-25,7.42,7.91,7.3,7.89,38435738.0,353183079.0,5188372011.0,0.007408053608822076
2018-10-26,7.92,7.92,7.59,7.69,25446146.0,236494448.0,5188372011.0,0.004904456724778211
2018-10-29,7.61,7.82,7.59,7.64,13776157.0,127197485.0,5188372011.0,0.0026551983880093444
2018-10-30,7.7,8.17,7.59,7.89,42620353.0,403390691.0,5188372011.0,0.008214590802209152
2018-10-31,7.82,7.84,7.64,7.69,30400564.0,281418238.0,5188372011.0,0.005859364736288567
2018-11-01,7.69,8.13,7.64,7.64,36561674.0,344745915.0,5188372011.0,0.007046848977383399
2018-11-02,7.84,7.96,7.66,7.89,30947895.0,290860753.0,5188372011.0,0.005964856593626397
2018-11-05,7.84,8.09,7.8,8.06,28027878.0,268501168.0,5188372011.0,0.005402056356132016
2018-11-06,7.94,8.12,7.81,7.94,21168157.0,201802061.0,5188372011.0,0.004079922749394386
2018-11-07,7.91,8.01,7.67,7.73,20132815.0,189130003.0,5188372011.0,0.003880372293527894
2018-11-08,7.79,7.93,7.65,7.68,18771734.0,175590576.0,5188372011.0,0.0036180393310660005
2018-11-09,7.67,7.79,7.57,7.69,12633049.0,116910666.0,5188372011.0,0.002434877254987952
2018-11-12,7.69,7.83,7.67,7.79,14505298.0,134798286.0,5188372011.0,0.0027957320657128956
2018-11-13,7.72,8.14,7.69,7.91,29368097.0,278553737.0,5188372011.0,0.005660368404142175
2018-11-14,7.89,8.02,7.75,7.84,21524645.0,203420602.0,5188372011.0,0.00414863177782261
2018-11-15,7.8,8.15,7.8,8.14,36425781.0,349995147.0,5188372011.0,0.007020657139228408
2018-11-16,8.16,8.57,8.04,8.3,48341460.0,482830843.0,5188372011.0,0.009317269443576913
2018-11-19,8.29,8.61,8.26,8.58,42261686.0,430193194.0,5188372011.0,0.008145461796185763
2018-11-20,8.49,8.63,8.14,8.14,33067781.0,332678191.0,5188372011.0,0.006373440634151166
2018-11-21,8.0,8.29,8.0,8.24,21682357.0,212602629.0,5188372011.0,0.0041790289813511215
2018-11-22,8.25,8.28,7.94,8.09,22874315.0,221507440.0,5188372011.0,0.004408765399147089
2018-11-23,8.09,8.15,7.73,7.76,17668608.0,167330661.0,5188372011.0,0.003405424276158366
2018-11-26,7.77,7.89,7.63,7.73,11940527.0,110876289.0,5188372011.0,0.002301401475199655
2018-11-27,7.78,7.94,7.73,7.79,15135836.0,141834500.0,5188372011.0,0.0029172611308345138
2018-11-28,7.78,7.97,7.72,7.92,20073990.0,189606457.0,5188372011.0,0.003869034440367927
2018-11-29,7.95,8.04,7.61,7.63,17748566.0,166993929.0,5188372011.0,0.0034208352759537695
2018-11-30,7.63,7.7,7.42,7.69,18052423.0,164028874.0,5188372011.0,0.0034794002746384796
2018-12-03,8.05,8.09,7.72,7.83,39490033.0,373184455.0,5188372011.0,0.007611257040990155
2018-12-04,7.79,7.85,7.6,7.76,23698951.0,219854073.0,5188372011.0,0.004567704657598809
2018-12-05,7.6,7.68,7.55,7.59,15441081.0,141217862.0,5188372011.0,0.0029760936508143538
2018-12-06,7.54,7.57,7.39,7.46,15604571.0,139960711.0,5188372011.0,0.003007604498466253
2018-12-07,7.44,7.55,7.43,7.48,8914070.0,80117453.0,5188372011.0,0.0017180861320470182
2018-12-10,7.42,7.54,7.36,7.49,8188129.0,73172634.0,5188372011.0,0.0015781692181362744
2018-12-11,7.5,7.56,7.48,7.51,8515864.0,76872359.0,5188372011.0,0.0016413364311474387
2018-12-12,7.54,7.63,7.37,7.39,20258096.0,181629014.0,5188372011.0,0.0039045187887549876
2018-12-13,7.4,7.45,7.17,7.32,29063633.0,255699923.0,5188372011.0,0.005601686413075517
2018-12-14,7.28,7.32,6.91,7.05,42525482.0,360319588.0,5188372011.0,0.00819630549040058
2018-12-17,6.99,7.01,6.91,6.99,22488104.0,187561780.0,5188372011.0,0.004334327598777111
2018-12-18,6.91,7.02,6.84,6.9,17315631.0,143758669.0,5188372011.0,0.003337391953254063
2018-12-19,6.91,6.94,6.82,6.83,12780373.0,105350804.0,5188372011.0,0.0024632722890540627
2018-12-20,6.83,6.95,6.81,6.92,19765475.0,163205430.0,5188372011.0,0.0038095716648873118
2018-12-21,6.87,6.9,6.74,6.77,16777143.0,137082822.0,5188372011.0,0.0032336044841099194
2018-12-24,6.74,6.79,6.68,6.69,12198788.0,98282690.0,5188372011.0,0.0023511783607916004
2018-12-25,6.65,6.65,6.42,6.52,28941430.0,225732905.0,5188372011.0,0.00557813316752163
2018-12-26,6.52,6.54,6.4,6.49,16715509.0,129672103.0,5188372011.0,0.003221725227983079
2018-12-27,6.63,6.64,6.46,6.46,19550201.0,153805371.0,5188372011.0,0.003768080037158307
2018-12-28,6.47,6.72,6.47,6.64,23910426.0,190086217.0,5677360540.0,0.004211539117788704
2019-01-02,6.66,6.74,6.57,6.71,15596007.0,124733333.0,5677360540.0,0.002747052418129499
2019-01-03,6.72,7.09,6.66,6.87,33086602.0,274459674.0,5677360540.0,0.005827814134206809
2019-01-04,6.78,7.49,6.76,7.36,51308901.0,441970787.0,5677360540.0,0.009037456867236407
2019-01-07,7.4,7.41,7.17,7.23,36049463.0,314426570.0,5677360540.0,0.006349687103014247
2019-01-08,7.19,7.38,7.11,7.23,25687357.0,223143849.0,5677360540.0,0.004524524524912417
2019-01-09,7.23,7.35,7.11,7.11,38576731.0,334317570.0,5677360540.0,0.006794835509953363
2019-01-10,7.1,7.14,6.89,6.95,35519416.0,298389420.0,5677360540.0,0.0062563255847056
2019-01-11,6.93,6.97,6.79,6.84,49227433.0,405101231.0,5677360540.0,0.008670830864653877
2019-01-14,6.89,6.94,6.82,6.84,20835038.0,171570826.0,5677360540.0,0.0036698458470632903
2019-01-15,6.86,7.06,6.81,6.98,35934644.0,300175268.0,5677360540.0,0.006329463092368624
2019-01-16,6.99,7.15,6.96,7.05,37978714.0,321703446.0,5677360540.0,0.006689501878984067
2019-01-17,7.03,7.04,6.85,6.86,32945552.0,273562718.0,5677360540.0,0.005802969842743156
2019-01-18,6.88,6.99,6.84,6.95,25133916.0,208782127.0,5677360540.0,0.004427042429826026
2019-01-21,6.96,7.05,6.9,6.99,24867016.0,207742130.0,5677360540.0,0.004380031147361305
2019-01-22,6.94,7.02,6.9,6.94,18864959.0,157433245.0,5677360540.0,0.0033228397011404176
2019-01-23,6.92,6.97,6.84,6.85,15534404.0,128234208.0,5677360540.0,0.0027362017773139347
2019-01-24,6.91,7.02,6.86,6.95,24947422.0,207973677.0,5677360540.0,0.004394193714532
2019-01-25,6.92,6.98,6.91,6.92,21560005.0,179591111.0,5677360540.0,0.003797540221040815
2019-01-28,6.95,7.04,6.89,6.89,20912467.0,174625037.0,5677360540.0,0.0036834840508473327
2019-01-29,6.87,6.87,6.59,6.72,27277611.0,219353082.0,5677360540.0,0.004804628983453639
2019-01-30,6.67,6.76,6.64,6.67,10287393.0,82741025.0,5677360540.0,0.0018120027656372867
2019-01-31,6.71,6.8,6.64,6.68,18539644.0,149455722.0,5677360540.0,0.0032655393064045216
2019-02-01,6.76,7.07,6.76,7.07,34218409.0,284190062.0,5677360540.0,0.006027168568723662
2019-02-11,7.14,7.18,7.04,7.15,26286458.0,224179157.0,5677360540.0,0.0046300490896778596
2019-02-12,7.12,7.34,7.09,7.25,31672464.0,273859493.0,5677360540.0,0.005578730428841146
2019-02-13,7.26,7.88,7.18,7.65,66965826.0,605172545.0,5677360540.0,0.011795239271522467
2019-02-14,7.61,7.77,7.59,7.69,44613088.0,411630313.0,5677360540.0,0.007858068496033899
2019-02-15,7.66,7.82,7.61,7.64,39524032.0,365481747.0,5677360540.0,0.006961691391894586
2019-02-18,7.73,8.21,7.72,8.18,64865876.0,622735473.0,5677360540.0,0.011425357882943259
2019-02-19,8.17,8.99,8.15,8.73,155234286.0,1635663941.0,5677360540.0,0.027342685902417604
2019-02-20,8.65,8.74,8.39,8.59,82391742.0,848222908.0,5677360540.0,0.014512332169061082
2019-02-21,8.53,9.45,8.49,8.96,109523646.0,1175180225.0,5677360540.0,0.019291296585508027
2019-02-22,9.01,9.85,8.83,9.75,152200960.0,1712698567.0,5677360540.0,0.02680840135616964
2019-02-25,10.24,10.73,10.22,10.73,146765889.0,1855179853.0,5677360540.0,0.025851077796796046
2019-02-26,11.21,11.5,10.36,10.36,169151728.0,2227147208.0,5677360540.0,0.029794078922456457
2019-02-27,10.36,10.82,10.19,10.57,101047512.0,1278063466.0,5677360540.0,0.01779832569872337
2019-02-28,10.52,10.53,9.88,10.23,70900060.0,864153732.0,5677360540.0,0.012488208120740559
2019-03-01,10.25,10.73,10.09,10.66,75451074.0,947011576.0,5677360540.0,0.013289815481755542
2019-03-04,10.96,11.34,10.44,10.63,193450509.0,2531840589.0,5677360540.0,0.034074022186373246
2019-03-05,10.23,10.57,10.18,10.5,98725933.0,1227811312.0,5677360540.0,0.017389406979603235
2019-03-06,10.7,10.99,10.47,10.95,133068901.0,1714195077.0,5677360540.0,0.023438515144926834
2019-03-07,10.95,11.79,10.72,11.32,183049429.0,2450807214.0,5677360540.0,0.032241994798519524
2019-03-08,10.5,10.91,10.19,10.19,133714464.0,1685656025.0,5677360540.0,0.023552223442198372
2019-03-11,10.17,10.39,9.74,10.29,99906619.0,1207968705.0,5677360540.0,0.01759737087262737
2019-03-12,10.42,10.6,10.21,10.34,95622810.0,1193084688.0,5677360540.0,0.01684282851622455
2019-03-13,10.26,10.34,9.94,10.03,88974566.0,1076827451.0,5677360540.0,0.015671818862502608
2019-03-14,9.91,10.19,9.49,9.67,76046370.0,897557551.0,5677360540.0,0.013394669840714397
2019-03-15,9.83,9.97,9.63,9.8,69679010.0,819965286.0,5677360540.0,0.012273134585882755
2019-03-18,9.85,10.03,9.69,10.02,76983651.0,909601679.0,5677360540.0,0.013559760818008575
2019-03-19,10.0,10.1,9.84,9.94,48087071.0,575270772.0,5677360540.0,0.008469969567935878
2019-03-20,9.88,10.13,9.74,9.97,70562687.0,840633248.0,5677360540.0,0.012428783851729804
2019-03-21,9.94,10.3,9.9,10.12,96912272.0,1177424063.0,5677360540.0,0.01706995201682224
2019-03-22,10.02,10.13,9.79,10.02,57898183.0,692241029.0,5677360540.0,0.010198081061098156
2019-03-25,9.8,9.94,9.62,9.64,61220641.0,718198600.0,5677360540.0,0.010783292794013747
2019-03-26,9.68,9.72,9.17,9.24,74115934.0,836021956.0,5677360540.0,0.013054646340991407
2019-03-27,9.36,9.39,9.19,9.29,50075281.0,558602163.0,5677360540.0,0.008820169275351324
2019-03-28,9.24,9.45,9.13,9.29,43808270.0,488751232.0,5677360540.0,0.007716309311580201
2019-03-29,9.33,9.95,9.29,9.94,97012551.0,1129270034.0,5677360540.0,0.017087614978209573
2019-04-01,10.04,10.27,9.85,10.14,85017099.0,1028836000.0,5677360540.0,0.014974757794755095
2019-04-02,10.15,10.32,10.05,10.09,66694975.0,815633031.0,5677360540.0,0.011747532067075662
2019-04-03,10.07,10.72,9.99,10.55,110384783.0,1362452297.0,5677360540.0,0.019442975696590162
2019-04-04,10.71,10.78,10.45,10.61,87738601.0,1116185196.0,5677360540.0,0.015454118226565896
2019-04-08,10.72,10.75,10.14,10.32,72290338.0,904681387.0,5677360540.0,0.012733089168932716
2019-04-09,10.32,10.46,10.09,10.31,55595289.0,685863650.0,5677360540.0,0.009792453484026927
2019-04-10,10.33,10.33,9.9,10.11,66163641.0,799803379.0,5677360540.0,0.011653943858918638
2019-04-11,10.09,10.19,9.81,9.88,52238437.0,624439932.0,5677360540.0,0.009201183654261985
2019-04-12,9.88,10.01,9.79,9.89,35849766.0,425954702.0,5677360540.0,0.006314512835219727
2019-04-15,10.07,10.12,9.6,9.61,57532695.0,684066856.0,5677360540.0,0.010133704666922563
2019-04-16,9.54,9.88,9.46,9.86,49350505.0,573497225.0,5677360540.0,0.00869250854376777
2019-04-17,9.87,9.98,9.75,9.79,41017931.0,484774268.0,5677360540.0,0.007224824055299472
2019-04-18,9.82,9.86,9.7,9.79,24873029.0,292096941.0,5677360540.0,0.004381090266287721
2019-04-19,9.91,10.24,9.91,10.09,65244994.0,786604941.0,5677360540.0,0.011492135040625762
2019-04-22,10.27,10.34,9.81,9.85,54450108.0,654728181.0,5677360540.0,0.009590743377379377
2019-04-23,9.84,10.08,9.63,9.81,53649894.0,632546665.0,5677360540.0,0.00944979513314474
2019-04-24,9.81,9.91,9.63,9.85,38734459.0,456015052.0,5677360540.0,0.006822617434121949
2019-04-25,9.79,9.91,9.54,9.55,44857662.0,523440480.0,5677360540.0,0.00790114731730601
2019-04-26,9.5,9.7,9.44,9.55,54952075.0,630564077.0,5677360540.0,0.009679158935359776
2019-04-29,9.58,9.62,9.14,9.26,50239650.0,561004373.0,5677360540.0,0.008849120933228595
2019-04-30,9.24,9.43,9.24,9.31,26662953.0,298525246.0,5677360540.0,0.004696364236892378
2019-05-06,8.9,9.06,8.45,8.56,62403734.0,656446420.0,5677360540.0,0.010991680651657187
2019-05-07,8.61,8.94,8.6,8.84,41765753.0,437464209.0,5677360540.0,0.007356544067571231
2019-05-08,8.6,8.91,8.6,8.79,23431934.0,247272668.0,5677360540.0,0.0041272584037793025
2019-05-09,8.69,8.89,8.58,8.59,27908562.0,292016577.0,5677360540.0,0.004915763549517326
2019-05-10,8.75,9.1,8.52,9.08,47178762.0,501948984.0,5677360540.0,0.008309981666233937
2019-05-13,8.94,8.96,8.7,8.79,24628197.0,261547742.0,5677360540.0,0.00433796600136302
2019-05-14,8.7,8.86,8.64,8.7,25788284.0,270391449.0,5677360540.0,0.004542301623845788
2019-05-15,8.79,8.84,8.72,8.79,27804822.0,292787443.0,5677360540.0,0.004897490973860188
2019-05-16,8.77,8.85,8.69,8.77,21216170.0,223042568.0,5677360540.0,0.0037369777470570857
2019-05-17,8.8,8.81,8.46,8.54,30756899.0,317996746.0,5677360540.0,0.005417464468444697
2019-05-20,8.53,8.71,8.46,8.59,23009077.0,236883373.0,5677360540.0,0.004052777137877525
2019-05-21,8.59,8.94,8.58,8.81,31554025.0,333305632.0,5677360540.0,0.005557868797953776
2019-05-22,8.81,8.89,8.76,8.84,21312880.0,225631459.0,5677360540.0,0.0037540120712502784
2019-05-23,8.78,8.96,8.72,8.8,25349897.0,268194262.0,5677360540.0,0.004465084931879278
2019-05-24,8.74,8.89,8.66,8.67,19641555.0,206442679.0,5677360540.0,0.003459627913643124
2019-05-27,8.73,8.94,8.65,8.83,41601354.0,440711792.0,5677360540.0,0.00732758712554831
2019-05-28,8.83,8.88,8.71,8.83,32394609.0,342262301.0,5677360540.0,0.005705927740851209
2019-05-29,8.76,8.85,8.73,8.75,24018711.0,253182601.0,5677360540.0,0.004230612241511792
2019-05-30,8.72,8.73,8.53,8.59,23387084.0,240868772.0,5677360540.0,0.004119358606032796
2019-05-31,8.61,8.68,8.54,8.54,15796200.0,163160151.0,5677360540.0,0.0027823140504654297
2019-06-03,8.59,8.73,8.48,8.49,22863767.0,235818585.0,5677360540.0,0.004027182497731595
2019-06-04,8.49,8.57,8.39,8.47,20548612.0,208651546.0,5677360540.0,0.0036193952903332788
2019-06-05,8.54,8.62,8.45,8.49,21229255.0,217295048.0,5677360540.0,0.0037392825152513564
2019-06-06,8.47,8.54,8.31,8.34,20298303.0,204974780.0,5677360540.0,0.0035753063165511064
2019-06-10,8.35,8.39,7.99,8.27,19901058.0,196667232.0,5677360540.0,0.003505336301928783
2019-06-11,8.26,8.7,8.24,8.64,38640898.0,395903985.0,5677360540.0,0.0068061377690838
2019-06-12,8.63,8.71,8.49,8.5,26036663.0,268449928.0,5677360540.0,0.004586050650924487
2019-06-13,8.57,8.72,8.5,8.65,27950770.0,289339002.0,5677360540.0,0.00492319799017027
2019-06-14,8.67,8.7,8.47,8.49,25612690.0,262843947.0,5677360540.0,0.004511372814804536
2019-06-17,8.51,8.58,8.42,8.49,16757717.0,170782549.0,5677360540.0,0.002951673912891923
2019-06-18,8.5,8.52,8.39,8.45,13736392.0,139212961.0,5677360540.0,0.0024195032010420814
2019-06-19,8.88,8.99,8.6,8.63,36790481.0,386652431.0,5677360540.0,0.006480208671052623
2019-06-20,8.59,9.24,8.53,8.99,81555968.0,873520649.0,5677360540.0,0.014365120450849507
2019-06-21,9.09,9.2,8.98,9.01,52560630.0,572338627.0,5677360540.0,0.009257934145573922
2019-06-24,9.1,9.14,8.94,8.97,38475206.0,417570194.0,5677360540.0,0.0067769530803833715
2019-06-25,8.94,9.08,8.81,9.07,41184517.0,443925220.0,5677360540.0,0.0072541662115402665
2019-06-26,8.87,8.98,8.81,8.87,21849109.0,233107420.0,5677360540.0,0.003848462475839169
2019-06-27,8.94,9.12,8.92,8.96,39840446.0,431861361.0,5677360540.0,0.007017423980616175
2019-06-28,8.95,8.98,8.8,8.9,20114486.0,214677670.0,5677360540.0,0.0035429291231872336
2019-07-01,9.21,9.25,9.05,9.12,39151886.0,428566894.0,5677360540.0,0.006896142269661105
2019-07-02,9.11,9.16,9.02,9.04,25943140.0,282950590.0,5677360540.0,0.004569577679137495
2019-07-03,9.03,9.05,8.8,8.84,29273154.0,312020538.0,5677360540.0,0.0051561203122040935
2019-07-04,8.78,8.94,8.7,8.78,32702912.0,345640353.0,5677360540.0,0.005760231672727271
2019-07-05,8.74,8.84,8.69,8.82,16420577.0,172955727.0,5677360540.0,0.002892290684079049
2019-07-08,8.84,8.84,8.48,8.5,27283706.0,282538650.0,5677360540.0,0.004805702545711497
2019-07-09,8.5,8.66,8.44,8.63,19434996.0,199426129.0,5677360540.0,0.003423244985600298
2019-07-10,8.56,8.59,8.4,8.48,23803371.0,239698082.0,5677360540.0,0.004192682644037259
2019-07-11,8.5,8.65,8.39,8.45,17895537.0,181053539.0,5677360540.0,0.0031520874663351923
2019-07-12,8.44,8.59,8.42,8.51,16010248.0,162165604.0,5677360540.0,0.0028200160774006435
2019-07-15,8.52,8.82,8.43,8.65,24448376.0,250489878.0,5677360540.0,0.004306292656199706
2019-07-16,8.63,8.77,8.61,8.72,20284460.0,210144120.0,5677360540.0,0.003572868035610083
2019-07-17,8.7,8.83,8.69,8.76,18099594.0,188639910.0,5677360540.0,0.0031880296966308222
2019-07-18,8.74,8.79,8.65,8.66,18664880.0,193325530.0,5677360540.0,0.0032875981485579564
2019-07-19,8.71,8.95,8.71,8.9,27773897.0,292600555.0,5677360540.0,0.004892043900386146
2019-07-22,8.95,8.99,8.67,8.69,24303422.0,253612855.0,5677360540.0,0.004280760721248822
2019-07-23,8.72,8.78,8.64,8.72,12119298.0,125527051.0,5677360540.0,0.002134671193526138
2019-07-24,8.75,8.9,8.74,8.78,17550160.0,183941849.0,5677360540.0,0.0030912533872650616
2019-07-25,8.72,8.8,8.7,8.75,14767284.0,153516670.0,5677360540.0,0.0026010826502838235
2019-07-26,8.75,8.75,8.67,8.72,11851679.0,122673291.0,5677360540.0,0.0020875332677040095
2019-07-29,8.77,8.79,8.53,8.66,20439053.0,210088146.0,5677360540.0,0.0036000977665582605
2019-07-30,8.64,8.81,8.64,8.71,17155627.0,178089042.0,5677360540.0,0.003021761059409484
2019-07-31,8.69,8.79,8.67,8.77,13586216.0,141200085.0,5677360540.0,0.002393051472471748
2019-08-01,8.73,8.79,8.59,8.61,21570905.0,222241537.0,5677360540.0,0.003799460127293589
2019-08-02,8.45,8.51,8.34,8.48,24839176.0,248158295.0,5677360540.0,0.004375127460198256
2019-08-05,8.4,8.66,8.37,8.38,23097628.0,230951447.0,5677360540.0,0.00406837435059215
2019-08-06,8.24,8.34,8.0,8.33,38077993.0,371294542.0,5677360540.0,0.006706988702183074
2019-08-07,8.34,8.38,8.25,8.35,22475200.0,221763740.0,5677360540.0,0.003958741010307582
2019-08-08,8.65,8.72,8.4,8.42,24278586.0,245690929.0,5677360540.0,0.00427638615320351
2019-08-09,8.54,8.58,8.25,8.27,14033292.0,139591517.0,5677360540.0,0.00247179862915664
2019-08-12,8.37,8.45,8.31,8.43,15217274.0,151599214.0,5677360540.0,0.0026803430736495027
2019-08-13,8.33,8.38,8.29,8.37,10161995.0,100648276.0,5677360540.0,0.0017899153890973427
2019-08-14,8.48,8.52,8.28,8.29,13295143.0,132566040.0,5677360540.0,0.0023417824015805767
2019-08-15,8.08,8.3,8.05,8.26,14716878.0,142964624.0,5677360540.0,0.0025922042287629668
2019-08-16,8.28,8.35,8.21,8.26,12950662.0,127369898.0,5677360540.0,0.002281106142327188
2019-08-19,8.37,8.75,8.31,8.75,45744166.0,466995696.0,5677360540.0,0.008057294525811462
2019-08-20,8.74,8.8,8.67,8.76,28439534.0,294944503.0,5677360540.0,0.0050092879956501754
2019-08-21,8.75,8.75,8.64,8.66,18120126.0,186634957.0,5677360540.0,0.003191646165913571
2019-08-22,8.71,8.72,8.55,8.63,12869759.0,131794531.0,5677360540.0,0.0022668560344768942
2019-08-23,8.63,8.75,8.53,8.53,16482074.0,168555041.0,5677360540.0,0.002903122654246651
2019-08-26,8.37,8.46,8.33,8.39,15162515.0,151277726.0,5677360540.0,0.0026706979225948543
2019-08-27,8.46,8.71,8.42,8.66,25317294.0,258581142.0,5677360540.0,0.004459342298525223
2019-08-28,8.62,8.64,8.52,8.54,9462800.0,96236513.0,5677360540.0,0.0016667604485094054
2019-08-29,8.55,8.61,8.49,8.5,11909463.0,120869614.0,5677360540.0,0.00209771123677835
2019-08-30,8.58,8.63,8.32,8.37,21567877.0,216684975.0,5677360540.0,0.0037989267808593323
2019-09-02,8.39,8.56,8.35,8.5,27529834.0,277465844.0,5677360540.0,0.0048490550857282705
2019-09-03,8.48,8.51,8.38,8.44,21288572.0,213252882.0,5677360540.0,0.0037497305041684034
2019-09-04,8.43,8.61,8.41,8.61,31850536.0,322873424.0,5677360540.0,0.005610095708313075
2019-09-05,8.71,9.26,8.71,8.88,72934848.0,776266933.0,5677360540.0,0.012846611992691942
2019-09-06,8.96,9.03,8.82,8.91,25891174.0,273639488.0,5677360540.0,0.004560424482042847
2019-09-09,9.11,9.2,8.98,9.08,41138626.0,443511448.0,5677360540.0,0.00724608305393971
2019-09-10,9.09,9.47,9.0,9.35,67681189.0,743848992.0,5677360540.0,0.01192124201433929
2019-09-11,9.49,9.6,9.31,9.44,54827705.0,616144997.0,5677360540.0,0.009657252628877433
2019-09-12,9.45,9.5,9.33,9.46,27179260.0,303950852.0,5677360540.0,0.004787305616493399
2019-09-16,9.48,9.5,9.17,9.21,38200298.0,421777234.0,5677360540.0,0.006728531283306521
2019-09-17,9.26,9.29,8.96,9.01,36239010.0,391912375.0,5677360540.0,0.006383073568197239
2019-09-18,9.05,9.12,8.95,8.96,20650353.0,221215723.0,5677360540.0,0.003637315765751949
2019-09-19,9.05,9.06,8.88,9.01,23262846.0,247709720.0,5677360540.0,0.004097475549791312
2019-09-20,8.95,9.04,8.9,9.04,21875405.0,233139693.0,5677360540.0,0.0038530942056394396
2019-09-23,8.98,8.99,8.74,8.84,22699758.0,238667200.0,5677360540.0,0.003998294249602122
2019-09-24,8.84,9.02,8.78,8.86,19722378.0,208736570.0,5677360540.0,0.003473863930438351
2019-09-25,8.8,8.95,8.77,8.81,14634636.0,153794280.0,5677360540.0,0.002577718271878502
2019-09-26,8.84,8.89,8.68,8.76,18865295.0,197232186.0,5677360540.0,0.0033228988835716958
2019-09-27,8.74,8.84,8.73,8.77,12115272.0,126417321.0,5677360540.0,0.0021339620611799297
2019-09-30,8.76,8.8,8.59,8.59,12966875.0,133991247.0,5677360540.0,0.0022839618707745485
2019-10-08,8.59,8.62,8.48,8.5,14351892.0,145366358.0,5677360540.0,0.002527916255957914
2019-10-09,8.48,8.56,8.44,8.55,8986738.0,90784131.0,5677360540.0,0.001582907750297641
2019-10-10,8.5,8.63,8.5,8.6,9169520.0,93579441.0,5677360540.0,0.001615102640636594
2019-10-11,8.64,8.76,8.54,8.69,15793647.0,162762101.0,5677360540.0,0.0027818643696706285
2019-10-14,8.82,8.95,8.75,8.78,22041774.0,231541153.0,5677360540.0,0.003882398139893367
2019-10-15,8.77,8.78,8.59,8.62,14322113.0,147349972.0,5677360540.0,0.002522671036847697
2019-10-16,8.65,8.77,8.64,8.69,16421108.0,169911945.0,5677360540.0,0.002892384213457051
2019-10-17,8.67,8.79,8.64,8.67,10661503.0,110142608.0,5677360540.0,0.0018778978232726435
2019-10-18,8.69,8.71,8.46,8.46,16058451.0,163444063.0,5677360540.0,0.0028285064664926142
2019-10-21,8.42,8.53,8.37,8.49,11126497.0,111760650.0,5677360540.0,0.0019598010240159947
2019-10-22,8.46,8.56,8.46,8.54,7632723.0,77183299.0,5677360540.0,0.0013444140012288176
2019-10-23,8.59,8.59,8.45,8.47,7127238.0,72060400.0,5677360540.0,0.0012553787891018808
2019-10-24,8.48,8.56,8.45,8.54,9685405.0,97910064.0,5677360540.0,0.0017059696899221412
2019-10-25,8.54,8.61,8.43,8.57,15487141.0,156924842.0,5677360540.0,0.0027278769581189923
2019-10-28,8.59,8.73,8.54,8.68,15819340.0,162196667.0,5677360540.0,0.0027863898881433377
2019-10-29,8.68,8.69,8.51,8.52,11570752.0,117898627.0,5677360540.0,0.002038051294871613
2019-10-30,8.48,8.53,8.4,8.42,11933200.0,119768109.0,5677360540.0,0.0021018922289546896
2019-10-31,8.44,8.49,8.4,8.42,7850763.0,78747606.0,5677360540.0,0.0013828191718118364
2019-11-01,8.46,8.53,8.38,8.48,12323522.0,123748615.0,5677360540.0,0.0021706428388992183
2019-11-04,8.47,8.59,8.47,8.52,12084031.0,122626543.0,5677360540.0,0.0021284593280383774
2019-11-05,8.54,8.68,8.5,8.62,21197689.0,216837039.0,5677360540.0,0.0037337225371985978
2019-11-06,8.59,8.61,8.5,8.51,9186849.0,93291067.0,5677360540.0,0.0016181549393021286
2019-11-07,8.48,8.54,8.47,8.51,13093936.0,132531412.0,5677360540.0,0.002306342165121682
2019-11-08,8.61,8.63,8.46,8.46,11224322.0,113763926.0,5677360540.0,0.001977031742289173
2019-11-11,8.42,8.48,8.33,8.35,13996279.0,139934540.0,5677360540.0,0.0024652792263920587
2019-11-12,8.34,8.37,8.31,8.32,9841669.0,97542774.0,5677360540.0,0.0017334937477830148
2019-11-13,8.38,8.38,8.17,8.21,12146608.0,118860738.0,5677360540.0,0.0021394815274493736
2019-11-14,8.23,8.25,8.18,8.18,10303533.0,100520600.0,5677360540.0,0.0018148456359968993
2019-11-15,8.19,8.2,8.0,8.04,14559017.0,139500766.0,5677360540.0,0.0025643988782153336
2019-11-18,8.04,8.16,8.01,8.13,8044892.0,77547577.0,5677360540.0,0.0014170127021737465
2019-11-19,8.11,8.27,8.09,8.26,7944567.0,77509998.0,5677360540.0,0.0013993416384297482
2019-11-20,8.25,8.28,8.12,8.15,7470128.0,72754231.0,5677360540.0,0.00131577481249764
2019-11-21,8.08,8.19,8.07,8.14,6292107.0,60859802.0,5677360540.0,0.0011082803277453997
2019-11-22,8.12,8.25,8.08,8.15,8046310.0,77949194.0,5677360540.0,0.0014172624661247953
2019-11-25,8.15,8.2,8.06,8.16,7502704.0,72520950.0,5677360540.0,0.0013215126901206101
2019-11-26,8.21,8.31,8.16,8.31,13366801.0,130834647.0,5677360540.0,0.0023544041118797785
2019-11-27,8.24,8.27,8.12,8.15,10394815.0,100944173.0,5677360540.0,0.0018309238821038482
2019-11-28,8.13,8.16,8.1,8.15,5297231.0,51158694.0,5677360540.0,0.0009330446714944759
2019-11-29,8.14,8.24,8.12,8.18,6760413.0,65726591.0,5677360540.0,0.001190766898168493
2019-12-02,8.3,8.32,8.17,8.21,9261668.0,90775064.0,5677360540.0,0.001631333422414635
2019-12-03,8.16,8.26,8.12,8.26,6565378.0,63844066.0,5677360540.0,0.0011564137866079578
2019-12-04,8.21,8.26,8.17,8.24,4692806.0,45830844.0,5677360540.0,0.0008265823470143751
2019-12-05,8.27,8.38,8.25,8.37,12526310.0,124048022.0,5677360540.0,0.00220636154983386
2019-12-06,8.4,8.43,8.32,8.39,8386733.0,83403713.0,5677360540.0,0.0014772239566099496
2019-12-09,8.43,8.43,8.35,8.37,8007323.0,79719856.0,5677360540.0,0.001410395366576455
2019-12-10,8.34,8.39,8.3,8.37,7169285.0,71108420.0,5677360540.0,0.0012627848715065046
2019-12-11,8.37,8.47,8.25,8.29,18387077.0,182406226.0,5677360540.0,0.003238666431425896
2019-12-12,8.28,8.29,8.21,8.21,11002138.0,107730752.0,5677360540.0,0.0019378966550537232
2019-12-13,8.3,8.57,8.28,8.5,39129828.0,391537070.0,5677360540.0,0.006892257013502968
2019-12-16,8.54,8.65,8.45,8.59,27013568.0,274130797.0,5677360540.0,0.00475812092779297
2019-12-17,8.63,9.14,8.59,8.94,54459732.0,574083733.0,5677360540.0,0.009592438531303845
2019-12-18,8.89,9.06,8.85,8.92,39219438.0,417351711.0,5677360540.0,0.006908040756559033
2019-12-19,8.92,8.94,8.78,8.85,27765735.0,291641261.0,5677360540.0,0.004890606260493014
2019-12-20,8.86,9.12,8.83,8.92,59708948.0,637781281.0,5677360540.0,0.010517025927685756
2019-12-23,8.91,9.01,8.64,8.65,35146206.0,368813944.0,5677360540.0,0.006190589051439739
2019-12-24,8.69,8.77,8.62,8.73,17777409.0,183446681.0,5677360540.0,0.003131280614424392
2019-12-25,8.71,8.83,8.63,8.71,20210812.0,209420154.0,5677360540.0,0.0035598958103161085
2019-12-26,8.71,8.94,8.71,8.94,35632616.0,374062275.0,5677360540.0,0.00627626442762432
2019-12-27,8.91,8.96,8.7,8.77,73881133.0,778453417.0,5677360540.0,0.013013288918233824
2019-12-30,8.69,9.21,8.63,9.09,121178486.0,1298677347.0,5677360540.0,0.021344158988359757
2019-12-31,9.08,9.17,8.96,9.06,57541634.0,619404539.0,5677360540.0,0.010135279166188026
2020-01-02,9.17,9.35,9.07,9.16,62971864.0,687667066.0,5677360540.0,0.011091750040591927
2020-01-03,9.12,9.23,9.02,9.11,36456379.0,394926845.0,5677360540.0,0.006421360550055889
2020-01-06,8.97,9.21,8.94,9.07,48002571.0,517840804.0,5677360540.0,0.008455085891022169
2020-01-07,9.1,9.17,8.99,9.09,32975731.0,355131500.0,5677360540.0,0.005808285517128704
2020-01-08,9.0,9.03,8.69,8.74,43104036.0,453993893.0,5677360540.0,0.00759226681066128
2020-01-09,8.84,8.91,8.77,8.85,31140591.0,327260613.0,5677360540.0,0.0054850472822006125
2020-01-10,9.03,9.12,8.86,8.96,48149409.0,514871189.0,5677360540.0,0.008480949670319864
2020-01-13,8.89,9.11,8.8,9.11,34816472.0,370787747.0,5677360540.0,0.006132510302049621
2020-01-14,9.09,9.14,8.97,8.98,25029582.0,269032826.0,5677360540.0,0.004408665228085021
2020-01-15,8.93,9.03,8.87,8.92,22330602.0,237248190.0,5677360540.0,0.0039332717805517425
2020-01-16,8.93,8.96,8.84,8.85,16811627.0,177474771.0,5677360540.0,0.002961169522624681
2020-01-17,8.88,9.02,8.87,8.93,20386108.0,216415938.0,5677360540.0,0.003590772130177239
2020-01-20,8.88,9.08,8.85,9.07,27172013.0,290635006.0,5677360540.0,0.004786029143042587
2020-01-21,9.04,9.12,8.89,8.9,32800410.0,350791962.0,5677360540.0,0.005777404793812866
2020-01-22,8.86,9.08,8.76,9.01,34944565.0,370044178.0,5677360540.0,0.006155072371007109
2020-01-23,8.96,9.0,8.63,8.66,36442845.0,381711266.0,5677360540.0,0.006418976695815059
2020-02-03,7.79,7.79,7.79,7.79,11927300.0,110446798.0,5677360540.0,0.002100853013643555
2020-02-04,7.32,7.78,7.32,7.66,58236794.0,527086571.0,5677360540.0,0.01025772338918606
2020-02-05,7.7,7.94,7.64,7.75,39404074.0,364382654.0,5677360540.0,0.006940562207099146
2020-02-06,7.75,7.94,7.66,7.87,39746077.0,368972382.0,5677360540.0,0.007000801995921858
2020-02-07,7.85,7.94,7.77,7.89,32143936.0,299868704.0,5677360540.0,0.005661774652768486
2020-02-10,7.86,8.05,7.81,7.97,27791797.0,262544877.0,5677360540.0,0.004895196773957216
2020-02-11,8.0,8.12,7.89,7.9,31458247.0,298047402.0,5677360540.0,0.0055409986345521045
2020-02-12,7.94,8.07,7.85,8.01,35004903.0,331537732.0,5677360540.0,0.006165700197014438
2020-02-13,8.01,8.05,7.83,7.87,28288180.0,266653139.0,5677360540.0,0.004982628776293992
2020-02-14,7.87,8.08,7.84,8.01,38329064.0,363500529.0,5677360540.0,0.006751211893264753
2020-02-17,8.25,8.58,8.19,8.48,68078255.0,673775103.0,5677360540.0,0.011991180500225903
2020-02-18,8.54,8.61,8.43,8.49,39892643.0,402954936.0,5677360540.0,0.007026617865632328
2020-02-19,8.5,8.71,8.43,8.53,53765619.0,550249706.0,5677360540.0,0.00947017872498899
2020-02-20,8.55,9.2,8.53,9.12,94845083.0,1002025628.0,5677360540.0,0.016705841091430845
2020-02-21,9.15,9.44,8.98,9.17,88021244.0,962060749.0,5677360540.0,0.015503902452529464
2020-02-24,9.14,9.3,9.02,9.17,60796603.0,660819612.0,5677360540.0,0.010708603508911554
2020-02-25,8.99,9.21,8.76,9.15,77701134.0,832532844.0,5677360540.0,0.013686136973784652
2020-02-26,8.98,9.23,8.93,9.0,58683761.0,633543027.0,5677360540.0,0.010336451346808424
2020-02-27,9.02,9.17,8.91,8.94,45503956.0,487550599.0,5677360540.0,0.008014984371593212
2020-02-28,8.63,8.8,8.38,8.39,65540558.0,667132414.0,5677360540.0,0.011544195148120714
2020-03-02,8.5,8.85,8.43,8.79,54023774.0,557195122.0,5677360540.0,0.009515649678996782
2020-03-03,8.92,9.07,8.76,8.82,46806954.0,495861001.0,5677360540.0,0.00824449207870811
2020-03-04,8.8,9.05,8.78,9.03,59368554.0,631159858.0,5677360540.0,0.010457069545208062
2020-03-05,9.2,9.41,9.02,9.25,79664529.0,873622782.0,5677360540.0,0.014031965812056742
2020-03-06,9.22,9.22,9.02,9.04,45384865.0,490658507.0,5677360540.0,0.007994007898607053
2020-03-09,8.85,8.99,8.73,8.74,54489827.0,572833686.0,5677360540.0,0.009597739410081572
2020-03-10,8.72,9.02,8.63,8.99,58073422.0,611063909.0,5677360540.0,0.010228947341082551
2020-03-11,9.02,9.1,8.84,8.84,40890109.0,436421732.0,5677360540.0,0.007202309719791021
2020-03-12,8.72,8.85,8.63,8.7,37949382.0,393662745.0,5677360540.0,0.006684335393644033
2020-03-13,8.34,8.71,8.27,8.57,52163289.0,522933251.0,5677360540.0,0.009187947221685519
2020-03-16,8.67,8.69,8.1,8.14,52101533.0,521211241.0,5677360540.0,0.00917706963172714
2020-03-17,8.31,8.37,7.98,8.13,38759978.0,375758491.0,5677360540.0,0.0068271123045498885
2020-03-18,8.17,8.28,7.88,7.89,35682900.0,344292655.0,5677360540.0,0.0062851213602862005
2020-03-19,7.91,8.15,7.66,7.97,37412578.0,352194582.0,5677360540.0,0.0065897837095968545
2020-03-20,8.0,8.04,7.84,7.99,30647339.0,289772471.0,5677360540.0,0.005398166768531491
2020-03-23,7.77,7.86,7.67,7.68,27364828.0,252493659.0,5677360540.0,0.004819991227825034
2020-03-24,7.81,7.87,7.63,7.8,30365142.0,279768065.0,5677360540.0,0.0053484611001999175
2020-03-25,7.96,7.97,7.84,7.9,29941233.0,281339452.0,5677360540.0,0.005273794536924019
2020-03-26,7.85,7.89,7.74,7.74,21523662.0,200102832.0,5677360540.0,0.0037911388308624135
2020-03-27,7.83,7.92,7.76,7.79,26506236.0,246398694.0,5677360540.0,0.004668760388432192
2020-03-30,7.74,7.74,7.58,7.65,25375180.0,230609192.0,5677360540.0,0.004469538233694772
2020-03-31,7.74,7.8,7.65,7.68,23151742.0,212206715.0,5677360540.0,0.004077905892515327
2020-04-01,7.68,7.83,7.67,7.7,26022463.0,239912677.0,5677360540.0,0.0045835494886502315
2020-04-02,7.66,7.95,7.62,7.95,28696290.0,267217972.0,5677360540.0,0.005054512532332498
2020-04-03,7.94,8.02,7.85,7.92,29181262.0,275374348.0,5677360540.0,0.005139934621802265
2020-04-07,8.04,8.14,7.97,8.08,35533121.0,340259350.0,5677360540.0,0.006258739558576634
2020-04-08,8.02,8.13,8.0,8.08,21865927.0,209333745.0,5677360540.0,0.003851424767890468
2020-04-09,8.16,8.23,8.08,8.09,20778771.0,201083432.0,5677360540.0,0.0036599350796206434
2020-04-10,8.11,8.11,7.93,7.95,17569946.0,166664408.0,5677360540.0,0.003094738457459318
2020-04-13,7.91,7.95,7.85,7.9,13352258.0,125250222.0,5677360540.0,0.0023518425342069255
2020-04-14,7.94,8.12,7.91,8.05,21925336.0,208668001.0,5677360540.0,0.0038618889615208408
2020-04-15,8.06,8.21,8.01,8.02,24637980.0,237086641.0,5677360540.0,0.004339689161259433
2020-04-16,7.92,8.1,7.91,7.99,24291131.0,230542503.0,5677360540.0,0.004278595806776083
2020-04-17,8.07,8.07,7.93,7.95,16986341.0,161356312.0,5677360540.0,0.0029919433300602044
2020-04-20,7.98,7.99,7.89,7.92,14478197.0,136248360.0,5677360540.0,0.0025501633898346713
2020-04-21,7.89,7.91,7.74,7.77,16912097.0,156831507.0,5677360540.0,0.0029788661264059865
2020-04-22,7.73,7.82,7.71,7.8,11543298.0,106715091.0,5677360540.0,0.0020332155970492582
2020-04-23,7.85,8.04,7.81,7.93,23966661.0,225797863.0,5677360540.0,0.004221444248809324
2020-04-24,7.88,7.95,7.69,7.74,18825735.0,174653544.0,5677360540.0,0.0033159308568414436
2020-04-27,7.75,7.82,7.68,7.72,14925942.0,137492980.0,5677360540.0,0.002629028382967554
2020-04-28,7.79,7.84,7.63,7.75,17314441.0,159693740.0,5677360540.0,0.0030497342696505936
2020-04-29,7.71,7.83,7.71,7.79,11158553.0,103063721.0,5677360540.0,0.001965447309781034
2020-04-30,7.8,7.95,7.78,7.91,25447785.0,238015446.0,5677360540.0,0.004482326746858321
2020-05-06,7.76,7.88,7.74,7.87,23799998.0,220809883.0,5677360540.0,0.004192088529928029
2020-05-07,7.83,7.92,7.81,7.87,22499302.0,210414911.0,5677360540.0,0.003962986292922662
2020-05-08,7.91,8.12,7.9,8.01,27563841.0,261771374.0,5677360540.0,0.004855045017098738
2020-05-11,8.03,8.07,7.9,7.93,17556690.0,166265354.0,5677360540.0,0.003092403569634843
2020-05-12,7.99,8.04,7.9,7.95,16190204.0,153199192.0,5677360540.0,0.002851713201219382
2020-05-13,7.91,8.0,7.9,7.99,11493767.0,108687218.0,5677360540.0,0.0020244912964431884
2020-05-14,7.93,7.96,7.86,7.87,12909481.0,121260571.0,5677360540.0,0.002273852595593656
2020-05-15,7.91,7.95,7.89,7.9,10199896.0,96037919.0,5677360540.0,0.0017965912025731591
2020-05-18,7.92,7.95,7.84,7.86,15375297.0,144274795.0,5677360540.0,0.002708176958583645
2020-05-19,7.88,7.94,7.86,7.89,12600917.0,118149731.0,5677360540.0,0.002219502691650441
2020-05-20,7.84,7.92,7.82,7.83,13108001.0,122350207.0,5677360540.0,0.0023088195487405137
2020-05-21,7.85,7.9,7.77,7.77,8695849.0,80732605.0,5677360540.0,0.0015316710888331217
2020-05-22,7.75,7.79,7.65,7.65,14786545.0,135606636.0,5677360540.0,0.0026044752479292077
2020-05-25,7.65,7.73,7.64,7.68,9984921.0,91188320.0,5677360540.0,0.0017587258955373652
2020-05-26,7.74,7.85,7.7,7.79,11787101.0,108855615.0,5677360540.0,0.002076158615778169
2020-05-27,7.77,7.81,7.7,7.71,8556540.0,78729666.0,5677360540.0,0.001507133453955348
2020-05-28,7.73,7.9,7.72,7.81,15422725.0,143182062.0,5677360540.0,0.0027165308405796614
2020-05-29,7.79,7.81,7.71,7.72,10707031.0,98699980.0,5677360540.0,0.0018859170427108368
2020-06-01,7.87,8.04,7.86,7.97,33008684.0,312188716.0,5677360540.0,0.005814089798848674
2020-06-02,7.96,8.04,7.9,7.95,14349469.0,135819214.0,5677360540.0,0.002527489473127595
2020-06-03,8.0,8.0,7.87,7.89,14210141.0,134053467.0,5677360540.0,0.0025029484916242436
2020-06-04,7.9,7.94,7.84,7.85,10740471.0,100570954.0,5677360540.0,0.0018918071037285224
2020-06-05,7.87,7.94,7.83,7.9,13606985.0,127369809.0,5677360540.0,0.002396709686505131
2020-06-08,7.92,7.95,7.85,7.86,11981566.0,112356131.0,5677360540.0,0.0021104113285713576
2020-06-09,7.86,7.95,7.84,7.9,15098447.0,141807406.0,5677360540.0,0.0026594131011450613
2020-06-10,7.9,7.92,7.79,7.82,12244238.0,113923286.0,5677360540.0,0.002156677898775828
2020-06-11,7.8,7.89,7.74,7.74,19792019.0,183301969.0,5677360540.0,0.003486130370011696
2020-06-12,7.65,7.72,7.63,7.7,22954858.0,209232974.0,5677360540.0,0.004043227101444574
2020-06-15,7.71,7.79,7.63,7.63,21701397.0,198746742.0,5677360540.0,0.0038224447517648755
2020-06-16,7.68,7.71,7.66,7.69,17229788.0,157254509.0,5677360540.0,0.0030348236435940707
2020-06-17,7.71,7.71,7.64,7.68,15489757.0,141193080.0,5677360540.0,0.002728337735619658
2020-06-18,7.67,7.83,7.66,7.74,19646130.0,180544903.0,5677360540.0,0.003460433745854724
2020-06-19,7.74,7.95,7.71,7.9,45181126.0,421222080.0,5677360540.0,0.00795812168025531
2020-06-22,7.9,8.29,7.88,8.05,64016475.0,617837115.0,5677360540.0,0.01127574592963934
2020-06-23,8.05,8.2,8.0,8.2,42993253.0,413930844.0,5677360540.0,0.007572753693743748
2020-06-24,8.19,8.28,8.09,8.11,27604665.0,267421399.0,5677360540.0,0.004862235682499037
2020-06-29,8.05,8.05,7.87,7.88,25496686.0,236280313.0,5677360540.0,0.004490940080405744
2020-06-30,7.98,8.27,7.88,8.11,36196101.0,340995151.0,5677360540.0,0.006375515654674276
2020-07-01,8.08,8.34,8.06,8.28,47846758.0,461431639.0,5677360540.0,0.00842764127148423
2020-07-02,8.34,8.93,8.29,8.89,106098042.0,1075853178.0,5677360540.0,0.018687916903019162
2020-07-03,9.05,9.55,8.95,9.54,145288863.0,1567066892.0,5677360540.0,0.025590917113042816
2020-07-06,9.98,10.5,9.88,10.5,172194492.0,2075724217.0,5677360540.0,0.03033002586092586
2020-07-07,10.71,10.77,10.02,10.26,167137146.0,2035140128.0,5677360540.0,0.029439234098738425
2020-07-08,10.24,11.29,10.16,11.17,162968169.0,2064264981.0,5677360540.0,0.028704918042777673
2020-07-09,11.07,11.8,10.77,11.24,172519812.0,2269473775.0,5677360540.0,0.030387327136352695
2020-07-10,10.96,11.21,10.81,10.83,103186357.0,1326179240.0,5677360540.0,0.018175057982137595
2020-07-13,10.82,11.23,10.66,10.94,103279499.0,1321584447.0,5677360540.0,0.018191463845274834
2020-07-14,10.88,11.07,10.63,10.79,77348948.0,981273265.0,5677360540.0,0.013624103569790196
2020-07-15,10.94,11.5,10.81,10.83,155542091.0,2031077042.0,5677360540.0,0.02739690211747588
2020-07-16,10.65,11.23,10.24,10.29,145655475.0,1843888274.0,5677360540.0,0.02565549148654209
2020-07-17,10.32,10.41,9.55,9.7,124772670.0,1447363687.0,5677360540.0,0.02197723204663694
2020-07-20,9.97,10.5,9.93,10.47,102460111.0,1226645222.0,5677360540.0,0.0180471383274172
2020-07-21,10.42,10.54,10.09,10.22,68887788.0,825627276.0,5677360540.0,0.012133770176237565
2020-07-22,10.26,10.66,10.18,10.28,85736054.0,1045036521.0,5677360540.0,0.015101393225944393
2020-07-23,10.2,10.35,9.97,10.3,65017798.0,774535773.0,5677360540.0,0.011452117148790414
2020-07-24,10.26,10.29,9.54,9.64,74868882.0,864332193.0,5677360540.0,0.013187269237616536
2020-07-27,9.69,9.81,9.5,9.72,38574341.0,435558724.0,5677360540.0,0.006794414539683259
2020-07-28,9.83,9.88,9.58,9.66,31388496.0,356256629.0,5677360540.0,0.005528712819778044
2020-07-29,9.68,10.05,9.59,9.96,55978778.0,648704199.0,5677360540.0,0.009860000541730612
2020-07-30,9.98,10.17,9.84,9.99,45194187.0,529551972.0,5677360540.0,0.007960422221133061
2020-07-31,9.96,10.3,9.83,10.01,56569495.0,666725349.0,5677360540.0,0.009964048363925114
2020-08-03,10.17,10.29,10.03,10.24,57785136.0,687292698.0,5677360540.0,0.01017816916732225
2020-08-04,10.24,10.39,10.09,10.13,52139063.0,623508570.0,5677360540.0,0.009183680097935087
2020-08-05,10.14,10.22,10.0,10.11,34099684.0,402858766.0,5677360540.0,0.006006256562314431
2020-08-06,10.21,10.69,10.14,10.58,102085697.0,1245547088.0,5677360540.0,0.01798118972377259
2020-08-07,10.51,11.17,10.41,10.76,173372418.0,2199044262.0,5677360540.0,0.03053750361255021
2020-08-10,10.47,11.09,10.3,10.74,114039388.0,1420317330.0,5677360540.0,0.020086691200344307
2020-08-11,10.76,10.97,10.24,10.25,93143960.0,1162186838.0,5677360540.0,0.016406208368087892
2020-08-12,10.22,10.34,9.84,10.04,72484956.0,852361089.0,5677360540.0,0.012767368830868719
2020-08-13,10.09,10.19,9.94,10.0,42470779.0,499026448.0,5677360540.0,0.0074807260699353085
2020-08-14,9.94,10.17,9.88,10.14,41666664.0,488554481.0,5677360540.0,0.007339090710628006
2020-08-17,10.35,11.0,10.31,10.76,106309930.0,1325801863.0,5677360540.0,0.01872523847146759
2020-08-18,10.77,10.94,10.65,10.71,64573876.0,815687958.0,5677360540.0,0.011373925531951507
2020-08-19,10.72,10.85,10.49,10.52,51953453.0,649105442.0,5677360540.0,0.009150987088799543
2020-08-20,10.48,10.64,10.23,10.23,44547387.0,539776415.0,5677360540.0,0.007846496040922565
2020-08-21,10.37,10.48,10.25,10.35,46136358.0,558712981.0,5677360540.0,0.008126374514168163
2020-08-24,10.44,10.62,10.33,10.35,45522509.0,556953639.0,5677360540.0,0.008018252263401261
2020-08-25,10.33,10.48,10.21,10.23,43582814.0,526828128.0,5677360540.0,0.007676597900192542
2020-08-26,10.2,10.28,9.95,9.98,51627927.0,608867932.0,5677360540.0,0.00909364952890591
2020-08-27,10.0,10.11,9.94,10.03,28180160.0,330114630.0,5677360540.0,0.004963602329190811
2020-08-28,10.03,10.3,9.94,10.24,45405304.0,538788313.0,5677360540.0,0.007997607987038287
2020-08-31,10.26,10.52,10.1,10.1,73971579.0,896355337.0,5677360540.0,0.01302921991281533
2020-09-01,10.05,10.16,9.96,10.09,42231986.0,495917811.0,5677360540.0,0.007438665503529921
2020-09-02,10.11,10.17,9.93,10.07,43957250.0,516809677.0,5677360540.0,0.007742550378877294
2020-09-03,10.07,10.24,10.03,10.09,48601793.0,576969598.0,5677360540.0,0.008560631768508398
2020-09-04,9.92,10.03,9.9,9.96,32834514.0,382057725.0,5677360540.0,0.005783411810587601
2020-09-07,9.93,10.0,9.64,9.64,34864661.0,401401333.0,5677360540.0,0.0061409982252069555
2020-09-08,9.64,9.78,9.42,9.67,54353362.0,611028084.0,5677360540.0,0.009573702712211404
2020-09-09,9.52,9.61,9.41,9.44,41073026.0,456474056.0,5677360540.0,0.0072345283887853985
2020-09-10,9.55,9.56,9.21,9.23,37894247.0,416580810.0,5677360540.0,0.006674624014630573
2020-09-11,9.23,9.31,9.1,9.23,26293705.0,283341763.0,5677360540.0,0.004631325563128672
2020-09-14,9.24,9.33,9.15,9.24,24986477.0,269856439.0,5677360540.0,0.004401072791477147
2020-09-15,9.2,9.28,9.17,9.27,22265052.0,240360338.0,5677360540.0,0.003921725922306847
2020-09-16,9.27,9.32,9.09,9.17,37387040.0,402951360.0,5677360540.0,0.006585285492543336
2020-09-17,9.11,9.23,9.03,9.15,24497415.0,261095063.0,5677360540.0,0.004314930296817119
2020-09-18,9.17,9.58,9.12,9.56,58589753.0,644213782.0,5677360540.0,0.010319892948000092
2020-09-21,9.77,9.83,9.41,9.41,62896031.0,703116948.0,5677360540.0,0.011078392953356456
2020-09-22,9.32,9.68,9.3,9.35,60561738.0,670463913.0,5677360540.0,0.010667234813309919
2020-09-23,9.39,9.52,9.35,9.37,36405309.0,400914119.0,5677360540.0,0.006412365172777983
2020-09-24,9.35,9.42,9.2,9.23,29162651.0,316861748.0,5677360540.0,0.005136656513979294
2020-09-25,9.28,10.16,9.22,10.16,218932736.0,2547413214.0,5677360540.0,0.03856241548471396
2020-09-28,9.96,10.05,9.67,9.76,125022498.0,1437761221.0,5677360540.0,0.022021236297950525
2020-09-29,9.84,9.88,9.7,9.76,87884821.0,1005262119.0,5677360540.0,0.015479873152463205
2020-09-30,9.77,9.81,9.37,9.43,98878134.0,1104952683.0,5677360540.0,0.017416215388004933
2020-10-09,9.55,9.7,9.47,9.65,63845976.0,715918032.0,5677360540.0,0.011245714544667617
2020-10-12,9.79,10.01,9.66,10.0,96705097.0,1120414960.0,5677360540.0,0.017033460587655404
2020-10-13,9.88,9.88,9.67,9.8,61631040.0,704798663.0,5677360540.0,0.010855579730365337
2020-10-14,9.79,9.83,9.61,9.64,35953989.0,407191482.0,5677360540.0,0.0063328704856218275
2020-10-15,9.66,9.99,9.66,9.76,60513336.0,696462767.0,5677360540.0,0.010658709372718471
2020-10-16,9.78,9.94,9.7,9.86,45941082.0,528110745.0,5677360540.0,0.00809197895330424
2020-10-19,9.94,10.07,9.7,9.73,49826264.0,576238978.0,5677360540.0,0.008776307872108471
2020-10-20,9.66,9.76,9.58,9.76,30497368.0,344524403.0,5677360540.0,0.005371751148289765
2020-10-21,9.74,9.76,9.59,9.69,28647800.0,323532762.0,5677360540.0,0.005045971591580478
2020-10-22,9.64,9.84,9.61,9.73,33917385.0,384850211.0,5677360540.0,0.00597414674672044
2020-10-23,9.73,9.81,9.58,9.58,32130842.0,364954804.0,5677360540.0,0.0056594682993305195
2020-10-26,9.45,9.46,9.28,9.31,42798812.0,468119714.0,5677360540.0,0.00753850520826708
2020-10-27,9.29,9.45,9.29,9.4,26957653.0,295725582.0,5677360540.0,0.004748272160992615
2020-10-28,9.35,9.52,9.3,9.45,25011910.0,275567351.0,5677360540.0,0.00440555251402089
2020-10-29,9.32,9.63,9.29,9.54,32792195.0,363170904.0,5677360540.0,0.005775957818595752
2020-10-30,9.48,9.61,9.17,9.18,38902893.0,426297352.0,5677360540.0,0.006852285093734773
2020-11-02,9.19,9.39,8.92,9.15,39295412.0,421944693.0,5677360540.0,0.006921422679279058
2020-11-03,9.21,9.58,9.2,9.52,48965348.0,540132338.0,5677360540.0,0.008624667687565955
2020-11-04,9.51,9.64,9.44,9.53,32258097.0,359982602.0,5677360540.0,0.005681882764486189
2020-11-05,9.65,9.79,9.61,9.71,40988277.0,464672476.0,5677360540.0,0.007219600853462796
2020-11-06,9.7,9.96,9.66,9.8,56337132.0,646479728.0,5677360540.0,0.009923120366070674
2020-11-09,9.86,10.23,9.81,10.05,85083909.0,996119388.0,5677360540.0,0.014986525587117284
2020-11-10,10.03,10.09,9.8,9.85,47042741.0,546212905.0,5677360540.0,0.008286023173719384
2020-11-11,9.88,9.97,9.75,9.78,40919001.0,471189026.0,5677360540.0,0.0072073987043281915
2020-11-12,9.77,9.9,9.67,9.76,32666538.0,373619603.0,5677360540.0,0.005753824822265031
2020-11-13,9.7,9.76,9.53,9.67,40442675.0,455364392.0,5677360540.0,0.007123499505634708
2020-11-16,9.75,9.97,9.66,9.92,51375793.0,591376783.0,5677360540.0,0.009049239102930038
2020-11-17,9.9,10.02,9.73,10.0,41752436.0,482852277.0,5677360540.0,0.007354198435317268
2020-11-18,10.05,10.14,9.82,9.88,50314985.0,586638261.0,5677360540.0,0.008862390303646278
2020-11-19,9.79,9.93,9.65,9.92,36231080.0,415055486.0,5677360540.0,0.006381676792363798
2020-11-20,9.87,9.92,9.78,9.85,28057687.0,322934650.0,5677360540.0,0.004942030156851726
2020-11-23,9.8,10.16,9.73,10.01,69820138.0,813719806.0,5677360540.0,0.012297992616125098
2020-11-24,9.96,10.11,9.87,9.89,39575775.0,462123617.0,5677360540.0,0.006970805310173238
2020-11-25,10.0,10.04,9.68,9.69,38224080.0,440540063.0,5677360540.0,0.006732720201701335
2020-11-26,9.7,9.75,9.58,9.64,34284120.0,387480005.0,5677360540.0,0.006038742785216878
2020-11-27,9.66,9.9,9.63,9.9,47009597.0,537104766.0,5677360540.0,0.008280185249605445
2020-11-30,10.05,10.24,9.89,9.93,111108603.0,1312732585.0,5677360540.0,0.019570468040065674
2020-12-01,9.92,10.29,9.82,10.17,92836284.0,1089849477.0,5677360540.0,0.016352014874855915
2020-12-02,10.17,10.38,10.11,10.2,83440511.0,998372518.0,5677360540.0,0.014697060440695563
2020-12-03,10.17,10.35,10.13,10.24,63757664.0,763681577.0,5677360540.0,0.011230159428980003
2020-12-04,10.2,10.2,9.99,10.06,43328596.0,510155502.0,5677360540.0,0.007631820402232196
2020-12-07,10.11,10.15,9.91,9.93,40589753.0,475340934.0,5677360540.0,0.007149405558097601
2020-12-08,9.92,10.03,9.88,9.94,37091486.0,431605378.0,5677360540.0,0.006533227146430267
2020-12-09,9.92,10.02,9.47,9.49,60366864.0,689884648.0,5677360540.0,0.010632910059997705
2020-12-10,9.5,9.54,9.32,9.43,52829389.0,582620807.0,5677360540.0,0.009305272868930745
2020-12-11,9.42,9.53,9.35,9.41,53244527.0,588185919.0,5677360540.0,0.009378394524156819
2020-12-14,9.36,9.46,9.27,9.38,37244499.0,407641579.0,5677360540.0,0.006560178579040886
2020-12-15,9.34,9.42,9.28,9.35,28151023.0,307436241.0,5677360540.0,0.004958470190797501
2020-12-16,9.4,9.42,9.27,9.29,30436690.0,332814791.0,5677360540.0,0.005361063435298403
2020-12-17,9.27,9.55,9.24,9.52,50240327.0,553851867.0,5677360540.0,0.008849240178782093
2020-12-18,9.47,9.55,9.41,9.46,28473172.0,315521732.0,5677360540.0,0.005015212932029151
2020-12-21,9.44,9.58,9.41,9.52,28598992.0,317710310.0,5677360540.0,0.005037374638884568
2020-12-22,9.46,9.51,9.14,9.16,38957721.0,424625950.0,5677360540.0,0.006861942398324415
2020-12-23,9.17,9.36,9.11,9.35,45204071.0,488627295.0,5677360540.0,0.007962163170986495
2020-12-24,9.33,9.44,9.23,9.27,22476201.0,244842791.0,5677360540.0,0.003958917324634098
2020-12-25,9.28,9.53,9.23,9.46,34549117.0,380074776.0,5677360540.0,0.006085418876709211
2020-12-28,9.46,9.62,9.39,9.49,39158211.0,434969585.0,5736575803.0,0.006826060065225987
2020-12-29,9.46,9.68,9.45,9.47,39114460.0,436552003.0,5736575803.0,0.006818433390097399
2020-12-30,9.41,9.62,9.39,9.58,35070333.0,391040818.0,5736575803.0,0.006113461096715503
2020-12-31,9.62,10.06,9.61,9.94,96022338.0,1108238687.0,5736575803.0,0.016738615734805447
2021-01-04,10.01,10.06,9.77,9.9,71637850.0,829765281.0,5736575803.0,0.012487911335981348
2021-01-05,9.8,10.0,9.73,9.9,63180485.0,729006553.0,5736575803.0,0.011013623312875798
2021-01-06,9.91,10.03,9.74,9.81,48863498.0,563074840.0,5736575803.0,0.00851788587443512
2021-01-07,9.9,10.22,9.7,10.11,85971814.0,998925855.0,5736575803.0,0.014986608205375788
2021-01-08,10.07,10.08,9.81,9.82,71489273.0,827934212.0,5736575803.0,0.012462011390595409
2021-01-11,9.88,9.94,9.5,9.51,59587804.0,677069113.0,5736575803.0,0.010387347094557341
2021-01-12,9.5,9.93,9.29,9.89,95253136.0,1073168972.0,5736575803.0,0.016604528427949374
2021-01-13,9.88,9.91,9.45,9.48,66566223.0,752623261.0,5736575803.0,0.011603825223609619
2021-01-14,9.46,9.61,9.38,9.39,52545262.0,582045687.0,5736575803.0,0.00915969104295997
2021-01-15,9.43,9.59,9.32,9.41,40643004.0,449373540.0,5736575803.0,0.007084889208427322
2021-01-18,9.41,9.55,9.36,9.44,40984781.0,453147222.0,5736575803.0,0.0071444677813839045
2021-01-19,9.46,9.64,9.39,9.51,43467929.0,483243861.0,5736575803.0,0.007577330186636427
2021-01-20,9.51,9.55,9.37,9.4,34559195.0,381809244.0,5736575803.0,0.006024359511108861
2021-01-21,9.42,9.66,9.35,9.5,59347948.0,660913245.0,5736575803.0,0.010345535392204421
2021-01-22,9.46,9.67,9.25,9.33,58714769.0,648301213.0,5736575803.0,0.010235159617222267
2021-01-25,9.31,9.38,9.18,9.24,45524186.0,493379795.0,5736575803.0,0.007935776944879324
2021-01-26,9.21,9.26,8.81,8.82,54693466.0,576666321.0,5736575803.0,0.009534166003942196
2021-01-27,8.79,8.87,8.69,8.73,35294148.0,362947864.0,5736575803.0,0.006152476531651961
2021-01-28,8.64,8.82,8.61,8.73,36429558.0,372254318.0,5736575803.0,0.006350401223836142
2021-01-29,8.81,8.82,8.59,8.69,32463616.0,330665516.0,5736575803.0,0.005659058141099229
2021-02-01,8.7,8.76,8.61,8.71,23983255.0,243756347.0,5736575803.0,0.004180761454848678
2021-02-02,8.71,8.74,8.4,8.53,53488163.0,534504250.0,5736575803.0,0.00932405756270628
2021-02-03,8.51,8.69,8.46,8.55,34808862.0,349013313.0,5736575803.0,0.006067881467163104
2021-02-04,8.52,8.53,8.25,8.39,39157330.0,383773351.0,5736575803.0,0.006825906489289705
2021-02-05,8.39,8.46,8.23,8.25,24110337.0,235622658.0,5736575803.0,0.004202914391437355
2021-02-08,8.17,8.17,7.8,7.99,55167518.0,513504566.0,5736575803.0,0.00961680275734343
2021-02-09,7.99,8.17,7.91,8.11,39295933.0,369802219.0,5736575803.0,0.0068500677668113085
2021-02-10,8.11,8.34,8.07,8.27,34368694.0,330149091.0,5736575803.0,0.0059911513732681
2021-02-18,8.38,8.48,8.31,8.37,34522315.0,338729513.0,5736575803.0,0.00601793058882726
2021-02-19,8.3,8.55,8.28,8.55,43090724.0,426256940.0,5736575803.0,0.007511575804065079
2021-02-22,8.57,8.7,8.42,8.44,55139088.0,553287400.0,5736575803.0,0.009611846839217997
2021-02-23,8.44,8.52,8.34,8.4,29412340.0,290545804.0,5736575803.0,0.005127159652386798
2021-02-24,8.39,8.51,8.3,8.39,33402031.0,328448505.0,5736575803.0,0.00582264266124263
2021-02-25,8.4,8.49,8.34,8.42,32561079.0,320541175.0,5736575803.0,0.005676047893060501
2021-02-26,8.34,8.38,8.16,8.2,39876941.0,384668097.0,5736575803.0,0.00695134909210926
2021-03-01,8.21,8.26,8.17,8.21,26025360.0,249772826.0,5736575803.0,0.004536741236190024
2021-03-02,8.23,8.27,8.07,8.12,30585940.0,292739946.0,5736575803.0,0.005331741626076792
2021-03-03,8.11,8.3,8.09,8.29,33984539.0,326765232.0,5736575803.0,0.005924185466568304
2021-03-04,8.25,8.3,8.16,8.17,29012832.0,279004689.0,5736575803.0,0.005057517410443256
2021-03-05,8.13,8.4,8.12,8.34,48331388.0,470311799.0,5736575803.0,0.00842512844940088
2021-03-08,8.4,8.46,8.26,8.28,33306186.0,326184558.0,5736575803.0,0.005805934959071263
2021-03-09,8.29,8.35,8.11,8.12,34947800.0,335156853.0,5736575803.0,0.006092101141890899
2021-03-10,8.17,8.19,7.98,7.99,27943422.0,263271860.0,5736575803.0,0.004871097839478859
2021-03-11,8.0,8.11,8.0,8.08,25597106.0,241101041.0,5736575803.0,0.0044620879909952095
2021-03-12,8.06,8.18,7.95,8.15,37036256.0,349326309.0,5736575803.0,0.006456160830408886
2021-03-15,8.08,8.12,8.03,8.05,22909576.0,216470379.0,5736575803.0,0.003993597711725382
2021-03-16,8.07,8.11,8.01,8.09,19377327.0,182875467.0,5736575803.0,0.0033778560007638064
2021-03-17,8.08,8.13,8.03,8.09,22166675.0,209827637.0,5736575803.0,0.0038640951956753914
2021-03-18,8.1,8.14,8.03,8.04,22746626.0,215131808.0,5736575803.0,0.0039651922647138075
2021-03-19,8.01,8.01,7.89,7.89,25645558.0,238174706.0,5736575803.0,0.004470534144530679
2021-03-22,7.93,8.34,7.91,8.22,48704463.0,463128117.0,5736575803.0,0.0084901628902959
2021-03-23,8.22,8.42,8.16,8.35,49220701.0,477487350.0,5736575803.0,0.008580153507996797
2021-03-24,8.29,8.59,8.29,8.42,53760452.0,532893652.0,5736575803.0,0.009371522986218614
2021-03-25,8.33,8.48,8.24,8.26,32670224.0,318047952.0,5736575803.0,0.005695074051477674
2021-03-26,8.26,8.34,8.24,8.28,20533390.0,199006538.0,5736575803.0,0.0035793809242896883
2021-03-29,8.26,8.33,8.19,8.29,19784623.0,191204368.0,5736575803.0,0.003448855847011284
2021-03-30,8.27,8.3,8.21,8.27,16728841.0,161502313.0,5736575803.0,0.0029161718722955747
2021-03-31,7.78,7.87,7.57,7.58,98702480.0,888999549.0,5736575803.0,0.017205818137778734
2021-04-01,7.58,7.6,7.48,7.52,39451827.0,347235145.0,5736575803.0,0.006877243211772478
2021-04-02,7.52,7.56,7.5,7.51,29387608.0,258341519.0,5736575803.0,0.005122848369689712
2021-04-06,7.52,7.54,7.51,7.53,23905970.0,210415014.0,5736575803.0,0.004167289132220328
2021-04-07,7.54,7.62,7.51,7.58,27518579.0,243317932.0,5736575803.0,0.004797039199867085
2021-04-08,7.57,7.66,7.52,7.58,31177192.0,277099694.0,5736575803.0,0.0054348086856440695
2021-04-09,7.57,7.58,7.51,7.53,19439888.0,171363261.0,5736575803.0,0.0033887616354400327
2021-04-12,7.49,7.56,7.48,7.49,19839213.0,174281381.0,5736575803.0,0.0034583719768201938
2021-04-13,7.48,7.52,7.44,7.52,19566794.0,171199864.0,5736575803.0,0.0034108838917054577
2021-04-14,7.51,7.56,7.5,7.53,17743625.0,156374873.0,5736575803.0,0.003093069037930396
2021-04-15,7.51,7.51,7.45,7.48,14316498.0,125000177.0,5736575803.0,0.0024956521959516413
2021-04-16,7.48,7.56,7.47,7.54,20056691.0,176374467.0,5736575803.0,0.0034962827457995327
2021-04-19,7.52,7.65,7.48,7.64,32957927.0,292807168.0,5736575803.0,0.005745226443754883
2021-04-20,7.64,7.66,7.52,7.54,23586412.0,209110244.0,5736575803.0,0.004111583775754388
2021-04-21,7.49,7.58,7.49,7.52,14839460.0,130604693.0,5736575803.0,0.0025868149414568103
2021-04-22,7.55,7.57,7.5,7.52,17410203.0,153368723.0,5736575803.0,0.003034946908728228
2021-04-23,7.5,7.53,7.46,7.48,16770230.0,146790549.0,5736575803.0,0.0029233868035405093
2021-04-26,7.46,7.5,7.3,7.31,30201830.0,261904774.0,5736575803.0,0.0052647835637778286
2021-04-27,7.34,7.38,7.28,7.32,24049067.0,206207413.0,5736575803.0,0.004192233803904988
2021-04-28,7.33,7.36,7.29,7.36,17105616.0,146705702.0,5736575803.0,0.0029818512972589755
2021-04-29,7.35,7.59,7.34,7.55,42679926.0,375001952.0,5736575803.0,0.0074399654891128784
2021-04-30,7.52,7.6,7.47,7.53,29220302.0,257457336.0,5736575803.0,0.005093683584677631
2021-05-06,7.58,7.62,7.46,7.51,22207015.0,195432635.0,5736575803.0,0.0038711272652209388
2021-05-07,7.51,7.53,7.46,7.49,23084214.0,202258825.0,5736575803.0,0.0040240406111129706
2021-05-10,7.48,7.5,7.35,7.41,24623476.0,213710581.0,5736575803.0,0.004292364791400979
2021-05-11,7.4,7.62,7.36,7.56,32857277.0,288207518.0,5736575803.0,0.0057276811338947105
2021-05-12,7.52,7.58,7.5,7.55,18179279.0,160327424.0,5736575803.0,0.0031690122512619745
2021-05-13,7.52,7.61,7.52,7.57,19682472.0,174235072.0,5736575803.0,0.0034310488828033707
2021-05-14,7.58,7.95,7.58,7.93,91648220.0,835891511.0,5736575803.0,0.015976119404204795
2021-05-17,7.83,7.84,7.65,7.71,57564127.0,520490816.0,5736575803.0,0.010034579682516575
2021-05-18,7.67,7.8,7.63,7.72,31878833.0,288007334.0,5736575803.0,0.00555711875773151
2021-05-19,7.68,7.73,7.62,7.64,29193448.0,261612349.0,5736575803.0,0.0050890023949013265
2021-05-20,7.63,7.79,7.61,7.73,42791719.0,385125081.0,5736575803.0,0.007459453246938991
2021-05-21,7.74,7.75,7.61,7.62,31086228.0,278498775.0,5736575803.0,0.005418951839482909
2021-05-24,7.64,7.84,7.63,7.74,42452994.0,384141536.0,5736575803.0,0.0074004066986788145
2021-05-25,7.75,8.05,7.72,7.99,92125858.0,855466138.0,5736575803.0,0.016059381269192305
2021-05-26,8.12,8.44,8.04,8.13,122174813.0,1175600146.0,5736575803.0,0.02129751566014476
2021-05-27,8.09,8.25,8.04,8.14,71913539.0,684392261.0,5736575803.0,0.012535969447556519
2021-05-28,8.15,8.95,8.05,8.76,208072777.0,2095959026.0,5736575803.0,0.03627125033215568
2021-05-31,8.64,9.11,8.61,9.08,160987018.0,1665638281.0,5736575803.0,0.028063259953056006
2021-06-01,9.02,9.04,8.66,8.75,113120360.0,1164113548.0,5736575803.0,0.019719143245844076
2021-06-02,8.81,8.82,8.48,8.52,76727060.0,772687902.0,5736575803.0,0.013375062517238039
2021-06-03,8.46,8.73,8.42,8.46,79986853.0,800061489.0,5736575803.0,0.013943309693244194
2021-06-04,8.38,8.78,8.34,8.5,82927916.0,828443228.0,5736575803.0,0.014455995849759715
2021-06-07,8.5,8.57,8.33,8.36,49915725.0,490996709.0,5736575803.0,0.008701310104521947
2021-06-08,8.36,8.5,8.3,8.4,41501490.0,408486894.0,5736575803.0,0.0072345405038135085
2021-06-09,8.36,8.45,8.26,8.3,33332927.0,325244496.0,5736575803.0,0.005810596450685479
2021-06-10,8.29,8.4,8.25,8.31,37736840.0,367788846.0,5736575803.0,0.0065782866462367915
2021-06-11,8.31,8.4,8.06,8.13,52280656.0,503489338.0,5736575803.0,0.009113564920149631
2021-06-15,8.2,8.2,8.01,8.04,33944818.0,320875804.0,5736575803.0,0.005917261301114197
2021-06-16,7.99,8.08,7.91,8.0,42348988.0,396058299.0,5736575803.0,0.0073822763708366185
2021-06-17,8.03,8.14,7.97,8.11,34238287.0,322656285.0,5736575803.0,0.005968418822617971
2021-06-18,8.08,8.34,8.05,8.29,43962802.0,422510349.0,5736575803.0,0.007663596457142466
2021-06-21,8.31,8.39,8.18,8.23,33820920.0,326918612.0,5736575803.0,0.005895663399464365
2021-06-22,8.42,8.46,8.23,8.24,45376219.0,442316688.0,5736575803.0,0.007909983334704659
2021-06-23,8.21,8.3,8.09,8.23,38705900.0,371085804.0,5736575803.0,0.006747213203346561
2021-06-24,8.23,8.4,8.22,8.35,44990512.0,438806605.0,5736575803.0,0.007842746883336181
2021-06-25,8.35,8.86,8.33,8.7,92325858.0,931606706.0,5736575803.0,0.01609424527288862
2021-06-28,8.76,9.05,8.7,8.83,100480622.0,1042204615.0,5736575803.0,0.017515783884081624
2021-06-29,8.7,8.75,8.49,8.49,64540125.0,647800501.0,5736575803.0,0.011250635782804106
2021-06-30,8.52,8.58,8.38,8.54,41844832.0,415000469.0,5736575803.0,0.007294391887599014
2021-07-01,8.63,8.76,8.28,8.29,55945928.0,555558685.0,5736575803.0,0.009752495202929683
2021-07-02,8.41,8.6,8.2,8.23,67895061.0,666637733.0,5736575803.0,0.011835468288328656
2021-07-05,8.15,8.62,8.14,8.58,68411157.0,678143089.0,5736575803.0,0.011925434152586931
2021-07-06,8.48,8.52,8.32,8.45,55939995.0,549183701.0,5736575803.0,0.009751460962260032
2021-07-07,8.38,8.48,8.35,8.43,34078665.0,335347989.0,5736575803.0,0.005940593512627902
2021-07-08,8.54,8.54,8.25,8.29,42721849.0,408389793.0,5736575803.0,0.007447273507247682
2021-07-09,8.23,8.45,8.19,8.4,40974903.0,389934489.0,5736575803.0,0.007142745848241343
2021-07-12,8.56,9.24,8.56,9.24,232004808.0,2414384893.0,5736575803.0,0.04044308241837766
2021-07-13,9.2,9.81,9.13,9.46,239926928.0,2597737257.0,5736575803.0,0.04182406652319103
2021-07-14,9.52,9.99,8.99,9.02,203980933.0,2199802201.0,5736575803.0,0.0355579600104519
2021-07-15,9.07,9.15,8.8,9.02,125680652.0,1281289793.0,5736575803.0,0.021908653579418236
2021-07-16,9.18,9.81,9.08,9.34,206542988.0,2224281717.0,5736575803.0,0.03600457748540275
2021-07-19,9.18,9.91,9.18,9.74,188830364.0,2062990301.0,5736575803.0,0.0329169125423653
2021-07-20,9.61,10.28,9.55,9.83,158180294.0,1778681643.0,5736575803.0,0.027573991773503285
2021-07-21,9.73,10.02,9.52,9.61,141332142.0,1562299443.0,5736575803.0,0.024637021605482652
2021-07-22,9.6,10.41,9.48,10.13,183227890.0,2084078665.0,5736575803.0,0.03194028917114267
2021-07-23,10.13,11.15,10.0,10.89,343748573.0,4225185703.0,5736575803.0,0.05992225759838007
2021-07-26,10.79,11.38,10.44,10.59,303567091.0,3784663237.0,5736575803.0,0.05291782091352241
2021-07-27,10.59,10.72,9.88,10.09,214825429.0,2542480998.0,5736575803.0,0.03744837275359542
2021-07-28,10.0,10.2,9.58,9.67,158618014.0,1772540920.0,5736575803.0,0.027650295131993047
2021-07-29,9.87,10.12,9.75,9.94,156397810.0,1767433309.0,5736575803.0,0.027263269129680148
2021-07-30,9.83,9.83,9.45,9.58,110360835.0,1206786013.0,5736575803.0,0.019238102796843667
2021-08-02,9.49,10.54,9.37,10.54,167700513.0,1930603018.0,5736575803.0,0.029233556525532067
2021-08-03,10.54,11.59,10.44,11.08,407308427.0,5175043755.0,5736575803.0,0.07100201252234721
2021-08-04,11.14,11.47,10.76,11.27,282630879.0,3591626212.0,5736575803.0,0.04926822005074793
2021-08-05,11.16,11.24,10.65,10.76,177428576.0,2197314272.0,5736575803.0,0.030929352647482134
2021-08-06,10.75,11.27,10.68,10.81,179202959.0,2230591286.0,5736575803.0,0.03123866312483555
2021-08-09,10.76,11.89,10.72,11.89,328987352.0,4409739285.0,5736575803.0,0.05734908128084924
2021-08-10,11.66,12.72,11.54,12.39,373983498.0,5164025690.0,5736575803.0,0.06519281028316955
2021-08-11,12.28,12.45,11.95,12.02,212550103.0,2941508677.0,5736575803.0,0.03705173788322379
2021-08-12,12.11,12.33,11.84,12.25,182250782.0,2508288302.0,5736575803.0,0.031769959686524164
2021-08-13,12.14,12.18,11.61,11.94,160298596.0,2170874949.0,5736575803.0,0.027943254217292872
2021-08-16,12.04,12.88,11.9,12.28,238481309.0,3394965905.0,5736575803.0,0.041572066192393696
2021-08-17,12.11,13.43,12.07,12.37,282634860.0,4094110191.0,5736575803.0,0.049268914018741505
2021-08-18,12.28,13.61,12.23,13.61,279484406.0,4187670036.0,5736575803.0,0.04871972681923611
2021-08-19,14.97,14.97,14.14,14.23,717113285.0,12104149565.0,5736575803.0,0.12500720109459346
2021-08-20,14.15,14.61,13.82,14.04,426656944.0,6943389125.0,5736575803.0,0.07437484636337856
2021-08-23,14.47,14.98,14.16,14.35,351810764.0,5826961767.0,5736575803.0,0.061327658882502176
2021-08-24,14.52,15.64,14.43,15.44,444185799.0,7626189171.0,5736575803.0,0.07743047669093966
2021-08-25,14.91,15.25,14.63,15.14,316205718.0,5389239608.0,5736575803.0,0.055120986605744327
2021-08-26,14.89,14.91,14.19,14.4,289484683.0,4790406386.0,5736575803.0,0.05046297529069712
2021-08-27,14.36,14.88,14.14,14.56,226967721.0,3763520246.0,5736575803.0,0.039565017319444284
2021-08-30,14.14,14.18,13.11,13.11,219496176.0,3352261307.0,5736575803.0,0.038262577456958255
2021-08-31,12.73,13.54,12.26,13.13,394846923.0,5740098853.0,5736575803.0,0.0688297229147588
2021-09-01,12.95,14.45,12.58,13.92,442568681.0,6910968821.0,5736575803.0,0.07714858065129275
2021-09-02,13.7,14.69,13.61,14.32,341910043.0,5561317415.0,5736575803.0,0.05960176501480111
2021-09-03,14.91,14.91,13.7,13.76,241780832.0,3919030274.0,5736575803.0,0.04214723910273412
2021-09-06,13.99,14.91,13.86,14.42,257683499.0,4220678007.0,5736575803.0,0.04491939230808069
2021-09-07,14.26,15.86,14.19,15.86,361589236.0,6265920745.0,5736575803.0,0.06303224230226388
2021-09-08,15.83,16.26,15.45,16.01,306717507.0,5549542716.0,5736575803.0,0.05346700148886711
2021-09-09,15.59,16.15,15.47,16.15,211631556.0,3814514818.0,5736575803.0,0.036891616753207575
2021-09-10,16.31,17.25,15.35,15.46,356388075.0,6592069942.0,5736575803.0,0.06212557582061816
2021-09-13,15.26,16.1,15.16,15.58,218712472.0,3882194969.0,5736575803.0,0.03812596216119416
2021-09-14,15.52,15.94,15.06,15.11,196546699.0,3456396594.0,5736575803.0,0.03426202420217544
2021-09-15,15.31,15.33,14.72,15.08,165834995.0,2834537340.0,5736575803.0,0.02890835939329433
2021-09-16,15.03,15.18,14.26,14.58,183351019.0,3076946480.0,5736575803.0,0.03196175302069829
2021-09-17,14.61,14.97,14.39,14.7,143676804.0,2403442782.0,5736575803.0,0.025045743128655734
2021-09-22,14.38,15.07,14.21,14.9,140902104.0,2367062754.0,5736575803.0,0.024562057373374867
2021-09-23,14.9,15.53,14.69,15.26,184843898.0,3190824227.0,5736575803.0,0.032221991715569075
2021-09-24,15.17,15.69,15.01,15.11,152164892.0,2663657959.0,5736575803.0,0.026525386785689095
2021-09-27,14.9,15.16,13.6,13.64,228195435.0,3724810685.0,5736575803.0,0.03977903244661439
2021-09-28,13.55,14.12,13.54,13.81,144459749.0,2278834121.0,5736575803.0,0.025182226115525803
2021-09-29,13.6,13.8,13.05,13.26,148353301.0,2261049457.0,5736575803.0,0.025860950172124832
2021-09-30,13.34,13.4,13.11,13.27,86795192.0,1310911994.0,5736575803.0,0.015130139473553123
2021-10-08,13.44,13.51,12.92,13.08,98600023.0,1483668875.0,5736575803.0,0.017187957831645166
2021-10-11,12.98,13.23,12.82,12.97,74989415.0,1115274530.0,5736575803.0,0.013072156208723597
2021-10-12,12.88,13.05,12.15,12.47,145042106.0,2076790394.0,5736575803.0,0.025283742598528686
2021-10-13,12.48,12.75,12.19,12.56,93392012.0,1327672353.0,5736575803.0,0.01628009725787284
2021-10-14,12.5,12.95,12.4,12.69,100315483.0,1451430192.0,5736575803.0,0.017486996850549594
2021-10-15,12.57,12.83,12.5,12.65,77804890.0,1123725140.0,5736575803.0,0.01356294986275805
2021-10-18,12.69,12.79,12.46,12.74,73231988.0,1055014842.0,5736575803.0,0.012765801501603552
2021-10-19,12.74,13.25,12.69,13.01,150437616.0,2236303163.0,5736575803.0,0.026224288001446286
2021-10-20,12.95,13.3,12.86,13.09,110280153.0,1648280975.0,5736575803.0,0.019224038309112533
2021-10-21,13.1,13.26,12.83,12.98,91066871.0,1352872188.0,5736575803.0,0.015874778635780542
2021-10-22,12.93,13.25,12.93,13.14,89528861.0,1334606570.0,5736575803.0,0.015606672704155672
2021-10-25,13.23,14.29,12.94,13.99,182319306.0,2822875024.0,5736575803.0,0.0317819047914706
2021-10-26,13.76,14.2,13.73,13.9,121249278.0,1926779884.0,5736575803.0,0.0211361763818394
2021-10-27,13.76,14.02,13.17,13.25,124481878.0,1929992738.0,5736575803.0,0.021699683273582987
2021-10-28,13.25,13.84,13.18,13.38,130563669.0,2018904517.0,5736575803.0,0.022759861193104153
2021-10-29,12.61,12.97,12.04,12.07,268399937.0,3728968692.0,5736575803.0,0.0467874819782975
2021-11-01,11.84,12.22,11.32,11.92,164068682.0,2211282235.0,5736575803.0,0.028600455678490056
2021-11-02,11.77,11.88,11.27,11.44,152141214.0,2001850614.0,5736575803.0,0.026521259236291485
2021-11-03,11.43,11.56,11.37,11.43,75140640.0,982142887.0,5736575803.0,0.013098517753518476
2021-11-04,11.58,11.67,11.33,11.38,89536794.0,1168237278.0,5736575803.0,0.015608055584862286
2021-11-05,11.32,11.43,11.15,11.15,89148069.0,1147432025.0,5736575803.0,0.01554029303567803
2021-11-08,11.13,11.55,11.11,11.38,97520229.0,1257805633.0,5736575803.0,0.016999728121608854
2021-11-09,11.36,11.79,11.29,11.7,139794030.0,1841782589.0,5736575803.0,0.024368897893215898
2021-11-10,11.62,11.77,11.49,11.64,97579383.0,1292171327.0,5736575803.0,0.017010039847982116
2021-11-11,11.61,12.68,11.57,12.4,233905133.0,3249763792.0,5736575803.0,0.040774347107498686
2021-11-12,12.33,12.33,12.01,12.21,123580119.0,1713629685.0,5736575803.0,0.021542488628037048
2021-11-15,12.21,12.28,12.0,12.04,89976216.0,1243127873.0,5736575803.0,0.015684655636023503
2021-11-16,11.93,12.14,11.81,11.98,96291374.0,1318495107.0,5736575803.0,0.01678551409529766
2021-11-17,11.88,11.98,11.73,11.76,82397643.0,1110506767.0,5736575803.0,0.014363558650599427
2021-11-18,11.68,11.84,11.61,11.7,71878195.0,960593470.0,5736575803.0,0.012529808280823305
2021-11-19,11.64,12.4,11.59,12.22,182322335.0,2508444114.0,5736575803.0,0.03178243280680658
2021-11-22,12.18,12.76,12.13,12.6,165891120.0,2369340728.0,5736575803.0,0.028918143104331606
2021-11-23,12.47,12.97,12.44,12.55,165384238.0,2400300240.0,5736575803.0,0.028829783424723622
2021-11-24,12.49,13.06,12.48,12.85,167183229.0,2444661733.0,5736575803.0,0.029143383569091835
2021-11-25,12.85,13.15,12.76,12.88,105656301.0,1560534087.0,5736575803.0,0.0184180083430164
2021-11-26,12.9,13.01,12.6,12.67,104314880.0,1517118932.0,5736575803.0,0.018184171809504806
2021-11-29,12.33,12.7,12.3,12.4,95524324.0,1353879186.0,5736575803.0,0.01665180192512136
2021-11-30,12.5,12.62,12.21,12.33,91627333.0,1296849766.0,5736575803.0,0.01597247838197877
2021-12-01,12.28,12.91,12.23,12.72,132918977.0,1911681677.0,5736575803.0,0.02317043852719399
2021-12-02,12.62,13.76,12.6,13.45,212833903.0,3242924861.0,5736575803.0,0.03710120990446886
2021-12-03,13.38,13.63,13.2,13.58,158347333.0,2426794641.0,5736575803.0,0.02760311001507043
2021-12-06,13.89,14.38,13.4,13.55,304142643.0,4819068205.0,5736575803.0,0.05301815114879952
2021-12-07,13.74,13.91,13.35,13.62,150919696.0,2341259168.0,5736575803.0,0.02630832419595589
2021-12-08,13.68,13.98,13.25,13.94,145502671.0,2276151522.0,5736575803.0,0.02536402829784066
2021-12-09,13.88,14.86,13.76,14.27,217365301.0,3529264951.0,5736575803.0,0.037891123287576295
2021-12-10,13.95,14.24,13.69,13.74,136097030.0,2162028772.0,5736575803.0,0.02372443678488946
2021-12-13,14.0,14.49,13.69,13.78,167716120.0,2694882357.0,5736575803.0,0.02923627713806051
2021-12-14,13.58,14.55,13.48,14.2,156964971.0,2533435558.0,5736575803.0,0.027362136645682184
2021-12-15,14.2,14.35,13.99,14.05,107118414.0,1723853860.0,5736575803.0,0.018672883908198573
2021-12-16,14.05,14.33,13.94,14.33,95165165.0,1540606564.0,5736575803.0,0.016589193321603527
2021-12-17,14.28,14.3,13.69,13.75,127178374.0,2029113351.0,5736575803.0,0.022169736506138522
2021-12-20,13.52,13.76,13.11,13.19,141792906.0,2159007887.0,5736575803.0,0.024717341994478306
2021-12-21,13.29,13.33,13.08,13.19,87829424.0,1322302315.0,5736575803.0,0.015310426814907374
2021-12-22,13.07,13.25,12.84,12.98,89389378.0,1328689991.0,5736575803.0,0.015582358025017803
2021-12-23,13.0,13.08,12.64,12.81,97398567.0,1421933969.0,5736575803.0,0.01697851999952035
2021-12-24,12.85,13.07,12.67,12.76,66182821.0,971345976.0,5736575803.0,0.01153699057988374
2021-12-27,12.71,12.85,12.51,12.81,58221345.0,843247652.0,5736575803.0,0.010149145936423007
2021-12-28,12.98,13.04,12.57,12.84,77295072.0,1122417044.0,5966575803.0,0.01295467862172068
2021-12-29,12.81,12.88,12.61,12.63,52462461.0,760945289.0,5966575803.0,0.008792725129482445
2021-12-30,12.65,12.98,12.54,12.87,91183090.0,1335855716.0,5966575803.0,0.015282314850362423
2021-12-31,12.91,13.12,12.81,12.93,67289415.0,992357851.0,5966575803.0,0.011277727329998358
2022-01-04,12.94,13.16,12.8,13.07,67841774.0,1002949927.0,5966575803.0,0.011370302873867637
2022-01-05,13.07,13.28,12.99,13.04,78895541.0,1179564553.0,5966575803.0,0.013222917734545708
2022-01-06,12.93,12.98,11.96,12.02,191121250.0,2667839939.0,5966575803.0,0.03203198221397004
2022-01-07,12.01,12.14,11.74,12.0,105434863.0,1441370988.0,5966575803.0,0.017670916532559134
2022-01-10,11.91,11.97,11.59,11.76,78458956.0,1054730705.0,5966575803.0,0.013149745949854649
2022-01-11,11.71,11.93,11.67,11.78,55010794.0,739520984.0,5966575803.0,0.009219826549817824
2022-01-12,11.82,11.98,11.71,11.96,48457557.0,654860147.0,5966575803.0,0.00812150194683448
2022-01-13,12.01,12.06,11.68,11.72,50680392.0,685755990.0,5966575803.0,0.008494049798968086
2022-01-14,11.69,11.83,11.47,11.52,65260816.0,864081919.0,5966575803.0,0.010937733493168192
2022-01-17,11.4,11.65,11.37,11.53,58587832.0,767506820.0,5966575803.0,0.009819339254944517
2022-01-18,11.58,11.84,11.47,11.68,67845847.0,900019037.0,5966575803.0,0.011370985509961516
2022-01-19,11.7,12.0,11.67,11.77,68074446.0,916291578.0,5966575803.0,0.011409298774981138
2022-01-20,11.76,12.32,11.61,12.13,144383644.0,1984748326.0,5966575803.0,0.024198744601116734
2022-01-21,12.03,12.05,11.82,11.86,67315571.0,915365350.0,5966575803.0,0.011282111083907401
2022-01-24,11.76,11.93,11.68,11.71,46437830.0,623711091.0,5966575803.0,0.007782995060022705
2022-01-25,11.76,11.92,11.4,11.41,66857590.0,889926626.0,5966575803.0,0.01120535332281942
2022-01-26,11.39,11.62,11.14,11.52,77843214.0,1013342802.0,5966575803.0,0.013046547395050333
2022-01-27,11.44,11.56,11.12,11.14,62299893.0,806128463.0,5966575803.0,0.010441481857764306
2022-01-28,11.27,11.3,10.67,10.76,79491972.0,991233110.0,5966575803.0,0.01332287975961545
2022-02-07,10.97,11.29,10.9,11.13,83004611.0,1052690823.0,5966575803.0,0.01391159917188435
2022-02-08,11.08,11.35,10.86,11.23,95014773.0,1201639656.0,5966575803.0,0.015924506138382838
2022-02-09,11.16,11.39,11.12,11.27,63116698.0,810379400.0,5966575803.0,0.010578378635240814
2022-02-10,11.33,11.57,11.28,11.4,73192265.0,953990240.0,5966575803.0,0.012267046865171622
2022-02-11,11.31,11.67,11.27,11.33,87763953.0,1144149797.0,5966575803.0,0.01470926640299654
2022-02-14,11.18,11.26,10.77,10.87,95866651.0,1198551671.0,5966575803.0,0.016067281161801072
2022-02-15,10.87,10.99,10.79,10.98,46855261.0,581485502.0,5966575803.0,0.007852956628229064
2022-02-16,11.02,11.25,10.93,10.99,48682727.0,613965409.0,5966575803.0,0.008159240510364802
2022-02-17,10.95,11.01,10.83,10.9,43391400.0,539722130.0,5966575803.0,0.007272412424255594
2022-02-18,10.82,10.93,10.79,10.9,42554143.0,526226652.0,5966575803.0,0.007132087885082049
2022-02-21,10.9,10.9,10.67,10.88,64080209.0,787268850.0,5966575803.0,0.010739863384921786
2022-02-22,10.78,10.78,10.33,10.44,91759637.0,1102287818.0,5966575803.0,0.015378944310715565
2022-02-23,10.44,10.92,10.43,10.87,110367563.0,1355140972.0,5966575803.0,0.0184976386195424
2022-02-24,10.75,11.1,10.58,10.73,104116291.0,1290838589.0,5966575803.0,0.01744992344648504
2022-02-25,10.92,11.03,10.76,10.81,54979867.0,681393609.0,5966575803.0,0.009214643174793166
2022-02-28,10.76,10.9,10.62,10.76,61167580.0,748316897.0,5966575803.0,0.010251705839259577
2022-03-01,10.79,10.88,10.62,10.82,69374151.0,849164269.0,5966575803.0,0.011627129745861707
2022-03-02,10.68,10.73,10.55,10.61,60349499.0,731365728.0,5966575803.0,0.010114595203777721
2022-03-03,10.68,10.82,10.47,10.53,68254125.0,827116632.0,5966575803.0,0.01143941303246022
2022-03-04,10.33,10.44,10.16,10.26,82269368.0,963826828.0,5966575803.0,0.01378837221151785
2022-03-07,10.24,10.24,9.84,9.9,87087825.0,991068342.0,5966575803.0,0.014595947135409251
2022-03-08,9.76,10.02,9.56,9.56,101994419.0,1132618274.0,5966575803.0,0.017094297025224605
2022-03-09,9.61,9.68,8.94,9.31,100965133.0,1073456037.0,5966575803.0,0.01692178836464872
2022-03-10,9.52,9.56,9.25,9.27,85379066.0,914819057.0,5966575803.0,0.014309558584183465
2022-03-11,9.08,9.64,9.04,9.54,111550334.0,1187555908.0,5966575803.0,0.018695871414876247
2022-03-14,9.39,9.74,9.34,9.48,94108219.0,1026653757.0,5966575803.0,0.015772567399995538
2022-03-15,9.41,9.63,9.03,9.06,99984686.0,1070302593.0,5966575803.0,0.016757465135987647
2022-03-16,9.23,9.97,9.08,9.84,183416485.0,2011954426.0,5966575803.0,0.030740661152377887
2022-03-17,9.84,9.93,9.58,9.65,155997750.0,1728072264.0,5966575803.0,0.026145272456199114
2022-03-18,9.57,9.71,9.46,9.64,94680659.0,1036535386.0,5966575803.0,0.015868508525843997
2022-03-21,9.57,9.64,9.38,9.48,74699907.0,809879689.0,5966575803.0,0.012519728143308062
2022-03-22,9.41,9.73,9.4,9.62,87874787.0,960299408.0,5966575803.0,0.014727842216605455
2022-03-23,9.57,9.7,9.54,9.6,57110386.0,626005105.0,5966575803.0,0.009571718836000515
2022-03-24,9.53,9.6,9.39,9.51,54974959.0,594825287.0,5966575803.0,0.009213820592434028
2022-03-25,9.51,9.68,9.35,9.38,60539116.0,656698395.0,5966575803.0,0.010146375073213832
2022-03-28,9.18,9.52,9.16,9.44,44792879.0,478635023.0,5966575803.0,0.007507300749866967
2022-03-29,9.45,9.52,9.18,9.19,45814543.0,485957538.0,5966575803.0,0.00767853196082155
2022-03-30,9.33,9.81,9.3,9.73,124453145.0,1361200244.0,5966575803.0,0.020858386637344798
2022-03-31,9.64,9.76,9.61,9.63,67547484.0,744114815.0,5966575803.0,0.011320979776379789
2022-04-01,9.59,9.84,9.56,9.76,84205980.0,932973992.0,5966575803.0,0.014112948997926273
2022-04-06,9.71,9.75,9.56,9.68,60922065.0,670867942.0,5966575803.0,0.010210557447266207
2022-04-07,9.61,9.73,9.39,9.39,58955059.0,640989219.0,5966575803.0,0.009880886616802444
2022-04-08,9.42,9.54,9.22,9.47,61998431.0,663584335.0,5966575803.0,0.010390956730798113
2022-04-11,9.44,9.46,8.9,9.01,83430174.0,868010810.0,5966575803.0,0.013982923665874022
2022-04-12,8.97,9.43,8.9,9.3,85753276.0,898905324.0,5966575803.0,0.0143722762990597
2022-04-13,9.25,9.33,9.11,9.11,55678952.0,585308754.0,5966575803.0,0.009331810042873262
2022-04-14,9.24,9.9,9.24,9.61,136839764.0,1497793255.0,5966575803.0,0.02293438791663333
2022-04-15,9.54,9.75,9.41,9.54,87904466.0,959617724.0,5966575803.0,0.014732816426433658
2022-04-18,8.93,8.97,8.59,8.59,171687369.0,1690775976.0,5966575803.0,0.028774857584759995
2022-04-19,8.38,8.53,8.29,8.33,141712397.0,1352717635.0,5966575803.0,0.023751042755334958
2022-04-20,8.33,8.4,8.05,8.09,142501971.0,1334019197.0,5966575803.0,0.023883375608560922
2022-04-29,7.92,8.35,7.7,8.18,171079807.0,1532849419.0,5966575803.0,0.02867303000055424
2022-05-05,7.67,7.85,7.66,7.81,109936286.0,956601243.0,5966575803.0,0.018425356457337547
2022-05-06,7.66,7.76,7.63,7.65,60953343.0,525192838.0,5966575803.0,0.010215799650002369
2022-05-09,7.62,7.72,7.59,7.66,40908417.0,350089310.0,5966575803.0,0.006856263684680116
2022-05-10,7.58,7.75,7.56,7.73,57385147.0,493329391.0,5966575803.0,0.009617768866884535
2022-05-11,7.72,8.5,7.69,8.04,167313424.0,1515636240.0,5966575803.0,0.02804178301327784
2022-05-12,7.86,8.15,7.83,7.97,78512375.0,701626754.0,5966575803.0,0.013158698991224398
2022-05-13,7.96,8.09,7.88,8.03,92598691.0,828309365.0,7469482864.0,0.012396934658795409
2022-05-16,8.11,8.11,7.87,7.9,69955030.0,623299332.0,7469482864.0,0.009365444873989338
2022-05-17,7.88,8.01,7.81,7.98,60598349.0,536025357.0,7469482864.0,0.00811279041713322
2022-05-18,7.98,8.35,7.94,8.22,164794339.0,1519769972.0,7469482864.0,0.022062349161311362
2022-05-19,8.11,8.31,8.05,8.29,98209939.0,899665893.0,7469482864.0,0.01314815774909046
2022-05-20,8.34,8.44,8.23,8.35,118783761.0,1109356166.0,7469482864.0,0.015902541469435788
2022-05-23,8.34,8.53,8.29,8.5,108354713.0,1021325126.0,7469482864.0,0.014506320581070951
2022-05-24,8.45,8.53,8.17,8.17,87325180.0,816753866.0,7469482864.0,0.01169092714850092
2022-05-25,8.21,8.25,8.1,8.19,55901592.0,511234065.0,7469482864.0,0.007483997623105063
2022-05-26,8.22,8.47,8.06,8.29,102665944.0,949913110.0,7469482864.0,0.013744719128389716
2022-05-27,8.3,8.4,8.14,8.18,66288398.0,613772182.0,7469482864.0,0.00887456323375267
2022-05-30,8.22,8.25,8.08,8.12,56047248.0,510806140.0,7469482864.0,0.007503497768249248
2022-05-31,8.15,8.36,8.09,8.34,90640463.0,837842824.0,7469482864.0,0.012134770860356579
2022-06-01,8.28,8.39,8.17,8.25,57872813.0,536987271.0,7469482864.0,0.007747900899394847
2022-06-02,8.2,8.34,8.16,8.29,53410458.0,493904304.0,7469482864.0,0.007150489394308355
2022-06-06,8.27,8.56,8.22,8.54,136371126.0,1285796769.0,7469482864.0,0.018257104070384274
2022-06-07,8.49,8.81,8.47,8.59,160233869.0,1551363118.0,7469482864.0,0.021451802208726507
2022-06-08,8.59,8.75,8.41,8.67,153516407.0,1476540153.0,7469482864.0,0.02055248131565966
2022-06-09,8.71,8.92,8.55,8.57,155060161.0,1513906206.0,7469482864.0,0.020759156132123903
2022-06-10,8.54,8.93,8.44,8.85,179078261.0,1745398994.0,7469482864.0,0.023974653166832675
2022-06-13,8.73,8.83,8.55,8.66,122120359.0,1189618798.0,7469482864.0,0.01634923879249695
2022-06-14,8.52,9.18,8.47,9.08,219620284.0,2158424647.0,7469482864.0,0.029402341232816032
2022-06-15,9.12,9.93,9.12,9.42,356142679.0,3788439979.0,7469482864.0,0.04767969690598918
2022-06-16,9.38,9.38,8.93,8.96,197855059.0,2026714024.0,7469482864.0,0.026488454770220354
2022-06-17,8.84,9.04,8.63,8.9,145637635.0,1441255546.0,7469482864.0,0.019497686473305496
2022-06-20,8.89,9.1,8.81,8.91,94836536.0,948227889.0,7469482864.0,0.012696533043415253
2022-06-21,8.88,8.95,8.75,8.88,73370151.0,729379414.0,7469482864.0,0.009822654705269567
2022-06-22,8.85,8.92,8.67,8.67,72089082.0,708853186.0,7469482864.0,0.009651147651391145
2022-06-23,8.64,9.04,8.63,8.99,140404473.0,1397462389.0,7469482864.0,0.018797080809528986
2022-06-24,9.02,9.63,8.87,9.37,212733354.0,2200546417.0,7469482864.0,0.028480332289841908
2022-06-27,9.45,9.5,9.18,9.29,125935269.0,1310162285.0,7469482864.0,0.016859971606194984
2022-06-28,9.26,9.4,9.16,9.36,97963902.0,1016734513.0,7469482864.0,0.01311521878872604
2022-06-29,9.29,9.47,9.01,9.05,110196134.0,1138824025.0,7469482864.0,0.014752846483001182
2022-06-30,9.08,9.29,9.07,9.12,75333967.0,772856921.0,7469482864.0,0.010085566614401166
2022-07-01,9.12,9.17,8.96,8.97,68708758.0,694233101.0,7469482864.0,0.00919859637554689
2022-07-04,8.98,9.05,8.83,8.99,54997053.0,549516913.0,7469482864.0,0.007362899681457787
2022-07-05,9.02,9.04,8.64,8.67,137538756.0,1351331333.0,7469482864.0,0.018413424129116524
2022-07-06,8.67,8.71,8.48,8.5,94330025.0,903957181.0,7469482864.0,0.012628722324892665
2022-07-07,8.49,8.56,8.43,8.44,59285435.0,562982248.0,7469482864.0,0.007937020015901332
2022-07-08,8.49,8.51,8.28,8.3,88361691.0,830167573.0,7469482864.0,0.011829693247690407
2022-07-11,8.27,8.34,8.23,8.25,51952793.0,481436396.0,7469482864.0,0.006955340007591722
2022-07-12,8.26,8.42,8.25,8.28,67490954.0,628175501.0,7469482864.0,0.009035559118192791
2022-07-13,8.29,8.35,8.25,8.34,49299637.0,458358689.0,7469482864.0,0.006600140585047067
2022-07-14,8.34,8.34,8.2,8.21,49990557.0,461609661.0,7469482864.0,0.006692639625821358
2022-07-15,8.05,8.05,7.82,7.83,126494219.0,1119897591.0,7469482864.0,0.016934802757183218
2022-07-18,7.83,8.0,7.82,7.93,48762745.0,432167502.0,7469482864.0,0.006528262516675345
2022-07-19,7.95,8.05,7.91,8.02,46583289.0,415560001.0,7469482864.0,0.006236481139077689
2022-07-20,8.03,8.08,8.0,8.04,36552273.0,329027025.0,7469482864.0,0.0048935480093498475
2022-07-21,8.04,8.08,8.0,8.0,32616580.0,293382828.0,7469482864.0,0.004366644999910131
2022-07-22,8.0,8.09,7.9,7.98,40065932.0,358740863.0,7469482864.0,0.005363949918554897
2022-07-25,7.98,8.0,7.89,7.9,29809424.0,264351649.0,7469482864.0,0.003990828353549055
2022-07-26,7.89,7.93,7.83,7.9,45350493.0,399858129.0,7469482864.0,0.006071436781597254
2022-07-27,7.87,7.91,7.84,7.88,27651404.0,243766696.0,7469482864.0,0.003701916786404184
2022-07-28,7.92,8.02,7.92,7.98,50683970.0,452264773.0,7469482864.0,0.006785472424640936
2022-07-29,8.0,8.03,7.92,7.95,41124993.0,357025444.0,7469482864.0,0.005505734968374646
2022-08-01,7.96,7.97,7.81,7.86,49543922.0,423379401.0,7469482864.0,0.006632844991021055
2022-08-02,7.79,7.79,7.46,7.57,70365170.0,580328187.0,7469482864.0,0.00942035362837938
2022-08-03,7.57,7.69,7.57,7.58,44610487.0,370512759.0,7469482864.0,0.005972366201548595
2022-08-04,7.62,7.67,7.58,7.65,28821882.0,239326332.0,7469482864.0,0.003858618129898959
2022-08-05,7.66,7.98,7.62,7.93,72779845.0,619471483.0,7469482864.0,0.009743625673307388
2022-08-08,7.89,8.04,7.86,8.01,50846252.0,441820416.0,7469482864.0,0.006807198426688833
2022-08-09,7.98,8.04,7.91,7.94,37170193.0,322253192.0,7469482864.0,0.004976273950522849
2022-08-10,7.93,8.04,7.83,7.9,42777646.0,369144270.0,7469482864.0,0.005726988973516708
2022-08-11,7.94,8.35,7.92,8.3,130386945.0,1162224298.0,7469482864.0,0.017455953427300077
2022-08-12,8.27,8.38,8.18,8.31,79748004.0,721086138.0,7469482864.0,0.010676509398576218
2022-08-15,8.26,8.33,8.17,8.24,54456335.0,487951105.0,7469482864.0,0.007290509395564496
2022-08-16,8.24,8.35,8.17,8.22,43286944.0,387365137.0,7469482864.0,0.005795172810239143
2022-08-17,8.22,8.36,8.17,8.31,69305360.0,625241820.0,7469482864.0,0.00927846830388016
2022-08-18,8.27,8.34,8.22,8.25,57100671.0,513514445.0,7469482864.0,0.007644528013472393
2022-08-19,8.27,8.31,8.21,8.21,39743614.0,357179927.0,7469482864.0,0.005320798604619438
2022-08-22,8.18,8.23,8.11,8.12,48054252.0,426222821.0,7469482864.0,0.006433410836458678
2022-08-23,8.1,8.26,8.08,8.16,54918790.0,487985185.0,7469482864.0,0.007352421981538668
2022-08-24,8.14,8.34,7.94,7.95,86258141.0,763957658.0,7469482864.0,0.011548074019385018
2022-08-25,8.0,8.17,7.97,8.13,74476427.0,654372630.0,7469482864.0,0.009970760808482122
2022-08-26,8.13,8.15,8.01,8.02,46781415.0,410432292.0,7469482864.0,0.0062630058669078965
2022-08-29,7.94,8.01,7.87,7.94,41203725.0,354834735.0,7469482864.0,0.005516275457111752
2022-08-30,7.94,8.06,7.91,7.95,37397138.0,324278485.0,7469482864.0,0.005006656910646338
2022-08-31,7.92,8.02,7.83,7.96,60939682.0,526234912.0,7469482864.0,0.0081584874226977
2022-09-01,7.92,7.98,7.83,7.85,36600543.0,314879438.0,7469482864.0,0.004900010304113605
2022-09-02,7.83,7.89,7.73,7.76,41921200.0,354979768.0,7469482864.0,0.005612329630213608
2022-09-05,7.76,7.85,7.74,7.83,32627516.0,277124636.0,7469482864.0,0.004368109090557249
2022-09-06,7.86,8.01,7.86,8.0,50421116.0,434849446.0,7469482864.0,0.006750282036660149
2022-09-07,7.96,7.98,7.91,7.94,26552007.0,229223941.0,7469482864.0,0.0035547316304814537
2022-09-08,7.94,7.98,7.86,7.87,33952890.0,292391745.0,7469482864.0,0.004545547612625194
2022-09-09,7.86,8.01,7.86,7.99,59419341.0,515016872.0,7469482864.0,0.007954947093643938
2022-09-13,8.01,8.22,7.98,8.06,57738859.0,508313491.0,7469482864.0,0.007729967395504557
2022-09-14,7.96,8.0,7.87,7.9,47251021.0,407548422.0,7469482864.0,0.006325875815008764
2022-09-15,7.91,8.02,7.79,7.85,55102256.0,474164338.0,7469482864.0,0.007376984056764013
2022-09-16,7.82,7.84,7.44,7.44,120087121.0,982724444.0,7469482864.0,0.0160770327995226
2022-09-19,7.44,7.46,7.33,7.37,40367623.0,324486677.0,7469482864.0,0.005404339729401647
2022-09-20,7.41,7.44,7.35,7.4,26602717.0,213800845.0,7469482864.0,0.003561520587752432
2022-09-21,7.36,7.42,7.23,7.39,32897058.0,262421472.0,7469482864.0,0.004404194855115207
2022-09-22,7.33,7.44,7.31,7.37,22954577.0,184232381.0,7469482864.0,0.003073114620910656
2022-09-23,7.36,7.42,7.27,7.33,29929095.0,239621999.0,7469482864.0,0.004006849676869411
2022-09-26,7.28,7.3,7.12,7.13,32391220.0,254273107.0,7469482864.0,0.004336474236538258
2022-09-27,7.17,7.25,7.12,7.23,23789937.0,185961362.0,7469482864.0,0.0031849510110878274
2022-09-28,7.21,7.24,7.11,7.12,27344382.0,213506160.0,7469482864.0,0.0036608132715303865
2022-09-29,7.19,7.21,7.01,7.07,28596550.0,221547134.0,7469482864.0,0.003828451115113235
2022-09-30,7.05,7.14,7.04,7.07,23777366.0,183413867.0,7469482864.0,0.0031832680297852545
2022-10-10,7.08,7.1,6.99,6.99,21711544.0,166368161.0,7469482864.0,0.002906699753558736
2022-10-11,6.99,7.1,6.94,7.02,25006566.0,190988435.0,7469482864.0,0.0033478309617017686
2022-10-12,7.02,7.24,7.0,7.21,33346877.0,258218133.0,7469482864.0,0.004464415757711818
2022-10-13,7.18,7.22,7.13,7.18,22817392.0,178122394.0,7469482864.0,0.0030547485569544512
2022-10-14,7.22,7.36,7.21,7.31,38712370.0,307061516.0,7469482864.0,0.005182737641260087
2022-10-17,7.26,7.36,7.24,7.33,31896847.0,253716510.0,7469482864.0,0.004270288530111018
2022-10-18,7.37,7.38,7.28,7.29,30579830.0,243474695.0,7469482864.0,0.004093968827130306
2022-10-19,7.29,7.31,7.2,7.2,22607972.0,178142954.0,7469482864.0,0.0030267118101256546
2022-10-20,7.18,7.33,7.15,7.2,36005827.0,282608584.0,7469482864.0,0.0048203908698330475
2022-10-21,7.34,7.38,7.18,7.21,44555065.0,352857787.0,7469482864.0,0.005964946410780065
2022-10-24,7.24,7.4,7.09,7.12,50606026.0,399534938.0,7469482864.0,0.006775037431828293
2022-10-25,7.1,7.14,6.91,7.04,36093316.0,276017374.0,7469482864.0,0.004832103728888078
2022-10-26,7.05,7.2,7.05,7.12,30570397.0,236991791.0,7469482864.0,0.004092705955232512
2022-10-27,7.13,7.25,7.12,7.15,34435904.0,269218579.0,7469482864.0,0.004610212597978858
2022-10-28,7.13,7.16,6.91,6.93,40647728.0,311110711.0,7469482864.0,0.005441839648084103
2022-10-31,6.93,7.21,6.92,7.13,43932462.0,338541877.0,7469482864.0,0.005881593518573738
2022-11-01,7.18,7.81,7.18,7.56,157346469.0,1291174647.0,7469482864.0,0.02106524264997631
2022-11-02,7.43,7.61,7.41,7.52,87736593.0,715375526.0,7469482864.0,0.011746006329682639
2022-11-03,7.44,7.56,7.44,7.51,41342232.0,337412967.0,7469482864.0,0.005534818507885394
2022-11-04,7.49,7.79,7.49,7.67,95904307.0,797785347.0,7469482864.0,0.01283948417128332
2022-11-07,7.63,7.69,7.59,7.66,54827567.0,456245854.0,7469482864.0,0.007340209221745127
2022-11-08,7.66,7.71,7.55,7.62,38844135.0,321748441.0,7469482864.0,0.0052003780860404155
2022-11-09,7.63,7.65,7.5,7.55,41795400.0,343442306.0,7469482864.0,0.005595487768160974
2022-11-10,7.52,7.66,7.49,7.63,42047187.0,347676562.0,7469482864.0,0.00562919652746659
2022-11-11,7.87,8.39,7.75,8.25,356703662.0,3177528201.0,7469482864.0,0.047754800231107404
2022-11-14,8.24,8.36,8.04,8.08,230332628.0,2057857373.0,7469482864.0,0.03083648924480617
2022-11-15,8.05,8.75,8.01,8.5,250696724.0,2301837936.0,7469482864.0,0.03356279525163122
2022-11-16,8.45,8.53,8.21,8.24,127245987.0,1155535492.0,7469482864.0,0.017035448011170375
2022-11-17,8.23,8.29,8.16,8.28,72657821.0,650256068.0,7469482864.0,0.009727289334872487
2022-11-18,8.27,8.28,8.09,8.11,67972886.0,603615224.0,7469482864.0,0.009100079247467432
2022-11-21,8.05,8.06,7.91,7.98,50287415.0,436005525.0,7469482864.0,0.006732382403923271
2022-11-22,7.95,8.05,7.9,7.97,54477096.0,472432641.0,7469482864.0,0.0072932888383154875
2022-11-23,7.93,8.0,7.83,7.91,43578400.0,374990636.0,7469482864.0,0.005834192378970561
2022-11-24,8.04,8.06,7.86,7.89,38326794.0,330639564.0,7469482864.0,0.005131117467946841
2022-11-25,7.89,8.1,7.86,8.03,66706450.0,580002459.0,7469482864.0,0.0089305312314858
2022-11-28,7.89,7.93,7.78,7.9,51453702.0,439762022.0,7469482864.0,0.0068885226643984705
2022-11-29,7.95,8.32,7.95,8.25,122470425.0,1089261382.0,7469482864.0,0.01639610495530551
2022-11-30,8.23,8.43,8.19,8.21,97315710.0,881211515.0,7469482864.0,0.01302844009041427
2022-12-01,8.42,8.67,8.3,8.31,115657506.0,1064979521.0,7469482864.0,0.015484004462668247
2022-12-02,8.28,8.45,8.22,8.25,52802826.0,477193908.0,7469482864.0,0.007069140790788753
2022-12-05,8.35,8.69,8.35,8.66,153806578.0,1433961896.0,7469482864.0,0.02059132885106248
2022-12-06,8.58,8.74,8.54,8.59,76835060.0,721774167.0,7469482864.0,0.010286530058234029
2022-12-07,8.58,8.6,8.37,8.43,73886601.0,679051118.0,7469482864.0,0.009891796037996774
2022-12-08,8.39,8.46,8.35,8.42,36414852.0,333153629.0,7469482864.0,0.004875150350167535
2022-12-09,8.42,8.5,8.3,8.46,58132145.0,530632690.0,7469482864.0,0.007782619768789391
2022-12-12,8.41,8.41,8.16,8.18,75471391.0,676873887.0,7469482864.0,0.010103964675217708
2022-12-13,8.18,8.29,8.14,8.23,32092975.0,287139522.0,7469482864.0,0.00429654576954392
2022-12-14,8.23,8.53,8.21,8.43,77041340.0,704621347.0,7469482864.0,0.010314146427901892
2022-12-15,8.36,8.47,8.31,8.32,39339590.0,357606515.0,7469482864.0,0.005266708648546677
2022-12-16,8.29,8.4,8.26,8.34,29426167.0,266559204.0,7469482864.0,0.003939518643495746
2022-12-19,8.37,8.43,8.02,8.09,53488980.0,476019226.0,7469482864.0,0.007161001768649348
2022-12-20,8.07,8.15,7.98,8.04,32615587.0,285886073.0,7469482864.0,0.004366512058979938
2022-12-21,8.06,8.1,8.0,8.06,21347310.0,186914651.0,7469482864.0,0.0028579368061590615
2022-12-22,8.15,8.18,8.0,8.05,33113604.0,291503551.0,7469482864.0,0.004433185617118781
2022-12-23,8.0,8.17,7.97,8.08,22991093.0,202595999.0,7469482864.0,0.0030780033127605286
2022-12-26,8.07,8.1,7.95,8.0,31459937.0,273737310.0,7469482864.0,0.004211795859606915
2022-12-27,8.11,8.44,8.1,8.24,78062310.0,703880569.0,7469482864.0,0.01045083192790092
2022-12-28,8.13,8.24,8.09,8.18,38407801.0,340723745.0,7469482864.0,0.005141962529308508
2022-12-29,8.12,8.14,8.04,8.07,32639087.0,286674916.0,7469482864.0,0.004369658193783092
2022-12-30,8.1,8.34,8.09,8.22,49362940.0,441561587.0,7469482864.0,0.006608615468938306
2023-01-03,8.13,8.29,7.94,8.25,63369698.0,559266076.0,7469482864.0,0.008483813291200824
2023-01-04,8.23,8.4,8.23,8.3,61024215.0,552052293.0,7469482864.0,0.008169804538157917
2023-01-05,8.36,8.59,8.35,8.52,126113668.0,1164461977.0,7469482864.0,0.01688385532120554
2023-01-06,8.47,8.78,8.46,8.66,112848768.0,1063085685.0,7469482864.0,0.015107976021189785
2023-01-09,8.81,9.52,8.78,9.31,318469151.0,3236544948.0,7469482864.0,0.04263603743371544
2023-01-10,9.35,10.02,9.26,9.37,348305679.0,3637523470.0,7469482864.0,0.04663049441865618
2023-01-11,9.37,9.67,9.14,9.47,219917424.0,2260877926.0,7469482864.0,0.029442121764535586
2023-01-12,9.55,9.85,9.48,9.85,184616557.0,1946009697.0,7469482864.0,0.02471610958367412
2023-01-13,9.91,10.02,9.58,9.95,189721745.0,2022516165.0,7469482864.0,0.025399582334459186
2023-01-16,10.05,10.59,9.87,9.93,342804460.0,3799383297.0,7469482864.0,0.04589400179926566
2023-01-17,9.92,10.25,9.87,10.21,169182294.0,1856800014.0,7469482864.0,0.022649800137489143
2023-01-18,10.0,10.17,9.94,9.99,102208081.0,1117986155.0,7469482864.0,0.013683421310543889
2023-01-19,9.94,10.27,9.9,10.25,121864833.0,1339195185.0,7469482864.0,0.016315029463062437
2023-01-20,10.24,10.24,9.93,10.14,82850470.0,910127890.0,7469482864.0,0.011091861579776428
2023-01-30,10.41,10.59,10.07,10.23,153243179.0,1711160725.0,7469482864.0,0.020515902076510877
2023-01-31,10.21,10.33,9.89,9.94,124861476.0,1362824609.0,7469482864.0,0.01671621426454885
2023-02-01,9.99,10.31,9.87,10.25,155226627.0,1701363732.0,7469482864.0,0.02078144228004484
2023-02-02,10.29,10.29,9.71,9.76,197627452.0,2123459761.0,7469482864.0,0.02645798318281007
2023-02-03,9.71,9.81,9.6,9.74,83486964.0,881009265.0,7469482864.0,0.011177074172346611
2023-02-06,9.68,9.71,9.32,9.37,153125249.0,1571997966.0,7469482864.0,0.020500113834922108
2023-02-07,9.46,9.58,9.38,9.55,80318877.0,830306993.0,7469482864.0,0.010752936777873302
2023-02-08,9.52,9.56,9.31,9.37,70321525.0,718982701.0,7469482864.0,0.009414510519720498
2023-02-09,9.34,9.66,9.34,9.61,113111936.0,1172145236.0,7469482864.0,0.015143208446886665
2023-02-10,9.55,9.57,9.43,9.44,60516411.0,624567831.0,7469482864.0,0.008101820715282117
2023-02-13,9.4,9.55,9.34,9.54,74360069.0,764800598.0,7469482864.0,0.009955183023229973
2023-02-14,9.54,9.55,9.4,9.48,51287045.0,527877001.0,7469482864.0,0.00686621094576488
2023-02-15,9.47,9.59,9.37,9.42,57766444.0,593241302.0,7469482864.0,0.007733660422251154
2023-02-16,9.42,9.62,9.19,9.28,108311340.0,1114641183.0,7469482864.0,0.014500513887248942
2023-02-17,9.19,9.36,9.11,9.13,58366636.0,585771330.0,7469482864.0,0.007814012972879885
2023-02-20,9.28,9.64,9.25,9.58,118111851.0,1212720381.0,7469482864.0,0.015812587450900136
2023-02-21,9.59,9.79,9.51,9.74,107984389.0,1137954438.0,7469482864.0,0.014456742316183992
2023-02-22,9.65,9.71,9.52,9.57,71524973.0,747245811.0,7469482864.0,0.009575625823405062
2023-02-23,9.51,9.75,9.5,9.57,63243281.0,661584229.0,7469482864.0,0.008466888826374848
2023-02-24,9.56,9.6,9.35,9.37,55287852.0,566374793.0,7469482864.0,0.007401831292292794
2023-02-27,9.29,9.31,9.18,9.22,70187981.0,705039372.0,7469482864.0,0.009396631905841668
2023-02-28,9.28,9.37,9.25,9.37,43341050.0,439277135.0,7469482864.0,0.0058024164174586956
2023-03-01,9.34,9.55,9.28,9.52,61677575.0,634214880.0,7469482864.0,0.00825727511837023
2023-03-02,9.5,9.5,9.37,9.41,52570822.0,539011171.0,7469482864.0,0.0070380805414750865
2023-03-03,9.43,9.61,9.37,9.59,67334696.0,696852596.0,7469482864.0,0.009014639597679114
2023-03-06,9.58,9.6,9.3,9.33,77792418.0,794786418.0,7469482864.0,0.010414699306016106
2023-03-07,9.3,9.53,9.16,9.2,78177927.0,793415132.0,7469482864.0,0.010466310509498212
2023-03-08,9.15,9.21,9.03,9.19,54107286.0,537178365.0,7469482864.0,0.007243779386759967
2023-03-09,9.16,9.23,9.1,9.11,38898727.0,386950815.0,7469482864.0,0.00520768675800526
2023-03-10,9.04,9.06,8.89,8.91,63091565.0,615636958.0,7469482864.0,0.00844657738008568
2023-03-13,8.91,9.15,8.89,9.1,63948928.0,630096733.0,7469482864.0,0.00856135948958514
2023-03-14,9.08,9.08,8.8,8.92,50564321.0,490770653.0,7469482864.0,0.006769454046638268
2023-03-15,9.03,9.1,8.97,8.98,45837051.0,449905423.0,7469482864.0,0.006136576230854849
2023-03-16,8.91,8.98,8.8,8.83,45343736.0,438270063.0,7469482864.0,0.00607053216743279
2023-03-17,8.94,9.14,8.94,9.03,71765658.0,707209003.0,7469482864.0,0.009607848268302821
2023-03-20,9.02,9.19,8.95,8.98,71031857.0,700584020.0,7469482864.0,0.009509608401720273
2023-03-21,9.03,9.13,8.94,9.05,47747392.0,468905309.0,7469482864.0,0.006392329009833311
2023-03-22,9.06,9.21,9.01,9.06,62389821.0,616780698.0,7469482864.0,0.008352629243008863
2023-03-23,8.96,9.14,8.95,9.11,75180879.0,739583673.0,7469482864.0,0.010065071487390723
2023-03-24,9.12,9.14,8.99,9.03,54319381.0,535494823.0,7469482864.0,0.007272174257444016
2023-03-27,9.06,9.11,8.92,9.06,64558370.0,632752418.0,7469482864.0,0.008642950412423625
2023-03-28,9.05,9.06,8.86,8.9,58227683.0,566079825.0,7469482864.0,0.007795410212484022
2023-03-29,8.91,8.93,8.75,8.8,50572325.0,484478514.0,7469482864.0,0.006770525606764415
2023-03-30,8.81,8.98,8.71,8.92,56631607.0,545691836.0,7469482864.0,0.007581730627289113
2023-03-31,8.89,9.05,8.89,9.0,55987140.0,547080285.0,7469482864.0,0.007495450624813161
2023-04-03,8.95,9.87,8.95,9.78,246943773.0,2548324978.0,7469482864.0,0.0330603573896893
2023-04-04,9.7,9.94,9.64,9.74,131818554.0,1400006764.0,7469482864.0,0.017647614486849435
2023-04-06,9.68,9.76,9.49,9.59,102819781.0,1076191033.0,7469482864.0,0.013765314530079628
2023-04-07,9.62,10.13,9.56,9.94,158838946.0,1714746780.0,7469482864.0,0.02126505260030007
2023-04-10,10.29,10.65,10.14,10.26,273456377.0,3089569222.0,7469482864.0,0.03660981382231336
2023-04-11,10.39,11.14,10.39,10.75,309588477.0,3630580347.0,7469482864.0,0.041447109878529335
2023-04-12,10.57,10.63,10.38,10.48,190800581.0,2176433101.0,7469482864.0,0.02554401482324627
2023-04-13,10.39,10.51,10.21,10.28,118927958.0,1335495244.0,7469482864.0,0.015921846286466024
2023-04-14,10.34,10.48,10.17,10.34,123557041.0,1390387714.0,7469482864.0,0.016541579015529554
2023-04-17,10.39,10.78,10.31,10.58,198478309.0,2291788112.0,7469482864.0,0.026571894281542326
2023-04-18,10.48,10.68,10.33,10.35,130859954.0,1486152472.0,7469482864.0,0.017519278962496058
2023-04-19,10.27,10.45,10.17,10.28,89327085.0,1003686140.0,7469482864.0,0.011958938339697087
2023-04-20,10.25,10.42,10.21,10.33,92498963.0,1035911269.0,7469482864.0,0.01238358326595928
2023-04-21,10.27,10.3,9.83,9.84,126122700.0,1374468950.0,7469482864.0,0.016885064507994565
2023-04-24,9.83,9.9,9.58,9.68,93098790.0,985926654.0,7469482864.0,0.012463886951090006
2023-04-25,9.71,10.01,9.66,9.83,114058343.0,1217429935.0,7469482864.0,0.015269911595850472
2023-04-26,9.72,9.77,9.56,9.7,79598334.0,837418478.0,7469482864.0,0.01065647186683204
2023-04-27,9.69,9.85,9.56,9.73,96149717.0,1015566213.0,7469482864.0,0.012872339190093628
2023-04-28,9.92,10.04,9.67,9.84,135815758.0,1457318202.0,7469482864.0,0.01818275247066689
2023-05-04,9.7,9.93,9.62,9.9,102284337.0,1092856848.0,7469482864.0,0.013693630317163011
2023-05-05,9.93,10.47,9.93,10.17,201229729.0,2245586827.0,7469482864.0,0.026940249099418778
2023-05-08,10.18,10.51,10.05,10.4,174569107.0,1956729141.0,7469482864.0,0.023370976301633296
2023-05-09,10.43,11.02,10.28,10.28,301913890.0,3491372693.0,7469482864.0,0.04041965093127229
2023-05-10,10.32,10.34,9.75,9.83,166827134.0,1807725519.0,7469482864.0,0.02233449584629772
2023-05-11,9.91,9.97,9.76,9.8,80321949.0,860603601.0,7469482864.0,0.010753348051325017
2023-05-12,9.75,9.82,9.57,9.58,77627083.0,816604074.0,7469482864.0,0.010392564574199951
2023-05-15,9.67,9.76,9.32,9.74,93947160.0,974739563.0,7469482864.0,0.012577465095045435
2023-05-16,9.74,10.27,9.71,9.86,123994722.0,1350794178.0,7469482864.0,0.01660017490603082
2023-05-17,9.72,9.87,9.66,9.74,67599947.0,717555587.0,7469482864.0,0.009050150891409823
2023-05-18,9.76,9.81,9.6,9.63,67442328.0,711128387.0,7469482864.0,0.009029049162833718
2023-05-19,9.57,9.58,9.36,9.4,90834545.0,930530088.0,7469482864.0,0.01216075418524449
2023-05-22,9.37,9.45,9.33,9.37,54764784.0,558369035.0,7469482864.0,0.007331803954453787
2023-05-23,9.38,9.41,9.21,9.21,55485105.0,560320415.0,7469482864.0,0.0074282391445620165
2023-05-24,9.16,9.24,9.03,9.05,71277372.0,708556286.0,7469482864.0,0.009542477477728637
2023-05-25,9.06,9.12,8.97,9.09,60027881.0,590814642.0,7469482864.0,0.008036417258457211
2023-05-26,9.13,9.15,8.99,9.1,45079749.0,444774364.0,7469482864.0,0.006035190095591067
2023-05-29,9.09,9.14,8.99,9.02,47025579.0,463568899.0,7469482864.0,0.0062956940736346
2023-05-30,9.01,9.14,8.95,9.14,52297616.0,514891687.0,7469482864.0,0.007001504247643991
2023-05-31,9.04,9.14,9.03,9.09,42961616.0,425068670.0,7469482864.0,0.005751618523292726
2023-06-01,9.06,9.26,9.02,9.14,55517348.0,553332827.0,7469482864.0,0.007432555775390022
2023-06-02,9.25,9.26,9.14,9.2,44135387.0,441437141.0,7469482864.0,0.005908760727294173
2023-06-05,9.19,9.22,9.11,9.14,39132847.0,389926772.0,7469482864.0,0.005239030293329287
2023-06-06,9.14,9.22,8.99,9.0,54973780.0,545317298.0,7469482864.0,0.00735978393697805
2023-06-07,9.01,9.16,9.0,9.05,38155021.0,376172208.0,7469482864.0,0.005108120829072699
2023-06-08,9.05,9.24,8.92,9.19,63878552.0,632375104.0,7469482864.0,0.008551937686057191
2023-06-09,9.21,9.23,9.1,9.14,40512791.0,402884569.0,7469482864.0,0.005423774542044388
2023-06-12,9.08,9.09,8.73,8.88,84185309.0,811347588.0,7469482864.0,0.011270567257840623
2023-06-13,8.86,9.08,8.85,9.05,51886959.0,507836185.0,7469482864.0,0.006946526278288279
2023-06-14,9.08,9.25,9.07,9.1,64779848.0,645462332.0,7469482864.0,0.008672601461101631
2023-06-15,9.1,9.31,9.1,9.26,86084986.0,865344482.0,7469482864.0,0.011524892361008836
2023-06-16,9.28,9.35,9.17,9.33,69635446.0,702788240.0,7469482864.0,0.009322659582715657
2023-06-19,9.33,9.36,9.21,9.26,41201896.0,415183404.0,7469482864.0,0.0055160305941094135
2023-06-20,9.26,9.32,9.17,9.18,43771762.0,439687585.0,7469482864.0,0.005860079311643227
2023-06-21,9.17,9.2,8.99,8.99,48486992.0,479392677.0,7469482864.0,0.006491345235382817
2023-06-26,8.92,8.95,8.74,8.75,56132907.0,539104776.0,7469482864.0,0.007514965630423863
2023-06-27,8.79,8.88,8.71,8.83,33505748.0,321135651.0,7469482864.0,0.0044856851016399895
2023-06-28,8.89,8.9,8.74,8.8,36440436.0,343891287.0,7469482864.0,0.004878575486882595
2023-06-29,8.8,8.83,8.7,8.77,41728287.0,391204605.0,7469482864.0,0.005586502808797394
2023-06-30,8.77,9.15,8.75,9.06,59219101.0,569449120.0,7469482864.0,0.007928139347559524
2023-07-03,9.03,9.31,9.03,9.27,62788581.0,620424117.0,7469482864.0,0.008406014464885718
2023-07-04,9.24,9.33,9.19,9.26,53812191.0,533528323.0,7469482864.0,0.007204272635707328
2023-07-05,9.27,9.28,9.15,9.16,31185735.0,307271037.0,7469482864.0,0.004175086223211396
2023-07-06,9.13,9.24,9.12,9.14,30328902.0,297903088.0,7469482864.0,0.004060375069092601
2023-07-07,9.13,9.35,9.09,9.29,68766364.0,681938415.0,7469482864.0,0.009206308556034997
2023-07-10,9.37,9.4,9.22,9.29,46230048.0,459894226.0,7469482864.0,0.0061891899133755075
2023-07-11,9.29,9.36,9.22,9.29,38569879.0,383410427.0,7469482864.0,0.005163661220228753
2023-07-12,9.3,9.34,9.17,9.18,41931477.0,415799485.0,7469482864.0,0.005613705495208162
2023-07-13,9.23,9.38,9.22,9.36,60412383.0,604185978.0,7469482864.0,0.00808789364671605
2023-07-14,9.32,9.32,9.1,9.22,77354202.0,761865339.0,7469482864.0,0.010356031790743793
2023-07-17,9.2,9.21,9.14,9.2,33358238.0,327895684.0,7469482864.0,0.0044659367465415475
2023-07-18,9.2,9.3,9.17,9.2,42326121.0,418123427.0,7469482864.0,0.005666539674921195
2023-07-19,9.17,9.26,9.17,9.25,30967615.0,305830832.0,7469482864.0,0.0041458847371150485
2023-07-20,9.28,9.33,9.14,9.15,46689743.0,461121727.0,7469482864.0,0.006250732995857904
2023-07-21,9.1,9.22,9.08,9.16,25337248.0,248665276.0,7469482864.0,0.0033921020318709977
2023-07-24,9.12,9.19,9.03,9.1,25599290.0,249808315.0,7469482864.0,0.00342718371085348
2023-07-25,9.43,9.77,9.43,9.69,185038232.0,1901830598.0,7469482864.0,0.02477256262167924
2023-07-26,9.68,9.7,9.5,9.6,78469076.0,806125730.0,7469482864.0,0.010505288977660074
2023-07-27,9.6,9.68,9.43,9.45,74572086.0,762188023.0,7469482864.0,0.009983567451424038
2023-07-28,9.45,10.18,9.41,10.1,223060566.0,2364269336.0,7469482864.0,0.029862919570384866
2023-07-31,10.22,10.42,10.05,10.08,208241803.0,2280036660.0,7469482864.0,0.027879012080427205
2023-08-01,10.02,10.18,9.86,9.98,131859596.0,1415498121.0,7469482864.0,0.017653109110874587
2023-08-02,9.98,10.24,9.92,10.07,105542252.0,1141542279.0,7469482864.0,0.014129793711512824
2023-08-03,10.12,10.53,9.95,10.41,187579428.0,2065678739.0,7469482864.0,0.025112773054753207
2023-08-04,10.64,10.88,10.42,10.43,277759776.0,3167497758.0,7469482864.0,0.03718594460383516
2023-08-07,10.34,10.41,10.16,10.32,131330387.0,1447128570.0,7469482864.0,0.01758225962776638
2023-08-08,10.21,10.63,9.99,10.4,158689753.0,1755247760.0,7469482864.0,0.02124507892839849
2023-08-09,10.3,10.46,10.27,10.32,75676597.0,838786090.0,7469482864.0,0.010131437259831165
2023-08-10,10.34,10.5,10.3,10.47,92031580.0,1026819024.0,7469482864.0,0.012321010928822984
2023-08-11,10.42,10.43,10.05,10.06,124500160.0,1360853084.0,7469482864.0,0.016667841973377073
2023-08-14,9.89,10.06,9.84,9.96,92188826.0,984261561.0,7469482864.0,0.012342062720876469
2023-08-15,10.0,10.22,9.96,10.14,90578946.0,979506396.0,7469482864.0,0.01212653508271038
2023-08-16,10.06,10.38,9.96,10.18,97090679.0,1061219301.0,7469482864.0,0.012998313372929641
2023-08-17,10.11,10.21,9.9,10.1,85945515.0,926464924.0,7469482864.0,0.011506220251769226
2023-08-18,10.17,10.27,9.92,9.92,65419238.0,706539847.0,7469482864.0,0.008758201764582025
2023-08-21,9.83,9.92,9.62,9.62,83487246.0,869827292.0,7469482864.0,0.01117711192596425
2023-08-22,9.67,9.79,9.55,9.72,68404877.0,710329821.0,7469482864.0,0.0091579133717121
2023-08-23,9.7,9.75,9.56,9.57,48249894.0,497962770.0,7469482864.0,0.006459603011146288
2023-08-24,9.63,9.8,9.63,9.63,58312448.0,606059011.0,7469482864.0,0.00780675838765804
2023-08-25,9.63,9.74,9.56,9.62,50301459.0,519972847.0,7469482864.0,0.006734262587632867
2023-08-28,10.56,10.58,9.75,9.8,210365744.0,2289754186.0,7469482864.0,0.028163361216595195
2023-08-29,9.76,9.84,9.44,9.66,133199293.0,1376182941.0,7469482864.0,0.017832465168635535
2023-08-30,9.58,9.62,9.46,9.47,82853254.0,845009573.0,7469482864.0,0.011092234296342044
2023-08-31,9.48,9.5,9.29,9.3,63422646.0,635982304.0,7469482864.0,0.008490901867607524
2023-09-01,9.37,9.45,9.3,9.32,41579311.0,416875620.0,7469482864.0,0.0055665581884384654
2023-09-04,9.38,9.42,9.24,9.34,52068883.0,520496642.0,7469482864.0,0.006970881913519308
2023-09-05,9.32,9.32,9.2,9.23,53968832.0,534144863.0,7469482864.0,0.007225243431524392
2023-09-06,9.22,9.28,9.19,9.24,35132285.0,347437785.0,7469482864.0,0.004703442746930171
2023-09-07,9.25,9.28,9.17,9.18,38058504.0,375954680.0,7469482864.0,0.00509519931874095
2023-09-08,9.17,9.25,9.07,9.22,38673452.0,379033143.0,7469482864.0,0.005177527374269909
2023-09-11,9.22,9.34,9.15,9.27,58163674.0,576257879.0,7469482864.0,0.007786840810670611
2023-09-12,9.27,9.28,9.2,9.21,30665420.0,303158710.0,7469482864.0,0.004105427451717627
2023-09-13,9.22,9.22,9.06,9.09,36323348.0,354543688.0,7469482864.0,0.004862899970634433
2023-09-14,9.1,9.16,9.07,9.11,28669204.0,279648400.0,7469482864.0,0.003838177892899976
2023-09-15,9.15,9.19,9.0,9.02,42331538.0,411641584.0,7469482864.0,0.0056672648924628415
2023-09-18,8.97,9.08,8.94,9.06,29100212.0,281600640.0,7469482864.0,0.0038958804149952196
2023-09-19,9.08,9.2,9.05,9.14,45472538.0,445184359.0,7469482864.0,0.006087775931471767
2023-09-20,9.11,9.16,9.08,9.09,17523847.0,171040188.0,7469482864.0,0.0023460589332707517
2023-09-21,9.06,9.13,8.99,8.99,29001083.0,281163120.0,7469482864.0,0.0038826092151270516
2023-09-22,9.0,9.22,8.98,9.22,47008994.0,459909191.0,7469482864.0,0.0062934737057320335
2023-09-25,9.21,9.21,9.0,9.01,43562324.0,422498380.0,7469482864.0,0.00583204015500905
2023-09-26,9.01,9.05,8.93,8.93,32893079.0,316353538.0,7469482864.0,0.004403662154247898
2023-09-27,8.94,8.99,8.88,8.89,39181151.0,374162441.0,7469482864.0,0.005245497139947652
2023-09-28,8.91,8.96,8.89,8.94,27191195.0,259984871.0,7469482864.0,0.003640304890590348
2023-10-09,8.79,8.79,8.61,8.7,47652633.0,443186268.0,7469482864.0,0.0063796428571604525
2023-10-10,8.72,8.8,8.7,8.75,29451917.0,276328354.0,7469482864.0,0.003942966003971544
2023-10-11,8.67,8.68,7.98,8.18,159833911.0,1404186385.0,7469482864.0,0.02139825660091373
2023-10-12,8.24,8.39,8.22,8.38,84688245.0,754645471.0,7469482864.0,0.0113378993622389
2023-10-13,8.25,8.3,8.21,8.26,46704541.0,412752866.0,7469482864.0,0.006252714123637355
2023-10-16,8.21,8.23,8.05,8.13,59243567.0,515726448.0,7469482864.0,0.0079314148085848
2023-10-17,7.96,7.98,7.47,7.93,146351863.0,1218210943.0,7469482864.0,0.01959330594429221
2023-10-18,7.87,8.1,7.85,7.98,66389816.0,569479453.0,7469482864.0,0.008888140880538473
2023-10-19,7.95,8.03,7.88,7.9,47349999.0,403470658.0,7469482864.0,0.006339126799287346
2023-10-20,7.9,8.02,7.81,7.94,42034044.0,357402008.0,7469482864.0,0.005627436967904128
2023-10-23,7.89,8.03,7.82,7.92,45567042.0,386178493.0,7469482864.0,0.006100427945235059
2023-10-24,7.93,8.07,7.84,8.03,88078954.0,750589205.0,7469482864.0,0.011791840961909997
2023-10-25,8.09,8.16,7.98,7.98,62591278.0,539698194.0,7469482864.0,0.00837959991871266
2023-10-26,7.93,8.02,7.89,7.99,34871825.0,296794364.0,7469482864.0,0.004668572863065075
2023-10-27,7.96,8.09,7.9,8.06,41723729.0,357724132.0,7469482864.0,0.005585892592523658
2023-10-30,8.02,8.08,7.96,8.06,39752580.0,341557462.0,7469482864.0,0.0053219989554553985
2023-10-31,8.09,8.15,8.04,8.09,41579024.0,360524830.0,7469482864.0,0.005566519765430444
2023-11-01,8.14,8.42,8.11,8.23,65681050.0,581573934.0,7469482864.0,0.00879325265160686
2023-11-02,8.2,8.37,8.15,8.25,60777271.0,539148265.0,7469482864.0,0.008136744150377904
2023-11-03,8.26,8.43,8.26,8.36,56813860.0,508055963.0,7469482864.0,0.007606130308407386
2023-11-06,8.62,8.62,8.42,8.53,125979747.0,1148284585.0,7469482864.0,0.016865926235291782
2023-11-07,8.5,8.55,8.44,8.51,74474036.0,677872983.0,7469482864.0,0.009970440706000661
2023-11-08,8.51,8.53,8.39,8.44,62935689.0,569856022.0,7469482864.0,0.008425709000997315
2023-11-09,8.39,8.44,8.37,8.38,41961742.0,377433453.0,7469482864.0,0.005617757315200395
2023-11-10,8.38,8.43,8.33,8.35,34192169.0,306657613.0,7469482864.0,0.004577581824947071
2023-11-13,8.36,8.41,8.32,8.38,28905036.0,259182219.0,7469482864.0,0.0038697506274913652
2023-11-14,8.39,8.53,8.37,8.44,55098048.0,498732715.0,7469482864.0,0.007376420697817134
2023-11-15,8.52,8.54,8.42,8.43,44339404.0,402685116.0,7469482864.0,0.005936074130874397
2023-11-16,8.42,8.45,8.35,8.36,32407861.0,291361575.0,7469482864.0,0.004338702101613121
2023-11-17,8.34,8.4,8.32,8.39,25954810.0,232498452.0,7469482864.0,0.003474780044692529
2023-11-20,8.4,8.42,8.3,8.35,31244027.0,279255625.0,7469482864.0,0.004182890244060141
2023-11-21,8.37,8.55,8.37,8.41,57986486.0,526265750.0,7469482864.0,0.007763119222010976
2023-11-22,8.4,8.43,8.33,8.33,28130429.0,252244462.0,7469482864.0,0.0037660477321097715
2023-11-23,8.33,8.37,8.28,8.37,24242097.0,216212119.0,7469482864.0,0.003245485322262063
2023-11-24,8.37,8.37,8.28,8.29,26311236.0,234393375.0,7469482864.0,0.0035224976720690956
2023-11-27,8.24,8.33,8.15,8.24,36822780.0,324336488.0,7469482864.0,0.004929762966251849
2023-11-28,8.24,8.26,8.18,8.23,20663853.0,182046142.0,7469482864.0,0.0027664368974714072
2023-11-29,8.23,8.23,8.12,8.13,21300606.0,186322247.0,7469482864.0,0.002851684164463464
2023-11-30,8.13,8.23,8.09,8.13,35827929.0,313458713.0,7469482864.0,0.004796574227738934
2023-12-01,8.14,8.23,8.12,8.23,25946272.0,227411213.0,7469482864.0,0.0034736369936734083
2023-12-04,8.23,8.45,8.22,8.27,52949126.0,472013237.0,7469482864.0,0.007088727153414352
2023-12-05,8.23,8.25,8.09,8.1,36452898.0,319310994.0,7469482864.0,0.004880243875474804
2023-12-06,8.1,8.16,8.07,8.09,26306891.0,228384592.0,7469482864.0,0.0035219159718257037
2023-12-07,8.09,8.23,8.07,8.2,30714674.0,269001617.0,7469482864.0,0.004112021482508886
2023-12-08,8.2,8.23,8.1,8.1,27438999.0,239718845.0,7469482864.0,0.0036734804135163486
2023-12-11,8.1,8.22,7.95,8.2,48881076.0,422588505.0,7469482864.0,0.006544104443372882
2023-12-12,8.17,8.22,8.12,8.16,30025736.0,262306972.0,7469482864.0,0.004019787788082674
2023-12-13,8.16,8.16,8.02,8.04,29707389.0,256699335.0,7469482864.0,0.003977168103989909
2023-12-14,8.07,8.09,7.99,7.99,23551449.0,202679271.0,7469482864.0,0.0031530226963246435
2023-12-15,8.04,8.08,7.97,7.97,20107779.0,172778924.0,7469482864.0,0.00269199077983185
2023-12-18,7.99,8.01,7.89,7.93,21247297.0,180814714.0,7469482864.0,0.0028445472580710643
2023-12-19,7.9,7.95,7.82,7.9,25831685.0,218240591.0,7469482864.0,0.003458296306495148
2023-12-20,7.89,7.92,7.76,7.76,27962090.0,234534991.0,7469482864.0,0.0037435108305511203
2023-12-21,7.75,7.84,7.7,7.83,24216076.0,201910255.0,7469482864.0,0.003242001680827472
2023-12-22,7.82,7.87,7.75,7.8,23738381.0,198548149.0,7469482864.0,0.0031780487929639356
2023-12-25,7.84,7.84,7.76,7.78,13664188.0,113996891.0,7469482864.0,0.001829335209517123
2023-12-26,7.78,7.8,7.64,7.67,21138472.0,173844500.0,7469482864.0,0.002829977976370922
2023-12-27,7.67,7.77,7.61,7.73,25147816.0,207377903.0,7469482864.0,0.0033667412400398807
2023-12-28,7.72,8.1,7.7,8.06,55103242.0,469361199.0,7469482864.0,0.007377116060547669
2023-12-29,8.02,8.13,8.02,8.12,34949106.0,302993928.0,7469482864.0,0.004678919094712846
2024-01-02,8.12,8.13,7.95,7.95,30880173.0,265219173.0,7435996440.0,0.004152795559972054
2024-01-03,7.95,7.99,7.89,7.95,20980359.0,178357952.0,7435996440.0,0.0028214589892945133
2024-01-04,7.95,8.02,7.89,7.97,30878243.0,263359303.0,7435996440.0,0.004152536011703631
2024-01-05,7.95,7.99,7.83,7.88,29384930.0,248927002.0,7435996440.0,0.0039517138337952186
2024-01-08,7.84,7.88,7.72,7.75,26603046.0,221291033.0,7435996440.0,0.003577603380348041
2024-01-09,7.74,7.78,7.59,7.62,34637440.0,284859983.0,7435996440.0,0.004658076463522352
2024-01-10,7.61,7.75,7.56,7.64,30032284.0,246266147.0,7435996440.0,0.004038770626415201
2024-01-11,7.65,7.74,7.61,7.74,31988800.0,263330944.0,7435996440.0,0.004301884792187985
2024-01-12,7.7,7.77,7.67,7.67,20195378.0,166816211.0,7435996440.0,0.0027158939844785616
2024-01-15,7.65,7.74,7.61,7.69,20572163.0,169305779.0,7435996440.0,0.002766564396042126
2024-01-16,7.68,7.75,7.6,7.75,33687429.0,276897649.0,7435996440.0,0.004530318064541731
2024-01-17,7.71,7.72,7.6,7.61,24883520.0,204401724.0,7435996440.0,0.003346359859204021
2024-01-18,7.56,7.75,7.44,7.74,57844318.0,469007773.0,7435996440.0,0.007778959883418126
2024-01-19,7.72,7.82,7.64,7.75,40679264.0,336902613.0,7435996440.0,0.005470586804100191
2024-01-22,7.73,7.83,7.52,7.6,53010259.0,438125359.0,7435996440.0,0.007128870949271191
2024-01-23,7.6,7.76,7.53,7.7,41263092.0,338913440.0,7435996440.0,0.005549100558740988
2024-01-24,7.73,8.2,7.7,8.11,103600745.0,880453332.0,7435996440.0,0.013932328482932948
2024-01-25,8.03,8.25,7.99,8.17,93383146.0,811681958.0,7435996440.0,0.01255825587780943
2024-01-26,8.11,8.25,8.04,8.18,62017787.0,542771708.0,7435996440.0,0.008340212034851378
2024-01-29,8.09,8.13,7.98,7.98,48812525.0,420346414.0,7435996440.0,0.006564355617147122
2024-01-30,7.91,8.04,7.87,7.87,37018396.0,315555044.0,7435996440.0,0.0049782697313932546
2024-01-31,7.85,7.9,7.68,7.72,42946793.0,357541607.0,7435996440.0,0.005775526299203016
2024-02-01,7.67,7.84,7.62,7.74,46088645.0,381467798.0,7435996440.0,0.006198045597773309
2024-02-02,7.75,7.78,7.38,7.62,57362686.0,466585872.0,7435996440.0,0.007714189545792735
2024-02-05,7.54,7.66,7.36,7.51,54030058.0,434856557.0,7435996440.0,0.007266014506053207
2024-02-06,7.49,7.95,7.42,7.87,63772814.0,527100365.0,7435996440.0,0.008576229764843728
2024-02-07,7.89,8.03,7.8,7.98,75984647.0,644729824.0,7435996440.0,0.010218488888894628
2024-02-08,8.03,8.12,7.95,8.04,68961422.0,592159315.0,7435996440.0,0.009273998791747673
2024-02-19,7.95,7.95,7.77,7.94,52650696.0,444356102.0,7435996440.0,0.007080516568940154
2024-02-20,7.88,8.03,7.84,7.99,55330028.0,470611548.0,7435996440.0,0.007440835730147284
2024-02-21,7.91,8.18,7.9,8.02,88238401.0,761696478.0,7435996440.0,0.011866385589609023
2024-02-22,7.99,8.16,7.97,8.12,62948636.0,544372530.0,7435996440.0,0.008465393509521368
2024-02-23,8.15,8.19,8.08,8.15,47902141.0,417508537.0,7435996440.0,0.006441926295489189
2024-02-26,8.14,8.18,8.09,8.11,41576972.0,362147371.0,7435996440.0,0.005591311445006555
2024-02-27,8.09,8.2,8.08,8.2,54409621.0,474727862.0,7435996440.0,0.007317058505746138
2024-02-28,8.25,8.37,8.03,8.06,93755007.0,827887278.0,7435996440.0,0.012608264105086097
2024-02-29,7.99,8.24,7.98,8.23,69477867.0,607380437.0,7435996440.0,0.009343450815315344
2024-03-01,8.26,8.39,8.22,8.37,75586480.0,672443011.0,7435996440.0,0.010164943005271262
2024-03-04,8.36,8.37,8.2,8.23,50329517.0,445265843.0,7435996440.0,0.006768362169899049
2024-03-05,8.2,8.26,8.16,8.19,40903366.0,359795587.0,7435996440.0,0.005500724258012152
2024-03-06,8.21,8.28,8.13,8.16,37953452.0,332799296.0,7435996440.0,0.00510401696749602
2024-03-07,8.18,8.21,8.04,8.08,48219762.0,419363826.0,7435996440.0,0.0064846402750563985
2024-03-08,8.08,8.1,7.98,8.06,35001547.0,301183508.0,7435996440.0,0.004707041925372412
2024-03-11,8.07,8.17,8.05,8.16,39537378.0,343363819.0,7435996440.0,0.0053170248693663975
2024-03-12,8.2,8.3,8.18,8.23,52499121.0,463282951.0,7435996440.0,0.007060132616201199
2024-03-13,8.22,8.23,8.11,8.12,37426795.0,326837803.0,7435996440.0,0.005033191624282165
2024-03-14,8.11,8.16,8.0,8.03,33444193.0,289207494.0,7435996440.0,0.004497607451786246
2024-03-15,8.04,8.09,7.96,8.07,32786883.0,281761322.0,7435996440.0,0.004409211766647914
2024-03-18,8.1,8.31,8.1,8.25,62661604.0,552218352.0,7435996440.0,0.008426793168287207
2024-03-19,8.25,8.26,8.13,8.14,35501478.0,311155426.0,7435996440.0,0.0047742731302329675
2024-03-20,8.13,8.17,8.09,8.13,28971081.0,252123646.0,7435996440.0,0.0038960590196301923
2024-03-21,8.15,8.23,8.13,8.17,39934819.0,349997637.0,7435996440.0,0.005370473119806926
2024-03-22,8.15,8.16,8.01,8.03,38090543.0,329117601.0,7435996440.0,0.005122453097893091
2024-03-25,7.97,7.98,7.78,7.8,45810974.0,386653674.0,7435996440.0,0.006160704132881484
2024-03-26,7.8,7.83,7.72,7.81,35421672.0,294810805.0,7435996440.0,0.004763540742093201
2024-03-27,7.79,7.8,7.67,7.67,26285900.0,217970181.0,7435996440.0,0.003534953279240677
2024-03-28,7.67,7.77,7.62,7.69,35829622.0,295177063.0,7435996440.0,0.004818402253027437
2024-03-29,7.67,7.71,7.63,7.7,25546495.0,209949258.0,7435996440.0,0.0034355173790266095
2024-04-01,7.77,7.82,7.73,7.78,34226058.0,284972738.0,7435996440.0,0.004602753413905615
2024-04-02,7.79,7.81,7.71,7.74,28683014.0,238043004.0,7435996440.0,0.003857319490594054
2024-04-03,7.73,7.76,7.67,7.68,23512373.0,194006756.0,7435996440.0,0.0031619666832438664
2024-04-08,7.63,7.67,7.54,7.56,34726927.0,282296663.0,7435996440.0,0.004670110761914243
2024-04-09,7.55,7.61,7.55,7.59,23418371.0,190148646.0,7435996440.0,0.003149325203281028
2024-04-10,7.58,7.59,7.46,7.52,31101212.0,250258646.0,7435996440.0,0.00418252109867874
2024-04-11,7.48,7.54,7.46,7.49,32461662.0,260668825.0,7435996440.0,0.004365475731723185
2024-04-12,7.48,7.51,7.35,7.38,44426106.0,351944807.0,7435996440.0,0.005974465743558102
2024-04-15,7.37,7.55,7.27,7.49,57410740.0,457440090.0,7435996440.0,0.007720651894233559
2024-04-16,7.45,7.47,7.35,7.36,40060678.0,317542852.0,7435996440.0,0.005387398759970358
2024-04-17,7.37,7.51,7.37,7.51,37482271.0,298593921.0,7435996440.0,0.005040652090468187
2024-04-18,7.48,7.63,7.45,7.52,43100086.0,348276874.0,7435996440.0,0.005796141290245158
2024-04-19,7.48,7.53,7.47,7.5,22251466.0,178793120.0,7435996440.0,0.002992398689206473
2024-04-22,7.46,7.55,7.45,7.5,20831700.0,167297902.0,7435996440.0,0.002801467183058522
2024-04-23,7.48,7.52,7.43,7.43,20703540.0,165681782.0,7435996440.0,0.0027842321021875048
2024-04-24,7.44,7.48,7.39,7.47,22774731.0,181249588.0,7435996440.0,0.00306276787297655
2024-04-25,7.45,7.52,7.42,7.47,17089522.0,136671588.0,7435996440.0,0.0022982154628358054
2024-04-26,7.61,7.84,7.54,7.82,95355880.0,786493262.0,7435996440.0,0.012823551055922776
2024-04-29,7.81,8.03,7.78,7.93,95439052.0,810412424.0,7435996440.0,0.012834736107001149
2024-04-30,7.94,7.94,7.77,7.8,48004068.0,402585696.0,7435996440.0,0.006455633537124179
2024-05-06,7.91,7.96,7.82,7.86,55812172.0,471709935.0,7435996440.0,0.007505674922028338
2024-05-07,7.86,7.87,7.8,7.84,30582136.0,256445025.0,7435996440.0,0.004112715255684012
2024-05-08,7.83,7.89,7.76,7.77,27979431.0,234070734.0,7435996440.0,0.0037627009676190755
2024-05-09,7.8,7.87,7.79,7.81,30012324.0,251673222.0,7435996440.0,0.00403608638629203
2024-05-10,7.83,7.93,7.8,7.9,39187856.0,330210055.0,7435996440.0,0.005270020812436
2024-05-13,7.86,7.98,7.79,7.92,41400632.0,350226613.0,7435996440.0,0.005567597071092735
2024-05-14,7.95,7.98,7.86,7.94,26663748.0,225711297.0,7435996440.0,0.003585766644073326
2024-05-15,7.97,8.0,7.75,7.76,43050932.0,360990829.0,7435996440.0,0.005789531012739431
2024-05-16,7.77,7.86,7.75,7.76,26811750.0,223885529.0,7435996440.0,0.003605670096313279
2024-05-17,7.76,7.88,7.74,7.88,27347473.0,228895619.0,7435996440.0,0.00367771464398388
2024-05-20,7.89,7.96,7.86,7.89,39202942.0,332336256.0,7435996440.0,0.005272049592320676
2024-05-21,7.87,7.9,7.8,7.83,20633477.0,173392393.0,7435996440.0,0.002774809962119885
2024-05-22,7.82,7.89,7.8,7.85,24470501.0,205813555.0,7435996440.0,0.003290816664242513
2024-05-23,7.84,7.86,7.68,7.7,35097184.0,291411896.0,7435996440.0,0.004719903281718086
2024-05-24,7.67,7.71,7.58,7.6,24907784.0,203999059.0,7435996440.0,0.0033496229054138706
2024-05-27,7.62,7.67,7.58,7.66,21738657.0,177599051.0,7435996440.0,0.0029234356384387943
2024-05-28,7.66,7.67,7.57,7.58,19572886.0,159634486.0,7435996440.0,0.002632180657687351
2024-05-29,7.59,7.66,7.56,7.59,19802406.0,161364301.0,7435996440.0,0.002663046729484448
2024-05-30,7.57,7.59,7.53,7.57,18363374.0,148710092.0,7435996440.0,0.002469524313005185
2024-05-31,7.59,7.62,7.55,7.55,21348873.0,173286044.0,7435996440.0,0.0028710171087709666
2024-06-03,7.54,7.56,7.47,7.53,28967822.0,233097187.0,7435996440.0,0.0038956207461551717
2024-06-04,7.52,7.57,7.5,7.54,24139534.0,194861768.0,7435996440.0,0.0032463079016751117
2024-06-05,7.55,7.56,7.49,7.49,21645816.0,174418205.0,7435996440.0,0.0029109502908799133
2024-06-06,7.49,7.51,7.37,7.37,34728478.0,276120377.0,7435996440.0,0.004670319341895758
2024-06-07,7.39,7.48,7.3,7.43,34143435.0,270998415.0,7435996440.0,0.004591642192878726
2024-06-11,7.39,7.52,7.39,7.46,25933302.0,207383824.0,7435996440.0,0.003487535558852419
2024-06-12,7.46,7.48,7.42,7.44,16127076.0,128679754.0,7435996440.0,0.002168784793016926
2024-06-13,7.47,7.48,7.4,7.42,17429208.0,138691253.0,7435996440.0,0.0023438967649640242
2024-06-14,7.41,7.61,7.36,7.58,50511448.0,405465282.0,7435996440.0,0.0067928284269054865
2024-06-17,7.49,7.59,7.48,7.57,26168289.0,211414120.0,7435996440.0,0.0035191368381020903
2024-06-18,7.54,7.67,7.53,7.63,29435290.0,240577625.0,7435996440.0,0.0039584862953484685
2024-06-19,7.61,7.65,7.53,7.54,18327120.0,148734920.0,7435996440.0,0.0024646488399878794
2024-06-20,7.53,7.54,7.44,7.45,22406256.0,179559998.0,7435996440.0,0.003013214998257853
2024-06-21,7.47,7.51,7.43,7.46,20780962.0,166323983.0,7435996440.0,0.002794643887699333
2024-06-24,7.45,7.49,7.39,7.43,24854761.0,197817292.0,7435996440.0,0.003342492321042585
2024-06-25,7.42,7.44,7.26,7.31,34837782.0,274205940.0,7435996440.0,0.004685018649632382
2024-06-26,7.31,7.39,7.27,7.39,20581076.0,161607830.0,7435996440.0,0.0027677630249107544
2024-06-27,7.34,7.38,7.3,7.33,21236108.0,166890732.0,7435996440.0,0.002855852362403767
2024-06-28,7.37,7.39,7.17,7.23,42122128.0,322968543.0,7435996440.0,0.005664624551649193
2024-07-01,7.21,7.23,7.12,7.23,24019003.0,181332323.0,7434639540.0,0.0032306883031480503
2024-07-02,7.21,7.3,7.2,7.23,19998325.0,152291293.0,7434639540.0,0.0026898849490152956
2024-07-03,7.21,7.3,7.19,7.27,16394733.0,124906875.0,7434639540.0,0.002205181960980451
2024-07-04,7.25,7.3,7.11,7.12,23826583.0,179615110.0,7434639540.0,0.003204806752473705
2024-07-05,7.13,7.16,7.05,7.14,22329037.0,166662947.0,7434639540.0,0.00300337856056973
2024-07-08,7.13,7.13,6.92,6.94,29642920.0,217834316.0,7434639540.0,0.003987136140294974
2024-07-09,6.94,7.06,6.84,7.04,30824968.0,225581676.0,7434639540.0,0.004146128112083293
2024-07-10,7.0,7.16,6.98,7.07,25065647.0,186571368.0,7434639540.0,0.003371467690550603
2024-07-11,7.14,7.23,7.11,7.21,25937312.0,195924833.0,7434639540.0,0.003488711437918616
2024-07-12,7.2,7.25,7.18,7.21,15948429.0,120828979.0,7434639540.0,0.002145151612824527
2024-07-15,7.2,7.25,7.18,7.21,13730808.0,104231303.0,7434639540.0,0.001846869364160189
2024-07-16,7.23,7.31,7.2,7.29,22921772.0,175204550.0,7434639540.0,0.0030831046853954133
2024-07-17,7.29,7.4,7.28,7.37,25611393.0,197885797.0,7434639540.0,0.003444873535859413
2024-07-18,7.37,7.41,7.26,7.4,28327220.0,218906874.0,7434639540.0,0.003810167237778417
2024-07-19,7.39,7.56,7.38,7.53,35079746.0,276311194.0,7434639540.0,0.004718419206642532
2024-07-22,7.57,7.64,7.51,7.59,42460378.0,337863621.0,7434639540.0,0.005711154894807449
2024-07-23,7.57,7.66,7.47,7.48,36450919.0,290261211.0,7434639540.0,0.004902849533442209
2024-07-24,7.47,7.53,7.41,7.47,29841415.0,234308693.0,7434639540.0,0.004013834811956465
2024-07-25,7.45,7.58,7.44,7.52,23265594.0,184017773.0,7434639540.0,0.0031293506396410983
2024-07-26,7.52,7.65,7.5,7.61,23725105.0,189429438.0,7434639540.0,0.003191157402097802
2024-07-29,7.6,7.87,7.6,7.79,60905030.0,498722002.0,7434639540.0,0.008192062261030614
2024-07-30,7.75,7.86,7.7,7.85,41336614.0,339091379.0,7434639540.0,0.00556000244229729
2024-07-31,7.85,8.19,7.83,8.09,90501033.0,765819009.0,7434639540.0,0.012172887806205599
2024-08-01,8.05,8.12,7.99,8.1,54861446.0,464912631.0,7434639540.0,0.007379166899058566
2024-08-02,8.06,8.14,7.98,7.99,42164455.0,356418697.0,7434639540.0,0.005671351620094819
2024-08-05,7.98,8.18,7.95,7.99,61200698.0,518365896.0,7434639540.0,0.00823183123683761
2024-08-06,8.05,8.11,7.97,8.05,31208059.0,263228084.0,7434639540.0,0.004197655963290992
2024-08-07,8.07,8.15,8.01,8.09,27628084.0,234521717.0,7434639540.0,0.00371612959193984
2024-08-08,8.08,8.24,8.06,8.13,36907806.0,315782719.0,7434639540.0,0.004964303353434671
2024-08-09,8.12,8.2,8.04,8.05,30057172.0,256055020.0,7434639540.0,0.004042855317771062
2024-08-12,8.02,8.11,7.99,8.07,31308978.0,265028774.0,7434639540.0,0.004211230125085526
2024-08-13,8.06,8.19,8.0,8.19,39248697.0,335325715.0,7434639540.0,0.00527916609659868
2024-08-14,8.18,8.22,8.1,8.12,20365484.0,174192075.0,7434639540.0,0.002739269858401232
2024-08-15,8.09,8.24,8.09,8.18,32065241.0,275297691.0,7434639540.0,0.004312951667324547
2024-08-16,8.14,8.2,8.08,8.13,23043773.0,196834490.0,7434639540.0,0.003099514492399991
2024-08-19,8.12,8.19,8.09,8.17,23034893.0,197677917.0,7434639540.0,0.0030983200834508785
2024-08-20,8.18,8.2,8.02,8.04,27774568.0,236100867.0,7434639540.0,0.00373583249740175
2024-08-21,8.03,8.11,7.99,8.04,16861047.0,142617678.0,7434639540.0,0.0022679037644372465
2024-08-22,8.04,8.07,7.87,7.89,36927983.0,308257018.0,7434639540.0,0.004967017271156094
2024-08-23,7.88,8.02,7.86,7.97,25465950.0,212578739.0,7434639540.0,0.003425310650635794
2024-08-26,7.99,8.07,7.95,8.03,24535257.0,206832126.0,7434639540.0,0.0033001273118884794
2024-08-27,8.03,8.04,7.92,7.94,14166390.0,118329213.0,7434639540.0,0.0019054575442133675
2024-08-28,7.94,7.98,7.88,7.89,18202931.0,151568529.0,7434639540.0,0.0024483945592875373
2024-08-29,7.89,7.98,7.84,7.85,26008180.0,215812106.0,7434639540.0,0.003498243574563401
2024-08-30,7.86,8.19,7.86,8.01,56327620.0,477239252.0,7434639540.0,0.007576375384031059
2024-09-02,7.99,8.01,7.87,7.88,36549757.0,304193907.0,7434639540.0,0.004916143789265673
2024-09-03,7.9,8.13,7.87,8.05,39445311.0,333175037.0,7434639540.0,0.0053056117633915574
2024-09-04,8.01,8.1,7.98,8.02,29643140.0,250167919.0,7434639540.0,0.003987165731507677
2024-09-05,8.07,8.28,8.04,8.22,49614297.0,427047757.0,7434639540.0,0.006673396434765148
2024-09-06,8.41,8.43,8.12,8.14,69354786.0,598620098.0,7434639540.0,0.009328601020514304
2024-09-09,7.98,8.19,7.91,8.08,44980803.0,382185342.0,7434639540.0,0.006050165950614466
2024-09-10,8.09,8.12,7.98,8.04,24950820.0,210658132.0,7434639540.0,0.003356022826091176
2024-09-11,8.04,8.14,8.02,8.09,20979243.0,177948922.0,7434639540.0,0.002821823827117246
2024-09-12,8.05,8.11,8.01,8.08,19303376.0,163595050.0,7434639540.0,0.002596410477756666
2024-09-13,8.07,8.14,8.02,8.02,20044104.0,170032487.0,7434639540.0,0.0026960424768623014
2024-09-18,8.01,8.11,7.99,8.09,22932671.0,194252117.0,7434639540.0,0.003084570660973834
2024-09-19,8.11,8.22,8.03,8.15,30066252.0,257172688.0,7434639540.0,0.004044076627822631
2024-09-20,8.15,8.18,8.07,8.17,26234540.0,223928986.0,7434639540.0,0.003528690242324781
2024-09-23,8.15,8.19,8.06,8.14,23981029.0,204657662.0,7434639540.0,0.0032255805908244476
2024-09-24,8.19,8.6,8.18,8.58,105016150.0,932591034.0,7434639540.0,0.01412525105420242
2024-09-25,8.76,8.9,8.56,8.61,120511748.0,1106023790.0,7434639540.0,0.016209494401392324
2024-09-26,8.57,8.97,8.54,8.97,118112543.0,1088279093.0,7434639540.0,0.015886788103784785
2024-09-27,9.14,9.61,9.0,9.61,115833218.0,1131832947.0,7434639540.0,0.015580206326990266
2024-09-30,10.46,10.57,10.05,10.57,259175799.0,2843555141.0,7434639540.0,0.0348605736169961
2024-10-08,11.63,11.63,11.15,11.63,182564363.0,2217620979.0,7434639540.0,0.024555913170741295
2024-10-09,11.61,11.92,10.57,10.59,330836862.0,3893984832.0,7434639540.0,0.04449938160687209
2024-10-10,10.71,10.93,10.16,10.51,196493002.0,2171243151.0,7434639540.0,0.026429391894902815
2024-10-11,10.39,10.54,9.99,10.1,133836973.0,1438020229.0,7434639540.0,0.018001810616362444
2024-10-14,10.1,10.33,9.78,10.17,130694093.0,1382328478.0,7434639540.0,0.01757907593190456
2024-10-15,10.06,10.16,9.78,9.8,89239750.0,937420061.0,7434639540.0,0.012003238290151185
2024-10-16,9.6,9.95,9.6,9.72,74917371.0,766958444.0,7434639540.0,0.010076799365581616
2024-10-17,9.85,9.93,9.58,9.58,66324722.0,679657184.0,7434639540.0,0.008921040709930638
2024-10-18,9.61,10.45,9.55,10.08,140702058.0,1472378059.0,7434639540.0,0.01892520239118412
2024-10-21,10.06,10.23,9.88,10.14,101659972.0,1077588913.0,7434639540.0,0.013673826612984656
2024-10-22,10.1,10.26,10.03,10.23,81355667.0,866547618.0,7434639540.0,0.010942785667319656
2024-10-23,10.25,10.33,10.06,10.1,83755917.0,895573920.0,7434639540.0,0.011265632523187533
2024-10-24,10.04,10.13,9.92,10.02,46842972.0,492690368.0,7434639540.0,0.006300637945925217
2024-10-25,10.05,10.23,10.01,10.07,49444536.0,524311712.0,7434639540.0,0.006650562644493724
2024-10-28,10.05,10.11,9.99,10.04,49995211.0,526866879.0,7434639540.0,0.006724631467472598
2024-10-29,10.05,10.18,9.9,9.93,61986869.0,653113576.0,7434639540.0,0.008337575569938123
2024-10-30,9.9,9.99,9.77,9.9,46113113.0,479104025.0,7434639540.0,0.006202467887232633
2024-10-31,9.9,10.2,9.83,10.03,101326541.0,1072033904.0,7434639540.0,0.01362897830551715
2024-11-01,10.03,10.16,9.96,9.97,91983812.0,972165595.0,7434639540.0,0.012372329755209625
2024-11-04,10.06,10.3,10.04,10.3,88301698.0,945813995.0,7434639540.0,0.011877065125338948
2024-11-05,10.38,10.75,10.2,10.75,151639861.0,1689852686.0,7434639540.0,0.020396397186997987
2024-11-06,10.94,11.01,10.56,10.67,132190624.0,1493992607.0,7434639540.0,0.017780367600713564
2024-11-07,10.37,11.31,10.36,11.18,185851137.0,2132130331.0,7434639540.0,0.024998002391384264
2024-11-08,11.41,11.44,10.93,10.97,140154950.0,1634031707.0,7434639540.0,0.018851613349367573
2024-11-11,10.75,10.94,10.68,10.89,112510584.0,1275980975.0,7434639540.0,0.015133293738676671
2024-11-12,10.89,10.97,10.48,10.56,86609212.0,976762587.0,7434639540.0,0.011649416428869663
2024-11-13,10.55,10.75,10.48,10.66,63248142.0,705213858.0,7434639540.0,0.008507223740937412
2024-11-14,10.71,11.23,10.68,10.74,134200281.0,1544726133.0,7434639540.0,0.01805067754502056
2024-11-15,10.66,10.84,10.27,10.28,98944215.0,1095682244.0,7434639540.0,0.013308542326451513
2024-11-18,10.32,10.44,10.1,10.19,66369159.0,717323493.0,7434639540.0,0.008927017731380155
2024-11-19,10.26,10.31,10.06,10.26,50649908.0,542414938.0,7434639540.0,0.006812691822850634
2024-11-20,10.23,10.74,10.13,10.5,88757166.0,972788207.0,7434639540.0,0.011938328082009474
2024-11-21,10.5,11.2,10.31,10.72,183729252.0,2060726146.0,7434639540.0,0.024712597162444273
2024-11-22,10.37,10.48,9.9,9.93,186805891.0,2013051224.0,7434639540.0,0.025126422067262726
2024-11-25,9.95,9.98,9.67,9.82,88851637.0,914905847.0,7434639540.0,0.011951034952260778
2024-11-26,9.77,10.0,9.76,9.85,58684148.0,610224742.0,7434639540.0,0.007893341389890706
2024-11-27,9.82,10.55,9.8,10.38,151675482.0,1623419770.0,7434639540.0,0.020401188407851177
2024-11-28,10.36,10.43,10.16,10.29,112937205.0,1220889909.0,7434639540.0,0.015190676614834241
2024-11-29,10.29,10.74,10.11,10.38,151688611.0,1656726274.0,7434639540.0,0.020402954330721996
2024-12-02,10.23,10.49,10.17,10.36,104718162.0,1139355661.0,7434639540.0,0.014085170025606917
2024-12-03,10.34,10.43,10.19,10.36,71447840.0,773231669.0,7434639540.0,0.009610128321029535
2024-12-04,10.31,10.37,10.16,10.22,52666868.0,568628867.0,7434639540.0,0.007083984060913867
2024-12-05,10.18,10.33,10.15,10.26,55386621.0,595457127.0,7434639540.0,0.00744980583147411
2024-12-06,10.29,10.8,10.24,10.48,134732959.0,1490187178.0,7434639540.0,0.0181223256722948
2024-12-09,10.46,10.65,10.27,10.4,90103840.0,990252298.0,7434639540.0,0.012119463158263621
2024-12-10,10.93,10.95,10.45,10.46,126818929.0,1417365373.0,7434639540.0,0.017057845012886798
2024-12-11,10.62,10.83,10.45,10.54,84503713.0,939789887.0,7434639540.0,0.011366215207254015
2024-12-12,10.56,10.8,10.49,10.66,94390332.0,1053264736.0,7434639540.0,0.012696019960639545
2024-12-13,10.57,10.58,10.34,10.39,83500424.0,910558700.0,7434639540.0,0.011231267306336683
2024-12-16,10.35,10.37,10.17,10.22,51309898.0,548409879.0,7434639540.0,0.006901464115905208
2024-12-17,10.2,10.3,10.18,10.21,42899806.0,458108476.0,7434639540.0,0.005770260383060884
2024-12-18,10.24,10.28,10.16,10.16,36782015.0,391854770.0,7434639540.0,0.004947383770538524
2024-12-19,10.05,10.18,9.98,10.15,42163396.0,443770734.0,7434639540.0,0.005671209178757307
2024-12-20,10.12,10.21,10.09,10.11,38464562.0,407459737.0,7434639540.0,0.005173695616721184
2024-12-23,10.09,10.2,10.0,10.01,37888486.0,398844865.0,7434639540.0,0.005096210219224697
2024-12-24,10.06,10.3,10.03,10.28,52770087.0,560682069.0,7434639540.0,0.007097867585386662
2024-12-25,10.25,10.4,10.16,10.39,65910187.0,707946854.0,7434639540.0,0.008865283467394574
2024-12-26,10.34,10.49,10.26,10.42,51184090.0,553916972.0,7434639540.0,0.006884542246415352
2024-12-27,10.39,10.8,10.38,10.56,115851635.0,1284944376.0,7434639540.0,0.015582683515010064
2024-12-30,10.54,10.71,10.49,10.68,75608429.0,840663007.0,7434639540.0,0.010169750475891935
2024-12-31,10.68,10.74,10.12,10.12,93462254.0,1016026936.0,7434639540.0,0.012571188353806861
2025-01-02,10.06,10.12,9.47,9.58,102665267.0,1045592148.0,7434639540.0,0.013809044331959636
2025-01-03,9.63,9.67,9.33,9.34,61419089.0,606382327.0,7434639540.0,0.008261206030171572
2025-01-06,9.29,9.42,9.27,9.35,39596305.0,386340936.0,7434639540.0,0.005325921288713884
2025-01-07,9.36,9.45,9.26,9.39,37579718.0,366829558.0,7434639540.0,0.0050546792212067355
2025-01-08,9.36,9.42,9.1,9.32,54160800.0,522122051.0,7434639540.0,0.007284926149896434
2025-01-09,9.32,9.4,9.21,9.24,28093176.0,272744860.0,7434639540.0,0.00377868702966062
2025-01-10,9.25,9.29,9.06,9.07,30241694.0,289854308.0,7434639540.0,0.0040676745439093605
2025-01-13,8.99,9.16,8.94,9.14,32916821.0,312174331.0,7434639540.0,0.0044274938714782665
2025-01-14,9.22,9.5,9.15,9.47,60627805.0,594088670.0,7434639540.0,0.008154773970386733
2025-01-15,9.44,9.49,9.35,9.42,36927183.0,363017348.0,7434639540.0,0.004966909666746264
2025-01-16,9.47,9.53,9.3,9.38,31359461.0,307869985.0,7434639540.0,0.0042180203668623325
2025-01-17,9.33,9.44,9.31,9.37,28291376.0,276983637.0,7434639540.0,0.0038053460221959866
2025-01-20,9.43,9.55,9.39,9.42,34777690.0,343398742.0,7434639540.0,0.004677791009623043
2025-01-21,9.47,9.5,9.38,9.41,27761826.0,273406213.0,7434639540.0,0.003734118628164184
2025-01-22,9.43,9.44,9.32,9.39,22718138.0,222071463.0,7434639540.0,0.003055714789906277
2025-01-23,9.52,9.73,9.47,9.47,61759271.0,617989169.0,7434639540.0,0.00830696238435253
2025-01-24,9.45,9.6,9.44,9.5,38816790.0,385628596.0,7434639540.0,0.005221072224303157
2025-01-27,9.51,9.57,9.3,9.33,34829196.0,342309970.0,7469482864.0,0.004662865774532152
2025-02-05,9.39,9.44,9.28,9.33,35130053.0,342698076.0,7469482864.0,0.00470314393106291
2025-02-06,9.3,9.44,9.25,9.43,44631208.0,435879326.0,7469482864.0,0.005975140289176517
2025-02-07,9.4,9.72,9.38,9.57,72321301.0,722469575.0,7469482864.0,0.009682236684491308
2025-02-10,9.59,9.65,9.53,9.6,40485533.0,405427050.0,7469482864.0,0.0054201252934288815
2025-02-11,9.6,9.61,9.45,9.53,36153487.0,358913011.0,7469482864.0,0.0048401593066429984
2025-02-12,9.53,9.66,9.5,9.65,35660024.0,356008076.0,7469482864.0,0.004774095429265584
2025-02-13,9.65,9.71,9.55,9.57,42050822.0,421827094.0,7469482864.0,0.005629683174275504
2025-02-14,9.54,9.63,9.53,9.59,31877754.0,318803508.0,7469482864.0,0.004267732395992012
2025-02-17,9.68,9.71,9.52,9.58,62805603.0,629189582.0,7469482864.0,0.008408293337507816
2025-02-18,9.58,9.58,9.27,9.29,59774736.0,589152134.0,7469482864.0,0.008002526692723395
2025-02-19,9.32,9.41,9.28,9.36,40930699.0,399246553.0,7469482864.0,0.005479723261334468
2025-02-20,9.36,9.39,9.27,9.32,31900736.0,310719704.0,7469482864.0,0.004270809181951421
2025-02-21,9.32,9.61,9.27,9.57,72190837.0,714918075.0,7469482864.0,0.009664770415088805
2025-02-24,9.54,9.64,9.51,9.54,45250818.0,451763232.0,7469482864.0,0.006058092484299191
2025-02-25,9.5,9.51,9.37,9.41,41507343.0,408891500.0,7469482864.0,0.005556923251012361
2025-02-26,9.38,9.58,9.36,9.58,59613931.0,588444027.0,7469482864.0,0.00798099842859483
2025-02-27,9.55,9.61,9.4,9.55,69801102.0,692432901.0,7469482864.0,0.009344837289394442
2025-02-28,9.52,9.64,9.28,9.31,68615333.0,676801018.0,7469482864.0,0.009186088816228389
2025-03-03,9.31,9.37,9.19,9.23,62875601.0,609756291.0,7469482864.0,0.008417664535122762
2025-03-04,9.2,9.33,9.17,9.3,36218027.0,350201720.0,7469482864.0,0.004848799797715153
2025-03-05,9.27,9.3,9.2,9.26,34069537.0,328964609.0,7469482864.0,0.004561164088641519
2025-03-06,9.31,9.46,9.27,9.43,58581256.0,573722844.0,7469482864.0,0.007842745885707677
2025-03-07,9.37,9.38,9.23,9.24,48972897.0,474722818.0,7469482864.0,0.006556397262256307
2025-03-10,9.24,9.25,9.12,9.15,38655774.0,369674302.0,7469482864.0,0.005175160677629476
2025-03-11,9.11,9.19,9.05,9.19,39699632.0,377694499.0,7469482864.0,0.005314910379048699
2025-03-12,9.19,9.33,9.16,9.25,44809312.0,432324394.0,7469482864.0,0.005998984510154437
2025-03-13,9.22,9.3,9.13,9.19,31115836.0,298727069.0,7469482864.0,0.004165728279526046
2025-03-14,9.19,9.5,9.19,9.44,77143510.0,755075447.0,7469482864.0,0.010327824751001398
2025-03-17,9.48,9.49,9.37,9.38,39904259.0,391801078.0,7469482864.0,0.005342305448255728
2025-03-18,9.42,9.47,9.4,9.43,31287718.0,307940236.0,7469482864.0,0.004188739511110551
2025-03-19,9.44,9.6,9.41,9.51,57586032.0,571657786.0,7469482864.0,0.007709507210672142
2025-03-20,9.57,9.68,9.43,9.45,44304970.0,440599090.0,7469482864.0,0.005931464173180276
2025-03-21,9.41,9.48,9.26,9.26,40539505.0,395543740.0,7469482864.0,0.005427350960986153
2025-03-24,9.27,9.29,9.18,9.28,30727421.0,296187409.0,7469482864.0,0.004113728026352964
2025-03-25,9.29,9.32,9.23,9.28,20520217.0,198591932.0,7469482864.0,0.002747207186042217
2025-03-26,9.26,9.31,9.24,9.27,27589793.0,266818691.0,7469482864.0,0.003693668424218772
2025-03-27,9.27,9.36,9.21,9.32,29869676.0,289976571.0,7469482864.0,0.003998894775428191
2025-03-28,9.35,9.39,9.31,9.35,30317434.0,296020622.0,7469482864.0,0.004058839755308662
2025-03-31,9.3,9.34,9.01,9.04,59455017.0,566138499.0,7469482864.0,0.007959723327909358
2025-04-01,9.05,9.1,8.96,8.99,47079634.0,443112328.0,7469482864.0,0.0063029308530722404
2025-04-02,8.97,9.03,8.95,8.99,26902440.0,252315669.0,7469482864.0,0.0036016469265441773
2025-04-03,8.92,9.03,8.89,8.98,27095440.0,253722356.0,7469482864.0,0.0036274853953530673
2025-04-07,8.62,8.62,8.08,8.11,88687691.0,764819921.0,7469482864.0,0.011873337500704385
2025-04-08,8.16,8.36,8.13,8.34,76922167.0,663549367.0,7469482864.0,0.010298191775863748
2025-04-09,8.29,8.59,8.16,8.51,66060704.0,579274548.0,7469482864.0,0.00884407999894971
2025-04-10,8.72,8.73,8.55,8.67,50288797.0,454643696.0,7469482864.0,0.006732567423425312
2025-04-11,8.63,8.72,8.59,8.65,32967384.0,297614753.0,7469482864.0,0.00441360996473932
2025-04-14,8.72,8.73,8.64,8.66,28937553.0,262108455.0,7469482864.0,0.0038741039409123947
2025-04-15,8.68,8.7,8.6,8.69,26448649.0,238974597.0,7469482864.0,0.0035408942602267947
2025-04-16,8.69,8.78,8.58,8.78,35439999.0,320790515.0,7469482864.0,0.004744638905433066
2025-04-17,8.73,8.76,8.68,8.74,27528769.0,250390549.0,7469482864.0,0.0036854986484644004
2025-04-18,8.71,8.79,8.68,8.77,22746426.0,207547693.0,7469482864.0,0.00304524776536123
2025-04-21,8.74,8.81,8.72,8.79,19188603.0,175820339.0,7469482864.0,0.002568933264775477
2025-04-22,8.78,8.8,8.73,8.74,23220659.0,212234091.0,7469482864.0,0.0031087371673231274
2025-04-23,8.77,8.79,8.71,8.76,21947163.0,200496864.0,7469482864.0,0.0029382439721197815
2025-04-24,8.77,8.8,8.69,8.76,19919300.0,181929726.0,7469482864.0,0.0026667575738078568
2025-04-25,8.77,8.82,8.74,8.79,20297717.0,186179441.0,7469482864.0,0.0027174193139697924
2025-04-28,8.79,8.79,8.67,8.76,23534099.0,214808523.0,7469482864.0,0.0031506999116933778
2025-04-29,8.75,8.79,8.7,8.72,18597106.0,169501296.0,7469482864.0,0.002489744784023913
2025-04-30,8.75,8.82,8.74,8.78,22683621.0,208049489.0,7469482864.0,0.0030368395527522025
2025-05-06,8.82,8.91,8.79,8.9,32153313.0,297629285.0,7469482864.0,0.004304623704937654
2025-05-07,9.18,9.22,8.91,8.95,47327575.0,445315209.0,7469482864.0,0.0063361247172947525
2025-05-08,8.92,9.04,8.9,8.99,29000887.0,272206918.0,7469482864.0,0.0038825829750240124
2025-05-09,8.99,9.01,8.86,8.9,23476638.0,218195243.0,7469482864.0,0.0031430071435263954
2025-05-12,8.97,9.17,8.91,9.14,54022649.0,511277852.0,7469482864.0,0.00723244834797977
2025-05-13,9.17,9.18,8.96,9.03,49465938.0,466358669.0,7469482864.0,0.006622404643085342
2025-05-14,9.04,9.45,8.96,9.27,83990098.0,806791241.0,7469482864.0,0.011244432784604083
2025-05-15,9.2,9.24,9.04,9.06,41436618.0,394053847.0,7469482864.0,0.005547454724035632
2025-05-16,9.04,9.07,8.96,9.01,33301869.0,312864853.0,7469482864.0,0.004458390173234354
2025-05-19,8.99,9.04,8.94,9.02,21459483.0,201424412.0,7469482864.0,0.0028729543116600958
2025-05-20,9.04,9.05,8.97,9.03,20597145.0,193727237.0,7469482864.0,0.0027575061587289023
2025-05-21,9.03,9.06,9.0,9.0,18570493.0,174929103.0,7469482864.0,0.0024861818867678975
2025-05-22,9.0,9.01,8.91,8.97,19987023.0,186662430.0,7469482864.0,0.0026758241987982424
2025-05-23,8.98,8.99,8.84,8.88,25831449.0,240555089.0,7469482864.0,0.0034582647112690397
2025-05-26,8.86,8.92,8.83,8.86,17930566.0,165925458.0,7469482864.0,0.0024005096907603
2025-05-27,8.85,8.89,8.82,8.87,14889669.0,137552281.0,7469482864.0,0.001993400248866278
2025-05-28,8.86,8.88,8.8,8.82,14351892.0,132258369.0,7469482864.0,0.0019214036983966499
2025-05-29,8.82,8.95,8.82,8.93,23192886.0,215589537.0,7469482864.0,0.0031050189714981052
2025-05-30,8.92,8.96,8.88,8.94,17896460.0,166657632.0,7469482864.0,0.0023959436450753466
2025-06-03,8.91,9.12,8.86,9.1,38189634.0,360107238.0,7469482864.0,0.005112754750942554
2025-06-04,9.09,9.2,9.06,9.18,33450224.0,319478248.0,7469482864.0,0.004478251655307633
2025-06-05,9.18,9.24,9.15,9.2,29850610.0,286272692.0,7469482864.0,0.003996342256017257
2025-06-06,9.22,9.23,9.1,9.11,22275200.0,212543172.0,7469482864.0,0.0029821609347760597
2025-06-09,9.21,9.27,9.13,9.16,26633926.0,255437252.0,7469482864.0,0.0035656987886490987
2025-06-10,9.18,9.18,9.01,9.06,24808252.0,235523275.0,7469482864.0,0.0033212810647931354
2025-06-11,9.08,9.31,9.06,9.21,47240658.0,454839121.0,7469482864.0,0.006324488436499611
2025-06-12,9.19,9.26,9.14,9.16,39977900.0,383292464.0,7469482864.0,0.005352164363704202
2025-06-13,9.17,9.24,9.07,9.14,34521976.0,329251298.0,7469482864.0,0.004621735751799162
2025-06-16,9.1,9.25,9.1,9.24,29541664.0,282756949.0,7469482864.0,0.00395498115972383
2025-06-17,9.21,9.26,9.19,9.26,23587864.0,227090033.0,7469482864.0,0.0031578978664887664
2025-06-18,9.21,9.24,9.07,9.12,23971281.0,228600962.0,7469482864.0,0.003209228997034352
2025-06-19,9.11,9.12,8.9,8.92,29957616.0,280688469.0,7469482864.0,0.004010668013495827
2025-06-20,8.92,8.99,8.9,8.9,15074712.0,140554526.0,7469482864.0,0.002018173449818627
2025-06-23,8.87,9.08,8.84,9.04,27084685.0,253856911.0,7469482864.0,0.0036260455366378358
2025-06-24,9.05,9.29,9.05,9.23,52951600.0,508719282.0,7469482864.0,0.0070890583677761815
2025-06-25,9.24,9.56,9.22,9.52,102381965.0,1005940722.0,7469482864.0,0.013706700566038009
2025-06-26,9.52,9.55,9.38,9.46,57128743.0,564852819.0,7469482864.0,0.007648286238842357
2025-06-27,9.49,9.65,9.39,9.41,57957421.0,568059387.0,7469482864.0,0.007759228055710819
2025-06-30,9.41,9.46,9.31,9.37,35248715.0,341251749.0,7469482864.0,0.004719030171403844
2025-07-01,9.37,9.38,9.28,9.33,29137217.0,280618392.0,7469482864.0,0.003900834573224613
2025-07-02,9.34,9.35,9.27,9.3,24835781.0,238826207.0,7469482864.0,0.003324966594367436
2025-07-03,9.33,9.4,9.31,9.37,28075703.0,271483538.0,7469482864.0,0.0037587211204826456
2025-07-04,9.37,9.49,9.3,9.36,37702952.0,365924720.0,7469482864.0,0.005047598700803446
2025-07-07,9.36,9.39,9.32,9.35,21790683.0,210549134.0,7469482864.0,0.002917294730673071
2025-07-08,9.35,9.48,9.35,9.44,33024649.0,321297739.0,7469482864.0,0.004421276492803264
2025-07-09,9.46,9.53,9.42,9.43,43377951.0,425094295.0,7469482864.0,0.00580735665236811
2025-07-10,9.43,9.56,9.41,9.51,46523656.0,456794014.0,7469482864.0,0.006228497587728049
2025-07-11,9.63,10.28,9.56,10.08,269716958.0,2798236699.0,7469482864.0,0.036109187598505746
2025-07-14,10.11,10.13,9.85,9.87,113014261.0,1160795338.0,7469482864.0,0.015130131905742063
2025-07-15,9.97,10.27,9.91,9.95,124325365.0,1289052457.0,7469482864.0,0.016644440754955053
2025-07-16,9.89,10.0,9.79,9.91,70714270.0,721594144.0,7469482864.0,0.009467090464965822
2025-07-17,9.87,9.97,9.8,9.93,57930693.0,591488185.0,7469482864.0,0.00775564976247598
2025-07-18,9.94,10.11,9.88,10.01,65564261.0,678414371.0,7469482864.0,0.008777617164903639
2025-07-21,10.01,10.6,9.99,10.51,155244930.0,1669315605.0,7469482864.0,0.020783892650483225
2025-07-22,10.48,10.65,10.4,10.64,121324748.0,1324057135.0,7469482864.0,0.016242723921991716
2025-07-23,10.63,10.81,10.54,10.58,132528604.0,1458847585.0,7469482864.0,0.01774267461523157
2025-07-24,10.48,11.3,10.46,11.13,192451064.0,2185842920.0,7469482864.0,0.025764978312961827
2025-07-25,11.13,11.37,10.97,11.26,149015003.0,1726852506.0,7469482864.0,0.019949842005554937
2025-07-28,11.23,11.37,11.03,11.23,100819711.0,1169192179.0,7469482864.0,0.013497549005154262
2025-07-29,11.18,11.19,10.88,11.13,97985986.0,1116348720.0,7469482864.0,0.013118175352172546
2025-07-30,11.14,11.47,11.0,11.18,123983807.0,1436465666.0,7469482864.0,0.01659871362682331
2025-07-31,11.11,11.26,10.8,10.89,117015063.0,1328800855.0,7469482864.0,0.015665751582879594
2025-08-01,10.83,10.93,10.73,10.8,73933900.0,826952942.0,7469482864.0,0.009898128337148027
2025-08-04,10.73,10.8,10.64,10.75,57313993.0,634650777.0,7469482864.0,0.007673087152556589
2025-08-05,10.82,11.3,10.79,11.04,120973708.0,1383249940.0,7469482864.0,0.01619572736193642
2025-08-06,11.04,11.28,10.99,11.08,68396490.0,784080759.0,7469482864.0,0.009156790536282567
2025-08-07,11.12,11.42,11.09,11.26,108575923.0,1265027535.0,7469482864.0,0.014535935750424394
2025-08-08,11.26,11.29,11.06,11.09,70726010.0,814720643.0,7469482864.0,0.009468662193586632
2025-08-11,11.03,11.26,11.03,11.15,68518467.0,789010822.0,7469482864.0,0.00917312058244786
2025-08-12,11.15,11.19,10.97,11.07,62354696.0,713422469.0,7469482864.0,0.008347926775563723
2025-08-13,11.11,11.46,10.98,11.2,156480733.0,1818926227.0,7469482864.0,0.02094933957934039
2025-08-14,11.26,11.65,11.23,11.41,185416186.0,2199861891.0,7469482864.0,0.02482316237629165
2025-08-15,11.35,11.9,11.28,11.68,214392299.0,2591328108.0,7469482864.0,0.028702428655842754
2025-08-18,11.83,11.95,11.53,11.59,194465934.0,2351304821.0,7469482864.0,0.0260347252334228
2025-08-19,11.59,11.87,11.47,11.48,112378765.0,1346406922.0,7469482864.0,0.015045052923492456
2025-08-20,11.4,11.57,11.29,11.57,91646923.0,1081747972.0,7469482864.0,0.012269513789462254
2025-08-21,11.61,11.68,11.36,11.4,70120183.0,833880102.0,7469482864.0,0.009387555239995527
2025-08-22,11.33,11.77,11.33,11.73,107115323.0,1281617020.0,7469482864.0,0.01434039343155256
2025-08-25,11.81,11.92,11.62,11.86,135384357.0,1644812986.0,7469482864.0,0.018124997334487494
2025-08-26,11.71,11.8,11.47,11.51,125100303.0,1504319440.0,7469482864.0,0.016748187963980046
2025-08-27,11.55,11.59,11.13,11.13,141582777.0,1664989603.0,7469482864.0,0.01895482988285225
2025-08-28,11.13,11.25,10.94,11.24,101351397.0,1164574140.0,7469482864.0,0.013568730104258526
2025-08-29,11.3,11.39,11.1,11.13,121435565.0,1408842469.0,7469482864.0,0.016257559888820706
2025-09-01,11.25,11.27,10.89,10.93,138176551.0,1567390172.0,7469482864.0,0.018498810897064535
2025-09-02,10.91,11.0,10.66,10.81,129413995.0,1444315294.0,7469482864.0,0.017325696752545625
2025-09-03,10.82,10.91,10.42,10.51,100078478.0,1097673674.0,7469482864.0,0.013398314156705454
2025-09-04,10.49,10.63,10.36,10.53,110414995.0,1196161683.0,7469482864.0,0.014782147172752386
2025-09-05,10.55,10.59,10.38,10.57,95075630.0,1030527226.0,7469482864.0,0.012728542488292935
2025-09-08,10.58,10.65,10.43,10.46,96946905.0,1052325002.0,7469482864.0,0.012979065186325862
2025-09-09,10.49,10.85,10.45,10.64,128044301.0,1407220087.0,7469482864.0,0.01714232475411701
2025-09-10,10.63,10.67,10.45,10.51,96204875.0,1048464081.0,7469482864.0,0.012879723637049902
2025-09-11,10.51,10.82,10.42,10.76,134560780.0,1478540220.0,7469482864.0,0.01801473842968843
2025-09-12,10.77,10.84,10.53,10.55,139067837.0,1531571717.0,7469482864.0,0.018618134552560908
2025-09-15,10.58,10.61,10.36,10.43,116024777.0,1255818527.0,7469482864.0,0.015533173997786951
2025-09-16,10.42,10.49,10.22,10.26,219584711.0,2341110379.0,7469482864.0,0.02939757878799252
2025-09-17,10.27,10.38,10.23,10.3,208176600.0,2211282209.0,7469482864.0,0.02787028282819018
2025-09-18,10.3,10.32,9.99,10.1,152064153.0,1601785324.0,7469482864.0,0.020358056343216212
2025-09-19,10.09,10.21,10.06,10.1,80872446.0,846575859.0,7469482864.0,0.01082704753093065
2025-09-22,10.11,10.19,10.07,10.18,69015365.0,722755751.0,7469482864.0,0.009239644331018844
2025-09-23,10.11,10.24,9.96,10.23,114230466.0,1194318235.0,7469482864.0,0.015292955092051471
2025-09-24,10.16,10.31,10.1,10.26,114555144.0,1207892618.0,7469482864.0,0.015336422358248013
2025-09-25,10.24,10.43,10.19,10.33,110870450.0,1183207692.0,7469482864.0,0.014843122612189449
2025-09-26,10.29,10.53,10.26,10.38,111404336.0,1199537851.0,7469482864.0,0.01491459824306252
2025-09-29,10.36,11.38,10.32,11.09,340079236.0,3832486601.0,7469482864.0,0.045529154051487226
2025-09-30,11.02,11.21,10.89,11.07,180432795.0,2058102255.0,7469482864.0,0.024155995573618066
2025-10-09,11.02,11.1,10.75,11.04,129497299.0,1464269045.0,7469482864.0,0.017336849331849542
2025-10-10,10.93,11.41,10.92,11.23,168623952.0,1953997277.0,7469482864.0,0.02257505038437156
2025-10-13,10.88,11.14,10.85,11.02,124298985.0,1408421388.0,7469482864.0,0.01664090905129092
2025-10-14,11.04,11.34,10.95,11.01,144429540.0,1663335458.0,7469482864.0,0.01933594903819837
2025-10-15,11.08,11.2,10.84,11.16,132354501.0,1509352833.0,7469482864.0,0.017719366040438646
2025-10-16,11.07,11.36,11.03,11.18,126774061.0,1466105575.0,7469482864.0,0.016972267465931494
2025-10-17,11.18,11.36,10.96,10.99,136715207.0,1573722167.0,7469482864.0,0.01830316897290361
2025-10-20,11.1,11.15,10.74,10.8,117438232.0,1319724439.0,7469482864.0,0.01572240463473135
2025-10-21,10.79,11.02,10.79,10.84,106241617.0,1193375305.0,7469482864.0,0.0142234233526451
2025-10-22,10.8,10.81,10.69,10.77,58668688.0,651593346.0,7469482864.0,0.007854451113712335
2025-10-23,10.73,10.82,10.54,10.8,69741073.0,769321967.0,7469482864.0,0.009336800722326418
2025-10-24,10.8,10.96,10.76,10.9,83852101.0,940854096.0,7469482864.0,0.011225958011649573
2025-10-27,11.0,11.18,10.94,11.03,121653188.0,1387240243.0,7469482864.0,0.016286694837512918
2025-10-28,11.04,11.07,10.92,10.99,72945413.0,819039900.0,7469482864.0,0.00976579159871542
2025-10-29,10.97,11.48,10.97,11.39,153046146.0,1766349220.0,7469482864.0,0.020489523677418534
2025-10-30,11.35,11.39,11.05,11.1,119817761.0,1373496188.0,7469482864.0,0.016040971400774606
2025-10-31,10.97,10.99,10.65,10.65,187645176.0,2059195240.0,7469482864.0,0.02512157527054205
2025-11-03,10.65,10.7,10.53,10.66,67879941.0,735341386.0,7469482864.0,0.009087635949625762
2025-11-04,10.61,10.64,10.49,10.53,64105957.0,690866968.0,7469482864.0,0.008582382230095977
2025-11-05,10.46,10.54,10.45,10.48,44760912.0,479901536.0,7469482864.0,0.005992504811240705
2025-11-06,10.5,10.65,10.49,10.61,68408585.0,739989750.0,7469482864.0,0.009158409791620616
2025-11-07,10.57,10.59,10.48,10.5,52919963.0,569512200.0,7469482864.0,0.007084822867062675
2025-11-10,10.49,10.69,10.44,10.63,65256173.0,704712379.0,7469482864.0,0.008736370936000049
2025-11-11,10.63,10.71,10.49,10.51,64987581.0,702102809.0,7469482864.0,0.008700412355614985
2025-11-12,10.49,10.53,10.38,10.43,52127207.0,556984200.0,7469482864.0,0.006978690218466508
2025-11-13,10.4,10.57,10.4,10.55,56330571.0,604403379.0,7469482864.0,0.0075414285065826215
2025-11-14,10.49,10.56,10.44,10.45,41256476.0,442690781.0,7469482864.0,0.005523337659537337
2025-11-17,10.43,10.47,10.35,10.37,47758308.0,507030414.0,7469482864.0,0.006393790422918895
2025-11-18,10.36,10.43,10.31,10.33,42523186.0,450872283.0,7469482864.0,0.005692922358111993
2025-11-19,10.33,10.51,10.32,10.4,53307435.0,567973222.0,7469482864.0,0.007136696873209401
2025-11-20,10.63,10.89,10.49,10.51,174823321.0,1914351598.0,7469482864.0,0.023405009983031137
2025-11-21,10.42,10.58,10.17,10.17,93672918.0,992566001.0,7469482864.0,0.012540750103526845
2025-11-24,10.21,10.27,10.12,10.21,45794465.0,477710270.0,7469482864.0,0.006130874899079225
2025-11-25,10.23,10.26,10.15,10.17,51875562.0,540958533.0,7469482864.0,0.006945000469847788
2025-11-26,10.17,10.19,10.1,10.11,35405697.0,367400172.0,7469482864.0,0.0047400466196450735
2025-11-27,10.11,10.19,10.07,10.08,35432442.0,367037975.0,7469482864.0,0.004743627188807217
2025-11-28,10.06,10.19,10.02,10.18,41940249.0,433386958.0,7469482864.0,0.0056148798736972375
2025-12-01,10.15,10.26,10.13,10.22,41042170.0,428480231.0,7469482864.0,0.005494646784425637
2025-12-02,10.22,10.23,10.04,10.05,38628589.0,398953088.0,7469482864.0,0.005171521202113571
2025-12-03,10.05,10.11,9.96,9.98,35474703.0,363474279.0,7469482864.0,0.004749285010207904
2025-12-04,9.99,10.06,9.92,10.02,35709602.0,365131329.0,7469482864.0,0.004780732836553703
2025-12-05,10.04,10.36,10.0,10.3,96945715.0,1011151974.0,7469482864.0,0.012978905871414554
2025-12-08,10.49,10.8,10.39,10.57,161803839.0,1760477480.0,7469482864.0,0.021661986772850302
2025-12-09,10.54,10.55,10.44,10.51,61473870.0,659722489.0,7469482864.0,0.008230003484749945
2025-12-10,10.47,10.63,10.38,10.59,63332404.0,679689865.0,7469482864.0,0.008478820442207257
2025-12-11,10.56,10.59,10.33,10.37,45701175.0,487750287.0,7469482864.0,0.006118385413301083
2025-12-12,10.37,10.44,10.28,10.36,60662028.0,641291662.0,7469482864.0,0.008121315639181309
2025-12-15,10.32,10.7,10.28,10.57,97335706.0,1052342739.0,7469482864.0,0.013031117116436564
2025-12-16,10.56,10.64,10.47,10.49,44756115.0,482478015.0,7469482864.0,0.005991862598106631
2025-12-17,10.5,10.9,10.48,10.8,104810008.0,1146667916.0,7469482864.0,0.014031762293095744
2025-12-18,10.7,10.75,10.53,10.56,71627800.0,775861308.0,7469482864.0,0.009589392104400978
2025-12-19,10.53,10.66,10.5,10.55,47117124.0,509716220.0,7469482864.0,0.0063079499421688475
2025-12-22,10.52,10.59,10.46,10.47,48228308.0,517948688.0,7469482864.0,0.006456713118981995
2025-12-23,10.48,10.62,10.44,10.49,50877400.0,547514219.0,7469482864.0,0.006811368461022819
2025-12-24,10.44,10.55,10.44,10.51,48732088.0,522481765.0,7469482864.0,0.006524158216477033
2025-12-25,10.5,10.63,10.47,10.59,50988299.0,551833950.0,7469482864.0,0.0068262154058540995
2025-12-26,10.59,10.9,10.59,10.72,103703724.0,1141817500.0,7469482864.0,0.013883655118858574
2025-12-29,10.75,10.87,10.65,10.7,57932403.0,635870585.0,7469482864.0,0.007755878693987188
2025-12-30,10.64,10.72,10.57,10.62,49617539.0,539191805.0,7469482864.0,0.006642700693395687
2025-12-31,10.62,10.81,10.61,10.66,58953976.0,645604656.0,7469482864.0,0.007892644922466482
2026-01-05,10.65,10.94,10.63,10.89,97056721.0,1075112634.0,7469482864.0,0.012993767141200045
2026-01-06,10.86,11.2,10.86,11.18,148100643.0,1679749095.0,7469482864.0,0.019827429247316095
2026-01-07,11.17,11.17,10.95,11.04,85406385.0,965513663.0,7469482864.0,0.011434042564261782
2026-01-08,10.99,10.99,10.67,10.7,137794179.0,1513606628.0,7469482864.0,0.01844761966910913
2026-01-09,10.66,10.76,10.56,10.67,106971926.0,1164161375.0,7469482864.0,0.014321195716983709
2026-01-12,10.67,10.78,10.58,10.75,97743502.0,1067320931.0,7469482864.0,0.013085712060614749
2026-01-13,10.78,10.98,10.73,10.77,118616183.0,1316390967.0,7469482864.0,0.015880106449093528
2026-01-14,10.75,10.96,10.61,10.7,125939941.0,1390959473.0,7469482864.0,0.016860597084569467
2026-01-15,10.64,10.7,10.4,10.43,99896393.0,1073274795.0,7469482864.0,0.013373936967104072
2026-01-16,10.49,10.53,10.28,10.29,85473680.0,905197897.0,7469482864.0,0.011443051889435327
2026-01-19,10.28,10.33,10.22,10.28,59005523.0,619969567.0,7469482864.0,0.007899545935687684
2026-01-20,10.28,10.37,10.24,10.33,53458677.0,563494944.0,7469482864.0,0.007156944861290199
2026-01-21,10.31,10.33,10.16,10.19,78634422.0,822952760.0,7469482864.0,0.010527425182135073
2026-01-22,10.21,10.35,10.2,10.23,52959101.0,555768845.0,7469482864.0,0.007090062587229734
2026-01-23,10.27,10.32,10.17,10.22,72363411.0,757074238.0,7469482864.0,0.009687874290302408
2026-01-26,10.21,10.41,10.18,10.24,112592913.0,1185167166.0,7469482864.0,0.015073722645868032
2026-01-27,10.22,10.23,10.08,10.16,74500470.0,774079928.0,7469482864.0,0.009973979639080942
2026-01-28,10.16,10.35,10.05,10.08,118585830.0,1233985803.0,7469482864.0,0.015876042847830542
2026-01-29,10.07,10.21,9.95,10.2,146958566.0,1509399494.0,7469482864.0,0.01967453017507853
2026-01-30,10.16,10.19,10.0,10.01,76400767.0,786277580.0,7469482864.0,0.010228387746656728
2026-02-02,10.0,10.11,9.89,9.91,89801382.0,918437382.0,7469482864.0,0.012022436309855895
2026-02-03,9.95,9.98,9.84,9.93,82904672.0,839161894.0,7469482864.0,0.011099118039291348
2026-02-04,9.92,10.09,9.87,10.05,71650201.0,732371338.0,7469482864.0,0.009592391107197807
2026-02-05,10.05,10.19,9.99,10.11,64046984.0,660943965.0,7469482864.0,0.008574487038276978
2026-02-06,10.04,10.24,10.03,10.12,66687387.0,691658921.0,7469482864.0,0.008927979113709097
2026-02-09,10.18,10.21,10.11,10.18,49752484.0,516789939.0,7469482864.0,0.006660766870460016
2026-02-10,10.18,10.19,10.14,10.15,30522248.0,317106335.0,7469482864.0,0.00408625985971604
2026-02-11,10.14,10.16,10.09,10.13,30719174.0,318101991.0,7469482864.0,0.004112623933854171
2026-02-12,10.12,10.13,10.03,10.04,41519404.0,426944701.0,7469482864.0,0.0055585379544958015
2026-02-13,10.05,10.1,9.94,9.96,44596847.0,456714240.0,7469482864.0,0.0059705401045819975
2026-02-24,10.04,10.05,9.96,9.98,29212570.0,298447756.0,7469482864.0,0.003910922687940448
2026-02-25,9.99,10.14,9.93,9.96,112985811.0,1156291662.0,7469482864.0,0.015126323074459094
2026-02-26,9.97,9.99,9.88,9.9,59466603.0,602604033.0,7469482864.0,0.00796127443930635
2026-02-27,9.88,9.96,9.87,9.89,52770575.0,534288776.0,7469482864.0,0.007064823088936134
2026-03-02,9.79,9.82,9.65,9.7,75004487.0,746347086.0,7469482864.0,0.010041456465680165
2026-03-03,9.73,9.83,9.63,9.65,66862147.0,664691106.0,7469482864.0,0.00895137564639843
2026-03-04,9.57,9.62,9.45,9.51,56735066.0,553281652.0,7469482864.0,0.007595581519229522
2026-03-05,9.59,9.62,9.55,9.56,30696507.0,300724993.0,7469482864.0,0.004109589319488932
2026-03-06,9.55,9.69,9.53,9.65,32661520.0,321404083.0,7469482864.0,0.004372661480678376
2026-03-09,9.51,9.62,9.46,9.52,46262259.0,450359735.0,7469482864.0,0.006193502260105058
2026-03-10,9.57,9.62,9.55,9.6,35615405.0,348939863.0,7469482864.0,0.004768121923359968
2026-03-11,9.59,9.6,9.54,9.59,41266050.0,403725737.0,7469482864.0,0.00552461940824395
2026-03-12,9.56,9.61,9.55,9.59,32517985.0,318551368.0,7469482864.0,0.004353445290934936
2026-03-13,9.58,9.65,9.54,9.55,39389146.0,386021680.0,7469482864.0,0.005273343110517108
2026-03-16,9.56,9.57,9.47,9.5,44069430.0,428108478.0,7469482864.0,0.005899930530987293
2026-03-17,9.51,9.73,9.51,9.6,72044196.0,709887754.0,7469482864.0,0.009645138400039041
2026-03-18,9.57,9.6,9.43,9.51,61765202.0,599818108.0,7469482864.0,0.008269006452599849
2026-03-19,9.45,9.47,9.37,9.39,41852241.0,402980689.0,7469482864.0,0.005603097531920384
2026-03-20,9.42,9.44,9.22,9.24,44653763.0,425429842.0,7469482864.0,0.005978159909197162
2026-03-23,9.06,9.13,8.79,8.83,69883409.0,638894997.0,7469482864.0,0.009355856392255859
2026-03-24,8.95,8.97,8.82,8.93,36699587.0,334283260.0,7469482864.0,0.004913270124345251
2026-03-25,8.94,9.06,8.92,9.0,44878688.0,412581793.0,7469482864.0,0.006008272435605657
2026-03-26,8.98,9.0,8.8,8.82,36077512.0,327646360.0,7469482864.0,0.004829987919763437
2026-03-27,8.78,8.93,8.76,8.91,31268666.0,283776330.0,7469482864.0,0.004186188865992691
2026-03-30,8.85,8.93,8.77,8.9,33894467.0,307051248.0,7469482864.0,0.004537726053748398
2026-03-31,8.9,8.99,8.83,8.84,30967489.0,282110382.0,7469482864.0,0.00414586786847738
2026-04-01,8.95,8.98,8.88,8.96,37480460.0,342398820.0,7469482864.0,0.005017811899755635
2026-04-02,8.93,8.93,8.79,8.82,34118387.0,308685258.0,7469482864.0,0.004567704032689779
2026-04-03,8.84,8.86,8.67,8.67,36333985.0,324945452.0,7469482864.0,0.00486432403173661
2026-04-07,8.68,8.73,8.66,8.73,23810362.0,211750558.0,7469482864.0,0.0031876854708050373
2026-04-08,8.9,9.06,8.86,9.05,61848039.0,567190540.0,7469482864.0,0.008280096510841932
2026-04-09,8.98,8.99,8.82,8.86,46880376.0,426545299.0,7469482864.0,0.006276254575259174
2026-04-10,8.95,9.24,8.95,9.07,96139990.0,898204554.0,7469482864.0,0.012871036958041275
2026-04-13,9.0,9.15,8.98,9.11,45095609.0,418954779.0,7469482864.0,0.006037313401888005
2026-04-14,9.15,9.2,9.04,9.14,43591846.0,405743255.0,7469482864.0,0.005835992503590273
2026-04-15,9.17,9.17,9.06,9.08,33464873.0,311699029.0,7469482864.0,0.004480212835253651
2026-04-16,9.12,9.16,9.07,9.08,50759167.0,472277770.0,7469482864.0,0.006795539654376802
2026-04-17,9.09,9.18,8.98,9.14,75747498.0,703958537.0,7469482864.0,0.010140929349349398
2026-05-07,9.68,9.68,9.15,9.33,306901603.0,2941241950.0,7469482864.0,0.0410873963549935
2026-05-08,9.23,9.24,9.09,9.12,143876604.0,1344924003.0,7469482864.0,0.01926192302996359
2026-05-11,9.08,9.49,9.02,9.34,163547853.0,1537776572.0,7469482864.0,0.021895472012960493
2026-05-12,9.27,9.78,9.22,9.65,225621069.0,2197155673.0,7469482864.0,0.03020571478748626
2026-05-13,9.53,9.81,9.42,9.76,180762106.0,1773963783.0,7469482864.0,0.0242000830969441
2026-05-14,9.74,9.92,9.64,9.67,143613855.0,1433985930.0,7469482864.0,0.019226746699180862
2026-05-15,9.64,9.72,9.39,9.41,91083628.0,886342599.0,7469482864.0,0.012194100938230628
2026-05-18,9.34,9.47,9.24,9.29,62738473.0,598635591.0,7469482864.0,0.008399306102216932
2026-05-19,9.28,9.74,9.25,9.68,125211817.0,1219743287.0,7469482864.0,0.016763117243828514
2026-05-20,9.64,9.68,9.54,9.55,57333054.0,562044147.0,7469482864.0,0.0076756390025771405
2026-05-21,9.6,9.83,9.44,9.44,105520993.0,1043026813.0,7469482864.0,0.01412694759747962
2026-05-22,9.44,9.51,9.28,9.37,69658558.0,666535393.0,7469482864.0,0.009325753772825043
2026-05-25,9.38,9.48,9.21,9.35,65424885.0,623458463.0,7469482864.0,0.00875895777408132
2026-05-26,9.29,9.53,9.27,9.39,79836931.0,767346921.0,7469482864.0,0.010688414774305585
2026-05-27,9.32,9.43,9.2,9.23,58727740.0,557368164.0,7469482864.0,0.007862356881899395
2026-05-28,9.21,9.25,8.98,9.03,65014466.0,602454042.0,7469482864.0,0.008704011667707871
2026-05-29,9.03,9.17,9.02,9.11,64841428.0,602067867.0,7469482864.0,0.008680845673066664
2026-06-01,9.1,9.12,8.95,9.1,41355467.0,383176529.0,7469482864.0,0.005536590384230915
2026-06-02,9.08,9.11,8.98,9.05,41815896.0,386583725.0,7469482864.0,0.005598231733221632
2026-06-03,9.02,9.07,8.94,8.96,59281695.0,545899628.0,7469482864.0,0.00793651931189436
2026-06-04,8.92,8.99,8.73,8.77,57091641.0,514981376.0,7469482864.0,0.007643319094439521
2026-06-05,8.79,8.87,8.76,8.78,33764095.0,304231057.0,7469482864.0,0.004520272101128955
2026-06-08,8.71,8.8,8.61,8.62,46178650.0,410250073.0,7469482864.0,0.006182308847987739
2026-06-09,8.62,8.68,8.57,8.63,32697897.0,288064674.0,7469482864.0,0.0043775315634755835
2026-06-10,8.59,8.7,8.57,8.68,43775453.0,386690232.0,7469482864.0,0.0058605734556244375
2026-06-11,8.66,8.72,8.6,8.63,31939405.0,282203336.0,7469482864.0,0.004275986113300494
2026-06-12,8.68,9.09,8.62,9.04,108004007.0,986760628.0,7469482864.0,0.014459368736293282
2026-06-15,9.05,9.42,9.04,9.25,105931892.0,1001875522.0,7469482864.0,0.014181957965329901
2026-06-16,9.17,9.38,9.15,9.32,72501537.0,688724618.0,7469482864.0,0.009706366333528817
2026-06-17,9.32,9.37,9.21,9.26,43672232.0,414018589.0,7469482864.0,0.00584675442666629
2026-06-18,9.23,9.24,8.96,9.01,54976794.0,510142379.0,7469482864.0,0.0073601874455013145
2026-06-22,8.97,9.58,8.96,9.55,152555009.0,1457666237.0,7469482864.0,0.020423771200447593
2026-06-23,9.54,9.71,9.43,9.54,129378693.0,1269356257.0,7469482864.0,0.017320970588680904
2026-06-24,9.49,9.62,9.35,9.39,74297833.0,716786189.0,7469482864.0,0.009946850987246606
2026-06-25,9.35,9.65,9.25,9.55,115906125.0,1125086082.0,7469482864.0,0.015517289096226782
2026-06-26,9.49,9.61,9.17,9.18,94312660.0,905304204.0,7469482864.0,0.012626397532090248
2026-06-29,9.19,9.4,9.14,9.27,66910899.0,633166523.0,7469482864.0,0.008957902470395171
2026-06-30,9.23,9.39,9.17,9.23,58410648.0,552338462.0,7469482864.0,0.007819905214792927
2026-07-01,9.23,9.6,9.2,9.55,110569251.0,1070557594.0,7469482864.0,0.01480279866935645
2026-07-02,9.53,9.55,9.28,9.34,82345781.0,790720056.0,7469482864.0,0.011024294787109642
2026-07-03,9.37,9.42,9.27,9.35,58381829.0,556926889.0,7469482864.0,0.007816046982499644
2026-07-06,9.47,9.48,9.3,9.36,59845618.0,573099322.0,7469482864.0,0.008012016238558172
2026-07-07,9.35,9.37,9.15,9.17,55491403.0,523469137.0,7469482864.0,0.007429082308689262
2026-07-08,9.17,9.21,9.01,9.01,49630037.0,460634389.0,7469482864.0,0.006644373901598658
2026-07-09,9.01,9.08,8.95,9.07,48119147.0,443573204.0,7469482864.0,0.006442098854248071
2026-07-10,9.04,9.05,8.9,8.92,70071932.0,640816396.0,7469482864.0,0.009381095488915229
2026-07-13,8.87,8.92,8.8,8.83,45841110.0,414195368.0,7469482864.0,0.006137119641968296
2026-07-14,8.82,8.92,8.76,8.92,43399127.0,392823634.0,7469482864.0,0.005810191654520944
2026-07-15,8.9,9.15,8.87,9.09,62410372.0,575510128.0,7469482864.0,0.008355380571363742
2026-07-16,9.03,9.12,8.92,9.0,52648327.0,483666919.0,7469482864.0,0.007048456761812045
2026-07-17,8.97,9.06,8.86,8.93,54480597.0,499815794.0,7469482864.0,0.00729375754546212
2026-07-20,8.95,9.11,8.94,9.09,57926674.0,523373385.0,7469482864.0,0.007755111706485602
2026-07-21,9.03,9.2,9.03,9.12,55091439.0,501805266.0,7469482864.0,0.007375535897608025
2026-07-22,9.05,9.08,8.92,8.99,60480681.0,543236210.0,7469482864.0,0.008097037251600554
2026-07-23,8.98,9.13,8.97,9.12,56268520.0,508940009.0,7469482864.0,0.007533121238043448
2026-07-24,9.09,9.12,8.84,8.86,64908843.0,580569772.0,7469482864.0,0.008689871063609418
2026-07-27,8.95,9.09,8.91,9.08,56655921.0,511086098.0,7469482864.0,0.007584985738846726
2026-07-28,9.2,9.23,9.0,9.05,80202637.0,729253174.0,7469482864.0,0.010737374790234207
2026-07-29,9.08,9.28,9.04,9.23,97137068.0,889800086.0,7469482864.0,0.013004523843031069
2026-07-30,9.15,9.28,9.12,9.2,86321276.0,795057784.0,7469482864.0,0.011556526411759367
2026-07-31,9.2,9.26,9.16,9.19,76789382.0,706330345.0,7469482864.0,0.010280414775445156
2026-08-03,9.13,9.24,9.11,9.24,47145880.0,433336534.0,7469482864.0,0.0063117997401432955
2026-08-04,9.22,9.28,9.19,9.22,40542955.0,373726601.0,7469482864.0,0.005427812840350871
2026-08-05,9.23,9.26,9.19,9.22,50324748.0,464202336.0,7469482864.0,0.0067373804741618325
2026-08-06,9.19,9.21,9.08,9.1,50281768.0,458924722.0,7469482864.0,0.006731626394423977
2026-08-07,9.11,9.12,9.0,9.08,58716397.0,531479799.0,7469482864.0,0.007860838302875046
2026-08-10,9.12,9.23,9.1,9.19,54824886.0,503331257.0,7469482864.0,0.007339850294621413
2026-08-11,9.16,9.22,9.12,9.15,44463393.0,407486034.0,7469482864.0,0.005952673539730073
2026-08-12,9.12,9.17,9.11,9.16,36185620.0,330806135.0,7469482864.0,0.004844461210882564
2026-08-13,9.15,9.28,9.14,9.18,61256214.0,564581090.0,7469482864.0,0.0082008641180812
