date,open,high,low,close,volume,amount,outstanding_share,turnover
2022-01-05,50.87,51.34,46.63,46.73,255365409.0,15259495685.0,470385000.0,0.5428859529959501
2022-01-06,46.73,47.9,46.49,46.83,116157682.0,6731421684.0,470385000.0,0.24694172220627783
2022-01-07,46.67,46.88,46.5,46.52,63881165.0,3687982659.0,470385000.0,0.13580612689605323
2022-01-10,46.59,48.03,46.57,47.48,75326858.0,4402100218.0,470385000.0,0.1601387331653858
2022-01-11,47.31,47.73,46.77,46.9,34700578.0,2030028651.0,470385000.0,0.0737705879226591
2022-01-12,47.06,47.06,46.67,46.92,25617132.0,1484862940.0,470385000.0,0.054459925380273604
2022-01-13,46.84,46.84,46.65,46.68,24645018.0,1426048442.0,470385000.0,0.052393290602378906
2022-01-14,46.6,46.67,46.52,46.55,24019049.0,1385033375.0,470385000.0,0.05106253175590208
2022-01-17,46.55,46.6,46.5,46.51,26815585.0,1544964783.0,470385000.0,0.05700773834199645
2022-01-18,46.51,46.61,46.5,46.52,20774021.0,1196931883.0,470385000.0,0.044163867895447344
2022-01-19,46.51,46.52,46.49,46.49,37308915.0,2148398656.0,470385000.0,0.07931569884243758
2022-01-20,46.5,46.6,46.49,46.53,23180332.0,1335238843.0,470385000.0,0.04927948807891408
2022-01-21,46.52,46.52,46.49,46.49,19184425.0,1104712930.0,470385000.0,0.040784516938252705
2022-01-24,46.57,47.42,46.54,46.98,29709778.0,1724572861.0,470385000.0,0.06316055571499941
2022-01-25,46.75,46.85,46.5,46.5,18436817.0,1063494095.0,470385000.0,0.03919516353625222
2022-01-26,46.5,46.83,46.49,46.53,18821205.0,1086086079.0,470385000.0,0.040012340954749835
2022-01-27,46.51,46.56,46.49,46.49,33978377.0,1956625176.0,470385000.0,0.0722352477226102
2022-01-28,46.5,46.52,46.49,46.49,29008049.0,1670419330.0,470385000.0,0.061668737310926154
2022-02-07,46.59,47.16,46.59,46.95,24754931.0,1437546474.0,400597866.99999994,0.06179496457478643
2022-02-08,47.01,50.46,47.01,49.49,39345289.0,2383895933.0,400597866.99999994,0.09821642160665825
2022-02-09,49.09,54.44,49.01,54.44,51244290.0,3334124379.0,400597866.99999994,0.12791952783912353
2022-02-10,54.9,55.23,52.05,53.29,42181436.0,2792374407.0,400597866.99999994,0.10529620718125293
2022-02-11,52.89,54.48,52.4,53.78,27567357.0,1823478191.0,400597866.99999994,0.06881553615461464
2022-02-14,53.68,54.59,51.51,51.68,22758754.0,1488716256.0,400597866.99999994,0.05681196999483775
2022-02-15,51.62,52.2,50.46,50.79,15999425.0,1014408908.0,400597866.99999994,0.039938867173249334
2022-02-16,51.09,51.96,50.67,51.27,15860582.0,1006268766.0,400597866.99999994,0.039592277709257
2022-02-17,51.35,52.13,49.61,49.96,18282727.0,1145192284.0,400597866.99999994,0.0456386029634052
2022-02-18,49.63,50.91,49.49,50.71,12345353.0,769923003.0,400597866.99999994,0.03081732085208532
2022-02-21,50.85,51.76,50.61,51.3,14266367.0,904737562.0,400597866.99999994,0.035612688372102595
2022-02-22,50.71,51.46,49.65,50.3,13392042.0,836344412.0,400597866.99999994,0.033430138059122524
2022-02-23,50.14,51.5,50.14,50.94,9221475.0,582529011.0,400597866.99999994,0.0230192813283252
2022-02-24,50.71,50.87,49.2,49.83,9444993.0,585586572.0,400597866.99999994,0.023577242362101746
2022-02-25,50.22,50.33,49.2,49.3,9555678.0,585932194.0,400597866.99999994,0.023853541886182838
2022-02-28,49.24,49.4,47.82,48.88,8002998.0,483160722.0,400597866.99999994,0.019977635078121874
2022-03-01,48.88,48.97,48.36,48.74,7004310.0,422036803.0,400597866.99999994,0.017484641274937197
2022-03-02,48.45,49.21,48.41,48.83,5147246.0,311265059.0,400597866.99999994,0.012848910151586006
2022-03-03,48.76,50.83,48.63,50.1,13645859.0,845440142.0,400597866.99999994,0.03406373354454232
2022-03-04,49.61,51.03,49.33,49.83,7769847.0,482899212.0,400597866.99999994,0.01939562748595464
2022-03-07,49.66,50.0,48.99,49.64,8606539.0,527895399.0,400597866.99999994,0.021484235711120254
2022-03-08,49.63,49.95,48.33,49.29,8105448.0,495002923.0,400597866.99999994,0.02023337782774565
2022-03-09,49.17,49.58,47.4,48.64,8524172.0,513019428.0,400597866.99999994,0.021278625529975677
2022-03-10,49.03,49.37,48.29,48.34,7170705.0,433033664.0,400597866.99999994,0.017900007939882518
2022-03-11,47.86,48.73,47.27,48.53,8064343.0,478591842.0,400597866.99999994,0.020130768694282642
2022-03-14,48.12,51.11,48.01,48.9,12222221.0,750411512.0,400597866.99999994,0.030509950268906454
2022-03-15,48.84,48.84,47.64,47.74,10037219.0,599339608.0,400597866.99999994,0.025055597712406195
2022-03-16,48.19,49.95,47.94,49.42,10366099.0,625681072.0,400597866.99999994,0.025876570630866593
2022-03-17,49.99,50.22,48.78,49.28,7845907.0,478480354.0,400597866.99999994,0.01958549369909651
2022-03-18,49.11,49.93,48.88,49.88,5397223.0,331340976.0,400597866.99999994,0.013472919964399114
2022-03-21,49.72,51.55,49.52,50.63,7168380.0,449238818.0,400597866.99999994,0.017894204114671436
2022-03-22,50.3,52.1,50.3,51.88,7983522.0,507305508.0,400597866.99999994,0.019929017744869822
2022-03-23,51.74,52.85,51.35,52.12,7587236.0,491168888.0,400597866.99999994,0.01893978132439732
2022-03-24,52.5,56.21,52.2,53.89,16528877.0,1110230501.0,400597866.99999994,0.04126052173912349
2022-03-25,53.89,54.9,52.64,53.29,8753122.0,581316250.0,400597866.99999994,0.021850146296460437
2022-03-28,52.32,55.27,52.0,55.07,9825730.0,656602267.0,400597866.99999994,0.024527664297323882
2022-03-29,55.07,55.86,54.46,54.9,7834188.0,535917007.0,400597866.99999994,0.01955623992376375
2022-03-30,54.81,55.76,54.01,54.39,8149139.0,550487792.0,400597866.99999994,0.02034244231260473
2022-03-31,54.1,54.54,53.26,53.98,6023685.0,401503278.0,400597866.99999994,0.015036737577037575
2022-04-01,53.84,55.45,53.66,55.21,5782059.0,393442113.0,400597866.99999994,0.014433574105875108
2022-04-06,54.89,55.11,53.19,54.4,7060501.0,472502582.0,400597866.99999994,0.01762490912114617
2022-04-07,53.88,55.07,53.77,54.4,5363226.0,361754941.0,400597866.99999994,0.01338805431033411
2022-04-08,54.18,56.26,53.92,56.16,10997508.0,756037148.0,400597866.99999994,0.02745273728579289
2022-04-11,55.86,57.16,54.91,55.6,10513754.0,730170876.0,400597866.99999994,0.026245157216476148
2022-04-12,55.4,56.03,54.7,55.67,6121275.0,420727233.0,400597866.99999994,0.01528034845976851
2022-04-13,55.47,57.55,55.13,56.69,7342799.0,514255426.0,400597866.99999994,0.018329600841334486
2022-04-14,56.69,57.32,52.39,54.62,20509546.0,1374994506.0,400597866.99999994,0.05119734199683096
2022-04-15,53.54,53.76,52.16,52.23,11801229.0,772750535.0,400597866.99999994,0.0294590410287931
2022-04-18,52.16,53.51,52.0,52.99,6006490.0,394331957.0,400597866.99999994,0.014993814233164654
2022-04-19,52.75,53.68,52.75,53.31,3334659.0,220083045.0,400597866.99999994,0.008324205580455575
2022-04-20,53.29,53.85,53.13,53.31,6679602.0,442051298.0,400597866.99999994,0.01667408279036094
2022-04-21,53.13,53.53,51.61,52.12,5595841.0,363118129.0,400597866.99999994,0.013968723902366661
2022-04-22,51.67,53.54,51.0,53.13,5925242.0,384955859.0,400597866.99999994,0.014790997376928123
2022-04-25,52.48,54.1,52.39,53.14,8866139.0,588904215.0,400597866.99999994,0.022132267119634966
2022-04-26,52.88,53.14,51.58,51.74,6193213.0,401071402.0,400597866.99999994,0.015459925052471638
2022-04-27,51.51,52.1,50.22,51.67,8408818.0,534108189.0,400597866.99999994,0.020990670926363173
2022-04-28,51.67,52.48,51.43,52.3,4216271.0,272157760.0,400597866.99999994,0.010524946204968187
2022-04-29,51.91,53.63,51.85,52.45,6107038.0,397439367.0,400597866.99999994,0.01524480907932543
2022-05-05,52.45,52.72,51.87,52.13,3846098.0,248840297.0,400597866.99999994,0.009600894854490078
2022-05-06,51.49,52.08,51.09,51.67,4188714.0,268183172.0,400597866.99999994,0.010456156522670653
2022-05-09,51.54,52.4,51.37,52.19,3673789.0,236766875.0,400597866.99999994,0.00917076525522289
2022-05-10,51.59,51.99,51.17,51.39,4219532.0,268941187.0,400597866.99999994,0.01053308653787715
2022-05-11,51.24,51.35,50.06,50.46,9865138.0,617032040.0,400597866.99999994,0.02462603726245003
2022-05-12,50.2,51.11,50.08,51.0,5523786.0,346957271.0,400597866.99999994,0.0137888552462013
2022-05-13,50.88,52.22,50.88,51.98,5084914.0,325931626.0,400597866.99999994,0.012693312718013052
2022-05-16,52.0,52.7,51.74,52.54,3604467.0,233654481.0,400597866.99999994,0.008997718901983072
2022-05-17,52.44,53.13,52.29,52.55,3104868.0,202016630.0,400597866.99999994,0.007750585451819194
2022-05-18,52.55,53.76,52.41,53.6,4295217.0,282699910.0,400597866.99999994,0.010722016650178521
2022-05-19,53.09,53.64,52.06,52.28,5322458.0,348591763.0,400597866.99999994,0.013286286419493094
2022-05-20,52.32,53.34,52.3,53.29,3972097.0,260784786.0,400597866.99999994,0.009915422240628158
2022-05-23,53.19,53.82,52.81,53.68,3639918.0,240601171.0,400597866.99999994,0.009086214131040295
2022-05-24,53.7,54.22,53.25,53.28,3186561.0,212020941.0,400597866.99999994,0.007954513147719782
2022-05-25,53.28,54.7,53.19,54.39,4202738.0,282751085.0,400597866.99999994,0.010491164197836331
2022-05-26,54.4,54.75,54.1,54.42,2402005.0,161849801.0,400597866.99999994,0.005996050398341238
2022-05-27,54.34,54.36,53.94,54.09,2268551.0,152047921.0,400597866.99999994,0.005662913327494078
2022-05-30,54.1,54.52,53.48,54.0,2627026.0,175242533.0,400597866.99999994,0.006557763324286498
2022-05-31,53.91,54.26,53.21,53.5,4678089.0,310783884.0,400597866.99999994,0.01167776811951922
2022-06-01,53.89,53.89,52.78,53.19,3796505.0,242031531.0,400597866.99999994,0.009477097390536033
2022-06-02,53.05,53.49,52.79,53.14,3160183.0,201376771.0,400597866.99999994,0.00788866656646477
2022-06-06,52.88,53.17,52.53,52.96,5256040.0,332779512.0,400597866.99999994,0.013120489231162083
2022-06-07,52.96,53.78,52.59,53.58,5764133.0,368578999.0,400597866.99999994,0.014388825989430445
2022-06-08,53.59,54.29,53.19,54.2,3795029.0,244700939.0,400597866.99999994,0.009473412897627835
2022-06-09,54.04,55.2,53.94,54.8,5496809.0,361656189.0,400597866.99999994,0.013721513399870402
2022-06-10,54.58,55.58,54.51,54.61,6748344.0,443544421.0,400597866.99999994,0.016845681307634124
2022-06-13,54.59,54.91,53.54,53.72,3563958.0,230239218.0,400597866.99999994,0.008896597544789225
2022-06-14,53.28,53.65,53.1,53.52,4509513.0,288644990.0,400597866.99999994,0.011256957092085566
2022-06-15,53.59,53.76,53.03,53.08,5940677.0,380567290.0,400597866.99999994,0.014829527287522978
2022-06-16,53.05,53.19,52.14,52.9,5646216.0,356007007.0,400597866.99999994,0.014094473448606757
2022-06-17,52.49,52.89,52.19,52.36,6019731.0,378562191.0,400597866.99999994,0.015026867329775375
2022-06-20,52.32,52.4,51.96,52.15,5397141.0,337351723.0,400597866.99999994,0.013472715270348658
2022-06-21,52.2,52.93,52.11,52.69,5603808.0,352987670.0,400597866.99999994,0.013988611676756633
2022-06-22,52.62,52.64,50.86,51.15,10324315.0,635379237.0,400597866.99999994,0.025772266530815057
2022-06-23,50.91,51.36,50.63,50.83,6161437.0,375718050.0,400597866.99999994,0.015380603611651285
2022-06-24,50.8,50.93,49.86,50.48,13605739.0,818049819.0,400597866.99999994,0.03396358323595368
2022-06-27,50.39,50.53,49.88,50.29,11008864.0,661751573.0,400597866.99999994,0.027481084915512047
2022-06-28,50.23,50.39,49.93,50.11,12502835.0,750612820.0,400597866.99999994,0.03121043827225371
2022-06-29,50.03,51.1,49.93,50.86,11050291.0,670420546.0,400597866.99999994,0.027584497847563432
2022-06-30,50.58,50.63,50.03,50.44,9054543.0,545191415.0,400597866.99999994,0.022602574166976284
2022-07-01,50.38,50.76,50.19,50.73,6630988.0,401389970.0,400597866.99999994,0.01655272917366782
2022-07-04,50.73,50.83,50.19,50.29,5350630.0,323208588.0,400597866.99999994,0.013356611307169045
2022-07-05,49.86,49.86,48.02,48.71,42555252.0,2478887815.0,480754867.0,0.08851756876753575
2022-07-06,48.44,49.34,48.28,49.11,17580040.0,1028573216.0,480754867.0,0.03656757571629535
2022-07-07,48.98,49.36,48.54,49.13,9127399.0,536696360.0,480754867.0,0.01898555714465601
2022-07-08,49.03,49.56,48.68,49.13,7755932.0,456526752.0,480754867.0,0.01613282055447189
2022-07-11,49.13,49.83,48.83,49.68,6934544.0,411873717.0,480754867.0,0.014424282469094588
2022-07-12,49.61,50.22,49.42,49.68,7315811.0,436279675.0,480754867.0,0.015217341523034441
2022-07-13,49.67,51.36,49.61,50.61,9027694.0,546101646.0,480754867.0,0.018778164548462074
2022-07-14,50.62,50.94,50.03,50.16,5324933.0,321799363.0,480754867.0,0.01107619155938779
2022-07-15,50.26,50.26,48.93,49.02,7982286.0,472811173.0,480754867.0,0.01660365094130186
2022-07-18,49.02,49.68,48.29,49.6,6635858.0,390908780.0,480754867.0,0.013802997027173101
2022-07-19,49.46,49.69,49.36,49.59,3776772.0,224524046.0,480754867.0,0.007855920468507705
2022-07-20,49.59,50.73,49.51,50.33,6592509.0,397868963.0,480754867.0,0.013712828413237885
2022-07-21,50.28,50.73,49.79,50.4,5775311.0,348738982.0,480754867.0,0.012013005788249254
2022-07-22,50.32,50.86,50.09,50.51,4343815.0,262730420.0,480754867.0,0.009035405147546848
2022-07-25,50.38,50.58,49.88,50.48,3797669.0,229216646.0,480754867.0,0.007899387527157369
2022-07-26,50.4,50.65,49.79,50.43,5817763.0,350270872.0,480754867.0,0.012101308586440165
2022-07-27,50.32,50.48,49.49,49.5,5459808.0,326272059.0,480754867.0,0.011356739941230798
2022-07-28,49.63,49.71,49.11,49.11,6446095.0,381407694.0,480754867.0,0.01340827819430063
2022-07-29,49.03,49.24,48.52,48.52,4474286.0,262425669.0,480754867.0,0.009306792935702095
2022-08-01,48.55,49.18,48.29,49.11,7562368.0,441050135.0,480754867.0,0.015730195405385256
2022-08-02,48.75,49.09,48.04,49.03,8017047.0,466339479.0,480754867.0,0.016675955981533517
2022-08-03,48.82,49.0,48.41,48.45,4167941.0,243558047.0,480754867.0,0.008669576297810002
2022-08-04,48.61,50.43,48.4,50.4,11038226.0,657023073.0,480754867.0,0.02296019605351182
2022-08-05,50.34,51.48,50.16,50.98,8838444.0,540318228.0,480754867.0,0.018384512787470126
2022-08-08,50.78,51.43,49.48,49.94,7408341.0,445973875.0,480754867.0,0.01540980967333608
2022-08-09,50.02,51.03,49.86,50.69,6227673.0,377714300.0,480754867.0,0.012953946860406927
2022-08-10,50.5,51.11,50.23,50.66,3984923.0,241635390.0,480754867.0,0.008288887484107364
2022-08-11,50.68,51.24,50.68,51.15,5474640.0,335180539.0,480754867.0,0.011387591422969412
2022-08-12,51.72,53.26,51.67,52.67,15021133.0,949053779.0,480754867.0,0.031244890132334325
2022-08-15,52.66,53.35,52.39,52.68,8084989.0,511685590.0,480754867.0,0.016817279563807307
2022-08-16,52.53,52.94,51.78,51.83,4772651.0,298457615.0,480754867.0,0.009927410677674949
2022-08-17,51.84,52.09,51.4,51.9,3771886.0,234247410.0,480754867.0,0.007845757284865928
2022-08-18,51.69,52.63,51.52,52.28,4341554.0,271894502.0,480754867.0,0.009030702127036397
2022-08-19,51.94,53.49,51.94,53.04,6465901.0,411344244.0,480754867.0,0.013449475905149806
2022-08-22,53.04,54.78,52.78,54.36,9397839.0,609430802.0,480754867.0,0.019548089151222258
2022-08-23,54.2,54.34,53.61,54.13,5282566.0,342694449.0,480754867.0,0.010988065566479226
2022-08-24,54.09,54.44,53.03,53.54,5582933.0,358974539.0,480754867.0,0.011612847592866907
2022-08-25,53.41,54.94,53.41,54.41,7002408.0,456656766.0,480754867.0,0.014565443806521047
2022-08-26,54.19,54.65,53.89,54.34,4947388.0,321703814.0,480754867.0,0.010290874496752625
2022-08-29,53.94,54.34,53.2,53.21,5485501.0,353359381.0,480754867.0,0.011410182977929166
2022-08-30,53.49,53.64,52.47,53.44,5028378.0,320374132.0,480754867.0,0.010459338729897872
2022-08-31,53.43,54.84,53.29,53.38,9841575.0,636923181.0,480754867.0,0.020471087607314854
2022-09-01,53.46,54.26,53.39,53.74,4443707.0,286728299.0,480754867.0,0.009243186715361947
2022-09-02,53.74,54.05,53.12,53.51,3613467.0,232112475.0,480754867.0,0.007516235919874733
2022-09-05,53.51,55.2,53.35,54.28,8243615.0,537600381.0,480754867.0,0.01714723150166257
2022-09-06,54.76,54.76,53.49,54.07,7477677.0,469803610.0,480754867.0,0.015554032862240373
2022-09-07,53.92,54.75,53.67,54.68,4676328.0,296023300.0,480754867.0,0.00972705285165631
2022-09-08,54.63,55.97,54.44,55.66,6565543.0,425061098.0,480754867.0,0.01365673745742859
2022-09-09,55.6,56.75,55.6,56.14,5644748.0,369481536.0,480754867.0,0.011741426634376642
2022-09-13,56.09,56.42,55.17,55.64,4800358.0,310654392.0,480754867.0,0.009985042959533886
2022-09-14,55.15,55.5,54.58,54.99,4274263.0,273466100.0,480754867.0,0.008890732665219175
2022-09-15,54.99,55.48,54.77,55.29,4643904.0,298128606.0,480754867.0,0.009659608916658144
2022-09-16,55.17,55.29,54.49,54.53,5982783.0,381934614.0,480754867.0,0.012444560441652274
2022-09-19,54.53,55.48,54.13,55.27,5878159.0,375513896.0,480754867.0,0.012226936019765766
2022-09-20,55.31,55.72,54.83,55.29,3894455.0,249834092.0,480754867.0,0.008100708421949267
2022-09-21,55.05,55.47,54.88,54.96,3234464.0,207839515.0,480754867.0,0.0067278861266317665
2022-09-22,54.76,55.78,53.71,55.41,6222081.0,396654401.0,480754867.0,0.01294231515289059
2022-09-23,55.2,59.16,55.14,58.74,14208603.0,956232787.0,480754867.0,0.029554777237439805
2022-09-26,58.36,58.53,56.39,56.84,11464658.0,764688721.0,480754867.0,0.023847201114242697
2022-09-27,56.92,58.92,56.78,58.54,9898948.0,668224035.0,480754867.0,0.020590427012775307
2022-09-28,57.97,59.49,57.56,57.61,9532239.0,651730633.0,480754867.0,0.019827649503546263
2022-09-29,57.54,58.38,57.3,57.97,4243001.0,285582369.0,480754867.0,0.00882570576243381
2022-09-30,57.55,59.22,57.11,58.68,4969520.0,337690115.0,480754867.0,0.010336910432151694
2022-10-10,58.59,62.06,58.46,61.09,13508961.0,961238155.0,480754867.0,0.028099478398000286
2022-10-11,60.95,61.7,59.84,60.93,6582936.0,464754470.0,480754867.0,0.013692915978321235
2022-10-12,60.45,62.26,60.45,61.08,6528262.0,465905382.0,480754867.0,0.013579190660590858
2022-10-13,60.55,61.43,60.08,60.61,7089132.0,501322737.0,480754867.0,0.01474583511600726
2022-10-14,60.61,61.03,58.72,59.13,10993038.0,764860210.0,480754867.0,0.022866202205291456
2022-10-17,58.98,60.52,58.82,59.49,7247399.0,502709785.0,480754867.0,0.015075040311552374
2022-10-18,59.15,60.31,58.65,59.2,7073090.0,487564963.0,480754867.0,0.014712466759072873
2022-10-19,58.65,60.41,58.49,60.28,7735290.0,536544053.0,480754867.0,0.01608988391166927
2022-10-20,59.77,61.4,58.79,59.37,8523095.0,595575245.0,480754867.0,0.017728567270022044
2022-10-21,57.54,59.58,56.68,58.27,9884161.0,672358693.0,480754867.0,0.020559669133833232
2022-10-24,58.39,59.05,57.31,57.7,7927420.0,536876102.0,480754867.0,0.016489526251639592
2022-10-25,57.73,58.26,56.1,57.1,7407573.0,491967388.0,480754867.0,0.015408212185608512
2022-10-26,57.1,57.97,56.51,56.92,6913842.0,461652363.0,480754867.0,0.014381221022563251
2022-10-27,57.04,59.12,56.73,58.44,8195235.0,555168271.0,480754867.0,0.01704659809507451
2022-10-28,58.22,58.73,57.42,57.52,5874102.0,396869947.0,480754867.0,0.012218497207642414
2022-10-31,57.22,58.31,56.66,57.71,6134719.0,410436166.0,480754867.0,0.012760596763755697
2022-11-01,57.34,60.33,57.34,59.6,8556691.0,591452657.0,480754867.0,0.017798449037854464
2022-11-02,59.43,60.26,58.29,59.18,9172297.0,631217058.0,480754867.0,0.01907894777485425
2022-11-03,59.18,59.18,57.45,57.66,8497799.0,573642679.0,480754867.0,0.017675950017995344
2022-11-04,57.54,59.04,57.36,58.27,8697797.0,589825569.0,480754867.0,0.018091958286924635
2022-11-07,58.06,58.26,56.6,56.8,9027918.0,601364993.0,480754867.0,0.018778630482382614
2022-11-08,56.81,57.36,56.57,57.2,6347905.0,421179152.0,480754867.0,0.013204036892256776
2022-11-09,57.18,57.25,56.69,56.91,4390751.0,290902829.0,480754867.0,0.009133034944397142
2022-11-10,56.76,57.06,56.62,56.65,4717389.0,311725645.0,480754867.0,0.009812462283403154
2022-11-11,57.23,57.6,56.55,57.25,7318837.0,487054909.0,480754867.0,0.01522363579108602
2022-11-14,57.25,57.28,55.47,55.73,9768568.0,638988446.0,480754867.0,0.02031922851027528
2022-11-15,55.4,56.41,55.4,56.01,7248852.0,472295505.0,480754867.0,0.015078062641849448
2022-11-16,56.02,56.51,55.82,56.03,4583067.0,299540359.0,480754867.0,0.00953306417592648
2022-11-17,56.08,56.57,55.4,55.67,6720349.0,437752865.0,480754867.0,0.013978743557888931
2022-11-18,55.8,57.42,55.63,56.9,9448004.0,624473889.0,480754867.0,0.019652435468739623
2022-11-21,56.72,57.99,56.69,56.81,7062190.0,472102033.0,480754867.0,0.014689794081689453
2022-11-22,56.69,61.07,56.59,60.2,24625650.0,1707641013.0,480754867.0,0.05122288236761626
2022-11-23,59.85,60.06,58.39,58.88,8507700.0,586749134.0,480754867.0,0.017696544713295643
2022-11-24,58.6,59.42,58.38,58.49,4996363.0,341846256.0,480754867.0,0.01039274554031712
2022-11-25,58.42,61.93,58.1,61.83,14556390.0,1032768139.0,480754867.0,0.030278195810756088
2022-11-28,61.4,62.17,61.0,62.09,8913597.0,640910687.0,480754867.0,0.018540835697873445
2022-11-29,61.96,62.17,60.63,61.1,9530607.0,680586066.0,480754867.0,0.019824254842125185
2022-11-30,61.13,65.26,60.71,63.38,15819291.0,1165370752.0,480754867.0,0.032905108374077056
2022-12-01,63.14,66.41,62.27,63.47,17857940.0,1331379263.0,480754867.0,0.037145624986465293
2022-12-02,62.49,63.37,61.84,62.21,8239610.0,600051457.0,480754867.0,0.017138900852770773
2022-12-05,62.42,66.81,62.42,66.63,16843820.0,1283889084.0,480754867.0,0.03503619236370622
2022-12-06,65.95,68.05,65.83,65.96,12718188.0,987777599.0,480754867.0,0.026454621415200358
2022-12-07,65.61,65.95,63.0,63.2,12728776.0,946659259.0,480754867.0,0.026476645113194454
2022-12-08,63.17,63.17,61.49,61.79,8685602.0,627684754.0,480754867.0,0.01806659192906309
2022-12-09,61.81,63.03,61.49,62.59,7522790.0,546115782.0,480754867.0,0.015647870705799843
2022-12-12,61.82,64.54,61.57,63.33,8789151.0,651741220.0,480754867.0,0.018281980284143438
2022-12-13,62.95,64.41,62.5,63.03,4992278.0,368506860.0,480754867.0,0.0103842484864537
2022-12-14,63.26,63.26,61.73,61.98,5337517.0,386303825.0,480754867.0,0.011102367061423842
2022-12-15,61.64,62.51,61.64,61.7,3681871.0,265897701.0,480754867.0,0.007658520490859638
2022-12-16,61.38,61.62,60.64,60.95,6744415.0,478778282.0,480754867.0,0.014028802333476949
2022-12-19,61.06,61.17,59.03,59.06,7608404.0,528630425.0,480754867.0,0.01582595314630481
2022-12-20,59.25,59.89,58.56,59.25,6241444.0,430528031.0,480754867.0,0.012982591396209412
2022-12-21,59.2,59.89,59.08,59.25,4384022.0,303078278.0,480754867.0,0.009119038206221633
2022-12-22,59.49,60.86,59.02,59.72,8233218.0,573949119.0,480754867.0,0.017125605095538222
2022-12-23,59.51,59.7,58.61,59.64,5061318.0,348756250.0,480754867.0,0.010527855976962996
2022-12-26,59.34,61.17,59.27,61.1,6813035.0,479774590.0,480754867.0,0.014171536197885231
2022-12-27,61.25,62.3,60.71,61.84,4782015.0,344930211.0,480754867.0,0.009946888379603237
2022-12-28,61.65,62.15,60.54,60.97,4141370.0,295214695.0,480754867.0,0.008614306966548088
2022-12-29,60.8,60.94,58.92,59.08,7649500.0,530679323.0,480754867.0,0.015911435380226737
2022-12-30,58.91,59.12,57.95,58.11,9531833.0,647201753.0,480754867.0,0.019826804998315285
2023-01-03,58.11,61.98,57.97,61.79,12678466.0,894439443.0,480754867.0,0.026371997186666028
2023-01-04,61.66,63.44,61.4,63.01,9235592.0,673027591.0,480754867.0,0.019210605308338978
2023-01-05,62.75,65.18,62.75,63.54,10953241.0,818494901.0,758622867.0,0.014438321696411505
2023-01-06,63.42,63.57,61.83,63.08,7900872.0,576384308.0,758622867.0,0.010414755926412115
2023-01-09,63.02,64.11,62.8,62.98,6321712.0,467310894.0,758622867.0,0.008333141900928225
2023-01-10,62.98,63.48,62.35,62.74,3319015.0,242831743.0,758622867.0,0.004375052670274966
2023-01-11,62.68,63.97,62.59,63.8,6012511.0,444337089.0,758622867.0,0.007925559934380412
2023-01-12,63.81,66.05,63.38,65.22,8970698.0,677952334.0,758622867.0,0.011824977060703339
2023-01-13,65.31,66.21,64.25,64.79,10225574.0,773008461.0,758622867.0,0.013479127040340058
2023-01-16,64.79,64.79,62.85,63.38,10275386.0,762049187.0,758622867.0,0.013544788124611067
2023-01-17,63.39,63.72,62.6,63.06,5730078.0,420600826.0,758622867.0,0.007553262957468958
2023-01-18,63.06,64.49,63.02,63.99,6051688.0,450284681.0,758622867.0,0.00797720219525099
2023-01-19,63.9,64.49,63.7,64.05,3425773.0,255667182.0,758622867.0,0.004515778720917464
2023-01-20,64.11,67.71,63.99,66.87,13139136.0,1018035730.0,758622867.0,0.017319720471858646
2023-01-30,67.82,68.01,64.84,64.92,11875337.0,906198922.0,758622867.0,0.01565380838961713
2023-01-31,64.59,65.52,64.52,65.4,5224703.0,396472087.0,758622867.0,0.006887088733116187
2023-02-01,65.26,67.15,65.01,66.17,10186554.0,786904863.0,758622867.0,0.01342769173342095
2023-02-02,66.14,67.05,65.7,65.79,5816252.0,448048941.0,758622867.0,0.007666855631442494
2023-02-03,65.44,67.03,64.96,66.82,6813433.0,524530273.0,758622867.0,0.008981317722393412
2023-02-06,66.34,68.01,66.34,67.28,7906539.0,621494840.0,758622867.0,0.010422226041335502
2023-02-07,67.21,67.35,65.52,65.95,6980003.0,536601816.0,758622867.0,0.009200886637655229
2023-02-08,65.96,66.45,65.2,65.51,3733852.0,285735192.0,758622867.0,0.004921881691710197
2023-02-09,65.26,66.06,65.09,65.87,5162166.0,394712998.0,758622867.0,0.006804653833351954
2023-02-10,65.69,66.04,65.04,65.35,6256341.0,476586777.0,758622867.0,0.008246971284613281
2023-02-13,65.36,65.76,65.17,65.44,5445031.0,414529089.0,758622867.0,0.007177520263174456
2023-02-14,65.48,65.95,64.17,64.63,6881437.0,519777879.0,758622867.0,0.009070959101474067
2023-02-15,63.98,65.51,63.55,65.26,11016542.0,830250123.0,758622867.0,0.014521763684194349
2023-02-16,64.94,70.42,64.9,66.81,21309683.0,1677357852.0,758622867.0,0.02808995605981384
2023-02-17,66.56,67.41,64.79,65.09,10356104.0,788954174.0,758622867.0,0.013651188819226563
2023-02-20,65.43,69.99,65.43,69.32,18530291.0,1482734685.0,758622867.0,0.024426222575228543
2023-02-21,69.39,69.52,67.58,68.7,13060248.0,1039316482.0,758622867.0,0.01721573204304689
2023-02-22,67.84,68.22,66.91,67.1,7791948.0,609395466.0,758622867.0,0.010271174702146172
2023-02-23,66.99,67.66,66.6,67.14,5485670.0,429484395.0,758622867.0,0.007231089700331957
2023-02-24,67.16,67.23,66.48,66.89,5521943.0,429433976.0,758622867.0,0.007278903972189386
2023-02-27,66.81,68.23,66.36,67.41,7844377.0,617939104.0,758622867.0,0.010340285458334332
2023-02-28,68.7,70.16,67.97,69.22,17739676.0,1425391756.0,758622867.0,0.023384051248220548
2023-03-01,69.15,73.81,68.77,72.66,25567788.0,2142188362.0,758622867.0,0.03370289654081835
2023-03-02,72.05,74.09,71.71,72.76,14879336.0,1264153062.0,758622867.0,0.01961361388807174
2023-03-03,72.6,76.41,72.19,74.63,17193423.0,1494223972.0,758622867.0,0.02266399254215995
2023-03-06,75.59,80.37,75.14,76.94,26026986.0,2342773356.0,758622867.0,0.034308201258056725
2023-03-07,76.77,78.15,73.15,74.16,28019604.0,2456666589.0,758622867.0,0.03693482653746582
2023-03-08,73.25,76.09,72.82,76.04,20081165.0,1739141625.0,758622867.0,0.0264705506168192
2023-03-09,75.17,80.27,73.56,77.81,26734693.0,2380884749.0,758622867.0,0.035241085080552945
2023-03-10,77.06,80.62,76.2,76.77,20963344.0,1906115818.0,758622867.0,0.02763341959740847
2023-03-13,77.5,84.45,77.5,84.45,34548575.0,3293703371.0,758622867.0,0.0455411726997151
2023-03-14,84.45,86.37,83.04,84.3,31987700.0,3144492521.0,758622867.0,0.04216548352476699
2023-03-15,84.3,85.42,81.58,85.21,26950883.0,2613770484.0,758622867.0,0.03552606198990308
2023-03-16,84.16,88.21,83.82,85.93,30073345.0,3009577451.0,758622867.0,0.03964202281289789
2023-03-17,85.17,86.95,84.24,86.82,27671591.0,2767071704.0,758622867.0,0.03647608344503014
2023-03-20,86.22,86.63,78.32,78.97,51813170.0,4961325236.0,758622867.0,0.06829898260897005
2023-03-21,78.33,79.61,77.38,78.66,29725289.0,2709400180.0,758622867.0,0.03918322303880671
2023-03-22,78.29,80.28,77.09,79.06,27238703.0,2508713391.0,758622867.0,0.03590545999188817
2023-03-23,78.52,80.66,77.48,79.93,32240540.0,2970655438.0,758622867.0,0.04249877165909369
2023-03-24,79.78,79.86,75.64,78.03,44503932.0,4004497046.0,758622867.0,0.058664105626017204
2023-03-27,77.21,77.42,74.49,75.53,35308484.0,3111932594.0,758622867.0,0.04654286805198557
2023-03-28,75.54,76.69,75.05,75.96,25509285.0,2259002105.0,758622867.0,0.03362577917124663
2023-03-29,75.4,76.76,73.9,76.26,22288996.0,1956984433.0,758622867.0,0.029380864945638397
2023-03-30,75.57,75.96,72.81,74.14,25943630.0,2244646052.0,758622867.0,0.034198323209785345
2023-03-31,74.19,77.95,74.19,77.26,25505487.0,2264737593.0,758622867.0,0.033620772731070336
2023-04-03,76.69,80.29,75.72,79.62,31470563.0,2854050813.0,758622867.0,0.041483804890368535
2023-04-04,79.0,85.27,78.71,83.46,36110611.0,3473444196.0,758622867.0,0.04760021424453054
2023-04-06,82.02,84.55,80.89,83.46,19496608.0,1884871178.0,758622867.0,0.025700000419312433
2023-04-07,83.03,84.92,82.26,82.89,14307820.0,1386517432.0,758622867.0,0.018860254050317205
2023-04-10,82.9,85.38,82.15,83.51,19096731.0,1869087794.0,758622867.0,0.025172891341278276
2023-04-11,83.54,83.54,79.86,81.23,17956868.0,1694135941.0,758622867.0,0.023670348971961585
2023-04-12,80.89,84.67,80.54,83.51,16586896.0,1608305487.0,758622867.0,0.021864481973227944
2023-04-13,83.13,84.43,81.37,81.67,15602637.0,1505747896.0,758622867.0,0.020567053378843115
2023-04-14,81.67,85.53,81.19,84.42,18435234.0,1806995747.0,758622867.0,0.024300920525771603
2023-04-17,84.41,88.45,83.47,88.29,26066336.0,2639747790.0,758622867.0,0.03436007156372733
2023-04-18,88.19,91.03,86.73,90.75,25030772.0,2592250878.0,758622867.0,0.032995013845265486
2023-04-19,89.74,90.13,86.54,87.32,19477417.0,1999540105.0,758622867.0,0.02567470326464599
2023-04-20,86.63,89.52,85.57,88.19,21582400.0,2200896176.0,758622867.0,0.028449445618938876
2023-04-21,87.28,90.6,85.78,86.98,22776117.0,2339167973.0,758622867.0,0.03002297714814336
2023-04-24,86.13,88.36,85.27,86.56,14958334.0,1509739948.0,758622867.0,0.01971774731646733
2023-04-25,86.15,88.79,85.45,87.51,16921914.0,1719832902.0,758622867.0,0.02230609534210099
2023-04-26,86.73,87.07,82.44,83.71,18462293.0,1816085546.0,758622867.0,0.0243365891052161
2023-04-27,82.85,85.87,82.48,85.36,11589552.0,1149052791.0,758622867.0,0.015277092879932922
2023-04-28,85.02,87.25,84.82,86.84,12243268.0,1227804347.0,758622867.0,0.016138806952150572
2023-05-04,86.71,89.31,85.79,89.17,15569863.0,1601754339.0,758622867.0,0.02052385141192956
2023-05-05,88.49,89.75,86.68,87.57,10968419.0,1121580475.0,758622867.0,0.014458329002624172
2023-05-08,88.54,94.11,87.6,92.44,25940933.0,2754880941.0,758622867.0,0.034194768083625406
2023-05-09,92.04,92.32,88.45,89.07,14761150.0,1554824427.0,758622867.0,0.01945782369884719
2023-05-10,88.54,89.55,87.25,88.45,11072084.0,1140076087.0,758622867.0,0.014594977928604938
2023-05-11,87.89,88.02,84.11,85.83,17527173.0,1748520447.0,758622867.0,0.023103934461284833
2023-05-12,85.76,86.7,82.44,82.56,18704576.0,1826505315.0,758622867.0,0.02465596123402908
2023-05-15,82.01,83.89,79.42,83.22,22099593.0,2091176050.0,758622867.0,0.02913119807130728
2023-05-16,82.87,83.48,80.88,80.92,13321713.0,1273652932.0,758622867.0,0.017560389462924007
2023-05-17,79.86,80.04,77.46,78.22,24762835.0,2259420022.0,758622867.0,0.03264182517714695
2023-05-18,78.59,80.45,78.23,79.35,18408280.0,1706395691.0,758622867.0,0.024265390355020764
2023-05-19,79.08,80.64,78.04,79.96,13252758.0,1228885696.0,758622867.0,0.017469494496532227
2023-05-22,79.78,82.17,79.18,81.13,13727736.0,1297127742.0,758622867.0,0.018095600063160237
2023-05-23,80.72,81.84,78.64,78.66,12777300.0,1187218062.0,758622867.0,0.016842756204447498
2023-05-24,78.45,79.19,77.38,77.54,13184111.0,1201633840.0,758622867.0,0.017379005528975176
2023-05-25,77.62,78.66,76.38,78.58,13517365.0,1220887948.0,758622867.0,0.017818293631794782
2023-05-26,78.15,81.24,78.07,80.52,18001541.0,1682614155.0,758622867.0,0.023729235939311595
2023-05-29,80.55,82.43,80.55,81.11,11275556.0,1069800332.0,758622867.0,0.014863190249708095
2023-05-30,80.65,83.21,80.05,82.83,14645565.0,1404164434.0,758622867.0,0.019305462090691238
2023-05-31,82.46,84.17,82.18,82.78,12526703.0,1214495573.0,758622867.0,0.01651242474345293
2023-06-01,82.7,85.02,82.42,84.88,14426751.0,1413067938.0,758622867.0,0.019017026282177704
2023-06-02,85.02,85.83,83.73,85.27,9885065.0,978922907.0,758622867.0,0.013030275555877753
2023-06-05,85.33,85.58,83.51,83.73,9006593.0,884440816.0,758622867.0,0.011872293061263601
2023-06-06,83.81,85.33,83.61,84.44,8566943.0,844663951.0,758622867.0,0.011292756088250106
2023-06-07,84.73,85.54,83.17,84.0,7834327.0,751023076.0,758622867.0,0.01032703776908428
2023-06-08,83.96,85.61,83.13,84.92,7954290.0,767979600.0,758622867.0,0.010485170360676723
2023-06-09,84.75,89.97,84.28,89.97,14658557.0,1456332140.0,758622867.0,0.019322587859719763
2023-06-12,88.24,89.39,86.94,87.46,10116903.0,1013877915.0,758622867.0,0.013335879315116927
2023-06-13,87.37,88.12,84.57,85.47,14509006.0,1412827308.0,758622867.0,0.019125453016432734
2023-06-14,85.27,85.36,83.98,84.57,12200998.0,1175947631.0,758622867.0,0.016083087566618262
2023-06-15,84.84,85.79,84.09,85.16,10956828.0,1060625559.0,758622867.0,0.014443050001022445
2023-06-16,85.15,85.27,83.43,83.91,14497105.0,1391845216.0,758622867.0,0.01910976537964021
2023-06-19,83.94,84.55,81.56,84.13,17282331.0,1644209672.0,758622867.0,0.022781189114880713
2023-06-20,83.78,84.19,82.36,82.82,11650932.0,1104924290.0,758622867.0,0.015358002647710855
2023-06-21,82.02,82.35,80.63,80.92,15071789.0,1397067984.0,758622867.0,0.01986730120540909
2023-06-26,80.03,83.26,79.87,81.54,13407232.0,1255324026.0,758622867.0,0.017673118730284727
2023-06-27,81.99,84.31,81.33,82.78,13678925.0,1296477927.0,758622867.0,0.018031258475102094
2023-06-28,82.41,82.71,81.31,81.89,9122976.0,852557589.0,758622867.0,0.01202570657549135
2023-06-29,81.37,82.95,81.37,82.4,8317191.0,780648168.0,758622867.0,0.010963538487694966
2023-06-30,81.99,82.55,81.42,81.77,8252287.0,770161907.0,758622867.0,0.01087798346052229
2023-07-03,81.77,83.98,81.0,83.08,14319844.0,1345023405.0,758622867.0,0.018876103823008014
2023-07-04,82.77,83.7,82.65,83.42,9382223.0,892116054.0,758622867.0,0.01236744027648721
2023-07-05,83.27,83.73,82.23,82.66,8712291.0,822255292.0,758622867.0,0.011484350629256738
2023-07-06,82.65,83.43,82.14,82.56,6211577.0,586715005.0,758622867.0,0.008187964363062102
2023-07-07,82.21,82.82,81.41,81.67,6129118.0,573008976.0,758622867.0,0.008079268720487963
2023-07-10,81.83,82.68,81.14,81.5,5378691.0,501373667.0,758622867.0,0.00709007233234376
2023-07-11,81.53,82.36,81.41,81.81,5377311.0,501949844.0,758622867.0,0.007088253246655693
2023-07-12,81.81,81.81,79.53,79.66,14199468.0,1301546601.0,758622867.0,0.018717426823887183
2023-07-13,80.1,81.02,79.58,80.55,9602328.0,878721996.0,758622867.0,0.01265757785284371
2023-07-14,80.54,85.76,80.53,83.56,29233523.0,2783120155.0,758622867.0,0.03853498789932996
2023-07-17,83.52,85.38,82.73,83.5,13732359.0,1316996499.0,758622867.0,0.01810169400021526
2023-07-18,83.17,83.98,82.82,83.35,5558606.0,529341373.0,758622867.0,0.007327232333480398
2023-07-19,83.35,84.34,83.02,83.48,4571380.0,435290545.0,758622867.0,0.006025892704866224
2023-07-20,83.56,83.8,82.84,82.99,5756959.0,547340588.0,758622867.0,0.007588696901223253
2023-07-21,82.82,83.56,82.25,83.08,4489395.0,425408123.0,758622867.0,0.005917821878680596
2023-07-24,82.99,84.89,82.56,84.62,9176283.0,882961843.0,758622867.0,0.012095974691994091
2023-07-25,85.44,85.67,83.26,83.7,10662102.0,1019524833.0,758622867.0,0.014054548661528813
2023-07-26,83.7,83.9,82.64,82.91,4836577.0,458582675.0,758622867.0,0.00637546956516933
2023-07-27,82.91,83.39,82.35,82.56,5418019.0,512454877.0,758622867.0,0.007141913638097598
2023-07-28,82.25,83.87,81.42,83.31,11629817.0,1097536161.0,758622867.0,0.015330169318505397
2023-07-31,83.43,83.61,81.93,82.16,13827420.0,1300511914.0,758622867.0,0.01822700132238434
2023-08-01,82.03,82.78,81.73,82.64,6213529.0,584131735.0,758622867.0,0.008190537446586092
2023-08-02,82.45,82.57,81.79,81.85,5122469.0,479127325.0,758622867.0,0.006752326119903264
2023-08-03,81.77,82.58,81.66,82.06,5542838.0,519591283.0,758622867.0,0.007306447302227181
2023-08-04,82.36,85.45,82.29,84.93,19546505.0,1884483798.0,758622867.0,0.0257657735487164
2023-08-07,84.14,84.68,83.61,84.41,6925485.0,665289680.0,758622867.0,0.009129022207552307
2023-08-08,84.4,85.3,84.13,84.78,5112942.0,494967481.0,758622867.0,0.006739767837765428
2023-08-09,84.74,85.0,84.24,84.33,3953259.0,381429201.0,758622867.0,0.005211099179798386
2023-08-10,84.7,85.65,84.36,85.43,6762956.0,657522871.0,758622867.0,0.008914780049729242
2023-08-11,85.71,88.04,85.19,85.89,15543222.0,1538884896.0,758622867.0,0.020488733830903622
2023-08-14,85.01,87.81,84.92,87.28,13527029.0,1339163768.0,758622867.0,0.01783103250432339
2023-08-15,87.3,87.8,86.46,87.28,8538466.0,849882300.0,758622867.0,0.01125521833235222
2023-08-16,87.07,87.81,83.27,84.56,12083414.0,1170295426.0,758622867.0,0.01592809092057068
2023-08-17,84.01,84.64,83.26,84.42,6731358.0,644590701.0,758622867.0,0.008873128260184649
2023-08-18,84.4,84.83,82.56,82.74,5905876.0,562433026.0,758622867.0,0.007784996019636197
2023-08-21,82.99,86.65,82.91,85.33,12186847.0,1185639851.0,758622867.0,0.016064434029247367
2023-08-22,85.9,88.5,85.12,88.03,15923518.0,1587695857.0,758622867.0,0.020990031664837754
2023-08-23,87.55,88.08,86.68,86.95,8430205.0,841635797.0,758622867.0,0.01111251106012337
2023-08-24,87.08,87.42,85.03,85.88,9348187.0,916061146.0,758622867.0,0.012322574768893698
2023-08-25,85.01,86.11,84.2,85.53,7898241.0,766249296.0,758622867.0,0.010411287800002474
2023-08-28,88.47,88.89,85.89,86.37,11308511.0,1122391657.0,758622867.0,0.014906630806845953
2023-08-29,86.15,87.48,85.68,86.19,9499014.0,935966029.0,758622867.0,0.01252139160735317
2023-08-30,86.26,86.58,85.76,86.46,7706178.0,757753157.0,758622867.0,0.010158114572098708
2023-08-31,86.59,88.41,86.32,88.06,12446583.0,1244773290.0,758622867.0,0.01640681231930226
2023-09-01,88.09,88.09,86.33,86.85,8815734.0,856636200.0,758622867.0,0.011620706919713772
2023-09-04,86.93,89.01,86.93,87.81,8987345.0,882556792.0,758622867.0,0.011846920770449172
2023-09-05,87.8,87.83,86.57,86.93,6180555.0,599268966.0,758622867.0,0.00814707184406557
2023-09-06,86.82,86.84,85.36,86.08,6052788.0,580772295.0,758622867.0,0.007978652191089305
2023-09-07,86.03,86.93,85.68,86.32,4910735.0,473551182.0,758622867.0,0.006473223011876334
2023-09-08,86.05,88.61,85.78,87.54,7726581.0,752563907.0,758622867.0,0.010185009358543367
2023-09-11,88.19,88.91,87.52,88.24,6309068.0,620707735.0,758622867.0,0.00831647485785582
2023-09-12,88.32,89.46,87.8,89.09,5379752.0,532733088.0,758622867.0,0.007091470919238715
2023-09-13,89.16,89.49,88.56,89.29,5778683.0,573661130.0,758622867.0,0.007617333000851924
2023-09-14,89.32,91.61,89.29,90.85,9470290.0,959473547.0,758622867.0,0.012483528261480682
2023-09-15,90.52,91.7,89.87,91.39,7132227.0,723640227.0,758622867.0,0.00940154497082936
2023-09-18,91.0,91.0,88.68,88.93,8395027.0,835387801.0,758622867.0,0.01106614019321408
2023-09-19,89.0,90.7,88.88,90.41,6511238.0,653669831.0,758622867.0,0.008582970911157626
2023-09-20,90.64,91.56,89.8,89.98,4400919.0,444181727.0,758622867.0,0.005801194758870879
2023-09-21,89.98,90.52,89.44,89.96,4628543.0,464448329.0,758622867.0,0.006101243715871275
2023-09-22,89.83,89.96,88.35,89.5,6777697.0,672828927.0,758622867.0,0.008934211312140687
2023-09-25,89.59,89.6,88.44,88.92,5240500.0,519408936.0,758622867.0,0.006907911991532414
2023-09-26,88.9,89.42,86.57,87.1,10031188.0,979925210.0,758622867.0,0.01322289168486138
2023-09-27,87.12,87.38,86.78,87.16,4806852.0,467356000.0,758622867.0,0.006336286723083975
2023-09-28,87.45,87.5,86.22,86.77,7166650.0,693035182.0,758622867.0,0.00944692061332235
2023-10-09,86.77,89.56,86.31,88.75,10718273.0,1055714181.0,758622867.0,0.01412859203992331
2023-10-10,88.65,89.02,87.83,88.48,4340473.0,427591728.0,758622867.0,0.0057215161693774785
2023-10-11,88.49,88.64,87.29,88.06,4928663.0,483108995.0,758622867.0,0.006496855307684787
2023-10-12,88.64,89.25,87.7,88.44,5281962.0,522426531.0,758622867.0,0.006962566289212582
2023-10-13,88.44,89.96,88.12,89.38,6408834.0,638618431.0,758622867.0,0.00844798420767878
2023-10-16,89.39,90.25,88.75,89.5,5223195.0,521943838.0,758622867.0,0.0068851009206396625
2023-10-17,89.89,93.29,89.18,92.69,12076985.0,1240895359.0,758622867.0,0.015919616353984752
2023-10-18,92.22,92.69,91.19,91.95,6030410.0,619822775.0,758622867.0,0.007949154003025854
2023-10-19,91.46,91.76,89.79,90.06,6660027.0,672521918.0,758622867.0,0.008779101302782111
2023-10-20,90.07,90.25,87.56,88.27,8085790.0,795638660.0,758622867.0,0.010658510772257015
2023-10-23,87.83,88.91,87.38,88.5,7026254.0,692283927.0,758622867.0,0.009261853689944203
2023-10-24,88.46,88.98,85.48,86.04,15011594.0,1449453303.0,758622867.0,0.019787953478602432
2023-10-25,86.39,86.4,81.75,82.36,23404709.0,2173696047.0,758622867.0,0.030851573315413917
2023-10-26,81.14,83.24,80.69,83.18,11266998.0,1034357500.0,758622867.0,0.014851909282086009
2023-10-27,82.79,83.58,82.45,83.25,7895757.0,732240175.0,758622867.0,0.010408013445763954
2023-10-30,82.53,83.17,80.21,81.71,15818502.0,1432571363.0,758622867.0,0.02085160188033193
2023-10-31,81.56,83.29,81.21,82.76,10099648.0,930170359.0,758622867.0,0.013313134153125917
2023-11-01,82.45,84.22,81.56,83.8,8882912.0,825987563.0,758622867.0,0.011709259483737655
2023-11-02,83.79,84.41,83.24,83.96,6614160.0,619755804.0,758622867.0,0.008718640430858512
2023-11-03,83.89,84.52,83.39,83.95,4932022.0,461886262.0,758622867.0,0.0065012830677037845
2023-11-06,83.95,83.95,81.2,81.69,19873493.0,1810226672.0,758622867.0,0.026196801947969754
2023-11-07,81.45,81.96,80.67,81.68,13204964.0,1198578128.0,758622867.0,0.01740649349553551
2023-11-08,81.42,82.16,80.7,81.99,13906672.0,1260533461.0,758622867.0,0.018331469568000774
2023-11-09,81.48,81.8,81.15,81.38,7770987.0,705418228.0,758622867.0,0.010243544372358077
2023-11-10,81.47,81.63,80.74,81.38,7878273.0,714790250.0,758622867.0,0.010384966421002968
2023-11-13,81.38,81.83,81.2,81.56,5406617.0,491740624.0,758622867.0,0.007126883772144453
2023-11-14,81.65,81.76,81.08,81.36,4665415.0,423399324.0,758622867.0,0.006149847576371568
2023-11-15,81.54,81.58,80.68,80.88,9502156.0,856963052.0,758622867.0,0.012525533322738609
2023-11-16,80.86,81.25,79.66,81.2,12201627.0,1095450531.0,758622867.0,0.01608391670060217
2023-11-17,80.66,80.84,79.76,80.15,11162729.0,996763256.0,758622867.0,0.014714464176572205
2023-11-20,80.08,80.28,79.58,79.63,7760433.0,691021749.0,758622867.0,0.01022963232137847
2023-11-21,79.62,79.62,78.87,79.12,10531720.0,930009548.0,758622867.0,0.013882681972991463
2023-11-22,78.89,80.88,78.88,80.37,12985516.0,1160199168.0,758622867.0,0.017117221962147895
2023-11-23,80.04,80.71,79.5,80.55,6804557.0,609412253.0,758622867.0,0.008969617574156251
2023-11-24,80.75,81.15,80.21,80.99,7695330.0,693604575.0,758622867.0,0.01014381497677686
2023-11-27,80.68,80.82,78.87,79.59,7383386.0,658284812.0,758622867.0,0.009732617247879506
2023-11-28,79.41,79.83,78.89,79.07,5578570.0,492519984.0,758622867.0,0.007353548439767767
2023-11-29,79.05,79.47,78.29,79.33,5404394.0,476342540.0,758622867.0,0.007123953462373024
2023-11-30,79.5,81.63,79.33,81.54,14121859.0,1278390965.0,758622867.0,0.018615124344781978
2023-12-01,81.63,83.19,81.1,83.06,13794763.0,1270457756.0,758622867.0,0.018183953582300863
2023-12-04,83.04,83.6,82.28,82.63,4790254.0,442552126.0,758622867.0,0.0063144076040618485
2023-12-05,82.72,83.16,81.97,82.01,6707459.0,618786750.0,758622867.0,0.00884162512333022
2023-12-06,81.62,82.26,80.68,81.26,4436309.0,402650887.0,758622867.0,0.005847845079523552
2023-12-07,81.2,82.09,81.06,81.51,4038487.0,367638231.0,758622867.0,0.0053234448573509716
2023-12-08,81.38,82.72,80.77,82.21,6034756.0,551973267.0,758622867.0,0.00795488280476523
2023-12-11,81.97,83.33,81.47,82.99,7866411.0,726143282.0,758622867.0,0.0103693301931538
2023-12-12,83.02,83.35,82.45,82.9,6239836.0,577035569.0,758622867.0,0.008225214756148394
2023-12-13,82.54,83.25,82.54,82.88,5691559.0,526909626.0,758622867.0,0.007502488057745299
2023-12-14,82.8,84.25,82.66,83.35,8012287.0,746992116.0,758622867.0,0.010561620732162822
2023-12-15,83.16,83.8,82.87,83.04,5711010.0,529731418.0,758622867.0,0.007528127938700798
2023-12-18,82.69,83.74,82.57,83.7,6908851.0,643460542.0,758622867.0,0.009107095634120927
2023-12-19,83.4,85.64,83.4,85.23,9822888.0,930634205.0,758622867.0,0.01294831520020606
2023-12-20,85.21,85.4,84.25,84.31,5237996.0,495374817.0,758622867.0,0.006904611273733197
2023-12-21,84.17,84.64,82.27,82.88,8692657.0,805889431.0,758622867.0,0.011458469521720863
2023-12-22,82.74,85.12,82.63,84.56,8942783.0,841618248.0,758622867.0,0.011788180120861028
2023-12-25,84.56,85.59,83.24,85.41,8287147.0,781296020.0,758622867.0,0.0109239351468165
2023-12-26,85.13,87.08,85.05,86.76,10280145.0,994236142.0,758622867.0,0.013551061333878827
2023-12-27,86.66,89.17,86.05,88.81,12972643.0,1277455507.0,758622867.0,0.01710025305630551
2023-12-28,88.77,90.61,86.67,87.46,18075238.0,1771938573.0,758622867.0,0.023826381705944543
2023-12-29,87.17,89.35,86.14,89.16,12157745.0,1193975201.0,758622867.0,0.016026072412077715
2024-01-02,88.46,89.44,87.53,88.49,8018869.0,791371093.0,758622867.0,0.010570296979988082
2024-01-03,88.35,89.18,87.02,87.74,8345920.0,815692759.0,758622867.0,0.01100140842445763
2024-01-04,87.53,89.13,87.11,88.9,9459060.0,930760695.0,758622867.0,0.012468725122149528
2024-01-05,88.91,89.35,87.27,88.06,8802163.0,863024849.0,758622867.0,0.011602817925603078
2024-01-08,87.59,88.33,86.94,88.18,8298194.0,813769644.0,758622867.0,0.01093849705956728
2024-01-09,88.01,88.24,86.57,87.71,6751872.0,658047000.0,758622867.0,0.008900169364391175
2024-01-10,87.55,88.26,86.24,86.51,6293660.0,611534311.0,758622867.0,0.008296164370695143
2024-01-11,86.23,86.32,83.97,85.47,8826628.0,838876652.0,758622867.0,0.01163506715122522
2024-01-12,84.87,86.13,84.35,85.41,5573162.0,530555638.0,758622867.0,0.0073464197329554
2024-01-15,85.31,87.02,85.14,86.62,6093728.0,586788488.0,758622867.0,0.00803261839983529
2024-01-16,86.62,87.07,85.9,86.7,6633706.0,639838398.0,758622867.0,0.008744405538727322
2024-01-17,86.7,87.03,85.83,85.94,6415322.0,619544234.0,758622867.0,0.008456536546768765
2024-01-18,85.66,88.28,84.6,87.99,10050967.0,966838462.0,758622867.0,0.013248963928212303
2024-01-19,87.47,88.24,86.93,87.97,6465471.0,632279638.0,758622867.0,0.00852264185703751
2024-01-22,87.97,88.19,86.28,86.9,8965460.0,875714143.0,758622867.0,0.011818072444156894
2024-01-23,86.66,86.66,84.84,85.39,7829549.0,747866192.0,758622867.0,0.010320739514433856
2024-01-24,85.14,87.53,85.01,87.02,7969721.0,768948622.0,758622867.0,0.010505511165932202
2024-01-25,87.02,90.52,86.41,90.08,16651174.0,1658856165.0,758622867.0,0.021949211820950817
2024-01-26,89.27,91.67,88.4,90.88,11537126.0,1160652357.0,758622867.0,0.015207986078278866
2024-01-29,90.36,94.11,90.31,92.18,13116029.0,1360600260.0,758622867.0,0.017289261332007803
2024-01-30,91.86,92.63,90.61,90.7,8029396.0,819803725.0,758622867.0,0.010584173440160749
2024-01-31,90.4,92.29,89.44,91.8,8711121.0,885051847.0,758622867.0,0.011482808360955984
2024-02-01,90.52,91.75,89.62,90.39,8441946.0,853802051.0,758622867.0,0.011127987788430322
2024-02-02,90.39,92.13,89.62,91.31,10046670.0,1021600535.0,758622867.0,0.013243299717196634
2024-02-05,91.59,93.24,91.28,92.75,10913928.0,1125826714.0,758622867.0,0.01438650016332819
2024-02-06,92.71,93.56,90.21,90.92,14328420.0,1459113361.0,758622867.0,0.018887408517834724
2024-02-07,90.52,91.13,89.1,90.88,12866062.0,1293707081.0,758622867.0,0.01695976032317518
2024-02-08,90.55,90.7,88.73,90.7,11343206.0,1134135610.0,758622867.0,0.014952364993764419
2024-02-19,90.1,93.24,89.15,93.16,11643888.0,1191286253.0,758622867.0,0.015348717401633506
2024-02-20,93.19,95.86,92.7,95.0,14406740.0,1519738243.0,758622867.0,0.0189906482215227
2024-02-21,94.87,95.48,94.06,94.24,9499320.0,1003332233.0,758622867.0,0.012521794969831829
2024-02-22,94.91,95.97,94.28,95.66,9415281.0,998222400.0,758622867.0,0.012411016605962657
2024-02-23,95.51,95.53,93.52,93.82,9100888.0,958556378.0,758622867.0,0.011996590659058
2024-02-26,93.22,94.03,92.03,92.46,8230600.0,852450992.0,758622867.0,0.010849396133480906
2024-02-27,92.45,92.84,91.94,92.72,7329947.0,755584738.0,758622867.0,0.009662175131876167
2024-02-28,92.31,92.55,90.07,91.06,17142917.0,1738227277.0,758622867.0,0.02259741664233277
2024-02-29,90.61,91.52,90.52,91.42,10063240.0,1022285943.0,758622867.0,0.013265141927233786
2024-03-01,91.0,91.96,90.89,91.35,9090282.0,926875385.0,758622867.0,0.011982610062820582
2024-03-04,91.08,93.67,90.89,93.22,13064525.0,1351892013.0,758622867.0,0.017221369890501863
2024-03-05,93.39,94.29,92.78,94.1,11158318.0,1166120655.0,758622867.0,0.014708649693260564
2024-03-06,94.1,95.45,93.81,94.63,11090669.0,1171334941.0,758622867.0,0.014619476267382275
2024-03-07,94.1,94.97,93.48,94.52,7997986.0,841703895.0,758622867.0,0.010542769468086704
2024-03-08,94.09,97.85,93.71,97.24,12338247.0,1323178375.0,758622867.0,0.016264006183720797
2024-03-11,96.79,97.41,95.0,95.8,9726509.0,1042313840.0,758622867.0,0.012821270519387072
2024-03-12,95.61,96.0,91.86,92.11,16796719.0,1742980085.0,758622867.0,0.022141066043030313
2024-03-13,91.88,92.22,90.53,91.42,12853566.0,1308704993.0,758622867.0,0.016943288370451927
2024-03-14,91.43,92.57,91.2,92.1,7978357.0,818527949.0,758622867.0,0.010516894951441003
2024-03-15,92.1,92.1,90.73,91.51,7961670.0,811290387.0,758622867.0,0.010494898514573777
2024-03-18,91.51,93.0,91.11,92.43,9834190.0,1012882379.0,758622867.0,0.012963213248355721
2024-03-19,92.31,93.11,91.33,92.47,9406731.0,967537645.0,758622867.0,0.01239974618376485
2024-03-20,92.31,93.66,92.05,92.98,8316226.0,862579104.0,758622867.0,0.010962266445891355
2024-03-21,92.67,93.01,91.86,92.03,7381957.0,760438614.0,758622867.0,0.00973073357146773
2024-03-22,92.42,95.24,91.17,94.45,13409924.0,1391042620.0,758622867.0,0.01767666726555449
2024-03-25,94.1,94.96,93.08,93.21,10521011.0,1102925781.0,758622867.0,0.013868565604416457
2024-03-26,92.65,93.89,92.65,93.22,7058830.0,733556952.0,758622867.0,0.009304794657606861
2024-03-27,93.2,95.43,92.76,94.38,11737357.0,1235515282.0,758622867.0,0.015471926184371133
2024-03-28,94.19,95.14,93.58,95.08,6789999.0,715977865.0,758622867.0,0.00895042753832518
2024-03-29,94.89,95.79,94.0,94.79,7991402.0,845521046.0,758622867.0,0.010534090583905375
2024-04-01,94.79,94.97,93.62,93.74,9064253.0,950773157.0,758622867.0,0.011948299206751964
2024-04-02,93.57,94.41,93.39,93.6,6004848.0,628452587.0,758622867.0,0.007915458736099501
2024-04-03,93.3,94.06,92.93,93.7,6893096.0,719982700.0,758622867.0,0.009086327739182162
2024-04-08,93.34,95.23,93.23,94.65,7983088.0,842503958.0,758622867.0,0.01052313125172379
2024-04-09,94.46,94.81,93.03,93.89,6680421.0,698316997.0,758622867.0,0.008805984225624456
2024-04-10,93.6,94.9,93.29,93.82,6399735.0,671997020.0,758622867.0,0.008435990105739852
2024-04-11,93.56,94.05,92.24,92.33,8552653.0,886480710.0,758622867.0,0.011273919324132369
2024-04-12,92.33,92.67,90.34,90.56,12663156.0,1290241066.0,758622867.0,0.01669229409083974
2024-04-15,90.56,94.09,90.52,93.96,13126227.0,1361666704.0,758622867.0,0.017302704111607014
2024-04-16,94.02,94.88,93.5,94.28,9341923.0,983447824.0,758622867.0,0.012314317701683517
2024-04-17,94.02,95.27,92.65,95.09,7928614.0,835595755.0,758622867.0,0.0104513248214544
2024-04-18,94.79,96.52,94.06,94.24,8043276.0,855068551.0,758622867.0,0.010602469751284205
2024-04-19,93.97,95.97,93.93,95.68,8737718.0,929897967.0,758622867.0,0.011517867942148388
2024-04-22,95.66,96.79,94.9,95.12,6944291.0,741255549.0,758622867.0,0.00915381186367534
2024-04-23,95.05,95.45,93.3,93.8,8550791.0,896033822.0,758622867.0,0.011271464876631514
2024-04-24,93.8,94.42,93.48,93.97,6269805.0,657579185.0,758622867.0,0.008264719233674247
2024-04-25,93.93,94.08,92.94,93.48,5362202.0,559051293.0,758622867.0,0.00706833689472743
2024-04-26,93.48,94.1,92.49,92.9,12149870.0,1260841780.0,758622867.0,0.016015691760053418
2024-04-29,92.91,92.91,91.51,92.12,15183468.0,1557059972.0,758622867.0,0.020014514010160994
2024-04-30,92.13,93.3,91.89,92.02,10443808.0,1077194386.0,758622867.0,0.013766798305593391
2024-05-06,92.31,92.35,89.8,90.34,27815172.0,2804473285.0,758622867.0,0.036665348765449225
2024-05-07,90.47,91.17,89.98,90.63,11139927.0,1125903108.0,758622867.0,0.014684407081021986
2024-05-08,90.63,91.04,89.87,90.55,10084664.0,1018752905.0,758622867.0,0.013293382573452008
2024-05-09,90.43,90.74,89.52,89.89,16312004.0,1638239351.0,758622867.0,0.02150212537687715
2024-05-10,89.8,91.28,89.18,90.88,18938656.0,1917409802.0,758622867.0,0.024964520348422347
2024-05-13,90.38,90.9,90.06,90.51,9386292.0,947042519.0,758622867.0,0.012372803942910938
2024-05-14,90.52,90.61,89.67,89.85,7640515.0,766360172.0,758622867.0,0.010071559047797593
2024-05-15,89.65,90.12,88.92,89.65,9779182.0,975568507.0,758622867.0,0.012890702911015732
2024-05-16,89.65,89.65,88.37,88.64,14165972.0,1402753846.0,758622867.0,0.018673273132432482
2024-05-17,88.63,88.63,87.47,87.98,14356827.0,1406525824.0,758622867.0,0.018924854001270173
2024-05-20,87.92,87.97,86.76,87.85,22208903.0,2163089869.0,758622867.0,0.02927528811229467
2024-05-21,87.73,88.99,87.65,88.6,12999700.0,1283316118.0,758622867.0,0.017135918999393936
2024-05-22,88.71,88.99,88.05,88.3,9733024.0,960988640.0,758622867.0,0.012829858449283997
2024-05-23,88.19,88.36,87.43,88.09,7471586.0,733470843.0,758622867.0,0.009848880550551609
2024-05-24,87.98,88.71,87.8,87.88,8778930.0,864950945.0,758622867.0,0.011572192695319847
2024-05-27,87.99,90.14,87.92,89.92,16007904.0,1597105741.0,758622867.0,0.02110126743648501
2024-05-28,89.62,90.12,89.18,89.4,7058250.0,705517443.0,758622867.0,0.009304030114346658
2024-05-29,89.44,89.62,88.76,89.44,6660513.0,663020565.0,758622867.0,0.008779741937307038
2024-05-30,89.27,90.39,89.09,89.95,10583245.0,1062821864.0,758622867.0,0.013950601096236135
2024-05-31,90.12,90.39,89.23,89.8,8441178.0,844431233.0,758622867.0,0.011126975427699571
2024-06-03,89.81,91.54,89.81,91.32,13716788.0,1392431004.0,758622867.0,0.018081168650034906
2024-06-04,91.24,91.73,90.96,91.51,11588099.0,1181956677.0,758622867.0,0.015275177567248312
2024-06-05,91.48,92.31,90.61,91.13,12997209.0,1325792506.0,758622867.0,0.017132635417909173
2024-06-06,91.58,93.43,90.96,92.07,13665724.0,1378167440.0,758622867.0,0.01801385720686429
2024-06-07,92.0,92.84,91.68,92.51,8478048.0,856400156.0,758622867.0,0.011175576651843794
2024-06-11,92.69,93.22,91.14,92.12,8377962.0,842455306.0,758622867.0,0.011043645485049687
2024-06-12,91.88,92.15,91.23,91.96,7515991.0,751824929.0,758622867.0,0.009907414246188285
2024-06-13,91.82,92.88,91.26,92.79,9583611.0,964891008.0,758622867.0,0.012632905514565777
2024-06-14,92.55,93.23,91.25,92.49,12489866.0,1259974563.0,758622867.0,0.016463867019183856
2024-06-17,91.96,92.22,90.52,90.58,12349768.0,1229370777.0,758622867.0,0.016279192912860087
2024-06-18,90.55,91.69,89.92,91.56,12907997.0,1279964823.0,758622867.0,0.01701503811906582
2024-06-19,91.59,92.97,91.54,92.91,11621674.0,1175154885.0,758622867.0,0.015319435394767766
2024-06-20,92.91,93.22,92.42,92.97,7978389.0,808687721.0,758622867.0,0.010516937133138119
2024-06-21,92.83,94.32,92.63,93.93,9694957.0,992169002.0,758622867.0,0.012779679366032082
2024-06-24,93.93,94.64,93.42,93.88,9522619.0,979174096.0,758622867.0,0.012552507199865358
2024-06-25,93.72,94.17,93.0,93.79,8477921.0,866759448.0,758622867.0,0.01117540924323337
2024-06-26,93.52,94.61,93.06,94.03,6488679.0,665259019.0,758622867.0,0.008553234132869871
2024-06-27,94.03,96.17,93.72,95.98,15155414.0,1580098337.0,758622867.0,0.019977533843571843
2024-06-28,95.58,98.69,95.53,98.46,15066325.0,1598694155.0,758622867.0,0.019860098680626773
2024-07-01,98.11,100.22,97.56,98.42,15202304.0,1636482874.0,758622867.0,0.020039343211625073
2024-07-02,97.89,100.26,97.89,99.76,9409990.0,1021292866.0,758622867.0,0.012404042125980366
2024-07-03,99.62,101.29,99.62,100.94,9890390.0,1086494484.0,758622867.0,0.01303729485391323
2024-07-04,100.38,101.11,98.96,99.97,9241848.0,1007712151.0,758622867.0,0.012182401034847794
2024-07-05,100.04,100.6,97.27,98.92,11286990.0,1211284863.0,758622867.0,0.014878262297358353
2024-07-08,98.37,100.68,97.73,100.21,11169302.0,1216908006.0,758622867.0,0.01472312856079515
2024-07-09,100.11,100.74,99.19,99.63,8214673.0,895296177.0,758622867.0,0.010828401511920152
2024-07-10,99.27,100.2,97.72,98.52,7984513.0,858213632.0,758622867.0,0.010525009655423424
2024-07-11,98.28,98.83,96.98,98.19,7022564.0,749780362.0,758622867.0,0.009256989612995675
2024-07-12,97.73,99.1,97.37,98.84,8172871.0,878809250.0,758622867.0,0.010773299033708142
2024-07-15,98.63,100.71,98.56,100.02,8190419.0,893120696.0,758622867.0,0.010796430421863358
2024-07-16,99.83,101.21,99.79,101.21,7306870.0,803186737.0,758622867.0,0.009631755537366369
2024-07-17,101.21,101.38,98.74,99.51,9188603.0,999991233.0,758622867.0,0.012112214645383212
2024-07-18,99.07,103.39,99.01,102.62,14303984.0,1586824847.0,758622867.0,0.018855197519375592
2024-07-19,102.4,103.86,101.8,103.68,10147996.0,1138704665.0,758622867.0,0.013376865424753932
2024-07-22,103.08,104.41,99.83,100.92,14154232.0,1561203413.0,758622867.0,0.018657797722303564
2024-07-23,100.56,102.72,100.12,101.63,9386913.0,1041704787.0,758622867.0,0.012373622531470568
2024-07-24,101.3,102.99,100.75,102.56,8278018.0,923745782.0,758622867.0,0.010911901499536528
2024-07-25,102.48,103.21,100.66,101.65,8825287.0,981975344.0,758622867.0,0.011633299474480514
2024-07-26,101.61,101.61,96.16,97.09,17158959.0,1823620951.0,758622867.0,0.02261856285436753
2024-07-29,96.63,98.19,95.28,97.64,12925477.0,1362354667.0,758622867.0,0.017038079871114668
2024-07-30,97.1,99.04,96.93,98.62,8241900.0,882261264.0,758622867.0,0.010864291545274497
2024-07-31,98.46,98.97,95.48,96.28,14608190.0,1535174622.0,758622867.0,0.019256195186639423
2024-08-01,95.88,97.04,95.81,96.19,8011681.0,843270098.0,758622867.0,0.010560821916273715
2024-08-02,95.96,98.09,95.94,97.63,9036716.0,960109088.0,758622867.0,0.011912000538206818
2024-08-05,97.55,98.46,96.34,96.57,7155356.0,759120840.0,758622867.0,0.009432033110596968
2024-08-06,96.81,96.9,94.03,95.7,10776283.0,1118274503.0,758622867.0,0.014205059547723862
2024-08-07,95.42,96.54,94.98,95.2,6613681.0,689376630.0,758622867.0,0.008718009023579828
2024-08-08,95.2,95.8,94.71,95.2,5644377.0,587524290.0,758622867.0,0.007440293781705898
2024-08-09,95.21,95.4,92.26,93.42,16414520.0,1672993573.0,758622867.0,0.021637259716295897
2024-08-12,93.27,93.38,91.48,91.72,11713589.0,1177516896.0,758622867.0,0.015440595728839268
2024-08-13,91.59,92.49,91.59,92.23,7146722.0,718151183.0,758622867.0,0.009420651961444237
2024-08-14,92.23,94.98,91.99,94.3,12166873.0,1243095374.0,758622867.0,0.01603810474117965
2024-08-15,94.16,96.12,94.06,96.12,9275754.0,969375888.0,758622867.0,0.012227095179296777
2024-08-16,96.12,96.57,95.64,96.04,5472447.0,573663313.0,758622867.0,0.007213659432177385
2024-08-19,96.05,96.44,95.53,96.08,5328036.0,558028614.0,758622867.0,0.00702330002398939
2024-08-20,96.09,96.89,95.6,96.31,6364707.0,667989731.0,758622867.0,0.008389816965535788
2024-08-21,95.93,96.32,94.71,95.71,5123632.0,534591670.0,758622867.0,0.006753859160957772
2024-08-22,95.56,96.7,95.44,96.68,6312452.0,663439376.0,758622867.0,0.008320935572325688
2024-08-23,96.46,97.51,95.94,96.68,6841369.0,722996012.0,758622867.0,0.009018142343974453
2024-08-26,96.59,97.54,96.0,97.13,6008757.0,635723858.0,758622867.0,0.007920611494037656
2024-08-27,97.13,99.1,96.85,98.62,9200980.0,986351252.0,758622867.0,0.012128529734920316
2024-08-28,98.46,98.94,97.55,98.64,5940583.0,637198060.0,758622867.0,0.00783074602469108
2024-08-29,98.51,98.78,96.76,97.45,7366557.0,786429645.0,758622867.0,0.009710433629731332
2024-08-30,97.1,97.54,95.15,96.16,13134399.0,1375599511.0,758622867.0,0.017313476262507652
2024-09-02,96.06,96.87,95.12,96.43,6908835.0,709947230.0,758622867.0,0.00910707454327237
2024-09-03,96.48,96.98,95.45,96.7,7348128.0,754539379.0,758622867.0,0.00968614092672743
2024-09-04,96.15,96.89,95.76,96.32,5486895.0,565396999.0,758622867.0,0.007232704468424625
2024-09-05,96.86,97.0,94.65,95.27,7426604.0,755781912.0,758622867.0,0.009789586266188836
2024-09-06,95.28,96.06,95.07,95.5,6026542.0,615477718.0,758622867.0,0.007944055290387128
2024-09-09,95.21,96.05,93.72,93.96,7497566.0,754454387.0,758622867.0,0.009883126815896521
2024-09-10,93.97,95.92,93.9,95.51,6995548.0,710266326.0,758622867.0,0.009221377715206678
2024-09-11,95.51,95.76,92.98,93.17,9615901.0,961557975.0,758622867.0,0.012675469483310473
2024-09-12,93.34,93.51,91.93,92.65,6518768.0,644169350.0,758622867.0,0.008592896791759903
2024-09-13,92.59,94.37,92.57,93.95,7782451.0,779239679.0,758622867.0,0.01025865596534938
2024-09-18,93.96,95.04,93.96,94.38,5039200.0,508214080.0,758622867.0,0.006642562753120912
2024-09-19,94.42,94.5,93.4,93.64,6878554.0,687626199.0,758622867.0,0.009067158794199648
2024-09-20,93.62,95.07,92.74,95.03,6413727.0,644020334.0,758622867.0,0.00845443405280321
2024-09-23,94.61,95.31,94.52,94.7,5394560.0,545445880.0,758622867.0,0.007110990499578495
2024-09-24,95.03,98.31,94.54,97.64,11769792.0,1212748049.0,758622867.0,0.01551468128893088
2024-09-25,98.39,101.21,97.05,97.37,12272228.0,1292290681.0,758622867.0,0.01617698138803928
2024-09-26,97.37,98.4,96.82,98.34,11274690.0,1175274175.0,758622867.0,0.01486204870752993
2024-09-27,98.39,98.68,95.0,97.74,27837739.0,2866218060.0,758622867.0,0.03669509608916126
2024-09-30,98.41,104.77,97.1,102.81,49796181.0,5296250818.0,758622867.0,0.06564023201267409
2024-10-08,110.59,111.52,100.0,103.22,45017988.0,5037416871.0,758622867.0,0.05934172295389034
2024-10-09,101.68,103.09,99.06,99.92,25177754.0,2715542973.0,758622867.0,0.03318876228918104
2024-10-10,99.92,104.49,99.88,101.96,25762477.0,2810846632.0,758622867.0,0.033959531304241584
2024-10-11,101.21,103.09,100.18,101.75,18020089.0,1958873349.0,758622867.0,0.02375368550550164
2024-10-14,101.16,104.68,101.16,103.84,18497871.0,2042080465.0,758622867.0,0.024383487243339316
2024-10-15,103.56,103.72,100.82,100.87,13333402.0,1451936871.0,758622867.0,0.017575797645973147
2024-10-16,100.4,101.5,99.78,100.36,8398258.0,901331269.0,758622867.0,0.01107039922644462
2024-10-17,101.0,101.12,98.83,99.0,10014954.0,1065941004.0,758622867.0,0.01320149238264393
2024-10-18,98.98,101.37,98.47,100.37,12989301.0,1384923777.0,758622867.0,0.01712221126600973
2024-10-21,100.38,100.4,98.76,99.62,15625260.0,1655583970.0,758622867.0,0.020596874520525096
2024-10-22,98.8,98.93,97.28,97.82,21340815.0,2229633979.0,758622867.0,0.028130993578394204
2024-10-23,97.82,98.4,97.35,97.79,12212175.0,1274208529.0,758622867.0,0.01609782084251357
2024-10-24,97.27,97.27,95.26,95.8,20944594.0,2140205041.0,758622867.0,0.027608703759255386
2024-10-25,95.6,96.13,94.96,95.52,16123408.0,1642593326.0,758622867.0,0.021253522272220143
2024-10-28,95.48,95.9,95.03,95.86,11623270.0,1185126417.0,758622867.0,0.015321539206911356
2024-10-29,95.94,96.23,94.65,95.78,16492850.0,1678960773.0,758622867.0,0.02174051260176422
2024-10-30,95.51,96.01,95.23,95.76,9243335.0,942693241.0,758622867.0,0.012184361165585588
2024-10-31,95.7,96.66,95.7,96.2,12874888.0,1321523357.0,758622867.0,0.016971394562510598
2024-11-01,96.06,97.16,95.77,96.9,13061678.0,1346652945.0,758622867.0,0.0172176170376367
2024-11-04,96.95,97.22,95.59,96.36,10579384.0,1085743417.0,758622867.0,0.013945511610843652
2024-11-05,95.95,96.39,95.65,96.39,17055123.0,1747544207.0,758622867.0,0.022481688519942807
2024-11-06,96.1,96.47,95.62,95.8,14555037.0,1490730042.0,758622867.0,0.019186130069554046
2024-11-07,95.58,96.4,95.13,96.4,15358704.0,1571176931.0,758622867.0,0.020245506256272656
2024-11-08,96.4,96.94,95.59,96.35,16620841.0,1708496396.0,758622867.0,0.021909227526620285
2024-11-11,96.15,96.15,95.31,95.63,13011050.0,1326562171.0,758622867.0,0.01715088032008927
2024-11-12,95.56,95.69,94.2,94.51,15235405.0,1543913133.0,758622867.0,0.020082976222756017
2024-11-13,94.25,99.9,94.18,98.43,36595255.0,3811702175.0,758622867.0,0.04823906132004323
2024-11-14,97.25,98.03,96.35,97.15,16544878.0,1714885072.0,758622867.0,0.02180909476856041
2024-11-15,96.9,101.21,96.73,98.43,26765828.0,2821185464.0,758622867.0,0.03528212655366741
2024-11-18,98.03,100.09,97.47,98.09,19034785.0,2004973566.0,758622867.0,0.025091235484732625
2024-11-19,97.84,97.93,96.41,97.16,12437915.0,1288606551.0,758622867.0,0.016395386352096343
2024-11-20,96.69,97.63,95.89,97.35,10908884.0,1127280642.0,758622867.0,0.014379851273320502
2024-11-21,97.07,97.82,96.74,97.06,6438912.0,667501127.0,758622867.0,0.008487632366610431
2024-11-22,96.88,97.65,96.68,96.9,9955074.0,1031212200.0,758622867.0,0.013122559881918244
2024-11-25,96.81,98.38,96.41,97.18,9893145.0,1028585941.0,758622867.0,0.013040926434399188
2024-11-26,97.0,98.96,96.73,98.79,13297139.0,1396206496.0,758622867.0,0.017527996555896066
2024-11-27,98.79,99.98,98.54,99.68,12861649.0,1366099169.0,758622867.0,0.016953943203507467
2024-11-28,99.26,99.9,98.78,99.38,8243346.0,874551554.0,758622867.0,0.010866197630712863
2024-11-29,99.44,101.33,99.06,99.69,13458340.0,1438428713.0,758622867.0,0.017740488173288875
2024-12-02,99.24,99.6,98.22,98.84,10717658.0,1130093722.0,758622867.0,0.014127781360431888
2024-12-03,98.68,100.36,98.38,100.24,11342875.0,1207277304.0,758622867.0,0.014951928676834888
2024-12-04,100.13,101.83,99.9,101.31,11719547.0,1264896160.0,758622867.0,0.015448449433570792
2024-12-05,101.21,101.75,100.38,100.7,9174921.0,987745973.0,758622867.0,0.012094179333510651
2024-12-06,100.28,101.4,100.28,100.48,9782535.0,1051365949.0,758622867.0,0.01289512276196652
2024-12-09,100.49,101.7,99.62,100.55,11180209.0,1197365890.0,758622867.0,0.014737505928621053
2024-12-10,100.56,101.21,99.65,100.18,17127131.0,1829955067.0,758622867.0,0.022576607883874927
2024-12-11,99.9,100.39,99.39,99.88,8776183.0,933592209.0,758622867.0,0.011568571660258166
2024-12-12,99.7,101.01,99.53,100.93,9215483.0,988512036.0,758622867.0,0.012147647270959471
2024-12-13,100.93,102.76,100.35,101.95,18029085.0,1959248860.0,758622867.0,0.023765543835102983
2024-12-16,101.8,105.9,101.77,105.1,25034576.0,2794432359.0,758622867.0,0.033000028194509985
2024-12-17,105.75,107.75,104.13,104.29,14057773.0,1584372947.0,758622867.0,0.01853064758724179
2024-12-18,104.19,107.57,104.19,106.82,11277282.0,1282618958.0,758622867.0,0.014865465424996211
2024-12-19,106.46,107.76,105.6,106.69,9860900.0,1123346797.0,758622867.0,0.01299842178366606
2024-12-20,105.9,106.55,104.12,104.4,12321388.0,1381900356.0,758622867.0,0.01624178302023158
2024-12-23,104.43,107.3,104.43,106.69,10650536.0,1210429765.0,758622867.0,0.014039302614377955
2024-12-24,106.28,108.24,105.94,107.67,10244629.0,1173541804.0,758622867.0,0.013504244922793765
2024-12-25,107.57,109.53,107.3,108.33,10741464.0,1243639837.0,758622867.0,0.014159161906729079
2024-12-26,108.24,108.31,105.93,107.19,12050699.0,1374689161.0,758622867.0,0.015884966726161184
2024-12-27,107.17,107.66,106.51,107.4,5378096.0,614681411.0,758622867.0,0.007089288016413035
2024-12-30,107.07,109.44,106.97,109.05,11718106.0,1359928331.0,758622867.0,0.0154465499390226
2024-12-31,108.93,112.0,108.72,110.73,15282087.0,1803996098.0,758622867.0,0.020144511409778004
2025-01-02,110.51,111.19,106.41,107.77,15127657.0,1743228073.0,758622867.0,0.019940945175859034
2025-01-03,106.94,107.68,105.54,106.91,11255924.0,1281364586.0,758622867.0,0.01483731177852829
2025-01-06,107.28,108.1,103.34,104.16,16994942.0,1893385819.0,902767867.0,0.018825373189761525
2025-01-07,103.93,104.48,101.41,104.24,15475292.0,1697281595.0,902767867.0,0.01714205009470059
2025-01-08,103.65,105.41,102.93,104.85,13695322.0,1526304523.0,902767867.0,0.015170369372484544
2025-01-09,104.68,104.68,102.32,103.13,8720920.0,962320660.0,902767867.0,0.009660202050589822
2025-01-10,103.09,103.64,102.07,102.43,8861201.0,971953583.0,902767867.0,0.009815591941089769
2025-01-13,102.15,103.52,100.55,101.59,10647790.0,1154014068.0,902767867.0,0.01179460455918066
2025-01-14,101.46,101.73,100.24,101.53,17496587.0,1885297823.0,902767867.0,0.019381047597698778
2025-01-15,101.15,102.6,100.65,101.58,11436110.0,1240466619.0,902767867.0,0.012667830145531753
2025-01-16,101.59,102.95,101.2,102.42,11422539.0,1245403247.0,902767867.0,0.01265279748819416
2025-01-17,102.15,103.56,101.66,102.24,9177756.0,1005191720.0,902767867.0,0.010166241329012655
2025-01-20,101.97,103.09,101.26,101.68,9059257.0,984026840.0,902767867.0,0.01003497945723848
2025-01-21,101.67,101.68,100.16,100.46,13194445.0,1415351787.0,902767867.0,0.014615545681578851
2025-01-22,99.9,101.65,99.9,101.51,11888834.0,1281209066.0,902767867.0,0.013169314543181453
2025-01-23,101.96,104.36,101.86,102.66,13935546.0,1531137180.0,902767867.0,0.015436466570647225
2025-01-24,102.44,103.27,101.92,102.17,9878125.0,1079500903.0,902767867.0,0.010942043199683359
2025-01-27,102.2,104.21,101.87,104.0,14011137.0,1543347167.0,902767867.0,0.015520199059100981
2025-02-05,103.45,103.65,101.13,101.49,13566088.0,1470774112.0,902767867.0,0.015027216293244518
2025-02-06,101.39,101.77,100.99,101.53,10146352.0,1096344256.0,902767867.0,0.011239159446068321
2025-02-07,101.22,101.85,100.28,101.34,18944852.0,2038503336.0,902767867.0,0.0209852972092991
2025-02-10,102.07,106.55,101.86,103.09,34504717.0,3817918417.0,902767867.0,0.03822102919398659
2025-02-11,102.87,104.65,102.15,102.89,17838833.0,1968890625.0,902767867.0,0.01976015502111353
2025-02-12,102.66,104.21,102.38,103.76,15394118.0,1703081999.0,902767867.0,0.017052133292201017
2025-02-13,103.76,105.01,103.21,103.66,16194651.0,1800781463.0,902767867.0,0.01793888727322192
2025-02-14,103.55,105.84,102.81,105.57,22747772.0,2539385379.0,902767867.0,0.025197808685408163
2025-02-17,106.15,107.89,105.06,106.09,25980850.0,2949108341.0,902767867.0,0.028779103631963898
2025-02-18,106.0,107.06,104.49,104.95,15949794.0,1799289206.0,902767867.0,0.017667658080258188
2025-02-19,104.87,106.13,104.57,104.96,14300899.0,1604508000.0,902767867.0,0.015841169721208078
2025-02-20,104.57,104.57,102.92,103.43,14950195.0,1648355594.0,902767867.0,0.016560397801575717
2025-02-21,103.56,108.8,103.51,107.3,35166261.0,3992910600.0,902767867.0,0.03895382443868042
2025-02-24,107.3,107.35,104.08,104.46,23052347.0,2589269400.0,902767867.0,0.02553518777380232
2025-02-25,103.09,103.55,101.55,101.96,20541759.0,2244863990.0,902767867.0,0.02275419822845777
2025-02-26,102.61,102.91,100.43,100.93,21046346.0,2270236007.0,902767867.0,0.02331313150294039
2025-02-27,100.74,100.85,99.86,100.28,16836094.0,1801825154.0,902767867.0,0.01864941655040099
2025-02-28,99.98,100.95,99.98,100.2,14195015.0,1520761127.0,902767867.0,0.01572388154129992
2025-03-03,100.21,100.58,99.15,99.55,15329693.0,1635395453.0,902767867.0,0.016980769431838894
2025-03-04,99.12,100.28,99.08,100.09,9956332.0,1060391104.0,902767867.0,0.011028673443025858
2025-03-05,99.96,101.97,99.69,101.57,16540992.0,1786977154.0,902767867.0,0.018322530746433845
2025-03-06,101.49,101.67,100.48,101.18,17593932.0,1896917823.0,902767867.0,0.019488877089153197
2025-03-07,101.12,101.77,100.4,101.77,14109023.0,1519993057.0,902767867.0,0.01562862781867268
2025-03-10,101.66,101.66,99.71,99.94,13592088.0,1453249684.0,902767867.0,0.015056016609417048
2025-03-11,99.38,100.94,99.37,100.48,10245364.0,1092656736.0,902767867.0,0.011348835480871186
2025-03-12,100.28,100.28,98.67,99.02,20084345.0,2124946027.0,902767867.0,0.022247518696852334
2025-03-13,99.03,99.56,98.78,99.14,11075364.0,1172695313.0,902767867.0,0.012268230189455779
2025-03-14,99.17,100.28,99.17,99.82,15564786.0,1660001483.0,902767867.0,0.017241182998375373
2025-03-17,99.85,99.96,99.16,99.33,12874801.0,1364757123.0,902767867.0,0.014261474594553774
2025-03-18,99.42,99.76,99.07,99.26,10702326.0,1134479785.0,902767867.0,0.011855014330057008
2025-03-19,99.34,99.4,98.71,99.16,9499984.0,1004236290.0,902767867.0,0.010523174724383494
2025-03-20,99.15,99.23,98.03,98.4,17738432.0,1864601786.0,902767867.0,0.01964894038480437
2025-03-21,98.49,101.38,98.49,99.95,35459490.0,3798320242.0,902767867.0,0.03927863551217868
2025-03-24,99.95,100.37,98.77,99.06,18813104.0,1999239001.0,902767867.0,0.020839359361026082
2025-03-25,99.23,99.59,98.77,99.24,10327630.0,1094786810.0,902767867.0,0.011439961896650006
2025-03-26,99.34,100.82,99.34,99.91,10785916.0,1151155018.0,902767867.0,0.01194760734655169
2025-03-27,100.09,100.73,99.62,99.82,9928719.0,1061122762.0,902767867.0,0.010998086399546164
2025-03-28,99.93,99.99,99.35,99.71,5805079.0,616898694.0,902767867.0,0.0064303119464042685
2025-03-31,99.75,100.93,99.62,100.61,15443300.0,1655613366.0,902767867.0,0.01710661241335476
2025-04-01,100.63,100.64,99.69,100.28,10564986.0,1128292883.0,902767867.0,0.011702882198397963
2025-04-02,100.17,101.1,99.9,100.89,10374563.0,1113899799.0,902767867.0,0.011491949790454826
2025-04-03,100.56,102.49,100.44,102.14,17070515.0,1855977605.0,902767867.0,0.018909085739534856
2025-04-07,99.81,102.34,98.03,101.63,36828474.0,3965124095.0,902767867.0,0.04079506520583768
2025-04-08,101.2,104.68,100.74,104.59,32276570.0,3549051527.0,902767867.0,0.035752900806337626
2025-04-09,104.58,105.52,102.26,105.52,19032071.0,2103957813.0,902767867.0,0.021081910085308787
2025-04-10,104.68,104.68,102.24,103.93,17117675.0,1882542875.0,902767867.0,0.01896132508225395
2025-04-11,103.36,103.45,102.26,102.89,11488115.0,1258626227.0,902767867.0,0.012725436316399153
2025-04-14,102.43,103.99,101.79,103.46,13241179.0,1458472808.0,902767867.0,0.014667313142194504
2025-04-15,103.49,104.95,103.19,104.73,12324069.0,1373850760.0,902767867.0,0.013651426297387255
2025-04-16,104.68,106.99,104.25,106.85,18695963.0,2119415726.0,902767867.0,0.020709601751919687
2025-04-17,106.78,107.18,105.79,107.08,8997716.0,1023749291.0,902767867.0,0.009966810216562571
2025-04-18,106.83,107.59,106.27,107.58,8203962.0,937490702.0,902767867.0,0.00908756536413142
2025-04-21,107.11,107.53,105.39,105.8,12118573.0,1372847110.0,902767867.0,0.013423797459995328
2025-04-22,105.71,106.53,105.58,105.81,7555542.0,854084536.0,902767867.0,0.008369307632877899
2025-04-23,105.44,105.71,103.7,103.87,12617629.0,1403110751.0,902767867.0,0.013976604021064477
2025-04-24,103.56,104.06,103.1,103.52,7310917.0,807584735.0,902767867.0,0.008098335427350783
2025-04-25,103.53,104.01,103.15,103.98,6134259.0,678460408.0,902767867.0,0.0067949461032378545
2025-04-28,103.9,106.23,103.57,105.2,11462255.0,1288430609.0,902767867.0,0.012696791078852167
2025-04-29,105.2,106.32,104.98,106.04,7412289.0,837818604.0,902767867.0,0.008210625644698539
2025-04-30,106.04,106.07,104.29,105.2,7712478.0,867843321.0,902767867.0,0.008543146341295287
2025-05-06,105.16,106.52,103.81,105.95,9567760.0,1076006524.0,902767867.0,0.01059825050241847
2025-05-07,106.07,107.12,104.96,107.12,12680972.0,1436702344.0,902767867.0,0.014046769345192035
2025-05-08,106.6,107.3,106.23,106.28,6915800.0,786373770.0,902767867.0,0.0076606625609991945
2025-05-09,106.26,107.4,106.01,106.83,9030601.0,1027927756.0,902767867.0,0.010003237077998479
2025-05-12,106.74,106.99,106.09,106.55,7034791.0,798846607.0,902767867.0,0.007792469423371712
2025-05-13,106.54,106.64,105.52,106.3,8009096.0,906573836.0,902767867.0,0.008871711425236184
2025-05-14,106.17,107.3,106.17,106.8,10355535.0,1179900635.0,902767867.0,0.011470872389834406
2025-05-15,106.73,107.12,106.1,106.49,7385162.0,838927456.0,902767867.0,0.008180576945590377
2025-05-16,106.41,106.65,105.14,106.62,8357816.0,945863562.0,902767867.0,0.009257990127377894
2025-05-19,106.37,107.47,106.28,107.07,6893490.0,787899984.0,902767867.0,0.007635949674314228
2025-05-20,107.34,108.71,107.29,108.24,9754593.0,1127459678.0,902767867.0,0.010805206251320861
2025-05-21,108.52,108.69,107.61,107.77,5897723.0,679237099.0,902767867.0,0.0065329341191538
2025-05-22,107.87,108.47,107.09,107.61,6173882.0,707924919.0,902767867.0,0.006838836677380321
2025-05-23,107.49,108.24,107.02,107.02,5946663.0,682755022.0,902767867.0,0.006587145175826246
2025-05-26,107.21,107.54,106.54,107.4,5362241.0,612384429.0,902767867.0,0.005939778315126938
2025-05-27,107.35,108.89,107.18,108.62,8263976.0,956232797.0,902767867.0,0.009154043140084427
2025-05-28,108.49,109.06,107.43,107.63,5661285.0,652462370.0,902767867.0,0.006271030690107627
2025-05-29,107.63,107.96,107.28,107.72,5086845.0,584516364.0,902767867.0,0.005634720935409634
2025-05-30,107.71,109.64,107.5,109.49,8855828.0,1028207835.0,902767867.0,0.009809640244982269
2025-06-03,109.02,110.36,108.83,110.28,8798800.0,1030279736.0,902767867.0,0.00974647007457123
2025-06-04,110.21,110.57,109.89,110.24,7956414.0,936020256.0,902767867.0,0.00881335533844383
2025-06-05,110.15,111.22,109.53,110.82,7882898.0,929628289.0,902767867.0,0.008731921336761535
2025-06-06,111.24,111.57,110.05,111.44,7014559.0,814325517.0,902767867.0,0.007770058346571611
2025-06-09,111.34,111.89,109.09,109.25,10303202.0,1185094656.0,902767867.0,0.011412902891901446
2025-06-10,109.25,109.66,108.23,108.29,9349870.0,1063804854.0,902767867.0,0.010356892775847991
2025-06-11,108.29,108.64,107.99,108.33,6101613.0,691780975.0,902767867.0,0.00675878398316984
2025-06-12,108.33,108.54,106.61,106.69,10583688.0,1186310425.0,902767867.0,0.011723598487361757
2025-06-13,106.7,107.76,106.7,107.25,8086252.0,907830474.0,902767867.0,0.008957177471182633
2025-06-16,107.25,108.23,107.25,108.05,6598387.0,744888969.0,902767867.0,0.007309062762642614
2025-06-17,108.07,108.28,107.02,107.9,4713463.0,530403829.0,902767867.0,0.005221124025673812
2025-06-18,107.87,107.97,107.23,107.76,4810070.0,541436031.0,902767867.0,0.0053281360312307175
2025-06-19,107.67,107.91,106.42,107.7,6997347.0,785717864.0,902767867.0,0.007750992537265396
2025-06-20,107.53,109.28,107.42,109.03,8587860.0,974878603.0,902767867.0,0.009512810894054561
2025-06-23,108.47,109.61,107.04,107.51,9647910.0,1090510435.0,902767867.0,0.010687033015542632
2025-06-24,107.51,108.14,107.39,107.69,8189147.0,922903959.0,902767867.0,0.009071154722435418
2025-06-25,107.4,108.07,107.1,107.8,9225229.0,1039703059.0,902767867.0,0.01021882738323029
2025-06-26,107.7,108.86,107.61,108.27,8713514.0,985594093.0,902767867.0,0.009651998391298525
2025-06-27,108.17,109.21,106.94,107.2,10521876.0,1187447539.0,902767867.0,0.011655129058774973
2025-06-30,106.65,108.09,106.63,107.56,8143024.0,915553055.0,902767867.0,0.009020064069249819
2025-07-01,107.51,107.93,107.13,107.57,4991976.0,561844589.0,902767867.0,0.0055296341202184145
2025-07-02,107.51,107.87,106.91,106.93,5948903.0,667042186.0,902767867.0,0.006589626433834956
2025-07-03,106.94,107.14,106.08,106.27,9666345.0,1077620401.0,902767867.0,0.010707453547413424
2025-07-04,106.18,106.99,106.09,106.93,5903871.0,658755302.0,902767867.0,0.006539744286224135
2025-07-07,106.84,107.43,106.25,107.26,6634746.0,743186699.0,902767867.0,0.0073493377894009605
2025-07-08,107.26,107.52,106.6,106.99,8520949.0,954673780.0,902767867.0,0.009438693280384557
2025-07-09,106.99,109.48,106.85,108.49,16017694.0,1817877075.0,902767867.0,0.01774287121364722
2025-07-10,108.49,108.93,107.19,107.42,10219094.0,1154221436.0,902767867.0,0.01131973608449225
2025-07-11,107.38,108.94,107.06,107.76,11729346.0,1327267317.0,902767867.0,0.012992648972961285
2025-07-14,107.81,108.62,107.64,108.16,5520608.0,624914234.0,902767867.0,0.006115202148638283
2025-07-15,108.01,108.41,107.25,107.44,6524367.0,734594443.0,902767867.0,0.007227070477908359
2025-07-16,107.45,108.31,107.45,107.94,6274118.0,708655910.0,902767867.0,0.006949868542452231
2025-07-17,107.9,108.26,106.64,106.81,11720473.0,1312640162.0,902767867.0,0.012982820311215176
2025-07-18,106.82,106.99,106.42,106.74,10544097.0,1176094764.0,902767867.0,0.011679743359762271
2025-07-21,106.56,106.74,106.23,106.34,10556997.0,1174713180.0,902767867.0,0.011694032747401719
2025-07-22,106.38,106.73,105.81,106.67,12890115.0,1433579680.0,902767867.0,0.014278437980779393
2025-07-23,106.71,107.11,106.23,106.44,10486630.0,1169984902.0,902767867.0,0.011616086907089705
2025-07-24,106.47,106.48,105.93,106.08,10973576.0,1218863531.0,902767867.0,0.012155479167049264
2025-07-25,106.09,106.21,105.29,105.39,11794813.0,1303810109.0,902767867.0,0.013065167061379246
2025-07-28,105.59,105.73,104.28,104.53,14370162.0,1574621396.0,902767867.0,0.015917892655787226
2025-07-29,104.55,104.72,103.99,104.36,10098696.0,1101093576.0,902767867.0,0.011186370681933011
2025-07-30,104.26,105.07,103.98,104.66,12218911.0,1336920262.0,902767867.0,0.013534942310922992
2025-07-31,104.56,104.63,103.59,103.75,10406245.0,1131411008.0,902767867.0,0.011527044083415521
2025-08-01,103.86,104.34,102.89,103.29,11336377.0,1228040984.0,902767867.0,0.012557355455807334
2025-08-04,103.15,103.57,102.99,103.33,9212275.0,996126293.0,902767867.0,0.01020447817954956
2025-08-05,103.36,104.24,103.11,104.24,10391539.0,1128369213.0,902767867.0,0.011510754181506551
2025-08-06,103.96,104.27,103.26,103.47,11299781.0,1226873052.0,902767867.0,0.012516817903090031
2025-08-07,103.44,103.44,102.92,103.06,13088049.0,1411875977.0,902767867.0,0.014497690356982987
2025-08-08,104.15,105.22,103.98,105.11,23011949.0,2524519510.0,902767867.0,0.02549043872869702
2025-08-11,104.9,105.3,104.02,104.15,19561559.0,2136631683.0,902767867.0,0.02166842630875341
2025-08-12,104.25,104.98,104.21,104.51,9826050.0,1075337554.0,902767867.0,0.010884359489503186
2025-08-13,104.81,104.82,104.07,104.38,11406215.0,1244912129.0,902767867.0,0.012634715320455684
2025-08-14,104.39,104.7,103.98,103.99,11010390.0,1202558871.0,902767867.0,0.012196258199340629
2025-08-15,104.02,104.31,103.45,103.53,13350639.0,1446975599.0,902767867.0,0.014788562473280854
2025-08-18,103.52,104.02,103.03,103.39,17703035.0,1918270938.0,902767867.0,0.01960973096974441
2025-08-19,103.56,103.73,102.26,102.26,27490312.0,2956938209.0,902767867.0,0.030451141433903074
2025-08-20,102.41,102.93,101.61,102.92,21543285.0,2303122835.0,902767867.0,0.023863593053650413
2025-08-21,102.81,104.23,102.53,104.19,21374219.0,2319087339.0,902767867.0,0.023676317890034073
2025-08-22,104.18,104.73,103.78,104.68,16853683.0,1841919207.0,902767867.0,0.018668899964291705
2025-08-25,104.74,105.3,104.06,105.21,17662565.0,1934044362.0,902767867.0,0.019564902169917398
2025-08-26,105.19,105.21,104.63,104.76,11312968.0,1240850446.0,902767867.0,0.012531425201911844
2025-08-27,104.95,105.32,103.93,103.98,14911249.0,1633889578.0,902767867.0,0.016517257143358204
2025-08-28,104.17,104.45,103.5,104.14,13084132.0,1423028523.0,902767867.0,0.014493351478581148
2025-08-29,104.17,105.11,103.84,104.65,16291507.0,1782968817.0,902767867.0,0.018046175097191402
2025-09-01,105.1,105.14,104.26,104.64,12262839.0,1312560940.0,902767867.0,0.013583601552800948
2025-09-02,104.64,105.71,104.17,105.53,19299955.0,2075678543.0,902767867.0,0.021378646389061166
2025-09-03,105.63,105.63,104.65,105.03,11563298.0,1240919187.0,902767867.0,0.012808716861429894
2025-09-04,104.83,104.83,103.18,104.4,15538442.0,1650199426.0,902767867.0,0.017212001631865793
2025-09-05,104.15,104.36,103.47,104.2,10397389.0,1104408946.0,902767867.0,0.011517234252645371
2025-09-08,104.2,106.01,103.7,105.73,18630006.0,2004429291.0,902767867.0,0.02063654088831232
2025-09-09,105.63,105.87,104.49,104.65,10339630.0,1110327717.0,902767867.0,0.011453254350268095
2025-09-10,104.71,106.6,104.4,106.09,14645917.0,1585541449.0,902767867.0,0.016223347701408607
2025-09-11,105.88,106.09,105.18,105.92,12923702.0,1394222673.0,902767867.0,0.01431564245075196
2025-09-12,105.81,106.13,105.17,105.38,10187073.0,1099724663.0,902767867.0,0.011284266279716843
2025-09-15,106.51,106.51,104.68,105.03,9696810.0,1043309012.0,902767867.0,0.010741199764036351
2025-09-16,104.86,105.25,104.62,104.65,8777033.0,940163348.0,902767867.0,0.009722358671412482
2025-09-17,104.65,104.92,104.17,104.39,9440195.0,1008155952.0,902767867.0,0.010456946181935826
2025-09-18,104.35,104.35,102.54,102.63,20277464.0,2141134194.0,902767867.0,0.02246143747604167
2025-09-19,102.67,103.18,102.59,103.12,8809440.0,926981149.0,902767867.0,0.009758256050112603
2025-09-22,103.1,103.36,102.55,102.67,10777918.0,1132266269.0,902767867.0,0.011938747926215234
2025-09-23,102.5,103.88,102.2,103.84,12393648.0,1307763020.0,902767867.0,0.013728499266578348
2025-09-24,103.65,104.32,103.38,104.18,10392582.0,1105267920.0,902767867.0,0.011511909517266857
2025-09-25,104.07,104.32,103.36,103.67,6912154.0,732391523.0,902767867.0,0.007656623870508231
2025-09-26,103.75,103.82,102.74,103.47,7175135.0,757367362.0,902767867.0,0.007947929099253152
2025-09-29,103.28,103.47,102.02,102.97,12187328.0,1278762393.0,902767867.0,0.013499957680704645
2025-09-30,102.81,102.84,102.21,102.38,8351865.0,874429639.0,902767867.0,0.00925139817808779
2025-10-09,101.87,103.36,101.52,103.12,13628543.0,1425919332.0,902767867.0,0.015096397975804338
2025-10-10,102.71,104.64,102.5,104.25,17256703.0,1831903261.0,902767867.0,0.019115327019055276
2025-10-13,103.87,105.08,103.36,104.6,13797859.0,1472093655.0,902767867.0,0.015283950065537722
2025-10-14,104.5,105.53,103.87,105.24,16171982.0,1736920011.0,902767867.0,0.01791377672063288
2025-10-15,104.85,105.54,104.34,104.77,8423201.0,902263939.0,902767867.0,0.009330417384029465
2025-10-16,104.78,105.53,104.46,105.44,8057246.0,866721428.0,902767867.0,0.008925047395378772
2025-10-17,105.25,105.98,105.11,105.56,12273683.0,1325774639.0,902767867.0,0.01359561350005383
2025-10-20,105.25,105.55,104.46,105.41,8099093.0,870007157.0,902767867.0,0.008971401504258458
2025-10-21,104.76,105.11,103.39,103.79,20182621.0,2143105933.0,902767867.0,0.02235637946116662
2025-10-22,103.47,104.14,103.44,103.87,8667782.0,919928489.0,902767867.0,0.009601340850559982
2025-10-23,103.67,104.51,103.67,104.35,8097865.0,862813852.0,902767867.0,0.00897004124317154
2025-10-24,104.36,104.94,104.25,104.52,7856287.0,840256584.0,902767867.0,0.00870244421315895
2025-10-27,104.36,105.33,104.05,104.36,10928762.0,1169579047.0,902767867.0,0.012105838499012504
2025-10-28,104.5,104.69,104.12,104.32,6117102.0,652713495.0,902767867.0,0.00677594121767739
2025-10-29,104.27,104.35,103.57,103.64,9048647.0,960170766.0,902767867.0,0.010023226712831151
2025-10-30,103.76,104.8,103.59,104.1,10734685.0,1144134578.0,902767867.0,0.011890858538942659
2025-10-31,104.11,104.34,102.81,103.47,14302488.0,1510888734.0,902767867.0,0.015842929863608007
2025-11-03,103.38,104.4,103.18,104.28,10907747.0,1159953921.0,902767867.0,0.012082560089613822
2025-11-04,104.29,105.62,103.96,105.29,15043690.0,1615723975.0,902767867.0,0.016663962630827665
2025-11-05,105.19,105.68,104.7,104.84,6530711.0,701138001.0,902767867.0,0.0072340977550544566
2025-11-06,104.85,105.21,104.36,104.82,6053456.0,648842605.0,902767867.0,0.006705440259095974
2025-11-07,104.65,105.4,104.65,105.19,5458728.0,586578620.0,902767867.0,0.006046657396147664
2025-11-10,104.94,105.47,104.53,105.37,6809831.0,732056797.0,902767867.0,0.007543280226211242
2025-11-11,105.49,105.63,105.08,105.43,6841780.0,737474341.0,902767867.0,0.007578670276264939
2025-11-12,105.53,106.58,105.53,106.2,13108523.0,1422658374.0,902767867.0,0.014520369498264386
2025-11-13,106.19,106.54,104.4,104.97,14354310.0,1541230165.0,902767867.0,0.01590033332455773
2025-11-14,104.98,105.63,104.8,104.85,8539179.0,919245571.0,902767867.0,0.009458886732839374
2025-11-17,104.7,104.85,103.82,104.3,9238290.0,983555149.0,902767867.0,0.010233295111289113
2025-11-18,104.19,105.51,103.97,105.44,11445976.0,1228217880.0,902767867.0,0.012678758757814759
2025-11-19,105.42,105.75,105.11,105.52,7711138.0,831885678.0,902767867.0,0.008541662017307933
2025-11-20,105.25,106.88,105.25,106.3,14338886.0,1558306426.0,902767867.0,0.015883248090840612
2025-11-21,106.1,106.97,105.69,106.1,15022126.0,1634006383.0,902767867.0,0.016640076091675955
2025-11-24,106.1,106.8,105.14,106.33,13552723.0,1468071310.0,902767867.0,0.01501241182302737
2025-11-25,106.26,106.44,105.33,106.27,9464490.0,1024266060.0,902767867.0,0.010483857861990119
2025-11-26,106.21,107.2,105.94,106.58,9803188.0,1068003340.0,902767867.0,0.010859035149951787
2025-11-27,106.19,106.4,105.45,105.87,8538225.0,923580309.0,902767867.0,0.009457829982776736
2025-11-28,105.67,106.02,105.25,105.33,7961801.0,859178697.0,902767867.0,0.008819322542413886
2025-12-01,104.36,104.97,104.17,104.7,17623312.0,1882464441.0,902767867.0,0.019521421446428155
2025-12-02,104.52,105.24,104.43,104.99,10478681.0,1124172308.0,902767867.0,0.011607281764272188
2025-12-03,104.99,105.28,104.18,104.3,10364736.0,1107982394.0,902767867.0,0.011481064378646077
2025-12-04,104.34,104.59,103.59,103.78,11753906.0,1248611438.0,902767867.0,0.013019854194699644
2025-12-05,103.87,103.99,102.74,103.15,14601246.0,1539924441.0,902767867.0,0.016173865435110797
2025-12-08,103.15,103.28,102.13,102.21,19437391.0,2037723420.0,902767867.0,0.021530884860349157
2025-12-09,102.19,102.69,102.13,102.61,10180915.0,1067026553.0,902767867.0,0.011277445035601826
2025-12-10,102.47,102.69,102.16,102.4,6707723.0,702205941.0,902767867.0,0.007430174738374909
2025-12-11,102.4,102.56,102.0,102.02,8373928.0,874640054.0,902767867.0,0.009275837461769118
2025-12-12,102.02,102.18,101.64,102.07,15945182.0,1660186120.0,902767867.0,0.01766254934725097
2025-12-15,102.11,102.14,100.54,100.55,19547135.0,2020734691.0,902767867.0,0.021652448779504466
2025-12-16,100.54,100.98,99.87,100.73,10906930.0,1119272226.0,902767867.0,0.012081655095063325
2025-12-17,100.64,100.64,99.56,100.06,11959506.0,1222268013.0,902767867.0,0.01324759823335626
2025-12-18,99.95,100.29,99.56,99.66,9791708.0,999468910.0,902767867.0,0.010846318702657147
2025-12-19,99.77,100.18,99.62,99.91,8820683.0,900904764.0,902767867.0,0.009770709971448285
2025-12-22,99.77,100.01,98.64,98.94,20592437.0,2085607728.0,902767867.0,0.0228103344754959
2025-12-23,98.78,99.06,98.6,98.77,12770784.0,1289364532.0,902767867.0,0.014146254498887697
2025-12-24,98.72,99.7,97.9,99.29,16437369.0,1658984681.0,902767867.0,0.01820774708632823
2025-12-25,99.17,99.24,98.14,98.3,17634204.0,1775386565.0,902767867.0,0.01953348656349551
2025-12-26,98.1,98.89,97.92,98.62,14736262.0,1482522711.0,902767867.0,0.016323423261585805
2025-12-29,98.55,99.36,98.05,98.37,17789608.0,1793909117.0,902767867.0,0.019705628268667653
2025-12-30,98.29,98.68,98.02,98.14,8788834.0,882278237.0,902767867.0,0.009735430691841405
2025-12-31,98.14,98.91,98.14,98.83,10708241.0,1079065469.0,902767867.0,0.011861566401986259
2026-01-05,99.15,99.21,97.8,98.37,21477952.0,2158943186.0,902767867.0,0.02379122339763119
2026-01-06,98.37,98.52,97.93,98.45,15228763.0,1529741403.0,902767867.0,0.016868968819866072
2026-01-07,98.38,98.8,98.02,98.1,15691902.0,1576801948.0,902767867.0,0.017381989959551807
2026-01-08,98.1,98.24,97.84,97.92,13181669.0,1319990563.0,902767867.0,0.014601393649293457
2026-01-09,97.92,98.15,97.35,97.92,18177767.0,1817591657.0,902767867.0,0.020135593727329686
2026-01-12,98.23,98.38,97.8,98.19,16118216.0,1616280467.0,902767867.0,0.017854219882197025
2026-01-13,98.2,98.67,97.82,97.98,17210814.0,1728861433.0,902767867.0,0.01906449556871523
2026-01-14,97.98,98.01,96.82,96.85,26212401.0,2610123256.0,902767867.0,0.029035593709274103
2026-01-15,96.78,96.78,94.87,94.97,28476178.0,2784067892.0,902767867.0,0.03154318960712411
2026-01-16,95.0,95.66,93.89,94.16,21785954.0,2106243962.0,902767867.0,0.02413239858923778
2026-01-19,94.16,94.62,93.65,94.38,12391626.0,1194204426.0,902767867.0,0.0137262594881437
2026-01-20,94.38,95.3,94.15,95.18,13021335.0,1263076480.0,902767867.0,0.014423790961093213
2026-01-21,94.97,94.97,93.89,94.03,13332291.0,1286511001.0,902767867.0,0.014768238311698793
2026-01-22,94.12,94.8,93.99,94.13,9770689.0,941655473.0,902767867.0,0.010823035862440593
2026-01-23,94.29,94.29,93.15,93.28,15781274.0,1507811099.0,902767867.0,0.017480987723281473
2026-01-26,93.26,93.78,92.65,92.72,19469435.0,1851348779.0,902767867.0,0.02156638014232733
2026-01-27,92.74,93.0,92.18,92.19,14886467.0,1408983463.0,902767867.0,0.01648980601122791
2026-01-28,92.19,94.02,91.74,93.6,23571562.0,2241310226.0,902767867.0,0.026110324549245393
2026-01-29,93.24,94.87,92.63,94.85,20905474.0,2005611519.0,902767867.0,0.02315708695909975
2026-01-30,94.75,95.46,94.11,94.26,13752638.0,1330261286.0,902767867.0,0.015233858561782417
2026-02-02,91.05,91.37,89.5,90.62,32136246.0,2973282961.0,902767867.0,0.03559746328454555
2026-02-03,90.62,90.76,89.86,90.05,15162510.0,1396598026.0,902767867.0,0.016795580075736127
2026-02-04,89.99,92.91,89.96,92.84,19485059.0,1826645132.0,902767867.0,0.021583686916938082
2026-02-05,92.84,93.84,92.62,93.26,10909588.0,1040225441.0,902767867.0,0.012084599373539732
2026-02-06,93.42,93.65,92.75,93.02,8132271.0,774214317.0,902767867.0,0.009008152923103542
2026-02-09,93.08,93.15,92.0,92.17,11119937.0,1050123734.0,902767867.0,0.012317603900715709
2026-02-10,92.13,92.49,91.45,91.79,12150268.0,1142319513.0,902767867.0,0.01345890615311411
2026-02-11,91.81,92.26,91.81,92.08,5203399.0,489718449.0,902767867.0,0.005763828321993211
2026-02-12,92.12,92.21,91.05,91.24,8570652.0,801821915.0,902767867.0,0.009493749515566221
2026-02-13,91.3,91.42,90.53,90.57,8873030.0,824206286.0,902767867.0,0.0098286949772438
2026-02-24,90.96,92.72,90.73,92.59,12411311.0,1167047791.0,902767867.0,0.01374806465059971
2026-02-25,92.44,92.76,91.9,92.16,9082250.0,857162757.0,902767867.0,0.01006044890607521
2026-02-26,92.21,92.45,91.36,91.9,7667222.0,719953653.0,902767867.0,0.008493016067883595
2026-02-27,91.9,92.25,91.55,92.24,6168634.0,580202594.0,902767867.0,0.006833023444331343
2026-03-02,91.84,93.85,91.64,93.48,15765735.0,1500274588.0,902767867.0,0.017463775103550513
2026-03-03,93.57,94.32,93.19,93.53,13622932.0,1306057339.0,902767867.0,0.015090182646033413
2026-03-04,93.5,93.51,91.66,92.34,13414803.0,1264656512.0,902767867.0,0.014859637222776783
2026-03-05,92.33,93.85,92.01,93.51,11680515.0,1111302833.0,902767867.0,0.01293855865607587
2026-03-06,93.08,93.8,92.86,93.51,7754071.0,739959783.0,902767867.0,0.008589219093240057
2026-03-09,93.22,94.32,92.89,93.12,13461340.0,1286713760.0,902767867.0,0.014911186465612207
2026-03-10,93.07,93.32,92.45,93.3,8373598.0,795381894.0,902767867.0,0.00927547191929462
2026-03-11,93.31,94.75,93.24,94.47,13763585.0,1325207315.0,902767867.0,0.01524598460259552
2026-03-12,94.54,94.86,94.13,94.32,7558867.0,729790686.0,902767867.0,0.008372990750234578
2026-03-13,94.27,96.01,94.12,95.74,17324106.0,1689803292.0,902767867.0,0.019189989623323623
2026-03-16,95.74,96.61,95.46,95.55,12724313.0,1248406253.0,902767867.0,0.014094778364547172
2026-03-17,95.55,96.19,95.25,95.59,7889209.0,772799122.0,902767867.0,0.008738912059660183
2026-03-18,95.58,95.76,94.78,95.63,7197774.0,700923988.0,902767867.0,0.007973006420708148
2026-03-19,95.16,96.71,95.16,96.42,13999435.0,1378249815.0,902767867.0,0.015507236701414406
2026-03-20,96.18,96.23,94.02,94.13,14622352.0,1420897618.0,902767867.0,0.01619724464561608
2026-03-23,93.56,93.56,91.13,91.22,16630459.0,1561221660.0,902767867.0,0.018421633742087988
2026-03-24,91.65,92.42,91.32,91.82,10142008.0,952231663.0,902767867.0,0.011234347577858572
2026-03-25,91.15,92.08,91.13,91.79,8296088.0,776883580.0,902767867.0,0.009189613745966437
2026-03-26,91.74,92.22,91.25,91.81,7376464.0,691207374.0,902767867.0,0.008170942132126198
2026-03-27,91.14,91.52,90.98,91.37,7448304.0,694822846.0,902767867.0,0.008250519621119834
2026-03-30,90.96,91.47,90.26,91.35,9481343.0,880244998.0,902767867.0,0.01050252600539226
2026-03-31,91.35,92.41,91.16,91.73,8758634.0,823309603.0,902767867.0,0.009701978016902544
2026-04-01,92.08,92.25,91.52,91.79,7484273.0,702615044.0,902767867.0,0.00829036264313559
2026-04-02,91.77,91.77,90.96,91.23,6099814.0,569686046.0,902767867.0,0.006756791222831594
2026-04-03,91.24,91.44,90.65,90.98,7071686.0,657608060.0,902767867.0,0.007833338179725
2026-04-07,90.99,91.47,90.9,91.33,5472300.0,510229255.0,902767867.0,0.006061691161189724
2026-04-08,91.45,91.92,91.36,91.92,7651651.0,717417543.0,902767867.0,0.008475768001609655
2026-04-09,91.69,91.72,91.31,91.58,5283533.0,494263201.0,902767867.0,0.005852593111845883
2026-04-10,91.59,92.13,91.44,91.93,7198011.0,676029138.0,902767867.0,0.007973268946667106
2026-04-13,91.71,91.77,91.41,91.6,5637325.0,527634657.0,902767867.0,0.006244490091050173
2026-04-14,91.54,91.9,91.26,91.49,6360382.0,595089764.0,902767867.0,0.007045423560694811
2026-04-15,91.45,91.82,91.36,91.65,7742425.0,725061383.0,902767867.0,0.0085763187670037
2026-04-16,91.63,91.9,91.52,91.6,5820771.0,545653093.0,902767867.0,0.006447694044918858
2026-04-17,91.6,91.6,91.26,91.42,6039433.0,564473102.0,902767867.0,0.006689906919338767
2026-04-20,91.26,91.33,91.15,91.25,5326728.0,496905152.0,902767867.0,0.005900440406348668
2026-04-21,91.9,94.61,91.9,94.54,23160884.0,2214549782.0,902767867.0,0.025655414693664544
2026-04-22,93.99,94.77,93.42,93.71,9666666.0,928870864.0,902767867.0,0.010707809120547708
2026-04-23,93.72,94.5,93.58,93.74,8590356.0,825852118.0,902767867.0,0.009515575724407125
2026-04-24,93.69,93.88,93.11,93.34,6432798.0,614527246.0,902767867.0,0.007125639087462115
2026-04-27,93.77,93.77,93.03,93.4,6643975.0,634298357.0,902767867.0,0.00735956079393774
2026-04-28,93.22,94.03,93.01,93.92,7431305.0,710812120.0,902767867.0,0.00823168975286534
2026-04-29,93.89,94.44,93.79,94.43,7124805.0,686599573.0,902767867.0,0.007892178333369944
2026-04-30,94.18,94.98,94.18,94.51,7441002.0,720223155.0,902767867.0,0.008242431163093224
2026-05-06,94.49,94.67,93.11,94.66,10383932.0,996024002.0,902767867.0,0.01150232787361715
2026-05-07,94.27,94.43,93.63,93.91,9128958.0,876722160.0,902767867.0,0.01011218756637469
2026-05-08,93.91,95.11,93.62,94.56,9339412.0,901039870.0,902767867.0,0.010345308402519826
2026-05-11,94.57,95.73,93.71,95.53,12414990.0,1205624929.0,902767867.0,0.013752139895338123
2026-05-12,95.36,96.04,94.99,95.23,9000982.0,879103481.0,902767867.0,0.009970427979355628
2026-05-13,95.04,95.88,94.88,95.74,9530690.0,931183261.0,902767867.0,0.010557187897783251
2026-05-14,95.74,96.78,95.37,96.36,13894733.0,1367223079.0,902767867.0,0.015391257828187632
2026-05-15,96.31,97.36,95.55,95.82,15538680.0,1534324824.0,902767867.0,0.017212265265529218
2026-05-18,96.8,99.71,96.24,98.14,24339789.0,2433633144.0,902767867.0,0.026961293029717462
2026-05-19,97.61,101.09,97.33,98.78,21979375.0,2228841439.0,902767867.0,0.024346651895176503
2026-05-20,97.8,97.98,96.4,96.98,11885049.0,1179228891.0,902767867.0,0.013165121881769415
2026-05-21,96.85,96.87,94.39,94.62,14086296.0,1375658849.0,902767867.0,0.015603453019224486
2026-05-22,94.57,94.76,93.68,93.87,8831192.0,848861008.0,902767867.0,0.009782350837704328
2026-05-25,94.0,94.67,93.55,94.5,8188863.0,787307457.0,902767867.0,0.009070840134366457
2026-05-26,94.39,95.34,94.21,95.05,7770766.0,753626266.0,902767867.0,0.008607712219336225
2026-05-27,94.93,95.65,94.24,95.44,7741080.0,751504720.0,902767867.0,0.008574828904494005
2026-05-28,95.41,96.19,94.67,96.02,8838712.0,863048041.0,902767867.0,0.009790680775304999
2026-05-29,96.02,97.29,95.84,96.92,7768875.0,768636737.0,902767867.0,0.008605617550186908
2026-06-01,96.63,96.92,96.04,96.73,7580179.0,748444936.0,902767867.0,0.008396598147860307
2026-06-02,96.73,98.28,96.22,98.21,9544657.0,955025962.0,902767867.0,0.01057265920609024
2026-06-03,98.21,98.68,97.31,97.96,8236631.0,824452841.0,902767867.0,0.009123752961402203
2026-06-04,97.8,98.26,96.56,97.96,9598949.0,957848178.0,902767867.0,0.010632798697076356
2026-06-05,98.11,98.48,97.0,97.33,7609022.0,743118455.0,902767867.0,0.008428547667835856
2026-06-08,97.0,97.52,95.08,96.6,8689584.0,838285484.0,902767867.0,0.009625491023375116
2026-06-09,96.17,96.77,95.5,95.86,6624242.0,635075761.0,902767867.0,0.007337702461667258
2026-06-10,96.01,98.3,96.01,97.27,11654351.0,1137136148.0,902767867.0,0.012909576676370561
2026-06-11,96.8,97.18,95.8,95.97,7115763.0,684211414.0,902767867.0,0.007882162469568714
2026-06-12,95.9,96.16,95.06,95.12,9674562.0,922416878.0,902767867.0,0.010716555555028411
2026-06-15,95.12,95.23,93.9,94.23,11538145.0,1087968423.0,902767867.0,0.012780854770941909
2026-06-16,94.06,94.06,92.88,92.99,11334422.0,1056954502.0,902767867.0,0.012555189893572054
2026-06-17,93.03,93.64,92.18,92.98,8648906.0,802141623.0,902767867.0,0.009580431821018726
2026-06-18,92.98,92.98,91.52,91.65,9028811.0,829927140.0,902767867.0,0.010001254287000447
2026-06-22,91.6,92.01,90.1,91.93,12937449.0,1175626053.0,902767867.0,0.014330870064075952
2026-06-23,91.78,92.39,90.33,90.52,9628651.0,877680885.0,902767867.0,0.010665699735190066
2026-06-24,90.52,90.7,88.67,88.7,12578188.0,1124538946.0,902767867.0,0.013932915049135217
2026-06-25,88.52,88.78,87.26,87.7,11267070.0,988929304.0,902767867.0,0.012480583782231585
2026-06-26,87.7,88.36,86.02,86.82,10966614.0,952412578.0,902767867.0,0.012147767328541835
2026-06-29,86.95,88.25,85.38,87.6,10533881.0,916209743.0,902767867.0,0.011668427050915404
2026-06-30,87.49,87.49,86.01,86.13,8204688.0,708181717.0,902767867.0,0.009088369557575315
2026-07-01,86.0,87.26,85.61,86.49,9898084.0,855241957.0,902767867.0,0.010964151873163647
2026-07-02,86.62,88.35,86.48,88.25,10806513.0,945724251.0,902767867.0,0.011970422735482676
2026-07-03,88.25,88.84,87.01,87.48,8550419.0,750731034.0,902767867.0,0.009471337331061652
2026-07-06,87.4,88.4,86.74,88.0,7561083.0,663216337.0,902767867.0,0.008375445423336052
2026-07-07,87.88,88.49,87.59,88.42,5780590.0,509377636.0,902767867.0,0.006403185371683151
2026-07-08,88.4,90.04,87.9,89.95,9440440.0,843508619.0,902767867.0,0.01045721756953053
2026-07-09,89.19,90.03,88.59,88.71,7653397.0,684407121.0,902767867.0,0.008477702053611086
2026-07-10,88.71,90.0,88.0,89.98,10540106.0,940676263.0,902767867.0,0.01167532251122979
2026-07-13,89.6,91.53,89.41,91.43,10608523.0,962005538.0,902767867.0,0.011751108327828864
2026-07-14,91.03,92.13,90.68,91.8,9829241.0,899982274.0,902767867.0,0.01088789417446113
2026-07-15,91.1,92.98,91.1,92.8,10140754.0,936907496.0,902767867.0,0.011232958516455482
2026-07-16,92.79,93.6,92.46,93.05,9533640.0,887470274.0,902767867.0,0.010560455625964365
2026-07-17,93.0,94.6,92.81,93.4,16682878.0,1567074507.0,902767867.0,0.01847969850260521
2026-07-20,93.4,96.08,93.4,95.8,20161171.0,1925214028.0,902767867.0,0.022332619200324283
2026-07-21,95.81,96.47,94.01,94.94,19419588.0,1849703274.0,902767867.0,0.02151116439770225
2026-07-22,94.7,94.8,92.01,94.09,21248306.0,1978783481.0,902767867.0,0.023536843497332854
2026-07-23,93.79,95.1,93.79,94.43,9313618.0,880427693.0,902767867.0,0.01031673627346774
2026-07-24,94.58,95.2,94.4,94.69,9188498.0,871615894.0,902767867.0,0.010178140290409782
2026-07-27,94.71,95.4,94.12,94.39,7903929.0,748902355.0,902767867.0,0.008755217469431708
2026-07-28,94.23,96.79,94.23,96.35,15674801.0,1503364808.0,902767867.0,0.017363047105441558
2026-07-29,96.35,97.79,96.01,97.3,15051945.0,1463041408.0,902767867.0,0.016673106731212445
2026-07-30,97.1,99.19,96.83,98.7,20810115.0,2050420411.0,902767867.0,0.02305145736871913
2026-07-31,97.5,97.5,95.45,97.41,20138353.0,1946186066.0,902767867.0,0.022307343599769484
2026-08-03,97.4,99.41,96.71,98.97,15991539.0,1579022241.0,902767867.0,0.017713899203282122
2026-08-04,98.82,99.18,96.09,96.42,15813983.0,1533999791.0,902767867.0,0.01751721962873098
2026-08-05,96.2,96.33,95.16,95.99,11438979.0,1095973353.0,902767867.0,0.012671008149650945
2026-08-06,95.99,97.0,95.15,96.45,9649467.0,926945913.0,902767867.0,0.01068875771139958
2026-08-07,96.48,96.69,94.85,95.5,10481923.0,1000651782.0,902767867.0,0.011610872942158009
2026-08-10,95.12,97.61,94.77,96.7,10893645.0,1053343260.0,902767867.0,0.01206693924120363
2026-08-11,96.52,97.26,96.02,96.42,6891569.0,664525129.0,902767867.0,0.007633821774030865
2026-08-12,96.5,96.51,95.7,96.22,8143437.0,783226389.0,902767867.0,0.009020521551195176
2026-08-13,96.19,96.44,95.82,96.11,5661481.0,544440104.0,902767867.0,0.006271247800183389
