date,open,high,low,close,volume,amount,outstanding_share,turnover
2015-06-26,17.28,20.73,17.28,20.73,2068078.0,58507112.0,1525000000.0,0.0013561167213114755
2015-06-29,22.81,22.81,21.32,22.81,314822944.0,9785779200.0,1525000000.0,0.20644127475409835
2015-06-30,22.41,25.08,21.32,25.08,521100320.0,16911142912.0,1525000000.0,0.34170512786885243
2015-07-01,26.3,27.25,24.86,25.44,529359008.0,19065214976.0,1525000000.0,0.34712066098360655
2015-07-02,26.15,26.21,22.9,22.95,355393472.0,11791880192.0,1525000000.0,0.23304489967213116
2015-07-03,21.92,24.33,20.68,21.62,331084320.0,9997440000.0,1525000000.0,0.21710447213114753
2015-07-06,23.78,23.78,21.77,23.34,429413056.0,13615750144.0,1525000000.0,0.2815823318032787
2015-07-07,21.91,22.57,21.01,21.01,281586304.0,8250119168.0,1525000000.0,0.18464675672131148
2015-07-08,18.9,18.9,18.9,18.9,42357000.0,1096199168.0,1525000000.0,0.027775081967213115
2015-07-09,17.01,20.8,17.01,20.8,388972320.0,10128113664.0,1525000000.0,0.2550638163934426
2015-07-10,20.82,22.88,20.8,22.88,367948224.0,11304574976.0,1525000000.0,0.24127752393442622
2015-07-13,23.01,24.82,22.19,23.97,448924416.0,14484165632.0,1525000000.0,0.2943766662295082
2015-07-14,22.9,23.56,21.88,22.19,342775712.0,10652792832.0,1525000000.0,0.2247709586885246
2015-07-15,21.59,22.19,19.97,19.97,245602816.0,6978577408.0,1525000000.0,0.1610510268852459
2015-07-16,19.39,21.0,18.77,20.19,168020736.0,4611822592.0,1525000000.0,0.11017753180327869
2015-07-17,20.2,21.83,19.96,21.45,194051408.0,5551299072.0,1525000000.0,0.1272468249180328
2015-07-20,21.18,21.37,20.45,20.72,169453856.0,4847215616.0,1525000000.0,0.11111728262295081
2015-07-21,20.37,21.61,20.1,20.97,175059552.0,5019340288.0,1525000000.0,0.11479314885245902
2015-07-22,21.02,21.55,20.81,20.92,147120768.0,4251913472.0,1525000000.0,0.09647263475409835
2015-07-23,20.95,21.9,20.83,21.62,214972720.0,6320928256.0,1525000000.0,0.14096571803278687
2015-07-24,21.75,21.81,20.58,20.75,185325664.0,5390726144.0,1525000000.0,0.1215250255737705
2015-07-27,20.09,20.43,18.68,18.68,170324336.0,4578846720.0,1525000000.0,0.11168808918032787
2015-07-28,17.71,20.55,17.15,20.25,316081344.0,8465604608.0,1525000000.0,0.20726645508196723
2015-07-29,20.09,20.29,19.14,20.23,128707392.0,3480672512.0,1525000000.0,0.08439828983606558
2015-07-30,19.8,20.53,19.36,19.47,127825536.0,3511815936.0,1525000000.0,0.08382002360655738
2015-07-31,19.12,19.82,18.85,19.27,85418696.0,2258887424.0,1525000000.0,0.056012259672131144
2015-08-03,18.96,19.32,18.39,19.15,78805344.0,2034841216.0,1525000000.0,0.051675635409836065
2015-08-04,19.15,19.92,18.93,19.81,107286064.0,2865471744.0,1525000000.0,0.07035151737704919
2015-08-05,19.58,19.72,19.12,19.15,73182272.0,1947307136.0,1525000000.0,0.04798837508196721
2015-08-06,18.83,19.39,18.69,18.82,50607688.0,1313193216.0,1525000000.0,0.03318536918032787
2015-08-07,18.82,19.35,18.82,19.06,73221536.0,1913697280.0,1525000000.0,0.048014121967213115
2015-08-10,19.15,20.51,18.9,20.12,195364512.0,5287095808.0,1525000000.0,0.12810787672131146
2015-08-11,19.86,20.19,19.65,19.72,125165672.0,3405112576.0,1525000000.0,0.08207585049180328
2015-08-12,19.56,20.26,19.47,19.63,99997312.0,2715741184.0,1525000000.0,0.06557200786885246
2015-08-13,19.63,19.94,19.27,19.76,80047104.0,2148165632.0,1525000000.0,0.052489904262295085
2015-08-14,19.89,20.06,19.66,19.78,94169968.0,2553032192.0,1525000000.0,0.06175079868852459
2015-08-17,19.71,19.77,19.01,19.31,87254808.0,2305845504.0,1525000000.0,0.057216267540983606
2015-08-18,19.42,20.09,17.6,17.94,145492640.0,3813621248.0,1525000000.0,0.09540500983606558
2015-08-19,17.6,18.34,17.31,18.31,98739104.0,2424804096.0,1525000000.0,0.06474695344262295
2015-08-20,18.12,18.19,17.53,17.59,64117804.0,1566978944.0,1525000000.0,0.04204446163934426
2015-08-21,17.33,17.56,16.8,16.92,77330904.0,1818172416.0,1525000000.0,0.05070878950819672
2015-08-24,16.08,16.43,15.22,15.22,106487440.0,2248943104.0,1525000000.0,0.06982782950819671
2015-08-25,14.06,14.73,13.7,13.7,132366488.0,2543343104.0,1525000000.0,0.08679769704918033
2015-08-26,14.08,14.79,13.29,13.84,131174680.0,2536609024.0,1525000000.0,0.08601618360655738
2015-08-27,14.25,14.82,13.73,14.79,112991328.0,2209278208.0,1525000000.0,0.07409267409836065
2015-08-28,14.83,15.54,14.54,15.44,138621920.0,2837386752.0,1525000000.0,0.09089961967213114
2015-08-31,15.34,15.34,14.39,14.6,103870160.0,2092843520.0,1525000000.0,0.06811158032786885
2015-09-01,14.54,15.26,13.7,14.37,87571760.0,1731038080.0,1525000000.0,0.057424104918032785
2015-09-02,13.79,14.67,13.51,13.67,79235936.0,1517296512.0,1525000000.0,0.05195799081967213
2015-09-07,13.89,14.41,13.73,13.84,72374736.0,1397174784.0,1525000000.0,0.047458843278688524
2015-09-08,13.81,14.67,13.7,14.6,72514840.0,1402205696.0,1525000000.0,0.04755071475409836
2015-09-09,14.6,15.32,14.48,14.98,131610080.0,2685351680.0,1525000000.0,0.0863016918032787
2015-09-10,14.7,14.81,14.4,14.48,66806456.0,1336550912.0,1525000000.0,0.043807512131147544
2015-09-11,14.46,14.65,14.23,14.36,45560460.0,900113728.0,1525000000.0,0.029875711475409836
2015-09-14,14.44,14.45,13.15,13.33,82426392.0,1547267584.0,1525000000.0,0.054050093114754096
2015-09-15,13.15,13.48,12.78,12.82,57417928.0,1029051968.0,1525000000.0,0.03765110032786885
2015-09-16,12.86,13.97,12.75,13.86,77897976.0,1423608064.0,1525000000.0,0.05108064
2015-09-17,13.62,14.1,13.4,13.46,86785368.0,1638974720.0,1525000000.0,0.05690843803278688
2015-09-18,13.62,13.7,13.35,13.54,37715812.0,699215424.0,1525000000.0,0.02473168
2015-09-21,13.22,13.85,13.15,13.8,47896544.0,890533632.0,1525000000.0,0.031407569836065574
2015-09-22,14.03,14.79,13.91,14.62,138227680.0,2747249920.0,1525000000.0,0.09064110163934426
2015-09-23,14.27,14.47,13.92,13.98,80560160.0,1563542144.0,1525000000.0,0.052826334426229506
2015-09-24,14.07,14.14,13.79,13.92,60586756.0,1157110528.0,1525000000.0,0.039729020327868854
2015-09-25,13.79,13.94,13.35,13.44,46731244.0,869595904.0,1525000000.0,0.03064343868852459
2015-09-28,13.46,13.73,13.23,13.7,31967748.0,592411008.0,1525000000.0,0.020962457704918034
2015-09-29,13.42,13.92,13.24,13.52,38340124.0,709853952.0,1525000000.0,0.025141064918032786
2015-09-30,13.55,13.87,13.5,13.59,34637040.0,648402496.0,1525000000.0,0.022712813114754097
2015-10-08,14.32,14.33,14.0,14.04,66136336.0,1280939392.0,1525000000.0,0.04336808918032787
2015-10-09,14.04,14.58,14.01,14.38,70670248.0,1385107072.0,1525000000.0,0.0463411462295082
2015-10-12,14.46,15.31,14.3,15.04,101042008.0,2063018880.0,1525000000.0,0.0662570544262295
2015-10-13,14.84,14.96,14.62,14.82,56074120.0,1135212672.0,1525000000.0,0.03676991475409836
2015-10-14,14.72,15.04,14.62,14.62,60897032.0,1234479104.0,1525000000.0,0.03993248
2015-10-15,14.57,15.08,14.54,15.06,68827864.0,1401204352.0,1525000000.0,0.04513302557377049
2015-10-16,15.25,15.52,15.03,15.37,103258232.0,2166805504.0,1525000000.0,0.06771031606557378
2015-10-19,15.41,16.25,15.41,15.79,133888816.0,2907966976.0,1525000000.0,0.08779594491803279
2015-10-20,15.76,15.9,15.38,15.86,71069616.0,1525329536.0,1525000000.0,0.0466030268852459
2015-10-21,15.92,16.0,14.66,14.83,92566200.0,1960738944.0,1525000000.0,0.06069914754098361
2015-10-22,14.83,15.13,14.63,15.11,50896640.0,1033670528.0,1525000000.0,0.03337484590163935
2015-10-23,15.3,15.67,15.05,15.62,63911884.0,1337142272.0,1525000000.0,0.04190943213114754
2015-10-26,16.08,16.3,15.72,15.89,96725160.0,2118955264.0,1525000000.0,0.06342633442622951
2015-10-27,15.45,15.92,15.2,15.84,53282160.0,1125060992.0,1525000000.0,0.03493912131147541
2015-10-28,15.64,15.92,15.28,15.31,43581148.0,923779712.0,1525000000.0,0.028577801967213115
2015-10-29,15.31,15.49,15.12,15.28,31302288.0,653366656.0,1525000000.0,0.02052609049180328
2015-10-30,15.36,16.06,15.21,15.64,61147776.0,1306092416.0,1525000000.0,0.04009690229508197
2015-11-02,15.34,15.73,15.23,15.26,44098052.0,925482752.0,1525000000.0,0.028916755409836067
2015-11-03,15.26,15.47,15.17,15.28,29041476.0,606097600.0,1525000000.0,0.01904359081967213
2015-11-04,15.37,16.81,15.32,16.81,143868528.0,3197982208.0,1525000000.0,0.09434001836065574
2015-11-05,17.26,18.49,17.25,17.76,324735040.0,7981697536.0,1525000000.0,0.21294100983606556
2015-11-06,17.47,19.28,17.26,18.95,235266224.0,5889620480.0,1525000000.0,0.1542729337704918
2015-11-09,19.01,19.65,18.35,18.51,222833104.0,5757105664.0,1525000000.0,0.1461200681967213
2015-11-10,18.24,19.46,18.14,18.66,178713568.0,4576474112.0,1525000000.0,0.11718922491803278
2015-11-11,18.36,19.05,17.99,18.66,125391600.0,3148950528.0,1525000000.0,0.082224
2015-11-12,18.78,18.78,18.01,18.14,93865312.0,2343682048.0,1525000000.0,0.061551024262295084
2015-11-13,17.81,18.53,17.75,18.15,97282648.0,2403583744.0,1525000000.0,0.06379190032786886
2015-11-16,17.55,17.85,17.4,17.82,80814008.0,1937722368.0,1525000000.0,0.05299279213114754
2015-11-17,18.13,19.37,18.07,18.17,159068080.0,4044098816.0,1525000000.0,0.10430693770491803
2015-11-18,18.24,18.68,17.54,17.66,94097032.0,2328146176.0,1525000000.0,0.06170297180327869
2015-11-19,17.73,17.93,17.46,17.9,60825044.0,1464024064.0,1525000000.0,0.03988527475409836
2015-11-20,18.01,18.5,17.87,18.05,74997080.0,1855885440.0,1525000000.0,0.0491784131147541
2015-11-23,17.87,18.28,17.52,17.58,82196072.0,1998686592.0,1525000000.0,0.05389906360655738
2015-11-24,17.34,17.88,16.99,17.58,82713552.0,1957506048.0,1525000000.0,0.05423839475409836
2015-11-25,17.39,17.63,17.27,17.61,59038360.0,1404789120.0,1525000000.0,0.03871367868852459
2015-11-26,17.69,18.12,17.54,17.64,66318168.0,1610982144.0,1525000000.0,0.043487323278688525
2015-11-27,17.32,17.45,16.06,16.23,106273784.0,2421638656.0,1525000000.0,0.06968772721311475
2015-11-30,16.38,16.48,15.58,16.17,68203800.0,1495416704.0,1525000000.0,0.04472380327868852
2015-12-01,16.18,16.52,15.98,16.34,46113876.0,1022202816.0,1525000000.0,0.030238607213114756
2015-12-02,16.39,17.24,16.15,17.16,74602112.0,1705705984.0,1525000000.0,0.04891941770491803
2015-12-03,16.97,17.5,16.85,17.14,59664554.0,1394586476.0,1525000000.0,0.039124297704918036
2015-12-04,16.97,17.08,16.67,16.77,41290000.0,948086528.0,1525000000.0,0.027075409836065573
2015-12-07,16.99,17.25,16.83,17.06,42053840.0,977219072.0,1525000000.0,0.027576288524590164
2015-12-08,16.88,17.14,16.66,16.68,35306876.0,811877248.0,1525000000.0,0.023152049836065575
2015-12-09,16.6,17.06,16.55,16.86,32281599.0,740738803.0,1525000000.0,0.021168261639344262
2015-12-10,16.91,17.73,16.91,17.03,71599176.0,1690569216.0,1525000000.0,0.0469502793442623
2015-12-11,16.88,18.19,16.72,17.87,129200368.0,3102577664.0,1525000000.0,0.08472155278688524
2015-12-14,17.63,19.45,17.63,19.26,143651104.0,3622841856.0,1525000000.0,0.09419744524590164
2015-12-15,19.09,19.09,18.21,18.37,109062760.0,2769653760.0,1525000000.0,0.07151656393442624
2015-12-16,18.54,18.79,18.21,18.46,60847724.0,1533785728.0,1525000000.0,0.0399001468852459
2015-12-17,18.6,19.25,18.46,18.73,88844632.0,2282566912.0,1525000000.0,0.058258775081967216
2015-12-18,18.6,18.77,18.32,18.58,61260860.0,1544585984.0,1525000000.0,0.040171055737704915
2015-12-21,18.43,19.07,18.4,18.65,66882840.0,1711791232.0,1525000000.0,0.0438576
2015-12-22,18.66,18.87,18.56,18.74,56022607.0,1426716244.0,1525000000.0,0.03673613573770492
2015-12-23,18.76,19.56,18.65,18.82,130799312.0,3408113408.0,1525000000.0,0.0857700406557377
2015-12-24,18.54,18.57,17.84,18.04,72062624.0,1785046784.0,1525000000.0,0.04725417967213115
2015-12-25,18.04,18.18,17.93,18.09,29310265.0,721213034.0,1525000000.0,0.019219845901639346
2015-12-28,18.2,18.32,17.4,17.44,52418117.0,1278131833.0,1525000000.0,0.03437253573770492
2015-12-29,17.41,17.73,17.41,17.62,33119086.0,792188615.0,1525000000.0,0.02171743344262295
2015-12-30,17.69,17.74,17.46,17.68,32562425.0,781572103.0,1525000000.0,0.021352409836065574
2015-12-31,17.64,17.82,17.5,17.55,28327896.0,681987541.0,1525000000.0,0.01857566950819672
2016-01-04,17.44,17.58,16.0,16.07,34332902.0,786743265.0,1525000000.0,0.02251337836065574
2016-01-05,15.64,16.3,15.42,15.99,53871207.0,1166645053.0,1525000000.0,0.03532538163934426
2016-01-06,16.06,16.47,15.92,16.36,36363343.0,802793526.0,1525000000.0,0.023844815081967213
2016-01-07,16.06,16.06,14.79,14.92,9478573.0,200957218.0,1525000000.0,0.0062154577049180326
2016-01-08,15.12,15.89,14.7,15.45,61232871.0,1277085719.0,1525000000.0,0.040152702295081964
2016-01-11,15.01,15.25,14.28,14.39,49206555.0,993191600.0,1525000000.0,0.03226659344262295
2016-01-12,14.61,14.93,14.39,14.56,36980947.0,738483587.0,1525000000.0,0.02424980131147541
2016-01-13,14.76,14.86,14.39,14.44,34951911.0,697683779.0,1525000000.0,0.022919285901639344
2016-01-14,14.03,14.87,13.96,14.8,34590693.0,683459948.0,1525000000.0,0.022682421639344263
2016-01-15,14.7,14.76,14.09,14.18,34844048.0,685105006.0,1525000000.0,0.02284855606557377
2016-01-18,13.87,14.43,13.81,14.18,22412229.0,433041841.0,1525000000.0,0.014696543606557377
2016-01-19,14.2,14.68,13.98,14.58,38211275.0,752121670.0,1525000000.0,0.025056573770491804
2016-01-20,14.57,14.65,14.28,14.42,29206106.0,576065567.0,1525000000.0,0.019151544918032788
2016-01-21,14.19,14.57,13.84,13.87,28800855.0,556747711.0,1525000000.0,0.01888580655737705
2016-01-22,14.06,14.13,13.65,13.98,25033528.0,474830988.0,1525000000.0,0.016415428196721312
2016-01-25,14.04,14.2,13.96,14.04,17720361.0,339611139.0,1525000000.0,0.011619908852459017
2016-01-26,13.89,13.94,12.63,12.63,46616732.0,840915626.0,1525000000.0,0.030568348852459015
2016-01-27,12.7,12.81,11.93,12.36,67607757.0,1135013706.0,1525000000.0,0.04433295540983607
2016-01-28,12.23,12.68,12.1,12.14,44386647.0,747630588.0,1525000000.0,0.029105998032786885
2016-01-29,12.19,12.98,12.19,12.76,59335386.0,1025431824.0,1525000000.0,0.038908449836065576
2016-02-01,12.6,12.76,12.33,12.52,27338101.0,467521157.0,1525000000.0,0.017926623606557376
2016-02-02,12.52,12.96,12.52,12.83,33057110.0,576514955.0,1525000000.0,0.021676793442622952
2016-02-03,12.65,12.81,12.58,12.76,20356838.0,351315002.0,1525000000.0,0.013348746229508197
2016-02-04,12.82,13.1,12.81,12.99,27051730.0,478137446.0,1525000000.0,0.017738839344262295
2016-02-05,12.77,12.83,12.33,12.6,37770118.0,650177273.0,1525000000.0,0.02476729049180328
2016-02-15,12.17,12.5,12.08,12.43,27188877.0,455253837.0,1525000000.0,0.017828771803278687
2016-02-16,12.49,12.96,12.49,12.91,40818346.0,713352449.0,1525000000.0,0.026766128524590163
2016-02-17,12.85,12.96,12.75,12.93,44065496.0,771474722.0,1525000000.0,0.028895407213114753
2016-02-18,13.0,13.26,12.88,12.9,39040772.0,694989238.0,1525000000.0,0.025600506229508196
2016-02-19,12.85,12.96,12.77,12.88,23532586.0,412050351.0,1525000000.0,0.01543120393442623
2016-02-22,13.03,13.56,13.02,13.43,60801247.0,1102323830.0,1525000000.0,0.039869670163934424
2016-02-23,13.36,13.45,12.99,13.21,34426510.0,619992817.0,1525000000.0,0.022574760655737706
2016-02-24,13.15,13.31,12.98,13.3,25683572.0,460562312.0,1525000000.0,0.01684168655737705
2016-02-25,13.32,13.32,12.11,12.3,41423276.0,718055137.0,1525000000.0,0.02716280393442623
2016-02-26,12.47,12.55,12.12,12.41,26396969.0,445817255.0,1525000000.0,0.01730948786885246
2016-02-29,12.32,12.33,11.72,12.0,40767866.0,661460953.0,1525000000.0,0.0267330268852459
2016-03-01,12.05,12.85,11.97,12.41,40171744.0,672263463.0,1525000000.0,0.026342127213114755
2016-03-02,12.51,13.14,12.35,13.02,57271338.0,999625683.0,1525000000.0,0.037554975737704915
2016-03-03,13.05,13.1,12.85,12.94,42855412.0,758316929.0,1525000000.0,0.028101909508196722
2016-03-04,12.99,13.13,12.7,13.07,56211336.0,993302498.0,1525000000.0,0.03685989245901639
2016-03-07,13.27,13.43,13.12,13.23,39717807.0,718810050.0,1525000000.0,0.026044463606557378
2016-03-08,13.17,13.24,12.66,13.21,37799750.0,664495488.0,1525000000.0,0.02478672131147541
2016-03-09,12.96,13.07,12.76,13.05,31237335.0,549583058.0,1525000000.0,0.020483498360655737
2016-03-10,12.96,13.06,12.63,12.68,21080495.0,370239321.0,1525000000.0,0.013823275409836066
2016-03-11,12.58,12.88,12.48,12.8,31252576.0,539941346.0,1525000000.0,0.020493492459016393
2016-03-14,12.92,13.4,12.85,13.1,47274033.0,847933563.0,1525000000.0,0.030999365901639344
2016-03-15,13.04,13.1,12.82,12.98,27743485.0,489278975.0,1525000000.0,0.01819244918032787
2016-03-16,12.96,13.16,12.91,13.02,38948804.0,691607686.0,1525000000.0,0.025540199344262295
2016-03-17,13.07,13.53,13.02,13.36,53758676.0,973351416.0,1525000000.0,0.03525159081967213
2016-03-18,13.43,13.91,13.35,13.76,69581150.0,1298000761.0,1525000000.0,0.04562698360655738
2016-03-21,14.2,15.13,14.15,15.13,159444851.0,3228003822.0,1525000000.0,0.10455400065573771
2016-03-22,14.76,14.97,14.48,14.56,80386593.0,1608848860.0,1525000000.0,0.05271252
2016-03-23,14.46,14.79,14.24,14.67,53330554.0,1052709584.0,1525000000.0,0.03497085508196721
2016-03-24,14.43,14.43,14.01,14.03,48288263.0,936270886.0,1525000000.0,0.03166443475409836
2016-03-25,13.97,14.26,13.96,14.21,30055567.0,578696583.0,1525000000.0,0.019708568524590162
2016-03-28,14.2,14.4,13.97,13.98,28824013.0,556924412.0,1525000000.0,0.018900992131147543
2016-03-29,14.04,14.14,13.73,13.84,28798190.0,547368834.0,1525000000.0,0.018884059016393444
2016-03-30,14.02,14.3,14.02,14.27,35814062.0,693561565.0,1525000000.0,0.02348463081967213
2016-03-31,14.33,14.78,14.24,14.47,48640416.0,959380395.0,1525000000.0,0.03189535475409836
2016-04-01,14.38,14.56,14.1,14.37,27676886.0,539558097.0,1525000000.0,0.01814877770491803
2016-04-05,14.28,14.7,14.28,14.54,37068940.0,733529747.0,1525000000.0,0.024307501639344264
2016-04-06,14.43,14.57,14.32,14.43,26060080.0,513121650.0,1525000000.0,0.017088577049180327
2016-04-07,14.5,14.55,14.07,14.09,25994208.0,504898351.0,1525000000.0,0.017045382295081967
2016-04-08,13.95,14.04,13.74,13.86,24558546.0,463651010.0,1525000000.0,0.016103964590163933
2016-04-11,14.34,14.61,14.29,14.33,48293919.0,948430201.0,1525000000.0,0.03166814360655738
2016-04-12,14.28,14.39,14.09,14.23,22459005.0,435209529.0,1525000000.0,0.014727216393442624
2016-04-13,14.34,14.99,14.34,14.64,77295967.0,1553531543.0,1525000000.0,0.05068588
2016-04-14,14.73,14.76,14.54,14.68,23510107.0,468690605.0,1525000000.0,0.015416463606557377
2016-04-15,14.72,14.72,14.51,14.57,19311716.0,383332630.0,1525000000.0,0.012663420327868852
2016-04-18,14.45,14.45,14.14,14.18,23642222.0,458675570.0,1525000000.0,0.015503096393442623
2016-04-19,14.32,14.34,14.13,14.23,15130784.0,292920328.0,1525000000.0,0.009921825573770492
2016-04-20,14.26,14.29,13.58,13.99,41842104.0,790139236.0,1525000000.0,0.02743744524590164
2016-04-21,13.86,14.0,13.76,13.79,18261145.0,345397658.0,1525000000.0,0.01197452131147541
2016-04-22,13.7,13.93,13.65,13.88,14168790.0,267028656.0,1525000000.0,0.009291009836065574
2016-04-25,13.89,13.89,13.55,13.73,13972503.0,260463992.0,1525000000.0,0.009162297049180328
2016-04-26,13.76,13.9,13.65,13.85,13499336.0,253490940.0,1525000000.0,0.008852023606557378
2016-04-27,13.77,13.9,13.59,13.63,17595180.0,329263812.0,1525000000.0,0.011537822950819673
2016-04-28,13.7,13.71,13.37,13.44,22280791.0,409413570.0,1525000000.0,0.014610354754098361
2016-04-29,13.4,13.52,13.35,13.42,14601656.0,267207556.0,1525000000.0,0.009574856393442624
2016-05-03,13.45,13.79,13.38,13.68,34317772.0,637700157.0,1525000000.0,0.022503457049180327
2016-05-04,13.6,13.67,13.52,13.59,21085304.0,390597840.0,1525000000.0,0.013826428852459017
2016-05-05,13.58,13.62,13.52,13.59,15342654.0,284038010.0,1525000000.0,0.010060756721311475
2016-05-06,13.64,13.68,13.2,13.21,31158319.0,569997014.0,1525000000.0,0.020431684590163934
2016-05-09,13.09,13.09,12.73,12.78,25868267.0,453913887.0,1525000000.0,0.016962798032786885
2016-05-10,12.76,12.85,12.61,12.68,19602636.0,339873519.0,1525000000.0,0.012854187540983606
2016-05-11,12.8,12.81,12.64,12.69,15134809.0,262609669.0,1525000000.0,0.009924464918032786
2016-05-12,12.63,12.74,12.49,12.69,18959753.0,325661872.0,1525000000.0,0.012432624918032787
2016-05-13,12.69,12.81,12.54,12.6,13352131.0,230362112.0,1525000000.0,0.008755495737704918
2016-05-16,12.52,12.71,12.5,12.7,11113922.0,191036841.0,1525000000.0,0.007287817704918033
2016-05-17,12.74,12.89,12.64,12.77,15165267.0,263435913.0,1525000000.0,0.00994443737704918
2016-05-18,12.73,12.75,12.55,12.72,20636216.0,355946878.0,1525000000.0,0.013531944918032788
2016-05-19,12.66,12.77,12.6,12.66,12104231.0,209362141.0,1525000000.0,0.007937200655737706
2016-05-20,12.56,12.75,12.54,12.75,12892718.0,222566388.0,1525000000.0,0.00845424131147541
2016-05-23,12.75,12.89,12.72,12.78,16029706.0,279600982.0,1525000000.0,0.01051128262295082
2016-05-24,12.77,12.77,12.58,12.63,12931863.0,222694499.0,1525000000.0,0.008479910163934427
2016-05-25,12.69,12.81,12.63,12.64,12067432.0,209180183.0,1525000000.0,0.007913070163934426
2016-05-26,12.66,12.72,12.53,12.69,12871545.0,221053293.0,1525000000.0,0.00844035737704918
2016-05-27,12.64,12.74,12.6,12.65,9922364.0,171283411.0,1525000000.0,0.006506468196721312
2016-05-30,12.62,12.76,12.55,12.72,11444440.0,197470605.0,1525000000.0,0.007504550819672131
2016-05-31,12.7,13.54,12.7,13.5,61612836.0,1122870128.0,1525000000.0,0.04040185967213115
2016-06-01,13.51,13.55,13.32,13.4,40938381.0,748595347.0,1525000000.0,0.02684484
2016-06-02,13.4,13.46,13.29,13.41,19011873.0,346576168.0,1525000000.0,0.012466801967213115
2016-06-03,13.42,13.54,13.32,13.45,25030243.0,458049363.0,1525000000.0,0.016413274098360655
2016-06-06,13.45,13.48,13.35,13.4,14398237.0,262840335.0,1525000000.0,0.009441466885245902
2016-06-07,13.44,13.52,13.38,13.46,19524091.0,357794644.0,1525000000.0,0.01280268262295082
2016-06-08,13.52,13.52,13.33,13.4,17598569.0,312334539.0,1525000000.0,0.01154004524590164
2016-06-13,13.31,13.31,12.73,12.76,24853057.0,430496500.0,1525000000.0,0.01629708655737705
2016-06-14,12.66,13.07,12.66,13.04,14957138.0,253690919.0,1525000000.0,0.009807959344262296
2016-06-15,12.75,13.34,12.71,13.16,23747181.0,412054725.0,1525000000.0,0.015571921967213114
2016-06-16,13.09,13.12,12.84,12.89,19508483.0,334506335.0,1525000000.0,0.012792447868852459
2016-06-17,12.81,13.16,12.81,13.07,23065095.0,398607628.0,1525000000.0,0.015124652459016393
2016-06-20,13.06,13.13,12.89,13.09,14615470.0,251544047.0,1525000000.0,0.00958391475409836
2016-06-21,13.1,13.69,13.1,13.15,32915284.0,583244821.0,1525000000.0,0.021583792786885245
2016-06-22,13.06,13.35,13.0,13.33,20470237.0,357392163.0,1525000000.0,0.013423106229508196
2016-06-23,13.3,13.34,13.06,13.21,17459973.0,304848771.0,1525000000.0,0.01144916262295082
2016-06-24,13.21,13.4,12.76,13.0,25651177.0,444602725.0,1525000000.0,0.016820443934426228
2016-06-27,12.91,13.05,12.88,13.03,68724692.0,1183840249.0,4774009225.0,0.014395592626865943
2016-06-28,12.94,13.22,12.81,13.07,69284706.0,1190193560.0,4774009225.0,0.014512897385530294
2016-06-29,13.11,13.27,13.08,13.12,57151688.0,994527550.0,4774009225.0,0.011971423871724923
2016-06-30,13.16,13.48,13.12,13.44,79679600.0,1407189045.0,4774009225.0,0.01669029032929864
2016-07-01,13.46,13.52,13.3,13.36,40853054.0,723675912.0,4774009225.0,0.008557388994153023
2016-07-04,13.27,13.88,13.24,13.7,74207256.0,1341016673.0,4774009225.0,0.015544011857245625
2016-07-05,13.71,13.75,13.52,13.67,38550835.0,697666696.0,4774009225.0,0.008075148828393813
2016-07-06,13.61,13.78,13.52,13.69,33170108.0,598588040.0,4774009225.0,0.006948061144561362
2016-07-07,13.67,13.74,13.5,13.64,33952221.0,611322581.0,4774009225.0,0.007111888435867025
2016-07-08,13.61,13.74,13.57,13.65,28517912.0,515476811.0,4774009225.0,0.005973577061950483
2016-07-11,13.67,13.9,13.63,13.65,39848104.0,726398000.0,4774009225.0,0.008346884583156624
2016-07-12,13.64,13.95,13.61,13.95,63694129.0,1164711591.0,4774009225.0,0.013341852937035327
2016-07-13,13.98,14.24,13.92,14.02,61454112.0,1145694202.0,4774009225.0,0.012872642071612251
2016-07-14,13.93,14.04,13.84,13.95,27940197.0,514808217.0,4774009225.0,0.005852564518243049
2016-07-15,13.96,14.01,13.78,13.85,28349156.0,520050180.0,4774009225.0,0.005938228156649614
2016-07-18,13.77,13.9,13.68,13.72,28668430.0,522926981.0,4774009225.0,0.006005105698135721
2016-07-19,13.74,13.82,13.64,13.8,26468651.0,481034830.0,4774009225.0,0.005544323387854367
2016-07-20,13.75,13.86,13.73,13.74,19471407.0,355486353.0,4774009225.0,0.00407862785392921
2016-07-21,13.73,13.91,13.73,13.81,29183143.0,534625008.0,4774009225.0,0.006112921367469708
2016-07-22,13.79,13.81,13.64,13.66,23468248.0,425554948.0,4774009225.0,0.004915836332511486
2016-07-25,13.64,13.76,13.61,13.7,16711235.0,303048032.0,4774009225.0,0.0035004613967833296
2016-07-26,13.69,13.86,13.64,13.84,24315145.0,443623074.0,4774009225.0,0.0050932337693587095
2016-07-27,13.83,13.84,13.19,13.46,60193014.0,1074271547.0,4774009225.0,0.012608482967478974
2016-07-28,13.38,13.51,13.25,13.43,31501693.0,558760727.0,4774009225.0,0.006598582347733105
2016-07-29,13.43,13.46,13.31,13.37,14948148.0,264859161.0,4774009225.0,0.00313115188837952
2016-08-01,13.36,13.4,13.12,13.21,18399883.0,322728354.0,4774009225.0,0.003854178350482764
2016-08-02,13.23,13.32,13.2,13.3,11604061.0,203743746.0,4774009225.0,0.002430674188737036
2016-08-03,13.29,13.31,13.23,13.29,11567003.0,203313175.0,4774009225.0,0.002422911740393631
2016-08-04,13.27,13.3,13.21,13.28,14341939.0,251727517.0,4774009225.0,0.003004170776398112
2016-08-05,13.27,13.43,13.24,13.33,22843329.0,402987601.0,4774009225.0,0.004784936082732433
2016-08-08,13.32,13.42,13.24,13.42,19705099.0,347982768.0,4774009225.0,0.004127578743838728
2016-08-09,13.39,13.54,13.38,13.51,19899205.0,354612721.0,4774009225.0,0.004168237651446935
2016-08-10,13.51,13.56,13.43,13.43,18042745.0,322294255.0,4774009225.0,0.003779369529810659
2016-08-11,13.47,13.67,13.43,13.47,34115397.0,611670583.0,4774009225.0,0.00714606851225764
2016-08-12,13.46,13.94,13.46,13.91,57049578.0,1036197642.0,4774009225.0,0.01195003514053746
2016-08-15,13.97,15.02,13.94,14.46,144335167.0,2755418396.0,4774009225.0,0.030233533325440945
2016-08-16,14.39,14.6,14.21,14.24,59423186.0,1129824688.0,4774009225.0,0.01244722898498379
2016-08-17,14.32,14.42,14.06,14.17,46487214.0,874667278.0,4774009225.0,0.00973756266673322
2016-08-18,14.11,14.25,13.98,14.05,42881033.0,798982083.0,4774009225.0,0.008982184779921534
2016-08-19,14.05,14.44,14.0,14.4,56233164.0,1056155724.0,4774009225.0,0.01177902290291448
2016-08-22,14.36,14.47,14.02,14.04,44573759.0,835738749.0,4774009225.0,0.009336755942276169
2016-08-23,13.98,14.16,13.83,13.91,33385957.0,617951718.0,4774009225.0,0.006993274505036173
2016-08-24,13.94,14.01,13.83,13.91,21506084.0,396725002.0,4774009225.0,0.00450482665332512
2016-08-25,13.85,14.01,13.8,13.97,30692838.0,565916471.0,4774009225.0,0.00642915347529518
2016-08-26,13.99,14.05,13.88,13.91,18734719.0,346611003.0,4774009225.0,0.003924315625929692
2016-08-29,13.86,13.95,13.84,13.9,17282025.0,317795498.0,4774009225.0,0.0036200233777302767
2016-08-30,13.95,14.04,13.89,13.95,23675921.0,437093190.0,4774009225.0,0.004959337086324964
2016-08-31,13.95,14.12,13.89,14.05,24307915.0,450714079.0,4774009225.0,0.005091719318996498
2016-09-01,13.98,14.06,13.83,13.86,24272825.0,448572991.0,4774009225.0,0.005084369102784882
2016-09-02,13.85,14.05,13.79,13.97,25939029.0,477570550.0,4774009225.0,0.005433384766867517
2016-09-05,13.97,14.07,13.91,13.95,21813934.0,403833731.0,4774009225.0,0.0045693112375584065
2016-09-06,13.97,14.0,13.8,13.95,24491584.0,450686649.0,4774009225.0,0.0051301920138204175
2016-09-07,13.98,14.05,13.86,13.95,23071109.0,426678274.0,4774009225.0,0.004832648600506213
2016-09-08,13.91,13.98,13.89,13.93,13336200.0,246014232.0,4774009225.0,0.002793501095507414
2016-09-09,13.95,14.08,13.91,13.92,30119021.0,558416523.0,4774009225.0,0.006308957436084553
2016-09-12,13.66,13.74,13.49,13.7,40808312.0,736162397.0,4774009225.0,0.008548016997181232
2016-09-13,13.67,13.74,13.61,13.72,15442831.0,279471109.0,4774009225.0,0.0032347719227542966
2016-09-14,13.65,13.81,13.6,13.66,36926465.0,670537573.0,4774009225.0,0.007734896029657337
2016-09-19,13.64,13.72,13.64,13.7,18156223.0,328545512.0,4774009225.0,0.0038031394880683332
2016-09-20,13.7,13.71,13.58,13.62,11331898.0,204316158.0,4774009225.0,0.0023736648728407096
2016-09-21,13.61,13.77,13.58,13.69,14990275.0,271478556.0,4774009225.0,0.003139976127716846
2016-09-22,13.76,13.78,13.68,13.71,14888262.0,270776252.0,4774009225.0,0.0031186077148814056
2016-09-23,13.71,13.74,13.62,13.62,10098872.0,182835850.0,4774009225.0,0.0021153859416767258
2016-09-26,13.58,13.59,13.22,13.27,39970434.0,706428332.0,4774009225.0,0.008372508748137159
2016-09-27,13.23,13.37,13.23,13.34,12674209.0,223251074.0,4774009225.0,0.002654835464839304
2016-09-28,13.36,13.36,13.21,13.26,15117710.0,265234768.0,4774009225.0,0.0031666696245229815
2016-09-29,13.3,13.46,13.28,13.37,16132144.0,285730342.0,4774009225.0,0.003379160625731719
2016-09-30,13.31,13.42,13.31,13.4,9445978.0,167241519.0,4774009225.0,0.0019786258372804046
2016-10-10,13.46,13.54,13.42,13.49,30331048.0,541110350.0,4774009225.0,0.006353370211596103
2016-10-11,13.5,13.5,13.43,13.46,27738159.0,494303295.0,4774009225.0,0.0058102441140548905
2016-10-12,13.43,13.45,13.39,13.42,15860848.0,281655479.0,4774009225.0,0.0033223329181983306
2016-10-13,13.42,13.46,13.4,13.42,18557066.0,329883740.0,4774009225.0,0.0038871030878663624
2016-10-14,13.43,13.43,13.24,13.32,29110179.0,512909087.0,4774009225.0,0.006097637777396628
2016-10-17,13.34,13.34,13.14,13.15,32775693.0,574213182.0,4774009225.0,0.006865444002153138
2016-10-18,13.15,13.39,13.15,13.37,26609501.0,468003721.0,4774009225.0,0.005573826891798685
2016-10-19,13.38,13.42,13.3,13.33,17774395.0,314059522.0,4774009225.0,0.0037231589136696736
2016-10-20,13.35,13.37,13.3,13.33,12630773.0,223043640.0,4774009225.0,0.002645737032483426
2016-10-21,13.34,13.5,13.32,13.43,29397736.0,521582062.0,4774009225.0,0.0061578716367059385
2016-10-24,13.45,13.73,13.42,13.65,73084233.0,1316974728.0,4774009225.0,0.01530877498461474
2016-10-25,13.64,13.65,13.52,13.57,28945700.0,519644838.0,4774009225.0,0.0060631847647927405
2016-10-26,13.57,13.61,13.45,13.47,24671636.0,441988915.0,4774009225.0,0.005167907064528137
2016-10-27,13.46,13.5,13.43,13.47,17794266.0,317132884.0,4774009225.0,0.0037273212432889676
2016-10-28,13.58,13.81,13.52,13.54,46289355.0,836907061.0,4774009225.0,0.009696117627422474
2016-10-31,13.52,13.54,13.33,13.48,21356995.0,379253633.0,4774009225.0,0.004473597346264031
2016-11-01,13.47,13.64,13.45,13.63,24682424.0,443234962.0,4774009225.0,0.0051701668004212956
2016-11-02,13.6,13.71,13.5,13.53,28510251.0,512688086.0,4774009225.0,0.005971972331075669
2016-11-03,13.49,13.93,13.46,13.77,80565795.0,1467418774.0,4774009225.0,0.016875919421793745
2016-11-04,13.74,13.86,13.62,13.71,46638584.0,847752261.0,4774009225.0,0.009769269769268198
2016-11-07,13.74,13.83,13.67,13.75,28569300.0,519369264.0,4774009225.0,0.005984341180237246
2016-11-08,13.83,13.88,13.71,13.76,34129120.0,622535866.0,4774009225.0,0.0071489430354001885
2016-11-09,13.76,13.78,13.37,13.51,51958681.0,932885164.0,4774009225.0,0.010883657435747833
2016-11-10,13.63,13.83,13.61,13.76,51065144.0,928387114.0,4774009225.0,0.010696490432525295
2016-11-11,13.76,14.17,13.76,14.13,101863462.0,1888593945.0,4774009225.0,0.021337089477450687
2016-11-14,14.06,14.51,14.02,14.2,99337044.0,1877552816.0,4774009225.0,0.020807886897202216
2016-11-15,14.2,14.32,14.08,14.17,41940742.0,787728792.0,4774009225.0,0.008785224331023366
2016-11-16,14.2,14.24,14.09,14.2,36370855.0,681524961.0,4774009225.0,0.007618513766068393
2016-11-17,14.16,14.21,13.98,14.17,35699159.0,666421614.0,4774009225.0,0.007477815252860137
2016-11-18,14.09,14.14,13.97,13.99,34392614.0,640652257.0,4774009225.0,0.0072041364771346875
2016-11-21,13.91,14.18,13.9,14.08,36124943.0,673343536.0,4774009225.0,0.007567003182738927
2016-11-22,14.14,14.38,14.13,14.35,62086520.0,1173573683.0,4774009225.0,0.013005111023848095
2016-11-23,14.35,14.48,14.18,14.24,43696683.0,829661886.0,4774009225.0,0.009153036984338881
2016-11-24,14.21,14.62,14.2,14.39,70360141.0,1345356002.0,4774009225.0,0.014738166116551649
2016-11-25,14.35,14.48,14.08,14.46,46306854.0,875616495.0,4774009225.0,0.009699783100021135
2016-11-28,14.56,14.63,14.41,14.45,58865960.0,1130394191.0,4774009225.0,0.012330508221839474
2016-11-29,14.42,15.1,14.28,14.89,133108156.0,2599591436.0,4774009225.0,0.02788183887516472
2016-11-30,14.77,15.63,14.75,15.04,145190074.0,2914656224.0,4774009225.0,0.03041260859733676
2016-12-01,15.0,15.25,14.84,15.22,89183179.0,1778876544.0,4774009225.0,0.018680981706733088
2016-12-02,15.13,15.2,14.73,14.75,83281426.0,1646626384.0,4774009225.0,0.01744475598494471
2016-12-05,14.52,14.72,14.38,14.5,67754407.0,1301842610.0,4774009225.0,0.01419234940837384
2016-12-06,14.51,14.76,14.46,14.57,56696647.0,1095889551.0,4774009225.0,0.011876107549834071
2016-12-07,14.6,14.67,14.47,14.57,44736192.0,861838357.0,4774009225.0,0.009370780384279631
2016-12-08,14.58,14.6,14.35,14.39,44219679.0,845748744.0,4774009225.0,0.00926258767336169
2016-12-09,14.36,14.88,14.32,14.82,97129492.0,1885141157.0,4774009225.0,0.020345476395680823
2016-12-12,14.83,14.96,14.44,14.63,115266211.0,2239263283.0,4774009225.0,0.02414453042871948
2016-12-13,14.51,14.91,14.48,14.86,59971677.0,1169834893.0,4774009225.0,0.0125621200491082
2016-12-14,14.88,14.94,14.68,14.8,56502306.0,1107305218.0,4774009225.0,0.011835399417352404
2016-12-15,14.78,14.88,14.17,14.26,82998107.0,1584989753.0,4774009225.0,0.01738540984909806
2016-12-16,14.14,14.32,14.12,14.23,36934245.0,695206718.0,4774009225.0,0.0077365256871702
2016-12-19,14.11,14.32,13.98,14.09,31560050.0,589842808.0,4774009225.0,0.006610806245352406
2016-12-20,14.09,14.2,14.03,14.17,30332542.0,566051312.0,4774009225.0,0.006353683156110785
2016-12-21,14.2,14.35,14.17,14.23,31762915.0,599080412.0,4774009225.0,0.0066532998792016365
2016-12-22,14.23,14.24,14.01,14.18,25967166.0,485779638.0,4774009225.0,0.005439278555227341
2016-12-23,14.13,14.23,13.99,14.08,25676340.0,479098135.0,4774009225.0,0.005378359946508063
2016-12-26,13.95,14.18,13.82,14.13,27779194.0,515489026.0,4774009225.0,0.005818839614831285
2016-12-27,14.09,14.19,13.98,14.01,19904308.0,370733949.0,4774009225.0,0.004169306564337441
2016-12-28,14.02,14.08,13.9,13.97,17081203.0,316609556.0,4774009225.0,0.0035779576860788323
2016-12-29,13.96,14.07,13.9,13.96,20167701.0,373310637.0,4774009225.0,0.00422447884984973
2016-12-30,13.91,14.09,13.91,14.05,19333129.0,358337978.0,4774009225.0,0.004049663100514851
2017-01-03,14.01,14.22,14.01,14.14,24332502.0,455407100.0,4774009225.0,0.0050968694975657486
2017-01-04,14.14,14.2,14.07,14.2,20948938.0,392329508.0,4774009225.0,0.004388122647584536
2017-01-05,14.17,14.25,14.08,14.11,18707986.0,350343212.0,4774009225.0,0.003918715930005351
2017-01-06,14.09,14.14,13.98,13.99,19333339.0,359210764.0,4774009225.0,0.004049707088699645
2017-01-09,13.99,14.17,13.96,14.1,18779080.0,349709627.0,4774009225.0,0.003933607815766213
2017-01-10,14.08,14.23,14.05,14.08,16696824.0,312289132.0,4774009225.0,0.003497442759968693
2017-01-11,14.07,14.23,14.05,14.1,23337470.0,436956602.0,4774009225.0,0.004888442585696931
2017-01-12,14.09,14.26,14.08,14.17,29293207.0,549713829.0,4774009225.0,0.006135976203523151
2017-01-13,14.16,14.23,14.01,14.2,38235624.0,715801614.0,4774009225.0,0.008009122353549704
2017-01-16,14.15,14.42,13.81,14.34,82893703.0,1555185698.0,4774009225.0,0.017363540599358605
2017-01-17,14.22,14.28,14.1,14.25,18978938.0,356731851.0,4774009225.0,0.0039754715807026955
2017-01-18,14.24,14.39,14.18,14.31,20680126.0,391848272.0,4774009225.0,0.004331815257437002
2017-01-19,14.27,14.51,14.22,14.36,23518202.0,447847444.0,4774009225.0,0.004926300074336367
2017-01-20,14.39,14.54,14.37,14.54,28669817.0,549012142.0,4774009225.0,0.006005396229622912
2017-01-23,14.56,14.57,14.39,14.45,30480971.0,583852367.0,4774009225.0,0.006384774214591092
2017-01-24,14.45,14.48,14.32,14.38,19747136.0,375571873.0,4774009225.0,0.004136384131096856
2017-01-25,14.35,14.45,14.32,14.39,19228120.0,365767248.0,4774009225.0,0.004027667122909676
2017-01-26,14.4,14.54,14.4,14.48,27556700.0,528111171.0,4774009225.0,0.005772234342509047
2017-02-03,14.48,14.51,14.3,14.33,14267966.0,271425542.0,4774009225.0,0.0029886758335704723
2017-02-06,14.39,14.39,14.18,14.29,20523152.0,387653110.0,4774009225.0,0.004298934298770652
2017-02-07,14.27,14.3,14.14,14.18,21630054.0,406869750.0,4774009225.0,0.004530794345082146
2017-02-08,14.19,14.42,14.05,14.39,33962031.0,640672150.0,4774009225.0,0.007113943312499569
2017-02-09,14.32,14.48,14.3,14.41,31764825.0,605374199.0,4774009225.0,0.00665369996221572
2017-02-10,14.42,14.63,14.36,14.51,35676168.0,685083723.0,4774009225.0,0.007472999384495325
2017-02-13,14.54,14.7,14.48,14.51,40851625.0,788692696.0,4774009225.0,0.008557089665028873
2017-02-14,14.53,14.65,14.5,14.54,23628215.0,455233377.0,4774009225.0,0.004949344227544931
2017-02-15,14.54,14.73,14.42,14.46,40201065.0,775633989.0,4774009225.0,0.008420818457886411
2017-02-16,14.48,14.68,14.35,14.64,37453111.0,721478509.0,4774009225.0,0.007845211275225385
2017-02-17,14.72,15.01,14.52,14.54,73738232.0,1442894181.0,4774009225.0,0.015445766550650098
2017-02-20,14.48,14.77,14.45,14.76,46435596.0,898151659.0,4774009225.0,0.00972675037091073
2017-02-21,14.77,14.99,14.67,14.73,52802763.0,1035001972.0,4774009225.0,0.011060465221451264
2017-02-22,14.71,14.76,14.56,14.67,31291377.0,606506495.0,4774009225.0,0.0065545279711938555
2017-02-23,14.68,14.69,14.51,14.6,26170739.0,505006575.0,4774009225.0,0.005481920492099594
2017-02-24,14.57,14.63,14.51,14.62,20644824.0,398036370.0,4774009225.0,0.004324420634105499
2017-02-27,14.62,14.62,14.42,14.45,25762375.0,494213575.0,4774009225.0,0.005396381486883281
2017-02-28,14.43,14.53,14.43,14.46,16598252.0,317979998.0,4774009225.0,0.0034767951249612427
2017-03-01,14.45,14.54,14.43,14.46,23357774.0,447616638.0,4774009225.0,0.00489269561476392
2017-03-02,14.51,14.64,14.38,14.39,38108130.0,731479499.0,4774009225.0,0.007982416498158318
2017-03-03,14.35,14.35,14.2,14.3,29353077.0,553834953.0,4774009225.0,0.006148517025540519
2017-03-06,14.24,14.33,14.17,14.3,31043392.0,586085829.0,4774009225.0,0.006502583161640204
2017-03-07,14.29,14.32,14.23,14.3,18613393.0,351741297.0,4774009225.0,0.0038989017663659834
2017-03-08,14.29,14.34,14.23,14.26,17143287.0,323893849.0,4774009225.0,0.003590962269244463
2017-03-09,14.24,14.26,14.09,14.23,26162858.0,490598188.0,4774009225.0,0.005480269678364519
2017-03-10,14.18,14.22,14.13,14.14,13201308.0,247537995.0,4774009225.0,0.00276524559920598
2017-03-13,14.13,14.24,14.06,14.23,18538641.0,347726930.0,4774009225.0,0.0038832436483195107
2017-03-14,14.23,14.29,14.19,14.24,17446951.0,328899270.0,4774009225.0,0.0036545700223275124
2017-03-15,14.24,14.24,14.15,14.21,16455224.0,309211140.0,4774009225.0,0.003446835400700341
2017-03-16,14.23,14.51,14.23,14.49,53262346.0,1017994176.0,4774009225.0,0.011156732944938958
2017-03-17,14.52,14.55,14.17,14.2,39460715.0,752017866.0,4774009225.0,0.008265739159731096
2017-03-20,14.2,14.23,14.07,14.15,30290922.0,567048254.0,4774009225.0,0.006344965116819605
2017-03-21,14.15,14.2,14.09,14.16,20619870.0,385886094.0,4774009225.0,0.004319193580946631
2017-03-22,14.11,14.12,13.91,13.95,32483388.0,601827764.0,4774009225.0,0.006804215590932378
2017-03-23,13.96,14.11,13.89,14.02,21961600.0,407880036.0,4774009225.0,0.004600242472300627
2017-03-24,13.99,14.25,13.99,14.2,26882090.0,502267676.0,4774009225.0,0.00563092544086988
2017-03-27,14.2,14.33,14.18,14.26,25992355.0,490151362.0,4774009225.0,0.0054445548332596695
2017-03-28,14.2,14.25,14.12,14.16,19474305.0,365182950.0,4774009225.0,0.004079234890879374
2017-03-29,14.16,14.2,13.97,14.0,23095692.0,422155608.0,4774009225.0,0.004837797941205277
2017-03-30,14.04,14.13,13.94,14.0,25202457.0,458576978.0,4774009225.0,0.00527909683710341
2017-03-31,14.04,14.09,13.98,14.08,17202848.0,312698686.0,4774009225.0,0.0036034383657899197
2017-04-05,14.01,14.3,14.01,14.26,33081426.0,608709239.0,4774009225.0,0.006929485143590187
2017-04-06,14.24,14.37,14.23,14.31,25334327.0,470054463.0,4774009225.0,0.0053067193224788966
2017-04-07,14.29,14.44,14.25,14.37,25188878.0,468388612.0,4774009225.0,0.005276252477287578
2017-04-10,14.41,14.44,14.22,14.26,20847830.0,386926892.0,4734547110.0,0.004403341970336842
2017-04-11,14.26,14.31,14.04,14.28,24221792.0,445362227.0,4734547110.0,0.005115968103652474
2017-04-12,14.29,14.51,14.23,14.35,40844686.0,761962097.0,4734547110.0,0.008626946791537998
2017-04-13,14.31,14.39,14.24,14.3,15107938.0,279927563.0,4734547110.0,0.0031909996138997127
2017-04-14,14.27,14.33,14.04,14.17,26476586.0,484693252.0,4734547110.0,0.005592210909482322
2017-04-17,14.07,14.17,13.97,14.12,19811252.0,361019430.0,4734547110.0,0.004184402761175609
2017-04-18,14.07,14.1,13.97,13.97,14618725.0,266011169.0,4734547110.0,0.0030876712514114153
2017-04-19,13.9,13.98,13.7,13.96,25247554.0,452964528.0,4734547110.0,0.0053326228282054204
2017-04-20,13.9,14.03,13.79,14.0,18121004.0,326608590.0,4734547110.0,0.0038273996601968546
2017-04-21,13.96,14.16,13.9,14.14,19608846.0,356441065.0,4734547110.0,0.004141651892867109
2017-04-24,14.08,14.24,13.91,14.23,33377900.0,609649996.0,4734547110.0,0.007049861206260127
2017-04-25,14.16,14.24,14.03,14.04,15782318.0,288366104.0,4734547110.0,0.0033334377361386104
2017-04-26,14.03,14.2,13.95,14.06,16048903.0,293065500.0,4734547110.0,0.003389744072057612
2017-04-27,14.03,14.07,13.94,14.04,15085059.0,273850597.0,4734547110.0,0.0031861672615187053
2017-04-28,14.04,14.1,13.94,14.04,15058168.0,273454252.0,4734547110.0,0.0031804875208011184
2017-05-02,14.04,14.04,13.83,13.86,17457376.0,315110357.0,4734547110.0,0.003687232504905839
2017-05-03,13.86,13.91,13.7,13.81,16515257.0,295087701.0,4734547110.0,0.0034882443064337782
2017-05-04,13.8,13.83,13.7,13.81,16594860.0,296313735.0,4734547110.0,0.0035050575302016584
2017-05-05,13.76,13.82,13.46,13.78,49914167.0,883831328.0,4734547110.0,0.010542543107148425
2017-05-08,13.66,13.87,13.47,13.85,55587407.0,988757937.0,4734547110.0,0.011740807665128503
2017-05-09,13.75,13.8,13.68,13.74,15178435.0,270129966.0,4732690350.0,0.0032071472835741304
2017-05-10,13.75,13.77,13.59,13.69,21355991.0,378755985.0,4732690350.0,0.004512442061627801
2017-05-11,13.62,13.83,13.54,13.77,33238332.0,590351250.0,4732690350.0,0.007023136850692123
2017-05-12,13.77,13.97,13.75,13.8,21878291.0,392823395.0,4732690350.0,0.004622802123532126
2017-05-15,13.83,14.0,13.82,13.97,23795648.0,430016533.0,4732690350.0,0.005027932579616159
2017-05-16,13.9,14.0,13.85,13.99,17009893.0,307065995.0,4732690350.0,0.00359412759805847
2017-05-17,13.99,14.1,13.93,13.97,18627275.0,338461970.0,4732690350.0,0.003935874444014703
2017-05-18,13.89,14.0,13.78,13.87,13714178.0,246555547.0,4732690350.0,0.0028977551848495646
2017-05-19,13.83,13.96,13.82,13.93,10489714.0,188813144.0,4732690350.0,0.002216437844914151
2017-05-22,13.88,14.0,13.67,13.99,24312030.0,436649353.0,4732690350.0,0.005137042189967066
2017-05-23,13.93,14.2,13.9,14.2,42931435.0,783033656.0,4732690350.0,0.009071253732034254
2017-05-24,14.13,14.34,14.08,14.27,25000182.0,460281773.0,4732690350.0,0.005282446167220722
2017-05-25,14.2,14.8,14.2,14.65,57858334.0,1091023959.0,4732690350.0,0.012225252387365677
2017-05-26,14.57,14.8,14.57,14.67,42136482.0,802405145.0,4732690350.0,0.008903283097741648
2017-05-31,14.75,14.89,14.64,14.86,46676845.0,895300215.0,4732690350.0,0.009862645038672348
2017-06-01,14.81,15.05,14.64,15.01,68244693.0,1318938874.0,4732690350.0,0.014419851702319802
2017-06-02,14.95,14.99,14.71,14.77,32035611.0,617089637.0,4732690350.0,0.006769006343294782
2017-06-05,14.78,14.84,14.64,14.75,20373966.0,388866133.0,4732690350.0,0.004304943804320518
2017-06-06,14.77,14.84,14.7,14.81,17863402.0,341778534.0,4732690350.0,0.003774470898988775
2017-06-07,14.81,14.99,14.76,14.94,25427126.0,491290306.0,4732690350.0,0.005372657858336327
2017-06-08,14.94,15.01,14.85,14.94,19404317.0,375447125.0,4732690350.0,0.004100060550126632
2017-06-09,14.91,15.08,14.67,14.85,35422860.0,682361093.0,4732690350.0,0.007484719552801505
2017-06-12,14.74,14.91,14.69,14.87,24980650.0,480196809.0,4732690350.0,0.005278319127724044
2017-06-13,14.84,14.98,14.72,14.85,23209315.0,446755422.0,4732690350.0,0.004904042581192746
2017-06-14,14.85,14.91,14.74,14.85,17061334.0,327850706.0,4732690350.0,0.003604996891461534
2017-06-15,14.85,15.03,14.81,14.92,21012464.0,405961064.0,4732690350.0,0.004439856074674313
2017-06-16,14.95,15.05,14.78,14.83,19857216.0,384226698.0,4732690350.0,0.0041957564369281
2017-06-19,14.76,15.32,14.76,15.32,47363752.0,932286309.0,4732690350.0,0.010007785952021982
2017-06-20,15.4,15.56,15.22,15.32,44627507.0,889339886.0,4732690350.0,0.009429627484502552
2017-06-21,15.55,15.66,15.16,15.32,43277511.0,860641692.0,4732690350.0,0.009144378313277985
2017-06-22,15.24,15.62,15.22,15.35,54631930.0,1094813380.0,4732690350.0,0.011543525132591867
2017-06-23,15.28,15.48,15.13,15.35,42101043.0,834822536.0,4732690350.0,0.008895794967866428
2017-06-26,15.37,15.86,15.34,15.82,67118339.0,1361317281.0,4732690350.0,0.014181857260109992
2017-06-27,15.8,15.93,15.69,15.79,38257277.0,782964783.0,4732690350.0,0.008083621401514257
2017-06-28,15.74,16.01,15.7,15.79,42812582.0,880041276.0,4732690350.0,0.009046140531885844
2017-06-29,15.76,15.82,15.55,15.73,25090420.0,509765072.0,4732690350.0,0.005301513123502788
2017-06-30,15.63,15.89,15.57,15.83,26716961.0,544404082.0,4732690350.0,0.005645195232348129
2017-07-03,15.77,15.81,15.43,15.65,42463376.0,859700993.0,4732690350.0,0.008972354593196659
2017-07-04,15.59,15.73,15.42,15.64,31346107.0,632919221.0,4732690350.0,0.006623316693432098
2017-07-05,15.59,15.62,15.4,15.55,40248981.0,808372667.0,4732690350.0,0.008504461104242748
2017-07-06,15.51,15.59,15.31,15.52,43454054.0,869297370.0,4732690350.0,0.009181681197460975
2017-07-07,15.44,15.8,15.32,15.67,40473874.0,815640384.0,4732690350.0,0.008551980164939377
2017-07-10,15.62,15.96,15.56,15.67,35425840.0,723899349.0,4732690350.0,0.007485349215800691
2017-07-11,15.66,16.26,15.66,15.99,62824289.0,1305701065.0,4732690350.0,0.013274540346802956
2017-07-12,15.99,16.17,15.83,15.99,44634090.0,924257775.0,4732690350.0,0.009431018448101089
2017-07-13,15.96,16.24,15.87,16.19,45076104.0,939552541.0,4732690350.0,0.009524414374585061
2017-07-14,16.13,16.37,16.13,16.35,43339030.0,913867561.0,4732690350.0,0.009157377050877626
2017-07-17,16.36,16.66,15.75,16.01,70244589.0,1470709846.0,4732690350.0,0.01484242234440713
2017-07-18,15.87,15.95,15.5,15.7,51920584.0,1055249469.0,4732690350.0,0.010970627731856575
2017-07-19,15.62,16.57,15.58,16.54,79733074.0,1667036223.0,4732690350.0,0.01684730419770649
2017-07-20,16.54,16.66,16.3,16.47,61230424.0,1307461563.0,4732690350.0,0.012937762556132581
2017-07-21,16.4,16.54,16.27,16.37,31563018.0,670860335.0,4732690350.0,0.0066691491869946655
2017-07-24,16.24,16.43,16.13,16.13,38369782.0,809306355.0,4732690350.0,0.008107393292696616
2017-07-25,16.1,16.23,15.99,16.04,29909202.0,624442790.0,4732690350.0,0.006319703971336303
2017-07-26,16.05,16.18,15.97,16.16,29854008.0,622446100.0,4732690350.0,0.00630804168288762
2017-07-27,16.15,16.26,15.83,16.21,47432756.0,987006537.0,4732690350.0,0.010022366242490383
2017-07-28,16.16,16.21,16.03,16.05,18821554.0,393073343.0,4732690350.0,0.003976924879524391
2017-07-31,15.99,16.2,15.86,16.12,32114854.0,667581103.0,4732690350.0,0.00678575009666542
2017-08-01,16.1,16.41,16.1,16.23,38319361.0,807381578.0,4732690350.0,0.008096739521528173
2017-08-02,16.3,16.58,16.23,16.37,50605398.0,1074914459.0,4732690350.0,0.010692733785129213
2017-08-03,16.37,16.54,16.12,16.13,35514226.0,752746011.0,4732690350.0,0.007504024851319503
2017-08-04,16.08,16.47,15.97,16.13,36932533.0,777494092.0,4732690350.0,0.007803707884670713
2017-08-07,16.05,16.06,15.51,15.54,48582485.0,988871998.0,4732690350.0,0.010265299735910253
2017-08-08,15.51,15.69,15.39,15.59,28249440.0,568932492.0,4732690350.0,0.005969002387827887
2017-08-09,15.56,15.56,15.22,15.28,35406764.0,703276041.0,4732690350.0,0.007481318527420667
2017-08-10,15.24,15.43,15.12,15.38,27983563.0,555888164.0,4732690350.0,0.005912823559225674
2017-08-11,15.28,15.46,15.09,15.39,35843440.0,711478117.0,4732690350.0,0.0075735865542101224
2017-08-14,15.34,15.56,15.23,15.51,26155755.0,521825514.0,4732690350.0,0.005526614476267183
2017-08-15,15.51,15.59,15.35,15.39,18352767.0,367744973.0,4732690350.0,0.003877871916974243
2017-08-16,15.4,15.48,15.29,15.33,11866821.0,236690675.0,4732690350.0,0.002507415470357151
2017-08-17,15.31,15.61,15.3,15.55,22645578.0,453680308.0,4732690350.0,0.004784927034155108
2017-08-18,15.45,15.56,15.2,15.24,30836710.0,611731299.0,4732690350.0,0.006515682987795726
2017-08-21,15.24,15.37,15.24,15.34,19757196.0,392343041.0,4732690350.0,0.00417462258015676
2017-08-22,15.34,15.45,15.24,15.3,18264779.0,362769227.0,4732690350.0,0.0038592803773861944
2017-08-23,15.32,15.66,15.29,15.49,32939593.0,660557589.0,4732690350.0,0.0069600144028015695
2017-08-24,15.47,15.6,15.32,15.35,14438937.0,289035213.0,4732690350.0,0.0030508940860667125
2017-08-25,15.29,15.85,15.28,15.79,48256702.0,980694184.0,4732690350.0,0.01019646299065393
2017-08-28,16.05,16.94,16.03,16.77,103668459.0,2238201423.0,4732690350.0,0.021904762689576765
2017-08-29,16.67,16.82,16.48,16.57,54216501.0,1168364669.0,4732690350.0,0.011455746518468084
2017-08-30,16.6,16.91,16.4,16.47,51408849.0,1110285805.0,4732690350.0,0.010862500015451042
2017-08-31,16.52,16.68,16.43,16.65,35260117.0,757137916.0,4732690350.0,0.00745033255767515
2017-09-01,16.67,16.86,16.56,16.75,53046672.0,1150579108.0,4732690350.0,0.011208565969248336
2017-09-04,16.77,16.78,16.55,16.61,28020996.0,604198996.0,4732690350.0,0.0059207330139399465
2017-09-05,16.59,16.7,16.55,16.59,24760759.0,533512122.0,4732690350.0,0.00523185697116229
2017-09-06,16.55,16.7,16.49,16.61,20783099.0,446672495.0,4732690350.0,0.004391392096886288
2017-09-07,16.6,16.73,16.26,16.27,31686962.0,676909205.0,4732690350.0,0.006695338096649403
2017-09-08,16.3,16.34,16.08,16.16,30608881.0,641510859.0,4732690350.0,0.006467543561137483
2017-09-11,16.18,16.3,16.08,16.22,20150386.0,423460135.0,4732690350.0,0.004257702175676886
2017-09-12,16.25,16.65,16.23,16.37,44288956.0,943515561.0,4732690350.0,0.009358092907979919
2017-09-13,16.34,16.47,16.3,16.33,17218478.0,365555807.0,4732690350.0,0.0036382008385568688
2017-09-14,16.3,16.59,16.28,16.33,22679963.0,482910853.0,4732690350.0,0.00479219245772122
2017-09-15,16.32,16.49,16.23,16.37,22939156.0,486481235.0,4732690350.0,0.004846958981797742
2017-09-18,16.43,16.66,16.41,16.58,29962685.0,643409497.0,4732690350.0,0.006331004731801226
2017-09-19,16.6,16.64,16.2,16.32,26524750.0,565677764.0,4732690350.0,0.005604581757604319
2017-09-20,16.29,16.56,16.27,16.52,21487221.0,458065126.0,4732690350.0,0.0045401704761859184
2017-09-21,16.48,16.94,16.48,16.61,46191093.0,1002827427.0,4732690350.0,0.009760007434249316
2017-09-22,16.6,16.87,16.54,16.83,34521679.0,747601227.0,4732690350.0,0.007294303334254691
2017-09-25,16.72,16.86,16.43,16.83,48847594.0,1056243224.0,4732690350.0,0.010321316288947575
2017-09-26,16.72,16.82,16.65,16.75,25336627.0,550308532.0,4732690350.0,0.005353535753717756
2017-09-27,16.68,16.8,16.51,16.52,19344072.0,417464666.0,4732690350.0,0.004087331004023959
2017-09-28,16.52,16.57,16.37,16.54,21056477.0,448645326.0,4732690350.0,0.004449155859098198
2017-09-29,16.51,16.82,16.47,16.69,28185574.0,609951649.0,4732690350.0,0.005955507737792311
2017-10-09,17.05,17.15,16.59,16.64,32142948.0,701387306.0,4732690350.0,0.006791686255155062
2017-10-10,16.64,16.72,16.31,16.47,31312958.0,669034020.0,4732690350.0,0.006616312432103233
2017-10-11,16.49,16.62,16.37,16.49,20795478.0,444519740.0,4732690350.0,0.0043940077338886115
2017-10-12,16.49,16.61,16.33,16.39,18524593.0,394752993.0,4732690350.0,0.003914178116470265
2017-10-13,16.39,16.47,16.35,16.38,11361875.0,241502313.0,4732690350.0,0.002400722244589697
2017-10-16,16.37,16.57,16.32,16.37,16178339.0,344440580.0,4732690350.0,0.0034184233075802224
2017-10-17,16.33,16.41,16.2,16.21,14093700.0,297297646.0,4732690350.0,0.0029779467824257717
2017-10-18,16.2,16.46,16.19,16.43,23331320.0,493697634.0,4732690350.0,0.004929821787305396
2017-10-19,16.35,16.4,15.89,16.35,33601859.0,705078892.0,4732690350.0,0.007099948763814645
2017-10-20,16.2,16.22,16.06,16.1,13169595.0,275619830.0,4732690350.0,0.0027826868073040105
2017-10-23,16.09,16.11,15.92,15.95,9992767.0,206927903.0,4732690350.0,0.0021114347783180026
2017-10-24,15.93,16.2,15.92,16.13,21251824.0,444272289.0,4732690350.0,0.004490431959065313
2017-10-25,16.14,16.18,15.99,16.13,12309969.0,256959291.0,4732690350.0,0.0026010510068549065
2017-10-26,16.13,16.27,16.01,16.04,25910506.0,540277042.0,4732690350.0,0.005474794267915711
2017-10-27,16.06,16.1,15.78,15.79,20096336.0,414521040.0,4732690350.0,0.004246281610205071
2017-10-30,15.79,15.86,15.25,15.56,40758019.0,816958732.0,4732690350.0,0.008612018954504386
2017-10-31,15.45,15.48,15.32,15.39,16672923.0,332547604.0,4732690350.0,0.0035229270809994996
2017-11-01,15.43,15.52,15.28,15.31,15435493.0,308375051.0,4732690350.0,0.0032614626900321084
2017-11-02,15.29,15.46,15.13,15.34,19767747.0,391890627.0,4732690350.0,0.004176851967507234
2017-11-03,15.34,15.43,15.15,15.4,19776125.0,392088675.0,4732690350.0,0.004178622207979443
2017-11-06,15.37,15.42,15.33,15.42,10317233.0,205737021.0,4732690350.0,0.002179993246336093
2017-11-07,15.42,15.66,15.35,15.57,21602402.0,434727705.0,4732690350.0,0.004564507796289694
2017-11-08,15.57,16.08,15.49,15.76,40360255.0,826889716.0,4732690350.0,0.008527972889669404
2017-11-09,15.7,15.82,15.61,15.72,16932703.0,344648465.0,4732690350.0,0.003577817636009083
2017-11-10,15.72,15.76,15.52,15.65,17956917.0,364262087.0,4732690350.0,0.003794230273273636
2017-11-13,15.66,15.96,15.57,15.59,21161704.0,431656379.0,4732690350.0,0.004471389935747645
2017-11-14,15.65,15.72,15.42,15.46,15420224.0,309956411.0,4732690350.0,0.0032582364066983593
2017-11-15,15.44,15.55,15.32,15.42,22256981.0,445426281.0,4732690350.0,0.004702817922579702
2017-11-16,15.36,15.43,15.18,15.2,16141439.0,320293216.0,4732690350.0,0.0034106264737983547
2017-11-17,15.19,15.7,15.11,15.68,51334004.0,1026771620.0,4732690350.0,0.010846685543244975
2017-11-20,15.55,15.68,15.35,15.59,28759949.0,579161724.0,4732690350.0,0.006076871054959258
2017-11-21,15.59,16.34,15.53,16.02,61612871.0,1284744273.0,4732690350.0,0.01301857219541101
2017-11-22,15.97,16.26,15.89,16.1,43770956.0,913304325.0,4732690350.0,0.009248641420201936
2017-11-23,16.07,16.25,15.42,15.68,37647253.0,776835472.0,4732690350.0,0.007954725582247316
2017-11-24,15.68,15.76,15.37,15.72,35124168.0,709317755.0,4732690350.0,0.0074216070358374495
2017-11-27,15.67,15.8,15.45,15.75,25931817.0,526535488.0,4732690350.0,0.005479297203545125
2017-11-28,15.74,15.79,15.53,15.74,12712070.0,258085598.0,4732690350.0,0.002686013463779645
2017-11-29,15.69,15.76,15.37,15.61,17765103.0,358212701.0,4732690350.0,0.003753700683164281
2017-11-30,15.58,15.84,15.48,15.6,26068379.0,529334874.0,4732690350.0,0.005508152250019906
2017-12-01,15.66,15.66,15.4,15.57,21434374.0,430710323.0,4732690350.0,0.004529004100173171
2017-12-04,15.44,15.51,15.24,15.41,27397560.0,546392829.0,4732690350.0,0.00578900328858405
2017-12-05,15.41,15.87,15.33,15.76,80885042.0,1636888217.0,4732690350.0,0.017090710783560982
2017-12-06,15.67,15.72,15.56,15.68,25964567.0,526629296.0,4732690350.0,0.005486217157646919
2017-12-07,15.67,15.72,15.39,15.59,18207771.0,366043016.0,4732690350.0,0.0038472347974339797
2017-12-08,15.52,15.61,15.4,15.43,19731786.0,396037736.0,4732690350.0,0.004169253540959002
2017-12-11,15.39,15.42,15.25,15.41,23119852.0,459182056.0,4732690350.0,0.004885139379549731
2017-12-12,15.38,15.38,15.11,15.12,19235791.0,379291670.0,4732690350.0,0.0040644516284485
2017-12-13,15.12,15.18,14.89,14.97,27539254.0,535356931.0,4732690350.0,0.005818942707713806
2017-12-14,14.97,15.0,14.65,14.75,24110627.0,461611048.0,4732690350.0,0.0050944864795559675
2017-12-15,14.73,14.81,14.68,14.71,14846564.0,283525083.0,4732690350.0,0.003137024166391955
2017-12-18,14.79,14.81,14.64,14.74,11165380.0,212952974.0,4732690350.0,0.00235920357646048
2017-12-19,14.74,14.81,14.72,14.75,11178791.0,213875709.0,4732690350.0,0.0023620372712531254
2017-12-20,14.8,14.8,14.48,14.71,22073866.0,418892508.0,4732690350.0,0.004664126399057568
2017-12-21,14.64,14.81,14.53,14.72,13787281.0,263108210.0,4732690350.0,0.0029132015788863094
2017-12-22,14.67,14.75,14.55,14.57,11311436.0,214787724.0,4732690350.0,0.002390064670087702
2017-12-25,14.54,14.64,14.31,14.35,16006199.0,299397951.0,4732690350.0,0.003382050761043346
2017-12-26,14.35,14.51,14.34,14.49,9507453.0,178065693.0,4732690350.0,0.0020088897216780726
2017-12-27,14.46,14.52,14.3,14.37,15069240.0,281090514.0,4732690350.0,0.0031840747831727466
2017-12-28,14.35,14.61,14.32,14.38,16008974.0,299601436.0,4732690350.0,0.0033826371082992996
2017-12-29,14.4,14.47,14.23,14.29,17466979.0,324064285.0,4732690350.0,0.003690708182503425
2018-01-02,14.3,14.47,14.25,14.45,29548541.0,550519969.0,4732690350.0,0.0062434976334338034
2018-01-03,14.45,14.85,14.41,14.8,37933368.0,720488283.0,4732690350.0,0.008015180625539974
2018-01-04,14.77,14.81,14.68,14.74,17342893.0,331210827.0,4732690350.0,0.003664489268772887
2018-01-05,14.74,14.89,14.68,14.75,18445888.0,353278155.0,4732690350.0,0.0038975480405135736
2018-01-08,14.8,15.26,14.71,15.01,41931952.0,816526468.0,4732690350.0,0.00886006666377402
2018-01-09,14.98,15.23,14.88,14.89,26771861.0,521039785.0,4732690350.0,0.005656795399682128
2018-01-10,14.92,14.97,14.66,14.78,29051739.0,557062413.0,4732690350.0,0.0061385252048023805
2018-01-11,14.75,14.83,14.68,14.79,11109384.0,212460907.0,4732690350.0,0.0023473718283724184
2018-01-12,14.78,15.01,14.76,14.78,19599401.0,377552012.0,4732690350.0,0.004141281079164624
2018-01-15,14.74,14.84,14.51,14.55,27911366.0,530416946.0,4732690350.0,0.005897568599644386
2018-01-16,14.51,14.9,14.47,14.86,28212447.0,534022212.0,4732690350.0,0.005961185903489334
2018-01-17,14.96,15.6,14.95,15.2,76659087.0,1522593010.0,4732690350.0,0.016197782092377964
2018-01-18,15.28,15.48,15.16,15.39,39347728.0,782715320.0,4732690350.0,0.008314029672361726
2018-01-19,15.47,16.02,15.39,15.76,68561689.0,1399874106.0,4732690350.0,0.014486831786913758
2018-01-22,15.72,16.01,15.56,15.76,44429662.0,906017588.0,4732690350.0,0.009387823566356925
2018-01-23,15.79,16.05,15.7,15.98,46817605.0,964085838.0,4732690350.0,0.00989238710705001
2018-01-24,16.02,16.6,15.76,16.5,96073607.0,2026741632.0,4732690350.0,0.02029999849873973
2018-01-25,16.33,16.37,16.06,16.1,41976150.0,883363979.0,4732690350.0,0.008869405538014968
2018-01-26,16.1,16.23,16.0,16.02,31932718.0,666739222.0,4732690350.0,0.006747265432229261
2018-01-29,16.05,16.16,15.65,15.72,39397293.0,811829809.0,4732690350.0,0.008324502573890134
2018-01-30,15.72,15.84,15.45,15.46,28809804.0,583341399.0,4732690350.0,0.006087405232417117
2018-01-31,15.47,15.62,15.34,15.49,32547350.0,653170291.0,4732695889.0,0.0068771268561008524
2018-02-01,15.55,15.72,15.24,15.69,51587396.0,1035844223.0,4732695889.0,0.010900213580150449
2018-02-02,15.53,15.62,15.25,15.52,25632506.0,513340215.0,4732695889.0,0.005416047555385192
2018-02-05,15.32,15.66,15.28,15.61,23753510.0,475053790.0,4732695889.0,0.005019023101655286
2018-02-06,15.32,15.62,15.06,15.08,61574880.0,1229339849.0,4732695889.0,0.013010529610219796
2018-02-07,15.27,15.43,14.79,14.81,34246241.0,673238365.0,4732695889.0,0.007236095832736064
2018-02-08,14.79,15.04,14.6,14.67,26578994.0,509630271.0,4732695889.0,0.005616036741717634
2018-02-09,14.39,14.51,13.34,13.43,48132166.0,857663106.0,4732695889.0,0.010170137090758674
2018-02-12,13.51,13.57,13.17,13.26,39340700.0,678398639.0,4732695889.0,0.008312534953162296
2018-02-13,13.36,13.66,13.36,13.48,27289454.0,478042502.0,4732695889.0,0.005766154141327292
2018-02-14,13.52,13.58,13.36,13.56,12693155.0,221357473.0,4732695889.0,0.002682013655156282
2018-02-22,13.71,13.76,13.5,13.59,31336700.0,552991336.0,4732695889.0,0.006621321279661035
2018-02-23,13.63,13.77,13.55,13.7,23124091.0,409764711.0,4732695889.0,0.004886029346137858
2018-02-26,13.85,14.24,13.73,14.15,33407555.0,604516041.0,4732695889.0,0.007058884784388477
2018-02-27,14.16,14.16,13.86,13.87,22690739.0,411375026.0,4732695889.0,0.004794463775443316
2018-02-28,13.81,14.03,13.69,13.77,21073194.0,377566419.0,4732696036.0,0.004452682749896342
2018-03-01,13.7,13.88,13.67,13.8,15383930.0,275011704.0,4732696036.0,0.0032505637131520185
2018-03-02,13.66,13.82,13.62,13.68,14103354.0,250859198.0,4732696036.0,0.0029799830567441075
2018-03-05,13.67,13.79,13.6,13.65,11594543.0,205292079.0,4732696036.0,0.0024498811907217952
2018-03-06,13.74,13.95,13.65,13.9,22655756.0,405419507.0,4732696036.0,0.004787071856646912
2018-03-07,13.87,13.97,13.72,13.75,17704709.0,317826205.0,4732696036.0,0.0037409351594368907
2018-03-08,13.81,13.85,13.73,13.81,9084865.0,162353524.0,4732696036.0,0.0019195961310201498
2018-03-09,13.83,14.1,13.8,14.04,22148477.0,400727727.0,4732696036.0,0.004679885805368465
2018-03-12,14.12,14.31,14.04,14.24,23928459.0,440206006.0,4732696036.0,0.0050559889792170035
2018-03-13,14.25,14.26,13.92,13.93,18193195.0,331783910.0,4732696036.0,0.0038441503239613505
2018-03-14,13.9,14.0,13.86,13.89,11968419.0,215934522.0,4732696036.0,0.002528879714429224
2018-03-15,13.86,13.93,13.79,13.9,10410831.0,187044375.0,4732696036.0,0.002199767515346088
2018-03-16,13.9,13.98,13.63,13.63,17447829.0,312066549.0,4732696036.0,0.0036866574289327546
2018-03-19,13.63,13.76,13.59,13.68,10671543.0,189142533.0,4732696036.0,0.0022548549323314284
2018-03-20,13.59,13.77,13.59,13.67,11990122.0,212092206.0,4732696036.0,0.00253346547270208
2018-03-21,13.72,13.98,13.66,13.69,19727010.0,353610490.0,4732696036.0,0.00416823938193862
2018-03-22,13.71,13.89,13.6,13.63,13318610.0,236793683.0,4732696036.0,0.0028141697456777045
2018-03-23,13.31,13.33,12.74,12.86,40181270.0,679543269.0,4732696036.0,0.00849014381958081
2018-03-26,12.8,13.02,12.67,12.99,19180976.0,319633802.0,4732696036.0,0.004052864552064378
2018-03-27,13.16,13.24,13.04,13.15,20922226.0,356374451.0,4732696036.0,0.004420783807126378
2018-03-28,13.0,13.18,12.95,12.95,17028379.0,287323520.0,4732696036.0,0.0035980292988332537
2018-03-29,13.02,13.19,12.87,13.19,21769436.0,369149770.0,4732696036.0,0.004599795937539057
2018-03-30,13.23,13.26,13.09,13.16,18009332.0,307509961.0,4732696085.0,0.0038053007580773064
2018-04-02,13.21,13.47,13.14,13.26,20856215.0,360221895.0,4732696085.0,0.004406835897640362
2018-04-03,13.16,13.39,13.02,13.26,16577268.0,283852296.0,4732696085.0,0.003502711288083904
2018-04-04,13.27,13.46,13.19,13.2,16979765.0,293382268.0,4732696085.0,0.0035877573152893463
2018-04-09,13.19,13.36,13.11,13.31,14757183.0,253626136.0,4732696085.0,0.0031181345125396954
2018-04-10,13.33,13.58,13.26,13.57,20568706.0,359014418.0,4732696085.0,0.004346086380909033
2018-04-11,13.53,13.66,13.49,13.56,17409516.0,306246980.0,4732696085.0,0.0036785620051070743
2018-04-12,13.55,13.69,13.46,13.48,12639779.0,222456309.0,4732696085.0,0.002670735405990051
2018-04-13,13.49,13.63,13.36,13.36,9408702.0,164501547.0,4732696085.0,0.001988021590868749
2018-04-16,13.36,13.47,13.14,13.15,17488928.0,302051506.0,4732696085.0,0.003695341447220776
2018-04-17,13.19,13.69,13.19,13.38,25422199.0,443727626.0,4732696085.0,0.0053716102921914114
2018-04-18,13.58,13.7,13.43,13.58,23721695.0,417281313.0,4732696085.0,0.00501230050989002
2018-04-19,13.62,13.71,13.53,13.62,17718774.0,312862465.0,4732696085.0,0.0037439069996821907
2018-04-20,13.54,13.6,13.11,13.13,19835248.0,342912905.0,4732696085.0,0.004191109600903097
2018-04-23,13.12,13.48,13.12,13.46,14571420.0,252693760.0,4732696085.0,0.0030788835239565146
2018-04-24,13.39,13.75,13.39,13.73,20107898.0,355747577.0,4732696085.0,0.004248719469591718
2018-04-25,13.63,13.75,13.56,13.64,13904940.0,245972457.0,4732696085.0,0.0029380589309486583
2018-04-26,13.73,13.75,13.36,13.41,11603135.0,203526346.0,4732696085.0,0.0024516966210392107
2018-04-27,13.57,13.69,13.43,13.62,21173159.0,371864408.0,4732696233.0,0.004473804773770276
2018-05-02,13.73,13.8,13.48,13.58,18847630.0,332667407.0,4732696233.0,0.003982429691679728
2018-05-03,13.58,13.89,13.53,13.81,26621782.0,473795323.0,4732696233.0,0.005625077268718928
2018-05-04,13.75,13.9,13.71,13.73,18456554.0,330178267.0,4732696233.0,0.003899796879272898
2018-05-07,13.8,13.93,13.73,13.91,18356283.0,329499506.0,4732696233.0,0.0038786100134646016
2018-05-08,13.8,13.94,13.73,13.89,16017490.0,287559034.0,4732696233.0,0.003384432300622578
2018-05-09,13.89,13.89,13.69,13.78,11665415.0,208183238.0,4732696233.0,0.00246485606210256
2018-05-10,13.85,13.88,13.67,13.84,13694181.0,244526793.0,4732696233.0,0.002893526295753704
2018-05-11,13.87,13.87,13.67,13.73,11043329.0,196847156.0,4732696233.0,0.0023334117501557384
2018-05-14,13.73,13.81,13.66,13.71,12590713.0,224209239.0,4732696233.0,0.0026603678706881417
2018-05-15,13.72,13.77,13.49,13.63,14487427.0,255199245.0,4732696233.0,0.0030611360388994565
2018-05-16,13.6,13.66,13.49,13.5,11532167.0,202733078.0,4732696233.0,0.0024367012865919553
2018-05-17,13.53,13.58,13.36,13.39,10495700.0,183039149.0,4732696233.0,0.0022176999078909613
2018-05-18,13.39,13.58,13.38,13.56,14076329.0,246036642.0,4732696233.0,0.0029742726570636422
2018-05-21,13.66,13.73,13.59,13.63,15672215.0,277263552.0,4732696233.0,0.0033114770584093812
2018-05-22,13.63,13.65,13.43,13.53,14065884.0,246606049.0,4732696233.0,0.0029720656698652734
2018-05-23,13.48,13.52,13.36,13.36,10103257.0,175970155.0,4732696233.0,0.0021347782537895245
2018-05-24,13.37,13.41,13.23,13.25,12170127.0,210096511.0,4732696233.0,0.002571499711969788
2018-05-25,13.27,13.3,13.09,13.12,11436047.0,195583275.0,4732696233.0,0.00241639151066977
2018-05-28,13.14,13.34,13.13,13.21,9808354.0,168302941.0,4732696233.0,0.002072466415995307
2018-05-29,13.18,13.25,12.97,12.99,13059376.0,221385090.0,4732696233.0,0.002759394509400367
2018-05-30,12.89,12.91,12.67,12.68,19631948.0,325365822.0,4732696233.0,0.004148152983728589
2018-05-31,12.8,12.99,12.73,12.95,22544428.0,375789542.0,4732696332.0,0.00476354839155144
2018-06-01,12.92,13.09,12.72,12.86,15776705.0,263460653.0,4732696332.0,0.0033335553125025644
2018-06-04,12.86,12.98,12.84,12.92,8779450.0,147097169.0,4732696332.0,0.001855063030483909
2018-06-05,12.92,12.95,12.82,12.92,9133808.0,152654701.0,4732696332.0,0.00192993747311485
2018-06-06,12.92,12.93,12.79,12.89,9172372.0,152804838.0,4732696332.0,0.0019380858936545856
2018-06-07,12.93,13.1,12.9,12.95,11963709.0,201597441.0,4732696332.0,0.0025278843519090165
2018-06-08,12.9,12.92,12.59,12.66,15287577.0,252047943.0,4732696332.0,0.00323020450237499
2018-06-11,12.65,12.75,12.62,12.72,11346525.0,186651729.0,4732696332.0,0.002397475815906627
2018-06-12,12.73,12.82,12.64,12.8,7627158.0,125992785.0,4732696332.0,0.0016115882923713432
2018-06-13,12.75,12.75,12.6,12.61,7895384.0,129687342.0,4732696332.0,0.0016682633843662377
2018-06-14,12.65,12.81,12.62,12.79,11279376.0,186292335.0,4732696678.0,0.0023832873237856806
2018-06-15,12.75,12.84,12.62,12.66,11928643.0,196999937.0,4732696678.0,0.0025204748606540636
2018-06-19,12.58,12.65,11.74,11.77,27926498.0,439923598.0,4732696678.0,0.005900758045580372
2018-06-20,11.8,11.91,11.58,11.72,22479039.0,342565552.0,4732696776.0,0.004749731509103553
2018-06-21,11.73,11.76,11.34,11.41,18343400.0,275103400.0,4732696776.0,0.0038758874418114635
2018-06-22,11.4,11.61,11.29,11.59,14148076.0,211062213.0,4732696776.0,0.0029894321714728
2018-06-25,11.61,11.63,11.3,11.32,19694506.0,291972167.0,4732696776.0,0.004161370764311988
2018-06-26,11.25,11.48,11.2,11.4,15695169.0,231853224.0,7516113046.0,0.00208820289209897
2018-06-27,11.34,11.46,11.29,11.33,12393608.0,182448090.0,7516113046.0,0.0016489384771289136
2018-06-28,11.27,11.73,11.27,11.47,20142342.0,300706224.0,7516113046.0,0.002679888111943653
2018-06-29,11.55,11.72,11.47,11.69,16298543.0,238325199.0,7516113096.0,0.002168480275885407
2018-07-02,11.69,11.7,11.3,11.43,13301194.0,193165275.0,7516113096.0,0.0017696905075947783
2018-07-03,11.44,11.62,11.38,11.52,15627030.0,226837967.0,7516113096.0,0.0020791371551229783
2018-07-04,11.51,11.54,11.3,11.33,12485678.0,179557914.0,7516113096.0,0.0016611881487846095
2018-07-05,11.32,11.46,11.18,11.2,13634711.0,194319383.0,7516113096.0,0.001814064108116768
2018-07-06,11.27,11.41,10.98,11.18,19452592.0,274915250.0,7516113096.0,0.0025881185862347486
2018-07-09,11.22,11.47,11.22,11.47,14951908.0,214764565.0,7516113096.0,0.0019893138659604864
2018-07-10,11.43,11.57,11.39,11.51,11052062.0,160090027.0,7516113096.0,0.0014704491349234483
2018-07-11,11.32,11.35,11.09,11.22,13287388.0,188220170.0,7516113096.0,0.0017678536539147362
2018-07-12,11.25,11.65,11.22,11.57,20443218.0,295392349.0,7516113096.0,0.002719918891438671
2018-07-13,11.59,11.7,11.49,11.52,11252600.0,164039957.0,7516113096.0,0.0014971302129538897
2018-07-16,11.54,11.58,11.34,11.39,11731476.0,168831321.0,7516113096.0,0.001560843463923311
2018-07-17,11.39,11.42,11.27,11.33,7586699.0,108422411.0,7516113096.0,0.0010093912775258219
2018-07-18,11.39,11.45,11.19,11.2,15327750.0,218450582.0,7516113096.0,0.002039318701598207
2018-07-19,11.25,11.38,11.17,11.24,13976723.0,198289551.0,7516113096.0,0.001859567947086676
2018-07-20,11.25,11.66,11.2,11.62,35647261.0,515557687.0,7516113096.0,0.004742778686894841
2018-07-23,11.52,11.8,11.46,11.74,22427565.0,329145117.0,7516113096.0,0.0029839312838354872
2018-07-24,11.77,12.09,11.74,12.01,31150596.0,470424735.0,7516113096.0,0.004144508684492525
2018-07-25,12.01,12.01,11.91,11.96,14038717.0,211755035.0,7516113096.0,0.0018678160933303764
2018-07-26,12.01,12.05,11.83,11.86,14183552.0,213444142.0,7516113096.0,0.0018870860268917912
2018-07-27,11.88,11.94,11.74,11.83,8609280.0,128465332.0,7516113096.0,0.0011454431153493116
2018-07-30,11.81,12.0,11.75,11.84,12018694.0,179428102.0,7516113096.0,0.0015990570985947815
2018-07-31,11.77,11.97,11.74,11.9,9996218.0,149494900.0,7516113348.0,0.0013299716937690866
2018-08-01,11.93,12.05,11.63,11.64,16709567.0,250143136.0,7516113348.0,0.0022231659138624263
2018-08-02,11.64,11.73,11.28,11.42,15728417.0,227784777.0,7516113348.0,0.0020926263710731893
2018-08-03,11.43,11.48,11.24,11.24,11888291.0,170286330.0,7516113348.0,0.0015817072534122193
2018-08-06,11.3,11.39,11.12,11.13,14811969.0,209844708.0,7516113348.0,0.0019706952668484424
2018-08-07,11.23,11.47,11.16,11.46,13868705.0,197667904.0,7516113348.0,0.001845196361187181
2018-08-08,11.46,11.48,11.22,11.27,11931100.0,170810242.0,7516113348.0,0.0015874028833233079
2018-08-09,11.25,11.63,11.24,11.57,14883157.0,215961111.0,7516113348.0,0.0019801666514196905
2018-08-10,11.64,11.66,11.51,11.6,10005586.0,146271823.0,7516113348.0,0.0013312180826360789
2018-08-13,11.5,11.6,11.4,11.57,11240998.0,162856895.0,7516113348.0,0.0014955865458031142
2018-08-14,11.53,11.59,11.43,11.55,8371968.0,121417076.0,7516113348.0,0.0011138693114876638
2018-08-15,11.55,11.55,11.28,11.28,11279160.0,161599965.0,7516113348.0,0.0015006639040377602
2018-08-16,11.24,11.54,11.17,11.4,15508291.0,222524642.0,7516113348.0,0.0020633391597436033
2018-08-17,11.49,11.6,11.24,11.29,14653010.0,211795914.0,7516113348.0,0.0019495461712134893
2018-08-20,11.39,11.66,11.34,11.65,22581016.0,328522884.0,7516113348.0,0.0030043474538617347
2018-08-21,11.65,11.87,11.63,11.76,21654779.0,321374468.0,7516113348.0,0.002881113947777574
2018-08-22,11.75,11.81,11.61,11.71,11882409.0,175470049.0,7516113348.0,0.0015809246680881747
2018-08-23,11.71,11.88,11.62,11.74,14276466.0,211821657.0,7516113348.0,0.0018994479379157974
2018-08-24,11.74,11.85,11.62,11.81,15603493.0,231070556.0,7516113348.0,0.002076005546690167
2018-08-27,11.78,11.92,11.74,11.88,19275927.0,287936787.0,7516113348.0,0.0025646136650040313
2018-08-28,11.88,11.91,11.71,11.74,11833211.0,176101566.0,7516113348.0,0.0015743789977766577
2018-08-29,11.74,11.8,11.64,11.7,9097465.0,134137350.0,7516113348.0,0.001210394864843382
2018-08-30,11.7,11.74,11.48,11.48,10611473.0,154982398.0,7516113348.0,0.001411829825959671
2018-08-31,11.47,11.64,11.45,11.59,13452109.0,196019695.0,7516113348.0,0.0017897693099026425
2018-09-03,11.53,11.62,11.46,11.59,9264479.0,134899886.0,7516113348.0,0.0012326156579936666
2018-09-04,11.6,11.83,11.51,11.74,13598788.0,200306427.0,7516113348.0,0.0018092845823857312
2018-09-05,11.67,11.72,11.46,11.46,12609682.0,184437732.0,7516113348.0,0.0016776865137824689
2018-09-06,11.46,11.56,11.42,11.47,7697832.0,111533162.0,7516113348.0,0.00102417721015987
2018-09-07,11.46,11.62,11.42,11.52,8369125.0,121557142.0,7516113348.0,0.0011134910574794594
2018-09-10,11.44,11.51,11.24,11.26,13174843.0,187969107.0,7516113348.0,0.001752879765112345
2018-09-11,11.25,11.42,11.23,11.32,8441317.0,120621232.0,7516113348.0,0.0011230960217285962
2018-09-12,11.28,11.47,11.28,11.39,9891239.0,142246133.0,7516113348.0,0.0013160045015329644
2018-09-13,11.51,11.66,11.51,11.64,17595312.0,256949462.0,7516113348.0,0.0023410120610650484
2018-09-14,11.7,11.74,11.52,11.55,11862537.0,173910259.0,7516113348.0,0.0015782807484078936
2018-09-17,11.5,11.64,11.42,11.44,10371201.0,150563323.0,7516113348.0,0.001379862239938109
2018-09-18,11.43,11.75,11.4,11.72,16115350.0,236400835.0,7516113348.0,0.0021441068347230574
2018-09-19,11.69,11.85,11.66,11.74,18557233.0,275327546.0,7516113348.0,0.0024689932337087473
2018-09-20,11.75,11.8,11.71,11.75,10946273.0,162274049.0,7516113348.0,0.0014563741249209272
2018-09-21,11.77,12.04,11.68,12.0,26041139.0,391036539.0,7516113348.0,0.0034647081269642394
2018-09-25,11.89,11.93,11.77,11.81,15759325.0,235249309.0,7516113348.0,0.0020967386028303415
2018-09-26,11.88,12.01,11.78,11.9,26040275.0,392043754.0,7516113348.0,0.003464593173934662
2018-09-27,11.91,11.95,11.77,11.81,13914993.0,207682713.0,7516113348.0,0.0018513548633088018
2018-09-28,11.86,11.93,11.81,11.89,16097942.0,241122785.0,7516113348.0,0.0021417907440530524
2018-10-08,11.65,11.7,11.39,11.41,20370989.0,296551406.0,7516113348.0,0.00271030891323913
2018-10-09,11.43,11.46,11.35,11.38,10483188.0,150679620.0,7516113348.0,0.0013947618289696926
2018-10-10,11.4,11.54,11.36,11.47,9058960.0,130837781.0,7516113348.0,0.0012052718713203739
2018-10-11,11.13,11.24,10.76,10.93,27231562.0,379391393.0,7516113348.0,0.003623090916696484
2018-10-12,10.93,10.97,10.68,10.68,19670017.0,268034171.0,7516113348.0,0.002617046349525063
2018-10-15,10.78,10.81,10.67,10.72,13306282.0,180338816.0,7516113348.0,0.001770367393879276
2018-10-16,10.7,10.91,10.64,10.67,14168370.0,192435406.0,7516113348.0,0.001885066036659776
2018-10-17,10.82,10.89,10.69,10.86,15243770.0,207961345.0,7516113348.0,0.002028145305187061
2018-10-18,10.82,10.89,10.68,10.7,16114834.0,219125918.0,7516113348.0,0.002144038182219282
2018-10-19,10.63,11.06,10.57,11.05,27887356.0,380987218.0,7516113348.0,0.0037103426610005405
2018-10-22,11.27,12.16,11.27,12.16,87102697.0,1307059950.0,7516113348.0,0.011588795028374285
2018-10-23,12.29,12.49,11.71,11.84,83150169.0,1274012918.0,7516113348.0,0.011062921106974237
2018-10-24,11.55,12.25,11.52,11.91,60462595.0,912063350.0,7516113348.0,0.008044396378892928
2018-10-25,11.59,12.13,11.43,12.12,45959222.0,684979346.0,7516113348.0,0.006114759034631844
2018-10-26,12.12,12.2,11.7,11.93,34972289.0,526385056.0,7516113348.0,0.004652975198851405
2018-10-29,11.89,12.08,11.52,11.65,29864645.0,443253108.0,7516113348.0,0.0039734159953756995
2018-10-30,11.81,12.27,11.62,12.08,51757343.0,783546081.0,7516113348.0,0.00688618446843572
2018-10-31,12.08,12.24,11.83,12.09,37527803.0,571070998.0,7516113449.0,0.004992979849844201
2018-11-01,12.23,12.73,12.09,12.13,63064293.0,987322345.0,7516113449.0,0.008390545649412802
2018-11-02,12.53,12.65,12.3,12.48,54755505.0,862554002.0,7516113449.0,0.00728508229306798
2018-11-05,12.45,12.52,12.17,12.35,33086634.0,515500952.0,7516113449.0,0.004402093478831416
2018-11-06,12.36,12.58,12.21,12.24,35506450.0,553049794.0,7516113449.0,0.004724043914574499
2018-11-07,12.25,12.32,12.03,12.08,26352694.0,403821985.0,7516113449.0,0.003506159689953344
2018-11-08,12.21,12.23,11.85,11.87,25541657.0,387781003.0,7516113449.0,0.0033982532559295327
2018-11-09,11.85,11.99,11.81,11.89,19917062.0,298961391.0,7516113449.0,0.002649915030573403
2018-11-12,11.88,12.14,11.84,12.1,23471776.0,356114506.0,7516113449.0,0.003122860792251993
2018-11-13,11.98,12.48,11.97,12.34,37464229.0,578094519.0,7516113449.0,0.0049845214889597655
2018-11-14,12.32,12.43,12.12,12.14,27024584.0,418582393.0,7516113449.0,0.0035955529654219834
2018-11-15,12.14,12.69,12.14,12.6,46865791.0,738169644.0,7516113449.0,0.006235375678933555
2018-11-16,12.49,13.09,12.49,12.79,44491292.0,720029121.0,7516113449.0,0.0059194545561202854
2018-11-19,12.79,13.15,12.78,13.12,41083705.0,674529827.0,7516113449.0,0.0054660836719363365
2018-11-20,13.0,13.15,12.64,12.72,38282389.0,621602605.0,7516113449.0,0.005093375620227416
2018-11-21,12.59,12.85,12.54,12.81,19318237.0,310722310.0,7516113449.0,0.002570242869680239
2018-11-22,12.84,12.91,12.5,12.66,17127562.0,273259457.0,7516113449.0,0.0022787790679608196
2018-11-23,12.62,12.85,12.35,12.44,17835708.0,281958014.0,7516113449.0,0.002372996113087276
2018-11-26,12.53,12.59,12.28,12.35,12933860.0,202828623.0,7516113449.0,0.001720817559202864
2018-11-27,12.43,12.5,12.21,12.3,16082592.0,250695204.0,7516113449.0,0.0021397484363597182
2018-11-28,12.3,12.65,12.27,12.59,17623850.0,277994700.0,7516113449.0,0.0023448089387667253
2018-11-29,12.69,12.92,12.44,12.46,24217839.0,387737687.0,7516113449.0,0.0032221225989107604
2018-11-30,12.46,12.73,12.35,12.72,18167574.0,288107741.0,7516113449.0,0.0024171500501255936
2018-12-03,13.32,13.55,13.08,13.11,48205703.0,810507237.0,7516113449.0,0.006413647602194409
2018-12-04,13.15,13.31,13.03,13.3,23536577.0,392338243.0,7516113449.0,0.003131482402401933
2018-12-05,13.12,13.23,13.07,13.19,18202855.0,302038464.0,7516113449.0,0.002421844098484416
2018-12-06,13.0,13.04,12.81,12.88,18162613.0,295511432.0,7516113449.0,0.0024164900015468086
2018-12-07,12.96,13.05,12.88,12.95,11460182.0,187299393.0,7516113449.0,0.0015247484059098054
2018-12-10,12.85,12.94,12.73,12.89,12634785.0,204408035.0,7516113449.0,0.0016810263822828575
2018-12-11,12.89,12.98,12.81,12.9,10178215.0,165558210.0,7516113449.0,0.0013541859192338543
2018-12-12,13.15,13.15,12.92,12.96,13000499.0,213465886.0,7516113449.0,0.001729683710632346
2018-12-13,13.0,13.22,12.91,13.11,20169303.0,333573926.0,7516113449.0,0.0026834750615271083
2018-12-14,13.07,13.27,12.89,12.89,28935834.0,476982399.0,7516113449.0,0.003849839973324224
2018-12-17,12.83,13.1,12.7,12.97,23569580.0,384518875.0,7516113449.0,0.003135873368587308
2018-12-18,12.89,13.06,12.55,12.61,22596315.0,364431269.0,7516113449.0,0.0030063829069805195
2018-12-19,12.66,12.66,12.46,12.49,13557389.0,214816787.0,7516113449.0,0.0018037765251938522
2018-12-20,12.46,12.55,12.26,12.47,14637118.0,229450840.0,7516113449.0,0.0019474317543660058
2018-12-21,12.4,12.52,12.2,12.4,14431541.0,224425309.0,7516113449.0,0.0019200802513059565
2018-12-24,12.27,12.48,12.21,12.31,16493787.0,256513128.0,7516113449.0,0.002194456897426749
2018-12-25,12.16,12.16,11.86,12.0,22822450.0,345648031.0,7516113449.0,0.0030364696002608198
2018-12-26,12.01,12.13,11.81,11.92,17817316.0,269262240.0,7516113449.0,0.002370549103722024
2018-12-27,12.08,12.17,11.86,11.86,27255583.0,413499131.0,7516113449.0,0.0036262868016749116
2018-12-28,11.94,12.28,11.92,12.15,24054090.0,367999664.0,7516113449.0,0.003200336206101351
2019-01-02,12.13,12.25,12.05,12.21,16789064.0,257323773.0,7516113449.0,0.0022337427599943616
2019-01-03,12.2,12.78,12.11,12.53,26998359.0,425679742.0,7516113449.0,0.0035920637950977263
2019-01-04,12.41,13.5,12.39,13.3,47892194.0,789125987.0,7516113449.0,0.006371936017859328
2019-01-07,13.22,13.52,13.11,13.32,33287990.0,559427217.0,7516113449.0,0.00442888338845243
2019-01-08,13.26,13.51,13.21,13.31,21343773.0,359258540.0,7516113449.0,0.0028397353425845023
2019-01-09,13.43,13.6,13.28,13.33,28261426.0,479758657.0,7516113449.0,0.0037601116842854616
2019-01-10,13.32,13.46,13.14,13.18,24366552.0,408535846.0,7516113449.0,0.003241908489718434
2019-01-11,13.3,13.47,13.15,13.22,18621870.0,311732679.0,7516113449.0,0.0024775929908931317
2019-01-14,13.32,13.39,13.01,13.08,19741432.0,327656767.0,7516113449.0,0.0026265479005810576
2019-01-15,13.2,13.47,13.12,13.27,28790221.0,483746720.0,7516113449.0,0.003830466529723612
2019-01-16,13.32,13.38,13.19,13.25,19721695.0,330647022.0,7516113449.0,0.002623921942346935
2019-01-17,13.38,13.38,13.05,13.07,19956234.0,332147552.0,7516113449.0,0.0026551267667008307
2019-01-18,13.2,13.24,12.96,13.2,24179026.0,399780853.0,7516113449.0,0.00321695862683086
2019-01-21,13.15,13.3,12.92,13.07,32811684.0,542976262.0,7516113449.0,0.004365512072514753
2019-01-22,13.03,13.08,12.73,12.79,22892719.0,372255789.0,7516113449.0,0.0030458187140650224
2019-01-23,12.81,12.86,12.66,12.77,17166925.0,276040411.0,7516113449.0,0.0022840162161581017
2019-01-24,12.85,13.06,12.77,12.89,28568330.0,465011527.0,7516113449.0,0.0038009444899745285
2019-01-25,12.92,13.15,12.9,12.94,32465947.0,533734317.0,7516113449.0,0.004319512633796063
2019-01-28,13.08,13.37,13.07,13.15,30247010.0,504161407.0,7516113449.0,0.0040242886440231005
2019-01-29,13.12,13.2,12.87,13.08,17421821.0,286184874.0,7516113449.0,0.0023179294881875328
2019-01-30,13.0,13.11,12.91,12.92,11972076.0,196498018.0,7516113449.0,0.0015928546157845521
2019-01-31,13.0,13.35,12.94,13.3,28856619.0,480887164.0,7516113499.0,0.003839300591168468
2019-02-01,13.5,13.61,13.39,13.56,29954045.0,509809872.0,7516113499.0,0.003985310360731688
2019-02-11,13.48,13.7,13.38,13.68,33353116.0,569757192.0,7516113499.0,0.0044375482095151365
2019-02-12,13.68,13.94,13.57,13.87,35261481.0,613747249.0,7516113499.0,0.004691451373730779
2019-02-13,13.84,14.26,13.8,14.18,42479640.0,754025079.0,7516113499.0,0.005651809276915764
2019-02-14,14.06,14.34,13.96,14.07,27455038.0,487627202.0,7516113499.0,0.003652823763724806
2019-02-15,14.03,14.18,13.72,13.76,26341791.0,461467100.0,7516113499.0,0.003504709049897225
2019-02-18,13.9,14.42,13.88,14.31,39796811.0,711668628.0,7516113499.0,0.005294865625072701
2019-02-19,14.32,14.69,14.1,14.19,40497804.0,734621936.0,7516113499.0,0.005388130980910298
2019-02-20,14.26,14.35,14.0,14.12,28820501.0,514655964.0,7516113499.0,0.003834495182095706
2019-02-21,14.12,14.73,13.96,14.19,51402958.0,927190543.0,7516113499.0,0.006839034297025854
2019-02-22,14.27,15.5,14.0,15.46,87372849.0,1624397227.0,7516113499.0,0.011624737839792433
2019-02-25,15.9,17.01,15.9,17.01,204983196.0,4279294822.0,7516113499.0,0.027272498749157062
2019-02-26,17.05,17.59,16.24,16.31,157402936.0,3366074887.0,7516113499.0,0.020942064807954547
2019-02-27,16.1,16.55,15.71,15.93,122334087.0,2473138390.0,7516113499.0,0.01627624263740512
2019-02-28,15.91,15.93,15.38,15.47,65048279.0,1275585119.0,7516115415.000001,0.008654507735496234
2019-03-01,15.64,16.06,15.41,15.83,77983063.0,1543870571.0,7516115415.000001,0.010375447780427675
2019-03-04,15.95,16.75,15.61,15.87,113368337.0,2291215312.0,7516115415.000001,0.015083368301363422
2019-03-05,15.76,16.0,15.7,15.93,53542239.0,1069568305.0,7516115415.000001,0.007123658438392939
2019-03-06,15.98,16.77,15.86,16.47,104222648.0,2132039705.0,7516115415.000001,0.013866557689095836
2019-03-07,16.86,17.61,16.46,17.29,178292035.0,3847245070.0,7516115415.000001,0.023721300852323324
2019-03-08,16.54,17.1,15.83,15.87,143373002.0,2974856417.0,7516115415.000001,0.019075412508151323
2019-03-11,15.84,16.28,15.61,16.04,93244437.0,1874485653.0,7516115415.000001,0.01240593469518988
2019-03-12,16.16,16.64,16.06,16.28,97349910.0,2006811861.0,7516115415.000001,0.012952157414416179
2019-03-13,16.25,16.29,15.75,15.94,89848258.0,1807110766.0,7516115415.000001,0.011954081734919712
2019-03-14,15.76,16.03,15.07,15.24,87044171.0,1698398932.0,7516115415.000001,0.011581005106212834
2019-03-15,15.34,15.62,15.05,15.26,77315320.0,1495739712.0,7516115415.000001,0.01028660627612249
2019-03-18,15.34,15.66,15.13,15.66,63558571.0,1234682851.0,7516115415.000001,0.008456305882844135
2019-03-19,15.66,15.76,15.46,15.55,40843126.0,803978133.0,7516115415.000001,0.005434073819368033
2019-03-20,15.53,15.82,15.4,15.62,56124835.0,1103646852.0,7516115415.000001,0.0074672662540533905
2019-03-21,15.68,16.14,15.53,15.85,78053652.0,1562053120.0,7516115415.000001,0.01038483946697085
2019-03-22,15.84,15.92,15.55,15.76,48070459.0,952757887.0,7516115415.000001,0.006395652055058283
2019-03-25,15.53,15.68,15.2,15.23,57417859.0,1118274958.0,7516115415.000001,0.007639299801784642
2019-03-26,15.36,15.41,14.82,14.89,44525891.0,846052000.0,7516115415.000001,0.005924056316530099
2019-03-27,15.03,15.1,14.88,14.99,40163537.0,759338780.0,7516115415.000001,0.005343656234954182
2019-03-28,14.84,15.18,14.79,14.91,34686286.0,653999892.0,7516115415.000001,0.004614921949013205
2019-03-29,14.95,16.05,14.94,15.98,98717895.0,1944655613.0,7516118290.0,0.013134159308181936
2019-04-01,15.99,16.46,15.79,16.2,81564904.0,1663367980.0,7516118290.0,0.010851998445596577
2019-04-02,16.29,16.48,16.03,16.09,51216656.0,1049150083.0,7516118290.0,0.006814242940819922
2019-04-03,15.99,16.73,15.93,16.62,78986853.0,1632046023.0,7516118290.0,0.01050899546180506
2019-04-04,16.81,16.89,16.51,16.75,72429424.0,1525967709.0,7516118290.0,0.009636546579684019
2019-04-08,16.87,16.94,16.08,16.28,70855930.0,1470711526.0,7516118290.0,0.009427197293351805
2019-04-09,16.38,16.61,16.1,16.32,51268317.0,1058338402.0,7516118290.0,0.006821116302574849
2019-04-10,16.37,16.41,15.86,16.14,64812888.0,1313767202.0,7516118290.0,0.008623186264408833
2019-04-11,16.11,16.35,15.93,15.99,43332732.0,880292178.0,7516118290.0,0.005765307347231758
2019-04-12,15.99,16.18,15.94,16.09,32118438.0,650481541.0,7516118290.0,0.00427327468258885
2019-04-15,16.41,16.45,15.9,15.91,44072558.0,896920774.0,7516118290.0,0.005863739273321096
2019-04-16,15.78,16.21,15.58,16.19,49879408.0,999629045.0,7516118290.0,0.006636325570655701
2019-04-17,16.09,16.24,15.98,16.03,29423229.0,596779929.0,7516118290.0,0.003914684131454775
2019-04-18,15.98,16.08,15.87,15.89,21865898.0,440378748.0,7516118290.0,0.002909200887523552
2019-04-19,15.97,16.22,15.89,16.03,26356630.0,532461692.0,7516118290.0,0.0035066811062655586
2019-04-22,16.14,16.18,15.54,15.64,39921787.0,796121333.0,7516118290.0,0.005311489981885317
2019-04-23,15.62,16.0,15.54,15.7,31319542.0,621655738.0,7516118290.0,0.00416698364655461
2019-04-24,15.73,15.91,15.57,15.75,24281788.0,481380222.0,7516118290.0,0.0032306287718098167
2019-04-25,15.71,15.84,15.3,15.33,34023217.0,669352579.0,7516118290.0,0.00452670057698094
2019-04-26,15.26,15.54,15.16,15.32,38091431.0,736156127.0,7516118290.0,0.005067965874177321
2019-04-29,15.11,15.28,14.83,15.0,39915460.0,758357719.0,7516118290.0,0.005310648190982635
2019-04-30,15.01,15.14,14.88,14.93,27237382.0,514692905.0,7516120773.999999,0.0036238616726623667
2019-05-06,14.29,14.51,13.48,13.59,58703505.0,1032046179.0,7516120773.999999,0.007810346156632954
2019-05-07,13.68,13.82,13.34,13.65,49480365.0,846612506.0,7516120773.999999,0.006583231761145195
2019-05-08,13.37,13.57,13.33,13.44,29015300.0,491828863.0,7516120773.999999,0.0038604089626088282
2019-05-09,13.24,13.47,13.19,13.27,27575570.0,463337195.0,7516120773.999999,0.003668856692057195
2019-05-10,13.45,13.86,13.18,13.85,53771218.0,922741076.0,7516120773.999999,0.00715411840985939
2019-05-13,13.6,13.69,13.38,13.43,29105162.0,496083708.0,7516120773.999999,0.003872364864157251
2019-05-14,13.28,13.54,13.25,13.3,25461308.0,430284916.0,7516120773.999999,0.003387559722041263
2019-05-15,13.38,13.51,13.31,13.43,30712012.0,519493542.0,7516120773.999999,0.004086152008924598
2019-05-16,13.4,13.49,13.33,13.4,21575146.0,364626328.0,7516120773.999999,0.002870516141070194
2019-05-17,13.46,13.47,12.85,12.92,36395565.0,603007180.0,7516120773.999999,0.004842333711014953
2019-05-20,12.92,13.12,12.83,13.02,30735110.0,502700934.0,7516120773.999999,0.0040892251367646805
2019-05-21,13.02,13.27,12.99,13.13,28902355.0,478467956.0,7516120773.999999,0.0038453819289306704
2019-05-22,13.15,13.17,12.87,12.96,20827659.0,342025002.0,7516120773.999999,0.0027710649717135587
2019-05-23,12.87,13.11,12.84,12.91,24429519.0,398646009.0,7516120773.999999,0.003250282923141331
2019-05-24,12.92,13.04,12.86,12.92,14735376.0,240592350.0,7516120773.999999,0.0019605028236072356
2019-05-27,12.92,13.24,12.82,13.19,31387334.0,517580685.0,7516120773.999999,0.0041760018158005195
2019-05-28,13.15,13.23,13.03,13.16,39170036.0,647842238.0,7516120773.999999,0.005211469743208254
2019-05-29,13.03,13.19,12.98,13.04,29789437.0,490455372.0,7516120773.999999,0.00396340584401578
2019-05-30,13.02,13.02,12.81,12.88,30422059.0,494228599.0,7516120773.999999,0.0040475745287698065
2019-05-31,12.88,12.92,12.74,12.74,28582247.0,462350800.0,7516120773.999999,0.0038027924057410845
2019-06-03,12.79,12.92,12.66,12.72,35168048.0,566457988.0,7516120773.999999,0.004679015819124995
2019-06-04,12.7,12.75,12.5,12.61,26637842.0,423165275.0,7516120773.999999,0.003544094460555565
2019-06-05,12.73,12.84,12.64,12.67,26440004.0,424751383.0,7516120773.999999,0.0035177726376433563
2019-06-06,12.6,12.76,12.58,12.61,21135180.0,337960529.0,7516120773.999999,0.0028119798278270726
2019-06-10,12.69,12.79,12.51,12.72,31194027.0,499496165.0,7516120773.999999,0.004150282830460542
2019-06-11,12.73,13.28,12.73,13.23,63656011.0,1049517741.0,7516120773.999999,0.008469263987907281
2019-06-12,13.16,13.22,13.04,13.08,31735303.0,524684081.0,7516120773.999999,0.004222298171389124
2019-06-13,13.07,13.23,13.01,13.14,29315730.0,485362313.0,7516120773.999999,0.003900380379917509
2019-06-14,13.14,13.2,12.81,12.83,33691105.0,552233467.0,7516120773.999999,0.004482512457296499
2019-06-17,12.81,13.08,12.81,12.97,25574681.0,418148778.0,7516120773.999999,0.0034026436999879963
2019-06-18,13.02,13.04,12.88,13.03,18328095.0,299793208.0,7516120773.999999,0.002438504589149382
2019-06-19,13.68,13.87,13.26,13.26,87901400.0,1497090307.0,7516120773.999999,0.011695048901299096
2019-06-20,13.23,14.24,13.22,13.96,103191361.0,1797552087.0,7516120773.999999,0.013729337793102366
2019-06-21,14.01,14.23,13.95,14.06,63326420.0,1125811269.0,7516120773.999999,0.008425412776636153
2019-06-24,14.4,14.72,14.21,14.46,81865704.0,1495804418.0,7516120773.999999,0.01089201550395417
2019-06-25,14.41,14.58,14.01,14.44,68262905.0,1235319010.0,7516120773.999999,0.009082199056212239
2019-06-26,14.19,14.46,14.0,14.19,37428047.0,672909549.0,7516120773.999999,0.0049797027117329295
2019-06-27,14.33,14.72,14.33,14.45,46260073.0,848151544.0,7516120773.999999,0.006154780423436554
2019-06-28,14.44,14.56,14.23,14.55,43032497.0,780842784.0,7516120773.999999,0.00572535996878328
2019-07-01,15.0,15.07,14.76,14.86,60846174.0,1142708582.0,7516120773.999999,0.008095422602904545
2019-07-02,14.79,14.8,14.57,14.68,27897192.0,516078770.0,7516120773.999999,0.0037116476489444986
2019-07-03,14.61,14.62,14.31,14.39,27078452.0,492659826.0,7516120773.999999,0.0036027164562962627
2019-07-04,14.49,14.6,14.3,14.46,22636548.0,412397016.0,7516120773.999999,0.003011732871337706
2019-07-05,14.46,14.46,14.25,14.3,35076707.0,632628382.0,7516120773.999999,0.004666863140536332
2019-07-08,14.27,14.28,13.81,13.94,37807831.0,668577919.0,7516120773.999999,0.005030231968968093
2019-07-09,14.07,14.16,13.9,14.1,30695880.0,543062577.0,7516120773.999999,0.004084005688969787
2019-07-10,14.17,14.46,14.06,14.3,43631809.0,787170116.0,7516120773.999999,0.005805096846092804
2019-07-11,14.39,14.49,14.16,14.32,33638008.0,607718895.0,7516120773.999999,0.004475448041809234
2019-07-12,14.3,14.42,14.15,14.33,30440746.0,549961404.0,7516120773.999999,0.004050060784720435
2019-07-15,14.18,14.71,14.0,14.46,45340349.0,822266926.0,7516120773.999999,0.006032413576541074
2019-07-16,14.41,14.51,14.31,14.38,19566156.0,354970675.0,7516120773.999999,0.0026032253323661136
2019-07-17,14.32,14.42,14.27,14.3,17294870.0,312877090.0,7516120773.999999,0.0023010367342455374
2019-07-18,14.21,14.25,14.07,14.11,17188434.0,306910898.0,7516120773.999999,0.0022868757058107383
2019-07-19,14.22,14.46,14.19,14.34,26206646.0,473661646.0,7516120773.999999,0.003486724972628813
2019-07-22,14.39,14.43,14.03,14.12,22265161.0,398650894.0,7516120773.999999,0.0029623208127549446
2019-07-23,14.17,14.23,14.04,14.09,18412602.0,327632319.0,7516120773.999999,0.0024497480221038295
2019-07-24,14.16,14.34,14.15,14.23,24041018.0,432562960.0,7516120773.999999,0.003198593892099691
2019-07-25,14.23,14.42,14.2,14.37,19691554.0,355419579.0,7516120773.999999,0.002619909204774575
2019-07-26,14.28,14.38,14.26,14.33,14704248.0,265384186.0,7516120773.999999,0.0019563613254945816
2019-07-29,14.32,14.33,14.13,14.19,17028588.0,304951499.0,7516120773.999999,0.002265608618066094
2019-07-30,14.15,14.46,14.15,14.34,24466543.0,442639555.0,7516120773.999999,0.0032552088684678184
2019-07-31,14.34,14.4,14.26,14.36,19592653.0,354258759.0,7516120773.999999,0.002606750688170887
2019-08-01,14.29,14.38,14.09,14.18,22146068.0,396657747.0,7516120773.999999,0.002946475803929119
2019-08-02,13.86,13.88,13.65,13.71,38265071.0,663272228.0,7516120773.999999,0.00509106654224713
2019-08-05,13.65,13.69,13.4,13.4,29928401.0,511051962.0,7516120773.999999,0.003981894636862311
2019-08-06,13.12,13.54,13.07,13.31,30819909.0,515099874.0,7516120773.999999,0.004100507419547221
2019-08-07,13.35,13.43,13.16,13.16,18815222.0,314850526.0,7516120773.999999,0.0025033155487716756
2019-08-08,13.5,13.57,13.26,13.31,28219773.0,476025579.0,7516120773.999999,0.003754566198246671
2019-08-09,13.39,13.4,13.12,13.16,25584002.0,427325504.0,7516120773.999999,0.00340388383439779
2019-08-12,13.3,13.45,13.24,13.45,23381166.0,387298377.0,7516120773.999999,0.0031108023278285874
2019-08-13,13.31,13.38,13.28,13.3,14682545.0,242579603.0,7516120773.999999,0.0019534737987167957
2019-08-14,13.55,13.59,13.34,13.34,17608871.0,294069996.0,7516120773.999999,0.0023428137372290716
2019-08-15,13.11,13.34,13.05,13.3,20784234.0,339511181.0,7516120773.999999,0.0027652873902582133
2019-08-16,13.25,13.51,13.21,13.31,24784119.0,410813111.0,7516120773.999999,0.0032974615157507848
2019-08-19,13.51,14.2,13.42,14.16,56658004.0,973827370.0,7516120773.999999,0.0075381976558962635
2019-08-20,14.05,14.28,14.05,14.13,38585630.0,678939798.0,7516120773.999999,0.0051337160697944905
2019-08-21,14.16,14.18,13.98,14.08,19342053.0,337770256.0,7516120773.999999,0.002573409020635836
2019-08-22,14.13,14.15,13.92,14.05,16553638.0,288145446.0,7516120773.999999,0.0022024177761037133
2019-08-23,14.12,14.24,14.01,14.01,21759307.0,380366195.0,7516120773.999999,0.0028950182752877627
2019-08-26,13.71,13.92,13.67,13.75,31079095.0,531421022.0,7516120773.999999,0.00413499143168505
2019-08-27,13.84,14.28,13.84,14.06,38566732.0,673603869.0,7516120773.999999,0.005131201740851644
2019-08-28,13.98,14.04,13.86,13.88,17785566.0,306928712.0,7516120773.999999,0.0023663225398831253
2019-08-29,13.88,13.92,13.73,13.8,16584158.0,284260738.0,7516120773.999999,0.002206478381423625
2019-08-30,13.99,14.06,13.71,13.78,19844808.0,341855973.0,7516120773.999999,0.0026402992443452723
2019-09-02,13.8,14.18,13.76,14.05,34304103.0,596750920.0,7516120876.0,0.004564070158788649
2019-09-03,14.05,14.21,14.01,14.16,24454225.0,427936746.0,7516120876.0,0.003253569946976994
2019-09-04,14.1,14.51,14.1,14.39,37459968.0,667558124.0,7516120876.0,0.00498394964876294
2019-09-05,14.63,15.34,14.63,14.91,84815033.0,1581340273.0,7516120876.0,0.011284415777668767
2019-09-06,15.24,15.31,15.03,15.18,47569536.0,893410163.0,7516120876.0,0.006329000928111205
2019-09-09,15.48,15.71,15.34,15.43,62252634.0,1197526420.0,7516120876.0,0.008282548275504877
2019-09-10,15.35,15.55,15.2,15.44,43728790.0,833208120.0,7516120876.0,0.005817999832816952
2019-09-11,15.59,15.74,15.42,15.47,56055819.0,1083754870.0,7516120876.0,0.007458078432319241
2019-09-12,15.55,15.62,15.28,15.55,43807806.0,840350987.0,7516120876.0,0.005828512702594274
2019-09-16,15.56,15.63,15.26,15.35,37802454.0,722809391.0,7516120876.0,0.005029516505077559
2019-09-17,15.34,15.35,14.92,14.93,40599700.0,759727701.0,7516120876.0,0.005401682685764193
2019-09-18,15.04,15.12,14.88,14.95,24873364.0,462176745.0,7516120876.0,0.003309335282169829
2019-09-19,15.04,15.04,14.75,14.99,27836709.0,514287924.0,7516120876.0,0.0037036004954213034
2019-09-20,14.98,15.0,14.7,14.8,35043574.0,644142387.0,7516120876.0,0.004662454819200542
2019-09-23,14.79,14.79,14.43,14.58,30434940.0,548973873.0,7516120876.0,0.004049288256816481
2019-09-24,14.67,14.82,14.55,14.58,31499410.0,572811437.0,7516120876.0,0.00419091317445172
2019-09-25,14.55,14.72,14.47,14.55,28028842.0,507193611.0,7516120876.0,0.0037291632828178587
2019-09-26,14.63,14.71,14.4,14.51,29208424.0,528311336.0,7516120876.0,0.003886103547544916
2019-09-27,14.51,14.63,14.42,14.57,22987795.0,414241704.0,7516120876.0,0.003058465314654953
2019-09-30,14.55,14.59,14.15,14.17,23844772.0,425270363.0,7516120876.0,0.0031724838375257656
2019-10-08,14.17,14.26,14.02,14.04,22594021.0,395963961.0,7516120876.0,0.0030060747256135533
2019-10-09,13.94,14.07,13.8,14.01,23136567.0,399902421.0,7516120876.0,0.003078259035705269
2019-10-10,14.05,14.16,13.95,14.11,25462689.0,443996015.0,7516120876.0,0.003387743414466077
2019-10-11,14.16,14.47,14.05,14.34,34676323.0,613100519.0,7516120876.0,0.004613593045147296
2019-10-14,14.59,14.75,14.42,14.58,39124789.0,708974950.0,7516120876.0,0.005205449678827119
2019-10-15,14.58,14.66,14.46,14.5,19996900.0,360410929.0,7516120876.0,0.0026605346467820697
2019-10-16,14.55,14.79,14.43,14.47,22753972.0,411806766.0,7516120876.0,0.0030273557830418265
2019-10-17,14.45,14.56,14.36,14.38,14960406.0,268087468.0,7516120876.0,0.0019904424432250177
2019-10-18,14.4,14.51,14.07,14.07,22554722.0,399289344.0,7516120876.0,0.00300084609762202
2019-10-21,14.04,14.12,13.87,13.96,26410094.0,457818670.0,7516120876.0,0.003513793143525809
2019-10-22,14.01,14.05,13.87,14.04,18869445.0,327155604.0,7516120876.0,0.002510529741512369
2019-10-23,14.02,14.07,13.86,13.92,15271197.0,264097615.0,7516120876.0,0.0020317923636330834
2019-10-24,14.0,14.09,13.89,13.98,13516233.0,234546605.0,7516120876.0,0.0017982990458760685
2019-10-25,13.98,14.17,13.88,14.11,18164072.0,316117909.0,7516120876.0,0.002416681729800323
2019-10-28,14.11,14.36,14.08,14.29,20085605.0,354086346.0,7516120876.0,0.002672336612378877
2019-10-29,14.29,14.29,13.96,13.96,18667490.0,326308389.0,7516120876.0,0.0024836601629981557
2019-10-30,13.91,13.93,13.67,13.74,27368142.0,467004316.0,7516120876.0,0.0036412588955813912
2019-10-31,13.68,13.76,13.63,13.76,17142960.0,291407535.0,7516120876.0,0.0022808254793692598
2019-11-01,13.69,13.92,13.66,13.92,21676884.0,371756573.0,7516120876.0,0.002884052073885247
2019-11-04,13.93,14.06,13.87,13.93,23124562.0,400109029.0,7516120876.0,0.0030766618022123465
2019-11-05,13.94,14.29,13.91,14.09,34550154.0,604718770.0,7516120876.0,0.004596806593454791
2019-11-06,14.09,14.12,13.91,13.92,18349867.0,318561365.0,7516120876.0,0.0024414012630629227
2019-11-07,13.89,14.08,13.88,14.06,18242159.0,316887628.0,7516120876.0,0.0024270709985851485
2019-11-08,14.18,14.24,13.86,13.88,25148892.0,437505384.0,7516120876.0,0.003345993553709846
2019-11-11,13.8,13.87,13.63,13.63,23990283.0,408903161.0,7516120876.0,0.003191843691152473
2019-11-12,13.7,13.76,13.62,13.76,14085410.0,239113653.0,7516120876.0,0.0018740265400702424
2019-11-13,13.72,13.75,13.52,13.55,16926837.0,285802162.0,7516120876.0,0.002252070885933953
2019-11-14,13.59,13.68,13.52,13.58,15581887.0,262673039.0,7516120876.0,0.002073128846258326
2019-11-15,13.57,13.63,13.44,13.49,15527102.0,260338281.0,7516120876.0,0.002065839846932233
2019-11-18,13.49,13.66,13.42,13.62,14394347.0,242715522.0,7516120876.0,0.001915129790682733
2019-11-19,13.55,13.68,13.55,13.67,14070339.0,237886632.0,7516120876.0,0.0018720213833878742
2019-11-20,13.62,13.67,13.38,13.42,22803450.0,382018194.0,7516120876.0,0.003033938700056638
2019-11-21,13.36,13.5,13.3,13.37,17437571.0,289510753.0,7516120876.0,0.002320022693578618
2019-11-22,13.38,13.51,13.31,13.33,16643622.0,276588302.0,7516120876.0,0.0022143898793785177
2019-11-25,13.34,13.47,13.33,13.44,13485016.0,224537691.0,7516120876.0,0.0017941457066050516
2019-11-26,13.48,13.53,13.38,13.5,20197258.0,337087313.0,7516120876.0,0.0026871917486708603
2019-11-27,13.46,13.47,13.34,13.38,13003514.0,216184319.0,7516120876.0,0.001730083139232366
2019-11-28,13.36,13.43,13.34,13.41,9613988.0,159716866.0,7516120876.0,0.001279115671316407
2019-11-29,13.41,13.56,13.38,13.47,12540489.0,209497318.0,7516120876.0,0.0016684788878320856
2019-12-02,13.73,13.78,13.57,13.59,21385700.0,362587142.0,7516120876.0,0.002845310812960374
2019-12-03,13.53,13.71,13.52,13.68,17767465.0,300498687.0,7516120876.0,0.0023639142176031178
2019-12-04,13.59,13.67,13.55,13.61,11538532.0,194658922.0,7516120876.0,0.0015351711594798999
2019-12-05,13.67,13.95,13.66,13.9,29193155.0,500194540.0,7516120876.0,0.003884072047486321
2019-12-06,13.94,14.13,13.9,14.12,27767818.0,482964776.0,7516120876.0,0.003694434730110107
2019-12-09,14.21,14.26,14.08,14.16,22706548.0,399045362.0,7516120876.0,0.003021046145293526
2019-12-10,14.17,14.18,14.02,14.14,15676593.0,274393873.0,7516120876.0,0.002085729229030563
2019-12-11,14.26,14.26,14.04,14.09,15429302.0,270318852.0,7516120876.0,0.002052827815644619
2019-12-12,14.12,14.16,13.99,14.02,16309561.0,284275294.0,7516120876.0,0.00216994394702707
2019-12-13,14.27,14.49,14.08,14.48,57797445.0,1025274789.0,7516120876.0,0.007689797164459546
2019-12-16,14.5,14.67,14.35,14.59,43302553.0,778761096.0,7516120876.0,0.005761290127500605
2019-12-17,14.59,15.22,14.45,14.89,75523929.0,1391292757.0,7516120876.0,0.01004825896842056
2019-12-18,14.8,15.0,14.67,14.7,54538250.0,1005115029.0,7516120876.0,0.007256169891326266
2019-12-19,14.72,14.76,14.56,14.66,27691532.0,502954733.0,7516120876.0,0.003684285079611059
2019-12-20,14.7,14.88,14.61,14.65,36891702.0,674410780.0,7516120876.0,0.0049083433607088785
2019-12-23,14.67,14.75,14.24,14.25,34430734.0,617839525.0,7516120876.0,0.004580918078359015
2019-12-24,14.29,14.34,14.2,14.3,21498992.0,380951874.0,7516120876.0,0.0028603840138666766
2019-12-25,14.26,14.42,14.21,14.26,22795159.0,404616190.0,7516120876.0,0.003032835604438994
2019-12-26,14.26,14.47,14.26,14.46,24800952.0,441464569.0,7516120876.0,0.0032997010571228073
2019-12-27,14.46,14.66,14.32,14.32,36110871.0,650265675.0,7516120876.0,0.004804455861707459
2019-12-30,14.33,15.21,14.28,15.06,86898376.0,1602884430.0,7516120876.0,0.011561599052707944
2019-12-31,14.96,15.09,14.82,14.91,39038649.0,722786977.0,7516120979.000001,0.005193988908517274
2020-01-02,15.16,15.28,15.0,15.05,57991383.0,1088983756.0,7516120979.000001,0.007715599996597659
2020-01-03,15.05,15.24,15.01,15.18,38880618.0,730191035.0,7516120979.000001,0.005172963302298117
2020-01-06,15.05,15.6,15.02,15.34,60864013.0,1159450084.0,7516120979.000001,0.008097795813831856
2020-01-07,15.39,15.51,15.21,15.35,32359714.0,616014303.0,7516120979.000001,0.004305374286871227
2020-01-08,15.16,15.21,14.97,15.02,39960721.0,747814315.0,7516120979.000001,0.00531666814725974
2020-01-09,15.23,15.31,15.13,15.2,26696708.0,503807398.0,7516120979.000001,0.003551926329364635
2020-01-10,15.38,15.49,15.14,15.24,28431201.0,540854168.0,7516120979.000001,0.0037826960315615744
2020-01-13,15.2,15.38,15.0,15.38,26810264.0,505320470.0,7516120979.000001,0.00356703465456553
2020-01-14,15.4,15.46,15.21,15.25,24676696.0,469716526.0,7516120979.000001,0.0032831690800276562
2020-01-15,15.21,15.28,15.08,15.09,16224515.0,304774489.0,7516120979.000001,0.0021586287721194488
2020-01-16,15.16,15.17,14.96,15.01,23639423.0,440908271.0,7516120979.000001,0.0031451626531888476
2020-01-17,15.1,15.23,14.99,15.04,20626401.0,386183180.0,7516120979.000001,0.0027442880519925167
2020-01-20,15.02,15.41,14.99,15.32,25625796.0,483269329.0,7516120979.000001,0.0034094443226231094
2020-01-21,15.22,15.3,14.88,14.92,33380783.0,624187771.0,7516120979.000001,0.0044412248144043605
2020-01-22,14.88,14.97,14.48,14.85,47855927.0,873704682.0,7516120979.000001,0.006367104405811081
2020-01-23,14.64,14.66,14.09,14.17,48067887.0,858484147.0,7516121184.0,0.006395304948292329
2020-02-03,12.75,12.89,12.75,12.75,55012732.0,870321957.0,7516121184.0,0.007319298166334621
2020-02-04,12.72,13.09,12.72,12.99,77368370.0,1238316434.0,7516121184.0,0.010293656542512714
2020-02-05,13.02,13.47,12.93,13.17,51189541.0,836727862.0,7516121184.0,0.006810632738196149
2020-02-06,13.24,13.58,13.11,13.47,47798739.0,791012812.0,7516121184.0,0.006359495520342584
2020-02-07,13.44,13.55,13.34,13.5,32470438.0,540983329.0,7516121184.0,0.004320105704139216
2020-02-10,13.38,13.69,13.34,13.59,29753370.0,500267167.0,7516121184.0,0.003958607009069746
2020-02-11,13.6,13.83,13.5,13.52,33462559.0,565964746.0,7516121184.0,0.004452104773301643
2020-02-12,13.51,13.73,13.42,13.64,30828845.0,518978100.0,7516121184.0,0.00410169610697964
2020-02-13,13.63,13.68,13.39,13.44,27334068.0,458038415.0,7516121184.0,0.0036367252909901993
2020-02-14,13.43,13.71,13.4,13.69,42257309.0,713164411.0,7516121184.0,0.005622222947915684
2020-02-17,14.26,14.35,13.95,14.31,54441595.0,954936344.0,7516121184.0,0.0072433099024391675
2020-02-18,14.22,14.36,14.11,14.19,32184492.0,567496079.0,7516121184.0,0.004282061346817157
2020-02-19,14.19,14.42,14.15,14.18,35896268.0,637198284.0,7516121184.0,0.004775903304541504
2020-02-20,14.23,14.92,14.16,14.88,79620333.0,1439964625.0,7516121286.000001,0.010593274106460446
2020-02-21,14.84,15.34,14.75,14.98,72036474.0,1340893265.0,7516121286.000001,0.009584261783292355
2020-02-24,14.89,15.06,14.73,14.85,66748415.0,1231945817.0,7516121286.000001,0.00888069956033437
2020-02-25,14.53,14.84,14.3,14.78,57809250.0,1047354157.0,7516121286.000001,0.007691367368921938
2020-02-26,14.57,14.94,14.52,14.67,51408988.0,940748462.0,7516121286.000001,0.006839829487019802
2020-02-27,14.76,14.99,14.58,14.69,35586639.0,651441459.0,7516121286.000001,0.004734707922593786
2020-02-28,14.36,14.36,13.71,13.71,77723949.0,1349834535.0,7516121286.000001,0.010340965245568018
2020-03-02,13.88,14.93,13.83,14.7,85678948.0,1535588506.0,7516121286.000001,0.011399356761258096
2020-03-03,14.9,15.09,14.65,14.71,60822592.0,1121136389.0,7516121286.000001,0.008092284528895505
2020-03-04,14.59,15.01,14.56,15.0,63368718.0,1163079683.0,7516121286.000001,0.008431039839396226
2020-03-05,15.17,15.55,14.95,15.35,83270747.0,1578134465.0,7516121286.000001,0.011078952006150476
2020-03-06,15.09,15.22,14.88,14.89,47363313.0,884118132.0,7516121286.000001,0.0063015631597406335
2020-03-09,14.63,14.64,14.27,14.42,63630417.0,1142379993.0,7516121286.000001,0.008465858197169066
2020-03-10,14.35,14.88,14.27,14.79,51697043.0,937013722.0,7516121286.000001,0.00687815444068128
2020-03-11,14.79,14.81,14.35,14.35,39491152.0,713803529.0,7516121286.000001,0.005254193020216251
2020-03-12,14.2,14.28,13.98,14.15,38033822.0,666064352.0,7516121286.000001,0.005060299129398588
2020-03-13,13.53,14.16,13.43,13.98,56188653.0,957084345.0,7516121286.000001,0.007475751236832821
2020-03-16,14.04,14.04,13.28,13.36,51544173.0,871656712.0,7516121286.000001,0.006857815492680967
2020-03-17,13.55,13.7,12.89,13.27,58296322.0,956465131.0,7516121286.000001,0.007756171006525186
2020-03-18,13.33,13.42,12.92,12.98,44588560.0,730050398.0,7516121286.000001,0.005932389633340996
2020-03-19,12.99,13.17,12.72,13.04,51008535.0,818836838.0,7516121286.000001,0.00678655027760285
2020-03-20,13.1,13.21,12.93,13.13,31624120.0,512974806.0,7516121286.000001,0.004207505280536794
2020-03-23,12.76,13.01,12.7,12.78,32138516.0,511453461.0,7516121286.000001,0.004275944303860984
2020-03-24,13.02,13.21,12.87,13.16,35112564.0,567736551.0,7516121286.000001,0.004671633501364974
2020-03-25,13.42,13.51,13.27,13.38,33183760.0,551403003.0,7516121286.000001,0.004415011245469143
2020-03-26,13.34,13.37,13.12,13.14,23976417.0,393732198.0,7516121286.000001,0.0031899986825199293
2020-03-27,13.31,13.43,13.13,13.2,27558746.0,453506679.0,7516121286.000001,0.003666618053560771
2020-03-30,13.06,13.19,12.92,13.13,19432966.0,314883335.0,7516121286.000001,0.0025855045788307144
2020-03-31,13.26,13.29,13.12,13.13,16222101.0,265805275.0,7516121337.0,0.0021583074930074135
2020-04-01,13.12,13.34,13.08,13.17,19994329.0,327776376.0,7516121337.0,0.0026601924188707385
2020-04-02,13.09,13.34,13.07,13.34,17616415.0,289207266.0,7516121337.0,0.002343817270921208
2020-04-03,13.26,13.3,13.15,13.18,14929922.0,244959899.0,7516121337.0,0.001986386505830301
2020-04-07,13.42,13.52,13.34,13.46,27628514.0,459999724.0,7516121337.0,0.00367590047595316
2020-04-08,13.4,13.46,13.34,13.42,13448025.0,223431257.0,7516121337.0,0.0017892240421663644
2020-04-09,13.51,13.59,13.41,13.42,20185323.0,338039478.0,7516121337.0,0.0026856036637717203
2020-04-10,13.42,13.46,13.26,13.29,16892613.0,279720814.0,7516121337.0,0.0022475173354163215
2020-04-13,13.25,13.26,13.1,13.13,14524081.0,237224792.0,7516121337.0,0.0019323904376718287
2020-04-14,13.17,13.51,13.14,13.4,26440711.0,436600537.0,7516121337.0,0.003517866438616277
2020-04-15,13.36,13.54,13.33,13.38,23117203.0,384970867.0,7516121337.0,0.0030756825180827973
2020-04-16,13.27,13.71,13.27,13.62,40089743.0,675371222.0,7516121337.0,0.005333833928764314
2020-04-17,13.69,13.73,13.46,13.51,25123433.0,423899275.0,7516121337.0,0.003342606096088893
2020-04-20,13.54,13.63,13.45,13.61,17279745.0,290217070.0,7516121337.0,0.0022990242207687767
2020-04-21,13.52,13.57,13.38,13.46,19440512.0,324674058.0,7516121337.0,0.0025865085365638237
2020-04-22,13.41,13.54,13.38,13.53,14849988.0,248136985.0,7516121337.0,0.00197575149923368
2020-04-23,13.56,13.58,13.43,13.46,13275634.0,222428075.0,7516121337.0,0.0017662878770526693
2020-04-24,13.48,13.5,13.23,13.32,15694753.0,260021150.0,7516121337.0,0.0020881452409155007
2020-04-27,13.34,13.51,13.31,13.33,13850143.0,230228248.0,7516121337.0,0.001842724775053748
2020-04-28,13.41,13.54,13.22,13.4,20466563.0,340387690.0,7516121337.0,0.002723021899506623
2020-04-29,13.35,13.51,13.35,13.5,12079354.0,201485899.0,7516121337.0,0.001607125997359348
2020-04-30,13.5,13.71,13.46,13.64,29442362.0,497280068.0,7516121388.0,0.003917228112761289
2020-05-06,13.3,13.46,13.22,13.46,40907593.0,675442340.0,7516121388.0,0.0054426466641839715
2020-05-07,13.38,13.42,13.24,13.28,24983169.0,412357785.0,7516121388.0,0.0033239443205224616
2020-05-08,13.33,13.57,13.27,13.45,30777517.0,512198288.0,7516121388.0,0.004094866941497034
2020-05-11,13.46,13.51,13.29,13.31,24707836.0,410081086.0,7516121388.0,0.0032873119957120096
2020-05-12,13.34,13.34,13.07,13.13,29122304.0,475858513.0,7516121388.0,0.003874645245418168
2020-05-13,13.07,13.18,13.05,13.13,16356616.0,265928282.0,7516121388.0,0.00217620434205792
2020-05-14,13.09,13.14,12.94,12.99,18100409.0,292789914.0,7516121388.0,0.002408211372011439
2020-05-15,13.06,13.09,12.97,12.98,12184685.0,196827198.0,7516121388.0,0.001621139996415396
2020-05-18,12.98,13.06,12.94,12.97,17419196.0,280643503.0,7516121388.0,0.0023175777905624214
2020-05-19,13.06,13.09,12.98,13.02,15372767.0,248341420.0,7516121388.0,0.002045305844121101
2020-05-20,13.0,13.06,12.97,12.98,13185626.0,212716736.0,7516121388.0,0.0017543125395834813
2020-05-21,13.02,13.06,12.87,12.88,15871948.0,254990339.0,7516121388.0,0.002111720551152972
2020-05-22,12.84,12.88,12.67,12.67,25805593.0,408370536.0,7516121388.0,0.00343336565069324
2020-05-25,12.69,12.75,12.62,12.66,12965775.0,203772205.0,7516121388.0,0.0017250619476024886
2020-05-26,12.72,12.77,12.67,12.75,12499898.0,197293775.0,7516121388.0,0.0016630782493690082
2020-05-27,12.75,12.79,12.66,12.67,10444948.0,164651322.0,7516121388.0,0.0013896726064956948
2020-05-28,12.72,12.89,12.67,12.72,19772624.0,312991337.0,7516121388.0,0.0026306951390604656
2020-05-29,12.67,12.72,12.63,12.63,15844745.0,248724190.0,7516121388.0,0.0021081012642101835
2020-06-01,12.86,13.04,12.8,12.99,45552700.0,730805394.0,7516121388.0,0.006060665820635626
2020-06-02,12.95,13.01,12.91,12.95,21611802.0,347121311.0,7516121388.0,0.0028753928900755532
2020-06-03,13.0,13.01,12.86,12.86,24814012.0,397807866.0,7516121388.0,0.0033014384306801195
2020-06-04,12.91,12.91,12.77,12.79,15942800.0,253425102.0,7516121388.0,0.002121147221684547
2020-06-05,12.84,12.89,12.76,12.87,18681169.0,297206007.0,7516121388.0,0.0024854799484513063
2020-06-08,13.12,13.18,12.97,13.02,40407209.0,655590645.0,7516121388.0,0.005376071901195325
2020-06-09,13.05,13.24,13.0,13.18,39660804.0,646914161.0,7516121388.0,0.005276764697190918
2020-06-10,13.15,13.17,13.06,13.1,22023888.0,358256687.0,7516121388.0,0.002930219838541011
2020-06-11,13.12,13.28,13.08,13.11,31590938.0,515710945.0,7516121388.0,0.0042030904464152325
2020-06-12,12.94,13.17,12.92,13.1,28010017.0,454142857.0,7516121388.0,0.003726658412505139
2020-06-15,13.11,13.24,13.03,13.04,33653757.0,548619277.0,7516121388.0,0.004477543038851197
2020-06-16,13.13,13.19,13.09,13.13,24667671.0,401819415.0,7516121388.0,0.0032819681490753485
2020-06-17,13.14,13.16,13.07,13.14,24763409.0,402935508.0,7516121388.0,0.00329470583584992
2020-06-18,13.15,13.28,13.1,13.23,28259301.0,462460344.0,7516121388.0,0.003759824987009643
2020-06-19,13.24,13.63,13.2,13.55,56927033.0,948002641.0,7516121388.0,0.007573990634436517
2020-06-22,13.51,14.24,13.45,13.8,69461999.0,1198742722.0,7516121388.0,0.009241734588121582
2020-06-23,13.66,13.89,13.63,13.8,34521388.0,590139359.0,7516121388.0,0.004592979040375232
2020-06-24,13.84,14.11,13.83,14.0,34959027.0,606109281.0,7516121388.0,0.004651205747663212
2020-06-29,13.79,13.86,13.63,13.66,36565284.0,622597956.0,7516121388.0,0.004864913977890108
2020-06-30,13.74,14.06,13.67,13.92,31602289.0,543318027.0,7516121388.0,0.004204600666835319
2020-07-01,13.88,14.17,13.85,14.13,38159602.0,664787638.0,7516121388.0,0.005077033755857696
2020-07-02,14.11,15.06,14.07,14.88,103032822.0,1873283574.0,7516121388.0,0.013708243478411474
2020-07-03,15.07,15.95,14.95,15.79,142992355.0,2733258421.0,7516121388.0,0.019024753276110872
2020-07-06,16.21,17.37,16.13,17.34,194947481.0,4094553377.0,7516121388.0,0.02593724488154847
2020-07-07,17.4,17.5,16.54,16.79,144419516.0,3035167522.0,7516121388.0,0.01921463325892735
2020-07-08,16.77,17.9,16.75,17.36,168518085.0,3599332092.0,7516121388.0,0.02242088389751802
2020-07-09,17.37,17.58,16.88,17.09,126450428.0,2703321600.0,7516121388.0,0.016823893797389532
2020-07-10,16.88,17.25,16.54,16.63,97836675.0,2044410513.0,7516121388.0,0.013016909912631656
2020-07-13,16.57,17.19,16.55,16.82,102125923.0,2136599814.0,7516122726.0,0.013587580554894734
2020-07-14,16.76,16.97,16.5,16.78,78882541.0,1641731981.0,7516122726.0,0.010495110827172515
2020-07-15,16.98,17.09,16.27,16.3,77820234.0,1602886045.0,7516122726.0,0.010353773725753824
2020-07-16,16.36,16.59,15.56,15.6,86186902.0,1724231332.0,7516122726.0,0.011466936496640701
2020-07-17,15.75,15.79,15.08,15.23,76129607.0,1453019796.0,7516122726.0,0.010128840331019363
2020-07-20,15.55,16.02,15.41,15.77,72239716.0,1404745130.0,7516122726.0,0.009611300750865361
2020-07-21,15.76,15.92,15.54,15.66,46104649.0,895788386.0,7516122726.0,0.006134100078024724
2020-07-22,15.69,16.29,15.57,15.68,75927438.0,1497818929.0,7516122726.0,0.010101942286991869
2020-07-23,15.48,15.67,15.19,15.47,61169374.0,1168765565.0,7516122726.0,0.008138421394903658
2020-07-24,15.32,15.47,14.55,14.8,74448824.0,1390095478.0,7516122726.0,0.009905216654121994
2020-07-27,14.92,14.98,14.55,14.84,40539365.0,743881021.0,7516122726.0,0.00539365394603856
2020-07-28,15.0,15.03,14.61,14.72,33967808.0,623004404.0,7516122726.0,0.004519325886270793
2020-07-29,14.73,15.25,14.64,15.21,60478155.0,1126601429.0,7516122726.0,0.008046456558085745
2020-07-30,15.17,15.17,14.83,14.84,49095615.0,912147397.0,7516122726.0,0.006532040094311786
2020-07-31,14.81,15.17,14.7,14.9,58600556.0,1086129937.0,7516122983.0,0.007796646772883173
2020-08-03,15.15,15.29,14.96,15.25,59957804.0,1125716507.0,7516122983.0,0.007977224978305015
2020-08-04,15.31,15.46,15.14,15.28,51494958.0,976947990.0,7516122983.0,0.006851266020589541
2020-08-05,15.3,15.3,15.0,15.12,40660684.0,762460121.0,7516122983.0,0.0054097949291099295
2020-08-06,15.18,15.51,14.88,15.44,65141818.0,1223133920.0,7516122983.0,0.008666944134274818
2020-08-07,15.26,15.26,14.81,15.0,70105764.0,1306846029.0,7516122983.0,0.00932738383320304
2020-08-10,14.88,15.46,14.85,15.24,69656919.0,1313099422.0,7516122983.0,0.009267666210032796
2020-08-11,15.32,15.45,14.97,15.01,52545112.0,992714577.0,7516122983.0,0.0069909861931273295
2020-08-12,14.98,15.07,14.74,14.95,49644967.0,898757618.0,7516122983.0,0.006605129680859028
2020-08-13,15.03,15.36,14.91,15.21,47444872.0,872722105.0,7516122983.0,0.006312412943123871
2020-08-14,15.21,15.7,15.18,15.65,67937999.0,1277697778.0,7516122983.0,0.009038968515238836
2020-08-17,15.97,16.83,15.95,16.39,125366243.0,2503680249.0,7516122983.0,0.01667964232138749
2020-08-18,16.41,16.47,16.15,16.18,57286043.0,1133905802.0,7516122983.0,0.007621754344569643
2020-08-19,16.18,16.44,15.99,16.04,52178542.0,1028439733.0,7516122983.0,0.006942215037994676
2020-08-20,15.93,15.98,15.72,15.83,51722499.0,994648408.0,7516122983.0,0.0068815397402339175
2020-08-21,16.01,16.17,15.86,16.09,43546520.0,845395614.0,7516122983.0,0.005793747667313815
2020-08-24,16.18,16.26,15.91,15.97,43447786.0,849775724.0,7516122983.0,0.005780611373479438
2020-08-25,16.03,16.2,15.91,16.02,40759706.0,793955025.0,7516122983.0,0.005422969540571713
2020-08-26,16.02,16.31,15.85,15.93,58641111.0,1142759690.0,7516122983.0,0.007802042506839593
2020-08-27,15.98,16.02,15.79,15.88,36240222.0,699167159.0,7516122983.0,0.004821664318421651
2020-08-28,15.88,16.26,15.79,16.22,48536032.0,945345672.0,7516122983.0,0.006457588853958219
2020-08-31,16.31,16.53,15.93,15.93,65376506.0,1294045169.0,7516123717.0,0.008698167893661882
2020-09-01,15.93,16.08,15.89,16.01,34476652.0,668912850.0,7516123717.0,0.004587025612952667
2020-09-02,16.03,16.1,15.78,15.9,38928862.0,753569105.0,7516123717.0,0.005179380152025776
2020-09-03,15.89,16.07,15.66,15.68,49079220.0,943472798.0,7516123717.0,0.006529857922507637
2020-09-04,15.52,15.63,15.4,15.47,30231011.0,568410047.0,7516123717.0,0.004022154522499859
2020-09-07,15.44,15.73,15.22,15.25,39169235.0,736252633.0,7516123717.0,0.005211361131723638
2020-09-08,15.31,15.7,15.29,15.66,41347607.0,779144602.0,7516123717.0,0.0055011876542798
2020-09-09,15.46,15.65,15.35,15.4,29904656.0,562606943.0,7516123717.0,0.003978733869476034
2020-09-10,15.48,15.55,15.14,15.16,32647277.0,608776049.0,7516123717.0,0.004343632200486303
2020-09-11,15.14,15.25,14.95,15.1,24689165.0,452480711.0,7516123717.0,0.003284826850861694
2020-09-14,15.18,15.23,15.04,15.11,20795289.0,381055144.0,7516123717.0,0.0027667571454372325
2020-09-15,15.11,15.19,15.08,15.16,17091283.0,313938832.0,7516123717.0,0.002273949131697083
2020-09-16,15.15,15.28,15.04,15.14,19681733.0,362770747.0,7516123717.0,0.002618601521351195
2020-09-17,15.1,15.14,14.89,14.91,24519629.0,446408535.0,7516123717.0,0.0032622705430648247
2020-09-18,15.01,15.51,14.92,15.48,63273735.0,1171349707.0,7516123717.0,0.008418399880364821
2020-09-21,15.74,15.84,15.33,15.33,45811943.0,866068661.0,7516123717.0,0.006095155524965928
2020-09-22,15.24,15.65,15.21,15.25,45114356.0,843450757.0,7516123717.0,0.006002343455039219
2020-09-23,15.28,15.37,15.07,15.12,28140430.0,519617604.0,7516123717.0,0.0037440083558432998
2020-09-24,15.02,15.14,14.94,14.96,31172552.0,567741733.0,7516123717.0,0.004147424014521447
2020-09-25,15.02,15.47,14.93,15.24,39543020.0,729046716.0,7516123717.0,0.005261092218394627
2020-09-28,15.14,15.24,15.07,15.15,22287781.0,410304412.0,7516123717.0,0.002965329182859165
2020-09-29,15.27,15.28,15.14,15.16,19173485.0,353916902.0,7516123717.0,0.0025509804949901678
2020-09-30,15.2,15.23,14.95,15.02,23646188.0,432904017.0,7516620612.0,0.003145853598390979
2020-10-09,15.19,15.32,15.15,15.27,23567691.0,436581870.0,7516620612.0,0.003135410474538927
2020-10-12,15.32,15.72,15.3,15.65,45584832.0,861606638.0,7516620927.0,0.00606453783458169
2020-10-13,15.52,15.56,15.41,15.45,24484347.0,460044213.0,7516620927.0,0.0032573608856675553
2020-10-14,15.46,15.47,15.24,15.32,21936256.0,408417197.0,7516620927.0,0.002918366672077888
2020-10-15,15.32,15.48,15.24,15.33,17726949.0,330631152.0,7516620927.0,0.002358366767748537
2020-10-16,15.36,15.47,15.32,15.38,21098228.0,394178534.0,7516620927.0,0.002806876681011587
2020-10-19,15.46,15.63,15.23,15.24,26991703.0,505532474.0,7516620927.0,0.0035909357758144664
2020-10-20,15.19,15.21,15.05,15.15,21046646.0,386543005.0,7516620927.0,0.0028000142889206526
2020-10-21,15.17,15.2,15.05,15.14,17528508.0,321559683.0,7516620927.0,0.0023319664740624217
2020-10-22,15.11,15.28,15.06,15.11,18236999.0,335307498.0,7516620927.0,0.00242622305649231
2020-10-23,15.12,15.28,15.06,15.1,20181567.0,371952965.0,7516620927.0,0.002684925473294391
2020-10-26,15.05,15.14,14.82,14.91,28639818.0,518835632.0,7516620927.0,0.0038101985291189343
2020-10-27,14.88,14.94,14.82,14.86,17236031.0,311189009.0,7516620927.0,0.002293055771654986
2020-10-28,14.87,15.05,14.83,15.02,20696217.0,375271629.0,7516620927.0,0.0027533937391545672
2020-10-29,14.94,15.63,14.91,15.45,52929380.0,984725084.0,7516620927.0,0.007041645509869411
2020-10-30,15.41,15.58,15.15,15.15,43259495.0,809268968.0,7516620927.0,0.005755178479815336
2020-11-02,15.27,15.45,14.64,14.8,49186456.0,896540352.0,7437620927.0,0.006613197483814168
2020-11-03,14.87,15.28,14.82,15.16,34355514.0,628984415.0,7437620927.0,0.004619153669862745
2020-11-04,15.15,15.22,14.94,15.04,25396830.0,464705666.0,7437620927.0,0.0034146443129152502
2020-11-05,15.24,15.37,15.14,15.29,32547380.0,603200075.0,7437620927.0,0.004376047168772305
2020-11-06,15.32,15.52,15.19,15.38,37430210.0,697900734.0,7437620927.0,0.005032551452591663
2020-11-09,15.47,15.94,15.42,15.74,65098724.0,1241742990.0,7437620927.0,0.008752627303668981
2020-11-10,15.74,15.88,15.53,15.57,44720189.0,851621358.0,7437620927.0,0.006012700759950951
2020-11-11,15.61,15.63,15.37,15.39,30563039.0,574150016.0,7437620927.0,0.004109249355402111
2020-11-12,15.4,15.43,15.12,15.14,28558898.0,527990158.0,7437620927.0,0.0038397894004419727
2020-11-13,15.06,15.1,14.77,14.86,42221644.0,764145081.0,7437620927.0,0.005676767398393118
2020-11-16,14.96,15.0,14.84,14.96,32931473.0,596930755.0,7437620927.0,0.00442768908542413
2020-11-17,14.98,15.0,14.83,14.95,28170638.0,509614504.0,7437620927.0,0.0037875872239919012
2020-11-18,14.96,15.14,14.92,15.02,33326748.0,609480943.0,7437620927.0,0.004480834439816295
2020-11-19,14.95,15.13,14.86,15.06,25617217.0,466061789.0,7437620927.0,0.0034442756966820607
2020-11-20,15.04,15.12,15.0,15.08,20647411.0,377733420.0,7437620927.0,0.0027760773508966976
2020-11-23,15.08,15.73,15.02,15.58,81542325.0,1530793796.0,7437620927.0,0.010963495693089926
2020-11-24,15.49,15.61,15.42,15.47,36580557.0,688724499.0,7437620927.0,0.004918314251161351
2020-11-25,15.59,15.65,15.28,15.29,29702340.0,557937273.0,7437620927.0,0.00399352700164844
2020-11-26,15.26,15.47,15.26,15.37,23052738.0,429649695.0,7437620927.0,0.003099477403629716
2020-11-27,15.35,15.65,15.33,15.6,34387840.0,646407916.0,7437620927.0,0.004623499952137316
2020-11-30,15.73,16.09,15.42,15.42,84242333.0,1621650652.0,7437620979.000001,0.011326515997233097
2020-12-01,15.46,15.99,15.37,15.89,64949120.0,1236111718.0,7437620979.000001,0.008732512746129812
2020-12-02,15.82,16.0,15.66,15.8,58966485.0,1132261697.0,7437620979.000001,0.007928137930998487
2020-12-03,15.79,15.9,15.67,15.72,36776999.0,704347725.0,7437620979.000001,0.004944726156904102
2020-12-04,15.69,15.71,15.42,15.56,33316663.0,628341767.0,7437620979.000001,0.004479478464157967
2020-12-07,15.56,15.58,15.24,15.24,34747921.0,648702736.0,7437620979.000001,0.004671913384415551
2020-12-08,15.25,15.35,15.14,15.19,27049168.0,500973433.0,7437620979.000001,0.0036368037678140464
2020-12-09,15.23,15.33,14.86,14.86,41633949.0,763525698.0,7437620979.000001,0.005597750828867559
2020-12-10,14.84,14.94,14.75,14.83,40897146.0,737512472.0,7437620979.000001,0.005498686490676577
2020-12-11,14.87,15.01,14.49,14.65,51852504.0,928476002.0,7437620979.000001,0.006971651842222759
2020-12-14,14.66,14.68,14.54,14.64,24275576.0,430484237.0,7437620979.000001,0.0032638899008892337
2020-12-15,14.61,14.75,14.55,14.63,22772341.0,404847538.0,7437620979.000001,0.003061777558213483
2020-12-16,14.61,14.7,14.54,14.57,21345758.0,378538299.0,7437620979.000001,0.002869971199160241
2020-12-17,14.54,14.84,14.47,14.84,37400342.0,666535848.0,7437620979.000001,0.00502853561718179
2020-12-18,14.74,14.81,14.6,14.76,25419832.0,453916345.0,7437620979.000001,0.0034177369446187797
2020-12-21,14.68,14.86,14.59,14.76,24705250.0,441577344.0,7437620979.000001,0.0033216602553094413
2020-12-22,14.75,14.75,14.16,14.18,47052009.0,824442598.0,7437620979.000001,0.006326217635027459
2020-12-23,14.23,14.33,14.14,14.23,26738740.0,461573024.0,7437620979.000001,0.0035950662282329777
2020-12-24,14.25,14.31,13.98,14.08,23865789.0,409231056.0,7437620979.000001,0.00320879338532908
2020-12-25,14.04,14.26,14.02,14.2,22245278.0,382237360.0,7437620979.000001,0.002990913097455379
2020-12-28,14.18,14.19,13.98,14.02,31492885.0,537843982.0,7437620979.000001,0.004234268604022662
2020-12-29,14.04,14.21,13.99,14.04,31343933.0,536387665.0,7437620979.000001,0.004214241770116959
2020-12-30,14.05,14.18,13.98,14.12,39702393.0,679470566.0,7437620979.000001,0.005338050044778975
2020-12-31,14.17,14.61,14.16,14.44,67472628.0,1180272907.0,7437621030.999999,0.00907180235706742
2021-01-04,14.49,14.63,14.29,14.5,50881915.0,892925338.0,7437621030.999999,0.006841154555727458
2021-01-05,14.44,14.62,14.31,14.58,51881862.0,911241116.0,7437621030.999999,0.006975599023364654
2021-01-06,14.61,14.72,14.43,14.57,44656409.0,789792192.0,7437621030.999999,0.006004125353237563
2021-01-07,14.59,14.65,14.3,14.62,50274713.0,884841147.0,7437621030.999999,0.006759515279207563
2021-01-08,14.64,14.78,14.48,14.56,50112374.0,887697467.0,7437621030.999999,0.006737688541958734
2021-01-11,14.62,14.65,14.21,14.23,48099121.0,843472695.0,7437621030.999999,0.00646700346784582
2021-01-12,14.23,15.03,14.15,14.86,91472503.0,1619856179.0,7437621030.999999,0.012298623796337924
2021-01-13,14.81,14.86,14.52,14.58,69414105.0,1236839978.0,7437621030.999999,0.009332837033600133
2021-01-14,14.58,14.58,14.31,14.35,49658915.0,870150375.0,7437621030.999999,0.006676720256789326
2021-01-15,14.31,14.54,14.27,14.35,40669754.0,711062591.0,7437621030.999999,0.00546811323546716
2021-01-18,14.28,14.54,14.25,14.39,39410963.0,688414111.0,7437621030.999999,0.005298866779543504
2021-01-19,14.4,14.66,14.31,14.45,49418335.0,869508921.0,7437621030.999999,0.006644373892407857
2021-01-20,14.46,14.62,14.4,14.46,34557734.0,607738405.0,7437621030.999999,0.004646342406525338
2021-01-21,14.52,14.75,14.43,14.57,50853279.0,900275692.0,7437621030.999999,0.006837304399893941
2021-01-22,14.54,14.54,14.25,14.27,43496914.0,759610326.0,7437621030.999999,0.0058482294027491985
2021-01-25,14.25,14.35,14.12,14.16,40272377.0,695595984.0,7437621030.999999,0.005414685264568437
2021-01-26,14.13,14.25,13.84,13.86,44276005.0,753369849.0,7437621030.999999,0.0059529794292365315
2021-01-27,13.88,14.03,13.84,13.87,28929444.0,488237173.0,7437621030.999999,0.003889609846941932
2021-01-28,13.78,13.81,13.6,13.69,38275903.0,636465762.0,7437621030.999999,0.005146256153744062
2021-01-29,13.75,13.76,13.37,13.49,34848830.0,574460288.0,7437621136.0,0.004685480661460786
2021-02-01,13.58,13.66,13.46,13.64,27838926.0,458234608.0,7437621136.0,0.0037429879111820358
2021-02-02,13.6,13.69,13.37,13.53,37234091.0,611737016.0,7437621136.0,0.005006182799467618
2021-02-03,13.56,13.67,13.42,13.58,33104431.0,544457028.0,7437621136.0,0.004450943439397045
2021-02-04,13.52,13.56,13.17,13.31,41985354.0,679479945.0,7437621136.0,0.00564499767227724
2021-02-05,13.37,13.44,13.26,13.32,27314435.0,442730199.0,7437621136.0,0.0036724692614135863
2021-02-08,13.32,13.44,13.29,13.33,24033283.0,389891769.0,7437621136.0,0.003231313152490751
2021-02-09,13.38,13.57,13.26,13.51,35689619.0,581562551.0,7437621136.0,0.004798526080772394
2021-02-10,13.51,13.51,13.37,13.43,36915174.0,602608000.0,7437621136.0,0.004963303901205866
2021-02-18,13.59,13.71,13.55,13.56,41339777.0,683075915.0,7437621136.0,0.005558198817079408
2021-02-19,13.56,13.88,13.5,13.85,42419741.0,705639267.0,7437621136.0,0.005703401695829536
2021-02-22,13.93,14.2,13.83,13.84,54919715.0,932160233.0,7437621136.0,0.007384043096007465
2021-02-23,13.81,13.96,13.7,13.75,34702805.0,583074872.0,7437621136.0,0.004665847367786656
2021-02-24,13.77,13.94,13.71,13.85,34028237.0,570972118.0,7437621136.0,0.004575150626494617
2021-02-25,13.85,14.07,13.79,13.89,42410273.0,717593480.0,7437621136.0,0.005702128708159571
2021-02-26,13.74,13.84,13.64,13.72,31621820.0,527337187.0,7437621136.0,0.004251604030614339
2021-03-01,13.79,13.8,13.51,13.64,34997213.0,579193748.0,7437621136.0,0.004705430991988081
2021-03-02,13.65,13.72,13.42,13.48,32059898.0,527724594.0,7437621136.0,0.004310504314991502
2021-03-03,13.47,13.69,13.45,13.67,28804854.0,475373263.0,7437621136.0,0.0038728584682240796
2021-03-04,13.59,13.63,13.45,13.47,29009784.0,476797657.0,7437621136.0,0.0039004116329057394
2021-03-05,13.4,13.65,13.37,13.56,46207609.0,760945234.0,7437621136.0,0.006212686577478824
2021-03-08,13.63,13.71,13.44,13.46,39865965.0,657879258.0,7437621136.0,0.005360042447851837
2021-03-09,13.46,13.52,13.23,13.24,44453016.0,722168200.0,7437621136.0,0.005976778755889563
2021-03-10,13.33,13.33,13.18,13.19,28513473.0,458319359.0,7437621136.0,0.0038336818289906507
2021-03-11,13.22,13.34,13.21,13.32,26708901.0,430948525.0,7437621136.0,0.003591054251301138
2021-03-12,13.32,13.45,13.21,13.35,33309819.0,538539830.0,7437621136.0,0.004478558182907691
2021-03-15,13.29,13.33,13.18,13.28,24682939.0,397680493.0,7437621136.0,0.0033186604357310196
2021-03-16,13.3,13.37,13.27,13.36,21150631.0,342345956.0,7437621136.0,0.002843736002849823
2021-03-17,13.36,13.38,13.28,13.33,19565303.0,316860033.0,7437621136.0,0.002630586129925185
2021-03-18,13.37,13.44,13.3,13.33,22914006.0,372253915.0,7437621136.0,0.0030808245783171605
2021-03-19,13.3,13.34,13.22,13.27,25729468.0,414532847.0,7437621136.0,0.003459367925513543
2021-03-22,13.3,13.44,13.28,13.42,30180908.0,489544976.0,7437621136.0,0.004057871118752828
2021-03-23,13.41,13.56,13.36,13.48,37468492.0,612257512.0,7437621136.0,0.005037698387007488
2021-03-24,13.45,13.69,13.42,13.49,43198211.0,710205495.0,7437621136.0,0.005808068226399641
2021-03-25,13.42,13.55,13.39,13.46,24842902.0,406512982.0,7437621136.0,0.0033401677156898947
2021-03-26,13.55,13.59,13.46,13.51,31050899.0,509881229.0,7437621136.0,0.004174842793444487
2021-03-29,13.55,13.64,13.48,13.56,28891345.0,475731788.0,7437621136.0,0.0038844873208395162
2021-03-30,13.53,13.57,13.43,13.49,23072605.0,378118990.0,7437621136.0,0.003102148466304993
2021-03-31,13.46,13.51,13.3,13.37,29075029.0,472854883.0,7437621188.000001,0.003909183899673488
2021-04-01,13.41,13.51,13.37,13.5,26032242.0,424665079.0,7437621188.000001,0.003500076347260185
2021-04-02,13.5,13.55,13.42,13.46,24015594.0,392860360.0,7437621188.000001,0.003228934815710595
2021-04-06,13.49,13.59,13.48,13.56,25315585.0,416345807.0,7437621188.000001,0.0034037206735998663
2021-04-07,13.53,13.65,13.51,13.58,24992267.0,412190707.0,7437621188.000001,0.003360250054187083
2021-04-08,13.52,13.66,13.47,13.53,28393534.0,467479863.0,7437621188.000001,0.003817555812846541
2021-04-09,13.51,13.53,13.4,13.44,21258106.0,347225941.0,7437621188.000001,0.0028581861676819777
2021-04-12,13.42,13.46,13.29,13.32,24174191.0,392937755.0,7437621188.000001,0.0032502584346461604
2021-04-13,13.3,13.35,13.19,13.23,25675844.0,412908034.0,7437621188.000001,0.0034521580692259365
2021-04-14,13.23,13.32,13.22,13.27,20416280.0,329042761.0,7437621188.000001,0.0027450013228611336
2021-04-15,13.25,13.26,13.09,13.12,25327947.0,404324645.0,7437621188.000001,0.003405382764164514
2021-04-16,13.13,13.23,13.11,13.18,19639338.0,313970283.0,7437621188.000001,0.0026405402350534444
2021-04-19,13.16,13.39,13.14,13.38,38225008.0,616928108.0,7437621188.000001,0.005139413131401873
2021-04-20,13.39,13.42,13.26,13.29,19677843.0,318793643.0,7437621188.000001,0.0026457172935546386
2021-04-21,13.28,13.28,13.22,13.24,14923041.0,240050556.0,7437621188.000001,0.0020064266010316736
2021-04-22,13.28,13.31,13.19,13.22,19094537.0,307134082.0,7437621188.000001,0.0025672908739702268
2021-04-23,13.18,13.21,13.09,13.16,22545806.0,359503793.0,7437621188.000001,0.003031319481069543
2021-04-26,13.16,13.24,12.94,12.94,31646236.0,503263710.0,7437621188.000001,0.004254886770928673
2021-04-27,12.95,12.97,12.79,12.83,30951615.0,482978772.0,7437621188.000001,0.004161493872521758
2021-04-28,12.86,12.89,12.8,12.88,16011191.0,249718609.0,7437621188.000001,0.002152730099488363
2021-04-29,13.11,14.15,13.11,14.02,168308456.0,2822848570.0,7437621188.000001,0.022629339643104176
2021-04-30,13.85,13.94,13.55,13.64,98223875.0,1637994729.0,7437621188.000001,0.013206356241761313
2021-05-06,13.74,13.81,13.59,13.71,51049676.0,849626252.0,7437621188.000001,0.006863710144631259
2021-05-07,13.68,13.77,13.58,13.65,36550204.0,606971591.0,7437621188.000001,0.004914233069434996
2021-05-10,13.67,13.67,13.44,13.58,35594355.0,584498732.0,7437621188.000001,0.004785717650883942
2021-05-11,13.48,13.78,13.43,13.7,38874724.0,643000286.0,7437621188.000001,0.005226768481126898
2021-05-12,13.62,13.79,13.56,13.69,31141565.0,517463063.0,7437621188.000001,0.004187032952181592
2021-05-13,13.61,13.75,13.58,13.65,24410394.0,404788200.0,7437621188.000001,0.003282016303732192
2021-05-14,13.69,14.46,13.67,14.43,120780247.0,2075479102.0,7437621188.000001,0.016239096338338546
2021-05-17,14.17,14.25,13.92,13.96,73299487.0,1252593511.0,7437621188.000001,0.009855232627101631
2021-05-18,13.93,14.09,13.87,13.95,33558147.0,568879489.0,7437621188.000001,0.004511946246219605
2021-05-19,13.89,13.98,13.81,13.84,30006015.0,505798426.0,7437621188.000001,0.004034356448324132
2021-05-20,13.88,14.07,13.82,13.92,41290068.0,698086661.0,7437621188.000001,0.005551515324095583
2021-05-21,13.96,14.06,13.84,13.85,29165193.0,493793111.0,7437621188.000001,0.003921306592900385
2021-05-24,13.91,14.36,13.91,14.16,59602764.0,1025417898.0,7437621188.000001,0.008013686431915117
2021-05-25,14.12,14.6,14.1,14.45,96773013.0,1697787194.0,7437621188.000001,0.013011285537926484
2021-05-26,14.47,14.64,14.3,14.33,68360979.0,1199517632.0,7437621188.000001,0.009191242370651371
2021-05-27,14.28,14.49,14.24,14.24,48429045.0,842119011.0,7437621188.000001,0.00651136213795566
2021-05-28,14.29,14.67,14.21,14.49,70936217.0,1244059331.0,7437621188.000001,0.009537487216268804
2021-05-31,14.51,14.76,14.4,14.74,61593291.0,1094697239.0,7437621240.0,0.00828131589556448
2021-06-01,14.63,14.64,14.29,14.44,50399954.0,882397736.0,7437621240.0,0.006776353940819928
2021-06-02,14.39,14.54,14.21,14.29,36900968.0,643629188.0,7437621240.0,0.004961393812519552
2021-06-03,14.35,14.49,14.23,14.24,41229019.0,718351368.0,7437621240.0,0.005543307150176957
2021-06-04,14.21,14.69,14.17,14.33,51437130.0,897846763.0,7437621240.0,0.006915803902915605
2021-06-07,14.3,14.51,14.23,14.4,34371644.0,600330929.0,7437621240.0,0.004621322179616665
2021-06-08,14.39,14.51,14.32,14.4,30518235.0,534063775.0,7437621240.0,0.004103225213442033
2021-06-09,14.4,14.48,14.24,14.27,27464701.0,477611725.0,7437621240.0,0.003692672712653488
2021-06-10,14.25,14.4,14.23,14.26,28447549.0,494055807.0,7437621240.0,0.003824818188778863
2021-06-11,14.25,14.29,13.81,13.84,59467313.0,1011493004.0,7437621240.0,0.007995474773598446
2021-06-15,13.84,13.89,13.71,13.84,30472345.0,511574121.0,7437621240.0,0.004097055229986409
2021-06-16,13.79,13.94,13.77,13.85,27240098.0,457772579.0,7437621240.0,0.0036624744822310955
2021-06-17,13.85,13.92,13.74,13.82,20542648.0,345001016.0,7437621240.0,0.002761991682168532
2021-06-18,13.79,13.95,13.77,13.85,22477797.0,378098586.0,7437621240.0,0.0030221755417058588
2021-06-21,13.88,13.94,13.81,13.9,24386277.0,410989294.0,7437621240.0,0.0032787737117949823
2021-06-22,13.93,13.98,13.83,13.86,23008452.0,388077720.0,7437621240.0,0.0030935229500877355
2021-06-23,13.84,13.95,13.82,13.93,25635401.0,432401664.0,7437621240.0,0.0034467204194442145
2021-06-24,13.96,14.12,13.88,13.98,25566505.0,434575962.0,7437621240.0,0.003437457242713801
2021-06-25,14.01,14.3,13.97,14.21,49164774.0,847455208.0,7437621240.0,0.006610282026138776
2021-06-28,14.25,14.25,14.08,14.16,23696217.0,407010811.0,7437621240.0,0.003185994047742071
2021-06-29,14.16,14.21,14.02,14.09,22168321.0,379896535.0,7437621240.0,0.0029805660015029215
2021-06-30,14.12,14.19,14.03,14.12,18910417.0,323903773.0,7437621502.0,0.0025425355397441143
2021-07-01,14.25,14.29,13.97,14.01,38300046.0,655918848.0,7437621502.0,0.005149501892466698
2021-07-02,13.92,13.97,13.66,13.7,33004580.0,552103532.0,7437621502.0,0.004437518095149769
2021-07-05,13.7,13.74,13.6,13.73,18113568.0,300940464.0,7437621502.0,0.0024353979286428065
2021-07-06,13.72,13.88,13.67,13.8,19968794.0,333900837.0,7437621502.0,0.002684836004982282
2021-07-07,13.78,13.87,13.71,13.76,18572088.0,310946118.0,7437621502.0,0.00249704666942327
2021-07-08,13.84,13.86,13.63,13.65,18627720.0,310169481.0,7437621502.0,0.0025045264800031765
2021-07-09,13.6,13.75,13.59,13.71,21170095.0,351459149.0,7437621502.0,0.0028463528285631763
2021-07-12,13.84,13.98,13.74,13.88,31973093.0,539102222.0,7437621502.0,0.004298833033033791
2021-07-13,13.87,13.94,13.77,13.86,20406114.0,343089205.0,7437621502.0,0.002743634372159531
2021-07-14,13.84,13.88,13.63,13.68,23899623.0,397954723.0,7437621502.0,0.0032133421946214007
2021-07-15,13.67,13.87,13.65,13.84,24405268.0,407835214.0,7437621502.0,0.0032813269663476887
2021-07-16,13.96,14.23,13.92,14.02,50688723.0,865177755.0,7437621502.0,0.006815179151879353
2021-07-19,14.01,14.15,13.84,14.11,31513104.0,536163685.0,7437621502.0,0.0042369867828748785
2021-07-20,14.0,14.15,13.97,14.04,24695396.0,421468957.0,7437621502.0,0.003320335135817187
2021-07-21,14.07,14.29,14.04,14.13,33214097.0,570521751.0,7437621502.0,0.004465687987896215
2021-07-22,14.13,14.34,14.07,14.23,37538151.0,647951319.0,7437621502.0,0.005047063902069482
2021-07-23,14.22,14.52,14.11,14.29,50833621.0,882993424.0,7437621502.0,0.006834660917650982
2021-07-26,14.27,14.36,13.82,13.87,52722015.0,902356151.0,7437621502.0,0.007088558484163638
2021-07-27,13.87,13.9,13.57,13.6,37733655.0,631876652.0,7437621502.0,0.00507334972475452
2021-07-28,13.6,13.74,13.43,13.49,33538859.0,553250148.0,7437621502.0,0.004509352753562587
2021-07-29,13.62,13.67,13.38,13.5,33916562.0,556267250.0,7437621502.0,0.004560135520593476
2021-07-30,13.43,13.5,13.33,13.37,25085384.0,408229970.0,7437621711.0,0.0033727695457943948
2021-08-02,13.39,13.99,13.2,13.66,64211677.0,1060370390.0,7437621711.0,0.008633361509235275
2021-08-03,13.59,13.9,13.56,13.69,46460812.0,772455099.0,7437621711.0,0.006246729640912763
2021-08-04,13.65,13.73,13.56,13.61,31804546.0,526234809.0,7437621711.0,0.004276171501565092
2021-08-05,13.58,13.69,13.48,13.51,23685845.0,390439663.0,7437621711.0,0.0031845993141825708
2021-08-06,13.51,13.6,13.46,13.51,25005485.0,410210046.0,7437621711.0,0.003362026998901773
2021-08-09,13.46,13.85,13.46,13.74,47366556.0,789291744.0,7437621711.0,0.006368508353946855
2021-08-10,13.68,13.88,13.63,13.84,36893804.0,615693248.0,7437621711.0,0.004960430287202597
2021-08-11,13.82,13.95,13.78,13.84,36686723.0,617417821.0,7437621711.0,0.004932587919299731
2021-08-12,13.9,13.98,13.84,13.87,27154467.0,458201157.0,7437621711.0,0.003650961026942178
2021-08-13,13.87,13.96,13.78,13.88,26193340.0,440732239.0,7437621711.0,0.003521735981982104
2021-08-16,13.95,14.13,13.91,14.0,41871544.0,713683031.0,7437621711.0,0.005629695301399015
2021-08-17,14.0,14.31,13.87,13.92,64885825.0,1111221289.0,7437621711.0,0.008724001773851442
2021-08-18,13.88,14.66,13.85,14.61,117475079.0,2052323376.0,7437621711.0,0.01579471013244169
2021-08-19,14.54,14.86,14.4,14.44,98727104.0,1749451940.0,7437621711.0,0.013274015247909937
2021-08-20,14.46,14.58,14.26,14.45,57436809.0,973411694.0,7437621711.0,0.0077224697936778405
2021-08-23,14.58,14.73,14.38,14.6,63309846.0,1084898262.0,7437621711.0,0.008512108905238727
2021-08-24,14.63,16.06,14.61,16.0,249607837.0,4601970158.0,7437621711.0,0.0335601683843154
2021-08-25,15.66,15.7,15.01,15.08,177161923.0,3185495615.0,7437621711.0,0.023819700689802936
2021-08-26,15.12,15.13,14.84,14.9,88245569.0,1554026508.0,7437621711.0,0.011864756292927305
2021-08-27,14.86,15.15,14.85,14.98,59771866.0,1053096270.0,7437621711.0,0.008036421899704762
2021-08-30,15.12,15.15,14.68,14.95,69239439.0,1213726844.0,7437621711.0,0.009309352060430437
2021-08-31,14.85,15.24,14.67,15.11,101117832.0,1779762214.0,7437622343.0,0.01359545125266654
2021-09-01,15.05,15.88,15.03,15.44,156566663.0,2841093726.0,7437622343.0,0.02105063362720405
2021-09-02,15.35,15.69,15.31,15.63,111043997.0,2025873168.0,7437622343.0,0.014930039719549659
2021-09-03,16.24,16.32,15.35,15.36,119741030.0,2212463549.0,7437622343.0,0.016099369459474586
2021-09-06,15.36,15.86,15.35,15.72,89698501.0,1653831208.0,7437622343.0,0.012060104273030309
2021-09-07,15.65,16.05,15.48,15.96,86893984.0,1610100060.0,7437622343.0,0.01168303255969715
2021-09-08,15.96,16.22,15.78,15.83,78169911.0,1466047432.0,7437622343.0,0.010510067249323364
2021-09-09,15.66,15.75,15.54,15.71,61884087.0,1137338222.0,7437622343.0,0.008320412646152018
2021-09-10,15.74,16.59,15.72,16.12,134260493.0,2564088366.0,7437622343.0,0.01805153405326646
2021-09-13,16.09,16.38,16.04,16.2,76853375.0,1463691300.0,7437622343.0,0.010333056917353622
2021-09-14,16.16,16.23,15.59,15.64,75886514.0,1414137232.0,7437622343.0,0.010203060938072692
2021-09-15,15.66,15.78,15.48,15.62,49969008.0,918760399.0,7437622343.0,0.006718411569663641
2021-09-16,15.69,15.86,15.41,15.43,58057494.0,1065715610.0,7437622343.0,0.007805921210108422
2021-09-17,15.44,15.98,15.44,15.82,59894195.0,1107983030.0,7437622343.0,0.008052868542911443
2021-09-22,15.57,15.69,15.29,15.6,59497549.0,1083506054.0,7437622343.0,0.007999538865535002
2021-09-23,15.62,16.03,15.62,15.99,63317087.0,1181292485.0,7437622343.0,0.008513081745753274
2021-09-24,15.94,16.22,15.71,15.76,55833031.0,1046878822.0,7437622343.0,0.007506838667675547
2021-09-27,15.68,15.92,15.41,15.51,56885336.0,1046871749.0,7437622343.0,0.007648322726891109
2021-09-28,15.55,15.79,15.49,15.76,43602993.0,803118225.0,7437622343.0,0.00586249085919742
2021-09-29,15.59,15.61,15.14,15.43,57296242.0,1035964594.0,7427622352.999999,0.007713941188307478
2021-09-30,15.43,15.48,15.1,15.17,39720495.0,711708366.0,7427622352.999999,0.005347672931157706
2021-10-08,15.31,16.12,15.27,15.91,87046603.0,1617445287.0,7427622352.999999,0.011719309203279847
2021-10-11,15.87,16.21,15.8,15.87,47199214.0,886966600.0,7427622352.999999,0.006354552204843364
2021-10-12,15.8,15.82,14.82,15.06,83005755.0,1484758380.0,7427622352.999999,0.011175279390244467
2021-10-13,14.98,15.1,14.8,15.0,29516411.0,519535123.0,7427622352.999999,0.003973870721641952
2021-10-14,15.01,15.12,14.84,15.06,21793953.0,384169548.0,7427622352.999999,0.002934176236248397
2021-10-15,15.06,15.17,14.95,15.09,24719270.0,438169780.0,7427622352.999999,0.003328019226773955
2021-10-18,15.14,15.24,14.84,15.06,29629022.0,523021068.0,7427622352.999999,0.003989031831704921
2021-10-19,14.96,15.45,14.95,15.32,41329445.0,742668799.0,7427622352.999999,0.005564290029272575
2021-10-20,15.4,15.45,15.21,15.32,22892215.0,411948879.0,7427622352.999999,0.003082038088642712
2021-10-21,15.34,15.5,15.19,15.32,31278861.0,563549234.0,7427622352.999999,0.004211153921600032
2021-10-22,15.38,15.42,15.22,15.34,23593217.0,425127656.0,7427622352.999999,0.003176415800201629
2021-10-25,15.39,15.69,15.27,15.62,37588059.0,683710528.0,7427622352.999999,0.00506057755949564
2021-10-26,15.53,15.64,15.32,15.33,27213146.0,494924140.0,7427622352.999999,0.0036637762000660515
2021-10-27,15.28,15.28,14.97,15.07,34127667.0,605995418.0,7427622352.999999,0.004594696038391871
2021-10-28,15.05,15.14,14.78,14.86,35750150.0,627512596.0,7427622352.999999,0.004813135119283575
2021-10-29,14.85,14.97,14.45,14.9,41782406.0,723679788.0,7427622352.999999,0.005625273339741645
2021-11-01,14.83,15.04,14.79,14.9,33045381.0,578736820.0,7427622352.999999,0.004448985076180273
2021-11-02,14.89,14.99,14.38,14.54,49992901.0,859466459.0,7427622352.999999,0.0067306735081661745
2021-11-03,14.6,14.65,14.48,14.52,22429234.0,383659076.0,7427622352.999999,0.0030197057596689585
2021-11-04,14.61,14.64,14.42,14.45,26190326.0,446100046.0,7427622352.999999,0.003526071299171772
2021-11-05,14.43,14.56,14.36,14.39,22413062.0,380675230.0,7427622352.999999,0.0030175284814995228
2021-11-08,14.38,14.67,14.35,14.54,24093754.0,410648820.0,7427622352.999999,0.0032438043905488262
2021-11-09,14.53,14.62,14.44,14.55,24542499.0,418995010.0,7427622352.999999,0.0033042200900382803
2021-11-10,14.52,14.58,14.36,14.5,24067344.0,408933707.0,7427622352.999999,0.0032402487439711115
2021-11-11,14.42,14.84,14.42,14.78,41081441.0,709931722.0,7427622352.999999,0.005530900609588384
2021-11-12,14.76,14.79,14.67,14.78,21667459.0,375229694.0,7427622352.999999,0.0029171460220037393
2021-11-15,14.78,14.88,14.64,14.76,24220235.0,420024574.0,7427622352.999999,0.0032608328545698753
2021-11-16,14.76,14.83,14.55,14.61,27225034.0,469674775.0,7427622352.999999,0.0036653767122400713
2021-11-17,14.59,14.67,14.54,14.6,21844859.0,374856869.0,7427622352.999999,0.002941029842635566
2021-11-18,14.55,14.61,14.38,14.38,23885268.0,406597330.0,7427622352.999999,0.003215735381370432
2021-11-19,14.42,14.72,14.36,14.71,36196438.0,619814037.0,7427622352.999999,0.0048732200265109524
2021-11-22,14.65,14.74,14.56,14.72,26949116.0,464768732.0,7427622352.999999,0.0036282291585698775
2021-11-23,14.7,14.93,14.67,14.75,37823359.0,657972991.0,7427622352.999999,0.005092256606816209
2021-11-24,14.72,14.79,14.66,14.76,19659084.0,340350805.0,7427622352.999999,0.002646753303506302
2021-11-25,14.55,14.55,14.3,14.38,60415794.0,1021822420.0,7427622352.999999,0.008133934539038351
2021-11-26,14.33,14.39,14.29,14.33,22674959.0,382240648.0,7427622352.999999,0.0030527883516912567
2021-11-29,14.2,14.35,14.13,14.19,27002962.0,451229027.0,7427622352.999999,0.003635478584757822
2021-11-30,14.23,14.32,14.22,14.23,23182372.0,388750393.0,7427622352.999999,0.003121102675694961
2021-12-01,14.29,14.41,14.25,14.38,27295722.0,460347537.0,7427622352.999999,0.003674893620429601
2021-12-02,14.29,14.49,14.27,14.45,32196345.0,545497395.0,7427622352.999999,0.004334677164489383
2021-12-03,14.44,14.55,14.33,14.5,28989134.0,492262782.0,7427622352.999999,0.0039028820559638923
2021-12-06,14.57,15.03,14.51,14.67,80134447.0,1395956986.0,7427622352.999999,0.010788707771018258
2021-12-07,14.8,14.83,14.59,14.69,40156427.0,694418208.0,7427622352.999999,0.00540636358333174
2021-12-08,14.78,14.84,14.61,14.84,40212882.0,697240149.0,7427622352.999999,0.005413964265934726
2021-12-09,14.78,15.2,14.76,14.99,61432320.0,1082652454.0,7427622352.999999,0.008270792062440767
2021-12-10,14.88,14.96,14.78,14.85,40325181.0,704574627.0,7427622352.999999,0.005429083370631082
2021-12-13,15.07,15.21,14.84,14.85,52098062.0,920394169.0,7427622352.999999,0.007014096776064243
2021-12-14,14.8,14.83,14.7,14.74,32336346.0,560959586.0,7427622352.999999,0.004353525861063658
2021-12-15,14.74,14.87,14.71,14.74,24332367.0,422481194.0,7427622352.999999,0.0032759294756244863
2021-12-16,14.81,14.87,14.72,14.84,24716266.0,430004515.0,7427622352.999999,0.0033276147904877204
2021-12-17,14.85,14.97,14.77,14.79,28757269.0,502182391.0,7427622352.999999,0.0038716654715738215
2021-12-20,14.75,14.85,14.57,14.6,27792292.0,480535764.0,7427622352.999999,0.003741748123310922
2021-12-21,14.59,15.02,14.58,14.97,51000199.0,889657700.0,7427622352.999999,0.006866288642071462
2021-12-22,14.95,15.01,14.81,14.81,23913863.0,418506976.0,7427622352.999999,0.0032195852001470223
2021-12-23,14.95,14.95,14.76,14.89,24765145.0,432331741.0,7427622352.999999,0.0033341954966244905
2021-12-24,14.85,14.98,14.84,14.87,23841439.0,417638295.0,7427622352.999999,0.0032098345697894157
2021-12-27,14.89,15.06,14.85,14.99,22651064.0,398761145.0,7427622352.999999,0.003049571306065566
2021-12-28,15.03,15.08,14.89,15.04,27461430.0,484244521.0,7427622352.999999,0.0036972033168741264
2021-12-29,15.0,15.2,14.99,15.0,35299733.0,626233921.0,7427622352.999999,0.004752494314111504
2021-12-30,15.01,15.28,14.96,15.19,39038235.0,696666121.0,7427622352.999999,0.00525581850351244
2021-12-31,15.18,15.26,15.14,15.22,29541297.0,528057730.0,7427622352.999999,0.003977221188159672
2022-01-04,15.18,15.24,15.02,15.19,31999483.0,569518811.0,7427622352.999999,0.004308173124482491
2022-01-05,15.16,15.26,15.02,15.04,35538015.0,632366047.0,7427622352.999999,0.00478457483580143
2022-01-06,15.01,15.04,14.77,14.78,44833105.0,782504216.0,7427622352.999999,0.006035996833077009
2022-01-07,14.85,15.1,14.81,14.96,43105067.0,758238834.0,7427622352.999999,0.005803346609644197
2022-01-10,14.92,15.33,14.92,15.18,46783703.0,835802964.0,7427622352.999999,0.006298610884693696
2022-01-11,15.14,15.4,15.08,15.18,38172511.0,683337440.0,7427622352.999999,0.005139263843238101
2022-01-12,15.18,15.26,15.06,15.2,30022894.0,534784222.0,7427622352.999999,0.00404205983734133
2022-01-13,15.35,15.36,15.12,15.13,31343861.0,562170121.0,7427622352.999999,0.004219905039644388
2022-01-14,15.05,15.05,14.61,14.67,48828227.0,850256713.0,7427622352.999999,0.006573870436517063
2022-01-17,14.65,14.78,14.59,14.71,27378313.0,472383957.0,7427622352.999999,0.0036860130602819306
2022-01-18,14.72,14.91,14.65,14.87,30688285.0,533847218.0,7427622352.999999,0.004131643147905207
2022-01-19,14.84,15.42,14.84,15.18,58531541.0,1046558142.0,7427622352.999999,0.007880252686293245
2022-01-20,15.18,16.03,15.18,15.77,114385816.0,2109131746.0,7427622352.999999,0.015400058129476634
2022-01-21,15.65,15.81,15.55,15.63,46909785.0,863124185.0,7427622461.0,0.006315585538482581
2022-01-24,15.55,15.73,15.43,15.63,43991995.0,806945303.0,7427622461.0,0.005922755933138428
2022-01-25,15.55,15.61,15.24,15.27,46775552.0,848465089.0,7427622461.0,0.006297513402923078
2022-01-26,15.31,15.95,15.31,15.84,67371033.0,1240041232.0,7427622461.0,0.00907033621508674
2022-01-27,15.64,15.69,15.3,15.4,58601157.0,1065800782.0,7427622461.0,0.007889625153633667
2022-01-28,15.47,15.64,14.93,15.0,57338644.0,1034053832.0,7427622461.0,0.007719649766943102
2022-02-07,15.21,15.42,15.11,15.29,45609910.0,818726003.0,7427622461.0,0.00614058000921326
2022-02-08,15.24,15.7,15.21,15.66,54882537.0,1001854394.0,7427622461.0,0.0073889777365731945
2022-02-09,15.63,15.69,15.48,15.58,35930486.0,658211694.0,7427622461.0,0.0048374141508482895
2022-02-10,15.56,15.7,15.47,15.63,35321788.0,646967046.0,7427622461.0,0.004755463566634287
2022-02-11,15.56,15.91,15.52,15.61,60752640.0,1120795642.0,7427622461.0,0.008179284867936154
2022-02-14,15.48,15.51,14.93,15.02,72186531.0,1284369302.0,7427622461.0,0.009718659150896227
2022-02-15,15.04,15.09,14.9,15.01,31198513.0,550700018.0,7427622461.0,0.004200336401562293
2022-02-16,15.08,15.16,14.95,15.0,28953853.0,512064577.0,7427622461.0,0.0038981320270419168
2022-02-17,14.96,15.05,14.76,14.81,34476841.0,603111435.0,7427622461.0,0.004641706169238749
2022-02-18,14.72,14.97,14.68,14.96,27676996.0,483590729.0,7427622461.0,0.0037262254705759204
2022-02-21,14.96,15.01,14.84,14.96,22941400.0,401941595.0,7427622461.0,0.0030886599474404816
2022-02-22,14.81,14.84,14.56,14.63,36669916.0,632977292.0,7427622461.0,0.004936965521947521
2022-02-23,14.63,14.73,14.6,14.72,26657433.0,459671877.0,7427622461.0,0.003588959070007853
2022-02-24,14.59,14.63,14.12,14.21,55352366.0,935209351.0,7427622461.0,0.00745223202857133
2022-02-25,14.29,14.38,14.15,14.21,30469539.0,510560163.0,7427622461.0,0.004102192748754466
2022-02-28,14.21,14.26,14.1,14.2,24052030.0,400519318.0,7427622461.0,0.0032381869334755895
2022-03-01,14.24,14.32,14.14,14.25,29324852.0,490031854.0,7427622461.0,0.003948080580828541
2022-03-02,14.16,14.27,14.13,14.21,21324949.0,355835132.0,7427622461.0,0.002871032973467659
2022-03-03,14.27,14.36,14.22,14.28,25141719.0,422354000.0,7427622461.0,0.0033848945785829704
2022-03-04,14.2,14.21,14.08,14.16,23474383.0,390247203.0,7427622461.0,0.0031604168256068824
2022-03-07,14.1,14.12,13.81,13.83,29405264.0,482362562.0,7427622461.0,0.003958906656120092
2022-03-08,13.91,13.93,13.52,13.53,29912837.0,483250740.0,7427622461.0,0.004027242520343819
2022-03-09,13.56,13.63,12.86,13.18,42799916.0,668377739.0,7427622461.0,0.005762263257822846
2022-03-10,13.43,13.46,13.15,13.17,33819343.0,529034978.0,7427622461.0,0.004553185514957745
2022-03-11,12.97,13.44,12.76,13.35,43334456.0,667346108.0,7427622461.0,0.005834229758921507
2022-03-14,13.12,13.36,13.07,13.09,27335523.0,424271220.0,7427622461.0,0.0036802520784449976
2022-03-15,13.07,13.2,12.62,12.62,45202838.0,686021286.0,7427622461.0,0.006085774854247806
2022-03-16,12.78,13.28,12.59,13.19,55150396.0,839827857.0,7427622461.0,0.007425040285714113
2022-03-17,13.36,13.4,13.1,13.13,45205628.0,702232501.0,7427622461.0,0.006086150479155324
2022-03-18,13.13,13.36,13.1,13.24,29700239.0,461615523.0,7427622461.0,0.003998619902390863
2022-03-21,13.26,13.27,13.07,13.17,23656893.0,365983823.0,7427622461.0,0.0031849886183922993
2022-03-22,13.1,13.34,13.07,13.23,25866702.0,402735437.0,7427622461.0,0.0034825009127506866
2022-03-23,13.24,13.27,13.13,13.23,22411896.0,348020072.0,7427622461.0,0.003017371456031521
2022-03-24,13.17,13.21,13.1,13.11,17373624.0,268486517.0,7427622461.0,0.002339055881101009
2022-03-25,13.13,13.25,13.03,13.05,18938214.0,292256022.0,7427622461.0,0.0025497006746692265
2022-03-28,12.97,13.16,12.89,13.09,19356543.0,296575457.0,7427622461.0,0.002606021388625342
2022-03-29,13.1,13.14,13.0,13.04,12814826.0,196819085.0,7427622461.0,0.001725293129434948
2022-03-30,13.07,13.36,13.07,13.33,34564102.0,539147961.0,7427622461.0,0.0046534543430935965
2022-03-31,13.31,13.49,13.27,13.36,31411093.0,494704106.0,7427622461.0,0.004228956596128749
2022-04-01,13.3,13.57,13.27,13.53,32133642.0,508605692.0,7427622461.0,0.0043262352345886145
2022-04-06,13.46,13.6,13.42,13.53,24866945.0,394655084.0,7427622461.0,0.0033479010451282548
2022-04-07,13.53,13.57,13.27,13.27,24467192.0,385591209.0,7427622461.0,0.0032940812660402666
2022-04-08,13.31,13.53,13.22,13.49,23025036.0,362060331.0,7427622461.0,0.003099920078180721
2022-04-11,13.43,13.45,13.08,13.14,29196924.0,454007805.0,7427622461.0,0.003930857303706998
2022-04-12,13.14,13.56,13.08,13.43,30490711.0,478212075.0,7427622461.0,0.004105043189808944
2022-04-13,13.4,13.46,13.3,13.31,22526864.0,354042552.0,7427622461.0,0.0030328498948729754
2022-04-14,13.41,13.54,13.37,13.48,23607879.0,373947240.0,7427622461.0,0.0031783897369524637
2022-04-15,13.38,13.59,13.36,13.47,24819236.0,393716659.0,7427622461.0,0.003341477859209678
2022-04-18,13.36,13.38,13.13,13.22,25151083.0,391129913.0,7427622461.0,0.003386155278093368
2022-04-19,13.22,13.27,13.08,13.13,19825741.0,307366165.0,7427622461.0,0.002669190727463389
2022-04-20,13.16,13.19,12.97,13.02,17261667.0,265360915.0,7427622461.0,0.002323982820967992
2022-04-21,12.97,13.13,12.9,12.94,22057958.0,336897565.0,7427622461.0,0.0029697198687492635
2022-04-22,12.9,13.04,12.9,12.96,18929211.0,288725135.0,7427622461.0,0.0025484885775214146
2022-04-25,12.69,12.95,12.5,12.51,34289902.0,513852431.0,7427622461.0,0.004616538088741719
2022-04-26,12.54,12.58,12.07,12.13,34028286.0,492794774.0,7427622461.0,0.0045813160508185935
2022-04-27,12.04,12.26,11.99,12.22,28858554.0,411690064.0,7427622461.0,0.0038853016764821805
2022-04-28,12.16,12.19,11.88,12.04,29977010.0,424204921.0,7427622461.0,0.0040358822971145085
2022-04-29,12.37,12.5,12.11,12.42,40565338.0,588170667.0,7427622515.0,0.005461416209302339
2022-05-05,12.24,12.32,12.18,12.19,28179936.0,405258604.0,7427622515.0,0.003793937554458501
2022-05-06,12.0,12.1,11.96,11.98,21492037.0,303849782.0,7427622515.0,0.00289352844151639
2022-05-09,11.93,12.02,11.86,11.94,20929635.0,293626783.0,7427622515.0,0.0028178108079311838
2022-05-10,11.83,12.09,11.76,12.02,26019480.0,365594583.0,7427622515.0,0.003503069784100357
2022-05-11,12.01,12.29,11.99,12.07,34767749.0,495728797.0,7427622515.0,0.00468087183076239
2022-05-12,12.02,12.14,11.97,12.03,19573955.0,276923231.0,7427622515.0,0.002635292108675504
2022-05-13,12.08,12.18,12.04,12.11,19256713.0,273816023.0,7427622515.0,0.002592580998982014
2022-05-16,12.21,12.24,12.02,12.05,18642626.0,264934648.0,7427622515.0,0.0025099048803774596
2022-05-17,12.05,12.13,11.96,12.08,15237997.0,215774467.0,7427622515.0,0.0020515308861250065
2022-05-18,12.12,12.18,12.04,12.08,18887720.0,268895585.0,7427622515.0,0.00254290251851874
2022-05-19,11.99,12.06,11.93,12.05,17971632.0,253308146.0,7427622515.0,0.002419567225408466
2022-05-20,12.1,12.26,12.09,12.23,27799214.0,398604295.0,7427622515.0,0.0037426799684367107
2022-05-23,12.24,12.27,12.12,12.25,21120955.0,303013325.0,7427622515.0,0.0028435687135885635
2022-05-24,12.24,12.34,11.98,11.99,24431973.0,349057496.0,7427622515.0,0.003289339617173585
2022-05-25,12.0,12.1,11.97,12.06,15190021.0,215264479.0,7427622515.0,0.0020450717533536367
2022-05-26,12.1,12.33,12.0,12.2,23413555.0,335146129.0,7427622515.0,0.00315222737191027
2022-05-27,12.25,12.33,12.18,12.28,22114773.0,318845389.0,7427622515.0,0.002977368997325788
2022-05-30,12.26,12.35,12.18,12.27,15102934.0,217742420.0,7427622515.0,0.002033347005653531
2022-05-31,12.27,12.36,12.2,12.33,21039864.0,304264251.0,7427622515.0,0.0028326512228522963
2022-06-01,12.34,12.36,12.22,12.27,16364391.0,236401864.0,7427622515.0,0.002203180219101374
2022-06-02,12.27,12.35,12.19,12.32,16701507.0,240997162.0,7427622515.0,0.0022485670167367144
2022-06-06,12.27,12.5,12.24,12.48,29168015.0,425223271.0,7427622515.0,0.003926965181805554
2022-06-07,12.46,12.62,12.42,12.47,28902203.0,425151374.0,7427622515.0,0.0038911782258229098
2022-06-08,12.49,12.62,12.45,12.58,36498152.0,537932296.0,7427622515.0,0.0049138404551782745
2022-06-09,12.59,12.78,12.48,12.55,38838049.0,576386261.0,7427622515.0,0.0052288668307479275
2022-06-10,12.48,12.78,12.41,12.74,40325364.0,598285827.0,7427622515.0,0.005429107889982748
2022-06-13,12.61,12.67,12.49,12.57,33279633.0,491813774.0,7427622515.0,0.0044805229308290985
2022-06-14,12.47,13.11,12.36,13.02,57553184.0,858653227.0,7427622515.0,0.0077485337850398284
2022-06-15,13.06,13.76,13.06,13.33,120446404.0,1902084859.0,7427622515.0,0.016216010406662408
2022-06-16,13.33,13.33,12.91,12.92,63101669.0,971032432.0,7427622515.0,0.008495540648783226
2022-06-17,12.83,13.02,12.71,12.9,39821987.0,602293517.0,7427622515.0,0.0053613369445714215
2022-06-20,12.87,12.97,12.77,12.77,36057477.0,544206132.0,7427622515.0,0.004854511241946172
2022-06-21,12.79,12.9,12.7,12.83,27118293.0,408115751.0,7427622515.0,0.0036510058158226153
2022-06-22,12.82,12.87,12.65,12.66,25918022.0,388381126.0,7427622515.0,0.0034894102315591357
2022-06-23,12.63,13.04,12.63,12.96,41396784.0,626775959.0,7427622515.0,0.005573355931376381
2022-06-24,12.96,13.01,12.86,12.93,24532723.0,372941577.0,7427622515.0,0.0033029038498464942
2022-06-27,13.02,13.07,12.87,12.9,36932617.0,562645269.0,7427622515.0,0.004972333600073913
2022-06-28,12.88,13.05,12.82,12.98,28778005.0,436559267.0,7427622515.0,0.003874457128358791
2022-06-29,12.99,13.07,12.85,12.86,32279189.0,493065396.0,7427622515.0,0.004345830571601147
2022-06-30,12.86,13.03,12.86,12.93,23859372.0,363401515.0,7427622622.999999,0.0032122488191737527
2022-07-01,12.91,12.99,12.81,12.84,23321955.0,353375380.0,7427622622.999999,0.0031398949817108934
2022-07-04,12.84,12.9,12.73,12.89,20167478.0,303906317.0,7427622622.999999,0.0027151996033765113
2022-07-05,12.89,12.98,12.76,12.83,22186052.0,335268406.0,7427622622.999999,0.002986965429732496
2022-07-06,12.81,12.85,12.73,12.74,19489096.0,292628335.0,7427622622.999999,0.0026238672842170325
2022-07-07,12.81,12.95,12.77,12.84,20988701.0,317584018.0,7427622622.999999,0.002825762974953447
2022-07-08,12.89,13.0,12.87,12.9,18038845.0,274126202.0,7427622622.999999,0.002428616249853867
2022-07-11,12.9,12.96,12.86,12.88,19120072.0,290043235.0,7427622622.999999,0.0025741846308661074
2022-07-12,12.88,13.04,12.88,12.95,23943005.0,364670056.0,7427622622.999999,0.0032235085457706625
2022-07-13,12.95,12.99,12.89,12.91,19031623.0,289435725.0,7427622622.999999,0.002562276513761973
2022-07-14,12.89,12.9,12.7,12.76,24880219.0,374441217.0,7427622622.999999,0.003349688084981213
2022-07-15,12.83,12.83,12.4,12.4,27327357.0,388465752.0,7427622622.999999,0.003679152588525364
2022-07-18,12.48,12.72,12.42,12.7,19521183.0,276685457.0,7427622622.999999,0.0026281872398244486
2022-07-19,12.73,12.84,12.61,12.8,15777090.0,225403529.0,7427622622.999999,0.00212411033796271
2022-07-20,12.8,12.88,12.78,12.81,11229571.0,161733703.0,7427622622.999999,0.0015118661205574823
2022-07-21,12.8,12.86,12.69,12.7,11736906.0,168417048.0,7427622622.999999,0.0015801699407366353
2022-07-22,12.77,12.88,12.71,12.84,18216515.0,262044251.0,7427622622.999999,0.002452536420414207
2022-07-25,12.84,12.96,12.77,12.91,15887921.0,229872406.0,7427622622.999999,0.002139031801481442
2022-07-26,12.89,12.99,12.87,12.89,11675523.0,169426078.0,7427622622.999999,0.00157190578905371
2022-07-27,12.89,12.9,12.8,12.8,9553629.0,137614483.0,7427622622.999999,0.0012862297244904065
2022-07-28,12.88,13.09,12.88,12.95,23028229.0,335755023.0,7427622622.999999,0.003100349892399212
2022-07-29,12.93,13.07,12.84,12.88,16305556.0,236804048.0,7427622622.999999,0.0021952590791983755
2022-08-01,12.87,12.88,12.72,12.8,13938572.0,200123552.0,7427622622.999999,0.001876585915503909
2022-08-02,12.71,12.72,12.38,12.55,26280340.0,369002171.0,7427622622.999999,0.003538189988088737
2022-08-03,12.53,12.67,12.4,12.43,14679415.0,206622549.0,7427622622.999999,0.0019763275202679884
2022-08-04,12.55,12.59,12.48,12.52,11349208.0,159566111.0,7427622622.999999,0.0015279731585792497
2022-08-05,12.58,12.72,12.48,12.72,17285940.0,244625463.0,7427622622.999999,0.002327250706904957
2022-08-08,12.68,12.78,12.65,12.73,11679536.0,166857620.0,7427622622.999999,0.0015724460695988702
2022-08-09,12.71,12.77,12.7,12.71,10164200.0,145222864.0,7427622622.999999,0.0013684324737401243
2022-08-10,12.73,12.79,12.64,12.7,10642850.0,151702998.0,7427622622.999999,0.0014328743583503947
2022-08-11,12.75,13.13,12.73,13.08,43206164.0,629522784.0,7427622622.999999,0.005816957348669005
2022-08-12,12.96,13.09,12.95,13.01,20994718.0,306993586.0,7427622622.999999,0.002826573059189736
2022-08-15,12.97,13.06,12.93,13.02,15433260.0,225307038.0,7427622622.999999,0.0020778196178424775
2022-08-16,13.02,13.07,12.92,12.97,13181478.0,192142159.0,7427622622.999999,0.0017746563966756878
2022-08-17,12.99,13.15,12.93,13.11,27176442.0,398995894.0,7427622622.999999,0.0036588345126537273
2022-08-18,13.04,13.09,12.98,12.99,13871650.0,202937509.0,7427622622.999999,0.0018675760339581272
2022-08-19,12.99,13.13,12.97,12.97,19672088.0,288446078.0,7427622622.999999,0.0026485039693702815
2022-08-22,12.93,13.07,12.9,13.01,16667436.0,243560462.0,7427622622.999999,0.0022439799173948963
2022-08-23,13.03,13.19,12.96,13.06,20592565.0,301995964.0,7427622622.999999,0.002772430163082614
2022-08-24,13.05,13.23,12.88,12.9,28105086.0,412582548.0,7427622622.999999,0.003783860250650217
2022-08-25,12.92,13.18,12.92,13.13,22207363.0,325300626.0,7427622622.999999,0.002989834584653481
2022-08-26,13.17,13.24,13.04,13.12,19325459.0,285057822.0,7427622622.999999,0.002601836412657499
2022-08-29,13.05,13.16,12.95,13.08,20028207.0,293534768.0,7427622622.999999,0.0026964491892710963
2022-08-30,13.14,13.21,13.02,13.08,17964643.0,264152223.0,7427622622.999999,0.0024186262431227456
2022-08-31,13.09,13.32,13.05,13.18,27805659.0,410952721.0,7427622904.000001,0.0037435474793726816
2022-09-01,13.16,13.26,13.11,13.13,17053222.0,252342247.0,7427622904.000001,0.0022959191951998966
2022-09-02,13.08,13.18,12.96,13.03,18286817.0,267989741.0,7427622904.000001,0.002462001266939924
2022-09-05,13.02,13.24,12.98,13.22,19474372.0,287409176.0,7427622904.000001,0.002621884854912661
2022-09-06,13.24,13.32,13.2,13.29,21805344.0,324628491.0,7427622904.000001,0.0029357096182490846
2022-09-07,13.28,13.29,13.21,13.26,11420275.0,169733625.0,7427622904.000001,0.001537541034002929
2022-09-08,13.28,13.35,13.21,13.22,12388113.0,184411671.0,7427622904.000001,0.0016678435564261918
2022-09-09,13.25,13.45,13.21,13.43,29808024.0,447913831.0,7427622904.000001,0.004013131036034082
2022-09-13,13.47,13.52,13.3,13.34,23096091.0,347430908.0,7427622904.000001,0.003109486210933252
2022-09-14,13.19,13.29,13.11,13.2,20335690.0,301181006.0,7427622904.000001,0.0027378463154138603
2022-09-15,13.23,13.35,13.11,13.25,19689451.0,292564651.0,7427622904.000001,0.0026508414945778454
2022-09-16,13.22,13.22,12.57,12.58,46941719.0,670488247.0,7427622904.000001,0.006319884518466932
2022-09-19,12.58,12.68,12.5,12.57,17648141.0,249240855.0,7427622904.000001,0.0023760146722709816
2022-09-20,12.61,12.76,12.58,12.64,13965524.0,198611923.0,7427622904.000001,0.0018802144616791383
2022-09-21,12.64,12.73,12.55,12.66,10710072.0,152014570.0,7427622904.000001,0.00144192457511976
2022-09-22,12.64,12.74,12.62,12.7,8891725.0,126429745.0,7427622904.000001,0.001197115835701828
2022-09-23,12.67,12.8,12.63,12.7,11326130.0,161692441.0,7427622904.000001,0.001524866050200332
2022-09-26,12.63,12.71,12.48,12.48,17135315.0,241822430.0,7427622904.000001,0.0023069715872048526
2022-09-27,12.55,12.59,12.39,12.47,17739396.0,247795099.0,7427622904.000001,0.0023883005679309318
2022-09-28,12.45,12.49,12.32,12.35,14685430.0,204158104.0,7427622904.000001,0.001977137260440544
2022-09-29,12.41,12.45,12.03,12.1,19764984.0,270934074.0,7427622904.000001,0.0026610106968887656
2022-09-30,12.1,12.28,12.07,12.18,13461067.0,184520273.0,7427622904.000001,0.0018122981166357821
2022-10-10,12.21,12.32,11.83,12.12,18327570.0,250360888.0,7427622904.000001,0.0024674879482815487
2022-10-11,12.11,12.28,12.07,12.12,12995848.0,177398709.0,7427622904.000001,0.001749664484582455
2022-10-12,12.12,12.36,12.03,12.34,12815938.0,175532885.0,7427622904.000001,0.0017254427379583617
2022-10-13,12.29,12.34,12.22,12.29,11920287.0,164067141.0,7427622904.000001,0.0016048589372490306
2022-10-14,12.37,12.47,12.32,12.37,15662370.0,218001344.0,7427622904.000001,0.002108665208564282
2022-10-17,12.34,12.43,12.31,12.39,12815614.0,178142475.0,7427622904.000001,0.0017253991170039613
2022-10-18,12.41,12.47,12.36,12.36,12396356.0,172574554.0,7427622904.000001,0.0016689533327444753
2022-10-19,12.39,12.43,12.27,12.27,10949578.0,151633078.0,7427622904.000001,0.0014741698847020516
2022-10-20,12.23,12.46,12.23,12.31,15107469.0,208795529.0,7427622904.000001,0.002033957457891968
2022-10-21,12.55,12.58,12.26,12.26,20063243.0,279255254.0,7427622904.000001,0.002701166074168269
2022-10-24,12.31,12.48,11.96,11.98,23901949.0,327492744.0,7427622904.000001,0.003217980948807737
2022-10-25,12.03,12.2,11.87,11.98,17256149.0,232649161.0,7427622904.000001,0.0023232397798099093
2022-10-26,12.06,12.21,12.01,12.05,15229246.0,206631310.0,7427622904.000001,0.002050352609015542
2022-10-27,12.06,12.19,12.04,12.1,13676443.0,186165652.0,7427622904.000001,0.0018412947421758339
2022-10-28,12.07,12.21,11.9,11.94,19116277.0,258715852.0,7427622904.000001,0.002573673602856885
2022-10-31,11.95,11.98,11.76,11.78,31457000.0,418363355.0,7427622904.000001,0.004235136921539117
2022-11-01,11.81,11.98,11.78,11.98,37699196.0,502832196.0,7427622904.000001,0.005075539844611367
2022-11-02,11.91,12.0,11.85,11.96,26840259.0,359003060.0,7427622904.000001,0.0036135731911680256
2022-11-03,11.9,11.91,11.78,11.82,19753581.0,262572437.0,7427622904.000001,0.0026594754816325014
2022-11-04,11.81,12.12,11.8,12.07,37737848.0,507750930.0,7427622904.000001,0.005080743662912265
2022-11-07,12.03,12.14,12.0,12.06,26525150.0,359492726.0,7427622904.000001,0.003571149254994542
2022-11-08,12.07,12.1,11.96,12.0,18077137.0,243605467.0,7427622904.000001,0.00243377150854884
2022-11-09,12.01,12.05,11.97,11.98,11318027.0,152409185.0,7427622904.000001,0.0015237751224425917
2022-11-10,11.93,12.06,11.89,12.03,15547700.0,209226083.0,7427622904.000001,0.002093226891153439
2022-11-11,12.22,12.41,12.15,12.28,39381048.0,541523219.0,7427622904.000001,0.005301971910662308
2022-11-14,12.33,12.51,12.28,12.3,34782446.0,482377149.0,7427622904.000001,0.0046828502805747714
2022-11-15,12.26,12.68,12.25,12.55,57359321.0,805577877.0,7427622904.000001,0.007722433104285661
2022-11-16,12.47,12.53,12.39,12.4,23949556.0,334660139.0,7427622904.000001,0.003224390401820539
2022-11-17,12.37,12.47,12.32,12.44,21356062.0,297319844.0,7427622904.000001,0.0028752216255484796
2022-11-18,12.43,12.51,12.3,12.31,22633987.0,314020515.0,7427622904.000001,0.003047271959352017
2022-11-21,12.26,12.27,12.14,12.2,19545524.0,267280151.0,7427622904.000001,0.002631464231911146
2022-11-22,12.2,12.37,12.17,12.28,20346784.0,280156853.0,7427622904.000001,0.002739339929204354
2022-11-23,12.25,12.41,12.24,12.35,19678065.0,272683719.0,7427622904.000001,0.0026493085680753614
2022-11-24,12.4,12.45,12.27,12.28,16049569.0,222110203.0,7427622904.000001,0.0021607948070918918
2022-11-25,12.28,12.44,12.24,12.37,20375600.0,282695008.0,7427622904.000001,0.002743219501494498
2022-11-28,12.16,12.21,12.05,12.18,27840645.0,378450312.0,7427622904.000001,0.003748257734652491
2022-11-29,12.18,12.56,12.17,12.5,43066708.0,600242743.0,7427622904.000001,0.00579818180818082
2022-11-30,12.49,12.63,12.47,12.47,28750554.0,404151738.0,7427622904.000001,0.0038707611266205976
2022-12-01,12.64,12.83,12.56,12.58,46981524.0,669915310.0,7427622904.000001,0.006325243568127162
2022-12-02,12.56,12.65,12.55,12.58,21772628.0,307953674.0,7427622904.000001,0.0029313049789152297
2022-12-05,12.67,12.95,12.67,12.84,47187149.0,680124249.0,7427622904.000001,0.006352927391425362
2022-12-06,12.82,12.89,12.71,12.76,28483640.0,409013695.0,7427622904.000001,0.003834825807414199
2022-12-07,12.75,12.79,12.58,12.67,34360537.0,488500434.0,7427622904.000001,0.004626047585358137
2022-12-08,12.65,12.7,12.59,12.66,26839966.0,380564555.0,7427622904.000001,0.0036135337438234594
2022-12-09,12.66,12.94,12.6,12.74,77958376.0,1116552423.0,7427622904.000001,0.010495736927896144
2022-12-12,12.68,12.76,12.64,12.64,32574201.0,464140183.0,7427622904.000001,0.004385548569308466
2022-12-13,12.68,12.75,12.62,12.64,21301719.0,302934289.0,7427622904.000001,0.0028679052875083865
2022-12-14,12.65,12.71,12.58,12.66,15381599.0,218155994.0,7427622904.000001,0.002070864285761807
2022-12-15,12.62,12.69,12.52,12.54,14721887.0,207694704.0,7427622904.000001,0.001982045560238635
2022-12-16,12.48,12.6,12.47,12.57,12746119.0,179368459.0,7427622904.000001,0.0017160428261827653
2022-12-19,12.55,12.62,12.2,12.25,23295563.0,323089050.0,7427622904.000001,0.0031363416399955673
2022-12-20,12.22,12.3,12.14,12.18,16939284.0,232159792.0,7427622904.000001,0.0022805794288341804
2022-12-21,12.16,12.25,11.99,12.12,21064922.0,286499312.0,7452523087.000001,0.0028265490430677276
2022-12-22,12.2,12.25,12.0,12.05,22610467.0,306893789.0,7452523087.000001,0.003033934512653996
2022-12-23,11.99,12.11,11.93,12.02,15458641.0,208662128.0,7452523087.000001,0.00207428287299984
2022-12-26,12.04,12.07,11.97,12.06,12176764.0,164428815.0,7452523087.000001,0.0016339116105847226
2022-12-27,12.14,12.19,12.09,12.15,13274210.0,180939718.0,7452523087.000001,0.0017811699266192423
2022-12-28,12.12,12.15,12.06,12.1,13093055.0,177701739.0,7452523087.000001,0.0017568620515700521
2022-12-29,12.06,12.09,11.99,12.06,12834749.0,173430066.0,7452523087.000001,0.0017222018436130204
2022-12-30,12.1,12.15,12.07,12.11,13835194.0,188135285.0,7452523649.0,0.0018564441592689804
2023-01-03,11.98,12.0,11.72,11.98,44530828.0,591571545.0,7452523649.0,0.005975268257749879
2023-01-04,11.98,12.06,11.94,11.99,22523695.0,303265571.0,7452523649.0,0.0030222909796498655
2023-01-05,12.06,12.18,12.04,12.13,25978141.0,353267871.0,7452523649.0,0.003485817989116454
2023-01-06,12.14,12.21,12.05,12.13,17977538.0,244976337.0,7452523649.0,0.0024122752032343132
2023-01-09,12.2,12.36,12.17,12.23,24608838.0,338649834.0,7452523649.0,0.003302081168612203
2023-01-10,12.25,12.34,12.21,12.23,22442400.0,309166363.0,7452523649.0,0.003011382594272127
2023-01-11,12.23,12.29,12.15,12.15,18764864.0,257438331.0,7452523649.0,0.0025179207586302557
2023-01-12,12.17,12.23,12.1,12.21,13624990.0,186125606.0,7452523649.0,0.0018282384118067493
2023-01-13,12.21,12.39,12.18,12.37,27501878.0,378991125.0,7452523649.0,0.0036902771859959513
2023-01-16,12.4,12.86,12.38,12.68,56703891.0,805432459.0,7452523649.0,0.007608683134820871
2023-01-17,12.67,12.76,12.61,12.74,29090563.0,414526228.0,7452523649.0,0.0039034512830970285
2023-01-18,12.71,12.79,12.67,12.7,20997358.0,299711845.0,7452523649.0,0.002817482907661418
2023-01-19,12.66,12.85,12.64,12.84,28946233.0,414327993.0,7452523649.0,0.003884084689068257
2023-01-20,12.84,12.93,12.75,12.91,32106094.0,463153825.0,7452523649.0,0.0043080834777771
2023-01-30,13.09,13.1,12.83,12.85,32439991.0,470899282.0,7452523649.0,0.0043528866901821756
2023-01-31,12.84,12.89,12.7,12.72,22988435.0,329580871.0,7452523705.0,0.003084651040368613
2023-02-01,12.75,12.96,12.72,12.96,23741951.0,341718128.0,7452523705.0,0.003185759876761103
2023-02-02,13.13,13.16,12.8,12.81,43400419.0,629550872.0,7452523705.0,0.005823586843592602
2023-02-03,12.78,12.82,12.64,12.72,24328716.0,347154994.0,7452523705.0,0.0032644936082091938
2023-02-06,12.65,12.69,12.58,12.62,20475004.0,290156320.0,7452523705.0,0.002747391999070468
2023-02-07,12.64,12.68,12.59,12.64,16000469.0,226803218.0,7452523705.0,0.00214698666295621
2023-02-08,12.69,12.72,12.55,12.56,20911054.0,296512197.0,7452523705.0,0.0028059023798838087
2023-02-09,12.56,12.7,12.52,12.7,21173700.0,300347367.0,7452523705.0,0.002841144938028748
2023-02-10,12.66,12.72,12.62,12.67,17983548.0,255676263.0,7452523705.0,0.0024130816233344675
2023-02-13,12.66,12.76,12.62,12.73,21999594.0,313654022.0,7452523705.0,0.0029519656522850337
2023-02-14,12.76,12.77,12.69,12.73,14049994.0,200678488.0,7452523705.0,0.001885266596411316
2023-02-15,12.73,12.75,12.65,12.67,13094555.0,186516026.0,7452523705.0,0.0017570631799821964
2023-02-16,12.67,12.83,12.51,12.56,33568167.0,479308997.0,7452523705.0,0.004504268396688045
2023-02-17,12.56,12.64,12.48,12.49,20080697.0,283000738.0,7452523705.0,0.0026944828080892364
2023-02-20,12.64,12.91,12.57,12.88,43492488.0,622841422.0,7452523705.0,0.0058359409136559065
2023-02-21,12.86,12.95,12.8,12.92,23258651.0,336323746.0,7452523705.0,0.0031209093618039018
2023-02-22,12.84,12.92,12.79,12.82,18817951.0,271330024.0,7452523705.0,0.0025250440984675806
2023-02-23,12.84,12.98,12.82,12.88,21281736.0,307923122.0,7452523705.0,0.00285564150379311
2023-02-24,12.87,12.89,12.7,12.72,24184081.0,346370276.0,7452523705.0,0.003245086088592321
2023-02-27,12.67,12.73,12.64,12.65,12341010.0,175631424.0,7452523705.0,0.0016559504522904432
2023-02-28,12.69,12.76,12.63,12.73,11916460.0,169815125.0,7452523872.999999,0.0015989831368635459
2023-03-01,12.73,12.91,12.7,12.88,23719186.0,341759180.0,7452523872.999999,0.003182705135092964
2023-03-02,12.89,12.95,12.85,12.92,19182957.0,277898991.0,7452523872.999999,0.0025740215431578266
2023-03-03,12.92,13.01,12.86,12.99,24183692.0,351414619.0,7452523872.999999,0.003245033818357284
2023-03-06,13.01,13.02,12.84,12.85,21699420.0,314159777.0,7452523872.999999,0.002911687418891144
2023-03-07,12.86,13.03,12.7,12.72,32850905.0,474520682.0,7452523872.999999,0.004408024121736349
2023-03-08,12.68,12.72,12.64,12.7,13677950.0,194660682.0,7452523872.999999,0.001835344674245769
2023-03-09,12.72,12.73,12.64,12.66,13157953.0,187338530.0,7452523872.999999,0.001765570057101111
2023-03-10,12.62,12.64,12.45,12.45,26793527.0,376845189.0,7452523872.999999,0.0035952286039728333
2023-03-13,12.47,12.62,12.45,12.6,16751921.0,235598332.0,7452523872.999999,0.0022478184955154724
2023-03-14,12.57,12.6,12.46,12.49,15447551.0,217218826.0,7452523872.999999,0.0020727945677524702
2023-03-15,12.61,12.64,12.56,12.6,13949591.0,197390600.0,7452523872.999999,0.0018717942052542018
2023-03-16,12.54,12.61,12.49,12.52,19150654.0,269558227.0,7452523872.999999,0.0025696870384248685
2023-03-17,12.64,12.8,12.62,12.7,31261283.0,445961667.0,7452523872.999999,0.004194724301824455
2023-03-20,12.7,12.83,12.64,12.7,26031431.0,371892927.0,7452523872.999999,0.0034929684820346773
2023-03-21,12.74,12.79,12.58,12.7,28559621.0,405657261.0,7452523872.999999,0.0038322079186447985
2023-03-22,12.72,12.78,12.66,12.74,20737335.0,296075475.0,7452523872.999999,0.002782592226927309
2023-03-23,12.68,12.92,12.65,12.92,29267018.0,421201659.0,7452523872.999999,0.003927128379424918
2023-03-24,12.93,12.94,12.8,12.86,17688711.0,255296982.0,7452523872.999999,0.0023735195353194413
2023-03-27,12.84,12.91,12.73,12.88,20216252.0,291125956.0,7452523872.999999,0.0027126718873376767
2023-03-28,12.87,12.91,12.81,12.85,16133653.0,233009931.0,7452523872.999999,0.0021648576072934374
2023-03-29,12.86,12.9,12.75,12.79,13914909.0,200170764.0,7452523872.999999,0.0018671404798061492
2023-03-30,12.8,12.87,12.65,12.84,23119581.0,330681577.0,7452523872.999999,0.0031022484991642513
2023-03-31,12.84,12.88,12.78,12.8,17846860.0,256566783.0,7452525561.0,0.0023947398575047975
2023-04-03,12.8,13.08,12.79,13.02,44600269.0,649450453.0,7452525561.0,0.005984584505606904
2023-04-04,13.04,13.45,13.0,13.37,74324836.0,1106913131.0,7452525561.0,0.00997310715564012
2023-04-06,13.36,13.39,13.22,13.3,35433503.0,529522981.0,7452525561.0,0.004754563095419352
2023-04-07,13.35,13.4,13.24,13.35,28383592.0,424909519.0,7452525561.0,0.0038085870041875327
2023-04-10,13.45,13.52,13.25,13.28,30474909.0,457297774.0,7452525561.0,0.004089205565356128
2023-04-11,13.31,13.52,13.25,13.33,33035701.0,495777997.0,7452525561.0,0.004432819549506809
2023-04-12,13.33,13.43,13.27,13.33,31997730.0,478919479.0,7452525561.0,0.0042935417984271175
2023-04-13,13.27,13.42,13.23,13.34,32657539.0,487729862.0,7452525561.0,0.004382076751390293
2023-04-14,13.37,13.42,13.28,13.36,20270473.0,303679840.0,7452525561.0,0.0027199467930815193
2023-04-17,13.4,13.75,13.35,13.68,54860634.0,838327719.0,7452525561.0,0.00736134798209785
2023-04-18,13.63,13.75,13.55,13.61,32307686.0,494130718.0,7452525561.0,0.004335132531322021
2023-04-19,13.57,13.62,13.44,13.45,31546422.0,478610958.0,7452525561.0,0.0042329840725520455
2023-04-20,13.48,13.52,13.31,13.5,28107384.0,423159508.0,7452525561.0,0.0037715246690450096
2023-04-21,13.52,13.53,13.07,13.08,37532031.0,558555686.0,7452525561.0,0.005036149248036105
2023-04-24,13.12,13.25,13.01,13.06,21528348.0,317521761.0,7452525561.0,0.0028887318565749766
2023-04-25,13.08,13.21,13.03,13.19,25476304.0,375124039.0,7452525561.0,0.003418479251291762
2023-04-26,13.16,13.2,13.05,13.1,20111009.0,296013261.0,7452525561.0,0.0026985494830428264
2023-04-27,13.05,13.25,13.02,13.21,21988091.0,324050418.0,7452525561.0,0.0029504214135227438
2023-04-28,13.24,13.61,13.16,13.47,37656805.0,568363297.0,7452537263.0,0.005052883826150954
2023-05-04,13.47,13.63,13.41,13.63,43385497.0,659592523.0,7452537263.0,0.005821573977952212
2023-05-05,13.66,14.21,13.65,13.84,65993700.0,1034077183.0,7452537263.0,0.008855198930388762
2023-05-08,13.86,14.21,13.72,14.06,72220707.0,1135317729.0,7452537263.0,0.009690754229241885
2023-05-09,14.15,14.7,14.05,14.07,147693773.0,2384845486.0,7452537263.0,0.019817918084524443
2023-05-10,13.97,14.12,13.61,13.65,66125003.0,1022600635.0,7452537263.0,0.008872817493754006
2023-05-11,13.81,13.88,13.63,13.66,31474968.0,486572061.0,7452537263.0,0.004223389550330116
2023-05-12,13.68,13.8,13.55,13.56,27158939.0,416248404.0,7452537263.0,0.003644254036116988
2023-05-15,13.59,13.75,13.32,13.72,39827576.0,604746577.0,7452537263.0,0.00534416328217962
2023-05-16,13.72,13.86,13.61,13.63,21459214.0,330217460.0,7452537263.0,0.002879450748477257
2023-05-17,13.59,13.72,13.55,13.62,18141443.0,277261176.0,7452537263.0,0.002434263977460102
2023-05-18,13.69,13.79,13.61,13.67,23604408.0,362549476.0,7452537263.0,0.0031672982189824175
2023-05-19,13.65,13.67,13.38,13.4,24727735.0,373887591.0,7452537263.0,0.0033180290319066333
2023-05-22,13.37,13.45,13.29,13.31,25586596.0,383451176.0,7452537263.0,0.003433273138670652
2023-05-23,13.36,13.37,13.18,13.18,19510510.0,290362408.0,7452537263.0,0.0026179687952537782
2023-05-24,13.15,13.19,12.95,12.95,26057208.0,381399116.0,7452537263.0,0.0034964210282272023
2023-05-25,12.93,13.01,12.88,13.01,17906746.0,260311289.0,7452537263.0,0.0024027717498176834
2023-05-26,13.01,13.09,12.94,13.07,12208257.0,178404848.0,7452537263.0,0.0016381343117344706
2023-05-29,13.1,13.18,13.03,13.06,15949344.0,234195640.0,7452537263.0,0.0021401226773040826
2023-05-30,13.06,13.17,12.96,13.17,16503278.0,242187218.0,7452537263.0,0.002214450920216754
2023-05-31,13.15,13.21,13.08,13.19,17725874.0,261665264.0,7452538950.0,0.002378501356239138
2023-06-01,13.13,13.27,13.13,13.19,16350255.0,242318937.0,7452538950.0,0.002193917416560433
2023-06-02,13.21,13.26,13.16,13.21,14683171.0,217785243.0,7452538950.0,0.00197022398655159
2023-06-05,13.23,13.25,13.13,13.17,10454371.0,154678571.0,7452538950.0,0.001402793205126422
2023-06-06,13.18,13.27,13.03,13.04,17433235.0,257468094.0,7452538950.0,0.0023392343357024653
2023-06-07,13.05,13.21,13.04,13.13,10759085.0,158592684.0,7452538950.0,0.0014436804788521098
2023-06-08,13.14,13.28,13.04,13.26,16954468.0,250957360.0,7452538950.0,0.002274992202489596
2023-06-09,13.27,13.29,13.2,13.26,15575082.0,231763333.0,7452538950.0,0.0020899027974889016
2023-06-12,13.23,13.28,13.17,13.24,15121989.0,224466087.0,7452538950.0,0.0020291056647211486
2023-06-13,13.26,13.3,13.21,13.29,12386099.0,184273113.0,7452538950.0,0.0016619972177401368
2023-06-14,13.31,13.45,13.21,13.22,19460188.0,291616360.0,7452538950.0,0.0026112158729475676
2023-06-15,13.22,13.34,13.13,13.26,36622936.0,543919982.0,7452538950.0,0.0049141555979388745
2023-06-16,13.27,13.33,13.23,13.31,21216749.0,316250286.0,7452538950.0,0.002846915546815089
2023-06-19,13.31,13.31,13.13,13.14,17295248.0,255941658.0,7452538950.0,0.0023207189007713944
2023-06-20,13.18,13.23,13.12,13.14,15498224.0,229128681.0,7452538950.0,0.002079589802076781
2023-06-21,13.12,13.16,13.0,13.02,17520418.0,256899513.0,7452538950.0,0.0023509327650008457
2023-06-26,12.93,12.95,12.64,12.67,24480500.0,350517964.0,7452538950.0,0.0032848536806372544
2023-06-27,12.69,12.78,12.67,12.74,15365842.0,219637568.0,7452538950.0,0.0020618264598268217
2023-06-28,12.76,12.8,12.71,12.74,14625494.0,209393440.0,7452538950.0,0.0019624847448801324
2023-06-29,12.81,12.82,12.75,12.75,15231330.0,210365118.0,7452538950.0,0.0020437773089397944
2023-06-30,12.75,12.99,12.74,12.95,17401574.0,242797871.0,7452547466.0,0.0023349833166966642
2023-07-03,12.97,13.18,12.96,13.16,17364726.0,245612396.0,7452547466.0,0.002330038967107734
2023-07-04,13.14,13.23,13.1,13.21,12867791.0,183434210.0,7452547466.0,0.0017266298616285794
2023-07-05,13.21,13.24,13.12,13.14,9033409.0,128586689.0,7452547466.0,0.0012121236451310378
2023-07-06,13.11,13.23,13.1,13.12,8588256.0,122087720.0,7452618576.0,0.0011523809936627033
2023-07-07,13.09,13.36,13.07,13.31,21367685.0,306431593.0,7452618576.0,0.0028671378767204467
2023-07-10,13.37,13.45,13.31,13.39,16579651.0,239540177.0,7452618576.0,0.002224674566519772
2023-07-11,13.38,13.45,13.33,13.4,10586614.0,153299060.0,7452618576.0,0.0014205227185639885
2023-07-12,13.39,13.44,13.28,13.3,11115520.0,160331055.0,7452618576.0,0.0014914918678108396
2023-07-13,13.36,13.51,13.34,13.45,19233800.0,279691888.0,7452618576.0,0.002580811000034198
2023-07-14,13.47,13.49,13.4,13.4,9840444.0,142827362.0,7452618576.0,0.0013204008630858448
2023-07-17,13.37,13.44,13.3,13.42,9450578.0,136576759.0,7452618576.0,0.001268088243565036
2023-07-18,13.37,13.46,13.37,13.43,9408150.0,136576217.0,7452618576.0,0.0012623952110332715
2023-07-19,13.4,13.54,13.33,13.52,14388858.0,209685240.0,7452618576.0,0.0019307117160587126
2023-07-20,13.55,13.56,13.37,13.39,13362206.0,194608670.0,7452618576.0,0.0017929544983062609
2023-07-21,13.39,13.51,13.36,13.41,9003350.0,130612454.0,7452618576.0,0.001208078732084034
2023-07-24,13.33,13.46,13.26,13.37,8691016.0,125710143.0,7452618576.0,0.0011661694357991252
2023-07-25,13.68,13.95,13.58,13.87,64032592.0,951508495.0,7452618576.0,0.008591958832591676
2023-07-26,13.79,13.94,13.76,13.91,30786180.0,461254678.0,7452618576.0,0.00413092119045809
2023-07-27,13.93,13.97,13.77,13.8,21757215.0,326360159.0,7452618576.0,0.0029194054114168315
2023-07-28,13.87,14.65,13.79,14.52,98405920.0,1523069712.0,7452618576.0,0.013204207218775556
2023-07-31,14.61,14.81,14.42,14.42,99268672.0,1562893476.0,7452618576.0,0.01331997216651867
2023-08-01,14.32,14.62,14.25,14.34,55793957.0,868841039.0,7452618576.0,0.00748649034309575
2023-08-02,14.3,14.62,14.25,14.32,46407477.0,721364741.0,7452618576.0,0.006227002834875793
2023-08-03,14.39,14.66,14.21,14.62,65063441.0,1020184366.0,7452618576.0,0.008730279208106356
2023-08-04,14.8,15.14,14.71,14.71,149640060.0,2412033837.0,7452618576.0,0.020078856642669538
2023-08-07,14.48,14.64,14.41,14.58,51793895.0,812815544.0,7452618576.0,0.006949757923583288
2023-08-08,14.44,14.9,14.2,14.66,68478512.0,1078925357.0,7452618576.0,0.00918851693558079
2023-08-09,14.59,14.74,14.51,14.61,42062401.0,664621548.0,7452618576.0,0.005643976083179062
2023-08-10,14.61,14.71,14.56,14.71,45476570.0,719735789.0,7452618576.0,0.006102092779368882
2023-08-11,14.69,14.69,14.23,14.26,58345114.0,908023375.0,7452618576.0,0.007828807204475938
2023-08-14,14.07,14.32,14.01,14.19,38501602.0,588848706.0,7452618576.0,0.005166184423282902
2023-08-15,14.11,14.32,14.09,14.32,30606136.0,470527649.0,7452618576.0,0.004106762701979986
2023-08-16,14.16,14.6,14.09,14.39,38563956.0,599576651.0,7452618576.0,0.005174551146920255
2023-08-17,14.29,14.42,14.13,14.33,33655765.0,519522104.0,7452618576.0,0.004515965047289977
2023-08-18,14.35,14.49,14.12,14.16,29774358.0,460893191.0,7452618576.0,0.00399515387730746
2023-08-21,14.07,14.16,13.76,13.78,37585599.0,566266503.0,7452618576.0,0.005043274201773667
2023-08-22,13.86,13.95,13.7,13.91,36294735.0,542923033.0,7452618576.0,0.004870064747024831
2023-08-23,13.82,13.97,13.76,13.78,24123538.0,360737485.0,7452618576.0,0.0032369210572088187
2023-08-24,13.87,14.05,13.8,13.85,25090234.0,376811185.0,7452618576.0,0.00336663331742204
2023-08-25,13.8,13.95,13.78,13.83,24339813.0,364681750.0,7452618576.0,0.0032659410584063146
2023-08-28,15.08,15.18,13.95,14.0,124862289.0,1970197990.0,7452618576.0,0.016754149930884643
2023-08-29,13.91,14.04,13.63,13.93,63759546.0,955091273.0,7452618576.0,0.008555321240419805
2023-08-30,13.91,13.91,13.6,13.61,40712896.0,604515586.0,7452618576.0,0.005462898118938966
2023-08-31,13.66,13.7,13.47,13.47,27325285.0,400106389.0,7452618576.0,0.003666534751690746
2023-09-01,13.53,13.61,13.45,13.48,23535787.0,343520483.0,7452618576.0,0.003158056025541592
2023-09-04,13.53,13.7,13.48,13.65,26442349.0,389118675.0,7452618576.0,0.003548061494137574
2023-09-05,13.59,13.63,13.52,13.56,17828435.0,261284764.0,7452618576.0,0.0023922376837335678
2023-09-06,13.52,13.61,13.51,13.57,18007712.0,263774568.0,7452618576.0,0.0024162932553654414
2023-09-07,13.57,13.65,13.53,13.55,18832148.0,276484279.0,7452618576.0,0.002526916922951888
2023-09-08,13.51,13.65,13.46,13.6,15294207.0,224170987.0,7452618576.0,0.0020521923729268283
2023-09-11,13.64,13.9,13.58,13.83,32984726.0,490275003.0,7452618576.0,0.004425924346406535
2023-09-12,13.79,13.82,13.73,13.77,15133640.0,225069507.0,7452618576.0,0.002030647328274056
2023-09-13,13.76,13.78,13.51,13.56,19208430.0,282463434.0,7452618576.0,0.0025774068274281156
2023-09-14,13.59,13.76,13.55,13.75,22929949.0,338747663.0,7452618576.0,0.0030767640616738844
2023-09-15,13.79,13.85,13.59,13.62,31997933.0,474578470.0,7452618576.0,0.004293515450132437
2023-09-18,13.6,13.69,13.55,13.66,14778705.0,217728877.0,7452618576.0,0.001983021786140045
2023-09-19,13.66,13.73,13.61,13.7,16694938.0,246735155.0,7452618576.0,0.0022401438943572736
2023-09-20,13.68,13.7,13.57,13.59,14736708.0,217244256.0,7452618576.0,0.0019773865856300868
2023-09-21,13.57,13.67,13.53,13.54,16035400.0,235405117.0,7452618576.0,0.0021516464094431874
2023-09-22,13.52,13.81,13.48,13.79,27369876.0,404869040.0,7452618576.0,0.0036725180177797417
2023-09-25,13.7,13.73,13.61,13.68,21108912.0,311839952.0,7452618576.0,0.0028324154503194315
2023-09-26,13.66,13.69,13.57,13.58,16908364.0,248874793.0,7452618576.0,0.002268781613814339
2023-09-27,13.58,13.7,13.57,13.65,20396170.0,300451497.0,7452618576.0,0.0027367789981474024
2023-09-28,13.65,13.69,13.45,13.45,28921582.0,422655679.0,7452618576.0,0.0038807275194704663
2023-10-09,13.41,13.48,13.27,13.41,17434573.0,252102644.0,7452618576.0,0.0023393888768365703
2023-10-10,13.49,13.49,13.33,13.33,11978335.0,173301124.0,7452618576.0,0.001607265268958533
2023-10-11,13.4,13.47,13.32,13.32,12145104.0,175529053.0,7452618576.0,0.0016296425043288033
2023-10-12,13.44,13.49,13.41,13.47,13222100.0,192230353.0,7452618576.0,0.0017741549316074915
2023-10-13,13.43,13.43,13.35,13.39,10376100.0,150207426.0,7452618576.0,0.0013922757342519337
2023-10-16,13.37,13.47,13.33,13.4,12248500.0,177435231.0,7452618576.0,0.0016435162855971714
2023-10-17,13.46,13.6,13.43,13.51,19164506.0,279960907.0,7452618576.0,0.002571513060082843
2023-10-18,13.47,13.55,13.44,13.45,13127327.0,191378525.0,7452618576.0,0.0017614381933183211
2023-10-19,13.4,13.55,13.35,13.38,25742650.0,373857228.0,7452618576.0,0.003454175165075562
2023-10-20,13.33,13.45,13.28,13.34,17676909.0,255159438.0,7452618576.0,0.0023719057697284733
2023-10-23,13.28,13.29,13.02,13.09,19755913.0,280377807.0,7452618576.0,0.0026508686575777334
2023-10-24,13.12,13.45,13.12,13.42,20310500.0,291407869.0,7452618576.0,0.0027252837097294647
2023-10-25,13.49,13.57,13.43,13.49,20924363.0,305555299.0,7452618576.0,0.002807652476323377
2023-10-26,13.42,13.55,13.42,13.52,12550843.0,183057091.0,7452618576.0,0.0016840849792605836
2023-10-27,13.48,13.62,13.45,13.59,16444339.0,240858077.0,7452618576.0,0.0022065182636551986
2023-10-30,13.53,13.61,13.46,13.49,16932100.0,247727244.0,7452618576.0,0.002271966534625453
2023-10-31,13.67,13.77,13.61,13.67,30303675.0,448589276.0,7452618576.0,0.004066178174955616
2023-11-01,13.74,13.84,13.7,13.81,28666700.0,426862154.0,7452618576.0,0.003846527191438007
2023-11-02,13.79,13.98,13.75,13.76,20985329.0,314461817.0,7452618576.0,0.0028158329566979304
2023-11-03,13.74,13.91,13.72,13.82,17870915.0,266837889.0,7452618576.0,0.002397937693678636
2023-11-06,14.11,14.23,13.95,14.15,53583150.0,816490784.0,7452618576.0,0.007189841993598896
2023-11-07,14.08,14.19,14.05,14.12,28910944.0,441105476.0,7452618576.0,0.003879300101725748
2023-11-08,14.11,14.15,13.95,14.06,23896700.0,362406603.0,7452618576.0,0.003206483701843485
2023-11-09,14.05,14.06,13.91,14.0,18287456.0,276220460.0,7452618576.0,0.0024538295920432463
2023-11-10,13.97,14.04,13.92,13.96,16535497.0,249578982.0,7452618576.0,0.0022187499375387327
2023-11-13,14.04,14.05,13.87,13.96,16805975.0,253338451.0,7452618576.0,0.0022550429528382186
2023-11-14,14.01,14.25,13.96,14.11,30035825.0,458269817.0,7452618576.0,0.004030237787390019
2023-11-15,14.22,14.29,14.12,14.15,23000442.0,352809911.0,7452618576.0,0.003086222884674301
2023-11-16,14.15,14.25,14.09,14.1,16792423.0,257018185.0,7452618576.0,0.0022532245315864396
2023-11-17,14.06,14.15,14.05,14.13,13871292.0,211378094.0,7452618576.0,0.0018612641796361806
2023-11-20,14.15,14.18,13.95,14.12,21358833.0,324579359.0,7452618576.0,0.0028659501062865073
2023-11-21,14.14,14.34,14.11,14.13,22975376.0,353154957.0,7452618576.0,0.0030828595030998403
2023-11-22,14.1,14.22,14.07,14.07,16644256.0,254341145.0,7452618576.0,0.002233343331644563
2023-11-23,14.06,14.16,14.02,14.13,15752749.0,239774298.0,7452618576.0,0.0021137200085254975
2023-11-24,14.12,14.21,14.05,14.08,16774799.0,255909322.0,7452618576.0,0.0022508597252005667
2023-11-27,14.04,14.04,13.88,13.97,21358485.0,321857357.0,7452618576.0,0.0028659034112897826
2023-11-28,13.97,14.03,13.92,13.95,11679671.0,176362205.0,7452618576.0,0.0015671902272863616
2023-11-29,14.07,14.09,13.8,13.86,17460250.0,262578418.0,7452618576.0,0.00234283424301735
2023-11-30,13.81,13.98,13.81,13.97,15721734.0,236380578.0,7452618576.0,0.0021095583840328824
2023-12-01,13.93,14.0,13.85,13.95,20484104.0,308341807.0,7452618576.0,0.0027485780724061035
2023-12-04,13.97,14.07,13.95,13.98,12857628.0,194493152.0,7452618576.0,0.0017252497050373667
2023-12-05,13.96,13.98,13.76,13.78,15328247.0,230215432.0,7452618576.0,0.002056759895020287
2023-12-06,13.79,13.86,13.64,13.7,16582171.0,246011580.0,7452618576.0,0.002225012702702954
2023-12-07,13.7,13.79,13.65,13.72,14663246.0,217343371.0,7452618576.0,0.001967529379166231
2023-12-08,13.7,13.77,13.62,13.64,16745673.0,247770311.0,7452618576.0,0.002246951568664313
2023-12-11,13.6,13.84,13.42,13.82,22902926.0,337515821.0,7452618576.0,0.0030731380878333573
2023-12-12,13.77,13.93,13.75,13.83,14548784.0,217378037.0,7452618576.0,0.0019521707506744137
2023-12-13,13.83,13.93,13.73,13.84,26590733.0,397897311.0,7452618576.0,0.0035679718113618914
2023-12-14,13.86,14.17,13.78,13.88,27281067.0,412464364.0,7452618576.0,0.003660601535124102
2023-12-15,13.91,14.07,13.84,13.87,19070397.0,287418617.0,7452618576.0,0.002558885417994321
2023-12-18,13.81,13.9,13.76,13.85,20482658.0,306155207.0,7452618576.0,0.002748384046643849
2023-12-19,13.86,13.91,13.7,13.88,21698300.0,324169825.0,7452618576.0,0.002911500136324701
2023-12-20,13.86,13.87,13.56,13.57,25245058.0,373569692.0,7452618576.0,0.0033874077604478226
2023-12-21,13.52,13.57,13.42,13.55,20136470.0,293876648.0,7452618576.0,0.002701932185936145
2023-12-22,13.52,13.6,13.42,13.58,16786276.0,245297297.0,7452618576.0,0.002252399720825321
2023-12-25,13.49,13.64,13.48,13.59,12490164.0,183176453.0,7452618576.0,0.001675943008840226
2023-12-26,13.56,13.6,13.41,13.55,14639855.0,213501911.0,7452618576.0,0.0019643907508087666
2023-12-27,13.53,13.64,13.42,13.58,17077214.0,249786202.0,7452618576.0,0.0022914380798977844
2023-12-28,13.57,13.77,13.47,13.73,24866883.0,367255218.0,7452618576.0,0.003336663851291133
2023-12-29,13.7,13.82,13.69,13.77,16662802.0,247951779.0,7452618576.0,0.0022358318529355527
2024-01-02,13.74,13.86,13.73,13.76,20156306.0,300445907.0,7452618576.0,0.0027045938007494775
2024-01-03,13.7,13.86,13.7,13.84,15939352.0,237735581.0,7452618576.0,0.00213875859034705
2024-01-04,13.83,13.86,13.6,13.78,21543183.0,319656732.0,7452618576.0,0.0028906863782585724
2024-01-05,13.71,13.9,13.65,13.78,22882865.0,340880144.0,7452618576.0,0.0030704462822893834
2024-01-08,13.73,13.73,13.48,13.58,22253061.0,326230976.0,7452618576.0,0.002985938535974795
2024-01-09,13.49,13.56,13.35,13.45,21243207.0,308936552.0,7452618576.0,0.0028504352910815062
2024-01-10,13.42,13.47,13.3,13.33,17573759.0,253916261.0,7452618576.0,0.0023580649969922735
2024-01-11,13.33,13.38,13.2,13.35,21542959.0,309498999.0,7452618576.0,0.0028906563217089565
2024-01-12,13.32,13.45,13.3,13.39,20704166.0,299288103.0,7452618576.0,0.002778106217145548
2024-01-15,13.33,13.57,13.29,13.44,15079468.0,218607753.0,7452618576.0,0.0020233784737838435
2024-01-16,13.42,13.65,13.39,13.65,25139763.0,368190745.0,7452618576.0,0.0033732791694128426
2024-01-17,13.59,13.75,13.56,13.56,26220074.0,387642631.0,7452618576.0,0.003518236406789645
2024-01-18,13.5,13.57,12.94,13.38,47879293.0,683385141.0,7452618576.0,0.0064244926144734985
2024-01-19,13.3,13.38,13.17,13.3,24995601.0,358157513.0,7452618576.0,0.00335393536447638
2024-01-22,13.26,13.41,12.99,13.08,32037015.0,459072865.0,7452618576.0,0.004298759512954309
2024-01-23,13.19,13.28,12.91,13.19,24571026.0,348148149.0,7452618576.0,0.003296965455756339
2024-01-24,13.25,13.73,13.12,13.64,41306634.0,598711267.0,7452618576.0,0.0055425664924033
2024-01-25,13.6,13.96,13.52,13.94,54825149.0,813788331.0,7452618576.0,0.007356494692557576
2024-01-26,13.91,13.98,13.8,13.94,35042381.0,525773573.0,7452618576.0,0.0047020226035515275
2024-01-29,13.94,14.09,13.86,13.9,36363673.0,549555016.0,7452618576.0,0.004879314918531261
2024-01-30,13.81,13.96,13.7,13.72,27407241.0,409047117.0,7452618576.0,0.003677531691781565
2024-01-31,13.7,13.72,13.42,13.52,30289300.0,444328068.0,7452618576.0,0.004064249322720203
2024-02-01,13.48,13.65,13.3,13.55,32992057.0,481297223.0,7452618576.0,0.004426908027501339
2024-02-02,13.55,13.59,12.86,13.27,41371651.0,592074548.0,7452618576.0,0.005551290540110421
2024-02-05,13.14,13.35,12.95,13.14,43705949.0,621215837.0,7480322855.999999,0.0058427891203844595
2024-02-06,13.14,13.7,13.07,13.61,40623497.0,588689247.0,7480322855.999999,0.0054307143932184315
2024-02-07,13.65,13.74,13.51,13.67,43939092.0,647114112.0,7480322855.999999,0.005873956625382321
2024-02-08,13.75,13.83,13.6,13.75,48525048.0,718563590.0,7480322855.999999,0.006487025885664527
2024-02-19,13.7,13.7,13.48,13.69,33072687.0,487422890.0,7480322855.999999,0.004421291384966393
2024-02-20,13.68,13.95,13.61,13.84,32774986.0,489149656.0,7480322855.999999,0.004381493503814617
2024-02-21,13.77,14.19,13.73,13.96,47640233.0,720971527.0,7480322855.999999,0.006368740215776591
2024-02-22,13.96,14.1,13.92,14.08,27784522.0,420888022.0,7480322855.999999,0.0037143479679776006
2024-02-23,14.11,14.17,14.0,14.05,29991375.0,455644943.0,7480322855.999999,0.004009369057639509
2024-02-26,14.04,14.07,13.9,13.9,26017730.0,393054976.0,7480322855.999999,0.0034781560235907553
2024-02-27,13.9,13.96,13.86,13.96,28097086.0,422184862.0,7480322855.999999,0.0037561327954532347
2024-02-28,13.99,14.15,13.82,13.84,45178953.0,683948378.0,7480322855.999999,0.006039706289383187
2024-02-29,13.8,13.97,13.78,13.96,41949944.0,628486716.0,7480322855.999999,0.005608039226054497
2024-03-01,13.96,14.03,13.87,13.97,34408792.0,518265498.0,7480322855.999999,0.0045999073385449615
2024-03-04,13.98,14.01,13.82,13.84,26437820.0,396891748.0,7480322855.999999,0.0035343153643153397
2024-03-05,13.8,13.89,13.75,13.85,25938858.0,387588401.0,7480322855.999999,0.0034676120936670976
2024-03-06,13.84,13.91,13.78,13.81,24548401.0,367015558.0,7480322855.999999,0.003281730143547163
2024-03-07,13.81,13.88,13.65,13.74,30742575.0,457982664.0,7480322855.999999,0.004109792530591277
2024-03-08,13.71,13.77,13.69,13.71,21811132.0,323480698.0,7480322855.999999,0.0029158008845173305
2024-03-11,13.73,13.87,13.71,13.87,25094264.0,373888447.0,7480322855.999999,0.0033547033307354886
2024-03-12,13.91,13.94,13.8,13.88,24317567.0,364384934.0,7480322855.999999,0.0032508713150656023
2024-03-13,13.86,13.89,13.64,13.69,29622297.0,439355618.0,7480322855.999999,0.003960029208664413
2024-03-14,13.66,13.75,13.55,13.6,20430359.0,301477483.0,7480322855.999999,0.0027312135309257033
2024-03-15,13.59,13.66,13.54,13.62,19689892.0,289366708.0,7480322855.999999,0.002632224889091071
2024-03-18,13.65,13.95,13.65,13.88,39678149.0,593211693.0,7480322855.999999,0.0053043364255560155
2024-03-19,13.87,13.89,13.62,13.66,27443747.0,408011535.0,7480322855.999999,0.0036687917792194292
2024-03-20,13.67,13.74,13.6,13.66,20567860.0,303826126.0,7480322855.999999,0.002749595224155657
2024-03-21,13.72,13.82,13.62,13.68,23840499.0,353465387.0,7480322855.999999,0.0031870949234333425
2024-03-22,13.68,13.69,13.42,13.56,27610639.0,403872185.0,7480322855.999999,0.0036911025809338413
2024-03-25,13.46,13.51,13.22,13.29,36186027.0,523079256.0,7480322855.999999,0.004837495345668808
2024-03-26,13.3,13.37,13.29,13.35,16093688.0,231700169.0,7480322855.999999,0.002151469703890011
2024-03-27,13.3,13.37,13.2,13.2,16486340.0,237051575.0,7480322855.999999,0.002203961021117723
2024-03-28,13.21,13.31,13.12,13.19,25356645.0,361647021.0,7480322855.999999,0.003389779490555187
2024-03-29,12.91,12.94,12.58,12.83,59620044.0,820431568.0,7480322855.999999,0.007970250101194296
2024-04-01,12.85,12.98,12.83,12.93,47062248.0,655348936.0,7480322855.999999,0.006291472828910208
2024-04-02,12.92,12.94,12.75,12.79,38072528.0,527817026.0,7480322855.999999,0.005089690476322404
2024-04-03,12.78,12.81,12.69,12.71,30344138.0,417647935.0,7480322855.999999,0.004056527851021943
2024-04-08,12.55,12.66,12.43,12.52,36426518.0,493392504.0,7480322855.999999,0.004869645161208802
2024-04-09,12.5,12.58,12.47,12.53,30073407.0,406853372.0,7480322855.999999,0.004020335429222549
2024-04-10,12.5,12.54,12.29,12.34,37607477.0,503946934.0,7480322855.999999,0.00502752056615242
2024-04-11,12.31,12.41,12.27,12.28,24722560.0,329711563.0,7480322855.999999,0.0033050124273940836
2024-04-12,12.28,12.33,12.06,12.08,32589541.0,428259879.0,7480322855.999999,0.004356702461560171
2024-04-15,12.08,12.35,11.96,12.33,37985467.0,501820269.0,7480322855.999999,0.005078051807554228
2024-04-16,12.23,12.36,12.14,12.18,27991652.0,370347988.0,7480322855.999999,0.0037420379492775204
2024-04-17,12.18,12.39,12.12,12.39,33117461.0,439479889.0,7480322855.999999,0.0044272769554908106
2024-04-18,12.35,12.56,12.31,12.44,39483962.0,531004986.0,7480322855.999999,0.005278376717166659
2024-04-19,12.39,12.47,12.35,12.41,23557123.0,315948706.0,7480322855.999999,0.0031492120665760743
2024-04-22,12.4,12.51,12.36,12.4,22719388.0,304954175.0,7480322855.999999,0.003037220242676649
2024-04-23,12.39,12.46,12.31,12.32,20110791.0,269178809.0,7480322855.999999,0.00268849238022782
2024-04-24,12.31,12.36,12.18,12.33,21915712.0,290977978.0,7480322855.999999,0.002929781564497756
2024-04-25,12.29,12.42,12.28,12.35,16089244.0,214632368.0,7480322855.999999,0.002150875611885488
2024-04-26,12.58,12.88,12.42,12.83,70763600.0,968214618.0,7480322855.999999,0.009459966015135324
2024-04-29,12.82,12.98,12.71,12.84,65865254.0,915756474.0,7480322855.999999,0.008805135188405564
2024-04-30,12.86,12.87,12.63,12.73,35126324.0,483651922.0,7480322855.999999,0.00469582993624734
2024-05-06,12.86,12.92,12.78,12.83,42037377.0,583491258.0,7480322855.999999,0.005619727625296499
2024-05-07,12.83,12.83,12.75,12.8,27690697.0,382815015.0,7480322855.999999,0.003701805060163837
2024-05-08,12.78,12.8,12.64,12.69,24075320.0,330795568.0,7480322855.999999,0.003218486750299699
2024-05-09,12.68,12.8,12.68,12.77,23741758.0,327203456.0,7480322855.999999,0.0031738948247342874
2024-05-10,12.78,12.88,12.76,12.84,31206865.0,432332052.0,7480322855.999999,0.0041718607071844285
2024-05-13,12.83,12.97,12.72,12.91,32528461.0,452179459.0,7480322855.999999,0.004348537038599715
2024-05-14,12.91,12.93,12.81,12.89,24357471.0,338534341.0,7480322855.999999,0.003256205844171922
2024-05-15,12.95,12.95,12.71,12.71,28459572.0,393399195.0,7480322855.999999,0.003804591399042684
2024-05-16,12.72,12.84,12.71,12.71,23019350.0,317559824.0,7480322855.999999,0.0030773203835093937
2024-05-17,12.71,12.91,12.71,12.89,25172234.0,348171672.0,7480322855.999999,0.0033651266776285253
2024-05-20,12.89,13.1,12.86,12.96,38601600.0,542512885.0,7480322855.999999,0.005160418974301021
2024-05-21,12.95,12.96,12.82,12.87,19081291.0,265861173.0,7480322855.999999,0.0025508646307551837
2024-05-22,12.84,12.94,12.83,12.88,19953655.0,277697283.0,7480322855.999999,0.0026674858002947144
2024-05-23,12.85,12.87,12.68,12.7,23091288.0,318251897.0,7480322855.999999,0.0030869373480956613
2024-05-24,12.67,12.73,12.57,12.58,18483755.0,252865964.0,7480322855.999999,0.00247098358664748
2024-05-27,12.65,13.19,12.65,13.01,77160084.0,1079525057.0,7480322855.999999,0.01031507402626473
2024-05-28,12.91,13.0,12.8,12.82,30392978.0,422821077.0,7480322855.999999,0.0040630569809726414
2024-05-29,12.79,13.23,12.79,13.0,41278613.0,582701424.0,7480322855.999999,0.005518292966043605
2024-05-30,12.95,13.08,12.88,13.04,30632340.0,430051298.0,7480322855.999999,0.004095055867198254
2024-05-31,13.04,13.08,12.88,12.9,28756906.0,403048425.0,7480322855.999999,0.003844340218140981
2024-06-03,12.87,12.88,12.54,12.63,43957474.0,601675216.0,7480322855.999999,0.005876414005946485
2024-06-04,12.58,12.82,12.58,12.79,30735118.0,422966792.0,7480322855.999999,0.004108795648485577
2024-06-05,12.8,12.92,12.77,12.79,25097516.0,348074183.0,7480322855.999999,0.0033551380713292573
2024-06-06,12.79,12.83,12.63,12.66,27081565.0,372134687.0,7480322855.999999,0.0036203738155870854
2024-06-07,12.71,12.76,12.5,12.75,28994639.0,396636977.0,7480322855.999999,0.0038761213330175013
2024-06-11,12.68,12.75,12.59,12.64,24432095.0,334698772.0,7480322855.999999,0.003266181884168664
2024-06-12,12.65,12.68,12.57,12.62,17160514.0,234033703.0,7480322855.999999,0.00229408734493799
2024-06-13,12.64,12.88,12.59,12.75,27290001.0,375250226.0,7480322855.999999,0.003648238388281673
2024-06-14,12.78,13.59,12.78,13.36,132948257.0,1904269453.0,7480322855.999999,0.017773064018668877
2024-06-17,13.14,13.32,12.95,13.25,64570141.0,917455909.0,7480322855.999999,0.00863199921220085
2024-06-18,13.25,13.56,13.22,13.36,58135453.0,841627248.0,7480322855.999999,0.007771783934883146
2024-06-19,13.37,13.37,13.09,13.12,34697424.0,494673105.0,7480322855.999999,0.0046384928388711255
2024-06-20,13.07,13.15,12.97,13.03,25516597.0,360095329.0,7480322855.999999,0.0034111625248277925
2024-06-21,13.04,13.13,12.94,13.01,26899351.0,378591690.0,7480322855.999999,0.0035960147065609493
2024-06-24,13.0,13.11,12.91,12.97,28969643.0,407238097.0,7480322855.999999,0.003872779766018164
2024-06-25,12.97,13.01,12.72,12.8,30586527.0,424572931.0,7480322855.999999,0.004088931398925705
2024-06-26,12.8,13.14,12.79,13.06,31358642.0,440703778.0,7480322855.999999,0.004192150874189488
2024-06-27,13.0,13.06,12.93,12.97,25608144.0,359402224.0,7480322855.999999,0.003423400900331407
2024-06-28,13.01,13.13,12.8,12.91,37850020.0,515587654.0,7480322855.999999,0.005059944701402873
2024-07-01,12.88,13.14,12.78,13.13,28373880.0,387521986.0,7480322855.999999,0.00379313574376555
2024-07-02,13.11,13.17,12.98,13.02,17852998.0,245037562.0,7480322855.999999,0.0023866614240694215
2024-07-03,13.0,13.09,12.94,13.03,15762561.0,215303993.0,7480322855.999999,0.0021072032990336483
2024-07-04,13.06,13.06,12.85,12.87,19559700.0,265418574.0,7480322855.999999,0.002614820292724542
2024-07-05,12.87,12.93,12.76,12.81,19692520.0,265302482.0,7480322855.999999,0.0026325762108255187
2024-07-08,12.77,12.85,12.63,12.7,23805509.0,318149531.0,7480322855.999999,0.0031824173178441753
2024-07-09,12.72,12.85,12.5,12.81,30746141.0,408666107.0,7480322855.999999,0.004110269247982845
2024-07-10,12.73,12.96,12.68,12.83,19929600.0,268855547.0,7480322855.999999,0.002664270030004705
2024-07-11,12.93,13.0,12.86,12.91,21876876.0,296999194.0,7480322855.999999,0.002924589809977582
2024-07-12,12.93,12.94,12.8,12.82,15647607.0,211099910.0,7480322855.999999,0.0020918357805170115
2024-07-15,12.82,12.87,12.78,12.86,12022865.0,162015766.0,7480322855.999999,0.0016072655193427124
2024-07-16,12.85,13.08,12.82,12.97,24385173.0,332780372.0,7480322855.999999,0.0032599091602631227
2024-07-17,12.99,13.14,12.98,13.1,26006488.0,357675332.0,7480322855.999999,0.003476653147282284
2024-07-18,13.11,13.25,12.98,13.24,27720338.0,382684107.0,7480322855.999999,0.003705767589665652
2024-07-19,13.17,13.43,13.14,13.38,34153102.0,478231986.0,7480322855.999999,0.004565725658833783
2024-07-22,13.52,13.57,13.34,13.46,34112681.0,481109643.0,7480322855.999999,0.0045603220150635705
2024-07-23,13.45,13.45,13.19,13.23,26129360.0,365525066.0,7480322855.999999,0.0034930791762606246
2024-07-24,13.22,13.27,13.09,13.16,20450567.0,282757302.0,7480322855.999999,0.002733915018600636
2024-07-25,13.21,13.29,13.17,13.23,17314282.0,240601369.0,7480322855.999999,0.0023146436769252736
2024-07-26,13.26,13.47,13.24,13.36,19618875.0,274930644.0,7480322855.999999,0.0026227310475327435
2024-07-29,13.29,13.38,13.21,13.22,15456030.0,215705144.0,7480322855.999999,0.002066224987548853
2024-07-30,13.2,13.33,13.17,13.31,15287490.0,212927017.0,7480322855.999999,0.0020436938744880294
2024-07-31,13.34,13.89,13.31,13.7,60576949.0,870518038.0,7480322855.999999,0.008098173055647053
2024-08-01,13.66,13.9,13.63,13.86,48060335.0,696897587.0,7480322855.999999,0.006424901160710009
2024-08-02,13.76,13.86,13.51,13.53,30837710.0,441204797.0,7480322855.999999,0.004122510564535987
2024-08-05,13.53,13.69,13.39,13.44,32423536.0,460969745.0,7480322855.999999,0.004334510237615338
2024-08-06,13.54,13.58,13.34,13.51,21518850.0,304466365.0,7480322855.999999,0.0028767274373377666
2024-08-07,13.51,13.56,13.42,13.44,13578903.0,192056175.0,7480322855.999999,0.0018152830113620435
2024-08-08,13.41,13.58,13.39,13.47,19179800.0,271411265.0,7480322855.999999,0.0025640337147501326
2024-08-09,13.53,13.62,13.39,13.4,15294936.0,216558750.0,7480322855.999999,0.002044689286068965
2024-08-12,13.36,13.39,13.31,13.34,11480845.0,160830022.0,7480322855.999999,0.0015348060800331853
2024-08-13,13.34,13.44,13.22,13.42,15388800.0,215176666.0,7480322855.999999,0.002057237407561437
2024-08-14,13.35,13.44,13.28,13.34,17583613.0,246712643.0,7480322855.999999,0.002350648941027473
2024-08-15,13.34,13.65,13.3,13.62,23545800.0,335185860.0,7480322855.999999,0.0031476983618579793
2024-08-16,13.53,13.65,13.46,13.56,17358688.0,246862073.0,7480322855.999999,0.0023205800517121424
2024-08-19,13.48,13.66,13.48,13.56,11901136.0,169753721.0,7480322855.999999,0.001590992291255724
2024-08-20,13.57,13.68,13.39,13.51,16129933.0,229287790.0,7480322855.999999,0.002156315082986306
2024-08-21,13.5,13.54,13.36,13.4,12663447.0,178594434.0,7480322855.999999,0.001692901127902868
2024-08-22,13.46,13.48,13.25,13.31,15242273.0,213624667.0,7480322855.999999,0.0020376490819208567
2024-08-23,13.25,13.54,13.25,13.47,18313084.0,258012825.0,7480322855.999999,0.0024481675928347125
2024-08-26,13.48,13.56,13.38,13.46,13525819.0,191259558.0,7480322855.999999,0.0018081865262207075
2024-08-27,13.4,13.46,13.26,13.31,11684228.0,163185150.0,7480322855.999999,0.0015619951471249707
2024-08-28,13.25,13.38,13.25,13.3,13702600.0,191645724.0,7480322855.999999,0.0018318193296976595
2024-08-29,13.34,13.55,13.3,13.4,21563188.0,304984728.0,7480322855.999999,0.002882654721607915
2024-08-30,13.46,14.15,13.43,14.06,74793710.0,1093405805.0,7480322855.999999,0.009998727520164138
2024-09-02,13.95,13.96,13.72,13.78,33570144.0,486680914.0,7480322855.999999,0.004487793461090151
2024-09-03,13.73,13.94,13.7,13.87,21563412.0,313144427.0,7480322855.999999,0.002882684666839466
2024-09-04,13.86,13.98,13.74,13.77,17436900.0,253184526.0,7480322855.999999,0.0023310357501499803
2024-09-05,13.73,14.04,13.73,14.0,24316425.0,355587069.0,7480322855.999999,0.0032507186478583196
2024-10-10,15.4,15.4,15.4,15.4,10246352.0,165683512.0,7480322855.999999,0.0013697740321169903
2024-10-11,16.95,16.95,16.95,16.95,5577662.0,99226607.0,7480322855.999999,0.0007456445540350085
2024-10-14,18.64,18.64,17.19,18.11,583359481.0,11174359641.0,7480322855.999999,0.0779858693575084
2024-10-15,17.15,17.7,16.88,17.15,258516355.0,4704594319.0,7480322855.999999,0.0345595183492171
2024-10-16,16.86,18.63,16.86,17.7,267066555.0,4967100165.0,7480322855.999999,0.035702543879611394
2024-10-17,17.7,19.13,17.36,18.27,276858890.0,5371745217.0,7480322855.999999,0.03701162307158043
2024-10-18,18.0,20.1,17.54,19.31,364600063.0,7212229962.0,7480322855.999999,0.04874122013430914
2024-10-21,18.74,18.79,18.36,18.41,195521915.0,3773582448.0,7480322855.999999,0.026138165258892673
2024-10-22,18.25,18.54,18.17,18.28,103578518.0,1977460186.0,7480322855.999999,0.013846797791210206
2024-10-23,18.39,18.66,18.06,18.15,108348909.0,2077718717.0,7480322855.999999,0.01448452307283674
2024-10-24,17.99,18.31,17.88,18.05,74028042.0,1392955320.0,7480322855.999999,0.009896369906095936
2024-10-25,18.15,18.19,17.92,18.01,73755278.0,1384324628.0,7480322855.999999,0.009859905704583402
2024-10-28,18.01,18.1,17.87,17.94,59558581.0,1114256881.0,7480322855.999999,0.007962033477235252
2024-10-29,18.03,18.27,17.91,17.99,85245575.0,1605291580.0,7480322855.999999,0.01139597536644079
2024-10-30,17.88,18.08,17.75,17.91,61694250.0,1150929525.0,7480322855.999999,0.008247538400099239
2024-10-31,17.99,18.5,17.91,18.16,121970734.0,2318616935.0,7480322855.999999,0.016305544071826626
2024-11-01,18.14,18.42,18.04,18.11,80759444.0,1531620759.0,7480322855.999999,0.010796251118388894
2024-11-04,18.28,18.52,18.25,18.48,90954720.0,1743668306.0,7480322855.999999,0.012159197102975954
2024-11-05,18.47,19.14,18.22,19.0,162226455.0,3177744623.0,7480322855.999999,0.021687092672728354
2024-11-06,19.77,20.88,19.2,19.62,230781902.0,4809042194.0,7480322855.999999,0.030851863808911514
2024-11-07,19.19,21.04,19.07,20.63,194214816.0,4043397334.0,7480322855.999999,0.025963426945431835
2024-11-08,21.11,21.19,19.96,20.12,150898186.0,3211939820.0,7480322855.999999,0.020172683573271698
2024-11-11,19.69,20.41,19.62,20.04,97560990.0,2032312483.0,7480322855.999999,0.013042350160293672
2024-11-12,19.93,20.33,19.43,19.6,92878195.0,1928935808.0,7480322855.999999,0.012416335068412455
2024-11-13,19.45,19.83,19.37,19.65,61818293.0,1261553204.0,7480322855.999999,0.008264120973122875
2024-11-14,19.64,19.89,19.46,19.46,58506354.0,1199179489.0,7480322855.999999,0.007821367489916803
2024-11-15,19.38,19.62,18.79,18.79,64249687.0,1285136044.0,7480322855.999999,0.008589159617417455
2024-11-18,18.81,19.06,18.64,18.79,52688504.0,1034187089.0,7480322855.999999,0.007043613626614836
2024-11-19,18.9,18.96,18.54,18.85,47220740.0,921728318.0,7480322855.999999,0.0063126606844414535
2024-11-20,18.81,18.84,18.63,18.76,36246700.0,707562974.0,7480322855.999999,0.004845606359213007
2024-11-21,19.3,19.37,18.66,19.01,92459712.0,1829225712.0,7480322855.999999,0.012360390557987436
2024-11-22,19.18,19.24,18.33,18.35,70439294.0,1382470051.0,7480322855.999999,0.009416611469316508
2024-11-25,18.35,18.42,17.97,18.22,51983758.0,987106949.0,7480322855.999999,0.00694940031342412
2024-11-26,18.14,18.35,18.12,18.21,30458560.0,578083383.0,7480322855.999999,0.004071824249613646
2024-11-27,18.09,18.32,18.02,18.31,39993745.0,757770867.0,7480322855.999999,0.005346526583130145
2024-11-28,18.3,18.35,18.01,18.01,37135677.0,702054921.0,7480322855.999999,0.004964448422197888
2024-11-29,17.98,18.7,17.92,18.17,69338092.0,1319963553.0,7480322855.999999,0.009269398304697987
2024-12-02,18.12,18.46,18.08,18.38,51347102.0,980800061.0,7480322855.999999,0.006864289548520525
2024-12-03,18.42,18.54,18.28,18.48,43346479.0,831693187.0,7480322855.999999,0.005794733707948395
2024-12-04,18.43,18.43,18.09,18.2,41183998.0,784314637.0,7480322855.999999,0.005505644447814995
2024-12-05,18.23,18.42,18.21,18.34,39234631.0,748768346.0,7480322855.999999,0.005245045134452952
2024-12-06,18.34,18.65,18.18,18.5,59081266.0,1135687482.0,7480322855.999999,0.007898224065637845
2024-12-09,18.46,18.51,18.09,18.21,51344422.0,977938484.0,7480322855.999999,0.006863931275214468
2024-12-10,19.08,19.08,18.32,18.34,69721273.0,1356300651.0,7480322855.999999,0.009320623500104179
2024-12-11,18.34,18.51,18.32,18.39,32619292.0,625652058.0,7480322855.999999,0.004360679696309622
2024-12-12,18.47,18.71,18.36,18.65,54333910.0,1049294154.0,7480322855.999999,0.007263578196550506
2024-12-13,18.47,18.49,18.2,18.24,56268457.0,1074191359.0,7480322855.999999,0.0075221963120036765
2024-12-16,18.24,18.32,18.0,18.11,40163024.0,758074970.0,7480322855.999999,0.005369156488718273
2024-12-17,18.07,18.2,18.0,18.01,29140790.0,549415504.0,7480322855.999999,0.0038956593934479774
2024-12-18,18.09,18.19,17.99,18.02,26217938.0,493679575.0,7480322855.999999,0.0035049206437621177
2024-12-19,17.86,18.03,17.81,18.0,26220573.0,490160790.0,7480322855.999999,0.0035052729012850516
2024-12-20,17.96,18.14,17.96,18.0,30988906.0,582590903.0,7480322855.999999,0.00414272306109671
2024-12-23,18.0,18.09,17.85,17.89,27054276.0,506622892.0,7480322855.999999,0.003616725711016557
2024-12-24,18.04,18.23,17.96,18.18,40441366.0,762933303.0,7480322855.999999,0.005406366379970058
2024-12-25,18.2,18.28,17.95,18.24,36425665.0,688059986.0,7480322855.999999,0.004869531128697583
2024-12-26,18.22,18.23,18.11,18.15,23609335.0,446512897.0,7480322855.999999,0.003156191979208872
2024-12-27,18.14,18.48,18.13,18.18,45435779.0,866498280.0,7480322855.999999,0.006074039834197232
2024-12-30,18.18,18.45,18.14,18.4,38651482.0,739033403.0,7480322855.999999,0.0051670874030520595
2024-12-31,18.41,18.56,17.87,17.9,55054874.0,1044759437.0,7480322855.999999,0.00735995959797915
2025-01-02,17.79,17.81,16.94,17.05,60856527.0,1100098952.0,7480322855.999999,0.008135548180408646
2025-01-03,17.15,17.22,16.72,16.86,42804544.0,757054324.0,7480322855.999999,0.005722285631784768
2025-01-06,16.76,16.91,16.6,16.84,29225362.0,511008219.0,7480322855.999999,0.003906965322567356
2025-01-07,16.89,16.98,16.76,16.98,19969993.0,351163845.0,7480322855.999999,0.0026696699306209735
2025-01-08,16.9,17.01,16.61,16.96,29831380.0,522432357.0,7480322855.999999,0.003987980274951919
2025-01-09,16.89,16.99,16.75,16.82,21234962.0,373788688.0,7480322855.999999,0.002838776134236953
2025-01-10,16.83,17.08,16.7,16.7,32215360.0,567314866.0,7480322855.999999,0.0043066804227788
2025-01-13,16.41,16.7,16.32,16.58,21592075.0,372836369.0,7480322855.999999,0.0028865164533213835
2025-01-14,16.62,17.08,16.53,17.03,46513737.0,819011973.0,7480322855.999999,0.006218145646306046
2025-01-15,16.92,16.97,16.84,16.94,25939272.0,457198628.0,7480322855.999999,0.0034676674388718393
2025-01-16,17.03,17.09,16.76,16.83,25390594.0,447710050.0,7480322855.999999,0.003394317931028083
2025-01-17,16.75,16.97,16.74,16.89,19587404.0,344407968.0,7480322855.999999,0.0026185238761838813
2025-01-20,17.08,17.35,16.99,17.04,43518270.0,777315506.0,7480322855.999999,0.005817699427918918
2025-01-21,17.09,17.13,16.94,17.06,21795830.0,386935991.0,7480322855.999999,0.002913755250886995
2025-01-22,17.16,17.37,16.83,16.89,48307710.0,857931150.0,7480322855.999999,0.006457971257383921
2025-01-23,17.08,17.23,16.41,16.5,85591618.0,1499217983.0,7480322855.999999,0.011442235802876689
2025-01-24,16.52,17.8,16.42,17.49,126044066.0,2253864546.0,7480322855.999999,0.01685008366970411
2025-01-27,17.44,17.45,16.93,17.01,64193801.0,1141620533.0,7480322855.999999,0.008581688549513591
2025-02-05,17.11,17.12,16.66,17.06,64487977.0,1135034068.0,7480322855.999999,0.008621015194320646
2025-02-10,17.28,17.55,16.94,17.02,112205146.0,2008646978.0,7480322855.999999,0.01500004052766249
2025-02-11,17.0,17.0,16.57,16.76,62643607.0,1091819365.0,7480322855.999999,0.008374452307195978
2025-02-12,16.68,16.99,16.68,16.96,46089163.0,808270789.0,7480322855.999999,0.006161386866214162
2025-02-13,16.99,17.11,16.9,16.99,59040842.0,1047287342.0,7480322855.999999,0.007892820020815424
2025-02-14,16.94,17.02,16.83,16.99,32657800.0,576455453.0,7480322855.999999,0.004365827602455025
2025-02-17,17.11,17.15,16.83,16.95,40703050.0,720171190.0,7480322855.999999,0.005441349361993367
2025-02-18,16.92,17.02,16.7,16.74,36590685.0,643101505.0,7480322855.999999,0.004891591673834032
2025-02-19,16.74,16.93,16.66,16.87,36490506.0,638423933.0,7480322855.999999,0.0048781993374431435
2025-02-20,16.84,16.9,16.74,16.84,28363034.0,497752707.0,7480322855.999999,0.0037916858063485707
2025-02-21,16.87,17.21,16.8,17.15,64935684.0,1153301259.0,7480322855.999999,0.008680866487990529
2025-02-24,17.2,17.44,17.06,17.31,59014893.0,1062825008.0,7480322855.999999,0.007889351052897925
2025-02-25,17.17,17.32,17.01,17.08,33422421.0,597355851.0,7480322855.999999,0.00446804524930254
2025-02-26,17.14,17.43,17.05,17.37,44725798.0,802238807.0,7480322855.999999,0.005979126684903078
2025-02-27,17.28,17.31,16.86,17.07,77068520.0,1370443680.0,7480322855.999999,0.010302833378131936
2025-02-28,17.03,17.39,16.63,16.63,86157234.0,1521726497.0,7480322855.999999,0.01151784965148836
2025-03-03,16.76,17.29,16.65,17.16,93617714.0,1668860951.0,7480322855.999999,0.012515196977749273
2025-03-04,17.06,18.05,17.01,17.6,141442264.0,2594535129.0,7480322855.999999,0.01890857744015
2025-03-05,17.37,17.84,17.28,17.42,67189711.0,1223409856.0,7480322855.999999,0.008982193989943476
2025-03-06,17.51,17.78,17.38,17.66,69626489.0,1280008524.0,7480322855.999999,0.009307952389267836
2025-03-07,17.6,17.84,17.53,17.61,51693469.0,951405907.0,7480322855.999999,0.006910593298594919
2025-03-10,17.59,17.64,17.23,17.33,46576397.0,841424372.0,7480322855.999999,0.006226522290096192
2025-03-11,17.19,17.39,17.15,17.39,37131930.0,667899410.0,7480322855.999999,0.004963947507989755
2025-03-12,17.38,17.55,17.25,17.32,43479400.0,786445700.0,7480322855.999999,0.005812503128140383
2025-03-13,17.26,17.4,17.18,17.23,40287984.0,724774217.0,13466194188.000002,0.00299178694719117
2025-03-14,17.23,17.71,17.21,17.61,94328040.0,1720226274.0,13466194188.000002,0.007004803189609253
2025-03-17,17.37,17.39,16.98,17.08,171379206.0,3057602155.0,13466194188.000002,0.012726625177640723
2025-03-18,17.09,17.17,16.97,17.0,78751870.0,1399107329.0,13466194188.000002,0.005848116320064461
2025-03-19,17.01,17.11,16.98,17.03,47803967.0,848334367.0,13466194188.000002,0.0035499240789650193
2025-03-20,17.0,17.02,16.87,16.9,55332016.0,976646443.0,13466194188.000002,0.004108957232274838
2025-03-21,16.87,16.95,16.6,16.91,112314369.0,1966302329.0,13466194188.000002,0.00834046854159326
2025-03-24,16.76,16.85,16.7,16.8,50253352.0,878885237.0,13466194188.000002,0.003731815485386493
2025-03-25,16.8,16.85,16.72,16.82,32849653.0,575507771.0,13466194188.000002,0.002439416255356914
2025-03-26,16.78,16.84,16.72,16.76,36329136.0,634797120.0,13466194188.000002,0.0026978027713556686
2025-03-27,16.74,16.91,16.7,16.79,37798622.0,662348936.0,13466194188.000002,0.002806926847504035
2025-03-28,16.82,16.86,16.73,16.73,34521508.0,603794710.0,13466194188.000002,0.0025635682597509855
2025-03-31,16.73,16.84,16.43,16.51,60663269.0,1049229818.0,13466194188.000002,0.004504856246173716
2025-04-01,16.51,16.56,16.39,16.52,40829582.0,701619131.0,13466194188.000002,0.003032006031547062
2025-04-02,16.5,16.6,16.47,16.55,28838504.0,497469840.0,13466194188.000002,0.002141548205631742
2025-04-03,16.39,16.57,16.37,16.44,29854244.0,512972175.0,13466194188.000002,0.0022169770896816356
2025-04-07,15.55,15.81,14.8,14.82,141853245.0,2240748776.0,13466194188.000002,0.010534026393768204
2025-04-08,15.17,15.39,14.91,15.38,134386282.0,2132394601.0,13466194188.000002,0.00997952948872179
2025-04-09,15.26,15.63,15.18,15.55,86413957.0,1388804858.0,13466194188.000002,0.006417103139430829
2025-04-10,15.79,16.07,15.65,15.92,92335430.0,1529625259.0,13466194188.000002,0.006856831908920634
2025-04-11,16.12,16.4,16.0,16.07,76536473.0,1286644645.0,13466194188.000002,0.005683600869813923
2025-04-14,16.16,16.21,16.01,16.02,45861048.0,767686803.0,13466194188.000002,0.0034056428534847438
2025-04-15,16.05,16.11,15.95,16.09,40041901.0,669285914.0,13466194188.000002,0.0029735128159433604
2025-04-16,16.1,16.12,15.94,16.1,54434828.0,909397887.0,13466194188.000002,0.004042332023438959
2025-04-17,16.06,16.17,16.0,16.16,51573324.0,865231046.0,13466194188.000002,0.0038298366472360864
2025-04-18,16.11,16.19,16.06,16.16,33667952.0,566271061.0,13466194188.000002,0.002500183164594655
2025-04-21,16.13,16.39,16.11,16.3,44977663.0,762874504.0,13466194188.000002,0.003340042655858959
2025-04-22,16.3,16.45,16.26,16.37,39784794.0,679622009.0,13466194188.000002,0.0029544200421120492
2025-04-23,16.42,16.47,16.31,16.41,38956608.0,665708553.0,13466194188.000002,0.002892918923946234
2025-04-24,16.41,16.48,16.36,16.41,40467892.0,693040178.0,13466194188.000002,0.003005146920877003
2025-04-25,16.47,16.55,16.41,16.52,39624693.0,681393215.0,13466194188.000002,0.002942530936863391
2025-04-28,16.5,16.55,16.37,16.52,38417207.0,659953407.0,13466194188.000002,0.002852862988878799
2025-04-29,16.5,16.58,16.43,16.49,36673275.0,630048187.0,13466194188.000002,0.0027233585442188483
2025-04-30,16.56,16.63,16.49,16.53,47075059.0,811720864.0,13466194188.000002,0.003495795348172651
2025-05-06,16.63,16.64,16.47,16.57,56720332.0,980123987.0,13466194188.000002,0.004212053621693993
2025-05-07,16.94,16.98,16.61,16.67,66901139.0,1164365144.0,13466194188.000002,0.004968080666742275
2025-05-08,16.57,16.7,16.54,16.69,47247929.0,819627056.0,13493993295.0,0.003501404511406347
2025-05-09,16.66,16.73,16.61,16.65,35972727.0,624940788.0,13493993295.0,0.0026658325829559413
2025-05-12,16.71,16.96,16.66,16.91,70810581.0,1242428357.0,13493993295.0,0.005247563078769116
2025-05-13,16.99,17.01,16.81,16.88,44697761.0,787271082.0,13493993295.0,0.0033124190906899365
2025-05-14,16.88,17.46,16.86,17.35,132614732.0,2379143662.0,13493993295.0,0.009827686223109243
2025-05-15,17.27,17.4,17.16,17.17,53741507.0,965362476.0,13493993295.0,0.00398262440369769
2025-05-16,17.16,17.21,16.96,17.06,42623581.0,756930031.0,13493993295.0,0.003158707735225683
2025-05-19,17.0,17.08,16.92,16.94,28300248.0,500173693.0,13493993295.0,0.002097247818441279
2025-05-20,16.98,17.02,16.9,16.94,28000892.0,494605472.0,13493993295.0,0.0020750634291759515
2025-05-21,16.94,16.99,16.88,16.88,27555940.0,486079670.0,13493993295.0,0.002042089350245227
2025-05-22,16.89,16.96,16.81,16.93,23771606.0,418716541.0,13493993295.0,0.0017616435313339172
2025-05-23,16.92,17.0,16.75,16.76,32428503.0,570228429.0,13493993295.0,0.002403180607182894
2025-05-26,16.76,16.8,16.6,16.68,25476183.0,443293310.0,13493993295.0,0.0018879646997779244
2025-05-27,16.7,16.73,16.52,16.63,27219886.0,471196645.0,13493993295.0,0.0020171853805563936
2025-05-28,16.61,16.64,16.52,16.53,18116915.0,312818393.0,13493993295.0,0.00134259107766957
2025-05-29,16.56,16.75,16.52,16.64,32286777.0,560661571.0,13493993295.0,0.002392677711790726
2025-05-30,16.62,16.69,16.43,16.49,52476114.0,904034796.0,13493993295.0,0.0038888498647353152
2025-06-03,16.67,17.32,16.52,17.14,145328814.0,2588638316.0,13493993295.0,0.01076988929984495
2025-06-04,17.1,17.34,17.08,17.32,75484683.0,1354270908.0,13493993295.0,0.005593946976983436
2025-06-05,17.32,17.8,17.28,17.69,118146223.0,2168283040.0,13493993295.0,0.008755467741619328
2025-06-06,17.68,17.8,17.64,17.75,75339293.0,1392430248.0,13493993295.0,0.005583172553369792
2025-06-09,17.8,17.95,17.73,17.8,78496730.0,1459876400.0,13493993295.0,0.005817160886620998
2025-06-10,17.82,18.12,17.69,17.76,104697013.0,1951720933.0,13493993295.0,0.007758786499382205
2025-06-11,17.84,18.13,17.77,17.88,83215582.0,1557398312.0,13493993295.0,0.006166861075204054
2025-06-12,17.84,17.9,17.57,17.69,91198204.0,1686964055.0,13493993295.0,0.0067584296217037656
2025-06-13,17.73,17.78,17.38,17.47,202180464.0,3684724259.0,13493993295.0,0.014982997218096662
2025-06-16,17.44,17.72,17.4,17.69,81289564.0,1487392058.0,13493993295.0,0.006024129568088688
2025-06-17,17.69,17.93,17.67,17.92,69519066.0,1291343876.0,13493993295.0,0.005151852715515967
2025-06-18,17.89,17.95,17.63,17.71,43329362.0,801057593.0,13493993295.0,0.0032110110812086333
2025-06-19,17.72,17.76,17.53,17.59,52097315.0,956082568.0,13493993295.0,0.0038607781893076746
2025-06-20,17.63,17.74,17.6,17.7,42650904.0,785939582.0,13493993295.0,0.0031607325620803192
2025-06-23,17.59,17.82,17.52,17.7,39916801.0,734713569.0,13493993295.0,0.002958116261610311
2025-06-24,17.75,18.1,17.75,17.85,82851408.0,1546807813.0,13493993295.0,0.00613987321534385
2025-06-25,18.33,19.52,18.15,19.47,370751161.0,7260479571.0,13493993295.0,0.027475273841834232
2025-06-26,19.5,19.52,18.62,18.64,324235658.0,6392327115.0,13493993295.0,0.02402814725868737
2025-06-27,18.52,19.0,18.41,18.44,200760359.0,3906785340.0,13493993295.0,0.014877757429625283
2025-06-30,18.42,18.58,18.24,18.39,97166706.0,1858831425.0,13493993295.0,0.007200737682002828
2025-07-01,18.43,18.61,18.29,18.49,72533356.0,1396402894.0,13493993295.0,0.005375232847260727
2025-07-02,18.47,18.49,18.31,18.42,55259871.0,1059496283.0,13493993295.0,0.004095145876534245
2025-07-03,18.4,18.52,18.4,18.5,48466213.0,932840788.0,13493993295.0,0.0035916879414752963
2025-07-04,18.48,18.8,18.34,18.56,87010053.0,1683625869.0,13493993295.0,0.006448058117254311
2025-07-07,18.5,18.63,18.45,18.5,39823103.0,768163230.0,13493993295.0,0.0029511725794880797
2025-07-08,18.51,18.69,18.46,18.64,59094694.0,1146500547.0,13493993295.0,0.0043793332861590106
2025-07-09,18.68,18.78,18.47,18.5,72984387.0,1417781483.0,13493993295.0,0.005408657422932268
2025-07-10,18.5,18.79,18.47,18.61,93633117.0,1818204931.0,13493993295.0,0.006938873834678306
2025-07-11,19.0,19.61,18.9,19.1,255993660.0,5142654130.0,13493993295.0,0.018970934281911545
2025-07-14,19.1,19.13,18.79,18.8,108662771.0,2142738537.0,13493993295.0,0.008052677115251226
2025-07-15,18.77,18.89,18.5,18.58,97962929.0,1903742740.0,13493993295.0,0.0072597434175618505
2025-07-16,18.62,18.66,18.42,18.47,56340732.0,1086700158.0,13493993295.0,0.004175245293835756
2025-07-17,18.52,18.55,18.38,18.52,58899084.0,1132803763.0,13493993295.0,0.004364837206627647
2025-07-18,18.57,18.96,18.54,18.86,94992141.0,1854851809.0,13493993295.0,0.00703958709059074
2025-07-21,18.86,19.25,18.84,19.01,121133715.0,2400048388.0,13493993295.0,0.008976861952709306
2025-07-22,19.05,19.05,18.75,18.98,72742481.0,1432202876.0,13493993295.0,0.005390730483536972
2025-07-23,18.99,19.41,18.99,19.19,155484276.0,3112406174.0,13493993295.0,0.011522480603100077
2025-07-24,19.1,19.59,19.04,19.48,141804210.0,2871839239.0,13493993295.0,0.010508691304340833
2025-07-25,19.54,19.7,19.37,19.66,135926873.0,2768689015.0,13493993295.0,0.010073139213013074
2025-07-28,20.04,20.41,19.7,20.23,215984029.0,4481050611.0,13493993295.0,0.016005938663096096
2025-07-29,20.12,20.6,19.86,20.53,168365024.0,3512179117.0,13493993295.0,0.012477034804988763
2025-07-30,20.56,20.57,20.13,20.3,118138191.0,2475556798.0,13493993295.0,0.008754872513815045
2025-07-31,20.09,20.25,19.62,19.75,146090413.0,2989572816.0,13493993295.0,0.010826329152996663
2025-08-01,19.75,19.82,19.43,19.44,85041264.0,1712436979.0,13493993295.0,0.006302156977616906
2025-08-04,19.4,19.67,19.38,19.52,83460782.0,1673235037.0,13493993295.0,0.0061850321232133085
2025-08-05,19.58,19.63,19.44,19.55,75812114.0,1521704879.0,13493993295.0,0.005618211921603004
2025-08-06,19.56,19.74,19.48,19.65,72780063.0,1468210434.0,13493993295.0,0.005393515574590331
2025-08-07,19.7,19.97,19.57,19.64,83152131.0,1685895695.0,13493993295.0,0.006162158908942899
2025-08-08,19.61,19.63,19.45,19.46,56871596.0,1141232686.0,13493993295.0,0.004214586057418076
2025-08-11,19.45,19.65,19.41,19.51,90099545.0,1809857675.0,13493993295.0,0.006677011247173589
2025-08-12,19.55,19.62,19.47,19.53,65833161.0,1321674147.0,13493993295.0,0.004878701179167883
2025-08-13,19.58,19.88,19.48,19.58,179970085.0,3635878716.0,13493993295.0,0.013337051609969694
2025-08-14,19.65,19.98,19.59,19.65,163002496.0,3311486081.0,13493993295.0,0.012079633688598183
2025-08-15,19.58,20.33,19.52,20.06,245130184.0,5046306631.0,13493993295.0,0.01816587415163674
2025-08-18,20.24,20.44,19.92,20.14,233956748.0,4859966864.0,13493993295.0,0.017337843800966556
2025-08-19,20.14,20.3,19.84,19.84,130085802.0,2675454801.0,13493993295.0,0.009640274687864369
2025-08-20,19.79,20.15,19.66,20.14,121478052.0,2484409594.0,13493993295.0,0.009002379751071309
2025-08-21,20.41,20.53,20.2,20.3,138911429.0,2907434965.0,13493993295.0,0.010294315845812045
2025-08-22,20.23,21.0,20.19,20.92,197083405.0,4177359094.0,13493993295.0,0.014605269225457993
2025-08-25,21.11,21.28,20.78,21.05,174072348.0,3757504385.0,13493993295.0,0.012899987734876075
2025-08-26,20.93,21.1,20.8,20.83,83355217.0,1793289675.0,13493993295.0,0.006177209012760222
2025-08-27,20.81,20.95,20.22,20.24,139942272.0,2963684842.0,13493993295.0,0.010370708576819402
2025-08-28,20.22,20.51,20.08,20.49,108786580.0,2267496842.0,13493993295.0,0.008061852234676096
2025-08-29,20.62,20.8,20.31,20.4,161024161.0,3401033200.0,13493993295.0,0.011933025123086813
2025-09-01,20.49,20.62,20.06,20.07,127501759.0,2657006963.0,13493993295.0,0.009448778890919109
2025-09-02,20.09,20.18,19.65,19.85,119227315.0,2431471550.0,13493993295.0,0.008835584277648776
2025-09-03,19.9,19.94,19.12,19.24,132530599.0,2644206469.0,13493993295.0,0.009821451374894877
2025-09-04,19.23,19.31,18.89,19.06,124451511.0,2442449056.0,13493993295.0,0.00922273401796588
2025-09-05,19.12,19.3,18.97,19.23,74020999.0,1454652864.0,13493993295.0,0.005485477677495763
2025-09-08,19.23,19.27,18.88,18.98,90603844.0,1771340030.0,13493993295.0,0.006714383357043161
2025-09-09,18.98,19.24,18.94,19.03,76919478.0,1506089157.0,13493993295.0,0.005700275397980328
2025-09-10,19.06,19.2,18.94,18.94,53127214.0,1038693773.0,13493993295.0,0.003937100963262336
2025-09-11,18.97,19.42,18.84,19.4,106685187.0,2102944738.0,13493993295.0,0.007906124204132413
2025-09-12,19.4,19.44,19.0,19.02,108845274.0,2145324045.0,13493993295.0,0.008066201873713026
2025-09-15,19.03,19.26,18.81,18.99,127152219.0,2486206862.0,13493993295.0,0.009422875513589767
2025-09-16,18.97,19.04,18.6,18.65,143020588.0,2757829581.0,13493993295.0,0.010598833486377541
2025-09-17,18.68,18.8,18.46,18.47,200984958.0,3840337511.0,13493993295.0,0.01489440179835216
2025-09-18,18.51,18.55,18.0,18.13,212388294.0,3991253724.0,13493993295.0,0.015739469359207208
2025-09-19,18.14,18.2,18.01,18.07,81124927.0,1509561000.0,13493993295.0,0.006011928806134774
2025-09-22,18.1,18.39,18.07,18.35,80236840.0,1500804891.0,13493993295.0,0.005946115300778353
2025-09-23,18.23,18.24,17.91,18.13,84599721.0,1571282575.0,13493993295.0,0.006269435529610585
2025-09-24,18.07,18.34,18.06,18.23,72464748.0,1354894622.0,13493993295.0,0.005370148510956407
2025-09-25,18.23,18.44,18.15,18.32,86187395.0,1623965157.0,13493993295.0,0.006387093361898695
2025-09-26,18.28,18.38,18.19,18.2,57183227.0,1073807280.0,13493993295.0,0.004237680110689576
2025-09-29,18.12,19.23,18.12,18.56,324143590.0,6242054448.0,13493993295.0,0.024021324371052314
2025-09-30,18.63,18.82,18.2,18.36,233698674.0,4423169173.0,13493993295.0,0.01731871869882977
2025-10-09,18.32,18.47,18.15,18.18,249445124.0,4683706784.0,13493993295.0,0.018485641614512157
2025-10-10,18.17,18.87,18.15,18.43,257375072.0,4911021161.0,13493993295.0,0.01907330664639996
2025-10-13,18.06,18.28,18.01,18.18,124085929.0,2311728604.0,13493993295.0,0.009195641815383012
2025-10-14,18.27,18.56,18.25,18.31,137897496.0,2603303029.0,13493993295.0,0.010219176264975312
2025-10-15,18.33,18.56,18.25,18.55,108305115.0,2052529609.0,13493993295.0,0.008026172285125624
2025-10-16,18.49,18.74,18.45,18.56,114365652.0,2183388812.0,13493993295.0,0.00847530078752718
2025-10-17,18.6,18.72,18.19,18.19,104646217.0,1985446883.0,13493993295.0,0.0077550221578052145
2025-10-20,18.37,18.42,18.18,18.23,69622750.0,1307260807.0,13493993295.0,0.005159536430612996
2025-10-21,18.25,18.65,18.18,18.24,190634283.0,3593914914.0,13493993295.0,0.014127343836063467
2025-10-22,18.2,18.24,18.08,18.13,65851867.0,1227340375.0,13493993295.0,0.004880087425595538
2025-10-23,18.11,18.26,17.96,18.25,68858246.0,1280707901.0,13493993295.0,0.0051028812964887425
2025-10-24,18.29,18.42,18.18,18.29,102168734.0,1918563317.0,13493993295.0,0.007571423207825153
2025-10-27,18.43,18.6,18.29,18.45,191394239.0,3632843256.0,13493993295.0,0.01418366193133639
2025-10-28,18.45,18.57,18.41,18.47,101681435.0,1916100559.0,13493993295.0,0.007535310917760464
2025-10-29,18.48,19.1,18.44,19.05,247172185.0,4752640044.0,13493993295.0,0.018317200816424448
2025-10-30,18.98,19.31,18.84,18.97,180174723.0,3503211855.0,13493993295.0,0.013352216727924497
2025-10-31,19.2,19.22,18.96,19.01,120678882.0,2348369276.0,13493993295.0,0.008943155622043756
2025-11-03,19.01,19.25,18.9,19.23,98699344.0,1923010623.0,13493993295.0,0.007314316958833201
2025-11-04,19.17,19.41,19.08,19.32,114786176.0,2251310096.0,13493993295.0,0.008506464579505336
2025-11-05,19.16,19.33,19.1,19.13,80658841.0,1579333139.0,13493993295.0,0.005977388548865438
2025-11-06,19.22,19.54,19.18,19.41,100392692.0,1987463580.0,13493993295.0,0.007439805979242559
2025-11-07,19.38,19.49,19.29,19.32,66717983.0,1318062087.0,13493993295.0,0.004944272725014719
2025-11-10,19.33,19.69,19.2,19.64,104881877.0,2085592437.0,13493993295.0,0.007772486224582788
2025-11-11,19.71,19.73,19.22,19.25,94929942.0,1874420762.0,13493993295.0,0.007034977706352862
2025-11-12,19.33,19.59,19.23,19.42,85799860.0,1700326313.0,13493993295.0,0.006358374287305439
2025-11-13,19.35,19.6,19.34,19.48,73444163.0,1456469330.0,13493993295.0,0.005442730064732851
2025-11-14,19.42,19.57,19.35,19.36,58106208.0,1153831870.0,13493993295.0,0.004306079507356091
2025-11-17,19.29,19.31,18.88,18.96,81375984.0,1579126157.0,13493993295.0,0.006030533899120335
2025-11-18,18.95,19.2,18.9,19.04,66130476.0,1285949478.0,13493993295.0,0.004900734315949577
2025-11-19,19.04,19.47,18.98,19.28,77478829.0,1527421254.0,13493993295.0,0.005741727249020395
2025-11-20,19.55,19.59,19.21,19.22,93581625.0,1849833151.0,13493993295.0,0.006935057914596363
2025-11-21,19.13,19.31,18.49,18.51,109808516.0,2106648760.0,13493993295.0,0.00813758489421274
2025-11-24,18.63,18.69,18.33,18.35,69787199.0,1312769020.0,13493993295.0,0.005171723260442009
2025-11-25,18.46,18.78,18.42,18.66,73996809.0,1408618872.0,13493993295.0,0.005483685028020462
2025-11-26,18.71,18.71,18.47,18.53,51443404.0,975089560.0,13493993295.0,0.0038123187758705643
2025-11-27,18.53,18.72,18.47,18.63,41223781.0,783008551.0,13493993295.0,0.003054972690350666
2025-11-28,18.57,18.83,18.5,18.79,53766031.0,1025738803.0,13493993295.0,0.003984441804926805
2025-12-01,18.84,19.3,18.78,19.24,89695425.0,1749310804.0,13493993295.0,0.0066470631072000986
2025-12-02,19.22,19.35,19.11,19.16,52348990.0,1024749464.0,13493993295.0,0.0038794290804484944
2025-12-03,19.21,19.29,18.86,18.87,40762825.0,790965617.0,13493993295.0,0.003020812602234215
2025-12-04,18.93,18.99,18.75,18.82,35422780.0,680816248.0,13493993295.0,0.0026250776345891165
2025-12-05,18.83,19.54,18.78,19.35,112016434.0,2195092421.0,13493993295.0,0.00830120717797496
2025-12-08,19.76,20.25,19.75,19.99,232951340.0,4769170544.0,13493993295.0,0.017263335982708447
2025-12-09,19.91,20.18,19.79,19.89,88210181.0,1794008034.0,13493993295.0,0.006536996059771645
2025-12-10,19.86,19.99,19.64,19.92,73261098.0,1480828709.0,13493993295.0,0.005429163658110444
2025-12-11,20.04,20.04,19.69,19.78,59869643.0,1211082888.0,13493993295.0,0.004436762468392793
2025-12-12,19.72,20.07,19.47,19.94,165284472.0,3345877705.0,13493993295.0,0.01224874419207276
2025-12-15,19.87,20.46,19.81,20.15,124909501.0,2577576385.0,13493993295.0,0.009256674304579902
2025-12-16,20.11,20.35,19.85,19.89,78982163.0,1613507252.0,13493993295.0,0.005853134892935339
2025-12-17,19.87,20.57,19.75,20.37,131078704.0,2703223837.0,13493993295.0,0.009713855723388367
2025-12-18,20.35,20.48,20.17,20.37,76353336.0,1583514721.0,13493993295.0,0.005658320285981734
2025-12-19,20.34,20.67,20.3,20.47,83930880.0,1754896487.0,13493993295.0,0.006219869697956597
2025-12-22,20.46,20.56,20.32,20.42,60106582.0,1252693759.0,13493993295.0,0.004454321318083922
2025-12-23,20.41,20.65,20.34,20.42,65590088.0,1370025982.0,13493993295.0,0.004860687756848333
2025-12-24,20.47,20.56,20.34,20.46,64202626.0,1338460098.0,13493993295.0,0.004757867044723472
2025-12-25,20.48,20.5,20.31,20.34,58312839.0,1212508696.0,13493993295.0,0.004321392320656255
2025-12-26,20.29,20.52,20.26,20.36,66206556.0,1377024028.0,13493993295.0,0.004906372380111665
2025-12-29,20.33,20.58,20.23,20.32,64154992.0,1333638518.0,13493993295.0,0.00475433702963019
2025-12-30,20.27,20.33,20.08,20.11,70998376.0,1460746237.0,13493993295.0,0.005261480011725469
2025-12-31,20.1,20.48,20.1,20.15,60622969.0,1251146982.0,13493993295.0,0.004492589233941812
2026-01-05,20.16,20.58,20.13,20.53,109756988.0,2285126130.0,13493993295.0,0.008133766306277093
2026-01-06,20.58,21.92,20.56,21.86,268360903.0,5875767400.0,13493993295.0,0.01988743414445279
2026-01-07,21.82,21.92,21.54,21.79,130469697.0,2891689533.0,13493993295.0,0.009668724012805285
2026-01-08,21.53,21.57,20.83,20.91,167661593.0,3597726542.0,13493993295.0,0.012424905610567076
2026-01-09,20.91,21.07,20.53,20.66,114747666.0,2429901640.0,13493993295.0,0.00850361071711204
2026-01-12,20.67,20.83,20.36,20.66,120411439.0,2526162468.0,13493993295.0,0.008923336210980383
2026-01-13,20.79,21.19,20.68,20.76,115197660.0,2460627385.0,13493993295.0,0.008536958443775482
2026-01-14,20.76,21.18,20.2,20.36,170225340.0,3587811482.0,13493993295.0,0.012614897330879398
2026-01-15,20.26,20.5,19.9,19.98,106614412.0,2187191758.0,13493993295.0,0.007900879277856496
2026-01-16,20.1,20.2,19.63,19.71,147571137.0,2975776161.0,13493993295.0,0.010936061236571112
2026-01-19,19.67,19.83,19.55,19.7,90296161.0,1812169838.0,13493993295.0,0.006691581878394582
2026-01-20,19.69,19.89,19.67,19.79,88719337.0,1788586123.0,13493993295.0,0.006574728107570177
2026-01-21,19.76,19.82,19.5,19.53,111923958.0,2241810105.0,13493993295.0,0.008294354054664587
2026-01-22,19.56,19.92,19.55,19.6,92924562.0,1866588795.0,13493993295.0,0.006886364915746017
2026-01-23,19.72,19.8,19.4,19.47,115481698.0,2303744607.0,13493993295.0,0.008558007661289564
2026-01-26,19.47,20.01,19.43,19.61,156772226.0,3154869268.0,13493993295.0,0.011617926774729437
2026-01-27,19.61,19.65,19.31,19.41,98204294.0,1950352053.0,13493993295.0,0.0072776302650445325
2026-01-28,19.56,19.66,19.23,19.25,159530430.0,3155026654.0,13493993295.0,0.011822329129147532
2026-01-29,19.27,19.61,18.96,19.42,181506760.0,3557939057.0,13493993295.0,0.013450930056950203
2026-01-30,19.42,19.78,19.38,19.45,140080469.0,2795898856.0,13493993295.0,0.010380949948441485
2026-02-02,19.42,19.87,19.24,19.29,126534851.0,2517965458.0,13493993295.0,0.009377124193983824
2026-02-03,19.37,19.44,18.88,19.12,120353471.0,2343152820.0,13493993295.0,0.008919040373659827
2026-02-04,19.11,19.64,19.06,19.6,128698591.0,2555980025.0,13493993295.0,0.009537472576608391
2026-02-05,19.59,19.95,19.39,19.76,92980811.0,1865770929.0,13493993295.0,0.006890533363052186
2026-02-06,19.62,19.79,19.44,19.58,71977837.0,1441030018.0,13493993295.0,0.00533406497442609
2026-02-09,19.78,19.86,19.61,19.8,63614694.0,1283111847.0,13493993295.0,0.0047142971401632075
2026-02-10,19.84,19.86,19.73,19.75,44648071.0,900795106.0,13493993295.0,0.0033087367115073106
2026-02-11,19.76,19.76,19.57,19.62,66486446.0,1332787837.0,13493993295.0,0.004927114201593354
2026-02-12,19.58,19.62,19.47,19.53,52272769.0,1040978855.0,13496910193.0,0.0038729433813014923
2026-02-13,19.53,19.57,19.21,19.23,76155938.0,1503372035.0,13496910193.0,0.005642472011075343
2026-02-24,19.28,19.38,19.04,19.04,72450300.0,1412913763.0,13496910193.0,0.005367917468812634
2026-02-25,19.08,19.26,18.96,19.0,92960174.0,1810649810.0,13496910193.0,0.0068875151920483706
2026-02-26,19.03,19.05,18.53,18.6,131569198.0,2505091156.0,13496910193.0,0.009748097610387649
2026-02-27,18.57,18.67,18.52,18.56,77570569.0,1468700830.0,13496910193.0,0.005747283481239357
2026-03-02,18.46,18.54,18.21,18.47,95549971.0,1792067815.0,13496910193.0,0.00707939592348742
2026-03-03,18.46,18.76,18.31,18.49,102072266.0,1926088922.0,13496910193.0,0.007562639488624476
2026-03-04,18.35,18.38,17.89,17.9,105071024.0,1938609287.0,13496910193.0,0.007784820562449452
2026-03-05,18.09,18.21,17.92,18.0,56655577.0,1042516140.0,13496910193.0,0.004197670147452244
2026-03-06,17.91,18.16,17.91,18.1,56920284.0,1046614671.0,13496910193.0,0.004217282562161596
2026-03-09,17.91,17.91,17.52,17.67,91943574.0,1655373546.0,13496910193.0,0.00681219424929458
2026-03-10,17.79,17.94,17.7,17.81,66892290.0,1213145437.0,13496910193.0,0.004956118774109709
2026-03-11,17.81,17.89,17.73,17.85,56454328.0,1025147257.0,13496910193.0,0.004182759401427988
2026-03-12,17.81,17.88,17.65,17.75,61793718.0,1119550994.0,13496910193.0,0.004578360314796235
2026-03-13,17.65,17.81,17.55,17.59,69105434.0,1244712607.0,13496910193.0,0.005120092896212694
2026-03-16,17.58,17.61,17.33,17.45,65352909.0,1160465650.0,13496910193.0,0.004842064447750008
2026-03-17,17.48,18.02,17.47,17.59,112435951.0,2036084515.0,13496910193.0,0.008330495601749907
2026-03-18,17.59,17.68,17.44,17.52,49345409.0,881725912.0,13496910193.0,0.0036560522589527463
2026-03-19,17.4,17.43,17.05,17.16,97684383.0,1711527574.0,13496910193.0,0.007237536710488209
2026-03-20,17.15,17.43,17.15,17.2,73961707.0,1303212605.0,13496910193.0,0.005479899172653553
2026-03-23,17.0,17.01,16.5,16.61,109588931.0,1871109841.0,13496910193.0,0.008119556952882216
2026-03-24,16.73,16.96,16.53,16.7,105168932.0,1795841456.0,13496910193.0,0.00779207466717416
2026-03-25,16.77,17.01,16.69,16.88,61528942.0,1057551794.0,13496910193.0,0.004558742787805701
2026-03-26,16.84,16.89,16.37,16.44,91563875.0,1545973115.0,13496910193.0,0.006784061958676174
2026-03-27,16.31,16.55,16.29,16.48,56473404.0,948142844.0,13496910193.0,0.0041841727619473384
2026-03-30,16.34,16.5,16.26,16.37,69964511.0,1169103988.0,13496910193.0,0.005183742797391228
2026-03-31,16.42,16.64,16.26,16.27,63593801.0,1063957571.0,13496910193.0,0.004711730321283616
2026-04-01,16.5,16.63,16.34,16.57,77647261.0,1306357949.0,13496910193.0,0.005752965670637029
2026-04-02,16.52,16.53,16.16,16.23,64930511.0,1079054852.0,13496910193.0,0.004810768544172086
2026-04-03,16.33,16.34,16.11,16.15,44990904.0,744565192.0,13496910193.0,0.003333422491270184
2026-04-07,16.14,16.24,15.95,15.98,61859797.0,1012149248.0,13496910193.0,0.004583256176075232
2026-04-08,16.28,16.62,16.28,16.54,112092616.0,1878624433.0,13496910193.0,0.00830505755740565
2026-04-09,16.38,16.4,16.05,16.11,89141495.0,1471981874.0,13496910193.0,0.006604585325479316
2026-04-10,16.37,17.02,16.37,16.79,214561778.0,3672071097.0,13496910193.0,0.01589710348011945
2026-04-13,16.61,16.97,16.52,16.83,90846328.0,1556792533.0,13496910193.0,0.006730898161204058
2026-04-14,16.98,16.99,16.58,16.81,104891788.0,1789607895.0,13496910193.0,0.00777154078230444
2026-04-15,16.84,16.87,16.71,16.72,60913425.0,1042322542.0,13496910193.0,0.0045131384982906655
2026-04-16,16.79,17.08,16.75,16.8,126003452.0,2168018451.0,13496910193.0,0.009335725747464043
2026-04-17,16.76,16.78,16.59,16.65,88484211.0,1501809354.0,13496910193.0,0.006555886475846243
2026-04-20,16.71,16.75,16.47,16.54,102400576.0,1732922321.0,13496910193.0,0.007586964315218512
2026-04-21,16.52,16.58,16.34,16.43,78879624.0,1321512072.0,13496910193.0,0.005844272716648134
2026-04-22,16.38,16.74,16.3,16.48,118623972.0,1996090775.0,13496910193.0,0.008788972461380294
2026-04-23,16.47,16.56,16.36,16.47,95451325.0,1602017719.0,13496910193.0,0.007072087139581369
2026-04-24,16.39,16.45,16.16,16.4,85317189.0,1418606749.0,13496910193.0,0.0063212385486752865
2026-04-27,16.27,16.45,15.79,15.92,201120876.0,3294875117.0,13496910193.0,0.014901253184918485
2026-04-28,15.84,16.1,15.75,15.81,151601214.0,2460913018.0,13496910193.0,0.011232290341431332
2026-04-29,15.8,15.88,15.71,15.81,110493963.0,1778609108.0,13496910193.0,0.00818661170741925
2026-04-30,15.79,16.06,15.73,15.81,135340303.0,2188524839.0,13496910193.0,0.010027502670217996
2026-05-06,15.86,16.13,15.83,15.96,197192918.0,3207492737.0,13496910193.0,0.014610226724504072
2026-05-07,16.07,16.11,15.87,15.98,121373719.0,1974053255.0,13496910193.0,0.008992704053328363
2026-05-08,15.94,16.01,15.84,15.85,103461640.0,1677130320.0,13496910193.0,0.007665579641602643
2026-05-11,15.87,15.96,15.7,15.86,203878859.0,3286093145.0,13496910193.0,0.015105594990603047
2026-05-12,15.89,15.92,15.75,15.79,143388474.0,2314590901.0,13496910193.0,0.01062379996233261
2026-05-13,15.79,15.83,15.45,15.71,180250610.0,2869032103.0,13496910193.0,0.013354953646611998
2026-05-14,15.71,15.8,15.4,15.41,119961184.0,1901937793.0,13496910193.0,0.008888047877966643
2026-05-15,15.41,15.46,15.09,15.14,136139919.0,2120810540.0,13496910193.0,0.010086747044564854
2026-05-18,15.1,15.21,15.07,15.15,94884222.0,1464673394.0,13496910193.0,0.0070300698932716085
2026-05-19,15.2,15.24,14.98,15.17,90810287.0,1400167001.0,13496910193.0,0.006728227846333126
2026-05-20,15.12,15.12,14.92,15.01,80137445.0,1227594145.0,13496910193.0,0.005937465972142443
2026-05-21,15.15,15.47,14.92,14.94,187919499.0,2925943262.0,13496910193.0,0.013923149544068394
2026-05-22,14.99,15.03,14.73,14.74,114180518.0,1723526043.0,13496910193.0,0.008459752370525386
2026-05-25,14.8,14.93,14.72,14.86,78970633.0,1194111700.0,13496910193.0,0.0058510156673456356
2026-05-26,14.8,15.12,14.77,15.0,110375044.0,1687039089.0,13496910193.0,0.00817780087602899
2026-05-27,14.98,15.18,14.78,14.93,108122624.0,1648607191.0,13496910193.0,0.008010916754567754
2026-05-28,14.95,14.96,14.62,14.69,94621707.0,1421549162.0,13496910193.0,0.007010619886103586
2026-05-29,14.71,15.09,14.67,15.08,158560715.0,2419092492.0,13496910193.0,0.01174792695014267
2026-06-01,15.04,15.67,14.98,15.56,225589654.0,3555159044.0,13496910193.0,0.016714170189633417
2026-06-02,15.54,16.08,15.5,15.91,222075786.0,3583339296.0,13496910193.0,0.016453824084506154
2026-06-03,15.92,16.1,15.71,16.0,154809915.0,2517617413.0,13496910193.0,0.011470026308709544
2026-06-04,15.94,16.07,15.77,15.89,99467433.0,1614600822.0,13496910193.0,0.007369644724433857
2026-06-05,15.93,16.16,15.91,15.94,112090772.0,1832982420.0,13496910193.0,0.008304920933543326
2026-06-08,15.78,16.37,15.76,16.13,171316776.0,2815755482.0,13496910193.0,0.012693036669151971
2026-06-09,16.12,16.26,15.97,16.19,99165394.0,1631423533.0,13496910193.0,0.00734726634333174
2026-06-10,16.17,16.82,16.11,16.72,205631032.0,3470818178.0,13496910193.0,0.015235415295765093
2026-06-11,16.72,16.97,16.57,16.89,148756388.0,2546757742.0,13496910193.0,0.011021514248287035
2026-06-12,16.88,17.41,16.63,17.34,202071287.0,3534033365.0,13496910193.0,0.0149716701163798
2026-06-15,17.41,18.01,17.01,17.15,268923697.0,4786718071.0,13496910193.0,0.019924834140148152
2026-06-16,17.02,17.55,16.96,17.45,159716320.0,2824626936.0,13496910193.0,0.011833546916748015
2026-06-17,17.41,17.6,17.26,17.43,121691881.0,2164992782.0,13496910193.0,0.009016277004133431
2026-06-18,17.37,17.43,16.92,16.95,159987176.0,2783025190.0,13496910193.0,0.011853614917210853
2026-06-22,16.87,17.93,16.82,17.8,233998792.0,4185351285.0,13496910193.0,0.017337211899161965
2026-06-23,17.83,18.12,17.48,17.61,191228903.0,3469442204.0,13496910193.0,0.014168346700504715
2026-06-24,17.56,17.88,17.19,17.22,149567688.0,2651761935.0,13496910193.0,0.01108162430224744
2026-06-25,17.25,17.93,16.9,17.77,230611703.0,4130586441.0,13496910193.0,0.017086258980933564
2026-06-26,17.83,17.98,17.36,17.4,162713558.0,2872945015.0,13496910193.0,0.012055615372204915
2026-06-29,17.6,18.17,17.54,18.13,186025826.0,3347955979.0,13496910193.0,0.013782845357930878
2026-06-30,18.02,18.32,18.0,18.2,127766732.0,2318728186.0,13496910193.0,0.009466368981714391
2026-07-01,18.3,19.56,18.13,19.12,259681367.0,4914597776.0,13496910193.0,0.01924006037579478
2026-07-02,19.12,19.34,18.87,19.17,160692821.0,3068089783.0,13496910193.0,0.011905896883224524
2026-07-03,19.2,19.58,19.08,19.37,138505599.0,2678414664.0,13496910193.0,0.010262022716268361
2026-07-06,20.5,20.5,19.17,19.8,256837308.0,5044335284.0,13496910193.0,0.01902934111047174
2026-07-07,19.55,19.75,18.88,18.99,194758078.0,3735243355.0,13496910193.0,0.014429826917053119
2026-07-08,18.99,19.16,18.7,18.72,102647639.0,1938900272.0,13496910193.0,0.0076052694677658066
2026-07-09,18.66,18.94,18.36,18.87,128582021.0,2397151773.0,13496910193.0,0.009526774584799965
2026-07-10,18.85,18.86,18.24,18.3,145894884.0,2692662452.0,13496910193.0,0.010809502464917232
2026-07-13,18.3,18.47,18.17,18.34,101458064.0,1858568340.0,13496910193.0,0.007517132628816033
2026-07-14,18.29,18.33,17.75,18.17,118690261.0,2135611347.0,13496910193.0,0.008793883881775932
2026-07-15,18.08,18.79,18.05,18.58,115321350.0,2131096083.0,13496910193.0,0.00854427779032048
2026-07-16,18.5,18.71,18.29,18.54,89118408.0,1647444419.0,13496910193.0,0.006602874785832102
2026-07-17,18.55,18.69,18.21,18.3,101430804.0,1869752460.0,13496910193.0,0.007515112907293833
2026-07-20,18.31,19.19,18.28,19.03,204706004.0,3864615524.0,13496910193.0,0.015166879016959612
2026-07-21,19.2,19.2,18.51,18.82,109797935.0,2063504582.0,13496910193.0,0.008135042274856752
2026-07-22,18.66,18.94,18.52,18.94,83361029.0,1567982566.0,13496910193.0,0.006176304636244385
2026-07-23,18.98,19.09,18.74,19.05,73423151.0,1391417488.0,13496910193.0,0.005439997003023698
2026-07-24,19.12,19.29,18.96,19.22,106567272.0,2038294574.0,13496910193.0,0.00789567912034191
2026-07-27,19.4,19.4,18.72,18.95,80519231.0,1527984323.0,13496910193.0,0.005965752890743858
2026-07-28,18.95,18.98,18.44,18.98,93671878.0,1745041314.0,13496910193.0,0.00694024607562268
2026-07-29,18.87,19.0,18.6,18.93,96707084.0,1819669858.0,13496910193.0,0.0071651276193684605
2026-07-30,18.83,19.05,18.71,19.03,88501409.0,1672011750.0,13496910193.0,0.006557160693408194
2026-07-31,18.92,18.94,18.36,18.36,141235340.0,2624054342.0,13496910193.0,0.010464272043037666
2026-08-03,18.26,18.43,18.07,18.3,110032347.0,2007568063.0,13496910193.0,0.008152410101762911
2026-08-04,18.3,18.44,17.88,17.96,107379123.0,1932915191.0,13496910193.0,0.007955829998460744
2026-08-05,17.9,18.14,17.82,18.0,76110927.0,1369499939.0,13496910193.0,0.005639137099650701
2026-08-06,17.96,18.07,17.82,17.86,68788589.0,1231529085.0,13496910193.0,0.005096617523296282
2026-08-07,17.82,18.05,17.73,17.91,58020886.0,1039656276.0,13496910193.0,0.004298827299754265
2026-08-10,17.96,18.31,17.93,18.2,73515681.0,1336580079.0,13496910193.0,0.005446852646180307
2026-08-11,18.17,18.39,18.05,18.1,50874789.0,925823214.0,13496910193.0,0.0037693656009051284
2026-08-12,18.06,18.15,17.95,18.02,42279525.0,762383715.0,13449124024.0,0.003143663849374284
2026-08-13,18.07,18.26,18.03,18.15,62446451.0,1134430671.0,13449124024.0,0.004643161211731272
