date,open,high,low,close,volume,amount,outstanding_share,turnover
2019-12-10,4.03,4.07,3.98,4.04,1619472912.0,9048900573.0,2973992297.0000005,0.5445450930164261
2019-12-11,4.02,4.06,4.0,4.06,463386264.0,2586905784.0,2973992297.0000005,0.15581286624966667
2019-12-12,4.03,4.04,4.01,4.03,224711848.0,1255128504.0,2973992297.0000005,0.07555898790547538
2019-12-13,4.04,4.04,4.02,4.03,157036724.0,878386009.0,2973992297.0000005,0.052803339187667026
2019-12-16,4.03,4.03,4.01,4.02,143874990.0,801426854.0,2973992297.0000005,0.04837772785932672
2019-12-17,4.02,4.42,4.01,4.21,456119850.0,2651899251.0,2973992297.0000005,0.15336954653853965
2019-12-18,4.16,4.21,4.11,4.12,220064205.0,1268629909.0,2973992297.0000005,0.0739962256196792
2019-12-19,4.13,4.2,4.11,4.14,141028076.0,811746305.0,2973992297.0000005,0.047420457726895036
2019-12-20,4.14,4.21,4.12,4.14,176243052.0,1017976197.0,2973992297.0000005,0.05926143526927904
2019-12-23,4.15,4.24,4.14,4.19,170998638.0,994892791.0,2973992297.0000005,0.05749800971996263
2019-12-24,4.2,4.2,4.14,4.18,131189734.0,758582939.0,2973992297.0000005,0.04411233147185249
2019-12-25,4.16,4.18,4.09,4.1,156835820.0,898134028.0,2973992297.0000005,0.05273578554934635
2019-12-26,4.09,4.1,4.06,4.1,118575693.0,670892421.0,2973992297.0000005,0.03987088101055696
2019-12-27,4.09,4.15,4.09,4.14,130905932.0,749825057.0,2973992297.0000005,0.04401690351789098
2019-12-30,4.11,4.26,4.08,4.19,178952754.0,1039987974.0,2973992297.0000005,0.06017256809323873
2019-12-31,4.18,4.24,4.17,4.22,122443080.0,715889070.0,2973992297.0000005,0.04117128350450464
2020-01-02,4.25,4.34,4.25,4.27,151823798.0,905022463.0,2973992297.0000005,0.051050501426365996
2020-01-03,4.27,4.33,4.21,4.31,136428136.0,808288531.0,2973992297.0000005,0.04587373549609432
2020-01-06,4.28,4.3,4.23,4.26,88407694.0,523720072.0,2973992297.0000005,0.029726941152194916
2020-01-07,4.24,4.28,4.24,4.27,53421082.0,315750308.0,2973992297.0000005,0.017962750627796932
2020-01-08,4.24,4.24,4.19,4.21,92108345.0,539743079.0,2973992297.0000005,0.0309712789414128
2020-01-09,4.21,4.24,4.18,4.23,61659192.0,360115912.0,2973992297.0000005,0.020732801514717573
2020-01-10,4.21,4.27,4.19,4.25,69474844.0,407778105.0,2973992297.0000005,0.023360801596588664
2020-01-13,4.23,4.24,4.15,4.17,173463656.0,1007044510.0,2973992297.0000005,0.05832686795287956
2020-01-14,4.17,4.17,4.14,4.15,107426682.0,619921387.0,2973992297.0000005,0.03612204446809298
2020-01-15,4.14,4.15,4.11,4.11,66690964.0,382018233.0,2973992297.0000005,0.02242472654259198
2020-01-16,4.12,4.13,4.06,4.06,81947017.0,464438544.0,2973992297.0000005,0.027554549177098958
2020-01-17,4.08,4.11,4.08,4.09,57003597.0,323989585.0,2973992297.0000005,0.019167365382049606
2020-01-20,4.09,4.13,4.09,4.12,51514468.0,294220504.0,2973992297.0000005,0.01732165481799161
2020-01-21,4.11,4.13,4.08,4.08,43568345.0,247628118.0,2973992297.0000005,0.014649784077769585
2020-01-22,4.07,4.13,4.03,4.11,67394500.0,382449595.0,2973992297.0000005,0.022661289361100182
2020-01-23,4.09,4.1,4.01,4.09,64874834.0,365265665.0,2973992297.0000005,0.021814055828403508
2020-02-03,3.88,4.01,3.75,3.96,176961451.0,953108932.0,2973992297.0000005,0.059502995746999396
2020-02-04,3.91,4.0,3.91,3.99,96911067.0,531487857.0,2973992297.0000005,0.03258618628493374
2020-02-05,3.97,3.99,3.93,3.96,85526603.0,470326376.0,2973992297.0000005,0.028758179059937217
2020-02-06,3.97,3.98,3.94,3.98,75845643.0,417002587.0,2973992297.0000005,0.02550297224256731
2020-02-07,3.96,3.96,3.93,3.96,84106442.0,460296388.0,2973992297.0000005,0.028280652268279895
2020-02-10,3.94,3.97,3.92,3.97,86279516.0,472076521.0,2973992297.0000005,0.02901134481317723
2020-02-11,3.96,3.98,3.94,3.97,45118758.0,248425927.0,2973992297.0000005,0.015171107889389397
2020-02-12,3.96,3.96,3.93,3.96,34954140.0,191802003.0,2973992297.0000005,0.011753271868007127
2020-02-13,3.96,3.97,3.93,3.96,47636304.0,261156710.0,2973992297.0000005,0.01601762857558605
2020-02-14,3.95,3.96,3.94,3.96,32497450.0,178394552.0,2973992297.0000005,0.010927213911341209
2020-02-17,3.96,4.01,3.95,4.01,72127754.0,398249470.0,2973992297.0000005,0.02425283820430823
2020-02-18,3.99,3.99,3.96,3.98,59786603.0,329300927.0,2973992297.0000005,0.020103146554989206
2020-02-19,3.96,3.98,3.96,3.96,38443822.0,211473228.0,2973992297.0000005,0.012926671679270994
2020-02-20,3.96,4.02,3.95,4.01,92325644.0,510405830.0,2973992297.0000005,0.031044345371416402
2020-02-21,3.98,4.01,3.97,3.98,67659740.0,374241562.0,2973992297.0000005,0.022750475873206336
2020-02-24,3.96,3.98,3.96,3.96,54982652.0,302330908.0,2973992297.0000005,0.01848782596224727
2020-02-25,3.95,3.96,3.93,3.96,81734852.0,448032114.0,2973992297.0000005,0.027483209046119457
2020-02-26,3.95,4.01,3.95,3.98,72411642.0,400447837.0,2973992297.0000005,0.02434829507562776
2020-02-27,3.97,4.0,3.96,3.98,53460459.0,294545236.0,2973992297.0000005,0.01797599107903809
2020-02-28,3.96,3.98,3.94,3.96,60596071.0,332798073.0,2973992297.0000005,0.020375328833610623
2020-03-02,3.96,3.98,3.95,3.98,63661948.0,350909656.0,2973992297.0000005,0.021406224913298754
2020-03-03,3.98,4.01,3.96,3.98,62227280.0,343972867.0,2973992297.0000005,0.02092382016684154
2020-03-04,3.96,3.97,3.95,3.96,44454221.0,244199481.0,2973992297.0000005,0.014947658420246403
2020-03-05,3.96,4.11,3.96,4.05,160000595.0,897360467.0,2973992297.0000005,0.05379993591826038
2020-03-06,4.01,4.01,3.96,3.97,68697890.0,379372129.0,2973992297.0000005,0.023099552096788767
2020-03-09,3.95,3.96,3.94,3.96,66929367.0,367007260.0,2973992297.0000005,0.02250488915775426
2020-03-10,3.93,3.96,3.91,3.96,55281095.0,302374020.0,2973992297.0000005,0.01858817692828745
2020-03-11,3.96,3.97,3.94,3.97,40526422.0,222386772.0,2973992297.0000005,0.013626942491034971
2020-03-12,3.96,3.99,3.95,3.97,39689935.0,218318654.0,2973992297.0000005,0.013345675118270152
2020-03-13,3.93,4.0,3.87,4.0,98940727.0,540599297.0,2973992297.0000005,0.03326865610909818
2020-03-16,3.98,3.98,3.91,3.92,66094422.0,361554997.0,2973992297.0000005,0.0222241402799437
2020-03-17,3.91,3.93,3.85,3.87,43085720.0,232226967.0,2973992297.0000005,0.01448750221830181
2020-03-18,3.88,3.89,3.82,3.82,30672237.0,164211731.0,2973992297.0000005,0.010313489053398175
2020-03-19,3.79,3.8,3.72,3.77,40825651.0,212867629.0,2973992297.0000005,0.013727557748277514
2020-03-20,3.77,3.79,3.75,3.79,23225842.0,121675198.0,2973992297.0000005,0.0078096510281579915
2020-03-23,3.71,3.73,3.66,3.66,30755312.0,157597331.0,2973992297.0000005,0.010341422884996797
2020-03-24,3.7,3.72,3.64,3.7,33714143.0,172372473.0,2973992297.0000005,0.011336324923910856
2020-03-25,3.75,3.79,3.7,3.72,56404876.0,292631505.0,2973992297.0000005,0.018966046434248714
2020-03-26,3.72,3.85,3.71,3.8,64845855.0,341744379.0,2973992297.0000005,0.02180431168749594
2020-03-27,3.82,3.85,3.78,3.82,40941872.0,216636931.0,2973992297.0000005,0.013766636867654265
2020-03-30,3.78,3.8,3.73,3.79,29334189.0,153081476.0,2973992297.0000005,0.009863572622427675
2020-03-31,3.79,3.81,3.76,3.8,15823551.0,83171554.0,2973992297.0000005,0.005320642900104995
2020-04-01,3.79,3.8,3.76,3.79,14910314.0,78229233.0,2973992297.0000005,0.005013568466549393
2020-04-02,3.77,3.8,3.75,3.8,19979418.0,104644100.0,2973992297.0000005,0.006718046317791117
2020-04-03,3.78,3.8,3.77,3.79,11272065.0,59132880.0,2973992297.0000005,0.0037902132468098986
2020-04-07,3.81,3.82,3.8,3.81,19474050.0,102978259.0,2973992297.0000005,0.0065481171621205436
2020-04-08,3.8,3.81,3.78,3.8,12121542.0,63810406.0,2973992297.0000005,0.0040758484856290795
2020-04-09,3.8,3.81,3.76,3.79,20937071.0,109970798.0,2973992297.0000005,0.007040055558018817
2020-04-10,3.79,3.79,3.77,3.78,14799846.0,77614762.0,2973992297.0000005,0.004976423783924817
2020-04-13,3.77,3.78,3.75,3.78,18045077.0,94210529.0,2973992297.0000005,0.006067627350011256
2020-04-14,3.77,3.79,3.76,3.79,15074546.0,78964163.0,2973992297.0000005,0.005068791205413131
2020-04-15,3.8,3.8,3.77,3.78,11363683.0,59619948.0,2973992297.0000005,0.003821019648054589
2020-04-16,3.78,3.78,3.75,3.78,26907935.0,140494682.0,2973992297.0000005,0.009047748720513917
2020-04-17,3.78,3.79,3.75,3.79,29661326.0,155335223.0,2973992297.0000005,0.009973571898595941
2020-04-20,3.78,3.78,3.75,3.77,16013588.0,83657790.0,2973992297.0000005,0.005384542527616371
2020-04-21,3.75,3.77,3.73,3.74,12924296.0,67207218.0,2973992297.0000005,0.004345773192834869
2020-04-22,3.73,3.73,3.7,3.71,18207989.0,93863222.0,2973992297.0000005,0.006122406241054227
2020-04-23,3.72,3.72,3.67,3.67,17854457.0,91361072.0,2973992297.0000005,0.006003531689712375
2020-04-24,3.67,3.67,3.64,3.65,22364386.0,113307980.0,2973992297.0000005,0.007519987870365353
2020-04-27,3.65,3.7,3.65,3.65,29051636.0,147881151.0,2973992297.0000005,0.009768564642654149
2020-04-28,3.65,3.65,3.56,3.62,27169484.0,136145301.0,2973992297.0000005,0.00913569413996367
2020-04-29,3.62,3.7,3.62,3.7,37886300.0,193285013.0,2973992297.0000005,0.012739205827203256
2020-04-30,3.71,3.77,3.7,3.76,40750390.0,211775397.0,2973992297.0000005,0.01370225136127849
2020-05-06,3.72,3.72,3.68,3.72,46024693.0,236244277.0,2973992297.0000005,0.015475727037500123
2020-05-07,3.7,3.71,3.69,3.71,22213204.0,113986758.0,2973992297.0000005,0.007469153172456921
2020-05-08,3.7,3.73,3.7,3.72,20602461.0,106317531.0,2973992297.0000005,0.006927543497937983
2020-05-11,3.72,3.74,3.71,3.73,22600855.0,116929484.0,2973992297.0000005,0.007599500181220542
2020-05-12,3.73,3.76,3.71,3.72,20128500.0,104168119.0,2973992297.0000005,0.006768174894166512
2020-05-13,3.71,3.72,3.68,3.71,28773969.0,147567971.0,2973992297.0000005,0.009675199572314157
2020-05-14,3.7,3.7,3.65,3.67,39790161.0,202541903.0,2973992297.0000005,0.013379375945303598
2020-05-15,3.66,3.67,3.63,3.66,32817453.0,166114866.0,2973992297.0000005,0.01103481439178724
2020-05-18,3.66,3.66,3.62,3.65,28567615.0,144273255.0,2973992297.0000005,0.009605813380491077
2020-05-19,3.65,3.67,3.65,3.67,19166739.0,97292686.0,2973992297.0000005,0.0064447843457208515
2020-05-20,3.67,3.68,3.65,3.67,14492528.0,73737402.0,2973992297.0000005,0.0048730886137866814
2020-05-21,3.67,3.68,3.65,3.68,19383968.0,98695718.0,2973992297.0000005,0.006517827238340018
2020-05-22,3.67,3.67,3.64,3.66,19981645.0,101242602.0,2973992297.0000005,0.006718795142864486
2020-05-25,3.65,3.67,3.63,3.67,20654426.0,104580665.0,2973992297.0000005,0.006945016643397176
2020-05-26,3.67,3.68,3.65,3.67,18572282.0,94354696.0,2973992297.0000005,0.006244899160880374
2020-05-27,3.67,3.67,3.63,3.66,23841008.0,120774299.0,2973992297.0000005,0.008016499580059268
2020-05-28,3.66,3.68,3.64,3.67,38624237.0,196491233.0,2973992297.0000005,0.012987335925167662
2020-05-29,3.65,3.67,3.63,3.66,37978282.0,192245388.0,2973992297.0000005,0.012770134622847006
2020-06-01,3.67,3.68,3.66,3.67,50729922.0,258220485.0,2973992297.0000005,0.017057852520725607
2020-06-02,3.67,3.67,3.65,3.67,34983074.0,177759120.0,2973992297.0000005,0.01176300087773899
2020-06-03,3.67,3.71,3.67,3.7,45786621.0,234742226.0,2973992297.0000005,0.015395675720541381
2020-06-04,3.71,3.72,3.67,3.7,35675986.0,182850717.0,2973992297.0000005,0.011995991393786718
2020-06-05,3.69,3.71,3.68,3.71,20551668.0,105379418.0,2973992297.0000005,0.006910464435543895
2020-06-08,3.71,3.76,3.7,3.76,51271285.0,266134489.0,2973992297.0000005,0.017239884935720796
2020-06-09,3.76,3.8,3.74,3.76,40739747.0,213076254.0,2973992297.0000005,0.013698672670099384
2020-06-10,3.66,3.67,3.54,3.64,412024653.0,1962215396.0,3879123200.0,0.10621592348497723
2020-06-11,3.58,3.62,3.56,3.57,166235385.0,793245710.0,3879123200.0,0.0428538554795063
2020-06-12,3.55,3.57,3.53,3.53,174041537.0,821642609.0,3879123200.0,0.04486620507438382
2020-06-15,3.53,3.53,3.48,3.5,116282008.0,541808186.0,3879123200.0,0.02997636373085547
2020-06-16,3.51,3.51,3.49,3.51,66496298.0,310154929.0,3879123200.0,0.017142094894021413
2020-06-17,3.5,3.51,3.45,3.48,71443647.0,330839620.0,3879123200.0,0.018417473051642187
2020-06-18,3.47,3.48,3.44,3.47,84095589.0,386716159.0,3879123200.0,0.0216790198877932
2020-06-19,3.46,3.47,3.44,3.47,89210045.0,410241594.0,3879123200.0,0.022997476594710888
2020-06-22,3.46,3.48,3.44,3.46,87084732.0,401136553.0,3879123200.0,0.0224495917015474
2020-06-23,3.45,3.45,3.42,3.42,74522088.0,340100042.0,3879123200.0,0.019211065015929372
2020-06-24,3.42,3.45,3.42,3.44,64497470.0,295474646.0,3879123200.0,0.016626816596080268
2020-06-29,3.45,3.47,3.41,3.42,68241650.0,311968091.0,3879123200.0,0.017592029559669566
2020-06-30,3.42,3.43,3.4,3.43,61311401.0,278769538.0,3879123200.0,0.015805479186636814
2020-07-01,3.42,3.46,3.41,3.45,74707769.0,341970746.0,3879123200.0,0.01925893176066179
2020-07-02,3.44,3.51,3.44,3.51,161922457.0,749827763.0,3879123200.0,0.041742024847264456
2020-07-03,3.51,3.6,3.5,3.58,178948019.0,846892146.0,3879123200.0,0.04613104811932758
2020-07-06,3.62,3.94,3.62,3.94,353926904.0,1785950174.0,3879123200.0,0.09123889233525762
2020-07-07,4.12,4.13,3.84,3.9,355993381.0,1882912837.0,3879123200.0,0.09177160988338808
2020-07-08,3.84,3.95,3.83,3.9,226411234.0,1169506890.0,3879123200.0,0.058366600473014105
2020-07-09,3.89,3.91,3.84,3.87,162173382.0,836557894.0,3879123200.0,0.041806710856721434
2020-07-10,3.84,3.84,3.66,3.68,217479104.0,1083071059.0,3879123200.0,0.05606398476851676
2020-07-13,3.65,3.72,3.63,3.71,162141617.0,795408592.0,3879123200.0,0.04179852215057258
2020-07-14,3.68,3.71,3.63,3.66,115348961.0,563547831.0,3879123200.0,0.02973583334501982
2020-07-15,3.67,3.68,3.6,3.61,112736990.0,544850098.0,3879123200.0,0.029062492781874005
2020-07-16,3.62,3.66,3.57,3.58,130615857.0,628571681.0,3879123200.0,0.03367148973252512
2020-07-17,3.59,3.6,3.51,3.54,107774429.0,509528570.0,3879123200.0,0.027783193119517317
2020-07-20,3.55,3.62,3.54,3.61,94355381.0,450894512.0,3879123200.0,0.024323893863438004
2020-07-21,3.63,3.63,3.57,3.58,71695905.0,342411223.0,3879123200.0,0.018482502695454477
2020-07-22,3.59,3.63,3.56,3.6,93067116.0,445531178.0,3879123200.0,0.023991791753352924
2020-07-23,3.57,3.58,3.49,3.54,99144523.0,467356166.0,3879123200.0,0.025558487804666786
2020-07-24,3.53,3.55,3.45,3.47,107116513.0,498232170.0,3879123200.0,0.02761358881305961
2020-07-27,3.47,3.48,3.43,3.45,61245696.0,281437810.0,3879123200.0,0.01578854108062358
2020-07-28,3.45,3.48,3.45,3.46,54763854.0,252237701.0,3879123200.0,0.014117585644096068
2020-07-29,3.45,3.5,3.44,3.5,60365084.0,279483586.0,3879123200.0,0.015561527924660912
2020-07-30,3.49,3.51,3.47,3.48,41734841.0,193696875.0,3879123200.0,0.010758833594148285
2020-07-31,3.48,3.5,3.47,3.48,48282465.0,223949855.0,3879123200.0,0.012446746986535515
2020-08-03,3.49,3.51,3.48,3.51,65382307.0,304684593.0,3879123200.0,0.016854918915697237
2020-08-04,3.51,3.57,3.49,3.57,100684873.0,475345979.0,3879123200.0,0.025955574960857136
2020-08-05,3.54,3.54,3.5,3.51,68822399.0,321995388.0,3879123200.0,0.017741740968680756
2020-08-06,3.51,3.53,3.48,3.5,62465634.0,290929617.0,3879123200.0,0.016103029158754226
2020-08-07,3.49,3.51,3.46,3.48,53988610.0,250170229.0,3879123200.0,0.013917735327405945
2020-08-10,3.48,3.51,3.46,3.5,43666085.0,202925975.0,3879123200.0,0.01125668939826402
2020-08-11,3.49,3.54,3.48,3.49,69031105.0,323270296.0,3879123200.0,0.017795543333091354
2020-08-12,3.48,3.49,3.45,3.48,72981687.0,337312232.0,3879123200.0,0.01881396471243811
2020-08-13,3.5,3.51,3.48,3.48,54112631.0,251402452.0,3879123200.0,0.013949706727540903
2020-08-14,3.49,3.52,3.48,3.52,56802534.0,264568645.0,3879123200.0,0.014643137397646973
2020-08-17,3.53,3.66,3.52,3.63,216070917.0,1037958661.0,3879123200.0,0.05570096794038405
2020-08-18,3.6,3.63,3.57,3.59,99648275.0,475654629.0,3879123200.0,0.025688350140567848
2020-08-19,3.58,3.62,3.56,3.58,67153978.0,321028435.0,3879123200.0,0.017311638361988606
2020-08-20,3.57,3.57,3.53,3.53,59134603.0,279616177.0,3879123200.0,0.015244321964303685
2020-08-21,3.54,3.55,3.53,3.54,32958534.0,155360170.0,3879123200.0,0.00849638753417267
2020-08-24,3.54,3.54,3.51,3.52,52051469.0,244509098.0,3879123200.0,0.013418359334398042
2020-08-25,3.53,3.54,3.5,3.51,40652527.0,190604237.0,3879123200.0,0.01047982363643413
2020-08-26,3.51,3.52,3.45,3.48,58812362.0,272866959.0,3879123200.0,0.015161251387942512
2020-08-27,3.48,3.48,3.46,3.48,30847526.0,142673248.0,3879123200.0,0.00795219033002097
2020-08-28,3.48,3.51,3.46,3.51,54059183.0,251672557.0,3879123200.0,0.013935928356181107
2020-08-31,3.51,3.52,3.47,3.47,105896943.0,492843693.0,3879123200.0,0.027299195601727732
2020-09-01,3.46,3.49,3.45,3.48,46020587.0,212914649.0,3879123200.0,0.011863656972792203
2020-09-02,3.48,3.49,3.45,3.46,48181439.0,222093666.0,3879123200.0,0.012420703472372313
2020-09-03,3.46,3.47,3.45,3.47,38276704.0,176167497.0,3879123200.0,0.009867359716752486
2020-09-04,3.45,3.45,3.42,3.44,44152676.0,202018621.0,3879123200.0,0.01138212779630201
2020-09-07,3.44,3.45,3.42,3.43,37028731.0,169536205.0,3879123200.0,0.009545644489971342
2020-09-08,3.43,3.48,3.43,3.46,48477623.0,222954267.0,3879123200.0,0.01249705680912635
2020-09-09,3.45,3.46,3.44,3.45,48096783.0,220937796.0,3879123200.0,0.012398879984012881
2020-09-10,3.45,3.46,3.42,3.43,43395371.0,198622221.0,3879123200.0,0.01118690197826148
2020-09-11,3.42,3.44,3.42,3.44,31029052.0,141737858.0,3879123200.0,0.007998985956414068
2020-09-14,3.45,3.45,3.42,3.45,27784999.0,127265294.0,3879123200.0,0.007162700839199951
2020-09-15,3.45,3.45,3.43,3.44,22223121.0,101827246.0,3879123200.0,0.00572890311913785
2020-09-16,3.45,3.45,3.43,3.44,29585920.0,135479091.0,3879123200.0,0.007626960649251872
2020-09-17,3.44,3.44,3.42,3.43,23302835.0,106464415.0,3879123200.0,0.006007242822295512
2020-09-18,3.43,3.47,3.42,3.47,50756337.0,233148315.0,3879123200.0,0.013084486978913174
2020-09-21,3.47,3.48,3.45,3.45,29862817.0,137476096.0,3879123200.0,0.007698341986147797
2020-09-22,3.44,3.47,3.42,3.43,41097626.0,188188017.0,3879123200.0,0.010594565802911338
2020-09-23,3.44,3.44,3.42,3.42,37287516.0,169942171.0,3879123200.0,0.009612356730510647
2020-09-24,3.42,3.42,3.37,3.37,49991206.0,225506191.0,3879123200.0,0.012887243694657597
2020-09-25,3.37,3.39,3.36,3.37,22050706.0,99141074.0,3879123200.0,0.005684456219384834
2020-09-28,3.37,3.39,3.36,3.38,25696718.0,115355526.0,3879123200.0,0.006624362433242647
2020-09-29,3.38,3.41,3.37,3.4,31184184.0,140680155.0,3879123200.0,0.0080389774678979
2020-09-30,3.39,3.41,3.38,3.39,21426470.0,96834383.0,3879123200.0,0.00552353428733586
2020-10-09,3.39,3.41,3.39,3.39,24241292.0,109730025.0,3879123200.0,0.006249167853189092
2020-10-12,3.39,3.44,3.39,3.43,39397986.0,179431264.0,3879123200.0,0.010156415243527197
2020-10-13,3.43,3.48,3.41,3.45,65431652.0,300619050.0,3879123200.0,0.016867639573808844
2020-10-14,3.45,3.48,3.43,3.45,39830068.0,183087910.0,3879123200.0,0.010267801754788298
2020-10-15,3.45,3.48,3.44,3.47,42879773.0,197816930.0,3879123200.0,0.011053985859484947
2020-10-16,3.46,3.54,3.45,3.52,103886041.0,485227349.0,3879123200.0,0.026780804744742318
2020-10-19,3.53,3.58,3.49,3.51,119145608.0,562746325.0,3879123200.0,0.030714571787768947
2020-10-20,3.49,3.51,3.45,3.48,56803517.0,262939136.0,3879123200.0,0.014643390805427372
2020-10-21,3.49,3.51,3.45,3.51,60742262.0,281640664.0,3879123200.0,0.01565876072201058
2020-10-22,3.5,3.51,3.48,3.5,32152550.0,149575392.0,3879123200.0,0.008288612746303083
2020-10-23,3.49,3.54,3.48,3.51,45837350.0,214608689.0,3879123200.0,0.011816420267342889
2020-10-26,3.5,3.53,3.47,3.48,38362674.0,178300400.0,3879123200.0,0.009889521941453162
2020-10-27,3.46,3.48,3.44,3.45,37087493.0,170480396.0,3879123200.0,0.009560792758528525
2020-10-28,3.44,3.45,3.39,3.42,33969284.0,154432835.0,3879123200.0,0.008756948993009554
2020-10-29,3.39,3.41,3.38,3.39,23821285.0,107584827.0,3879123200.0,0.0061408941587624746
2020-10-30,3.45,3.55,3.44,3.45,110423507.0,513885273.0,3879123200.0,0.028466099504135367
2020-11-02,3.5,3.54,3.46,3.52,84925463.0,396084155.0,3879123200.0,0.02189295328387611
2020-11-03,3.54,3.57,3.49,3.51,61564446.0,289729131.0,3879123200.0,0.015870711711347553
2020-11-04,3.55,3.56,3.51,3.54,52494799.0,247214299.0,3879123200.0,0.01353264546998662
2020-11-05,3.56,3.57,3.51,3.54,62518343.0,295312979.0,3879123200.0,0.01611661702314585
2020-11-06,3.55,3.6,3.53,3.59,83384924.0,396186912.0,3879123200.0,0.021495817405335307
2020-11-09,3.59,3.6,3.54,3.57,69316226.0,329540957.0,3879123200.0,0.01786904473670751
2020-11-10,3.58,3.64,3.57,3.59,90780495.0,436105811.0,3879123200.0,0.023402323236343718
2020-11-11,3.59,3.65,3.57,3.63,82638728.0,398023027.0,3879123200.0,0.021303455378782504
2020-11-12,3.63,3.63,3.59,3.61,43809706.0,210477357.0,3879123200.0,0.011293713486594083
2020-11-13,3.6,3.65,3.5,3.52,84965708.0,401125377.0,3879123200.0,0.021903328051039988
2020-11-16,3.52,3.57,3.5,3.54,66584976.0,313827722.0,3879123200.0,0.017164955214621695
2020-11-17,3.54,3.55,3.5,3.54,54467268.0,256020214.0,3879123200.0,0.014041128675675987
2020-11-18,3.53,3.63,3.51,3.6,96623129.0,461686948.0,3879123200.0,0.02490849710573771
2020-11-19,3.6,3.62,3.57,3.6,42583034.0,204081672.0,3879123200.0,0.01097748944916212
2020-11-20,3.58,3.6,3.55,3.57,39434937.0,187406159.0,3879123200.0,0.010165940849726041
2020-11-23,3.56,3.65,3.54,3.63,85027032.0,408295662.0,3879123200.0,0.02191913677812553
2020-11-24,3.63,3.69,3.61,3.68,105246399.0,512927578.0,3879123200.0,0.027131491724727896
2020-11-25,3.72,3.89,3.72,3.75,165937222.0,839405706.0,3879123200.0,0.04277699197591868
2020-11-26,3.75,3.81,3.74,3.78,100482066.0,506084562.0,3879123200.0,0.025903293300919134
2020-11-27,3.8,3.89,3.8,3.89,161787209.0,828379220.0,3879123200.0,0.041707159236396514
2020-11-30,3.96,4.18,3.81,3.93,385752185.0,2061697266.0,3879123200.0,0.09944313833600335
2020-12-01,3.84,4.0,3.84,3.95,257749162.0,1345835330.0,3879123200.0,0.06644521163957876
2020-12-02,3.92,3.94,3.8,3.83,152064434.0,779891935.0,3879123200.0,0.039200722988122674
2020-12-03,3.84,3.86,3.78,3.84,88380832.0,449828367.0,3879123200.0,0.022783713597959457
2020-12-04,3.8,3.84,3.67,3.75,85034416.0,425581371.0,3879123200.0,0.021921040301065974
2020-12-07,3.75,3.78,3.64,3.69,122518018.0,602044887.0,3879123200.0,0.03158394608348608
2020-12-08,3.66,3.68,3.6,3.64,99095299.0,478482674.0,3879123200.0,0.025545798339171078
2020-12-09,3.63,3.67,3.61,3.66,70449745.0,341922444.0,3879123200.0,0.01816125484233138
2020-12-10,3.65,3.69,3.61,3.64,61017245.0,296636446.0,11274461418.000002,0.005411987565329215
2020-12-11,3.63,3.72,3.63,3.69,98422882.0,482071150.0,11274461418.000002,0.00872971917247107
2020-12-14,3.7,3.71,3.6,3.64,86827012.0,421476380.0,11274461418.000002,0.007701211506332194
2020-12-15,3.63,3.63,3.57,3.6,40163330.0,192593718.0,11274461418.000002,0.0035623280359874296
2020-12-16,3.59,3.64,3.58,3.61,41736554.0,200751319.0,11274461418.000002,0.003701866763530397
2020-12-17,3.61,3.66,3.58,3.66,35450859.0,171213338.0,11274461418.000002,0.003144350553490891
2020-12-18,3.63,3.66,3.62,3.63,35742528.0,173109797.0,11274461418.000002,0.0031702204366885344
2020-12-21,3.61,3.67,3.6,3.63,38319189.0,185750070.0,11274461418.000002,0.0033987600453199754
2020-12-22,3.63,3.66,3.58,3.58,35660241.0,172003439.0,11274461418.000002,0.003162921906235574
2020-12-23,3.59,3.61,3.53,3.54,48987232.0,232164963.0,11274461418.000002,0.0043449731374121765
2020-12-24,3.55,3.58,3.54,3.54,25859440.0,122494606.0,11274461418.000002,0.0022936297390414285
2020-12-25,3.54,3.55,3.51,3.54,28669564.0,135067933.0,11274461418.000002,0.002542876589583979
2020-12-28,3.54,3.6,3.51,3.57,46323716.0,219734569.0,11274461418.000002,0.004108729834849836
2020-12-29,3.57,3.6,3.54,3.55,36026744.0,171047635.0,11274461418.000002,0.0031954292683535434
2020-12-30,3.54,3.57,3.53,3.57,34141832.0,161390389.0,11274461418.000002,0.0030282450517318356
2020-12-31,3.55,3.63,3.55,3.59,71064288.0,339382377.0,11274461418.000002,0.006303120421037924
2021-01-04,3.57,3.57,3.45,3.51,158871521.0,740772066.0,11274461418.000002,0.014091273641360558
2021-01-05,3.49,3.54,3.47,3.51,72824740.0,339063002.0,11274461418.000002,0.006459265529414399
2021-01-06,3.49,3.54,3.49,3.54,54894796.0,257656741.0,11274461418.000002,0.00486895062786404
2021-01-07,3.54,3.57,3.49,3.54,54545492.0,256383655.0,11274461418.000002,0.004837968748814605
2021-01-08,3.52,3.6,3.51,3.6,56781028.0,269858374.0,11274461418.000002,0.005036251923249075
2021-01-11,3.59,3.71,3.58,3.66,153633999.0,747687508.0,11274461418.000002,0.013626726218133923
2021-01-12,3.63,3.65,3.55,3.63,95889971.0,459907458.0,11274461418.000002,0.008505060015275666
2021-01-13,3.65,3.69,3.63,3.68,99127162.0,483118148.0,11274461418.000002,0.008792186014468118
2021-01-14,3.71,3.84,3.69,3.77,172564038.0,865695294.0,11274461418.000002,0.01530574557863106
2021-01-15,3.89,4.14,3.89,4.08,729194917.0,3989542548.0,11274461418.000002,0.06467669629307697
2021-01-18,3.98,4.02,3.9,3.96,484255287.0,2550760555.0,11274461418.000002,0.042951522830782185
2021-01-19,3.95,4.23,3.92,4.02,401409630.0,2173196334.0,11274461418.000002,0.03560344171821263
2021-01-20,4.0,4.11,3.95,4.02,206746131.0,1104847692.0,11274461418.000002,0.01833756162134041
2021-01-21,4.09,4.24,4.02,4.2,376115800.0,2087281610.0,11274461418.000002,0.03335997934229659
2021-01-22,4.14,4.16,4.0,4.05,228420112.0,1230217612.0,11274461418.000002,0.02025995775153576
2021-01-25,4.02,4.11,3.9,4.08,204116047.0,1090970598.0,11274461418.000002,0.01810428360454743
2021-01-26,4.07,4.22,4.04,4.11,224143275.0,1232273819.0,11274461418.000002,0.019880619276602323
2021-01-27,4.09,4.29,4.08,4.17,280536776.0,1571583574.0,11274461418.000002,0.024882499092339343
2021-01-28,4.07,4.11,4.01,4.02,170880323.0,921126327.0,11274461418.000002,0.015156406737725375
2021-01-29,4.06,4.14,4.02,4.11,221700792.0,1203032880.0,11274461418.000002,0.019663980724263095
2021-02-01,4.09,4.26,4.02,4.2,279492824.0,1546763008.0,11274461418.000002,0.02478990469148102
2021-02-02,4.14,4.17,4.09,4.11,172310036.0,946136091.0,11274461418.000002,0.015283216608901785
2021-02-03,4.11,4.26,4.11,4.18,222965527.0,1245803164.0,11274461418.000002,0.019776157701336325
2021-02-04,4.17,4.44,4.14,4.34,347310165.0,2001221598.0,11274461418.000002,0.030805033794830263
2021-02-05,4.38,4.71,4.38,4.58,418317068.0,2551345310.0,11274461418.000002,0.0371030643940246
2021-02-08,4.62,4.68,4.48,4.65,343377788.0,2105980188.0,11274461418.000002,0.030456247555363265
2021-02-09,4.66,4.71,4.52,4.71,230080532.0,1414415960.0,11274461418.000002,0.02040723041835682
2021-02-10,4.71,4.85,4.59,4.64,259971219.0,1627294103.0,11274461418.000002,0.023058415773630523
2021-02-18,4.69,4.8,4.62,4.68,232168111.0,1452525930.0,11274461418.000002,0.0205923903938628
2021-02-19,4.68,4.68,4.51,4.59,220606293.0,1352521279.0,11274461418.000002,0.019566903005033633
2021-02-22,4.59,4.61,4.49,4.52,197334609.0,1195637777.0,11274461418.000002,0.017502796957107825
2021-02-23,4.51,4.71,4.5,4.57,228350287.0,1402836154.0,11274461418.000002,0.02025376455104385
2021-02-24,4.57,4.59,4.41,4.45,191767321.0,1150333036.0,11274461418.000002,0.017009000597921063
2021-02-25,4.48,4.68,4.46,4.65,263878919.0,1613882903.0,11274461418.000002,0.023405013261095533
2021-02-26,4.53,4.61,4.47,4.59,241877618.0,1465970340.0,11274461418.000002,0.02145358514543634
2021-03-01,4.53,4.57,4.48,4.52,114803891.0,690180316.0,11274461418.000002,0.010182649684419717
2021-03-02,4.55,4.56,4.35,4.44,165473866.0,982943704.0,11274461418.000002,0.014676875450193675
2021-03-03,4.4,4.65,4.38,4.62,215944008.0,1314268607.0,11274461418.000002,0.019153376821640384
2021-03-04,4.57,4.64,4.51,4.59,165299280.0,1006635991.0,11274461418.000002,0.014661390364607124
2021-03-05,4.52,4.65,4.46,4.62,190841681.0,1158877267.0,11274461418.000002,0.016926900002098174
2021-03-08,4.65,4.83,4.56,4.57,254232859.0,1585831292.0,11274461418.000002,0.022549446006716555
2021-03-09,4.62,4.65,4.41,4.43,238751598.0,1430353176.0,11274461418.000002,0.021176319572908928
2021-03-10,4.39,4.43,4.29,4.31,170938570.0,989026908.0,11274461418.000002,0.015161573015549254
2021-03-11,4.35,4.47,4.34,4.43,148763127.0,876074256.0,11274461418.000002,0.013194699195342083
2021-03-12,4.44,4.47,4.35,4.46,151844945.0,893867417.0,11274461418.000002,0.013468044225826627
2021-03-15,4.47,4.54,4.43,4.47,106478019.0,635866078.0,11274461418.000002,0.009444177868222138
2021-03-16,4.48,4.62,4.46,4.61,169522922.0,1030610590.0,11274461418.000002,0.015036010654074507
2021-03-17,4.59,4.59,4.47,4.51,134238973.0,808841573.0,11274461418.000002,0.011906464355422213
2021-03-18,4.5,4.58,4.44,4.46,147932362.0,883358686.0,11274461418.000002,0.013121013635633338
2021-03-19,4.46,4.48,4.34,4.38,114417301.0,669315295.0,11274461418.000002,0.010148360685090419
2021-03-22,4.38,4.46,4.35,4.44,102426857.0,602468945.0,11274461418.000002,0.00908485587049618
2021-03-23,4.44,4.47,4.38,4.41,64498621.0,379518533.0,11274461418.000002,0.0057207718052967125
2021-03-24,4.39,4.4,4.28,4.33,90782401.0,522933762.0,11274461418.000002,0.008052038818906532
2021-03-25,4.32,4.35,4.24,4.26,78834717.0,450059168.0,11274461418.000002,0.006992326646675832
2021-03-26,4.27,4.33,4.26,4.31,65230722.0,372934278.0,11274461418.000002,0.005785706259622945
2021-03-29,4.32,4.39,4.28,4.39,86711967.0,500475016.0,11274461418.000002,0.007691007471235996
2021-03-30,4.39,4.42,4.32,4.41,108355705.0,629312918.0,11274461418.000002,0.009610721167310663
2021-03-31,4.4,4.44,4.32,4.41,109682121.0,641256354.0,11274461418.000002,0.009728369004384488
2021-04-01,4.39,4.4,4.29,4.32,90518062.0,523558425.0,11274461418.000002,0.008028592998285958
2021-04-02,4.32,4.32,4.23,4.26,115448154.0,656120237.0,11274461418.000002,0.010239793256614785
2021-04-06,4.28,4.33,4.24,4.32,76912341.0,440328450.0,11274461418.000002,0.006821819521880419
2021-04-07,4.3,4.32,4.26,4.3,73268956.0,418309591.0,11274461418.000002,0.006498665726331194
2021-04-08,4.28,4.31,4.24,4.24,83693690.0,475508679.0,11274461418.000002,0.007423298275373103
2021-04-09,4.24,4.26,4.17,4.19,84529587.0,472306931.0,11274461418.000002,0.007497439023122301
2021-04-12,4.2,4.2,4.14,4.2,89874251.0,500152033.0,11274461418.000002,0.007971489516697726
2021-04-13,4.2,4.26,4.17,4.24,104250819.0,586591354.0,11274461418.000002,0.009246634063917285
2021-04-14,4.23,4.26,4.18,4.23,73464732.0,413628880.0,11274461418.000002,0.006516030280853278
2021-04-15,4.26,4.26,4.11,4.13,109948598.0,606494709.0,11274461418.000002,0.009752004457123238
2021-04-16,4.14,4.14,4.07,4.12,83988562.0,458536138.0,11274461418.000002,0.007449452251963881
2021-04-19,4.11,4.12,4.06,4.09,137883547.0,749459559.0,11274461418.000002,0.012229723610554466
2021-04-20,4.08,4.16,4.07,4.12,92456788.0,506490229.0,11274461418.000002,0.008200550303218038
2021-04-21,4.09,4.24,4.08,4.21,121966424.0,679349491.0,11274461418.000002,0.010817937946488256
2021-04-22,4.22,4.23,4.11,4.14,89020983.0,491919640.0,11274461418.000002,0.007895808030162349
2021-04-23,4.12,4.17,4.11,4.14,58901206.0,324822831.0,11274461418.000002,0.005224303300729073
2021-04-26,4.14,4.17,4.08,4.08,69364290.0,379725805.0,11274461418.000002,0.00615233734262977
2021-04-27,4.07,4.11,4.05,4.08,43375653.0,235209177.0,11274461418.000002,0.0038472483422356232
2021-04-28,4.08,4.08,4.02,4.05,71816093.0,386425825.0,11274461418.000002,0.006369802541994914
2021-04-29,4.04,4.13,4.03,4.1,115771885.0,630230963.0,11274461418.000002,0.010268506912016822
2021-04-30,4.08,4.08,3.73,3.82,481397945.0,2463332941.0,11274461418.000002,0.04269808793096177
2021-05-06,3.84,3.88,3.83,3.84,177748181.0,912468071.0,11274461418.000002,0.0157655584963216
2021-05-07,3.84,3.93,3.81,3.87,126712981.0,655813025.0,11274461418.000002,0.011238938721959621
2021-05-10,3.87,4.02,3.87,4.02,221599400.0,1171850524.0,11274461418.000002,0.01965498765610304
2021-05-11,3.99,4.01,3.93,3.99,75878170.0,401663873.0,11274461418.000002,0.006730092656919143
2021-05-12,3.99,4.04,3.95,4.01,101160878.0,538125367.0,11274461418.000002,0.008972568555558117
2021-05-13,3.97,4.06,3.96,4.02,111539357.0,598652141.0,11274461418.000002,0.009893098469601768
2021-05-14,4.05,4.05,3.99,4.05,83183089.0,445341455.0,11274461418.000002,0.0073780099923173095
2021-05-17,4.05,4.05,3.98,4.03,114277083.0,612216099.0,11274461418.000002,0.01013592390475995
2021-05-18,4.02,4.03,3.89,3.96,131361929.0,689590715.0,11274461418.000002,0.011651281966363104
2021-05-19,3.93,3.93,3.87,3.89,102762553.0,532641223.0,11274461418.000002,0.009114630773930951
2021-05-20,3.9,3.96,3.85,3.96,106824929.0,557127521.0,11274461418.000002,0.009474947408968993
2021-05-21,3.94,3.96,3.86,3.87,121474712.0,630763666.0,11274461418.000002,0.010774325042796469
2021-05-24,3.88,3.9,3.82,3.84,102383860.0,524646852.0,11274461418.000002,0.009081042207172861
2021-05-25,3.84,3.97,3.83,3.96,169096228.0,878126472.0,11274461418.000002,0.014998164589044849
2021-05-26,3.98,4.17,3.96,4.09,278065292.0,1512600305.0,11274461418.000002,0.024663288266352196
2021-05-27,4.05,4.06,3.98,4.01,163891308.0,874562883.0,11274461418.000002,0.014536508833880331
2021-05-28,4.02,4.26,4.02,4.18,335779644.0,1860504215.0,11274461418.000002,0.02978232232574038
2021-05-31,4.26,4.26,4.11,4.2,188610514.0,1049319097.0,11274461418.000002,0.01672900434063111
2021-06-01,4.18,4.2,4.11,4.16,141342559.0,781041185.0,11274461418.000002,0.012536524252443894
2021-06-02,4.14,4.17,4.08,4.11,125914839.0,689809136.0,11274461418.000002,0.011168146692929681
2021-06-03,4.12,4.16,4.07,4.09,109898250.0,601007246.0,11274461418.000002,0.009747538789262633
2021-06-04,4.08,4.16,4.05,4.15,171309603.0,937165953.0,11274461418.000002,0.015194482170695914
2021-06-07,4.11,4.12,4.06,4.08,148830958.0,810925177.0,11274461418.000002,0.013200715535944546
2021-06-08,4.08,4.08,4.0,4.07,163854031.0,883214071.0,11274461418.000002,0.014533202511864764
2021-06-09,4.06,4.06,3.99,4.02,144849866.0,773392276.0,11274461418.000002,0.012847608469238542
2021-06-10,4.0,4.06,3.99,4.04,120968078.0,648451716.0,11274461418.000002,0.010729388616902888
2021-06-11,4.02,4.04,3.95,3.96,184487930.0,979709829.0,11274461418.000002,0.01636334749484882
2021-06-15,3.96,3.98,3.89,3.93,162152434.0,849248804.0,11274461418.000002,0.014382277608500126
2021-06-16,3.94,4.04,3.91,3.99,143173360.0,760846237.0,11274461418.000002,0.01269890903803348
2021-06-17,3.99,4.0,3.9,3.92,128434431.0,674288636.0,11274461418.000002,0.011391624507663909
2021-06-18,3.9,3.9,3.86,3.87,109407586.0,565037814.0,11274461418.000002,0.009704018839013244
2021-06-21,3.86,3.87,3.76,3.8,238379478.0,1206831619.0,11274461418.000002,0.02114331400517459
2021-06-22,3.8,3.84,3.74,3.75,217799562.0,1096629897.0,11274461418.000002,0.019317957100130453
2021-06-23,3.75,3.78,3.7,3.75,196626091.0,978828287.0,11274461418.000002,0.017439954221323672
2021-06-24,3.75,3.77,3.73,3.76,85341603.0,426531417.0,11274461418.000002,0.007569461620911636
2021-06-25,3.77,3.82,3.75,3.82,147308603.0,745109032.0,11274461418.000002,0.013065688686895284
2021-06-28,3.81,3.82,3.74,3.75,126674045.0,635517675.0,11274461418.000002,0.011235485253225598
2021-06-29,3.75,3.78,3.71,3.76,162672937.0,810465697.0,11274461418.000002,0.014428444159672938
2021-06-30,3.76,3.78,3.75,3.77,108327131.0,543076017.0,11274461418.000002,0.009608186766868759
2021-07-01,3.78,3.81,3.75,3.78,119932119.0,604469083.0,11274461418.000002,0.010637503163434923
2021-07-02,3.78,3.78,3.74,3.75,94608476.0,472813652.0,11274461418.000002,0.008391396492692311
2021-07-05,3.75,3.75,3.69,3.71,124686250.0,615652173.0,11274461418.000002,0.011059175722658895
2021-07-06,3.7,3.72,3.67,3.72,140256385.0,690270888.0,11274461418.000002,0.012440184927687689
2021-07-07,3.69,3.72,3.64,3.65,233790686.0,1139970479.0,11274461418.000002,0.02073630635932165
2021-07-08,3.66,3.66,3.58,3.6,127088147.0,611194552.0,11274461418.000002,0.011272214457809942
2021-07-09,3.58,3.61,3.55,3.57,119601850.0,569378415.0,11274461418.000002,0.010608209613370286
2021-07-12,3.6,3.61,3.54,3.56,155871081.0,740365846.0,11274461418.000002,0.01382514651663514
2021-07-13,3.56,3.59,3.53,3.58,123503042.0,586949488.0,11274461418.000002,0.01095422986705368
2021-07-14,3.59,3.6,3.55,3.59,131334531.0,626668782.0,11274461418.000002,0.0116488518724558
2021-07-15,3.58,3.78,3.57,3.75,306820496.0,1516427278.0,11274461418.000002,0.027213760784187194
2021-07-16,3.71,3.79,3.69,3.78,184851897.0,924581423.0,11274461418.000002,0.016395629923827548
2021-07-19,3.76,3.84,3.72,3.84,183151204.0,924323226.0,11274461418.000002,0.016244785201676583
2021-07-20,3.82,3.82,3.74,3.75,109771629.0,550500940.0,11274461418.000002,0.009736308008890467
2021-07-21,3.75,3.78,3.72,3.73,89255692.0,444183718.0,11274461418.000002,0.007916625787330357
2021-07-22,3.75,3.84,3.73,3.76,132310970.0,639691824.0,11274461418.000002,0.0117354581380501
2021-07-23,3.75,3.82,3.7,3.8,127557254.0,615229206.0,11274461418.000002,0.01131382238767975
2021-07-26,3.78,3.86,3.71,3.8,180248357.0,874982570.0,11274461418.000002,0.015987314188882523
2021-07-27,3.77,3.84,3.75,3.78,163489238.0,790959184.0,11274461418.000002,0.014500846819962923
2021-07-28,3.76,3.88,3.75,3.86,206554888.0,1012140503.0,11274461418.000002,0.018320599125935113
2021-07-29,3.86,3.86,3.75,3.77,149945594.0,723315432.0,11274461418.000002,0.013299579327186978
2021-07-30,3.76,3.76,3.65,3.68,124749750.0,587283436.0,11274461418.000002,0.011064807920743196
2021-08-02,3.69,3.82,3.63,3.79,158369256.0,757782694.0,11274461418.000002,0.014046724728434382
2021-08-03,3.77,3.83,3.74,3.78,115880361.0,559698284.0,11274461418.000002,0.010278128302873401
2021-08-04,3.81,3.84,3.78,3.82,87457271.0,425780417.0,11274461418.000002,0.0077571129792836
2021-08-05,3.81,3.86,3.8,3.82,68724218.0,335971317.0,11274461418.000002,0.006095565495508265
2021-08-06,3.81,3.85,3.76,3.84,86185433.0,418893820.0,11274461418.000002,0.007644305994289224
2021-08-09,3.84,3.95,3.82,3.92,142525955.0,712525980.0,11274461418.000002,0.01264148678290328
2021-08-10,3.93,3.98,3.87,3.96,136162888.0,683696464.0,11274461418.000002,0.012077107983412142
2021-08-11,3.97,4.18,3.97,4.16,294859309.0,1551829701.0,11274461418.000002,0.026152850949425276
2021-08-12,4.13,4.18,4.11,4.13,119214381.0,630684178.0,11274461418.000002,0.010573842650228135
2021-08-13,4.11,4.22,4.1,4.18,124812551.0,663979850.0,11274461418.000002,0.011070378120300556
2021-08-16,4.22,4.23,4.1,4.13,131589409.0,698224766.0,11274461418.000002,0.01167145853990983
2021-08-17,4.12,4.18,4.03,4.05,124036807.0,646910517.0,11274461418.000002,0.0110015727050138
2021-08-18,4.07,4.18,4.05,4.17,188231843.0,993194223.0,11274461418.000002,0.016695417725185742
2021-08-19,4.15,4.15,3.98,4.04,147238573.0,757920151.0,11274461418.000002,0.013059477303716644
2021-08-20,4.04,4.06,3.94,4.05,119196005.0,609151479.0,11274461418.000002,0.010572212771928968
2021-08-23,4.04,4.07,4.0,4.03,79691206.0,409903399.0,11274461418.000002,0.007068293823132935
2021-08-24,4.0,4.06,3.97,3.98,110509669.0,565105681.0,11274461418.000002,0.009801769228955641
2021-08-25,3.98,4.01,3.93,3.96,93828531.0,474640521.0,11274461418.000002,0.008322218465371662
2021-08-26,3.95,3.97,3.89,3.91,76889556.0,385214033.0,11274461418.000002,0.006819798582772532
2021-08-27,3.9,3.96,3.89,3.92,73416341.0,367395240.0,11274461418.000002,0.006511738191128908
2021-08-30,3.95,3.98,3.86,3.91,116976397.0,584573332.0,11274461418.000002,0.010375342347905313
2021-08-31,3.91,4.07,3.91,4.03,171674708.0,877050597.0,11274461418.000002,0.015226865535759996
2021-09-01,4.02,4.21,4.0,4.19,305309779.0,1615264777.0,11274461418.000002,0.027079766179567935
2021-09-02,4.18,4.23,4.13,4.19,171365778.0,913357018.0,11274461418.000002,0.015199464670339783
2021-09-03,4.2,4.25,4.1,4.18,168605001.0,900553842.0,11274461418.000002,0.01495459470292898
2021-09-06,4.15,4.22,4.13,4.19,122703830.0,654861155.0,11274461418.000002,0.010883342933268618
2021-09-07,4.2,4.29,4.15,4.24,175243925.0,943740725.0,11274461418.000002,0.015543440923946756
2021-09-08,4.21,4.28,4.21,4.24,117176177.0,634778433.0,11274461418.000002,0.010393062041342823
2021-09-09,4.22,4.31,4.2,4.28,149320345.0,812867889.0,11274461418.000002,0.013244122221360018
2021-09-10,4.27,4.39,4.22,4.25,239032053.0,1310834327.0,11274461418.000002,0.021201194818794487
2021-09-13,4.22,4.36,4.18,4.31,250653837.0,1375113039.0,11274461418.000002,0.02223200095392796
2021-09-14,4.3,4.33,4.14,4.15,222583515.0,1194317440.0,11274461418.000002,0.019742274752445294
2021-09-15,4.14,4.18,4.09,4.11,137537561.0,725305590.0,11274461418.000002,0.012199036024941939
2021-09-16,4.13,4.3,4.07,4.1,208950034.0,1106956418.0,11274461418.000002,0.01853303907416857
2021-09-17,4.1,4.11,4.0,4.04,138963300.0,716840197.0,11274461418.000002,0.01232549341808391
2021-09-22,3.93,3.98,3.85,3.97,150402841.0,753000396.0,11274461418.000002,0.013340135322107496
2021-09-23,3.99,4.04,3.89,3.92,159328816.0,801869999.0,11274461418.000002,0.014131833893690653
2021-09-24,3.93,3.94,3.86,3.88,147189729.0,732747369.0,11274461418.000002,0.013055145034689405
2021-09-27,3.87,3.93,3.82,3.84,156113708.0,768724020.0,11274461418.000002,0.013846666568991046
2021-09-28,3.86,4.0,3.83,3.97,220838549.0,1107393800.0,11274461418.000002,0.019587503190833126
2021-09-29,3.93,4.03,3.92,3.99,217570948.0,1103693039.0,11274461418.000002,0.019297679945282507
2021-09-30,3.99,4.0,3.88,3.98,146523421.0,739770840.0,11274461418.000002,0.01299604615845074
2021-10-08,3.97,4.06,3.97,4.01,136187001.0,695998882.0,11274461418.000002,0.012079246710851619
2021-10-11,4.04,4.12,4.03,4.09,182011374.0,947401534.0,11274461418.000002,0.01614368680258319
2021-10-12,4.05,4.12,3.99,4.03,141374395.0,730291688.0,11274461418.000002,0.012539347979344868
2021-10-13,4.03,4.05,3.97,4.03,78080906.0,399920526.0,11274461418.000002,0.0069254666014769975
2021-10-14,4.02,4.04,3.98,4.02,64747726.0,331251689.0,11274461418.000002,0.005742866430553249
2021-10-15,4.0,4.06,3.99,4.0,103320299.0,529307373.0,11274461418.000002,0.009164100631454215
2021-10-18,4.01,4.11,3.99,4.1,178255142.0,926895809.0,11274461418.000002,0.015810523925817915
2021-10-19,4.07,4.18,4.05,4.16,123064084.0,650549548.0,11274461418.000002,0.010915296033877472
2021-10-20,4.17,4.22,4.13,4.15,121067625.0,642108700.0,11274461418.000002,0.010738218040882383
2021-10-21,4.15,4.27,4.15,4.27,189458677.0,1025144518.0,11274461418.000002,0.01680423303391892
2021-10-22,4.27,4.29,4.21,4.25,125411540.0,679075441.0,11274461418.000002,0.011123506068305566
2021-10-25,4.23,4.23,4.13,4.19,135951374.0,723118937.0,11274461418.000002,0.012058347530725478
2021-10-26,4.17,4.23,4.15,4.17,92958735.0,496111708.0,11274461418.000002,0.008245071010805776
2021-10-27,4.17,4.2,4.12,4.18,122936637.0,652211763.0,11274461418.000002,0.010903991990582194
2021-10-28,4.18,4.22,4.15,4.18,118947666.0,635275782.0,11274461418.000002,0.010550186087833573
2021-10-29,4.22,4.29,4.18,4.24,269032402.0,1454011730.0,11274461418.000002,0.0238621067584197
2021-11-01,4.23,4.5,4.22,4.4,332899315.0,1866011430.0,11274461418.000002,0.029526848570213444
2021-11-02,4.43,4.44,4.29,4.33,197479334.0,1097315469.0,11274461418.000002,0.01751563349045823
2021-11-03,4.35,4.36,4.2,4.24,125114226.0,679363422.0,11274461418.000002,0.011097135496002632
2021-11-04,4.26,4.27,4.17,4.18,88397145.0,473327813.0,11274461418.000002,0.007840476074437703
2021-11-05,4.17,4.25,4.15,4.22,117016704.0,629587661.0,11274461418.000002,0.010378917418900336
2021-11-08,4.24,4.35,4.22,4.23,118076999.0,643667027.0,11274461418.000002,0.010472961379023097
2021-11-09,4.26,4.28,4.12,4.18,105914789.0,565208878.0,11274461418.000002,0.00939422160165487
2021-11-10,4.17,4.23,4.15,4.21,103806527.0,556033752.0,11274461418.000002,0.009207227126101997
2021-11-11,4.21,4.25,4.17,4.24,132222509.0,711619974.0,11274461418.000002,0.011727611998290487
2021-11-12,4.24,4.25,4.17,4.18,98848358.0,529016828.0,11274461418.000002,0.00876745720573275
2021-11-15,4.17,4.21,4.15,4.19,63882853.0,341551381.0,11274461418.000002,0.005666155626556954
2021-11-16,4.19,4.21,4.11,4.14,73968756.0,392059777.0,11274461418.000002,0.00656073521010119
2021-11-17,4.13,4.14,4.06,4.07,112189023.0,585101861.0,11274461418.000002,0.009950721266462183
2021-11-18,4.04,4.1,4.04,4.05,77714438.0,402678297.0,11274461418.000002,0.006892962343720176
2021-11-19,4.05,4.1,4.02,4.09,118058076.0,611748465.0,11274461418.000002,0.010471282983993975
2021-11-22,4.08,4.09,4.02,4.03,162773436.0,840645294.0,11274461418.000002,0.014437358022275682
2021-11-23,4.03,4.07,4.02,4.05,96433256.0,498372910.0,11274461418.000002,0.008553247239468266
2021-11-24,4.04,4.1,4.04,4.07,90744688.0,471662890.0,11274461418.000002,0.008048693825420653
2021-11-25,4.07,4.11,4.06,4.09,74744680.0,389945921.0,11274461418.000002,0.0066295565906738544
2021-11-26,4.07,4.09,4.04,4.04,66432276.0,343577796.0,11274461418.000002,0.005892279332646344
2021-11-29,4.0,4.04,3.98,3.99,85555037.0,437277802.0,11274461418.000002,0.007588392369981321
2021-11-30,4.0,4.02,3.95,3.98,100413286.0,511673600.0,11274461418.000002,0.008906260110987413
2021-12-01,4.0,4.09,3.98,4.07,94226652.0,487469150.0,11274461418.000002,0.008357530218655452
2021-12-02,4.07,4.15,4.04,4.13,132858867.0,697071796.0,11274461418.000002,0.011784054428346085
2021-12-03,4.13,4.14,4.05,4.11,102186312.0,533656544.0,11274461418.000002,0.009063520483280612
2021-12-06,4.13,4.23,4.12,4.15,132347128.0,705172197.0,11274461418.000002,0.011738665209204939
2021-12-07,4.18,4.25,4.15,4.21,197572002.0,1060098926.0,11274461418.000002,0.01752385277442793
2021-12-08,4.21,4.22,4.12,4.15,144618694.0,765161340.0,11274461418.000002,0.01282710442993863
2021-12-09,4.15,4.22,4.13,4.19,144085858.0,768332351.0,11274461418.000002,0.012779843990593004
2021-12-10,4.15,4.19,4.11,4.15,114703245.0,606771377.0,11274461418.000002,0.010173722783500148
2021-12-13,4.15,4.22,4.14,4.14,153102484.0,816181629.0,11274461418.000002,0.013579582946247656
2021-12-14,4.12,4.15,4.04,4.08,147794263.0,767484048.0,11274461418.000002,0.013108764802196424
2021-12-15,4.07,4.16,4.05,4.15,138458248.0,727566623.0,11274461418.000002,0.012280697309314255
2021-12-16,4.17,4.2,4.12,4.18,106289460.0,565361547.0,11274461418.000002,0.009427453432968943
2021-12-17,4.18,4.19,4.13,4.14,73194217.0,388083819.0,11274461418.000002,0.006492036673533986
2021-12-20,4.12,4.15,4.11,4.13,53582056.0,282461240.0,11274461418.000002,0.00475251579773511
2021-12-21,4.14,4.2,4.12,4.17,75388495.0,400362873.0,11274461418.000002,0.0066866604270462175
2021-12-22,4.17,4.18,4.11,4.12,99985316.0,527422892.0,11274461418.000002,0.008868300869819871
2021-12-23,4.13,4.16,4.12,4.15,71297934.0,376814272.0,11274461418.000002,0.00632384389432304
2021-12-24,4.15,4.17,4.12,4.14,74809230.0,395445996.0,11274461418.000002,0.0066352819195926215
2021-12-27,4.15,4.15,4.07,4.09,70262261.0,368891088.0,11274461418.000002,0.006231983807920463
2021-12-28,4.09,4.11,4.04,4.07,97343446.0,505118312.0,11274461418.000002,0.008633977481584032
2021-12-29,4.07,4.08,4.01,4.03,104196500.0,537399572.0,11274461418.000002,0.009241816184110338
2021-12-30,4.03,4.04,3.98,4.0,122403994.0,626073646.0,11274461418.000002,0.010856748669570903
2021-12-31,4.0,4.04,3.98,4.0,108318819.0,552760027.0,11274461418.000002,0.009607449525443928
2022-01-04,4.0,4.05,3.98,4.04,114587296.0,587428710.0,11274461418.000002,0.010163438567190278
2022-01-05,4.04,4.17,4.03,4.17,217698405.0,1143805315.0,11274461418.000002,0.019308984875538112
2022-01-06,4.19,4.21,4.12,4.14,122707590.0,650854289.0,11274461418.000002,0.010883676430352035
2022-01-07,4.15,4.33,4.15,4.33,287432511.0,1567801057.0,11274461418.000002,0.025494123430242596
2022-01-10,4.33,4.41,4.28,4.39,242682515.0,1346148022.0,11274461418.000002,0.021524976316168006
2022-01-11,4.41,4.49,4.33,4.41,231772865.0,1307988969.0,11274461418.000002,0.02055733364167338
2022-01-12,4.41,4.43,4.34,4.39,148058623.0,828270235.0,11274461418.000002,0.013132212485433685
2022-01-13,4.36,4.48,4.35,4.42,123475176.0,696964535.0,11274461418.000002,0.010951758263403015
2022-01-14,4.4,4.41,4.27,4.31,181702593.0,1000722833.0,11274461418.000002,0.01611629915287187
2022-01-17,4.32,4.36,4.24,4.33,156391958.0,856865514.0,11274461418.000002,0.013871346240124227
2022-01-18,4.33,4.44,4.31,4.41,180439540.0,1010697538.0,11274461418.000002,0.01600427136252585
2022-01-19,4.41,4.44,4.38,4.43,108242261.0,609802029.0,11274461418.000002,0.009600659134563014
2022-01-20,4.43,4.57,4.4,4.53,255633060.0,1473105455.0,11274461418.000002,0.022673638280572273
2022-01-21,4.51,4.54,4.45,4.5,174008756.0,997320946.0,11274461418.000002,0.01543388633377999
2022-01-24,4.5,4.58,4.44,4.49,134537841.0,772294313.0,11274461418.000002,0.011932972761360154
2022-01-25,4.47,4.56,4.44,4.46,146082417.0,840781351.0,11274461418.000002,0.012956930853191375
2022-01-26,4.45,4.51,4.43,4.48,84335595.0,481317978.0,11274461418.000002,0.007480232702322774
2022-01-27,4.48,4.48,4.4,4.43,97449116.0,552833850.0,11274461418.000002,0.008643349991372508
2022-01-28,4.44,4.51,4.36,4.4,113921317.0,646422017.0,11274461418.000002,0.01010436887194641
2022-02-07,4.47,4.62,4.47,4.54,166672671.0,964748950.0,11274461418.000002,0.01478320469782284
2022-02-08,4.54,4.65,4.54,4.62,184344631.0,1083644939.0,11274461418.000002,0.01635063744204122
2022-02-09,4.62,4.69,4.58,4.61,154563395.0,915459759.0,11274461418.000002,0.0137091599562561
2022-02-10,4.6,4.66,4.55,4.65,98675260.0,582190501.0,11274461418.000002,0.00875210409984304
2022-02-11,4.65,4.77,4.62,4.72,186772861.0,1126072959.0,11274461418.000002,0.016566011809824616
2022-02-14,4.72,4.74,4.55,4.58,171923345.0,1013032184.0,11274461418.000002,0.015248918651273171
2022-02-15,4.57,4.61,4.38,4.42,279434474.0,1587126257.0,11274461418.000002,0.02478472927796576
2022-02-16,4.44,4.49,4.39,4.47,154711450.0,879278126.0,11274461418.000002,0.013722291847395807
2022-02-17,4.48,4.55,4.44,4.48,104448208.0,600219968.0,11274461418.000002,0.009264141685140314
2022-02-18,4.46,4.55,4.45,4.54,100013013.0,575817400.0,11274461418.000002,0.008870757483840988
2022-02-21,4.51,4.52,4.4,4.47,138486916.0,786561627.0,11274461418.000002,0.012283240047183243
2022-02-22,4.44,4.51,4.43,4.47,91198993.0,519500804.0,11274461418.000002,0.008088988876612606
2022-02-23,4.47,4.5,4.4,4.42,135824894.0,767778460.0,11274461418.000002,0.012047129256493943
2022-02-24,4.41,4.43,4.33,4.35,136494486.0,762539057.0,11274461418.000002,0.012106519410504401
2022-02-25,4.38,4.4,4.3,4.34,127353465.0,705708149.0,11274461418.000002,0.01129574711184665
2022-02-28,4.33,4.37,4.28,4.37,126671668.0,701294422.0,11274461418.000002,0.011235274422755577
2022-03-01,4.33,4.47,4.31,4.44,161019999.0,900276152.0,11274461418.000002,0.014281835116569466
2022-03-02,4.4,4.51,4.4,4.44,125697413.0,715475937.0,11274461418.000002,0.011148861869296964
2022-03-03,4.47,4.57,4.45,4.55,144962859.0,838883785.0,11274461418.000002,0.012857630500075386
2022-03-04,4.52,4.57,4.44,4.54,139506795.0,805358938.0,11274461418.000002,0.012373699268443403
2022-03-07,4.51,4.6,4.47,4.5,132404978.0,763433623.0,11274461418.000002,0.011743796274703787
2022-03-08,4.47,4.55,4.37,4.39,147655903.0,841716735.0,11274461418.000002,0.013096492819094942
2022-03-09,4.41,4.44,4.14,4.29,172224806.0,946381996.0,11274461418.000002,0.015275657046024224
2022-03-10,4.34,4.36,4.19,4.24,186261998.0,1013015345.0,11274461418.000002,0.01652070028840822
2022-03-11,4.15,4.22,4.06,4.2,179950950.0,952106194.0,11274461418.000002,0.01596093536784854
2022-03-14,4.14,4.18,4.06,4.07,144886005.0,761120588.0,11274461418.000002,0.012850813855168756
2022-03-15,4.06,4.06,3.8,3.83,319894506.0,1593589038.0,11274461418.000002,0.028373373604284033
2022-03-16,3.89,3.99,3.77,3.97,223237809.0,1105856716.0,11274461418.000002,0.019800308034545615
2022-03-17,4.04,4.08,3.98,4.01,220806655.0,1134505994.0,11274461418.000002,0.019584674319562248
2022-03-18,4.02,4.13,4.0,4.03,293199291.0,1518174843.0,11274461418.000002,0.026005613938409413
2022-03-21,4.07,4.13,3.98,4.03,192156966.0,993261139.0,11274461418.000002,0.017043560563630638
2022-03-22,4.02,4.15,4.01,4.13,123029421.0,642522124.0,11274461418.000002,0.010912221563291705
2022-03-23,4.11,4.15,4.07,4.11,122569957.0,641925462.0,11274461418.000002,0.010871468929266416
2022-03-24,4.09,4.19,4.07,4.14,122569495.0,649851740.0,11274461418.000002,0.010871427951699252
2022-03-25,4.14,4.17,4.07,4.07,126228167.0,661855215.0,11274461418.000002,0.011195937643502253
2022-03-28,4.04,4.14,4.02,4.12,132173871.0,690455779.0,11274461418.000002,0.01172329800064601
2022-03-29,4.12,4.21,4.11,4.19,108334865.0,576229602.0,11274461418.000002,0.009608872741986617
2022-03-30,4.21,4.25,4.16,4.23,128854357.0,691911932.0,11274461418.000002,0.011428870277943416
2022-03-31,4.15,4.25,4.11,4.22,232830624.0,1248764266.0,11274461418.000002,0.0206511526686569
2022-04-01,4.21,4.44,4.2,4.42,289931254.0,1607497673.0,11274461418.000002,0.025715752021388483
2022-04-06,4.38,4.51,4.36,4.49,245379807.0,1397885689.0,11274461418.000002,0.021764215415934998
2022-04-07,4.45,4.53,4.44,4.47,206509676.0,1183549755.0,11274461418.000002,0.01831658900089909
2022-04-08,4.47,4.51,4.42,4.5,140484517.0,801123748.0,11274461418.000002,0.012460419331047816
2022-04-11,4.49,4.51,4.41,4.44,115588204.0,657944624.0,11274461418.000002,0.01025221513601174
2022-04-12,4.46,4.5,4.38,4.43,174309345.0,986305450.0,11274461418.000002,0.01546054738559042
2022-04-13,4.44,4.52,4.42,4.44,132751924.0,756973560.0,11274461418.000002,0.011774569008507825
2022-04-14,4.5,4.54,4.29,4.36,242191626.0,1353950278.0,11274461418.000002,0.021481436409311234
2022-04-15,4.33,4.52,4.29,4.46,250098338.0,1404096782.0,11274461418.000002,0.02218273039639045
2022-04-18,4.39,4.41,4.25,4.29,223397266.0,1232216247.0,11274461418.000002,0.01981445123785158
2022-04-19,4.31,4.44,4.29,4.39,191432733.0,1067093405.0,11274461418.000002,0.016979323969690662
2022-04-20,4.39,4.41,4.32,4.33,92759539.0,515516624.0,11274461418.000002,0.008227403115851434
2022-04-21,4.31,4.4,4.26,4.28,122461136.0,677525573.0,11274461418.000002,0.010861816938278512
2022-04-22,4.25,4.43,4.25,4.39,171363704.0,955735792.0,11274461418.000002,0.015199280714767706
2022-04-25,4.32,4.43,4.25,4.26,209054367.0,1157027931.0,11274461418.000002,0.01854229299736116
2022-04-26,4.26,4.29,4.17,4.18,160822831.0,866952636.0,11274461418.000002,0.01426434709716969
2022-04-27,4.16,4.24,4.13,4.17,155465540.0,828759955.0,11274461418.000002,0.0137891766387878
2022-04-28,4.17,4.3,4.14,4.29,154282346.0,834912523.0,11274461418.000002,0.013684232024927044
2022-04-29,4.29,4.29,4.14,4.24,201624790.0,1080973357.0,11274461418.000002,0.01788331899190326
2022-05-05,4.36,4.44,4.34,4.39,275354085.0,1540864230.0,11274461418.000002,0.024422814961288463
2022-05-06,4.35,4.38,4.28,4.29,112717448.0,621528316.0,11274461418.000002,0.009997590467607025
2022-05-09,4.25,4.27,4.16,4.18,104286386.0,558035333.0,11274461418.000002,0.009249788715716724
2022-05-10,4.15,4.29,4.07,4.25,141336672.0,753643496.0,11274461418.000002,0.012536002098898661
2022-05-11,4.23,4.26,4.16,4.19,138214907.0,740732939.0,11274461418.000002,0.012259113927990914
2022-05-12,4.18,4.19,4.07,4.11,147425899.0,774580603.0,11274461418.000002,0.01307609237676137
2022-05-13,4.11,4.18,4.11,4.14,119877342.0,634476361.0,11274461418.000002,0.010632644660844941
2022-05-16,4.15,4.15,4.07,4.11,114943587.0,600367646.0,11274461418.000002,0.01019504016542105
2022-05-17,4.13,4.16,4.06,4.12,150280098.0,789876863.0,11274461418.000002,0.013329248504950623
2022-05-18,4.13,4.14,4.07,4.11,142248636.0,741790525.0,11274461418.000002,0.012616889687776656
2022-05-19,4.05,4.07,3.93,4.05,165223196.0,845961896.0,11274461418.000002,0.014654642015645768
2022-05-20,4.05,4.15,4.03,4.14,156705465.0,821457149.0,11274461418.000002,0.013899153067286675
2022-05-23,4.12,4.13,4.07,4.09,109794542.0,574003861.0,11274461418.000002,0.009738340301090557
2022-05-24,4.1,4.14,4.08,4.1,128189681.0,672564749.0,11274461418.000002,0.011369916153630318
2022-05-25,4.1,4.17,4.09,4.15,100398386.0,530017250.0,11274461418.000002,0.00890493854009834
2022-05-26,4.15,4.22,4.12,4.2,97684904.0,520215412.0,11274461418.000002,0.008664263451559934
2022-05-27,4.22,4.23,4.15,4.17,89896135.0,479462506.0,11274461418.000002,0.007973430540680039
2022-05-30,4.18,4.2,4.08,4.1,108057242.0,568878221.0,11274461418.000002,0.009584248683266015
2022-05-31,4.09,4.14,4.07,4.11,129511959.0,678495182.0,11274461418.000002,0.011487196966520319
2022-06-01,4.1,4.1,4.04,4.05,149246256.0,772773027.0,11274461418.000002,0.013237550820984146
2022-06-02,4.03,4.04,3.99,4.01,121974928.0,624362626.0,11274461418.000002,0.010818692217551388
2022-06-06,4.0,4.01,3.93,3.96,271108629.0,1367385778.0,11274461418.000002,0.024046259856561066
2022-06-07,3.95,4.03,3.93,4.03,204560860.0,1042681357.0,11274461418.000002,0.01814373675299582
2022-06-08,4.04,4.04,4.0,4.04,142037945.0,729959115.0,11274461418.000002,0.012598202231925006
2022-06-09,4.04,4.12,4.03,4.11,171465191.0,895318360.0,11274461418.000002,0.01520828220905088
2022-06-10,4.09,4.13,4.07,4.12,130818674.0,684452479.0,11274461418.000002,0.011603097403051486
2022-06-13,4.09,4.1,3.98,4.02,212592769.0,1089145572.0,11274461418.000002,0.018856135217296458
2022-06-14,3.99,4.07,3.97,4.07,159989102.0,823465780.0,11274461418.000002,0.014190398642419654
2022-06-15,4.07,4.2,4.05,4.13,251176191.0,1329624942.0,11274461418.000002,0.022278331681457528
2022-06-16,4.14,4.16,4.07,4.08,140425753.0,736567535.0,11274461418.000002,0.012455207197374966
2022-06-17,4.07,4.1,4.04,4.07,101368237.0,526526659.0,11274461418.000002,0.008990960476228398
2022-06-20,4.07,4.07,4.01,4.03,188724058.0,971374804.0,11274461418.000002,0.01673907524298204
2022-06-21,4.04,4.13,4.02,4.13,209634675.0,1097590966.0,11274461418.000002,0.01859376401477699
2022-06-22,4.12,4.13,4.03,4.04,154674271.0,803146808.0,11274461418.000002,0.013718994217591457
2022-06-23,4.04,4.07,4.03,4.05,165980817.0,857128190.0,11274461418.000002,0.014721839992729661
2022-06-24,4.06,4.07,4.0,4.04,160766063.0,825745119.0,11274461418.000002,0.014259312000778356
2022-06-27,4.05,4.08,4.04,4.07,190457572.0,988709784.0,11274461418.000002,0.01689283105762631
2022-06-28,4.09,4.15,4.07,4.14,166162842.0,872647672.0,11274461418.000002,0.014737984888104388
2022-06-29,4.13,4.19,4.11,4.17,145528481.0,774578305.0,11274461418.000002,0.012907798927553168
2022-06-30,4.17,4.23,4.16,4.22,143056214.0,767597319.0,11274461418.000002,0.01268851865257232
2022-07-01,4.22,4.26,4.19,4.19,90434288.0,486614522.0,11274461418.000002,0.00802116257683219
2022-07-04,4.2,4.2,4.13,4.17,115008034.0,610206408.0,11274461418.000002,0.010200756358648437
2022-07-05,4.17,4.23,4.16,4.2,93577565.0,500736581.0,11274461418.000002,0.00829995877679804
2022-07-06,4.19,4.21,4.14,4.18,90991430.0,483869900.0,11274461418.000002,0.008070578861951628
2022-07-07,4.18,4.18,4.13,4.15,65972988.0,349630466.0,11274461418.000002,0.005851542309122831
2022-07-08,4.16,4.17,4.11,4.15,100418426.0,530351300.0,11274461418.000002,0.008906716008596126
2022-07-11,4.14,4.16,4.12,4.15,122323853.0,645887256.0,11274461418.000002,0.010849640480804383
2022-07-12,4.17,4.26,4.16,4.18,138586478.0,707804596.0,11274461418.000002,0.012292070801603232
2022-07-13,4.18,4.19,4.02,4.03,244316073.0,1211692821.0,11274461418.000002,0.021669866430155355
2022-07-14,3.98,3.98,3.84,3.88,360341968.0,1703080741.0,11274461418.000002,0.031960903021469714
2022-07-15,3.9,3.91,3.82,3.83,224824276.0,1059830501.0,11274461418.000002,0.01994102136365127
2022-07-18,3.85,3.9,3.84,3.9,143587253.0,678392565.0,11274461418.000002,0.012735619705146963
2022-07-19,3.9,3.95,3.89,3.93,104678446.0,499579640.0,11274461418.000002,0.009284562882345568
2022-07-20,3.95,3.96,3.93,3.95,80034462.0,384731763.0,11274461418.000002,0.007098739268575852
2022-07-21,3.95,3.95,3.88,3.88,93842271.0,445380301.0,11274461418.000002,0.00832343714886266
2022-07-22,3.89,3.91,3.83,3.89,91993882.0,434084858.0,11274461418.000002,0.00815949237744777
2022-07-25,3.88,3.94,3.86,3.94,89111178.0,423882606.0,11274461418.000002,0.00790380796884288
2022-07-26,3.93,3.95,3.91,3.95,70479858.0,337562443.0,11274461418.000002,0.006251283798574793
2022-07-27,3.94,3.95,3.9,3.92,58912135.0,280779984.0,11274461418.000002,0.005225272659671803
2022-07-28,3.93,3.94,3.9,3.9,75781578.0,360997344.0,11274461418.000002,0.00672152532971664
2022-07-29,3.9,3.91,3.85,3.86,124809048.0,587883161.0,11274461418.000002,0.011070067418097575
2022-08-01,3.86,3.86,3.82,3.84,100838485.0,470487636.0,11274461418.000002,0.008943973575448
2022-08-02,3.82,3.83,3.72,3.76,147147497.0,671894078.0,11274461418.000002,0.013051399223831197
2022-08-03,3.76,3.77,3.71,3.71,115437761.0,524134289.0,11274461418.000002,0.01023887143874565
2022-08-04,3.72,3.73,3.67,3.72,122266343.0,550043672.0,11274461418.000002,0.010844539571956694
2022-08-05,3.72,3.76,3.69,3.76,82066951.0,372115175.0,11274461418.000002,0.007279012979633577
2022-08-08,3.74,3.77,3.72,3.73,75791929.0,344390659.0,11274461418.000002,0.006722443422352398
2022-08-09,3.73,3.74,3.7,3.71,68292915.0,308513449.0,11274461418.000002,0.006057310630463323
2022-08-10,3.72,3.72,3.68,3.7,55831840.0,251323102.0,11274461418.000002,0.004952062713245252
2022-08-11,3.72,3.76,3.7,3.76,110306890.0,501477592.0,11274461418.000002,0.009783783536115693
2022-08-12,3.75,3.76,3.72,3.75,79463171.0,362031892.0,11274461418.000002,0.0070480680232879915
2022-08-15,3.72,3.75,3.71,3.72,99626968.0,451165020.0,11274461418.000002,0.00883651682384958
2022-08-16,3.72,3.73,3.71,3.72,65558685.0,296469769.0,11274461418.000002,0.005814795276635891
2022-08-17,3.72,3.74,3.69,3.73,97088717.0,439162941.0,11274461418.000002,0.008611384029838895
2022-08-18,3.72,3.72,3.69,3.71,88023965.0,396956078.0,11274461418.000002,0.00780737648890857
2022-08-19,3.7,3.73,3.69,3.72,89763062.0,406083251.0,11274461418.000002,0.007961627493504098
2022-08-22,3.7,3.72,3.69,3.71,92802340.0,418822194.0,11274461418.000002,0.008231199394752321
2022-08-23,3.72,3.72,3.62,3.62,281822149.0,1249805699.0,11274461418.000002,0.024996506578137987
2022-08-24,3.62,3.64,3.61,3.62,112325788.0,494863642.0,11274461418.000002,0.00996285177939131
2022-08-25,3.62,3.66,3.59,3.65,87072614.0,383807412.0,11274461418.000002,0.00772299542938575
2022-08-26,3.65,3.67,3.63,3.64,67572272.0,299734597.0,11274461418.000002,0.005993392455281183
2022-08-29,3.61,3.64,3.6,3.64,91393952.0,402226972.0,11274461418.000002,0.008106280966475874
2022-08-30,3.63,3.66,3.63,3.64,69536552.0,307914553.0,11274461418.000002,0.006167616298636039
2022-08-31,3.63,3.72,3.63,3.71,171337773.0,766953578.0,11274461418.000002,0.015196980737940556
2022-09-01,3.69,3.73,3.67,3.69,90324254.0,407128122.0,11274461418.000002,0.00801140299755647
2022-09-02,3.7,3.71,3.64,3.66,84965103.0,379118209.0,11274461418.000002,0.0075360675645535285
2022-09-05,3.65,3.7,3.63,3.7,108698108.0,484191949.0,11274461418.000002,0.009641090955037582
2022-09-06,3.7,3.73,3.67,3.69,94694719.0,425807122.0,11274461418.000002,0.008399045904651122
2022-09-07,3.68,3.68,3.64,3.66,100762940.0,448667441.0,11274461418.000002,0.008937273033648337
2022-09-08,3.67,3.69,3.66,3.67,101196763.0,452308082.0,11274461418.000002,0.008975751412695994
2022-09-09,3.67,3.75,3.67,3.74,199118816.0,902143439.0,11274461418.000002,0.017661049039744026
2022-09-13,3.74,3.83,3.72,3.78,176795045.0,813583720.0,11274461418.000002,0.01568101911438019
2022-09-14,3.75,3.77,3.72,3.72,97396822.0,443040578.0,11274461418.000002,0.008638711721032028
2022-09-15,3.75,3.81,3.75,3.78,128469045.0,591582526.0,11274461418.000002,0.011394694632144067
2022-09-16,3.77,3.78,3.71,3.72,124254858.0,563755884.0,11274461418.000002,0.01102091296366703
2022-09-19,3.72,3.76,3.69,3.75,95947401.0,435586424.0,11274461418.000002,0.008510153828440729
2022-09-20,3.76,3.76,3.7,3.71,82093737.0,370997227.0,11274461418.000002,0.007281388791568792
2022-09-21,3.72,3.78,3.69,3.76,92232438.0,419911794.0,11274461418.000002,0.008180651348254051
2022-09-22,3.74,3.76,3.72,3.75,61007350.0,277230937.0,11274461418.000002,0.005411109918084425
2022-09-23,3.75,3.81,3.74,3.78,101964580.0,469144374.0,11274461418.000002,0.009043853734530557
2022-09-26,3.77,3.79,3.71,3.72,102256624.0,465293812.0,11274461418.000002,0.00906975687874051
2022-09-27,3.7,3.73,3.67,3.72,85523049.0,384305062.0,11274461418.000002,0.007585555161283358
2022-09-28,3.72,3.77,3.68,3.74,110792116.0,504016252.0,11274461418.000002,0.009826821157338584
2022-09-29,3.75,3.76,3.67,3.7,89153286.0,402840094.0,11274461418.000002,0.007907542781393018
2022-09-30,3.69,3.72,3.67,3.67,105182675.0,471653364.0,11274461418.000002,0.009329285994280208
2022-10-10,3.49,3.52,3.43,3.49,261145922.0,1105954486.0,11274461418.000002,0.023162607269476575
2022-10-11,3.48,3.49,3.43,3.44,159049122.0,668818469.0,11274461418.000002,0.014107026145486073
2022-10-12,3.43,3.46,3.38,3.45,139252282.0,578258850.0,11274461418.000002,0.012351124975041355
2022-10-13,3.43,3.44,3.39,3.43,161832720.0,670639607.0,11274461418.000002,0.014353920245061942
2022-10-14,3.44,3.47,3.43,3.45,133521281.0,560515168.0,11274461418.000002,0.011842807922232936
2022-10-17,3.42,3.44,3.4,3.43,111396590.0,463640908.0,11274461418.000002,0.009880435603083633
2022-10-18,3.44,3.45,3.4,3.42,95208930.0,395957860.0,11274461418.000002,0.008444654380385408
2022-10-19,3.41,3.42,3.39,3.39,102040416.0,421697578.0,11274461418.000002,0.009050580086875773
2022-10-20,3.38,3.39,3.36,3.38,86173305.0,353460614.0,11274461418.000002,0.0076432302888031385
2022-10-21,3.38,3.39,3.36,3.37,66578125.0,273307012.0,11274461418.000002,0.005905215560337641
2022-10-24,3.37,3.38,3.27,3.27,176676008.0,710794745.0,11274461418.000002,0.01567046100472096
2022-10-25,3.26,3.29,3.25,3.26,114775277.0,455743853.0,11274461418.000002,0.010180111736136501
2022-10-26,3.26,3.26,3.22,3.25,153699499.0,606495072.0,11274461418.000002,0.013632535808283873
2022-10-27,3.26,3.27,3.24,3.26,107456388.0,426040979.0,11274461418.000002,0.009530955317159789
2022-10-28,3.26,3.27,3.24,3.26,128736723.0,509913420.0,11274461418.000002,0.011418436608818238
2022-10-31,3.25,3.25,3.17,3.19,156422469.0,609895328.0,11274461418.000002,0.013874052444781711
2022-11-01,3.19,3.23,3.16,3.23,165806257.0,645058139.0,11274461418.000002,0.014706357213239964
2022-11-02,3.21,3.28,3.21,3.27,114940926.0,453431398.0,11274461418.000002,0.010194804145277708
2022-11-03,3.26,3.27,3.23,3.24,87520572.0,345781652.0,11274461418.000002,0.007762727526857371
2022-11-04,3.24,3.35,3.23,3.33,161246328.0,648856206.0,11274461418.000002,0.014301909600982411
2022-11-07,3.32,3.38,3.3,3.37,122131994.0,497279824.0,11274461418.000002,0.010832623348642868
2022-11-08,3.37,3.38,3.34,3.35,75994125.0,310182406.0,11274461418.000002,0.00674037740540521
2022-11-09,3.36,3.4,3.35,3.35,88270715.0,362058516.0,11274461418.000002,0.007829262235007808
2022-11-10,3.32,3.37,3.3,3.37,77415126.0,314413941.0,11274461418.000002,0.006866414556743662
2022-11-11,3.41,3.53,3.4,3.5,226609031.0,954050744.0,11274461418.000002,0.020099322051713456
2022-11-14,3.53,3.61,3.51,3.53,215799153.0,933531044.0,11274461418.000002,0.01914052875780571
2022-11-15,3.53,3.57,3.49,3.56,132166203.0,568682910.0,11274461418.000002,0.011722617879466319
2022-11-16,3.54,3.54,3.48,3.49,136745629.0,582574477.0,11274461418.000002,0.012128794798275833
2022-11-17,3.49,3.51,3.47,3.51,94600625.0,402020387.0,11274461418.000002,0.008390700140138613
2022-11-18,3.51,3.51,3.46,3.48,89077680.0,377268931.0,11274461418.000002,0.007900836829135352
2022-11-21,3.45,3.46,3.41,3.44,76223592.0,318043378.0,11274461418.000002,0.006760730217969157
2022-11-22,3.44,3.6,3.42,3.55,200382794.0,861885516.0,11274461418.000002,0.01777315887392041
2022-11-23,3.59,3.68,3.58,3.63,229435238.0,1015407889.0,11274461418.000002,0.02034999540055191
2022-11-24,3.66,3.66,3.57,3.57,126085996.0,552534980.0,11274461418.000002,0.01118332763981968
2022-11-25,3.58,3.69,3.57,3.68,192991210.0,856373455.0,11274461418.000002,0.017117554696837577
2022-11-28,3.63,3.63,3.56,3.61,142445550.0,623445745.0,11274461418.000002,0.012634355178384094
2022-11-29,3.63,3.77,3.63,3.72,239444546.0,1081063095.0,11274461418.000002,0.021237781311462017
2022-11-30,3.69,3.74,3.66,3.67,122042400.0,547143533.0,11274461418.000002,0.010824676716278065
2022-12-01,3.72,3.75,3.62,3.63,169371497.0,755544680.0,11274461418.000002,0.015022579857304184
2022-12-02,3.63,3.64,3.58,3.6,111125837.0,486750615.0,11274461418.000002,0.00985642088610853
2022-12-05,3.63,3.76,3.63,3.73,190906113.0,859220057.0,11274461418.000002,0.01693261486488507
2022-12-06,3.72,3.76,3.69,3.72,119962923.0,543334921.0,11274461418.000002,0.010640235356030023
2022-12-07,3.74,3.75,3.65,3.67,121766200.0,546979882.0,11274461418.000002,0.010800178872012171
2022-12-08,3.67,3.73,3.67,3.7,151626497.0,682519199.0,11274461418.000002,0.013448668754848363
2022-12-09,3.69,3.83,3.69,3.82,217403705.0,999019565.0,11274461418.000002,0.019282846154664978
2022-12-12,3.79,3.79,3.69,3.71,152274312.0,691274673.0,11274461418.000002,0.013506127375352022
2022-12-13,3.71,3.78,3.71,3.76,102817988.0,469939866.0,11274461418.000002,0.00911954763851053
2022-12-14,3.75,3.82,3.73,3.79,88653552.0,407353795.0,11274461418.000002,0.00786321835812592
2022-12-15,3.76,3.78,3.71,3.73,72551462.0,328815295.0,11274461418.000002,0.0064350268549564155
2022-12-16,3.72,3.79,3.71,3.79,93907090.0,430229578.0,11274461418.000002,0.008329186337014257
2022-12-19,3.78,3.79,3.72,3.75,88595289.0,405379738.0,11274461418.000002,0.007858050661165515
2022-12-20,3.73,3.76,3.66,3.67,90696232.0,407604230.0,11274461418.000002,0.00804439597045415
2022-12-21,3.69,3.73,3.67,3.68,53949354.0,243006007.0,11274461418.000002,0.004785093673199174
2022-12-22,3.72,3.72,3.66,3.67,49600058.0,222707387.0,11274461418.000002,0.004399328372423367
2022-12-23,3.64,3.68,3.63,3.64,51526833.0,229036679.0,11274461418.000002,0.004570225671067172
2022-12-26,3.64,3.67,3.63,3.63,65416695.0,290225339.0,11274461418.000002,0.00580220132693526
2022-12-27,3.66,3.76,3.65,3.72,90657564.0,410848582.0,11274461418.000002,0.008040966272256925
2022-12-28,3.72,3.81,3.71,3.78,103002988.0,473257382.0,11274461418.000002,0.009135956404582908
2022-12-29,3.76,3.78,3.72,3.75,76669043.0,349222423.0,11274461418.000002,0.006800239954486489
2022-12-30,3.77,3.84,3.76,3.8,103847922.0,480593728.0,11274461418.000002,0.009210898698380732
2023-01-03,3.8,3.86,3.75,3.83,108619996.0,503219272.0,11274461418.000002,0.009634162730521659
2023-01-04,3.86,3.93,3.81,3.91,138367886.0,654005996.0,11274461418.000002,0.012272682558396242
2023-01-05,3.92,3.95,3.86,3.9,109062005.0,517994759.0,11274461418.000002,0.009673367175294012
2023-01-06,3.9,3.91,3.86,3.89,72795160.0,343534135.0,11274461418.000002,0.006456641900763475
2023-01-09,3.89,3.95,3.87,3.91,79447511.0,377914095.0,11274461418.000002,0.007046679043413973
2023-01-10,3.91,3.95,3.88,3.9,74516092.0,353796150.0,11274461418.000002,0.00660928174192276
2023-01-11,3.92,3.99,3.9,3.97,112289880.0,541172501.0,11274461418.000002,0.009959666882244679
2023-01-12,3.98,4.01,3.93,4.0,96905752.0,468509359.0,11274461418.000002,0.008595155760193315
2023-01-13,4.0,4.03,3.98,4.02,84712121.0,413071304.0,11274461418.000002,0.007513629064777734
2023-01-16,4.03,4.04,3.94,3.96,149510869.0,724487214.0,11274461418.000002,0.013261020944317713
2023-01-17,3.95,3.96,3.9,3.93,106699840.0,509697491.0,11274461418.000002,0.009463852510919114
2023-01-18,3.93,4.0,3.9,4.0,105004513.0,507122332.0,11274461418.000002,0.00931348373168028
2023-01-19,3.98,4.0,3.95,3.97,52801754.0,254955022.0,11274461418.000002,0.004683306105930744
2023-01-20,4.0,4.03,3.97,4.03,75051314.0,365925198.0,11274461418.000002,0.006656753810002704
2023-01-30,4.06,4.08,3.99,3.99,87277036.0,426612138.0,11274461418.000002,0.007741126849807628
2023-01-31,3.99,4.03,3.95,3.95,74021676.0,358664239.0,11274461418.000002,0.006565429004158217
2023-02-01,3.97,3.98,3.89,3.91,111874114.0,532482169.0,11274461418.000002,0.009922790087461717
2023-02-02,3.92,3.93,3.89,3.9,67882421.0,322524454.0,11274461418.000002,0.0060209014411654075
2023-02-03,3.9,3.9,3.84,3.85,80181352.0,376138590.0,11274461418.000002,0.00711176782883732
2023-02-06,3.82,3.86,3.8,3.82,85253777.0,396703113.0,11274461418.000002,0.007561671803132866
2023-02-07,3.84,3.88,3.82,3.84,72347668.0,338976598.0,11274461418.000002,0.006416951135643151
2023-02-08,3.86,3.87,3.79,3.81,78843901.0,367144968.0,11274461418.000002,0.006993141231041285
2023-02-09,3.81,3.82,3.72,3.75,218316806.0,1000839407.0,11274461418.000002,0.019363834590932293
2023-02-10,3.75,3.78,3.72,3.77,163983156.0,750081463.0,11274461418.000002,0.014544655387103119
2023-02-13,3.76,3.77,3.7,3.74,126804654.0,575567017.0,11274461418.000002,0.011247069753376665
2023-02-14,3.75,3.83,3.74,3.8,109122823.0,503878060.0,11274461418.000002,0.009678761490618281
2023-02-15,3.81,3.81,3.73,3.74,99079104.0,452043842.0,11274461418.000002,0.008787923460522679
2023-02-16,3.74,3.79,3.73,3.77,154055500.0,706909202.0,11274461418.000002,0.013664111684665128
2023-02-17,3.76,3.8,3.75,3.75,65777125.0,301776985.0,11274461418.000002,0.005834170038045891
2023-02-20,3.75,3.86,3.74,3.85,199191647.0,922027903.0,11274461418.000002,0.017667508860510606
2023-02-21,3.85,3.85,3.8,3.81,100778031.0,467724698.0,11274461418.000002,0.008938611545479678
2023-02-22,3.81,3.81,3.76,3.78,98188571.0,452461746.0,11274461418.000002,0.008708936716324127
2023-02-23,3.78,3.84,3.77,3.77,125586737.0,580034228.0,11274461418.000002,0.011139045347168173
2023-02-24,3.77,3.79,3.72,3.73,114600660.0,522053594.0,11274461418.000002,0.010164623900972933
2023-02-27,3.72,3.74,3.7,3.71,78174700.0,353945428.0,11274461418.000002,0.00693378575717966
2023-02-28,3.72,3.73,3.7,3.72,96011143.0,433443603.0,11274461418.000002,0.008515807490964974
2023-03-01,3.72,3.78,3.71,3.77,179957320.0,821468335.0,11274461418.000002,0.015961500361577625
2023-03-02,3.77,3.84,3.75,3.82,151536710.0,701220468.0,11274461418.000002,0.013440705004149225
2023-03-03,3.83,4.02,3.82,4.02,359099626.0,1725081750.0,11274461418.000002,0.03185071221465951
2023-03-06,3.99,4.02,3.89,3.9,230299587.0,1099964584.0,11274461418.000002,0.020426659727827007
2023-03-07,3.9,4.09,3.89,4.0,392218620.0,1919069847.0,11274461418.000002,0.034788235593570055
2023-03-08,3.96,4.0,3.91,3.98,140472768.0,676273731.0,11274461418.000002,0.012459377241358172
2023-03-09,3.96,4.0,3.95,3.96,160999824.0,778223768.0,11274461418.000002,0.014280045674107249
2023-03-10,3.93,4.0,3.86,3.87,159502715.0,759893455.0,11274461418.000002,0.014147258045102654
2023-03-13,3.86,3.95,3.85,3.95,130223441.0,618178454.0,11274461418.000002,0.011550302597345762
2023-03-14,3.91,3.94,3.86,3.89,133446808.0,632768538.0,11274461418.000002,0.011836202462580459
2023-03-15,3.91,4.0,3.87,3.97,181717661.0,872160376.0,11274461418.000002,0.016117635624694454
2023-03-16,3.93,4.07,3.92,4.02,273000062.0,1333456958.0,11274461418.000002,0.024214022460012818
2023-03-17,4.03,4.11,4.0,4.07,237021730.0,1172107949.0,11274461418.000002,0.021022887144000333
2023-03-20,4.07,4.13,3.96,3.98,228069271.0,1122857367.0,11274461418.000002,0.020228839546683874
2023-03-21,3.99,4.04,3.9,3.95,150928089.0,724187650.0,11274461418.000002,0.013386722735956058
2023-03-22,3.96,4.0,3.93,3.96,148801781.0,719019729.0,11274461418.000002,0.01319812765179485
2023-03-23,3.95,4.0,3.94,3.97,117875043.0,568948080.0,11274461418.000002,0.010455048683018163
2023-03-24,3.97,3.97,3.83,3.85,238414751.0,1123875912.0,11274461418.000002,0.021146442580340378
2023-03-27,3.85,3.85,3.76,3.79,128807517.0,594154100.0,11274461418.000002,0.011424715755765955
2023-03-28,3.79,3.85,3.76,3.81,149316391.0,692000490.0,11274461418.000002,0.013243771517246233
2023-03-29,3.85,3.85,3.79,3.82,94632181.0,439762073.0,11274461418.000002,0.008393499032150396
2023-03-30,3.92,3.99,3.88,3.96,334922067.0,1601739947.0,11274461418.000002,0.029706258647999566
2023-03-31,3.9,3.91,3.81,3.82,338791480.0,1582984194.0,11274461418.000002,0.030049460230455856
2023-04-03,3.82,3.83,3.79,3.81,161889736.0,750551309.0,11274461418.000002,0.014358977338069416
2023-04-04,3.81,3.92,3.8,3.88,252886701.0,1187683447.0,11274461418.000002,0.022430047132562723
2023-04-06,3.86,3.9,3.85,3.86,118391351.0,556312207.0,11274461418.000002,0.01050084315433328
2023-04-07,3.86,3.88,3.84,3.86,89742844.0,420530891.0,11274461418.000002,0.007959834237112468
2023-04-10,3.84,3.87,3.83,3.85,117452801.0,550294630.0,11274461418.000002,0.010417597492726634
2023-04-11,3.85,3.86,3.82,3.85,127418601.0,594627689.0,11274461418.000002,0.011301524416640651
2023-04-12,3.85,3.96,3.83,3.94,272725040.0,1300543614.0,11274461418.000002,0.02418962909967359
2023-04-13,3.94,4.06,3.93,4.05,254466152.0,1244094211.0,11274461418.000002,0.022570138170302085
2023-04-14,4.05,4.08,4.0,4.07,152631315.0,752005369.0,11274461418.000002,0.013537792125158167
2023-04-17,4.05,4.24,4.03,4.23,316501927.0,1600440344.0,11274461418.000002,0.02807246530594318
2023-04-18,4.22,4.38,4.2,4.37,404156684.0,2128118630.0,11274461418.000002,0.03584709450996499
2023-04-19,4.37,4.52,4.36,4.45,305554802.0,1650777084.0,11274461418.000002,0.027101498747618486
2023-04-20,4.42,4.45,4.3,4.4,175592710.0,932425782.0,11274461418.000002,0.015574376769755156
2023-04-21,4.38,4.5,4.32,4.38,221003007.0,1192283078.0,11274461418.000002,0.01960208996299924
2023-04-24,4.41,4.49,4.32,4.41,233691552.0,1256421707.0,11274461418.000002,0.020727513566803708
2023-04-25,4.4,4.64,4.4,4.59,277814160.0,1537781275.0,11274461418.000002,0.024641013854237125
2023-04-26,4.55,4.55,4.38,4.49,206042071.0,1115393146.0,11274461418.000002,0.018275114292470584
2023-04-27,4.44,4.55,4.4,4.52,132995502.0,724272410.0,11274461418.000002,0.011796173410790945
2023-04-28,4.44,4.56,4.38,4.53,163141876.0,895037238.0,11274461418.000002,0.014470037188609232
2023-05-04,4.5,4.77,4.43,4.72,243428065.0,1381709983.0,11274461418.000002,0.021591103643439684
2023-05-05,4.72,4.85,4.64,4.7,188471978.0,1086129240.0,11274461418.000002,0.016716716747027852
2023-05-08,4.7,5.06,4.7,4.87,336145648.0,2004598757.0,11274461418.000002,0.02981478542853797
2023-05-09,4.91,4.92,4.58,4.6,384133202.0,2201271687.0,11274461418.000002,0.03407109109324906
2023-05-10,4.6,4.63,4.41,4.43,366385297.0,1996917254.0,11274461418.000002,0.03249692232881788
2023-05-11,4.45,4.52,4.4,4.42,134545912.0,727575307.0,11274461418.000002,0.011933688627041073
2023-05-12,4.43,4.44,4.28,4.31,210616470.0,1111685541.0,11274461418.000002,0.018680845336323096
2023-05-15,4.32,4.48,4.26,4.46,229131661.0,1218444429.0,11274461418.000002,0.0203230693249954
2023-05-16,4.44,4.5,4.38,4.39,137616225.0,741746300.0,11274461418.000002,0.012206013209667979
2023-05-17,4.38,4.4,4.29,4.34,120865410.0,637286273.0,11274461418.000002,0.010720282372604948
2023-05-18,4.34,4.55,4.34,4.46,246429874.0,1338711934.0,11274461418.000002,0.02185735219303404
2023-05-19,4.45,4.51,4.38,4.44,113218236.0,612078289.0,11274461418.000002,0.010042008376492719
2023-05-22,4.42,4.51,4.41,4.5,109151777.0,592488666.0,11274461418.000002,0.009681329595552658
2023-05-23,4.47,4.56,4.37,4.38,154714905.0,833188139.0,11274461418.000002,0.013722598292189213
2023-05-24,4.37,4.38,4.25,4.26,153706577.0,804479435.0,11274461418.000002,0.0136331635988042
2023-05-25,4.25,4.27,4.18,4.23,106044702.0,544356952.0,11274461418.000002,0.009405744369367088
2023-05-26,4.23,4.32,4.2,4.27,64151100.0,331616285.0,11274461418.000002,0.005689948071273801
2023-05-29,4.27,4.36,4.27,4.33,113635451.0,597743933.0,11274461418.000002,0.010079013691827243
2023-05-30,4.32,4.34,4.21,4.27,114618617.0,594642014.0,11274461418.000002,0.010166216615634348
2023-05-31,4.24,4.27,4.22,4.23,75437326.0,388339305.0,11274461418.000002,0.00669099154302503
2023-06-01,4.23,4.28,4.18,4.24,95875539.0,492458962.0,11274461418.000002,0.008503779954129955
2023-06-02,4.24,4.32,4.22,4.28,107823356.0,562207632.0,11274461418.000002,0.009563503922933021
2023-06-05,4.27,4.36,4.25,4.32,96121856.0,504698842.0,11274461418.000002,0.00852562729484698
2023-06-06,4.3,4.39,4.27,4.29,134600858.0,711774025.0,11274461418.000002,0.011938562119260603
2023-06-07,4.32,4.36,4.27,4.34,82549337.0,433988353.0,11274461418.000002,0.00732179870412325
2023-06-08,4.34,4.5,4.28,4.46,152132658.0,815933272.0,11274461418.000002,0.013493563227518419
2023-06-09,4.46,4.55,4.43,4.53,131108920.0,718293961.0,11274461418.000002,0.011628841071794422
2023-06-12,4.52,4.53,4.42,4.49,145097109.0,793642397.0,67122395199.99999,0.0021616795492423076
2023-06-13,4.47,4.53,4.47,4.5,62690407.0,343624844.0,67122395199.99999,0.0009339715427795105
2023-06-14,4.5,4.51,4.3,4.32,164970052.0,877941493.0,67122395199.99999,0.002457749779465558
2023-06-15,4.35,4.35,4.27,4.28,124695892.0,651666617.0,67122395199.99999,0.0018577390098856307
2023-06-16,4.29,4.32,4.19,4.21,163641480.0,843162443.0,67122395199.99999,0.0024379565048656075
2023-06-19,4.21,4.22,4.13,4.16,144977251.0,733411408.0,67122395199.99999,0.002159893885908291
2023-06-20,4.15,4.17,4.07,4.09,135404043.0,677742972.0,67122395199.99999,0.002017270727549961
2023-06-21,4.09,4.16,4.07,4.1,90697453.0,454010662.0,67122395199.99999,0.0013512249187436626
2023-06-26,4.09,4.09,3.98,4.01,124602694.0,609356077.0,67122395199.99999,0.001856350531424421
2023-06-27,4.0,4.09,3.98,4.08,106270818.0,523883332.0,67122395199.99999,0.001583239359730119
2023-06-28,4.07,4.09,4.04,4.06,85470370.0,422308132.0,67122395199.99999,0.0012733510141485537
2023-06-29,4.06,4.06,4.0,4.01,86596535.0,423401315.0,67122395199.99999,0.001290128797430042
2023-06-30,4.01,4.04,3.98,4.02,114058245.0,557725387.0,67122395199.99999,0.0016992576719014345
2023-07-03,4.03,4.11,4.01,4.09,162563605.0,802683070.0,67122395199.99999,0.002421898153598667
2023-07-04,4.08,4.13,4.05,4.09,103353025.0,515294593.0,67122395199.99999,0.0015397696207360612
2023-07-05,4.09,4.09,4.04,4.05,81215304.0,401143143.0,67122395199.99999,0.0012099583716881428
2023-07-06,4.04,4.09,4.01,4.03,95837005.0,472028962.0,67122395199.99999,0.0014277947727348087
2023-07-07,4.03,4.04,4.0,4.01,62137366.0,303840207.0,67122395199.99999,0.0009257322509849888
2023-07-10,4.04,4.05,4.01,4.02,58963901.0,288697065.0,67122395199.99999,0.0008784534703255048
2023-07-11,4.04,4.08,4.02,4.06,92387674.0,455312102.0,67122395199.99999,0.0013764060970219967
2023-07-12,4.06,4.13,4.05,4.08,117293579.0,584648801.0,67122395199.99999,0.0017474581866530295
2023-07-13,4.12,4.21,4.09,4.21,155202187.0,743185052.0,67122395199.99999,0.0023122265905076047
2023-07-14,4.21,4.28,4.19,4.21,114261482.0,557536012.0,67122395199.99999,0.0017022855286904304
2023-07-17,4.19,4.21,4.12,4.14,72539100.0,346901625.0,67122395199.99999,0.0010806989199932484
2023-07-18,4.14,4.17,4.11,4.13,79250937.0,377214636.0,67122395199.99999,0.0011806929231869844
2023-07-19,4.12,4.15,4.1,4.14,52924517.0,252003929.0,67122395199.99999,0.0007884777776821648
2023-07-20,4.14,4.19,4.14,4.15,90445592.0,434165236.0,67122395199.99999,0.0013474726539555908
2023-07-21,4.14,4.16,4.11,4.12,79078352.0,376564646.0,67122395199.99999,0.0011781217247146152
2023-07-24,4.11,4.15,4.09,4.12,48178802.0,229280592.0,67122395199.99999,0.0007177753692555954
2023-07-25,4.16,4.31,4.16,4.3,162573511.0,799812900.0,67122395199.99999,0.0024220457347445793
2023-07-26,4.29,4.32,4.23,4.27,72992492.0,358663401.0,67122395199.99999,0.0010874536253140145
2023-07-27,4.27,4.34,4.27,4.32,97284678.0,484096876.0,67122395199.99999,0.0014493624327637225
2023-07-28,4.29,4.54,4.27,4.54,215154147.0,1106022466.0,67122395199.99999,0.0032054003192067263
2023-07-31,4.53,4.66,4.45,4.5,155685435.0,813392230.0,67122395199.99999,0.0023194260952118114
2023-08-01,4.48,4.54,4.45,4.47,84712721.0,438556472.0,67122395199.99999,0.0012620634401914192
2023-08-02,4.45,4.45,4.27,4.27,228509579.0,1140486834.0,67122395199.99999,0.0034043716455458076
2023-08-03,4.27,4.35,4.25,4.32,122199048.0,605542478.0,67122395199.99999,0.0018205406352960422
2023-08-04,4.34,4.45,4.34,4.37,139836580.0,708793617.0,67122395199.99999,0.0020833073608791603
2023-08-07,4.34,4.38,4.31,4.33,96030543.0,480914764.0,67122395199.99999,0.0014306781322964471
2023-08-08,4.32,4.38,4.32,4.34,72261529.0,361736517.0,67122395199.99999,0.001076563623581776
2023-08-09,4.32,4.34,4.31,4.34,50014659.0,249652607.0,67122395199.99999,0.000745126255566041
2023-08-10,4.34,4.35,4.29,4.33,45627171.0,227510409.0,67122395199.99999,0.0006797607693236788
2023-08-11,4.33,4.34,4.25,4.27,78647974.0,388956807.0,67122395199.99999,0.0011717098855852511
2023-08-14,4.23,4.25,4.18,4.21,86669510.0,420309367.0,67122395199.99999,0.001291215990456789
2023-08-15,4.21,4.33,4.21,4.29,111283079.0,547549258.0,67122395199.99999,0.001657912812384264
2023-08-16,4.27,4.28,4.21,4.25,92934872.0,454987700.0,67122395199.99999,0.0013845583388835923
2023-08-17,4.23,4.25,4.16,4.21,106944974.0,518357900.0,67122395199.99999,0.001593283041842345
2023-08-18,4.2,4.34,4.2,4.24,145068518.0,716059812.0,67122395199.99999,0.002161253596027813
2023-08-21,4.25,4.27,4.18,4.18,81455796.0,395223040.0,67122395199.99999,0.0012135412593262168
2023-08-22,4.21,4.27,4.18,4.27,95889082.0,466803282.0,67122395199.99999,0.001428570624070936
2023-08-23,4.25,4.28,4.22,4.23,74106300.0,363366513.0,67122395199.99999,0.0011040473120661227
2023-08-24,4.24,4.26,4.18,4.19,102019215.0,494501033.0,67122395199.99999,0.0015198983095883326
2023-08-25,4.18,4.23,4.16,4.21,101164736.0,489644742.0,67122395199.99999,0.0015071681470627855
2023-08-28,4.35,4.44,4.27,4.32,188491232.0,940782767.0,67122395199.99999,0.002808172018271482
2023-08-29,4.31,4.31,4.22,4.27,140770233.0,692015825.0,67122395199.99999,0.0020972170701083685
2023-08-30,4.25,4.29,4.2,4.25,126678820.0,617902656.0,67122395199.99999,0.0018872809830838696
2023-08-31,4.25,4.27,4.18,4.21,106306777.0,515699863.0,67122395199.99999,0.0015837750825673756
2023-09-01,4.22,4.27,4.22,4.25,95507156.0,467696331.0,67122395199.99999,0.0014228806304575974
2023-09-04,4.27,4.38,4.27,4.34,166131406.0,832225844.0,67122395199.99999,0.002475051814003205
2023-09-05,4.33,4.33,4.24,4.26,92388698.0,454018982.0,67122395199.99999,0.001376421352735041
2023-09-06,4.24,4.28,4.22,4.27,87789941.0,430579145.0,67122395199.99999,0.0013079083477044932
2023-09-07,4.26,4.32,4.24,4.26,90894753.0,448644831.0,67122395199.99999,0.0013541643251729493
2023-09-08,4.25,4.27,4.23,4.25,40524015.0,198470248.0,67122395199.99999,0.0006037331486645161
2023-09-11,4.25,4.26,4.21,4.23,70358592.0,343264612.0,67122395199.99999,0.0010482133688816874
2023-09-12,4.23,4.23,4.21,4.23,50341089.0,245047566.0,67122395199.99999,0.0007499894610435476
2023-09-13,4.23,4.26,4.21,4.25,68695885.0,335040624.0,67122395199.99999,0.0010234420985024684
2023-09-14,4.25,4.3,4.23,4.29,125956823.0,619230183.0,67122395199.99999,0.0018765245582297101
2023-09-15,4.29,4.39,4.28,4.33,172422815.0,863038792.0,67122395199.99999,0.002568782214732409
2023-09-18,4.31,4.33,4.27,4.33,84294582.0,418301128.0,67122395199.99999,0.0012558339396088775
2023-09-19,4.31,4.41,4.3,4.39,118975008.0,599772029.0,67122395199.99999,0.0017725083803326496
2023-09-20,4.39,4.45,4.36,4.44,103095691.0,525101465.0,67122395199.99999,0.001535935818333253
2023-09-21,4.43,4.46,4.36,4.37,80867266.0,409555638.0,67122395199.99999,0.0012047732468283552
2023-09-22,4.39,4.41,4.34,4.4,76374439.0,385705485.0,67122395199.99999,0.0011378384035973736
2023-09-25,4.4,4.43,4.35,4.39,87377407.0,443045473.0,67122395199.99999,0.0013017623512934474
2023-09-26,4.39,4.44,4.34,4.35,94338554.0,476360051.0,67122395199.99999,0.0014054706140760604
2023-09-27,4.37,4.38,4.3,4.31,84987679.0,424640376.0,67122395199.99999,0.0012661598077179463
2023-09-28,4.33,4.35,4.3,4.31,65054202.0,324239158.0,67122395199.99999,0.0009691877324425396
2023-10-09,4.29,4.32,4.25,4.3,64731240.0,320366028.0,67122395199.99999,0.0009643761937744439
2023-10-10,4.32,4.34,4.27,4.27,69777700.0,345118256.0,67122395199.99999,0.001039559148509051
2023-10-11,4.29,4.31,4.23,4.27,90116845.0,443175779.0,67122395199.99999,0.0013425749294476907
2023-10-12,4.32,4.39,4.3,4.39,162418912.0,815706704.0,67122395199.99999,0.0024197424945288605
2023-10-13,4.36,4.46,4.34,4.41,130447503.0,663970405.0,67122395199.99999,0.001943427415117034
2023-10-16,4.41,4.47,4.37,4.45,89536131.0,457218251.0,67122395199.99999,0.0013339233609470482
2023-10-17,4.44,4.47,4.41,4.47,74285584.0,381051809.0,67122395199.99999,0.0011067183132940407
2023-10-18,4.46,4.49,4.43,4.45,77866510.0,400471996.0,67122395199.99999,0.001160067512012742
2023-10-19,4.45,4.45,4.33,4.34,90879492.0,457361909.0,67122395199.99999,0.0013539369643948583
2023-10-20,4.32,4.32,4.26,4.27,106199600.0,524606164.0,67122395199.99999,0.0015821783427656946
2023-10-23,4.25,4.28,4.15,4.19,105138500.0,511578261.0,67122395199.99999,0.001566369908086951
2023-10-24,4.21,4.21,4.09,4.11,132028898.0,629251681.0,67122395199.99999,0.00196698728653235
2023-10-25,4.14,4.15,4.1,4.12,120006378.0,569982049.0,67122395199.99999,0.0017878738927957687
2023-10-26,4.11,4.18,4.09,4.16,95002372.0,453933911.0,67122395199.99999,0.0014153602790384335
2023-10-27,4.15,4.2,4.12,4.15,101758012.0,487266429.0,67122395199.99999,0.0015160068662150486
2023-10-30,4.13,4.13,3.93,3.95,288566250.0,1328388805.0,67122395199.99999,0.004299105375190783
2023-10-31,3.95,3.98,3.91,3.96,116710174.0,532300294.0,67122395199.99999,0.0017387665272111746
2023-11-01,3.97,4.01,3.95,4.0,122398139.0,562497022.0,67122395199.99999,0.0018235067243249988
2023-11-02,4.0,4.07,3.99,4.05,113313442.0,528234228.0,67122395199.99999,0.001688161479672585
2023-11-03,4.05,4.06,4.01,4.02,78925600.0,367007653.0,67122395199.99999,0.0011758460013953735
2023-11-06,4.03,4.04,3.99,4.01,101084522.0,466575970.0,67122395199.99999,0.0015059731062755642
2023-11-07,4.0,4.01,3.96,3.99,79890165.0,366464649.0,67122395199.99999,0.0011902162424620986
2023-11-08,3.97,3.99,3.95,3.95,72324271.0,330571889.0,67122395199.99999,0.0010774983637651834
2023-11-09,3.95,4.01,3.95,4.0,73871968.0,339348928.0,67122395199.99999,0.0011005561970768292
2023-11-10,3.99,4.01,3.95,3.96,71321347.0,325972448.0,67122395199.99999,0.0010625566442837547
2023-11-13,3.95,3.97,3.88,3.93,129660512.0,584842633.0,67122395199.99999,0.001931702699429296
2023-11-14,3.92,3.95,3.89,3.93,102504325.0,463718756.0,67122395199.99999,0.001527125554661375
2023-11-15,3.95,3.97,3.93,3.95,90874479.0,414175573.0,67122395199.99999,0.001353862279932466
2023-11-16,3.95,3.97,3.94,3.94,59512800.0,271234353.0,67122395199.99999,0.000886631053952616
2023-11-17,3.94,3.95,3.9,3.9,68161595.0,307547276.0,67122395199.99999,0.0010154821620549084
2023-11-20,3.91,3.93,3.89,3.92,61421883.0,277034411.0,67122395199.99999,0.0009150728727272832
2023-11-21,3.92,3.96,3.92,3.95,95683938.0,435168364.0,67122395199.99999,0.001425514356496027
2023-11-22,3.94,3.95,3.92,3.92,50624666.0,229756235.0,67122395199.99999,0.0007542142357875812
2023-11-23,3.92,3.94,3.91,3.93,46603962.0,210950853.0,67122395199.99999,0.0006943131552611818
2023-11-24,3.93,3.95,3.92,3.94,72667074.0,329749662.0,67122395199.99999,0.0010826054967716648
2023-11-27,3.94,3.95,3.84,3.86,131209352.0,586714776.0,67122395199.99999,0.0019547775613347005
2023-11-28,3.86,3.88,3.83,3.86,86817041.0,385662709.0,67122395199.99999,0.0012934139304969262
2023-11-29,3.86,3.86,3.75,3.77,173181350.0,755280245.0,67122395199.99999,0.002580082988456884
2023-11-30,3.77,3.83,3.76,3.81,121728934.0,534060162.0,67122395199.99999,0.0018135368029894145
2023-12-01,3.81,3.85,3.81,3.83,89850487.0,397481026.0,67122395199.99999,0.0013386066860736818
2023-12-04,3.83,3.85,3.81,3.82,60524182.0,266846271.0,67122395199.99999,0.0009016987820482307
2023-12-05,3.82,3.82,3.77,3.77,62398335.0,273009271.0,67122395199.99999,0.0009296202081894719
2023-12-06,3.77,3.78,3.71,3.76,70403341.0,304629343.0,67122395199.99999,0.0010488800465213435
2023-12-07,3.76,3.77,3.71,3.75,85013557.0,367499565.0,67122395199.99999,0.0012665453422317683
2023-12-08,3.75,3.83,3.74,3.79,105931464.0,463642411.0,67122395199.99999,0.0015781836104680606
2023-12-11,3.77,3.8,3.71,3.78,110281993.0,476630007.0,67122395199.99999,0.0016429984757158965
2023-12-12,3.77,3.82,3.75,3.82,87122126.0,381986300.0,67122395199.99999,0.0012979591348075137
2023-12-13,3.82,3.82,3.77,3.77,65207314.0,285374422.0,67122395199.99999,0.0009714688190983984
2023-12-14,3.79,3.8,3.74,3.74,64121483.0,277806150.0,67122395199.99999,0.0009552919380922212
2023-12-15,3.75,3.8,3.75,3.76,77276387.0,335598141.0,67122395199.99999,0.0011512757667503498
2023-12-18,3.75,3.76,3.72,3.74,86150229.0,371353163.0,67122395199.99999,0.001283479660451688
2023-12-19,3.73,3.75,3.69,3.72,89564218.0,384143954.0,67122395199.99999,0.0013343418054902786
2023-12-20,3.72,3.75,3.69,3.69,80325344.0,344640580.0,67122395199.99999,0.001196699607644514
2023-12-21,3.69,3.72,3.67,3.71,70828007.0,301618013.0,67122395199.99999,0.0010552067873763839
2023-12-22,3.72,3.74,3.69,3.72,94891867.0,406428983.0,67122395199.99999,0.0014137139581693594
2023-12-25,3.73,3.74,3.7,3.71,66734600.0,285953635.0,67122395199.99999,0.0009942225661220148
2023-12-26,3.71,3.72,3.68,3.68,66051800.0,280966935.0,67122395199.99999,0.0009840501043383507
2023-12-27,3.68,3.74,3.65,3.72,85894753.0,365623793.0,67122395199.99999,0.0012796735388250866
2023-12-28,3.72,3.78,3.71,3.77,138359073.0,599288578.0,67122395199.99999,0.002061295229226266
2023-12-29,3.77,3.79,3.76,3.77,66568075.0,289676323.0,67122395199.99999,0.0009917416504826991
2024-01-02,3.77,3.8,3.74,3.75,81385705.0,353530272.0,67122395199.99999,0.0012124970325850352
2024-01-03,3.74,3.79,3.74,3.78,99465801.0,432409066.0,67122395199.99999,0.0014818571462420045
2024-01-04,3.78,3.81,3.76,3.81,95374926.0,416717300.0,67122395199.99999,0.0014209106471218418
2024-01-05,3.8,3.91,3.79,3.87,206139481.0,918420599.0,67122395199.99999,0.003071098407406058
2024-01-08,3.86,3.88,3.82,3.84,123719675.0,548397344.0,67122395199.99999,0.0018431951754904004
2024-01-09,3.83,3.83,3.78,3.81,103809404.0,455214198.0,67122395199.99999,0.0015465688268525913
2024-01-10,3.8,3.83,3.79,3.8,74885309.0,329103742.0,67122395199.99999,0.001115653110662535
2024-01-11,3.79,3.82,3.76,3.77,86225997.0,376498422.0,67122395199.99999,0.001284608464031689
2024-01-12,3.76,3.81,3.76,3.76,71175434.0,310145738.0,67122395199.99999,0.0010603828094620797
2024-01-15,3.75,3.81,3.74,3.8,70525242.0,307411019.0,67122395199.99999,0.0010506961467906617
2024-01-16,3.79,3.88,3.78,3.88,158107182.0,700220646.0,67122395199.99999,0.0023555056628849266
2024-01-17,3.87,3.91,3.83,3.84,139403088.0,623583119.0,67122395199.99999,0.0020768491288880586
2024-01-18,3.82,3.85,3.72,3.84,154166827.0,672770371.0,67122395199.99999,0.00229680163439698
2024-01-19,3.82,3.83,3.79,3.82,90074695.0,395922027.0,67122395199.99999,0.0013419469721187782
2024-01-22,3.81,3.87,3.8,3.82,164969666.0,730773542.0,67122395199.99999,0.002457744028776852
2024-01-23,3.81,3.85,3.79,3.83,114566147.0,504943290.0,67122395199.99999,0.0017068244757749648
2024-01-24,3.85,3.89,3.82,3.88,153086037.0,680641201.0,67122395199.99999,0.0022806998550015988
2024-01-25,3.88,4.01,3.88,4.01,227006697.0,1039818156.0,67122395199.99999,0.003381981473152198
2024-01-26,4.01,4.07,3.97,4.04,145742279.0,676152885.0,67122395199.99999,0.0021712913933679173
2024-01-29,4.05,4.18,4.04,4.12,190795502.0,905649405.0,67122395199.99999,0.0028425013951230396
2024-01-30,4.1,4.16,4.03,4.08,154170591.0,726320731.0,67122395199.99999,0.002296857711060943
2024-01-31,4.06,4.14,4.05,4.1,147809597.0,699850951.0,67122395199.99999,0.0022020906220581358
2024-02-01,4.09,4.12,4.06,4.07,124680059.0,587110715.0,67122395199.99999,0.0018575031273615817
2024-02-02,4.08,4.13,4.01,4.08,162281773.0,764625494.0,67122395199.99999,0.002417699376139069
2024-02-05,4.08,4.16,4.06,4.13,218287182.0,1034415947.0,67122395199.99999,0.0032520767673678013
2024-02-06,4.13,4.23,4.12,4.21,200782325.0,968583967.0,67122395199.99999,0.0029912866548004236
2024-02-07,4.21,4.21,4.05,4.13,245966237.0,1166267236.0,67122395199.99999,0.003664443681830949
2024-02-08,4.11,4.11,3.98,4.07,219024952.0,1017928304.0,67122395199.99999,0.0032630681808565737
2024-02-19,4.08,4.16,4.05,4.16,212866395.0,1010738046.0,67122395199.99999,0.003171317030116947
2024-02-20,4.15,4.21,4.12,4.2,151548162.0,729331838.0,67122395199.99999,0.002257788351390655
2024-02-21,4.18,4.33,4.16,4.28,177550217.0,874462147.0,67122395199.99999,0.00264517105611273
2024-02-22,4.26,4.29,4.24,4.28,94992886.0,467964236.0,67122395199.99999,0.0014152189551185743
2024-02-23,4.29,4.38,4.28,4.33,117997168.0,590070054.0,67122395199.99999,0.0017579403662281708
2024-02-26,4.32,4.33,4.16,4.19,157439281.0,769423944.0,67122395199.99999,0.002345555168746422
2024-02-27,4.16,4.22,4.16,4.21,96162490.0,465000758.0,67122395199.99999,0.0014326438994536955
2024-02-28,4.21,4.23,4.14,4.17,120786121.0,583070610.0,67122395199.99999,0.0017994906266396169
2024-02-29,4.17,4.21,4.16,4.21,101779411.0,490911432.0,67122395199.99999,0.00151632567188246
2024-03-01,4.19,4.21,4.17,4.2,102602793.0,495150480.0,67122395199.99999,0.0015285925464113951
2024-03-04,4.18,4.19,4.11,4.13,159436447.0,760188245.0,67122395199.99999,0.002375309261907865
2024-03-05,4.11,4.21,4.1,4.21,161339202.0,774481369.0,67122395199.99999,0.0024036568051433306
2024-03-06,4.2,4.22,4.16,4.18,103296514.0,499465260.0,67122395199.99999,0.0015389277109706004
2024-03-07,4.16,4.22,4.16,4.2,81919214.0,395882346.0,67122395199.99999,0.0012204453335717676
2024-03-08,4.19,4.22,4.18,4.21,89970034.0,436174348.0,67122395199.99999,0.0013403877160807875
2024-03-11,4.21,4.23,4.17,4.21,85502522.0,413550166.0,67122395199.99999,0.001273830019701085
2024-03-12,4.21,4.21,4.15,4.16,108188931.0,520986912.0,67122395199.99999,0.0016118157088649305
2024-03-13,4.16,4.16,4.11,4.11,101583798.0,482917617.0,67122395199.99999,0.001513411398644487
2024-03-14,4.11,4.15,4.09,4.11,77082201.0,366287044.0,67122395199.99999,0.0011483827531828007
2024-03-15,4.11,4.14,4.08,4.11,85186860.0,403380537.0,67122395199.99999,0.0012691272375810571
2024-03-18,4.11,4.14,4.08,4.13,76386616.0,362576192.0,67122395199.99999,0.0011380198184584452
2024-03-19,4.13,4.13,4.08,4.08,111607999.0,526922436.0,67122395199.99999,0.0016627535216442934
2024-03-20,4.08,4.12,4.06,4.1,68870160.0,325230629.0,67122395199.99999,0.001026038474860623
2024-03-21,4.1,4.14,4.09,4.13,75562397.0,359498826.0,67122395199.99999,0.0011257404741718752
2024-03-22,4.13,4.13,4.08,4.11,74710130.0,353328583.0,67122395199.99999,0.0011130432663702086
2024-03-25,4.11,4.14,4.09,4.11,89346710.0,425003611.0,67122395199.99999,0.0013311013370988884
2024-03-26,4.12,4.18,4.11,4.18,107155667.0,513696510.0,67122395199.99999,0.0015964219792919429
2024-03-27,4.18,4.23,4.17,4.21,139706297.0,677126223.0,67122395199.99999,0.0020813663842556085
2024-03-28,4.19,4.2,4.12,4.13,129744536.0,619370653.0,67122395199.99999,0.0019329545021957144
2024-03-29,4.11,4.16,4.1,4.12,103485773.0,493091309.0,67122395199.99999,0.0015417473213172825
2024-04-01,4.12,4.14,4.09,4.12,112695689.0,534892286.0,67122395199.99999,0.0016789580983248347
2024-04-02,4.12,4.14,4.11,4.12,131179167.0,623764948.0,67122395199.99999,0.0019543278604575187
2024-04-03,4.11,4.12,4.08,4.08,108283280.0,510794734.0,67122395199.99999,0.0016132213351051574
2024-04-08,4.08,4.12,4.06,4.12,119654833.0,565509683.0,67122395199.99999,0.0017826365200984367
2024-04-09,4.12,4.14,4.07,4.07,140256068.0,661449950.0,67122395199.99999,0.002089556959075859
2024-04-10,4.07,4.09,4.05,4.06,123870273.0,581547488.0,67122395199.99999,0.0018454388081788837
2024-04-11,4.05,4.06,4.01,4.02,112883368.0,524144725.0,67122395199.99999,0.0016817541695830307
2024-04-12,4.01,4.04,3.97,3.99,141844508.0,653811320.0,67122395199.99999,0.0021132217880091386
2024-04-15,3.99,4.11,3.98,4.1,197355128.0,925574288.0,67122395199.99999,0.0029402277349006166
2024-04-16,4.1,4.19,4.09,4.15,211865643.0,1011805618.0,67122395199.99999,0.003156407669433108
2024-04-17,4.13,4.22,4.09,4.21,209406862.0,1007910588.0,67122395199.99999,0.003119776363403671
2024-04-18,4.2,4.31,4.19,4.26,201388477.0,990097133.0,67122395199.99999,0.00300031720262569
2024-04-19,4.24,4.27,4.21,4.23,116712466.0,570761948.0,67122395199.99999,0.0017388006737876363
2024-04-22,4.25,4.29,4.18,4.2,140341883.0,684396416.0,67122395199.99999,0.002090835444441947
2024-04-23,4.19,4.26,4.16,4.21,138563566.0,673491248.0,67122395199.99999,0.002064341798100793
2024-04-24,4.2,4.21,4.16,4.17,96499881.0,465217623.0,67122395199.99999,0.0014376704036330337
2024-04-25,4.17,4.21,4.14,4.2,158763706.0,766281968.0,67122395199.99999,0.0023652866606881755
2024-04-26,4.19,4.21,4.1,4.11,218082600.0,1042707136.0,67122395199.99999,0.0032490288725572775
2024-04-29,4.11,4.14,4.08,4.11,149012587.0,707726743.0,67122395199.99999,0.0022200129562718585
2024-04-30,4.1,4.17,4.1,4.16,130014508.0,621591018.0,67122395199.99999,0.0019369765875100955
2024-05-06,4.21,4.23,4.18,4.21,162675732.0,789812763.0,67122395199.99999,0.002423568639278832
2024-05-07,4.21,4.23,4.18,4.21,159269142.0,773768408.0,67122395199.99999,0.0023728167257058793
2024-05-08,4.21,4.23,4.2,4.2,79411551.0,386069825.0,67122395199.99999,0.0011830857758186794
2024-05-09,4.2,4.23,4.19,4.21,102505200.0,498515630.0,67122395199.99999,0.0015271385905489857
2024-05-10,4.21,4.36,4.2,4.34,253806031.0,1259346822.0,67122395199.99999,0.003781242165804
2024-05-13,4.32,4.34,4.28,4.31,144791331.0,720639236.0,67122395199.99999,0.002157124020508732
2024-05-14,4.33,4.35,4.28,4.3,111773731.0,555711920.0,67122395199.99999,0.0016652226230448942
2024-05-15,4.29,4.34,4.27,4.28,98493358.0,488879633.0,67122395199.99999,0.0014673695374923094
2024-05-16,4.29,4.4,4.29,4.36,162214487.0,815481239.0,67122395199.99999,0.0024166969387290284
2024-05-17,4.36,4.4,4.31,4.39,186231209.0,933383386.0,67122395199.99999,0.0027745018401846306
2024-05-20,4.38,4.47,4.36,4.41,146997021.0,747094641.0,67122395199.99999,0.0021899847370166555
2024-05-21,4.4,4.42,4.38,4.4,96483714.0,489437010.0,67122395199.99999,0.0014374295451244567
2024-05-22,4.4,4.47,4.39,4.41,127159191.0,649072856.0,67122395199.99999,0.0018944376257896114
2024-05-23,4.41,4.41,4.36,4.38,105216648.0,532261677.0,67122395199.99999,0.0015675341692812537
2024-05-24,4.38,4.45,4.36,4.38,119887271.0,608697489.0,67122395199.99999,0.0017860994179778617
2024-05-27,4.39,4.47,4.39,4.47,145600306.0,744851733.0,67122395199.99999,0.0021691762572858845
2024-05-28,4.47,4.49,4.43,4.45,98827475.0,507036436.0,67122395199.99999,0.0014723472651047471
2024-05-29,4.44,4.45,4.36,4.4,118156543.0,599906593.0,67122395199.99999,0.001760314760043009
2024-05-30,4.38,4.41,4.35,4.38,97385851.0,492251492.0,67122395199.99999,0.001450869724029157
2024-05-31,4.39,4.42,4.36,4.36,101993957.0,515611216.0,67122395199.99999,0.0015195220119320178
2024-06-03,4.38,4.39,4.32,4.35,127100510.0,637476549.0,67122395199.99999,0.0018935633870228758
2024-06-04,4.35,4.39,4.32,4.37,125545125.0,630286341.0,67122395199.99999,0.0018703910166781416
2024-06-05,4.37,4.4,4.34,4.35,89349294.0,449226256.0,67122395199.99999,0.001331139833937273
2024-06-06,4.34,4.36,4.31,4.33,103988973.0,519488703.0,67122395199.99999,0.0015492440740553313
2024-06-07,4.33,4.38,4.32,4.38,145613394.0,730526713.0,67122395199.99999,0.0021693712443682286
2024-06-11,4.36,4.38,4.27,4.27,163269517.0,809883806.0,67122395199.99999,0.0024324149415931454
2024-06-12,4.26,4.27,4.18,4.22,162205596.0,789227738.0,67122395199.99999,0.0024165644792127445
2024-06-13,4.21,4.24,4.16,4.19,129051034.0,624716139.0,67122395199.99999,0.0019226226003329515
2024-06-14,4.18,4.22,4.12,4.12,339752784.0,1627348599.0,67122395199.99999,0.005061690408807104
2024-06-17,4.12,4.14,4.08,4.1,191437525.0,905971894.0,67122395199.99999,0.0028520663547477224
2024-06-18,4.1,4.13,4.08,4.12,151222938.0,715932848.0,67122395199.99999,0.0022529431130908157
2024-06-19,4.12,4.18,4.11,4.16,157971259.0,756956721.0,67122395199.99999,0.0023534806606543743
2024-06-20,4.16,4.19,4.14,4.16,104969670.0,504538055.0,67122395199.99999,0.0015638546521951292
2024-06-21,4.16,4.19,4.15,4.17,114079647.0,549261161.0,67122395199.99999,0.0016995765222633178
2024-06-24,4.18,4.24,4.15,4.22,151788601.0,735562212.0,67122395199.99999,0.0022613704494263936
2024-06-25,4.22,4.25,4.21,4.22,118165884.0,576210136.0,67122395199.99999,0.001760453923730064
2024-06-26,4.23,4.29,4.22,4.27,130611408.0,642329887.0,67122395199.99999,0.0019458692975843034
2024-06-27,4.28,4.37,4.27,4.35,154809518.0,771762953.0,67122395199.99999,0.002306376545990719
2024-06-28,4.36,4.41,4.34,4.4,130860663.0,661796844.0,67122395199.99999,0.0019495827377745308
2024-07-01,4.4,4.45,4.39,4.41,126996107.0,647129355.0,67122395199.99999,0.0018920079747094605
2024-07-02,4.41,4.49,4.4,4.47,143910581.0,740217404.0,67122395199.99999,0.002144002468493556
2024-07-03,4.48,4.51,4.41,4.44,101726299.0,522689277.0,67122395199.99999,0.0015155344009535586
2024-07-04,4.46,4.51,4.44,4.48,105147276.0,543309148.0,67122395199.99999,0.001566500654315149
2024-07-05,4.47,4.5,4.32,4.36,165664845.0,838686378.0,67122395199.99999,0.002468100914849356
2024-07-08,4.36,4.45,4.34,4.43,123584956.0,629754444.0,67122395199.99999,0.001841188110641201
2024-07-09,4.42,4.43,4.37,4.4,127293825.0,645172102.0,67122395199.99999,0.0018964434242954432
2024-07-10,4.41,4.47,4.4,4.45,130350090.0,668040836.0,67122395199.99999,0.0019419761409229333
2024-07-11,4.5,4.5,4.36,4.41,206234331.0,996289033.0,67122395199.99999,0.003072511497623077
2024-07-12,4.41,4.5,4.39,4.5,161942920.0,792356366.0,67122395199.99999,0.0024126510908538024
2024-07-15,4.5,4.6,4.47,4.59,152037648.0,755879146.0,67122395199.99999,0.002265080790799909
2024-07-16,4.6,4.61,4.53,4.57,116747491.0,583809037.0,67122395199.99999,0.0017393224817460033
2024-07-17,4.57,4.63,4.55,4.59,115780183.0,581423527.0,67122395199.99999,0.0017249113750338876
2024-07-18,4.58,4.59,4.52,4.57,104427568.0,520815171.0,67122395199.99999,0.0015557783313429794
2024-07-19,4.57,4.57,4.47,4.55,141860892.0,701058127.0,67122395199.99999,0.0021134658794178434
2024-07-22,4.52,4.53,4.44,4.49,127090997.0,621705156.0,67122395199.99999,0.0018934216608527702
2024-07-23,4.48,4.6,4.47,4.56,178270556.0,888847866.0,67122395199.99999,0.0026559027798221365
2024-07-24,4.56,4.61,4.55,4.6,122671025.0,616183102.0,67122395199.99999,0.0018275722228696632
2024-07-25,4.6,4.63,4.5,4.56,134050470.0,668721015.0,67122395199.99999,0.001997104984120114
2024-07-26,4.57,4.58,4.4,4.46,141290287.0,689973253.0,67122395199.99999,0.002104964916389039
2024-07-29,4.43,4.54,4.41,4.53,108644626.0,535024688.0,67122395199.99999,0.0016186047246418884
2024-07-30,4.52,4.56,4.49,4.5,90720516.0,448091582.0,67122395199.99999,0.0013515685149447707
2024-07-31,4.5,4.52,4.4,4.41,188336522.0,914058235.0,67122395199.99999,0.0028058671243603064
2024-08-01,4.4,4.47,4.36,4.39,151170148.0,730205118.0,67122395199.99999,0.002252156639368555
2024-08-02,4.39,4.42,4.37,4.4,105311801.0,506974797.0,67122395199.99999,0.0015689517736399254
2024-08-05,4.39,4.41,4.35,4.38,138720121.0,664668453.0,67122395199.99999,0.0020666741791121306
2024-08-06,4.38,4.39,4.3,4.32,112082833.0,531801215.0,67122395199.99999,0.0016698276732532336
2024-08-07,4.32,4.36,4.31,4.32,81176097.0,385298837.0,67122395199.99999,0.0012093742596360746
2024-08-08,4.33,4.34,4.3,4.3,63545500.0,300131371.0,67122395199.99999,0.000946710852773621
2024-08-09,4.32,4.36,4.3,4.32,82107000.0,389299408.0,67122395199.99999,0.0012232429989327916
2024-08-12,4.32,4.35,4.29,4.31,71040683.0,335906388.0,67122395199.99999,0.0010583752678718474
2024-08-13,4.31,4.4,4.3,4.39,142599982.0,681898125.0,67122395199.99999,0.0021244769584742116
2024-08-14,4.39,4.43,4.36,4.38,95277931.0,457322269.0,67122395199.99999,0.0014194656003574796
2024-08-15,4.38,4.44,4.37,4.43,128620637.0,621110210.0,67122395199.99999,0.0019162104781385992
2024-08-16,4.44,4.54,4.42,4.53,162686819.0,799729681.0,67122395199.99999,0.00242373381514848
2024-08-19,4.53,4.62,4.5,4.62,162078838.0,813059876.0,67122395199.99999,0.002414676018593568
2024-08-20,4.62,4.66,4.6,4.63,138845023.0,703191950.0,67122395199.99999,0.002068534988751415
2024-08-21,4.61,4.65,4.57,4.63,101899242.0,515016089.0,67122395199.99999,0.0015181109329662301
2024-08-22,4.63,4.71,4.62,4.69,144761346.0,742646952.0,67122395199.99999,0.0021566772992630038
2024-08-23,4.7,4.72,4.64,4.69,114446383.0,586351566.0,67122395199.99999,0.0017050402128677318
2024-08-26,4.68,4.71,4.64,4.7,94161431.0,483532131.0,67122395199.99999,0.0014028318077660019
2024-08-27,4.7,4.77,4.69,4.73,125107722.0,648063835.0,67122395199.99999,0.0018638745179939589
2024-08-28,4.72,4.75,4.64,4.67,96169500.0,492857509.0,67122395199.99999,0.0014327483355361552
2024-08-29,4.67,4.68,4.47,4.48,173825830.0,861745714.0,67122395199.99999,0.0025896845528539784
2024-08-30,4.47,4.5,4.32,4.32,307456038.0,1473559773.0,67122395199.99999,0.004580528407603667
2024-09-02,4.31,4.38,4.28,4.33,212353240.0,1007974271.0,67122395199.99999,0.0031636719662232796
2024-09-03,4.33,4.33,4.2,4.23,222445242.0,1032174775.0,67122395199.99999,0.00331402419918412
2024-09-04,4.21,4.25,4.17,4.22,170677816.0,787028653.0,67122395199.99999,0.0025427849451951623
2024-09-05,4.24,4.27,4.2,4.22,131490635.0,608111159.0,67122395199.99999,0.001958968159705958
2024-09-06,4.23,4.36,4.22,4.32,176142051.0,832251899.0,67122395199.99999,0.002624191977583065
2024-09-09,4.31,4.31,4.21,4.23,159027800.0,737664406.0,67122395199.99999,0.002369221174634126
2024-09-10,4.24,4.27,4.19,4.24,134620183.0,623097520.0,67122395199.99999,0.002005592657992634
2024-09-11,4.22,4.23,4.09,4.12,170632290.0,774397332.0,67122395199.99999,0.002542106691687308
2024-09-12,4.12,4.17,4.07,4.15,139793383.0,632767610.0,67122395199.99999,0.0020826638051795864
2024-09-13,4.14,4.23,4.14,4.18,134863307.0,618705794.0,67122395199.99999,0.0020092147575806415
2024-09-18,4.2,4.26,4.19,4.25,107427340.0,498316390.0,67122395199.99999,0.0016004694063718396
2024-09-19,4.26,4.28,4.21,4.23,117273955.0,544228839.0,67122395199.99999,0.0017471658252147715
2024-09-20,4.24,4.32,4.22,4.3,147025607.0,689932974.0,67122395199.99999,0.0021904106157403635
2024-09-23,4.3,4.37,4.28,4.35,83463489.0,395712899.0,67122395199.99999,0.0012434521853892367
2024-09-24,4.38,4.52,4.36,4.51,215408882.0,1049879362.0,67122395199.99999,0.003209195401298791
2024-09-25,4.56,4.67,4.5,4.58,215840283.0,1085035491.0,67122395199.99999,0.0032156224812430415
2024-09-26,4.58,4.71,4.57,4.71,272632417.0,1384994157.0,67122395199.99999,0.004061720625249679
2024-09-27,4.75,4.83,4.59,4.61,130864086.0,668309690.0,67122395199.99999,0.0019496337341668643
2024-09-30,4.67,4.89,4.57,4.81,534112226.0,2749444476.0,67122395199.99999,0.007957287942549464
2024-10-08,5.28,5.29,4.87,4.96,534711176.0,2948386867.0,67122395199.99999,0.007966211193846075
2024-10-09,4.91,4.93,4.7,4.71,342051429.0,1801502123.0,67122395199.99999,0.005095935983524021
2024-10-10,4.75,5.05,4.75,4.98,349996457.0,1885898545.0,67122395199.99999,0.005214302260179178
2024-10-11,4.93,5.18,4.92,4.98,255569539.0,1411094302.0,67122395199.99999,0.0038075151853341495
2024-10-14,5.11,5.2,5.01,5.15,346349681.0,1941899490.0,67122395199.99999,0.005159972017804276
2024-10-15,5.12,5.14,5.01,5.01,209730582.0,1161141102.0,67122395199.99999,0.003124599194874977
2024-10-16,4.97,5.24,4.97,5.18,242126428.0,1365261188.0,67122395199.99999,0.003607237603463829
2024-10-17,5.15,5.33,5.15,5.15,193372195.0,1104458658.0,67122395199.99999,0.0028808893726724465
2024-10-18,5.19,5.23,5.04,5.15,257503704.0,1446927895.0,67122395199.99999,0.003836330679689452
2024-10-21,5.12,5.12,4.98,5.06,234608664.0,1294172076.0,67122395199.99999,0.0034952367730762984
2024-10-22,5.03,5.11,5.02,5.06,136156561.0,754699529.0,67122395199.99999,0.002028481859062145
2024-10-23,5.07,5.11,5.04,5.07,121695145.0,676138413.0,67122395199.99999,0.0018130334091534328
2024-10-24,5.05,5.13,5.03,5.06,96563959.0,536142312.0,67122395199.99999,0.0014386250477545536
2024-10-25,5.06,5.07,4.96,5.02,129829319.0,712270179.0,67122395199.99999,0.0019342176126635007
2024-10-28,4.99,5.01,4.92,4.95,106218318.0,575070339.0,67122395199.99999,0.0015824572064734664
2024-10-29,4.95,5.01,4.91,4.92,118701858.0,642210848.0,67122395199.99999,0.0017684389486744658
2024-10-30,4.92,4.94,4.79,4.81,145774879.0,771712113.0,67122395199.99999,0.0021717770732949055
2024-10-31,4.83,4.85,4.72,4.76,184512557.0,962041379.0,67122395199.99999,0.0027488970923969652
2024-11-01,4.76,4.86,4.75,4.81,183694976.0,968094453.0,67122395199.99999,0.002736716642078351
2024-11-04,4.8,4.84,4.71,4.84,115221994.0,603508935.0,67122395199.99999,0.0017165953875257422
2024-11-05,4.82,4.87,4.8,4.86,134223600.0,711451271.0,67122395199.99999,0.001999684302088195
2024-11-06,4.85,4.87,4.78,4.79,169843274.0,895150771.0,67122395199.99999,0.0025303518072310985
2024-11-07,4.77,4.9,4.76,4.89,153719764.0,813093406.0,67122395199.99999,0.0022901412195135734
2024-11-08,4.91,4.93,4.81,4.83,169123784.0,897538413.0,67122395199.99999,0.002519632732057214
2024-11-11,4.78,4.81,4.73,4.75,189553836.0,987428134.0,67122395199.99999,0.0028240028597787585
2024-11-12,4.75,4.8,4.69,4.71,160210008.0,830732384.0,67122395199.99999,0.0023868338953434726
2024-11-13,4.69,4.75,4.68,4.74,117011372.0,605442633.0,67122395199.99999,0.0017432538223844552
2024-11-14,4.71,4.79,4.7,4.74,155928001.0,812399349.0,67122395199.99999,0.0023230398816280625
2024-11-15,4.74,4.84,4.71,4.8,213700687.0,1120934638.0,67122395199.99999,0.0031837464435416933
2024-11-18,4.82,4.93,4.82,4.87,272891592.0,1461457052.0,67122395199.99999,0.0040655818551600205
2024-11-19,4.88,4.92,4.8,4.84,185107763.0,983724424.0,67122395199.99999,0.0027577645649927585
2024-11-20,4.84,4.88,4.81,4.85,114254360.0,606383253.0,67122395199.99999,0.0017021794240143567
2024-11-21,4.84,4.86,4.82,4.84,76691329.0,406066522.0,67122395199.99999,0.0011425594806545284
2024-11-22,4.84,4.87,4.74,4.75,144462701.0,758126643.0,67122395199.99999,0.0021522280390852324
2024-11-25,4.75,4.82,4.74,4.79,148758296.0,779712342.0,67122395199.99999,0.0022162244889616218
2024-11-26,4.78,4.88,4.76,4.87,141089388.0,748184549.0,67122395199.99999,0.0021019718914917387
2024-11-27,4.85,4.91,4.81,4.88,118098478.0,628477027.0,67122395199.99999,0.001759449698541151
2024-11-28,4.86,4.9,4.83,4.85,117650410.0,626392958.0,67122395199.99999,0.0017527743110096884
2024-11-29,4.87,4.9,4.82,4.84,180687427.0,960421589.0,67122395199.99999,0.0026919097040804052
2024-12-02,4.87,4.92,4.8,4.91,210352304.0,1119875187.0,67122395199.99999,0.00313386170700893
2024-12-03,4.89,5.01,4.87,5.01,185643439.0,1004464861.0,67122395199.99999,0.002765745150286294
2024-12-04,4.99,5.04,4.95,5.01,135089399.0,740423289.0,67122395199.99999,0.0020125831117540336
2024-12-05,4.99,5.05,4.96,5.01,112817899.0,617434614.0,67122395199.99999,0.0016807788021247492
2024-12-06,5.01,5.09,5.0,5.06,142965081.0,791144985.0,67122395199.99999,0.0021299162607951753
2024-12-09,5.04,5.13,5.02,5.07,117128073.0,651985297.0,67122395199.99999,0.0017449924522359717
2024-12-10,5.13,5.16,5.06,5.11,137861927.0,770508264.0,67122395199.99999,0.002053888669932327
2024-12-11,5.1,5.13,4.99,5.0,153665297.0,845962858.0,67122395199.99999,0.0022893297615815713
2024-12-12,4.99,5.06,4.98,5.06,116458010.0,641066851.0,67122395199.99999,0.00173500974828145
2024-12-13,5.03,5.05,4.93,4.94,166103822.0,906272503.0,67122395199.99999,0.002474640863233081
2024-12-16,4.94,5.03,4.93,5.02,175428900.0,961047855.0,67122395199.99999,0.002613567341828112
2024-12-17,5.01,5.06,4.99,5.01,127550785.0,701046405.0,67122395199.99999,0.0019002716547874324
2024-12-18,5.03,5.11,5.02,5.03,158413291.0,876800834.0,67122395199.99999,0.0023600661229085584
2024-12-19,5.02,5.05,4.95,4.96,168450410.0,919975436.0,67122395199.99999,0.0025096007003039726
2024-12-20,4.96,5.01,4.94,4.95,107504602.0,584834481.0,67122395199.99999,0.0016016204677988012
2024-12-23,4.95,5.14,4.94,5.11,230863321.0,1282959653.0,67122395199.99999,0.003439438064033806
2024-12-24,5.1,5.15,5.06,5.14,225335030.0,1258448713.0,67122395199.99999,0.0033570767152838435
2024-12-25,5.14,5.26,5.13,5.17,196203889.0,1112011637.0,67122395199.99999,0.0029230763952237514
2024-12-26,5.17,5.18,5.09,5.13,138871863.0,777611495.0,67122395199.99999,0.00206893485529253
2024-12-27,5.13,5.16,5.02,5.11,181084108.0,1007967438.0,67122395199.99999,0.002697819520004257
2024-12-30,5.08,5.22,5.07,5.21,192001902.0,1084366355.0,67122395199.99999,0.002860474532053052
2024-12-31,5.2,5.27,5.19,5.19,203856022.0,1167330371.0,67122395199.99999,0.003037079076105437
2025-01-02,5.19,5.26,5.03,5.04,191977579.0,1076430203.0,67122395199.99999,0.002860112164173784
2025-01-03,5.06,5.09,4.97,5.02,178764814.0,984008383.0,67122395199.99999,0.0026632663132378806
2025-01-06,5.02,5.12,4.96,5.07,166693030.0,919091456.0,67122395199.99999,0.0024834189766815714
2025-01-07,5.06,5.12,5.02,5.11,160012068.0,886994187.0,67122395199.99999,0.0023838849540935335
2025-01-08,5.1,5.19,5.09,5.11,215159987.0,1174713968.0,67122395199.99999,0.0032054873244451803
2025-01-09,5.1,5.11,4.99,5.04,146074458.0,785045429.0,67122395199.99999,0.002176240248351567
2025-01-10,5.02,5.08,4.95,5.0,126580697.0,676449413.0,67122395199.99999,0.0018858191311981074
2025-01-13,4.98,4.99,4.84,4.92,157853606.0,826877261.0,67122395199.99999,0.0023517278477571376
2025-01-14,4.91,4.95,4.89,4.93,182276425.0,955708346.0,67122395199.99999,0.0027155828461854414
2025-01-15,4.92,5.0,4.91,4.95,168938915.0,890705825.0,67122395199.99999,0.0025168785246209454
2025-01-16,4.95,5.02,4.92,4.99,163104502.0,863986382.0,67122395199.99999,0.0024299565221713067
2025-01-17,4.98,5.02,4.94,4.94,127547958.0,675827559.0,67122395199.99999,0.0019002295376968313
2025-01-20,4.95,4.98,4.9,4.9,155675975.0,817585720.0,67122395199.99999,0.002319285158644041
2025-01-21,4.92,4.95,4.86,4.93,138369404.0,724402470.0,67122395199.99999,0.002061449142089018
2025-01-22,4.93,4.94,4.84,4.86,143533268.0,745887077.0,67122395199.99999,0.002138381200079702
2025-01-23,4.89,5.06,4.89,5.03,260371180.0,1384944406.0,67122395199.99999,0.003879050788104177
2025-01-24,5.03,5.07,4.95,5.03,143308821.0,765609151.0,67122395199.99999,0.0021350373533750183
2025-01-27,5.02,5.1,5.02,5.08,149928170.0,811101034.0,67122395199.99999,0.0022336534557992056
2025-02-05,5.07,5.08,4.94,4.95,176250026.0,934879698.0,67122395199.99999,0.002625800606114247
2025-02-06,4.95,4.99,4.91,4.95,133840444.0,703996345.0,67122395199.99999,0.0019939759837414145
2025-02-07,4.94,4.95,4.9,4.93,157580838.0,826546308.0,67122395199.99999,0.002347664107195031
2025-02-10,4.91,4.95,4.9,4.93,131227537.0,689798554.0,67122395199.99999,0.0019550484843246477
2025-02-11,4.94,4.98,4.92,4.95,203664768.0,1073288463.0,67122395199.99999,0.0030342297439350024
2025-02-12,4.95,4.95,4.89,4.95,219294756.0,1152033047.0,67122395199.99999,0.0032670877632805335
2025-02-13,4.95,4.98,4.93,4.95,231985848.0,1225995017.0,67122395199.99999,0.0034561616478191474
2025-02-14,4.95,4.98,4.92,4.94,178637092.0,941482633.0,67122395199.99999,0.0026613634907950963
2025-02-17,4.94,5.04,4.92,5.03,267647275.0,1417692356.0,67122395199.99999,0.003987451195722527
2025-02-18,5.02,5.16,5.02,5.14,279148980.0,1517199091.0,67122395199.99999,0.004158805405680756
2025-02-19,5.12,5.15,5.09,5.1,164318659.0,895645524.0,67122395199.99999,0.002448045224107259
2025-02-20,5.1,5.12,5.07,5.1,122666238.0,666771020.0,67122395199.99999,0.0018275009053908139
2025-02-21,5.1,5.11,4.99,5.02,187651521.0,1004966424.0,67122395199.99999,0.002795661871732492
2025-02-24,5.01,5.04,4.97,4.98,174061287.0,926256224.0,67122395199.99999,0.0025931924282702
2025-02-25,4.98,4.99,4.93,4.94,134653301.0,710762976.0,67122395199.99999,0.0020060860551650876
2025-02-26,4.94,5.01,4.94,4.95,173371828.0,917097754.0,67122395199.99999,0.002582920759657278
2025-02-27,4.95,5.0,4.91,4.98,166130368.0,878167644.0,67122395199.99999,0.0024750363497159592
2025-02-28,4.97,5.02,4.97,4.99,165603216.0,880525621.0,67122395199.99999,0.0024671827563149894
2025-03-03,4.98,5.0,4.93,4.94,177440203.0,935216337.0,67122395199.99999,0.0026435320502388748
2025-03-04,4.93,4.95,4.92,4.93,131622901.0,691158593.0,67122395199.99999,0.001960938679375375
2025-03-05,4.93,5.02,4.91,5.01,229162231.0,1216506029.0,67122395199.99999,0.0034140949576841086
2025-03-06,5.01,5.02,4.95,4.96,168078154.0,891196820.0,67122395199.99999,0.002504054771871431
2025-03-07,4.97,5.01,4.95,4.98,158899105.0,843308410.0,67122395199.99999,0.0023673038562843185
2025-03-10,4.98,4.99,4.93,4.94,142080384.0,748945197.0,67122395199.99999,0.002116735905753256
2025-03-11,4.93,4.95,4.93,4.95,122151249.0,642816200.0,67122395199.99999,0.001819828518276714
2025-03-12,4.95,4.95,4.92,4.92,136099121.0,714818637.0,67122395199.99999,0.002027626108908581
2025-03-13,4.92,4.95,4.91,4.95,164414130.0,863878091.0,67122395199.99999,0.0024494675660799423
2025-03-14,4.95,5.08,4.94,5.02,300080731.0,1605312105.0,67122395199.99999,0.004470649924006288
2025-03-17,5.04,5.08,5.02,5.05,140101808.0,754520319.0,67122395199.99999,0.0020872587693354545
2025-03-18,5.07,5.08,5.0,5.03,111673910.0,598372148.0,67122395199.99999,0.0016637354740880882
2025-03-19,5.03,5.1,5.02,5.09,161750056.0,873198990.0,67122395199.99999,0.0024097777726501636
2025-03-20,5.1,5.13,5.03,5.04,139227694.0,750907453.0,67122395199.99999,0.0020742360814919193
2025-03-21,5.03,5.07,4.99,5.0,150506955.0,806587288.0,67122395199.99999,0.0022422762857544753
2025-03-24,5.0,5.05,5.0,5.02,150452443.0,805610246.0,67122395199.99999,0.0022414641574053963
2025-03-25,5.02,5.08,5.02,5.05,144884330.0,781048591.0,67122395199.99999,0.002158509534236645
2025-03-26,5.05,5.06,5.0,5.02,142366711.0,762244230.0,67122395199.99999,0.002121001650429781
2025-03-27,5.02,5.05,5.0,5.0,134429636.0,719289564.0,67122395199.99999,0.0020027538588193888
2025-03-28,4.95,4.96,4.82,4.88,588777941.0,3053336402.0,67122395199.99999,0.008771706361873095
2025-03-31,4.93,4.95,4.86,4.89,428016031.0,2241690279.0,67122395199.99999,0.006376650143736231
2025-04-01,4.88,4.9,4.83,4.84,296509477.0,1533349613.0,67122395199.99999,0.004417444820264698
2025-04-02,4.83,4.88,4.83,4.87,192909046.0,999223388.0,67122395199.99999,0.0028739893060312012
2025-04-03,4.84,4.9,4.84,4.9,174088287.0,904773148.0,67122395199.99999,0.0025935946785164785
2025-04-07,4.81,4.84,4.64,4.76,480821560.0,2435527359.0,67122395199.99999,0.007163355219481203
2025-04-08,4.72,4.8,4.71,4.8,301724867.0,1529232060.0,67122395199.99999,0.004495144520706854
2025-04-09,4.77,4.8,4.72,4.78,236352063.0,1198519655.0,67122395199.99999,0.003521210205561914
2025-04-10,4.8,4.8,4.76,4.78,193947300.0,986832301.0,67122395199.99999,0.0028894573774089637
2025-04-11,4.78,4.79,4.75,4.79,157837052.0,801891331.0,67122395199.99999,0.002351481223661697
2025-04-14,4.79,4.83,4.77,4.82,176672897.0,905426942.0,67122395199.99999,0.0026321006047769885
2025-04-15,4.81,4.91,4.81,4.9,213902554.0,1109616098.0,67122395199.99999,0.00318675388985523
2025-04-16,4.9,4.95,4.88,4.95,210850737.0,1105140833.0,67122395199.99999,0.003141287440231275
2025-04-17,4.94,4.95,4.9,4.95,122197084.0,642148017.0,67122395199.99999,0.0018205113753151647
2025-04-18,4.95,5.0,4.93,5.0,158545900.0,841443066.0,67122395199.99999,0.002362041752645919
2025-04-21,4.99,5.06,4.93,4.93,175326362.0,931450104.0,67122395199.99999,0.0026120397145780044
2025-04-22,4.93,4.98,4.9,4.96,124490508.0,658515446.0,67122395199.99999,0.0018546791667529768
2025-04-23,4.96,4.98,4.94,4.95,103779695.0,548152781.0,67122395199.99999,0.0015461262174982697
2025-04-24,4.95,5.02,4.95,5.01,138428456.0,738206050.0,67122395199.99999,0.0020623289080721006
2025-04-25,5.02,5.06,4.98,5.01,114237495.0,610395747.0,67122395199.99999,0.0017019281665920053
2025-04-28,5.02,5.07,5.01,5.05,138987035.0,747542896.0,67122395199.99999,0.0020706507058615813
2025-04-29,5.05,5.07,5.0,5.02,136641059.0,731901814.0,67122395199.99999,0.0020356999864629384
2025-04-30,5.03,5.05,4.86,4.91,317759642.0,1630239568.0,67122395199.99999,0.004734033120439064
2025-05-06,4.89,4.91,4.86,4.91,167194192.0,852042503.0,67122395199.99999,0.002490885366975105
2025-05-07,4.94,5.0,4.91,5.0,205886540.0,1064291644.0,67122395199.99999,0.003067330052608135
2025-05-08,4.98,5.03,4.97,4.99,140305438.0,732125994.0,67122395199.99999,0.0020902924811002574
2025-05-09,5.0,5.06,4.99,5.04,184619639.0,970130851.0,67122395199.99999,0.0027504924168737055
2025-05-12,5.03,5.07,5.0,5.03,184556009.0,968222140.0,67122395199.99999,0.0027495444471266426
2025-05-13,5.02,5.1,5.01,5.09,179395401.0,949194002.0,67122395199.99999,0.0026726608975360285
2025-05-14,5.08,5.16,5.07,5.14,169018619.0,902406822.0,67122395199.99999,0.0025180659673479594
2025-05-15,5.14,5.18,5.12,5.13,120469346.0,647092947.0,67122395199.99999,0.0017947712628705482
2025-05-16,5.13,5.15,5.06,5.1,125984081.0,668925071.0,67122395199.99999,0.0018769306522005641
2025-05-19,5.09,5.13,5.08,5.08,95053571.0,505844423.0,67122395199.99999,0.0014161230497924783
2025-05-20,5.1,5.14,5.07,5.09,101643908.0,541189057.0,67122395199.99999,0.001514306926877961
2025-05-21,5.09,5.15,5.08,5.12,106506099.0,569002604.0,67122395199.99999,0.0015867446130706613
2025-05-22,5.12,5.17,5.1,5.17,122409307.0,656729961.0,67122395199.99999,0.0018236731069453853
2025-05-23,5.17,5.21,5.12,5.14,144596849.0,779434282.0,67122395199.99999,0.002154226597086631
2025-05-26,5.13,5.17,5.08,5.09,112298890.0,600123138.0,67122395199.99999,0.0016730465244184257
2025-05-27,5.1,5.15,5.09,5.12,91497909.0,489230868.0,67122395199.99999,0.0013631502381190356
2025-05-28,5.13,5.15,5.06,5.09,115437989.0,613337511.0,67122395199.99999,0.0017198133150051833
2025-05-29,5.08,5.1,5.06,5.06,114298099.0,604837185.0,67122395199.99999,0.0017028310545151705
2025-05-30,5.07,5.13,5.06,5.11,148143269.0,788499476.0,67122395199.99999,0.0022070617199905886
2025-06-03,5.08,5.2,5.08,5.19,190914663.0,1026223941.0,67122395199.99999,0.002844276674441439
2025-06-04,5.19,5.21,5.15,5.17,114516861.0,617445791.0,67122395199.99999,0.0017060902051957766
2025-06-05,5.17,5.19,5.13,5.13,122475425.0,657696217.0,67122395199.99999,0.0018246581433077349
2025-06-06,5.15,5.18,5.12,5.14,130162725.0,698151746.0,67122395199.99999,0.0019391847476861197
2025-06-09,5.14,5.15,5.1,5.11,153453971.0,819234749.0,67122395199.99999,0.0022861813935984216
2025-06-10,5.12,5.21,5.11,5.14,221867918.0,1194959158.0,67122395199.99999,0.0033054231354366216
2025-06-11,5.15,5.18,5.12,5.14,139740079.0,749838959.0,67122395199.99999,0.0020818696738044893
2025-06-12,5.14,5.16,5.12,5.15,149732121.0,802769172.0,67122395199.99999,0.002230732686964663
2025-06-13,5.15,5.16,5.08,5.09,184481651.0,984219468.0,67122395199.99999,0.002748436649948392
2025-06-16,5.09,5.2,5.06,5.2,275863369.0,1477300627.0,67122395199.99999,0.0041098558562761185
2025-06-17,5.19,5.24,5.18,5.21,168786793.0,915926693.0,67122395199.99999,0.002514612187140783
2025-06-18,5.21,5.29,5.18,5.28,203140956.0,1110184852.0,67122395199.99999,0.003026425910379313
2025-06-19,5.28,5.31,5.24,5.29,145221182.0,799788964.0,67122395199.99999,0.002163528008309215
2025-06-20,5.29,5.35,5.27,5.32,191916879.0,1063628089.0,67122395199.99999,0.002859207846027521
2025-06-23,5.3,5.45,5.24,5.42,211457075.0,1182035645.0,67122395199.99999,0.003150320759113793
2025-06-24,5.42,5.45,5.32,5.38,262354070.0,1471362281.0,67122395199.99999,0.00390859219517244
2025-06-25,5.38,5.4,5.31,5.39,256710145.0,1436017269.0,67122395199.99999,0.0038245081129047675
2025-06-26,5.38,5.44,5.32,5.43,248556885.0,1394629937.0,67122395199.99999,0.0037030395631650528
2025-06-27,5.41,5.43,5.24,5.25,408557781.0,2265485504.0,67122395199.99999,0.006086758075045571
2025-06-30,5.23,5.25,5.2,5.24,204900868.0,1116979974.0,67122395199.99999,0.0030526453561359208
2025-07-01,5.24,5.31,5.24,5.29,189718040.0,1045823868.0,67122395199.99999,0.0028264491967950516
2025-07-02,5.3,5.33,5.28,5.29,180320963.0,997636479.0,67122395199.99999,0.002686450065774769
2025-07-03,5.29,5.32,5.25,5.28,163837325.0,902570379.0,67122395199.99999,0.0024408742344760666
2025-07-04,5.28,5.41,5.27,5.38,285696312.0,1594417796.0,67122395199.99999,0.0042563485875128605
2025-07-07,5.38,5.47,5.36,5.47,185066450.0,1046712973.0,67122395199.99999,0.0027571490774214807
2025-07-08,5.47,5.52,5.46,5.51,189458586.0,1085436197.0,67122395199.99999,0.002822583810298832
2025-07-09,5.51,5.58,5.5,5.52,205807677.0,1189828936.0,67122395199.99999,0.0030661551392313848
2025-07-10,5.53,5.62,5.53,5.55,228406023.0,1330568311.0,67122395199.99999,0.0034028288519715997
2025-07-11,5.58,5.62,5.44,5.44,304159786.0,1754970734.0,67122395199.99999,0.004531420326907524
2025-07-14,5.46,5.57,5.45,5.47,221701978.0,1275173066.0,67122395199.99999,0.0033029509352193085
2025-07-15,5.49,5.52,5.42,5.43,162580625.0,924840627.0,67122395199.99999,0.002422151720235395
2025-07-16,5.44,5.45,5.38,5.42,172536799.0,973130255.0,67122395199.99999,0.002570480366290624
2025-07-17,5.42,5.44,5.4,5.42,113869077.0,643514993.0,67122395199.99999,0.001696439417287064
2025-07-18,5.42,5.47,5.41,5.46,186062518.0,1057819529.0,67122395199.99999,0.0027719886551366693
2025-07-21,5.47,5.47,5.41,5.43,164848277.0,934590511.0,67122395199.99999,0.0024559355563640558
2025-07-22,5.42,5.43,5.32,5.37,270923106.0,1513949861.0,67122395199.99999,0.004036255041149068
2025-07-23,5.37,5.47,5.35,5.42,227238192.0,1286782654.0,67122395199.99999,0.003385430322069318
2025-07-24,5.43,5.44,5.35,5.37,213367509.0,1197064111.0,67122395199.99999,0.0031787827052989315
2025-07-25,5.36,5.41,5.35,5.37,155719607.0,873513973.0,67122395199.99999,0.002319935195042027
2025-07-28,5.37,5.43,5.35,5.4,192555237.0,1085203650.0,67122395199.99999,0.0028687182039058108
2025-07-29,5.4,5.47,5.37,5.38,237246956.0,1340677771.0,67122395199.99999,0.0035345424622153536
2025-07-30,5.38,5.56,5.37,5.46,327796079.0,1871452727.0,67122395199.99999,0.00488355753729122
2025-07-31,5.46,5.54,5.38,5.5,273530678.0,1558408184.0,67122395199.99999,0.004075103058896802
2025-08-01,5.48,5.56,5.42,5.43,301901178.0,1723983380.0,67122395199.99999,0.00449777122971321
2025-08-04,5.42,5.53,5.41,5.52,213641771.0,1220471681.0,67122395199.99999,0.003182868703707999
2025-08-05,5.5,5.62,5.49,5.61,185877099.0,1081246816.0,67122395199.99999,0.0027692262537139024
2025-08-06,5.62,5.68,5.61,5.66,163142630.0,960910864.0,67122395199.99999,0.002430524559111681
2025-08-07,5.65,5.78,5.62,5.75,195623048.0,1169117366.0,67122395199.99999,0.0029144229346571354
2025-08-08,5.77,5.8,5.7,5.77,142301913.0,853261694.0,67122395199.99999,0.0021200362796350274
2025-08-11,5.75,5.77,5.69,5.71,169812037.0,1014314227.0,67122395199.99999,0.0025298864334924688
2025-08-12,5.71,5.83,5.71,5.75,147051291.0,886074649.0,67122395199.99999,0.0021907932600116753
2025-08-13,5.78,5.82,5.72,5.78,182104195.0,1096572346.0,67122395199.99999,0.002713016936558903
2025-08-14,5.77,5.9,5.76,5.87,188325653.0,1149820069.0,67122395199.99999,0.0028057051962889434
2025-08-15,5.87,5.9,5.71,5.76,296116725.0,1779734173.0,67122395199.99999,0.004411593539200759
2025-08-18,5.73,5.84,5.7,5.8,201219695.0,1214990332.0,67122395199.99999,0.0029978026618454165
2025-08-19,5.81,5.93,5.8,5.9,163759601.0,1005156486.0,67122395199.99999,0.0024397162901004465
2025-08-20,5.89,5.95,5.86,5.9,153501477.0,946316999.0,67122395199.99999,0.00228688914545767
2025-08-21,5.87,6.02,5.85,5.97,174323657.0,1082539993.0,67122395199.99999,0.002597101257793018
2025-08-22,5.98,6.04,5.93,5.96,198945647.0,1238560948.0,67122395199.99999,0.00296392353710286
2025-08-25,5.92,6.02,5.86,6.01,197613872.0,1220361894.0,67122395199.99999,0.002944082543705175
2025-08-26,5.99,6.14,5.97,6.01,173238643.0,1094705887.0,67122395199.99999,0.00258093654858133
2025-08-27,5.99,6.0,5.74,5.75,257194324.0,1564740592.0,67122395199.99999,0.003831721487793392
2025-08-28,5.75,5.79,5.64,5.75,209290770.0,1249028519.0,67122395199.99999,0.003118046806529932
2025-08-29,5.74,5.86,5.73,5.79,191559731.0,1158614899.0,67122395199.99999,0.0028538869989550076
2025-09-01,5.8,5.9,5.74,5.84,195747396.0,1192815640.0,67122395199.99999,0.002916275490717292
2025-09-02,5.84,5.96,5.82,5.95,207506223.0,1279202994.0,67122395199.99999,0.003091460344668988
2025-09-03,5.97,6.01,5.93,5.95,176137382.0,1097516640.0,67122395199.99999,0.002624122418086773
2025-09-04,5.95,6.17,5.86,6.13,319496089.0,2004963254.0,67122395199.99999,0.0047599029809353415
2025-09-05,6.09,6.11,5.93,5.94,183063786.0,1144330103.0,67122395199.99999,0.0027273130741913695
2025-09-08,5.92,6.04,5.9,5.97,144353266.0,901437146.0,67122395199.99999,0.0021505976592444366
2025-09-09,5.98,6.04,5.95,5.99,100370677.0,626805440.0,67122395199.99999,0.0014953381311994661
2025-09-10,6.0,6.03,5.94,5.99,112203388.0,701131156.0,67122395199.99999,0.0016716237206028668
2025-09-11,5.99,6.03,5.93,6.01,137183227.0,854430281.0,67122395199.99999,0.0020437772905934682
2025-09-12,6.0,6.03,5.95,5.98,93498425.0,583693402.0,67122395199.99999,0.0013929542401073317
2025-09-15,5.98,6.03,5.92,5.96,105456147.0,657205274.0,67122395199.99999,0.001571102263049159
2025-09-16,5.96,5.99,5.9,5.92,105700474.0,654636452.0,67122395199.99999,0.0015747422851203619
2025-09-17,5.9,5.97,5.88,5.95,110205246.0,682502152.0,67122395199.99999,0.0016418550868399287
2025-09-18,5.94,5.96,5.79,5.82,155356515.0,949967921.0,67122395199.99999,0.0023145257933227035
2025-09-19,5.79,5.86,5.75,5.79,118325836.0,717455632.0,67122395199.99999,0.0017628369137816468
2025-09-22,5.79,5.84,5.7,5.71,103047773.0,618654785.0,67122395199.99999,0.0015352219284332097
2025-09-23,5.69,5.85,5.64,5.8,153816605.0,928951152.0,67122395199.99999,0.002291583971961716
2025-09-24,5.82,5.92,5.79,5.81,119066775.0,725819558.0,67122395199.99999,0.0017738755395308064
2025-09-25,5.8,5.81,5.66,5.73,131313561.0,782126048.0,67122395199.99999,0.0019563300834056054
2025-09-26,5.71,5.75,5.68,5.69,91980616.0,547732819.0,67122395199.99999,0.0013703416829201592
2025-09-29,5.7,5.71,5.54,5.59,144599131.0,844954130.0,67122395199.99999,0.00215426059468152
2025-09-30,5.6,5.61,5.47,5.51,121157786.0,697247935.0,67122395199.99999,0.0018050277502612126
2025-10-09,5.49,5.5,5.4,5.47,128833567.0,731862885.0,67122395199.99999,0.0019193827427660094
2025-10-10,5.45,5.5,5.42,5.43,132011708.0,750999875.0,67122395199.99999,0.0019667311872088858
2025-10-13,5.39,5.42,5.3,5.38,175229709.0,980684233.0,67122395199.99999,0.0026105997629834285
2025-10-14,5.38,5.47,5.32,5.47,209315815.0,1182289335.0,67122395199.99999,0.003118419930878748
2025-10-15,5.45,5.47,5.39,5.46,168587207.0,954905816.0,67122395199.99999,0.0025116387235239786
2025-10-16,5.45,5.52,5.43,5.51,190536094.0,1089931823.0,67122395199.99999,0.0028386366939420543
2025-10-17,5.51,5.55,5.46,5.48,173510843.0,996397302.0,67122395199.99999,0.0025849918269901075
2025-10-20,5.47,5.47,5.35,5.45,183867898.0,1040462054.0,67122395199.99999,0.00273929286122972
2025-10-21,5.45,5.46,5.4,5.44,142002487.0,804275322.0,67122395199.99999,0.002115575383996428
2025-10-22,5.44,5.51,5.43,5.49,160355711.0,915253282.0,67122395199.99999,0.002389004601552121
2025-10-23,5.5,5.75,5.5,5.75,362298939.0,2149506535.0,67122395199.99999,0.005397586571821263
2025-10-24,5.74,5.78,5.67,5.74,207603776.0,1240949559.0,67122395199.99999,0.0030929137046051066
2025-10-27,5.71,5.84,5.61,5.76,185379494.0,1108503978.0,67122395199.99999,0.0027618128561657765
2025-10-28,5.76,5.88,5.72,5.82,161202013.0,975826079.0,67122395199.99999,0.0024016129418456753
2025-10-29,5.82,5.82,5.69,5.7,177611252.0,1063209905.0,67122395199.99999,0.002646080365141678
2025-10-30,5.71,5.77,5.65,5.67,138261601.0,821576127.0,67122395199.99999,0.0020598430760408863
2025-10-31,5.63,5.66,5.47,5.51,236360316.0,1361483608.0,67122395199.99999,0.0035213331600538597
2025-11-03,5.5,5.57,5.49,5.54,188860728.0,1089838519.0,67122395199.99999,0.0028136768277899596
2025-11-04,5.53,5.7,5.53,5.68,222202381.0,1308524510.0,67122395199.99999,0.0033104060178114746
2025-11-05,5.68,5.72,5.64,5.67,153550164.0,910488348.0,67122395199.99999,0.0022876144920406538
2025-11-06,5.66,5.69,5.6,5.61,146057775.0,857496376.0,67122395199.99999,0.0021759917023938384
2025-11-07,5.62,5.66,5.54,5.56,136695027.0,794850709.0,67122395199.99999,0.0020365040102144627
2025-11-10,5.54,5.6,5.53,5.59,110389471.0,641451012.0,67122395199.99999,0.0016445996998629157
2025-11-11,5.59,5.62,5.56,5.59,91275950.0,531665101.0,67122395199.99999,0.0013598434580296384
2025-11-12,5.6,5.69,5.6,5.63,168569940.0,992500220.0,67122395199.99999,0.0025113814770424047
2025-11-13,5.63,5.65,5.53,5.57,179635293.0,1043418873.0,67122395199.99999,0.0026762348462797407
2025-11-14,5.56,5.64,5.55,5.59,193676651.0,1132187588.0,67122395199.99999,0.0028854252060421114
2025-11-17,5.58,5.59,5.46,5.46,228884769.0,1311378526.0,67122395199.99999,0.0034099612851717785
2025-11-18,5.47,5.48,5.42,5.43,121158200.0,686854360.0,67122395199.99999,0.0018050339180983221
2025-11-19,5.43,5.51,5.43,5.49,152298698.0,871513944.0,67122395199.99999,0.002268969954755131
2025-11-20,5.48,5.72,5.47,5.67,316272312.0,1858439120.0,67122395199.99999,0.004711874644187311
2025-11-21,5.65,5.7,5.57,5.57,211323605.0,1243660629.0,67122395199.99999,0.0031483323020630232
2025-11-24,5.58,5.66,5.55,5.55,219416605.0,1284051767.0,67122395199.99999,0.003268903088845674
2025-11-25,5.56,5.65,5.51,5.64,203257784.0,1184817981.0,67122395199.99999,0.0030281664322968026
2025-11-26,5.63,5.68,5.52,5.55,172897573.0,1005134374.0,67122395199.99999,0.002575855234081397
2025-11-27,5.54,5.56,5.49,5.55,134873229.0,777252505.0,67122395199.99999,0.00200936257709707
2025-11-28,5.53,5.54,5.43,5.45,245965697.0,1401306759.0,67122395199.99999,0.0036644356368260235
2025-12-01,5.43,5.47,5.42,5.47,153144255.0,870147016.0,67122395199.99999,0.002281567195921519
2025-12-02,5.46,5.48,5.42,5.44,113725100.0,645574363.0,67122395199.99999,0.0016942944252978627
2025-12-03,5.43,5.45,5.36,5.37,171943775.0,967379726.0,67122395199.99999,0.002561645401473993
2025-12-04,5.37,5.38,5.32,5.34,107342802.0,597787798.0,67122395199.99999,0.0015992099459525844
2025-12-05,5.33,5.36,5.29,5.33,125374124.0,695569012.0,67122395199.99999,0.0018678434168868875
2025-12-08,5.32,5.36,5.31,5.34,121695559.0,677312855.0,67122395199.99999,0.0018130395769905424
2025-12-09,5.34,5.34,5.29,5.31,130664171.0,724633932.0,67122395199.99999,0.0019466553690563179
2025-12-10,5.3,5.32,5.22,5.23,155935131.0,854032181.0,67122395199.99999,0.0023231461054893945
2025-12-11,5.23,5.25,5.2,5.25,119184230.0,648560503.0,67122395199.99999,0.0017756254025929042
2025-12-12,5.24,5.24,5.18,5.19,150413301.0,815124142.0,67122395199.99999,0.002240881013733551
2025-12-15,5.19,5.22,5.17,5.18,112849800.0,610740584.0,67122395199.99999,0.0016812540682398058
2025-12-16,5.18,5.2,5.12,5.13,117874500.0,632567798.0,67122395199.99999,0.0017561128390722268
2025-12-17,5.12,5.19,5.09,5.16,139150600.0,746644389.0,67122395199.99999,0.002073087522955379
2025-12-18,5.15,5.23,5.14,5.22,125525803.0,679160243.0,67122395199.99999,0.001870103154483379
2025-12-19,5.2,5.24,5.18,5.2,129981356.0,705719101.0,67122395199.99999,0.0019364826838002946
2025-12-22,5.2,5.23,5.18,5.21,106572794.0,578410528.0,67122395199.99999,0.0015877382456697554
2025-12-23,5.21,5.24,5.2,5.23,135820000.0,739088014.0,67122395199.99999,0.0020234677203533405
2025-12-24,5.23,5.24,5.16,5.18,143552424.0,777017627.0,67122395199.99999,0.0021386665891803577
2025-12-25,5.18,5.22,5.17,5.19,95521020.0,517671932.0,67122395199.99999,0.0014230871785099828
2025-12-26,5.19,5.2,5.16,5.18,79642258.0,429923937.0,67122395199.99999,0.0011865228849878707
2025-12-29,5.18,5.24,5.15,5.22,147727999.0,802044498.0,67122395199.99999,0.002200874962221253
2025-12-30,5.23,5.26,5.19,5.24,143988644.0,785206615.0,67122395199.99999,0.0021451654633444905
2025-12-31,5.23,5.25,5.21,5.23,107640400.0,587212337.0,67122395199.99999,0.0016036436077596946
2026-01-05,5.24,5.26,5.19,5.23,154599700.0,841161696.0,67122395199.99999,0.002303250644428732
2026-01-06,5.24,5.28,5.2,5.28,143586976.0,785410825.0,67122395199.99999,0.002139181350310336
2026-01-07,5.27,5.29,5.21,5.21,156535459.0,854727894.0,67122395199.99999,0.0023320898864467223
2026-01-08,5.22,5.23,5.18,5.19,117765850.0,637821382.0,67122395199.99999,0.001754494154284888
2026-01-09,5.19,5.21,5.16,5.2,152938472.0,826709112.0,67122395199.99999,0.0022785014084241145
2026-01-12,5.22,5.25,5.18,5.24,146165688.0,778096777.0,67122395199.99999,0.0021775994072392698
2026-01-13,5.24,5.3,5.23,5.27,158350731.0,850316628.0,67122395199.99999,0.0023591340941897737
2026-01-14,5.26,5.26,5.16,5.18,215286500.0,1141083471.0,67122395199.99999,0.0032073721350158258
2026-01-15,5.17,5.18,5.07,5.08,161967392.0,845011009.0,67122395199.99999,0.0024130156785585033
2026-01-16,5.09,5.1,5.04,5.07,152145601.0,785737695.0,67122395199.99999,0.002266689091571631
2026-01-19,5.06,5.07,5.04,5.04,109127931.0,562462400.0,67122395199.99999,0.0016258050785410592
2026-01-20,5.05,5.11,5.03,5.09,143241907.0,741363147.0,67122395199.99999,0.0021340404580794817
2026-01-21,5.09,5.11,4.97,4.98,201161523.0,1031041212.0,67122395199.99999,0.002996936006240731
2026-01-22,4.98,5.04,4.95,4.99,129332859.0,659006213.0,67122395199.99999,0.0019268212735054488
2026-01-23,5.0,5.01,4.94,4.95,140982956.0,714272771.0,67122395199.99999,0.002100386250817224
2026-01-26,4.94,5.0,4.92,4.98,178531589.0,905277468.0,67122395199.99999,0.002659791690508685
2026-01-27,4.97,5.03,4.95,4.96,165001246.0,841265044.0,67122395199.99999,0.0024582145125834247
2026-01-28,4.95,5.0,4.94,4.94,179134602.0,907919346.0,67122395199.99999,0.002668775473018281
2026-01-29,4.94,5.0,4.92,4.99,192185452.0,971274150.0,67122395199.99999,0.002863209088819882
2026-01-30,4.99,5.03,4.95,4.96,175652342.0,894328012.0,67122395199.99999,0.00261689621588474
2026-02-02,4.97,5.04,4.95,5.0,220926494.0,1127687518.0,67122395199.99999,0.0032913976526272714
2026-02-03,4.98,4.99,4.92,4.93,190448147.0,957880033.0,67122395199.99999,0.0028373264457046674
2026-02-04,4.93,5.02,4.93,5.01,188830212.0,959386182.0,67122395199.99999,0.0028132221956227214
2026-02-05,5.02,5.11,5.01,5.09,193097930.0,998200370.0,67122395199.99999,0.002876803329568907
2026-02-06,5.08,5.11,5.03,5.08,130518204.0,673782727.0,67122395199.99999,0.00194448072973415
2026-02-09,5.06,5.09,5.04,5.08,103248095.0,533166265.0,67122395199.99999,0.001538206357093765
2026-02-10,5.08,5.13,5.07,5.1,115119108.0,599024339.0,67122395199.99999,0.001715062575716905
2026-02-11,5.11,5.11,5.05,5.09,95946005.0,497678874.0,67122395199.99999,0.0014294186718771921
2026-02-12,5.1,5.1,5.01,5.01,127778530.0,656830369.0,67122395199.99999,0.0019036646356147913
2026-02-13,5.02,5.03,4.96,4.97,110890357.0,564476498.0,67122395199.99999,0.0016520619782650428
2026-02-24,4.98,4.99,4.93,4.95,138906210.0,701561670.0,67122395199.99999,0.002069446562300268
2026-02-25,4.94,4.96,4.92,4.92,218603585.0,1100226371.0,67122395199.99999,0.003256790589022366
2026-02-26,4.93,4.93,4.88,4.89,142882205.0,713345031.0,67122395199.99999,0.002128681561113302
2026-02-27,4.89,4.91,4.87,4.88,111965829.0,557382814.0,67122395199.99999,0.0016680845292600644
2026-03-02,4.87,4.93,4.86,4.9,140690781.0,701198617.0,67122395199.99999,0.0020960333817169863
2026-03-03,4.9,4.97,4.88,4.94,233125401.0,1173389746.0,67122395199.99999,0.0034731388876301605
2026-03-04,4.93,4.94,4.82,4.84,240432466.0,1188249053.0,67122395199.99999,0.0035820006911791496
2026-03-05,4.83,4.9,4.83,4.89,148954732.0,738593198.0,67122395199.99999,0.0022191510233830277
2026-03-06,4.89,4.93,4.87,4.91,101890612.0,507959434.0,67122395199.99999,0.0015179823618689937
2026-03-09,4.89,4.93,4.86,4.88,174668839.0,870135841.0,67122395199.99999,0.0026022438335156434
2026-03-10,4.89,4.9,4.86,4.89,106968566.0,531693770.0,67122395199.99999,0.0015936345191686486
2026-03-11,4.89,4.93,4.87,4.93,138768749.0,694371449.0,67122395199.99999,0.0020673986467038353
2026-03-12,4.93,4.96,4.92,4.96,168606197.0,850259470.0,67122395199.99999,0.002511921639530528
2026-03-13,4.95,5.02,4.93,4.98,165637888.0,841611420.0,67122395199.99999,0.00246769930522384
2026-03-16,4.98,5.03,4.97,5.01,150864000.0,769805301.0,67122395199.99999,0.0022475955983167896
2026-03-17,5.0,5.09,4.99,5.07,185358743.0,957063043.0,67122395199.99999,0.002761503704504276
2026-03-18,5.07,5.07,4.98,5.03,168187845.0,863063931.0,67122395199.99999,0.0025056889656404875
2026-03-19,5.0,5.05,4.98,5.0,136564057.0,698568559.0,67122395199.99999,0.002034552798556867
2026-03-20,4.98,5.03,4.95,4.95,125536940.0,637893475.0,67122395199.99999,0.0018702690752608901
2026-03-23,4.94,4.95,4.78,4.79,243137339.0,1199519940.0,67122395199.99999,0.00362229831452737
2026-03-24,4.83,4.93,4.82,4.93,182490601.0,908977784.0,67122395199.99999,0.0027187736739168094
2026-03-25,4.93,4.98,4.87,4.98,127016810.0,638528927.0,72527800605.0,0.0017512844583797234
2026-03-26,4.97,5.03,4.96,5.01,146832852.0,750025009.0,72527800605.0,0.002024504407622661
2026-03-27,5.0,5.02,4.95,4.96,107500316.0,546130830.0,72527800605.0,0.0014821946219694
2026-03-30,4.93,4.99,4.91,4.98,131010391.0,662281777.0,72527800605.0,0.0018063472200612722
2026-03-31,4.99,5.07,4.98,5.03,191257340.0,983887793.0,72527800605.0,0.0026370210926651883
2026-04-01,5.05,5.08,4.99,5.01,130281563.0,668683083.0,72527800605.0,0.0017962982733964016
2026-04-02,5.01,5.09,5.0,5.08,192230559.0,993306482.0,72527800605.0,0.002650439657572462
2026-04-03,5.08,5.08,4.97,5.02,152816581.0,781457074.0,72527800605.0,0.0021070069645744223
2026-04-07,5.01,5.02,4.93,4.97,135810355.0,685775863.0,72527800605.0,0.00187252824251005
2026-04-08,4.96,4.96,4.93,4.95,137903979.0,695888997.0,72527800605.0,0.0019013947458720129
2026-04-09,4.94,4.96,4.92,4.93,88167655.0,443307944.0,72527800605.0,0.0012156394412147912
2026-04-10,4.93,4.93,4.9,4.91,97386704.0,487578738.0,72527800605.0,0.0013427499963825768
2026-04-13,4.9,4.91,4.86,4.9,123498300.0,613690382.0,72527800605.0,0.0017027718884320634
2026-04-14,4.9,4.95,4.89,4.95,132718231.0,666102769.0,72527800605.0,0.0018298946044539304
2026-04-15,4.95,5.03,4.94,5.01,171454169.0,872663178.0,72527800605.0,0.0023639786064073767
2026-04-16,5.01,5.04,4.95,4.97,124408300.0,632675908.0,72527800605.0,0.001715318801373158
2026-04-17,4.96,4.99,4.94,4.97,71009382.0,359580352.0,72527800605.0,0.0009790643230273921
2026-04-20,4.97,5.09,4.96,5.08,233223192.0,1198211487.0,72527800605.0,0.003215638555899099
2026-04-21,5.08,5.17,5.07,5.11,184370370.0,963140407.0,72527800605.0,0.002542064814623507
2026-04-22,5.11,5.13,5.06,5.06,112356510.0,582413710.0,72527800605.0,0.0015491509333354064
2026-04-23,5.06,5.11,5.05,5.09,105753300.0,548816181.0,72527800605.0,0.0014581070860807195
2026-04-24,5.1,5.1,5.06,5.08,97936171.0,507208839.0,72527800605.0,0.0013503259465067574
2026-04-27,5.07,5.13,5.03,5.05,107008753.0,553454358.0,72527800605.0,0.0014754170415671327
2026-04-28,5.04,5.1,5.03,5.1,110847560.0,574081279.0,72527800605.0,0.0015283458077502805
2026-04-29,5.1,5.1,5.0,5.05,136372000.0,701714891.0,72527800605.0,0.0018802721006625789
2026-04-30,5.02,5.03,4.94,4.97,184672020.0,936999189.0,72527800605.0,0.0025462239094462334
2026-05-06,4.97,4.98,4.93,4.96,147373521.0,742314473.0,72527800605.0,0.002031959052537989
2026-05-07,4.95,4.97,4.93,4.94,105728882.0,533824271.0,72527800605.0,0.0014577704151794058
2026-05-08,4.94,4.97,4.93,4.93,101764859.0,512929258.0,72527800605.0,0.0014031151937755634
2026-05-11,4.93,4.96,4.91,4.95,126806629.0,636831913.0,72527800605.0,0.0017483865213370068
2026-05-12,4.94,4.97,4.93,4.93,95662330.0,482224423.0,72527800605.0,0.0013189746442332504
2026-05-13,4.93,4.94,4.91,4.91,102012257.0,511243758.0,72527800605.0,0.001406526271981938
2026-05-14,4.91,4.94,4.9,4.93,102383949.0,514195871.0,72527800605.0,0.001411651093042269
2026-05-15,4.93,4.93,4.86,4.88,163604980.0,815288695.0,72527800605.0,0.0022557554294390285
2026-05-18,4.87,4.9,4.83,4.88,116038055.0,574708072.0,72527800605.0,0.001599911399932903
2026-05-19,4.88,4.93,4.86,4.87,117328440.0,584198439.0,72527800605.0,0.001617702991422457
2026-05-20,4.87,4.87,4.81,4.82,109284276.0,538121694.0,72527800605.0,0.0015067915349478561
2026-05-21,4.83,4.87,4.81,4.83,102833018.0,507557313.0,72527800605.0,0.0014178427739736366
2026-05-22,4.83,4.86,4.78,4.85,135941423.0,668035689.0,72527800605.0,0.0018743353840324274
2026-05-25,4.84,4.89,4.84,4.88,94764470.0,470260866.0,72527800605.0,0.00130659511538348
2026-05-26,4.88,4.92,4.86,4.9,116186728.0,579018058.0,72527800605.0,0.001601961275963333
2026-05-27,4.9,4.92,4.87,4.9,106180756.0,529316729.0,72527800605.0,0.0014640007709358278
2026-05-28,4.9,4.91,4.84,4.85,90296197.0,446940626.0,72527800605.0,0.0012449873875504652
2026-05-29,4.85,4.93,4.82,4.89,143026663.0,712071381.0,72527800605.0,0.0019720253724354615
2026-06-01,4.89,4.93,4.87,4.93,121740691.0,608867044.0,72527800605.0,0.0016785382982040587
2026-06-02,4.92,4.95,4.89,4.92,136253984.0,683645785.0,72527800605.0,0.0018786449177200994
2026-06-03,4.92,4.93,4.87,4.89,112884568.0,562370309.0,72527800605.0,0.0015564317000978773
2026-06-04,4.88,4.91,4.83,4.84,101914040.0,503959823.0,72527800605.0,0.0014051720740167343
2026-06-05,4.85,4.89,4.83,4.87,111269789.0,550999194.0,72527800605.0,0.0015341674236889677
2026-06-08,4.86,4.91,4.84,4.89,130733749.0,650423963.0,72527800605.0,0.0018025329309515465
2026-06-09,4.88,4.93,4.87,4.9,118970501.0,594042894.0,72527800605.0,0.001640343427038904
2026-06-10,4.9,4.99,4.89,4.98,247035137.0,1249087615.0,72527800605.0,0.0034060751179454574
2026-06-11,4.97,5.0,4.95,5.0,155137136.0,788661875.0,72527800605.0,0.0021390023509041166
2026-06-12,4.97,5.1,4.96,5.1,264846675.0,1365146356.0,72527800605.0,0.0036516573340256743
2026-06-15,5.07,5.08,4.98,5.01,196714972.0,1009691361.0,72527800605.0,0.002712269920762476
2026-06-16,5.0,5.01,4.93,4.94,124169699.0,628486971.0,72527800605.0,0.0017120290145878193
2026-06-17,4.95,4.99,4.88,4.89,164223018.0,822969430.0,72527800605.0,0.0022642768239228618
2026-06-18,4.89,4.89,4.77,4.77,285344240.0,1396427279.0,72527800605.0,0.003934273997277792
2026-06-22,4.76,4.85,4.67,4.83,224063688.0,1088883368.0,72527800605.0,0.00308934899625997
2026-06-23,4.83,5.0,4.82,4.96,312242626.0,1573976946.0,72527800605.0,0.004305144005407414
2026-06-24,4.95,4.98,4.83,4.83,195933004.0,977310594.0,72527800605.0,0.002701488289533111
2026-06-25,4.82,4.89,4.8,4.81,150093988.0,738814451.0,72527800605.0,0.0020694683521073525
2026-06-26,4.81,4.85,4.77,4.83,140886965.0,690541391.0,72527800605.0,0.0019425236092198194
2026-06-29,4.82,4.9,4.72,4.88,173438883.0,852340325.0,72527800605.0,0.0023913434786831697
2026-06-30,4.86,4.87,4.76,4.84,155219582.0,760097893.0,72527800605.0,0.0021401391012165795
2026-07-01,4.82,4.9,4.8,4.84,118868815.0,587714916.0,72527800605.0,0.0016389413991385435
2026-07-02,4.86,4.91,4.82,4.87,123893921.0,613557906.0,72527800605.0,0.0017082266381514795
2026-07-03,4.86,4.9,4.82,4.85,108817616.0,538060177.0,72527800605.0,0.001500357312537866
2026-07-06,4.85,4.9,4.8,4.89,136482025.0,675817891.0,72527800605.0,0.0018817891051640557
2026-07-07,4.88,4.94,4.85,4.93,137488521.0,686310054.0,72527800605.0,0.0018956664872382973
2026-07-08,4.92,4.98,4.88,4.96,139213172.0,703888393.0,72527800605.0,0.0019194456586127716
2026-07-09,4.93,4.96,4.88,4.91,139525078.0,698573517.0,72527800605.0,0.0019237461612806892
2026-07-10,4.89,4.94,4.88,4.94,147035511.0,736226108.0,72527800605.0,0.0020272986327102755
2026-07-13,4.94,5.05,4.92,5.05,189820891.0,950669948.0,72527800605.0,0.0026172155975582407
2026-07-14,5.02,5.05,4.99,5.04,156648431.0,786433883.0,72527800605.0,0.0021598398089187447
2026-07-15,5.0,5.09,4.99,5.09,153767908.0,776266716.0,72527800605.0,0.002120123686604656
2026-07-16,5.08,5.1,5.03,5.05,117205954.0,593464396.0,72527800605.0,0.001616014176940586
2026-07-17,5.04,5.11,5.03,5.09,171285464.0,872262483.0,72527800605.0,0.002361652532838446
2026-07-20,5.06,5.19,5.05,5.18,231416919.0,1191426648.0,72527800605.0,0.0031907339953728907
2026-07-21,5.2,5.22,5.04,5.05,226240506.0,1159267590.0,72527800605.0,0.003119362563221077
2026-07-22,5.03,5.11,5.0,5.11,143903725.0,727671028.0,72527800605.0,0.001984118142279354
2026-07-23,5.1,5.13,5.08,5.11,110689268.0,565102578.0,72527800605.0,0.001526163306713718
2026-07-24,5.12,5.15,5.08,5.12,155629931.0,795168122.0,72527800605.0,0.002145796917896212
2026-07-27,5.13,5.14,5.07,5.09,142983690.0,729861086.0,72527800605.0,0.001971432868600497
2026-07-28,5.11,5.2,5.09,5.2,205897308.0,1063412183.0,72527800605.0,0.0028388742838260784
2026-07-29,5.21,5.22,5.11,5.12,177481246.0,915474178.0,72527800605.0,0.0024470788376252596
2026-07-30,5.12,5.22,5.11,5.22,201818429.0,1047169752.0,72527800605.0,0.0027826354489796402
2026-07-31,5.16,5.18,5.07,5.18,257673181.0,1318883334.0,72527800605.0,0.003552750515672417
2026-08-03,5.14,5.19,5.11,5.14,178232766.0,916434652.0,72527800605.0,0.0024574406574203052
2026-08-04,5.13,5.14,5.02,5.02,226047487.0,1142084276.0,72527800605.0,0.0031167012526837398
2026-08-05,5.02,5.03,4.96,4.96,184727040.0,919648289.0,72527800605.0,0.002546982515105595
2026-08-06,4.97,4.99,4.92,4.97,177414820.0,879122961.0,72527800605.0,0.0024461629681318256
2026-08-07,4.96,4.98,4.93,4.96,133633887.0,661907718.0,72527800605.0,0.0018425195012846895
2026-08-10,4.95,4.99,4.94,4.96,113789841.0,565322842.0,72527800605.0,0.0015689134380307602
2026-08-11,4.96,4.98,4.94,4.96,97204700.0,481756538.0,72527800605.0,0.0013402405586430922
2026-08-12,4.95,4.96,4.92,4.93,106837657.0,527253288.0,72527800605.0,0.0014730580013291442
2026-08-13,4.92,4.95,4.91,4.95,115721427.0,570608076.0,72527800605.0,0.0015955457911958559
