date,open,high,low,close,volume,amount,outstanding_share,turnover
2020-11-02,33.57,40.27,33.57,36.64,128229918.0,4932696572.0,260278568.0,0.4926641443639724
2020-11-03,37.33,40.3,37.33,40.3,88929090.0,3591100466.0,260278568.0,0.34166889223088087
2020-11-04,40.38,44.1,39.51,43.05,107506308.0,4640883073.0,260278568.0,0.4130432590976911
2020-11-05,43.12,46.82,41.81,45.87,103743458.0,4663809428.0,260278568.0,0.3985862485611954
2020-11-06,46.79,50.45,46.04,50.45,81665756.0,4084182394.0,260278568.0,0.3137628911497623
2020-11-09,52.48,55.5,49.91,55.5,60169196.0,3253930566.0,260278568.0,0.23117230305339623
2020-11-10,57.33,61.05,56.85,58.41,94085665.0,5699568912.0,260278568.0,0.361480646381918
2020-11-11,57.14,59.46,53.6,57.92,95439044.0,5587111363.0,260278568.0,0.36668037915438356
2020-11-12,56.53,56.53,53.33,54.63,66992174.0,3764698506.0,260278568.0,0.25738643990080656
2020-11-13,53.46,57.82,53.0,55.59,67153813.0,3858627467.0,260278568.0,0.2580074629886545
2020-11-16,55.2,58.89,54.14,58.68,73701491.0,4300081663.0,260278568.0,0.28316388693209654
2020-11-17,57.66,59.83,56.73,57.27,65070350.0,3876629854.0,260278568.0,0.25000272016249914
2020-11-18,56.93,59.76,56.93,58.31,62028050.0,3733895312.0,260278568.0,0.2383140896948534
2020-11-19,57.14,57.33,53.98,55.52,63103803.0,3612339637.0,260278568.0,0.24244717298429275
2020-11-20,54.95,57.64,54.11,56.71,48822059.0,2801798986.0,260278568.0,0.18757617799710655
2020-11-23,56.65,62.39,56.07,60.25,85773115.0,5285942618.0,260278568.0,0.3295435181585908
2020-11-24,59.45,61.3,59.08,60.98,60919948.0,3779559287.0,260278568.0,0.234056720336651
2020-11-25,61.32,61.98,58.48,58.48,46383279.0,2852453028.0,260278568.0,0.17820629395809492
2020-11-26,57.88,61.02,57.51,60.44,49269304.0,3014637572.0,260278568.0,0.1892945100266573
2020-11-27,59.75,61.18,57.82,61.17,54134012.0,3333701416.0,260278568.0,0.207984900239654
2020-11-30,62.08,67.3,61.18,63.35,98332620.0,6562023097.0,260278568.0,0.3777976064475658
2020-12-01,62.1,69.38,61.51,66.1,77050640.0,5106028203.0,260278568.0,0.2960314427425311
2020-12-02,65.12,69.0,64.63,66.08,65180946.0,4448606307.0,260278568.0,0.25042763413390223
2020-12-03,65.11,66.05,63.8,64.12,42472076.0,2828490565.0,260278568.0,0.16317930564302166
2020-12-04,63.03,63.36,61.09,61.9,38765332.0,2480211243.0,260278568.0,0.14893785645846952
2020-12-07,61.34,62.68,61.34,61.66,24212722.0,1544590507.0,260278568.0,0.0930261841612714
2020-12-08,61.12,62.68,61.12,61.95,23395373.0,1492972121.0,260278568.0,0.08988589871141446
2020-12-09,61.96,62.35,57.88,58.94,37908543.0,2358165649.0,260278568.0,0.14564604105244655
2020-12-10,57.99,59.65,57.46,58.5,28469702.0,1720869977.0,260278568.0,0.10938166065213636
2020-12-11,58.84,58.99,58.07,58.78,21504646.0,1294879274.0,260278568.0,0.08262165481101003
2020-12-14,58.34,58.59,56.49,57.77,25727832.0,1522460984.0,260278568.0,0.09884729348902827
2020-12-15,57.33,60.52,56.85,59.76,32106226.0,1935275191.0,260278568.0,0.12335332196848417
2020-12-16,59.47,59.66,58.06,58.32,24620809.0,1490455342.0,260278568.0,0.09459406968921083
2020-12-17,58.12,63.83,58.06,63.12,59163704.0,3755026734.0,260278568.0,0.2273091651556958
2020-12-18,62.09,62.95,61.34,61.56,34974047.0,2232748805.0,260278568.0,0.13437159758770456
2020-12-21,61.21,64.12,60.56,63.12,38011622.0,2431946165.0,260278568.0,0.1460420744285023
2020-12-22,62.58,66.08,61.51,61.61,48997723.0,3220691239.0,260278568.0,0.18825108565988422
2020-12-23,62.0,65.04,61.69,63.97,44603955.0,2911637928.0,260278568.0,0.17137006455329815
2020-12-24,63.92,65.85,63.24,63.65,36135440.0,2397277240.0,260278568.0,0.13883371296249025
2020-12-25,63.26,65.68,62.05,64.69,37352705.0,2464124182.0,260278568.0,0.14351049065246124
2020-12-28,64.28,66.44,63.71,65.53,33721425.0,2259168957.0,260278568.0,0.12955897698038665
2020-12-29,66.07,68.97,65.6,66.22,43450115.0,2995624365.0,260278568.0,0.16693696808720723
2020-12-30,65.3,68.59,63.81,68.22,47202137.0,3237877876.0,260278568.0,0.18135237704243093
2020-12-31,69.02,74.59,68.32,73.15,54770372.0,4052986764.0,260278568.0,0.2104298191774284
2021-01-04,74.54,75.5,70.84,72.74,53531386.0,4007216078.0,260278568.0,0.20566958859248066
2021-01-05,71.81,73.79,69.03,70.75,53489902.0,3914934640.0,260278568.0,0.20551020551181148
2021-01-06,70.73,72.15,69.5,70.27,36119061.0,2638883841.0,260278568.0,0.13877078423145467
2021-01-07,69.77,71.22,68.7,70.89,37058863.0,2662672874.0,260278568.0,0.14238153869050024
2021-01-08,70.36,71.23,69.16,69.17,26053312.0,1875955423.0,260278568.0,0.10009779983114092
2021-01-11,69.17,69.75,65.8,66.09,35033053.0,2423514684.0,260278568.0,0.1345983008481897
2021-01-12,65.5,72.48,65.45,71.53,53030573.0,3764225384.0,260278568.0,0.20374544630197905
2021-01-13,70.75,71.81,68.02,68.29,39848031.0,2859913433.0,260278568.0,0.15309762653988476
2021-01-14,68.03,68.21,65.58,65.59,27964317.0,1907950311.0,260278568.0,0.10743995256651327
2021-01-15,65.61,67.54,65.61,66.13,21306910.0,1456782935.0,260278568.0,0.08186194569811833
2021-01-18,65.55,67.9,64.91,66.13,21037890.0,1440264773.0,260278568.0,0.08082836078919875
2021-01-19,65.89,69.34,65.21,67.71,33019434.0,2307137171.0,260278568.0,0.12686190128416566
2021-01-20,67.2,68.98,66.86,67.53,22415136.0,1564603814.0,260278568.0,0.08611979146896183
2021-01-21,68.59,70.32,67.64,69.14,33682526.0,2397669168.0,260278568.0,0.12940952556646923
2021-01-22,68.5,68.5,66.09,66.81,27795738.0,1920686932.0,260278568.0,0.10679226573891401
2021-01-25,66.28,67.49,65.49,66.08,21290686.0,1453694283.0,260278568.0,0.0817996124828841
2021-01-26,65.5,65.61,62.67,62.71,27893536.0,1826846382.0,260278568.0,0.10716800931531174
2021-01-27,62.89,63.43,62.19,62.68,15017289.0,970283354.0,260278568.0,0.05769698640727115
2021-01-28,61.72,63.79,60.3,62.24,18548850.0,1187453934.0,260278568.0,0.07126537594904855
2021-01-29,62.87,62.96,58.65,59.29,22171879.0,1376170776.0,260278568.0,0.08518518897030354
2021-02-01,60.21,60.41,58.89,59.2,14175662.0,868705374.0,260278568.0,0.0544634239727337
2021-02-02,59.53,59.92,57.82,59.83,19540490.0,1184223682.0,260278568.0,0.07507529394429432
2021-02-03,59.29,59.68,57.91,57.94,16701777.0,1009858143.0,260278568.0,0.06416885235053238
2021-02-04,57.33,58.78,54.63,58.0,27694772.0,1611090008.0,260278568.0,0.10640435058794391
2021-02-05,57.33,60.51,57.05,58.79,25246344.0,1535870911.0,260278568.0,0.09699739857182556
2021-02-08,58.79,62.08,57.82,61.34,28452210.0,1766607933.0,260278568.0,0.10931445573344326
2021-02-09,60.89,62.93,60.33,61.35,24711243.0,1569763482.0,260278568.0,0.0949415205019877
2021-02-10,60.93,61.88,60.36,60.8,19683078.0,1235499037.0,260278568.0,0.07562312237709867
2021-02-18,61.79,62.39,60.79,61.01,19664696.0,1243175715.0,260278568.0,0.07555249804509452
2021-02-19,60.54,60.54,58.31,60.43,19280224.0,1180162549.0,260278568.0,0.07407534223102073
2021-02-22,60.49,61.21,58.31,58.36,18957409.0,1166912858.0,260278568.0,0.07283507491865408
2021-02-23,57.29,58.79,57.0,57.97,13197100.0,786683387.0,260278568.0,0.050703752142973214
2021-02-24,57.72,59.08,57.14,57.62,13474944.0,805734728.0,260278568.0,0.051771239190158753
2021-02-25,57.98,58.62,56.52,57.81,13339867.0,791158207.0,260278568.0,0.0512522683004772
2021-02-26,56.36,56.85,54.81,56.17,19887668.0,1144885405.0,260278568.0,0.07640916481452288
2021-03-01,55.97,56.56,55.29,56.56,11590459.0,666596938.0,260278568.0,0.044530977287380806
2021-03-02,56.41,56.78,55.3,55.31,11382541.0,655932590.0,260278568.0,0.043732148549395736
2021-03-03,54.96,56.23,54.67,56.01,11648463.0,667304891.0,260278568.0,0.04475383082636293
2021-03-04,55.39,55.49,52.36,52.86,18398540.0,1021799644.0,260278568.0,0.07068787930322408
2021-03-05,51.69,54.23,51.51,53.56,15044846.0,824758587.0,260278568.0,0.05780286143267854
2021-03-08,53.74,54.03,48.86,49.83,19915057.0,1059633571.0,260278568.0,0.07651439437764235
2021-03-09,49.56,49.74,46.55,46.64,23911203.0,1178678571.0,260278568.0,0.09186773687797452
2021-03-10,47.32,47.66,46.62,46.68,13411122.0,649235024.0,260278568.0,0.05152603267741968
2021-03-11,46.46,48.5,46.44,47.76,17247114.0,842618787.0,260278568.0,0.06626405751548471
2021-03-12,47.7,49.19,46.66,48.12,21523569.0,1058479660.0,260278568.0,0.08269435768526281
2021-03-15,46.89,47.4,45.68,45.77,14816202.0,707242577.0,260278568.0,0.05692440262695774
2021-03-16,46.09,46.86,45.79,46.28,10656098.0,507277065.0,260278568.0,0.040941127353981754
2021-03-17,45.91,46.85,45.88,46.45,10785392.0,514357652.0,260278568.0,0.04143787974121634
2021-03-18,46.55,48.39,46.55,47.57,20666327.0,1013439345.0,260278568.0,0.07940080183628488
2021-03-19,46.69,47.48,46.66,47.33,12998799.0,629622350.0,260278568.0,0.049941872278934624
2021-03-22,47.99,49.44,47.39,49.04,21364691.0,1065736877.0,260278568.0,0.08208394246275398
2021-03-23,49.04,50.03,47.76,49.24,21397926.0,1074653289.0,260278568.0,0.08221163257667838
2021-03-24,48.35,53.32,48.35,50.88,30662093.0,1609601097.0,260278568.0,0.11780490893126475
2021-03-25,49.56,51.1,49.46,49.61,16105540.0,830919917.0,260278568.0,0.06187808748048745
2021-03-26,49.37,49.94,49.17,49.48,12613493.0,643191608.0,260278568.0,0.04846151220564576
2021-03-29,49.17,50.33,48.8,49.55,10688888.0,546153296.0,260278568.0,0.04106710776125063
2021-03-30,49.28,50.05,49.28,49.63,9732629.0,497185540.0,260278568.0,0.03739312489225006
2021-03-31,49.17,49.37,47.43,47.62,14172664.0,699471127.0,260278568.0,0.05445190554452413
2021-04-01,47.7,48.26,47.45,48.05,9480532.0,467029382.0,260278568.0,0.036424558782726976
2021-04-02,48.29,51.04,47.98,49.69,18352657.0,933424837.0,260278568.0,0.0705115950999085
2021-04-06,49.69,50.63,49.56,49.85,13266965.0,683131850.0,260278568.0,0.05097217608789057
2021-04-07,49.72,50.29,49.0,49.31,11045018.0,561827145.0,260278568.0,0.042435372550535935
2021-04-08,48.98,50.54,48.6,49.98,16969808.0,871313029.0,260278568.0,0.06519863748443552
2021-04-09,49.32,49.81,48.67,48.7,12198867.0,615829656.0,260278568.0,0.04686850359496369
2021-04-12,48.02,48.43,46.54,46.61,11712324.0,571317790.0,260278568.0,0.0449991871785617
2021-04-13,46.53,47.08,46.31,46.75,7821807.0,376087391.0,260278568.0,0.030051675249727055
2021-04-14,46.55,47.5,46.51,47.11,9427370.0,456342523.0,260278568.0,0.036220308388971924
2021-04-15,46.87,46.93,46.27,46.42,7173389.0,343548660.0,260278568.0,0.02756042902464409
2021-04-16,46.26,46.86,46.26,46.71,6474365.0,310598040.0,260278568.0,0.024874752653472415
2021-04-19,46.55,48.88,46.17,48.6,19992396.0,984803769.0,260278568.0,0.07681153371029766
2021-04-20,48.35,52.96,48.31,49.85,27459775.0,1430502164.0,260278568.0,0.10550148331844211
2021-04-21,49.2,51.45,49.19,50.8,20296297.0,1059390788.0,260278568.0,0.07797913272674836
2021-04-22,50.8,52.09,50.21,50.33,16825714.0,883395847.0,260278568.0,0.0646450229432644
2021-04-23,50.21,51.99,50.21,51.06,15189043.0,800044075.0,260278568.0,0.05835687170370478
2021-04-26,50.8,51.21,48.2,48.24,20134846.0,1029367690.0,260278568.0,0.07735883194193692
2021-04-27,48.52,48.67,47.11,47.74,10571304.0,519361726.0,260278568.0,0.04061534563229962
2021-04-28,47.62,48.18,47.2,47.84,8827424.0,432799788.0,260278568.0,0.03391529340210601
2021-04-29,47.42,50.35,47.33,50.16,23536514.0,1191738211.0,260278568.0,0.09042816771606028
2021-04-30,49.56,50.11,48.2,48.52,17660051.0,894550497.0,260278568.0,0.06785057692495065
2021-05-06,46.68,47.14,43.67,43.67,47896137.0,2190663712.0,321012300.0,0.14920343239184292
2021-05-07,43.08,43.11,40.6,41.44,46028468.0,1968464714.0,321012300.0,0.14338537183777694
2021-05-10,40.92,41.09,40.21,40.74,23761203.0,991800576.0,321012300.0,0.07401960298717526
2021-05-11,40.43,41.66,40.4,41.34,21975046.0,928828132.0,321012300.0,0.0684554641675724
2021-05-12,40.92,41.15,40.39,41.0,14725616.0,618297724.0,321012300.0,0.045872435417583686
2021-05-13,40.53,41.37,40.48,40.8,14366572.0,605943366.0,321012300.0,0.04475396114105285
2021-05-14,40.96,44.89,40.91,44.89,46190796.0,2064548515.0,321012300.0,0.14389104716548246
2021-05-17,44.89,48.5,44.71,47.21,61123320.0,2921428735.0,321012300.0,0.19040803109413565
2021-05-18,46.4,47.89,45.87,46.8,31489883.0,1523448802.0,321012300.0,0.09809556518550847
2021-05-19,46.65,48.58,46.45,47.43,32030483.0,1574164481.0,321012300.0,0.09977961280611367
2021-05-20,47.28,51.0,47.25,49.62,48879215.0,2488880531.0,321012300.0,0.15226586333296263
2021-05-21,49.4,50.12,48.29,49.72,30871387.0,1565379388.0,321012300.0,0.09616886019632269
2021-05-24,49.37,54.41,49.37,52.75,47401803.0,2563779139.0,321012300.0,0.1476635100898003
2021-05-25,52.17,58.02,51.85,58.02,63474481.0,3643816453.0,321012300.0,0.19773223954346922
2021-05-26,60.13,61.87,58.06,58.08,82514692.0,5090393265.0,321012300.0,0.25704526586675963
2021-05-27,57.25,59.06,56.07,58.31,51162183.0,3027622211.0,321012300.0,0.1593776406698435
2021-05-28,57.46,59.76,56.96,57.82,49219080.0,2944294778.0,321012300.0,0.1533245922352508
2021-05-31,57.99,60.8,56.91,60.25,42250881.0,2559789555.0,321012300.0,0.13161763895028322
2021-06-01,59.24,59.4,56.75,58.24,38957766.0,2328601605.0,321012300.0,0.12135910680058054
2021-06-02,58.26,58.7,55.0,55.31,37722176.0,2190839304.0,321012300.0,0.11751006425610483
2021-06-03,55.31,58.95,55.3,56.76,43970760.0,2595399736.0,321012300.0,0.1369753121609359
2021-06-04,55.49,61.41,55.48,57.93,48119891.0,2876846381.0,321012300.0,0.14990045864286197
2021-06-07,57.73,59.64,56.92,58.89,34153504.0,2057465194.0,321012300.0,0.10639313197656289
2021-06-08,58.79,60.43,57.43,57.85,34249100.0,2069140135.0,321012300.0,0.10669092741929204
2021-06-09,57.98,58.06,56.24,57.63,21813698.0,1282072921.0,321012300.0,0.06795284168239037
2021-06-10,57.7,59.62,56.9,58.55,30743566.0,1841788357.0,321012300.0,0.09577067919204342
2021-06-11,58.21,60.42,57.84,59.28,42191428.0,2576168323.0,321012300.0,0.13143243420890727
2021-06-15,58.85,60.12,57.01,59.11,28405795.0,1721476623.0,321012300.0,0.08848818254004598
2021-06-16,58.31,59.04,56.36,57.51,28703718.0,1700327671.0,321012300.0,0.08941625601262007
2021-06-17,57.52,58.68,57.21,58.64,26303935.0,1572141297.0,321012300.0,0.08194058296208588
2021-06-18,57.92,63.6,57.91,61.12,48163668.0,3046063503.0,321012300.0,0.15003683036444398
2021-06-21,61.17,62.78,59.49,60.33,35064667.0,2210058905.0,321012300.0,0.10923153723393153
2021-06-22,61.03,61.66,59.11,59.87,26606322.0,1644923696.0,321012300.0,0.08288256244386898
2021-06-23,59.29,59.86,57.67,58.24,34432511.0,2068269184.0,321012300.0,0.10726227935814298
2021-06-24,57.86,59.12,57.03,57.73,22555132.0,1348468225.0,321012300.0,0.07026251642071035
2021-06-25,58.11,62.2,57.03,61.21,55354910.0,3430371394.0,321012300.0,0.17243859503202838
2021-06-28,60.64,60.64,58.79,59.79,32131478.0,1977749363.0,321012300.0,0.10009422691903083
2021-06-29,59.38,60.63,58.79,59.11,21254419.0,1300717213.0,321012300.0,0.06621060626025857
2021-06-30,59.15,60.16,58.02,59.76,24101128.0,1465672208.0,321012300.0,0.07507851879818936
2021-07-01,60.81,61.2,55.95,56.3,34949004.0,2101305236.0,321012300.0,0.108871230167816
2021-07-02,55.29,55.29,52.67,52.8,32530267.0,1796354270.0,321012300.0,0.10133651265076135
2021-07-05,52.34,53.98,51.99,53.3,17975577.0,981324806.0,321012300.0,0.05599653658130856
2021-07-06,53.22,53.75,52.68,53.62,15955045.0,873454140.0,321012300.0,0.04970228555105209
2021-07-07,52.9,55.77,52.88,55.14,26393452.0,1490694456.0,321012300.0,0.08221944143573315
2021-07-08,55.1,56.46,54.85,55.17,20745650.0,1187535508.0,321012300.0,0.06462571683390325
2021-07-09,54.44,56.9,54.44,56.25,23272980.0,1342436133.0,321012300.0,0.07249871733886833
2021-07-12,57.33,57.58,55.16,56.5,31025009.0,1811126723.0,321012300.0,0.09664741506789615
2021-07-13,56.36,57.14,55.54,56.27,15246675.0,881517067.0,321012300.0,0.04749560998129978
2021-07-14,55.71,58.19,55.04,55.2,24568965.0,1426581159.0,321012300.0,0.07653589909171704
2021-07-15,55.08,56.23,54.79,55.62,15947115.0,910426516.0,321012300.0,0.04967758244777536
2021-07-16,55.52,58.29,55.52,57.01,30048020.0,1755964808.0,321012300.0,0.09360395224731265
2021-07-19,56.36,56.68,55.16,55.55,17589973.0,1003897489.0,321012300.0,0.054795324042100566
2021-07-20,54.81,55.8,54.32,54.91,14800328.0,834167222.0,321012300.0,0.046105174163108394
2021-07-21,54.91,57.17,54.89,56.59,26486876.0,1531357223.0,321012300.0,0.08251047078258372
2021-07-22,56.59,59.82,56.3,58.84,40804414.0,2448597278.0,321012300.0,0.1271116838825179
2021-07-23,58.49,62.75,57.53,60.14,56870220.0,3528439175.0,321012300.0,0.17715900605677726
2021-07-26,59.86,60.93,54.69,55.5,49489673.0,2944388817.0,321012300.0,0.154167528783165
2021-07-27,55.28,56.05,52.75,52.95,40201191.0,2225794375.0,321012300.0,0.12523255650951692
2021-07-28,52.45,53.25,49.72,50.78,27947274.0,1480968960.0,321012300.0,0.08705982294136393
2021-07-29,51.77,53.17,50.95,52.36,23327639.0,1241694175.0,321012300.0,0.07266898807304269
2021-07-30,51.73,51.82,50.22,50.43,19668472.0,1023924355.0,321012300.0,0.06127015070762086
2021-08-02,49.52,54.02,48.21,53.36,33067910.0,1767888659.0,321012300.0,0.10301134878632376
2021-08-03,52.74,55.42,52.54,53.78,27214324.0,1505070657.0,321012300.0,0.08477657709689006
2021-08-04,53.3,54.02,52.75,53.5,18303221.0,1000578106.0,321012300.0,0.05701719529127077
2021-08-05,53.26,53.83,51.16,51.52,20065023.0,1075856320.0,321012300.0,0.0625054647438743
2021-08-06,51.28,52.45,51.28,51.64,13012419.0,691265190.0,321012300.0,0.04053557760870845
2021-08-09,51.47,53.77,51.28,52.62,19764128.0,1072138011.0,321012300.0,0.06156813305907593
2021-08-10,52.2,54.18,51.96,54.15,22969190.0,1257645728.0,321012300.0,0.07155236730804396
2021-08-11,54.22,54.69,53.11,53.49,16237651.0,895431468.0,321012300.0,0.050582644341042385
2021-08-12,53.33,53.68,51.96,52.25,16636958.0,896257112.0,321012300.0,0.05182654371810675
2021-08-13,52.05,53.03,51.43,51.86,11366458.0,607393894.0,321012300.0,0.035408169718107375
2021-08-16,51.9,52.85,51.39,51.44,13682395.0,731607010.0,321012300.0,0.04262265028473987
2021-08-17,51.27,53.58,50.74,50.76,23032979.0,1232867766.0,321012300.0,0.0717510793200136
2021-08-18,50.58,55.82,49.91,55.57,51321067.0,2813379878.0,321012300.0,0.15987258743668079
2021-08-19,55.14,55.56,52.17,52.55,37880058.0,2083140033.0,321012300.0,0.11800188964721912
2021-08-20,51.86,52.93,50.89,51.76,21704600.0,1155677969.0,321012300.0,0.06761298554603672
2021-08-23,52.02,52.54,51.26,51.93,18536807.0,986036369.0,321012300.0,0.05774484965217844
2021-08-24,51.47,52.87,50.79,51.92,25027281.0,1326690451.0,321012300.0,0.07796362008558551
2021-08-25,51.47,51.63,50.69,50.94,15600822.0,816765958.0,321012300.0,0.048598829390649516
2021-08-26,50.71,51.25,50.5,50.57,12725291.0,663608256.0,321012300.0,0.039641132131074105
2021-08-27,50.11,50.91,49.97,50.12,11825341.0,610766349.0,321012300.0,0.03683765699943585
2021-08-30,51.18,51.47,50.22,50.7,16499355.0,860231335.0,321012300.0,0.05139789036121046
2021-08-31,50.55,53.53,50.55,52.66,31104377.0,1664724737.0,321012300.0,0.09689465793055281
2021-09-01,52.33,56.59,51.32,54.5,48612191.0,2710714179.0,321012300.0,0.15143404473909566
2021-09-02,54.06,55.57,53.72,54.75,32017404.0,1797754608.0,321012300.0,0.09973886981900694
2021-09-03,56.54,59.46,55.57,55.81,50340083.0,2954288946.0,321012300.0,0.15681667961009593
2021-09-06,55.82,58.92,55.82,57.52,36510387.0,2162241278.0,321012300.0,0.11373516528805906
2021-09-07,57.11,58.44,56.15,57.89,31249891.0,1832982635.0,321012300.0,0.09734795520296263
2021-09-08,57.52,59.14,56.68,56.83,27166191.0,1607684261.0,321012300.0,0.08462663580180572
2021-09-09,56.05,56.79,55.63,55.86,18825095.0,1081868684.0,321012300.0,0.058642908698514046
2021-09-10,56.42,58.28,55.92,56.55,26752264.0,1566260889.0,321012300.0,0.08333719299852373
2021-09-13,56.13,59.76,56.06,58.54,37650996.0,2253964340.0,321012300.0,0.11728832820424638
2021-09-14,59.17,59.35,56.05,56.26,26514739.0,1557110565.0,321012300.0,0.08259726807975894
2021-09-15,55.67,56.63,55.05,55.33,16028232.0,914975334.0,321012300.0,0.04993027369979281
2021-09-16,55.57,56.1,54.21,54.63,15122317.0,853829109.0,321012300.0,0.04710821672565194
2021-09-17,54.79,55.67,54.4,55.38,13280130.0,750306058.0,321012300.0,0.041369536307487284
2021-09-22,54.59,55.77,54.47,55.19,12007344.0,678579881.0,321012300.0,0.03740462281351836
2021-09-23,55.56,55.96,54.65,55.14,12801246.0,725276640.0,321012300.0,0.03987774300237094
2021-09-24,54.88,55.35,54.4,55.01,11272705.0,634548138.0,321012300.0,0.035116115488409635
2021-09-27,54.4,56.05,53.13,53.28,18588673.0,1041829317.0,321012300.0,0.05790641978516088
2021-09-28,53.13,56.5,53.13,56.25,27353611.0,1551436054.0,321012300.0,0.08521047635869404
2021-09-29,55.57,56.6,54.6,56.54,18184356.0,1040254489.0,321012300.0,0.056646913529481584
2021-09-30,56.53,56.61,55.27,55.78,14047173.0,803980937.0,321012300.0,0.04375898680517849
2021-10-08,56.05,56.21,54.59,54.74,13031621.0,740232236.0,321012300.0,0.04059539463129606
2021-10-11,54.21,55.15,53.92,54.27,10450667.0,584835601.0,321012300.0,0.03255534756767887
2021-10-12,53.89,54.1,50.69,51.17,21360058.0,1136497715.0,321012300.0,0.0665396871085625
2021-10-13,50.79,52.02,50.79,51.13,10590566.0,557553583.0,321012300.0,0.032991153298487313
2021-10-14,51.0,51.51,50.36,50.91,8694432.0,453502790.0,321012300.0,0.027084420129695964
2021-10-15,50.69,51.4,50.4,51.05,7520581.0,392964776.0,321012300.0,0.02342770354905404
2021-10-18,51.14,51.44,50.54,51.17,6508173.0,340333075.0,321012300.0,0.020273905392410196
2021-10-19,51.16,52.16,50.98,51.66,8676347.0,459596409.0,321012300.0,0.02702808272455604
2021-10-20,51.42,51.81,51.28,51.38,6205021.0,327687800.0,321012300.0,0.019329542824371528
2021-10-21,51.2,51.54,50.37,50.6,12232345.0,637862018.0,321012300.0,0.03810553365089126
2021-10-22,50.55,51.04,50.38,50.7,8551585.0,444136202.0,321012300.0,0.026639430950153625
2021-10-25,50.82,51.13,49.67,51.07,13571478.0,702792692.0,321012300.0,0.04227712769884519
2021-10-26,50.74,51.04,49.72,49.75,13524312.0,696842782.0,321012300.0,0.042130198749393714
2021-10-27,49.33,49.33,45.7,46.3,26135122.0,1260118102.0,321012300.0,0.08141470591625305
2021-10-28,45.82,46.97,45.54,46.44,10392240.0,496059759.0,321012300.0,0.03237333896551627
2021-10-29,46.26,47.94,46.01,46.95,13664375.0,660998494.0,321012300.0,0.04256651536405303
2021-11-01,46.79,47.42,46.49,46.76,11601280.0,559250308.0,321012300.0,0.036139674398769146
2021-11-02,46.35,47.96,46.32,46.79,15149908.0,731985712.0,531121281.0,0.028524385186516375
2021-11-03,46.7,47.26,45.74,46.37,12115207.0,575312359.0,531121281.0,0.022810622419778357
2021-11-04,46.7,46.9,45.92,46.27,10947782.0,520545236.0,531121281.0,0.02061258396460299
2021-11-05,45.97,46.37,44.85,45.01,16143144.0,757208248.0,531121281.0,0.030394459001163616
2021-11-08,44.17,48.41,44.13,46.79,23981796.0,1144089028.0,531121281.0,0.04515314459787199
2021-11-09,46.65,46.82,45.99,46.77,11774970.0,561599817.0,531121281.0,0.022170021087895366
2021-11-10,46.64,47.34,46.55,46.96,13763718.0,661719402.0,531121281.0,0.025914453990782568
2021-11-11,46.8,48.29,46.7,47.99,24870651.0,1219348049.0,531121281.0,0.04682668891213192
2021-11-12,47.77,48.03,47.24,47.7,15010797.0,731713107.0,531121281.0,0.02826246572484826
2021-11-15,47.83,48.01,46.57,46.77,14896883.0,717779586.0,531121281.0,0.02804798740497088
2021-11-16,46.6,47.23,46.09,46.31,11857923.0,566473572.0,531121281.0,0.02232620575412417
2021-11-17,46.2,46.63,46.11,46.31,7297064.0,347027292.0,531121281.0,0.013738978762554989
2021-11-18,46.32,46.36,45.58,45.82,9422542.0,443924940.0,531121281.0,0.017740848158558347
2021-11-19,45.77,47.28,45.68,47.01,18983519.0,907793981.0,531121281.0,0.035742342999809114
2021-11-22,46.88,47.59,46.58,47.31,15898263.0,769843214.0,531121281.0,0.02993339481721878
2021-11-23,47.14,48.15,46.98,47.38,16213781.0,793072102.0,531121281.0,0.03052745499007787
2021-11-24,47.38,49.57,46.94,48.55,26184916.0,1297704357.0,531121281.0,0.04930119906078476
2021-11-25,48.3,48.72,47.75,47.82,14318704.0,704953501.0,531121281.0,0.026959386701735265
2021-11-26,47.77,48.05,47.25,47.39,10416915.0,508530679.0,531121281.0,0.019613062727192813
2021-11-29,46.68,46.99,46.5,46.57,9944176.0,476485059.0,531121281.0,0.018722985419219157
2021-11-30,47.1,47.38,46.4,46.4,10631311.0,511224226.0,531121281.0,0.02001672947463764
2021-12-01,46.4,48.74,46.4,48.01,24351781.0,1198124774.0,531121281.0,0.04584975573592202
2021-12-02,47.77,48.74,47.66,48.5,20358085.0,1008998115.0,531121281.0,0.03833038842215023
2021-12-03,48.5,49.69,48.23,48.65,18736745.0,937673151.0,531121281.0,0.03527771465817051
2021-12-06,49.41,50.66,48.63,48.63,29738492.0,1517581138.0,531121281.0,0.055991904417778356
2021-12-07,49.38,49.52,48.07,48.71,15819128.0,791359874.0,531121281.0,0.029784398716269853
2021-12-08,49.18,49.47,48.42,49.44,15985541.0,804777430.0,531121281.0,0.03009772263295923
2021-12-09,49.4,51.77,49.0,51.01,33906415.0,1763833436.0,531121281.0,0.06383930791882542
2021-12-10,50.25,50.98,50.1,50.47,18020004.0,932745772.0,531121281.0,0.03392822815548225
2021-12-13,51.63,53.7,51.18,51.38,35151184.0,1884328730.0,531121281.0,0.06618297036378777
2021-12-14,50.76,51.88,50.76,51.37,16312263.0,858337168.0,531121281.0,0.03071287779937404
2021-12-15,51.45,52.5,51.28,51.4,14473936.0,768518681.0,531121281.0,0.027251658929479047
2021-12-16,51.42,51.79,50.7,51.27,12037879.0,631226418.0,531121281.0,0.02266502855493753
2021-12-17,51.46,51.54,50.16,50.23,13672861.0,711271113.0,531121281.0,0.02574338760114566
2021-12-20,49.73,50.79,49.13,49.17,11289495.0,577743101.0,531121281.0,0.021255964322770188
2021-12-21,49.23,50.0,48.81,49.78,10515597.0,533772238.0,531121281.0,0.01979886209831611
2021-12-22,49.83,49.96,49.23,49.46,7764104.0,394146604.0,531121281.0,0.014618325941264628
2021-12-23,49.55,49.82,48.9,49.04,8699866.0,438993021.0,531121281.0,0.016380187183650054
2021-12-24,48.99,49.35,48.28,48.31,10620853.0,530455038.0,531121281.0,0.01999703905669711
2021-12-27,48.42,48.52,47.86,47.95,8489141.0,419222663.0,531121281.0,0.015983432228542167
2021-12-28,48.26,48.62,47.78,48.5,10088052.0,498016935.0,531121281.0,0.018993876466418598
2021-12-29,48.45,48.47,47.26,47.29,11993996.0,587497634.0,531121281.0,0.02258240524163821
2021-12-30,46.9,48.18,46.82,47.85,12727383.0,622736442.0,531121281.0,0.023963232985198347
2021-12-31,47.87,48.15,47.69,47.8,8673109.0,425543367.0,531121281.0,0.016329808859607716
2022-01-04,47.97,48.04,47.29,47.87,9120525.0,445891143.0,531121281.0,0.017172207791839544
2022-01-05,47.87,48.45,47.48,47.63,12643909.0,621128353.0,531121281.0,0.023806067375409874
2022-01-06,47.35,47.44,46.02,46.37,16360218.0,780410472.0,531121281.0,0.030803167911473688
2022-01-07,46.59,46.78,46.02,46.13,9912413.0,472202861.0,531121281.0,0.0186631817526438
2022-01-10,46.37,46.81,46.11,46.68,7841551.0,374355552.0,531121281.0,0.014764143860392594
2022-01-11,46.6,47.28,46.47,46.76,7557976.0,363824679.0,531121281.0,0.014230226259753278
2022-01-12,46.8,47.08,46.6,46.94,6965957.0,334787547.0,531121281.0,0.013115567478080398
2022-01-13,47.16,47.53,46.89,47.0,10379225.0,502736114.0,531121281.0,0.019542099650870514
2022-01-14,46.44,46.89,46.13,46.18,8803819.0,418569895.0,531121281.0,0.016575910841727316
2022-01-17,46.11,46.36,45.61,46.01,9213465.0,434609432.0,531121281.0,0.017347196072905992
2022-01-18,45.93,46.42,45.33,45.69,14949754.0,703913072.0,531121281.0,0.02814753340678134
2022-01-19,45.6,46.14,45.33,45.78,9137024.0,429306031.0,531121281.0,0.01720327225976848
2022-01-20,45.65,47.27,45.55,46.69,18030270.0,862002655.0,531121281.0,0.03394755707406874
2022-01-21,46.39,46.6,45.75,45.97,9428637.0,444822095.0,531121281.0,0.017752323880240076
2022-01-24,45.79,46.17,45.72,45.87,6110478.0,287626444.0,531121281.0,0.011504863801531613
2022-01-25,45.77,46.14,44.8,44.86,10199238.0,476783943.0,531121281.0,0.019203218482973947
2022-01-26,44.65,45.64,44.26,45.01,9260420.0,427373609.0,531121281.0,0.017435603375870003
2022-01-27,44.79,44.84,43.09,43.17,9990239.0,451791663.0,531121281.0,0.018809713256434175
2022-01-28,43.54,43.97,42.26,42.36,8576745.0,379639382.0,531121281.0,0.016148373840060834
2022-02-07,42.89,43.04,42.41,42.86,7440532.0,326156623.0,531121281.0,0.01400910162362709
2022-02-08,42.86,43.85,42.71,43.83,8630171.0,383914168.0,531121281.0,0.016248964800941575
2022-02-09,43.58,44.4,43.41,44.12,8347618.0,376913011.0,531121281.0,0.015716971431238885
2022-02-10,44.06,44.22,43.75,44.2,6270565.0,283305424.0,531121281.0,0.011806277067628929
2022-02-11,44.16,44.9,43.87,43.93,9209010.0,417849235.0,531121281.0,0.017338808158206712
2022-02-14,43.64,43.64,41.8,42.34,11860124.0,518018042.0,531121281.0,0.022330349817031716
2022-02-15,42.45,42.53,41.95,42.29,7358896.0,318278147.0,531121281.0,0.013855396617029924
2022-02-16,42.46,42.7,42.32,42.7,6885621.0,300545607.0,531121281.0,0.012964310123359565
2022-02-17,42.5,42.85,42.21,42.23,5785945.0,252158630.0,531121281.0,0.010893830104314724
2022-02-18,42.09,42.65,41.96,42.37,5015523.0,217299326.0,531121281.0,0.009443272524416133
2022-02-21,42.48,43.48,42.43,43.21,9559097.0,421704804.0,531121281.0,0.017997955160075765
2022-02-22,42.8,43.07,41.98,42.24,9788600.0,425698020.0,531121281.0,0.018430065505132716
2022-02-23,42.3,42.99,42.15,42.8,7154979.0,312378475.0,531121281.0,0.013471459826517476
2022-02-24,42.5,42.67,40.78,41.35,13396480.0,571678437.0,531121281.0,0.025223014929428144
2022-02-25,41.63,41.87,41.21,41.31,7021332.0,298936200.0,531121281.0,0.013219828033966503
2022-02-28,41.27,41.43,40.68,41.28,6666925.0,281026692.0,531121281.0,0.012552547296631482
2022-03-01,41.39,41.76,41.24,41.69,7256416.0,308990001.0,531121281.0,0.013662446336809464
2022-03-02,41.31,41.66,41.24,41.52,5646915.0,240123002.0,531121281.0,0.010632063150186595
2022-03-03,41.72,41.81,41.17,41.26,5354991.0,227634221.0,531121281.0,0.010082425976073815
2022-03-04,40.94,41.33,40.63,41.22,6889898.0,289839647.0,531121281.0,0.0129723628980327
2022-03-07,41.08,41.08,38.28,38.46,18832780.0,758542244.0,531121281.0,0.03545853023351177
2022-03-08,38.39,38.83,37.74,37.79,11464086.0,450338720.0,531121281.0,0.021584685852570836
2022-03-09,38.02,38.2,35.1,36.9,13320722.0,502287795.0,531121281.0,0.025080377074930275
2022-03-10,37.53,37.72,36.56,36.63,10194496.0,387650386.0,531121281.0,0.01919429020205274
2022-03-11,36.05,40.29,35.84,39.93,30425489.0,1205914712.0,929621281.0,0.03272890759048792
2022-03-14,38.72,40.23,38.59,39.52,20684422.0,837083540.0,929621281.0,0.02225037488142443
2022-03-15,38.95,41.22,38.8,40.08,34775427.0,1441314026.0,929621281.0,0.03740816578832171
2022-03-16,40.16,43.87,39.48,42.93,37184366.0,1596969043.0,929621281.0,0.0399994780239976
2022-03-17,43.25,43.25,41.17,41.64,29394342.0,1264656576.0,929621281.0,0.03161969567691082
2022-03-18,41.24,42.18,41.1,41.72,15570281.0,664611111.0,929621281.0,0.016749058265158195
2022-03-21,41.27,41.43,40.67,41.12,12629276.0,531661895.0,929621281.0,0.013585398977113132
2022-03-22,41.11,41.48,40.63,40.73,10593083.0,446159486.0,929621281.0,0.011395052175015774
2022-03-23,40.65,41.07,40.57,40.67,8668403.0,362749198.0,929621281.0,0.00932466067329627
2022-03-24,40.47,40.62,39.88,40.08,8966763.0,369772364.0,929621281.0,0.009645608575520551
2022-03-25,39.98,40.26,39.07,39.1,9734110.0,395785264.0,929621281.0,0.010471049016357448
2022-03-28,38.69,40.62,38.52,39.9,13700721.0,561591419.0,929621281.0,0.014737959726203816
2022-03-29,39.93,40.24,39.03,39.17,7756363.0,314577691.0,929621281.0,0.008343572978080306
2022-03-30,39.51,40.92,39.51,40.92,18399915.0,762271989.0,929621281.0,0.01979291500320118
2022-03-31,40.53,41.08,40.37,40.56,11721686.0,489477069.0,929621281.0,0.012609098177475995
2022-04-01,40.36,41.53,40.29,41.19,15347195.0,647159951.0,929621281.0,0.01650908312199019
2022-04-06,40.94,41.53,40.51,40.85,10823144.0,454274193.0,929621281.0,0.01164253037361351
2022-04-07,40.94,41.23,39.96,39.98,10048615.0,418424216.0,929621281.0,0.010809364206024453
2022-04-08,40.02,40.63,39.62,40.22,9278419.0,381813079.0,929621281.0,0.009980859076310238
2022-04-11,40.09,40.17,38.6,38.91,9872963.0,395958786.0,929621281.0,0.0106204141426061
2022-04-12,38.74,41.24,38.74,40.88,17571616.0,727920256.0,929621281.0,0.01890190807712372
2022-04-13,40.48,41.52,40.33,40.82,15762028.0,663626416.0,929621281.0,0.01695532183067569
2022-04-14,41.24,41.51,40.58,41.14,14474676.0,610632090.0,929621281.0,0.015570508438048547
2022-04-15,40.76,41.53,40.46,40.68,11657007.0,489987839.0,929621281.0,0.012539522532724808
2022-04-18,39.54,39.75,38.19,38.98,12974095.0,517781646.0,929621281.0,0.013956323144887213
2022-04-19,38.9,39.19,38.26,38.55,8188863.0,324414145.0,929621281.0,0.008808816200067175
2022-04-20,38.55,38.95,37.92,38.01,7251391.0,285520411.0,929621281.0,0.007800371127691514
2022-04-21,37.71,38.59,37.36,37.63,11221600.0,436819539.0,929621281.0,0.012071152230862064
2022-04-22,37.58,38.0,37.32,37.5,7861624.0,304247782.0,929621281.0,0.00845680295909663
2022-04-25,36.43,38.02,36.07,36.46,12071507.0,460590656.0,929621281.0,0.012985403031022049
2022-04-26,36.85,37.1,35.09,35.42,13412189.0,495843938.0,929621281.0,0.014427583871114069
2022-04-27,34.98,36.02,34.27,35.87,13174912.0,477188357.0,929621281.0,0.014172343371730536
2022-04-28,35.52,35.77,34.51,34.8,10273067.0,369538990.0,929621281.0,0.011050808764779128
2022-04-29,35.84,36.8,35.37,36.54,17003044.0,629380866.0,929621281.0,0.018290291269698247
2022-05-05,35.53,35.98,35.1,35.87,12174448.0,444210783.0,929621281.0,0.013096137372096153
2022-05-06,35.21,35.47,34.9,35.02,7887875.0,284769231.0,929621281.0,0.008485041340184208
2022-05-09,34.9,35.38,34.78,35.12,4558862.0,164302775.0,929621281.0,0.004903999180285547
2022-05-10,34.82,35.99,34.71,35.66,9123118.0,332205826.0,929621281.0,0.009813800723436752
2022-05-11,35.66,36.66,35.49,35.83,12775903.0,472881510.0,929621281.0,0.013743126648581962
2022-05-12,35.39,36.56,35.14,36.01,7698590.0,283183173.0,929621281.0,0.008281426164984706
2022-05-13,36.08,36.44,35.76,36.05,7283181.0,269507219.0,929621281.0,0.007834567849141138
2022-05-16,36.51,36.64,35.84,36.1,7200926.0,267252071.0,929621281.0,0.007746085580413902
2022-05-17,35.97,36.45,35.64,36.23,7204846.0,266779263.0,929621281.0,0.007750302351350754
2022-05-18,36.43,36.68,36.22,36.35,8794149.0,329085907.0,929621281.0,0.009459926509578259
2022-05-19,35.69,36.14,35.5,36.12,7452767.0,273620704.0,929621281.0,0.008016992674676086
2022-05-20,36.19,36.75,36.08,36.55,12365466.0,462650680.0,929621281.0,0.013301616747304217
2022-05-23,36.41,36.74,36.16,36.66,8095499.0,302908463.0,929621281.0,0.008708383903702824
2022-05-24,36.59,36.85,35.34,35.36,9704275.0,358896277.0,929621281.0,0.01043895530184189
2022-05-25,35.35,35.69,35.32,35.66,5834341.0,212560068.0,929621281.0,0.006276040705225637
2022-05-26,35.7,36.92,35.1,36.43,11575655.0,429931046.0,929621281.0,0.012452011627302667
2022-05-27,36.76,36.8,35.92,36.06,8732060.0,325571436.0,929621281.0,0.009393136945624634
2022-05-30,36.07,36.66,35.97,36.22,7966817.0,296478916.0,929621281.0,0.008569959792045681
2022-05-31,36.27,37.53,36.08,37.53,19343794.0,734745691.0,929621281.0,0.020808252129503477
2022-06-01,37.19,37.49,36.9,37.12,10068928.0,383562616.0,929621281.0,0.010831215039708197
2022-06-02,37.12,37.97,36.95,37.69,12256618.0,472522793.0,929621281.0,0.0131845282057393
2022-06-06,37.16,38.51,37.08,38.26,15363952.0,596972024.0,929621281.0,0.01652710874203836
2022-06-07,38.17,39.48,38.03,38.56,16610461.0,662475302.0,929621281.0,0.01786798703890687
2022-06-08,38.51,39.74,38.37,39.29,15888556.0,637039287.0,929621281.0,0.017091428869731307
2022-06-09,39.29,40.4,39.09,39.69,19670893.0,801526797.0,929621281.0,0.02116011477151199
2022-06-10,38.98,41.75,38.86,41.26,33533133.0,1393460277.0,929621281.0,0.03607182159591719
2022-06-13,40.26,41.34,40.16,40.57,16673269.0,695294222.0,929621281.0,0.017935550036101207
2022-06-14,38.88,43.76,38.32,42.6,30626072.0,1261348862.0,929621281.0,0.032944676101923275
2022-06-15,42.44,45.43,41.95,42.86,49409330.0,2213217092.0,929621281.0,0.05314995580442182
2022-06-16,42.5,42.56,40.55,40.57,27978584.0,1194451204.0,929621281.0,0.03009675506772311
2022-06-17,40.55,42.06,40.55,41.32,18534447.0,785308462.0,929621281.0,0.01993763200005745
2022-06-20,40.87,41.82,40.8,41.17,11632830.0,492357593.0,929621281.0,0.012513515167689023
2022-06-21,41.16,41.41,40.27,40.57,11216748.0,469072160.0,929621281.0,0.012065932901120839
2022-06-22,40.65,41.43,40.21,40.21,11273063.0,471964626.0,929621281.0,0.01212651133359758
2022-06-23,40.03,42.49,39.97,41.96,20383187.0,868334129.0,929621281.0,0.021926334321944164
2022-06-24,42.02,43.32,41.49,43.09,21384958.0,935164910.0,929621281.0,0.023003946270459787
2022-06-27,43.67,46.52,43.19,45.59,37748243.0,1751401085.0,929621281.0,0.040606044387660696
2022-06-28,44.85,45.22,43.48,44.27,22903033.0,1036624208.0,929621281.0,0.024636949979633695
2022-06-29,43.95,44.51,42.55,42.71,16740550.0,748389568.0,929621281.0,0.018007924670132416
2022-06-30,42.85,43.97,42.85,43.37,12391259.0,553754630.0,929621281.0,0.013329362454644582
2022-07-01,43.28,43.69,42.37,42.47,9019487.0,395567912.0,929621281.0,0.00970232414462121
2022-07-04,42.29,43.09,41.89,42.94,11383412.0,497907544.0,929621281.0,0.012245214511176838
2022-07-05,43.38,44.63,42.7,43.48,15396081.0,688859208.0,929621281.0,0.016561670128117472
2022-07-06,42.93,43.26,42.41,42.8,11438934.0,501992256.0,929621281.0,0.012304939908104363
2022-07-07,42.58,43.19,42.31,43.19,7864733.0,344615526.0,929621281.0,0.008460147331760577
2022-07-08,43.09,43.28,42.54,42.63,8955618.0,393692077.0,929621281.0,0.009633619822436058
2022-07-11,42.61,42.61,41.2,41.37,7802275.0,333475875.0,929621281.0,0.008392960831971316
2022-07-12,41.63,42.3,41.24,41.7,7823751.0,334980122.0,929621281.0,0.008416062712746784
2022-07-13,41.7,42.32,41.42,42.32,7140219.0,307077651.0,929621281.0,0.007680782643356892
2022-07-14,42.21,42.21,41.53,42.03,4881019.0,209887834.0,929621281.0,0.005250545678934388
2022-07-15,42.21,42.31,40.66,40.71,7357019.0,313228182.0,929621281.0,0.007913995893129732
2022-07-18,40.83,41.58,40.75,41.24,5420099.0,229068706.0,929621281.0,0.00583043773930128
2022-07-19,41.25,44.14,40.99,43.18,15197618.0,666302785.0,929621281.0,0.016348182115250007
2022-07-20,42.88,43.08,42.27,42.54,7756341.0,338595103.0,929621281.0,0.008343549312529131
2022-07-21,42.08,43.14,42.02,42.34,7751056.0,339180040.0,929621281.0,0.008337864201712482
2022-07-22,42.33,43.14,42.09,42.54,6712637.0,293468831.0,929621281.0,0.007220829747764778
2022-07-25,42.51,42.7,42.05,42.3,4534811.0,196676235.0,929621281.0,0.00487812735431559
2022-07-26,42.21,42.6,42.1,42.15,4222783.0,182986815.0,929621281.0,0.004542476690569651
2022-07-27,42.11,42.11,41.27,41.45,5173442.0,220928818.0,929621281.0,0.005565107109461708
2022-07-28,41.72,42.83,41.63,42.33,7747172.0,336615555.0,929621281.0,0.00833368615622301
2022-07-29,42.2,42.6,41.32,41.34,5560750.0,238808050.0,929621281.0,0.005981736986505153
2022-08-01,40.94,41.14,40.27,40.64,5544939.0,231570787.0,929621281.0,0.005964728985157559
2022-08-02,40.0,41.45,39.25,40.16,10286984.0,428088698.0,929621281.0,0.011065779377311824
2022-08-03,40.16,40.84,39.8,39.8,5185504.0,213947873.0,929621281.0,0.005578082285747501
2022-08-04,40.16,40.94,40.16,40.63,5745897.0,238804613.0,929621281.0,0.006180900886669783
2022-08-05,40.63,41.43,40.37,41.16,6669258.0,279884945.0,929621281.0,0.007174166659379649
2022-08-08,40.94,41.38,40.71,41.16,4027757.0,170039174.0,929621281.0,0.004332685882220031
2022-08-09,40.97,41.31,40.21,40.42,6753847.0,281206701.0,929621281.0,0.007265159627945307
2022-08-10,40.38,40.77,40.0,40.01,4295996.0,177534412.0,929621281.0,0.004621232417763466
2022-08-11,40.15,42.5,40.12,42.39,17717834.0,755862241.0,929621281.0,0.019059195784482046
2022-08-12,41.88,42.56,41.81,42.3,8849182.0,383678345.0,929621281.0,0.00951912588584555
2022-08-15,42.09,42.89,41.72,42.47,7656337.0,332144457.0,929621281.0,0.008235974322537051
2022-08-16,42.55,42.83,42.22,42.31,5254222.0,228865804.0,929621281.0,0.005652002710553267
2022-08-17,42.41,43.27,42.02,42.82,8436566.0,369899903.0,929621281.0,0.00907527201929449
2022-08-18,42.6,42.78,42.12,42.16,5263158.0,228726956.0,929621281.0,0.005661615227158295
2022-08-19,42.36,42.51,41.7,41.71,4389196.0,187866662.0,929621281.0,0.004721488298200867
2022-08-22,41.62,41.92,41.32,41.46,4117799.0,174196656.0,929621281.0,0.004429544680356774
2022-08-23,41.44,42.98,41.26,41.92,6851757.0,293338703.0,929621281.0,0.007370482087748161
2022-08-24,41.92,42.98,40.92,41.0,8448727.0,360304858.0,929621281.0,0.009088353690560576
2022-08-25,41.37,41.8,40.64,41.42,6098834.0,256013680.0,929621281.0,0.006560557642827886
2022-08-26,41.43,41.65,40.95,41.04,4027315.0,169280227.0,929621281.0,0.004332210419782763
2022-08-29,40.84,41.13,40.71,40.93,3444007.0,143435943.0,929621281.0,0.003704741995896714
2022-08-30,40.94,41.2,40.33,40.75,3775914.0,156575649.0,929621281.0,0.004061776636544103
2022-08-31,40.27,41.55,40.27,40.94,6878665.0,287417440.0,929621281.0,0.00739942720825041
2022-09-01,40.81,41.31,40.4,40.42,4157811.0,172919463.0,929621281.0,0.004472585863705071
2022-09-02,40.49,41.31,40.45,40.79,4658878.0,193514733.0,929621281.0,0.005011587078760087
2022-09-05,40.45,41.06,40.27,40.98,4845290.0,200763422.0,929621281.0,0.0052121117481173495
2022-09-06,41.17,42.02,41.16,41.78,7725640.0,327669644.0,929621281.0,0.00831052403586273
2022-09-07,41.6,42.33,41.56,41.95,6892680.0,294448564.0,929621281.0,0.007414503240056528
2022-09-08,41.96,42.15,41.35,41.41,4202339.0,178408158.0,929621281.0,0.004520484939285722
2022-09-09,41.35,42.15,41.34,41.92,5944070.0,253426845.0,929621281.0,0.006394076944544474
2022-09-13,42.13,42.75,41.94,42.16,7511470.0,324276034.0,929621281.0,0.008080139895162318
2022-09-14,38.03,39.65,38.03,38.29,23153436.0,911386428.0,929621281.0,0.024906310207414455
2022-09-15,38.19,38.66,38.0,38.09,10965007.0,427104103.0,929621281.0,0.011795133377545819
2022-09-16,37.84,38.07,36.64,36.76,10058183.0,378808081.0,929621281.0,0.010819656569372362
2022-09-19,36.92,36.99,36.44,36.63,3996727.0,149334091.0,929621281.0,0.004299306697992857
2022-09-20,36.85,36.97,36.44,36.62,3345513.0,125007719.0,929621281.0,0.003598791323280819
2022-09-21,36.33,36.4,35.73,35.98,5223694.0,191820023.0,929621281.0,0.00561916353117566
2022-09-22,35.82,36.13,35.73,35.81,3786819.0,138539256.0,929621281.0,0.0040735072199794015
2022-09-23,35.83,36.13,35.25,35.67,4423302.0,161094813.0,929621281.0,0.0047581763567652235
2022-09-26,35.44,35.78,34.97,35.02,4803616.0,172951193.0,929621281.0,0.0051672827399483765
2022-09-27,35.0,35.54,35.0,35.49,4694521.0,168777169.0,929621281.0,0.005049928498786163
2022-09-28,35.34,35.83,35.05,35.17,4395380.0,158700192.0,929621281.0,0.0047281404694951255
2022-09-29,35.22,35.39,33.97,34.1,7912092.0,277938697.0,929621281.0,0.008511091733494857
2022-09-30,34.11,34.45,33.77,33.78,5286531.0,183495954.0,929621281.0,0.005686757723869275
2022-10-10,33.87,34.04,33.38,33.44,3850695.0,132148403.0,929621281.0,0.004142219072112658
2022-10-11,33.54,33.58,32.41,32.83,8174298.0,274324679.0,929621281.0,0.008793148529481652
2022-10-12,32.83,33.46,32.55,33.42,6871815.0,231172076.0,929621281.0,0.007392058616179635
2022-10-13,33.32,33.83,33.13,33.51,6448797.0,220041780.0,929621281.0,0.006937015246749714
2022-10-14,33.9,34.56,33.65,34.25,7843346.0,272803785.0,929621281.0,0.008437141188896685
2022-10-17,33.87,34.64,33.75,34.51,4863779.0,170217470.0,929621281.0,0.005232000492467212
2022-10-18,34.57,34.77,34.26,34.3,4555715.0,159809578.0,929621281.0,0.004900613930760477
2022-10-19,34.36,34.75,33.88,33.89,4112168.0,143414566.0,929621281.0,0.004423487374962536
2022-10-20,33.75,34.71,33.69,34.18,5595990.0,194942526.0,929621281.0,0.006019644896661956
2022-10-21,35.03,35.22,34.08,34.08,7007657.0,246708217.0,929621281.0,0.007538184789037763
2022-10-24,34.27,34.84,33.18,33.31,7444265.0,257721735.0,929621281.0,0.008007847014853353
2022-10-25,33.64,34.04,32.83,33.49,6080611.0,207330005.0,929621281.0,0.006540955036505882
2022-10-26,33.49,34.24,33.38,33.81,5469627.0,188509846.0,929621281.0,0.00588371534924016
2022-10-27,34.03,34.4,33.72,34.09,5812038.0,201909450.0,929621281.0,0.0062520492148673175
2022-10-28,33.89,34.1,32.85,33.05,5952425.0,203197159.0,929621281.0,0.006403064475457076
2022-10-31,32.6,34.01,32.6,34.01,5606448.0,190991116.0,929621281.0,0.006030894639125629
2022-11-01,33.59,34.65,33.58,34.65,7412820.0,259450248.0,929621281.0,0.007974021412274447
2022-11-02,34.5,35.39,34.34,34.98,8426396.0,299839360.0,929621281.0,0.00906433208040985
2022-11-03,34.87,35.57,34.63,35.54,8347057.0,299301507.0,929621281.0,0.008978986572920332
2022-11-04,35.36,36.36,35.35,35.88,10788602.0,393861884.0,929621281.0,0.011605373306853116
2022-11-07,35.65,35.86,35.34,35.52,6721709.0,243419103.0,929621281.0,0.00723058856050435
2022-11-08,35.54,35.76,35.44,35.67,3771314.0,136792057.0,929621281.0,0.0040568283849345315
2022-11-09,35.55,35.69,35.33,35.63,3563616.0,128853557.0,929621281.0,0.003833406219107413
2022-11-10,35.34,36.01,35.27,35.7,5703040.0,207380083.0,929621281.0,0.006134799317271653
2022-11-11,36.6,37.55,35.95,36.96,13886468.0,519019617.0,929621281.0,0.014937769050491434
2022-11-14,37.12,38.09,36.92,37.19,11658760.0,444308878.0,929621281.0,0.012541408246870804
2022-11-15,37.14,39.07,36.81,38.27,14080361.0,546620339.0,929621281.0,0.01514634108295548
2022-11-16,38.01,38.09,37.28,37.64,8180625.0,314099378.0,929621281.0,0.008799954526858556
2022-11-17,37.41,37.82,37.06,37.67,8132309.0,310274800.0,929621281.0,0.008747980673648112
2022-11-18,37.62,37.66,37.01,37.01,4651896.0,176742904.0,929621281.0,0.005004076493382255
2022-11-21,36.91,36.98,36.47,36.7,3414914.0,127723294.0,929621281.0,0.003673446455879919
2022-11-22,36.76,37.5,36.71,37.07,4341142.0,163796130.0,929621281.0,0.004669796280190793
2022-11-23,37.09,37.49,36.76,37.3,5075171.0,192320747.0,929621281.0,0.00545939631947819
2022-11-24,37.58,37.68,36.82,36.86,3679863.0,139384310.0,929621281.0,0.003958453915815638
2022-11-25,36.75,38.37,36.65,37.63,9143642.0,349633631.0,929621281.0,0.009835878531270412
2022-11-28,36.52,37.52,36.33,37.42,6164323.0,231669964.0,929621281.0,0.006631004610145107
2022-11-29,37.53,38.73,37.4,38.41,11909939.0,462671127.0,929621281.0,0.012811603223183959
2022-11-30,38.11,38.41,37.32,37.69,8483580.0,326220515.0,929621281.0,0.00912584530215805
2022-12-01,37.95,39.15,37.72,37.72,9725303.0,379343337.0,929621281.0,0.010461575265938862
2022-12-02,37.55,37.87,37.4,37.52,4593692.0,175957792.0,929621281.0,0.004941466050624975
2022-12-05,38.26,39.2,37.87,38.97,13032056.0,512779847.0,929621281.0,0.014018672190874683
2022-12-06,38.59,39.13,38.54,38.74,6826971.0,269736850.0,929621281.0,0.007343819617227545
2022-12-07,38.45,39.17,38.24,38.92,7999287.0,315261529.0,929621281.0,0.008604887994168024
2022-12-08,38.75,39.59,38.66,39.46,10082360.0,402251426.0,929621281.0,0.010845663934408145
2022-12-09,39.22,39.85,39.07,39.69,21182161.0,850775017.0,929621281.0,0.022785796144010606
2022-12-12,39.26,39.64,38.0,38.04,11769849.0,462651144.0,929621281.0,0.01266090744753508
2022-12-13,38.25,38.28,37.91,37.98,3822574.0,148228872.0,929621281.0,0.004111969119175102
2022-12-14,37.8,38.61,37.7,38.3,4000733.0,155535713.0,929621281.0,0.004303615979720671
2022-12-15,38.12,38.45,37.94,38.04,2949778.0,114334366.0,929621281.0,0.0031730964644300134
2022-12-16,37.88,38.28,37.58,38.02,3349440.0,129291880.0,929621281.0,0.0036030156241657727
2022-12-19,38.13,38.28,36.81,36.88,3902646.0,148270098.0,929621281.0,0.004198103119801536
2022-12-20,36.91,37.16,36.5,36.77,3027160.0,113481993.0,929621281.0,0.0032563368135717194
2022-12-21,36.81,36.94,36.53,36.59,1840491.0,68835088.0,929621281.0,0.001979828815902505
2022-12-22,37.01,37.37,36.67,36.97,3473973.0,131048429.0,929621281.0,0.003736976628012456
2022-12-23,36.73,37.55,36.68,37.28,3120977.0,118540097.0,929621281.0,0.0033572564051489264
2022-12-26,37.3,37.61,36.68,37.07,2591021.0,98106360.0,929621281.0,0.0027871790942789313
2022-12-27,37.33,38.03,37.24,37.7,3709760.0,142649637.0,929621281.0,0.0039906143241572375
2022-12-28,37.68,38.09,37.56,37.96,3504595.0,135085974.0,929621281.0,0.003769916923835998
2022-12-29,37.6,37.84,37.3,37.68,2581770.0,98834851.0,929621281.0,0.002777227730009335
2022-12-30,37.68,37.89,37.42,37.43,2615193.0,100266521.0,929621281.0,0.002813181080780357
2023-01-03,37.19,37.79,36.44,37.7,4447830.0,168752484.0,929621281.0,0.004784561294912955
2023-01-04,37.61,37.97,37.35,37.52,3242507.0,124361188.0,929621281.0,0.0034879870612600575
2023-01-05,37.7,38.09,37.58,37.87,6414058.0,247282676.0,929621281.0,0.006899646265735605
2023-01-06,37.88,38.58,37.65,38.13,7843409.0,304866019.0,929621281.0,0.0084372089584296
2023-01-09,38.15,38.83,38.07,38.26,6198307.0,242541403.0,929621281.0,0.006667561432471123
2023-01-10,38.26,38.52,37.81,37.81,4728624.0,183374602.0,929621281.0,0.005086613330229904
2023-01-11,38.01,38.01,37.46,37.5,4315282.0,165757505.0,929621281.0,0.004641978500490029
2023-01-12,37.68,39.26,37.55,38.83,10633177.0,416216139.0,929621281.0,0.011438181566327546
2023-01-13,38.84,39.04,38.33,38.96,6921904.0,272631422.0,929621281.0,0.007445939697673509
2023-01-16,38.87,40.38,38.65,39.38,22965520.0,927534085.0,929621281.0,0.024704167674922235
2023-01-17,39.17,39.37,38.67,39.37,11175009.0,443751353.0,929621281.0,0.012021033972005208
2023-01-18,39.1,39.25,38.75,39.03,5617542.0,223262212.0,929621281.0,0.006042828531159669
2023-01-19,38.8,39.51,38.78,39.51,8570072.0,342763967.0,929621281.0,0.009218885340900452
2023-01-20,39.62,39.62,38.87,39.3,7260160.0,289950196.0,929621281.0,0.0078098040012489775
2023-01-30,39.73,39.76,38.78,38.79,7908162.0,315734624.0,929621281.0,0.008506864205489288
2023-01-31,38.91,39.62,38.84,39.2,8854433.0,354424729.0,929621281.0,0.009524774422628562
2023-02-01,39.4,40.37,39.03,40.24,12037648.0,487016375.0,929621281.0,0.012948980672054989
2023-02-02,41.33,41.33,40.02,40.25,15426134.0,637327381.0,929621281.0,0.01659399834673105
2023-02-03,39.95,40.57,39.79,40.15,7651389.0,312734548.0,929621281.0,0.008230651724936146
2023-02-06,39.57,40.0,38.97,39.04,6566117.0,262274812.0,929621281.0,0.0070632171769312154
2023-02-07,39.3,39.64,38.94,39.5,4557157.0,182378132.0,929621281.0,0.00490216510006939
2023-02-08,39.38,39.62,39.01,39.1,3108131.0,124104048.0,929621281.0,0.0033434378746757627
2023-02-09,39.06,39.53,39.0,39.38,4051251.0,162258605.0,929621281.0,0.00435795853946248
2023-02-10,39.4,39.45,39.14,39.23,3329743.0,133283718.0,929621281.0,0.0035818274259149623
2023-02-13,39.15,39.44,38.92,39.35,3391960.0,135648858.0,929621281.0,0.0036487546803481577
2023-02-14,39.46,39.53,39.12,39.47,2468846.0,98950504.0,929621281.0,0.002655754607235589
2023-02-15,39.5,39.5,38.99,39.07,2680827.0,107044561.0,929621281.0,0.0028837840255939665
2023-02-16,39.22,40.2,38.68,39.26,9507190.0,384040600.0,929621281.0,0.01022694961304355
2023-02-17,39.17,39.25,37.99,38.07,5379756.0,211527037.0,929621281.0,0.005787040496978468
2023-02-20,38.71,41.48,38.71,41.09,20121722.0,826334782.0,929621281.0,0.02164507462474926
2023-02-21,40.79,42.51,40.62,42.33,20947761.0,886618100.0,929621281.0,0.022533650453296798
2023-02-22,41.86,44.32,41.77,42.55,28764338.0,1271911477.0,929621281.0,0.030941996044946393
2023-02-23,42.38,44.55,42.36,42.58,24834941.0,1098535793.0,929621281.0,0.026715116690621456
2023-02-24,42.58,43.1,42.02,42.21,16270344.0,703400024.0,929621281.0,0.017502120844843268
2023-02-27,41.7,41.89,40.98,41.18,12290386.0,517551004.0,929621281.0,0.013220852675381041
2023-02-28,41.41,41.65,40.87,41.14,12000273.0,503524369.0,929621281.0,0.012908776127727221
2023-03-01,41.04,41.97,40.84,41.31,13752029.0,580521263.0,929621281.0,0.014793152094374226
2023-03-02,41.03,41.52,40.87,40.93,8578931.0,359108755.0,929621281.0,0.009228415028076363
2023-03-03,41.12,41.42,40.74,41.11,10220190.0,428179426.0,929621281.0,0.010993928612527105
2023-03-06,41.13,41.52,40.66,40.79,8809212.0,367381012.0,929621281.0,0.009476129882185862
2023-03-07,40.74,41.88,40.46,40.78,18665257.0,784462069.0,929621281.0,0.020078345215937456
2023-03-08,40.27,40.41,39.83,40.3,7660729.0,313374346.0,929621281.0,0.00824069882711732
2023-03-09,40.3,40.4,39.41,39.42,9256457.0,374323294.0,929621281.0,0.00995723440199515
2023-03-10,39.08,39.76,39.02,39.35,8154188.0,327208461.0,929621281.0,0.008771516064292852
2023-03-13,39.27,39.8,39.05,39.8,7828803.0,314814731.0,929621281.0,0.008421497183862339
2023-03-14,39.53,39.55,38.63,38.92,7885811.0,313353625.0,929621281.0,0.00848282108120113
2023-03-15,39.16,39.62,38.71,38.78,8848428.0,352670074.0,929621281.0,0.009518314802864329
2023-03-16,38.58,38.7,38.13,38.21,6099201.0,238468973.0,929621281.0,0.00656095242724978
2023-03-17,38.71,40.01,38.57,39.62,13731012.0,549917303.0,929621281.0,0.014770543963052843
2023-03-20,39.28,39.86,38.65,38.8,8889603.0,355167645.0,929621281.0,0.009562607033304351
2023-03-21,39.01,39.24,38.68,38.86,7813077.0,309589002.0,929621281.0,0.008404580617598835
2023-03-22,38.87,39.02,38.43,38.76,7742779.0,305526650.0,929621281.0,0.008328960575935868
2023-03-23,38.55,39.52,38.48,39.52,10453075.0,415503462.0,929621281.0,0.01124444460733037
2023-03-24,39.4,39.72,38.83,38.9,9677037.0,385684861.0,929621281.0,0.010409655198071998
2023-03-27,38.79,39.24,38.49,38.98,7590738.0,300405187.0,929621281.0,0.008165409027463948
2023-03-28,38.84,38.99,38.5,38.64,5380302.0,212088162.0,929621281.0,0.005787627832930387
2023-03-29,38.68,38.78,37.89,38.34,8397316.0,326969719.0,929621281.0,0.009033050524582387
2023-03-30,38.39,38.76,37.84,38.53,7498735.0,292511854.0,929621281.0,0.008066440768151908
2023-03-31,38.52,38.66,37.88,38.17,8370012.0,326231030.0,929621281.0,0.009003679424158965
2023-04-03,38.16,39.27,37.97,39.21,19799584.0,783793591.0,929621281.0,0.021298548564530978
2023-04-04,39.15,39.5,38.73,38.95,13414286.0,533212659.0,929621281.0,0.01442983962842391
2023-04-06,38.76,38.76,38.08,38.21,11807997.0,461290876.0,929621281.0,0.012701943513274628
2023-04-07,38.29,40.67,38.23,40.4,24020573.0,969838238.0,929621281.0,0.025839095436972898
2023-04-10,40.31,40.64,39.76,39.96,14068425.0,575829169.0,929621281.0,0.015133501445735513
2023-04-11,40.52,40.9,39.73,40.13,15607370.0,641664939.0,929621281.0,0.01678895515732067
2023-04-12,40.27,40.54,39.84,40.17,11766732.0,481297199.0,929621281.0,0.012657554469216159
2023-04-13,39.85,39.99,39.22,39.28,10155321.0,408137066.0,929621281.0,0.010924148583470305
2023-04-14,39.39,39.94,39.22,39.61,9607704.0,387203569.0,929621281.0,0.01033507321354017
2023-04-17,39.66,41.38,39.52,41.38,26155814.0,1085963608.0,929621281.0,0.028135988853293045
2023-04-18,41.31,41.72,40.77,41.09,17222765.0,722819837.0,929621281.0,0.018526646659243164
2023-04-19,40.89,41.09,40.54,40.61,11464934.0,476447656.0,929621281.0,0.012332908286767157
2023-04-20,40.44,41.58,40.4,41.41,14769895.0,617412758.0,929621281.0,0.01588807754498899
2023-04-21,41.23,41.32,39.59,39.62,18353963.0,751224844.0,929621281.0,0.019743484121035305
2023-04-24,39.28,39.75,38.72,39.07,12095692.0,481294842.0,929621281.0,0.013011419001712807
2023-04-25,39.12,39.38,38.67,39.25,8815822.0,350526583.0,929621281.0,0.009483240304607442
2023-04-26,39.07,39.95,38.72,39.71,8867451.0,355397408.0,929621281.0,0.00953877797468365
2023-04-27,39.56,41.01,39.46,40.74,13256965.0,544570160.0,929621281.0,0.0142606083476697
2023-04-28,40.64,41.82,40.45,41.31,15653801.0,656916903.0,929621281.0,0.016838901303078066
2023-05-04,40.78,41.7,40.72,41.63,14104761.0,593122997.0,929621281.0,0.01517258833062364
2023-05-05,41.63,43.24,41.45,41.95,22001331.0,948667262.0,929621281.0,0.02366698294205681
2023-05-08,40.25,42.46,39.69,41.58,25893688.0,1084510122.0,929621281.0,0.02785401811385598
2023-05-09,41.72,45.75,41.62,45.75,78620247.0,3634190717.0,929621281.0,0.08457233994840099
2023-05-10,46.14,46.86,43.39,44.78,75971655.0,3500254317.0,929621281.0,0.08172323133381452
2023-05-11,44.67,45.02,43.52,44.13,50786473.0,2284415507.0,929621281.0,0.05463135799276093
2023-05-12,44.18,44.46,43.05,43.44,30076884.0,1339253648.0,929621281.0,0.032353910796497784
2023-05-15,43.45,43.6,41.9,43.12,38518900.0,1681088948.0,929621281.0,0.04143504541824274
2023-05-16,43.14,44.17,42.88,43.32,30056129.0,1330443909.0,929621281.0,0.03233158450037677
2023-05-17,42.62,43.44,42.33,42.91,17042014.0,744263903.0,929621281.0,0.01833221156648629
2023-05-18,42.87,44.36,42.77,43.92,23620415.0,1053896339.0,929621281.0,0.0254086427266288
2023-05-19,43.92,43.92,42.37,42.6,20556458.0,895434467.0,929621281.0,0.02211272312730113
2023-05-22,42.62,42.62,41.42,41.47,14222253.0,604193762.0,929621281.0,0.015298975282387065
2023-05-23,41.78,41.81,40.94,40.94,11620028.0,488997356.0,929621281.0,0.012499743968318213
2023-05-24,40.81,41.38,40.72,41.06,11650135.0,486990014.0,929621281.0,0.012532130275102856
2023-05-25,40.72,41.13,40.33,41.07,11867127.0,492137090.0,929621281.0,0.012765550060595052
2023-05-26,41.07,41.17,40.45,41.03,11524048.0,478663498.0,929621281.0,0.012396497622777634
2023-05-29,40.71,40.92,39.67,39.87,14469016.0,590622132.0,929621281.0,0.015564419937155032
2023-05-30,39.77,40.21,39.38,39.67,12462456.0,503963139.0,929621281.0,0.013405949556785157
2023-05-31,39.6,40.89,39.38,40.89,14203784.0,580046998.0,929621281.0,0.015279108052174636
2023-06-01,40.64,40.65,39.76,40.1,14414008.0,591408699.0,929621281.0,0.015505247453559532
2023-06-02,39.95,40.24,39.67,40.0,12117484.0,492757647.0,929621281.0,0.013034860805859715
2023-06-05,39.91,40.13,39.44,39.47,11431074.0,462449192.0,929621281.0,0.012296484852093226
2023-06-06,39.46,39.59,38.74,38.74,11492840.0,457363254.0,929621281.0,0.012362926962727309
2023-06-07,38.63,39.06,38.29,38.61,8292011.0,326523318.0,929621281.0,0.00891977321246371
2023-06-08,38.62,39.64,38.38,38.87,12823752.0,508678643.0,929621281.0,0.013794598146683348
2023-06-09,38.97,39.0,38.44,38.44,13816272.0,543846031.0,929621281.0,0.014862258730929376
2023-06-12,38.57,38.67,38.09,38.25,10767147.0,421153311.0,929621281.0,0.011582294015921953
2023-06-13,38.47,38.57,38.01,38.53,9116353.0,355913585.0,929621281.0,0.009806523566450067
2023-06-14,38.59,38.94,38.38,38.39,10488222.0,412833572.0,929621281.0,0.01128225247674811
2023-06-15,38.48,39.16,38.19,38.96,18744030.0,738899492.0,929621281.0,0.020163081873337624
2023-06-16,38.97,39.28,38.82,39.17,14078688.0,559767408.0,929621281.0,0.015144541425359216
2023-06-19,39.09,39.09,38.68,38.83,9643812.0,381332810.0,929621281.0,0.010373914837261562
2023-06-20,38.78,38.96,38.17,38.25,11731916.0,459986208.0,929621281.0,0.012620102658772933
2023-06-21,38.17,38.28,36.03,36.21,26265718.0,987383679.0,929621281.0,0.028254213341314418
2023-06-26,35.83,35.83,34.96,35.15,15780745.0,567629463.0,929621281.0,0.016975455836192286
2023-06-27,35.2,35.48,35.07,35.22,13006297.0,466502357.0,929621281.0,0.013990963057567956
2023-06-28,35.13,35.13,34.44,34.51,16734070.0,591418458.0,929621281.0,0.01800095408960415
2023-06-29,34.53,34.75,34.23,34.53,8270599.0,291135892.0,929621281.0,0.008896740176928028
2023-06-30,34.48,35.19,34.47,34.87,13730103.0,487807274.0,929621281.0,0.014769566145506516
2023-07-03,34.87,35.62,34.87,35.52,13942754.0,501787362.0,929621281.0,0.014998316287468897
2023-07-04,35.42,35.64,35.22,35.46,8831545.0,318594117.0,929621281.0,0.00950015364375033
2023-07-05,35.5,35.59,34.99,35.12,7327543.0,263117928.0,929621281.0,0.007882288357381096
2023-07-06,35.14,35.51,35.04,35.14,7721043.0,277100076.0,929621281.0,0.008305579011373772
2023-07-07,35.12,35.57,34.92,35.2,12308196.0,441903034.0,929621281.0,0.013240011014765055
2023-07-10,35.6,35.76,35.36,35.56,11210059.0,406054587.0,929621281.0,0.012058737497856398
2023-07-11,35.51,35.88,35.47,35.87,8354550.0,303748333.0,929621281.0,0.008987046844509575
2023-07-12,35.77,36.01,35.31,35.39,8964893.0,325847516.0,929621281.0,0.009643597003670573
2023-07-13,35.63,36.16,35.59,35.95,12038621.0,440710211.0,929621281.0,0.0129500273348411
2023-07-14,35.98,36.3,35.74,36.04,9684726.0,355823079.0,929621281.0,0.010417926308208083
2023-07-17,36.02,36.02,35.29,35.57,9635845.0,349086547.0,929621281.0,0.010365344680615158
2023-07-18,35.63,35.81,35.49,35.66,4856554.0,176321215.0,929621281.0,0.00522422851031957
2023-07-19,35.54,36.0,35.54,35.96,7477099.0,272542178.0,929621281.0,0.008043166774276975
2023-07-20,36.07,36.13,35.69,35.71,7364032.0,269417775.0,929621281.0,0.007921539825420584
2023-07-21,35.69,35.98,35.57,35.76,5037850.0,183568022.0,929621281.0,0.005419249863321492
2023-07-24,35.54,35.78,35.22,35.3,6418024.0,231577224.0,929621281.0,0.006903912519188553
2023-07-25,36.7,37.48,35.89,37.16,34279242.0,1281700483.0,929621281.0,0.03687441617421407
2023-07-26,36.99,37.11,36.44,36.81,14505699.0,543673620.0,929621281.0,0.01560388009232762
2023-07-27,36.82,37.0,36.4,36.47,10505172.0,392952757.0,929621281.0,0.011300485708222507
2023-07-28,36.32,39.64,36.22,39.22,58948986.0,2303303108.0,929621281.0,0.06341182931676023
2023-07-31,39.27,40.54,39.16,39.18,40831257.0,1651566139.0,929621281.0,0.04392246373284133
2023-08-01,39.16,39.86,38.39,38.7,31000644.0,1231658654.0,929621281.0,0.033347605776249435
2023-08-02,38.7,40.09,38.48,39.35,23065104.0,924140545.0,929621281.0,0.024811290868028225
2023-08-03,39.42,40.87,38.78,40.63,36058225.0,1471112447.0,929621281.0,0.03878808041185537
2023-08-04,41.23,42.59,40.52,40.67,57042375.0,2409848536.0,929621281.0,0.06136087476250449
2023-08-07,39.91,40.65,39.4,40.64,27371464.0,1117924095.0,929621281.0,0.029443671911809428
2023-08-08,40.25,44.71,39.56,43.39,105848343.0,4693804092.0,929621281.0,0.11386178991743628
2023-08-09,42.31,42.72,41.62,42.6,60226913.0,2587442065.0,929621281.0,0.0647865041721221
2023-08-10,42.11,43.06,41.86,42.97,47218602.0,2040841141.0,929621281.0,0.05079337464091466
2023-08-11,42.21,42.31,40.22,40.43,49099729.0,2055556919.0,929621281.0,0.05281691588125337
2023-08-14,37.7,39.69,37.68,38.84,42630028.0,1685967868.0,929621281.0,0.045857414058058765
2023-08-15,38.85,39.62,38.66,39.37,25019011.0,997761555.0,929621281.0,0.026913122054485327
2023-08-16,39.07,41.0,38.67,40.04,30113026.0,1230370059.0,929621281.0,0.03239278899425281
2023-08-17,39.76,40.35,39.17,39.77,20244333.0,818463834.0,929621281.0,0.021776968119988638
2023-08-18,39.86,41.81,39.86,40.26,30008950.0,1245490481.0,929621281.0,0.032280833725879386
2023-08-21,40.27,41.74,39.17,39.63,29422753.0,1198285286.0,929621281.0,0.031650257584841156
2023-08-22,39.49,42.08,39.49,41.22,49579587.0,2063829262.0,929621281.0,0.05333310242926764
2023-08-23,40.66,41.83,39.96,40.81,36435924.0,1513866485.0,929621281.0,0.03919437382156917
2023-08-24,40.72,42.76,40.7,41.94,42560487.0,1812113386.0,929621281.0,0.04578260832649764
2023-08-25,41.69,42.79,41.46,42.55,40900416.0,1751381876.0,929621281.0,0.043996858544377494
2023-08-28,46.81,46.81,42.22,42.26,75065060.0,3399944901.0,929621281.0,0.08074800086251469
2023-08-29,41.91,42.0,40.14,41.03,47420931.0,1969177420.0,929621281.0,0.05101102133654791
2023-08-30,40.7,40.71,39.77,39.96,28607907.0,1165889532.0,929621281.0,0.03077372214330795
2023-08-31,39.48,39.81,38.46,38.46,26835569.0,1060238336.0,929621281.0,0.028867205977828728
2023-09-01,38.48,38.93,38.26,38.68,17070792.0,667585452.0,929621281.0,0.018363168258838516
2023-09-04,38.69,38.91,38.21,38.82,14444061.0,566131752.0,929621281.0,0.015537575672173107
2023-09-05,38.55,38.55,37.75,37.86,16389027.0,633994973.0,929621281.0,0.017629788963490822
2023-09-06,37.73,37.73,37.08,37.46,14976580.0,568256433.0,929621281.0,0.01611041001975513
2023-09-07,37.47,37.76,37.15,37.17,11377907.0,432125866.0,929621281.0,0.012239292744848427
2023-09-08,37.12,38.38,36.98,38.03,15403795.0,589291749.0,929621281.0,0.01656996813092535
2023-09-11,38.04,38.63,37.64,38.36,17746772.0,686691010.0,929621281.0,0.019090324589933736
2023-09-12,38.25,38.25,37.82,37.95,7823111.0,301256994.0,929621281.0,0.00841537426034893
2023-09-13,37.87,37.93,37.36,37.82,8632551.0,329840505.0,929621281.0,0.009286094430534018
2023-09-14,37.67,37.88,37.48,37.57,7214300.0,275443523.0,929621281.0,0.007760472084115295
2023-09-15,37.73,37.81,37.25,37.41,7950422.0,302365939.0,929621281.0,0.008552323577885046
2023-09-18,37.17,37.77,37.03,37.4,7812628.0,296861679.0,929621281.0,0.008404097625213465
2023-09-19,37.46,37.67,37.29,37.58,6671664.0,253948590.0,929621281.0,0.007176754810112829
2023-09-20,37.58,37.71,37.17,37.17,6355517.0,241660523.0,929621281.0,0.006836673309762581
2023-09-21,37.13,37.35,36.43,36.43,10771999.0,401717708.0,929621281.0,0.01158751334566318
2023-09-22,36.51,37.72,36.42,37.62,13020405.0,491173379.0,929621281.0,0.014006139130113136
2023-09-25,37.32,37.35,36.53,36.58,10262454.0,383118967.0,929621281.0,0.011039392287750348
2023-09-26,36.6,36.8,36.54,36.73,5675127.0,211072772.0,929621281.0,0.0061047731113634
2023-09-27,36.5,37.03,36.49,36.71,5672382.0,211680919.0,929621281.0,0.006101820296000733
2023-09-28,36.78,37.0,36.51,36.94,7971849.0,297369586.0,929621281.0,0.008575372749023804
2023-10-09,36.7,36.78,35.76,36.18,10762774.0,393766807.0,929621281.0,0.011577589949772244
2023-10-10,36.29,36.52,36.14,36.17,5170746.0,190400946.0,929621281.0,0.00556220700373575
2023-10-11,36.36,36.43,36.0,36.15,5849336.0,215069371.0,929621281.0,0.006292170929765968
2023-10-12,36.98,37.14,36.37,36.85,11259071.0,419107903.0,929621281.0,0.01211146004304951
2023-10-13,36.42,36.61,36.25,36.28,5643204.0,208151818.0,929621281.0,0.006070433320899848
2023-10-16,36.28,36.66,36.04,36.29,7011459.0,258277508.0,929621281.0,0.007542274626563761
2023-10-17,36.41,37.05,36.29,36.66,10001074.0,372516858.0,929621281.0,0.010758224025639534
2023-10-18,36.5,36.77,36.39,36.39,7053465.0,261626448.0,929621281.0,0.00758746076941412
2023-10-19,36.19,36.81,36.07,36.28,9830016.0,363837808.0,929621281.0,0.010574215759589523
2023-10-20,36.05,36.93,36.0,36.71,11292111.0,419016448.0,929621281.0,0.012147001398088692
2023-10-23,36.63,36.7,35.68,36.32,9258556.0,339495254.0,929621281.0,0.009959492310718734
2023-10-24,36.4,37.61,36.4,37.34,16145997.0,607462465.0,929621281.0,0.01736835992247471
2023-10-25,37.67,37.67,36.77,36.91,13790500.0,517753235.0,929621281.0,0.014834535613433316
2023-10-26,36.54,36.72,36.24,36.52,10397652.0,384448830.0,929621281.0,0.011184825705383136
2023-10-27,36.34,36.85,36.24,36.71,12966485.0,481503754.0,929621281.0,0.013948137015593987
2023-10-30,36.41,37.09,36.09,36.82,16204597.0,600417815.0,929621281.0,0.01743139634515316
2023-10-31,36.56,36.88,36.22,36.33,12131430.0,447867963.0,929621281.0,0.013049862613891688
2023-11-01,36.58,36.64,35.94,36.09,8483163.0,311554370.0,929621281.0,0.009125396732392575
2023-11-02,36.01,36.43,35.95,35.98,6034117.0,221256674.0,929621281.0,0.006490941121215576
2023-11-03,35.99,36.29,35.94,36.15,8714952.0,319037142.0,929621281.0,0.009374733752464516
2023-11-06,37.66,39.03,37.25,38.44,42276366.0,1626322662.0,929621281.0,0.04547697741441872
2023-11-07,38.06,38.87,37.99,38.67,21551894.0,843775541.0,929621281.0,0.023183520472784873
2023-11-08,38.6,38.72,37.89,38.1,16188067.0,627998399.0,929621281.0,0.017413614910564854
2023-11-09,38.06,38.36,37.72,38.29,18862919.0,728621046.0,929621281.0,0.020290971587600737
2023-11-10,38.12,38.55,38.01,38.36,12733915.0,494782543.0,929621281.0,0.013697959868455291
2023-11-13,38.52,38.99,38.07,38.66,18777157.0,734417274.0,929621281.0,0.02019871681487464
2023-11-14,38.61,42.53,38.31,41.82,105158074.0,4446100973.0,929621281.0,0.1131192628108521
2023-11-15,41.84,44.67,41.4,42.11,89165633.0,3876091950.0,929621281.0,0.09591608413275987
2023-11-16,41.69,43.49,41.41,42.74,56646184.0,2445155988.0,929621281.0,0.06093468938132022
2023-11-17,42.28,43.63,42.21,43.34,48207251.0,2106947960.0,929621281.0,0.05185687116386054
2023-11-20,42.79,42.89,41.76,42.15,36255094.0,1551005692.0,929621281.0,0.03899985374796944
2023-11-21,42.38,42.53,41.21,41.22,38487337.0,1627622242.0,929621281.0,0.04140109288225298
2023-11-22,41.12,41.75,41.0,41.22,21850168.0,916162576.0,929621281.0,0.023504375864218194
2023-11-23,41.19,41.35,40.26,40.83,26177546.0,1079467177.0,929621281.0,0.028159366115027652
2023-11-24,40.61,41.32,40.36,40.49,19079448.0,786309058.0,929621281.0,0.020523893320811358
2023-11-27,39.31,39.89,38.95,39.62,26364559.0,1054402786.0,929621281.0,0.028360537284214775
2023-11-28,39.39,39.73,38.51,38.94,22350147.0,884257694.0,929621281.0,0.02404220671019686
2023-11-29,39.03,39.79,38.65,39.32,24248392.0,968101012.0,929621281.0,0.026084161900764406
2023-11-30,39.43,40.67,39.32,40.03,25033693.0,1017503648.0,2923542440.0,0.008562794456987599
2023-12-01,39.75,40.3,39.51,39.94,18313583.0,740423140.0,2923542440.0,0.006264175525360255
2023-12-04,39.74,40.7,39.65,40.13,19153144.0,780174715.0,2923542440.0,0.006551348028318686
2023-12-05,39.97,40.61,39.64,39.68,19512126.0,793482419.0,2923542440.0,0.006674138104867053
2023-12-06,39.45,39.96,39.25,39.37,14539185.0,582308217.0,2923542440.0,0.004973139709235758
2023-12-07,39.25,39.82,39.16,39.47,13569494.0,544227191.0,2923542440.0,0.004641456137028064
2023-12-08,39.49,39.66,38.96,39.08,15116445.0,601393253.0,2923542440.0,0.005170591948034112
2023-12-11,39.14,40.31,38.6,39.93,23712295.0,949741517.0,2923542440.0,0.0081108092277258
2023-12-12,39.69,39.91,39.34,39.61,13939352.0,559745204.0,2923542440.0,0.004767966357964005
2023-12-13,39.35,39.41,38.78,38.82,12803255.0,505689084.0,2923542440.0,0.004379363482063903
2023-12-14,38.95,39.1,38.39,38.47,10588453.0,415955659.0,2923542440.0,0.003621788709179813
2023-12-15,38.53,39.03,38.36,38.62,12629195.0,495325647.0,2923542440.0,0.004319826121627979
2023-12-18,38.6,38.95,38.08,38.33,12203819.0,476279186.0,2923542440.0,0.004174325924955617
2023-12-19,38.17,38.54,37.67,38.09,12901691.0,498552283.0,2923542440.0,0.004413033593587921
2023-12-20,37.93,38.08,36.79,36.83,18288992.0,689790954.0,2923542440.0,0.006255764154393463
2023-12-21,36.78,37.0,36.53,36.68,12785704.0,476039534.0,2923542440.0,0.00437336014865582
2023-12-22,36.64,37.04,36.41,36.91,11549065.0,430719437.0,2923542440.0,0.0039503668022688255
2023-12-25,36.59,36.83,36.34,36.42,9812829.0,363270343.0,2923542440.0,0.003356485907555356
2023-12-26,36.42,36.53,35.61,35.87,12446450.0,454641232.0,2923542440.0,0.0042573180500844725
2023-12-27,35.88,36.68,35.65,36.35,12758353.0,468522573.0,2923542440.0,0.004364004717509762
2023-12-28,36.19,37.43,36.12,37.28,19424489.0,727411886.0,2923542440.0,0.00664416179981981
2023-12-29,37.2,37.75,37.0,37.52,14516928.0,550482254.0,2923542440.0,0.004965526684811868
2024-01-02,37.45,37.45,36.76,36.79,11505625.0,431213502.0,2923542440.0,0.003935508115969064
2024-01-03,36.76,37.13,36.41,36.76,10563929.0,393460654.0,2923542440.0,0.003613400255615923
2024-01-04,36.64,36.64,35.91,36.34,11445851.0,420287823.0,2923542440.0,0.0039150623720721495
2024-01-05,36.29,36.62,35.77,35.93,12263638.0,450578837.0,2923542440.0,0.004194787061138063
2024-01-08,35.2,35.57,33.5,33.82,29433477.0,1016700935.0,2923542440.0,0.010067744048210226
2024-01-09,33.69,33.95,33.19,33.49,18472951.0,627803624.0,2923542440.0,0.006318687475595532
2024-01-10,33.43,33.88,33.2,33.43,11418455.0,388150564.0,2923542440.0,0.0039056915486405594
2024-01-11,33.42,33.46,32.93,33.23,17353623.0,583989883.0,2923542440.0,0.005935820449386054
2024-01-12,33.04,33.16,32.74,32.74,13299290.0,443793804.0,2923542440.0,0.004549032645477861
2024-01-15,32.54,32.95,32.32,32.59,9001567.0,297660414.0,2923542440.0,0.003078993099891514
2024-01-16,32.54,33.0,32.36,32.93,13119696.0,434978415.0,2923542440.0,0.00448760237597235
2024-01-17,32.74,32.79,32.33,32.33,9801662.0,324229913.0,2923542440.0,0.003352666226388012
2024-01-18,32.05,32.85,31.54,32.71,20196190.0,655540873.0,2923542440.0,0.006908122736196708
2024-01-19,32.56,32.64,32.16,32.16,10953950.0,359330971.0,2923542440.0,0.0037468072466223545
2024-01-22,31.93,32.2,30.7,31.18,15568833.0,499156171.0,2923542440.0,0.005325331620634862
2024-01-23,31.06,32.09,30.84,31.77,16564970.0,529558595.0,2923542440.0,0.005666061068024037
2024-01-24,32.23,33.31,31.51,32.97,28311149.0,932504845.0,2923542440.0,0.00968385086963198
2024-01-25,32.64,34.47,32.46,33.86,33983704.0,1150345028.0,2923542440.0,0.011624152786371043
2024-01-26,33.54,34.35,33.33,33.8,22298687.0,763420373.0,2923542440.0,0.007627283495155966
2024-01-29,33.84,34.11,33.28,33.29,16604111.0,567533897.0,2923542440.0,0.005679449277979354
2024-01-30,32.95,33.19,32.41,32.49,16300846.0,541852991.0,2923542440.0,0.005575717245274538
2024-01-31,32.1,32.74,31.72,31.87,15181959.0,495736121.0,2923542440.0,0.0051930010634632685
2024-02-01,31.56,32.34,31.36,31.76,13960036.0,451189306.0,2923542440.0,0.004775041336495871
2024-02-02,31.6,32.02,29.78,30.69,22727031.0,711970326.0,2923542440.0,0.00777379889857183
2024-02-05,30.59,31.48,29.89,30.35,23854296.0,744545433.0,2923542440.0,0.008159380781898278
2024-02-06,29.57,32.47,29.1,32.03,26265934.0,828394062.0,2923542440.0,0.00898428346400198
2024-02-07,32.05,32.64,31.6,32.1,23603656.0,768422157.0,2923542440.0,0.0080736491719956
2024-02-08,33.36,35.23,33.23,34.06,39084125.0,1355496398.0,2923542440.0,0.01336875581665919
2024-02-19,32.84,33.17,32.25,33.16,30143914.0,1002123287.0,2923542440.0,0.01031074958501372
2024-02-20,32.9,33.99,32.77,33.61,25815853.0,874101397.0,2923542440.0,0.008830332902572811
2024-02-21,33.33,34.47,33.0,33.65,29413433.0,1008796981.0,2923542440.0,0.010060887982183696
2024-02-22,33.38,34.27,33.33,34.09,22877469.0,785543041.0,2923542440.0,0.007825256335256074
2024-02-23,34.17,34.46,33.82,34.12,20678827.0,715211624.0,2923542440.0,0.0070732091031317475
2024-02-26,34.22,34.31,33.71,33.71,16799733.0,578073188.0,2923542440.0,0.005746361937540404
2024-02-27,33.65,34.18,33.53,34.18,17117815.0,588180251.0,2923542440.0,0.005855162136794566
2024-02-28,34.3,35.08,33.32,33.32,32474842.0,1134551179.0,2923542440.0,0.011108045347889665
2024-02-29,33.13,34.45,33.03,34.41,23248086.0,798940107.0,2923542440.0,0.007952026172741314
2024-03-01,34.42,34.66,34.05,34.51,19638377.0,683947575.0,2923542440.0,0.006717322359103499
2024-03-04,34.51,34.61,33.91,34.02,15567615.0,538595477.0,2923542440.0,0.005324915002773142
2024-03-05,33.82,33.99,33.58,33.71,12725388.0,435753717.0,2923542440.0,0.004352729013230949
2024-03-06,33.62,34.33,33.46,33.88,13440789.0,461430755.0,2923542440.0,0.004597432490153965
2024-03-07,33.82,34.03,33.19,33.25,17028308.0,579490986.0,2923542440.0,0.005824546196770791
2024-03-08,33.21,33.42,32.95,33.31,9843501.0,331537625.0,2923542440.0,0.0033669772893736407
2024-03-11,33.3,33.72,33.16,33.71,13906164.0,472352222.0,2923542440.0,0.004756614376359113
2024-03-12,33.89,34.17,33.6,33.95,18544064.0,636858649.0,2923542440.0,0.006343011733395599
2024-03-13,34.1,34.1,33.57,33.63,11472469.0,392625593.0,2923542440.0,0.003924167079989439
2024-03-14,33.58,33.77,33.1,33.22,12901720.0,437424784.0,2923542440.0,0.00441304351306082
2024-03-15,33.12,33.25,32.72,33.25,14057873.0,469931184.0,2923542440.0,0.004808506559596925
2024-03-18,33.63,35.01,33.62,34.54,38855897.0,1357900848.0,2923542440.0,0.01329069024905279
2024-03-19,34.42,34.48,33.92,33.93,17277331.0,599549966.0,2923542440.0,0.005909724710546702
2024-03-20,33.89,34.25,33.79,34.12,13564224.0,468064377.0,2923542440.0,0.0046396535293669276
2024-03-21,34.13,34.65,34.07,34.17,16434924.0,571720533.0,2923542440.0,0.0056215787310410995
2024-03-22,34.0,34.17,33.3,33.5,16024980.0,546651670.0,2923542440.0,0.00548135706215368
2024-03-25,33.12,33.12,32.25,32.33,14598548.0,484813791.0,2923542440.0,0.004993444870258152
2024-03-26,32.34,32.53,31.95,32.26,10280597.0,335740324.0,2923542440.0,0.003516486321299991
2024-03-27,32.13,32.15,31.47,31.48,10863333.0,350343754.0,2923542440.0,0.0037158116302221356
2024-03-28,31.44,32.02,31.37,31.59,12357632.0,396963782.0,2923542440.0,0.004226937783054724
2024-03-29,31.47,31.83,31.39,31.76,8565146.0,274670342.0,2923542440.0,0.002929714952248136
2024-04-01,32.0,32.28,31.97,32.16,9776843.0,318380776.0,2923542440.0,0.0033441768678411934
2024-04-02,32.11,32.22,31.75,31.84,8258245.0,267466718.0,2923542440.0,0.0028247392228723726
2024-04-03,31.86,31.9,31.49,31.53,7353010.0,235962368.0,2923542440.0,0.0025151028763584497
2024-04-08,31.35,31.35,30.68,30.7,11206340.0,351149710.0,2923542440.0,0.003833137445406813
2024-04-09,30.72,30.93,30.65,30.88,5780288.0,180669585.0,2923542440.0,0.0019771520744538943
2024-04-10,30.86,30.86,30.25,30.39,8365609.0,258978039.0,2923542440.0,0.0028614631638458443
2024-04-11,30.39,30.66,30.28,30.29,6968289.0,215089936.0,2923542440.0,0.0023835087545368418
2024-04-12,30.27,30.37,29.7,29.8,8741900.0,265500570.0,2923542440.0,0.002990173797511214
2024-04-15,29.8,30.77,29.51,30.54,15524947.0,477419174.0,2923542440.0,0.005310320379682943
2024-04-16,30.37,30.82,30.07,30.09,13018425.0,401218052.0,2923542440.0,0.004452962550459846
2024-04-17,30.07,30.67,29.96,30.67,11478613.0,353727064.0,2923542440.0,0.003926268640040676
2024-04-18,30.46,31.35,30.42,30.9,14607421.0,458613868.0,2923542440.0,0.004996479886914178
2024-04-19,30.69,31.01,30.54,30.59,8356492.0,260269412.0,2923542440.0,0.0028583446867971583
2024-04-22,30.47,31.01,30.34,30.66,7081673.0,220408017.0,2923542440.0,0.0024222918412636417
2024-04-23,30.72,30.83,30.47,30.57,6162764.0,191382311.0,2923542440.0,0.0021079782922528737
2024-04-24,30.58,30.76,30.37,30.56,6924012.0,214530224.0,2923542440.0,0.002368363771726194
2024-04-25,30.45,30.69,30.28,30.4,6454374.0,199248548.0,2923542440.0,0.002207723723005027
2024-04-26,31.56,33.44,31.05,33.44,51256543.0,1687808507.0,2923542440.0,0.01753234100477091
2024-04-29,34.11,34.53,33.56,34.0,53339302.0,1842129507.0,2923542440.0,0.018244750365245255
2024-04-30,33.67,33.78,32.81,32.88,29537893.0,995631133.0,2923542440.0,0.010103459623455989
2024-05-06,33.53,33.9,33.11,33.27,21581433.0,732774648.0,2923542440.0,0.0073819461981198395
2024-05-07,33.14,33.41,32.91,33.26,14458329.0,486120210.0,2923542440.0,0.0049454828505927214
2024-05-08,33.13,33.13,32.63,32.67,10675554.0,355156865.0,2923542440.0,0.0036515816750038355
2024-05-09,32.84,33.41,32.72,33.17,14271741.0,478975268.0,2923542440.0,0.004881660277864822
2024-05-10,33.17,33.82,33.1,33.73,23588881.0,800911272.0,2923542440.0,0.008068595371579418
2024-05-13,33.32,34.51,32.94,33.68,22160894.0,755036670.0,2923542440.0,0.007580151290706079
2024-05-14,33.85,33.85,33.26,33.82,14159162.0,481825059.0,2923542440.0,0.004843152542023642
2024-05-15,33.85,33.93,32.35,32.52,21410082.0,715996323.0,2923542440.0,0.007323335453272913
2024-05-16,32.63,33.07,32.45,32.62,14193270.0,471236840.0,2923542440.0,0.0048548192103549555
2024-05-17,32.65,33.08,32.4,33.06,11648914.0,386761239.0,2923542440.0,0.003984520231558534
2024-05-20,32.97,33.62,32.82,33.12,15716609.0,530947040.0,2923542440.0,0.00537587851811722
2024-05-21,32.98,33.19,32.67,32.82,9039329.0,301704335.0,2923542440.0,0.0030919096218079874
2024-05-22,32.73,33.11,32.66,32.96,8642289.0,288365208.0,2923542440.0,0.0029561017763094282
2024-05-23,32.76,32.87,31.81,31.87,15436798.0,503882470.0,2923542440.0,0.005280168944631431
2024-05-24,31.77,31.9,31.31,31.36,9640696.0,309273820.0,2923542440.0,0.003297607678990971
2024-05-27,31.36,31.79,31.11,31.75,9746617.0,310737649.0,2923542440.0,0.0033338380406750653
2024-05-28,31.7,31.87,31.27,31.32,8651170.0,276386052.0,2923542440.0,0.002959139529371771
2024-05-29,31.17,31.68,31.17,31.32,6140039.0,195707421.0,2923542440.0,0.0021002051880594555
2024-05-30,31.05,31.28,30.78,31.25,8797759.0,277175040.0,2923542440.0,0.0030092804125668856
2024-05-31,31.24,31.59,31.08,31.08,6916992.0,219726025.0,2923542440.0,0.0023659625751832765
2024-06-03,31.04,31.22,30.85,31.11,7344131.0,231063967.0,2923542440.0,0.0025120658073976856
2024-06-04,30.98,31.44,30.98,31.31,8632100.0,273335634.0,2923542440.0,0.0029526166208143022
2024-06-05,31.25,31.41,31.09,31.1,6838514.0,216585572.0,2923542440.0,0.002339119113317883
2024-06-06,31.21,31.29,30.71,30.71,10079213.0,316283693.0,2923542440.0,0.0034476027650893275
2024-06-07,30.72,30.94,30.09,30.53,10399699.0,321762025.0,2923542440.0,0.003557225254441663
2024-06-11,30.46,31.03,30.37,30.81,9645115.0,301146112.0,2923542440.0,0.0032991192014301665
2024-06-12,30.74,30.91,30.62,30.74,6621379.0,206365693.0,2923542440.0,0.0022648479151203974
2024-06-13,30.75,31.01,30.66,30.9,6400077.0,200097369.0,2923542440.0,0.002189151391282693
2024-06-14,30.91,31.83,30.74,31.63,18069036.0,574454983.0,2923542440.0,0.006180528030918546
2024-06-17,31.25,31.92,31.2,31.87,11317537.0,363239871.0,2923542440.0,0.003871172467056781
2024-06-18,31.74,32.29,31.72,32.04,10584427.0,344060674.0,2923542440.0,0.003620411612700926
2024-06-19,32.14,32.16,31.5,31.51,7971174.0,256584829.0,2923542440.0,0.0027265463606541657
2024-06-20,31.43,31.73,31.31,31.39,7795510.0,249176127.0,2923542440.0,0.002666460350751741
2024-06-21,31.36,31.68,31.17,31.49,6875700.0,218964504.0,2923542440.0,0.0023518386139795527
2024-06-24,31.36,31.47,30.96,30.96,7404200.0,234340223.0,2923542440.0,0.002532612456277529
2024-06-25,30.91,31.17,30.1,30.23,10105250.0,312379813.0,2923542440.0,0.0034565087414978658
2024-06-26,30.17,30.59,30.04,30.51,8318157.0,255725726.0,2923542440.0,0.00284523216977825
2024-06-27,30.4,30.4,30.03,30.03,6564200.0,201075029.0,2923542440.0,0.0022452897930224677
2024-06-28,30.07,30.29,29.16,29.2,16102914.0,484879997.0,2923542440.0,0.005508014448389537
2024-07-01,29.2,29.29,28.25,28.88,12572700.0,366032018.0,2923542440.0,0.004300501962270129
2024-07-02,28.86,29.18,28.7,28.87,7170571.0,210447387.0,2923542440.0,0.0024526994723565567
2024-07-03,28.85,29.04,28.59,28.93,7098371.0,207423491.0,2923542440.0,0.002428003405348205
2024-07-04,28.79,28.91,27.77,27.79,13648104.0,390420301.0,2923542440.0,0.004668344749597683
2024-07-05,27.79,27.91,27.4,27.58,10204997.0,285653123.0,2923542440.0,0.0034906272816070355
2024-07-08,27.17,27.36,26.26,26.33,18527879.0,499774616.0,2923542440.0,0.006337475641366095
2024-07-09,26.33,26.92,25.96,26.9,14352450.0,385187897.0,2923542440.0,0.00490926685504179
2024-07-10,26.62,27.29,26.52,26.78,9181876.0,250452777.0,2923542440.0,0.0031406679357115813
2024-07-11,27.3,27.48,26.98,27.31,9955528.0,275153184.0,2923542440.0,0.003405296213178968
2024-07-12,27.32,27.37,27.05,27.16,6213802.0,171389973.0,2923542440.0,0.0021254358804519355
2024-07-15,27.13,27.31,26.9,27.09,4823252.0,132289815.0,2923542440.0,0.001649797154988453
2024-07-16,27.22,27.7,26.99,27.7,9956079.0,277070228.0,2923542440.0,0.0034054846831640317
2024-07-17,27.65,28.08,27.6,27.94,9654399.0,272888933.0,2923542440.0,0.003302294800960714
2024-07-18,27.79,28.03,27.43,27.91,8641324.0,243556514.0,2923542440.0,0.0029557716972974744
2024-07-19,27.82,28.47,27.79,28.42,10918560.0,312021850.0,2923542440.0,0.003734702069178787
2024-07-22,28.79,28.92,28.2,28.63,12285941.0,355485748.0,2923542440.0,0.0042024158198982735
2024-07-23,28.4,28.64,27.8,27.81,8872204.0,253959408.0,2923542440.0,0.0030347443835978655
2024-07-24,27.68,27.85,27.34,27.43,7834900.0,219303270.0,2923542440.0,0.002679933731353666
2024-07-25,27.43,27.98,27.32,27.85,8167711.0,230053788.0,2923542440.0,0.0027937719966876894
2024-07-26,27.81,28.53,27.81,28.25,7963306.0,227757571.0,2923542440.0,0.0027238551050416766
2024-07-29,28.08,28.35,27.94,27.97,5286196.0,150686900.0,2923542440.0,0.001808147515724109
2024-07-30,27.94,28.1,27.72,28.01,5124788.0,145233905.0,2923542440.0,0.0017529377818780699
2024-07-31,28.0,30.45,27.96,29.83,27428862.0,819336607.0,2923542440.0,0.009382063904637554
2024-08-01,29.58,30.5,29.44,30.05,22374849.0,682878974.0,2923542440.0,0.007653334767392671
2024-08-02,29.73,30.14,29.17,29.26,14813450.0,444385928.0,2923542440.0,0.005066952269042484
2024-08-05,28.99,29.6,28.89,28.96,12764999.0,378136437.0,2923542440.0,0.0043662779870573725
2024-08-06,29.26,29.47,28.61,28.99,10049854.0,294401007.0,2923542440.0,0.0034375604959577736
2024-08-07,28.99,29.15,28.71,28.84,6490261.0,190000945.0,2923542440.0,0.00221999889969102
2024-08-08,28.74,29.3,28.63,28.81,8441238.0,247804852.0,2923542440.0,0.002887332123011698
2024-08-09,29.11,29.32,28.64,28.64,7625670.0,224203088.0,2923542440.0,0.002608366444647884
2024-08-12,27.51,28.08,27.29,27.81,11792892.0,331560846.0,2923542440.0,0.0040337680201420305
2024-08-13,27.89,28.31,27.8,28.28,8327117.0,236782421.0,2923542440.0,0.0028482969448529708
2024-08-14,28.22,28.5,28.12,28.13,5383388.0,154340255.0,2923542440.0,0.001841392116065878
2024-08-15,28.01,28.64,27.97,28.31,8634771.0,248127076.0,2923542440.0,0.0029535302384732956
2024-08-16,28.2,28.33,27.87,27.91,6262114.0,178067422.0,2923542440.0,0.0021419610381985766
2024-08-19,27.88,28.15,27.72,27.92,4555443.0,129052522.0,2923542440.0,0.0015581928750793164
2024-08-20,28.0,28.03,27.57,27.58,4591510.0,129099548.0,2923542440.0,0.001570529620907436
2024-08-21,27.55,27.77,27.49,27.65,3845031.0,107648752.0,2923542440.0,0.001315195889545561
2024-08-22,27.7,27.76,26.98,27.04,6292500.0,173883780.0,2923542440.0,0.002152354593491039
2024-08-23,27.15,27.47,26.93,27.25,4551700.0,124641606.0,2923542440.0,0.0015569125789738835
2024-08-26,27.25,27.63,26.98,27.15,5520680.0,151760628.0,2923542440.0,0.0018883529530701801
2024-08-27,27.1,27.19,26.6,26.88,4393348.0,118691947.0,2923542440.0,0.0015027481523408293
2024-08-28,26.94,27.05,26.67,26.96,4020100.0,108865390.0,2923542440.0,0.0013750783792281804
2024-08-29,26.97,27.38,26.88,27.18,6114082.0,167548334.0,2923542440.0,0.0020913265757140846
2024-08-30,27.15,28.72,27.11,28.38,17504324.0,499090245.0,2923542440.0,0.00598736784542796
2024-09-02,27.91,28.01,27.14,27.16,11765608.0,325936073.0,2923542440.0,0.004024435506398874
2024-09-03,27.05,27.53,27.02,27.46,6387540.0,175709803.0,2923542440.0,0.0021848631005336114
2024-09-04,27.28,27.83,27.28,27.46,6198778.0,172113872.0,2923542440.0,0.002120296909389145
2024-09-05,27.46,27.73,27.46,27.68,4978900.0,138455880.0,2923542440.0,0.0017030366762864574
2024-09-06,29.06,29.89,28.29,28.29,32280783.0,942127637.0,2923542440.0,0.011041667313712743
2024-09-09,27.59,29.17,27.59,28.41,19317855.0,556316832.0,2923542440.0,0.0066076875559227385
2024-09-10,28.54,28.59,27.76,28.32,10237201.0,290039560.0,2923542440.0,0.0035016426852349713
2024-09-11,28.27,28.48,28.1,28.41,6734668.0,191991519.0,2923542440.0,0.0023035985070221864
2024-09-12,28.39,28.54,28.17,28.22,5867007.0,167505152.0,2923542440.0,0.002006814376876294
2024-09-13,28.09,28.54,28.09,28.35,6603501.0,188772456.0,2923542440.0,0.002258732731104119
2024-09-18,28.24,28.46,27.92,28.29,5883501.0,167321346.0,2923542440.0,0.002012456162599781
2024-09-19,28.49,28.85,28.04,28.49,11594380.0,333169514.0,2923542440.0,0.003965866833799067
2024-09-20,28.35,28.55,28.16,28.52,9577300.0,273858827.0,2923542440.0,0.003275923027134164
2024-09-23,28.55,28.7,28.29,28.47,6577050.0,188871908.0,2923542440.0,0.002249685145668691
2024-09-24,28.85,30.32,28.49,30.27,34248830.0,1023995220.0,2923542440.0,0.011714839344011713
2024-09-25,31.26,31.56,30.65,30.74,38585414.0,1210967079.0,2923542440.0,0.01319817132533229
2024-09-26,30.55,32.27,30.46,32.26,37572847.0,1189110323.0,2923542440.0,0.012851821983470162
2024-09-27,33.18,34.84,32.75,34.84,29540128.0,997806863.0,2923542440.0,0.01010422410697072
2024-09-30,38.16,38.32,36.04,38.32,79215854.0,3011685414.0,2923542440.0,0.02709584540869535
2024-10-08,42.15,42.15,40.3,42.15,91607785.0,3868149780.0,2923542440.0,0.0313345151917822
2024-10-09,39.7,41.6,37.94,37.94,101339817.0,4034333061.0,2923542440.0,0.03466336442169111
2024-10-10,38.23,39.0,34.98,36.08,61084946.0,2229755898.0,2923542440.0,0.020894154011323333
2024-10-11,35.73,39.69,35.28,39.69,135706002.0,5313338942.0,2923542440.0,0.04641834513611508
2024-10-14,38.37,38.39,35.72,36.54,127461758.0,4673345378.0,2923542440.0,0.043598394966347744
2024-10-15,35.63,36.08,34.87,34.87,61558280.0,2204304750.0,2923542440.0,0.02105605827976282
2024-10-16,33.95,35.31,33.82,34.22,41539137.0,1441308205.0,2923542440.0,0.01420849460971054
2024-10-17,34.34,35.2,34.02,34.05,36024426.0,1253811782.0,2923542440.0,0.01232218335780342
2024-10-18,34.02,37.17,33.73,35.84,75268446.0,2685937358.0,2923542440.0,0.025745631385464
2024-10-21,35.66,36.03,35.26,35.59,51670977.0,1855388633.0,2923542440.0,0.017674098481703586
2024-10-22,36.13,36.83,35.86,36.45,50532532.0,1847714403.0,2923542440.0,0.01728469247054953
2024-10-23,36.53,36.89,35.87,36.01,44793406.0,1638295175.0,2923542440.0,0.015321619890696712
2024-10-24,35.64,35.98,35.42,35.73,23471070.0,843723660.0,2923542440.0,0.008028298026007106
2024-10-25,35.78,36.4,35.61,35.98,26207077.0,949315683.0,2923542440.0,0.008964151380679118
2024-10-28,35.98,36.95,35.83,36.32,33460067.0,1226490004.0,2923542440.0,0.01144504233706284
2024-10-29,36.33,36.76,35.51,35.53,32402547.0,1179244912.0,2923542440.0,0.011083316786056303
2024-10-30,35.48,35.74,34.8,35.12,25049571.0,889491022.0,2923542440.0,0.008568225539424698
2024-10-31,34.71,36.0,34.57,35.16,41113882.0,1464584705.0,2923542440.0,0.014063035801183718
2024-11-01,35.02,35.5,34.59,34.63,30424287.0,1071874942.0,2923542440.0,0.010406651391043258
2024-11-04,34.91,35.51,34.76,35.5,28945306.0,1024814363.0,2923542440.0,0.0099007647722056
2024-11-05,35.48,36.97,35.1,36.7,54207656.0,1987926468.0,2923542440.0,0.01854177153658833
2024-11-06,36.75,38.37,36.43,36.9,63545633.0,2388281049.0,2923542440.0,0.0217358339426056
2024-11-07,36.52,39.58,36.41,39.0,76339452.0,2925440826.0,2923542440.0,0.02611196983341894
2024-11-08,39.7,39.7,37.73,37.83,60811165.0,2352408717.0,2923542440.0,0.020800507004098766
2024-11-11,37.32,38.13,37.22,38.02,36121521.0,1374146959.0,2923542440.0,0.012355394779218598
2024-11-12,38.03,38.53,36.81,37.2,41517112.0,1575959164.0,2923542440.0,0.014200960941069835
2024-11-13,37.05,40.56,36.81,39.17,80634227.0,3145414988.0,2923542440.0,0.027581001013277578
2024-11-14,38.59,40.84,38.41,38.8,84300779.0,3373815014.0,2923542440.0,0.02883514801994802
2024-11-15,38.72,39.87,36.92,37.05,56218159.0,2156039836.0,2923542440.0,0.019229465675210104
2024-11-18,36.9,37.11,35.58,35.78,37348058.0,1360080883.0,2923542440.0,0.01277493272852916
2024-11-19,35.82,36.36,35.21,35.91,29240019.0,1052938244.0,2923542440.0,0.010001571586557846
2024-11-20,35.64,36.23,35.58,35.86,26325513.0,951946159.0,2923542440.0,0.009004662507994924
2024-11-21,35.82,36.45,35.65,36.14,23753156.0,862057278.0,2923542440.0,0.00812478576503921
2024-11-22,35.93,36.34,34.34,34.42,29898967.0,1063150050.0,2923542440.0,0.010226965270256176
2024-11-25,34.62,34.66,33.75,34.38,22541397.0,777768707.0,2923542440.0,0.0077103026422971985
2024-11-26,34.19,34.94,34.14,34.23,16680404.0,579351092.0,2923542440.0,0.005705545358869495
2024-11-27,34.24,34.77,33.89,34.76,18662265.0,646685963.0,2923542440.0,0.006383442478775851
2024-11-28,34.86,35.04,34.56,34.69,17587900.0,616000830.0,2923542440.0,0.00601595508221868
2024-11-29,34.56,36.13,34.41,35.3,28650897.0,1017760986.0,2923542440.0,0.009800061941293386
2024-12-02,35.18,36.38,35.09,36.23,29116266.0,1055326146.0,2923542440.0,0.009959241775193795
2024-12-03,36.28,36.3,35.73,36.03,17053518.0,618117508.0,2923542440.0,0.005833169297176339
2024-12-04,36.05,36.21,35.47,35.71,15792741.0,571358673.0,2923542440.0,0.005401919528830236
2024-12-05,35.53,36.27,35.44,35.95,13815072.0,500375818.0,2923542440.0,0.0047254562858338395
2024-12-06,36.02,37.17,35.93,36.91,30927925.0,1143065431.0,2923542440.0,0.010578921166610463
2024-12-09,36.63,37.11,36.39,36.73,20411948.0,755520559.0,2923542440.0,0.006981922930456929
2024-12-10,38.5,38.51,36.71,36.74,36771181.0,1386776184.0,2923542440.0,0.01257761149518322
2024-12-11,36.82,37.02,36.34,36.42,18204207.0,670878958.0,2923542440.0,0.006226763378198129
2024-12-12,36.49,37.09,36.05,36.65,24628037.0,905576842.0,2923542440.0,0.008424039501885939
2024-12-13,36.34,36.41,35.74,35.74,36799536.0,1337412776.0,2923542440.0,0.012587310345322027
2024-12-16,35.83,36.03,35.29,35.4,15421125.0,552431843.0,2923542440.0,0.005274807982606197
2024-12-17,35.31,35.69,35.19,35.27,12966764.0,462772625.0,2923542440.0,0.00443529186461887
2024-12-18,35.42,35.48,35.1,35.15,10867003.0,386005314.0,2923542440.0,0.0037170669566199284
2024-12-19,34.92,35.04,34.62,34.87,13324451.0,467853445.0,2923542440.0,0.004557638985394718
2024-12-20,34.85,35.4,34.85,35.22,12424249.0,440277162.0,2923542440.0,0.0042497241805047985
2024-12-23,34.99,35.47,34.56,34.65,12388015.0,436495353.0,2923542440.0,0.004237330312194818
2024-12-24,34.72,35.29,34.63,35.1,13085735.0,461014169.0,2923542440.0,0.004475985989107105
2024-12-25,35.09,35.43,34.77,35.04,12656526.0,447335802.0,2923542440.0,0.004329174711758246
2024-12-26,34.94,35.16,34.71,35.01,11129300.0,391718439.0,2923542440.0,0.0038067858525768486
2024-12-27,35.08,35.59,34.94,35.0,16495900.0,583124991.0,2923542440.0,0.0056424356199871
2024-12-30,34.94,35.19,34.85,35.09,11885138.0,418246970.0,2923542440.0,0.00406532083727849
2024-12-31,35.1,35.13,33.53,33.53,20417900.0,703440988.0,2923542440.0,0.0069839588167565645
2025-01-02,33.37,33.43,31.92,32.31,21645042.0,709753151.0,2923542440.0,0.0074037037067948295
2025-01-03,32.29,32.43,31.2,31.28,17309745.0,551754965.0,2923542440.0,0.005920811944840452
2025-01-06,31.15,31.42,30.8,31.26,12627668.0,395082542.0,2923542440.0,0.004319303810072277
2025-01-07,31.25,31.45,31.03,31.4,10019697.0,314748193.0,2923542440.0,0.0034272452702961273
2025-01-08,31.43,31.43,30.57,31.07,12366688.0,384734613.0,2923542440.0,0.004230035395005246
2025-01-09,31.07,31.21,30.89,30.89,8617486.0,268861544.0,2923542440.0,0.0029476178905752434
2025-01-10,30.89,31.09,30.49,30.49,8407761.0,260277819.0,2923542440.0,0.002875881288728615
2025-01-13,30.2,30.63,30.16,30.5,9435434.0,288662710.0,2923542440.0,0.0032273976498182803
2025-01-14,30.55,31.7,30.33,31.64,19178784.0,600810899.0,2923542440.0,0.006560118210563757
2025-01-15,31.38,31.55,31.15,31.24,11183399.0,352370203.0,2923542440.0,0.0038252904582428433
2025-01-16,31.34,31.77,31.02,31.2,10560437.0,332817829.0,2923542440.0,0.0036122058142586773
2025-01-17,31.05,31.5,31.02,31.32,7470869.0,235097555.0,2923542440.0,0.0025554166403686618
2025-01-20,31.68,31.7,31.39,31.51,11116543.0,352703613.0,2923542440.0,0.003802422310654057
2025-01-21,31.64,31.78,31.39,31.56,7362369.0,233634693.0,2923542440.0,0.0025183041296982164
2025-01-22,31.52,31.62,31.18,31.35,7212113.0,227154934.0,2923542440.0,0.0024669089462576775
2025-01-23,31.83,32.38,31.45,31.45,16293735.0,522494321.0,2923542440.0,0.005573284922109767
2025-01-24,31.36,31.72,31.3,31.65,10443560.0,331437745.0,2923542440.0,0.003572227944123842
2025-01-27,31.64,31.75,31.0,31.03,11437460.0,360741392.0,2923542440.0,0.003912192223896705
2025-02-05,31.26,31.51,31.1,31.28,8757375.0,275252277.0,2923542440.0,0.0029954670334801092
2025-02-06,31.17,31.69,31.03,31.67,13386845.0,422760584.0,2923542440.0,0.004578980902360357
2025-02-07,31.64,32.69,31.55,32.2,20873224.0,674321749.0,2923542440.0,0.00713970275047555
2025-02-10,32.21,32.4,32.12,32.26,12252379.0,397143112.0,2923542440.0,0.004190935911298076
2025-02-11,32.17,32.26,31.76,31.99,11003937.0,353392800.0,2923542440.0,0.003763905339441558
2025-02-12,31.95,32.55,31.85,32.54,14097517.0,455319180.0,2923542440.0,0.004822066821099405
2025-02-13,32.44,33.55,32.28,32.93,32355945.0,1074491102.0,2923542440.0,0.01106737653515986
2025-02-14,32.7,33.08,32.55,32.94,16225700.0,535006281.0,2923542440.0,0.005550013496640056
2025-02-17,34.13,34.13,33.07,33.3,31782355.0,1074928453.0,2923542440.0,0.010871179622759299
2025-02-18,33.02,33.35,32.26,32.41,18086389.0,597086865.0,2923542440.0,0.00618646363827029
2025-02-19,32.12,33.8,32.12,33.53,25647352.0,855514404.0,2923542440.0,0.008772697002476215
2025-02-20,33.32,34.16,33.17,33.8,25959067.0,881833707.0,2923542440.0,0.008879319364353062
2025-02-21,33.61,34.06,33.14,34.01,30656981.0,1038306062.0,2923542440.0,0.010486244557475963
2025-02-24,34.03,34.03,33.37,33.52,18461043.0,624537799.0,2923542440.0,0.006314614334793101
2025-02-25,33.22,33.32,32.84,32.96,15034000.0,499755055.0,2923542440.0,0.005142391570686417
2025-02-26,33.01,36.25,32.84,36.25,64442332.0,2266928695.0,2923542440.0,0.02204255054357959
2025-02-27,35.13,39.8,34.83,38.68,149659536.0,5581344512.0,2923542440.0,0.051191162458377036
2025-02-28,37.0,37.5,34.81,35.1,76445618.0,2775241671.0,2923542440.0,0.026148283997546484
2025-03-03,34.84,35.46,34.28,34.4,40347198.0,1407778653.0,2923542440.0,0.01380079093361819
2025-03-04,34.15,34.63,34.05,34.18,27248943.0,937957451.0,2923542440.0,0.009320522468625426
2025-03-05,34.17,36.06,33.83,35.08,51828967.0,1824156736.0,2923542440.0,0.01772813908595081
2025-03-06,35.04,36.02,34.94,35.64,45127646.0,1610296601.0,2923542440.0,0.01543594694660906
2025-03-07,35.33,35.48,34.9,35.07,26102702.0,921266870.0,2923542440.0,0.00892844982951573
2025-03-10,34.9,35.71,34.74,35.29,25985598.0,920422258.0,2923542440.0,0.008888394313851657
2025-03-11,34.81,35.27,34.75,35.2,18590864.0,654207666.0,2923542440.0,0.006359019710348381
2025-03-12,35.27,37.93,35.06,36.24,66455026.0,2428135858.0,2923542440.0,0.022730994115481355
2025-03-13,35.94,37.04,35.7,35.9,43048723.0,1571812744.0,2923542440.0,0.014724849692963582
2025-03-14,36.02,38.29,35.87,36.98,78170020.0,2914832089.0,2923542440.0,0.026738117063215952
2025-03-17,36.66,36.69,36.11,36.25,34940833.0,1274747439.0,2923542440.0,0.011951539516559917
2025-03-18,36.52,36.62,35.9,36.03,22509700.0,816232025.0,2923542440.0,0.007699460658419585
2025-03-19,36.0,36.31,35.7,35.75,21232669.0,768557655.0,2923542440.0,0.007262651196539497
2025-03-20,35.72,35.97,35.53,35.6,16618070.0,596876492.0,2923542440.0,0.005684223964951232
2025-03-21,35.49,35.8,34.78,34.79,26026758.0,921635307.0,2923542440.0,0.008902473124351155
2025-03-24,34.79,35.0,34.32,34.84,17434700.0,607857070.0,2923542440.0,0.00596355290125359
2025-03-25,34.87,34.92,34.25,34.32,14361343.0,497620697.0,2923542440.0,0.0049123087127136075
2025-03-26,34.32,34.78,34.3,34.37,11692120.0,405075230.0,2923542440.0,0.003999298877973532
2025-03-27,34.33,34.98,34.19,34.6,17368526.0,604996225.0,2923542440.0,0.005940918032303304
2025-03-28,34.54,34.91,34.53,34.67,12693005.0,442557354.0,2923542440.0,0.0043416523825116765
2025-03-31,34.68,35.23,34.29,34.36,18378217.0,640080783.0,2923542440.0,0.006286283636094573
2025-04-01,34.38,34.79,34.21,34.53,13983843.0,485364216.0,2923542440.0,0.004783184539643625
2025-04-02,34.4,34.87,34.39,34.6,10629978.0,370342638.0,2923542440.0,0.003635992368217511
2025-04-03,34.37,34.74,34.23,34.4,11528830.0,399350461.0,2923542440.0,0.003943445404541485
2025-04-07,32.8,33.28,30.96,31.46,38412366.0,1225787371.0,2923542440.0,0.013138980120295431
2025-04-08,31.84,31.95,31.16,31.87,24776448.0,788356039.0,2923542440.0,0.008474803601619684
2025-04-09,31.55,32.61,31.31,32.52,27501928.0,886670221.0,2923542440.0,0.00940705618762969
2025-04-10,33.15,33.44,32.54,33.17,27651129.0,920221126.0,2923542440.0,0.00945809050748721
2025-04-11,33.34,34.1,33.09,33.57,22867085.0,768321488.0,2923542440.0,0.007821704479856978
2025-04-14,33.61,33.66,33.26,33.33,16209760.0,544269718.0,2923542440.0,0.0055445612070540015
2025-04-15,33.49,33.96,33.24,33.39,16086528.0,541533198.0,2923542440.0,0.005502409604151325
2025-04-16,33.29,33.39,32.81,33.37,14870749.0,494001222.0,2923542440.0,0.005086551437235165
2025-04-17,33.1,33.48,32.96,33.25,10328682.0,344990897.0,2923542440.0,0.0035329338335173955
2025-04-18,33.2,33.52,33.11,33.34,11917935.0,399085122.0,2923542440.0,0.004076539077024652
2025-04-21,33.09,33.53,33.09,33.48,9840172.0,330268894.0,2923542440.0,0.003365838602295098
2025-04-22,33.49,33.59,33.35,33.37,9516639.0,319810562.0,2923542440.0,0.003255173884186884
2025-04-23,33.55,33.59,33.25,33.31,9593745.0,321670951.0,2923542440.0,0.003281548052368961
2025-04-24,33.27,33.37,32.9,32.94,10055452.0,334398650.0,2923542440.0,0.003439475296277895
2025-04-25,32.95,33.51,32.95,33.19,11585112.0,386606005.0,2923542440.0,0.003962696707081153
2025-04-28,33.14,33.14,32.68,32.7,10445995.0,344468357.0,2923542440.0,0.0035730608377964918
2025-04-29,32.82,32.86,32.61,32.74,8781800.0,288821793.0,2923542440.0,0.0030038216240158293
2025-04-30,32.74,33.08,32.69,32.69,10065100.0,332103719.0,2923542440.0,0.0034427754022958532
2025-05-06,32.82,33.2,32.79,33.2,13559250.0,450075497.0,2923542440.0,0.00463795216873951
2025-05-07,34.13,34.31,33.27,33.51,26838478.0,910101027.0,2923542440.0,0.009180122591276629
2025-05-08,33.32,33.87,33.27,33.73,15435600.0,522071160.0,2923542440.0,0.0052797591677855036
2025-05-09,33.79,33.79,33.15,33.16,12161300.0,407287089.0,2923542440.0,0.004159782267433067
2025-05-12,33.39,34.0,33.22,33.91,20262288.0,685692237.0,2923542440.0,0.006930731609286985
2025-05-13,34.21,34.22,33.66,33.7,13541485.0,460825213.0,2923542440.0,0.004631875636462455
2025-05-14,33.71,35.2,33.49,34.66,34981261.0,1209289374.0,2923542440.0,0.011965367945881435
2025-05-15,34.43,34.6,33.93,33.98,16658193.0,572475579.0,2923542440.0,0.005697948068781926
2025-05-16,33.92,33.97,33.53,33.6,11447212.0,387416121.0,2923542440.0,0.003915527903196781
2025-05-19,33.61,33.79,33.49,33.62,8437400.0,285180543.0,2923542440.0,0.002886019332081254
2025-05-20,33.6,33.87,33.51,33.72,9167600.0,310360028.0,2923542440.0,0.0031357848186394036
2025-05-21,33.61,33.78,33.61,33.63,7588900.0,256932846.0,2923542440.0,0.002595789237114683
2025-05-22,33.52,33.58,33.09,33.12,12637500.0,422858157.0,2923542440.0,0.0043226668534355195
2025-05-23,33.04,33.31,32.75,32.8,11476930.0,381035997.0,2923542440.0,0.003925692968561797
2025-05-26,32.81,32.89,32.63,32.86,7312746.0,240825457.0,2923542440.0,0.0025013305433664234
2025-05-27,32.8,32.94,32.59,32.79,6614926.0,217923711.0,2923542440.0,0.0022626406613751775
2025-05-28,32.79,32.82,32.5,32.59,7306554.0,239386178.0,2923542440.0,0.0024992125648772862
2025-05-29,32.58,33.03,32.55,33.03,10502375.0,347021966.0,2923542440.0,0.0035923456613135398
2025-05-30,32.85,33.04,32.65,32.93,9651976.0,318600659.0,2923542440.0,0.003301466011897539
2025-06-03,32.62,33.31,32.62,33.19,10000544.0,332449928.0,2923542440.0,0.0034206939715231226
2025-06-04,33.18,33.92,33.08,33.71,15588675.0,526629730.0,2923542440.0,0.005332118592401894
2025-06-05,33.77,34.27,33.62,34.09,16894628.0,576076949.0,2923542440.0,0.005778820847218486
2025-06-06,34.15,34.26,33.69,33.79,10159819.0,345936622.0,2923542440.0,0.0034751741110349674
2025-06-09,34.41,34.68,34.06,34.26,20589915.0,711312674.0,2923542440.0,0.0070427966833277785
2025-06-10,34.26,34.31,33.59,33.7,15451230.0,527096977.0,2923542440.0,0.005285105421626785
2025-06-11,33.82,34.76,33.75,34.27,21634830.0,747514640.0,2923542440.0,0.007400210684131543
2025-06-12,34.09,34.51,34.07,34.13,12214640.0,420250519.0,2923542440.0,0.004178027256549763
2025-06-13,34.03,34.17,33.59,33.7,13190120.0,447986341.0,2923542440.0,0.0045116909607783905
2025-06-16,33.6,34.41,33.5,34.38,15616653.0,535313370.0,2923542440.0,0.005341688489393026
2025-06-17,34.43,34.71,34.23,34.68,16040488.0,556917357.0,2923542440.0,0.005486661585798631
2025-06-18,34.52,34.61,33.96,34.31,12930600.0,445224604.0,2923542440.0,0.00442292193986416
2025-06-19,34.23,34.31,33.52,33.62,13983718.0,474534361.0,2923542440.0,0.004783141783294927
2025-06-20,33.61,33.88,33.32,33.32,12564436.0,422958767.0,2923542440.0,0.004297675254544962
2025-06-23,33.12,34.18,33.02,34.08,14285501.0,484924066.0,2923542440.0,0.004886366896729571
2025-06-24,34.16,35.3,34.16,34.93,30346239.0,1063620141.0,2923542440.0,0.010379955011017388
2025-06-25,34.98,36.08,34.88,35.84,47201528.0,1683323426.0,2923542440.0,0.01614531992222422
2025-06-26,35.82,35.82,35.21,35.3,29009171.0,1033335838.0,2923542440.0,0.009922609845882724
2025-06-27,35.42,36.04,35.08,35.33,31230727.0,1114396475.0,2923542440.0,0.0106824948297997
2025-06-30,35.23,35.27,34.84,35.19,16499501.0,582271588.0,2923542440.0,0.005643667344880411
2025-07-01,35.2,35.23,34.85,35.03,11283000.0,397064474.0,2923542440.0,0.003859359058936733
2025-07-02,35.03,35.51,34.96,35.07,15853394.0,560554782.0,2923542440.0,0.0054226659353712
2025-07-03,35.13,35.43,35.01,35.3,13615901.0,482324013.0,2923542440.0,0.004657329688020537
2025-07-04,35.34,35.94,35.12,35.32,21420751.0,764201595.0,2923542440.0,0.007326984793147043
2025-07-07,35.16,35.52,35.13,35.32,9922700.0,352468695.0,2923542440.0,0.0033940673698583286
2025-07-08,35.36,35.86,35.3,35.63,17575500.0,628808047.0,2923542440.0,0.006011713652427772
2025-07-09,35.7,35.88,35.33,35.35,17224998.0,616745795.0,2923542440.0,0.005891824166575122
2025-07-10,35.38,35.79,35.28,35.64,20522700.0,733199539.0,2923542440.0,0.007019805739505529
2025-07-11,35.67,36.89,35.57,36.22,52755417.0,1925265190.0,2923542440.0,0.01804503203996587
2025-07-14,36.27,36.35,35.72,35.78,22168400.0,800941164.0,2923542440.0,0.007582718723932737
2025-07-15,35.91,36.04,35.33,35.58,22920530.0,820076039.0,2923542440.0,0.00783998538430658
2025-07-16,35.53,35.84,35.33,35.51,13728700.0,490679749.0,2923542440.0,0.004695912675035427
2025-07-17,35.63,36.17,35.49,35.96,17675579.0,635304351.0,2923542440.0,0.006045945753399085
2025-07-18,36.02,36.28,35.9,36.04,16629355.0,602915496.0,2923542440.0,0.005688084008111748
2025-07-21,36.07,36.59,35.97,36.43,22635475.0,826668776.0,2923542440.0,0.007742482096480187
2025-07-22,36.42,36.72,36.14,36.61,25091908.0,918993783.0,2923542440.0,0.008582706943703543
2025-07-23,36.71,37.18,36.42,36.61,41517711.0,1534681344.0,2923542440.0,0.014201165829492799
2025-07-24,36.42,37.49,36.39,37.3,43601549.0,1626911215.0,2923542440.0,0.014913944262769109
2025-07-25,37.3,37.37,36.92,37.01,25990218.0,970085011.0,2923542440.0,0.00888997458849956
2025-07-28,37.01,37.54,36.87,37.07,26746498.0,998988185.0,2923542440.0,0.0091486607596502
2025-07-29,36.91,37.29,36.62,37.28,26293078.0,977593061.0,2923542440.0,0.008993568090634594
2025-07-30,37.27,37.52,36.53,36.9,23317867.0,869427800.0,2923542440.0,0.007975894818889648
2025-07-31,36.76,37.03,35.79,36.03,29820881.0,1089516825.0,2923542440.0,0.010200255892300301
2025-08-01,35.91,36.19,35.49,35.71,19458985.0,700253874.0,2923542440.0,0.006655961183857485
2025-08-04,35.5,35.8,35.45,35.74,16538626.0,592341124.0,2923542440.0,0.005657050082023095
2025-08-05,35.92,36.34,35.76,36.22,23608700.0,856586905.0,2923542440.0,0.00807537447617829
2025-08-06,36.17,36.54,36.09,36.35,16986027.0,620459814.0,2923542440.0,0.005810083947336164
2025-08-07,36.48,36.71,36.12,36.25,19234943.0,703653922.0,2923542440.0,0.006579327440856306
2025-08-08,36.23,36.24,35.81,35.82,12456112.0,449953562.0,2923542440.0,0.004260622944813485
2025-08-11,35.82,36.42,35.82,36.22,18606200.0,677116733.0,2923542440.0,0.006364265401257524
2025-08-12,36.25,36.37,36.08,36.29,15325633.0,558435277.0,2923542440.0,0.005242144868606731
2025-08-13,36.41,37.12,36.22,36.69,37577569.0,1385689338.0,2923542440.0,0.012853437147298604
2025-08-14,36.75,37.32,36.55,36.68,37770948.0,1402687649.0,2923542440.0,0.012919582586938604
2025-08-15,36.25,38.16,36.25,37.83,62115580.0,2339289418.0,2923542440.0,0.021246683184800972
2025-08-18,38.11,38.87,37.62,38.37,52365128.0,2014639752.0,2923542440.0,0.01791153337934783
2025-08-19,38.16,38.58,37.57,37.67,29405227.0,1122693991.0,2923542440.0,0.010058081113404326
2025-08-20,37.61,38.05,37.24,38.01,25457460.0,963567170.0,2923542440.0,0.008707744293939513
2025-08-21,38.21,38.46,37.57,37.77,24203747.0,925613375.0,2923542440.0,0.008278910772371069
2025-08-22,37.75,39.0,37.63,38.76,43171984.0,1663422471.0,2923542440.0,0.014767011215339156
2025-08-25,38.93,39.71,38.61,39.19,53887016.0,2111273017.0,2923542440.0,0.0184320963714144
2025-08-26,39.0,39.16,38.49,38.56,32581656.0,1267866722.0,2923542440.0,0.011144581160928863
2025-08-27,38.64,38.87,37.7,37.7,37454956.0,1442876778.0,2923542440.0,0.012811497273834684
2025-08-28,37.49,38.4,37.42,38.38,30518281.0,1158662348.0,2923542440.0,0.01043880211295992
2025-08-29,38.48,38.99,38.21,38.45,34170959.0,1320170667.0,2923542440.0,0.0116882035069756
2025-09-01,39.18,39.68,38.57,38.84,47535400.0,1860642450.0,2923542440.0,0.016259521103445997
2025-09-02,38.78,39.14,38.13,38.41,38608323.0,1490292711.0,2923542440.0,0.013206007366870994
2025-09-03,38.43,38.66,36.91,37.33,36283735.0,1371133032.0,2923542440.0,0.012410880206001045
2025-09-04,37.26,37.5,36.41,36.95,32260750.0,1196033088.0,2923542440.0,0.0110348150102449
2025-09-05,37.09,37.22,36.66,37.2,24269992.0,899190006.0,2923542440.0,0.008301569926927417
2025-09-08,36.96,37.14,36.71,36.91,23010263.0,850744657.0,2923542440.0,0.007870678627808802
2025-09-09,36.85,37.14,36.72,36.81,20974694.0,775472280.0,2923542440.0,0.007174410644095182
2025-09-10,36.81,36.96,36.43,36.51,19694440.0,723193456.0,2923542440.0,0.006736498752520247
2025-09-11,36.41,37.26,36.28,37.23,32645564.0,1206362489.0,2923542440.0,0.01116644094278994
2025-09-12,37.12,37.26,36.73,36.8,21739622.0,806215511.0,2923542440.0,0.007436054870474191
2025-09-15,36.84,37.09,36.75,36.77,17612661.0,651656656.0,2923542440.0,0.006024424601819702
2025-09-16,36.79,37.03,36.41,36.79,21164133.0,779033590.0,2923542440.0,0.0072392084036242005
2025-09-17,36.78,37.36,36.69,37.16,26414308.0,981930127.0,2923542440.0,0.009035034907856511
2025-09-18,37.13,37.14,35.87,36.16,33138229.0,1215947719.0,2923542440.0,0.01133495739504298
2025-09-19,36.09,36.31,35.65,35.78,20444810.0,735959116.0,2923542440.0,0.006993163403504414
2025-09-22,35.71,36.07,35.66,36.07,17059731.0,613347753.0,2923542440.0,0.005835294458732058
2025-09-23,35.91,35.91,35.14,35.5,21081092.0,749109989.0,2923542440.0,0.007210804164005911
2025-09-24,35.3,35.86,35.3,35.75,19311438.0,688354861.0,2923542440.0,0.0066054926160059434
2025-09-25,35.64,36.0,35.58,35.77,17447983.0,625885683.0,2923542440.0,0.005968096361891706
2025-09-26,35.58,36.02,35.58,35.64,13357550.0,479253285.0,2923542440.0,0.004568960524479337
2025-09-29,35.64,37.63,35.55,37.01,49011655.0,1807769973.0,2923542440.0,0.016764475291831234
2025-09-30,36.88,37.09,36.48,36.8,25657771.0,946044016.0,2923542440.0,0.008776260829652946
2025-10-09,36.82,37.41,36.41,37.41,28502696.0,1058441195.0,2923542440.0,0.009749369672225453
2025-10-10,37.2,38.14,37.14,37.64,31578847.0,1195000290.0,2923542440.0,0.010801569550671547
2025-10-13,36.88,37.82,36.88,37.65,28461321.0,1065390966.0,2923542440.0,0.009735217320806193
2025-10-14,37.94,38.45,37.51,37.6,28523921.0,1084821875.0,2923542440.0,0.009756629700234486
2025-10-15,37.8,38.2,37.24,37.9,25730157.0,972727704.0,2923542440.0,0.008801020518108162
2025-10-16,37.92,38.65,37.78,38.17,30536418.0,1171796240.0,2923542440.0,0.010445005888130703
2025-10-17,37.96,38.35,37.21,37.28,25897510.0,979011898.0,2923542440.0,0.00885826374389831
2025-10-20,37.65,37.78,37.13,37.33,18332503.0,686799948.0,2923542440.0,0.006270647126299285
2025-10-21,37.33,38.18,37.29,37.67,24299579.0,920498040.0,2923542440.0,0.008311690183638996
2025-10-22,37.49,37.58,37.2,37.33,14366835.0,538107441.0,2923542440.0,0.004914187255650033
2025-10-23,37.3,37.78,36.92,37.77,15229556.0,569891714.0,2923542440.0,0.005209281654895354
2025-10-24,37.87,38.4,37.63,38.38,33023179.0,1259604133.0,2923542440.0,0.011295604451700724
2025-10-27,38.74,38.9,38.34,38.49,41529432.0,1605924787.0,2923542440.0,0.014205175006797575
2025-10-28,38.48,38.74,37.88,37.94,25023891.0,959512668.0,2923542440.0,0.008559441675148044
2025-10-29,37.94,38.94,37.9,38.93,37494394.0,1452116262.0,2923542440.0,0.01282498707287451
2025-10-30,38.3,38.5,37.34,37.39,54208188.0,2056466480.0,2923542440.0,0.018541953507608393
2025-10-31,37.43,37.58,36.76,36.76,36019550.0,1338046629.0,2923542440.0,0.01232051551815338
2025-11-03,36.71,36.79,36.27,36.57,24763171.0,905013658.0,2923542440.0,0.008470262193286306
2025-11-04,36.41,36.51,36.14,36.26,23569015.0,857797428.0,2923542440.0,0.008061800190593436
2025-11-05,36.03,36.33,35.99,36.16,17977079.0,652305170.0,2923542440.0,0.0061490740664602766
2025-11-06,36.24,36.54,36.18,36.38,21764410.0,793965237.0,2923542440.0,0.007444533625446532
2025-11-07,36.01,36.64,35.84,36.13,20955026.0,758482368.0,2923542440.0,0.0071676831891655385
2025-11-10,35.69,36.34,35.49,36.28,27482245.0,989666548.0,2923542440.0,0.009400323601938203
2025-11-11,36.17,36.2,35.66,35.69,20989516.0,755022380.0,2923542440.0,0.007179480520898476
2025-11-12,35.59,35.74,35.28,35.42,16623505.0,591718129.0,2923542440.0,0.00568608301099265
2025-11-13,35.45,35.84,35.44,35.82,15805819.0,565149230.0,2923542440.0,0.005406392869056486
2025-11-14,35.6,35.68,35.31,35.32,16353260.0,582262266.0,2923542440.0,0.0055936454953600745
2025-11-17,35.12,35.29,34.96,35.01,15917784.0,560174106.0,2923542440.0,0.005444690585712859
2025-11-18,34.97,35.24,34.85,34.94,13987814.0,491119298.0,2923542440.0,0.004784542823329084
2025-11-19,34.95,35.09,34.62,34.8,15178644.0,530194997.0,2923542440.0,0.00519186716509578
2025-12-18,38.28,38.28,36.07,36.09,108743518.0,4027320048.0,2923542440.0,0.03719580619462463
2025-12-19,35.59,35.89,35.29,35.83,58901121.0,2103414942.0,2923542440.0,0.02014717494574835
2025-12-22,35.66,36.39,35.51,35.98,42002399.0,1515366970.0,2923542440.0,0.014366953742597286
2025-12-23,35.91,35.92,35.4,35.44,27593078.0,986126634.0,2923542440.0,0.00943823411710076
2025-12-24,35.39,35.66,35.28,35.52,21334815.0,758525572.0,2923542440.0,0.007297590316492891
2025-12-25,35.54,35.65,35.48,35.57,18975299.0,676459254.0,2923542440.0,0.0064905160056441666
2025-12-26,35.57,35.91,35.48,35.6,26649349.0,952843484.0,2923542440.0,0.009115430867492384
2025-12-29,35.65,35.65,35.22,35.29,19004535.0,672758510.0,2923542440.0,0.006500516202528601
2025-12-30,35.2,35.36,35.07,35.19,17408708.0,612511544.0,2923542440.0,0.005954662317130583
2025-12-31,35.16,35.4,34.95,35.0,23473580.0,824777431.0,2923542440.0,0.008029156573488976
2026-01-05,35.08,35.53,34.99,35.53,29748268.0,1050077347.0,2923542440.0,0.010175418558315849
2026-01-06,35.52,36.47,35.41,36.41,55346517.0,1995663024.0,2923542440.0,0.018931319840870858
2026-01-07,36.39,36.39,35.83,36.0,35059222.0,1264707585.0,2923542440.0,0.011992034567488612
2026-01-08,35.82,35.85,35.46,35.6,27150332.0,967971543.0,2923542440.0,0.00928679249821323
2026-01-09,35.5,35.9,35.49,35.77,25714267.0,917751201.0,2923542440.0,0.008795585331061588
2026-01-12,35.77,36.27,35.67,36.24,34197701.0,1231880160.0,2923542440.0,0.011697350629190797
2026-01-13,36.21,36.54,35.7,35.74,34093434.0,1231037111.0,2923542440.0,0.011661686019512684
2026-01-14,35.8,36.37,35.47,35.6,39716634.0,1428836701.0,2923542440.0,0.013585106019531565
2026-01-15,35.47,35.66,35.07,35.14,29582944.0,1043991760.0,2923542440.0,0.010118869353577777
2026-01-16,35.36,35.37,34.86,34.9,28970607.0,1014031399.0,2923542440.0,0.009909418999232998
2026-01-19,34.86,35.05,34.85,35.03,17789167.0,621745385.0,2923542440.0,0.006084798618486961
2026-01-20,35.0,35.2,34.9,35.2,22582262.0,791899099.0,2923542440.0,0.007724280547813768
2026-01-21,35.14,35.36,35.01,35.35,21761058.0,764958692.0,2923542440.0,0.007443387071199828
2026-01-22,35.24,35.35,35.02,35.08,19875650.0,698576121.0,2923542440.0,0.006798481776101735
2026-01-23,35.08,35.14,34.96,35.09,22535453.0,789695853.0,2923542440.0,0.00770826949240388
2026-01-26,35.07,35.44,35.0,35.15,30330066.0,1067511719.0,2923542440.0,0.010374423023597359
2026-01-27,35.16,35.16,34.8,34.82,23956685.0,836444618.0,2923542440.0,0.008194403020193542
2026-01-28,34.84,34.94,34.77,34.8,19724001.0,687216679.0,2923542440.0,0.006746610115911298
2026-01-29,34.77,35.04,34.28,35.02,39934661.0,1383036523.0,2923542440.0,0.013659682327033365
2026-01-30,34.85,34.93,34.48,34.53,21902680.0,759242473.0,2923542440.0,0.007491828988123053
2026-02-02,34.6,35.01,34.2,34.2,27450416.0,951810533.0,2923542440.0,0.009389436467356363
2026-02-03,34.48,34.77,34.12,34.35,32408904.0,1116224049.0,2923542440.0,0.011085491202925723
2026-02-04,34.41,34.79,34.35,34.7,18965168.0,654931999.0,2923542440.0,0.006487050689094837
2026-02-05,34.65,34.84,34.55,34.68,19291530.0,669405064.0,2923542440.0,0.006598683068886799
2026-02-06,34.53,34.77,34.5,34.62,17827403.0,617842887.0,2923542440.0,0.0060978772724777
2026-02-09,34.77,34.97,34.7,34.93,20797459.0,725256765.0,2923542440.0,0.007113787272402312
2026-02-10,34.96,35.3,34.92,35.05,19409572.0,681683214.0,2923542440.0,0.006639059428191506
2026-02-11,35.06,35.24,34.76,35.18,16671138.0,584721394.0,2923542440.0,0.00570237591625316
2026-02-12,35.13,35.15,34.8,34.81,16945696.0,591290517.0,2923542440.0,0.005796288696941236
2026-02-13,34.84,35.16,34.68,34.69,18590562.0,648975658.0,2923542440.0,0.006358916411009925
2026-02-24,34.81,34.86,34.59,34.65,15256389.0,528997063.0,2923542440.0,0.005218459903732405
2026-02-25,34.69,35.09,34.69,34.96,23419806.0,818620819.0,2923542440.0,0.008010763134329598
2026-02-26,35.05,35.05,34.61,34.67,18362768.0,637787414.0,2923542440.0,0.006280999293446207
2026-02-27,34.68,34.77,34.55,34.65,14444550.0,500352760.0,2923542440.0,0.0049407697327629695
2026-03-02,34.5,34.82,34.38,34.64,19945629.0,689452022.0,2923542440.0,0.006822418148306409
2026-03-03,34.64,35.2,34.57,34.61,39207045.0,1367959411.0,2923542440.0,0.013410800699715513
2026-03-04,34.5,34.53,34.0,34.08,35492754.0,1213499672.0,2923542440.0,0.012140324530400865
2026-03-05,34.26,34.4,34.13,34.24,13979670.0,479149714.0,2923542440.0,0.0047817571616986685
2026-03-06,34.14,34.49,34.11,34.4,12765488.0,438337859.0,2923542440.0,0.004366445249893482
2026-03-09,34.09,34.2,33.95,34.1,17713362.0,603535471.0,2923542440.0,0.00605886945838214
2026-03-10,34.2,34.3,34.11,34.27,11393485.0,389826515.0,2923542440.0,0.003897150540424513
2026-03-11,34.28,34.32,34.15,34.27,11420017.0,390955095.0,2923542440.0,0.003906225831973898
2026-03-12,34.21,34.32,34.09,34.16,12392649.0,423922529.0,2923542440.0,0.004238915375553775
2026-03-13,34.11,34.46,34.08,34.17,17667966.0,605249075.0,2923542440.0,0.006043341720737941
2026-03-16,34.13,34.14,33.88,33.93,21855544.0,741925993.0,2923542440.0,0.007475706082104968
2026-03-17,33.94,34.49,33.94,34.11,26141679.0,896231876.0,2923542440.0,0.008941781943141554
2026-03-18,34.11,34.19,33.85,34.16,18842862.0,640315769.0,2923542440.0,0.006445215825223321
2026-03-19,33.96,34.2,33.9,34.03,16200179.0,551596851.0,2923542440.0,0.005541284018438945
2026-03-20,34.05,34.11,33.73,33.78,15806874.0,535622566.0,2923542440.0,0.005406753732639503
2026-03-23,33.51,33.54,32.19,32.39,25308329.0,828344304.0,2923542440.0,0.008656733917637263
2026-03-24,32.73,32.75,32.01,32.53,14303180.0,464429272.0,2923542440.0,0.004892414012638722
2026-03-25,32.53,32.94,32.5,32.79,12802480.0,418895878.0,2923542440.0,0.004379098392701971
2026-03-26,32.77,32.78,32.17,32.25,9463798.0,306869947.0,2923542440.0,0.0032370995784141926
2026-03-27,32.05,32.74,32.01,32.72,11876993.0,385733515.0,2923542440.0,0.0040625348335972845
2026-03-30,32.44,32.72,32.3,32.59,9525128.0,309604757.0,2923542440.0,0.003258077553339708
2026-03-31,32.81,33.05,32.39,32.39,11974363.0,391930925.0,2923542440.0,0.0040958403189796004
2026-04-01,32.8,32.87,32.44,32.68,11504732.0,375771259.0,2923542440.0,0.003935202664613961
2026-04-02,32.55,32.57,32.22,32.39,8375433.0,271056817.0,2923542440.0,0.0028648234708027703
2026-04-03,32.4,32.53,32.0,32.16,8383165.0,270675991.0,2923542440.0,0.0028674682075078752
2026-04-07,32.16,32.19,31.92,32.0,8816725.0,282647082.0,2923542440.0,0.0030157677478422377
2026-04-08,32.4,32.94,32.3,32.91,17234830.0,562790851.0,2923542440.0,0.005895187209938365
2026-04-09,32.83,32.83,32.39,32.46,10016507.0,325660169.0,2923542440.0,0.0034261541282773374
2026-04-10,32.7,33.78,32.7,33.15,28095613.0,937530490.0,2923542440.0,0.009610126610647047
2026-04-13,32.88,33.54,32.81,33.41,14673336.0,488548955.0,2923542440.0,0.00501902616470996
2026-04-14,33.58,33.6,33.22,33.59,13259171.0,443164152.0,2923542440.0,0.004535309909850326
2026-04-15,33.67,33.7,33.4,33.45,9425735.0,316116325.0,2923542440.0,0.0032240800992100528
2026-04-16,34.15,34.15,33.78,33.92,19191190.0,651411400.0,2923542440.0,0.006564361692659402
2026-04-17,33.86,34.11,33.68,33.87,12617704.0,427444332.0,2923542440.0,0.004315895616004808
2026-04-20,33.99,34.06,33.76,33.85,11060455.0,374754937.0,2923542440.0,0.0037832373659675692
2026-04-21,33.81,34.15,33.77,33.93,12486285.0,423981288.0,2923542440.0,0.004270943643287764
2026-04-22,33.89,34.34,33.75,34.1,17526091.0,597871838.0,2923542440.0,0.005994813264964951
2026-04-23,34.1,34.4,33.92,34.17,17985122.0,613794748.0,2923542440.0,0.006151825180960944
2026-04-24,33.98,34.09,33.63,33.74,13074233.0,441995980.0,2923542440.0,0.004472051720925249
2026-04-27,33.79,34.28,33.75,34.03,14626511.0,498027939.0,2923542440.0,0.005003009636487439
2026-04-28,33.99,34.57,33.93,34.33,21986802.0,755507141.0,2923542440.0,0.0075206029846448886
2026-04-29,34.21,34.6,34.16,34.43,16530673.0,568053555.0,2923542440.0,0.005654329752093491
2026-04-30,34.39,34.73,34.17,34.23,22148249.0,761528216.0,2923542440.0,0.007575826058471721
2026-05-06,34.37,34.83,34.3,34.66,24489565.0,847635052.0,2923542440.0,0.00837667504494992
2026-05-07,34.8,34.83,34.24,34.42,18237208.0,627103389.0,2923542440.0,0.0062380513963053675
2026-05-08,34.38,34.51,34.24,34.31,12544735.0,430713810.0,2923542440.0,0.004290936511939262
2026-05-11,34.21,34.83,34.11,34.73,23463646.0,810761467.0,2923542440.0,0.008025758640945195
2026-05-12,34.7,34.93,34.46,34.73,20497038.0,712052848.0,2923542440.0,0.0070110280321430875
2026-05-13,34.6,34.79,34.46,34.78,15583263.0,539262698.0,2923542440.0,0.005330267413528637
2026-05-14,34.78,34.86,34.22,34.29,15246262.0,526694490.0,2923542440.0,0.005214995955386234
2026-05-15,34.29,34.37,33.4,33.64,17956662.0,607244738.0,2923542440.0,0.006142090415489231
2026-05-18,33.62,33.88,33.37,33.56,14276217.0,479559632.0,2923542440.0,0.004883191297199024
2026-05-19,33.9,34.38,33.75,34.38,24448591.0,834062400.0,2923542440.0,0.008362659855897287
2026-05-20,34.17,34.7,34.1,34.36,17602057.0,604705103.0,2923542440.0,0.006020797495246896
2026-05-21,34.49,34.95,34.08,34.14,27579674.0,954456744.0,2923542440.0,0.009433649268317103
2026-05-22,34.2,34.35,33.65,33.68,19548709.0,661228328.0,2923542440.0,0.0066866513489026004
2026-05-25,33.95,34.14,33.66,34.0,12500671.0,423808154.0,2923542440.0,0.004275864385946797
2026-05-26,34.17,34.77,33.92,34.4,26707577.0,918576218.0,2923542440.0,0.009135347800868592
2026-05-27,34.25,34.66,33.86,34.08,18680382.0,637933217.0,2923542440.0,0.006389639412930841
2026-05-28,34.01,34.03,33.32,33.42,19574799.0,657882395.0,2923542440.0,0.006695575454002987
2026-05-29,33.46,34.29,33.46,33.79,28348028.0,962556490.0,2923542440.0,0.009696465360701246
2026-06-01,33.82,34.14,33.54,33.85,19602424.0,662863050.0,2923542440.0,0.006705024607065393
2026-06-02,33.79,34.5,33.56,34.3,29187084.0,993824135.0,2923542440.0,0.009983465128010934
2026-06-03,34.11,34.29,33.71,33.95,16727794.0,568432028.0,2923542440.0,0.005721755145788135
2026-06-04,33.71,34.1,32.71,33.03,22552636.0,749700601.0,2923542440.0,0.007714146951121393
2026-06-05,33.04,33.28,32.28,32.3,17541562.0,573838949.0,2923542440.0,0.006000105132730688
2026-06-08,31.88,32.89,31.66,32.71,29748850.0,964656128.0,2923542440.0,0.01017561763187539
2026-06-09,32.8,32.8,32.05,32.3,13764634.0,445569735.0,2923542440.0,0.004708203928108531
2026-06-10,32.07,32.6,31.81,32.48,13664586.0,440728294.0,2923542440.0,0.004673982430711695
2026-06-11,32.38,32.7,31.59,31.73,15075538.0,481162791.0,2923542440.0,0.0051565996763843795
2026-06-12,31.76,32.98,31.35,32.82,23964555.0,775974848.0,2923542440.0,0.008197094959907612
2026-06-15,33.05,34.35,33.0,33.68,30617257.0,1033728979.0,2923542440.0,0.010472656931910317
2026-06-16,33.66,34.34,33.45,34.28,22449085.0,762237827.0,2923542440.0,0.007678727249808626
2026-06-17,34.25,34.4,33.96,34.19,14624266.0,499538853.0,2923542440.0,0.00500224173246481
2026-06-18,33.95,34.35,33.39,33.4,16155803.0,545398602.0,2923542440.0,0.0055261051726001285
2026-06-22,33.18,35.48,33.11,35.44,52649474.0,1832692115.0,2923542440.0,0.018008794153164406
2026-06-23,35.43,36.1,35.16,35.42,52072345.0,1858885963.0,2923542440.0,0.01781138672301949
2026-06-24,35.01,35.85,34.49,34.99,33354410.0,1164483586.0,2923542440.0,0.011408902276787198
2026-06-25,34.9,36.88,34.59,36.15,59186397.0,2131147992.0,2923542440.0,0.020244753826799244
2026-06-26,35.92,37.08,35.39,35.56,48847864.0,1770279519.0,2923542440.0,0.016708450450953604
2026-06-29,35.9,37.08,35.61,36.2,42971631.0,1559714726.0,2923542440.0,0.014698480313492558
2026-06-30,35.82,36.5,35.5,36.15,30305700.0,1092661638.0,2923542440.0,0.010366088614058225
2026-07-01,36.18,38.05,35.96,37.51,63911587.0,2386275617.0,2923542440.0,0.021861008797258986
2026-07-02,37.4,37.4,35.99,36.23,50720171.0,1857812098.0,2923542440.0,0.017348874538657286
2026-07-03,36.38,36.76,35.9,36.38,32583518.0,1182415317.0,2923542440.0,0.011145218059499078
2026-07-06,36.9,37.47,36.65,37.24,45989628.0,1706721621.0,2923542440.0,0.015730788570320873
2026-07-07,37.0,37.06,36.1,36.28,27322472.0,995920270.0,2923542440.0,0.009345673121133142
2026-07-08,36.1,36.48,35.7,35.87,20824316.0,750154013.0,2923542440.0,0.007122973730458313
2026-07-09,36.5,37.2,35.9,37.05,42829840.0,1566793621.0,2923542440.0,0.014649980589985893
2026-07-10,37.12,37.33,36.11,36.17,36876891.0,1352145849.0,2923542440.0,0.012613769684150712
2026-07-13,35.98,36.07,35.13,35.37,30204976.0,1072742534.0,2923542440.0,0.010331635890327626
2026-07-14,35.0,35.44,34.75,35.44,24709085.0,867819865.0,2923542440.0,0.008451762034280576
2026-07-15,35.75,38.8,35.51,38.34,79051480.0,2970474089.0,2923542440.0,0.02703962115220739
2026-07-16,37.36,37.46,36.01,36.45,62143524.0,2267064447.0,2923542440.0,0.021256241452065255
2026-07-17,36.05,36.55,35.27,35.38,42022468.0,1508182726.0,2923542440.0,0.014373818359893554
2026-07-20,35.3,36.66,35.26,35.99,37076745.0,1329982265.0,2923542440.0,0.012682129902653303
2026-07-21,36.06,36.32,35.27,35.73,35777730.0,1277988813.0,2923542440.0,0.012237800796214882
2026-07-22,35.38,36.16,34.93,35.75,31240477.0,1115533808.0,2923542440.0,0.010685829824998196
2026-07-23,35.7,36.79,35.7,36.65,32528643.0,1183097816.0,2923542440.0,0.011126448022420361
2026-07-24,36.3,36.45,35.61,35.61,22279207.0,801183270.0,2923542440.0,0.0076206203457747645
2026-07-27,35.5,35.96,35.04,35.96,19564597.0,698175027.0,2923542440.0,0.006692085851847596
2026-07-28,35.45,35.65,34.55,34.72,26780401.0,937102328.0,2923542440.0,0.009160257307569648
2026-07-29,34.67,35.39,34.6,35.12,21118860.0,739763479.0,2923542440.0,0.007223722738227121
2026-07-30,34.96,35.44,34.68,35.2,17503748.0,613700672.0,2923542440.0,0.005987170824173156
2026-07-31,35.3,35.48,35.02,35.32,19394998.0,684183796.0,2923542440.0,0.006634074379984031
2026-08-03,35.05,35.36,34.87,35.25,17687240.0,620614158.0,2923542440.0,0.0060499344076564866
2026-08-04,35.19,35.49,35.03,35.18,22613271.0,798294625.0,2923542440.0,0.007734887200748145
2026-08-05,35.2,35.69,35.04,35.69,24736305.0,878058787.0,2923542440.0,0.008461072656773198
2026-08-06,35.51,35.58,34.73,34.91,26867266.0,941514894.0,2923542440.0,0.009189969549407328
2026-08-07,34.74,34.97,34.31,34.88,21874106.0,757558673.0,2923542440.0,0.007482055228861326
2026-08-10,34.89,35.07,34.8,34.97,14593387.0,510099348.0,2923542440.0,0.004991679546133081
2026-08-11,34.9,35.66,34.84,34.92,20223359.0,711892551.0,2923542440.0,0.006917415914099061
2026-08-12,34.88,35.24,34.6,35.23,16567553.0,580576708.0,2923542440.0,0.005666944585213547
2026-08-13,35.17,35.69,35.11,35.37,22628290.0,803385413.0,2923542440.0,0.007740024461556987
