date,open,high,low,close,volume,amount,outstanding_share,turnover
2019-07-22,73.24,83.38,41.36,54.05,36520183.0,3090029229.0,48426573.0,0.7541351935021295
2019-07-23,50.0,59.9,49.96,55.55,17441884.0,1465149109.0,48426573.0,0.36017175941811946
2019-07-24,56.03,57.35,54.17,56.7,13791161.0,1154103564.0,48426573.0,0.2847849877793335
2019-07-25,56.23,59.96,55.9,58.11,16005684.0,1392563677.0,48426573.0,0.3305144883987558
2019-07-26,56.7,57.7,52.03,52.42,12001208.0,981437289.0,48426573.0,0.24782278109995518
2019-07-29,52.56,55.7,52.56,54.72,9232525.0,754175976.0,48426573.0,0.1906499764086135
2019-07-30,54.83,56.37,53.75,55.89,10526392.0,876202420.0,48426573.0,0.21736809664396445
2019-07-31,55.91,61.29,55.91,59.02,16798110.0,1490764789.0,48426573.0,0.34687794240571185
2019-08-01,57.8,61.1,57.32,60.74,16036874.0,1423165416.0,48426573.0,0.3311585562744653
2019-08-02,59.1,68.24,58.74,63.7,21739755.0,2066907062.0,48426573.0,0.4489220205609016
2019-08-05,63.36,66.38,60.11,66.29,16109072.0,1547800241.0,48426573.0,0.3326494319554679
2019-08-06,64.71,71.04,58.37,60.7,21003763.0,2109266742.0,48426573.0,0.4337239184775681
2019-08-07,62.03,62.94,57.17,60.04,12660483.0,1138874592.0,48426573.0,0.261436690967168
2019-08-08,60.04,61.74,57.7,57.7,9782281.0,874599345.0,48426573.0,0.20200233867467765
2019-08-09,58.03,58.57,54.37,54.62,9546931.0,801101422.0,48426573.0,0.19714240361381757
2019-08-12,54.53,56.33,52.68,55.32,7021680.0,575536805.0,48426573.0,0.14499642582596128
2019-08-13,55.23,55.95,54.05,55.86,5595248.0,463306203.0,48426573.0,0.11554086224519748
2019-08-14,56.48,56.74,55.37,56.03,5915410.0,497940268.0,48426573.0,0.12215214981245937
2019-08-15,54.35,55.48,53.97,55.37,5346393.0,439399673.0,48426573.0,0.11040205136960651
2019-08-16,55.37,56.31,54.83,55.1,4841838.0,402648199.0,48426573.0,0.09998308160273905
2019-08-19,55.11,55.62,53.77,55.33,6210595.0,509520901.0,48426573.0,0.12824766683366176
2019-08-20,55.37,56.7,55.05,56.07,6855238.0,574183791.0,48426573.0,0.14155942853936826
2019-08-21,55.83,56.47,53.03,53.1,7440739.0,606012852.0,48426573.0,0.15364991860976823
2019-08-22,54.03,57.71,53.54,55.1,11053404.0,925638495.0,48426573.0,0.2282507994113067
2019-08-23,54.05,54.57,49.37,50.33,11264204.0,876105433.0,48426573.0,0.23260378139910912
2019-08-26,50.23,51.2,49.42,49.98,4700089.0,353410541.0,48426573.0,0.09705599031341738
2019-08-27,49.76,50.46,49.48,50.24,3908419.0,292896992.0,48426573.0,0.08070814757013675
2019-08-28,50.03,50.36,48.37,48.43,4661423.0,345094238.0,48426573.0,0.09625754438580653
2019-08-29,48.56,48.75,46.49,47.7,5494909.0,389484281.0,48426573.0,0.11346887998867894
2019-08-30,47.89,48.27,47.13,47.17,3367142.0,241119809.0,48426573.0,0.06953087512510951
2019-09-02,47.84,49.27,47.17,48.58,4209172.0,305846002.0,48426573.0,0.08691864278729779
2019-09-03,48.22,52.28,48.22,51.27,7565368.0,575654777.0,48426573.0,0.15622348498622854
2019-09-04,51.91,55.29,51.29,51.63,9248514.0,739900142.0,48426573.0,0.1909801463754208
2019-09-05,51.23,52.9,50.7,51.96,5786848.0,449703454.0,48426573.0,0.11949736769521146
2019-09-06,51.36,52.15,50.03,50.16,4509972.0,344287254.0,48426573.0,0.09313010854598362
2019-09-09,50.36,51.64,50.16,50.88,3400839.0,260159204.0,48426573.0,0.07022671209874794
2019-09-10,50.9,52.36,50.9,51.33,3453237.0,267366630.0,48426573.0,0.07130872135015624
2019-09-11,51.3,51.87,50.78,50.78,2840615.0,218384378.0,48426573.0,0.058658187520310386
2019-09-12,50.78,50.88,48.44,48.72,3993047.0,293891851.0,48426573.0,0.08245570050971808
2019-09-16,48.73,49.27,48.58,48.84,1824180.0,133578479.0,48426573.0,0.03766898805744524
2019-09-17,48.58,49.03,47.67,47.68,2020646.0,145816134.0,48426573.0,0.04172597553000498
2019-09-18,47.7,47.92,46.71,47.03,1900315.0,134071204.0,48426573.0,0.039241162078514205
2019-09-19,47.03,48.85,46.85,48.38,3092492.0,224029842.0,48426573.0,0.06385940215096368
2019-09-20,48.05,49.32,48.05,48.98,2681099.0,196235885.0,48426573.0,0.05536421088479666
2019-09-23,48.9,51.15,47.48,50.68,3753503.0,278171155.0,48426573.0,0.07750916010513484
2019-09-24,50.36,56.23,50.18,54.41,11289066.0,916838553.0,48426573.0,0.23311717721590583
2019-09-25,53.96,54.63,51.28,51.5,6255140.0,492648318.0,48426573.0,0.12916751305115065
2019-09-26,51.96,52.03,47.3,47.34,6068111.0,445279986.0,48426573.0,0.12530539792687787
2019-09-27,47.35,49.23,46.68,48.41,3232391.0,232385744.0,48426573.0,0.06674829127388386
2019-09-30,48.36,48.66,45.34,45.93,3680576.0,256385792.0,48426573.0,0.07600323070558802
2019-10-08,45.3,46.33,44.47,44.63,2498744.0,169964172.0,48426573.0,0.05159861301769175
2019-10-09,44.56,45.69,44.27,45.56,1543275.0,104680616.0,48426573.0,0.031868350461223015
2019-10-10,45.83,46.57,45.47,46.25,1693131.0,116835558.0,48426573.0,0.03496284983866193
2019-10-11,46.41,46.41,45.13,45.33,1706595.0,116375060.0,48426573.0,0.03524087901078608
2019-10-14,45.79,46.01,44.69,45.6,2151170.0,146959571.0,48426573.0,0.04442127259345814
2019-10-15,45.51,45.87,44.48,44.51,1988198.0,134219899.0,48426573.0,0.04105593018114249
2019-10-16,44.63,44.89,43.18,43.23,2181753.0,143481191.0,48426573.0,0.04505280602862399
2019-10-17,43.19,43.46,42.34,42.49,1730317.0,110874031.0,48426573.0,0.03573073403315159
2019-10-18,42.69,43.85,42.56,42.79,2104100.0,136530350.0,48426573.0,0.04344928558128613
2019-10-21,42.43,42.69,40.08,41.0,2415364.0,149199242.0,48426573.0,0.04987683105306667
2019-10-22,40.69,41.77,40.69,41.38,1163414.0,71998959.0,48426573.0,0.024024289309094823
2019-10-23,41.38,44.21,41.03,43.51,3042153.0,195589514.0,48426573.0,0.06281991087826926
2019-10-24,43.03,43.81,42.43,42.54,2127019.0,137565382.0,48426573.0,0.04392255879845142
2019-10-25,42.28,42.65,41.2,41.65,1416205.0,88773588.0,48426573.0,0.029244377874932427
2019-10-28,42.16,44.34,42.16,43.92,2896490.0,188916349.0,48426573.0,0.05981199619473383
2019-10-29,45.24,45.29,43.25,43.25,2873710.0,190794073.0,48426573.0,0.05934159330250357
2019-10-30,42.69,45.66,42.36,44.03,3876265.0,259054449.0,48426573.0,0.08004417326825915
2019-10-31,44.29,45.79,43.76,45.09,3980463.0,269175983.0,48426573.0,0.08219584317890924
2019-11-01,44.67,48.47,44.47,46.75,5294600.0,370606560.0,48426573.0,0.10933253525910247
2019-11-04,47.36,48.42,46.56,47.22,3872555.0,275503373.0,48426573.0,0.0799675624372594
2019-11-05,46.77,47.62,45.91,46.34,3318874.0,231914670.0,48426573.0,0.06853414962896508
2019-11-06,46.06,47.16,44.27,44.53,3166810.0,217462568.0,48426573.0,0.0653940554496805
2019-11-07,44.54,46.79,44.34,46.43,3648855.0,249796587.0,48426573.0,0.07534819777563033
2019-11-08,46.25,48.4,45.93,45.95,4240114.0,299964982.0,48426573.0,0.0875575895077275
2019-11-11,45.25,45.5,43.63,43.69,3130360.0,209184113.0,48426573.0,0.06464136952247271
2019-11-12,43.57,44.53,43.57,43.89,1770264.0,116855186.0,48426573.0,0.03655563237976803
2019-11-13,43.91,47.03,43.89,46.42,4647475.0,319736751.0,48426573.0,0.09596952070095896
2019-11-14,46.23,47.62,45.89,46.86,4269880.0,299610734.0,48426573.0,0.08817225204021767
2019-11-15,46.4,48.6,46.4,46.96,4503539.0,322700742.0,48426573.0,0.09299726825600482
2019-11-18,46.83,47.82,46.15,46.68,2115543.0,148241775.0,48426573.0,0.04368558146784411
2019-11-19,47.16,48.36,46.91,48.33,3449643.0,247395300.0,48426573.0,0.07123450589823897
2019-11-20,48.63,49.03,47.5,47.9,3100652.0,224095748.0,48426573.0,0.06402790467952378
2019-11-21,47.73,48.88,47.08,47.21,2461175.0,176755082.0,48426573.0,0.05082281994226599
2019-11-22,47.14,48.1,45.01,45.74,3370180.0,234189500.0,48426573.0,0.06959360927728667
2019-11-25,45.51,45.66,43.03,43.46,3078744.0,202841909.0,48426573.0,0.06357550843005141
2019-11-26,43.59,44.02,43.17,43.4,1234847.0,80607107.0,48426573.0,0.025499367878044972
2019-11-27,43.45,45.03,43.21,44.47,2302521.0,153153898.0,48426573.0,0.047546643451313396
2019-11-28,44.39,45.28,44.39,44.94,1853424.0,124676015.0,48426573.0,0.03827287138406428
2019-11-29,44.71,45.25,44.23,44.57,1205793.0,80749249.0,48426573.0,0.024899408017164462
2019-12-02,44.69,45.46,44.4,44.63,1460986.0,98572925.0,48426573.0,0.030169097449864974
2019-12-03,44.01,44.01,42.55,43.36,2340442.0,151406855.0,48426573.0,0.04832970526326527
2019-12-04,43.06,48.75,43.06,47.01,6489169.0,452787076.0,48426573.0,0.1340001697002181
2019-12-05,46.96,48.43,46.21,47.83,5191798.0,370005561.0,48426573.0,0.10720969249672076
2019-12-06,48.02,50.88,47.78,49.9,5411987.0,403950363.0,48426573.0,0.1117565556414657
2019-12-09,51.23,53.26,50.78,52.3,6103986.0,479371006.0,48426573.0,0.12604621020777168
2019-12-10,52.36,55.04,51.4,53.0,6694290.0,533774034.0,48426573.0,0.1382358813620778
2019-12-11,52.37,53.7,51.64,52.06,4522823.0,355911348.0,48426573.0,0.0933954793786461
2019-12-12,52.08,56.13,52.08,55.11,6685733.0,550215709.0,48426573.0,0.13805918085510613
2019-12-13,55.08,55.55,53.7,55.37,4341149.0,354621065.0,48426573.0,0.08964394403874087
2019-12-16,56.03,56.03,54.42,55.57,3295236.0,273146280.0,48426573.0,0.06804602919145239
2019-12-17,55.55,57.1,54.83,55.58,3214298.0,269078072.0,48426573.0,0.06637467408647728
2019-12-18,55.37,57.23,55.37,56.14,3777316.0,319216246.0,48426573.0,0.07800089426109091
2019-12-19,55.89,56.34,53.17,53.3,4172487.0,339155405.0,48426573.0,0.08616110415246604
2019-12-20,52.71,53.83,52.71,52.71,2436785.0,194509737.0,48426573.0,0.05031917084035659
2019-12-23,51.36,52.35,49.95,50.3,3542790.0,271591243.0,48426573.0,0.07315797465164425
2019-12-24,50.72,52.94,50.72,52.76,2727349.0,213759778.0,48426573.0,0.056319265044833956
2019-12-25,52.84,59.44,52.84,59.37,7239213.0,618789940.0,48426573.0,0.14948844304964548
2019-12-26,58.9,64.16,58.37,60.97,7135441.0,659014618.0,48426573.0,0.1473455699621776
2019-12-27,60.77,63.7,60.77,63.37,5336789.0,499750345.0,48426573.0,0.11020373050143359
2019-12-30,62.74,64.63,61.29,62.24,3464651.0,326047627.0,48426573.0,0.07154441839194361
2019-12-31,62.33,63.34,61.04,61.64,2275529.0,211602095.0,48426573.0,0.04698926351860579
2020-01-02,61.78,69.36,61.78,69.27,4990693.0,489074818.0,48426573.0,0.10305691051068182
2020-01-03,70.04,73.16,68.23,69.35,5024064.0,532436019.0,48426573.0,0.10374601564310569
2020-01-06,68.31,71.58,66.93,68.75,3311728.0,343776121.0,48426573.0,0.06838658601755693
2020-01-07,69.72,71.91,68.37,71.38,3727416.0,393301590.0,48426573.0,0.07697046825923445
2020-01-08,70.58,79.41,69.41,78.69,5064967.0,563926781.0,48426573.0,0.10459065521733285
2020-01-09,78.05,81.3,76.73,78.77,3868587.0,456426450.0,48426573.0,0.07988562395278312
2020-01-10,79.05,83.4,76.09,77.05,4848000.0,583585841.0,48426573.0,0.10011032579158555
2020-01-13,75.98,92.39,75.38,89.39,6393744.0,791615931.0,48426573.0,0.13202966065758978
2020-01-14,87.98,99.31,86.79,90.06,7502352.0,1029115766.0,48426573.0,0.15492221594949535
2020-01-15,90.11,98.61,88.39,98.06,5944521.0,830668951.0,48426573.0,0.12275328671306145
2020-01-16,98.06,115.18,96.76,114.08,7353894.0,1181850943.0,48426573.0,0.15185658501996413
2020-01-17,111.98,132.08,106.86,130.75,9108618.0,1608356060.0,48426573.0,0.18809131920195962
2020-01-20,125.41,130.21,117.14,118.48,8799789.0,1626728190.0,48426573.0,0.18171405604109134
2020-01-21,119.01,123.27,112.07,113.77,7142737.0,1261914588.0,48426573.0,0.1474962310465372
2020-01-22,111.9,134.05,110.15,134.01,10533096.0,1911814521.0,51417972.0,0.20485242008377927
2020-01-23,127.08,133.06,112.51,122.33,8784483.0,1645309982.0,51417972.0,0.17084460273929122
2020-02-03,103.4,112.59,98.57,100.26,8001014.0,1258564271.0,51417972.0,0.155607342895593
2020-02-04,106.72,119.73,104.5,118.51,8259352.0,1392653657.0,51417972.0,0.16063161728743405
2020-02-05,120.07,132.41,114.76,119.54,9057068.0,1687910781.0,51417972.0,0.17614595923775445
2020-02-06,116.86,124.99,115.56,122.07,6053599.0,1095992295.0,51417972.0,0.11773313424341202
2020-02-07,119.77,133.41,116.58,130.52,8193297.0,1544073865.0,51417972.0,0.15934694973967467
2020-02-10,128.21,140.07,125.53,128.82,6726400.0,1327279554.0,51417972.0,0.13081807271589785
2020-02-11,128.76,140.0,128.76,136.08,7039307.0,1420875801.0,51417972.0,0.13690362972697562
2020-02-12,134.77,143.41,128.8,137.15,6809966.0,1386317827.0,51417972.0,0.1324433021201225
2020-02-13,140.08,155.94,135.98,144.09,7237109.0,1579399741.0,51417972.0,0.14075057258189802
2020-02-14,144.09,149.41,128.66,136.82,7793969.0,1633434466.0,51417972.0,0.1515806379917123
2020-02-17,136.75,139.66,132.75,137.07,4505530.0,918171673.0,51417972.0,0.08762558741134326
2020-02-18,137.15,145.92,136.21,140.08,5273745.0,1116922726.0,51417972.0,0.10256618055647936
2020-02-19,139.04,143.45,133.33,135.46,5627401.0,1156530592.0,51417972.0,0.10944424256950469
2020-02-20,135.33,136.74,124.08,128.34,7626796.0,1475554180.0,51417972.0,0.1483293817966994
2020-02-21,127.41,133.48,126.94,128.74,4755783.0,928465157.0,51417972.0,0.09249262106253432
2020-02-24,126.08,133.41,123.46,131.63,5448285.0,1053683982.0,51417972.0,0.10596071350305297
2020-02-25,126.82,145.14,126.18,144.25,8639828.0,1788155892.0,51417972.0,0.1680312868037658
2020-02-26,139.41,144.75,128.74,130.08,6616353.0,1350870882.0,51417972.0,0.12867782883385598
2020-02-27,131.41,134.06,117.9,120.21,6619311.0,1236834032.0,51417972.0,0.1287353573571513
2020-02-28,110.69,115.4,106.73,107.8,6889882.0,1138770088.0,51417972.0,0.1339975446717346
2020-03-02,110.72,112.73,105.32,106.73,6028486.0,985108797.0,51417972.0,0.11724472524898492
2020-03-03,110.07,115.34,108.06,110.66,6116113.0,1026402711.0,51417972.0,0.11894893481991083
2020-03-04,107.67,109.73,98.91,102.93,6838005.0,1064560768.0,51417972.0,0.13298861728735625
2020-03-05,105.73,107.32,101.09,105.6,5033106.0,786911877.0,51417972.0,0.09788612433022446
2020-03-06,103.4,105.31,101.13,101.88,2963199.0,456949693.0,51417972.0,0.05762963580127198
2020-03-09,98.73,100.05,92.72,93.47,4537348.0,657676702.0,51417972.0,0.08824439828159694
2020-03-10,91.39,104.46,91.39,104.46,8231351.0,1230778453.0,51417972.0,0.1600870411614056
2020-03-11,104.93,105.4,98.33,99.69,4954086.0,754238742.0,51417972.0,0.09634930759229478
2020-03-12,96.71,103.1,94.87,100.96,4068335.0,610572965.0,51417972.0,0.07912282110231808
2020-03-13,96.72,114.92,95.76,110.69,9868236.0,1596609663.0,51417972.0,0.19192192177474443
2020-03-16,112.47,118.8,107.96,112.07,8353991.0,1423544459.0,51417972.0,0.1624721994091871
2020-03-17,115.62,118.7,108.06,116.23,7470821.0,1279858888.0,51417972.0,0.14529590937581124
2020-03-18,118.56,119.92,108.73,108.75,6650414.0,1144312072.0,51417972.0,0.12934026258367404
2020-03-19,108.4,111.73,103.27,110.27,5741775.0,926137272.0,51417972.0,0.11166863990668477
2020-03-20,110.85,112.92,106.21,107.11,3446314.0,564751134.0,51417972.0,0.06702547506152129
2020-03-23,102.73,103.4,89.53,92.18,6538852.0,944600698.0,51417972.0,0.12717055429568477
2020-03-24,95.42,96.35,84.96,94.72,6060965.0,829109742.0,51417972.0,0.11787639154651997
2020-03-25,98.73,101.32,95.74,96.59,4844777.0,716320556.0,51417972.0,0.09422341666839758
2020-03-26,95.39,97.89,93.0,93.41,3517229.0,499138423.0,51417972.0,0.06840466208974559
2020-03-27,94.39,96.83,92.64,93.67,2536122.0,358507513.0,51417972.0,0.049323648937379325
2020-03-30,90.19,93.39,87.31,91.26,3408296.0,459297204.0,51417972.0,0.06628608378409012
2020-03-31,93.03,95.83,91.29,91.92,2786353.0,390627338.0,51417972.0,0.05419025472260944
2020-04-01,89.58,95.59,89.58,92.72,3188401.0,448181934.0,51417972.0,0.06200946626210773
2020-04-02,92.39,102.05,92.36,100.86,5541424.0,806271859.0,51417972.0,0.10777212294565021
2020-04-03,99.39,100.34,96.84,97.73,3431078.0,507380073.0,51417972.0,0.06672915843510903
2020-04-07,102.06,103.4,99.31,99.81,2858196.0,433080730.0,51417972.0,0.05558748991500482
2020-04-08,98.07,101.38,98.07,99.26,1868641.0,278772810.0,51417972.0,0.03634217623363286
2020-04-09,99.79,100.21,96.39,97.22,1840691.0,269699296.0,51417972.0,0.0357985919786957
2020-04-10,97.22,97.73,90.72,91.64,2663917.0,372201257.0,51417972.0,0.0518090639591931
2020-04-13,90.06,95.02,90.06,91.52,2000389.0,277330249.0,51417972.0,0.03890447098924866
2020-04-14,93.38,94.94,92.39,94.46,2341463.0,329771124.0,51417972.0,0.0455378325695148
2020-04-15,95.01,101.99,94.19,100.63,5134701.0,766766133.0,51417972.0,0.09986198988944955
2020-04-16,98.73,102.54,98.73,101.97,2801216.0,425923460.0,51417972.0,0.05447931707613828
2020-04-17,105.98,112.37,103.6,107.4,5942851.0,966371440.0,51417972.0,0.11557925699597799
2020-04-20,106.74,110.47,106.52,107.48,3159006.0,512729186.0,51417972.0,0.06143777899291711
2020-04-21,107.2,107.2,101.19,102.73,3401567.0,525774889.0,51417972.0,0.06615521514539702
2020-04-22,100.66,106.52,100.46,106.52,3443826.0,540910513.0,51417972.0,0.06697708731102814
2020-04-23,106.78,107.85,103.41,104.04,2390001.0,376596320.0,51417972.0,0.046481821570092265
2020-04-24,103.8,106.04,102.22,104.11,2173019.0,338890200.0,51417972.0,0.04226185739103051
2020-04-27,105.17,105.8,102.35,104.11,1702906.0,266927115.0,51417972.0,0.03311888691370402
2020-04-28,104.11,108.48,86.77,106.14,5091515.0,787295981.0,51417972.0,0.09902208900810013
2020-04-29,103.92,105.83,100.06,100.73,2542058.0,394102922.0,51417972.0,0.04943909495302538
2020-04-30,101.93,115.32,101.93,112.11,4936531.0,808374028.0,51417972.0,0.09600789000390758
2020-05-06,113.5,131.02,113.4,127.34,6443685.0,1184048985.0,51417972.0,0.12531970339086887
2020-05-07,127.28,128.48,121.67,122.4,3997142.0,743082286.0,51417972.0,0.07773822740422356
2020-05-08,124.07,133.05,122.74,125.94,3950200.0,756356745.0,51417972.0,0.07682527813426791
2020-05-11,127.98,131.11,122.41,124.26,3115550.0,589309360.0,51417972.0,0.06059262702931963
2020-05-12,123.04,124.98,117.84,123.33,3014114.0,546890304.0,51417972.0,0.05861985377408506
2020-05-13,127.97,133.08,126.68,127.54,4569608.0,888759365.0,51417972.0,0.08887180536797523
2020-05-14,128.08,132.55,126.74,130.0,3403326.0,663253992.0,51417972.0,0.06618942497382044
2020-05-15,130.75,142.75,128.41,140.18,5441366.0,1113960524.0,51417972.0,0.10582614965833347
2020-05-18,147.42,150.09,133.47,141.22,7126301.0,1521242462.0,51417972.0,0.13859552842729775
2020-05-19,140.75,169.46,138.75,166.22,7986044.0,1847292610.0,51417972.0,0.15531619955761772
2020-05-20,161.43,165.43,153.43,157.3,6214714.0,1482776480.0,51417972.0,0.12086657171154086
2020-05-21,156.83,163.43,146.18,150.62,5899651.0,1368359053.0,51417972.0,0.11473908383628977
2020-05-22,148.36,153.56,138.82,150.32,5658190.0,1239787651.0,51417972.0,0.11004304098185747
2020-05-25,147.42,153.35,141.75,145.45,4080566.0,900919717.0,51417972.0,0.0793606951281548
2020-05-26,147.68,158.07,147.68,156.43,5453270.0,1261423382.0,51417972.0,0.10605766404011423
2020-05-27,153.45,161.15,153.45,154.62,3813185.0,898365998.0,51417972.0,0.07416054837790957
2020-05-28,153.48,155.09,140.86,145.43,4857504.0,1063432690.0,51417972.0,0.0944709371268085
2020-05-29,144.13,152.09,142.09,144.83,3189431.0,703768551.0,51417972.0,0.06202949816846141
2020-06-01,146.22,154.76,146.22,151.16,3676729.0,837416550.0,51417972.0,0.07150669030664998
2020-06-02,154.56,155.99,149.09,152.63,3332888.0,764236706.0,51417972.0,0.0648195148575677
2020-06-03,152.55,153.97,144.43,147.15,4321743.0,964670183.0,51417972.0,0.08405121462200026
2020-06-04,146.61,148.62,140.08,140.08,4207033.0,902116932.0,51417972.0,0.08182028260468927
2020-06-05,139.8,144.61,139.8,142.29,2632698.0,563434313.0,51417972.0,0.05120190271214897
2020-06-08,145.33,145.42,140.29,141.67,2153230.0,460811334.0,51417972.0,0.04187699195915389
2020-06-09,142.06,142.35,137.56,139.73,2528791.0,531261348.0,51417972.0,0.04918107233011835
2020-06-10,139.15,140.94,134.41,135.35,2825212.0,578241808.0,51417972.0,0.05494600214882065
2020-06-11,136.08,143.75,136.08,138.83,3636086.0,763788594.0,51417972.0,0.07071624684069609
2020-06-12,135.0,140.06,132.61,137.29,2330172.0,476537405.0,51417972.0,0.045318240089282404
2020-06-15,135.41,135.41,128.74,130.47,3233223.0,641955920.0,51417972.0,0.0628811848121898
2020-06-16,132.61,135.32,130.95,132.49,2260324.0,451025368.0,51417972.0,0.043959804560164295
2020-06-17,132.08,133.79,127.85,130.22,2031588.0,396205512.0,51417972.0,0.03951124326723738
2020-06-18,131.25,139.28,130.08,137.6,3734984.0,761761703.0,51417972.0,0.07263965992279897
2020-06-19,136.42,142.15,134.22,142.03,3770682.0,786027421.0,51417972.0,0.07333393078980245
2020-06-22,144.09,156.76,144.09,154.71,5155616.0,1183339113.0,51417972.0,0.10026875427914582
2020-06-23,153.37,157.08,149.44,155.16,3307304.0,759409178.0,51417972.0,0.06432194564188567
2020-06-24,154.97,160.66,152.46,154.76,3429920.0,804233866.0,51417972.0,0.06670663712680072
2020-06-29,151.82,152.02,145.2,145.75,3222824.0,713842941.0,51417972.0,0.06267894035182874
2020-06-30,148.37,150.82,145.16,146.29,2617140.0,579937435.0,51417972.0,0.05089932368394459
2020-07-01,146.32,152.08,144.75,151.23,3758378.0,842554422.0,51417972.0,0.07309463702691348
2020-07-02,150.76,154.41,147.61,152.08,3083877.0,697545827.0,51417972.0,0.05997663618471767
2020-07-03,152.76,153.43,144.49,151.96,3257752.0,730303501.0,51417972.0,0.06335823591019887
2020-07-06,156.79,180.63,156.79,177.49,5429266.0,1381788952.0,51417972.0,0.10559082337980968
2020-07-07,182.29,198.59,172.1,172.44,6604339.0,1828450649.0,51417972.0,0.12844417512227047
2020-07-08,170.77,179.02,170.51,173.44,4390694.0,1148489243.0,51417972.0,0.08539220488898318
2020-07-09,173.8,177.58,171.44,176.7,4629429.0,1211253386.0,51417972.0,0.09003523126116293
2020-07-10,174.04,183.29,171.68,179.56,4983042.0,1321212804.0,51417972.0,0.09691245699071913
2020-07-13,178.67,181.18,174.06,181.04,5063942.0,1345195837.0,51417972.0,0.09848583681985747
2020-07-14,179.04,198.79,172.1,190.18,5697789.0,1550307710.0,51417972.0,0.1108131802631189
2020-07-15,192.12,192.78,176.11,178.77,4351286.0,1207511214.0,51417972.0,0.08462578026220093
2020-07-16,173.6,173.66,146.75,153.43,5324867.0,1272751627.0,51417972.0,0.10356042435901595
2020-07-17,150.22,155.65,141.48,142.61,3244205.0,718220104.0,51417972.0,0.06309476772051609
2020-07-20,141.75,144.35,126.92,140.14,4386991.0,886563486.0,51417972.0,0.08532018726837379
2020-07-21,138.19,155.21,138.15,144.75,4100909.0,914385222.0,51417972.0,0.07975633500286632
2020-07-22,141.42,151.76,138.42,139.78,7079390.0,1532135413.0,245402535.0,0.028848072005450146
2020-07-23,139.95,143.12,131.29,136.9,4822386.0,985070630.0,245402535.0,0.01965092169891399
2020-07-24,130.75,139.42,130.08,133.39,5405694.0,1092830083.0,245402535.0,0.022027865360070547
2020-07-27,134.75,136.0,123.41,127.04,6812453.0,1299129225.0,245402535.0,0.027760320405818138
2020-07-28,128.81,129.7,122.74,125.41,4251894.0,799056725.0,245402535.0,0.017326202437150863
2020-07-29,125.41,135.41,124.75,133.53,8208092.0,1627001799.0,245402535.0,0.03344746214622436
2020-07-30,136.08,144.01,136.08,138.84,6165099.0,1290148934.0,245402535.0,0.02512239329557048
2020-07-31,138.26,147.89,138.26,147.01,8939994.0,1939049093.0,245402535.0,0.036429917074817506
2020-08-03,153.73,171.3,153.73,166.43,8124279.0,2017675405.0,245402535.0,0.03310592940696395
2020-08-04,166.1,166.1,150.68,152.6,8038944.0,1898079018.0,245402535.0,0.03275819461278181
2020-08-05,161.43,162.1,148.75,150.89,7003187.0,1620696202.0,245402535.0,0.028537549540798346
2020-08-06,148.76,151.82,144.09,146.75,4907340.0,1083079590.0,245402535.0,0.019997103941896934
2020-08-07,146.75,148.74,136.62,138.89,5960668.0,1255738011.0,245402535.0,0.0242893497412323
2020-08-10,137.42,151.28,136.99,147.41,6432501.0,1382155002.0,245402535.0,0.026212039741154262
2020-08-11,146.75,149.34,141.15,141.36,4776991.0,1040200178.0,245402535.0,0.019465939909707942
2020-08-12,139.42,144.09,133.45,143.41,5682236.0,1182022608.0,245402535.0,0.023154756734684912
2020-08-13,143.13,144.42,138.98,140.52,3788648.0,805118685.0,245402535.0,0.015438503925805005
2020-08-14,139.79,143.07,135.78,138.15,2936886.0,611967489.0,245402535.0,0.01196762698478237
2020-08-17,140.03,140.03,136.09,138.55,2994225.0,619491401.0,245402535.0,0.012201279827855079
2020-08-18,138.16,141.42,136.26,140.66,4267580.0,889286372.0,245402535.0,0.017390121907257396
2020-08-19,139.76,141.08,133.41,133.41,3733974.0,760729950.0,245402535.0,0.015215710791251606
2020-08-20,132.08,138.14,130.08,134.08,2444516.0,497539693.0,245402535.0,0.009961249992792454
2020-08-21,135.95,136.75,130.75,131.87,2254665.0,450926968.0,245402535.0,0.009187619027651854
2020-08-24,131.87,133.07,127.48,129.36,3105084.0,603046141.0,245402535.0,0.01265302332757076
2020-08-25,130.12,133.04,126.9,127.07,2250302.0,435741608.0,245402535.0,0.009169840075205417
2020-08-26,127.33,127.68,117.27,117.27,4667187.0,852796157.0,245402535.0,0.019018495469087147
2020-08-27,118.54,128.92,117.57,126.74,5816871.0,1083584340.0,245402535.0,0.023703385949130476
2020-08-28,125.41,126.66,123.33,124.78,2622847.0,488845451.0,245402535.0,0.01068793767757941
2020-08-31,125.43,131.27,122.62,123.79,4023533.0,766670501.0,245402535.0,0.01639564562770307
2020-09-01,123.41,124.68,120.88,122.73,2370306.0,437639845.0,245402535.0,0.009658848878639334
2020-09-02,123.78,124.66,119.6,120.27,2888095.0,525927817.0,245402535.0,0.01176880670772207
2020-09-03,120.07,121.93,118.07,118.93,3724981.0,666905579.0,245402535.0,0.015179064878038037
2020-09-04,117.6,125.07,117.44,123.67,6492539.0,1197747527.0,245402535.0,0.026456690840622327
2020-09-07,123.74,123.74,109.4,110.07,8757828.0,1501070677.0,245402535.0,0.03568760200460032
2020-09-08,109.27,111.27,106.5,107.9,3287289.0,532723998.0,245402535.0,0.013395497320351642
2020-09-09,106.35,106.63,102.39,103.55,3460954.0,540842002.0,245402535.0,0.01410317134662036
2020-09-10,105.4,107.05,102.06,102.58,2598516.0,408848301.0,245402535.0,0.010588790372519991
2020-09-11,103.8,105.53,102.15,105.43,2637124.0,412816523.0,245402535.0,0.01074611556070519
2020-09-14,108.4,110.58,105.3,106.0,3608907.0,583136279.0,245402535.0,0.014706070579099763
2020-09-15,106.52,116.07,104.07,113.57,5531349.0,926733912.0,245402535.0,0.02253990163549044
2020-09-16,112.08,113.8,109.54,111.34,3316444.0,554008552.0,245402535.0,0.01351430212405915
2020-09-17,111.73,117.24,109.74,115.14,4687870.0,805859985.0,245402535.0,0.01910277740203458
2020-09-18,115.39,117.99,114.07,117.22,3248186.0,564853935.0,245402535.0,0.013236155038088747
2020-09-21,118.08,122.91,116.34,117.39,4024445.0,722503047.0,245402535.0,0.01639936197073107
2020-09-22,116.4,119.11,115.46,116.27,2478930.0,435445241.0,245402535.0,0.010101484892973906
2020-09-23,117.07,120.07,116.14,117.43,2735866.0,484378492.0,245402535.0,0.0111484830423614
2020-09-24,116.54,117.72,114.07,114.77,2500588.0,432775248.0,245402535.0,0.010189739890013769
2020-09-25,115.88,115.94,108.65,110.6,2814801.0,473348050.0,245402535.0,0.01147013823634707
2020-09-28,109.97,110.05,104.9,108.86,2801050.0,452816779.0,245402535.0,0.011414103770362437
2020-09-29,110.0,116.18,109.83,114.98,3832516.0,656337057.0,245402535.0,0.015617263285401677
2020-09-30,114.98,116.45,113.4,113.51,2413002.0,416381175.0,245402535.0,0.009832832411450028
2020-10-09,116.74,118.06,112.65,113.83,3268173.0,561281582.0,245402535.0,0.013317600814514814
2020-10-12,115.4,123.07,114.07,122.93,6193417.0,1106166907.0,245402535.0,0.025237787376564794
2020-10-13,122.07,122.73,118.6,119.49,3391061.0,609193816.0,245402535.0,0.013818361737787265
2020-10-14,119.49,119.49,114.34,115.32,3278864.0,569760251.0,245402535.0,0.013361165971655509
2020-10-15,114.74,117.8,113.4,113.75,2791024.0,481757723.0,245402535.0,0.011373248446679656
2020-10-16,114.94,116.12,109.45,110.87,3276042.0,547747611.0,245402535.0,0.013349666497943878
2020-10-19,111.67,112.47,109.4,109.86,2351263.0,390663401.0,245402535.0,0.009581249843242247
2020-10-20,109.99,111.07,107.4,111.07,2376284.0,388529912.0,245402535.0,0.009683208855197849
2020-10-21,110.93,110.93,106.46,107.0,2719082.0,438766422.0,245402535.0,0.011080089290846161
2020-10-22,106.59,107.85,104.14,104.2,2648081.0,419549285.0,245402535.0,0.010790764651229051
2020-10-23,104.06,105.84,100.73,100.96,2864774.0,441366261.0,245402535.0,0.011673775089568655
2020-10-26,100.73,101.79,98.42,100.06,2505313.0,375402164.0,245402535.0,0.010208993969846317
2020-10-27,100.73,102.37,99.39,101.58,2982995.0,450921424.0,245402535.0,0.012155518279385337
2020-10-28,101.73,105.48,99.63,104.78,3400566.0,522319914.0,245402535.0,0.013857094019016553
2020-10-29,101.91,105.18,100.39,104.15,3688861.0,569296253.0,245402535.0,0.015031878134429215
2020-10-30,104.15,111.93,103.16,108.05,7357305.0,1184515887.0,245402535.0,0.02998055826929416
2020-11-02,108.14,109.62,101.41,103.68,5353458.0,837532711.0,245402535.0,0.02181500692321699
2020-11-03,104.73,113.73,103.4,110.59,5833936.0,959579753.0,245402535.0,0.023772924758091844
2020-11-04,112.2,113.68,108.4,108.87,3914513.0,652638540.0,245402535.0,0.015951395938106343
2020-11-05,112.67,114.07,109.1,110.14,3746489.0,623079079.0,245402535.0,0.015266708634448295
2020-11-06,110.51,111.13,106.06,110.03,4734015.0,770586451.0,245402535.0,0.019290815394388653
2020-11-09,111.49,123.7,111.49,121.38,10314142.0,1842138215.0,245402535.0,0.04202948433275149
2020-11-10,121.38,121.38,116.32,116.35,4902876.0,867575331.0,245402535.0,0.019978913420759897
2020-11-11,116.66,117.18,104.44,106.06,7073897.0,1161038044.0,245402535.0,0.028825688373594022
2020-11-12,107.32,107.7,103.73,104.73,3715202.0,587004376.0,245402535.0,0.015139216063925338
2020-11-13,104.73,107.05,102.26,106.37,3413000.0,536706867.0,245402535.0,0.013907761792273255
2020-11-16,103.03,105.26,99.2,100.06,7028484.0,1061510249.0,245402535.0,0.02864063323551242
2020-11-17,100.53,100.61,95.18,100.59,5570769.0,815634249.0,245402535.0,0.022700535672950568
2020-11-18,100.59,100.71,98.14,99.81,2602970.0,388963345.0,245402535.0,0.01060694014428172
2020-11-19,99.39,102.27,98.52,100.2,2493097.0,376473790.0,245402535.0,0.010159214532971307
2020-11-20,100.2,101.14,98.67,99.25,1925100.0,286914966.0,245402535.0,0.007844662240347272
2020-11-23,99.25,99.25,95.72,97.53,3733091.0,543023035.0,245402535.0,0.015212112621412
2020-11-24,96.77,98.59,96.73,97.45,2451688.0,358602629.0,245402535.0,0.009990475444762623
2020-11-25,97.86,99.05,95.92,95.93,2770994.0,403484796.0,245402535.0,0.011291627447939769
2020-11-26,95.76,96.72,93.42,93.79,2740014.0,388089235.0,245402535.0,0.011165385883238737
2020-11-27,94.06,97.65,94.06,95.55,2957588.0,423595932.0,245402535.0,0.012051986341542887
2020-11-30,96.92,101.61,96.73,99.0,5456137.0,812060480.0,245402535.0,0.02223341743393156
2020-12-01,98.86,100.97,98.09,100.26,3196251.0,477074428.0,245402535.0,0.013024523157431932
2020-12-02,100.07,103.98,100.07,101.92,4156718.0,638824196.0,245402535.0,0.016938366182729123
2020-12-03,102.05,103.06,100.44,100.74,2388114.0,362983142.0,245402535.0,0.009731415366186009
2020-12-04,100.06,101.26,97.86,98.93,3314569.0,493197607.0,245402535.0,0.01350666161618909
2020-12-07,101.51,103.12,100.19,100.71,3169579.0,482652210.0,245402535.0,0.012915836423613146
2020-12-08,100.46,102.45,99.39,101.33,2718653.0,412207106.0,245402535.0,0.011078341142645491
2020-12-09,102.05,103.4,100.75,101.93,4349886.0,668526900.0,245402535.0,0.01772551371565905
2020-12-10,101.19,106.67,101.03,106.2,6849720.0,1080712719.0,245402535.0,0.027912181102774672
2020-12-11,106.26,114.22,105.6,114.07,11194110.0,1884664408.0,245402535.0,0.045615298961765006
2020-12-14,113.07,113.6,109.48,110.37,7036495.0,1173725986.0,245402535.0,0.028673277560070844
2020-12-15,110.73,111.32,104.58,105.93,5737294.0,926095091.0,245402535.0,0.0233791146452501
2020-12-16,105.93,105.93,103.53,104.06,2995521.0,468909147.0,245402535.0,0.012206560946894865
2020-12-17,103.54,104.87,101.61,103.5,2753118.0,426461019.0,245402535.0,0.011218783864641008
2020-12-18,107.4,107.4,103.77,104.73,3044743.0,480663642.0,245402535.0,0.012407137522030895
2020-12-21,104.06,114.92,102.39,110.4,6491460.0,1083141034.0,245402535.0,0.026452293983026703
2020-12-22,110.0,112.0,104.23,104.52,4629794.0,741569706.0,245402535.0,0.018866121330001744
2020-12-23,104.52,107.13,103.43,106.58,3879980.0,614258163.0,245402535.0,0.01581067612035874
2020-12-24,106.88,108.69,104.58,105.24,2715022.0,432180652.0,245402535.0,0.011063545044471525
2020-12-25,103.47,104.63,96.99,97.96,5823175.0,866779501.0,245402535.0,0.023729074355324
2020-12-28,96.72,98.73,95.64,97.46,2629859.0,382196199.0,245402535.0,0.010716511139544667
2020-12-29,97.59,100.39,97.59,98.61,2649809.0,394250718.0,245402535.0,0.010797806143282098
2020-12-30,97.67,100.05,96.62,99.24,3062289.0,451868587.0,245402535.0,0.012478636375944527
2020-12-31,101.39,107.13,101.39,105.12,6677753.0,1048635374.0,245402535.0,0.02721142632043308
2021-01-04,106.06,108.67,102.51,107.06,5198113.0,826510733.0,245402535.0,0.021181985752510665
2021-01-05,106.08,109.98,103.06,106.71,7159142.0,1133012341.0,245402535.0,0.0291730564233984
2021-01-06,106.92,110.65,103.58,104.06,5521989.0,884325912.0,245402535.0,0.022501760220203105
2021-01-07,103.4,104.0,98.07,99.53,5775389.0,866235119.0,245402535.0,0.02353434939048205
2021-01-08,100.19,101.51,97.19,100.63,3562085.0,532119560.0,245402535.0,0.014515273854037409
2021-01-11,100.3,106.06,100.06,105.36,5739717.0,896718859.0,245402535.0,0.02338898821888698
2021-01-12,105.33,106.92,102.97,105.28,4398321.0,694080861.0,245402535.0,0.01792288331495842
2021-01-13,105.26,114.6,104.73,111.93,10411764.0,1738870907.0,245402535.0,0.04242728788437332
2021-01-14,112.55,125.34,112.55,120.77,13695860.0,2462350972.0,245402535.0,0.05580977392918944
2021-01-15,121.41,129.18,115.11,116.98,14989425.0,2753497127.0,245402535.0,0.06108097049608718
2021-01-18,116.28,125.7,115.22,122.07,11126234.0,2006546452.0,245402535.0,0.04533870850193133
2021-01-19,122.74,122.74,115.4,116.07,7073436.0,1264124405.0,245402535.0,0.02882380982739237
2021-01-20,116.68,118.27,111.53,117.84,6652085.0,1140134299.0,245402535.0,0.027106830823895117
2021-01-21,116.4,118.46,113.47,116.08,5348139.0,930154148.0,245402535.0,0.021793332330491206
2021-01-22,116.06,116.9,109.33,112.4,5896762.0,989207395.0,245402535.0,0.024028936783395495
2021-01-25,110.73,115.01,108.39,112.55,5081971.0,855241644.0,245402535.0,0.020708714357820304
2021-01-26,112.01,116.6,111.07,114.87,4593498.0,786034355.0,245402535.0,0.01871821739738752
2021-01-27,115.28,115.68,109.73,110.41,4294081.0,718487600.0,245402535.0,0.017498111826758433
2021-01-28,108.06,112.24,105.06,105.4,4217306.0,686015735.0,245402535.0,0.01718525849783907
2021-01-29,107.13,108.06,101.26,102.43,4451729.0,691111112.0,245402535.0,0.018140517578597956
2021-02-01,101.39,107.06,101.39,104.76,3608709.0,565194081.0,245402535.0,0.014705263741468685
2021-02-02,105.08,105.26,102.13,102.87,3224437.0,498855202.0,245402535.0,0.013139379346672192
2021-02-03,103.06,103.06,97.32,98.03,6499121.0,966450993.0,245402535.0,0.026483512079449382
2021-02-04,96.72,99.36,93.51,97.34,5745283.0,826799338.0,245402535.0,0.023411669321182847
2021-02-05,97.4,98.37,90.19,90.59,6286341.0,878003540.0,245402535.0,0.025616446871667403
2021-02-08,90.58,92.69,89.39,89.85,4087032.0,558738898.0,245402535.0,0.01665440008596488
2021-02-09,90.72,93.05,89.11,92.14,3161158.0,434035292.0,245402535.0,0.012881521374667136
2021-02-10,91.53,92.44,89.11,91.53,3805146.0,519524768.0,245402535.0,0.015505732245186464
2021-02-18,93.48,96.23,92.86,93.92,5155992.0,730483372.0,245402535.0,0.021010345308780123
2021-02-19,94.01,94.01,91.25,93.08,4863082.0,672613354.0,245402535.0,0.019816755356663288
2021-02-22,93.88,96.72,93.88,93.99,5155178.0,734777255.0,245402535.0,0.021007028309630135
2021-02-23,93.42,93.42,90.72,91.73,4409751.0,605278247.0,245402535.0,0.017969459850934302
2021-02-24,91.39,93.74,90.83,91.72,5112792.0,705825762.0,245402535.0,0.020834308007453957
2021-02-25,93.1,93.11,86.93,87.11,6657606.0,890456554.0,245402535.0,0.027129328554002102
2021-02-26,85.05,86.35,83.16,83.22,5641495.0,712793885.0,245402535.0,0.022988739704746734
2021-03-01,84.1,86.04,84.06,85.92,4311348.0,550774892.0,245402535.0,0.017568473773100998
2021-03-02,88.05,88.89,84.39,85.92,5491258.0,709706159.0,245402535.0,0.022376533314947215
2021-03-03,85.72,85.72,83.72,85.13,3335814.0,422810081.0,245402535.0,0.013593233664028776
2021-03-04,85.75,86.73,80.92,80.92,6817819.0,848944458.0,245402535.0,0.027782186520607866
2021-03-05,80.72,82.38,78.71,80.74,4210144.0,510640430.0,245402535.0,0.017156073795244208
2021-03-08,81.11,81.71,74.96,75.17,6142885.0,718797490.0,245402535.0,0.02503187263326355
2021-03-09,74.71,75.97,69.84,70.01,5544371.0,599998946.0,245402535.0,0.022592965472015194
2021-03-10,72.71,73.3,70.04,70.18,4271682.0,459365206.0,245402535.0,0.01740683730100832
2021-03-11,71.09,75.71,68.44,74.6,6394649.0,698301563.0,245402535.0,0.026057795205742272
2021-03-12,74.04,74.04,70.56,70.94,4851489.0,520716032.0,245402535.0,0.0197695146058699
2021-03-15,70.71,71.18,67.37,68.05,3930936.0,403561556.0,245402535.0,0.016018318637173002
2021-03-16,68.71,69.22,66.63,68.46,3013114.0,307297169.0,245402535.0,0.01227825132287244
2021-03-17,68.46,70.39,67.65,69.75,3369170.0,350556576.0,245402535.0,0.013729157280302749
2021-03-18,69.91,70.31,68.78,69.69,2481891.0,258868618.0,245402535.0,0.010113550783002303
2021-03-19,67.75,71.1,67.75,69.82,2802123.0,292691751.0,245402535.0,0.011418476178332877
2021-03-22,69.63,70.41,68.71,70.39,2114106.0,221600068.0,245402535.0,0.008614849883274434
2021-03-23,70.71,73.76,70.45,70.7,4299226.0,463749989.0,245402535.0,0.017519077380353874
2021-03-24,69.78,70.04,67.16,67.17,3688628.0,376736533.0,245402535.0,0.015030928673984562
2021-03-25,65.78,68.35,65.49,65.85,3351823.0,336315106.0,245402535.0,0.013658469338957726
2021-03-26,66.43,69.08,65.85,68.88,4979032.0,504119192.0,245402535.0,0.020289244363347753
2021-03-29,69.05,71.04,68.58,69.37,3209232.0,335720389.0,245402535.0,0.013077419921517926
2021-03-30,69.39,70.41,68.29,68.61,2777037.0,287745417.0,245402535.0,0.011316252295437779
2021-03-31,68.91,72.28,68.71,71.72,5414602.0,573935688.0,245402535.0,0.022064164903594006
2021-04-01,72.04,79.38,71.51,76.65,8802216.0,1004073627.0,245402535.0,0.03586848033171296
2021-04-02,74.71,80.6,74.71,79.3,10334806.0,1215914379.0,245402535.0,0.04211368884188584
2021-04-06,79.11,79.83,77.25,78.95,4407488.0,519071966.0,245402535.0,0.017960238267302333
2021-04-07,79.32,84.22,77.87,83.08,7221398.0,887535686.0,245402535.0,0.02942674573430955
2021-04-08,82.25,84.64,80.79,81.26,4520629.0,558061647.0,245402535.0,0.01842128077446307
2021-04-09,81.3,82.65,79.11,79.38,3890519.0,468479376.0,245402535.0,0.01585362188699477
2021-04-12,79.92,81.72,77.19,77.68,3159342.0,373848717.0,245402535.0,0.012874121288111388
2021-04-13,77.03,78.91,75.55,75.85,2892906.0,333994855.0,245402535.0,0.01178841123218226
2021-04-14,76.03,77.57,75.55,76.81,2247559.0,257744219.0,245402535.0,0.00915866252155871
2021-04-15,76.05,80.72,75.04,79.23,4247366.0,495755586.0,245402535.0,0.01730775112001186
2021-04-16,78.71,80.05,77.57,78.55,2799082.0,329700856.0,245402535.0,0.011406084293302024
2021-04-19,78.05,82.35,77.05,81.58,4730784.0,572228620.0,245402535.0,0.019277649271226965
2021-04-20,81.12,82.44,79.18,79.45,2899141.0,350209529.0,245402535.0,0.011813818467686163
2021-04-21,78.71,80.11,78.07,78.52,2047797.0,243174471.0,245402535.0,0.00834464485055136
2021-04-22,78.52,81.93,78.52,79.03,3271582.0,392993433.0,245402535.0,0.013331492276556963
2021-04-23,78.47,80.7,78.13,79.37,2247422.0,268111910.0,245402535.0,0.009158104255117006
2021-04-26,79.67,82.0,78.38,78.48,4343836.0,522108727.0,245402535.0,0.017700860343598326
2021-04-27,77.82,77.93,74.36,75.45,4089894.0,464828056.0,245402535.0,0.01666606255717774
2021-04-28,77.04,77.37,75.3,76.31,2858724.0,326317201.0,245402535.0,0.01164912171750793
2021-04-29,76.51,80.18,76.29,79.17,4283979.0,506432006.0,245402535.0,0.017456946807823316
2021-04-30,78.71,80.03,77.57,79.25,3548012.0,419716618.0,245402535.0,0.014457927258167892
2021-05-06,79.21,79.64,77.72,77.73,2529208.0,297739017.0,245402535.0,0.010306364602142353
2021-05-07,77.47,78.7,71.85,72.64,5599165.0,623274267.0,245402535.0,0.022816247599072276
2021-05-10,72.05,72.96,70.36,71.59,2847560.0,305087671.0,245402535.0,0.011603629114915215
2021-05-11,71.24,72.32,69.71,71.77,2687470.0,285868167.0,245402535.0,0.010951272365625726
2021-05-12,71.58,73.38,69.92,73.02,2626106.0,281480301.0,245402535.0,0.010701217898991956
2021-05-13,71.71,77.61,71.6,75.23,4461088.0,502737975.0,245402535.0,0.01817865491894776
2021-05-14,75.85,81.61,75.38,80.72,7630706.0,903971705.0,245402535.0,0.031094650265124604
2021-05-17,80.74,82.9,79.99,80.09,5146420.0,627883865.0,245402535.0,0.02097134000673628
2021-05-18,80.04,83.62,79.43,81.63,4919528.0,606904189.0,245402535.0,0.020046769280521085
2021-05-19,81.4,83.5,80.72,81.04,3922044.0,482135159.0,245402535.0,0.015982084292650033
2021-05-20,80.11,82.24,80.06,80.33,2820121.0,342053595.0,245402535.0,0.011491816904010384
2021-05-21,81.03,81.85,78.17,78.44,2680586.0,319328462.0,245402535.0,0.0109232204956644
2021-05-24,78.45,79.83,76.47,79.39,3555887.0,416233290.0,245402535.0,0.01449001739122214
2021-05-25,78.96,82.62,78.96,82.12,5109541.0,625016270.0,245402535.0,0.020821060385541657
2021-05-26,82.44,86.18,82.44,83.44,6806581.0,860773460.0,245402535.0,0.027736392372637877
2021-05-27,83.38,89.69,83.05,87.74,9603011.0,1255869766.0,245402535.0,0.03913166993160849
2021-05-28,86.88,86.99,84.98,85.64,5567633.0,716864653.0,245402535.0,0.022687756668854298
2021-05-31,86.85,88.19,85.75,87.25,4803950.0,625862565.0,245402535.0,0.019575796150598037
2021-06-01,87.27,93.32,86.08,91.74,10486937.0,1436513411.0,245402535.0,0.0427336131633685
2021-06-02,91.52,94.64,89.62,92.46,6979119.0,963136655.0,245402535.0,0.0284394739443095
2021-06-03,92.26,92.27,88.29,88.86,5557601.0,752027546.0,245402535.0,0.02264687689554633
2021-06-04,87.39,92.51,87.06,91.45,5839796.0,794424577.0,245402535.0,0.023796803892021736
2021-06-07,95.39,98.72,92.06,93.23,9016854.0,1293044202.0,245402535.0,0.036743116773426975
2021-06-08,94.12,94.12,89.3,90.04,6859700.0,936283617.0,245402535.0,0.027952848979331042
2021-06-09,90.05,92.52,88.39,89.27,5708510.0,772294537.0,245402535.0,0.02326182164336648
2021-06-10,89.85,92.89,89.85,91.79,9019247.0,1236619829.0,245402535.0,0.036752868098937935
2021-06-11,91.86,92.46,86.12,86.17,11213371.0,1482790598.0,245402535.0,0.04569378633354378
2021-06-15,86.27,90.35,84.62,89.53,11926129.0,1583418683.0,245402535.0,0.04859823065804923
2021-06-16,90.05,93.38,87.4,88.02,9574744.0,1295357929.0,245402535.0,0.03901648367242824
2021-06-17,88.59,105.62,88.59,102.51,22277870.0,3262918531.0,245402535.0,0.09078092856701746
2021-06-18,105.06,109.27,102.57,107.24,17918534.0,2828888358.0,245402535.0,0.0730169066916933
2021-06-21,106.73,108.64,105.53,107.8,9410624.0,1511941277.0,245402535.0,0.038347704924890036
2021-06-22,107.73,108.66,103.45,105.06,8205644.0,1295611371.0,245402535.0,0.03343748669914921
2021-06-23,105.98,114.33,103.65,109.52,13347376.0,2189835145.0,245402535.0,0.05438972339874158
2021-06-24,108.07,111.17,104.5,105.4,9090962.0,1457063202.0,245402535.0,0.03704510224395196
2021-06-25,106.66,108.73,103.46,108.14,8795582.0,1405513555.0,245402535.0,0.0358414471961343
2021-06-28,109.53,112.86,106.8,110.53,9056292.0,1493603029.0,245402535.0,0.036903824159762656
2021-06-29,110.07,110.73,106.75,107.99,7318702.0,1186440497.0,245402535.0,0.029823253455796617
2021-06-30,108.66,114.31,108.65,110.68,11108599.0,1867766190.0,245402535.0,0.04526684697857746
2021-07-01,108.73,111.4,104.6,106.06,9281730.0,1501378463.0,245402535.0,0.03782246992680821
2021-07-02,103.8,104.67,100.28,101.06,9227073.0,1412065597.0,245402535.0,0.03759974606619284
2021-07-05,106.0,114.29,105.4,108.53,21415885.0,3505813747.0,245402535.0,0.08726839353961849
2021-07-06,109.14,113.13,104.7,107.52,13197354.0,2149122835.0,245402535.0,0.053778393120511164
2021-07-07,104.47,111.07,102.71,110.09,12032607.0,1940759369.0,245402535.0,0.04903212185644293
2021-07-08,110.07,120.46,110.07,118.4,18515548.0,3259355639.0,245402535.0,0.0754497014466456
2021-07-09,117.11,120.61,113.97,118.76,12241059.0,2146432822.0,245402535.0,0.049881550734592044
2021-07-12,118.07,121.12,114.47,117.39,14266433.0,2506816905.0,245402535.0,0.05813482326089256
2021-07-13,116.09,117.38,111.53,112.07,11064486.0,1885614606.0,245402535.0,0.04508708925928577
2021-07-14,113.26,114.34,109.9,112.07,8941959.0,1499793099.0,245402535.0,0.03643792432706532
2021-07-15,110.25,112.59,108.14,111.0,8838488.0,1457959368.0,245402535.0,0.03601628646582644
2021-07-16,112.38,114.72,104.14,104.4,12256516.0,2011460954.0,245402535.0,0.04994453704400405
2021-07-19,101.73,103.78,99.61,103.26,8287023.0,1265681636.0,245402535.0,0.03376910104045991
2021-07-20,102.69,104.06,100.65,102.15,6056366.0,927782983.0,245402535.0,0.024679313113045064
2021-07-21,102.89,113.21,102.39,110.07,14157193.0,2305874056.0,245402535.0,0.057689677085039075
2021-07-22,111.8,129.61,109.85,127.41,22108561.0,3991065578.0,247470786.99999997,0.0893380639711628
2021-07-23,130.28,138.75,128.93,131.44,19187691.0,3824140115.0,247470786.99999997,0.07753517589936788
2021-07-26,133.41,143.42,128.08,142.02,18134701.0,3672918597.0,247470786.99999997,0.07328016862046834
2021-07-27,138.75,153.99,132.07,134.05,23889679.0,5075876188.0,247470786.99999997,0.09653534984717208
2021-07-28,130.08,135.35,122.67,130.51,14894506.0,2896593684.0,247470786.99999997,0.06018692622495277
2021-07-29,135.73,151.3,131.61,150.12,18924981.0,4014159467.0,247470786.99999997,0.07647359605317779
2021-07-30,146.75,156.74,143.42,153.35,17059693.0,3829560648.0,247470786.99999997,0.0689361892238214
2021-08-02,150.76,152.76,135.0,142.62,16927511.0,3639728182.0,247470786.99999997,0.06840205749214351
2021-08-03,138.42,139.75,123.85,125.19,21321118.0,4151428944.0,247470786.99999997,0.08615610051783608
2021-08-04,126.08,131.78,123.87,130.08,13259893.0,2549321109.0,247470786.99999997,0.05358164961911242
2021-08-05,127.97,130.07,123.88,127.26,8189350.0,1565842468.0,247470786.99999997,0.03309218877620493
2021-08-06,130.33,132.25,119.46,122.21,14536621.0,2699403511.0,247470786.99999997,0.058740755530065865
2021-08-09,118.8,122.54,116.77,121.74,10442555.0,1866366180.0,247470786.99999997,0.04219712203848934
2021-08-10,121.75,124.07,116.99,120.44,9406174.0,1687365872.0,247470786.99999997,0.03800922975203534
2021-08-11,120.07,125.13,118.4,121.61,9134268.0,1670057964.0,247470786.99999997,0.036910489964215455
2021-08-12,120.07,127.3,119.09,124.07,10138860.0,1892974588.0,247470786.99999997,0.040969926684720166
2021-08-13,122.06,123.3,114.48,115.37,10226707.0,1815504097.0,247470786.99999997,0.04132490595748581
2021-08-16,114.34,119.96,112.73,116.39,8740262.0,1531846281.0,247470786.99999997,0.03531835860690903
2021-08-17,115.72,118.4,111.07,111.53,7941328.0,1352444690.0,247470786.99999997,0.03208996139006905
2021-08-18,112.49,114.21,110.1,112.0,7414774.0,1244670458.0,247470786.99999997,0.02996221933864057
2021-08-19,111.4,117.98,110.74,114.32,9413801.0,1627632044.0,247470786.99999997,0.03804004955138402
2021-08-20,114.59,119.84,114.54,116.34,7447031.0,1305200523.0,247470786.99999997,0.0300925660368955
2021-08-23,117.41,121.94,114.46,121.05,8804029.0,1577615727.0,247470786.99999997,0.03557603346531565
2021-08-24,120.61,124.44,118.6,121.41,7824581.0,1430423871.0,248623695.0,0.03147158198256204
2021-08-25,123.61,126.4,117.54,119.08,9521555.0,1727918766.0,248623695.0,0.038297053706003364
2021-08-26,120.53,122.41,114.07,114.84,9233125.0,1630556204.0,248623695.0,0.0371369470637141
2021-08-27,115.4,118.0,114.08,115.61,6359090.0,1103327124.0,248623695.0,0.025577167936467197
2021-08-30,115.4,117.87,105.4,106.25,14959347.0,2464799493.0,248623695.0,0.060168629542731236
2021-08-31,106.46,109.97,103.44,109.97,11626173.0,1859771503.0,248623695.0,0.0467621278012138
2021-09-01,110.07,110.07,102.73,105.6,9391596.0,1481576679.0,248623695.0,0.03777434005234296
2021-09-02,103.8,104.95,98.93,99.93,10822054.0,1642817333.0,248623695.0,0.04352784637039523
2021-09-03,99.93,105.4,99.76,103.08,9273243.0,1427255592.0,248623695.0,0.03729830738779745
2021-09-06,102.07,108.05,101.03,107.25,7944843.0,1266456507.0,248623695.0,0.03195529291767625
2021-09-07,106.72,108.6,105.13,106.06,5336857.0,850102295.0,248623695.0,0.02146560085513973
2021-09-08,107.11,108.51,104.06,106.17,5559405.0,884572269.0,248623695.0,0.022360720686739048
2021-09-09,105.4,109.6,103.2,107.94,7938827.0,1264652228.0,248623695.0,0.03193109570670648
2021-09-10,107.42,113.7,105.48,111.61,10822841.0,1796039773.0,248623695.0,0.04353101179676378
2021-09-13,110.07,110.53,104.95,105.33,7491151.0,1197615371.0,248623695.0,0.03013047891513317
2021-09-14,104.07,108.38,103.8,105.05,5791861.0,921454404.0,248623695.0,0.02329569190901133
2021-09-15,104.66,107.31,103.42,105.47,4097439.0,650158590.0,248623695.0,0.01648048469394681
2021-09-16,104.13,107.8,103.4,106.52,6459584.0,1027145152.0,248623695.0,0.02598136915308897
2021-09-17,105.4,107.46,102.19,102.19,5209791.0,814489982.0,248623695.0,0.020954523260544415
2021-09-22,102.17,107.17,101.82,105.23,4798861.0,757449109.0,248623695.0,0.01930170412759733
2021-09-23,106.16,110.53,104.0,108.74,7295318.0,1181683730.0,248623695.0,0.029342810627925067
2021-09-24,108.73,110.51,107.54,108.7,5100271.0,834559825.0,248623695.0,0.02051401818318242
2021-09-27,110.1,111.87,105.24,105.46,5458880.0,884889344.0,248623695.0,0.02195639478369107
2021-09-28,104.4,109.07,103.5,105.93,5155050.0,822929275.0,248623695.0,0.020734347142576253
2021-09-29,104.81,105.58,101.79,103.79,5677894.0,885187986.0,248623695.0,0.022837300362702758
2021-09-30,103.93,105.22,101.13,101.26,6993456.0,1075197930.0,248623695.0,0.02812867856380302
2021-10-08,102.93,105.64,102.39,102.85,5522744.0,858694092.0,248623695.0,0.022213264910249202
2021-10-11,102.97,104.06,99.93,100.06,5608526.0,854303315.0,248623695.0,0.022558292362278663
2021-10-12,99.75,101.37,95.31,96.18,6511381.0,951746627.0,248623695.0,0.02618970408271022
2021-10-13,96.29,98.51,96.16,97.19,5992185.0,873929126.0,248623695.0,0.024101423639448363
2021-10-14,97.08,98.43,95.39,96.86,4459198.0,649668490.0,248623695.0,0.017935531044215233
2021-10-15,97.65,102.69,95.4,102.64,8484120.0,1278820582.0,248623695.0,0.034124342010120955
2021-10-18,101.27,102.17,99.02,100.38,4587389.0,689474001.0,248623695.0,0.018451133549439044
2021-10-19,100.17,101.93,99.55,100.66,3357525.0,506487627.0,248623695.0,0.013504444940374649
2021-10-20,100.73,101.98,99.4,99.96,3530478.0,530218927.0,248623695.0,0.014200086600756215
2021-10-21,100.06,102.29,98.96,100.03,4344203.0,654834236.0,248623695.0,0.01747300473512792
2021-10-22,101.19,105.73,101.09,104.6,7660270.0,1193149483.0,248623695.0,0.03081069968009284
2021-10-25,104.3,105.26,101.91,105.02,5079251.0,788436332.0,248623695.0,0.020429472741928318
2021-10-26,105.03,105.58,102.49,103.36,4616844.0,718911851.0,248623695.0,0.018569605765049867
2021-10-27,102.61,104.04,99.35,100.45,5829193.0,882785033.0,248623695.0,0.023445846543307145
2021-10-28,97.35,100.34,95.46,95.7,6066134.0,886054043.0,248623695.0,0.02439885707595167
2021-10-29,96.72,105.19,96.5,104.2,9853420.0,1513984890.0,248623695.0,0.039631862119980155
2021-11-01,104.73,105.77,102.39,104.73,4856145.0,759771025.0,248623695.0,0.01953210855465727
2021-11-02,105.33,108.67,103.68,104.6,5923668.0,940799372.0,248623695.0,0.0238258384825308
2021-11-03,106.6,107.75,102.85,104.83,4886397.0,770068120.0,248623695.0,0.019653786418064458
2021-11-04,105.38,106.93,103.8,104.53,4219305.0,664426732.0,248623695.0,0.01697064714608155
2021-11-05,106.7,108.23,104.41,104.86,5552208.0,882388727.0,248623695.0,0.022331773325145056
2021-11-08,104.53,104.53,99.48,101.38,5424671.0,826089766.0,248623695.0,0.021818801301299942
2021-11-09,101.79,106.1,100.58,105.53,6748969.0,1052206701.0,248623695.0,0.02714531694173397
2021-11-10,104.11,113.68,103.8,112.97,13680187.0,2248797440.0,248623695.0,0.055023665383140574
2021-11-11,110.74,120.51,110.25,115.66,14822403.0,2564273448.0,248623695.0,0.05961782122174638
2021-11-12,113.87,117.14,112.29,113.33,7065311.0,1209545710.0,248623695.0,0.028417689633323164
2021-11-15,114.51,115.27,110.18,111.85,6005636.0,1009513600.0,248623695.0,0.024155525481993984
2021-11-16,111.73,112.97,108.46,108.92,5609659.0,928554477.0,248623695.0,0.0225628494500494
2021-11-17,108.73,110.37,107.6,109.51,5218223.0,852808891.0,248623695.0,0.020988437968472797
2021-11-18,109.0,110.4,107.06,109.7,5191015.0,846023817.0,248623695.0,0.02087900350769061
2021-11-19,109.33,110.33,107.92,109.73,4307674.0,706344470.0,248623695.0,0.01732607988148515
2021-11-22,109.4,113.4,108.73,112.79,6063379.0,1020832757.0,248623695.0,0.024387776072590347
2021-11-23,112.17,114.07,109.73,109.81,6075435.0,1020636469.0,248623695.0,0.024436267025956637
2021-11-24,108.93,112.99,107.73,108.34,5341356.0,881169680.0,248623695.0,0.021483696475510912
2021-11-25,108.54,111.59,107.86,111.0,5605259.0,922919322.0,248623695.0,0.02254515202181353
2021-11-26,111.4,111.4,106.99,108.06,4930461.0,801272881.0,248623695.0,0.01983101811756116
2021-11-29,106.0,107.73,105.4,105.53,4183785.0,666953092.0,248623695.0,0.01682778063450469
2021-11-30,106.73,109.4,106.06,106.75,5307920.0,855168702.0,248623695.0,0.021349212109489403
2021-12-01,106.0,109.1,105.88,106.89,3962034.0,636761190.0,248623695.0,0.015935866450701733
2021-12-02,106.89,107.54,100.85,101.37,8170730.0,1268045249.0,248623695.0,0.03286384268402093
2021-12-03,101.73,105.32,101.57,104.66,6787949.0,1056955267.0,248623695.0,0.02730210006733268
2021-12-06,104.06,105.26,101.59,102.08,4471775.0,690002639.0,248623695.0,0.017986117533970364
2021-12-07,102.66,103.32,98.1,99.46,5228010.0,781796148.0,248623695.0,0.02102780267986927
2021-12-08,100.05,101.39,99.49,100.42,3926828.0,590435322.0,248623695.0,0.015794262891958066
2021-12-09,100.44,101.96,99.79,101.39,4823038.0,730026918.0,248623695.0,0.01939894747361067
2021-12-10,100.73,101.39,99.54,100.06,5915436.0,887774433.0,248623695.0,0.023792728203158593
2021-12-13,100.06,100.72,98.12,98.57,5437262.0,807258973.0,248623695.0,0.021869444101054004
2021-12-14,98.85,99.98,98.07,99.08,3437041.0,511140337.0,248623695.0,0.013824269645739115
2021-12-15,99.37,99.89,96.71,96.82,4456269.0,652829801.0,248623695.0,0.017923750188010037
2021-12-16,97.26,98.44,96.36,97.26,3339229.0,486816732.0,248623695.0,0.013430855816055666
2021-12-17,96.72,97.39,92.08,92.12,7899285.0,1108500546.0,248623695.0,0.03177205213686491
2021-12-20,90.91,92.7,88.19,88.75,6247504.0,842965695.0,248623695.0,0.025128353112119906
2021-12-21,88.73,89.33,86.61,88.0,4957351.0,653221174.0,248623695.0,0.01993917353693903
2021-12-22,88.46,88.85,86.82,86.92,4192937.0,550396346.0,248623695.0,0.016864591285235302
2021-12-23,86.73,87.17,85.0,85.68,5135010.0,660092440.0,248623695.0,0.020653743401247416
2021-12-24,85.74,86.31,83.44,83.92,4675015.0,590889274.0,248623695.0,0.01880357783275645
2021-12-27,84.05,85.35,83.46,84.17,3891426.0,492201294.0,248623695.0,0.015651870993229348
2021-12-28,84.38,84.94,82.52,83.62,4333672.0,542484599.0,248623695.0,0.017430647549502472
2021-12-29,83.92,85.05,82.32,82.75,4840007.0,605100744.0,248623695.0,0.019467199214459427
2021-12-30,82.1,85.3,82.07,84.81,6403025.0,809501623.0,248623695.0,0.025753880779545168
2021-12-31,84.84,85.48,83.57,84.45,5056968.0,641667179.0,248623695.0,0.020339847334341965
2022-01-04,84.79,85.3,78.71,80.12,19493831.0,2344618872.0,328853030.0,0.05927824657720198
2022-01-05,80.12,80.49,78.1,79.31,11044191.0,1303389035.0,328853030.0,0.03358397214707129
2022-01-06,79.31,82.42,78.59,80.74,9641063.0,1167546934.0,328853030.0,0.029317239375899928
2022-01-07,81.02,82.56,80.06,80.51,6557714.0,798886495.0,328853030.0,0.019941169464061194
2022-01-10,80.38,80.94,77.19,79.15,6517556.0,774782134.0,328853030.0,0.019819054122748998
2022-01-11,79.3,79.65,76.59,76.73,6312770.0,733946502.0,328853030.0,0.01919632609132414
2022-01-12,77.09,79.68,77.08,79.3,7144934.0,840921275.0,328853030.0,0.02172683037161008
2022-01-13,78.79,79.54,77.58,77.73,4905374.0,575553698.0,328853030.0,0.014916614878080946
2022-01-14,77.91,79.5,77.59,78.25,5599932.0,660933681.0,328853030.0,0.0170286769138177
2022-01-17,78.71,80.25,78.15,79.79,6775875.0,807280245.0,328853030.0,0.020604569159663817
2022-01-18,79.79,81.18,78.43,78.96,7457743.0,891795394.0,328853030.0,0.022678042528603125
2022-01-19,78.71,79.71,77.37,77.95,4935919.0,577915788.0,328853030.0,0.015009498316010651
2022-01-20,78.05,79.71,76.58,76.85,5532947.0,645063781.0,328853030.0,0.016824984096999198
2022-01-21,76.71,77.49,74.8,75.48,5743866.0,654549645.0,328853030.0,0.01746636179694011
2022-01-24,77.48,80.85,76.99,80.72,11566539.0,1375142405.0,328853030.0,0.03517236560052374
2022-01-25,80.51,81.9,79.97,79.99,8857846.0,1073274566.0,328853030.0,0.026935576661708118
2022-01-26,80.67,84.56,80.09,83.88,11217198.0,1393937384.0,328853030.0,0.034110064304409785
2022-01-27,82.05,83.72,80.58,81.97,7699287.0,947556709.0,328853030.0,0.02341254693624079
2022-01-28,82.57,82.7,78.81,79.19,7379214.0,893894369.0,328853030.0,0.02243924588440009
2022-02-07,81.05,82.05,79.78,80.07,5310719.0,641659814.0,328853030.0,0.01614921717461445
2022-02-08,79.45,80.03,75.08,76.84,8418256.0,966069127.0,328853030.0,0.025598839700519103
2022-02-09,76.71,79.0,76.25,78.71,5318328.0,620564991.0,328853030.0,0.016172355170332473
2022-02-10,78.71,80.37,77.72,77.83,5443398.0,642622609.0,328853030.0,0.016552677042385774
2022-02-11,77.69,78.65,76.08,76.42,4749418.0,550995396.0,328853030.0,0.014442372630715915
2022-02-14,75.58,75.97,73.38,74.3,5371744.0,599315521.0,328853030.0,0.01633478639378813
2022-02-15,75.06,81.38,74.64,81.38,11584473.0,1373444643.0,328853030.0,0.035226900600550955
2022-02-16,81.38,83.69,80.92,81.98,6868425.0,846316924.0,328853030.0,0.0208860018714135
2022-02-17,81.38,84.37,81.38,83.38,7097798.0,884030992.0,328853030.0,0.02158349582486742
2022-02-18,82.51,85.02,82.06,83.04,4989752.0,623519182.0,328853030.0,0.015173197583127029
2022-02-21,83.04,83.16,81.52,81.99,3041414.0,375044712.0,328853030.0,0.009248550940826059
2022-02-22,81.38,83.92,80.43,83.1,5198755.0,642432771.0,328853030.0,0.015808748972147225
2022-02-23,83.26,88.25,83.26,86.59,11186471.0,1451516423.0,328853030.0,0.03401662742776006
2022-02-24,86.59,88.03,82.75,84.76,9610917.0,1226911867.0,328853030.0,0.029225569245933357
2022-02-25,86.72,87.24,84.38,85.25,6003281.0,770658271.0,328853030.0,0.01825520962966344
2022-02-28,84.68,86.43,84.38,85.44,4236163.0,543116881.0,328853030.0,0.012881629827160176
2022-03-01,85.38,86.17,84.07,85.98,4224028.0,539191030.0,328853030.0,0.012844728844371602
2022-03-02,85.32,85.32,83.45,84.66,4469287.0,564949086.0,328853030.0,0.013590530091816396
2022-03-03,86.04,86.04,82.75,82.77,4383895.0,552843004.0,328853030.0,0.013330863942473025
2022-03-04,82.05,86.51,81.88,84.08,6613712.0,840428359.0,328853030.0,0.020111452219248215
2022-03-07,83.39,85.17,81.38,82.24,5826057.0,723964406.0,328853030.0,0.01771629411472961
2022-03-08,82.05,85.97,80.72,83.05,7381071.0,923124169.0,328853030.0,0.022444892783867614
2022-03-09,83.38,86.3,81.6,85.48,9703469.0,1233614872.0,328853030.0,0.029507008039427216
2022-03-10,88.05,88.72,83.85,84.12,9692483.0,1250892933.0,328853030.0,0.029473601018667823
2022-03-11,82.06,82.95,77.82,80.61,10445860.0,1257073110.0,328853030.0,0.03176452410975201
2022-03-14,79.31,80.6,78.1,79.25,3529294.0,420264067.0,328853030.0,0.01073213161514735
2022-03-15,78.71,81.52,77.39,77.51,6220999.0,739981708.0,328853030.0,0.01891726221893105
2022-03-16,79.05,82.29,76.05,81.84,7516153.0,894117394.0,328853030.0,0.02285565986726654
2022-03-17,83.23,84.38,81.72,81.72,7351741.0,912078435.0,328853030.0,0.0223557040055249
2022-03-18,81.12,82.64,80.6,81.09,3537265.0,431007749.0,328853030.0,0.010756370406561253
2022-03-21,80.86,82.38,80.59,81.39,3111043.0,379546503.0,328853030.0,0.009460283823445385
2022-03-22,80.62,81.8,78.88,79.93,4169674.0,500413681.0,328853030.0,0.012679445282897347
2022-03-23,80.38,81.35,79.39,79.69,3161872.0,379962009.0,328853030.0,0.009614848310809238
2022-03-24,79.06,79.35,76.82,78.28,3964812.0,462737701.0,328853030.0,0.012056486145193796
2022-03-25,78.97,80.46,76.81,76.85,4264949.0,500260194.0,328853030.0,0.012969164371086988
2022-03-28,75.91,76.96,75.45,76.5,2629712.0,300165656.0,328853030.0,0.00799661782042878
2022-03-29,76.53,77.37,75.17,75.25,2872242.0,327976442.0,328853030.0,0.008734120527945265
2022-03-30,75.97,77.21,75.65,77.04,3463622.0,397685003.0,328853030.0,0.010532431463380464
2022-03-31,77.19,79.07,76.62,77.68,5759255.0,671451605.0,328853030.0,0.01751315777750322
2022-04-01,77.38,79.51,77.08,78.18,3860652.0,454216584.0,328853030.0,0.01173974890850177
2022-04-06,78.71,78.71,75.45,76.01,4713299.0,539628107.0,328853030.0,0.014332539371767383
2022-04-07,75.99,78.01,75.77,76.25,3488462.0,401347770.0,328853030.0,0.010607966726047803
2022-04-08,76.73,78.25,75.81,77.51,4116324.0,477079830.0,328853030.0,0.012517214756999502
2022-04-11,76.97,77.25,74.18,74.38,3953251.0,447614958.0,328853030.0,0.012021330622983769
2022-04-12,74.04,75.36,71.16,73.84,5111687.0,557433734.0,328853030.0,0.01554398632118427
2022-04-13,73.38,73.38,71.36,71.44,3320971.0,359824637.0,328853030.0,0.010098648019147033
2022-04-14,72.16,74.02,67.43,72.11,7186492.0,758610886.0,328853030.0,0.021853202933845555
2022-04-15,70.71,72.3,70.04,71.14,3008980.0,320594313.0,328853030.0,0.009149923295522016
2022-04-18,70.62,74.48,70.04,73.38,5166253.0,567381488.0,328853030.0,0.01570991454754119
2022-04-19,73.2,74.0,71.7,71.9,3680100.0,399349604.0,328853030.0,0.011190713371258888
2022-04-20,72.38,73.04,70.44,70.84,2947492.0,316348958.0,328853030.0,0.00896294615257156
2022-04-21,70.14,72.64,69.76,69.9,3493158.0,372285207.0,328853030.0,0.010622246661373319
2022-04-22,69.71,71.09,68.34,68.34,3608058.0,375096420.0,328853030.0,0.010971642864291078
2022-04-25,67.03,67.7,64.15,64.15,5001734.0,495911123.0,328853030.0,0.015209633312486127
2022-04-26,64.71,65.56,61.97,62.57,4754083.0,455956094.0,328853030.0,0.014456558299006703
2022-04-27,61.94,65.54,60.89,65.28,4959922.0,471290117.0,328853030.0,0.015082488368740285
2022-04-28,66.03,67.71,65.71,66.71,6554657.0,655936371.0,328853030.0,0.019931873518088006
2022-04-29,68.02,70.83,66.54,70.04,5790957.0,598625067.0,328853030.0,0.017609559504438807
2022-05-05,71.44,71.5,69.29,69.54,5132116.0,538929168.0,328853030.0,0.015606108297071188
2022-05-06,68.04,70.38,67.72,69.32,3346767.0,347688846.0,328853030.0,0.010177090355530554
2022-05-09,68.05,69.71,67.37,67.61,2459378.0,251792856.0,328853030.0,0.0074786539141816636
2022-05-10,66.71,72.51,66.44,71.04,6126854.0,648727842.0,328853030.0,0.01863097931620092
2022-05-11,71.85,74.12,70.64,72.65,6374912.0,698480694.0,328853030.0,0.019385291964620185
2022-05-12,72.16,73.95,72.1,72.97,3552475.0,388665759.0,328853030.0,0.010802622071020602
2022-05-13,73.54,73.71,72.08,72.95,2461774.0,268781932.0,328853030.0,0.007485939843704648
2022-05-16,73.36,74.01,71.12,71.44,2847878.0,308458444.0,328853030.0,0.008660032720391841
2022-05-17,71.3,73.34,70.97,73.05,3756195.0,409125395.0,328853030.0,0.011422108532799591
2022-05-18,73.1,75.23,72.66,73.72,4357635.0,483821456.0,328853030.0,0.013251010641440646
2022-05-19,72.18,76.01,72.1,74.84,4326302.0,483629339.0,328853030.0,0.013155730996305553
2022-05-20,74.24,75.9,73.5,75.77,4423634.0,496164263.0,328853030.0,0.013451705158380326
2022-05-23,75.64,75.97,74.6,75.25,2554608.0,287926264.0,328853030.0,0.00776823616312734
2022-05-24,75.25,75.89,72.56,72.71,3501822.0,389332748.0,328853030.0,0.010648592777144247
2022-05-25,72.67,73.63,71.91,72.21,2786317.0,303084518.0,328853030.0,0.008472833593778959
2022-05-26,72.19,72.91,71.06,72.04,2559647.0,275768840.0,328853030.0,0.007783559117579059
2022-05-27,72.31,73.23,70.38,70.95,3370865.0,361761720.0,328853030.0,0.010250369291108554
2022-05-30,71.26,73.59,70.7,72.97,4049881.0,442108779.0,328853030.0,0.012315170092852726
2022-05-31,73.06,77.61,71.51,77.01,7306095.0,819577204.0,328853030.0,0.022216900358193445
2022-06-01,76.91,78.25,76.36,77.58,7596661.0,882401825.0,328853030.0,0.02310047439733184
2022-06-02,78.05,83.36,77.08,82.36,12706214.0,1545212390.0,328853030.0,0.038637971497480196
2022-06-06,82.65,85.45,81.32,84.94,9748368.0,1233598009.0,328853030.0,0.029643540155308894
2022-06-07,84.05,85.05,83.16,84.58,6033566.0,760576854.0,328853030.0,0.018347302440850248
2022-06-08,84.56,85.23,82.72,84.53,5375107.0,676656492.0,328853030.0,0.016345012846620266
2022-06-09,84.35,84.35,81.49,81.8,6613261.0,816037695.0,328853030.0,0.020110080785936502
2022-06-10,81.45,86.17,81.39,84.5,10951570.0,1383709774.0,328853030.0,0.03330232353340336
2022-06-13,83.3,85.09,82.41,83.43,5770618.0,722553975.0,328853030.0,0.017547711207039813
2022-06-14,82.05,82.96,79.12,80.85,7794565.0,939652038.0,328853030.0,0.023702275147046693
2022-06-15,81.12,83.04,80.12,80.51,4903155.0,599896581.0,328853030.0,0.014909867182917548
2022-06-16,81.05,82.62,80.28,80.66,4086570.0,498031587.0,328853030.0,0.012426736648891452
2022-06-17,79.54,81.36,78.91,80.88,4565335.0,548272964.0,328853030.0,0.013882599774130103
2022-06-20,81.66,81.95,80.11,80.31,4247240.0,514472915.0,328853030.0,0.012915313567279584
2022-06-21,80.45,82.02,78.92,80.9,4801096.0,579891882.0,328853030.0,0.01459951881848253
2022-06-22,80.72,80.72,76.63,76.63,6362867.0,746463223.0,328853030.0,0.019348664660319537
2022-06-23,76.85,78.41,76.72,78.06,4087548.0,475019257.0,328853030.0,0.012429710621793572
2022-06-24,78.31,79.85,77.25,78.18,4339090.0,510758240.0,328853030.0,0.013194617668567627
2022-06-27,79.24,79.51,77.32,77.42,4859466.0,569697835.0,328853030.0,0.014777014522262422
2022-06-28,77.42,81.3,75.58,80.81,7236796.0,853026863.0,328853030.0,0.02200617096336318
2022-06-29,80.38,82.55,77.45,77.48,6709560.0,803625418.0,328853030.0,0.02040291372714431
2022-06-30,77.56,79.03,76.63,77.88,5261271.0,614329792.0,328853030.0,0.0159988521316042
2022-07-01,77.44,78.72,76.59,77.55,4037169.0,469429594.0,328853030.0,0.012276514526869344
2022-07-04,76.51,76.51,72.72,74.01,7268353.0,807389745.0,328853030.0,0.022102131763845994
2022-07-05,74.04,75.89,72.78,74.11,4699478.0,524076812.0,328853030.0,0.014290511478638345
2022-07-06,77.38,88.72,77.38,84.33,23563823.0,2984451689.0,328853030.0,0.07165457164861762
2022-07-07,85.3,85.86,82.04,83.78,10106573.0,1268312869.0,328853030.0,0.03073279574161138
2022-07-08,84.6,85.05,82.72,83.72,7490158.0,943565941.0,328853030.0,0.022776612397337498
2022-07-11,83.38,83.67,79.93,81.23,6570589.0,801627550.0,328853030.0,0.01998032069219493
2022-07-12,81.53,82.42,76.56,76.58,8767315.0,1022421343.0,328853030.0,0.026660283470704222
2022-07-13,76.35,77.34,74.96,75.13,4643533.0,527135403.0,328853030.0,0.014120389889671991
2022-07-14,74.74,76.71,74.55,75.64,4847195.0,550343609.0,328853030.0,0.014739699980869873
2022-07-15,75.25,78.95,75.05,76.25,6242516.0,720692767.0,328853030.0,0.018982692663649776
2022-07-18,76.28,77.63,74.04,76.7,5106370.0,584125965.0,328853030.0,0.015527818004292069
2022-07-19,76.38,76.7,72.94,74.74,7410639.0,828232239.0,328853030.0,0.022534805289767285
2022-07-20,75.04,77.31,74.64,75.59,5879701.0,668339167.0,328853030.0,0.017879418657021345
2022-07-21,76.38,85.08,75.64,80.85,16061264.0,1978815093.0,328853030.0,0.04884024939651613
2022-07-22,82.46,83.18,80.2,81.38,7242709.0,883983626.0,616244480.0,0.011752979921215684
2022-07-25,80.72,84.71,80.53,81.62,5678624.0,702593415.0,616244480.0,0.00921488822098658
2022-07-26,82.05,84.58,80.58,83.57,6607951.0,822002261.0,616244480.0,0.010722937428989223
2022-07-27,81.77,83.37,80.53,81.2,5575503.0,682122476.0,616244480.0,0.009047550413757864
2022-07-28,83.05,83.86,81.9,82.05,5352044.0,665083833.0,616244480.0,0.008684936212329237
2022-07-29,81.73,82.72,80.7,80.94,5761749.0,705011464.0,616244480.0,0.009349777867381465
2022-08-01,80.33,85.17,79.31,84.62,10541872.0,1327587669.0,616244480.0,0.017106639235129537
2022-08-02,83.53,89.38,83.49,86.92,15238365.0,1990407085.0,616244480.0,0.02472779147652568
2022-08-03,88.72,93.79,85.25,88.92,18022696.0,2415373683.0,616244480.0,0.029246016126586644
2022-08-04,89.38,92.72,89.05,90.72,10359644.0,1414641804.0,616244480.0,0.016810931921045363
2022-08-05,91.45,98.63,90.73,98.39,18011524.0,2573535307.0,616244480.0,0.029227886958111172
2022-08-08,97.77,100.38,94.64,96.66,13161876.0,1925745993.0,616244480.0,0.021358205107167856
2022-08-09,96.66,96.72,92.4,96.2,11165506.0,1576751418.0,616244480.0,0.018118630450044762
2022-08-10,94.04,100.06,93.48,95.92,11072666.0,1617199070.0,616244480.0,0.017967975956555426
2022-08-11,97.99,99.97,96.72,97.89,10605092.0,1562107354.0,616244480.0,0.01720922838935612
2022-08-12,97.5,98.73,95.18,95.18,7703643.0,1117214642.0,616244480.0,0.01250095254402928
2022-08-15,95.62,96.06,93.01,93.26,6624196.0,931940518.0,616244480.0,0.010749298719884679
2022-08-16,93.27,94.39,92.0,92.52,5922858.0,827370410.0,616244480.0,0.009611214691935252
2022-08-17,93.04,93.72,91.92,92.72,4981453.0,692728924.0,616244480.0,0.008083566119732221
2022-08-18,93.17,94.12,91.72,93.26,9896181.0,1382174017.0,616244480.0,0.016058855407516184
2022-08-19,92.99,95.16,90.99,91.25,5957856.0,829274394.0,616244480.0,0.009668007087057397
2022-08-22,91.4,94.46,91.12,93.12,5902972.0,825286677.0,616244480.0,0.009578945031686126
2022-08-23,92.92,93.29,90.59,90.8,5359559.0,735582534.0,616244480.0,0.008697131047729628
2022-08-24,90.79,91.05,86.79,87.26,6993983.0,924232653.0,616244480.0,0.011349364135480775
2022-08-25,87.45,88.22,85.72,86.69,3676090.0,477760369.0,616244480.0,0.005965311040189764
2022-08-26,87.37,87.77,83.86,83.86,4991601.0,636525732.0,616244480.0,0.008100033610037367
2022-08-29,83.04,85.04,82.67,83.76,5595070.0,703108930.0,616244480.0,0.009079302422311353
2022-08-30,83.24,84.97,83.04,83.58,4541001.0,570228826.0,616244480.0,0.007368830305790325
2022-08-31,83.58,84.27,81.72,82.17,3995826.0,494578514.0,616244480.0,0.0064841570670134034
2022-09-01,82.92,84.49,80.72,81.18,5308733.0,653995262.0,616244480.0,0.00861465404120131
2022-09-02,81.48,83.7,80.76,82.39,4429715.0,548260191.0,616244480.0,0.007188242886978882
2022-09-05,81.92,82.78,80.11,81.72,3600495.0,439911167.0,616244480.0,0.005842640570184093
2022-09-06,81.72,82.92,81.03,82.19,3816013.0,468661954.0,616244480.0,0.006192368652129752
2022-09-07,82.72,86.39,82.72,85.15,9692288.0,1234773169.0,616244480.0,0.015727991591908456
2022-09-08,84.58,87.25,84.38,85.56,5819133.0,747872583.0,616244480.0,0.00944289675422326
2022-09-09,85.48,85.63,81.58,83.9,6010804.0,749767437.0,616244480.0,0.009753927532137894
2022-09-13,83.88,86.89,83.05,83.52,4409999.0,559626584.0,616244480.0,0.00715624909126975
2022-09-14,82.05,86.65,81.84,85.56,7251815.0,924096058.0,616244480.0,0.011767756524163916
2022-09-15,86.39,88.51,83.72,84.7,7557825.0,971608983.0,616244480.0,0.012264328923481798
2022-09-16,84.12,88.35,84.12,86.14,7999156.0,1037797913.0,616244480.0,0.012980491119368729
2022-09-19,86.15,87.38,81.37,81.43,7924119.0,989915339.0,616244480.0,0.01285872613414728
2022-09-20,81.85,82.86,78.89,82.12,5201256.0,634504456.0,616244480.0,0.008440247610818356
2022-09-21,81.28,82.22,77.71,77.81,6221959.0,740160421.0,616244480.0,0.010096575631801196
2022-09-22,77.05,78.63,76.79,77.91,5874955.0,685052279.0,616244480.0,0.00953348093276227
2022-09-23,78.33,78.37,74.86,75.38,5426423.0,616005509.0,616244480.0,0.008805633439507644
2022-09-26,74.62,76.59,74.5,75.78,3803958.0,432696872.0,616244480.0,0.006172806610778891
2022-09-27,75.76,77.01,74.77,76.16,4593540.0,521636379.0,616244480.0,0.0074540870532422455
2022-09-28,75.78,75.85,73.5,73.71,4025226.0,447881649.0,616244480.0,0.006531865405106752
2022-09-29,74.62,74.94,73.48,73.79,2589754.0,287600951.0,616244480.0,0.004202478211244992
2022-09-30,73.78,74.33,71.71,71.96,3461716.0,377734057.0,616244480.0,0.005617439364325016
2022-10-10,68.04,68.04,57.62,57.99,18455111.0,1685239353.0,616244480.0,0.0299477100387171
2022-10-11,57.83,57.83,53.45,54.18,18217339.0,1496752766.0,616244480.0,0.029561869665753436
2022-10-12,53.45,54.35,51.16,54.18,16962520.0,1342050090.0,616244480.0,0.02752563398214942
2022-10-13,52.84,55.75,52.36,53.47,11536615.0,934355133.0,616244480.0,0.01872084111812247
2022-10-14,54.36,55.81,52.97,54.97,11873075.0,971533027.0,616244480.0,0.01926682572475132
2022-10-17,54.35,58.25,54.09,57.67,13165585.0,1118396279.0,616244480.0,0.021364223822337523
2022-10-18,57.6,57.94,56.37,57.21,8929562.0,765861634.0,616244480.0,0.014490291255834049
2022-10-19,56.74,58.84,56.74,57.64,9042580.0,784582001.0,616244480.0,0.01467368924748827
2022-10-20,56.97,67.81,56.97,66.71,21010266.0,1977778675.0,616244480.0,0.034094043325142646
2022-10-21,64.37,65.59,62.32,64.03,11729994.0,1118514845.0,616244480.0,0.019034643523297767
2022-10-24,64.01,66.71,63.76,64.73,9704397.0,949626607.0,616244480.0,0.01574764126081908
2022-10-25,64.06,68.43,63.71,67.31,10534064.0,1047634360.0,616244480.0,0.0170939689390808
2022-10-26,67.05,70.16,65.71,68.52,8293067.0,848104078.0,616244480.0,0.013457430077101868
2022-10-27,68.11,71.7,66.84,69.91,9809880.0,1017313480.0,616244480.0,0.015918811962421148
2022-10-28,70.04,72.38,69.43,71.21,11762967.0,1256459421.0,616244480.0,0.019088149884928785
2022-10-31,72.38,76.36,72.05,74.04,9663571.0,1076046589.0,616244480.0,0.015681391580172857
2022-11-01,73.38,75.45,72.04,73.42,7338169.0,806850462.0,616244480.0,0.01190788597408613
2022-11-02,72.93,75.37,72.44,73.84,7215402.0,799937259.0,616244480.0,0.011708667962429456
2022-11-03,73.18,77.29,72.72,76.83,8536364.0,974624069.0,616244480.0,0.013852236047615388
2022-11-04,76.71,77.43,75.08,76.31,7868235.0,897117565.0,616244480.0,0.012768041346187798
2022-11-07,75.43,77.22,72.04,72.86,12678380.0,1401583050.0,616244480.0,0.020573620391699087
2022-11-08,72.54,73.38,71.39,72.71,6572833.0,711685210.0,616244480.0,0.010665950305956493
2022-11-09,73.04,73.78,71.88,71.9,4768671.0,520476236.0,616244480.0,0.007738277834147902
2022-11-10,71.58,72.64,68.94,69.23,10335949.0,1085602643.0,616244480.0,0.016772481272367745
2022-11-11,72.65,73.37,70.18,70.18,7110219.0,762098651.0,616244480.0,0.011537984080603855
2022-11-14,70.26,73.37,69.05,70.59,7709296.0,823497439.0,616244480.0,0.012510125851350425
2022-11-15,70.24,75.65,69.82,72.71,14925546.0,1636088584.0,616244480.0,0.024220169891014682
2022-11-16,72.69,73.04,70.78,71.35,6887033.0,741996754.0,616244480.0,0.011175812885171808
2022-11-17,68.04,69.7,64.75,69.7,15354277.0,1542858450.0,616244480.0,0.024915885656290177
2022-11-18,69.21,71.7,68.63,68.77,6844583.0,715633685.0,616244480.0,0.011106927886802329
2022-11-21,68.1,70.03,67.63,68.6,4049443.0,416276122.0,616244480.0,0.006571163120195413
2022-11-22,68.37,69.11,66.06,68.0,5665183.0,574833673.0,616244480.0,0.009193077072268461
2022-11-23,67.55,68.04,65.31,67.33,6170428.0,616457624.0,616244480.0,0.01001295459879819
2022-11-24,67.9,67.97,66.31,67.01,3826593.0,384350059.0,616244480.0,0.0062095371629130045
2022-11-25,66.89,68.97,65.51,65.51,5670857.0,567453475.0,616244480.0,0.00920228445697396
2022-11-28,64.04,65.71,63.7,65.28,3496134.0,341610593.0,616244480.0,0.0056732905745459986
2022-11-29,65.93,66.6,64.33,66.31,5607627.0,550946839.0,616244480.0,0.009099679075421495
2022-11-30,66.13,66.92,64.84,65.64,4450464.0,439740206.0,616244480.0,0.007221912965451634
2022-12-01,66.63,68.51,66.1,66.93,5977771.0,603977405.0,616244480.0,0.009700323806551581
2022-12-02,66.77,67.57,66.04,66.2,3321675.0,332171849.0,616244480.0,0.005390190269939619
2022-12-05,66.81,67.79,66.12,67.61,5765718.0,579371916.0,616244480.0,0.009356218493024067
2022-12-06,68.04,70.71,67.37,69.35,9414030.0,980050425.0,616244480.0,0.015276453267378557
2022-12-07,69.6,70.57,68.71,69.96,7005446.0,733071513.0,616244480.0,0.011367965519139416
2022-12-08,70.18,70.58,68.17,68.43,4726758.0,489614433.0,616244480.0,0.007670264243178292
2022-12-09,68.71,71.81,68.71,71.38,10971608.0,1166991860.0,616244480.0,0.017803985846656184
2022-12-12,71.38,73.02,70.71,72.19,8432648.0,910902757.0,616244480.0,0.013683932714496689
2022-12-13,71.72,72.43,70.41,70.9,4490133.0,479546454.0,616244480.0,0.007286285144493303
2022-12-14,75.38,76.71,72.43,72.81,13625356.0,1509006140.0,616244480.0,0.02211030920715103
2022-12-15,73.38,75.29,72.04,73.53,8159768.0,909688478.0,616244480.0,0.013241121445826176
2022-12-16,72.36,73.48,71.15,73.37,6114383.0,660955880.0,616244480.0,0.00992200855089201
2022-12-19,72.7,73.36,70.42,70.8,4074484.0,436867635.0,616244480.0,0.006611797966936759
2022-12-20,70.67,72.04,70.41,70.64,3403203.0,363228594.0,616244480.0,0.005522488412391134
2022-12-21,70.41,71.24,68.97,69.56,3102860.0,325258305.0,616244480.0,0.005035112038650634
2022-12-22,70.04,70.16,67.44,67.76,3703491.0,380484780.0,616244480.0,0.006009775535839283
2022-12-23,66.71,68.24,66.41,67.22,3329016.0,335484093.0,616244480.0,0.005402102749869662
2022-12-26,67.21,68.85,66.58,68.76,2851493.0,291776541.0,616244480.0,0.004627210616150266
2022-12-27,68.71,69.58,67.57,69.37,3400319.0,349493894.0,616244480.0,0.005517808451606739
2022-12-28,68.64,68.71,66.03,66.04,5586739.0,559158578.0,616244480.0,0.009065783437118983
2022-12-29,65.49,67.25,65.35,66.47,3397033.0,337655155.0,616244480.0,0.005512476152321884
2022-12-30,66.71,67.71,65.13,65.38,4164637.0,411560893.0,616244480.0,0.006758092177961578
2023-01-03,65.24,66.95,64.25,66.64,4462454.0,439930466.0,616244480.0,0.007241369529184262
2023-01-04,66.77,68.37,65.49,65.81,4499788.0,449586966.0,616244480.0,0.007301952627632462
2023-01-05,65.65,67.08,65.05,66.34,4525097.0,448309079.0,616244480.0,0.007343022366707447
2023-01-06,65.67,67.51,65.24,66.37,4348818.0,433186415.0,616244480.0,0.007056968688790527
2023-01-09,66.71,67.36,64.72,65.77,6353311.0,627671005.0,616244480.0,0.010309724802727644
2023-01-10,65.71,67.47,65.39,66.8,4596078.0,459526108.0,616244480.0,0.00745820554855112
2023-01-11,66.89,69.95,66.62,66.73,7116615.0,731574515.0,616244480.0,0.01154836307823804
2023-01-12,66.41,66.81,65.56,66.21,3279530.0,325232997.0,616244480.0,0.005321800205009544
2023-01-13,66.36,66.81,65.76,66.81,2784185.0,276986029.0,616244480.0,0.0045179877311030845
2023-01-16,66.27,70.11,66.04,69.82,7321341.0,755973820.0,616244480.0,0.011880578630091745
2023-01-17,70.03,71.47,69.78,70.92,5976204.0,633894613.0,616244480.0,0.009697780984585859
2023-01-18,71.38,71.71,70.63,70.95,3500801.0,373102283.0,616244480.0,0.005680863867535171
2023-01-19,70.64,72.91,70.38,72.66,4749987.0,514125052.0,616244480.0,0.007707958698469802
2023-01-20,72.31,73.11,71.74,72.28,3557801.0,385523770.0,616244480.0,0.005773359625063092
2023-01-30,73.44,73.64,70.2,71.31,6388282.0,685271209.0,616244480.0,0.010366473384069907
2023-01-31,71.66,72.03,69.37,69.97,5168064.0,543923223.0,616244480.0,0.008386385870750518
2023-02-01,70.18,71.34,69.76,70.57,6399180.0,675086152.0,616244480.0,0.01038415792381621
2023-02-02,71.14,73.76,71.14,72.66,12503261.0,1358628729.0,616244480.0,0.020289449083584488
2023-02-03,71.96,72.97,70.75,72.18,5507704.0,592763462.0,616244480.0,0.008937530767009873
2023-02-06,71.84,72.63,71.2,71.6,4954693.0,532985284.0,616244480.0,0.008040141795671744
2023-02-07,71.71,72.04,69.37,69.81,6599660.0,693387200.0,616244480.0,0.01070948335310038
2023-02-08,69.7,71.02,69.57,70.01,4685420.0,493700584.0,616244480.0,0.007603183723446902
2023-02-09,69.53,72.84,69.13,72.58,10038221.0,1076503870.0,616244480.0,0.016289348344345412
2023-02-10,72.71,73.78,72.17,72.94,6249652.0,683623919.0,616244480.0,0.010141513965366472
2023-02-13,72.64,73.35,71.44,73.24,5939866.0,646089791.0,616244480.0,0.009638814127795515
2023-02-14,73.38,75.87,72.26,72.92,7039537.0,780057573.0,616244480.0,0.011423286095804055
2023-02-15,72.82,75.55,72.72,75.02,9172790.0,1026849834.0,616244480.0,0.014884985257798983
2023-02-16,74.77,76.04,73.01,73.58,8572045.0,963330549.0,616244480.0,0.013910136769095279
2023-02-17,73.36,73.57,69.92,69.92,7220149.0,771756344.0,616244480.0,0.011716371074025685
2023-02-20,69.46,72.11,69.43,71.96,5042264.0,535552495.0,616244480.0,0.008182246111153807
2023-02-21,71.52,72.58,71.11,72.06,2808475.0,302191286.0,616244480.0,0.004557403905670684
2023-02-22,71.38,73.03,71.21,72.37,4007728.0,433666778.0,616244480.0,0.006503470830278269
2023-02-23,71.93,72.97,71.9,72.33,3206790.0,347972198.0,616244480.0,0.005203762636543211
2023-02-24,73.03,73.38,71.11,71.34,3316731.0,358068610.0,616244480.0,0.0053821674800235125
2023-02-27,71.44,71.78,69.24,69.6,5139711.0,538705082.0,616244480.0,0.008340376533677024
2023-02-28,70.11,70.38,69.09,70.24,3007880.0,314498842.0,616244480.0,0.004880984897422529
2023-03-01,69.95,71.17,69.84,70.89,2727130.0,288180699.0,616244480.0,0.004425402723282811
2023-03-02,70.91,74.1,70.91,72.91,6149289.0,671597668.0,616244480.0,0.009978651654616038
2023-03-03,75.38,80.25,75.38,79.51,14609660.0,1717427898.0,616244480.0,0.023707571384655648
2023-03-06,79.51,83.38,78.71,82.21,13985430.0,1704743650.0,616244480.0,0.022694613021117853
2023-03-07,81.68,82.94,79.38,79.55,8797783.0,1070193211.0,616244480.0,0.014276449178092435
2023-03-08,80.67,84.3,79.45,82.72,11156562.0,1377872354.0,616244480.0,0.01810411672977582
2023-03-09,83.38,85.58,82.88,82.88,13255364.0,1670378858.0,616244480.0,0.021509911131374352
2023-03-10,81.94,84.4,81.72,82.38,10202717.0,1273431251.0,616244480.0,0.016556281364175463
2023-03-13,81.57,84.38,79.95,81.38,11285089.0,1379691434.0,616244480.0,0.018312681681140575
2023-03-14,81.38,84.98,80.78,84.17,13692660.0,1706234999.0,616244480.0,0.02221952560126786
2023-03-15,83.72,86.29,82.77,83.18,11298780.0,1423597943.0,616244480.0,0.018334898513005748
2023-03-16,81.98,83.98,80.13,80.89,9232124.0,1130660198.0,616244480.0,0.014981268473187785
2023-03-17,82.12,83.46,80.51,82.86,11421945.0,1407845967.0,616244480.0,0.018534762372232526
2023-03-20,83.45,90.77,82.72,87.15,16786734.0,2187478958.0,616244480.0,0.02724038031139849
2023-03-21,87.15,88.96,85.52,87.41,8871859.0,1154636341.0,616244480.0,0.014396654717296616
2023-03-22,88.72,90.72,87.39,88.45,11726941.0,1565904918.0,616244480.0,0.019029689320705964
2023-03-23,87.52,90.39,86.92,89.3,11174814.0,1482064474.0,616244480.0,0.018133734844975814
2023-03-24,89.32,89.32,85.06,85.48,12113639.0,1568048522.0,616244480.0,0.019657196767101266
2023-03-27,84.78,87.57,84.3,85.66,7381492.0,950728891.0,616244480.0,0.011978187618005114
2023-03-28,85.4,87.34,84.12,85.52,8060178.0,1038907058.0,616244480.0,0.013079513507366428
2023-03-29,85.5,95.09,84.49,92.29,18113703.0,2472651802.0,616244480.0,0.029393696151241794
2023-03-30,92.66,94.17,91.27,93.38,10601128.0,1474736607.0,616244480.0,0.01720279587737646
2023-03-31,93.37,99.65,92.08,98.4,19444391.0,2818931501.0,616244480.0,0.031553046933580645
2023-04-03,100.73,111.17,100.73,109.33,20402385.0,3267723317.0,616244480.0,0.03310761501668948
2023-04-04,107.93,117.23,107.4,110.6,23159721.0,3920204340.0,616244480.0,0.037582034000531735
2023-04-06,112.31,119.83,112.07,115.27,24213380.0,4236360921.0,616244480.0,0.039291840796691596
2023-04-07,116.4,121.39,113.57,120.21,16923647.0,2994374581.0,616244480.0,0.027462553498247968
2023-04-10,120.67,127.3,116.15,116.79,25062775.0,4538046243.0,616244480.0,0.04067018174345351
2023-04-11,118.38,120.02,109.4,112.35,25670106.0,4373905410.0,616244480.0,0.04165571754898316
2023-04-12,111.07,114.94,110.73,112.0,14092318.0,2384859420.0,616244480.0,0.022868063662006353
2023-04-13,110.69,116.46,110.07,111.23,15903143.0,2694717712.0,617053267.0,0.025772723118894045
2023-04-14,114.72,126.72,111.31,126.41,29252798.0,5250353666.0,617053267.0,0.047407249202685124
2023-04-17,125.74,132.27,124.41,127.33,22056331.0,4242641978.0,617053267.0,0.035744614248999676
2023-04-18,121.42,123.87,118.03,122.7,21811910.0,3967308411.0,617053267.0,0.03534850419971928
2023-04-19,123.05,130.99,122.75,124.64,19804512.0,3750685194.0,617053267.0,0.03209530369442157
2023-04-20,124.28,133.29,124.28,128.75,19695639.0,3820096031.0,617053267.0,0.0319188634974037
2023-04-21,129.54,133.01,122.74,122.74,16259249.0,3111294250.0,617053267.0,0.02634983050823066
2023-04-24,125.41,127.92,119.74,124.84,15773040.0,2931345363.0,617053267.0,0.025561877464300015
2023-04-25,126.17,126.86,116.34,119.4,22635651.0,4074430531.0,617053267.0,0.036683463503970073
2023-04-26,119.38,120.74,112.89,117.07,16504191.0,2890759374.0,617053267.0,0.026746784893045546
2023-04-27,115.41,123.94,114.99,118.67,12242975.0,2194679077.0,617053267.0,0.019841034242510543
2023-04-28,119.07,123.38,116.74,121.04,12974002.0,2323806576.0,617053267.0,0.021025740716157655
2023-05-04,117.27,118.06,110.07,112.53,18387071.0,3105303956.0,617694085.0,0.02976727711420452
2023-05-05,112.53,115.51,112.19,113.6,9473453.0,1615274558.0,617694085.0,0.015336803816083168
2023-05-08,113.8,118.85,111.07,116.46,10553057.0,1837950789.0,617694085.0,0.01708460102867911
2023-05-09,116.54,118.58,110.41,111.93,12360081.0,2092193016.0,617694085.0,0.02001003619777256
2023-05-10,110.73,113.05,109.12,111.2,9276008.0,1543435771.0,618198523.0,0.015004901588870344
2023-05-11,113.06,115.16,111.65,112.01,6741610.0,1143693269.0,618198523.0,0.01090525090109282
2023-05-12,113.39,117.26,111.53,112.45,9266190.0,1588498203.0,618198523.0,0.014989019959208153
2023-05-15,111.29,112.03,104.0,106.84,18559490.0,2971086353.0,618198523.0,0.03002189314515719
2023-05-16,107.85,109.4,105.54,108.61,11317412.0,1834266211.0,618198523.0,0.01830708353212937
2023-05-17,108.03,112.17,108.03,109.03,9658933.0,1596069616.0,618198523.0,0.015624322350572812
2023-05-18,109.13,110.43,107.49,109.4,7920435.0,1294368190.0,618198523.0,0.01281212216678169
2023-05-19,110.87,112.25,107.4,109.17,8903895.0,1460919328.0,618198523.0,0.014402970354557123
2023-05-22,110.73,111.73,106.06,108.53,7370558.0,1193599456.0,618198523.0,0.011922639291067993
2023-05-23,107.61,108.05,105.4,105.73,5664845.0,903085749.0,618198523.0,0.009163472233012759
2023-05-24,105.2,108.86,103.07,105.78,8816083.0,1399927339.0,618198523.0,0.014260925369438323
2023-05-25,106.36,107.6,104.5,106.5,5939489.0,944533450.0,618198523.0,0.009607737286683876
2023-05-26,107.4,111.27,106.73,109.75,9648834.0,1581512165.0,618198523.0,0.015607986174370073
2023-05-29,110.29,116.3,109.07,114.6,13045127.0,2226213693.0,618198523.0,0.021101841099028313
2023-05-30,114.6,117.26,112.77,116.0,9681046.0,1670550303.0,618198523.0,0.015660092413388053
2023-05-31,115.4,116.54,113.84,115.63,8560057.0,1477058131.0,618198523.0,0.013846776854884203
2023-06-01,114.74,116.66,113.43,114.24,6708755.0,1156349822.0,618198523.0,0.01085210454312263
2023-06-02,114.42,117.14,114.07,114.68,5919681.0,1024297141.0,618198523.0,0.009575695799583785
2023-06-05,119.54,123.74,116.45,116.94,14155493.0,2545496656.0,618198523.0,0.022897972857175524
2023-06-06,113.61,113.81,109.27,109.6,11505149.0,1930135491.0,618198523.0,0.018610767531710846
2023-06-07,109.4,110.04,100.86,102.76,18646696.0,2921917579.0,618198523.0,0.030162957862647628
2023-06-08,101.95,103.06,98.89,101.47,10059052.0,1525057845.0,618198523.0,0.016271556184225953
2023-06-09,101.87,102.27,97.42,101.59,13770773.0,2061440154.0,618198523.0,0.022275648497464946
2023-06-12,100.07,105.02,99.59,101.23,9834784.0,1509083757.0,618198523.0,0.015908779516770215
2023-06-13,101.93,106.74,101.53,105.72,12703727.0,1983049694.0,618198523.0,0.020549591316315712
2023-06-14,105.75,112.07,105.74,109.97,10591431.0,1743267303.0,618198523.0,0.017132734236571447
2023-06-15,110.51,111.12,107.34,109.05,6979179.0,1138357175.0,618198523.0,0.011289543310668828
2023-06-16,108.84,114.06,108.51,113.33,9703334.0,1626615460.0,618198523.0,0.015696145556789044
2023-06-19,113.73,114.04,110.94,112.6,6940399.0,1165786633.0,618198523.0,0.011226812652866852
2023-06-20,112.07,114.6,110.49,110.6,6964459.0,1171272256.0,618198523.0,0.011265732189398971
2023-06-21,110.52,111.05,104.73,105.4,10397194.0,1667046851.0,618198523.0,0.01681853581523358
2023-06-26,105.28,108.89,103.44,106.46,7381183.0,1177045200.0,618198523.0,0.011939826326631323
2023-06-27,107.43,107.53,100.31,101.06,11097411.0,1706993606.0,618198523.0,0.017951209178155864
2023-06-28,101.57,107.6,101.57,103.73,9384229.0,1465403651.0,618198523.0,0.015179960240700867
2023-06-29,103.57,106.52,102.86,103.44,5103486.0,796085428.0,618198523.0,0.008255416035667235
2023-06-30,102.61,105.58,101.77,104.36,6194173.0,965246356.0,618198523.0,0.010019714977546137
2023-07-03,105.63,108.36,101.53,102.19,9175412.0,1430284361.0,618198523.0,0.014842177162561742
2023-07-04,102.45,104.7,101.29,102.95,4939068.0,761126374.0,618198523.0,0.00798945292853765
2023-07-05,102.73,103.3,99.79,100.71,6995535.0,1058272415.0,618198523.0,0.011316000831014602
2023-07-06,100.06,100.66,98.73,100.46,4623709.0,692308121.0,618198523.0,0.007479327154587848
2023-07-07,99.73,101.73,98.93,99.61,4433129.0,666363756.0,618198523.0,0.007171044308690463
2023-07-10,99.39,99.71,96.72,97.9,6047405.0,888197786.0,618198523.0,0.009782302569493521
2023-07-11,98.19,99.86,97.12,99.05,5550584.0,819877012.0,618198523.0,0.00897864325696553
2023-07-12,98.59,98.73,94.73,95.18,10951366.0,1581936189.0,618198523.0,0.01771496629732323
2023-07-13,96.06,97.39,95.39,96.42,5467199.0,790596183.0,618198523.0,0.008843759401864505
2023-07-14,96.46,97.68,95.87,96.32,4864873.0,703632895.0,618198523.0,0.007869434848196815
2023-07-17,97.63,97.73,92.33,93.26,10505691.0,1475463023.0,618198523.0,0.01699404092558791
2023-07-18,93.35,94.5,92.51,92.64,6020288.0,842898851.0,618198523.0,0.009738438019529205
2023-07-19,92.3,93.3,91.09,91.39,5584692.0,768658208.0,618198523.0,0.009033816471929681
2023-07-20,92.05,92.26,90.45,90.72,4993555.0,683478842.0,618198523.0,0.00807759128211311
2023-07-21,90.84,90.84,88.37,88.99,5929217.0,793802637.0,618198523.0,0.009591121265102084
2023-07-24,88.98,89.94,87.72,88.11,6024685.0,799623334.0,618198523.0,0.009745550621446566
2023-07-25,89.92,90.63,88.12,89.83,6504484.0,870481162.0,618198523.0,0.010521675089799593
2023-07-26,89.84,93.04,89.31,91.35,9470576.0,1302135970.0,618198523.0,0.015319635436916113
2023-07-27,91.44,92.52,90.25,90.9,6399180.0,878542970.0,618198523.0,0.010351334986932668
2023-07-28,90.46,94.21,90.45,92.45,8435065.0,1173582752.0,618198523.0,0.013644589377318845
2023-07-31,91.99,96.64,91.9,95.27,8714832.0,1236665679.0,618198523.0,0.014097141412937345
2023-08-01,95.78,96.39,93.26,94.34,5547333.0,783710880.0,618198523.0,0.008973384428483987
2023-08-02,94.36,97.39,93.92,95.72,7433936.0,1071359402.0,618198523.0,0.012025159756002846
2023-08-03,94.72,97.25,94.39,96.63,5592449.0,806760081.0,618198523.0,0.009046364221093424
2023-08-04,97.06,98.06,94.02,94.92,7146555.0,1020918434.0,618198523.0,0.011560291288499244
2023-08-07,94.58,96.47,94.26,95.49,3876325.0,555591545.0,618198523.0,0.006270356294591147
2023-08-08,95.04,96.89,95.04,95.5,3156710.0,453894017.0,618198523.0,0.005106304661941096
2023-08-09,95.02,95.72,93.11,93.72,4195349.0,590435624.0,618198523.0,0.006786410584808208
2023-08-10,93.99,96.39,93.68,95.75,4960317.0,710980190.0,618198523.0,0.008023825382060966
2023-08-11,95.99,95.99,92.28,93.11,5636717.0,791979641.0,618198523.0,0.009117972286064488
2023-08-14,91.61,93.98,91.59,92.18,3395710.0,469847492.0,618198523.0,0.005492911861906859
2023-08-15,92.7,92.9,89.05,90.39,5520047.0,748438236.0,618198523.0,0.008929246503554004
2023-08-16,90.09,92.12,89.02,89.07,4723925.0,639393656.0,618198523.0,0.007641436891624537
2023-08-17,88.69,90.61,88.23,90.33,3994485.0,537461383.0,618198523.0,0.006461492306088864
2023-08-18,92.06,92.26,88.45,89.72,5000502.0,677756079.0,618198523.0,0.00808882877256567
2023-08-21,89.75,92.56,89.14,90.15,4437773.0,603338528.0,618198523.0,0.007178556458634567
2023-08-22,91.23,92.72,88.16,92.15,6065605.0,824699178.0,618198523.0,0.009811742950411416
2023-08-23,91.82,91.91,86.19,86.27,7539567.0,995041977.0,618198523.0,0.012196028815164283
2023-08-24,86.67,90.72,86.29,89.25,6372951.0,848458392.0,618198523.0,0.01030890686874061
2023-08-25,89.17,89.39,86.3,87.09,5336443.0,699027060.0,618198523.0,0.008632248058606249
2023-08-28,93.39,95.0,86.74,87.09,8785150.0,1192162161.0,618198523.0,0.01421088804510133
2023-08-29,88.72,93.01,87.09,92.59,8884146.0,1207971397.0,618198523.0,0.014371024306054513
2023-08-30,95.39,99.76,94.56,97.92,14346377.0,2105123146.0,618198523.0,0.02320674745449044
2023-08-31,97.46,101.93,97.2,101.62,13537826.0,2039913391.0,618198523.0,0.021898832650559405
2023-09-01,102.19,106.6,99.59,101.11,12789915.0,1961605642.0,618198523.0,0.020689009313598763
2023-09-04,101.96,102.05,97.5,99.71,13872457.0,2058508244.0,618198523.0,0.022440132876215234
2023-09-05,99.72,100.83,98.52,99.3,10346464.0,1549225103.0,618198523.0,0.016736474797433315
2023-09-06,99.74,105.98,98.89,105.72,15095230.0,2324076996.0,618198523.0,0.024418094573804085
2023-09-07,103.98,103.98,98.4,98.83,13213337.0,1996680692.0,618198523.0,0.02137393815805024
2023-09-08,98.08,102.43,98.08,100.73,8356417.0,1258204965.0,618198523.0,0.013517368109273209
2023-09-11,100.05,100.38,98.51,99.31,6622016.0,986455562.0,618198523.0,0.010711795246395307
2023-09-12,98.53,99.49,97.06,98.36,5116009.0,754569480.0,618198523.0,0.008275673282383433
2023-09-13,97.96,100.93,96.72,98.1,5591522.0,824638807.0,618198523.0,0.009044864702790627
2023-09-14,97.39,98.06,95.19,95.92,5570314.0,802448279.0,618198523.0,0.009010558571004544
2023-09-15,96.05,98.54,94.27,96.45,6275543.0,909750829.0,618198523.0,0.010151339361902682
2023-09-18,95.72,96.0,93.25,93.64,5685469.0,803606429.0,618198523.0,0.009196833684444116
2023-09-19,93.58,94.51,91.05,93.91,5277531.0,737025422.0,618198523.0,0.008536951810219708
2023-09-20,93.3,93.84,91.77,92.44,4015677.0,557471059.0,618198523.0,0.006495772556221394
2023-09-21,92.45,92.86,91.27,91.53,3230489.0,445271161.0,618198523.0,0.005225649819289523
2023-09-22,90.99,94.5,90.74,94.14,6322371.0,885282790.0,618198523.0,0.010227088491442417
2023-09-25,93.46,96.66,92.94,94.99,6153395.0,876267290.0,618198523.0,0.009953752348256581
2023-09-26,94.66,96.86,93.79,95.11,4157189.0,593590334.0,618198523.0,0.006724682841081456
2023-09-27,94.86,96.53,91.98,93.51,5644115.0,794687460.0,618198523.0,0.009129939315626608
2023-09-28,93.56,101.54,92.78,100.57,11590769.0,1699840108.0,618198523.0,0.018749266730292723
2023-10-09,99.06,102.28,98.42,102.06,7361701.0,1111897895.0,618198523.0,0.0119083121782224
2023-10-10,102.06,103.91,100.42,100.87,7189889.0,1097959930.0,618198523.0,0.011630388511944083
2023-10-11,100.87,102.06,99.73,101.6,5089546.0,770080029.0,618198523.0,0.008232866645008144
2023-10-12,102.77,109.13,102.77,108.15,12762145.0,2023757732.0,618198523.0,0.020644088468648767
2023-10-13,107.55,109.22,106.16,108.76,6543284.0,1057451017.0,618198523.0,0.010584438099668511
2023-10-16,109.64,109.79,102.62,105.98,9404508.0,1483488456.0,618198523.0,0.015212763618977459
2023-10-17,105.66,112.22,104.24,111.02,8272761.0,1353115716.0,618198523.0,0.013382045883665108
2023-10-18,110.89,115.06,108.82,108.82,8927890.0,1492776501.0,618198523.0,0.014441784746871678
2023-10-19,108.26,111.48,107.92,108.22,6963426.0,1141705824.0,618198523.0,0.011264061205141378
2023-10-20,107.05,110.09,105.99,106.55,7819447.0,1259027673.0,618198523.0,0.01264876363996101
2023-10-23,105.51,107.39,103.54,105.06,5541842.0,872426150.0,618198523.0,0.008964502168504857
2023-10-24,105.77,113.48,105.32,111.62,10048951.0,1659730264.0,618198523.0,0.016255216772816522
2023-10-25,112.89,113.42,109.63,111.02,6286184.0,1044858960.0,618198523.0,0.010168552279119567
2023-10-26,109.57,111.89,108.06,110.05,5698715.0,936432560.0,618198523.0,0.009218260458380293
2023-10-27,105.88,111.76,105.54,110.59,8780857.0,1433925766.0,618198523.0,0.014203943673932072
2023-10-30,109.48,116.01,107.74,113.35,10684644.0,1807311489.0,618198523.0,0.017283515897368134
2023-10-31,115.63,117.57,112.96,114.33,7147490.0,1229381985.0,618198523.0,0.011561803747628817
2023-11-01,114.1,115.03,111.89,112.36,4634386.0,786570276.0,618198523.0,0.00749659830552523
2023-11-02,112.89,113.23,110.69,111.01,3057951.0,512259776.0,618198523.0,0.0049465517729811856
2023-11-03,110.95,112.49,109.58,110.47,5801038.0,962151080.0,618198523.0,0.009383778485669401
2023-11-06,111.09,111.48,106.54,108.88,10436321.0,1692236857.0,618198523.0,0.01688182778139701
2023-11-07,108.22,110.37,107.58,110.35,7033233.0,1148729853.0,618198523.0,0.011376981241994976
2023-11-08,110.86,116.23,109.89,114.86,10951170.0,1859749161.0,618198523.0,0.017714649247067192
2023-11-09,114.23,114.87,110.29,112.35,6210791.0,1045505934.0,618198523.0,0.010046596309968861
2023-11-10,112.91,114.86,110.89,113.57,7105972.0,1208569305.0,618198523.0,0.01149464409186238
2023-11-13,114.03,115.77,113.23,114.71,5242698.0,897066948.0,618198523.0,0.008480605832828883
2023-11-14,114.1,116.89,112.77,115.91,5996140.0,1033650071.0,618198523.0,0.00969937613390254
2023-11-15,116.73,116.75,111.36,111.82,5774836.0,983648205.0,618198523.0,0.009341394042767714
2023-11-16,111.42,111.7,108.99,110.22,4931379.0,813150968.0,618198523.0,0.007977015176401514
2023-11-17,110.1,113.46,109.29,112.08,4689370.0,781943288.0,618198523.0,0.007585540607964215
2023-11-20,111.82,113.28,108.35,110.2,5351950.0,886831482.0,618198523.0,0.008657332233710303
2023-11-21,109.69,111.69,108.22,108.22,4568275.0,746696796.0,619279423.0,0.007376758907747529
2023-11-22,108.0,108.67,106.11,106.67,3899291.0,624905328.0,619279423.0,0.006296496953040211
2023-11-23,106.16,109.12,106.16,108.58,3626557.0,586176679.0,619279423.0,0.005856091556266678
2023-11-24,107.82,109.89,107.02,107.4,3170001.0,514505951.0,619279423.0,0.005118854078250231
2023-11-27,106.85,111.66,106.28,111.18,5904279.0,974780846.0,619279423.0,0.009534111389326753
2023-11-28,111.12,112.47,109.79,111.09,4004886.0,665636722.0,619279423.0,0.006467009642592307
2023-11-29,110.9,114.03,110.83,111.49,4424942.0,747005130.0,619279423.0,0.007145307652180783
2023-11-30,111.49,113.49,110.56,113.49,4565953.0,768521286.0,619279423.0,0.007373009388687536
2023-12-01,112.9,114.01,111.87,112.91,3550760.0,599814393.0,619279423.0,0.0057336960798712025
2023-12-04,112.24,113.56,109.19,109.89,4279910.0,709320077.0,619279423.0,0.006911112885467212
2023-12-05,109.23,109.55,107.86,109.08,3668532.0,597319818.0,619279423.0,0.005923871944958843
2023-12-06,108.64,109.57,107.4,107.74,4377991.0,709357437.0,619279423.0,0.0070694921184229305
2023-12-07,108.0,108.42,102.08,102.9,9354082.0,1458987946.0,619279423.0,0.015104784129086104
2023-12-08,102.93,104.23,101.54,104.23,10307687.0,1583830779.0,619279423.0,0.01664464636991499
2023-12-11,102.87,106.29,102.72,105.89,6737815.0,1058594892.0,619279423.0,0.01088008861550693
2023-12-12,105.48,106.34,104.41,105.89,3949468.0,623612687.0,619279423.0,0.006377521766939122
2023-12-13,105.64,108.4,105.14,105.44,3899959.0,621518382.0,619279423.0,0.00629757562605144
2023-12-14,105.79,106.48,102.28,104.6,4984933.0,773857896.0,619279423.0,0.008049569895042354
2023-12-15,103.81,104.45,102.13,102.54,4008367.0,617799401.0,619279423.0,0.006472630691622383
2023-12-18,102.58,102.84,100.59,101.14,3618405.0,548910168.0,619279423.0,0.005842927870057779
2023-12-19,101.34,103.57,101.1,102.41,3672743.0,562405033.0,619279423.0,0.005930671783357478
2023-12-20,102.74,103.51,101.28,102.34,3154600.0,484919510.0,619279423.0,0.005093984852133542
2023-12-21,102.0,104.6,101.35,103.55,3932171.0,607574451.0,619279423.0,0.006349590918024092
2023-12-22,103.54,103.75,100.97,101.58,3389229.0,517132029.0,619279423.0,0.005472859058648231
2023-12-25,101.54,102.47,98.68,100.53,3150668.0,475384269.0,619279423.0,0.00508763553734289
2023-12-26,100.85,101.07,98.71,99.99,3046304.0,454587836.0,619279423.0,0.004919110641917776
2023-12-27,99.59,106.73,99.38,105.25,6607235.0,1032164197.0,619279423.0,0.01066923064873092
2023-12-28,105.25,107.01,104.35,106.8,5285444.0,840191507.0,619279423.0,0.008534829034679552
2023-12-29,107.05,107.07,102.07,102.61,9583600.0,1484351951.0,619279423.0,0.015475405195240922
2024-01-02,102.12,102.12,94.86,97.56,9838940.0,1445527529.0,619279423.0,0.015887723109443603
2024-01-03,97.15,99.59,96.68,97.15,4235711.0,620604784.0,619279423.0,0.006839741226150832
2024-01-04,97.19,98.73,95.06,96.79,4862084.0,702920268.0,619279423.0,0.007851195792113377
2024-01-05,96.19,97.78,95.66,96.33,4830363.0,699000166.0,619279423.0,0.007799973357099579
2024-01-08,95.28,96.31,91.58,92.0,7255346.0,1006435298.0,619279423.0,0.011715787301397223
2024-01-09,91.98,93.5,90.18,91.09,5005903.0,685405023.0,619279423.0,0.008083431830739191
2024-01-10,90.8,92.85,88.85,91.48,5032309.0,687286736.0,619279423.0,0.008126071710281903
2024-01-11,90.85,92.51,90.59,91.85,4526994.0,621279513.0,619279423.0,0.007310099176345473
2024-01-12,92.18,92.65,89.91,89.95,4460638.0,608607252.0,619279423.0,0.007202948837523381
2024-01-15,91.26,94.36,89.95,91.71,8204067.0,1129278397.0,619279423.0,0.01324776295691646
2024-01-16,91.71,94.16,91.32,93.67,6860592.0,956240515.0,619279423.0,0.011078346454279008
2024-01-17,93.21,93.85,91.08,91.32,4852579.0,670450128.0,619279423.0,0.00783584730862275
2024-01-18,90.6,93.25,88.58,93.06,8021160.0,1087587823.0,619279423.0,0.01295240839933414
2024-01-19,93.06,95.66,93.06,94.54,7767287.0,1099930369.0,619279423.0,0.012542459367328276
2024-01-22,94.32,95.34,92.39,93.42,6824776.0,959781653.0,619279423.0,0.011020511495341579
2024-01-23,92.71,93.25,90.25,91.59,5668162.0,779455768.0,619279423.0,0.009152834390236151
2024-01-24,92.18,92.44,84.38,88.18,11373411.0,1480973175.0,619279423.0,0.018365556124734988
2024-01-25,88.1,90.71,86.17,90.15,6569892.0,872722876.0,619279423.0,0.010608929920799258
2024-01-26,89.13,89.51,84.5,84.5,9692847.0,1250228287.0,619279423.0,0.01565181506119573
2024-01-29,84.5,85.83,80.83,81.3,8959178.0,1108950183.0,619279423.0,0.014467101064974348
2024-01-30,80.49,81.06,76.55,76.63,8480272.0,996992133.0,619279423.0,0.0136937732549205
2024-01-31,76.18,77.86,75.56,76.19,7683004.0,880683755.0,619279423.0,0.012406360868218287
2024-02-01,76.15,80.49,74.7,78.03,10092277.0,1180616864.0,619279423.0,0.01629680661939255
2024-02-02,78.16,78.82,72.91,75.02,11037737.0,1247509954.0,619279423.0,0.017823516477472236
2024-02-05,75.22,75.82,70.09,74.48,11316186.0,1242635069.0,619279423.0,0.01827315034169963
2024-02-06,74.31,78.52,72.8,78.02,11529200.0,1321592307.0,619279423.0,0.018617121079445263
2024-02-07,78.26,82.33,76.84,79.81,12267936.0,1471434574.0,619279423.0,0.01981001716570841
2024-02-08,82.77,84.25,80.26,82.01,10412568.0,1285014361.0,619279423.0,0.01681400610657784
2024-02-19,83.65,84.39,82.32,83.88,8596380.0,1075198357.0,619279423.0,0.01388126212615981
2024-02-20,83.8,84.03,81.68,82.7,5368578.0,662752146.0,619279423.0,0.008669072151619028
2024-02-21,81.83,85.01,81.17,83.37,6542231.0,815207306.0,619279423.0,0.010564263492410597
2024-02-22,83.35,84.73,82.91,84.03,5546775.0,695634228.0,619279423.0,0.008956821095604205
2024-02-23,84.71,87.37,83.7,87.23,7896786.0,1010690246.0,619279423.0,0.012751571756970843
2024-02-26,88.18,89.51,86.34,86.97,7075952.0,928984178.0,619279423.0,0.011426105465803601
2024-02-27,86.31,92.85,85.5,92.49,9750738.0,1305303320.0,619279423.0,0.0157452962876824
2024-02-28,92.05,94.36,89.12,89.12,8720130.0,1201004000.0,619279423.0,0.014081091145829982
2024-02-29,91.52,98.73,91.18,98.06,14109201.0,2024722788.0,619279423.0,0.02278325498310639
2024-03-01,98.72,98.86,96.78,98.26,8858611.0,1298087853.0,619279423.0,0.0143047074890457
2024-03-04,98.26,100.53,96.94,99.53,8026207.0,1188613848.0,619279423.0,0.01296055819377677
2024-03-05,98.86,100.45,97.71,99.91,7750433.0,1151045716.0,619279423.0,0.012515243865934167
2024-03-06,99.89,99.89,96.39,97.61,6157017.0,900467044.0,619279423.0,0.0099422276460815
2024-03-07,98.84,100.42,96.75,97.45,5648475.0,831208479.0,619279423.0,0.009121044217224056
2024-03-08,97.66,99.8,97.3,99.45,5367666.0,792516972.0,619279423.0,0.008667599472298306
2024-03-11,98.19,100.2,97.73,100.11,5362203.0,794014928.0,619279423.0,0.008658777929393595
2024-03-12,100.11,104.84,99.63,104.2,10966063.0,1692648466.0,619279423.0,0.017707778738839188
2024-03-13,104.2,105.46,102.39,102.87,5309619.0,821978201.0,619279423.0,0.008573866340138351
2024-03-14,102.07,103.18,100.17,101.2,5045045.0,766385288.0,619279423.0,0.008146637547813373
2024-03-15,101.2,101.4,98.94,100.59,3927756.0,588769288.0,619279423.0,0.006342461664514243
2024-03-18,101.45,103.67,100.4,103.6,6620272.0,1015273608.0,619279423.0,0.010690282535029426
2024-03-19,102.88,103.89,101.45,102.59,5575355.0,855927733.0,619279423.0,0.009002971506773283
2024-03-20,102.22,103.65,101.74,103.13,4262429.0,656654850.0,619279423.0,0.006882884917040107
2024-03-21,103.55,108.02,103.41,104.14,6542489.0,1033875430.0,619279423.0,0.010564680105639487
2024-03-22,104.21,108.0,103.54,106.09,7913166.0,1259518234.0,619279423.0,0.012778021852665368
2024-03-25,105.54,108.93,103.74,104.69,6445815.0,1026653938.0,619279423.0,0.01040857286808317
2024-03-26,105.42,106.65,101.91,102.06,5484997.0,850051017.0,619279423.0,0.008857063219424942
2024-03-27,102.45,103.07,100.59,100.73,4711338.0,716915516.0,619279423.0,0.007607774172725903
2024-03-28,101.36,101.47,98.53,99.71,5367256.0,804357035.0,619279423.0,0.008666937412515965
2024-03-29,99.53,101.2,97.33,99.73,4330772.0,644054378.0,619279423.0,0.00699324382363662
2024-04-01,100.87,102.74,100.07,101.37,4717646.0,715875404.0,619279423.0,0.0076179602046942225
2024-04-02,101.38,102.04,99.24,99.9,3792529.0,571569714.0,619279423.0,0.006124099815278377
2024-04-03,100.2,101.53,98.13,100.26,4396991.0,658926356.0,619279423.0,0.007100172937604614
2024-04-08,100.6,102.73,99.54,99.67,4078447.0,618021383.0,619279423.0,0.006585794471004085
2024-04-09,99.13,99.93,97.4,98.48,3747935.0,551314629.0,619279423.0,0.00605209031787901
2024-04-10,98.34,98.48,95.3,95.52,5243721.0,753217660.0,620073253.0,0.00845661536702342
2024-04-11,94.86,97.01,93.11,93.59,5239344.0,742175154.0,620073253.0,0.008449556523606414
2024-04-12,93.92,94.18,92.52,92.63,3871898.0,539851197.0,620073253.0,0.006244259014990927
2024-04-15,93.81,99.47,93.57,97.86,8075511.0,1173632750.0,620073253.0,0.01302347901788952
2024-04-16,96.73,98.62,95.89,95.92,4200338.0,609344551.0,620073253.0,0.006773938368859139
2024-04-17,96.63,96.96,93.64,94.75,6908497.0,981624003.0,620073253.0,0.011141420737914009
2024-04-18,94.32,94.64,91.96,92.1,6851046.0,956665878.0,620073253.0,0.011048768781516852
2024-04-19,91.2,91.48,88.9,89.41,5869433.0,789938564.0,620073253.0,0.009465709045831074
2024-04-22,88.86,91.29,87.62,89.84,4269669.0,575064905.0,620073253.0,0.006885749351939875
2024-04-23,90.37,90.51,88.98,89.71,3313518.0,444705494.0,620073253.0,0.0053437525066090865
2024-04-24,90.17,91.18,89.69,90.53,4330111.0,586914739.0,620073253.0,0.006983224931974287
2024-04-25,90.51,91.44,89.77,90.7,4305118.0,583954641.0,620073253.0,0.006942918403868003
2024-04-26,89.19,91.46,87.25,90.21,11140582.0,1494799071.0,620073253.0,0.017966557896345835
2024-04-29,90.19,97.87,89.98,97.31,12442025.0,1775921202.0,620073253.0,0.02006541152969228
2024-04-30,97.26,97.88,94.62,94.64,6224674.0,892179083.0,620073253.0,0.010038610712337886
2024-05-06,95.59,97.53,94.26,95.66,6504079.0,934296085.0,620073253.0,0.010489210699755823
2024-05-07,95.52,95.99,93.4,93.8,4518050.0,639100998.0,620073253.0,0.007286316541055513
2024-05-08,93.46,94.19,90.86,91.32,4405078.0,605495988.0,620073253.0,0.007104125163740936
2024-05-09,91.32,92.97,91.04,92.27,4608573.0,635794535.0,620073253.0,0.0074323041313314
2024-05-10,92.56,92.83,86.91,88.87,7895858.0,1054015574.0,620073253.0,0.012733750346106285
2024-05-13,87.85,90.44,87.33,87.5,4307734.0,569735311.0,620073253.0,0.00694713726024883
2024-05-14,88.07,88.62,86.53,87.68,4442476.0,581623019.0,620073253.0,0.007164437392689796
2024-05-15,87.29,88.44,86.69,86.73,2873035.0,376034493.0,620073253.0,0.004633379985509551
2024-05-16,87.51,87.57,85.84,86.26,4088128.0,530110698.0,620073253.0,0.00659297587860962
2024-05-17,86.38,87.48,85.62,87.31,2875295.0,372922803.0,620073253.0,0.004637024716174945
2024-05-20,87.51,90.0,86.99,87.78,6065339.0,803216002.0,620073253.0,0.009781649136864157
2024-05-21,87.91,90.1,87.51,89.26,4910199.0,655103780.0,620073253.0,0.00791874020729612
2024-05-22,89.21,89.85,88.04,89.28,3623686.0,482243637.0,620073253.0,0.005843964374318852
2024-05-23,89.43,90.58,88.76,89.27,4257017.0,571561471.0,620073253.0,0.006865345311064401
2024-05-24,89.33,89.53,86.84,87.11,3491446.0,461172979.0,620073253.0,0.005630699249012761
2024-05-27,84.17,86.83,81.64,86.45,11715107.0,1476470603.0,620073253.0,0.018893101651007674
2024-05-28,86.45,91.1,86.17,87.11,8927921.0,1183568221.0,620073253.0,0.014398171436689916
2024-05-29,86.48,87.52,85.57,86.51,4312014.0,558786401.0,620073253.0,0.006954039670535507
2024-05-30,86.57,88.7,85.57,88.07,5200707.0,682749317.0,620073253.0,0.008387246143642323
2024-05-31,88.12,88.54,85.86,86.87,5152750.0,670209225.0,620073253.0,0.008309905281465189
2024-06-03,88.6,92.39,88.41,91.93,10473492.0,1421679751.0,620073253.0,0.016890733392107785
2024-06-04,91.39,93.82,91.31,93.65,6025826.0,835217914.0,620073253.0,0.009717926020589055
2024-06-05,93.73,95.77,93.18,94.27,5930237.0,839235569.0,620073253.0,0.009563768427857023
2024-06-06,94.99,96.28,93.47,93.79,6691505.0,949991361.0,620073253.0,0.010791474987230258
2024-06-07,94.39,96.55,93.48,95.24,6224350.0,886642619.0,620073253.0,0.010038088193428333
2024-06-11,95.42,99.21,95.42,99.06,9625879.0,1406724156.0,620073253.0,0.015523777156051593
2024-06-12,99.47,99.93,96.6,97.17,9071994.0,1324487952.0,620073253.0,0.014630519791183447
2024-06-13,97.76,98.52,96.26,97.01,7896238.0,1147218682.0,620073253.0,0.01273436317692613
2024-06-14,96.41,96.75,92.78,94.11,13870915.0,1956192727.0,620073253.0,0.022369800556451352
2024-06-17,93.84,95.94,92.13,95.27,8374433.0,1184534805.0,620073253.0,0.013505554318757239
2024-06-18,95.07,97.62,95.07,95.72,6727954.0,966679153.0,620073253.0,0.01085025675184219
2024-06-19,97.07,98.79,95.67,97.42,8169057.0,1187305591.0,620073253.0,0.013174341838608543
2024-06-20,97.43,102.02,96.41,99.14,8946660.0,1331311316.0,620073253.0,0.014428392059671698
2024-06-21,97.76,101.18,97.69,100.76,6721063.0,1000746344.0,620073253.0,0.010839143548738104
2024-06-24,100.62,102.16,98.67,98.76,7429031.0,1114811273.0,620073253.0,0.011980892522064647
2024-06-25,98.43,98.76,93.87,94.6,9297890.0,1325875083.0,621305500.0,0.014965085614081962
2024-06-26,95.09,96.59,93.26,96.14,4749680.0,673189534.0,621305500.0,0.007644677215958976
2024-06-27,95.41,96.61,94.56,94.69,4413324.0,628811373.0,621305500.0,0.007103307471123304
2024-06-28,94.27,95.74,93.34,94.58,5643835.0,796212301.0,621305500.0,0.009083832349786056
2024-07-01,94.47,95.53,91.39,95.25,5266513.0,737032865.0,621305500.0,0.008476527247867596
2024-07-02,94.79,95.21,92.31,92.6,4130481.0,575935999.0,621305500.0,0.006648067657537234
2024-07-03,92.6,96.74,91.85,96.12,6038168.0,855954327.0,621305500.0,0.009718516897082032
2024-07-04,95.74,96.4,94.07,94.13,3400772.0,482907966.0,621305500.0,0.0054735906892824865
2024-07-05,93.75,94.07,90.39,92.73,5304553.0,729869569.0,621305500.0,0.008537753166517921
2024-07-08,92.8,93.65,91.8,92.43,3951487.0,547206886.0,621305500.0,0.0063599742799637215
2024-07-09,92.39,95.29,91.95,95.01,5687718.0,797560360.0,621305500.0,0.009154462659673865
2024-07-10,94.47,96.75,94.28,95.09,3955972.0,563480726.0,621305500.0,0.006367192950971785
2024-07-11,96.87,96.87,90.39,93.51,8498416.0,1184227049.0,621305500.0,0.013678320890447614
2024-07-12,92.39,95.37,91.37,94.42,5151055.0,717755218.0,621305500.0,0.0082906959619704
2024-07-15,94.62,96.28,94.47,96.04,4944050.0,704511897.0,621305500.0,0.007957518483258236
2024-07-16,95.47,99.18,94.44,98.62,7459500.0,1080805089.0,621305500.0,0.012006170877289836
2024-07-17,98.15,102.14,97.9,100.37,9394257.0,1408088103.0,621305500.0,0.015120189665148626
2024-07-18,99.24,104.03,98.99,102.44,9457604.0,1433497080.0,621305500.0,0.015222147558648685
2024-07-19,102.32,103.41,100.78,103.01,8263939.0,1265439981.0,621305500.0,0.013300926838729096
2024-07-22,102.81,103.62,101.3,102.23,6081211.0,928591435.0,621305500.0,0.009787795215075354
2024-07-23,102.1,102.42,98.89,99.04,5748010.0,861112716.0,621305500.0,0.009251503487414806
2024-07-24,98.8,99.73,97.2,97.55,4332144.0,635137577.0,621305500.0,0.0069726471116061265
2024-07-25,96.71,98.04,95.51,95.67,4059277.0,583644025.0,621305500.0,0.006533463811281246
2024-07-26,95.54,98.63,94.67,98.27,4342311.0,629443491.0,621305500.0,0.006989011042071895
2024-07-29,98.35,100.29,96.64,96.64,4094093.0,602188788.0,621305500.0,0.006589500656279399
2024-07-30,96.73,99.0,95.74,98.79,3979536.0,580638200.0,621305500.0,0.006405119542640456
2024-07-31,98.27,105.45,98.27,105.25,8299718.0,1277664957.0,621305500.0,0.013358513645863428
2024-08-01,106.09,107.59,104.24,106.08,6837588.0,1082616798.0,621305500.0,0.011005194706951733
2024-08-02,104.85,108.76,104.66,106.19,7253556.0,1160297799.0,621305500.0,0.011674701093101541
2024-08-05,105.54,108.12,102.12,102.7,8256873.0,1286497424.0,621305500.0,0.013289554011673806
2024-08-06,104.14,104.43,101.54,103.19,4996747.0,767890098.0,621305500.0,0.008042335050953194
2024-08-07,102.77,105.32,101.59,102.14,4552976.0,702198684.0,621305500.0,0.007328079342610036
2024-08-08,101.43,105.45,100.09,103.88,6074782.0,935590878.0,621305500.0,0.00977744764854005
2024-08-09,105.32,106.12,102.56,102.62,4979285.0,775856507.0,621305500.0,0.008014229714689472
2024-08-12,102.04,103.44,100.6,102.17,3734659.0,567049985.0,621305500.0,0.006010986543656865
2024-08-13,102.19,104.03,101.85,104.02,3250412.0,500880717.0,621305500.0,0.005231584140169369
2024-08-14,103.87,103.98,98.55,98.9,6857445.0,1026637170.0,621305500.0,0.011037154829628902
2024-08-15,98.32,100.08,97.88,99.36,4802826.0,710090748.0,621305500.0,0.007730216455511822
2024-08-16,99.16,100.28,97.62,98.37,5245160.0,771862871.0,621305500.0,0.008442159292006911
2024-08-19,98.05,99.06,97.15,97.72,3534834.0,517463429.0,621305500.0,0.0056893653766142424
2024-08-20,97.46,98.49,95.98,96.63,3243446.0,470685036.0,621305500.0,0.005220372264530091
2024-08-21,96.59,97.17,94.95,95.15,3159253.0,452104273.0,621305500.0,0.005084862438848522
2024-08-22,95.15,95.33,92.2,92.93,5868753.0,816788548.0,621305500.0,0.009445841055648148
2024-08-23,91.06,91.06,83.04,87.71,17691935.0,2283227306.0,621305500.0,0.028475419902125446
2024-08-26,86.9,89.64,86.48,87.35,5874595.0,772054129.0,621305500.0,0.00945524383737147
2024-08-27,87.04,88.04,86.36,87.04,4084548.0,532720368.0,621305500.0,0.0065741378436212135
2024-08-28,87.17,88.0,85.97,86.55,3918606.0,508522370.0,621305500.0,0.006307051844865368
2024-08-29,85.7,89.56,85.57,88.58,4498497.0,591765255.0,621305500.0,0.007240394620681774
2024-08-30,88.78,91.27,88.38,90.42,5877826.0,793548366.0,621305500.0,0.009460444177622764
2024-09-02,90.25,90.55,85.57,85.58,5497304.0,715746650.0,621305500.0,0.008847988630391972
2024-09-03,85.77,87.05,85.71,86.24,2908737.0,375532130.0,621305500.0,0.004681653389516108
2024-09-04,85.69,87.11,85.02,85.13,3301271.0,423467237.0,621305500.0,0.005313442420838058
2024-09-05,84.95,86.4,84.76,86.09,3089901.0,395361742.0,621305500.0,0.004973239412817044
2024-09-06,86.26,86.9,85.16,85.3,2037672.0,261603258.0,621305500.0,0.003279661937645812
2024-09-09,85.63,86.84,84.87,85.33,2723622.0,348305899.0,621305500.0,0.004383708175768604
2024-09-10,85.7,87.38,85.11,86.88,3303637.0,426021816.0,621305500.0,0.005317250531340862
2024-09-11,86.38,87.87,86.09,87.47,3399234.0,442107176.0,621305500.0,0.005471115256504248
2024-09-12,87.47,88.24,86.5,87.05,2490494.0,324907122.0,621305500.0,0.004008485358652064
2024-09-13,86.9,87.27,82.88,84.01,5505671.0,695114170.0,621305500.0,0.008861455435369557
2024-09-18,84.1,84.35,81.92,83.07,3413331.0,422821043.0,621305500.0,0.005493804577619223
2024-09-19,83.24,84.9,81.82,83.32,4346392.0,542128438.0,621305500.0,0.006995579469359276
2024-09-20,83.36,83.6,79.57,80.68,6818217.0,820716717.0,621305500.0,0.010974016808156375
2024-09-23,81.01,81.13,78.07,78.54,6306444.0,743785727.0,621305500.0,0.010150310917897878
2024-09-24,79.61,81.53,77.33,81.15,8313623.0,990495265.0,621305500.0,0.013380893940259663
2024-09-25,82.36,84.69,80.84,80.99,8744468.0,1083082598.0,621305500.0,0.014074345068569328
2024-09-26,80.93,85.36,79.75,85.32,8313937.0,1024082188.0,621305500.0,0.013381399327705936
2024-09-27,87.04,92.93,87.04,91.66,7508275.0,1005921923.0,621305500.0,0.012084674930448869
2024-09-30,97.08,109.94,96.74,109.8,19668775.0,3043662177.0,621305500.0,0.031657171874383855
2024-10-08,131.76,131.76,124.6,131.76,24740187.0,4831521572.0,621305500.0,0.039819681300101155
2024-10-09,128.55,145.29,124.2,132.57,42813703.0,8606026958.0,621305500.0,0.06890926122495294
2024-10-10,135.24,135.24,120.17,120.63,25719383.0,4791056628.0,621305500.0,0.04139571112761757
2024-10-11,116.5,121.3,111.15,112.85,15090957.0,2587476344.0,621305500.0,0.02428910898100854
2024-10-14,112.55,117.3,108.8,115.99,15836608.0,2680592523.0,621305500.0,0.02548924482400365
2024-10-15,116.0,119.16,113.22,113.22,12961880.0,2247021287.0,621305500.0,0.020862329401558494
2024-10-16,106.45,112.33,106.37,109.44,11122121.0,1821868524.0,621305500.0,0.017901211239881185
2024-10-17,111.07,112.37,108.84,109.47,10406240.0,1716211849.0,621305500.0,0.016748990633432347
2024-10-18,109.47,130.56,107.81,124.3,24175417.0,4266829203.0,621305500.0,0.03891067598789967
2024-10-21,125.26,134.57,121.85,125.29,26099647.0,4980419279.0,621305500.0,0.042007751420195055
2024-10-22,123.86,126.55,120.65,122.41,15381241.0,2827686522.0,621305500.0,0.024756325189459936
2024-10-23,121.52,123.58,119.33,120.48,10138291.0,1833943454.0,621305500.0,0.016317722923746853
2024-10-24,119.78,122.52,119.43,120.51,7767715.0,1400261664.0,621305500.0,0.012502247284146045
2024-10-25,121.18,126.41,119.59,122.82,10981841.0,2012759051.0,621305500.0,0.017675428593501907
2024-10-28,122.52,122.74,120.26,121.1,7125944.0,1289193833.0,621305500.0,0.011469307772102451
2024-10-29,120.95,124.45,120.6,120.71,10715891.0,1953177730.0,622205039.0,0.01722244329172011
2024-10-30,122.46,123.34,118.97,121.28,10845951.0,1966240835.0,622205039.0,0.01743147406429153
2024-10-31,121.18,133.24,118.77,128.84,18754988.0,3525337986.0,622205039.0,0.03014277741971164
2024-11-01,128.84,131.69,126.21,126.28,13697806.0,2640405369.0,622205039.0,0.02201493903362618
2024-11-04,125.87,136.52,124.53,133.78,13000181.0,2559183200.0,622205039.0,0.020893725034586228
2024-11-05,132.57,139.05,132.24,135.58,15164325.0,3073215394.0,622205039.0,0.02437190965918873
2024-11-06,135.24,141.14,132.64,134.78,15220712.0,3090356120.0,622205039.0,0.024462534126150015
2024-11-07,134.24,140.47,133.21,139.26,12665899.0,2584552014.0,622205039.0,0.02035647126927238
2024-11-08,142.73,153.49,139.92,145.39,19677740.0,4303690367.0,622205039.0,0.03162581266076825
2024-11-11,149.64,166.71,149.3,164.13,21678563.0,5172961127.0,622205039.0,0.03484150985797465
2024-11-12,162.69,172.06,160.02,164.9,18442342.0,4549845334.0,622205039.0,0.029640296757545224
2024-11-13,160.69,167.15,158.69,162.36,12335026.0,2993225496.0,622205039.0,0.01982469640526328
2024-11-14,160.69,164.03,155.97,157.34,12997697.0,3109500399.0,622205039.0,0.02088973278147945
2024-11-15,155.33,157.34,141.74,142.07,19987820.0,4413421914.0,622205039.0,0.03212416928047412
2024-11-18,143.28,147.03,139.09,141.32,14041233.0,2993020005.0,622205039.0,0.022566890526259462
2024-11-19,142.83,145.62,137.9,144.05,12571086.0,2668622814.0,622205039.0,0.02020408902538637
2024-11-20,143.28,144.88,140.69,142.62,9261121.0,1976142756.0,622363735.0,0.01488056015988785
2024-11-21,141.28,147.21,140.6,144.95,10430527.0,2258923279.0,622363735.0,0.016759535322217963
2024-11-22,145.96,149.52,140.14,140.24,10989403.0,2373871383.0,622363735.0,0.017657524662808316
2024-11-25,139.38,142.13,136.05,136.23,9723410.0,2012804320.0,622363735.0,0.015623355689257826
2024-11-26,137.51,139.26,136.57,137.41,6046276.0,1244023472.0,622363735.0,0.00971501978662044
2024-11-27,136.65,142.62,133.01,141.83,10730036.0,2234541828.0,622363735.0,0.01724077962222526
2024-11-28,142.62,144.3,140.84,141.12,9837626.0,2095371211.0,622363735.0,0.015806875379716655
2024-11-29,139.93,152.32,139.68,148.63,12670810.0,2778090758.0,622363735.0,0.020359171473897014
2024-12-02,148.34,149.97,144.95,147.3,11993450.0,2633135306.0,622363735.0,0.019270804716794755
2024-12-03,148.3,149.96,141.4,142.53,9405529.0,2032719506.0,622363735.0,0.015112591674384755
2024-12-04,144.82,147.2,142.16,143.08,8531236.0,1835944820.0,622363735.0,0.013707797418498363
2024-12-05,141.27,143.32,140.17,142.25,6587639.0,1392244947.0,622363735.0,0.010584869634153731
2024-12-06,142.26,146.63,140.95,144.68,7076307.0,1524190760.0,622363735.0,0.01137005034523742
2024-12-09,143.88,146.38,141.6,143.3,5294501.0,1138021749.0,622363735.0,0.008507084687381407
2024-12-10,152.65,153.76,144.41,145.3,9454838.0,2098833405.0,622363735.0,0.015191820262470788
2024-12-11,145.3,146.96,137.27,137.79,12028378.0,2524738162.0,622363735.0,0.019326926238721155
2024-12-12,136.58,138.59,134.85,137.85,9861484.0,2016386737.0,622363735.0,0.015845209875540067
2024-12-13,136.52,137.08,132.83,134.25,12605598.0,2528685557.0,622363735.0,0.020254390304409366
2024-12-16,133.5,134.08,127.38,128.55,11941322.0,2306256048.0,622363735.0,0.01918704662314555
2024-12-17,128.56,129.73,127.36,127.81,7280268.0,1397464547.0,622363735.0,0.011697770275769683
2024-12-18,128.55,135.24,128.55,130.09,14616278.0,2868944823.0,622363735.0,0.023485105538805215
2024-12-19,127.26,131.34,126.41,130.48,11788569.0,2268794754.0,622363735.0,0.018941606551030804
2024-12-20,130.07,135.57,129.75,131.8,15040517.0,2985551480.0,622363735.0,0.02416676318712561
2024-12-23,132.42,134.56,130.58,131.9,10774852.0,2128483642.0,622363735.0,0.01731278895933742
2024-12-24,131.86,134.16,129.41,133.82,9955038.0,1963825116.0,622363735.0,0.01599553033082816
2024-12-25,133.82,135.38,130.93,131.23,7984122.0,1584639799.0,622363735.0,0.012828706993989617
2024-12-26,130.56,133.24,129.64,131.17,7874981.0,1542567990.0,622363735.0,0.01265334169896644
2024-12-27,131.17,137.24,129.43,132.13,15559932.0,3111913220.0,622363735.0,0.025001347483718666
2024-12-30,132.16,134.7,131.35,132.57,8504294.0,1686865139.0,622363735.0,0.013664507621093957
2024-12-31,132.47,132.9,126.47,126.65,10027906.0,1928095870.0,622363735.0,0.016112612988287308
2025-01-02,126.41,126.45,119.61,121.12,11382890.0,2079401916.0,622363735.0,0.018289770691732224
2025-01-03,121.3,123.76,120.36,121.54,8911193.0,1624494889.0,622363735.0,0.014318303748851947
2025-01-06,121.18,123.08,119.71,121.66,5455117.0,990217030.0,622363735.0,0.008765158850394777
2025-01-07,121.72,124.2,121.33,123.41,7446137.0,1363771477.0,622363735.0,0.011964284840600489
2025-01-08,122.52,124.51,119.18,122.53,8529900.0,1558328772.0,622363735.0,0.013705650763857569
2025-01-09,123.66,124.4,121.85,121.86,6270341.0,1151693768.0,622363735.0,0.01007504237051987
2025-01-10,122.32,124.05,119.91,119.91,7588176.0,1381373327.0,622363735.0,0.012192509899375805
2025-01-13,117.04,121.28,116.84,119.82,6023500.0,1075818246.0,622363735.0,0.009678423823971685
2025-01-14,120.92,126.33,119.22,126.17,9635767.0,1787405699.0,622363735.0,0.015482532895333306
2025-01-15,127.03,129.81,124.65,124.79,8938698.0,1695953987.0,622363735.0,0.014362498161947049
2025-01-16,125.87,129.66,124.03,125.87,9172385.0,1733856437.0,622363735.0,0.014737981158236992
2025-01-17,125.28,129.89,125.11,126.27,7761678.0,1473007344.0,622363735.0,0.012471288996297318
2025-01-20,126.98,128.12,125.39,125.99,5454538.0,1031376237.0,622363735.0,0.008764228526265272
2025-01-21,126.74,127.21,124.3,125.11,7514052.0,1408245230.0,622363735.0,0.012073409129469923
2025-01-22,124.67,124.99,122.3,123.95,6393951.0,1180217143.0,622363735.0,0.010273656128116142
2025-01-23,125.54,127.89,124.24,124.41,7976160.0,1500565875.0,622363735.0,0.012815913832125839
2025-01-24,123.86,125.54,123.78,124.18,5665373.0,1054370493.0,622363735.0,0.009102993444822103
2025-01-27,124.53,125.39,120.52,120.57,5906760.0,1083170868.0,622363735.0,0.009490848627290277
2025-02-05,124.33,124.53,119.81,121.81,8699987.0,1578797006.0,622363735.0,0.013978942715870166
2025-02-06,120.62,130.76,120.59,128.93,14156553.0,2685873642.0,622363735.0,0.022746429786754847
2025-02-07,128.55,130.56,126.21,128.71,12859296.0,2469630355.0,622363735.0,0.02066202652376588
2025-02-10,128.72,129.21,126.31,127.99,9460572.0,1801675412.0,622363735.0,0.015201033524230008
2025-02-11,127.99,128.03,124.6,125.48,6984109.0,1311589078.0,622363735.0,0.011221908680138634
2025-02-12,127.87,132.18,126.99,131.85,14750830.0,2850632376.0,622363735.0,0.02370130065499398
2025-02-13,131.85,131.9,127.61,127.61,8794094.0,1698479539.0,622363735.0,0.014130151719074698
2025-02-14,126.54,128.15,124.87,127.56,7883799.0,1488966184.0,622363735.0,0.012667510262306655
2025-02-17,127.54,131.07,126.89,129.36,10212512.0,1965451642.0,622363735.0,0.016409233741744286
2025-02-18,129.55,133.24,128.88,128.88,15336590.0,2998641454.0,622363735.0,0.02464248659989805
2025-02-19,128.55,136.18,128.44,134.75,17845497.0,3548655325.0,622363735.0,0.028673741730790275
2025-02-20,134.57,138.52,134.11,137.32,13980039.0,2862007366.0,622363735.0,0.022462811076226993
2025-02-21,139.26,143.68,137.25,141.51,15858940.0,3348428145.0,622363735.0,0.02548178678823566
2025-02-24,140.6,146.86,140.47,146.02,13752398.0,2973842557.0,622363735.0,0.022097042656253098
2025-02-25,143.94,147.96,141.27,142.94,11460074.0,2465388518.0,622363735.0,0.018413788200560884
2025-02-26,143.86,144.48,139.8,143.84,10916827.0,2323378087.0,622363735.0,0.017540911184357487
2025-02-27,143.09,143.16,137.12,140.94,12057950.0,2524207897.0,622363735.0,0.019374441860755272
2025-02-28,142.07,143.2,134.91,136.76,11982642.0,2493661879.0,622363735.0,0.01925343866637731
2025-03-03,137.03,137.59,132.81,133.89,9614808.0,1929080710.0,622363735.0,0.015448856447267128
2025-03-04,132.57,135.83,131.36,134.51,8181896.0,1632257607.0,622363735.0,0.013146485792588798
2025-03-05,134.7,136.55,133.34,135.72,7194660.0,1455054421.0,622363735.0,0.011560217273906553
2025-03-06,139.26,145.88,138.7,144.54,14825663.0,3180867811.0,622363735.0,0.023821540630094715
2025-03-07,143.68,145.47,142.5,143.72,7588113.0,1629794358.0,622363735.0,0.012192408672397983
2025-03-10,142.13,143.61,137.13,137.92,10782447.0,2238925173.0,622363735.0,0.01732499243388595
2025-03-11,135.91,139.5,135.71,137.05,6403365.0,1311527844.0,622363735.0,0.010288782330802099
2025-03-12,139.25,139.43,134.44,134.48,7378579.0,1503000969.0,622363735.0,0.011855734171272045
2025-03-13,134.65,135.16,132.16,133.7,6405297.0,1277705984.0,622363735.0,0.010291886624788638
2025-03-14,133.9,137.16,132.9,136.79,7944463.0,1612060673.0,622363735.0,0.012764983808062017
2025-03-17,135.98,136.38,133.3,133.7,5627791.0,1131226481.0,622363735.0,0.009042607535607775
2025-03-18,135.04,136.94,134.23,136.58,5969511.0,1214981789.0,622363735.0,0.009591675517533167
2025-03-19,135.81,136.42,132.82,132.97,4920785.0,986489230.0,622363735.0,0.007906606254941896
2025-03-20,132.97,134.61,129.55,129.69,6224486.0,1215854263.0,622363735.0,0.010001363591662357
2025-03-21,129.35,131.36,127.51,128.04,6243930.0,1203966432.0,622363735.0,0.010032605771928533
2025-03-24,127.28,130.44,126.14,127.95,6080609.0,1163936297.0,622363735.0,0.009770185275978524
2025-03-25,128.01,129.15,126.87,127.79,4202897.0,803712829.0,622363735.0,0.006753120022329064
2025-03-26,127.74,129.48,125.89,126.21,4043601.0,769058820.0,622363735.0,0.006497166805517677
2025-03-27,126.61,128.81,124.87,127.0,5508525.0,1044014104.0,622363735.0,0.008850973619148937
2025-03-28,127.22,127.65,123.29,123.4,8680495.0,1614806269.0,622363735.0,0.013947623410287555
2025-03-31,123.37,124.78,121.69,123.43,5913335.0,1089448028.0,622363735.0,0.009501413188864547
2025-04-01,123.81,125.86,123.13,124.84,5001678.0,931110429.0,622363735.0,0.00803658330124264
2025-04-02,124.53,125.57,123.21,123.59,3610308.0,669048566.0,622363735.0,0.005800961394384588
2025-04-03,122.83,126.95,122.83,124.93,5715451.0,1069035938.0,622363735.0,0.009183457644748533
2025-04-07,119.51,125.87,111.58,117.84,13913568.0,2486137901.0,622363735.0,0.022356006973960334
2025-04-08,117.84,119.45,115.56,117.93,11776738.0,2064270585.0,622363735.0,0.018922596767306822
2025-04-09,115.83,127.65,115.69,125.17,14785212.0,2731010098.0,622363735.0,0.023756544876445927
2025-04-10,128.47,128.48,124.97,126.45,7996792.0,1510598289.0,622363735.0,0.012849064863973799
2025-04-11,127.11,130.69,125.33,126.46,12055816.0,2296644789.0,622363735.0,0.019371012997728733
2025-04-14,127.88,128.39,125.07,127.1,7159273.0,1356504057.0,622363735.0,0.011503358241141733
2025-04-15,126.53,126.87,123.65,125.87,5788909.0,1078859713.0,622363735.0,0.009301488300888868
2025-04-16,127.7,129.08,125.64,129.03,8325024.0,1585813254.0,622363735.0,0.01337646063198075
2025-04-17,128.75,130.22,127.2,128.21,6079734.0,1167641241.0,622363735.0,0.009768779345730998
2025-04-18,127.22,128.11,126.04,127.21,3529686.0,670755815.0,622363735.0,0.005671419784766219
2025-04-21,126.21,127.87,126.2,126.89,3794443.0,720708331.0,622363735.0,0.006096825355674042
2025-04-22,127.21,129.79,125.64,127.58,5659498.0,1081257569.0,622363735.0,0.009093553627445853
2025-04-23,127.28,128.21,125.33,125.89,5326589.0,1003843583.0,622363735.0,0.008558642961418695
2025-04-24,125.89,127.07,124.73,125.44,3342220.0,628187906.0,622363735.0,0.00537020364787161
2025-04-25,123.86,125.84,121.2,125.51,7290367.0,1346197994.0,622363735.0,0.011713997120992276
2025-04-28,125.2,127.04,124.56,124.6,4723512.0,886102916.0,622363735.0,0.007589632451833011
2025-04-29,124.28,126.1,123.59,125.55,3785545.0,706023446.0,623118763.0,0.006075158099516255
2025-04-30,125.2,126.87,124.86,126.04,4512193.0,849162464.0,623118763.0,0.007241304977362718
2025-05-06,125.99,127.1,124.28,126.46,6668484.0,1255547360.0,623118763.0,0.01070178655493319
2025-05-07,129.22,129.22,125.72,126.76,6356593.0,1206177067.0,623118763.0,0.010201254363447888
2025-05-08,126.37,127.74,125.58,127.26,3848322.0,729491308.0,623118763.0,0.006175904544219285
2025-05-09,126.54,126.93,121.65,121.65,6663952.0,1226170832.0,623118763.0,0.010694513463077985
2025-05-12,122.51,123.36,121.43,122.79,4431972.0,810127391.0,623118763.0,0.00711256386930528
2025-05-13,123.19,124.4,122.32,122.49,3622053.0,666032553.0,624996218.0,0.005795319868639589
2025-05-14,122.56,125.79,122.12,125.67,5962835.0,1106609317.0,624996218.0,0.00954059373204079
2025-05-15,124.94,125.79,122.11,122.33,3886398.0,715054888.0,624996218.0,0.0062182744280222186
2025-05-16,122.33,122.74,119.99,120.74,4344234.0,786630151.0,624996218.0,0.006950816460780568
2025-05-19,120.44,120.86,118.59,119.72,3894435.0,695548730.0,624996218.0,0.006231133705836281
2025-05-20,119.73,120.63,118.96,119.31,3457650.0,618226991.0,624996218.0,0.0055322734768932635
2025-05-21,119.13,119.81,118.03,118.14,3807895.0,673905120.0,624996218.0,0.006092668867957854
2025-05-22,117.84,118.62,116.74,117.57,3542437.0,622060310.0,624996218.0,0.005667933497799182
2025-05-23,117.33,118.1,116.54,116.85,4397894.0,769831619.0,624996218.0,0.007036672980315539
2025-05-26,117.84,118.94,116.32,116.83,4561166.0,800390018.0,624996218.0,0.007297909761111546
2025-05-27,116.83,117.3,115.69,115.91,4011600.0,696416049.0,624996218.0,0.006418598840225302
2025-05-28,116.42,117.07,114.26,114.44,4559656.0,784357421.0,624996218.0,0.007295493746491759
2025-05-29,114.82,118.63,114.53,118.31,5355550.0,935677962.0,624996218.0,0.008568931852320424
2025-05-30,118.15,118.51,117.17,117.17,4157999.0,731944799.0,624996218.0,0.006652838657657285
2025-06-03,117.09,121.01,116.91,119.78,5068052.0,904071425.0,624996218.0,0.008108932268770944
2025-06-04,119.71,120.71,119.1,120.13,3434306.0,616323617.0,624996218.0,0.005494922850877155
2025-06-05,120.65,121.32,119.75,120.51,4314765.0,776688312.0,624996218.0,0.006903665775462341
2025-06-06,120.51,120.97,119.96,120.52,2622355.0,471517134.0,624996218.0,0.004195793389584959
2025-06-09,120.51,120.85,118.71,119.71,3674052.0,657657867.0,624996218.0,0.0058785187720927935
2025-06-10,119.71,120.04,114.15,114.69,6771501.0,1176916298.0,624996218.0,0.010834467161527687
2025-06-11,114.86,116.83,113.69,113.74,6475921.0,1112780425.0,624996218.0,0.010361536299728457
2025-06-12,113.54,113.54,111.0,111.13,8315132.0,1388078812.0,624996218.0,0.013304291706929977
2025-06-13,110.48,115.34,110.39,115.02,9060820.0,1537992945.0,624996218.0,0.014497399726665226
2025-06-16,113.95,116.47,113.88,115.94,3802061.0,656226526.0,624996218.0,0.006083334411473191
2025-06-17,115.75,116.62,114.02,114.47,4242684.0,729549615.0,624996218.0,0.006788335477575642
2025-06-18,114.61,116.5,114.21,115.06,4634148.0,798268922.0,624996218.0,0.007414681667721708
2025-06-19,114.86,117.99,114.5,115.77,5264470.0,915359145.0,624996218.0,0.008423202970485814
2025-06-20,115.73,117.37,114.62,114.9,3784220.0,654213442.0,624996218.0,0.0060547886387370105
2025-06-23,114.22,121.24,114.22,119.6,10101681.0,1802327458.0,624996218.0,0.01616278740425914
2025-06-24,119.51,120.29,118.85,119.95,5187513.0,926890243.0,626145307.0,0.008284838905612048
2025-06-25,120.49,121.57,118.96,121.06,6090393.0,1095858493.0,626145307.0,0.009726804516319723
2025-06-26,121.26,121.85,119.76,119.83,5193269.0,935533462.0,626145307.0,0.008294031659970582
2025-06-27,121.04,121.51,119.3,120.37,4751068.0,856694173.0,626145307.0,0.007587804215547686
2025-06-30,120.9,123.86,120.88,122.05,5289495.0,965690938.0,626145307.0,0.008447711642754515
2025-07-01,121.85,123.45,121.4,122.38,4081881.0,748006363.0,626145307.0,0.0065190634735524736
2025-07-02,122.05,122.25,119.44,119.7,4251361.0,764358917.0,626145307.0,0.00678973546950181
2025-07-03,119.84,120.11,118.3,119.19,4055427.0,720388421.0,626145307.0,0.006476814494434916
2025-07-04,119.17,124.06,117.98,121.15,7910333.0,1432894568.0,626145307.0,0.012633382238222222
2025-07-07,120.85,123.16,120.74,120.88,4505668.0,819881561.0,626145307.0,0.007195882408809621
2025-07-08,122.12,124.0,121.77,123.53,5803988.0,1068249674.0,626145307.0,0.009269394715754053
2025-07-09,123.53,124.44,121.82,122.09,4006604.0,735316705.0,626145307.0,0.006398840580945215
2025-07-10,121.52,123.02,120.86,121.1,4140280.0,751416220.0,626145307.0,0.006612330961701195
2025-07-11,121.12,124.39,121.05,123.64,6268306.0,1152764566.0,626145307.0,0.010010944632058066
2025-07-14,123.8,123.8,119.95,120.04,6344313.0,1145780022.0,626145307.0,0.0101323333882306
2025-07-15,120.04,121.31,119.37,120.7,4376026.0,784931019.0,626145307.0,0.0069888346220568255
2025-07-16,120.7,122.05,119.22,119.57,4605819.0,826922685.0,626145307.0,0.0073558309045986345
2025-07-17,119.49,119.67,117.2,119.49,7025987.0,1241611954.0,626145307.0,0.011221016785485545
2025-07-18,121.38,123.72,121.38,122.22,7757458.0,1416631672.0,626145307.0,0.012389229645699476
2025-07-21,122.05,123.53,121.3,123.19,6954225.0,1271729705.0,626145307.0,0.01110640760579876
2025-07-22,123.13,127.08,122.26,125.74,8768212.0,1639104272.0,626145307.0,0.014003477949887438
2025-07-23,126.08,134.46,125.9,133.13,15942913.0,3132861384.0,626145307.0,0.025462001905573652
2025-07-24,132.96,134.06,131.46,133.47,9126972.0,1809026801.0,626145307.0,0.014576443994652506
2025-07-25,133.35,134.49,132.25,134.04,7731329.0,1537387660.0,626145307.0,0.012347499715429472
2025-07-28,134.24,135.11,132.52,134.16,7580692.0,1514572333.0,626145307.0,0.012106921373124658
2025-07-29,133.49,139.48,133.19,138.41,10931680.0,2236910529.0,626145307.0,0.01745869509487516
2025-07-30,137.5,139.13,135.72,136.67,7095741.0,1453956312.0,626145307.0,0.011332419041831132
2025-07-31,136.66,136.8,131.96,132.53,9608067.0,1921132088.0,626145307.0,0.01534478801100397
2025-08-01,132.45,133.0,128.81,129.1,6389452.0,1241974180.0,626145307.0,0.0102044236833991
2025-08-04,128.49,131.57,128.09,131.31,6377917.0,1234951038.0,626145307.0,0.010186001441994358
2025-08-05,131.13,131.62,130.21,130.9,3978472.0,776264744.0,626145307.0,0.006353911712700899
2025-08-06,131.34,132.03,129.89,131.48,4079671.0,797398973.0,626145307.0,0.006515533941389103
2025-08-07,130.96,134.43,130.96,131.6,7020104.0,1386854485.0,626145307.0,0.01121162120280812
2025-08-08,130.86,133.71,130.46,131.4,6514385.0,1284157335.0,626145307.0,0.010403950851619175
2025-08-11,130.78,131.64,129.56,129.7,5805407.0,1128675065.0,626145307.0,0.009271660962876146
2025-08-12,129.77,131.17,128.82,129.2,8554523.0,1656782931.0,626145307.0,0.013662200937010297
2025-08-13,129.93,131.28,128.1,129.09,8363346.0,1611793619.0,626145307.0,0.013356877239998222
2025-08-14,129.3,133.78,128.6,128.79,13342208.0,2607810683.0,626145307.0,0.021308485188406914
2025-08-15,128.21,131.17,125.54,130.23,10673494.0,2056041521.0,626145307.0,0.01704635310793761
2025-08-18,131.23,133.53,129.84,130.41,14037116.0,2756279356.0,626145307.0,0.022418304254734275
2025-08-19,130.4,131.62,128.49,128.5,10756088.0,2087225008.0,626145307.0,0.017178261786445045
2025-08-20,128.5,132.79,126.68,132.79,14564515.0,2824173353.0,626145307.0,0.02326059915673855
2025-08-21,132.92,137.16,131.91,135.74,17409851.0,3497063223.0,626145307.0,0.02780480953121637
2025-08-22,135.35,144.98,135.33,144.72,24155971.0,5088231358.0,626145307.0,0.03857885818187567
2025-08-25,147.54,151.39,139.49,141.5,26498230.0,5701723443.0,626145307.0,0.04231961767302681
2025-08-26,140.18,148.54,139.56,143.51,18179417.0,3900707467.0,626145307.0,0.029033862901730573
2025-08-27,140.83,146.54,138.82,138.83,21692920.0,4605588270.0,626145307.0,0.034645185003358975
2025-08-28,138.42,151.23,138.4,151.23,27869177.0,6022525267.0,626145307.0,0.044509120628129215
2025-08-29,147.54,148.03,142.32,143.63,23798466.0,5119695812.0,626145307.0,0.038007896464198845
2025-09-01,147.54,150.88,144.76,149.68,21924815.0,4830106771.0,626145307.0,0.03501553833413943
2025-09-02,148.29,150.42,141.03,142.51,17379123.0,3754130107.0,626145307.0,0.027755734660485126
2025-09-03,142.84,145.19,140.01,142.17,12463474.0,2653306066.0,626145307.0,0.01990508251146247
2025-09-04,141.57,141.69,128.68,131.04,19732838.0,3932331118.0,626145307.0,0.03151479022424423
2025-09-05,131.44,134.8,130.33,134.13,12619636.0,2494413258.0,626145307.0,0.020154484684175713
2025-09-08,132.8,142.7,132.78,142.64,18842252.0,3880518829.0,626145307.0,0.030092459033634503
2025-09-09,140.8,142.19,136.27,137.06,10722829.0,2224146277.0,626145307.0,0.017125144722996383
2025-09-10,137.54,140.84,136.44,137.88,9179927.0,1895313197.0,626145307.0,0.014661017015336345
2025-09-11,138.15,143.24,136.86,142.04,13631169.0,2867202512.0,626145307.0,0.02176997710852443
2025-09-12,144.05,146.86,141.84,141.84,14566826.0,3134336909.0,626145307.0,0.023264289993313005
2025-09-15,145.39,146.85,140.9,144.25,14176615.0,3053856426.0,626145307.0,0.022641094393765056
2025-09-16,144.24,144.85,141.64,143.51,11779139.0,2516907800.0,626145307.0,0.01881214930195109
2025-09-17,143.51,155.36,142.87,152.37,21923027.0,4900412559.0,626145307.0,0.03501268276694119
2025-09-18,152.63,182.38,151.74,169.79,38671786.0,9712339312.0,626145307.0,0.061761679865149896
2025-09-19,178.17,179.55,168.67,170.34,25433352.0,6557844819.0,626145307.0,0.040618929369377194
2025-09-22,170.34,174.81,166.67,172.08,22061325.0,5616214595.0,626145307.0,0.03523355482084608
2025-09-23,174.36,187.77,170.44,187.77,29174209.0,7652954561.0,626145307.0,0.046593352491580683
2025-09-24,182.5,210.54,181.27,194.82,37498043.0,10898360134.0,626145307.0,0.059887126168303294
2025-09-25,191.13,197.7,188.58,193.14,20175230.0,5802742696.0,626145307.0,0.03222132270968215
2025-09-26,191.13,204.88,191.05,194.48,22310521.0,6575277060.0,626145307.0,0.035631539118123584
2025-09-29,196.49,204.54,195.91,204.53,20460661.0,6089399830.0,626145307.0,0.03267717696077853
2025-09-30,202.53,208.28,197.55,200.51,19570071.0,5908843686.0,626145307.0,0.0312548393818753
2025-10-09,203.87,229.69,203.02,214.0,27815462.0,8906414907.0,626145307.0,0.044423333831678784
2025-10-10,211.0,213.85,196.28,196.49,23934346.0,7283473702.0,626145307.0,0.03822490679467793
2025-10-13,188.63,202.92,188.63,197.9,21516151.0,6361696709.0,626145307.0,0.03436287193956402
2025-10-14,199.17,201.19,181.69,183.42,26516657.0,7522841900.0,626145307.0,0.042349046944146464
2025-10-15,183.35,185.68,179.06,183.75,19447772.0,5273472040.0,626145307.0,0.031059518904930482
2025-10-16,182.41,188.39,180.5,184.02,15672706.0,4299363931.0,626145307.0,0.025030461499570097
2025-10-17,182.68,185.09,174.55,175.64,16691069.0,4429001964.0,626145307.0,0.026656861935084344
2025-10-20,179.73,181.66,175.03,176.26,11824927.0,3143722224.0,626145307.0,0.018885276097741318
2025-10-21,178.45,182.21,176.54,180.85,13581236.0,3638689499.0,626145307.0,0.021690230443586155
2025-10-22,179.73,182.28,175.43,178.92,11677871.0,3107032061.0,626145307.0,0.018650416875199863
2025-10-23,178.69,181.46,176.71,179.19,8596710.0,2288620120.0,626145307.0,0.013729576671569623
2025-10-24,181.07,189.54,180.48,188.69,19816030.0,5514140984.0,626145307.0,0.03164765395263116
2025-10-27,194.48,199.85,193.14,198.08,20462561.0,6014429611.0,626145307.0,0.032680211400195
2025-10-28,195.16,202.52,195.16,198.17,14106872.0,4197924468.0,626145307.0,0.02252970970522662
2025-10-29,196.32,200.0,193.35,198.95,13268204.0,3891127268.0,626145307.0,0.02119029537020869
2025-10-30,199.16,211.11,196.51,201.21,21383657.0,6502810776.0,626145307.0,0.034151269299539766
2025-10-31,202.05,202.33,187.1,187.35,19015290.0,5423010555.0,626145307.0,0.030368813416659528
2025-11-03,183.08,188.99,179.06,186.37,13305293.0,3636761327.0,626145307.0,0.02124952922469161
2025-11-04,187.64,203.1,186.37,196.39,20787829.0,6098697643.0,626145307.0,0.03319968826341455
2025-11-05,190.46,199.23,186.42,196.83,15286067.0,4405400362.0,626145307.0,0.024412970646125118
2025-11-06,199.62,210.35,196.9,205.21,19147382.0,5826448273.0,626145307.0,0.030579774033186197
2025-11-07,202.92,211.92,201.99,207.32,15192882.0,4720633458.0,626145307.0,0.02426414736348092
2025-11-10,209.97,221.23,207.13,212.21,19604837.0,6254620418.0,626145307.0,0.031310363234903237
2025-11-11,214.6,217.82,205.21,205.28,15128106.0,4721574153.0,626145307.0,0.02416069533840649
2025-11-12,204.54,211.17,199.17,203.03,13193755.0,4006270245.0,626145307.0,0.021071394854357665
2025-11-13,203.87,207.78,200.91,203.55,9794433.0,2968191640.0,626145307.0,0.01564242818799886
2025-11-14,198.5,203.91,196.19,197.18,9540356.0,2833265296.0,626145307.0,0.01523664857556778
2025-11-17,197.18,202.52,192.4,193.94,10347644.0,3024352321.0,626145307.0,0.0165259467480126
2025-11-18,192.25,209.68,191.58,201.11,15652615.0,4721358020.0,626145307.0,0.024998374698350968
2025-11-19,200.84,206.93,198.84,200.18,9197086.0,2772836372.0,626145307.0,0.014688421197413846
2025-11-20,202.75,203.69,189.79,190.16,11400635.0,3287358198.0,626145307.0,0.01820765064042874
2025-11-21,184.65,186.8,179.06,179.06,12078198.0,3284466225.0,626145307.0,0.019289768469030463
2025-11-24,181.07,184.42,177.33,181.81,10098131.0,2721850576.0,626145307.0,0.01612745617847456
2025-11-25,184.09,185.45,179.26,180.69,9944534.0,2689529531.0,626145307.0,0.015882150498973555
2025-11-26,179.66,183.87,178.55,181.24,9069347.0,2457437254.0,626145307.0,0.014484412641297652
2025-11-27,182.19,186.77,177.71,178.18,11483891.0,3126496455.0,626145307.0,0.018340616581511805
2025-11-28,177.75,184.21,177.04,179.79,11299342.0,3038944815.0,626145307.0,0.01804587828684309
2025-12-01,177.75,178.25,173.02,175.72,12974348.0,3389458410.0,626145307.0,0.02072098577591032
2025-12-02,175.7,178.35,172.71,174.63,7986470.0,2086543542.0,626145307.0,0.012754978613933779
2025-12-03,174.6,179.71,173.36,174.01,9527891.0,2503603650.0,626145307.0,0.015216741055922344
2025-12-04,173.54,185.96,171.82,181.37,16268190.0,4343058671.0,626145307.0,0.025981493142453592
2025-12-05,181.07,185.01,179.18,183.64,10478440.0,2848425732.0,626145307.0,0.016734837557442556
2025-12-08,183.11,186.77,177.45,185.27,14396845.0,3913449525.0,626145307.0,0.022992817863601748
2025-12-09,182.55,187.1,182.18,185.43,10836933.0,2983536543.0,626145307.0,0.017307377183615944
2025-12-10,184.42,184.42,178.39,183.62,9546875.0,2583479285.0,626145307.0,0.015247059896913034
2025-12-11,183.47,184.66,179.73,179.75,7565883.0,2052779644.0,626145307.0,0.012083270313483321
2025-12-12,179.76,187.49,175.5,187.47,18311622.0,4997941056.0,626145307.0,0.02924500398754885
2025-12-15,187.77,192.8,184.42,185.0,15359268.0,4324723886.0,626145307.0,0.024529878014401537
2025-12-16,183.08,185.72,178.83,182.75,10273257.0,2794923742.0,626145307.0,0.01640714525071095
2025-12-17,182.42,187.98,181.71,187.22,9774821.0,2704800610.0,626145307.0,0.015611106384927357
2025-12-18,185.1,187.1,181.15,182.89,8706346.0,2384639741.0,626145307.0,0.013904673408340342
2026-01-05,186.43,209.99,186.43,208.78,28120611.0,8466503367.0,626145307.0,0.04491067917562464
2026-01-06,210.58,225.25,209.09,221.08,25382490.0,8327547917.0,626145307.0,0.0405376990232716
2026-01-07,227.93,240.69,225.79,236.29,24067287.0,8411471580.0,626145307.0,0.03843722332650175
2026-01-08,233.58,239.13,230.43,231.95,16554956.0,5788749965.0,626145307.0,0.026439479486508394
2026-01-09,222.94,229.35,221.84,225.79,20378587.0,6835094481.0,626145307.0,0.03254609876042719
2026-01-12,231.36,247.46,229.12,236.52,17891534.0,6353734996.0,626145307.0,0.028574092626713562
2026-01-13,233.68,239.67,230.36,232.04,12762805.0,4464431211.0,626145307.0,0.020383136082500416
2026-01-14,233.36,247.44,228.29,236.31,17215906.0,6114563399.0,626145307.0,0.02749506513509651
2026-01-15,234.33,251.18,232.37,248.8,17752256.0,6420074904.0,626145307.0,0.02835165544089912
2026-01-16,252.82,266.44,250.48,252.92,26306810.0,10089084508.0,626145307.0,0.04201390588718411
2026-01-19,258.6,260.19,249.47,254.17,15921639.0,6045333614.0,626145307.0,0.025428025766549425
2026-01-20,252.15,256.09,241.76,244.32,15793393.0,5817436023.0,626145307.0,0.025223207494231046
2026-01-21,244.11,255.59,242.27,244.78,15677590.0,5770969221.0,626145307.0,0.02503826160594381
2026-01-22,247.66,248.79,234.58,237.04,14780793.0,5260302850.0,626145307.0,0.023606010992588976
2026-01-23,237.06,250.73,233.61,246.49,16029419.0,5766538619.0,626145307.0,0.025600158335132264
2026-01-26,246.12,246.12,232.83,236.8,14763216.0,5236241088.0,626145307.0,0.023577939233839853
2026-01-27,237.32,247.93,236.29,239.47,14202601.0,5134564143.0,626145307.0,0.022682595942542134
2026-01-28,245.45,251.48,238.29,247.18,18429320.0,6723649269.0,626145307.0,0.029432976329885677
2026-01-29,244.84,245.44,232.77,232.97,17407900.0,6131749546.0,626145307.0,0.027801693641057664
2026-01-30,231.69,239.4,227.34,233.34,11304456.0,3945559644.0,626145307.0,0.01805404572009353
2026-02-02,231.02,232.71,222.86,223.1,13928364.0,4706481449.0,626145307.0,0.022244619330828906
2026-02-03,228.48,233.71,226.07,232.28,11157473.0,3835714356.0,626145307.0,0.017819303083908604
2026-02-04,230.02,238.63,228.01,234.19,9283484.0,3236244248.0,626145307.0,0.01482640514304773
2026-02-05,228.01,242.2,227.26,239.33,11565632.0,4051348237.0,626145307.0,0.018471162956428578
2026-02-06,236.38,241.42,233.93,234.18,9194775.0,3254095013.0,626145307.0,0.01468473036083939
2026-02-09,237.98,239.55,232.24,236.13,8590734.0,3012225333.0,626145307.0,0.01372003256106813
2026-02-10,236.13,236.73,232.28,235.05,6442404.0,2252401566.0,626145307.0,0.010288991912862807
2026-02-11,233.38,234.38,230.03,232.61,5360820.0,1857846154.0,626145307.0,0.00856162290137551
2026-02-12,234.05,235.52,226.66,231.36,9031579.0,3100167705.0,626145307.0,0.01442409437399169
2026-02-13,229.91,237.03,228.89,231.03,8011492.0,2790927815.0,626145307.0,0.012794940583975341
2026-02-24,233.94,236.39,227.7,236.06,9905832.0,3431946607.0,626145307.0,0.01582034056513339
2026-02-25,235.59,252.3,227.93,247.53,17665293.0,6365708393.0,626145307.0,0.02821276914880718
2026-02-26,246.45,250.4,238.74,246.32,11652736.0,4252560178.0,626145307.0,0.01861027443586669
2026-02-27,242.3,242.34,235.39,236.5,9852847.0,3487155562.0,626145307.0,0.01573571963224824
2026-03-02,233.73,245.85,232.73,234.14,10679389.0,3784345623.0,626145307.0,0.017055767855495563
2026-03-03,234.73,238.0,223.18,223.65,11098782.0,3786352500.0,626145307.0,0.01772556925033377
2026-03-04,220.63,227.07,220.19,223.14,6746335.0,2251663387.0,626145307.0,0.01077439202143537
2026-03-05,228.02,234.65,224.99,228.34,9485131.0,3260845492.0,626145307.0,0.015148450198317944
2026-03-06,226.67,232.04,224.88,225.53,6729116.0,2282538208.0,626145307.0,0.010746892014955245
2026-03-09,219.29,219.29,211.27,217.09,11350753.0,3641832132.0,626145307.0,0.0181279854262327
2026-03-10,222.65,226.32,217.45,219.49,9103855.0,3001300374.0,626145307.0,0.0145395244493943
2026-03-11,217.95,219.12,212.59,214.8,9598835.0,3075137456.0,626145307.0,0.015330043829586668
2026-03-12,214.6,218.82,210.13,211.47,7284550.0,2314948906.0,626145307.0,0.011633960869086255
2026-03-13,209.33,212.11,207.27,209.86,6691022.0,2088913935.0,626145307.0,0.01068605310172835
2026-03-16,211.24,215.56,203.27,215.12,10861387.0,3397843350.0,626145307.0,0.01734643201597932
2026-03-17,213.79,217.88,209.77,209.91,7842767.0,2496268015.0,626145307.0,0.01252547437842571
2026-03-18,211.25,216.2,210.58,215.22,8918496.0,2843084996.0,626145307.0,0.01424349252529014
2026-03-19,211.92,213.85,209.57,210.64,5866971.0,1850159703.0,626145307.0,0.00936998318826336
2026-03-20,211.7,214.53,207.12,207.42,8601857.0,2707991290.0,626145307.0,0.01373779680824151
2026-03-23,203.2,207.18,197.87,199.51,10117389.0,3048100366.0,626145307.0,0.016158212617570573
2026-03-24,202.53,204.2,196.94,201.49,8429718.0,2522370013.0,626145307.0,0.013462878194182489
2026-03-25,204.54,211.16,203.27,208.95,8642674.0,2690769745.0,626145307.0,0.013802984552274222
2026-03-26,206.9,208.95,204.55,205.21,5902627.0,1810666189.0,626145307.0,0.009426928436596906
2026-03-27,202.12,208.43,200.86,204.95,6532124.0,1993614920.0,626145307.0,0.010432281336255388
2026-03-30,203.22,216.09,201.86,212.41,10369997.0,3247101639.0,626145307.0,0.016561646129210707
2026-03-31,213.26,216.6,205.27,205.47,8095368.0,2539929622.0,626145307.0,0.012928896710552204
2026-04-01,210.8,213.85,208.32,210.27,7421169.0,2332641813.0,626145307.0,0.011852151436791013
2026-04-02,209.23,209.23,198.52,200.64,8683908.0,2615034237.0,626145307.0,0.01386883827590518
2026-04-03,203.52,203.52,196.04,196.83,5892048.0,1741338281.0,626145307.0,0.009410032997340664
2026-04-07,197.16,201.38,196.05,196.89,5946493.0,1758087428.0,626145307.0,0.009496985657356368
2026-04-08,204.54,216.11,204.2,213.05,15812092.0,4986536171.0,626145307.0,0.025253071169309266
2026-04-09,210.6,220.9,208.58,215.47,13158051.0,4234144036.0,626145307.0,0.021014372946502016
2026-04-10,218.82,222.4,216.56,217.28,9257079.0,3024921550.0,626145307.0,0.01478423442052565
2026-04-13,215.94,216.94,211.71,212.31,9363364.0,2983105238.0,626917810.0,0.014935552716232451
2026-04-14,215.66,221.14,214.64,217.62,12795009.0,4154763898.0,626917810.0,0.020409388273719645
2026-04-15,219.93,224.43,213.93,214.84,13764563.0,4498310907.0,626917810.0,0.02195592911932108
2026-04-16,216.68,217.62,211.92,213.59,10501167.0,3350409237.0,626917810.0,0.01675046845454909
2026-04-17,212.25,214.8,207.36,210.58,13860230.0,4351391750.0,626917810.0,0.02210852807005116
2026-04-20,207.61,212.92,203.79,210.27,11349932.0,3544381331.0,626917810.0,0.018104338110923983
2026-04-21,211.15,211.21,204.93,207.14,9588394.0,2961495637.0,626917810.0,0.015294499290106307
2026-04-22,207.14,215.12,206.67,214.59,15335562.0,4866178733.0,626917810.0,0.024461838147491775
2026-04-23,215.94,217.15,208.56,211.28,11790930.0,3734182949.0,626917810.0,0.018807776413306873
2026-04-24,212.59,219.83,207.56,216.87,17267206.0,5522597695.0,626917810.0,0.02754301397179959
2026-04-27,220.72,238.07,216.46,236.07,26227060.0,8951169136.0,626917810.0,0.041834925697835895
2026-04-28,236.74,250.22,236.74,242.95,21302380.0,7762330603.0,626917810.0,0.033979541911562536
2026-04-29,240.7,244.11,234.4,241.26,14407925.0,5150764693.0,626917810.0,0.022982159336006103
2026-04-30,241.42,254.17,238.44,252.36,19165385.0,7112514370.0,626917810.0,0.030570809593046974
2026-05-06,268.25,276.44,255.64,257.05,23789159.0,9383781782.0,626917810.0,0.03794621658619014
2026-05-07,261.54,263.55,253.01,257.92,17007969.0,6529224169.0,626917810.0,0.02712950362663967
2026-05-08,254.84,259.37,245.88,248.13,17541017.0,6554934291.0,626917810.0,0.027979771383429032
2026-05-11,252.86,263.78,249.0,257.28,22906568.0,8768200329.0,626917810.0,0.03653839089369626
2026-05-12,257.52,266.09,251.05,260.5,18776847.0,7286494959.0,626917810.0,0.029951050521279655
2026-05-13,252.15,274.64,250.81,272.0,20702806.0,8106644981.0,626917810.0,0.03302315817124417
2026-05-14,273.6,274.67,259.54,259.64,15778297.0,6233168278.0,626917810.0,0.025168047147998553
2026-05-15,263.8,311.17,248.12,290.31,38098098.0,16018523192.0,626917810.0,0.06077048281655932
2026-05-18,295.74,309.75,291.73,294.24,27979239.0,12525856432.0,626917810.0,0.04462983592697741
2026-05-19,289.82,321.9,287.09,321.57,30037968.0,13794444725.0,626917810.0,0.04791372572426998
2026-05-20,318.55,333.97,315.19,328.83,29314750.0,14171009598.0,628840931.0,0.04661711500455749
2026-05-21,329.02,357.66,317.2,319.08,36529860.0,18242120113.0,628840931.0,0.058090779717390885
2026-05-22,321.9,324.13,303.12,314.92,29706796.0,13801279610.0,628840931.0,0.04724055724674194
2026-05-25,304.03,329.93,293.73,325.45,36397918.0,16943297521.0,628840931.0,0.057880961950296454
2026-05-26,318.95,321.9,303.22,310.84,24682054.0,11412617792.0,628840931.0,0.03925007546940357
2026-05-27,311.14,326.39,304.11,305.17,22938772.0,10815858057.0,628840931.0,0.03647786088529915
2026-05-28,304.4,307.74,295.76,303.87,20992926.0,9439901305.0,628840931.0,0.0333835235034979
2026-05-29,305.99,306.58,287.0,297.68,30135520.0,8935163692.0,936972987.0,0.0321626348017651
2026-06-01,290.0,291.73,271.5,273.0,32573167.0,9101783531.0,936972987.0,0.03476425409476613
2026-06-02,278.46,286.32,268.44,282.8,26923612.0,7511327699.0,936972987.0,0.02873467258240178
2026-06-03,281.99,296.74,278.8,285.92,33241380.0,9575819076.0,936972987.0,0.03547741552980332
2026-06-04,280.99,295.88,280.88,289.39,22578440.0,6534358208.0,936972987.0,0.024097215515563205
2026-06-05,281.74,287.65,274.54,276.0,21973317.0,6168092560.0,936972987.0,0.023451387932062123
2026-06-08,265.2,272.88,261.6,265.47,21104733.0,5648274843.0,936972987.0,0.022524377215583483
2026-06-09,272.09,286.0,270.6,285.04,21281269.0,5947599575.0,936972987.0,0.02271278819695578
2026-06-10,282.89,306.0,282.0,289.11,29607941.0,8704926683.0,936972987.0,0.031599567341635645
2026-06-11,299.99,303.86,292.0,303.12,27503246.0,8222524303.0,936972987.0,0.029353296606831634
2026-06-12,318.27,324.9,303.9,303.92,39806694.0,12488246432.0,936972987.0,0.042484356061803945
2026-06-15,309.99,319.98,299.17,319.98,25842173.0,8097859456.0,936972987.0,0.02758048882790257
2026-06-16,319.98,323.7,313.39,319.0,20501454.0,6513324291.0,936972987.0,0.021880517671743722
2026-06-17,314.0,351.88,312.17,351.0,31337870.0,10444151404.0,936972987.0,0.03344586283147563
2026-06-18,350.0,368.0,345.0,360.0,26144797.0,9363424812.0,936972987.0,0.027903469323817338
2026-06-22,371.99,385.0,358.0,372.74,28331926.0,10550819523.0,936972987.0,0.030237719115802
2026-06-23,372.74,388.5,364.5,371.72,33153561.0,12416821676.0,936972987.0,0.035383689241832966
2026-06-24,362.5,395.0,359.3,383.0,31193196.0,11825953840.0,936972987.0,0.033291457099392345
2026-06-25,388.01,412.5,388.01,399.13,29675720.0,11902653381.0,936972987.0,0.03167190560638863
2026-06-26,397.0,423.8,393.24,413.0,31952325.0,13152855738.0,936972987.0,0.0341016501471456
2026-06-29,419.19,459.0,419.19,456.69,40809933.0,17834156552.0,936972987.0,0.043555079566023815
2026-06-30,457.0,474.07,446.1,468.5,35068311.0,16125147904.0,936972987.0,0.03742723801705502
2026-07-01,460.01,500.0,452.96,462.0,35334500.0,16753888177.0,942197038.0,0.03750224058759989
2026-07-02,428.5,444.5,407.0,408.9,43639954.0,18486487049.0,942197038.0,0.04631722690684154
2026-07-03,396.21,428.68,392.0,413.69,33812280.0,13807373005.0,942197038.0,0.03588663372554563
2026-07-06,424.96,427.77,392.45,420.0,30017456.0,12365069129.0,942197038.0,0.03185900060110357
2026-07-07,408.0,430.13,401.56,420.04,24777645.0,10350140213.0,942197038.0,0.02629773179142599
2026-07-08,420.0,439.31,402.0,423.0,27152689.0,11483204004.0,942197038.0,0.028818482657976686
2026-07-09,433.99,474.5,430.0,471.59,33945458.0,15179037191.0,942197038.0,0.03602798207905213
2026-07-10,471.59,492.05,434.0,434.51,37994710.0,17798376508.0,942197038.0,0.04032565213816773
2026-07-13,421.47,443.6,402.03,408.6,36380764.0,15345631162.0,942197038.0,0.038612691966454685
2026-07-14,400.43,415.0,379.0,405.3,35642993.0,14227168827.0,942197038.0,0.03782965936260988
2026-07-15,414.0,414.8,385.85,391.29,26111292.0,10383998064.0,942197038.0,0.027713196865303668
2026-07-16,383.18,391.0,359.09,361.42,31869135.0,11893782979.0,942197038.0,0.033824278483881205
2026-07-17,364.62,368.04,341.86,350.69,37124423.0,13191835581.0,942197038.0,0.03940197379393587
2026-07-20,355.0,361.97,332.99,342.5,36684652.0,12719411229.0,942197038.0,0.03893522322875313
2026-07-21,352.97,409.0,341.02,407.89,44991412.0,16645555544.0,942197038.0,0.04775159566994945
2026-07-22,395.34,408.0,381.2,392.99,34705494.0,13733987790.0,942197038.0,0.03683464562112113
2026-07-23,398.97,399.0,367.0,375.2,26321332.0,9961174686.0,942197038.0,0.027936122635104272
2026-07-24,370.0,396.0,363.56,388.5,26443325.0,10162906773.0,942197038.0,0.028065599798669714
2026-07-27,388.48,405.0,370.08,399.77,24620408.0,9606494484.0,942197038.0,0.02613084843936858
2026-07-28,388.0,405.73,376.8,383.0,25435793.0,9971631703.0,942197038.0,0.026996256594048005
2026-07-29,390.37,391.54,340.11,360.0,37828703.0,13554356326.0,942197038.0,0.040149460754301376
2026-07-30,350.01,363.8,335.0,346.5,33968727.0,11903850013.0,942197038.0,0.03605267861179585
2026-07-31,389.0,389.0,344.0,344.0,32711368.0,11944345519.0,942197038.0,0.03471818173981566
2026-08-03,340.47,342.0,308.12,309.85,35277790.0,11315252060.0,942197038.0,0.03744205147883303
2026-08-04,312.78,327.13,305.23,317.74,31297652.0,9890334139.0,942197038.0,0.03321773550300632
2026-08-05,322.72,365.8,322.0,358.0,37993961.0,13218245229.0,942197038.0,0.04032485718767458
2026-08-06,348.0,373.44,347.55,361.59,29424121.0,10610439299.0,942197038.0,0.031229265019192303
2026-08-07,360.84,369.58,356.1,367.65,22696882.0,8274100629.0,942197038.0,0.024089315806148818
2026-08-10,369.5,389.99,366.77,389.99,28731752.0,10926425501.0,942197038.0,0.030494419788231173
2026-08-11,378.0,384.0,362.0,363.1,30479199.0,11412088549.0,942197038.0,0.032349071129217456
2026-08-12,370.0,385.91,367.47,380.95,26125291.0,9901701101.0,942197038.0,0.027728054691676923
2026-08-13,388.0,388.23,370.0,370.42,24276028.0,9242028782.0,942197038.0,0.02576534102838052
